pl_name,hostname,tic,status,nsec,npts,baseline,P_pub,eP_pub,P_best,t0_best,depth_ppm,dur_h,tdur_central_h,snr,sde_vs_wide,wide_max_snr,ntr,depth_est_ppm,rms_ppm,snr_expected,ptransit,Tc_pred_btjd,pred_phase_offset,pred_sigma_phase,depth_at_pred_ppm,disc_year,tmag,depth_ratio,phase_ok,hit,weak,detectable
HD 41004 B b,HD 41004 B,734710085.0,ok,3.0,9989.0,79.6,1.3283,1.2e-05,1.3276869384615386,2175.6218,179.3,3.95,2.82,20.2,8.22,20.18,54.0,7375.9,359.0,562.9,0.278,-4565.412,-0.066,0.051,141.7,2003.0,7.816,0.024308897897205767,True,True,False,True
TOI-1117 c,TOI-1117,295541511.0,ok,5.0,14820.0,1815.4,4.579,0.004,4.578646563814867,2366.1258,447.1,1.6,3.2,11.24,9.97,9.56,22.0,1487.5,580.0,193.6,0.091,,,,,2025.0,10.4055,0.3005714285714286,True,True,False,True
KIC 5479689 b,KIC 5479689,171975725.0,ok,4.0,14647.0,246.2,1.701531,0.000419,1.700015350537815,3314.1789,1605.8,2.74,1.96,9.26,8.7,9.12,61.0,13743.1,5083.0,96.4,0.151,,,,,2021.0,13.1834,0.11684408903376967,True,True,False,True
Gl 725 B c,Gl 725 B,392572237.0,ok,16.0,48344.0,1081.6,37.9,0.17,37.422864906832295,2606.4401,1324.3,2.71,2.71,78.69,4.07,130.29,8.0,6841.9,722.0,175.1,0.009,,,,,2026.0,7.321,0.1935573451818939,True,False,True,True
HD 219134 g,HD 219134,283722336.0,ok,5.0,14667.0,1845.4,94.2,0.2,94.7121951219512,1786.4445,194.8,2.06,6.87,37.3,5.89,70.38,4.0,3532.6,55.0,1563.1,0.01,-7004.45,0.322,0.239,,2015.0,4.6278,0.05514352035328087,True,False,True,True
HD 189567 c,HD 189567,352402781.0,ok,7.0,21149.0,2547.3,33.688,0.025,33.694459330143545,1657.66,188.6,3.24,6.49,29.42,4.32,36.39,3.0,1161.1,85.0,637.4,0.025,-1508.634,-0.011,0.182,21.8,2021.0,5.4781,0.16243217638446303,True,False,True,True
GJ 367 d,GJ 367,34068865.0,ok,7.0,14624.0,2529.7,34.369,0.073,34.507965454545456,1544.03,1486.6,1.76,3.51,27.69,4.29,29.34,2.0,5022.2,232.0,734.9,0.013,,,,,2023.0,8.031941,0.29600573453864837,True,False,True,True
HD 147379 b,HD 147379,230073581.0,ok,16.0,44692.0,750.7,86.58,0.14,86.25365853658536,2968.3985,239.9,3.03,6.05,20.42,4.36,30.83,5.0,11996.6,153.0,1154.3,0.009,-1540.305,0.076,0.154,-12.3,2017.0,6.9707,0.019997332577563642,True,False,True,True
Gliese 48 b,Gliese 48,379084450.0,ok,11.0,36483.0,1872.0,39.6299,0.29,40.32138009717809,1791.4039,262.6,1.84,3.69,14.77,4.25,23.04,7.0,6967.5,188.0,1034.7,0.012,,,,,2026.0,7.7547,0.037689271618227486,True,False,True,True
HD 21693 c,HD 21693,197792776.0,ok,8.0,24500.0,2579.0,53.7357,0.0312,53.68947257589041,1367.6975,249.7,3.37,6.75,14.76,4.27,18.51,2.0,4381.7,130.0,1269.0,0.016,-1456.732,-0.438,0.157,12.4,2019.0,7.2742,0.05698701417258142,True,False,True,True
HD 142 A d,HD 142,389757979.0,ok,9.0,26901.0,2906.0,108.45299,0.09021,108.59483744827584,1429.4813,81.6,5.97,11.94,12.68,4.38,13.74,2.0,10646.3,74.0,5389.6,0.014,-6200.292,0.351,0.249,-2.1,2022.0,5.2459,0.0076646346618073884,True,False,True,True
HD 74156 b,HD 74156,379949822.0,ok,4.0,12969.0,2225.1,51.63564,0.00113,51.63177939140187,1536.1959,216.7,2.97,9.89,11.46,4.98,11.14,2.0,4327.8,136.0,1397.1,0.025,-6209.348,0.004,0.004,66.9,2003.0,7.0773,0.050071629927445814,True,False,True,True
HD 215152 e,HD 215152,251042502.0,ok,3.0,7616.0,1380.6,25.1967,0.0505,25.11264089456869,2467.072,204.6,4.24,4.24,11.37,4.11,11.04,2.0,17569.8,146.0,3854.6,0.022,,,,,2018.0,7.204,0.011644981730014001,True,False,True,True
TOI-2141 d,TOI-2141,287256467.0,ok,4.0,10781.0,1495.8,60.45,0.25,61.17987371744278,1990.7221,636.4,2.11,7.02,11.03,4.69,11.03,2.0,3388.3,286.0,326.7,0.015,,,,,2025.0,8.8975,0.18782280199510076,True,False,True,True
GJ 876 c,GJ 876,188580272.0,ok,5.0,14221.0,2474.3,30.0881,0.0082,30.103175457202507,1364.1111,304.8,1.24,2.48,10.41,4.71,10.91,3.0,118274.4,167.0,21402.8,0.011,-6395.862,-0.092,0.081,1.5,2000.0,7.57703,0.002577058095412025,True,False,True,True
HD 40307 f,HD 40307,374859347.0,ok,16.0,54504.0,1056.0,51.76,0.5,50.75189189189189,3025.6644,66.3,1.59,5.29,9.46,4.56,12.71,10.0,1722.7,92.0,408.2,0.013,,,,,2013.0,6.2473,0.03848609740523597,True,False,True,True
TOI-6041 c,TOI-6041,192415680.0,ok,3.0,9169.0,1845.2,88.0,1.6,87.1837134547681,1799.1075,472.2,3.7,7.39,8.91,4.17,8.81,2.0,27775.7,322.0,2221.8,0.011,,,,,2025.0,9.2063,0.01700047163527832,True,False,True,True
HD 175607 b,HD 175607,382073690.0,ok,4.0,12080.0,2197.8,29.01,0.02,28.972454728370224,1677.2023,289.7,2.19,4.38,8.85,4.03,9.38,2.0,17616.6,171.0,3968.3,0.02,-1471.26,-0.47,0.178,1.2,2015.0,7.9396,0.016444716914728156,True,False,True,True
L 98-59 f,L 98-59,307210830.0,ok,16.0,50094.0,1763.8,23.064,0.055,23.08167857142857,2284.31,337.1,0.74,2.46,8.22,5.24,29.18,16.0,4287.1,350.0,355.3,0.014,,,,,2025.0,9.41242,0.07863124256490402,True,False,True,True
HD 20781 d,HD 20781,144503312.0,ok,4.0,11681.0,2879.7,29.158,0.0102,29.14367092571429,1413.0354,476.6,1.57,5.25,7.52,4.48,7.65,2.0,2949.7,315.0,450.4,0.024,-1486.786,0.452,0.099,34.4,2019.0,7.7242,0.16157575346645422,False,False,True,True
HD 13808 c,HD 13808,220022156.0,ok,9.0,30927.0,2878.5,53.753,0.082,53.92988354898337,1392.6693,137.1,1.75,5.84,7.46,4.63,8.68,5.0,3119.3,151.0,769.2,0.014,,,,,2021.0,7.5613,0.043952168755810594,True,False,True,True
HD 64114 b,HD 64114,36021583.0,ok,4.0,13061.0,2225.1,45.791,0.07,45.849138424821,1514.0655,112.8,1.75,5.83,7.13,4.27,7.17,4.0,4837.5,118.0,1458.1,0.017,,,,,2019.0,7.0688,0.02331782945736434,True,False,True,True
HIP 41378 g,HIP 41378,366443426.0,ok,8.0,24326.0,2225.2,63.19,0.12,63.41643478260869,1495.2445,157.7,2.64,8.8,6.86,5.39,7.16,5.0,719.4,217.0,123.1,0.018,,,,,2025.0,8.4642,0.21921045315540727,True,False,True,True
DMPP-3 A b,DMPP-3 A,141765836.0,ok,16.0,50651.0,1788.6,5.59,0.169,5.522844492224611,2145.7615,40.2,2.43,3.04,6.58,4.08,7.52,66.0,487.3,211.0,152.5,0.071,431.972,-0.419,13.407,-2.5,2019.0,8.311,0.08249538272111635,True,False,True,True
TAP 26 b,TAP 26,435907158.0,ok,4.0,12267.0,785.0,10.79,0.14,10.71183886255924,2481.2827,34218.6,4.63,4.63,652.63,2.4,2970.81,9.0,7219.8,32303.0,8.7,0.056,,,,,2017.0,11.0886,4.739549572010304,True,False,False,True
GJ 338 B b,GJ 338 B,251078597.0,ok,2.0,6943.0,736.3,24.422,0.014,24.429400606060607,1877.8121,4848.9,3.54,3.54,381.22,1.8,495.48,2.0,6086.5,1253.0,106.3,0.019,510.104,0.003,0.255,-315.3,2020.0,6.046,0.7966647498562391,True,False,False,True
HS Psc b,HS Psc,353804063.0,ok,3.0,8790.0,1845.4,3.986,0.044,4.112397574707666,1765.4054,7410.8,2.96,2.12,334.37,1.7,1058.86,14.0,23658.0,7726.0,203.2,0.07,1486.088,0.075,3.699,-3655.0,2024.0,9.521401,0.3132471045735058,True,False,False,True
AU Mic e,AU Mic,441420236.0,ok,3.0,9117.0,2580.8,33.11,0.06,33.235408593091826,1335.0009,3555.2,5.67,5.67,276.04,3.6,306.04,2.0,6851.5,687.0,442.2,0.022,,,,,2025.0,6.755,0.518893672918339,True,False,False,True
HD 20794 d,HD 20794,301051051.0,ok,7.0,23668.0,2874.2,89.68,0.1,89.41303730017763,1421.3959,611.5,4.09,8.17,209.48,3.34,294.78,2.0,931.0,43.0,745.5,0.012,,,,,2011.0,3.5843,0.6568206229860365,True,False,False,True
CI Tau c,CI Tau,61230756.0,ok,2.0,5825.0,50.3,25.2,1.8,26.23219315895372,3213.5723,24087.4,5.18,10.37,205.36,3.58,253.82,2.0,2609.8,9344.0,1.9,0.054,1799.345,0.12,4.068,-3523.1,2024.0,11.1809,9.229596137635069,True,False,False,False
AU Mic d,AU Mic,441420236.0,ok,3.0,9117.0,2580.8,12.73596,0.00793,12.722288170734824,1336.8913,1457.1,3.95,3.95,180.71,1.81,298.77,6.0,155.9,687.0,13.6,0.041,,,,,2023.0,6.755,9.346375881975625,True,False,False,True
HD 99492 c,HD 99492,363549734.0,ok,2.0,6477.0,52.0,95.233,0.098,94.939,2539.6901,5980.0,2.16,7.2,175.21,4.86,173.12,1.0,5610.0,830.0,38.5,0.01,,,,,2023.0,6.6584,1.0659536541889483,True,False,False,True
Kepler-451 d,2MASS J19383260+4603591,271164763.0,ok,8.0,28307.0,1875.7,43.0,0.1,42.760207061322006,1715.4041,55231.9,1.17,1.65,167.48,1.84,1309.89,6.0,238600.1,68597.0,62.1,0.005,-2039.403,0.321,0.262,6392.2,2022.0,12.4561,0.23148313852341218,True,False,False,True
HD 20794 b,HD 20794,301051051.0,ok,7.0,23668.0,2874.2,18.314,0.0022,18.27942111888112,1403.0971,193.5,2.41,4.81,107.16,1.13,293.51,9.0,472.7,43.0,641.3,0.034,,,,,2011.0,3.5843,0.4093505394541993,True,False,False,True
HD 99492 b,HD 99492,363549734.0,ok,2.0,6477.0,52.0,17.0503,0.0016,17.0161994,2539.6869,1885.3,2.03,4.06,99.27,1.97,175.21,3.0,8511.4,830.0,75.9,0.031,-6534.181,0.182,0.096,98.1,2004.0,6.6584,0.2215029254881688,True,False,False,True
HD 115404 A b,HD 115404 A,373765355.0,ok,2.0,4739.0,761.1,10.49488,0.00167,10.491144534237288,1940.4461,985.1,1.54,3.07,88.29,0.74,153.82,3.0,13624.9,197.0,2183.2,0.038,-4699.352,-0.33,0.364,-51.6,2022.0,5.7168,0.07230144808402264,True,False,False,True
24 Boo b,24 Boo,441712711.0,ok,6.0,16956.0,1523.7,30.33,0.01,30.39066,1908.6136,155.5,20.37,67.9,86.26,,131.54,3.0,70.3,411.0,21.1,0.293,-1847.811,-0.148,0.51,18.4,2018.0,4.7812,2.2119487908961593,True,False,False,True
WASP-94 B b,WASP-94 B,92352621.0,ok,3.0,9865.0,1853.8,2.00839,0.00024,2.005336726385737,1326.1877,1649.6,4.03,2.88,70.71,0.92,386.6,38.0,5915.5,1148.0,563.5,0.188,,,,,2014.0,10.0103,0.2788606204040233,True,False,False,True
HD 162020 b,HD 162020,367987991.0,ok,1.0,3564.0,27.6,8.4282,5.6e-05,8.443282042105263,2363.5564,2331.2,1.85,3.7,69.52,1.69,93.19,3.0,15023.2,224.0,474.9,0.057,-5007.306,-0.452,0.006,-50.9,2002.0,8.1181,0.1551733319133074,False,False,False,True
HD 178911 B b,HD 178911 B,42812945.0,ok,6.0,19959.0,1849.6,71.484,0.02,71.38643814592274,1698.6286,2003.1,2.27,7.57,65.96,2.88,100.56,3.0,7375.7,1203.0,178.9,0.014,-3173.743,0.16,0.024,-184.6,2001.0,7.3982,0.27158100248112044,False,False,False,True
V830 Tau b,V830 Tau,268397995.0,ok,4.0,11898.0,785.0,4.927,0.008,4.922621621621621,2476.0777,2043.4,4.94,6.18,60.98,0.99,175.79,19.0,2665.9,2953.0,60.0,0.164,,,,,2016.0,10.8266,0.7664953674181327,True,False,False,True
HD 167768 b,HD 167768,2382387.0,ok,1.0,2273.0,26.2,20.6532,0.0035,20.6118936,3485.2075,458.6,14.13,47.09,55.95,1.19,105.01,1.0,111.4,371.0,4.4,0.298,-2404.599,0.176,0.158,-43.0,2022.0,5.19035,4.11669658886894,True,False,False,False
HD 140901 b,HD 140901,179348425.0,ok,2.0,6652.0,1108.5,9.02378,0.00123,9.030164170884357,3074.3753,203.9,3.6,3.6,50.95,0.75,93.18,6.0,3569.4,109.0,1455.0,0.052,-6093.103,-0.076,0.22,5.9,2022.0,5.3708,0.057124446685717485,True,False,False,True
HD 3651 b,HD 3651,434210589.0,ok,3.0,8899.0,1845.4,62.25,0.004,62.361143678160914,1781.8954,260.3,5.41,6.76,47.8,3.43,56.89,2.0,25921.3,157.0,4902.9,0.014,-3084.261,0.171,0.009,25.8,2003.0,5.1244,0.01004193462519241,False,False,False,True
HD 153557 c,HD 153557,115582979.0,ok,5.0,16299.0,1523.7,15.27018,0.0014,15.2982832240399,1970.5618,360.5,5.08,3.63,47.49,1.33,94.23,8.0,6647.1,298.0,896.1,0.031,-6457.361,-0.08,0.06,1.3,2022.0,6.9039,0.054234177310406036,True,False,False,True
GJ 411 b,GJ 411,166646191.0,ok,2.0,6158.0,735.6,12.9394,0.0014,12.9272915706422,1911.929,842.0,1.07,2.15,42.52,2.54,48.58,4.0,2997.7,629.0,110.9,0.022,-688.117,-0.06,0.372,12.4,2019.0,5.697,0.28088200954064785,True,False,False,True
HD 156098 b,HD 156098,152449405.0,ok,5.0,15276.0,2226.4,21.85849,0.01232,21.891079021454544,1645.1983,141.6,3.86,12.86,40.9,1.98,71.94,6.0,434.0,108.0,307.4,0.077,-3535.386,0.006,0.295,-23.5,2022.0,5.0618,0.3262672811059908,True,False,False,True
HD 196067 c,HD 196067,327303574.0,ok,9.0,27878.0,2520.2,4.601088,0.000192,4.5966462164725055,1657.7259,97.3,3.93,4.91,40.25,0.54,156.4,40.0,684.7,263.0,286.8,0.14,,,,,2025.0,5.9262,0.1421060318387615,True,False,False,True
HD 153557 b,HD 153557,115582979.0,ok,5.0,16299.0,1523.7,7.29903,0.00033,7.298121171361868,1959.0738,244.6,3.97,2.84,39.18,0.82,94.23,16.0,7946.3,298.0,1372.9,0.051,-6454.69,-0.277,0.057,19.9,2022.0,6.9039,0.030781621635226457,False,False,False,True
XO-2 S b,XO-2 S,356473029.0,ok,3.0,9080.0,1119.9,18.22,0.001,18.22367743119266,1848.5029,2475.5,3.92,4.91,38.41,3.07,111.35,4.0,22112.2,920.0,882.2,0.035,1841.853,0.365,0.022,54.7,2014.0,10.4164,0.11195177322925805,False,False,False,True
HD 12484 b,HD 12484,419940916.0,ok,4.0,11304.0,1822.0,58.83,0.08,58.91221782178218,1459.7918,921.4,4.93,7.05,37.94,2.54,50.36,1.0,9352.6,224.0,1289.7,0.016,-281.679,-0.398,0.105,702.3,2016.0,7.6209,0.09851805914932746,False,False,False,True
HD 73344 c,HD 73344,175193677.0,ok,4.0,11819.0,759.2,65.94,0.02,66.07188,2552.4512,543.2,4.22,8.44,37.66,3.51,44.19,1.0,23645.5,115.0,4220.8,0.017,,,,,2025.0,6.3687,0.02297265864540822,True,False,False,True
Gl 410 b,Gl 410,97488127.0,ok,1.0,3121.0,26.2,6.02,0.004,6.015564210526316,1900.3293,586.0,3.06,2.19,35.31,3.1,41.43,5.0,5279.7,390.0,85.1,0.048,,,,,2025.0,7.80973,0.11099115480046215,True,False,False,True
8 UMi b,8 UMi,257005016.0,ok,16.0,50956.0,1711.2,93.31,0.06,93.198028,1688.1132,80.7,23.1,77.01,32.85,,64.14,5.0,85.9,310.0,21.8,0.108,609.667,-0.442,0.085,38.0,2015.0,5.96761,0.9394644935972061,False,False,False,True
HD 69830 c,HD 69830,307624961.0,ok,5.0,15457.0,2581.6,31.56,0.04,31.568327645051195,1516.0883,142.2,5.35,5.35,30.14,1.73,73.2,4.0,2953.2,66.0,1965.7,0.022,-3540.834,0.232,0.271,-19.2,2006.0,5.2656,0.0481511580658269,True,False,False,True
tau Cet h,tau Cet,419015728.0,ok,3.0,11309.0,2602.1,49.41,0.1,49.263919239904986,1418.9529,83.2,8.4,6.0,29.79,4.05,30.51,1.0,170.6,38.0,167.2,0.016,,,,,2017.0,2.7459,0.48769050410316533,True,False,False,True
HIP 67851 b,HIP 67851,111947706.0,ok,4.0,12409.0,2549.7,89.23,0.06,89.33677966101696,1634.964,86.7,12.22,40.72,29.41,,49.26,3.0,343.7,222.0,110.8,0.06,-1686.727,0.226,0.045,-4.3,2015.0,5.2887,0.2522548734361362,False,False,False,True
GJ 3222 b,GJ 3222,160004049.0,ok,8.0,26395.0,2904.6,10.66669,0.00285,10.686243125757995,1389.2908,180.6,1.93,3.87,29.24,0.53,178.11,18.0,2582.6,165.0,1079.2,0.047,-445.531,0.014,0.094,-7.6,2022.0,6.081,0.06992952838225044,True,False,False,True
HD 219134 d,HD 219134,283722336.0,ok,5.0,14667.0,1845.4,46.859,0.028,46.7757273498452,1775.2526,211.4,1.64,5.46,28.38,3.8,80.67,2.0,5563.0,55.0,3145.0,0.015,-7044.792,0.225,0.126,-6.5,2015.0,4.6278,0.03800107855473665,True,False,False,True
GJ 887 d,GJ 887,155315739.0,ok,5.0,14454.0,2906.0,50.77,0.05,50.6904347826087,1400.484,435.0,3.98,3.98,27.5,4.94,27.87,1.0,4875.7,100.0,1549.8,0.01,,,,,2026.0,5.5664,0.08921795844699223,True,False,False,True
GJ 674 b,GJ 674,218263393.0,ok,6.0,18808.0,2576.0,4.6938,0.007,4.685179746835444,1630.486,235.9,1.17,1.57,26.99,0.62,96.8,26.0,16241.9,225.0,4488.2,0.044,-3220.388,0.464,2.05,-23.2,2007.0,7.15787,0.014524162813463942,True,False,False,True
tau Boo b,tau Boo,72506701.0,ok,2.0,4790.0,761.3,3.3124568,1e-05,3.31612301432233,1932.8912,50.1,3.52,3.52,26.81,0.3,52.23,9.0,4344.6,68.0,3866.1,0.139,-599.271,0.436,0.091,6.0,1996.0,4.0281,0.011531556414859825,False,False,False,True
HD 177565 b,HD 177565,254147274.0,ok,4.0,12519.0,2224.0,44.505,0.586,42.85540913133709,1682.2246,347.8,3.12,6.25,26.42,3.39,27.03,1.0,3291.3,87.0,1405.7,0.018,,,,,2017.0,5.5252,0.10567253061100476,True,False,False,True
GJ 4274 c,GJ 4274,12652442.0,ok,3.0,7581.0,1766.5,69.57,1.14,66.99608354933991,2081.2827,8551.3,1.26,2.51,25.61,3.31,25.61,2.0,43062.2,1434.0,504.9,0.005,,,,,2026.0,10.2753,0.19858019330178206,True,False,False,True
HD 102195 b,HD 102195,397024052.0,ok,3.0,9361.0,758.9,4.11377,0.00056,4.118730285848375,2527.4998,152.9,3.66,2.61,23.99,0.55,57.81,17.0,58509.8,186.0,14668.5,0.083,-3104.65,0.097,0.195,-28.5,2006.0,7.3319,0.002613237440565512,True,False,False,True
TOI-1232 c,TOI-1232,364395234.0,ok,16.0,53111.0,1654.2,30.356,0.012,30.32690406037736,2348.8333,1574.4,4.77,5.96,22.97,1.81,283.57,12.0,13321.7,1415.0,358.3,0.026,,,,,2026.0,11.7835,0.11818311476763477,True,False,False,True
HD 219134 f,HD 219134,283722336.0,ok,5.0,14667.0,1845.4,22.717,0.015,22.72374324574209,1771.3653,133.0,1.29,4.29,22.95,2.57,80.94,4.0,2180.0,55.0,1574.2,0.025,-7016.583,-0.155,0.286,-54.1,2015.0,4.6278,0.06100917431192661,True,False,False,True
Proxima Cen b,Proxima Cen,388857263.0,ok,8.0,24379.0,2549.9,11.18465,0.00053,11.177681513224266,1604.8022,249.1,1.67,1.15,22.67,1.92,43.35,17.0,4346.5,256.0,582.7,0.014,3551.284,-0.032,0.011,-1.4,2016.0,7.36,0.05731047969630737,True,False,False,True
tau Cet g,tau Cet,419015728.0,ok,3.0,11309.0,2602.1,20.0,0.02,20.02953736654804,1392.7997,43.2,2.22,4.44,22.49,2.53,30.96,4.0,166.4,38.0,221.7,0.029,,,,,2017.0,2.7459,0.25961538461538464,True,False,False,True
GJ 86 b,GJ 86,220017951.0,ok,10.0,33429.0,2906.0,15.76491,0.00039,15.74989773731613,1358.7137,92.4,1.08,3.59,22.12,2.38,41.02,18.0,15292.9,99.0,8425.6,0.03,-5782.309,-0.031,0.019,16.5,1999.0,5.3588,0.006042019499244748,True,False,False,True
HD 9446 b,HD 9446,18277196.0,ok,2.0,6411.0,756.8,30.052,0.027,30.11510465116279,2867.1649,557.4,2.82,5.64,22.09,2.82,25.95,2.0,10663.5,247.0,1088.7,0.025,-2154.329,0.094,0.173,-59.5,2009.0,7.7764,0.052271768181178783,True,False,False,True
HD 160691 d,HD 160691,362661163.0,ok,5.0,15944.0,1842.6,9.6392,0.0006,9.643250084033614,2369.3448,33.9,4.93,4.93,21.24,2.48,35.87,13.0,1143.4,62.0,1199.8,0.067,-56950.865,0.059,0.57,1.1,2004.0,4.5071,0.029648417001924082,True,False,False,True
rho CrB b,rho CrB,458494003.0,ok,3.0,7967.0,761.5,39.849,0.002,39.769302,1975.3076,188.1,2.53,8.44,20.97,2.2,22.18,1.0,5528.9,75.0,1975.4,0.028,-1520.853,-0.265,0.006,-0.4,1997.0,4.8248,0.034021233880156994,False,False,False,True
GJ 3293 b,GJ 3293,178872239.0,ok,6.0,20698.0,2852.5,30.5987,0.0084,30.6235357161435,1466.2327,3711.6,1.53,3.06,20.67,3.82,26.2,1.0,32109.7,478.0,2405.9,0.013,-1344.758,-0.134,0.094,-65.6,2015.0,9.82063,0.11559123878454174,True,False,False,True
GJ 3293 d,GJ 3293,178872239.0,ok,6.0,20698.0,2852.5,48.1345,0.0661,48.19767522123894,1484.1445,3711.6,1.78,3.56,20.67,3.82,26.23,1.0,8477.1,478.0,545.6,0.01,,,,,2017.0,9.82063,0.4378384117209895,True,False,False,True
ups And b,ups And,189576919.0,ok,3.0,8763.0,1871.2,4.617033,2.3e-05,4.619352668753623,1765.5971,30.5,2.16,4.32,20.64,1.45,32.79,14.0,4388.7,52.0,7475.2,0.122,-6997.671,0.03,0.015,2.5,1996.0,3.6137,0.006949666188165061,True,False,False,True
HD 189567 b,HD 189567,352402781.0,ok,7.0,21149.0,2547.3,14.288,0.002,14.262395904000002,1657.6406,61.0,4.87,4.87,20.56,2.38,36.9,10.0,1459.5,85.0,1069.9,0.045,-1492.384,0.466,0.215,6.8,2021.0,5.4781,0.041795135320315174,True,False,False,True
rho CrB c,rho CrB,458494003.0,ok,3.0,7967.0,761.5,102.036,0.204,101.424,1981.7271,120.3,5.78,11.55,20.56,1.91,22.08,1.0,3386.1,75.0,858.9,0.015,-1562.85,-0.262,0.116,-10.6,2016.0,4.8248,0.035527598121732964,True,False,False,True
HD 16417 b,HD 16417,122555698.0,ok,7.0,23358.0,2904.6,17.24,0.01,17.272684166666664,1391.5626,61.8,3.62,7.24,20.26,1.52,47.41,9.0,1808.9,93.0,1443.8,0.055,-6899.852,-0.059,0.391,0.9,2008.0,5.182,0.03416440930952512,True,False,False,True
HD 69830 b,HD 69830,307624961.0,ok,5.0,15457.0,2581.6,8.667,0.003,8.664147569620253,1499.8727,49.2,4.87,3.48,20.2,0.93,66.81,12.0,2487.4,66.0,2556.0,0.053,-3509.484,-0.019,0.263,-4.5,2006.0,5.2656,0.019779689635764253,True,False,False,True
GJ 96 b,GJ 96,409527090.0,ok,3.0,9459.0,1845.2,73.94,0.38,74.0714373558801,1838.9138,657.3,4.2,5.25,19.94,2.94,23.39,1.0,12574.2,201.0,1491.6,0.009,-1505.482,0.231,0.329,,2018.0,7.64213,0.05227370329722765,True,False,False,True
GJ 2056 b,GJ 2056,65406275.0,ok,3.0,9884.0,786.3,69.971,0.061,69.9115541401274,2219.0505,1121.1,1.87,6.22,19.58,2.39,25.91,2.0,6703.8,307.0,383.9,0.012,-4033.665,0.362,0.095,,2020.0,8.8868,0.1672335093529043,False,False,False,True
HD 192263 b,HD 192263,243962745.0,ok,2.0,4537.0,763.1,24.3556,0.0046,24.31590939259259,2789.7272,298.3,6.26,4.47,19.39,2.7,22.48,2.0,19859.3,171.0,2896.3,0.024,-5016.344,-0.496,0.064,-62.0,1999.0,6.9161,0.01502067041637923,False,False,False,True
HD 190007 b,HD 190007,345217789.0,ok,2.0,4904.0,763.1,11.724128,9.9e-05,11.707771411668292,2775.6689,195.6,2.84,3.55,19.11,1.07,29.17,3.0,5133.0,177.0,936.1,0.04,,,,,2020.0,6.3882,0.03810637054354179,True,False,False,True
HD 192310 b,HD 192310,326096771.0,ok,2.0,6327.0,1791.8,74.72,0.1,74.45203285420945,2110.7777,248.9,2.12,7.07,18.56,3.16,18.56,1.0,4819.1,62.0,2112.5,0.012,-1849.903,0.007,0.098,,2011.0,4.9266,0.051648648087817224,True,False,False,True
70 Vir b,70 Vir,95473936.0,ok,2.0,4786.0,761.3,116.688,0.0054,116.65000855813952,1972.3087,110.0,4.89,16.29,18.54,2.31,22.26,1.0,2423.2,75.0,676.2,0.018,-1810.162,0.415,0.002,,1996.0,4.2943,0.045394519643446686,False,False,False,True
HD 103720 b,HD 103720,96195878.0,ok,1.0,3117.0,24.8,4.5557,0.0001,4.549465884210526,2557.196,967.4,0.71,2.37,18.32,1.02,31.67,4.0,20225.2,1011.0,146.1,0.068,-1614.698,-0.247,0.022,171.1,2014.0,8.6509,0.04783141823072207,False,False,False,True
GJ 887 c,GJ 887,155315739.0,ok,5.0,14454.0,2906.0,21.784,0.004,21.784046897739504,1363.6437,98.3,4.2,3.0,18.27,2.34,27.91,4.0,5254.5,100.0,2215.7,0.018,,,,,2020.0,5.5664,0.018707774288704918,True,False,False,True
HIP 48714 b,HIP 48714,287165117.0,ok,3.0,9216.0,1468.9,17.818,0.002,17.83732072289157,1876.7561,210.9,3.39,3.39,18.0,1.26,35.72,5.0,14308.6,205.0,2470.8,0.025,-5462.814,-0.081,0.075,63.4,2020.0,7.26012,0.01473938750122304,True,False,False,True
HD 11964 c,HD 11964,24978373.0,ok,3.0,11567.0,2602.1,37.91,0.041,37.79933855799373,1390.1444,181.1,3.79,12.65,17.67,3.4,19.83,2.0,1392.9,98.0,883.7,0.044,-2630.651,0.062,10.025,4.0,2008.0,5.6847,0.13001651231244166,True,False,False,True
GJ 414 A b,GJ 414 A,9001920.0,ok,1.0,3147.0,26.1,50.8,0.26,50.02,1921.7713,454.6,2.64,5.28,17.61,2.48,20.42,1.0,2992.2,360.0,40.5,0.014,-2797.948,-0.092,0.54,617.6,2021.0,6.919,0.15192834703562597,True,False,False,True
GJ 251 b,GJ 251,68581262.0,ok,6.0,18079.0,1442.9,14.237,0.0015,14.22686047804878,1844.7946,285.5,1.12,2.25,17.06,3.66,56.91,11.0,4791.6,238.0,644.4,0.021,,,,,2020.0,7.64819,0.059583437682611234,True,False,False,True
HD 285507 b,HD 285507,389018596.0,ok,4.0,12101.0,785.0,6.0881,0.0018,6.08131781693811,2480.0596,378.1,2.44,2.44,17.0,0.72,41.61,15.0,21744.1,481.0,1694.4,0.053,-738.26,-0.375,0.175,33.1,2013.0,9.3371,0.01738862496033407,True,False,False,True
Gl 725 A b,Gl 725 A,359676790.0,ok,16.0,47531.0,750.4,11.2201,0.0051,11.216931210951008,2916.9076,83.5,2.89,2.06,16.7,0.8,50.49,32.0,3434.6,219.0,388.8,0.024,1600.505,0.325,0.086,-18.8,2025.0,6.724,0.024311419088103418,False,False,False,True
HD 86728 b,HD 86728,172954294.0,ok,2.0,6479.0,765.3,31.1515,0.0066,31.18172620792079,1897.1613,62.8,7.15,7.15,16.55,2.33,18.73,2.0,1165.9,61.0,535.3,0.03,,,,,2025.0,4.7727,0.053863967750235865,True,False,False,True
GJ 15 A b,GJ 15 A,440109725.0,ok,3.0,9362.0,1845.4,11.4407,0.0017,11.46152651699029,1766.7362,132.1,2.15,2.15,16.53,1.91,22.36,7.0,3243.3,169.0,756.8,0.025,,,,,2014.0,6.229,0.0407301205562236,True,False,False,True
GJ 357 d,GJ 357,413248763.0,ok,5.0,14675.0,2555.7,55.661,0.055,55.52119779208832,1535.1475,1227.7,1.67,3.34,16.48,4.65,17.09,1.0,9403.1,260.0,940.3,0.008,,,,,2019.0,8.74094,0.13056332486095013,True,False,False,True
Proxima Cen d,Proxima Cen,388857263.0,ok,8.0,24379.0,2549.9,5.12338,0.00035,5.128918977968644,1605.5487,177.2,0.83,0.89,16.04,0.78,41.09,33.0,1989.4,256.0,346.5,0.023,3558.774,-0.238,0.032,-51.1,2025.0,7.36,0.08907208203478435,False,False,False,True
rho CrB e,rho CrB,458494003.0,ok,3.0,7967.0,761.5,12.904,0.011,12.9266875,1968.6975,99.2,1.74,5.8,15.65,1.08,22.05,3.0,320.6,75.0,167.3,0.059,-1512.213,-0.246,0.37,-11.5,2023.0,4.8248,0.30941983780411725,True,False,False,True
HD 38529 b,HD 38529,200093173.0,ok,2.0,8231.0,2577.4,14.3099,0.00013,14.307539604123711,1469.5703,57.9,3.8,12.68,15.59,2.75,20.05,6.0,1314.2,99.0,1348.0,0.116,-6593.493,0.46,0.009,-1.8,2000.0,5.2725,0.044057221123116726,False,False,False,True
HD 12235 b,HD 12235,422679659.0,ok,5.0,17276.0,2577.2,4.36305,0.00042,4.367229728571429,1412.601,35.2,2.59,5.18,15.51,0.64,56.12,27.0,622.8,90.0,815.3,0.155,-9956.049,-0.334,0.303,-1.5,2022.0,5.3369,0.0565189466923571,True,False,False,True
HD 34445 d,HD 34445,284907742.0,ok,2.0,8880.0,1871.4,117.87,0.18,117.3616715542522,2232.8098,541.7,3.6,12.01,15.29,3.75,18.25,1.0,3762.7,145.0,739.3,0.013,,,,,2017.0,6.7209,0.14396576926143462,True,False,False,True
GJ 251 c,GJ 251,68581262.0,ok,6.0,18079.0,1442.9,53.647,0.044,53.67959259259259,1882.0582,396.7,1.75,3.5,15.28,3.09,57.32,3.0,4835.6,238.0,411.6,0.009,,,,,2025.0,7.64819,0.08203738936223012,True,False,False,True
GJ 367 c,GJ 367,34068865.0,ok,7.0,14624.0,2529.7,11.5301,0.0078,11.549553571428572,1544.034,343.9,1.95,2.44,15.18,1.66,29.12,10.0,3215.7,232.0,679.4,0.028,,,,,2023.0,8.031941,0.10694405572659141,True,False,False,True
HD 199509 b,HD 199509,401701660.0,ok,9.0,29046.0,2494.1,99.62167,0.14198,99.3334591017964,1735.8242,306.5,2.29,7.64,15.17,6.81,16.8,1.0,12668.6,100.0,3725.6,0.01,-12076.07,-0.357,4.588,-3.5,2022.0,6.3946,0.024193675702129675,True,False,False,True
HD 104067 b,HD 104067,428673146.0,ok,5.0,15932.0,2553.4,55.851,0.017,55.95052595260663,1621.1357,163.7,5.78,5.78,15.16,2.64,23.22,3.0,27007.5,150.0,6153.7,0.014,-2832.863,-0.252,0.07,26.2,2011.0,7.0276,0.006061279274275664,False,False,False,True
61 Vir c,61 Vir,422478973.0,ok,3.0,8416.0,2227.5,38.021,0.034,37.97416981132076,1586.7257,64.5,3.0,6.0,14.82,3.71,15.59,2.0,4173.7,47.0,3528.9,0.021,,,,,2009.0,4.085,0.015453913793516546,True,False,False,True
HD 35759 b,HD 35759,286954708.0,ok,4.0,10770.0,1846.5,82.467,0.019,82.511982,1889.2833,354.1,3.98,13.27,14.81,4.1,15.28,1.0,2969.2,154.0,698.0,0.021,-482.413,-0.241,0.01,12.5,2016.0,7.1975,0.11925771251515561,False,False,False,True
Wolf 1069 b,Wolf 1069,352617553.0,ok,7.0,23272.0,1170.5,15.564,0.015,15.600397738951695,1721.5291,1786.4,0.67,1.49,14.8,2.56,46.7,13.0,2902.8,1552.0,42.0,0.013,,,,,2023.0,10.9072,0.6154058150751,True,False,False,True
HD 21411 b,HD 21411,142875660.0,ok,2.0,6149.0,758.8,84.288,0.127,83.907,1421.4742,298.5,4.78,6.83,14.43,2.36,19.39,1.0,25853.2,147.0,2922.0,0.011,,,,,2019.0,7.2099,0.011545959494375937,True,False,False,True
HD 217107 b,HD 217107,38271828.0,ok,3.0,7601.0,1380.6,7.1270166,1e-05,7.129976702741215,2452.625,74.8,2.11,4.22,14.37,1.2,24.74,7.0,6672.0,107.0,3778.0,0.077,-1797.819,0.385,0.002,-22.4,1998.0,5.4989,0.011211031175059952,False,False,False,True
HD 130322 b,HD 130322,189694184.0,ok,1.0,1506.0,24.4,10.70871,0.00018,10.69856490631579,2698.632,330.9,4.9,3.5,14.21,2.8,13.64,1.0,14128.3,145.0,546.9,0.043,-3006.567,-0.238,0.103,-67.0,1999.0,7.3401,0.02342107684576347,True,False,False,True
HIP 65407 c,HIP 65407,165454978.0,ok,5.0,13835.0,1683.2,67.3,0.08,67.5134673366834,1747.3833,692.1,3.6,7.2,13.59,2.97,18.38,1.0,11643.0,275.0,1206.7,0.014,64.879,0.0,0.097,438.0,2016.0,8.6487,0.05944344241174955,True,False,False,True
GJ 887 b,GJ 887,155315739.0,ok,5.0,14454.0,2906.0,9.2619,0.0005,9.265994734736845,1357.3544,98.8,0.68,2.26,13.49,1.06,27.58,11.0,2878.7,100.0,1614.8,0.032,,,,,2020.0,5.5664,0.03432104769514017,True,False,False,True
HD 145377 b,HD 145377,68165288.0,ok,1.0,2443.0,23.9,103.95,0.13,103.56,3781.6223,245.6,8.43,8.43,13.0,2.55,13.68,1.0,8003.6,184.0,267.4,0.011,-2371.957,0.197,0.074,,2008.0,7.5678,0.030686191213953717,True,False,False,True
GJ 887 e,GJ 887,155315739.0,ok,5.0,14454.0,2906.0,4.4249,0.00014,4.427402125616698,1357.3647,47.4,1.41,1.76,12.96,1.06,24.63,22.0,473.0,100.0,339.6,0.052,,,,,2026.0,5.5664,0.10021141649048626,True,False,False,True
HD 177830 c,HD 177830,265052133.0,ok,5.0,14875.0,1142.3,110.9,0.1,111.125,2412.2428,85.8,6.03,20.1,12.62,2.64,17.82,3.0,1753.1,164.0,321.8,0.024,-6824.195,0.286,0.102,,2010.0,6.2779,0.04894187439393075,True,False,False,True
GJ 3942 b,GJ 3942,162494287.0,ok,4.0,11173.0,813.4,6.905,0.04,6.934989118607182,1933.7731,217.4,2.46,2.46,12.53,1.44,21.53,11.0,3454.7,286.0,434.1,0.047,,,,,2017.0,8.42457,0.06292876371320232,True,False,False,True
HIP 65407 b,HIP 65407,165454978.0,ok,5.0,13835.0,1683.2,28.125,0.019,28.108633663366337,1737.3666,567.6,4.31,5.39,12.45,2.43,18.75,1.0,12280.0,275.0,1690.6,0.025,-6.819,0.015,0.104,17.9,2016.0,8.6487,0.046221498371335504,True,False,False,True
Gl 49 b,Gl 49,256419669.0,ok,5.0,15263.0,1845.2,13.8508,0.0053,13.8303286918239,1791.4158,161.8,2.22,2.78,12.41,1.64,24.63,10.0,3721.1,218.0,696.6,0.026,-1003.283,-0.228,0.116,-22.4,2019.0,7.59661,0.04348176614441966,True,False,False,True
GJ 685 b,GJ 685,219780306.0,ok,16.0,48859.0,809.3,24.16,0.061,23.98691519434629,2866.3325,125.5,3.46,3.46,12.23,1.59,28.79,15.0,5790.6,214.0,612.1,0.019,,,,,2019.0,8.16639,0.021673056332677097,True,False,False,True
HD 211970 b,HD 211970,231704229.0,ok,4.0,12479.0,2581.6,25.201,0.025,25.274825831702543,1348.1451,346.5,1.8,3.6,12.2,3.4,13.66,3.0,7898.6,171.0,1883.8,0.019,,,,,2019.0,7.6014,0.04386853366419365,True,False,False,True
HD 45652 b,HD 45652,206948365.0,ok,5.0,15359.0,2220.5,44.073,0.0048,44.032793052631575,1478.9819,166.1,3.1,6.2,11.92,2.16,18.28,4.0,12589.3,141.0,3330.8,0.018,6712.329,0.257,0.014,7.2,2008.0,7.4002,0.01319374389362395,False,False,False,True
HD 179949 b,HD 179949,2288734.0,ok,1.0,3079.0,25.0,3.092514,3.2e-05,3.098699028,3803.5029,78.9,1.57,3.14,11.77,1.22,24.0,8.0,6488.8,112.0,613.7,0.133,-5998.495,-0.411,0.146,-14.3,2000.0,5.7365,0.01215941314264579,True,False,False,True
HD 25912 b,HD 25912,237356930.0,ok,5.0,15384.0,783.8,41.83156,0.03093,41.78550866666667,1413.1244,125.4,6.12,6.12,11.73,3.96,14.84,4.0,9329.1,157.0,1321.9,0.019,-4026.231,0.03,0.157,-13.4,2022.0,7.6042,0.013441811107180757,True,False,False,True
HD 102956 b,HD 102956,137810576.0,ok,5.0,15599.0,1496.8,6.4947,0.00019,6.498632570642202,1872.2522,57.6,3.9,13.02,11.66,2.01,16.96,18.0,501.0,178.0,326.5,0.262,-1652.397,-0.304,0.1,3.5,2010.0,7.03923,0.11497005988023952,False,False,False,True
DMPP-4 b,DMPP-4,26884478.0,ok,13.0,46305.0,1900.8,3.4982,0.2327,3.6678816890844543,1686.4708,16.8,1.77,3.53,11.65,3.39,15.69,86.0,1268.8,76.0,1542.8,0.132,,,,,2023.0,5.2609,0.013240857503152586,True,False,False,True
HD 52265 b,HD 52265,268565917.0,ok,3.0,9447.0,2197.1,119.27,0.02,119.17534126984128,1538.2879,163.0,3.33,11.09,11.49,3.02,13.48,1.0,5832.2,87.0,2004.8,0.012,-5751.131,0.117,0.012,-0.3,2000.0,5.7701,0.02794828709577861,False,False,False,True
HD 104067 c,HD 104067,428673146.0,ok,5.0,15932.0,2553.4,13.8992,0.0047,13.920958866666668,1575.7589,66.0,5.09,3.64,11.48,1.39,23.36,10.0,4357.7,150.0,1588.0,0.034,-1807.25,0.396,0.145,-0.8,2024.0,7.0276,0.015145604332560755,True,False,False,True
HD 121504 b,HD 121504,208844024.0,ok,3.0,9760.0,1494.9,63.33,0.03,63.21741333333333,1629.1706,213.8,5.27,6.59,11.41,2.61,14.83,1.0,8704.6,149.0,1523.8,0.014,-5580.732,-0.153,0.068,24.3,2003.0,6.9884,0.0245617259839625,True,False,False,True
HD 28192 b,HD 28192,248644661.0,ok,2.0,6819.0,762.0,14.23283,0.00214,14.236793572911392,1438.7869,114.6,6.43,4.59,11.37,1.42,16.81,4.0,25052.3,249.0,3328.0,0.042,-3999.743,0.112,0.14,-90.6,2022.0,7.4875,0.004574430291829493,True,False,False,True
HD 204313 c,HD 204313,99734092.0,ok,3.0,9581.0,2503.1,34.95875,0.01156,34.97915835135135,1339.6993,410.2,1.94,6.47,11.37,3.72,11.72,1.0,2985.2,127.0,1070.5,0.024,-7137.93,-0.496,0.338,12.2,2015.0,7.3914,0.13741122872839343,True,False,False,True
GJ 2030 b,GJ 2030,9967949.0,ok,2.0,6057.0,758.8,2.38129,0.00015,2.385034623969465,1411.852,43.4,1.65,5.51,11.23,1.11,19.14,17.0,159.0,97.0,145.0,0.303,-4062.355,-0.159,0.165,-3.5,2022.0,5.5464,0.2729559748427673,True,False,False,True
55 Cnc b,55 Cnc,332064670.0,ok,4.0,10431.0,1414.9,14.651552,3.6e-05,14.628823310358976,1882.4699,64.0,2.17,4.33,10.98,3.89,11.43,4.0,10937.3,69.0,6900.4,0.039,-3976.206,-0.133,0.001,-4.3,1996.0,5.2058,0.005851535570936155,False,False,False,True
TOI-5624 f,TOI-5624,53498154.0,ok,3.0,6374.0,1493.6,45.37,0.9,43.07667976424361,1924.3879,910.7,2.79,5.59,10.89,2.91,11.17,2.0,3872.7,513.0,214.0,0.016,,,,,2026.0,10.0326,0.23515893304412944,True,False,False,True
HD 34445 e,HD 34445,284907742.0,ok,2.0,8880.0,1871.4,49.175,0.045,49.30208791208791,2200.1766,186.9,8.97,8.97,10.88,1.83,17.93,2.0,1849.6,145.0,500.0,0.024,,,,,2017.0,6.7209,0.10104887543252596,True,False,False,True
HD 108147 b,HD 108147,450491293.0,ok,7.0,22698.0,2523.9,10.8985,0.0045,10.910955428571429,1606.8234,62.9,2.27,4.55,10.84,1.28,24.26,15.0,15871.6,118.0,9242.5,0.055,-6179.342,0.425,0.362,16.7,2002.0,6.4831,0.00396305350437259,True,False,False,True
GJ 3293 e,GJ 3293,178872239.0,ok,6.0,20698.0,2852.5,13.2543,0.0104,13.283298704103672,1447.2798,326.2,3.24,2.32,10.72,1.31,26.09,12.0,3150.3,478.0,312.2,0.023,,,,,2017.0,9.82063,0.10354569406088308,True,False,False,True
HD 87646 b,HD 87646,27064335.0,ok,3.0,9517.0,759.1,13.481,0.001,13.471370714285715,2529.1212,162.2,1.93,6.45,10.66,1.21,17.68,6.0,3446.5,160.0,865.6,0.063,-2919.593,0.177,0.087,-4.5,2016.0,7.5049,0.04706223705208182,True,False,False,True
HD 187123 b,HD 187123,58559140.0,ok,7.0,24999.0,1139.0,3.0965828,1e-05,3.094461384159116,2422.9292,39.1,3.0,3.0,10.62,1.32,79.25,58.0,8266.5,154.0,3770.1,0.127,-2656.33,0.279,0.1,2.5,1998.0,7.2466,0.004729934071251437,True,False,False,True
HD 143105 b,HD 143105,272783172.0,ok,16.0,47117.0,866.1,2.1974,0.0003,2.199129101639344,2746.2366,11.7,4.74,3.39,10.6,2.87,15.81,156.0,3744.9,96.0,3020.3,0.202,,,,,2016.0,6.2659,0.0031242489786109107,True,False,False,True
TOI-2202 c,TOI-2202,358107516.0,ok,16.0,47735.0,1844.9,24.6744,0.0339,24.68839312039312,2097.333,1774.2,1.34,4.48,10.58,2.26,40.98,13.0,55120.2,1645.0,1294.2,0.024,,,,,2021.0,12.173,0.03218783676401755,True,False,False,True
HD 22496 b,HD 22496,200851505.0,ok,4.0,12184.0,783.8,5.09071,0.00026,5.097053057188498,1387.6503,79.9,1.91,2.39,10.2,1.93,14.71,17.0,2112.1,140.0,611.2,0.061,,,,,2021.0,7.2243,0.037829648217413955,True,False,False,True
HD 147873 b,HD 147873,211080657.0,ok,3.0,9620.0,2548.8,116.596,0.023,116.362808,1709.855,219.9,5.47,18.24,10.11,3.22,10.84,1.0,1706.2,164.0,431.6,0.02,,,,,2016.0,7.4327,0.1288828976673309,True,False,False,True
KOBE-1 c,KOBE-1,16917838.0,ok,2.0,6031.0,1117.2,29.671,0.052,29.51545021645021,1768.6708,487.9,3.25,4.06,10.04,2.96,11.46,2.0,6428.1,246.0,680.2,0.018,,,,,2025.0,8.6452,0.07590112163780899,True,False,False,True
HD 190360 d,HD 190360,105999792.0,ok,6.0,20848.0,789.1,88.69,0.051,88.51262,2829.4042,68.5,2.77,9.24,9.98,2.82,12.81,2.0,1805.5,67.0,494.6,0.014,-1781.73,-0.008,0.43,8.9,2026.0,5.0823,0.03793962891165882,True,False,False,True
GJ 687 b,GJ 687,233193964.0,ok,16.0,48282.0,892.7,38.142,0.007,38.093004585365854,2802.697,101.5,1.73,3.47,9.86,2.54,17.19,9.0,20696.1,140.0,2801.1,0.012,-6409.321,-0.481,0.07,-2.3,2014.0,6.848,0.004904305642125811,False,False,False,True
HD 24085 b,HD 24085,32001057.0,ok,16.0,55086.0,972.6,2.0455,0.0002,2.049322737704918,3015.8794,24.5,1.52,3.05,9.8,0.15,43.76,190.0,1164.3,160.0,585.4,0.195,,,,,2019.0,7.0252,0.021042686592802545,True,False,False,True
TOI-500 e,TOI-500,134200185.0,ok,9.0,21687.0,2249.4,61.3,0.28,61.25793904208998,1470.0554,1037.7,1.61,5.37,9.74,5.5,13.06,1.0,6731.2,334.0,594.0,0.011,,,,,2022.0,9.4022,0.15416270501545046,True,False,False,True
GJ 676 A e,GJ 676 A,369021303.0,ok,4.0,12689.0,2226.4,35.47358,0.0156,35.43786619259593,1639.4007,453.2,1.44,4.81,9.67,3.59,11.64,2.0,2493.9,180.0,507.7,0.018,-3108.897,-0.146,0.074,-21.4,2012.0,7.90696,0.18172340510846463,True,False,False,True
HD 107148 b,HD 107148,66666079.0,ok,2.0,5136.0,1245.1,48.056,0.057,48.2102,2576.912,241.8,2.23,7.43,9.58,3.19,10.81,2.0,13085.0,164.0,2301.2,0.02,-17029.189,-0.016,0.555,-21.1,2005.0,7.4142,0.018479174627435997,True,False,False,True
61 Vir b,61 Vir,422478973.0,ok,3.0,8416.0,2227.5,4.215,0.0006,4.2145335627530365,1575.2918,23.4,1.44,2.88,9.55,1.02,16.97,12.0,932.6,47.0,1648.9,0.089,,,,,2009.0,4.085,0.025091143040960752,True,False,False,True
HD 176986 b,HD 176986,39554091.0,ok,2.0,5448.0,348.4,6.49164,0.0003,6.494462452173914,3485.5776,122.3,4.01,2.87,9.48,2.58,12.07,5.0,14752.5,151.0,2549.9,0.058,-1499.916,-0.013,0.264,85.6,2017.0,7.5672,0.008290120318590069,True,False,False,True
HD 141004 b,HD 141004,296740796.0,ok,1.0,1307.0,19.0,15.5083,0.0018,15.4772834,2703.3695,62.9,1.86,6.18,9.47,0.92,13.61,1.0,1426.9,48.0,156.7,0.052,,,,,2021.0,3.8709,0.04408157544326862,True,False,False,True
HD 141399 b,HD 141399,156067565.0,ok,6.0,15709.0,1522.7,94.44,0.05,94.33604279069768,2022.8583,203.4,3.36,11.21,9.44,3.7,10.82,1.0,5759.7,114.0,1438.2,0.016,45.22,-0.059,0.159,15.9,2014.0,6.535,0.03531433928850461,True,False,False,True
HD 21693 b,HD 21693,197792776.0,ok,8.0,24500.0,2579.0,22.6786,0.0087,22.70685530491804,1375.9906,94.0,2.53,5.06,9.32,1.94,18.72,8.0,1817.6,130.0,706.9,0.029,-1496.523,-0.338,0.152,5.8,2019.0,7.2742,0.05171654929577465,True,False,False,True
GJ 4274 b,GJ 4274,12652442.0,ok,3.0,7581.0,1766.5,1.6339,0.0001,1.634028653543307,2063.3243,825.6,1.0,0.72,9.31,0.21,25.27,34.0,12671.0,1434.0,522.8,0.058,,,,,2026.0,10.2753,0.06515665693315445,True,False,False,True
GJ 876 b,GJ 876,188580272.0,ok,5.0,14221.0,2474.3,61.1166,0.0086,60.99889395555556,1410.8371,479.9,1.57,3.14,9.31,3.86,10.46,1.0,106807.6,167.0,15191.4,0.007,-6391.562,-0.336,0.021,-48.8,1998.0,7.57703,0.004493125957328879,False,False,False,True
HD 96700 d,HD 96700,23270430.0,ok,5.0,16935.0,2555.0,103.5,0.1,103.74418604651164,1581.6488,153.8,3.08,10.28,9.28,4.66,9.74,1.0,1882.7,79.0,796.5,0.013,-1491.97,-0.303,0.064,7.3,2021.0,5.9398,0.081691188187178,False,False,False,True
HD 7924 d,HD 7924,468723402.0,ok,9.0,29487.0,1872.0,24.451,0.017,24.47949295774648,1812.8739,52.1,3.51,4.38,9.15,2.64,14.04,8.0,14680.5,93.0,6080.8,0.023,,,,,2015.0,6.3929,0.00354892544531862,True,False,False,True
KOI-984 c,KOI-984,122784501.0,ok,6.0,19231.0,1849.6,21.512,0.0004,21.48235666985646,1698.1948,1656.0,3.39,4.23,9.14,1.98,18.54,6.0,16019.0,1856.0,347.3,0.026,,,,,2022.0,11.517,0.10337723952806042,True,False,False,True
51 Peg b,51 Peg,139298196.0,ok,2.0,6652.0,758.9,4.2307966,1e-05,4.228880767577358,2827.412,38.7,1.02,3.42,9.13,1.49,13.71,11.0,7621.9,62.0,6400.4,0.106,-4501.951,0.384,0.007,-4.7,1995.0,4.8576,0.005077474120626091,False,False,False,True
HD 4308 b,HD 4308,234501204.0,ok,10.0,31493.0,2879.0,15.56,0.02,15.508861209964412,1332.4203,47.6,1.42,4.74,9.13,2.54,17.41,15.0,3170.9,83.0,2395.1,0.04,-3696.927,0.223,0.558,-1.1,2005.0,5.9339,0.015011510927496925,True,False,False,True
GJ 682 b,GJ 682,16909043.0,ok,3.0,9609.0,2576.0,17.478,0.062,17.350342092216163,1629.5442,399.4,2.17,2.17,9.13,3.78,9.89,4.0,8170.0,393.0,788.1,0.016,,,,,2014.0,8.24607,0.04888616891064871,True,False,False,True
HD 23079 c,HD 23079,206402844.0,ok,5.0,17936.0,2602.1,5.748913,0.000204,5.741823187721179,1390.2079,39.1,2.67,3.34,9.1,2.03,15.54,22.0,1308.5,121.0,891.4,0.076,,,,,2025.0,6.5652,0.02988154375238823,True,False,False,True
HD 158259 e,HD 158259,188768068.0,ok,16.0,41849.0,1245.2,7.951,0.0022,7.940474935251799,2397.8494,19.5,3.42,4.27,9.07,1.68,22.14,38.0,726.6,83.0,477.2,0.07,,,,,2020.0,5.8961,0.026837324525185797,True,False,False,True
GJ 682 c,GJ 682,16909043.0,ok,3.0,9609.0,2576.0,57.32,0.48,58.3949084858569,1628.6466,615.6,3.23,3.23,9.06,3.63,9.5,2.0,18238.5,393.0,1173.2,0.007,,,,,2014.0,8.24607,0.03375277572168764,True,False,False,True
55 Cnc c,55 Cnc,332064670.0,ok,4.0,10431.0,1414.9,44.3936,0.0024,44.42044264186046,1893.388,45.5,3.13,6.27,9.04,2.69,11.18,4.0,14661.8,69.0,6323.2,0.018,-3965.124,-0.033,0.01,-14.6,2004.0,5.2058,0.003103302459452455,True,False,False,True
HD 164922 e,HD 164922,159019691.0,ok,4.0,11281.0,1115.5,41.763,0.012,41.82615380487805,2413.1788,107.0,1.95,6.48,9.03,3.08,10.67,3.0,2022.0,96.0,581.8,0.02,,,,,2021.0,6.2808,0.05291790306627102,True,False,False,True
HD 216520 b,HD 216520,264899051.0,ok,12.0,37338.0,1845.2,35.45,0.011,35.40714835164835,1799.1483,107.8,1.45,4.84,8.98,2.56,17.54,6.0,3411.3,110.0,1043.3,0.018,,,,,2020.0,6.7382,0.03160085597865916,True,False,False,True
GJ 3082 b,GJ 3082,206548902.0,ok,4.0,12618.0,2579.0,11.949,0.022,12.00775726744186,1363.5668,376.8,1.24,2.48,8.95,1.56,16.02,7.0,6991.6,330.0,1039.0,0.027,,,,,2020.0,9.14696,0.053893243320556096,True,False,False,True
HD 31527 c,HD 31527,146322354.0,ok,5.0,17491.0,2852.5,51.2053,0.0373,51.20805615763547,1477.2329,106.5,3.67,7.34,8.94,3.43,12.27,3.0,2498.1,131.0,814.0,0.019,-1458.154,0.326,0.427,-14.8,2019.0,6.9255,0.042632400624474605,True,False,False,True
GJ 536 c,GJ 536,119147875.0,ok,2.0,4408.0,1133.6,32.761,0.015,32.82100435789474,2698.1265,228.8,5.32,3.8,8.83,2.96,8.74,2.0,3661.8,169.0,522.9,0.015,,,,,2025.0,7.81159,0.06248293189141952,True,False,False,True
HD 107148 c,HD 107148,66666079.0,ok,2.0,5136.0,1245.1,18.3267,0.0024,18.35665871506849,2570.6347,256.0,1.62,5.41,8.8,2.31,12.12,2.0,3144.8,164.0,772.7,0.039,,,,,2021.0,7.4142,0.08140422284406003,True,False,False,True
HD 7924 c,HD 7924,468723402.0,ok,9.0,29487.0,1872.0,15.299,0.0033,15.323324769874477,1795.3881,41.7,3.0,3.75,8.74,2.35,13.71,14.0,14530.2,93.0,7052.2,0.032,,,,,2015.0,6.3929,0.0028698847916752697,True,False,False,True
GJ 1137 c,HD 93083,54237857.0,ok,4.0,13652.0,2230.7,9.6412,0.0012,9.6332018340836,1550.5111,88.5,2.4,3.43,8.7,2.59,11.19,10.0,1240.2,147.0,504.8,0.047,,,,,2026.0,7.4721,0.07135945815191098,True,False,False,True
HD 72892 b,HD 72892,405344271.0,ok,2.0,5857.0,735.9,39.44603,0.00168,39.51134923247312,1535.3263,303.9,2.25,7.51,8.67,1.99,10.19,2.0,5978.9,223.0,660.2,0.025,-621.139,-0.331,0.003,,2016.0,8.2015,0.050828747762966434,False,False,False,True
HD 20003 c,HD 20003,370137704.0,ok,15.0,47602.0,2607.8,33.9239,0.0266,33.869981081081086,1343.6306,87.8,2.83,5.66,8.6,3.11,16.68,11.0,3469.5,155.0,985.2,0.022,-1503.901,-0.061,0.163,2.6,2019.0,7.7153,0.02530624009223231,True,False,False,True
HD 164922 c,HD 164922,159019691.0,ok,4.0,11281.0,1115.5,75.74,0.06,75.85396449704142,2444.3604,160.0,2.24,7.45,8.58,2.87,10.74,1.0,2909.7,96.0,658.7,0.013,587.096,-0.478,0.049,11.5,2016.0,6.2808,0.05498848678557927,False,False,False,True
HD 217786 c,HD 217786,248048656.0,ok,3.0,7650.0,1380.6,2.52221,0.00012,2.5245258473636363,2449.8375,86.5,0.9,3.0,8.58,-0.07,29.88,23.0,819.4,140.0,503.6,0.156,-3567.958,-0.078,0.34,0.3,2022.0,7.2369,0.1055650475958018,True,False,False,True
HD 31527 b,HD 31527,146322354.0,ok,5.0,17491.0,2852.5,16.5535,0.0035,16.52075949815498,1443.8856,69.9,4.03,5.04,8.57,2.77,13.19,7.0,1750.4,131.0,835.6,0.04,-1498.585,-0.245,0.113,-9.4,2019.0,6.9255,0.0399337294332724,True,False,False,True
HD 190360 c,HD 190360,105999792.0,ok,6.0,20848.0,789.1,17.11625,0.00039,17.088864,2777.464,25.8,4.27,5.34,8.57,1.77,12.59,7.0,4574.7,67.0,2284.6,0.041,-1801.52,-0.477,0.022,1.4,2005.0,5.0823,0.005639714079611778,False,False,False,True
GJ 3090 c,GJ 3090,262530407.0,ok,8.0,22116.0,2906.0,15.9407,0.0058,15.924323028210528,1369.2161,235.0,2.93,2.93,8.53,1.87,16.01,11.0,7179.8,406.0,866.2,0.024,,,,,2026.0,9.49275,0.03273071673305663,True,False,False,True
HD 164595 b,HD 164595,158917706.0,ok,4.0,11276.0,1115.5,40.0,0.24,39.84264900662252,2397.3675,124.1,3.19,6.38,8.52,3.67,9.16,3.0,3206.7,103.0,867.8,0.021,-725.228,0.065,0.625,4.5,2015.0,6.4618,0.03870022141141984,True,False,False,True
HD 176986 d,HD 176986,39554091.0,ok,2.0,5448.0,348.4,61.376,0.051,61.236701492537314,3517.1058,275.8,3.03,6.06,8.46,2.13,12.01,1.0,1970.9,151.0,152.2,0.013,,,,,2026.0,7.5672,0.13993606981582019,True,False,False,True
TYC 4282-00605-1 b,TYC 4282-00605-1,13105061.0,ok,4.0,12427.0,598.8,101.54,0.05,101.37967368421052,2910.2978,260.8,24.0,138.68,8.45,,17.78,2.0,31.9,495.0,3.6,0.179,-580.481,0.378,0.019,-87.6,2017.0,9.0232,8.175548589341693,False,False,False,False
HD 163607 b,HD 163607,232620788.0,ok,16.0,45361.0,779.4,75.2203,0.0094,75.34924908571428,2907.1864,100.0,3.9,12.99,8.4,3.82,13.39,4.0,3408.5,148.0,556.7,0.023,-2813.856,0.057,0.01,16.5,2012.0,7.3311,0.029338418659234266,True,False,False,True
HD 168746 b,HD 168746,18097734.0,ok,3.0,8107.0,348.4,6.404,0.0014,6.415972695652173,3483.1374,136.8,1.08,3.59,8.36,0.53,19.52,9.0,20243.7,129.0,4648.7,0.073,-5004.907,0.429,0.304,-1.2,2002.0,7.3158,0.006757657938025164,True,False,False,True
HD 1461 b,HD 1461,37748347.0,ok,3.0,7596.0,1846.8,5.77152,0.00045,5.76937698835443,1391.2732,46.0,1.86,3.73,8.31,2.75,9.75,10.0,857.3,79.0,798.2,0.085,-6631.778,0.111,0.122,-1.6,2010.0,5.8575,0.05365682958124344,True,False,False,True
YZ Cet c,YZ Cet,439403362.0,ok,4.0,13635.0,2904.6,3.05989,0.0001,3.0548097041626794,1387.7725,173.5,1.17,0.79,8.31,3.51,9.44,33.0,3660.6,381.0,559.4,0.034,-4001.87,0.384,0.093,57.3,2017.0,12.2975,0.047396601650002736,False,False,False,True
DMPP-1 b,DMPP-1,66560666.0,ok,3.0,11850.0,2577.4,17.812,0.025,17.816040948275862,1476.5561,87.1,4.48,5.61,8.31,2.19,12.31,6.0,2218.6,144.0,926.1,0.041,1676.335,-0.216,0.425,2.4,2019.0,7.4742,0.03925899215721626,True,False,False,True
HD 213885 c,HD 213885,403224672.0,ok,8.0,21936.0,2907.2,4.78503,0.00056,4.789141161869822,1326.0314,53.5,1.65,3.3,8.3,1.79,54.51,36.0,3557.1,154.0,2187.3,0.09,,,,,2019.0,7.384,0.015040341851508252,True,False,False,True
HD 147018 b,HD 147018,350083732.0,ok,4.0,12823.0,2226.4,44.236,0.008,44.18496832463768,1665.4276,198.4,3.09,6.18,8.29,2.98,10.14,2.0,10994.6,173.0,2366.4,0.018,-2533.275,-0.084,0.022,-25.2,2009.0,7.6299,0.018045222199989084,True,False,False,True
HD 109271 c,HD 109271,429301734.0,ok,4.0,11559.0,2227.4,30.93,0.02,30.94836798634812,1584.6692,170.0,2.18,7.26,8.29,3.4,10.05,3.0,3223.3,147.0,1061.5,0.031,-1261.067,0.006,0.271,-31.5,2013.0,7.4446,0.05274097974125896,True,False,False,True
HD 18143 b,HD 18143,436933294.0,ok,4.0,11637.0,1845.2,10.2851,0.00263,10.280833901026694,1797.0917,94.2,1.81,3.63,8.16,1.95,11.24,7.0,2767.2,134.0,1114.4,0.046,-29853.45,0.32,1770.133,-3.7,2022.0,6.7799,0.034041630529054644,True,False,False,True
HD 13908 b,HD 13908,12906712.0,ok,5.0,16611.0,760.8,19.382,0.006,19.41511091666667,2725.8621,100.7,2.24,7.48,8.15,1.8,14.26,5.0,3753.0,125.0,1084.8,0.051,,,,,2013.0,7.0174,0.026831867839062086,True,False,False,True
DMPP-1 c,DMPP-1,66560666.0,ok,3.0,11850.0,2577.4,10.03,0.53,8.498514925746287,1474.6882,78.3,3.7,4.63,8.13,2.02,12.43,8.0,1338.5,144.0,676.9,0.06,1684.172,0.114,6.304,-7.7,2019.0,7.4742,0.05849831901382144,True,False,False,True
HD 215152 d,HD 215152,251042502.0,ok,3.0,7616.0,1380.6,10.86499,0.00613,10.849061713689322,2456.2497,92.9,3.2,3.2,8.1,1.85,12.77,5.0,17938.4,146.0,5245.9,0.039,,,,,2018.0,7.204,0.005178834232707488,True,False,False,True
HD 180617 b,HD 180617,176188045.0,ok,3.0,7264.0,763.1,105.911,0.109,105.584,2794.9171,214.9,4.21,5.26,8.1,2.55,10.08,1.0,10457.8,122.0,1101.6,0.007,,,,,2018.0,6.94253,0.020549255101455374,True,False,False,True
HD 285968 b,HD 285968,397354290.0,ok,4.0,12321.0,785.0,8.7836,0.0054,8.795029262650603,2475.4792,90.6,3.16,2.26,8.07,1.93,11.23,11.0,6807.2,218.0,940.3,0.034,-2598.014,-0.39,0.384,0.2,2008.0,7.87811,0.013309437066635326,True,False,False,True
HD 215152 c,HD 215152,251042502.0,ok,3.0,7616.0,1380.6,7.28243,0.00827,7.286503283582089,2452.5212,89.3,2.8,2.8,8.07,1.66,13.5,6.0,18740.0,146.0,6254.3,0.05,,,,,2018.0,7.204,0.004765208110992529,True,False,False,True
HD 168009 b,HD 168009,416117806.0,ok,10.0,34658.0,1849.6,15.1479,0.0037,15.158185611111112,1693.9826,33.5,1.64,5.46,8.07,2.77,10.81,17.0,1235.5,81.0,831.5,0.047,,,,,2021.0,5.7155,0.027114528530959126,True,False,False,True
TOI-544 c,TOI-544,50618703.0,ok,3.0,10672.0,2577.4,50.089,0.24,50.769229696472514,1514.3156,946.3,1.46,4.86,8.04,3.75,8.69,2.0,12135.2,385.0,1051.6,0.013,2211.682,0.077,0.083,44.2,2023.0,9.6504,0.07797976135539586,True,False,False,True
KOBE-1 b,KOBE-1,16917838.0,ok,2.0,6031.0,1117.2,8.5399,0.0037,8.550986887719297,1768.6838,167.9,3.75,2.68,8.01,1.63,11.52,6.0,4291.7,246.0,691.6,0.041,,,,,2025.0,8.6452,0.03912202623668943,True,False,False,True
KIC 8121913 b,KIC 8121913,268484648.0,ok,4.0,14689.0,246.2,3.294601,0.00022,3.2993513549302325,3313.1368,723.0,1.6,5.32,8.01,3.03,24.48,32.0,1941.5,1690.0,48.4,0.211,,,,,2021.0,11.8254,0.37239248004120523,True,False,False,True
HD 216770 b,HD 216770,47526465.0,ok,4.0,12353.0,2579.0,118.45,0.55,116.97377659574468,1470.5405,346.6,2.75,9.17,7.98,3.59,8.74,1.0,12554.1,153.0,2418.9,0.01,-4394.485,-0.485,0.274,8.4,2003.0,7.4176,0.027608510367131057,True,False,False,True
GJ 357 c,GJ 357,413248763.0,ok,5.0,14675.0,2555.7,9.1247,0.0011,9.121719672930649,1526.0204,210.8,1.46,1.83,7.93,1.19,16.77,10.0,4723.2,260.0,871.6,0.026,,,,,2019.0,8.74094,0.04463075880758808,True,False,False,True
HD 158259 f,HD 158259,188768068.0,ok,16.0,41849.0,1245.2,12.028,0.009,12.01569117647059,2391.0187,25.8,2.45,4.91,7.93,1.2,21.14,26.0,735.0,83.0,420.3,0.053,,,,,2020.0,5.8961,0.03510204081632653,True,False,False,True
YZ Cet b,YZ Cet,439403362.0,ok,4.0,13635.0,2904.6,2.02087,9e-05,2.0185493837320574,1386.151,176.2,0.67,0.69,7.93,3.13,9.44,49.0,2788.5,381.0,489.3,0.045,-4004.313,0.398,0.189,-22.8,2017.0,12.2975,0.06318809395732472,True,False,False,True
HD 102117 b,HD 102117,267519701.0,ok,4.0,12414.0,2528.6,20.8133,0.0064,20.775825679301747,1587.579,128.7,1.81,6.02,7.9,3.32,8.57,3.0,9218.4,113.0,4675.1,0.038,-3903.371,-0.181,0.102,3.5,2005.0,6.8219,0.013961208018745118,True,False,False,True
GJ 876 d,GJ 876,188580272.0,ok,5.0,14221.0,2474.3,1.93778,2e-05,1.9402621002247191,1355.1931,63.8,1.0,0.99,7.88,2.91,10.64,50.0,13555.5,167.0,6126.3,0.067,-6398.597,0.378,0.048,-8.5,2005.0,7.57703,0.004706576666297813,False,False,False,True
HD 74698 b,HD 74698,308087983.0,ok,15.0,50891.0,2501.4,15.017,0.002,15.042003674876849,1547.0176,35.6,2.95,5.89,7.84,3.86,10.0,32.0,2869.9,131.0,1458.7,0.051,-1502.846,0.094,0.203,2.6,2023.0,7.1754,0.012404613401163804,True,False,False,True
TOI-2015 c,TOI-2015,368287008.0,ok,3.0,5922.0,1496.3,5.582796,4.2e-05,5.573084531609302,1958.3266,3751.4,0.83,1.57,7.82,2.18,11.05,9.0,15576.7,2916.0,232.2,0.037,,,,,2025.0,12.8387,0.24083406626564033,True,False,False,True
G 192-15 b,G 192-15,467119250.0,ok,2.0,6586.0,1120.4,2.27476,0.00028,2.271891824347826,1816.8419,1000.8,0.67,0.8,7.81,2.42,11.49,21.0,2925.5,1447.0,85.1,0.046,,,,,2025.0,11.2273,0.3420953683131088,True,False,False,True
HD 40307 d,HD 40307,374859347.0,ok,16.0,54504.0,1056.0,20.432,0.024,20.4318431372549,3002.4912,49.0,1.16,3.88,7.8,3.01,13.47,17.0,17292.9,92.0,5604.5,0.025,,,,,2009.0,6.2473,0.0028335328371759507,True,False,False,True
HD 90156 b,HD 90156,193032655.0,ok,7.0,23235.0,2555.1,49.77,0.07,49.86030264817151,1544.6188,44.4,5.21,6.51,7.79,3.38,9.79,6.0,4505.1,93.0,1871.3,0.017,,,,,2011.0,6.2924,0.009855497103282944,True,False,False,True
HIP 38594 b,HIP 38594,128902569.0,ok,4.0,13555.0,2226.1,60.722,0.122,60.662,1520.2448,325.3,2.64,5.27,7.77,3.8,11.18,2.0,3798.1,214.0,517.7,0.011,-4048.002,-0.299,0.319,,2020.0,8.17832,0.08564808720149548,True,False,False,True
HD 103774 b,HD 103774,180205814.0,ok,4.0,13166.0,2229.3,5.8881,0.0005,5.883758663576159,1544.5668,26.1,6.59,4.71,7.73,1.76,12.19,17.0,13723.1,111.0,11090.3,0.105,-1322.572,-0.062,0.345,-3.0,2013.0,6.6793,0.0019019026313296559,True,False,False,True
GJ 180 d,GJ 180,246902275.0,ok,5.0,17950.0,2852.6,106.3,0.129,105.91885255198488,1456.2864,305.6,2.35,4.71,7.72,3.96,8.42,3.0,8059.5,292.0,646.9,0.006,,,,,2020.0,8.8249,0.037917984986661706,True,False,False,True
HD 158259 d,HD 158259,188768068.0,ok,16.0,41849.0,1245.2,5.1980814,0.0008814,5.20212975,2392.973,14.8,2.97,3.71,7.69,1.03,21.58,56.0,633.2,83.0,479.6,0.093,,,,,2020.0,5.8961,0.02337334175615919,True,False,False,True
YZ Cet d,YZ Cet,439403362.0,ok,4.0,13635.0,2904.6,4.65626,0.00029,4.650612335358852,1387.2899,182.1,1.33,0.91,7.69,2.48,9.87,22.0,3570.1,381.0,474.0,0.026,-4004.494,-0.036,0.116,41.6,2017.0,12.2975,0.05100697459454917,True,False,False,True
HD 127506 b,HD 127506,286992966.0,ok,1.0,2750.0,24.4,65.78395,0.3436,64.75315,1945.9226,270.6,2.99,5.99,7.69,2.96,8.94,1.0,11543.9,172.0,348.7,0.012,-208.59,-0.249,0.8,,2022.0,7.6884,0.023440951498193852,True,False,False,True
HD 134606 f,HD 134606,262457542.0,ok,10.0,32661.0,2522.8,26.915,0.016,26.92150388174807,1634.344,56.2,1.86,6.21,7.68,3.27,9.51,8.0,724.6,89.0,413.3,0.03,-1493.88,0.226,0.291,2.4,2024.0,6.2133,0.07756003312172233,True,False,False,True
HD 134606 e,HD 134606,262457542.0,ok,10.0,32661.0,2522.8,4.3203,0.00051,4.325060163179916,1629.0494,28.4,1.01,3.37,7.64,3.06,9.48,58.0,257.6,89.0,271.2,0.102,-1499.442,0.137,0.192,-2.8,2024.0,6.2133,0.11024844720496893,True,False,False,True
HD 164922 d,HD 164922,159019691.0,ok,4.0,11281.0,1115.5,12.458,0.003,12.460004735632184,2399.2153,75.7,1.23,4.08,7.64,1.86,10.57,7.0,725.9,96.0,306.7,0.043,508.335,-0.22,0.079,-5.1,2020.0,6.2808,0.10428433668549388,True,False,False,True
HD 330075 b,HD 330075,275786473.0,ok,2.0,6520.0,761.0,3.38773,8e-05,3.384136537408907,1628.8114,132.4,2.36,2.95,7.63,1.42,11.64,14.0,15622.8,271.0,3136.5,0.114,-4120.338,0.051,0.043,-42.4,2004.0,8.5171,0.008474793250889725,True,False,False,True
HD 96700 c,HD 96700,23270430.0,ok,5.0,16935.0,2555.0,19.88,0.01,19.897370873786407,1561.6658,57.3,1.78,5.93,7.62,3.0,9.83,6.0,412.5,79.0,306.1,0.039,,,,,2021.0,5.9398,0.1389090909090909,True,False,False,True
HD 101930 b,HD 101930,267399515.0,ok,4.0,12191.0,1496.8,70.46,0.18,70.3446676096181,1571.3549,143.7,3.89,7.78,7.59,3.93,7.82,2.0,29701.2,139.0,5773.7,0.014,-3885.641,0.448,0.224,17.6,2005.0,7.4165,0.004838188356026019,True,False,False,True
HD 185269 b,HD 185269,213721036.0,ok,4.0,14180.0,948.7,6.83776,0.00027,6.827336002237763,2391.5926,40.1,1.89,6.31,7.57,2.05,10.07,14.0,2581.2,102.0,1590.1,0.121,-3846.9,0.359,0.041,-0.6,2006.0,6.12,0.015535409886874324,False,False,False,True
TOI-500 d,TOI-500,134200185.0,ok,9.0,21687.0,2249.4,26.233,0.02,26.212802955665023,1480.039,360.0,2.02,4.04,7.51,3.56,12.98,5.0,17045.8,334.0,2006.4,0.02,,,,,2022.0,9.4022,0.021119571976674606,True,False,False,True
HD 5278 c,HD 5278,263003176.0,ok,9.0,28076.0,2581.6,40.87,0.18,40.56305263157895,1362.2309,103.3,2.15,7.18,7.51,3.87,9.54,6.0,2750.2,148.0,837.6,0.023,,,,,2021.0,7.4371,0.03756090466147917,True,False,False,True
HD 224693 b,HD 224693,114807081.0,ok,4.0,12190.0,2579.0,26.6904,0.0019,26.646573740077823,1356.3534,162.2,2.87,9.57,7.5,2.73,12.59,3.0,2862.8,170.0,1084.2,0.047,6173.037,-0.465,0.03,-7.3,2006.0,7.6726,0.0566578175213078,False,False,False,True
HD 176986 c,HD 176986,39554091.0,ok,2.0,5448.0,348.4,16.8124,0.0015,16.842783855421686,3486.4949,125.9,3.94,3.94,7.49,1.57,12.14,3.0,14312.9,151.0,1780.9,0.031,-1494.006,0.24,0.257,-5.4,2017.0,7.5672,0.008796260715857724,True,False,False,True
HD 75289 b,HD 75289,181741837.0,ok,5.0,16632.0,2229.1,3.50927,6.4e-05,3.5121696303941605,1521.1439,14.7,4.36,3.12,7.48,0.81,18.22,34.0,7273.1,71.0,9707.5,0.116,-5785.133,-0.007,0.044,10.6,1999.0,5.828,0.002021146416246167,True,False,False,True
HD 1461 c,HD 1461,37748347.0,ok,3.0,7596.0,1846.8,13.5052,0.0029,13.489992463865546,1393.2896,63.0,2.47,4.95,7.44,2.13,10.2,3.0,725.7,79.0,508.3,0.048,,,,,2015.0,5.8575,0.086812732534105,True,False,False,True
HD 134606 b,HD 134606,262457542.0,ok,10.0,32661.0,2522.8,12.089,0.0016,12.079861858267718,1639.2089,32.2,2.38,4.75,7.38,2.9,9.84,18.0,1274.0,89.0,951.1,0.051,-1998.933,-0.054,0.115,-4.0,2024.0,6.2133,0.02527472527472528,True,False,False,True
HD 7924 b,HD 7924,468723402.0,ok,9.0,29487.0,1872.0,5.39792,0.00025,5.403464743424,1793.5978,18.4,4.01,2.87,7.38,1.46,13.7,39.0,14410.7,93.0,10303.2,0.07,-2271.363,0.061,0.167,-5.3,2008.0,6.3929,0.0012768290228788329,True,False,False,True
HD 134606 c,HD 134606,262457542.0,ok,10.0,32661.0,2522.8,58.883,0.041,58.99023076923077,1636.9065,61.4,2.42,8.06,7.35,3.1,9.31,5.0,1648.1,89.0,719.8,0.018,-1980.798,0.439,0.362,7.7,2024.0,6.2133,0.037255020933195805,True,False,False,True
Kepler-411 e,Kepler-411,399954349.0,ok,12.0,35462.0,1875.7,31.509728,8.5e-05,31.46332905986813,1708.4061,862.5,2.46,4.93,7.35,2.56,13.21,7.0,3112.8,1219.0,92.4,0.02,,,,,2018.0,11.6052,0.2770817270624518,True,False,False,True
HD 117618 b,HD 117618,243194645.0,ok,5.0,15820.0,2549.7,25.8,0.004,25.803723711340208,1623.2648,105.2,1.88,6.28,7.29,2.72,9.37,3.0,9954.1,114.0,4575.0,0.032,-6182.51,-0.451,0.089,-12.6,2004.0,6.6222,0.010568509458414121,False,False,False,True
G 268-110 b,G 268-110,471016687.0,ok,2.0,5624.0,755.7,1.43263,7.6e-05,1.4333958298617513,1387.026,1623.7,0.67,0.7,7.29,0.67,13.71,28.0,3381.6,2945.0,46.9,0.064,,,,,2025.0,11.267,0.480157321977762,True,False,False,True
Teegarden's Star d,Teegarden's Star,257870150.0,ok,3.0,8859.0,785.0,26.13,0.04,26.01277724204436,2491.2724,1072.3,2.0,1.41,7.24,3.47,7.66,2.0,5213.7,749.0,96.0,0.007,,,,,2024.0,10.565,0.20566967796382607,True,False,False,True
HD 63454 b,HD 63454,278380701.0,ok,16.0,52392.0,1679.1,2.81805,7.1e-05,2.820322919016393,2203.662,36.9,2.11,2.64,7.24,0.34,25.46,127.0,37050.1,239.0,13040.2,0.122,-3888.85,-0.04,0.062,0.7,2005.0,8.439,0.0009959487288833228,True,False,False,True
HIP 54373 c,HIP 54373,410407964.0,ok,5.0,16606.0,2555.2,15.144,0.008,15.16807896,1544.8558,132.4,3.06,3.06,7.23,2.49,11.75,9.0,7744.9,252.0,1479.9,0.026,,,,,2019.0,8.67362,0.01709512066004726,True,False,False,True
HD 49674 b,HD 49674,21267079.0,ok,2.0,4918.0,373.3,4.94737,0.00098,4.953236792743363,2940.5006,72.7,3.12,3.12,7.19,0.5,12.74,8.0,7174.6,163.0,1431.6,0.083,-5115.43,0.326,0.33,-12.3,2002.0,7.4582,0.01013296908538455,True,False,False,True
BD-08 2823 b,BD-08 2823,33355302.0,ok,2.0,5231.0,762.0,5.6,0.02,5.561134856300663,1523.4514,169.5,2.88,2.88,7.16,0.91,11.9,8.0,16850.8,261.0,2711.5,0.067,-2361.585,-0.243,2.736,-2.1,2009.0,8.86,0.010058869608564579,True,False,False,True
HD 158259 c,HD 158259,188768068.0,ok,16.0,41849.0,1245.2,3.432,0.0003,3.425694048780488,2392.9633,12.5,2.26,3.23,7.16,0.76,21.29,87.0,659.5,83.0,573.6,0.123,,,,,2020.0,5.8961,0.018953752843062926,True,False,False,True
HD 83443 b,HD 83443,32820141.0,ok,7.0,23385.0,2230.4,2.985628,1e-05,2.985641727025288,1547.0095,33.5,2.46,2.46,7.14,0.99,19.29,54.0,43502.8,144.0,27438.0,0.108,-5790.878,-0.263,0.035,-4.9,2002.0,7.5351,0.0007700653751022922,False,False,False,True
HD 48948 b,HD 48948,88228576.0,ok,3.0,8290.0,1469.9,7.34013,0.0004,7.330324266486486,1843.8838,63.8,3.8,2.72,7.14,2.5,8.88,8.0,1780.9,157.0,561.8,0.048,-432.031,0.065,0.235,1.7,2024.0,7.381,0.03582458307597282,True,False,False,True
GJ 581 b,GJ 581,36853511.0,ok,2.0,3752.0,1101.1,5.3686,0.0001,5.378251606319116,2703.0542,230.2,1.5,1.44,7.12,3.72,7.78,4.0,48825.2,232.0,7669.5,0.035,-2247.737,0.175,0.02,91.0,2005.0,8.20238,0.004714778434087316,False,False,False,True
HD 45184 b,HD 45184,49831913.0,ok,4.0,12252.0,2822.3,5.8854,0.0003,5.879552570322581,1472.2542,33.0,1.74,3.49,7.1,1.87,11.05,14.0,2088.3,67.0,2701.4,0.078,-1500.556,0.116,0.141,-0.3,2019.0,5.7911,0.015802327251831633,True,False,False,True
GJ 581 c,GJ 581,36853511.0,ok,2.0,3752.0,1101.1,12.9211,0.0008,12.907301687706422,2699.1965,314.0,1.93,1.93,7.09,3.34,7.74,2.0,13330.5,232.0,1560.9,0.02,-2238.27,0.124,0.028,93.2,2007.0,8.20238,0.023555005438655713,False,False,False,True
HD 96700 b,HD 96700,23270430.0,ok,5.0,16935.0,2555.0,8.1245,0.0006,8.13601457913669,1549.1507,31.8,2.2,4.4,7.08,2.44,9.87,14.0,1238.4,79.0,1240.2,0.071,,,,,2021.0,5.9398,0.025678294573643408,True,False,False,True
HD 179079 b,HD 179079,48917782.0,ok,1.0,1834.0,26.0,14.479,0.01,14.471105263157892,2772.1116,96.1,6.9,6.9,7.06,1.53,14.54,2.0,3099.4,147.0,117.7,0.062,6202.389,0.086,0.264,41.4,2008.0,7.3186,0.03100600116151513,True,False,False,True
GJ 180 b,GJ 180,246902275.0,ok,5.0,17950.0,2852.6,17.133,0.003,17.139096011235953,1439.151,233.9,1.28,2.56,7.06,3.18,8.65,8.0,6733.4,292.0,1007.5,0.02,,,,,2014.0,8.8249,0.03473727982891259,True,False,False,True
HD 155918 b,HD 155918,311649327.0,ok,7.0,22341.0,2548.7,1.87567,4e-05,1.878381227245841,1629.3708,22.1,1.13,2.26,7.03,2.4,10.62,86.0,1338.1,98.0,1605.6,0.158,-4612.095,-0.407,0.127,5.6,2022.0,6.4247,0.016515955459233244,False,False,False,True
HD 85426 c,TOI-1774,4897275.0,ok,2.0,6321.0,765.3,35.73,0.1,35.97713656387665,1890.6695,149.3,3.39,6.78,7.03,2.63,8.45,2.0,1549.3,181.0,216.9,0.025,,,,,2026.0,7.6474,0.09636610081972505,True,False,False,True
HD 215152 b,HD 215152,251042502.0,ok,3.0,7616.0,1380.6,5.75999,0.00175,5.751587191058824,2448.565,119.6,0.78,2.59,7.02,1.02,13.63,9.0,18433.5,146.0,6652.8,0.059,,,,,2018.0,7.204,0.006488187267746222,True,False,False,True
HD 154088 b,HD 154088,20856917.0,ok,1.0,2608.0,25.0,18.56,0.01,18.593212631578947,3781.6348,78.0,2.36,4.71,7.0,1.86,8.91,2.0,1298.3,103.0,58.2,0.033,,,,,2021.0,5.8611,0.0600785642763614,True,False,False,True
HD 48948 c,HD 48948,88228576.0,ok,3.0,8290.0,1469.9,38.06,0.06,38.167796610169496,1848.5417,164.5,1.41,4.7,6.98,2.43,8.8,3.0,2848.1,157.0,515.2,0.016,-443.143,0.212,0.352,-17.3,2024.0,7.381,0.05775780344791265,True,False,False,True
DMPP-1 d,DMPP-1,66560666.0,ok,3.0,11850.0,2577.4,3.1417,0.0248,3.1216428203477142,1470.7257,39.9,3.14,3.14,6.98,1.35,12.35,27.0,497.2,144.0,370.9,0.131,1687.565,-0.02,3.013,6.1,2019.0,7.4742,0.08024939662107804,True,False,False,True
HD 40307 c,HD 40307,374859347.0,ok,16.0,54504.0,1056.0,9.6184,0.005,9.615865810778445,2989.9082,24.9,1.51,3.02,6.97,2.2,13.47,41.0,17215.3,92.0,7194.1,0.041,,,,,2009.0,6.2473,0.0014463878061956516,True,False,False,True
GJ 180 c,GJ 180,246902275.0,ok,5.0,17950.0,2852.6,24.329,0.066,24.291037209302328,1459.8751,461.5,0.86,2.88,6.97,3.11,8.51,3.0,6623.5,292.0,882.1,0.015,,,,,2014.0,8.8249,0.06967615309126594,True,False,False,True
HD 39194 d,HD 39194,389506883.0,ok,16.0,54143.0,1030.6,33.874,0.024,33.93600000000001,3022.0802,61.9,2.42,4.84,6.94,2.79,10.66,13.0,1427.5,150.0,243.7,0.019,-4080.86,-0.313,0.521,-6.5,2021.0,7.3472,0.043362521891418565,True,False,False,True
GJ 1148 b,GJ 1148,115869504.0,ok,3.0,8361.0,1466.8,41.38,0.002,41.350267002288334,1915.0339,708.2,0.96,3.21,6.9,3.44,8.01,2.0,215387.0,359.0,13500.4,0.01,,,,,2010.0,9.29573,0.0032880350253265056,True,False,False,True
HD 144899 b,HD 144899,215687919.0,ok,3.0,10017.0,1465.5,40.43914,0.04979,40.41877136363637,1661.4571,184.8,7.82,9.77,6.9,3.58,7.5,2.0,1624.6,220.0,293.8,0.032,-3843.85,0.138,0.207,-3.2,2022.0,8.3937,0.11375107718823096,True,False,False,True
HD 205158 b,HD 205158,316830331.0,ok,4.0,12778.0,2581.6,25.33798,0.0036,25.352654505791502,1339.1827,83.7,13.34,9.53,6.88,3.04,8.97,2.0,10586.9,137.0,5071.2,0.049,-10965.245,-0.388,284.999,-6.7,2022.0,7.3253,0.007905997034070408,True,False,False,True
HD 60779 c,HD 60779,65672998.0,ok,3.0,9892.0,2225.1,104.79,0.23,104.55813008130082,1515.5302,78.2,2.85,9.51,6.86,3.3,7.77,3.0,5107.7,99.0,1540.2,0.012,,,,,2026.0,6.6155,0.015310217906298334,True,False,False,True
HD 45184 c,HD 45184,49831913.0,ok,4.0,12252.0,2822.3,13.1354,0.0026,13.138456804721754,1472.4741,36.3,2.28,4.56,6.82,1.74,11.01,8.0,1424.5,67.0,1408.0,0.045,-1491.778,-0.331,0.345,-2.1,2019.0,5.7911,0.02548262548262548,True,False,False,True
HD 134060 b,HD 134060,454901855.0,ok,7.0,23938.0,1817.4,3.2696,0.0001,3.271772111888112,2334.5239,10.5,4.26,3.04,6.81,1.46,11.12,54.0,1426.9,77.0,1618.3,0.122,-1498.536,0.333,0.048,-1.7,2019.0,5.7308,0.007358609573200644,False,False,False,True
HD 10180 c,HD 10180,231836962.0,ok,9.0,28639.0,2879.0,5.75969,0.00028,5.765915492913992,1328.2142,30.8,1.77,3.54,6.8,3.05,10.11,36.0,6951.1,108.0,5760.4,0.08,-3002.48,-0.103,0.088,2.6,2010.0,6.7568,0.004430953374286084,True,False,False,True
HD 93385 c,HD 93385,106900981.0,ok,4.0,12816.0,2230.5,13.18,0.003,13.16601558685446,1548.87,59.5,2.51,5.01,6.79,2.87,8.4,8.0,909.7,114.0,491.4,0.05,,,,,2021.0,6.9359,0.06540617786083323,True,False,False,True
TOI-1052 c,TOI-1052,317060587.0,ok,8.0,24572.0,2851.9,35.806,0.453,34.76168838100451,1346.6602,235.8,2.13,7.11,6.77,3.96,8.99,5.0,5110.9,283.0,908.9,0.026,,,,,2023.0,9.0197,0.04613668825451486,True,False,False,True
HD 20781 c,HD 20781,144503312.0,ok,4.0,11681.0,2879.7,13.8905,0.0034,13.89962273551263,1413.0535,315.9,1.23,4.1,6.75,3.55,7.83,5.0,1310.9,315.0,257.1,0.039,-1493.685,0.261,0.208,21.8,2019.0,7.7242,0.24097947974673883,True,False,False,True
HD 20781 e,HD 20781,144503312.0,ok,4.0,11681.0,2879.7,85.5073,0.0983,85.66430047393365,1413.0315,358.6,2.25,7.51,6.72,3.85,7.33,2.0,4099.4,315.0,434.5,0.011,-1482.519,-0.137,0.197,31.1,2019.0,7.7242,0.0874762160316144,True,False,False,True
HD 20003 b,HD 20003,370137704.0,ok,15.0,47602.0,2607.8,11.8482,0.0017,11.85789054057508,1332.74,49.1,1.99,3.99,6.69,1.79,16.37,31.0,2696.9,155.0,1093.4,0.044,-1504.386,0.456,0.054,3.6,2019.0,7.7153,0.018206088471949274,False,False,False,True
G 264-012 c,G 264-012,322391844.0,ok,8.0,24826.0,1845.5,8.0518,0.0034,8.048191095291902,1743.1292,260.8,2.33,1.66,6.68,1.93,13.15,20.0,6471.7,616.0,434.8,0.027,,,,,2021.0,10.4626,0.040298530525209764,True,False,False,True
HD 46375 b,HD 46375,234928947.0,ok,1.0,3037.0,23.5,3.023573,6.5e-05,3.0245278125263155,3667.2149,125.7,0.74,2.47,6.67,2.16,7.85,8.0,23326.4,144.0,1430.7,0.107,-5928.648,-0.317,0.093,22.6,2000.0,7.1695,0.005388744083956376,False,False,False,True
HD 13808 b,HD 13808,220022156.0,ok,9.0,30927.0,2878.5,14.1815,0.0015,14.16930044640434,1356.4554,94.8,1.12,3.74,6.66,3.46,9.26,12.0,3581.7,151.0,1381.0,0.035,,,,,2021.0,7.5613,0.02646787838177402,True,False,False,True
HD 93385 d,HD 93385,106900981.0,ok,4.0,12816.0,2230.5,45.85,0.05,45.90653594771242,1570.4067,121.1,2.28,7.6,6.66,2.94,8.68,2.0,1155.7,114.0,409.6,0.022,-1460.03,0.095,0.186,-0.6,2021.0,6.9359,0.10478497880072682,True,False,False,True
DMPP-6 b,DMPP-6,306668068.0,ok,16.0,56482.0,1683.9,7.6027,0.0261,7.615763868225292,2365.0762,27.2,2.21,4.42,6.64,3.04,9.96,53.0,623.9,129.0,319.9,0.076,1861.311,0.261,0.865,-7.4,2026.0,7.1647,0.043596730245231606,True,False,False,True
DMPP-7 b,DMPP-7,365158631.0,ok,4.0,10163.0,1869.0,4.92666,0.0003,4.931491916538461,1932.7335,86.6,2.15,4.3,6.59,0.93,14.57,16.0,8373.2,205.0,3500.6,0.114,2995.694,0.243,0.294,-6.9,2026.0,8.25428,0.010342521377728944,True,False,False,True
HIP 12961 b,HIP 12961,204614039.0,ok,2.0,6173.0,758.8,57.435,0.042,57.381,1462.3091,398.9,2.58,5.15,6.56,2.42,7.8,1.0,79890.4,251.0,5525.3,0.012,,,,,2010.0,8.7514,0.004993090534031623,True,False,False,True
HD 10180 e,HD 10180,231836962.0,ok,9.0,28639.0,2879.0,49.748,0.025,49.69418290237466,1354.0436,91.5,2.18,7.26,6.52,3.15,9.46,3.0,4595.8,108.0,1843.8,0.019,-3000.954,-0.459,0.151,-10.7,2010.0,6.7568,0.019909482571043125,False,False,False,True
HD 206255 b,HD 206255,139842723.0,ok,4.0,12726.0,1853.7,96.045,0.317,96.9284523364486,1327.9748,83.1,4.93,16.43,6.5,3.4,8.04,2.0,1648.9,129.0,479.8,0.022,,,,,2019.0,6.9928,0.050397234519983014,True,False,False,True
GJ 536 b,GJ 536,119147875.0,ok,2.0,4408.0,1133.6,8.70874,0.00056,8.711799827567567,2673.8936,218.0,0.73,2.44,6.47,1.71,8.08,5.0,4015.8,169.0,899.1,0.037,,,,,2016.0,7.81159,0.05428557199063698,True,False,False,True
HD 10180 d,HD 10180,231836962.0,ok,9.0,28639.0,2879.0,16.357,0.0038,16.3784128,1331.4925,54.5,1.5,5.01,6.44,2.9,9.84,12.0,6839.4,108.0,4005.7,0.04,-2989.149,0.146,0.108,-3.0,2010.0,6.7568,0.00796853525163026,True,False,False,True
DMPP-6 c,DMPP-6,306668068.0,ok,16.0,56482.0,1683.9,36.441,0.077,36.48746938775511,2375.1241,48.0,3.73,7.45,6.41,3.09,10.1,11.0,1683.4,129.0,511.3,0.027,1837.099,-0.236,0.551,10.1,2026.0,7.1647,0.02851372222882262,True,False,False,True
TOI-2458 c,TOI-2458,449197831.0,ok,2.0,8239.0,1871.3,16.553,0.061,16.48085576923077,2188.3161,264.5,1.79,5.96,6.38,2.17,10.91,3.0,1142.9,253.0,249.2,0.047,2170.852,0.055,0.278,-13.2,2024.0,8.71008,0.23142882141919677,True,False,False,True
HD 28471 c,HD 28471,38698692.0,ok,16.0,51845.0,1624.3,6.1245,0.0856,6.233762711302619,2311.3259,22.9,2.89,3.61,6.38,3.44,9.3,60.0,848.7,133.0,419.2,0.077,,,,,2025.0,7.2953,0.02698244373748085,True,False,False,True
Teegarden's Star b,Teegarden's Star,257870150.0,ok,3.0,8859.0,785.0,4.90634,0.00041,4.913672312993348,2479.13,503.0,1.17,0.81,6.38,2.9,7.2,12.0,6327.1,749.0,202.9,0.021,1048.876,-0.489,0.227,-35.8,2019.0,10.565,0.07949929667620237,True,False,False,True
HD 68988 b,HD 68988,73312938.0,ok,4.0,11504.0,1496.9,6.27711,0.00021,6.271508886461539,1845.4067,83.0,1.1,3.67,6.36,2.34,8.28,15.0,6874.8,168.0,2568.4,0.077,-5450.467,0.298,0.05,1.1,2001.0,7.6263,0.01207307848955606,False,False,False,True
GJ 724 b,GJ 724,424934357.0,ok,2.0,5380.0,348.4,5.101284,8e-05,5.096804823804877,3480.2034,206.7,1.62,2.02,6.35,1.96,8.05,8.0,7632.0,303.0,625.8,0.052,509.966,0.253,0.014,-20.9,2023.0,8.682,0.02708333333333333,False,False,False,True
GJ 676 A d,GJ 676 A,369021303.0,ok,4.0,12689.0,2226.4,3.60076,0.0002,3.604069215814932,1631.2775,64.6,1.8,2.24,6.33,1.26,11.64,25.0,1289.9,180.0,566.3,0.082,-3087.439,0.478,0.093,-4.4,2012.0,7.90696,0.05008140165904333,False,False,False,True
TOI-431 c,TOI-431,31374837.0,ok,5.0,13327.0,2852.5,4.8494,0.0003,4.853267407314897,1440.9588,89.1,1.22,2.44,6.31,1.66,10.14,23.0,808.7,201.0,322.9,0.066,,,,,2021.0,8.1705,0.1101768270063064,True,False,False,True
DMPP-2 c,DMPP-2,32432767.0,ok,5.0,17346.0,354.1,3.168,0.355,3.16516,3939.3381,48.9,2.12,4.23,6.3,2.94,8.49,40.0,4187.5,205.0,937.8,0.175,524.18,0.017,128.058,5.3,2026.0,8.1311,0.011677611940298507,True,False,False,True
HIP 4845 b,HIP 4845,24250831.0,ok,2.0,5699.0,755.7,34.15,0.046,34.159462857142856,1419.3138,266.5,4.17,4.17,6.3,2.44,6.7,1.0,8051.7,240.0,683.0,0.016,-2298.999,-0.118,0.23,-24.2,2020.0,8.547401,0.03309860029558975,True,False,False,True
HD 33142 d,HD 33142,169397663.0,ok,2.0,6881.0,761.9,89.9,0.1,89.67500000000001,1475.1516,91.6,8.85,29.49,6.27,1.5,11.48,1.0,971.3,188.0,168.1,0.043,,,,,2022.0,7.14982,0.09430659940286214,True,False,False,True
HD 105618 b,HD 105618,397519199.0,ok,2.0,6009.0,111.1,10.02245,0.00139,10.01042306,2560.5934,134.0,2.48,4.97,6.26,0.99,10.64,4.0,3535.9,194.0,285.5,0.065,-5132.461,-0.418,0.108,5.1,2022.0,8.0222,0.037896999349529115,False,False,False,True
GJ 740 b,GJ 740,227642705.0,ok,2.0,4174.0,736.2,2.37756,0.00013,2.376087374184397,2770.2975,76.1,1.67,1.63,6.25,1.12,10.23,12.0,1452.8,149.0,462.6,0.09,-2350.719,-0.104,0.185,8.1,2021.0,7.46819,0.05238160792951542,True,False,False,True
HD 39194 b,HD 39194,389506883.0,ok,16.0,54143.0,1030.6,5.63692,0.00032,5.629668178594594,3015.59,41.8,0.8,2.66,6.23,1.88,11.8,68.0,1253.2,150.0,390.8,0.062,-4058.928,0.033,0.45,2.3,2021.0,7.3472,0.033354612192786466,True,False,False,True
HD 109271 b,HD 109271,429301734.0,ok,4.0,11559.0,2227.4,7.8543,0.0009,7.841373484665227,1576.9702,97.9,1.38,4.6,6.2,1.76,10.05,8.0,2155.1,147.0,1119.7,0.077,-1277.868,0.475,0.462,2.8,2013.0,7.4446,0.04542712635144541,True,False,False,True
GJ 433 d,GJ 433,57654763.0,ok,4.0,13527.0,2203.8,36.059,0.016,36.104155553539016,1589.1554,206.3,1.15,3.83,6.2,3.38,7.29,3.0,3557.8,173.0,667.1,0.014,,,,,2020.0,7.80742,0.05798527179717803,True,False,False,True
GJ 3341 b,GJ 3341,77897915.0,ok,3.0,9790.0,761.9,14.207,0.007,14.213497399317406,1438.1402,409.6,1.99,2.48,6.18,2.43,7.95,5.0,6080.0,552.0,268.2,0.023,-1376.304,0.103,0.121,-4.4,2015.0,9.99373,0.06736842105263158,True,False,False,True
HD 77338 b,HD 77338,37533318.0,ok,5.0,15478.0,2228.8,5.7361,0.0015,5.730455433510639,1521.6815,94.4,0.85,2.84,6.18,1.29,11.3,20.0,3508.4,168.0,1467.9,0.065,,,,,2012.0,7.9017,0.026906852126325393,True,False,False,True
DMPP-9 b,DMPP-9,376777782.0,ok,7.0,21050.0,2547.3,12.733,0.584,12.740271163558178,1657.3373,104.1,2.59,5.17,6.18,3.71,7.02,13.0,1854.8,255.0,497.0,0.053,585.585,0.171,9.763,-10.2,2026.0,8.69,0.05612464955790381,True,False,False,True
HD 40307 b,HD 40307,374859347.0,ok,16.0,54504.0,1056.0,4.3123,0.0012,4.317885267276887,2989.9665,11.9,2.31,2.31,6.17,1.41,14.12,95.0,17913.9,92.0,9798.7,0.07,,,,,2009.0,6.2473,0.0006642886250341913,True,False,False,True
HD 39855 b,HD 39855,160301040.0,ok,4.0,14681.0,2822.3,3.2498,0.0004,3.249789923100775,1469.2849,42.6,1.05,2.1,6.16,1.37,12.47,32.0,2846.7,121.0,2127.0,0.084,,,,,2019.0,6.8545,0.014964695963747499,True,False,False,True
NGC 2682 YBP 1194 b,NGC 2682 YBP 1194,437034946.0,ok,3.0,9456.0,78.1,6.959,0.001,6.9631754,2503.9718,9060.7,1.03,3.42,6.14,1.44,12.62,7.0,29977.4,9345.0,41.7,0.064,-1710.113,-0.441,0.114,-83.8,2014.0,14.012,0.30225102910859514,False,False,False,True
Pr0201 b,Pr0201,175290574.0,ok,4.0,12146.0,785.0,4.4264,0.007,4.439060107334526,2503.094,189.7,2.23,3.19,6.14,1.17,12.19,17.0,8249.4,500.0,832.1,0.094,,,,,2012.0,9.9678,0.022995611802070454,True,False,False,True
HD 215497 b,HD 215497,469943599.0,ok,8.0,24629.0,2907.3,3.93404,0.00066,3.938339540219781,1329.0662,70.8,0.84,2.78,6.14,2.14,9.7,45.0,12414.5,208.0,5753.2,0.093,-2141.097,0.086,0.253,-4.6,2009.0,8.1115,0.005703008578678158,True,False,False,True
HIP 54373 b,HIP 54373,410407964.0,ok,5.0,16606.0,2555.2,7.76,0.003,7.76732544,1544.4936,101.1,1.96,2.45,6.14,1.61,11.71,17.0,5027.4,252.0,1202.6,0.041,,,,,2019.0,8.67362,0.020109798305287026,True,False,False,True
HD 109246 b,HD 109246,154549250.0,ok,10.0,33810.0,1683.9,68.27,0.13,68.00262560777958,1711.8325,144.1,2.24,7.47,6.11,3.52,7.72,4.0,9146.7,189.0,1376.5,0.014,-2201.285,0.318,0.144,10.2,2010.0,8.1627,0.015754315764155376,True,False,False,True
HD 39194 c,HD 39194,389506883.0,ok,16.0,54143.0,1030.6,14.0309,0.0022,14.020518161904764,3026.6087,36.7,3.61,3.61,6.11,1.88,12.06,19.0,2214.1,150.0,509.1,0.034,-4063.445,0.317,0.422,-10.3,2021.0,7.3472,0.016575583758637824,True,False,False,True
GJ 581 e,GJ 581,36853511.0,ok,2.0,3752.0,1101.1,3.1481,0.0004,3.14645881042654,2699.891,206.6,0.67,1.21,6.08,2.59,7.66,8.0,4055.7,232.0,760.5,0.05,-2284.381,0.264,0.23,-14.7,2009.0,8.20238,0.05094065142885322,True,False,False,True
HD 156668 b,HD 156668,257715493.0,ok,5.0,13007.0,1495.8,4.6455,0.0011,4.6522640945273634,1988.0159,78.9,0.71,2.38,6.07,2.29,7.94,22.0,1308.6,150.0,512.9,0.067,-2280.733,-0.1,0.246,-28.3,2010.0,7.4911,0.06029344337459882,True,False,False,True
Barnard e,Barnard's star,325554331.0,ok,1.0,2271.0,26.2,6.7392,0.003,6.7257216,3486.2891,161.5,1.17,1.16,6.06,2.74,6.64,2.0,978.6,135.0,28.6,0.023,3247.422,0.444,0.057,60.3,2025.0,6.88269,0.16503167790721437,False,False,False,True
GJ 1061 c,GJ 1061,79611981.0,ok,6.0,20670.0,2874.2,6.6821,0.0008,6.695351081015719,1387.8947,157.6,1.5,1.08,6.04,2.32,9.18,23.0,4798.8,375.0,584.9,0.021,1300.236,0.118,0.285,43.8,2020.0,9.47068,0.03284154371926315,True,False,False,True
DMPP-1 e,DMPP-1,66560666.0,ok,3.0,11850.0,2577.4,5.516,0.004,5.518067796610169,1472.0551,77.0,1.14,3.79,6.01,0.87,12.49,14.0,424.9,144.0,262.7,0.09,,,,,2019.0,7.4742,0.1812191103789127,True,False,False,True
Gl 686 b,Gl 686,230241767.0,ok,4.0,10720.0,1469.2,15.53,0.0011,15.50257407678245,2021.277,152.1,1.29,2.57,6.0,2.68,6.9,5.0,6454.1,169.0,1258.0,0.022,801.31,-0.445,0.02,17.9,2018.0,7.69224,0.023566415146960843,False,False,False,True
GJ 1289 b,GJ 1289,352593978.0,ok,2.0,5996.0,1117.2,111.74,0.73,111.21034305317325,1859.4447,851.3,1.8,3.6,5.99,2.05,7.61,1.0,18374.6,490.0,453.1,0.004,,,,,2024.0,9.81379,0.04633026025056328,True,False,False,True
BD-10 3166 b,BD-10 3166,148563075.0,ok,3.0,9904.0,2200.9,3.48777,0.00011,3.489905666896552,1545.7229,105.6,3.08,2.2,5.99,1.67,8.7,20.0,13072.2,376.0,2749.0,0.083,-5656.785,0.075,0.077,-8.1,2000.0,9.3253,0.00807821177766558,True,False,False,True
TOI-2427 c,TOI-2427,142937186.0,ok,4.0,10771.0,2146.0,5.15,0.011,5.18283482302467,2145.8244,111.7,2.36,2.36,5.98,1.41,23.6,16.0,2720.9,299.0,605.5,0.06,2474.192,0.239,0.63,-21.1,2025.0,9.0138,0.041052592892057774,True,False,False,True
HN Lib b,HN Lib,294401924.0,ok,1.0,2271.0,23.5,36.116,0.029,36.029,3781.2192,655.6,0.81,2.71,5.97,2.74,6.65,1.0,10482.9,285.0,128.2,0.01,,,,,2023.0,8.56822,0.06253994600730714,True,False,False,True
Teegarden's Star c,Teegarden's Star,257870150.0,ok,3.0,8859.0,785.0,11.416,0.003,11.40076179157428,2481.7724,721.4,1.0,1.07,5.96,2.29,7.66,6.0,5985.0,749.0,144.5,0.012,1046.432,-0.269,0.284,100.1,2019.0,10.565,0.12053467000835422,True,False,False,True
HD 51608 c,HD 51608,279246287.0,ok,16.0,50426.0,1650.8,95.9446,0.1555,96.35926666666666,2307.8736,163.4,2.46,8.2,5.96,4.17,7.59,2.0,3474.0,133.0,651.9,0.011,-1429.415,-0.047,0.124,3.8,2019.0,7.4649,0.04703511801957398,True,False,False,True
HD 35843 b,HD 35843,7422496.0,ok,7.0,24813.0,2607.7,9.8991,0.0574,10.062321544515497,1448.0678,137.5,1.07,3.57,5.96,2.95,7.61,16.0,1260.8,259.0,316.5,0.047,,,,,2025.0,8.7601,0.10905774111675128,True,False,False,True
DMPP-2 d,DMPP-2,32432767.0,ok,5.0,17346.0,354.1,16.491,0.067,16.663387900355872,3948.0366,112.5,2.2,7.33,5.96,2.97,7.03,7.0,8217.6,205.0,1053.8,0.058,508.582,-0.434,0.928,11.1,2026.0,8.1311,0.013690128504672897,True,False,False,True
CoRoT-7 d,CoRoT-7,280304863.0,ok,3.0,7805.0,2220.4,8.966,1.546,10.573843092154608,1472.9775,653.4,1.63,3.26,5.95,3.9,6.71,7.0,5125.3,823.0,374.7,0.048,,,,,2022.0,10.9996,0.12748522037734375,True,False,False,True
HD 122562 c,HD 122562,233435627.0,ok,2.0,4818.0,761.2,84.96276,0.47059,83.94147957446809,1935.9785,114.4,4.83,16.09,5.94,2.3,7.88,2.0,4243.1,137.0,743.4,0.025,-2926.28,0.228,0.362,,2022.0,6.8366,0.02696141971671655,True,False,False,True
GJ 27.1 b,GJ 27.1,80417903.0,ok,2.0,6671.0,2578.9,15.819,0.026,15.881900814566364,1366.2415,547.7,1.46,2.92,5.93,3.55,6.21,2.0,9671.4,373.0,1201.3,0.024,,,,,2014.0,9.54228,0.056630891080919,True,False,False,True
HD 168443 b,HD 168443,16465196.0,ok,1.0,2497.0,26.2,58.11187,0.00024,57.99564626,3505.8225,93.6,3.63,12.12,5.91,2.13,7.76,1.0,2950.3,101.0,216.4,0.027,-6782.802,0.049,0.001,-2.6,1998.0,6.2674,0.031725587228417444,True,False,False,True
HD 86081 b,HD 86081,62760824.0,ok,4.0,12172.0,2227.4,2.1378431,1e-05,2.138151257563964,1518.3622,66.7,0.96,3.2,5.89,1.91,8.55,41.0,4683.6,199.0,2876.2,0.196,6695.969,0.117,0.066,-12.4,2006.0,8.18436,0.014241181996754632,True,False,False,True
GJ 3323 c,GJ 3323,43605290.0,ok,2.0,6696.0,761.9,40.54,0.21,40.75714579055442,1461.183,838.2,1.83,1.36,5.84,3.49,6.73,2.0,24024.4,728.0,346.0,0.004,,,,,2017.0,9.4284,0.03488952897887148,True,False,False,True
HD 212301 b,HD 212301,317057430.0,ok,6.0,19490.0,2581.6,2.24571,0.00028,2.243276246910491,1327.204,25.3,1.91,2.38,5.84,1.18,10.54,61.0,8148.6,133.0,6825.9,0.139,,,,,2005.0,7.2644,0.0031048278231843507,True,False,False,True
TOI-1062 c,TOI-1062,299799658.0,ok,10.0,30212.0,2581.6,7.972,0.024,7.915933277731443,1326.2546,157.3,0.93,3.11,5.83,3.33,18.68,28.0,2639.2,346.0,512.5,0.051,,,,,2021.0,9.478,0.059601394361927865,True,False,False,True
GJ 625 b,GJ 625,207492082.0,ok,13.0,35796.0,1845.5,14.628,0.013,14.605932868352223,1743.6468,123.2,0.62,2.06,5.81,1.88,13.02,18.0,4478.0,196.0,781.2,0.018,,,,,2017.0,8.02476,0.027512282268870033,True,False,False,True
TOI-2141 c,TOI-2141,287256467.0,ok,4.0,10781.0,1495.8,5.4624,0.0027,5.458934865198238,1987.9131,162.6,1.58,3.15,5.81,1.16,11.27,13.0,1192.4,286.0,259.8,0.075,,,,,2025.0,8.8975,0.13636363636363635,True,False,False,True
GJ 1061 d,GJ 1061,79611981.0,ok,6.0,20670.0,2874.2,13.066,0.002,13.047704440145104,1395.294,228.2,1.33,1.35,5.8,1.81,9.98,11.0,4588.0,375.0,446.3,0.014,1304.12,-0.022,0.238,-23.6,2020.0,9.47068,0.0497384481255449,True,False,False,True
HD 195019 b,HD 195019,210171104.0,ok,3.0,10537.0,761.9,18.20132,0.00039,18.16758911339449,2802.8634,54.8,1.99,6.63,5.8,2.02,8.37,5.0,4177.9,94.0,1555.7,0.048,-6965.014,-0.342,0.046,3.7,1998.0,6.2978,0.0131166375451782,False,False,False,True
HD 93385 b,HD 93385,106900981.0,ok,4.0,12816.0,2230.5,7.3426,0.0012,7.340128796131528,1549.8542,55.5,1.24,4.13,5.8,1.91,8.52,14.0,490.1,114.0,321.6,0.074,,,,,2021.0,6.9359,0.11324219547031218,True,False,False,True
HD 33283 b,HD 33283,13147218.0,ok,2.0,6823.0,761.8,18.1991,0.0017,18.17040965411765,1454.9182,105.9,2.53,8.45,5.78,2.67,7.07,3.0,7822.1,142.0,2171.9,0.061,6015.826,0.388,0.027,-10.2,2006.0,7.4915,0.013538563812786848,False,False,False,True
Pr0211 b,Pr0211,175291727.0,ok,3.0,9115.0,785.0,2.1461,3e-05,2.1459980744063327,2500.529,291.9,2.77,1.98,5.78,0.35,14.36,30.0,14293.2,1159.0,703.4,0.121,-320.772,-0.382,0.234,73.7,2012.0,11.3854,0.02042229871547309,True,False,False,True
HIP 91258 b,HIP 91258,383675945.0,ok,16.0,47912.0,750.4,5.0505,0.0015,5.0600486015625,2913.3265,37.8,1.4,2.8,5.76,0.84,13.0,70.0,12947.7,190.0,2945.9,0.073,,,,,2013.0,7.9605,0.002919437429041451,True,False,False,True
GJ 806 c,GJ 806,239332587.0,ok,7.0,22490.0,1164.2,6.64064,0.00025,6.638083297035776,2423.857,76.9,2.66,1.9,5.74,2.55,10.0,28.0,5859.9,264.0,859.8,0.037,,,,,2023.0,8.72762,0.013123090837727608,True,False,False,True
TOI-1450 A c,TOI-1450 A,377293776.0,ok,16.0,42813.0,809.3,5.0688,0.0019,5.059318065671642,2857.6278,190.2,0.58,1.92,5.72,0.32,26.85,63.0,455.3,494.0,34.2,0.05,,,,,2024.0,10.0306,0.4177465407423676,True,False,False,True
HD 76700 b,HD 76700,302368715.0,ok,12.0,40645.0,2230.8,3.97097,0.00023,3.968057955333333,1546.3938,19.4,3.16,3.95,5.71,2.86,7.44,74.0,9530.8,140.0,6804.0,0.13,-5786.533,-0.366,0.126,-1.0,2002.0,7.5109,0.0020355059386410377,False,False,False,True
GJ 433 b,GJ 433,57654763.0,ok,4.0,13527.0,2203.8,7.3705,0.0005,7.361491611111111,1576.8068,73.9,1.8,2.26,5.71,2.61,7.23,13.0,4224.6,173.0,1346.1,0.04,-2714.227,0.19,0.145,11.8,2013.0,7.80742,0.017492780381574587,True,False,False,True
HD 88133 b,HD 88133,27073220.0,ok,4.0,12595.0,759.1,3.414884,3e-05,3.4136662894263563,2526.5216,30.8,2.78,5.57,5.69,1.47,8.61,28.0,2131.4,153.0,1035.9,0.213,-3982.758,0.15,0.11,8.2,2004.0,7.3119,0.01445059585249132,True,False,False,True
HD 238090 b,HD 238090,224289449.0,ok,6.0,17793.0,1683.2,13.671,0.011,13.67397251908397,1722.5027,115.8,1.49,2.97,5.65,1.06,12.34,9.0,3793.9,207.0,744.0,0.028,,,,,2020.0,8.08547,0.030522681146050237,True,False,False,True
GJ 163 c,GJ 163,219221189.0,ok,6.0,21369.0,2602.1,25.63058,0.0255,25.563619568345324,1395.9289,240.9,2.38,2.98,5.64,2.97,6.76,6.0,7229.3,370.0,718.5,0.015,-1951.472,-0.398,0.251,-1.0,2013.0,9.47061,0.03332272834160984,True,False,False,True
DMPP-8 b,DMPP-8,318042295.0,ok,3.0,9563.0,2223.9,62.915,0.041,62.95232245762712,1657.8243,164.0,2.69,8.98,5.63,3.03,6.87,2.0,14632.9,180.0,3056.5,0.019,-2806.217,-0.046,0.071,-11.8,2026.0,8.073,0.011207621182404036,True,False,False,True
HD 27894 c,HD 27894,396697266.0,ok,16.0,55478.0,2417.1,36.07,0.26,36.36834596829773,1634.7337,116.7,1.73,5.76,5.59,3.84,6.26,10.0,16569.3,226.0,3060.4,0.021,,,,,2017.0,8.4643,0.007043146059278305,True,False,False,True
GJ 9404 b,GJ 9404,328860504.0,ok,2.0,5813.0,764.2,13.4586,0.0067,13.450407808695651,1909.0448,313.4,0.95,3.17,5.57,3.63,6.15,4.0,5986.9,271.0,625.1,0.031,95.085,-0.219,0.091,41.5,2023.0,8.85,0.05234762564933438,True,False,False,True
HD 28471 d,HD 28471,38698692.0,ok,16.0,51845.0,1624.3,11.681,0.0055,11.665582426512968,2313.9835,40.0,1.34,4.48,5.56,2.6,9.05,31.0,709.0,133.0,282.4,0.05,,,,,2025.0,7.2953,0.056417489421720736,True,False,False,True
HIP 107772 b,HIP 107772,197602069.0,ok,2.0,6269.0,759.0,55.199,0.083,55.38370126582279,1350.6409,315.3,2.07,4.14,5.54,3.84,5.81,2.0,9769.9,283.0,538.4,0.01,-3807.169,0.44,0.251,33.0,2020.0,9.0985,0.03227259234997288,True,False,False,True
GJ 393 b,GJ 393,277888583.0,ok,6.0,18653.0,1489.4,7.02679,0.00085,7.038129785241379,2261.405,90.7,0.59,1.97,5.53,1.77,9.18,19.0,623.4,154.0,174.8,0.037,,,,,2021.0,7.55839,0.14549246069939045,True,False,False,True
HD 6434 b,HD 6434,180871947.0,ok,4.0,11897.0,1851.9,21.998,0.009,22.01787358255452,1362.7386,70.5,2.76,5.52,5.49,2.37,6.71,4.0,8771.9,121.0,3302.4,0.033,-5512.579,-0.457,0.142,-11.3,2003.0,7.1462,0.008037027325892909,False,False,False,True
GJ 4276 b,GJ 4276,428238233.0,ok,5.0,16527.0,1845.5,13.352,0.003,13.366621065595718,1738.9444,453.0,1.18,2.37,5.49,2.61,7.34,10.0,20921.1,679.0,1181.7,0.023,573.497,0.286,0.034,-12.8,2019.0,10.3854,0.021652781163514347,False,False,False,True
L 98-59 e,L 98-59,307210830.0,ok,16.0,50094.0,1763.8,12.8278,0.0018,12.811462562962962,2282.0126,117.4,2.02,2.02,5.47,2.25,29.84,24.0,4323.2,350.0,436.2,0.021,,,,,2021.0,9.41242,0.027155810510732792,True,False,False,True
HD 20781 b,HD 20781,144503312.0,ok,4.0,11681.0,2879.7,5.3135,0.001,5.311232601293104,1413.0396,132.2,1.49,2.97,5.47,2.07,7.83,16.0,174.2,315.0,47.1,0.073,-1496.726,-0.383,0.425,-23.0,2019.0,7.7242,0.7588978185993112,True,False,False,True
HD 47186 b,HD 47186,101145648.0,ok,4.0,12691.0,2221.4,4.0845,0.0002,4.089108779104477,1469.9615,38.4,1.59,3.18,5.45,2.47,7.32,21.0,4204.1,118.0,3144.0,0.102,-2432.724,0.487,0.104,-0.3,2008.0,6.9941,0.009133940676958207,False,False,False,True
GJ 273 b,GJ 273,318686860.0,ok,1.0,3201.0,24.2,18.6498,0.0059,18.62820549473684,1491.8194,143.3,2.13,2.13,5.42,1.59,6.94,2.0,5159.6,174.0,91.7,0.015,,,,,2017.0,7.308,0.02777347081169083,True,False,False,True
GJ 422 b,GJ 422,450545735.0,ok,5.0,17700.0,2204.0,20.129,0.005,20.15076108108108,1583.7948,324.3,1.3,2.59,5.41,2.52,10.93,6.0,15712.5,415.0,1349.4,0.017,,,,,2014.0,9.28858,0.020639618138424822,True,False,False,True
TOI-1203 c,TOI-1203,23434737.0,ok,7.0,21512.0,2555.0,13.0766,0.0079,13.065263205150211,1545.7365,83.2,1.57,5.25,5.37,2.58,8.14,12.0,674.2,179.0,255.9,0.053,2198.469,0.084,0.226,-10.3,2025.0,7.9995,0.12340551765054879,True,False,False,True
L 363-38 b,L 363-38,118585685.0,ok,7.0,21540.0,2878.5,8.781,0.007,8.793498953974897,1360.1755,256.7,1.38,1.73,5.34,3.14,7.31,17.0,10384.0,590.0,887.3,0.026,,,,,2023.0,10.2289,0.02472072419106317,True,False,False,True
GJ 1061 b,GJ 1061,79611981.0,ok,6.0,20670.0,2874.2,3.2073,0.0003,3.20470933929867,1388.1169,134.6,0.83,0.85,5.3,1.84,8.64,44.0,3652.9,375.0,568.7,0.035,1300.161,0.424,0.228,-17.8,2020.0,9.47068,0.036847436283500776,True,False,False,True
TOI-5789 b,TOI-5789,87216634.0,ok,1.0,3229.0,26.4,2.76369,0.00096,2.7645627442105263,3507.193,40.2,2.27,2.27,5.3,1.89,6.15,9.0,443.1,97.0,43.6,0.107,,,,,2026.0,6.5715,0.0907244414353419,True,False,False,True
HIP 14810 b,HIP 14810,113810736.0,ok,5.0,14567.0,811.5,6.673892,1e-05,6.670114325283019,2452.8941,101.1,1.09,3.64,5.29,2.07,7.38,10.0,8007.3,173.0,2062.6,0.071,6693.586,-0.415,0.001,-6.5,2005.0,7.8638,0.012625978794350155,False,False,False,True
TOI-771 c,TOI-771,277634430.0,ok,7.0,21157.0,1523.9,7.61,0.03,7.593817691269995,1571.8301,1177.3,0.5,1.37,5.29,3.08,12.81,19.0,8162.4,1604.0,178.8,0.024,1577.413,0.266,0.501,-203.0,2025.0,12.0874,0.14423453886111928,True,False,False,True
GJ 720 A b,GJ 720 A,122958010.0,ok,9.0,29233.0,1849.6,19.466,0.005,19.467232484171323,1689.7928,131.8,0.99,3.3,5.29,1.43,11.56,9.0,8787.1,207.0,1593.6,0.022,-594.047,0.325,0.05,6.3,2021.0,8.135181,0.014999260279273025,False,False,False,True
HIP 5763 b,HIP 5763,408290683.0,ok,2.0,6109.0,1117.2,30.014,0.2842,30.239843796526053,1785.9529,192.2,3.78,4.72,5.28,3.07,6.44,2.0,19473.4,231.0,2365.3,0.021,1041.624,-0.201,0.431,-16.1,2021.0,8.6614,0.009869873776536196,True,False,False,True
HD 51608 b,HD 51608,279246287.0,ok,16.0,50426.0,1650.8,14.0726,0.0016,14.074836193972605,2295.8063,48.3,1.3,4.33,5.25,2.76,8.13,23.0,3038.0,133.0,1086.0,0.04,-1506.374,0.183,0.092,-2.1,2019.0,7.4649,0.015898617511520736,True,False,False,True
GJ 3378 b,GJ 3378,322347050.0,ok,4.0,11330.0,1496.4,21.45,0.01,21.462266414523448,1820.9871,376.5,1.08,2.17,5.25,2.42,7.16,3.0,4475.7,326.0,356.2,0.013,,,,,2026.0,9.12867,0.08412091963268316,True,False,False,True
GJ 1132 c,GJ 1132,101955023.0,ok,6.0,17102.0,2528.2,8.929,0.0008,8.928864991065293,1545.6621,495.5,1.17,1.46,5.25,3.01,6.55,13.0,8743.0,832.0,452.9,0.021,,,,,2018.0,10.8372,0.056673910557017045,True,False,False,True
GJ 3323 b,GJ 3323,43605290.0,ok,2.0,6696.0,761.9,5.3636,0.0007,5.369859578947368,1443.0198,511.0,1.0,0.69,5.25,2.85,6.09,8.0,8767.9,728.0,253.2,0.017,,,,,2017.0,9.4284,0.05828077418766182,True,False,False,True
HD 27894 b,HD 27894,396697266.0,ok,16.0,55478.0,2417.1,18.01939,0.00027,18.05358427551181,1641.4574,94.9,1.37,4.55,5.25,3.22,6.39,17.0,13554.9,226.0,3147.4,0.033,-4069.0,-0.094,0.04,-11.5,2005.0,8.4643,0.0070011582527351734,True,False,False,True
HIP 57274 c,HIP 57274,5078530.0,ok,2.0,5778.0,764.0,32.03,0.02,32.086388143712576,1907.6095,199.5,1.31,4.35,5.24,2.92,6.16,2.0,84843.6,165.0,10887.2,0.018,-1238.986,0.239,0.304,,2011.0,7.9003,0.002351385372615023,True,False,False,True
HD 103197 b,HD 103197,400806831.0,ok,2.0,6064.0,761.3,47.84,0.03,47.83417600000001,1591.0766,248.5,1.87,6.25,5.23,2.75,6.68,2.0,8513.9,240.0,727.5,0.017,,,,,2011.0,8.6294,0.0291875638661483,True,False,False,True
HD 109749 b,HD 109749,144289338.0,ok,4.0,13172.0,2528.1,5.239891,9.9e-05,5.235258169542683,1571.8134,53.5,1.85,3.69,5.21,1.47,8.23,18.0,16159.4,155.0,9315.6,0.092,6014.878,0.069,0.012,-1.5,2005.0,7.5993,0.0033107664888547845,True,False,False,True
HD 2638 b,HD 2638,244178536.0,ok,5.0,13417.0,1846.9,3.4442,0.0002,3.448350562162162,1387.5607,52.6,2.81,2.81,5.2,1.01,9.26,29.0,12623.1,233.0,4456.8,0.107,-3676.29,0.254,0.102,-20.2,2005.0,8.639,0.004166963741077865,True,False,False,True
GJ 163 b,GJ 163,219221189.0,ok,6.0,21369.0,2602.1,8.63182,0.00155,8.639083622804979,1393.0245,241.3,0.62,2.07,5.18,2.38,6.86,17.0,12195.8,370.0,1745.4,0.031,-1957.047,0.107,0.09,-32.2,2013.0,9.47061,0.019785499926204105,True,False,False,True
TOI-1634 c,TOI-1634,201186294.0,ok,2.0,4301.0,1872.0,103.0,5.8,109.1416370818541,1803.8241,1144.8,1.5,4.99,5.15,3.81,5.39,2.0,,891.0,,0.006,,,,,2022.0,11.0136,,True,False,False,False
Gl 378 b,Gl 378,252470070.0,ok,2.0,6670.0,765.3,3.822,0.001,3.8227644,1872.6785,171.0,0.58,1.93,5.13,2.04,6.55,10.0,8318.5,213.0,1627.4,0.066,-1501.141,-0.263,0.425,1.5,2019.0,8.25157,0.020556590731502074,True,False,False,True
TOI-1117 d,TOI-1117,295541511.0,ok,5.0,14820.0,1815.4,8.665,0.011,8.64743675417661,2367.5101,347.1,1.19,3.95,5.13,2.48,9.92,11.0,1879.9,580.0,197.7,0.06,,,,,2025.0,10.4055,0.18463748071705943,True,False,False,True
TOI-1410 c,TOI-1410,199444169.0,ok,3.0,8610.0,1845.5,47.56,0.15,47.644807692307694,1786.3937,743.9,1.61,5.37,5.1,3.85,5.49,2.0,10783.1,520.0,628.5,0.015,,,,,2024.0,10.1917,0.0689875824206397,True,False,False,True
TOI-1266 d,TOI-1266,467179528.0,ok,9.0,26513.0,1711.2,32.509,0.062,32.52602546455609,1704.5021,413.8,4.52,3.23,5.09,3.23,7.23,5.0,3287.7,822.0,110.0,0.013,,,,,2025.0,11.0402,0.12586306536484473,True,False,False,True
HD 125595 b,HD 125595,180030300.0,ok,2.0,5857.0,759.0,9.6737,0.0039,9.690730346107784,1610.8167,168.2,1.3,4.32,5.09,2.43,6.43,3.0,15268.0,174.0,3415.6,0.059,-2562.352,0.393,0.193,-13.9,2011.0,8.0025,0.011016505108724128,True,False,False,True
LSPM J2116+0234 b,LSPM J2116+0234,387518186.0,ok,2.0,6019.0,761.9,14.4399,0.0087,14.464768716666669,2805.9638,429.8,2.02,2.52,5.08,3.11,5.87,2.0,14399.7,391.0,896.1,0.023,,,,,2019.0,9.68194,0.029847844052306644,True,False,False,True
HD 181433 b,HD 181433,410399074.0,ok,5.0,14564.0,1844.6,9.3745,0.00038,9.391424772972972,2042.4727,37.6,4.45,3.18,5.08,1.45,9.25,12.0,14280.2,140.0,5386.0,0.044,-531.563,-0.422,0.026,13.1,2008.0,7.4903,0.002633016344308903,False,False,False,True
Kepler-20 g,Kepler-20,158554588.0,ok,9.0,26920.0,1168.4,34.94,0.038,34.85877955271565,2412.7817,1268.0,2.91,5.82,5.07,2.95,7.49,4.0,4644.5,1839.0,74.3,0.022,,,,,2016.0,11.9623,0.27301108838411026,True,False,False,True
HD 125612 c,HD 125612,347909637.0,ok,1.0,2277.0,23.5,4.15466,0.00043,4.16296932,3777.9193,154.2,0.92,3.07,5.05,1.06,8.14,4.0,2813.7,189.0,124.1,0.097,-3813.504,0.207,0.854,-5.3,2009.0,7.7347,0.05480328393218893,True,False,False,True
WASP-148 c,WASP-148,115524421.0,ok,4.0,10703.0,782.3,34.524,0.029,34.476684210526315,2724.1052,885.6,4.38,5.48,5.04,2.71,6.03,2.0,44863.8,1129.0,925.4,0.021,935.851,-0.203,0.068,282.3,2020.0,11.5906,0.019739745630107122,True,False,False,True
TOI-2093 b,TOI-2093,402898317.0,ok,16.0,49059.0,865.5,12.836,0.021,12.854952941176473,2799.3796,209.2,1.71,3.42,5.02,2.88,9.65,24.0,3852.7,639.0,193.7,0.035,,,,,2025.0,10.6699,0.05429958211124666,True,False,False,True
HIP 57274 b,HIP 57274,5078530.0,ok,2.0,5778.0,764.0,8.1352,0.004,8.11989234556213,1906.662,107.4,2.15,4.3,5.01,2.5,6.11,4.0,13802.6,165.0,3540.4,0.069,-2198.849,-0.34,0.313,1.5,2011.0,7.9003,0.007781142683262574,True,False,False,True
Wolf 1061 b,Wolf 1061,413948621.0,ok,1.0,2477.0,24.2,4.8869,0.0005,4.896673799999999,3777.9161,113.0,2.0,1.42,4.97,2.07,5.69,3.0,1276.9,165.0,39.2,0.038,,,,,2015.0,7.52527,0.08849557522123894,True,False,False,True
GJ 9689 b,GJ 9689,87942223.0,ok,2.0,6678.0,763.1,18.27,0.01,18.24553125,2779.4135,347.9,1.62,3.25,4.95,3.08,5.35,3.0,5642.0,371.0,372.0,0.023,-596.465,-0.223,0.125,-124.6,2020.0,9.54885,0.06166253101736972,True,False,False,True
GJ 1265 b,GJ 1265,471012766.0,ok,3.0,7787.0,1766.4,3.6511,0.0012,3.652781805905512,2063.2203,977.6,0.67,0.95,4.95,1.63,7.72,15.0,36371.7,1469.0,1127.2,0.034,,,,,2018.0,10.8472,0.026878039794675533,True,False,False,True
Kepler-138 e,Kepler-138,159376971.0,ok,10.0,33994.0,1875.7,38.23,0.006,38.29237074157303,1686.2425,817.7,2.02,4.03,4.94,3.36,6.72,5.0,183.0,1218.0,4.5,0.014,-2074.718,0.377,0.022,33.0,2022.0,11.5177,4.468306010928962,False,False,False,False
TOI-5789 e,TOI-5789,87216634.0,ok,1.0,3229.0,26.4,62.98,0.22,62.32,3526.5422,116.8,1.93,6.43,4.93,1.78,5.93,1.0,3284.7,97.0,181.5,0.013,,,,,2026.0,6.5715,0.03555880293481901,True,False,False,True
GJ 1002 c,GJ 1002,176287658.0,ok,2.0,5001.0,785.1,21.202,0.013,21.24271160088692,2447.8481,926.0,0.5,1.4,4.93,3.67,5.49,3.0,5304.9,537.0,150.5,0.009,,,,,2022.0,10.2531,0.1745555995400479,True,False,False,True
HD 191939 e,HD 191939,269701147.0,ok,16.0,47424.0,966.5,101.12,0.13,100.8875,2716.5619,133.3,2.56,8.53,4.9,2.91,6.49,3.0,37329.1,204.0,3399.5,0.011,,,,,2022.0,8.2929,0.0035709406334468287,True,False,False,True
GJ 273 c,GJ 273,318686860.0,ok,1.0,3201.0,24.2,4.7234,0.0004,4.715942,1491.8525,130.6,0.67,1.35,4.88,0.98,7.18,6.0,1071.5,174.0,33.9,0.037,,,,,2017.0,7.308,0.12188520765282314,True,False,False,True
G 264-012 b,G 264-012,322391844.0,ok,8.0,24826.0,1845.5,2.30538,0.00031,2.3062483163841807,1740.6605,124.5,1.5,1.1,4.87,0.98,12.14,74.0,4014.1,616.0,409.3,0.062,,,,,2021.0,10.4626,0.031015669764081613,True,False,False,True
DMPP-2 b,DMPP-2,32432767.0,ok,5.0,17346.0,354.1,5.203,0.0012,5.203155313432836,3938.8806,56.3,1.5,4.99,4.86,1.47,8.14,25.0,3443.6,205.0,655.7,0.126,520.808,-0.057,0.325,2.5,2019.0,8.1311,0.01634916947380648,True,False,False,True
HD 213519 b,HD 213519,200215494.0,ok,6.0,20402.0,784.9,11.12214,0.00098,11.108639136416183,2828.453,39.6,2.16,4.32,4.83,1.58,7.37,14.0,1481.0,116.0,471.5,0.051,-26948.854,0.3,119.419,7.5,2022.0,7.091,0.02673869007427414,True,False,False,True
HD 28471 b,HD 28471,38698692.0,ok,16.0,51845.0,1624.3,3.1649,0.0003,3.1680943683426444,2309.752,21.9,0.87,2.9,4.8,1.42,9.05,120.0,511.3,133.0,314.7,0.12,,,,,2025.0,7.2953,0.042831996870721686,True,False,False,True
Barnard d,Barnard's star,325554331.0,ok,1.0,2271.0,26.2,2.3402,0.0003,2.3379829684210525,3481.4002,114.7,0.5,0.82,4.79,1.05,6.64,6.0,1163.0,135.0,54.6,0.046,3244.603,0.187,0.037,42.4,2025.0,6.88269,0.09862424763542563,False,False,False,True
GJ 1002 b,GJ 1002,176287658.0,ok,2.0,5001.0,785.1,10.3465,0.027,10.27557348784624,2458.0078,1093.5,0.5,1.1,4.78,3.41,5.42,2.0,4664.6,537.0,167.2,0.014,,,,,2022.0,10.2531,0.23442524546584914,True,False,False,True
HIP 97166 c,HIP 97166,237222864.0,ok,16.0,47718.0,809.3,16.432,0.041,16.37471232876712,2869.6822,121.2,1.19,3.97,4.77,2.5,6.84,19.0,2074.1,295.0,208.4,0.032,,,,,2021.0,9.1416,0.05843498384841619,True,False,False,True
TOI-5789 d,TOI-5789,87216634.0,ok,1.0,3229.0,26.4,29.65,0.12,29.29,3508.9863,129.5,1.5,5.0,4.74,1.5,6.03,1.0,1016.6,97.0,49.5,0.022,,,,,2026.0,6.5715,0.1273854023214637,True,False,False,True
GJ 3473 c,GJ 3473,452866790.0,ok,4.0,11584.0,2225.1,15.509,0.033,15.475551325628825,1502.3947,698.1,1.16,2.32,4.73,3.23,5.24,6.0,10135.7,919.0,425.8,0.02,,,,,2020.0,11.1972,0.06887536134652762,True,False,False,True
Kepler-19 d,Kepler-19,122375047.0,ok,6.0,20657.0,1142.3,62.95,0.3,62.57761133603239,2412.6544,1205.4,1.9,6.34,4.73,3.88,5.05,2.0,6734.4,1074.0,142.1,0.013,,,,,2017.0,11.3992,0.17899144689950108,True,False,False,True
BD-11 4672 c,BD-11 4672,217831699.0,ok,2.0,5498.0,348.4,74.2,0.08,73.96000000000001,3527.3739,394.9,1.69,5.62,4.7,2.22,5.89,1.0,7768.0,269.0,291.0,0.01,,,,,2020.0,8.7204,0.05083676622039135,True,False,False,True
HD 43691 b,HD 43691,258444495.0,ok,2.0,4921.0,373.3,36.9987,0.0011,37.04992896923077,2962.0489,105.7,2.65,8.82,4.7,1.56,6.73,2.0,3717.5,155.0,479.3,0.031,6026.825,0.165,0.013,9.4,2007.0,7.5156,0.02843308675184936,False,False,False,True
HD 219828 b,HD 219828,243085377.0,ok,2.0,6672.0,758.9,3.83483,7e-05,3.8336679303030303,2828.578,36.2,3.5,4.38,4.65,0.8,7.41,12.0,1680.4,154.0,678.2,0.149,-3495.25,0.05,0.133,7.2,2007.0,7.4597,0.021542489883361104,True,False,False,True
Barnard c,Barnard's star,325554331.0,ok,1.0,2271.0,26.2,4.1244,0.0006,4.132648799999999,3480.0106,119.5,0.5,0.99,4.64,0.79,6.64,5.0,1331.2,135.0,50.8,0.031,3242.912,0.487,0.026,32.5,2025.0,6.88269,0.0897686298076923,False,False,False,True
TOI-500 c,TOI-500,134200185.0,ok,9.0,21687.0,2249.4,6.6356,0.004,6.639362534756821,1469.6609,77.4,2.56,2.56,4.62,1.02,13.95,30.0,1851.0,334.0,345.5,0.05,,,,,2022.0,9.4022,0.04181523500810373,True,False,False,True
HIP 35173 b,HIP 35173,50992589.0,ok,2.0,6629.0,735.7,41.516,0.077,41.63398387096774,1515.9675,183.8,1.58,5.26,4.6,2.55,6.04,2.0,4235.3,181.0,469.2,0.017,,,,,2019.0,8.1003,0.043397161948386186,True,False,False,True
K2-360 c,EPIC 201595106,397052808.0,ok,2.0,4481.0,1245.3,9.79692,0.02961,9.714425948644791,2555.7979,1158.2,1.16,3.86,4.6,2.92,5.21,2.0,3267.2,930.0,165.0,0.052,,,,,2024.0,11.2023,0.3544931439764937,True,False,False,True
G 261-6 b,G 261-6,420130591.0,ok,16.0,45390.0,750.8,5.4536,0.0032,5.446893716937355,2912.0058,360.9,1.0,1.0,4.6,2.75,6.82,59.0,4261.8,1414.0,74.8,0.024,,,,,2025.0,11.8694,0.08468252850908066,True,False,False,True
KOI-884 e,Kepler-247,158792051.0,ok,4.0,12185.0,246.2,31.101659,1e-05,31.118161921102043,3332.3715,9090.3,1.4,4.68,4.55,3.19,4.72,3.0,28457.8,9453.0,36.6,0.02,,,,,2014.0,14.4462,0.31943087659622316,True,False,False,True
GJ 3988 b,GJ 3988,274626553.0,ok,7.0,20547.0,813.0,6.9442,0.001,6.952080997858673,1960.3656,347.5,0.83,1.2,4.55,2.67,5.54,20.0,15168.3,731.0,522.1,0.023,511.516,-0.358,0.054,-69.4,2023.0,10.5929,0.022909620722163987,False,False,False,True
Barnard b,Barnard's star,325554331.0,ok,1.0,2271.0,26.2,3.1542,0.0004,3.155860105263158,3480.8238,106.8,0.5,0.9,4.53,0.66,6.64,6.0,1249.3,135.0,52.6,0.037,3244.105,0.049,0.03,-24.8,2024.0,6.88269,0.08548787320899703,True,False,False,True
GJ 160.2 b,GJ 160.2,178351350.0,ok,2.0,6657.0,731.6,5.2354,0.0065,5.229668817204302,1442.3463,153.8,0.7,2.34,4.53,1.79,5.87,9.0,4558.6,214.0,816.2,0.058,,,,,2014.0,8.4665,0.033738428464879566,True,False,False,True
LHS 3154 b,LHS 3154,24108819.0,ok,4.0,10385.0,1496.3,3.71778,0.00081,3.724852428,1957.2559,1866.4,1.17,0.82,4.51,3.04,5.21,18.0,133706.8,4007.0,1285.4,0.029,1874.091,0.37,0.183,464.2,2023.0,13.2266,0.013958901117968572,True,False,False,True
CoRoT-7 c,CoRoT-7,280304863.0,ok,3.0,7805.0,2220.4,3.698,0.003,3.692704854368932,1469.79,377.2,1.26,2.51,4.48,1.84,6.66,15.0,2084.1,823.0,208.6,0.089,-1047.625,-0.25,0.766,-46.9,2009.0,10.9996,0.18098939590230795,True,False,False,True
Kepler-19 c,Kepler-19,122375047.0,ok,6.0,20657.0,1142.3,28.731,0.012,28.67559941704036,2400.9859,772.2,1.46,4.88,4.47,3.22,5.22,5.0,3561.0,1074.0,97.1,0.022,,,,,2011.0,11.3992,0.21684919966301602,True,False,False,True
GJ 3929 c,GJ 3929,188589164.0,ok,3.0,7418.0,1496.3,15.04,0.03,14.970884955752211,1967.7542,858.2,0.63,2.11,4.45,3.12,5.18,3.0,9647.8,575.0,514.7,0.018,,,,,2022.0,10.2705,0.08895292190965817,True,False,False,True
GJ 480 b,GJ 480,399119319.0,ok,1.0,2501.0,23.3,9.5536,0.0006,9.5727072,1935.4259,712.7,0.68,2.26,4.44,1.18,6.04,2.0,8156.8,382.0,96.2,0.031,-2439.519,-0.063,0.242,-402.8,2020.0,9.10756,0.08737495096116124,True,False,False,True
Kepler-82 f,Kepler-82,63372898.0,ok,8.0,25485.0,1168.3,75.732,0.012,75.86792923076924,2417.2002,11932.5,2.14,7.12,4.42,3.74,4.65,3.0,5649.3,17450.0,7.1,0.012,,,,,2019.0,14.6108,2.1122085922149645,True,False,False,True
KOI-142 c,KOI-142,122712595.0,ok,8.0,28182.0,1168.4,22.26492,0.00067,22.29735531555556,2410.6324,1501.7,1.38,4.6,4.41,2.77,5.46,7.0,13297.9,2565.0,170.0,0.027,-2049.832,0.336,0.007,82.1,2013.0,12.5923,0.11292760511058138,False,False,False,True
K2-18 c,K2-18,388804061.0,ok,3.0,9335.0,758.9,8.962,0.008,8.972654708520178,2527.8202,757.7,0.65,2.18,4.41,2.58,5.35,9.0,8076.7,989.0,234.6,0.032,,,,,2017.0,11.2373,0.09381306721804698,True,False,False,True
KOI-319 c,KOI-319,159303995.0,ok,4.0,12223.0,220.1,80.099,0.056,79.94868421052631,3341.7374,1246.8,4.41,14.71,4.34,2.33,7.3,1.0,1811.0,1171.0,17.8,0.024,,,,,2014.0,11.6906,0.6884594146880176,True,False,False,True
K2-157 c,K2-157,349445372.0,ok,2.0,3342.0,1244.7,25.942,0.045,25.952866873065016,2556.8876,2472.4,1.44,4.8,4.33,2.74,5.15,2.0,9725.8,1550.0,200.0,0.024,,,,,2025.0,12.1305,0.2542104505541961,True,False,False,True
GJ 3634 b,GJ 3634,49064384.0,ok,3.0,10447.0,2229.7,2.64561,0.00066,2.646397703055339,1545.3112,180.0,0.67,1.41,4.26,2.08,5.62,26.0,8419.3,415.0,1483.0,0.07,-2082.923,0.417,0.559,-5.7,2010.0,9.79462,0.021379449597947575,True,False,False,True
BD-06 1339 b,BD-06 1339,66914642.0,ok,1.0,2907.0,21.6,3.8728,0.0004,3.866685052631579,1468.4317,121.3,1.1,2.2,4.25,2.53,4.77,6.0,19111.1,195.0,691.8,0.074,-1778.532,0.402,0.091,-3.3,2013.0,8.2906,0.0063470967134283225,False,False,False,True
TOI-375 c,TOI-375,280097543.0,ok,12.0,34046.0,2276.1,115.5,2.0,114.95498199279712,1709.9511,352.3,6.81,22.7,4.23,5.03,4.41,2.0,1150.8,566.0,89.6,0.026,,,,,2026.0,10.4471,0.3061348627042058,True,False,False,True
Wolf 1061 c,Wolf 1061,413948621.0,ok,1.0,2477.0,24.2,17.8719,0.0059,17.885068768421053,3777.1324,202.1,0.66,2.19,4.22,0.97,5.79,2.0,5711.1,165.0,108.7,0.016,,,,,2015.0,7.52527,0.03538722837982175,True,False,False,True
GJ 3779 b,GJ 3779,459826435.0,ok,2.0,4781.0,761.1,3.0232,0.0013,3.0231031469107554,1931.1594,373.3,0.83,1.14,4.21,3.02,5.25,12.0,18614.0,586.0,1141.1,0.049,,,,,2018.0,10.3381,0.0200547974642742,True,False,False,True
CD Cet b,CD Cet,328465904.0,ok,2.0,6079.0,758.8,2.2907,0.00012,2.2928435908256883,1412.8447,405.2,0.5,0.77,4.19,1.45,5.81,19.0,20899.1,687.0,1029.9,0.044,,,,,2020.0,10.6701,0.019388394715561915,True,False,False,True
HD 93351 b,HD 93351,318093199.0,ok,1.0,3094.0,23.9,2.45946,0.00017,2.459201109473684,1544.5452,125.7,1.14,2.28,4.19,2.27,4.72,9.0,667.3,250.0,25.7,0.121,-3939.536,-0.209,0.24,38.7,2022.0,8.4648,0.18837104750487038,True,False,False,True
K2-157 d,K2-157,349445372.0,ok,2.0,3342.0,1244.7,66.5,0.71,67.89486077689928,2573.438,1968.4,1.97,6.58,4.19,3.31,4.8,2.0,7001.0,1550.0,104.2,0.013,,,,,2025.0,12.1305,0.2811598343093844,True,False,False,True
KIC 10001893 d,KIC 10001893,158488181.0,ok,12.0,39517.0,1875.7,0.81161,1e-05,0.81299552884152,1683.772,6897.9,0.5,0.39,4.17,2.7,5.57,337.0,,49071.0,,0.063,,,,,2014.0,16.029,,True,False,False,False
K2-111 c,K2-111,14227229.0,ok,2.0,5679.0,50.3,15.6748,0.0062,15.656650231578949,3223.5914,430.7,1.81,6.02,4.14,2.91,4.39,3.0,1383.5,576.0,21.7,0.05,,,,,2020.0,10.4561,0.3113118901337188,True,False,False,True
Ross 128 b,Ross 128,325275315.0,ok,1.0,3319.0,25.5,9.8658,0.007,9.862484210526317,2555.0799,303.2,0.67,1.39,4.13,1.54,5.39,2.0,2615.4,221.0,41.8,0.018,,,,,2017.0,8.24327,0.11592872983100098,True,False,False,True
NGC 2682 YBP 401 b,NGC 2682 YBP 401,437038987.0,ok,4.0,12219.0,785.0,4.087,0.007,4.082006993006993,2501.4955,1020.9,2.36,3.38,4.11,2.24,5.61,20.0,7485.2,3900.0,103.7,0.108,-1028.605,-0.261,1.57,107.9,2016.0,13.1954,0.13638914123871107,True,False,False,True
HD 3167 d,HD 3167,318707987.0,ok,1.0,2410.0,24.0,8.3967,0.0025,8.385209778947369,3210.3444,218.3,1.01,3.37,4.1,0.99,5.69,2.0,1739.3,225.0,42.6,0.053,,,,,2017.0,8.2491,0.12551026274938196,True,False,False,True
HD 37605 b,HD 37605,144730053.0,ok,1.0,2882.0,21.6,55.01292,0.00062,54.90289416,1484.0285,182.7,1.92,6.41,4.03,1.67,5.43,1.0,11438.4,196.0,313.6,0.015,6040.642,0.172,0.001,-11.8,2004.0,7.955,0.015972513638271086,False,False,False,True
Kepler-46 c,Kepler-46,158992508.0,ok,4.0,12886.0,246.2,57.011,0.061,57.00422222222223,3328.9947,7971.7,5.43,6.78,3.98,2.66,4.85,3.0,40377.6,13441.0,33.2,0.016,,,,,2012.0,14.6801,0.19742877238865114,True,False,False,True
Kepler-100 e,Kepler-100,159654016.0,ok,8.0,25995.0,1168.4,60.888588,0.044471,60.88516715384616,2434.3666,315.5,3.12,10.39,3.97,2.96,5.01,4.0,2399.7,666.0,107.4,0.022,,,,,2023.0,10.6983,0.13147476767929325,True,False,False,True
KIC 10001893 c,KIC 10001893,158488181.0,ok,12.0,39517.0,1875.7,0.32528,1e-05,0.3246969680074142,1683.4751,5011.5,0.5,0.29,3.9,2.21,5.57,849.0,,49071.0,,0.116,,,,,2014.0,16.029,,True,False,False,False
Ross 508 b,Ross 508,400019820.0,ok,1.0,1472.0,24.4,10.77,0.01,10.74,2693.0839,1033.6,0.5,1.51,3.79,1.88,4.57,3.0,14549.2,721.0,74.3,0.018,2372.994,-0.279,0.072,,2022.0,10.8325,0.07104170676050917,False,False,False,True
HD 3167 e,HD 3167,318707987.0,ok,1.0,2410.0,24.0,91.9,0.3,91.0,3215.3492,145.9,3.75,7.49,3.78,1.22,5.57,1.0,4030.8,225.0,104.0,0.011,,,,,2022.0,8.2491,0.036196288577949785,True,False,False,True
GJ 3138 b,GJ 3138,632528291.0,ok,1.0,3099.0,25.5,1.22003,6e-05,1.220415272631579,2117.098,728.7,1.17,1.1,3.78,1.34,5.25,17.0,462.8,2058.0,2.2,0.118,,,,,2017.0,11.075,1.5745462402765775,True,False,False,False
HD 151450 b,HD 151450,12514017.0,ok,1.0,2489.0,24.2,21.89288,0.00846,21.913620623157897,3781.4427,112.7,1.71,5.7,3.78,0.66,5.83,1.0,6804.2,120.0,286.9,0.034,-4236.223,0.223,0.157,-6.4,2022.0,6.9013,0.016563299138767234,True,False,False,True
HIP 71135 b,HIP 71135,457695809.0,ok,2.0,5918.0,759.0,87.19,0.381,86.047,1618.9745,357.2,1.89,6.3,3.77,1.76,5.07,1.0,8663.6,307.0,425.6,0.009,,,,,2019.0,9.1603,0.04122997368299552,True,False,False,True
KOI-134 c,KOI-134,271772050.0,ok,4.0,14144.0,246.2,33.95,0.02,33.96044615384616,3339.5141,1754.3,4.37,8.74,3.76,2.56,4.76,3.0,6799.8,3503.0,32.2,0.034,,,,,2025.0,13.2243,0.25799288214359245,True,False,False,True
GJ 3138 c,GJ 3138,632528291.0,ok,1.0,3099.0,25.5,5.974,0.001,5.980917263157895,2116.0106,2512.1,0.56,1.87,3.67,1.17,5.05,4.0,2736.6,2058.0,7.7,0.041,,,,,2017.0,11.075,0.9179638968062559,True,False,False,True
KIC 10068024 b,KIC 10068024,158840777.0,ok,5.0,15382.0,246.2,2.073549,0.000177,2.071353477529412,3313.1909,585.7,1.02,3.41,3.66,1.07,5.8,51.0,3924.4,2651.0,63.0,0.215,,,,,2021.0,12.7028,0.1492457445724187,True,False,False,True
KOI-55 c,KOI-55,184427882.0,ok,9.0,30561.0,1875.7,0.342887,1.3e-05,0.3429499208767377,1683.7518,2309.0,0.5,0.33,3.53,1.55,5.4,625.0,1607.2,25877.0,5.6,0.124,,,,,2011.0,15.016,1.4366600298656047,True,False,False,False
HIP 19976 b,HIP 19976,7623762.0,ok,2.0,6745.0,55.4,50.65905,0.0783,50.42415,2163.7316,313.4,1.78,5.93,3.45,1.38,4.79,1.0,7945.0,287.0,142.9,0.015,-1429.958,-0.061,0.812,94.6,2022.0,9.1498,0.039446192573945875,True,False,False,True
NGC 2682 YBP 1514 b,NGC 2682 YBP 1514,437034879.0,ok,3.0,9468.0,78.1,5.118,0.001,5.107764,2503.1726,3899.0,0.85,2.82,3.27,1.29,4.53,13.0,48244.0,9220.0,72.2,0.072,-1017.502,-0.099,0.148,-381.2,2014.0,14.1424,0.08081834010446895,True,False,False,True
HIP 79431 b,HIP 79431,49324530.0,ok,1.0,2488.0,24.2,111.7,0.7,109.6,3780.1462,295.9,1.59,5.31,2.91,0.45,4.73,1.0,42259.4,342.0,604.7,0.006,-2084.822,-0.494,0.33,,2009.0,9.04952,0.007001992456116272,True,False,False,True
