name,n_rv,n_nights,baseline_d,rms_ppm,rv_rms_ms,trend_ms_per_yr,P_d,power,fap_baluev,K_ms,resid_rms_ms,sys_alias,window_peak_P,window_power,activity_match,activity,known_planets,known_match,n_known,SpType,Teff,Vmag,Dist
BD-114672,43,41,3568.3,,8.34,-0.64,1649.1518,0.815,2.9253670438861396e-10,12.9,3.84,False,363.59,0.631,,"{""CRX"": {""P"": 4.416, ""power"": 0.399, ""fap"": 0.46928618511037434, ""power_at_rvP"": 0.133}, ""dLW"": {""P"": 3066.398, ""power"": 0.721, ""fap"": 5.853588655248014e-07, ""power_at_rvP"": 0.077}, ""Halpha"": {""P"": 2716.254, ""power"": 0.535, ""fap"": 0.0065129752914693, ""power_at_rvP"": 0.086}, ""FWHMDRS"": {""P"": 2940.066, ""power"": 0.75, ""fap"": 7.776123678548204e-08, ""power_at_rvP"": 0.142}, ""BIS"": {""P"": 1.325, ""power"": 0.428, ""fap"": 0.23149641730675533, ""power_at_rvP"": 0.024}}","BD-11 4672 c(74.2 d,Radial Velocity);BD-11 4672 b(1634.0 d,Radial Velocity)",BD-11 4672 b,2,K7V,,9.99,27.19
BD-132130,47,46,4547.8,,91.41,-13.12,693.2892,0.879,2.0995419664395383e-13,125.94,24.08,False,4292.14,0.97,,"{""CRX"": {""P"": 1.247, ""power"": 0.315, ""fap"": 0.9875368175730818, ""power_at_rvP"": 0.189}, ""dLW"": {""P"": 315.6, ""power"": 0.549, ""fap"": 0.0008917345114532454, ""power_at_rvP"": 0.109}, ""Halpha"": {""P"": 1067.642, ""power"": 0.356, ""fap"": 0.7252499728700822, ""power_at_rvP"": 0.127}, ""FWHMDRS"": {""P"": 3012.627, ""power"": 0.711, ""fap"": 8.713620508062031e-08, ""power_at_rvP"": 0.43}, ""BIS"": {""P"": 698.614, ""power"": 0.491, ""fap"": 0.01055376994996051, ""power_at_rvP"": 0.49}}","BD-13 2130 b(714.3 d,Radial Velocity)",BD-13 2130 b,1,G5IV-V/K2III,4572.3,10.04,948.77
BD-156276,152,76,389.0,,6.19,6.92,1.7232,0.307,0.0025153583817066013,4.54,5.39,False,353.6,0.898,,"{""CRX"": {""P"": 22.811, ""power"": 0.207, ""fap"": 0.20220682234615317, ""power_at_rvP"": 0.004}, ""dLW"": {""P"": 29.353, ""power"": 0.179, ""fap"": 0.5281495680516012, ""power_at_rvP"": 0.019}, ""Halpha"": {""P"": 15.972, ""power"": 0.172, ""fap"": 0.6292834628771249, ""power_at_rvP"": 0.004}, ""FWHMDRS"": {""P"": 29.464, ""power"": 0.105, ""fap"": 0.9999985604168027, ""power_at_rvP"": 0.01}, ""BIS"": {""P"": 32.01, ""power"": 0.249, ""fap"": 0.03309645109185507, ""power_at_rvP"": 0.021}}","K2-265 b(2.369 d,Transit)",,1,?+M4-7,5390.0,11.19,139.22
BD-202976,220,30,718.1,,7.4,-0.7,5.197,0.681,0.00040080241210279396,6.41,5.38,False,235.4,0.87,,"{""CRX"": {""P"": 22.262, ""power"": 0.575, ""fap"": 0.027188119103732672, ""power_at_rvP"": 0.002}, ""dLW"": {""P"": 16.152, ""power"": 0.505, ""fap"": 0.1689982929470558, ""power_at_rvP"": 0.035}, ""Halpha"": {""P"": 1.345, ""power"": 0.34, ""fap"": 0.9983490190452741, ""power_at_rvP"": 0.072}, ""FWHMDRS"": {""P"": 552.308, ""power"": 0.697, ""fap"": 0.00037058311678894593, ""power_at_rvP"": 0.005}, ""BIS"": {""P"": 2.882, ""power"": 0.351, ""fap"": 0.9946179814062778, ""power_at_rvP"": 0.118}}","WASP-166 b(5.444 d,Transit)",WASP-166 b,1,---,5981.0,9.35,114.55
CD-4911404,62,62,4767.8,,55.55,4.14,744.5445,0.823,9.41097460099458e-15,83.58,21.99,False,3280.07,0.58,,"{""CRX"": {""P"": 1.503, ""power"": 0.241, ""fap"": 0.9677315112763534, ""power_at_rvP"": 0.044}, ""dLW"": {""P"": 2.833, ""power"": 0.28, ""fap"": 0.5472985075420216, ""power_at_rvP"": 0.036}, ""Halpha"": {""P"": 523.722, ""power"": 0.309, ""fap"": 0.2214472882233075, ""power_at_rvP"": 0.176}, ""FWHMDRS"": {""P"": 1.969, ""power"": 0.291, ""fap"": 0.40818781170198576, ""power_at_rvP"": 0.081}, ""BIS"": {""P"": 2.164, ""power"": 0.231, ""fap"": 0.9919409539015908, ""power_at_rvP"": 0.011}}","IC 4651 9122 b(734.0 d,Radial Velocity)",IC 4651 9122 b,1,---,4619.2,10.7,879.35
CD-50714,87,32,652.1,,16.07,-2.07,10.0302,0.872,8.618745698728026e-10,21.19,5.72,False,217.33,0.828,,"{""CRX"": {""P"": 2.073, ""power"": 0.344, ""fap"": 0.9853225921750487, ""power_at_rvP"": 0.117}, ""dLW"": {""P"": 84.125, ""power"": 0.439, ""fap"": 0.41451632559123297, ""power_at_rvP"": 0.013}, ""Halpha"": {""P"": 6.194, ""power"": 0.406, ""fap"": 0.6822650022514826, ""power_at_rvP"": 0.058}, ""FWHMDRS"": {""P"": 35.052, ""power"": 0.442, ""fap"": 0.39077310544652843, ""power_at_rvP"": 0.181}, ""BIS"": {""P"": 28.848, ""power"": 0.295, ""fap"": 0.9999745602896567, ""power_at_rvP"": 0.051}}","WASP-117 b(10.022 d,Transit)",WASP-117 b,1,---,5990.1,10.14,158.69
CoRoT-1,43,37,1573.8,,288.61,-25.14,50.9301,0.441,0.2364211640039511,266.31,218.94,False,370.29,0.857,,"{""CRX"": {""P"": 35.848, ""power"": 0.323, ""fap"": 0.9962904505040991, ""power_at_rvP"": 0.032}, ""dLW"": {""P"": 12.176, ""power"": 0.421, ""fap"": 0.3814490984047212, ""power_at_rvP"": 0.193}, ""Halpha"": {""P"": 15.279, ""power"": 0.432, ""fap"": 0.30042167010320775, ""power_at_rvP"": 0.1}, ""FWHMDRS"": {""P"": 45.882, ""power"": 0.307, ""fap"": 0.9996756051458932, ""power_at_rvP"": 0.128}, ""BIS"": {""P"": 1.258, ""power"": 0.336, ""fap"": 0.9846417808054062, ""power_at_rvP"": 0.023}}","CoRoT-1 b(1.509 d,Transit)",,1,G0V,5907.7,13.6,805.28
CoRoT-7,181,97,1437.1,,9.56,-3.85,22.9187,0.286,0.0009150688296578595,7.07,8.01,False,1368.61,0.992,,"{""CRX"": {""P"": 388.381, ""power"": 0.201, ""fap"": 0.12434545640503869, ""power_at_rvP"": 0.002}, ""dLW"": {""P"": 1368.606, ""power"": 0.455, ""fap"": 3.7235138728192257e-09, ""power_at_rvP"": 0.054}, ""Halpha"": {""P"": 1796.309, ""power"": 0.068, ""fap"": 1.0, ""power_at_rvP"": 0.035}, ""FWHMDRS"": {""P"": 40.766, ""power"": 0.195, ""fap"": 0.17227425614693567, ""power_at_rvP"": 0.107}, ""BIS"": {""P"": 66.682, ""power"": 0.22, ""fap"": 0.04453103547520027, ""power_at_rvP"": 0.043}}","CoRoT-7 b(0.854 d,Transit);CoRoT-7 c(3.698 d,Radial Velocity);CoRoT-7 d(8.966 d,Radial Velocity)",,3,K0V,5101.2,11.73,160.64
GJ1020,79,30,3681.9,,1.68,0.19,1.7839,0.476,0.561685432945463,1.53,1.22,False,376.22,0.983,,"{""CRX"": {""P"": 19.696, ""power"": 0.534, ""fap"": 0.21756012245656473, ""power_at_rvP"": 0.013}, ""dLW"": {""P"": 794.119, ""power"": 0.588, ""fap"": 0.050329308453795, ""power_at_rvP"": 0.001}, ""Halpha"": {""P"": 2.829, ""power"": 0.409, ""fap"": 0.9912907074431457, ""power_at_rvP"": 0.118}, ""FWHMDRS"": {""P"": 5000.0, ""power"": 0.542, ""fap"": 0.18084349384045967, ""power_at_rvP"": 0.025}, ""BIS"": {""P"": 3.22, ""power"": 0.49, ""fap"": 0.5317892207103561, ""power_at_rvP"": 0.044}}",,,0,G0V,5842.5,6.15,32.45
GJ1044,82,82,4783.9,,29.42,9.37,2029.8226,0.426,7.162477946393672e-06,13.26,9.9,False,366.39,0.736,,"{""CRX"": {""P"": 1.307, ""power"": 0.184, ""fap"": 0.9818046877446416, ""power_at_rvP"": 0.01}, ""dLW"": {""P"": 1308.209, ""power"": 0.264, ""fap"": 0.08263034652510765, ""power_at_rvP"": 0.079}, ""Halpha"": {""P"": 3660.812, ""power"": 0.346, ""fap"": 0.0009903725183545284, ""power_at_rvP"": 0.041}, ""FWHMDRS"": {""P"": 18.045, ""power"": 0.098, ""fap"": 1.0, ""power_at_rvP"": 0.01}, ""BIS"": {""P"": 5000.0, ""power"": 0.307, ""fap"": 0.009133102651252015, ""power_at_rvP"": 0.203}}","BD-210397 c(6240.0 d,Radial Velocity);BD-210397 b(1891.0 d,Radial Velocity)",,2,K7V,,9.831,23.75
GJ105A,233,45,1776.0,,3.25,-1.32,3552.0804,0.752,2.2535747864493584e-09,8.93,1.47,False,3229.15,0.57,dLW,"{""CRX"": {""P"": 1.447, ""power"": 0.335, ""fap"": 0.6610123868254797, ""power_at_rvP"": 0.161}, ""dLW"": {""P"": 3552.08, ""power"": 0.822, ""fap"": 3.1140491225958843e-12, ""power_at_rvP"": 0.822}, ""Halpha"": {""P"": 182.148, ""power"": 0.491, ""fap"": 0.005575049543725923, ""power_at_rvP"": 0.206}, ""FWHMDRS"": {""P"": 7.189, ""power"": 0.12, ""fap"": 1.0, ""power_at_rvP"": 0.027}, ""BIS"": {""P"": 1.244, ""power"": 0.114, ""fap"": 1.0, ""power_at_rvP"": 0.053}}",,,0,K3V,,,7.24
GJ1061,64,52,5206.8,,14.71,5.88,4.307,0.231,0.9995612503865423,3.5,4.97,False,1272.61,0.999,,"{""CRX"": {""P"": 1272.609, ""power"": 0.531, ""fap"": 4.142825249555501e-05, ""power_at_rvP"": 0.015}, ""dLW"": {""P"": 1491.312, ""power"": 0.665, ""fap"": 7.088265778849462e-09, ""power_at_rvP"": 0.004}, ""Halpha"": {""P"": 5.334, ""power"": 0.096, ""fap"": 1.0, ""power_at_rvP"": 0.027}, ""FWHMDRS"": {""P"": 35.123, ""power"": 0.249, ""fap"": 0.9969801479266187, ""power_at_rvP"": 0.0}, ""BIS"": {""P"": 1185.669, ""power"": 0.39, ""fap"": 0.03213427330050219, ""power_at_rvP"": 0.039}}","GJ 1061 d(13.066 d,Radial Velocity);GJ 1061 b(3.207 d,Radial Velocity);GJ 1061 c(6.682 d,Radial Velocity)",,3,M5.5V,,13.07,3.67
GJ1079,79,79,5297.6,,1.22,-0.02,1.6528,0.213,0.7152039502110469,0.83,1.08,False,4774.67,0.707,,"{""CRX"": {""P"": 16.578, ""power"": 0.238, ""fap"": 0.3233258592434838, ""power_at_rvP"": 0.031}, ""dLW"": {""P"": 483.373, ""power"": 0.415, ""fap"": 2.5574001454237914e-05, ""power_at_rvP"": 0.031}, ""Halpha"": {""P"": 2848.891, ""power"": 0.438, ""fap"": 5.927940573924933e-06, ""power_at_rvP"": 0.042}, ""FWHMDRS"": {""P"": 2848.891, ""power"": 0.573, ""fap"": 2.205586792726682e-10, ""power_at_rvP"": 0.031}, ""BIS"": {""P"": 2848.891, ""power"": 0.785, ""fap"": 1.7209689082258726e-21, ""power_at_rvP"": 0.008}}",,,0,K2/3V,,7.711,17.88
GJ1085,224,105,5076.0,,2.42,0.33,424.2225,0.373,2.5767440764806874e-06,2.02,1.92,False,366.09,0.637,,"{""CRX"": {""P"": 333.608, ""power"": 0.406, ""fap"": 6.439991568248513e-08, ""power_at_rvP"": 0.044}, ""dLW"": {""P"": 5000.0, ""power"": 0.632, ""fap"": 2.3255123361774697e-18, ""power_at_rvP"": 0.199}, ""Halpha"": {""P"": 2.348, ""power"": 0.211, ""fap"": 0.07369585836513462, ""power_at_rvP"": 0.015}, ""FWHMDRS"": {""P"": 5000.0, ""power"": 0.594, ""fap"": 3.298589771658504e-16, ""power_at_rvP"": 0.071}, ""BIS"": {""P"": 5000.0, ""power"": 0.386, ""fap"": 3.3960136815410333e-07, ""power_at_rvP"": 0.01}}",,,0,G2V,5717.0,5.97,15.25
GJ1126,69,67,4548.6,,1.78,0.16,22.3667,0.436,0.00033639946624740264,1.73,1.34,False,369.5,0.854,,"{""CRX"": {""P"": 2.081, ""power"": 0.258, ""fap"": 0.5857267593465357, ""power_at_rvP"": 0.045}, ""dLW"": {""P"": 557.434, ""power"": 0.292, ""fap"": 0.18986376827309825, ""power_at_rvP"": 0.006}, ""Halpha"": {""P"": 9.248, ""power"": 0.313, ""fap"": 0.07970661627395809, ""power_at_rvP"": 0.011}, ""FWHMDRS"": {""P"": 1242.86, ""power"": 0.657, ""fap"": 3.913543495453991e-11, ""power_at_rvP"": 0.043}, ""BIS"": {""P"": 1067.797, ""power"": 0.717, ""fap"": 9.905549335605162e-14, ""power_at_rvP"": 0.062}}",,,0,K3.5V,,8.319,19.63
GJ1132,122,119,745.1,,5.6,1.02,323.9058,0.171,0.04007238289666881,4.8,5.16,False,1354.65,0.639,,"{""CRX"": {""P"": 23.763, ""power"": 0.089, ""fap"": 0.999278982633217, ""power_at_rvP"": 0.02}, ""dLW"": {""P"": 29.445, ""power"": 0.117, ""fap"": 0.7384641558268783, ""power_at_rvP"": 0.084}, ""Halpha"": {""P"": 1.587, ""power"": 0.107, ""fap"": 0.9138394291126656, ""power_at_rvP"": 0.01}, ""FWHMDRS"": {""P"": 363.408, ""power"": 0.223, ""fap"": 0.0011897234198265368, ""power_at_rvP"": 0.142}, ""BIS"": {""P"": 1.402, ""power"": 0.118, ""fap"": 0.712011948032216, ""power_at_rvP"": 0.021}}","GJ 1132 b(1.629 d,Transit);GJ 1132 c(8.929 d,Radial Velocity)",,2,M4,,13.52,12.62
GJ1137,132,129,4808.9,,18.64,-2.91,144.7931,0.803,1.5699897995352737e-33,19.28,6.81,False,3531.32,0.659,,"{""CRX"": {""P"": 1877.155, ""power"": 0.175, ""fap"": 0.09699454443930815, ""power_at_rvP"": 0.011}, ""dLW"": {""P"": 3665.921, ""power"": 0.412, ""fap"": 9.939861352966567e-11, ""power_at_rvP"": 0.016}, ""Halpha"": {""P"": 539.605, ""power"": 0.268, ""fap"": 7.440116966203906e-05, ""power_at_rvP"": 0.027}, ""FWHMDRS"": {""P"": 2983.579, ""power"": 0.672, ""fap"": 1.7186628714951463e-26, ""power_at_rvP"": 0.024}, ""BIS"": {""P"": 2809.281, ""power"": 0.795, ""fap"": 4.086447585750258e-39, ""power_at_rvP"": 0.063}}","GJ 1137 c(9.641 d,Radial Velocity);HD 93083 b(144.72 d,Radial Velocity)",HD 93083 b,2,K2IV-V,4997.1,8.33,28.54
GJ115,54,51,3959.2,,2.08,-0.3,1.2967,0.418,0.01912774315972571,1.85,1.59,False,37.6,0.911,,"{""CRX"": {""P"": 7.291, ""power"": 0.311, ""fap"": 0.6364930648485004, ""power_at_rvP"": 0.014}, ""dLW"": {""P"": 5000.0, ""power"": 0.509, ""fap"": 0.000444369873596894, ""power_at_rvP"": 0.002}, ""Halpha"": {""P"": 72.522, ""power"": 0.513, ""fap"": 0.0003745476985824963, ""power_at_rvP"": 0.001}, ""FWHMDRS"": {""P"": 2.024, ""power"": 0.096, ""fap"": 1.0, ""power_at_rvP"": 0.033}, ""BIS"": {""P"": 2.024, ""power"": 0.095, ""fap"": 1.0, ""power_at_rvP"": 0.034}}",,,0,F8V,,8.19,64.79
GJ1191,72,71,4151.7,,4.46,0.02,19.479,0.336,0.020002071765585768,3.98,3.64,False,368.04,0.845,,"{""CRX"": {""P"": 343.663, ""power"": 0.33, ""fap"": 0.022081866446654892, ""power_at_rvP"": 0.046}, ""dLW"": {""P"": 2331.927, ""power"": 0.448, ""fap"": 3.891845267311555e-05, ""power_at_rvP"": 0.136}, ""Halpha"": {""P"": 18.282, ""power"": 0.242, ""fap"": 0.6972071609426593, ""power_at_rvP"": 0.058}, ""FWHMDRS"": {""P"": 352.415, ""power"": 0.685, ""fap"": 3.3263538903261956e-13, ""power_at_rvP"": 0.129}, ""BIS"": {""P"": 353.917, ""power"": 0.718, ""fap"": 7.927607720546012e-15, ""power_at_rvP"": 0.016}}",,,0,K2V,4976.5,7.942,22.12
GJ1214,56,45,3208.1,,68.81,8.33,1.2646,0.296,0.9778506878457973,44.51,52.11,False,2938.81,0.906,,"{""CRX"": {""P"": 2.201, ""power"": 0.247, ""fap"": 0.9999989264650174, ""power_at_rvP"": 0.057}, ""dLW"": {""P"": 4325.784, ""power"": 0.389, ""fap"": 0.1475243787916795, ""power_at_rvP"": 0.094}, ""Halpha"": {""P"": 360.791, ""power"": 0.372, ""fap"": 0.24631287821575376, ""power_at_rvP"": 0.03}, ""FWHMDRS"": {""P"": 5000.0, ""power"": 0.574, ""fap"": 5.7855672857043216e-05, ""power_at_rvP"": 0.013}, ""BIS"": {""P"": 1.661, ""power"": 0.335, ""fap"": 0.6203223484703224, ""power_at_rvP"": 0.033}}","GJ 1214 b(1.58 d,Transit)",,1,M4.5V,,,14.65
GJ1239,43,43,4326.0,,4.28,0.43,19.8513,0.589,0.0006937924418576613,4.96,2.71,False,369.26,0.71,,"{""CRX"": {""P"": 6.084, ""power"": 0.399, ""fap"": 0.3413289692164188, ""power_at_rvP"": 0.038}, ""dLW"": {""P"": 168.224, ""power"": 0.195, ""fap"": 1.0, ""power_at_rvP"": 0.006}, ""Halpha"": {""P"": 2.19, ""power"": 0.337, ""fap"": 0.9234702724684379, ""power_at_rvP"": 0.031}, ""FWHMDRS"": {""P"": 5000.0, ""power"": 0.593, ""fap"": 0.00025800434831673005, ""power_at_rvP"": 0.014}, ""BIS"": {""P"": 1148.922, ""power"": 0.564, ""fap"": 0.0009263388514687085, ""power_at_rvP"": 0.036}}",,,0,K4+V,,8.645,21.12
GJ128,1714,32,4399.1,,24.78,1.86,348.3029,0.671,0.0009217943986503296,25.06,6.95,False,367.2,0.949,,"{""CRX"": {""P"": 212.206, ""power"": 0.488, ""fap"": 0.5640923786690138, ""power_at_rvP"": 0.091}, ""dLW"": {""P"": 105.924, ""power"": 0.641, ""fap"": 0.005578244240061387, ""power_at_rvP"": 0.199}, ""Halpha"": {""P"": 11.427, ""power"": 0.589, ""fap"": 0.036802326127603896, ""power_at_rvP"": 0.167}, ""FWHMDRS"": {""P"": 21.253, ""power"": 0.327, ""fap"": 0.9999999999999998, ""power_at_rvP"": 0.006}, ""BIS"": {""P"": 14.103, ""power"": 0.374, ""fap"": 0.9999984337119154, ""power_at_rvP"": 0.056}}","HD 19994 b(466.2 d,Radial Velocity)",,1,F8.5V,6071.0,5.07,22.54
GJ132,85,77,5130.0,,2.28,-0.03,84.546,0.287,0.07377396908321039,1.83,1.83,False,361.87,0.751,,"{""CRX"": {""P"": 51.621, ""power"": 0.087, ""fap"": 1.0, ""power_at_rvP"": 0.018}, ""dLW"": {""P"": 1615.22, ""power"": 0.078, ""fap"": 1.0, ""power_at_rvP"": 0.019}, ""Halpha"": {""P"": 319.104, ""power"": 0.311, ""fap"": 0.011652954810227276, ""power_at_rvP"": 0.052}, ""FWHMDRS"": {""P"": 3.06, ""power"": 0.083, ""fap"": 1.0, ""power_at_rvP"": 0.003}, ""BIS"": {""P"": 2159.07, ""power"": 0.083, ""fap"": 1.0, ""power_at_rvP"": 0.039}}",,,0,G5VFe-1.2CH-1,5908.7,6.756,24.56
GJ136,64,25,1401.1,,10.84,-4.71,21.4722,0.521,0.7240796738051413,10.2,7.45,False,2547.48,0.724,,"{""CRX"": {""P"": 2001.576, ""power"": 0.664, ""fap"": 0.0350726844658296, ""power_at_rvP"": 0.564}, ""dLW"": {""P"": 451.958, ""power"": 0.68, ""fap"": 0.021139065168068856, ""power_at_rvP"": 0.385}, ""Halpha"": {""P"": 1474.833, ""power"": 0.702, ""fap"": 0.01037188220941618, ""power_at_rvP"": 0.45}, ""FWHMDRS"": {""P"": 1.266, ""power"": 0.321, ""fap"": 1.0, ""power_at_rvP"": 0.05}, ""BIS"": {""P"": 1.266, ""power"": 0.323, ""fap"": 1.0, ""power_at_rvP"": 0.059}}",,,0,G2.5VHdel1,,5.54,12.04
GJ138,282,84,4713.0,,2.45,-0.16,2869.2138,0.391,0.012029698452493584,3.29,1.98,False,365.55,0.626,,"{""CRX"": {""P"": 15.253, ""power"": 0.207, ""fap"": 0.6954738512263119, ""power_at_rvP"": 0.069}, ""dLW"": {""P"": 2490.207, ""power"": 0.516, ""fap"": 4.950631105592382e-09, ""power_at_rvP"": 0.36}, ""Halpha"": {""P"": 375.754, ""power"": 0.47, ""fap"": 1.794496734693886e-07, ""power_at_rvP"": 0.126}, ""FWHMDRS"": {""P"": 5000.0, ""power"": 0.492, ""fap"": 4.847400362040447e-08, ""power_at_rvP"": 0.39}, ""BIS"": {""P"": 378.774, ""power"": 0.482, ""fap"": 1.0023389775104694e-07, ""power_at_rvP"": 0.323}}",,,0,G1V,,5.24,12.05
GJ143,58,58,4805.0,,6.49,1.19,35.6151,0.572,1.4353246214683297e-06,6.24,3.95,False,4528.74,0.752,,"{""CRX"": {""P"": 18.547, ""power"": 0.307, ""fap"": 0.36116720259386637, ""power_at_rvP"": 0.104}, ""dLW"": {""P"": 3179.983, ""power"": 0.594, ""fap"": 3.30085021926089e-07, ""power_at_rvP"": 0.182}, ""Halpha"": {""P"": 376.529, ""power"": 0.422, ""fap"": 0.003819352804044598, ""power_at_rvP"": 0.094}, ""FWHMDRS"": {""P"": 5000.0, ""power"": 0.564, ""fap"": 2.1933906137668373e-06, ""power_at_rvP"": 0.126}, ""BIS"": {""P"": 354.316, ""power"": 0.499, ""fap"": 8.974407852446518e-05, ""power_at_rvP"": 0.04}}","HD 21749 c(7.79 d,Transit);GJ 143 b(35.613 d,Transit)",GJ 143 b,2,K4.5V,,8.143,16.33
GJ146,45,45,3014.7,,4.08,0.56,17.9387,0.404,0.1250442977728599,3.42,3.28,False,4617.11,0.792,,"{""CRX"": {""P"": 2.864, ""power"": 0.327, ""fap"": 0.7689561374178865, ""power_at_rvP"": 0.044}, ""dLW"": {""P"": 1.667, ""power"": 0.335, ""fap"": 0.6868814968341072, ""power_at_rvP"": 0.016}, ""Halpha"": {""P"": 971.548, ""power"": 0.426, ""fap"": 0.06348254151191961, ""power_at_rvP"": 0.123}, ""FWHMDRS"": {""P"": 354.542, ""power"": 0.347, ""fap"": 0.5600098978297655, ""power_at_rvP"": 0.239}, ""BIS"": {""P"": 2.915, ""power"": 0.302, ""fap"": 0.9494911284864433, ""power_at_rvP"": 0.015}}","HD 22496 b(5.091 d,Radial Velocity)",,1,K5/M0V,,8.57,13.6
GJ150.0,726,116,4877.8,,2.49,-0.05,753.2461,0.299,6.358477462150116e-05,1.73,2.14,False,3546.02,0.716,,"{""CRX"": {""P"": 2053.294, ""power"": 0.274, ""fap"": 0.0003323803929342573, ""power_at_rvP"": 0.077}, ""dLW"": {""P"": 2826.76, ""power"": 0.459, ""fap"": 3.0885372617918645e-11, ""power_at_rvP"": 0.012}, ""Halpha"": {""P"": 373.038, ""power"": 0.381, ""fap"": 5.007984073875655e-08, ""power_at_rvP"": 0.028}, ""FWHMDRS"": {""P"": 1127.646, ""power"": 0.162, ""fap"": 0.5751361620898624, ""power_at_rvP"": 0.069}, ""BIS"": {""P"": 562.233, ""power"": 0.291, ""fap"": 0.00010258012188532934, ""power_at_rvP"": 0.133}}",,,0,K0+IV,,3.54,9.07
GJ159,83,37,4088.8,,49.53,-4.83,570.4335,0.461,0.3951896089177224,54.06,38.24,False,364.49,0.702,,"{""CRX"": {""P"": 2.826, ""power"": 0.451, ""fap"": 0.37519340004972374, ""power_at_rvP"": 0.16}, ""dLW"": {""P"": 40.556, ""power"": 0.543, ""fap"": 0.02502038068408319, ""power_at_rvP"": 0.158}, ""Halpha"": {""P"": 155.065, ""power"": 0.603, ""fap"": 0.0025862461819964426, ""power_at_rvP"": 0.546}, ""FWHMDRS"": {""P"": 5000.0, ""power"": 0.673, ""fap"": 0.00011464619052810685, ""power_at_rvP"": 0.002}, ""BIS"": {""P"": 533.237, ""power"": 0.217, ""fap"": 1.0, ""power_at_rvP"": 0.056}}",,,0,F7V,,5.38,18.77
GJ163,188,187,5187.9,,5.95,-0.09,8.6299,0.452,3.5371719101722037e-20,5.67,4.45,False,2985.67,0.463,,"{""CRX"": {""P"": 5000.0, ""power"": 0.13, ""fap"": 0.026766623683775824, ""power_at_rvP"": 0.012}, ""dLW"": {""P"": 5000.0, ""power"": 0.156, ""fap"": 0.0018573787604188976, ""power_at_rvP"": 0.007}, ""Halpha"": {""P"": 5000.0, ""power"": 0.175, ""fap"": 0.0002695798492363286, ""power_at_rvP"": 0.007}, ""FWHMDRS"": {""P"": 373.555, ""power"": 0.096, ""fap"": 0.5525101729139021, ""power_at_rvP"": 0.012}, ""BIS"": {""P"": 369.563, ""power"": 0.044, ""fap"": 1.0, ""power_at_rvP"": 0.012}}","GJ 163 c(25.631 d,Radial Velocity);GJ 163 d(603.951 d,Radial Velocity);GJ 163 b(8.632 d,Radial Velocity)",GJ 163 b,3,M3.5,,11.811,15.14
GJ177,135,42,1962.7,,13.5,1.98,34.4316,0.607,0.0006967601648914095,18.08,8.92,False,65.53,0.795,CRX,"{""CRX"": {""P"": 31.629, ""power"": 0.59, ""fap"": 0.00024322545166102923, ""power_at_rvP"": 0.082}, ""dLW"": {""P"": 613.316, ""power"": 0.523, ""fap"": 0.004123722842384, ""power_at_rvP"": 0.352}, ""Halpha"": {""P"": 71.238, ""power"": 0.536, ""fap"": 0.0024564378546080216, ""power_at_rvP"": 0.348}, ""FWHMDRS"": {""P"": 71.109, ""power"": 0.721, ""fap"": 1.7929163838528995e-07, ""power_at_rvP"": 0.301}, ""BIS"": {""P"": 24.111, ""power"": 0.514, ""fap"": 0.005683883232374267, ""power_at_rvP"": 0.204}}",,,0,G2.5IV-V,5867.0,5.5,13.24
GJ17,3237,276,4411.9,,2.51,0.12,266.8607,0.238,1.6480421341685795e-12,1.0,1.4,False,365.15,0.879,,"{""CRX"": {""P"": 585.717, ""power"": 0.011, ""fap"": 1.0, ""power_at_rvP"": 0.005}, ""dLW"": {""P"": 377.649, ""power"": 0.032, ""fap"": 0.9999999999999996, ""power_at_rvP"": 0.01}, ""Halpha"": {""P"": 185.509, ""power"": 0.03, ""fap"": 1.0, ""power_at_rvP"": 0.004}, ""FWHMDRS"": {""P"": 4076.1, ""power"": 0.054, ""fap"": 0.6739122687213004, ""power_at_rvP"": 0.003}, ""BIS"": {""P"": 356.3, ""power"": 0.058, ""fap"": 0.46612333095563974, ""power_at_rvP"": 0.003}}",,,0,F9.5V,,4.23,8.53
GJ180,85,55,2907.2,,3.58,-0.14,15.5603,0.624,2.542468437276158e-07,4.0,2.51,False,2268.68,0.928,,"{""CRX"": {""P"": 12.962, ""power"": 0.311, ""fap"": 0.486748604363141, ""power_at_rvP"": 0.014}, ""dLW"": {""P"": 656.031, ""power"": 0.512, ""fap"": 0.0001310674918211495, ""power_at_rvP"": 0.004}, ""Halpha"": {""P"": 45.652, ""power"": 0.408, ""fap"": 0.01569375899203375, ""power_at_rvP"": 0.042}, ""FWHMDRS"": {""P"": 1781.967, ""power"": 0.835, ""fap"": 1.540521203418611e-16, ""power_at_rvP"": 0.031}, ""BIS"": {""P"": 1781.967, ""power"": 0.792, ""fap"": 5.934670222142736e-14, ""power_at_rvP"": 0.043}}","GJ 180 d(106.3 d,Radial Velocity);GJ 180 b(17.133 d,Radial Velocity);GJ 180 c(24.329 d,Radial Velocity)",,3,M3V,,10.894,11.94
GJ183,144,41,4700.9,,1.95,0.47,5.3873,0.447,0.127763578677038,1.18,1.01,False,4747.52,0.924,,"{""CRX"": {""P"": 445.995, ""power"": 0.407, ""fap"": 0.4997720381334634, ""power_at_rvP"": 0.083}, ""dLW"": {""P"": 4122.941, ""power"": 0.53, ""fap"": 0.010396911530490497, ""power_at_rvP"": 0.122}, ""Halpha"": {""P"": 5.955, ""power"": 0.393, ""fap"": 0.6473158799281999, ""power_at_rvP"": 0.073}, ""FWHMDRS"": {""P"": 18.703, ""power"": 0.256, ""fap"": 0.9999999999999998, ""power_at_rvP"": 0.036}, ""BIS"": {""P"": 343.375, ""power"": 0.446, ""fap"": 0.1823313734359138, ""power_at_rvP"": 0.088}}",,,0,K3+V,,6.21,8.85
GJ191,231,152,5231.8,,2.43,0.02,123.1093,0.263,0.0002640987493132972,1.81,2.05,False,1689.64,0.744,,"{""CRX"": {""P"": 2.744, ""power"": 0.095, ""fap"": 0.9993051059549082, ""power_at_rvP"": 0.003}, ""dLW"": {""P"": 5000.0, ""power"": 0.624, ""fap"": 9.860644757403682e-28, ""power_at_rvP"": 0.061}, ""Halpha"": {""P"": 113.495, ""power"": 0.332, ""fap"": 2.3770666935516185e-09, ""power_at_rvP"": 0.168}, ""FWHMDRS"": {""P"": 5000.0, ""power"": 0.668, ""fap"": 1.1233756176564284e-31, ""power_at_rvP"": 0.123}, ""BIS"": {""P"": 2437.497, ""power"": 0.8, ""fap"": 5.4159473618750817e-48, ""power_at_rvP"": 0.213}}",,,0,M1VIp,,8.853,3.93
GJ19,2503,34,1838.0,,3.06,2.16,1.4548,0.298,0.9788100399616297,0.92,3.03,False,3341.72,0.819,,"{""CRX"": {""P"": 87.726, ""power"": 0.381, ""fap"": 0.9076850124440409, ""power_at_rvP"": 0.152}, ""dLW"": {""P"": 3675.906, ""power"": 0.76, ""fap"": 2.301684601402566e-06, ""power_at_rvP"": 0.03}, ""Halpha"": {""P"": 29.715, ""power"": 0.355, ""fap"": 0.9850631552426605, ""power_at_rvP"": 0.187}, ""FWHMDRS"": {""P"": 3675.906, ""power"": 0.507, ""fap"": 0.11568258552921008, ""power_at_rvP"": 0.017}, ""BIS"": {""P"": 26.83, ""power"": 0.504, ""fap"": 0.125918619547158, ""power_at_rvP"": 0.015}}",,,0,G0V,,2.79,
GJ1,48,45,2063.2,,2.1,0.06,68.0911,0.477,0.008089913432065436,2.02,1.54,False,3751.32,0.778,,"{""CRX"": {""P"": 1.295, ""power"": 0.325, ""fap"": 0.7389158431771324, ""power_at_rvP"": 0.018}, ""dLW"": {""P"": 177.096, ""power"": 0.455, ""fap"": 0.019026099838803018, ""power_at_rvP"": 0.055}, ""Halpha"": {""P"": 434.351, ""power"": 0.346, ""fap"": 0.506617523481472, ""power_at_rvP"": 0.104}, ""FWHMDRS"": {""P"": 46.837, ""power"": 0.361, ""fap"": 0.3664760498106501, ""power_at_rvP"": 0.028}, ""BIS"": {""P"": 3.807, ""power"": 0.4, ""fap"": 0.12459750918339278, ""power_at_rvP"": 0.033}}",,,0,M2V,,8.562,4.35
GJ2046,466,250,5125.0,,3.19,0.33,9.6237,0.367,7.910340665306349e-21,2.51,2.59,False,360.27,0.368,,"{""CRX"": {""P"": 4361.688, ""power"": 0.486, ""fap"": 8.423856647201388e-32, ""power_at_rvP"": 0.002}, ""dLW"": {""P"": 5000.0, ""power"": 0.922, ""fap"": 3.548343711193736e-132, ""power_at_rvP"": 0.003}, ""Halpha"": {""P"": 4019.588, ""power"": 0.168, ""fap"": 2.572441663466014e-06, ""power_at_rvP"": 0.003}, ""FWHMDRS"": {""P"": 2662.306, ""power"": 0.151, ""fap"": 2.9285670373714044e-05, ""power_at_rvP"": 0.003}, ""BIS"": {""P"": 1357.591, ""power"": 0.142, ""fap"": 9.431681945786332e-05, ""power_at_rvP"": 0.001}}","HD 40307 b(4.312 d,Radial Velocity);HD 40307 c(9.618 d,Radial Velocity);HD 40307 d(20.432 d,Radial Velocity);HD 40307 f(51.76 d,Radial Velocity);HD 40307 g(197.8 d,Radial Velocity)",HD 40307 c,5,K2.5V,4893.0,7.147,12.94
GJ2049,56,54,1747.2,,6.05,2.94,1.3065,0.472,0.0008382668692572358,5.45,4.63,False,288.78,0.729,,"{""CRX"": {""P"": 237.699, ""power"": 0.27, ""fap"": 0.8725272021569448, ""power_at_rvP"": 0.027}, ""dLW"": {""P"": 371.722, ""power"": 0.539, ""fap"": 2.9763137887880482e-05, ""power_at_rvP"": 0.008}, ""Halpha"": {""P"": 70.876, ""power"": 0.514, ""fap"": 0.00010678305293667647, ""power_at_rvP"": 0.007}, ""FWHMDRS"": {""P"": 31.087, ""power"": 0.205, ""fap"": 0.9999997983398841, ""power_at_rvP"": 0.043}, ""BIS"": {""P"": 1.991, ""power"": 0.277, ""fap"": 0.8121608098446159, ""power_at_rvP"": 0.025}}",,,0,M1Vk,,10.693,26.88
GJ204,285,110,4488.8,,3.07,-0.33,24.1137,0.345,2.95202173437699e-06,2.07,2.57,False,3211.4,0.929,,"{""CRX"": {""P"": 1321.088, ""power"": 0.283, ""fap"": 0.00042238499980569634, ""power_at_rvP"": 0.088}, ""dLW"": {""P"": 2900.169, ""power"": 0.617, ""fap"": 2.2694769855541524e-18, ""power_at_rvP"": 0.053}, ""Halpha"": {""P"": 28.419, ""power"": 0.201, ""fap"": 0.10429050784094619, ""power_at_rvP"": 0.028}, ""FWHMDRS"": {""P"": 2809.411, ""power"": 0.588, ""fap"": 1.0407781067353958e-16, ""power_at_rvP"": 0.061}, ""BIS"": {""P"": 1095.412, ""power"": 0.617, ""fap"": 2.1124837416869237e-18, ""power_at_rvP"": 0.054}}",,,0,K5V,,7.642,12.94
GJ205,102,74,1400.1,,4.38,2.79,35.9892,0.508,5.408011572038025e-08,3.96,3.26,False,2545.58,0.931,dLW;Halpha,"{""CRX"": {""P"": 1120.016, ""power"": 0.147, ""fap"": 0.9986477487103561, ""power_at_rvP"": 0.067}, ""dLW"": {""P"": 35.533, ""power"": 0.652, ""fap"": 3.362127556220016e-13, ""power_at_rvP"": 0.417}, ""Halpha"": {""P"": 32.036, ""power"": 0.417, ""fap"": 1.8249157445232684e-05, ""power_at_rvP"": 0.114}, ""FWHMDRS"": {""P"": 27.29, ""power"": 0.36, ""fap"": 0.0004421256194407123, ""power_at_rvP"": 0.02}, ""BIS"": {""P"": 27.29, ""power"": 0.367, ""fap"": 0.00031066032405804617, ""power_at_rvP"": 0.015}}",,,0,M1.5Ve,,7.968,5.7
GJ2066,111,107,4491.8,,1.7,0.04,25.6742,0.216,0.21194739891382144,1.18,1.53,False,3598.13,0.984,,"{""CRX"": {""P"": 1.42, ""power"": 0.158, ""fap"": 0.6706786395037291, ""power_at_rvP"": 0.0}, ""dLW"": {""P"": 2366.108, ""power"": 0.274, ""fap"": 0.000714011867679092, ""power_at_rvP"": 0.091}, ""Halpha"": {""P"": 22.789, ""power"": 0.195, ""fap"": 0.11462601994924107, ""power_at_rvP"": 0.011}, ""FWHMDRS"": {""P"": 2900.966, ""power"": 0.763, ""fap"": 1.0125852029474793e-28, ""power_at_rvP"": 0.107}, ""BIS"": {""P"": 1248.261, ""power"": 0.754, ""fap"": 7.210683109278947e-28, ""power_at_rvP"": 0.145}}",,,0,M2.0V,,10.091,8.94
GJ2126,103,99,5058.9,,16.65,2.41,273.2746,0.495,1.3624718536460296e-10,15.97,11.81,False,363.63,0.705,,"{""CRX"": {""P"": 4.463, ""power"": 0.18, ""fap"": 0.4182258626509781, ""power_at_rvP"": 0.016}, ""dLW"": {""P"": 17.392, ""power"": 0.185, ""fap"": 0.3376821148449224, ""power_at_rvP"": 0.002}, ""Halpha"": {""P"": 18.173, ""power"": 0.198, ""fap"": 0.17973078797771727, ""power_at_rvP"": 0.024}, ""FWHMDRS"": {""P"": 1900.546, ""power"": 0.147, ""fap"": 0.9650999055610596, ""power_at_rvP"": 0.01}, ""BIS"": {""P"": 5.891, ""power"": 0.191, ""fap"": 0.2469842323584819, ""power_at_rvP"": 0.018}}","GJ 2126 b(272.7 d,Radial Velocity)",GJ 2126 b,1,M0V:,4290.5,10.68,38.17
GJ213,126,123,4676.1,,2.38,0.25,3945.3403,0.162,0.23110254876926847,2.67,2.21,False,3502.12,0.793,,"{""CRX"": {""P"": 253.649, ""power"": 0.038, ""fap"": 1.0, ""power_at_rvP"": 0.011}, ""dLW"": {""P"": 5000.0, ""power"": 0.174, ""fap"": 0.06767215275684037, ""power_at_rvP"": 0.059}, ""Halpha"": {""P"": 868.318, ""power"": 0.179, ""fap"": 0.047242606080709286, ""power_at_rvP"": 0.068}, ""FWHMDRS"": {""P"": 1881.559, ""power"": 0.715, ""fap"": 1.528868435703596e-29, ""power_at_rvP"": 0.601}, ""BIS"": {""P"": 2046.232, ""power"": 0.362, ""fap"": 1.671509991620758e-08, ""power_at_rvP"": 0.284}}",,,0,M4V,,11.509,5.79
GJ219.0,2721,142,5123.9,,477.63,20.48,2.1119,0.552,2.3855062279106157e-20,496.21,513.16,False,361.47,0.504,,"{""CRX"": {""P"": 364.041, ""power"": 0.653, ""fap"": 6.598376081423351e-28, ""power_at_rvP"": 0.028}, ""dLW"": {""P"": 342.162, ""power"": 0.187, ""fap"": 0.011147666282830752, ""power_at_rvP"": 0.003}, ""Halpha"": {""P"": 1273.068, ""power"": 0.344, ""fap"": 5.362478805756839e-09, ""power_at_rvP"": 0.019}, ""FWHMDRS"": {""P"": 2.471, ""power"": 0.154, ""fap"": 0.999579877279717, ""power_at_rvP"": 0.082}, ""BIS"": {""P"": 9.969, ""power"": 0.066, ""fap"": 1.0, ""power_at_rvP"": 0.004}}","bet Pic d(33200.0 d,Imaging);bet Pic b(8682.0 d,Imaging);bet Pic c(1202.0 d,Radial Velocity)",,3,A6V,7099.5,3.86,19.75
GJ221,120,118,2970.8,,6.95,-0.56,125.6427,0.636,1.6407200651759595e-21,7.76,4.07,False,349.74,0.463,,"{""CRX"": {""P"": 1.714, ""power"": 0.142, ""fap"": 0.733681611199059, ""power_at_rvP"": 0.0}, ""dLW"": {""P"": 2596.453, ""power"": 0.191, ""fap"": 0.05138186338274389, ""power_at_rvP"": 0.031}, ""Halpha"": {""P"": 1418.582, ""power"": 0.167, ""fap"": 0.23199196061513186, ""power_at_rvP"": 0.045}, ""FWHMDRS"": {""P"": 362.541, ""power"": 0.035, ""fap"": 1.0, ""power_at_rvP"": 0.018}, ""BIS"": {""P"": 360.342, ""power"": 0.035, ""fap"": 1.0, ""power_at_rvP"": 0.018}}","BD-06 1339 b(3.873 d,Radial Velocity);BD-06 1339 c(125.94 d,Radial Velocity)",BD-06 1339 c,2,K7V/M0V,,9.693,20.28
GJ223.3,63,39,5123.9,,3.27,-0.43,1.3734,0.483,0.3594118578469663,2.86,2.29,False,829.8,0.825,,"{""CRX"": {""P"": 3153.585, ""power"": 0.642, ""fap"": 0.00023743582709300065, ""power_at_rvP"": 0.004}, ""dLW"": {""P"": 1375.615, ""power"": 0.803, ""fap"": 7.915704311870134e-09, ""power_at_rvP"": 0.033}, ""Halpha"": {""P"": 16.464, ""power"": 0.415, ""fap"": 0.6535052451341996, ""power_at_rvP"": 0.023}, ""FWHMDRS"": {""P"": 3153.585, ""power"": 0.552, ""fap"": 0.01126676679349712, ""power_at_rvP"": 0.036}, ""BIS"": {""P"": 3153.585, ""power"": 0.619, ""fap"": 0.000719591834460897, ""power_at_rvP"": 0.042}}",,,0,K1IV-V,,6.52,35.71
GJ224,88,42,2199.9,,2.94,0.47,101.3752,0.715,2.6254495208912495e-07,3.36,1.54,False,64.89,0.841,,"{""CRX"": {""P"": 70.848, ""power"": 0.624, ""fap"": 4.952743807248028e-05, ""power_at_rvP"": 0.26}, ""dLW"": {""P"": 67.583, ""power"": 0.744, ""fap"": 3.592866836064741e-08, ""power_at_rvP"": 0.302}, ""Halpha"": {""P"": 360.631, ""power"": 0.816, ""fap"": 7.099976116635682e-11, ""power_at_rvP"": 0.537}, ""FWHMDRS"": {""P"": 4399.889, ""power"": 0.857, ""fap"": 6.448132669579626e-13, ""power_at_rvP"": 0.099}, ""BIS"": {""P"": 4399.889, ""power"": 0.812, ""fap"": 1.0916541166196791e-10, ""power_at_rvP"": 0.004}}",,,0,G8,,6.6,27.51
GJ225.1,104,78,5174.8,,2.0,-0.27,6.2134,0.281,0.07520331720354498,1.15,1.42,False,367.4,0.762,,"{""CRX"": {""P"": 1.937, ""power"": 0.209, ""fap"": 0.8903237138652528, ""power_at_rvP"": 0.019}, ""dLW"": {""P"": 14.824, ""power"": 0.079, ""fap"": 1.0, ""power_at_rvP"": 0.01}, ""Halpha"": {""P"": 357.25, ""power"": 0.221, ""fap"": 0.7365335826575815, ""power_at_rvP"": 0.044}, ""FWHMDRS"": {""P"": 5000.0, ""power"": 0.604, ""fap"": 2.954593150055759e-11, ""power_at_rvP"": 0.003}, ""BIS"": {""P"": 5000.0, ""power"": 0.553, ""fap"": 2.36354790120571e-09, ""power_at_rvP"": 0.025}}",,,0,G5V,,8.61,53.19
GJ253,227,221,5017.2,,3.72,-0.2,14.073,0.598,3.71302844402582e-39,4.05,2.36,False,364.79,0.431,,"{""CRX"": {""P"": 864.505, ""power"": 0.164, ""fap"": 4.1529455029603184e-05, ""power_at_rvP"": 0.004}, ""dLW"": {""P"": 5000.0, ""power"": 0.113, ""fap"": 0.022365772541247535, ""power_at_rvP"": 0.001}, ""Halpha"": {""P"": 5000.0, ""power"": 0.137, ""fap"": 0.0011918398480586085, ""power_at_rvP"": 0.031}, ""FWHMDRS"": {""P"": 5000.0, ""power"": 0.279, ""fap"": 5.618914321488314e-12, ""power_at_rvP"": 0.002}, ""BIS"": {""P"": 4169.033, ""power"": 0.202, ""fap"": 2.9173950800511307e-07, ""power_at_rvP"": 0.013}}","HD 51608 b(14.073 d,Radial Velocity);HD 51608 c(95.945 d,Radial Velocity)",HD 51608 b,2,K0IV-V,5358.3,8.17,35.09
GJ273,317,259,4675.1,,2.56,0.09,419.8524,0.254,1.541704877805132e-12,1.97,2.23,False,362.83,0.689,,"{""CRX"": {""P"": 2045.968, ""power"": 0.114, ""fap"": 0.0022593097083744513, ""power_at_rvP"": 0.051}, ""dLW"": {""P"": 5000.0, ""power"": 0.515, ""fap"": 1.4189073621837318e-36, ""power_at_rvP"": 0.01}, ""Halpha"": {""P"": 3375.466, ""power"": 0.111, ""fap"": 0.0033064803357771484, ""power_at_rvP"": 0.003}, ""FWHMDRS"": {""P"": 1881.303, ""power"": 0.492, ""fap"": 6.477501653737675e-34, ""power_at_rvP"": 0.165}, ""BIS"": {""P"": 2002.157, ""power"": 0.553, ""fap"": 4.7588076250142e-41, ""power_at_rvP"": 0.157}}","GJ 273 b(18.65 d,Radial Velocity);GJ 273 c(4.723 d,Radial Velocity)",,2,M3.5V,,9.872,3.0
GJ275,528,163,5300.6,,1.2,0.08,2.1872,0.189,0.0006721621033240703,0.67,1.16,False,367.83,0.601,,"{""CRX"": {""P"": 511.629, ""power"": 0.416, ""fap"": 5.202522879116514e-15, ""power_at_rvP"": 0.0}, ""dLW"": {""P"": 5000.0, ""power"": 0.603, ""fap"": 2.7544393501058068e-28, ""power_at_rvP"": 0.004}, ""Halpha"": {""P"": 404.309, ""power"": 0.186, ""fap"": 0.0010425942436909756, ""power_at_rvP"": 0.0}, ""FWHMDRS"": {""P"": 5000.0, ""power"": 0.673, ""fap"": 6.511349304341205e-35, ""power_at_rvP"": 0.002}, ""BIS"": {""P"": 833.403, ""power"": 0.115, ""fap"": 0.45928866219491554, ""power_at_rvP"": 0.014}}",,,0,G6.5V,,6.714,22.48
GJ279,190,74,1948.8,,30.12,-7.63,533.8885,0.658,3.1248327761316616e-13,36.25,18.02,False,3543.21,0.754,,"{""CRX"": {""P"": 1025.634, ""power"": 0.258, ""fap"": 0.11514173722200016, ""power_at_rvP"": 0.058}, ""dLW"": {""P"": 3897.548, ""power"": 0.383, ""fap"": 0.00023826080602404743, ""power_at_rvP"": 0.012}, ""Halpha"": {""P"": 1.878, ""power"": 0.221, ""fap"": 0.4616012371409398, ""power_at_rvP"": 0.008}, ""FWHMDRS"": {""P"": 3897.548, ""power"": 0.459, ""fap"": 2.6192934777515084e-06, ""power_at_rvP"": 0.242}, ""BIS"": {""P"": 1.945, ""power"": 0.254, ""fap"": 0.13690907102753094, ""power_at_rvP"": 0.113}}","HD 60532 b(201.9 d,Radial Velocity);HD 60532 c(600.1 d,Radial Velocity)",,2,F6IV-V,6170.0,4.39,25.99
GJ293.1,69,68,4707.2,,3.49,-2.12,34.5879,0.222,0.9630921673541798,0.91,1.11,False,365.14,0.805,,"{""CRX"": {""P"": 10.23, ""power"": 0.248, ""fap"": 0.6183163037505499, ""power_at_rvP"": 0.023}, ""dLW"": {""P"": 5000.0, ""power"": 0.686, ""fap"": 7.688575208652152e-13, ""power_at_rvP"": 0.004}, ""Halpha"": {""P"": 370.889, ""power"": 0.385, ""fap"": 0.0017757113159496032, ""power_at_rvP"": 0.058}, ""FWHMDRS"": {""P"": 5000.0, ""power"": 0.449, ""fap"": 5.130644149959535e-05, ""power_at_rvP"": 0.022}, ""BIS"": {""P"": 1241.516, ""power"": 0.701, ""fap"": 1.5146181705092456e-13, ""power_at_rvP"": 0.035}}",,,0,K4V,4729.9,8.077,17.65
GJ294A,884,274,4542.7,,1.35,-0.29,24.136,0.097,0.011810953501325158,0.53,1.29,False,366.09,0.887,,"{""CRX"": {""P"": 1708.698, ""power"": 0.055, ""fap"": 0.9770773145342022, ""power_at_rvP"": 0.01}, ""dLW"": {""P"": 2380.172, ""power"": 0.11, ""fap"": 0.00133492757776775, ""power_at_rvP"": 0.01}, ""Halpha"": {""P"": 4097.898, ""power"": 0.035, ""fap"": 1.0, ""power_at_rvP"": 0.009}, ""FWHMDRS"": {""P"": 4504.225, ""power"": 0.04, ""fap"": 0.9999999999943735, ""power_at_rvP"": 0.007}, ""BIS"": {""P"": 1224.911, ""power"": 0.414, ""fap"": 3.77350323092616e-28, ""power_at_rvP"": 0.012}}",,,0,F9.5V,,5.6,16.2
GJ29,244,123,5074.0,,6.15,-0.62,2017.636,0.174,0.20597687482772142,1.88,1.5,False,2875.09,0.883,Halpha;FWHMDRS;BIS,"{""CRX"": {""P"": 7.599, ""power"": 0.045, ""fap"": 1.0, ""power_at_rvP"": 0.001}, ""dLW"": {""P"": 5000.0, ""power"": 0.342, ""fap"": 6.911788190518831e-08, ""power_at_rvP"": 0.011}, ""Halpha"": {""P"": 1940.473, ""power"": 0.307, ""fap"": 1.6496841610158722e-06, ""power_at_rvP"": 0.292}, ""FWHMDRS"": {""P"": 1940.473, ""power"": 0.687, ""fap"": 4.224701572617009e-28, ""power_at_rvP"": 0.662}, ""BIS"": {""P"": 1978.303, ""power"": 0.816, ""fap"": 1.599502073540096e-42, ""power_at_rvP"": 0.815}}",,,0,G0VFe-0.9CH-0.4,,5.88,25.25
GJ302,702,256,4816.9,,3.61,-0.02,8.6685,0.548,1.0680056022329385e-39,3.81,2.55,False,364.54,0.515,,"{""CRX"": {""P"": 4140.414, ""power"": 0.406, ""fap"": 7.843120322783043e-25, ""power_at_rvP"": 0.002}, ""dLW"": {""P"": 5000.0, ""power"": 0.69, ""fap"": 2.4235929979944985e-60, ""power_at_rvP"": 0.003}, ""Halpha"": {""P"": 183.752, ""power"": 0.277, ""fap"": 3.474374856404311e-14, ""power_at_rvP"": 0.001}, ""FWHMDRS"": {""P"": 27.467, ""power"": 0.043, ""fap"": 0.9999999999999591, ""power_at_rvP"": 0.011}, ""BIS"": {""P"": 359.102, ""power"": 0.023, ""fap"": 1.0, ""power_at_rvP"": 0.008}}","HD 69830 c(31.56 d,Radial Velocity);HD 69830 b(8.667 d,Radial Velocity);HD 69830 d(197.0 d,Radial Velocity)",HD 69830 b,3,G8:V,,5.95,12.56
GJ3053,208,112,779.9,,11.91,0.19,96.2747,0.145,0.37818728050278405,6.67,11.05,False,362.72,0.687,,"{""CRX"": {""P"": 17.784, ""power"": 0.121, ""fap"": 0.8507755500613113, ""power_at_rvP"": 0.013}, ""dLW"": {""P"": 23.106, ""power"": 0.19, ""fap"": 0.028565370676617984, ""power_at_rvP"": 0.054}, ""Halpha"": {""P"": 164.174, ""power"": 0.188, ""fap"": 0.031325626084518686, ""power_at_rvP"": 0.049}, ""FWHMDRS"": {""P"": 433.246, ""power"": 0.421, ""fap"": 5.945592592432253e-10, ""power_at_rvP"": 0.189}, ""BIS"": {""P"": 1.547, ""power"": 0.15, ""fap"": 0.2872851598950795, ""power_at_rvP"": 0.004}}","LHS 1140 b(24.737 d,Transit);LHS 1140 c(3.778 d,Transit)",,2,M4.5,3872.0,14.15,14.99
GJ3082,43,43,1568.0,,3.57,0.55,11.5369,0.507,0.002637435819809856,3.65,2.74,False,1650.44,0.963,,"{""CRX"": {""P"": 1.891, ""power"": 0.242, ""fap"": 0.9995900115186324, ""power_at_rvP"": 0.001}, ""dLW"": {""P"": 51.574, ""power"": 0.254, ""fap"": 0.9972227826523651, ""power_at_rvP"": 0.009}, ""Halpha"": {""P"": 25.808, ""power"": 0.397, ""fap"": 0.10921746559981749, ""power_at_rvP"": 0.038}, ""FWHMDRS"": {""P"": 124.434, ""power"": 0.335, ""fap"": 0.51419126342284, ""power_at_rvP"": 0.025}, ""BIS"": {""P"": 1.285, ""power"": 0.31, ""fap"": 0.7615778437714461, ""power_at_rvP"": 0.038}}","GJ 3082 b(11.949 d,Radial Velocity)",GJ 3082 b,1,M3V,,11.077,16.63
GJ309,494,144,5164.9,,1.56,0.0,35.1865,0.179,0.02555159107001984,0.96,1.51,False,365.44,0.612,,"{""CRX"": {""P"": 4188.941, ""power"": 0.473, ""fap"": 9.028243332823565e-16, ""power_at_rvP"": 0.017}, ""dLW"": {""P"": 4365.995, ""power"": 0.683, ""fap"": 4.499848907331374e-31, ""power_at_rvP"": 0.002}, ""Halpha"": {""P"": 369.362, ""power"": 0.294, ""fap"": 5.723164132350594e-07, ""power_at_rvP"": 0.021}, ""FWHMDRS"": {""P"": 373.368, ""power"": 0.266, ""fap"": 8.310979756030392e-06, ""power_at_rvP"": 0.027}, ""BIS"": {""P"": 2080.093, ""power"": 0.242, ""fap"": 7.543255704947986e-05, ""power_at_rvP"": 0.016}}",,,0,K1V,,6.38,12.18
GJ312,205,141,5082.0,,1.84,-0.4,2797.8176,0.214,0.0010461968640934282,1.1,1.35,False,363.87,0.476,dLW,"{""CRX"": {""P"": 361.28, ""power"": 0.144, ""fap"": 0.25770486786022084, ""power_at_rvP"": 0.025}, ""dLW"": {""P"": 2797.818, ""power"": 0.338, ""fap"": 1.0303401588717194e-08, ""power_at_rvP"": 0.338}, ""Halpha"": {""P"": 373.22, ""power"": 0.323, ""fap"": 4.4804092439726155e-08, ""power_at_rvP"": 0.102}, ""FWHMDRS"": {""P"": 5000.0, ""power"": 0.599, ""fap"": 1.7351356240351722e-23, ""power_at_rvP"": 0.135}, ""BIS"": {""P"": 4765.562, ""power"": 0.619, ""fap"": 4.721173365066148e-25, ""power_at_rvP"": 0.37}}",,,0,G0Vp,,6.55,27.64
GJ3138,206,186,4383.0,,2.93,-0.11,5.9746,0.172,0.00035990027296143077,1.73,2.66,False,3303.9,0.757,,"{""CRX"": {""P"": 4.012, ""power"": 0.096, ""fap"": 0.5195579581572586, ""power_at_rvP"": 0.0}, ""dLW"": {""P"": 45.453, ""power"": 0.193, ""fap"": 3.3791893602356915e-05, ""power_at_rvP"": 0.006}, ""Halpha"": {""P"": 381.896, ""power"": 0.297, ""fap"": 1.489686976878006e-10, ""power_at_rvP"": 0.003}, ""FWHMDRS"": {""P"": 5000.0, ""power"": 0.286, ""fap"": 6.087148334697797e-10, ""power_at_rvP"": 0.008}, ""BIS"": {""P"": 5000.0, ""power"": 0.332, ""fap"": 1.4787660414387567e-12, ""power_at_rvP"": 0.007}}","GJ 3138 b(1.22 d,Radial Velocity);GJ 3138 d(257.8 d,Radial Velocity);GJ 3138 c(5.974 d,Radial Velocity)",GJ 3138 c,3,K9Vk:,,10.877,28.49
GJ3148,62,62,1403.2,,13.28,2.48,11.1406,0.439,0.0002880897559576764,12.4,10.2,False,1336.37,0.993,,"{""CRX"": {""P"": 7.121, ""power"": 0.065, ""fap"": 1.0, ""power_at_rvP"": 0.043}, ""dLW"": {""P"": 326.318, ""power"": 0.301, ""fap"": 0.1416310838447016, ""power_at_rvP"": 0.091}, ""Halpha"": {""P"": 322.567, ""power"": 0.622, ""fap"": 3.857476300163462e-09, ""power_at_rvP"": 0.056}, ""FWHMDRS"": {""P"": 2806.452, ""power"": 0.431, ""fap"": 0.00044899912191335577, ""power_at_rvP"": 0.195}, ""BIS"": {""P"": 3.192, ""power"": 0.271, ""fap"": 0.38010961645690844, ""power_at_rvP"": 0.04}}",,,0,M3Ve,,12.027,13.41
GJ317,132,93,2990.9,,33.52,-10.22,695.8242,0.928,1.7329941799250352e-15,62.17,5.66,False,358.25,0.861,,"{""CRX"": {""P"": 347.837, ""power"": 0.068, ""fap"": 1.0, ""power_at_rvP"": 0.046}, ""dLW"": {""P"": 738.796, ""power"": 0.302, ""fap"": 0.0013809567443016113, ""power_at_rvP"": 0.185}, ""Halpha"": {""P"": 1014.452, ""power"": 0.41, ""fap"": 9.386128911153054e-07, ""power_at_rvP"": 0.172}, ""FWHMDRS"": {""P"": 1392.247, ""power"": 0.383, ""fap"": 6.448848208215858e-06, ""power_at_rvP"": 0.021}, ""BIS"": {""P"": 1330.319, ""power"": 0.332, ""fap"": 0.00020236806047624196, ""power_at_rvP"": 0.052}}","GJ 317 c(6500.0 d,Radial Velocity);GJ 317 b(695.69 d,Radial Velocity)",GJ 317 b,2,M3.5V,,11.975,15.2
GJ3187,74,74,5063.1,,1.9,0.25,72.2132,0.484,1.6119654237530756e-06,1.71,1.34,False,363.92,0.666,,"{""CRX"": {""P"": 95.507, ""power"": 0.229, ""fap"": 0.6699238200521399, ""power_at_rvP"": 0.005}, ""dLW"": {""P"": 5000.0, ""power"": 0.369, ""fap"": 0.001271192924778454, ""power_at_rvP"": 0.003}, ""Halpha"": {""P"": 9.229, ""power"": 0.214, ""fap"": 0.8812321045658925, ""power_at_rvP"": 0.01}, ""FWHMDRS"": {""P"": 5000.0, ""power"": 0.528, ""fap"": 6.154652101333052e-08, ""power_at_rvP"": 0.12}, ""BIS"": {""P"": 2718.257, ""power"": 0.728, ""fap"": 2.9732955795186783e-16, ""power_at_rvP"": 0.111}}",,,0,K2V,,8.09,25.46
GJ31,91,27,1417.1,,15.03,-3.49,185.2245,0.512,0.3477341212393629,15.09,11.42,True,354.24,0.754,,"{""CRX"": {""P"": 253.03, ""power"": 0.671, ""fap"": 0.007664805095997731, ""power_at_rvP"": 0.443}, ""dLW"": {""P"": 112.458, ""power"": 0.717, ""fap"": 0.001380963710478168, ""power_at_rvP"": 0.364}, ""Halpha"": {""P"": 301.484, ""power"": 0.617, ""fap"": 0.04107997942469065, ""power_at_rvP"": 0.215}, ""FWHMDRS"": {""P"": 113.357, ""power"": 0.536, ""fap"": 0.3014830467674212, ""power_at_rvP"": 0.08}, ""BIS"": {""P"": 1.272, ""power"": 0.448, ""fap"": 0.9108308547667985, ""power_at_rvP"": 0.038}}",,,0,G9.5IIICH-1,,2.01,
GJ3200,77,75,5110.0,,2.81,-1.66,55.4685,0.242,0.41239511283628977,1.23,1.64,False,368.36,0.495,,"{""CRX"": {""P"": 13.379, ""power"": 0.281, ""fap"": 0.08218907647148263, ""power_at_rvP"": 0.008}, ""dLW"": {""P"": 5000.0, ""power"": 0.47, ""fap"": 2.247914289948288e-06, ""power_at_rvP"": 0.095}, ""Halpha"": {""P"": 364.418, ""power"": 0.562, ""fap"": 2.706825445235682e-09, ""power_at_rvP"": 0.206}, ""FWHMDRS"": {""P"": 5000.0, ""power"": 0.428, ""fap"": 3.11175185346319e-05, ""power_at_rvP"": 0.037}, ""BIS"": {""P"": 2109.795, ""power"": 0.424, ""fap"": 4.168501649872212e-05, ""power_at_rvP"": 0.049}}",,,0,G3V,,7.0,32.03
GJ3218,46,44,834.7,,6.37,-0.55,20.813,0.451,0.01660261236317806,5.6,4.78,False,362.88,0.772,,"{""CRX"": {""P"": 2.806, ""power"": 0.18, ""fap"": 0.999999999999952, ""power_at_rvP"": 0.038}, ""dLW"": {""P"": 2.249, ""power"": 0.161, ""fap"": 1.0, ""power_at_rvP"": 0.039}, ""Halpha"": {""P"": 89.262, ""power"": 0.314, ""fap"": 0.6843811253343233, ""power_at_rvP"": 0.134}, ""FWHMDRS"": {""P"": 28.631, ""power"": 0.552, ""fap"": 0.00030099782477065965, ""power_at_rvP"": 0.139}, ""BIS"": {""P"": 7.204, ""power"": 0.293, ""fap"": 0.8718983700629351, ""power_at_rvP"": 0.003}}",,,0,M2V,,11.314,17.23
GJ3222,61,30,1466.8,,31.2,-27.76,64.0481,0.477,0.803279068786901,6.23,3.65,False,128.66,0.85,,"{""CRX"": {""P"": 1.231, ""power"": 0.51, ""fap"": 0.2732414355215926, ""power_at_rvP"": 0.125}, ""dLW"": {""P"": 33.183, ""power"": 0.515, ""fap"": 0.2410277919230896, ""power_at_rvP"": 0.108}, ""Halpha"": {""P"": 159.425, ""power"": 0.639, ""fap"": 0.006614882740073419, ""power_at_rvP"": 0.015}, ""FWHMDRS"": {""P"": 1466.752, ""power"": 0.704, ""fap"": 0.0005195476431753958, ""power_at_rvP"": 0.315}, ""BIS"": {""P"": 135.806, ""power"": 0.682, ""fap"": 0.00133219956216133, ""power_at_rvP"": 0.486}}","GJ 3222 b(10.667 d,Radial Velocity)",,1,K0V,4424.0,6.903,17.7
GJ3293,215,212,2311.8,,8.31,0.1,30.5786,0.525,4.1601940216673266e-30,8.5,5.5,False,375.89,0.727,,"{""CRX"": {""P"": 3.589, ""power"": 0.086, ""fap"": 0.43408646624552155, ""power_at_rvP"": 0.046}, ""dLW"": {""P"": 872.36, ""power"": 0.358, ""fap"": 1.2207208445471794e-16, ""power_at_rvP"": 0.005}, ""Halpha"": {""P"": 40.952, ""power"": 0.212, ""fap"": 1.7381750859149586e-07, ""power_at_rvP"": 0.001}, ""FWHMDRS"": {""P"": 106.532, ""power"": 0.131, ""fap"": 0.0034207705873287634, ""power_at_rvP"": 0.039}, ""BIS"": {""P"": 62.564, ""power"": 0.123, ""fap"": 0.009244409188640744, ""power_at_rvP"": 0.027}}","GJ 3293 c(122.62 d,Radial Velocity);GJ 3293 b(30.599 d,Radial Velocity);GJ 3293 e(13.254 d,Radial Velocity);GJ 3293 d(48.134 d,Radial Velocity)",GJ 3293 b,4,M2.5,,11.962,20.2
GJ3323,153,146,4333.1,,9.92,0.06,36.7306,0.129,0.3104072729210401,5.4,9.35,False,3170.64,0.938,,"{""CRX"": {""P"": 1.348, ""power"": 0.094, ""fap"": 0.9928679898564848, ""power_at_rvP"": 0.011}, ""dLW"": {""P"": 1214.878, ""power"": 0.582, ""fap"": 1.64052296647646e-23, ""power_at_rvP"": 0.019}, ""Halpha"": {""P"": 154.382, ""power"": 0.16, ""fap"": 0.029059969648061113, ""power_at_rvP"": 0.016}, ""FWHMDRS"": {""P"": 1181.745, ""power"": 0.384, ""fap"": 1.2473075118083806e-11, ""power_at_rvP"": 0.038}, ""BIS"": {""P"": 1911.668, ""power"": 0.398, ""fap"": 2.5699008823430756e-12, ""power_at_rvP"": 0.017}}","GJ 3323 b(5.364 d,Radial Velocity);GJ 3323 c(40.54 d,Radial Velocity)",,2,M4.0Ve,,12.196,5.38
GJ3341,136,135,1455.9,,3.92,0.15,14.2103,0.233,0.0001638029460942048,2.4,3.49,False,2647.16,0.54,,"{""CRX"": {""P"": 61.819, ""power"": 0.054, ""fap"": 1.0, ""power_at_rvP"": 0.004}, ""dLW"": {""P"": 123.377, ""power"": 0.082, ""fap"": 0.9999924499348849, ""power_at_rvP"": 0.015}, ""Halpha"": {""P"": 45.998, ""power"": 0.058, ""fap"": 1.0, ""power_at_rvP"": 0.009}, ""FWHMDRS"": {""P"": 123.377, ""power"": 0.037, ""fap"": 1.0, ""power_at_rvP"": 0.014}, ""BIS"": {""P"": 61.688, ""power"": 0.03, ""fap"": 1.0, ""power_at_rvP"": 0.014}}","GJ 3341 b(14.207 d,Radial Velocity)",GJ 3341 b,1,M2,,12.08,23.64
GJ3376,62,53,2355.3,,17.87,-10.74,560.7745,0.358,0.1799235841292905,1.9,1.69,False,4282.43,0.731,,"{""CRX"": {""P"": 1.499, ""power"": 0.466, ""fap"": 0.000569068619732707, ""power_at_rvP"": 0.032}, ""dLW"": {""P"": 4710.697, ""power"": 0.489, ""fap"": 0.00017642549842114604, ""power_at_rvP"": 0.237}, ""Halpha"": {""P"": 34.918, ""power"": 0.29, ""fap"": 0.6158309842992974, ""power_at_rvP"": 0.031}, ""FWHMDRS"": {""P"": 2944.135, ""power"": 0.767, ""fap"": 1.4131234310576812e-13, ""power_at_rvP"": 0.05}, ""BIS"": {""P"": 3623.575, ""power"": 0.757, ""fap"": 4.2483460209648537e-13, ""power_at_rvP"": 0.066}}",,,0,F7V,,6.984,24.14
GJ33,182,41,4476.9,,1.72,-0.22,1.7394,0.438,0.17972662925674313,1.77,1.19,False,4282.55,0.878,,"{""CRX"": {""P"": 1.503, ""power"": 0.445, ""fap"": 0.17528008066115486, ""power_at_rvP"": 0.137}, ""dLW"": {""P"": 340.564, ""power"": 0.365, ""fap"": 0.8823131017201991, ""power_at_rvP"": 0.136}, ""Halpha"": {""P"": 24.252, ""power"": 0.39, ""fap"": 0.6442172369106155, ""power_at_rvP"": 0.004}, ""FWHMDRS"": {""P"": 15.904, ""power"": 0.159, ""fap"": 1.0, ""power_at_rvP"": 0.013}, ""BIS"": {""P"": 5000.0, ""power"": 0.506, ""fap"": 0.02410363392122229, ""power_at_rvP"": 0.171}}",,,0,K2.5V,,5.74,7.43
GJ341,57,57,3331.1,,2.51,0.36,30.1675,0.377,0.029872549641276402,2.15,2.01,False,367.41,0.821,,"{""CRX"": {""P"": 16.907, ""power"": 0.284, ""fap"": 0.6638815117911043, ""power_at_rvP"": 0.036}, ""dLW"": {""P"": 4650.933, ""power"": 0.753, ""fap"": 1.0639594719262182e-12, ""power_at_rvP"": 0.08}, ""Halpha"": {""P"": 5000.0, ""power"": 0.464, ""fap"": 0.0006656660476440788, ""power_at_rvP"": 0.092}, ""FWHMDRS"": {""P"": 5000.0, ""power"": 0.355, ""fap"": 0.07584619878723729, ""power_at_rvP"": 0.04}, ""BIS"": {""P"": 2.237, ""power"": 0.307, ""fap"": 0.3819618424366311, ""power_at_rvP"": 0.022}}","GJ 341 b(7.577 d,Transit)",,1,M0.0,,9.465,10.46
GJ3436,237,172,4170.7,,2.56,0.34,2632.7673,0.311,2.680336924025204e-10,2.48,2.12,False,4717.24,0.751,,"{""CRX"": {""P"": 605.834, ""power"": 0.344, ""fap"": 3.885595838003833e-12, ""power_at_rvP"": 0.232}, ""dLW"": {""P"": 5000.0, ""power"": 0.632, ""fap"": 3.435034908096401e-33, ""power_at_rvP"": 0.373}, ""Halpha"": {""P"": 181.457, ""power"": 0.288, ""fap"": 3.873329897972211e-09, ""power_at_rvP"": 0.207}, ""FWHMDRS"": {""P"": 5000.0, ""power"": 0.345, ""fap"": 3.650531378621801e-12, ""power_at_rvP"": 0.2}, ""BIS"": {""P"": 890.377, ""power"": 0.168, ""fap"": 0.001580449872285021, ""power_at_rvP"": 0.158}}",,,0,G7VFe-1.5CH-1.3,,7.79,33.14
GJ3449,66,33,2650.7,,2.08,0.12,10.087,0.473,0.36453431297902555,2.25,1.54,False,364.09,0.871,,"{""CRX"": {""P"": 18.742, ""power"": 0.414, ""fap"": 0.8915880488912106, ""power_at_rvP"": 0.084}, ""dLW"": {""P"": 7.326, ""power"": 0.491, ""fap"": 0.27033489502250785, ""power_at_rvP"": 0.168}, ""Halpha"": {""P"": 28.219, ""power"": 0.443, ""fap"": 0.6665725362555285, ""power_at_rvP"": 0.019}, ""FWHMDRS"": {""P"": 1090.746, ""power"": 0.687, ""fap"": 0.00032573232147569244, ""power_at_rvP"": 0.103}, ""BIS"": {""P"": 6.222, ""power"": 0.183, ""fap"": 1.0, ""power_at_rvP"": 0.053}}",,,0,G0VFe-1.6CH-0.5,6004.0,5.916,28.74
GJ3470,123,121,3409.7,,21.06,1.02,3.3374,0.142,0.7080068360767737,10.83,19.32,False,363.42,0.713,,"{""CRX"": {""P"": 61.233, ""power"": 0.05, ""fap"": 1.0, ""power_at_rvP"": 0.013}, ""dLW"": {""P"": 5000.0, ""power"": 0.357, ""fap"": 7.553097196851444e-08, ""power_at_rvP"": 0.004}, ""Halpha"": {""P"": 2559.913, ""power"": 0.209, ""fap"": 0.011118989742139228, ""power_at_rvP"": 0.028}, ""FWHMDRS"": {""P"": 61.289, ""power"": 0.16, ""fap"": 0.2727629785811448, ""power_at_rvP"": 0.0}, ""BIS"": {""P"": 3866.11, ""power"": 0.161, ""fap"": 0.26292148948463956, ""power_at_rvP"": 0.037}}","GJ 3470 b(3.337 d,Radial Velocity)",GJ 3470 b,1,M2.0Ve,3775.5,,29.45
GJ3543,96,93,2330.7,,3.11,-0.16,9.1665,0.301,0.0006250660431288728,2.41,2.71,False,4237.59,0.847,,"{""CRX"": {""P"": 14.159, ""power"": 0.17, ""fap"": 0.638536250358824, ""power_at_rvP"": 0.011}, ""dLW"": {""P"": 53.454, ""power"": 0.258, ""fap"": 0.008529133447209515, ""power_at_rvP"": 0.002}, ""Halpha"": {""P"": 19.017, ""power"": 0.221, ""fap"": 0.06672296477470042, ""power_at_rvP"": 0.032}, ""FWHMDRS"": {""P"": 706.241, ""power"": 0.126, ""fap"": 0.9997866154849903, ""power_at_rvP"": 0.018}, ""BIS"": {""P"": 5.682, ""power"": 0.171, ""fap"": 0.6116443631679396, ""power_at_rvP"": 0.056}}",,,0,M2V,,10.739,13.45
GJ357,53,53,3350.0,,3.35,-0.02,65.1475,0.438,0.005500956709313467,3.78,2.63,False,361.37,0.803,,"{""CRX"": {""P"": 1.497, ""power"": 0.185, ""fap"": 0.999999999999997, ""power_at_rvP"": 0.006}, ""dLW"": {""P"": 5000.0, ""power"": 0.51, ""fap"": 0.00021271820354253187, ""power_at_rvP"": 0.009}, ""Halpha"": {""P"": 243.274, ""power"": 0.49, ""fap"": 0.0005646028514043643, ""power_at_rvP"": 0.089}, ""FWHMDRS"": {""P"": 5000.0, ""power"": 0.771, ""fap"": 2.0946221171682804e-12, ""power_at_rvP"": 0.144}, ""BIS"": {""P"": 379.806, ""power"": 0.298, ""fap"": 0.6643536360921857, ""power_at_rvP"": 0.024}}","GJ 357 b(3.931 d,Transit);GJ 357 c(9.125 d,Radial Velocity);GJ 357 d(55.661 d,Radial Velocity)",,3,M2.5V,5753.0,10.906,9.44
GJ361,101,99,1918.8,,4.07,0.22,26.8168,0.425,3.355147364424134e-08,3.68,3.09,True,358.64,0.863,,"{""CRX"": {""P"": 18.008, ""power"": 0.137, ""fap"": 0.9889795106786001, ""power_at_rvP"": 0.022}, ""dLW"": {""P"": 3837.601, ""power"": 0.356, ""fap"": 6.520925705034053e-06, ""power_at_rvP"": 0.047}, ""Halpha"": {""P"": 913.693, ""power"": 0.268, ""fap"": 0.002516841657371483, ""power_at_rvP"": 0.073}, ""FWHMDRS"": {""P"": 21.866, ""power"": 0.192, ""fap"": 0.2026444978150172, ""power_at_rvP"": 0.045}, ""BIS"": {""P"": 1.984, ""power"": 0.147, ""fap"": 0.9335243878356698, ""power_at_rvP"": 0.008}}",,,0,M2.5V,,10.37,11.55
GJ3634,75,68,1454.9,,4.65,9.23,2.6455,0.652,1.0413433654901565e-11,5.15,3.28,False,342.33,0.84,,"{""CRX"": {""P"": 342.327, ""power"": 0.183, ""fap"": 0.9854850496104502, ""power_at_rvP"": 0.025}, ""dLW"": {""P"": 2.729, ""power"": 0.179, ""fap"": 0.9929929580255146, ""power_at_rvP"": 0.011}, ""Halpha"": {""P"": 44.289, ""power"": 0.336, ""fap"": 0.0074206730618130105, ""power_at_rvP"": 0.016}, ""FWHMDRS"": {""P"": 382.865, ""power"": 0.115, ""fap"": 1.0, ""power_at_rvP"": 0.024}, ""BIS"": {""P"": 37.162, ""power"": 0.171, ""fap"": 0.9984852147023023, ""power_at_rvP"": 0.038}}","GJ 3634 b(2.646 d,Radial Velocity)",GJ 3634 b,1,M2,,11.926,20.39
GJ3648,77,70,5224.8,,1.42,0.01,268.6937,0.325,0.028681944118526478,1.15,1.2,False,366.78,0.83,,"{""CRX"": {""P"": 3615.866, ""power"": 0.479, ""fap"": 5.420971459807932e-06, ""power_at_rvP"": 0.033}, ""dLW"": {""P"": 388.602, ""power"": 0.682, ""fap"": 5.185122686428213e-13, ""power_at_rvP"": 0.033}, ""Halpha"": {""P"": 187.637, ""power"": 0.362, ""fap"": 0.0038259662535125344, ""power_at_rvP"": 0.048}, ""FWHMDRS"": {""P"": 2994.208, ""power"": 0.53, ""fap"": 1.9173799857313562e-07, ""power_at_rvP"": 0.006}, ""BIS"": {""P"": 3494.93, ""power"": 0.454, ""fap"": 2.473687426358485e-05, ""power_at_rvP"": 0.071}}",,,0,G8.5V,,7.037,22.09
GJ3677,80,38,1987.7,,3.85,49.86,3975.3262,0.621,0.0003704516356746219,7.94,2.24,False,105.16,0.848,FWHMDRS;BIS,"{""CRX"": {""P"": 9.103, ""power"": 0.369, ""fap"": 0.8142738075148279, ""power_at_rvP"": 0.196}, ""dLW"": {""P"": 236.615, ""power"": 0.591, ""fap"": 0.0013736098566206432, ""power_at_rvP"": 0.282}, ""Halpha"": {""P"": 30.252, ""power"": 0.442, ""fap"": 0.20455539670750433, ""power_at_rvP"": 0.075}, ""FWHMDRS"": {""P"": 3975.326, ""power"": 0.922, ""fap"": 9.166146488046595e-16, ""power_at_rvP"": 0.922}, ""BIS"": {""P"": 3975.326, ""power"": 0.92, ""fap"": 1.3736163966838773e-15, ""power_at_rvP"": 0.92}}",,,0,F6.5V,6211.5,5.48,26.76
GJ369,45,45,1459.0,,1.92,0.88,1.2504,0.342,0.4820931491319041,1.56,1.55,False,339.28,0.976,,"{""CRX"": {""P"": 1.497, ""power"": 0.258, ""fap"": 0.9990249344656993, ""power_at_rvP"": 0.003}, ""dLW"": {""P"": 884.201, ""power"": 0.939, ""fap"": 8.518945559188147e-22, ""power_at_rvP"": 0.022}, ""Halpha"": {""P"": 1945.291, ""power"": 0.707, ""fap"": 6.031796924025115e-08, ""power_at_rvP"": 0.028}, ""FWHMDRS"": {""P"": 108.873, ""power"": 0.638, ""fap"": 4.434861187946908e-06, ""power_at_rvP"": 0.051}, ""BIS"": {""P"": 150.403, ""power"": 0.321, ""fap"": 0.7175532689620276, ""power_at_rvP"": 0.017}}",,,0,M1,,10.016,13.12
GJ3746,40,29,3336.8,,1.98,9.07,1.2287,0.582,0.12461156867199957,2.3,1.38,False,365.98,0.774,,"{""CRX"": {""P"": 2.636, ""power"": 0.478, ""fap"": 0.8587622905878947, ""power_at_rvP"": 0.117}, ""dLW"": {""P"": 389.472, ""power"": 0.565, ""fap"": 0.1981078136832033, ""power_at_rvP"": 0.02}, ""Halpha"": {""P"": 1.756, ""power"": 0.51, ""fap"": 0.603364859617053, ""power_at_rvP"": 0.048}, ""FWHMDRS"": {""P"": 5000.0, ""power"": 0.771, ""fap"": 8.526866337348444e-05, ""power_at_rvP"": 0.003}, ""BIS"": {""P"": 1.257, ""power"": 0.398, ""fap"": 0.9999770720138272, ""power_at_rvP"": 0.07}}",,,0,G5V,,6.87,31.23
GJ3752,95,58,4875.7,,2.24,-0.45,2.928,0.286,0.6741646649740946,1.04,1.22,False,486.34,0.929,,"{""CRX"": {""P"": 2.876, ""power"": 0.337, ""fap"": 0.1484857120563281, ""power_at_rvP"": 0.041}, ""dLW"": {""P"": 2671.394, ""power"": 0.31, ""fap"": 0.3712523097427031, ""power_at_rvP"": 0.097}, ""Halpha"": {""P"": 374.325, ""power"": 0.608, ""fap"": 1.1257260686173773e-07, ""power_at_rvP"": 0.023}, ""FWHMDRS"": {""P"": 5000.0, ""power"": 0.545, ""fap"": 6.257627754832287e-06, ""power_at_rvP"": 0.044}, ""BIS"": {""P"": 389.268, ""power"": 0.855, ""fap"": 1.659483601007109e-19, ""power_at_rvP"": 0.037}}",,,0,G6/8V,,,32.43
GJ3769,90,40,4414.8,,22.31,-0.18,491.4558,0.983,1.1395278960867353e-24,29.24,3.18,False,3896.68,0.996,,"{""CRX"": {""P"": 2.104, ""power"": 0.424, ""fap"": 0.5245675384221666, ""power_at_rvP"": 0.05}, ""dLW"": {""P"": 4491.324, ""power"": 0.707, ""fap"": 4.86917293035477e-06, ""power_at_rvP"": 0.312}, ""Halpha"": {""P"": 3.104, ""power"": 0.375, ""fap"": 0.9518702647043531, ""power_at_rvP"": 0.25}, ""FWHMDRS"": {""P"": 4732.031, ""power"": 0.716, ""fap"": 2.892292659140668e-06, ""power_at_rvP"": 0.333}, ""BIS"": {""P"": 301.697, ""power"": 0.502, ""fap"": 0.05581432901922553, ""power_at_rvP"": 0.025}}","HD 114783 b(493.7 d,Radial Velocity);HD 114783 c(4352.0 d,Radial Velocity)",HD 114783 b,2,K1V,5100.0,7.55,21.08
GJ379.1,97,54,4534.7,,58.02,-46.79,5000.0,0.694,0.005455502404506167,16.28,3.87,False,366.97,0.794,,"{""CRX"": {""P"": 4.613, ""power"": 0.213, ""fap"": 0.9999999906991366, ""power_at_rvP"": 0.09}, ""dLW"": {""P"": 5000.0, ""power"": 0.262, ""fap"": 0.9844932728689118, ""power_at_rvP"": 0.262}, ""Halpha"": {""P"": 1331.003, ""power"": 0.339, ""fap"": 0.25751033823061126, ""power_at_rvP"": 0.068}, ""FWHMDRS"": {""P"": 3223.076, ""power"": 0.6, ""fap"": 1.4158750684916908e-06, ""power_at_rvP"": 0.286}, ""BIS"": {""P"": 1350.828, ""power"": 0.674, ""fap"": 8.714149067153549e-09, ""power_at_rvP"": 0.213}}",,,0,G0V,,6.13,31.75
GJ3822,67,66,1770.1,,7.24,1.34,621.0783,0.522,6.014278296771951e-07,5.99,4.92,False,347.07,0.811,,"{""CRX"": {""P"": 1.224, ""power"": 0.237, ""fap"": 0.5680244656344902, ""power_at_rvP"": 0.069}, ""dLW"": {""P"": 1.994, ""power"": 0.501, ""fap"": 2.33447856874979e-06, ""power_at_rvP"": 0.055}, ""Halpha"": {""P"": 18.343, ""power"": 0.582, ""fap"": 1.0342750833956995e-08, ""power_at_rvP"": 0.139}, ""FWHMDRS"": {""P"": 2.085, ""power"": 0.287, ""fap"": 0.10626707437527187, ""power_at_rvP"": 0.107}, ""BIS"": {""P"": 2.645, ""power"": 0.212, ""fap"": 0.8785894959565261, ""power_at_rvP"": 0.039}}",,,0,M1V,3844.0,10.636,20.34
GJ3830,56,50,4920.6,,1.63,0.01,1135.3136,0.399,0.36706988614127084,1.5,1.27,False,370.41,0.792,,"{""CRX"": {""P"": 3555.035, ""power"": 0.459, ""fap"": 0.010610757550385312, ""power_at_rvP"": 0.033}, ""dLW"": {""P"": 5000.0, ""power"": 0.728, ""fap"": 1.8234498249929097e-09, ""power_at_rvP"": 0.163}, ""Halpha"": {""P"": 1.408, ""power"": 0.323, ""fap"": 0.7984911154245291, ""power_at_rvP"": 0.002}, ""FWHMDRS"": {""P"": 5000.0, ""power"": 0.623, ""fap"": 3.1590418916768058e-06, ""power_at_rvP"": 0.143}, ""BIS"": {""P"": 3106.2, ""power"": 0.614, ""fap"": 5.4624325605828924e-06, ""power_at_rvP"": 0.107}}",,,0,G8/K0V,,7.039,21.84
GJ388,52,42,4507.7,,23.05,-2.43,2.2291,0.865,1.0579394493042455e-12,27.26,9.07,False,3601.71,0.992,CRX,"{""CRX"": {""P"": 2.229, ""power"": 0.671, ""fap"": 8.532085075450457e-06, ""power_at_rvP"": 0.651}, ""dLW"": {""P"": 1099.011, ""power"": 0.442, ""fap"": 0.14837585026988287, ""power_at_rvP"": 0.058}, ""Halpha"": {""P"": 2.397, ""power"": 0.295, ""fap"": 0.9999851125988075, ""power_at_rvP"": 0.025}, ""FWHMDRS"": {""P"": 385.217, ""power"": 0.69, ""fap"": 2.8193889877601435e-06, ""power_at_rvP"": 0.066}, ""BIS"": {""P"": 1.952, ""power"": 0.575, ""fap"": 0.0010585973233451609, ""power_at_rvP"": 0.432}}",,,0,M4Vae,,9.52,4.97
GJ3896,73,35,1762.2,,1.72,0.08,11.3977,0.305,0.9999999995415906,1.45,1.51,False,36.71,0.953,,"{""CRX"": {""P"": 12.99, ""power"": 0.582, ""fap"": 0.0024991226899454023, ""power_at_rvP"": 0.051}, ""dLW"": {""P"": 36.672, ""power"": 0.35, ""fap"": 0.9440242422907626, ""power_at_rvP"": 0.078}, ""Halpha"": {""P"": 36.182, ""power"": 0.402, ""fap"": 0.5428154311039587, ""power_at_rvP"": 0.076}, ""FWHMDRS"": {""P"": 52.915, ""power"": 0.285, ""fap"": 0.9999959127044463, ""power_at_rvP"": 0.055}, ""BIS"": {""P"": 52.915, ""power"": 0.296, ""fap"": 0.9999416381673908, ""power_at_rvP"": 0.043}}",,,0,G5V_Fe-0.9,,,32.36
GJ390,48,41,3696.0,,3.15,-0.27,1.2782,0.358,0.6827629269047624,2.64,2.56,False,377.55,0.915,,"{""CRX"": {""P"": 7.984, ""power"": 0.367, ""fap"": 0.659232900980493, ""power_at_rvP"": 0.054}, ""dLW"": {""P"": 40.375, ""power"": 0.408, ""fap"": 0.2785240669281927, ""power_at_rvP"": 0.004}, ""Halpha"": {""P"": 20.297, ""power"": 0.471, ""fap"": 0.042839470991392826, ""power_at_rvP"": 0.013}, ""FWHMDRS"": {""P"": 15.924, ""power"": 0.128, ""fap"": 1.0, ""power_at_rvP"": 0.046}, ""BIS"": {""P"": 15.924, ""power"": 0.133, ""fap"": 1.0, ""power_at_rvP"": 0.044}}",,,0,M1V,,10.139,12.82
GJ393,180,175,4930.6,,2.25,0.05,38.5839,0.223,9.87174693833685e-06,1.56,1.97,False,3108.56,0.838,,"{""CRX"": {""P"": 2.102, ""power"": 0.115, ""fap"": 0.2471493733464339, ""power_at_rvP"": 0.004}, ""dLW"": {""P"": 5000.0, ""power"": 0.593, ""fap"": 8.714373724037086e-30, ""power_at_rvP"": 0.012}, ""Halpha"": {""P"": 219.268, ""power"": 0.141, ""fap"": 0.024038677356905024, ""power_at_rvP"": 0.018}, ""FWHMDRS"": {""P"": 2308.174, ""power"": 0.67, ""fap"": 1.617966330781043e-37, ""power_at_rvP"": 0.038}, ""BIS"": {""P"": 2363.497, ""power"": 0.637, ""fap"": 5.73862672250165e-34, ""power_at_rvP"": 0.011}}","GJ 393 b(7.027 d,Radial Velocity)",,1,M2.0Ve,,9.65,7.03
GJ398.1,158,46,1827.9,,5.2,-0.98,276.9463,0.425,0.04740238100961381,5.35,4.23,False,358.4,0.65,,"{""CRX"": {""P"": 9.255, ""power"": 0.369, ""fap"": 0.2673267068654079, ""power_at_rvP"": 0.177}, ""dLW"": {""P"": 26.645, ""power"": 0.351, ""fap"": 0.4229582890117992, ""power_at_rvP"": 0.246}, ""Halpha"": {""P"": 33.446, ""power"": 0.334, ""fap"": 0.6118558401545098, ""power_at_rvP"": 0.009}, ""FWHMDRS"": {""P"": 88.946, ""power"": 0.419, ""fap"": 0.057491319852916854, ""power_at_rvP"": 0.058}, ""BIS"": {""P"": 2.03, ""power"": 0.387, ""fap"": 0.1631039156005281, ""power_at_rvP"": 0.094}}",,,0,F8V,,5.7,24.75
GJ3,81,76,4678.2,,21.71,-0.04,1.7721,0.214,0.8501393577353474,1.13,1.53,False,363.05,0.813,,"{""CRX"": {""P"": 1.266, ""power"": 0.086, ""fap"": 1.0, ""power_at_rvP"": 0.036}, ""dLW"": {""P"": 294.491, ""power"": 0.244, ""fap"": 0.35535489130017045, ""power_at_rvP"": 0.051}, ""Halpha"": {""P"": 2775.321, ""power"": 0.33, ""fap"": 0.00617087372676101, ""power_at_rvP"": 0.012}, ""FWHMDRS"": {""P"": 4517.205, ""power"": 0.268, ""fap"": 0.12977238919908293, ""power_at_rvP"": 0.008}, ""BIS"": {""P"": 2860.16, ""power"": 0.823, ""fap"": 8.47767054718584e-24, ""power_at_rvP"": 0.003}}",,,0,K4.5V,,8.485,16.39
GJ406,57,41,3994.0,,129.41,29.99,446.3126,0.451,0.1353074535303912,121.34,35.09,False,199.21,0.99,,"{""CRX"": {""P"": 1.991, ""power"": 0.425, ""fap"": 0.15048816052583006, ""power_at_rvP"": 0.335}, ""dLW"": {""P"": 129.679, ""power"": 0.489, ""fap"": 0.016001432641002553, ""power_at_rvP"": 0.178}, ""Halpha"": {""P"": 63.297, ""power"": 0.366, ""fap"": 0.6560634650398874, ""power_at_rvP"": 0.03}, ""FWHMDRS"": {""P"": 308.443, ""power"": 0.819, ""fap"": 4.677806824573331e-11, ""power_at_rvP"": 0.232}, ""BIS"": {""P"": 90.16, ""power"": 0.256, ""fap"": 0.9999999999858752, ""power_at_rvP"": 0.024}}",,,0,M6Ve,,13.507,2.0
GJ4100,133,126,2744.7,,14.96,-0.78,1831.0427,0.18,0.04085890583154345,9.13,13.98,False,4582.58,0.848,Halpha,"{""CRX"": {""P"": 4.355, ""power"": 0.048, ""fap"": 1.0, ""power_at_rvP"": 0.014}, ""dLW"": {""P"": 13.214, ""power"": 0.139, ""fap"": 0.4199467764752389, ""power_at_rvP"": 0.016}, ""Halpha"": {""P"": 1771.935, ""power"": 0.346, ""fap"": 4.662589626132442e-08, ""power_at_rvP"": 0.345}, ""FWHMDRS"": {""P"": 1445.34, ""power"": 0.677, ""fap"": 1.3528942560109334e-26, ""power_at_rvP"": 0.593}, ""BIS"": {""P"": 554.582, ""power"": 0.248, ""fap"": 0.00018451127298966283, ""power_at_rvP"": 0.141}}",,,0,M1.5Ve,3929.0,,34.37
GJ423.1,90,77,4449.8,,2.43,-0.3,39.6623,0.351,0.005176408635691513,2.33,2.09,False,360.59,0.777,,"{""CRX"": {""P"": 1566.831, ""power"": 0.407, ""fap"": 8.241408915567289e-05, ""power_at_rvP"": 0.154}, ""dLW"": {""P"": 2633.054, ""power"": 0.249, ""fap"": 0.30880996979716097, ""power_at_rvP"": 0.174}, ""Halpha"": {""P"": 167.977, ""power"": 0.325, ""fap"": 0.008527009117166456, ""power_at_rvP"": 0.068}, ""FWHMDRS"": {""P"": 2633.054, ""power"": 0.566, ""fap"": 1.1086161341077173e-09, ""power_at_rvP"": 0.237}, ""BIS"": {""P"": 281.806, ""power"": 0.606, ""fap"": 3.373147249591099e-11, ""power_at_rvP"": 0.192}}",,,0,G8V,,7.232,22.16
GJ4291,312,222,3027.9,,2.1,0.28,10.8676,0.138,0.0005073313029389517,1.15,1.92,False,4618.65,0.92,,"{""CRX"": {""P"": 45.322, ""power"": 0.038, ""fap"": 1.0, ""power_at_rvP"": 0.011}, ""dLW"": {""P"": 1342.367, ""power"": 0.323, ""fap"": 4.589718026137531e-19, ""power_at_rvP"": 0.012}, ""Halpha"": {""P"": 4007.355, ""power"": 0.566, ""fap"": 9.354158181412527e-45, ""power_at_rvP"": 0.0}, ""FWHMDRS"": {""P"": 5000.0, ""power"": 0.236, ""fap"": 3.922909292999358e-12, ""power_at_rvP"": 0.01}, ""BIS"": {""P"": 5000.0, ""power"": 0.866, ""fap"": 1.221213925573421e-112, ""power_at_rvP"": 0.002}}","HD 215152 e(25.197 d,Radial Velocity);HD 215152 c(7.282 d,Radial Velocity);HD 215152 d(10.865 d,Radial Velocity);HD 215152 b(5.76 d,Radial Velocity)",HD 215152 d,4,K3V,,8.13,21.61
GJ4303,84,78,3048.6,,33.89,27.24,2628.7182,0.418,0.00015233570534807563,67.91,11.48,False,2327.65,0.905,,"{""CRX"": {""P"": 1.804, ""power"": 0.095, ""fap"": 1.0, ""power_at_rvP"": 0.008}, ""dLW"": {""P"": 2019.296, ""power"": 0.257, ""fap"": 0.07025251374068042, ""power_at_rvP"": 0.226}, ""Halpha"": {""P"": 17.459, ""power"": 0.372, ""fap"": 0.00014581570059021308, ""power_at_rvP"": 0.122}, ""FWHMDRS"": {""P"": 3546.022, ""power"": 0.551, ""fap"": 5.06597764346085e-10, ""power_at_rvP"": 0.387}, ""BIS"": {""P"": 1.865, ""power"": 0.166, ""fap"": 0.9918084366730824, ""power_at_rvP"": 0.031}}",,,0,M4V,3889.0,11.51,23.78
GJ433,86,83,3011.8,,3.17,0.19,7.3718,0.575,2.3187873178729438e-11,3.2,2.11,False,424.05,0.704,,"{""CRX"": {""P"": 2.075, ""power"": 0.203, ""fap"": 0.5648088823172276, ""power_at_rvP"": 0.013}, ""dLW"": {""P"": 109.311, ""power"": 0.389, ""fap"": 3.2144896446195097e-05, ""power_at_rvP"": 0.068}, ""Halpha"": {""P"": 1094.25, ""power"": 0.506, ""fap"": 7.872068374441608e-09, ""power_at_rvP"": 0.055}, ""FWHMDRS"": {""P"": 108.133, ""power"": 0.484, ""fap"": 4.517539091068365e-08, ""power_at_rvP"": 0.035}, ""BIS"": {""P"": 1.836, ""power"": 0.183, ""fap"": 0.8808265350656828, ""power_at_rvP"": 0.047}}","GJ 433 b(7.37 d,Radial Velocity);GJ 433 d(36.059 d,Radial Velocity);GJ 433 c(5094.105 d,Radial Velocity)",GJ 433 b,3,M2V,,9.813,9.07
GJ4340,70,27,4402.1,,29.45,-9.33,16.2687,0.576,0.49109140162293824,2.61,1.68,False,4272.13,0.963,,"{""CRX"": {""P"": 1.661, ""power"": 0.503, ""fap"": 0.8942958941424817, ""power_at_rvP"": 0.197}, ""dLW"": {""P"": 383.436, ""power"": 0.7, ""fap"": 0.006307547365342338, ""power_at_rvP"": 0.063}, ""Halpha"": {""P"": 2.48, ""power"": 0.47, ""fap"": 0.9908501945041974, ""power_at_rvP"": 0.071}, ""FWHMDRS"": {""P"": 357.004, ""power"": 0.692, ""fap"": 0.00832742152647008, ""power_at_rvP"": 0.243}, ""BIS"": {""P"": 35.292, ""power"": 0.681, ""fap"": 0.012651882001772474, ""power_at_rvP"": 0.226}}","HD 221420 b(10090.0 d,Radial Velocity)",,1,G2IV-V,5773.5,5.806,31.17
GJ436,169,115,1531.8,,12.64,-0.6,2.6439,0.944,2.7494596164777586e-66,16.78,3.12,False,364.7,0.827,,"{""CRX"": {""P"": 364.702, ""power"": 0.209, ""fap"": 0.008472590056128099, ""power_at_rvP"": 0.06}, ""dLW"": {""P"": 49.732, ""power"": 0.183, ""fap"": 0.047739520303453235, ""power_at_rvP"": 0.015}, ""Halpha"": {""P"": 325.904, ""power"": 0.477, ""fap"": 1.333199155903739e-12, ""power_at_rvP"": 0.001}, ""FWHMDRS"": {""P"": 44.334, ""power"": 0.119, ""fap"": 0.9230006464018342, ""power_at_rvP"": 0.001}, ""BIS"": {""P"": 1.975, ""power"": 0.162, ""fap"": 0.17301409597141418, ""power_at_rvP"": 0.0}}","GJ 436 b(2.644 d,Radial Velocity)",GJ 436 b,1,M3V,,10.613,9.76
GJ442,351,82,4885.8,,1.4,0.18,26.434,0.337,0.0022670753293385425,1.08,1.18,False,367.98,0.774,,"{""CRX"": {""P"": 2145.545, ""power"": 0.394, ""fap"": 4.831244919672949e-05, ""power_at_rvP"": 0.026}, ""dLW"": {""P"": 5000.0, ""power"": 0.525, ""fap"": 3.7203985400525067e-09, ""power_at_rvP"": 0.005}, ""Halpha"": {""P"": 12.352, ""power"": 0.23, ""fap"": 0.3659896674239181, ""power_at_rvP"": 0.036}, ""FWHMDRS"": {""P"": 952.911, ""power"": 0.365, ""fap"": 0.0002818184863580743, ""power_at_rvP"": 0.012}, ""BIS"": {""P"": 925.825, ""power"": 0.084, ""fap"": 1.0, ""power_at_rvP"": 0.026}}",,,0,G2V,,4.88,9.29
GJ446,104,62,4530.7,,1.49,-0.04,3.8131,0.241,0.9822090253821096,0.98,1.33,False,366.67,0.828,,"{""CRX"": {""P"": 24.397, ""power"": 0.4, ""fap"": 0.005792664025698609, ""power_at_rvP"": 0.045}, ""dLW"": {""P"": 5000.0, ""power"": 0.655, ""fap"": 7.988430427086287e-10, ""power_at_rvP"": 0.02}, ""Halpha"": {""P"": 368.159, ""power"": 0.456, ""fap"": 0.00036742469637157465, ""power_at_rvP"": 0.081}, ""FWHMDRS"": {""P"": 5000.0, ""power"": 0.666, ""fap"": 3.1980544060883544e-10, ""power_at_rvP"": 0.052}, ""BIS"": {""P"": 1674.207, ""power"": 0.469, ""fap"": 0.00018404372741974187, ""power_at_rvP"": 0.042}}",,,0,G6V,,6.48,17.74
GJ447,156,149,3911.1,,2.51,0.41,9.8792,0.272,1.2621735223798698e-06,1.88,2.15,False,3613.94,0.913,,"{""CRX"": {""P"": 19.635, ""power"": 0.025, ""fap"": 1.0, ""power_at_rvP"": 0.015}, ""dLW"": {""P"": 5000.0, ""power"": 0.094, ""fap"": 0.9821649556351114, ""power_at_rvP"": 0.003}, ""Halpha"": {""P"": 440.321, ""power"": 0.066, ""fap"": 0.9999999999998068, ""power_at_rvP"": 0.015}, ""FWHMDRS"": {""P"": 2638.651, ""power"": 0.752, ""fap"": 9.890899495445117e-41, ""power_at_rvP"": 0.005}, ""BIS"": {""P"": 2396.158, ""power"": 0.401, ""fap"": 6.523114540362402e-13, ""power_at_rvP"": 0.006}}","Ross 128 b(9.866 d,Radial Velocity)",Ross 128 b,1,M4V,,11.153,3.37
GJ472,858,438,5194.8,,1.6,-0.01,30.6584,0.098,2.6684151249021506e-06,0.72,1.54,False,366.11,0.865,,"{""CRX"": {""P"": 4030.215, ""power"": 0.16, ""fap"": 5.476916851442741e-13, ""power_at_rvP"": 0.011}, ""dLW"": {""P"": 5000.0, ""power"": 0.471, ""fap"": 1.6340223985511623e-56, ""power_at_rvP"": 0.047}, ""Halpha"": {""P"": 366.111, ""power"": 0.348, ""fap"": 8.702884180037743e-37, ""power_at_rvP"": 0.024}, ""FWHMDRS"": {""P"": 5000.0, ""power"": 0.428, ""fap"": 5.045143280058717e-49, ""power_at_rvP"": 0.046}, ""BIS"": {""P"": 3488.863, ""power"": 0.323, ""fap"": 2.670104042272972e-33, ""power_at_rvP"": 0.014}}",,,0,K1V,,7.14,16.2
GJ479,57,57,1413.2,,4.01,-0.08,11.3,0.546,2.6720957441786435e-06,4.29,2.69,False,336.45,0.941,,"{""CRX"": {""P"": 3.852, ""power"": 0.265, ""fap"": 0.49304375326683514, ""power_at_rvP"": 0.084}, ""dLW"": {""P"": 1228.783, ""power"": 0.333, ""fap"": 0.05665471321227149, ""power_at_rvP"": 0.083}, ""Halpha"": {""P"": 2.255, ""power"": 0.191, ""fap"": 0.9994170343768118, ""power_at_rvP"": 0.047}, ""FWHMDRS"": {""P"": 1884.163, ""power"": 0.543, ""fap"": 3.2730647450321364e-06, ""power_at_rvP"": 0.145}, ""BIS"": {""P"": 15.033, ""power"": 0.239, ""fap"": 0.811183425826701, ""power_at_rvP"": 0.036}}",,,0,M3V(e),,10.663,9.48
GJ496.1,93,90,4832.9,,17.99,1.14,1847.0004,0.765,4.96550397283132e-23,23.02,8.75,False,364.28,0.622,,"{""CRX"": {""P"": 369.859, ""power"": 0.061, ""fap"": 1.0, ""power_at_rvP"": 0.024}, ""dLW"": {""P"": 3815.686, ""power"": 0.526, ""fap"": 1.5907423264033454e-10, ""power_at_rvP"": 0.093}, ""Halpha"": {""P"": 1.332, ""power"": 0.223, ""fap"": 0.15988991803091232, ""power_at_rvP"": 0.062}, ""FWHMDRS"": {""P"": 4754.072, ""power"": 0.263, ""fap"": 0.0195845920576331, ""power_at_rvP"": 0.002}, ""BIS"": {""P"": 1.372, ""power"": 0.185, ""fap"": 0.710753729035023, ""power_at_rvP"": 0.019}}","HD 113538 c(1818.0 d,Radial Velocity);HD 113538 b(663.2 d,Radial Velocity)",HD 113538 c,2,K9Vk:,,9.057,16.29
GJ506,1116,193,4946.6,,3.99,-0.03,38.0532,0.628,4.403925409617974e-34,4.5,2.49,False,365.34,0.632,,"{""CRX"": {""P"": 5000.0, ""power"": 0.285, ""fap"": 2.5304520795953597e-10, ""power_at_rvP"": 0.016}, ""dLW"": {""P"": 5000.0, ""power"": 0.529, ""fap"": 2.4491420800286244e-27, ""power_at_rvP"": 0.01}, ""Halpha"": {""P"": 369.437, ""power"": 0.36, ""fap"": 7.884496422768504e-15, ""power_at_rvP"": 0.051}, ""FWHMDRS"": {""P"": 5000.0, ""power"": 0.66, ""fap"": 1.1231460107992568e-40, ""power_at_rvP"": 0.004}, ""BIS"": {""P"": 29.586, ""power"": 0.083, ""fap"": 0.8894966838323217, ""power_at_rvP"": 0.001}}","61 Vir b(4.215 d,Radial Velocity);61 Vir c(38.021 d,Radial Velocity);61 Vir d(123.01 d,Radial Velocity)",61 Vir c,3,G6.5V,,4.74,8.51
GJ514,162,154,4352.1,,2.96,0.2,15.1442,0.196,0.0007296514235910172,1.9,2.63,False,362.05,0.793,dLW,"{""CRX"": {""P"": 18.793, ""power"": 0.113, ""fap"": 0.5970629993858979, ""power_at_rvP"": 0.021}, ""dLW"": {""P"": 32.558, ""power"": 0.484, ""fap"": 4.236265202339499e-18, ""power_at_rvP"": 0.003}, ""Halpha"": {""P"": 393.121, ""power"": 0.278, ""fap"": 2.5813107361694595e-07, ""power_at_rvP"": 0.035}, ""FWHMDRS"": {""P"": 1516.166, ""power"": 0.604, ""fap"": 1.0375344219731769e-26, ""power_at_rvP"": 0.007}, ""BIS"": {""P"": 1543.045, ""power"": 0.539, ""fap"": 9.927578938853165e-22, ""power_at_rvP"": 0.0}}","GJ 514 b(140.43 d,Radial Velocity)",,1,M1.0Ve,,9.029,7.62
GJ536,195,190,4331.0,,3.55,-0.28,8.7077,0.408,1.5442237867739324e-17,3.04,2.72,False,363.45,0.766,,"{""CRX"": {""P"": 1.525, ""power"": 0.098, ""fap"": 0.4678268809322269, ""power_at_rvP"": 0.041}, ""dLW"": {""P"": 1721.231, ""power"": 0.21, ""fap"": 4.3395262237536955e-06, ""power_at_rvP"": 0.008}, ""Halpha"": {""P"": 854.871, ""power"": 0.192, ""fap"": 3.054503476047975e-05, ""power_at_rvP"": 0.007}, ""FWHMDRS"": {""P"": 5000.0, ""power"": 0.488, ""fap"": 1.9919705140578555e-23, ""power_at_rvP"": 0.003}, ""BIS"": {""P"": 4482.502, ""power"": 0.472, ""fap"": 3.1255436416262334e-22, ""power_at_rvP"": 0.005}}","GJ 536 b(8.709 d,Radial Velocity);GJ 536 c(32.761 d,Radial Velocity)",GJ 536 b,2,M0V,,9.707,10.41
GJ54.1,269,229,5136.0,,4.2,-0.03,4.6564,0.109,0.02308512110978178,1.84,4.01,False,4767.91,0.814,,"{""CRX"": {""P"": 15.546, ""power"": 0.068, ""fap"": 0.9224633745406842, ""power_at_rvP"": 0.01}, ""dLW"": {""P"": 2206.923, ""power"": 0.275, ""fap"": 2.4870662497573696e-12, ""power_at_rvP"": 0.009}, ""Halpha"": {""P"": 1396.698, ""power"": 0.094, ""fap"": 0.11774186103304468, ""power_at_rvP"": 0.015}, ""FWHMDRS"": {""P"": 5000.0, ""power"": 0.303, ""fap"": 3.077996210286503e-14, ""power_at_rvP"": 0.02}, ""BIS"": {""P"": 1816.619, ""power"": 0.479, ""fap"": 1.8990876512308318e-28, ""power_at_rvP"": 0.002}}","YZ Cet b(2.021 d,Radial Velocity);YZ Cet c(3.06 d,Radial Velocity);YZ Cet d(4.656 d,Radial Velocity)",YZ Cet d,3,M4.0Ve,,12.074,3.71
GJ541.1,225,130,4911.7,,3.39,0.31,23.862,0.211,0.007798486888408306,2.09,2.95,False,2680.53,0.753,,"{""CRX"": {""P"": 22.066, ""power"": 0.192, ""fap"": 0.02164211023989905, ""power_at_rvP"": 0.035}, ""dLW"": {""P"": 5000.0, ""power"": 0.453, ""fap"": 6.807895960956357e-13, ""power_at_rvP"": 0.036}, ""Halpha"": {""P"": 422.236, ""power"": 0.288, ""fap"": 8.810464979706265e-06, ""power_at_rvP"": 0.106}, ""FWHMDRS"": {""P"": 5000.0, ""power"": 0.775, ""fap"": 5.129839465051228e-37, ""power_at_rvP"": 0.004}, ""BIS"": {""P"": 2019.301, ""power"": 0.725, ""fap"": 1.5132209044760951e-31, ""power_at_rvP"": 0.008}}",,,0,G5/6V,,6.5,32.8
GJ542,93,73,4918.7,,2.43,-0.02,13.4986,0.336,0.009917054798736422,1.93,1.92,False,3206.99,0.798,,"{""CRX"": {""P"": 3687.892, ""power"": 0.264, ""fap"": 0.26401326392556757, ""power_at_rvP"": 0.013}, ""dLW"": {""P"": 1569.586, ""power"": 0.755, ""fap"": 1.679771509706756e-17, ""power_at_rvP"": 0.017}, ""Halpha"": {""P"": 67.118, ""power"": 0.288, ""fap"": 0.09921997418408157, ""power_at_rvP"": 0.021}, ""FWHMDRS"": {""P"": 5000.0, ""power"": 0.683, ""fap"": 1.2240922069316018e-13, ""power_at_rvP"": 0.007}, ""BIS"": {""P"": 2063.428, ""power"": 0.714, ""fap"": 3.377923066672099e-15, ""power_at_rvP"": 0.003}}",,,0,K3IV,,6.66,11.84
GJ544,43,42,4275.2,,2.26,-0.08,5.2208,0.351,0.899547944503178,2.06,1.79,False,366.8,0.632,,"{""CRX"": {""P"": 3.006, ""power"": 0.408, ""fap"": 0.3493036874754894, ""power_at_rvP"": 0.081}, ""dLW"": {""P"": 3.241, ""power"": 0.225, ""fap"": 1.0, ""power_at_rvP"": 0.125}, ""Halpha"": {""P"": 1.494, ""power"": 0.395, ""fap"": 0.4706245058424901, ""power_at_rvP"": 0.103}, ""FWHMDRS"": {""P"": 20.925, ""power"": 0.365, ""fap"": 0.7836734389101845, ""power_at_rvP"": 0.087}, ""BIS"": {""P"": 209.511, ""power"": 0.455, ""fap"": 0.0893401850409658, ""power_at_rvP"": 0.037}}",,,0,K1V,,7.569,20.46
GJ550,143,132,4813.8,,3.89,-0.12,1000.2087,0.767,8.055473023304425e-37,5.25,1.92,False,367.1,0.671,,"{""CRX"": {""P"": 372.791, ""power"": 0.115, ""fap"": 0.9690460194553643, ""power_at_rvP"": 0.076}, ""dLW"": {""P"": 5000.0, ""power"": 0.561, ""fap"": 2.493521737218804e-19, ""power_at_rvP"": 0.049}, ""Halpha"": {""P"": 371.353, ""power"": 0.321, ""fap"": 2.4934203680450894e-07, ""power_at_rvP"": 0.035}, ""FWHMDRS"": {""P"": 5000.0, ""power"": 0.145, ""fap"": 0.3476622565426447, ""power_at_rvP"": 0.028}, ""BIS"": {""P"": 5000.0, ""power"": 0.391, ""fap"": 2.494085946290182e-10, ""power_at_rvP"": 0.008}}","HD 126525 b(960.41 d,Radial Velocity)",HD 126525 b,1,G4V,5095.6,7.85,37.69
GJ551,387,207,4874.9,,2.33,-0.02,11.1903,0.245,4.264043487400903e-08,1.38,2.11,False,262.44,0.706,,"{""CRX"": {""P"": 32.799, ""power"": 0.06, ""fap"": 0.9999998908192236, ""power_at_rvP"": 0.012}, ""dLW"": {""P"": 115.039, ""power"": 0.176, ""fap"": 4.134109522957089e-05, ""power_at_rvP"": 0.008}, ""Halpha"": {""P"": 1344.785, ""power"": 0.062, ""fap"": 0.9999990423450673, ""power_at_rvP"": 0.003}, ""FWHMDRS"": {""P"": 670.078, ""power"": 0.444, ""fap"": 3.4799390877684367e-22, ""power_at_rvP"": 0.0}, ""BIS"": {""P"": 357.784, ""power"": 0.44, ""fap"": 4.364518291397177e-15, ""power_at_rvP"": 0.015}}","Proxima Cen d(5.123 d,Radial Velocity);Proxima Cen b(11.185 d,Radial Velocity)",Proxima Cen b,2,M5.5Ve,,11.13,1.3
GJ559A,2359,34,4171.9,,384.58,122.4,101.5418,0.272,0.9999999879723764,129.25,252.37,False,4464.87,0.728,,"{""CRX"": {""P"": 10.881, ""power"": 0.49, ""fap"": 0.2811553879331226, ""power_at_rvP"": 0.055}, ""dLW"": {""P"": 10.883, ""power"": 0.529, ""fap"": 0.0992618859584769, ""power_at_rvP"": 0.077}, ""Halpha"": {""P"": 10.886, ""power"": 0.521, ""fap"": 0.12568477811819845, ""power_at_rvP"": 0.067}, ""FWHMDRS"": {""P"": 1679.22, ""power"": 0.184, ""fap"": 1.0, ""power_at_rvP"": 0.086}, ""BIS"": {""P"": 10.876, ""power"": 0.304, ""fap"": 0.9999999999982399, ""power_at_rvP"": 0.002}}",,,0,G2V,,0.01,
GJ559B,11530,324,4365.1,,344.04,-195.85,23.0253,0.027,1.0,13.02,226.46,False,372.34,0.844,,"{""CRX"": {""P"": 202.805, ""power"": 0.042, ""fap"": 0.9989992307188242, ""power_at_rvP"": 0.013}, ""dLW"": {""P"": 1879.027, ""power"": 0.082, ""fap"": 0.010108894384945983, ""power_at_rvP"": 0.014}, ""Halpha"": {""P"": 1963.554, ""power"": 0.075, ""fap"": 0.03336604071617143, ""power_at_rvP"": 0.015}, ""FWHMDRS"": {""P"": 372.342, ""power"": 0.098, ""fap"": 0.0006699355847353131, ""power_at_rvP"": 0.005}, ""BIS"": {""P"": 5000.0, ""power"": 0.421, ""fap"": 2.273177306408562e-34, ""power_at_rvP"": 0.0}}",,,0,K1V,,1.33,
GJ579.2,51,44,3392.8,,6.98,0.71,356.0541,0.698,4.5637179959092106e-07,8.72,4.6,False,377.87,0.902,,"{""CRX"": {""P"": 3.466, ""power"": 0.276, ""fap"": 0.9999935906942045, ""power_at_rvP"": 0.151}, ""dLW"": {""P"": 4.231, ""power"": 0.294, ""fap"": 0.9993596118262662, ""power_at_rvP"": 0.011}, ""Halpha"": {""P"": 4.225, ""power"": 0.16, ""fap"": 1.0, ""power_at_rvP"": 0.004}, ""FWHMDRS"": {""P"": 134.478, ""power"": 0.144, ""fap"": 1.0, ""power_at_rvP"": 0.048}, ""BIS"": {""P"": 1.233, ""power"": 0.331, ""fap"": 0.9330224054620163, ""power_at_rvP"": 0.002}}",,,0,sd:K1Fe-1,,9.066,29.42
GJ581,250,242,2909.0,,9.75,-0.12,5.3686,0.88,4.936764771893334e-106,12.72,3.4,False,4604.29,0.741,,"{""CRX"": {""P"": 120.542, ""power"": 0.017, ""fap"": 1.0, ""power_at_rvP"": 0.009}, ""dLW"": {""P"": 5000.0, ""power"": 0.123, ""fap"": 0.0014243943154374375, ""power_at_rvP"": 0.009}, ""Halpha"": {""P"": 137.33, ""power"": 0.311, ""fap"": 6.890796782646529e-16, ""power_at_rvP"": 0.006}, ""FWHMDRS"": {""P"": 5000.0, ""power"": 0.176, ""fap"": 1.009513476891424e-06, ""power_at_rvP"": 0.005}, ""BIS"": {""P"": 5000.0, ""power"": 0.176, ""fap"": 9.565788886153186e-07, ""power_at_rvP"": 0.003}}","GJ 581 b(5.369 d,Radial Velocity);GJ 581 c(12.921 d,Radial Velocity);GJ 581 e(3.148 d,Radial Velocity)",GJ 581 b,3,M3V,,10.56,6.3
GJ587,125,54,4446.8,,2.04,0.72,13.3321,0.271,0.7967341781437105,1.28,1.61,False,2485.13,0.918,,"{""CRX"": {""P"": 2.013, ""power"": 0.087, ""fap"": 1.0, ""power_at_rvP"": 0.018}, ""dLW"": {""P"": 167.554, ""power"": 0.195, ""fap"": 0.45802236755312686, ""power_at_rvP"": 0.046}, ""Halpha"": {""P"": 4.773, ""power"": 0.231, ""fap"": 0.08327009486233619, ""power_at_rvP"": 0.007}, ""FWHMDRS"": {""P"": 5000.0, ""power"": 0.566, ""fap"": 9.067461606137677e-13, ""power_at_rvP"": 0.005}, ""BIS"": {""P"": 5000.0, ""power"": 0.739, ""fap"": 1.0678496927436062e-22, ""power_at_rvP"": 0.019}}",,,0,G8V,,7.69,59.2
GJ588,278,64,4745.0,,1.62,0.11,12.3213,0.52,2.796906300726953e-06,1.78,1.57,False,365.02,0.887,,"{""CRX"": {""P"": 54.228, ""power"": 0.324, ""fap"": 0.09858126997962172, ""power_at_rvP"": 0.018}, ""dLW"": {""P"": 382.686, ""power"": 0.529, ""fap"": 2.5781667906686014e-06, ""power_at_rvP"": 0.034}, ""Halpha"": {""P"": 403.858, ""power"": 0.503, ""fap"": 1.2305789032518862e-05, ""power_at_rvP"": 0.083}, ""FWHMDRS"": {""P"": 72.498, ""power"": 0.612, ""fap"": 8.461673476792968e-09, ""power_at_rvP"": 0.009}, ""BIS"": {""P"": 352.809, ""power"": 0.542, ""fap"": 1.0899813215407344e-06, ""power_at_rvP"": 0.017}}",,,0,M2.5V,,9.311,5.92
GJ599,52,27,1292.6,,5.29,4.57,6.282,0.538,0.238755700995834,5.23,3.8,False,391.68,0.953,,"{""CRX"": {""P"": 48.049, ""power"": 0.63, ""fap"": 0.03202729574727532, ""power_at_rvP"": 0.124}, ""dLW"": {""P"": 517.014, ""power"": 0.713, ""fap"": 0.0018804575357504127, ""power_at_rvP"": 0.084}, ""Halpha"": {""P"": 1.315, ""power"": 0.509, ""fap"": 0.5302524516770407, ""power_at_rvP"": 0.011}, ""FWHMDRS"": {""P"": 224.787, ""power"": 0.833, ""fap"": 3.9557770080374405e-06, ""power_at_rvP"": 0.085}, ""BIS"": {""P"": 123.097, ""power"": 0.462, ""fap"": 0.8723806230316882, ""power_at_rvP"": 0.279}}","HD 140901 b(9.024 d,Radial Velocity);HD 140901 c(14386.0 d,Radial Velocity)",,2,G7IV,,6.01,15.26
GJ604,52,51,4298.2,,2.22,0.27,4.427,0.335,0.5120267780289034,1.69,1.71,False,362.42,0.62,,"{""CRX"": {""P"": 3553.282, ""power"": 0.339, ""fap"": 0.44809924836719794, ""power_at_rvP"": 0.03}, ""dLW"": {""P"": 3873.503, ""power"": 0.722, ""fap"": 1.3137441177192536e-09, ""power_at_rvP"": 0.117}, ""Halpha"": {""P"": 62.239, ""power"": 0.394, ""fap"": 0.08247640213257283, ""power_at_rvP"": 0.022}, ""FWHMDRS"": {""P"": 5000.0, ""power"": 0.867, ""fap"": 4.209303068762849e-17, ""power_at_rvP"": 0.127}, ""BIS"": {""P"": 2250.783, ""power"": 0.554, ""fap"": 7.292564390701382e-05, ""power_at_rvP"": 0.007}}",,,0,K4V,,8.055,14.73
GJ613.0,430,168,3956.1,,1.65,0.09,15.7334,0.212,4.2668384924383104e-05,1.18,1.52,False,359.93,0.826,,"{""CRX"": {""P"": 485.927, ""power"": 0.061, ""fap"": 0.9749130764652644, ""power_at_rvP"": 0.002}, ""dLW"": {""P"": 5000.0, ""power"": 0.749, ""fap"": 1.7478128652865173e-71, ""power_at_rvP"": 0.007}, ""Halpha"": {""P"": 5000.0, ""power"": 0.248, ""fap"": 5.691646272575482e-12, ""power_at_rvP"": 0.002}, ""FWHMDRS"": {""P"": 5000.0, ""power"": 0.709, ""fap"": 1.3866732782432996e-63, ""power_at_rvP"": 0.005}, ""BIS"": {""P"": 1986.751, ""power"": 0.68, ""fap"": 2.1156659340074372e-58, ""power_at_rvP"": 0.002}}",,,0,K2V,,7.124,14.83
GJ615,83,59,3744.8,,1.57,0.15,36.2332,0.459,0.0004504608704630398,1.67,1.2,False,1873.33,0.933,,"{""CRX"": {""P"": 24.948, ""power"": 0.263, ""fap"": 0.8047324136086524, ""power_at_rvP"": 0.037}, ""dLW"": {""P"": 2498.218, ""power"": 0.632, ""fap"": 9.424497650253846e-09, ""power_at_rvP"": 0.358}, ""Halpha"": {""P"": 204.638, ""power"": 0.791, ""fap"": 1.3040780027177448e-15, ""power_at_rvP"": 0.216}, ""FWHMDRS"": {""P"": 108.702, ""power"": 0.582, ""fap"": 3.089214189178501e-07, ""power_at_rvP"": 0.31}, ""BIS"": {""P"": 1.483, ""power"": 0.266, ""fap"": 0.7723039244361624, ""power_at_rvP"": 0.013}}",,,0,K3VFe-1.7,,7.54,13.62
GJ616,5441,179,5058.1,,3.26,-0.69,6.6328,0.265,2.343847447410113e-08,1.34,2.97,False,363.58,0.601,,"{""CRX"": {""P"": 56.887, ""power"": 0.181, ""fap"": 0.00034294028032912284, ""power_at_rvP"": 0.01}, ""dLW"": {""P"": 952.248, ""power"": 0.095, ""fap"": 0.7864793148491567, ""power_at_rvP"": 0.013}, ""Halpha"": {""P"": 371.592, ""power"": 0.274, ""fap"": 9.879672813946114e-09, ""power_at_rvP"": 0.007}, ""FWHMDRS"": {""P"": 5000.0, ""power"": 0.234, ""fap"": 1.1118563484808605e-06, ""power_at_rvP"": 0.011}, ""BIS"": {""P"": 3714.739, ""power"": 0.6, ""fap"": 2.3475103722997634e-31, ""power_at_rvP"": 0.001}}",,,0,G2Va,,5.5,14.13
GJ628,193,184,4135.8,,2.78,0.02,4.8867,0.22,2.422986922161862e-06,1.74,2.46,False,366.73,0.633,,"{""CRX"": {""P"": 376.757, ""power"": 0.157, ""fap"": 0.002157639002305849, ""power_at_rvP"": 0.004}, ""dLW"": {""P"": 5000.0, ""power"": 0.58, ""fap"": 2.6645236923037015e-30, ""power_at_rvP"": 0.018}, ""Halpha"": {""P"": 1604.767, ""power"": 0.125, ""fap"": 0.05381620308321225, ""power_at_rvP"": 0.0}, ""FWHMDRS"": {""P"": 1703.943, ""power"": 0.395, ""fap"": 3.532844465910738e-16, ""power_at_rvP"": 0.011}, ""BIS"": {""P"": 1777.163, ""power"": 0.326, ""fap"": 5.704234258691143e-12, ""power_at_rvP"": 0.001}}","Wolf 1061 b(4.887 d,Radial Velocity);Wolf 1061 c(17.872 d,Radial Velocity);Wolf 1061 d(217.21 d,Radial Velocity)",Wolf 1061 b,3,M3V,,10.072,4.31
GJ634.1,122,113,4367.0,,2.7,-0.09,1021.8821,0.592,2.7770294307549886e-17,3.09,1.76,False,369.34,0.495,,"{""CRX"": {""P"": 4.523, ""power"": 0.163, ""fap"": 0.47282162822908436, ""power_at_rvP"": 0.061}, ""dLW"": {""P"": 5000.0, ""power"": 0.636, ""fap"": 2.3465539406167732e-20, ""power_at_rvP"": 0.048}, ""Halpha"": {""P"": 7.704, ""power"": 0.182, ""fap"": 0.1749878954350619, ""power_at_rvP"": 0.005}, ""FWHMDRS"": {""P"": 5000.0, ""power"": 0.745, ""fap"": 1.126153049142177e-28, ""power_at_rvP"": 0.031}, ""BIS"": {""P"": 5000.0, ""power"": 0.573, ""fap"": 1.5030532256263159e-16, ""power_at_rvP"": 0.012}}",,,0,G5V,,7.22,30.46
GJ634,40,40,537.6,,4.75,5.42,29.2939,0.483,0.009708643169088642,5.12,3.92,True,977.52,0.671,,"{""CRX"": {""P"": 1.229, ""power"": 0.347, ""fap"": 0.44966523519405316, ""power_at_rvP"": 0.027}, ""dLW"": {""P"": 268.783, ""power"": 0.213, ""fap"": 0.9999981658136097, ""power_at_rvP"": 0.061}, ""Halpha"": {""P"": 25.781, ""power"": 0.377, ""fap"": 0.2305627297109014, ""power_at_rvP"": 0.015}, ""FWHMDRS"": {""P"": 488.716, ""power"": 0.751, ""fap"": 2.453463883449665e-08, ""power_at_rvP"": 0.085}, ""BIS"": {""P"": 467.465, ""power"": 0.29, ""fap"": 0.914402098520473, ""power_at_rvP"": 0.039}}",,,0,M3,,12.73,15.75
GJ641,116,38,1674.6,,18.81,-1.12,2.7009,0.513,0.021514292345414167,19.74,15.02,False,1240.43,0.613,,"{""CRX"": {""P"": 3.469, ""power"": 0.369, ""fap"": 0.8315451915314127, ""power_at_rvP"": 0.136}, ""dLW"": {""P"": 5.436, ""power"": 0.367, ""fap"": 0.8431812086852704, ""power_at_rvP"": 0.004}, ""Halpha"": {""P"": 471.706, ""power"": 0.57, ""fap"": 0.003176718386986437, ""power_at_rvP"": 0.006}, ""FWHMDRS"": {""P"": 12.705, ""power"": 0.271, ""fap"": 0.9999999774677525, ""power_at_rvP"": 0.016}, ""BIS"": {""P"": 1.34, ""power"": 0.147, ""fap"": 1.0, ""power_at_rvP"": 0.053}}",,,0,G8.5Vk:,,6.64,16.8
GJ653,70,69,4398.0,,2.56,-0.13,3436.9909,0.375,0.07182282431455866,3.47,2.01,False,370.21,0.687,Halpha,"{""CRX"": {""P"": 1.606, ""power"": 0.272, ""fap"": 0.3125470028188988, ""power_at_rvP"": 0.073}, ""dLW"": {""P"": 5000.0, ""power"": 0.491, ""fap"": 4.413584828886898e-06, ""power_at_rvP"": 0.393}, ""Halpha"": {""P"": 3307.74, ""power"": 0.371, ""fap"": 0.0037801779915511485, ""power_at_rvP"": 0.365}, ""FWHMDRS"": {""P"": 2698.798, ""power"": 0.25, ""fap"": 0.6037870504954794, ""power_at_rvP"": 0.076}, ""BIS"": {""P"": 2471.318, ""power"": 0.665, ""fap"": 6.510734290982884e-12, ""power_at_rvP"": 0.391}}",,,0,K4/5V,,7.709,10.47
GJ654,195,183,3090.6,,2.43,0.27,137.2452,0.192,0.00010738716560755605,1.46,2.16,False,4625.8,0.74,,"{""CRX"": {""P"": 1.9, ""power"": 0.107, ""fap"": 0.22261009600239084, ""power_at_rvP"": 0.001}, ""dLW"": {""P"": 3777.656, ""power"": 0.217, ""fap"": 2.648279627586333e-06, ""power_at_rvP"": 0.014}, ""Halpha"": {""P"": 5000.0, ""power"": 0.26, ""fap"": 1.9223943441290145e-08, ""power_at_rvP"": 0.03}, ""FWHMDRS"": {""P"": 5000.0, ""power"": 0.7, ""fap"": 2.580280923810952e-43, ""power_at_rvP"": 0.03}, ""BIS"": {""P"": 1747.922, ""power"": 0.655, ""fap"": 6.829064352798081e-38, ""power_at_rvP"": 0.044}}",,,0,M1.5V,,10.071,10.46
GJ656,785,318,4013.0,,1.51,0.2,106.013,0.122,1.3557320506043986e-05,0.68,1.45,False,359.82,0.845,,"{""CRX"": {""P"": 2226.187, ""power"": 0.082, ""fap"": 0.00014591033432861646, ""power_at_rvP"": 0.002}, ""dLW"": {""P"": 2504.013, ""power"": 0.655, ""fap"": 1.471490750634169e-94, ""power_at_rvP"": 0.017}, ""Halpha"": {""P"": 2670.662, ""power"": 0.427, ""fap"": 1.0083369689698986e-47, ""power_at_rvP"": 0.018}, ""FWHMDRS"": {""P"": 5000.0, ""power"": 0.673, ""fap"": 1.7767036587056619e-99, ""power_at_rvP"": 0.001}, ""BIS"": {""P"": 3639.545, ""power"": 0.592, ""fap"": 3.78517076299813e-79, ""power_at_rvP"": 0.009}}",,,0,K2.5Vk:,,7.41,13.75
GJ660.1,47,45,2940.0,,212.2,30.99,607.6865,0.948,2.2444363586880347e-12,442.12,53.04,False,368.05,0.767,,"{""CRX"": {""P"": 1.374, ""power"": 0.289, ""fap"": 0.9739287644208274, ""power_at_rvP"": 0.011}, ""dLW"": {""P"": 1.986, ""power"": 0.176, ""fap"": 1.0, ""power_at_rvP"": 0.122}, ""Halpha"": {""P"": 3134.323, ""power"": 0.61, ""fap"": 1.3367728244006547e-05, ""power_at_rvP"": 0.137}, ""FWHMDRS"": {""P"": 13.905, ""power"": 0.141, ""fap"": 1.0, ""power_at_rvP"": 0.023}, ""BIS"": {""P"": 2.003, ""power"": 0.104, ""fap"": 1.0, ""power_at_rvP"": 0.085}}",,,0,M1V,,11.622,23.12
GJ667,228,182,2936.0,,3.94,1.77,7.2005,0.518,7.272550900621365e-25,3.94,2.71,False,4607.65,0.809,,"{""CRX"": {""P"": 5.542, ""power"": 0.041, ""fap"": 1.0, ""power_at_rvP"": 0.004}, ""dLW"": {""P"": 48.458, ""power"": 0.053, ""fap"": 0.9999999999743983, ""power_at_rvP"": 0.006}, ""Halpha"": {""P"": 158.808, ""power"": 0.066, ""fap"": 0.9967637015418331, ""power_at_rvP"": 0.014}, ""FWHMDRS"": {""P"": 40.614, ""power"": 0.051, ""fap"": 0.9999999999999779, ""power_at_rvP"": 0.0}, ""BIS"": {""P"": 5.492, ""power"": 0.034, ""fap"": 1.0, ""power_at_rvP"": 0.009}}","GJ 667 C f(39.026 d,Radial Velocity);GJ 667 C b(7.203 d,Radial Velocity);GJ 667 C c(28.14 d,Radial Velocity);GJ 667 C e(62.24 d,Radial Velocity);GJ 667 C g(256.2 d,Radial Velocity)",GJ 667 C b,5,K3V+K5V,,5.89,
GJ674,184,177,4882.7,,6.67,0.04,4.695,0.803,3.311016596034787e-57,8.52,2.97,False,2912.36,0.849,,"{""CRX"": {""P"": 5000.0, ""power"": 0.271, ""fap"": 2.2671685616830517e-08, ""power_at_rvP"": 0.004}, ""dLW"": {""P"": 5000.0, ""power"": 0.696, ""fap"": 4.68334273651343e-41, ""power_at_rvP"": 0.004}, ""Halpha"": {""P"": 33.357, ""power"": 0.367, ""fap"": 1.3660165801585384e-13, ""power_at_rvP"": 0.001}, ""FWHMDRS"": {""P"": 33.334, ""power"": 0.341, ""fap"": 4.4445725114033e-12, ""power_at_rvP"": 0.006}, ""BIS"": {""P"": 3001.882, ""power"": 0.244, ""fap"": 5.382865995254658e-07, ""power_at_rvP"": 0.003}}","GJ 674 b(4.694 d,Radial Velocity)",GJ 674 b,1,M3V,,9.407,4.55
GJ676,133,126,4016.0,,86.71,36.54,1099.2939,0.827,6.5223218743107696e-43,90.99,31.39,False,4706.98,0.636,,"{""CRX"": {""P"": 5000.0, ""power"": 0.083, ""fap"": 0.9999999999984935, ""power_at_rvP"": 0.003}, ""dLW"": {""P"": 736.436, ""power"": 0.455, ""fap"": 1.0029727154717306e-12, ""power_at_rvP"": 0.19}, ""Halpha"": {""P"": 4213.164, ""power"": 0.296, ""fap"": 5.041206372929296e-06, ""power_at_rvP"": 0.116}, ""FWHMDRS"": {""P"": 2.943, ""power"": 0.052, ""fap"": 1.0, ""power_at_rvP"": 0.008}, ""BIS"": {""P"": 5000.0, ""power"": 0.064, ""fap"": 1.0, ""power_at_rvP"": 0.009}}","GJ 676 A e(35.474 d,Radial Velocity);GJ 676 A d(3.601 d,Radial Velocity);GJ 676 A c(13921.423 d,Radial Velocity);GJ 676 A b(1051.445 d,Radial Velocity)",GJ 676 A b,4,---,,,
GJ688,102,33,1674.7,,3451.51,-339.05,83.7271,0.945,3.3383434861756523e-15,4822.72,806.76,False,1240.43,0.581,,"{""CRX"": {""P"": 3.351, ""power"": 0.367, ""fap"": 0.996131892694714, ""power_at_rvP"": 0.213}, ""dLW"": {""P"": 1.848, ""power"": 0.41, ""fap"": 0.8825497295506833, ""power_at_rvP"": 0.122}, ""Halpha"": {""P"": 10.254, ""power"": 0.475, ""fap"": 0.3418391479851616, ""power_at_rvP"": 0.039}, ""FWHMDRS"": {""P"": 1.325, ""power"": 0.201, ""fap"": 1.0, ""power_at_rvP"": 0.044}, ""BIS"": {""P"": 1.284, ""power"": 0.214, ""fap"": 1.0, ""power_at_rvP"": 0.093}}",,,0,K3-V,4897.0,,10.09
GJ691,2981,154,4096.9,,26.66,0.3,628.4164,0.696,7.427046813643459e-35,34.8,16.12,False,360.34,0.436,,"{""CRX"": {""P"": 5000.0, ""power"": 0.22, ""fap"": 0.00011191146844995658, ""power_at_rvP"": 0.005}, ""dLW"": {""P"": 5000.0, ""power"": 0.451, ""fap"": 5.829332867919396e-16, ""power_at_rvP"": 0.137}, ""Halpha"": {""P"": 413.018, ""power"": 0.187, ""fap"": 0.0023416724695211936, ""power_at_rvP"": 0.099}, ""FWHMDRS"": {""P"": 30.997, ""power"": 0.022, ""fap"": 1.0, ""power_at_rvP"": 0.013}, ""BIS"": {""P"": 5000.0, ""power"": 0.073, ""fap"": 0.9999999999981771, ""power_at_rvP"": 0.012}}","HD 160691 b(645.0 d,Radial Velocity);HD 160691 c(3947.0 d,Radial Velocity);HD 160691 d(9.639 d,Radial Velocity);HD 160691 e(307.9 d,Radial Velocity)",HD 160691 b;HD 160691 e,4,G3IV-V,5804.5,5.15,15.61
GJ693,183,168,4495.8,,43.03,-0.82,31.2093,0.036,1.0,2.1,42.79,False,4285.13,0.915,,"{""CRX"": {""P"": 188.901, ""power"": 0.124, ""fap"": 0.0770467928027823, ""power_at_rvP"": 0.028}, ""dLW"": {""P"": 1798.893, ""power"": 0.211, ""fap"": 1.2043956280000081e-05, ""power_at_rvP"": 0.037}, ""Halpha"": {""P"": 164.682, ""power"": 0.221, ""fap"": 4.319787899849825e-06, ""power_at_rvP"": 0.004}, ""FWHMDRS"": {""P"": 23.793, ""power"": 0.02, ""fap"": 1.0, ""power_at_rvP"": 0.009}, ""BIS"": {""P"": 44.6, ""power"": 0.019, ""fap"": 1.0, ""power_at_rvP"": 0.01}}",,,0,M3.5V,,10.783,5.89
GJ695.1,54,44,4068.8,,1.18,-0.21,8.7591,0.358,0.7834135689472589,0.86,0.91,False,211.21,0.718,,"{""CRX"": {""P"": 40.061, ""power"": 0.679, ""fap"": 1.8299890341822867e-06, ""power_at_rvP"": 0.069}, ""dLW"": {""P"": 5000.0, ""power"": 0.463, ""fap"": 0.04429574386045592, ""power_at_rvP"": 0.172}, ""Halpha"": {""P"": 3.562, ""power"": 0.381, ""fap"": 0.4984840033839443, ""power_at_rvP"": 0.149}, ""FWHMDRS"": {""P"": 5000.0, ""power"": 0.827, ""fap"": 8.56038524860658e-12, ""power_at_rvP"": 0.212}, ""BIS"": {""P"": 44.027, ""power"": 0.596, ""fap"": 0.00016886086451911638, ""power_at_rvP"": 0.129}}",,,0,G8V,,7.2,26.85
GJ696,42,40,2980.8,,2.66,-0.05,57.6019,0.432,0.1624941127625055,2.92,1.99,False,477.2,0.879,,"{""CRX"": {""P"": 1270.462, ""power"": 0.168, ""fap"": 1.0, ""power_at_rvP"": 0.121}, ""dLW"": {""P"": 514.252, ""power"": 0.315, ""fap"": 0.9813376129103746, ""power_at_rvP"": 0.18}, ""Halpha"": {""P"": 3522.694, ""power"": 0.626, ""fap"": 7.855487331902804e-05, ""power_at_rvP"": 0.07}, ""FWHMDRS"": {""P"": 73.152, ""power"": 0.664, ""fap"": 1.0923837096500991e-05, ""power_at_rvP"": 0.37}, ""BIS"": {""P"": 3.806, ""power"": 0.345, ""fap"": 0.8403180168891474, ""power_at_rvP"": 0.037}}",,,0,K7V,3978.2,10.154,22.19
GJ699,305,181,3832.6,,1.97,-0.21,227.2267,0.2,0.00046752639908078324,1.53,1.7,False,2053.31,0.716,,"{""CRX"": {""P"": 87.567, ""power"": 0.13, ""fap"": 0.055077377651304535, ""power_at_rvP"": 0.051}, ""dLW"": {""P"": 5000.0, ""power"": 0.377, ""fap"": 1.4167719686631767e-14, ""power_at_rvP"": 0.023}, ""Halpha"": {""P"": 2109.833, ""power"": 0.087, ""fap"": 0.9638848056722503, ""power_at_rvP"": 0.016}, ""FWHMDRS"": {""P"": 734.691, ""power"": 0.09, ""fap"": 0.9098796173020468, ""power_at_rvP"": 0.027}, ""BIS"": {""P"": 707.563, ""power"": 0.101, ""fap"": 0.6061308714212987, ""power_at_rvP"": 0.022}}",,,0,M4V,,9.511,1.83
GJ701,153,149,4503.7,,2.31,-0.11,243.4284,0.178,0.008220939839886546,1.71,2.11,False,370.64,0.728,,"{""CRX"": {""P"": 347.749, ""power"": 0.126, ""fap"": 0.40575737063174017, ""power_at_rvP"": 0.012}, ""dLW"": {""P"": 2250.99, ""power"": 0.296, ""fap"": 1.1382045134033776e-07, ""power_at_rvP"": 0.022}, ""Halpha"": {""P"": 3104.39, ""power"": 0.248, ""fap"": 1.3187366317568638e-05, ""power_at_rvP"": 0.024}, ""FWHMDRS"": {""P"": 1637.244, ""power"": 0.487, ""fap"": 1.6025607435439686e-17, ""power_at_rvP"": 0.035}, ""BIS"": {""P"": 1699.01, ""power"": 0.541, ""fap"": 5.248377229124802e-21, ""power_at_rvP"": 0.09}}",,,0,M0V,,9.36,7.73
GJ715,51,47,3701.0,,2.81,-0.57,32.0314,0.452,0.02478946725282595,2.45,2.0,False,368.61,0.726,,"{""CRX"": {""P"": 1.28, ""power"": 0.342, ""fap"": 0.6572398453276395, ""power_at_rvP"": 0.053}, ""dLW"": {""P"": 2868.517, ""power"": 0.575, ""fap"": 0.00011515188724286315, ""power_at_rvP"": 0.272}, ""Halpha"": {""P"": 2011.165, ""power"": 0.435, ""fap"": 0.04507590629648972, ""power_at_rvP"": 0.036}, ""FWHMDRS"": {""P"": 2761.497, ""power"": 0.669, ""fap"": 5.678592276055694e-07, ""power_at_rvP"": 0.266}, ""BIS"": {""P"": 927.504, ""power"": 0.561, ""fap"": 0.00022699606251480231, ""power_at_rvP"": 0.039}}",,,0,K4V,,8.004,18.78
GJ724.2,74,37,1797.0,,2.59,-1.69,207.7394,0.451,0.1912869851516537,2.51,2.05,False,579.66,0.954,,"{""CRX"": {""P"": 89.623, ""power"": 0.404, ""fap"": 0.5614765472901317, ""power_at_rvP"": 0.064}, ""dLW"": {""P"": 570.462, ""power"": 0.497, ""fap"": 0.05369777696258103, ""power_at_rvP"": 0.098}, ""Halpha"": {""P"": 386.441, ""power"": 0.387, ""fap"": 0.7205931723950141, ""power_at_rvP"": 0.125}, ""FWHMDRS"": {""P"": 7.297, ""power"": 0.414, ""fap"": 0.4718461202671897, ""power_at_rvP"": 0.112}, ""BIS"": {""P"": 5.751, ""power"": 0.344, ""fap"": 0.9756984232253986, ""power_at_rvP"": 0.07}}",,,0,F8V,5989.5,6.392,43.44
GJ729,115,95,4868.6,,16.97,1.68,3.3108,0.361,2.265636919357667e-05,13.11,12.62,False,4332.57,1.0,BIS,"{""CRX"": {""P"": 56.497, ""power"": 0.153, ""fap"": 0.9937051787242825, ""power_at_rvP"": 0.008}, ""dLW"": {""P"": 2.876, ""power"": 0.139, ""fap"": 0.9999607653309993, ""power_at_rvP"": 0.069}, ""Halpha"": {""P"": 1.535, ""power"": 0.13, ""fap"": 0.9999998859515303, ""power_at_rvP"": 0.032}, ""FWHMDRS"": {""P"": 1.532, ""power"": 0.322, ""fap"": 0.00028355202847956074, ""power_at_rvP"": 0.052}, ""BIS"": {""P"": 2.869, ""power"": 0.326, ""fap"": 0.00022865049150502006, ""power_at_rvP"": 0.19}}",,,0,M3.5Ve,,10.495,2.98
GJ740,61,57,3570.2,,4.71,-0.68,17.6027,0.432,0.004341868086056486,4.48,3.6,False,3905.93,0.88,,"{""CRX"": {""P"": 4.746, ""power"": 0.279, ""fap"": 0.6215461031512425, ""power_at_rvP"": 0.027}, ""dLW"": {""P"": 35.013, ""power"": 0.467, ""fap"": 0.00040997150909867806, ""power_at_rvP"": 0.062}, ""Halpha"": {""P"": 273.276, ""power"": 0.567, ""fap"": 1.9160808253266586e-06, ""power_at_rvP"": 0.0}, ""FWHMDRS"": {""P"": 34.741, ""power"": 0.356, ""fap"": 0.05328427512455726, ""power_at_rvP"": 0.037}, ""BIS"": {""P"": 30.733, ""power"": 0.351, ""fap"": 0.06397917132030081, ""power_at_rvP"": 0.012}}","GJ 740 b(2.378 d,Radial Velocity)",,1,M1.0Ve,,9.217,11.11
GJ744,213,119,5070.1,,10.02,0.08,1203.1246,0.279,0.0028415340004153272,1.83,1.66,False,3858.44,0.935,,"{""CRX"": {""P"": 3.123, ""power"": 0.073, ""fap"": 1.0, ""power_at_rvP"": 0.007}, ""dLW"": {""P"": 5000.0, ""power"": 0.645, ""fap"": 2.8436616046395157e-22, ""power_at_rvP"": 0.042}, ""Halpha"": {""P"": 2057.62, ""power"": 0.284, ""fap"": 8.564708605709381e-05, ""power_at_rvP"": 0.026}, ""FWHMDRS"": {""P"": 336.561, ""power"": 0.107, ""fap"": 0.9999999953010702, ""power_at_rvP"": 0.006}, ""BIS"": {""P"": 337.682, ""power"": 0.106, ""fap"": 0.9999999971239653, ""power_at_rvP"": 0.011}}","HD 177565 b(44.505 d,Radial Velocity)",,1,G6V,,6.16,16.93
GJ752,149,146,4502.7,,2.81,0.15,105.6945,0.431,4.0626242175218555e-13,2.51,2.11,False,3104.14,0.738,,"{""CRX"": {""P"": 109.419, ""power"": 0.03, ""fap"": 1.0, ""power_at_rvP"": 0.019}, ""dLW"": {""P"": 4286.073, ""power"": 0.275, ""fap"": 1.625861114292775e-06, ""power_at_rvP"": 0.031}, ""Halpha"": {""P"": 5000.0, ""power"": 0.331, ""fap"": 6.099374031289999e-09, ""power_at_rvP"": 0.023}, ""FWHMDRS"": {""P"": 1500.616, ""power"": 0.624, ""fap"": 1.546110393683398e-26, ""power_at_rvP"": 0.029}, ""BIS"": {""P"": 1476.02, ""power"": 0.785, ""fap"": 9.75889842534089e-44, ""power_at_rvP"": 0.042}}","HD 180617 b(105.911 d,Radial Velocity)",HD 180617 b,1,M3-V,,9.115,5.91
GJ754,191,180,4496.8,,5.73,0.12,47.5341,0.123,0.08345978379354226,2.86,5.45,False,4090.36,0.862,,"{""CRX"": {""P"": 1.265, ""power"": 0.072, ""fap"": 0.9997499951275451, ""power_at_rvP"": 0.009}, ""dLW"": {""P"": 1550.939, ""power"": 0.623, ""fap"": 9.307919711420443e-34, ""power_at_rvP"": 0.05}, ""Halpha"": {""P"": 194.247, ""power"": 0.144, ""fap"": 0.009744657431820408, ""power_at_rvP"": 0.001}, ""FWHMDRS"": {""P"": 1635.556, ""power"": 0.51, ""fap"": 8.614836076633786e-24, ""power_at_rvP"": 0.014}, ""BIS"": {""P"": 170.981, ""power"": 0.023, ""fap"": 1.0, ""power_at_rvP"": 0.011}}",,,0,M4.5,,12.23,5.91
GJ776,651,254,5031.1,,3.39,-0.2,14.2904,0.335,1.8879466459669787e-18,2.59,2.82,False,363.09,0.505,,"{""CRX"": {""P"": 2048.288, ""power"": 0.193, ""fap"": 3.378897848640263e-08, ""power_at_rvP"": 0.009}, ""dLW"": {""P"": 2090.85, ""power"": 0.251, ""fap"": 3.690353154707153e-12, ""power_at_rvP"": 0.004}, ""Halpha"": {""P"": 359.199, ""power"": 0.159, ""fap"": 5.8254545166415005e-06, ""power_at_rvP"": 0.027}, ""FWHMDRS"": {""P"": 5000.0, ""power"": 0.599, ""fap"": 6.633133029961726e-46, ""power_at_rvP"": 0.004}, ""BIS"": {""P"": 5000.0, ""power"": 0.2, ""fap"": 1.314893608822644e-08, ""power_at_rvP"": 0.014}}","HD 189567 b(14.288 d,Radial Velocity);HD 189567 c(33.688 d,Radial Velocity)",HD 189567 b,2,G2V,,6.07,17.91
GJ780,4866,333,4380.1,,3.54,-0.12,5.7736,0.097,0.0008399887461932503,0.55,1.3,False,361.21,0.823,,"{""CRX"": {""P"": 2161.904, ""power"": 0.094, ""fap"": 9.890231099220152e-05, ""power_at_rvP"": 0.004}, ""dLW"": {""P"": 5000.0, ""power"": 0.445, ""fap"": 8.343379491318626e-45, ""power_at_rvP"": 0.002}, ""Halpha"": {""P"": 376.744, ""power"": 0.219, ""fap"": 8.785955903234867e-17, ""power_at_rvP"": 0.004}, ""FWHMDRS"": {""P"": 5000.0, ""power"": 0.617, ""fap"": 2.0047486300347002e-75, ""power_at_rvP"": 0.001}, ""BIS"": {""P"": 4487.708, ""power"": 0.066, ""fap"": 0.02362902479587758, ""power_at_rvP"": 0.005}}",,,0,G8IV,,3.56,6.1
GJ783,80,25,1735.2,,1.32,3.53,1.234,0.645,0.07009201457675833,1.47,0.8,False,3154.96,0.77,,"{""CRX"": {""P"": 1.648, ""power"": 0.498, ""fap"": 0.8897509227944392, ""power_at_rvP"": 0.054}, ""dLW"": {""P"": 1.833, ""power"": 0.527, ""fap"": 0.7084073060049821, ""power_at_rvP"": 0.311}, ""Halpha"": {""P"": 2.492, ""power"": 0.511, ""fap"": 0.8174938083298521, ""power_at_rvP"": 0.124}}",,,0,---,,,
GJ785,1755,408,4717.1,,7.06,0.35,74.4086,0.347,9.562877527370962e-33,2.14,2.29,False,361.64,0.834,,"{""CRX"": {""P"": 2785.523, ""power"": 0.151, ""fap"": 6.961756644219813e-11, ""power_at_rvP"": 0.002}, ""dLW"": {""P"": 2630.203, ""power"": 0.754, ""fap"": 1.1282605199419144e-119, ""power_at_rvP"": 0.013}, ""Halpha"": {""P"": 337.088, ""power"": 0.072, ""fap"": 0.002625154531106456, ""power_at_rvP"": 0.012}, ""FWHMDRS"": {""P"": 5000.0, ""power"": 0.133, ""fap"": 4.008029579680133e-09, ""power_at_rvP"": 0.002}, ""BIS"": {""P"": 5000.0, ""power"": 0.094, ""fap"": 2.6129625989858538e-05, ""power_at_rvP"": 0.007}}","HD 192310 b(74.72 d,Radial Velocity);HD 192310 c(525.8 d,Radial Velocity)",HD 192310 b,2,K2+V,,5.723,8.8
GJ787,46,46,4159.7,,2.19,0.23,39.6971,0.677,6.256980446113092e-07,2.47,1.22,False,4236.18,0.778,,"{""CRX"": {""P"": 1.911, ""power"": 0.338, ""fap"": 0.7727344464549566, ""power_at_rvP"": 0.067}, ""dLW"": {""P"": 2153.073, ""power"": 0.716, ""fap"": 4.18623569819091e-08, ""power_at_rvP"": 0.081}, ""Halpha"": {""P"": 226.284, ""power"": 0.406, ""fap"": 0.15449875818247114, ""power_at_rvP"": 0.02}, ""FWHMDRS"": {""P"": 5000.0, ""power"": 0.788, ""fap"": 9.785239555216597e-11, ""power_at_rvP"": 0.032}, ""BIS"": {""P"": 2629.444, ""power"": 0.723, ""fap"": 2.4979379915572425e-08, ""power_at_rvP"": 0.006}}",,,0,K5.5V,,8.708,18.47
GJ792.1,85,31,4363.0,,41.48,-24.47,5000.0,0.881,1.733876207811484e-05,8.55,2.16,False,1333.17,0.718,,"{""CRX"": {""P"": 1.254, ""power"": 0.508, ""fap"": 0.4916422056874139, ""power_at_rvP"": 0.167}, ""dLW"": {""P"": 372.181, ""power"": 0.637, ""fap"": 0.012351612664121523, ""power_at_rvP"": 0.568}, ""Halpha"": {""P"": 1.664, ""power"": 0.463, ""fap"": 0.8774480647328184, ""power_at_rvP"": 0.008}, ""FWHMDRS"": {""P"": 5000.0, ""power"": 0.625, ""fap"": 0.019102471209605298, ""power_at_rvP"": 0.625}, ""BIS"": {""P"": 1204.368, ""power"": 0.698, ""fap"": 0.0010656956255260478, ""power_at_rvP"": 0.285}}",,,0,G2.5IV,,5.65,24.76
GJ796,58,34,4363.0,,1.96,-0.28,1.2393,0.539,0.1073648171437851,2.33,1.44,False,124.04,0.647,,"{""CRX"": {""P"": 1.53, ""power"": 0.568, ""fap"": 0.03924590890186611, ""power_at_rvP"": 0.019}, ""dLW"": {""P"": 5000.0, ""power"": 0.624, ""fap"": 0.005113916253802669, ""power_at_rvP"": 0.073}, ""Halpha"": {""P"": 5.478, ""power"": 0.414, ""fap"": 0.9618906865904902, ""power_at_rvP"": 0.009}, ""FWHMDRS"": {""P"": 2.008, ""power"": 0.411, ""fap"": 0.9716626186294891, ""power_at_rvP"": 0.045}, ""BIS"": {""P"": 2532.778, ""power"": 0.804, ""fap"": 3.324778784554898e-07, ""power_at_rvP"": 0.025}}",,,0,G7.5IV-V,,6.37,14.68
GJ797,111,43,2004.6,,4.18,-2.27,29.7843,0.593,0.0024149569278984267,5.01,2.1,True,381.81,0.85,,"{""CRX"": {""P"": 17.453, ""power"": 0.466, ""fap"": 0.025196088355511497, ""power_at_rvP"": 0.325}, ""dLW"": {""P"": 64.661, ""power"": 0.384, ""fap"": 0.30955695660196675, ""power_at_rvP"": 0.155}, ""Halpha"": {""P"": 75.074, ""power"": 0.343, ""fap"": 0.7049259947654714, ""power_at_rvP"": 0.04}, ""FWHMDRS"": {""P"": 4009.142, ""power"": 0.224, ""fap"": 0.9999999999944249, ""power_at_rvP"": 0.041}, ""BIS"": {""P"": 4009.142, ""power"": 0.274, ""fap"": 0.999595193336978, ""power_at_rvP"": 0.035}}",,,0,G5V,,6.44,20.9
GJ798,79,63,3254.2,,1.99,-0.27,26.7166,0.252,0.732596408952743,1.41,1.75,False,1512.96,0.856,,"{""CRX"": {""P"": 2.205, ""power"": 0.249, ""fap"": 0.7938813199760506, ""power_at_rvP"": 0.041}, ""dLW"": {""P"": 36.44, ""power"": 0.578, ""fap"": 1.0025904979455442e-07, ""power_at_rvP"": 0.075}, ""Halpha"": {""P"": 14.632, ""power"": 0.316, ""fap"": 0.10378354342433471, ""power_at_rvP"": 0.012}, ""FWHMDRS"": {""P"": 485.627, ""power"": 0.568, ""fap"": 1.9186266245157536e-07, ""power_at_rvP"": 0.067}, ""BIS"": {""P"": 94.731, ""power"": 0.257, ""fap"": 0.682130226617264, ""power_at_rvP"": 0.057}}",,,0,K7V,,8.82,12.33
GJ803,48,31,5222.4,,128.13,4.81,1.2933,0.564,0.789333350511403,154.6,90.29,False,4563.11,0.934,,"{""CRX"": {""P"": 3.507, ""power"": 0.451, ""fap"": 0.9858907526254328, ""power_at_rvP"": 0.31}, ""dLW"": {""P"": 4.07, ""power"": 0.542, ""fap"": 0.33214445092457595, ""power_at_rvP"": 0.286}, ""Halpha"": {""P"": 1.321, ""power"": 0.543, ""fap"": 0.32949106019092567, ""power_at_rvP"": 0.202}, ""FWHMDRS"": {""P"": 5000.0, ""power"": 0.52, ""fap"": 0.5260706903431951, ""power_at_rvP"": 0.096}, ""BIS"": {""P"": 13.468, ""power"": 0.264, ""fap"": 1.0, ""power_at_rvP"": 0.068}}","AU Mic b(8.463 d,Transit);AU Mic c(18.859 d,Transit);AU Mic e(33.11 d,Radial Velocity);AU Mic d(12.736 d,Transit Timing Variations)",,4,M1VeBa1,,8.627,9.72
GJ812.1,1128,162,5055.2,,1.31,-0.05,5.5959,0.301,1.529400866653589e-08,1.05,1.35,False,363.39,0.696,,"{""CRX"": {""P"": 352.0, ""power"": 0.048, ""fap"": 1.0, ""power_at_rvP"": 0.013}, ""dLW"": {""P"": 5000.0, ""power"": 0.45, ""fap"": 6.455613796218932e-17, ""power_at_rvP"": 0.004}, ""Halpha"": {""P"": 379.766, ""power"": 0.22, ""fap"": 4.520388469295438e-05, ""power_at_rvP"": 0.005}, ""FWHMDRS"": {""P"": 382.641, ""power"": 0.273, ""fap"": 1.887416044684837e-07, ""power_at_rvP"": 0.041}, ""BIS"": {""P"": 3582.58, ""power"": 0.671, ""fap"": 2.0291396273490762e-34, ""power_at_rvP"": 0.022}}",,,0,G2VFe-1.0,,6.52,21.59
GJ825.2,111,56,2204.0,,8.84,0.38,15.1057,0.503,7.33852624500051e-05,9.02,6.18,False,4007.3,0.779,BIS,"{""CRX"": {""P"": 17.674, ""power"": 0.395, ""fap"": 0.011349487892611308, ""power_at_rvP"": 0.276}, ""dLW"": {""P"": 15.111, ""power"": 0.336, ""fap"": 0.11245868397887429, ""power_at_rvP"": 0.336}, ""Halpha"": {""P"": 25.347, ""power"": 0.478, ""fap"": 0.00027225446044788933, ""power_at_rvP"": 0.239}, ""FWHMDRS"": {""P"": 4408.046, ""power"": 0.65, ""fap"": 9.937347786864686e-09, ""power_at_rvP"": 0.132}, ""BIS"": {""P"": 14.132, ""power"": 0.464, ""fap"": 0.0005357422474774245, ""power_at_rvP"": 0.127}}",,,0,G5V,5836.8,6.75,23.83
GJ827.1,45,45,1788.2,,2.61,0.87,2.1869,0.5,0.003985195071945121,2.8,1.73,False,350.61,0.69,,"{""CRX"": {""P"": 2.212, ""power"": 0.33, ""fap"": 0.7016533309258499, ""power_at_rvP"": 0.06}, ""dLW"": {""P"": 1882.269, ""power"": 0.787, ""fap"": 1.210221717336217e-10, ""power_at_rvP"": 0.076}, ""Halpha"": {""P"": 112.815, ""power"": 0.415, ""fap"": 0.08031861465188507, ""power_at_rvP"": 0.036}, ""FWHMDRS"": {""P"": 2980.294, ""power"": 0.732, ""fap"": 1.2157042635661852e-08, ""power_at_rvP"": 0.057}, ""BIS"": {""P"": 3576.376, ""power"": 0.595, ""fap"": 5.33387150467139e-05, ""power_at_rvP"": 0.01}}",,,0,K2.5V,,8.678,23.06
GJ838,379,105,4418.0,,4.26,-0.64,1559.1232,0.391,7.009606947091501e-07,3.42,2.88,False,3732.66,0.907,,"{""CRX"": {""P"": 3.48, ""power"": 0.181, ""fap"": 0.3385758103075581, ""power_at_rvP"": 0.02}, ""dLW"": {""P"": 32.839, ""power"": 0.099, ""fap"": 1.0, ""power_at_rvP"": 0.014}, ""Halpha"": {""P"": 371.765, ""power"": 0.285, ""fap"": 0.0004916196045328599, ""power_at_rvP"": 0.049}, ""FWHMDRS"": {""P"": 23.767, ""power"": 0.04, ""fap"": 1.0, ""power_at_rvP"": 0.021}, ""BIS"": {""P"": 53.659, ""power"": 0.039, ""fap"": 1.0, ""power_at_rvP"": 0.024}}",,,0,G2V,,5.58,15.56
GJ845,4426,123,4718.9,,18.7,1.69,16.4884,0.76,3.5121420825235825e-33,4.01,3.54,False,364.57,0.683,,"{""CRX"": {""P"": 45.574, ""power"": 0.078, ""fap"": 1.0, ""power_at_rvP"": 0.008}, ""dLW"": {""P"": 2491.782, ""power"": 0.599, ""fap"": 4.835572428147227e-20, ""power_at_rvP"": 0.021}, ""Halpha"": {""P"": 2870.754, ""power"": 0.258, ""fap"": 0.0003255236159626216, ""power_at_rvP"": 0.013}, ""FWHMDRS"": {""P"": 3056.711, ""power"": 0.043, ""fap"": 1.0, ""power_at_rvP"": 0.015}, ""BIS"": {""P"": 1.995, ""power"": 0.082, ""fap"": 1.0, ""power_at_rvP"": 0.019}}",,,0,K5V,,4.69,3.64
GJ846,55,54,2345.6,,4.38,0.67,7.4239,0.446,0.0035011575087129146,4.23,3.22,False,2132.37,0.99,,"{""CRX"": {""P"": 120.286, ""power"": 0.297, ""fap"": 0.66416288599015, ""power_at_rvP"": 0.099}, ""dLW"": {""P"": 24.926, ""power"": 0.372, ""fap"": 0.07178225962574954, ""power_at_rvP"": 0.024}, ""Halpha"": {""P"": 24.587, ""power"": 0.263, ""fap"": 0.9660868227066101, ""power_at_rvP"": 0.049}, ""FWHMDRS"": {""P"": 16.176, ""power"": 0.29, ""fap"": 0.753497051390046, ""power_at_rvP"": 0.008}, ""BIS"": {""P"": 15.554, ""power"": 0.211, ""fap"": 0.9999999405244959, ""power_at_rvP"": 0.011}}",,,0,M0.5V,,9.146,10.55
GJ849.1,2173,41,2608.9,,6.89,1.17,3.281,0.57,0.0006103723068192322,3.45,6.56,False,295.73,0.705,,"{""CRX"": {""P"": 13.938, ""power"": 0.369, ""fap"": 0.7342119534419609, ""power_at_rvP"": 0.106}, ""dLW"": {""P"": 210.869, ""power"": 0.731, ""fap"": 2.6387455072813655e-07, ""power_at_rvP"": 0.014}, ""Halpha"": {""P"": 1608.634, ""power"": 0.451, ""fap"": 0.10638684653411361, ""power_at_rvP"": 0.013}, ""FWHMDRS"": {""P"": 5000.0, ""power"": 0.58, ""fap"": 0.000898895529168869, ""power_at_rvP"": 0.108}, ""BIS"": {""P"": 39.159, ""power"": 0.636, ""fap"": 6.647350959657745e-05, ""power_at_rvP"": 0.069}}",,,0,F6V,,4.92,18.35
GJ849,53,53,5029.2,,19.36,1.06,2047.8261,0.975,1.5402217607171805e-33,30.42,3.23,False,4547.85,0.751,,"{""CRX"": {""P"": 19.511, ""power"": 0.282, ""fap"": 0.9362259780732733, ""power_at_rvP"": 0.015}, ""dLW"": {""P"": 3454.476, ""power"": 0.301, ""fap"": 0.765484003830226, ""power_at_rvP"": 0.13}, ""Halpha"": {""P"": 237.717, ""power"": 0.347, ""fap"": 0.25338834553884454, ""power_at_rvP"": 0.102}, ""FWHMDRS"": {""P"": 3131.793, ""power"": 0.406, ""fap"": 0.030947335851258303, ""power_at_rvP"": 0.06}, ""BIS"": {""P"": 5.422, ""power"": 0.32, ""fap"": 0.5364075915175442, ""power_at_rvP"": 0.053}}","GJ 849 b(1925.31 d,Radial Velocity);GJ 849 c(5990.0 d,Radial Velocity)",,2,M3.5V,,10.366,8.8
GJ851.3,222,108,5023.1,,2.93,0.05,30.5435,0.242,0.009042060598934096,2.08,2.67,False,3130.38,0.776,,"{""CRX"": {""P"": 44.45, ""power"": 0.177, ""fap"": 0.41708722742556714, ""power_at_rvP"": 0.019}, ""dLW"": {""P"": 4762.944, ""power"": 0.565, ""fap"": 3.871756336169852e-15, ""power_at_rvP"": 0.001}, ""Halpha"": {""P"": 1966.263, ""power"": 0.237, ""fap"": 0.01171176158619601, ""power_at_rvP"": 0.016}, ""FWHMDRS"": {""P"": 5000.0, ""power"": 0.768, ""fap"": 2.8049926490412097e-29, ""power_at_rvP"": 0.001}, ""BIS"": {""P"": 2227.896, ""power"": 0.691, ""fap"": 8.241170124666024e-23, ""power_at_rvP"": 0.002}}",,,0,G9.5IV-V,,6.54,40.24
GJ853,171,62,4433.0,,34.5,17.76,79.1073,0.302,0.617971334890572,1.59,1.87,False,366.76,0.629,,"{""CRX"": {""P"": 1.928, ""power"": 0.144, ""fap"": 1.0, ""power_at_rvP"": 0.024}, ""dLW"": {""P"": 379.316, ""power"": 0.326, ""fap"": 0.12555080328190935, ""power_at_rvP"": 0.017}, ""Halpha"": {""P"": 102.884, ""power"": 0.225, ""fap"": 0.9981383851186909, ""power_at_rvP"": 0.029}, ""FWHMDRS"": {""P"": 5000.0, ""power"": 0.589, ""fap"": 1.5672526438959148e-07, ""power_at_rvP"": 0.154}, ""BIS"": {""P"": 2628.338, ""power"": 0.619, ""fap"": 1.9529198140086216e-08, ""power_at_rvP"": 0.162}}",,,0,G0V,,5.33,14.02
GJ862,46,37,4431.0,,3.18,-0.74,58.3506,0.535,0.05389725997087282,3.26,1.99,False,3899.83,0.791,,"{""CRX"": {""P"": 124.164, ""power"": 0.401, ""fap"": 0.8301609954244975, ""power_at_rvP"": 0.046}, ""dLW"": {""P"": 44.922, ""power"": 0.503, ""fap"": 0.08831771464646015, ""power_at_rvP"": 0.211}, ""Halpha"": {""P"": 3.967, ""power"": 0.437, ""fap"": 0.4871828951649334, ""power_at_rvP"": 0.033}, ""FWHMDRS"": {""P"": 68.871, ""power"": 0.485, ""fap"": 0.15000931249894353, ""power_at_rvP"": 0.421}, ""BIS"": {""P"": 846.212, ""power"": 0.578, ""fap"": 0.006625750440327566, ""power_at_rvP"": 0.24}}",,,0,K4V,,7.645,15.69
GJ876,256,236,4016.0,,156.5,16.8,61.0293,0.79,6.474773022605833e-75,208.64,71.34,False,368.33,0.778,,"{""CRX"": {""P"": 2290.645, ""power"": 0.161, ""fap"": 1.7426712306920335e-05, ""power_at_rvP"": 0.005}, ""dLW"": {""P"": 5000.0, ""power"": 0.372, ""fap"": 6.850743530875136e-20, ""power_at_rvP"": 0.01}, ""Halpha"": {""P"": 2056.09, ""power"": 0.265, ""fap"": 4.484261295003421e-12, ""power_at_rvP"": 0.026}, ""FWHMDRS"": {""P"": 5000.0, ""power"": 0.34, ""fap"": 1.9648028621957068e-17, ""power_at_rvP"": 0.038}, ""BIS"": {""P"": 3.463, ""power"": 0.114, ""fap"": 0.0077793416686718795, ""power_at_rvP"": 0.025}}","GJ 876 c(30.088 d,Radial Velocity);GJ 876 b(61.117 d,Radial Velocity);GJ 876 d(1.938 d,Radial Velocity);GJ 876 e(124.26 d,Radial Velocity)",GJ 876 c;GJ 876 b;GJ 876 e,4,M3.5V,,10.192,4.68
GJ877,49,48,3182.1,,3.81,0.22,5.0354,0.353,0.39008316871472204,3.63,3.04,False,2800.1,0.437,,"{""CRX"": {""P"": 5000.0, ""power"": 0.353, ""fap"": 0.4049732165794041, ""power_at_rvP"": 0.046}, ""dLW"": {""P"": 17.533, ""power"": 0.352, ""fap"": 0.42074228237135486, ""power_at_rvP"": 0.017}, ""Halpha"": {""P"": 57.87, ""power"": 0.365, ""fap"": 0.2937887720183497, ""power_at_rvP"": 0.027}, ""FWHMDRS"": {""P"": 1.495, ""power"": 0.262, ""fap"": 0.9996865690808565, ""power_at_rvP"": 0.0}, ""BIS"": {""P"": 28.568, ""power"": 0.143, ""fap"": 1.0, ""power_at_rvP"": 0.036}}",,,0,M3V,,10.377,8.59
GJ87,155,150,4674.1,,1.88,-0.17,52.4085,0.178,0.00801493254249073,1.1,1.69,False,4118.79,0.849,,"{""CRX"": {""P"": 2.489, ""power"": 0.105, ""fap"": 0.931239404218073, ""power_at_rvP"": 0.022}, ""dLW"": {""P"": 5000.0, ""power"": 0.43, ""fap"": 2.6889147621774065e-14, ""power_at_rvP"": 0.033}, ""Halpha"": {""P"": 2949.279, ""power"": 0.357, ""fap"": 1.6976596818195484e-10, ""power_at_rvP"": 0.14}, ""FWHMDRS"": {""P"": 1709.093, ""power"": 0.585, ""fap"": 3.0275820532927546e-24, ""power_at_rvP"": 0.013}, ""BIS"": {""P"": 1740.922, ""power"": 0.713, ""fap"": 6.327200004531886e-36, ""power_at_rvP"": 0.012}}",,,0,M1V,,10.042,10.51
GJ880,140,140,4664.2,,3.29,-0.03,40.1962,0.218,0.0010438344497919858,2.23,2.88,False,362.04,0.812,,"{""CRX"": {""P"": 2616.131, ""power"": 0.181, ""fap"": 0.011443774678199705, ""power_at_rvP"": 0.01}, ""dLW"": {""P"": 4745.629, ""power"": 0.611, ""fap"": 2.2000661307498733e-24, ""power_at_rvP"": 0.09}, ""Halpha"": {""P"": 5000.0, ""power"": 0.377, ""fap"": 1.4560983981874344e-10, ""power_at_rvP"": 0.029}, ""FWHMDRS"": {""P"": 2856.464, ""power"": 0.582, ""fap"": 2.9028706204775263e-22, ""power_at_rvP"": 0.018}, ""BIS"": {""P"": 2477.183, ""power"": 0.667, ""fap"": 5.544183437709043e-29, ""power_at_rvP"": 0.063}}",,,0,M1.5Ve,,8.638,6.87
GJ881,1244,35,4929.2,,521.1,32.15,1.5217,0.67,0.0028997749022390924,450.63,395.82,False,179.66,0.502,,"{""CRX"": {""P"": 17.847, ""power"": 0.273, ""fap"": 1.0, ""power_at_rvP"": 0.055}, ""dLW"": {""P"": 17.802, ""power"": 0.353, ""fap"": 0.9999916686985172, ""power_at_rvP"": 0.021}, ""Halpha"": {""P"": 18.955, ""power"": 0.206, ""fap"": 1.0, ""power_at_rvP"": 0.057}, ""FWHMDRS"": {""P"": 3.08, ""power"": 0.378, ""fap"": 0.9985840616905713, ""power_at_rvP"": 0.028}, ""BIS"": {""P"": 9.737, ""power"": 0.213, ""fap"": 1.0, ""power_at_rvP"": 0.057}}",,,0,A4V,,1.16,
GJ887,239,111,5109.0,,4.16,0.19,13.1478,0.233,0.011951322108952986,2.74,3.74,False,3724.28,0.871,,"{""CRX"": {""P"": 4017.117, ""power"": 0.198, ""fap"": 0.12347169360626743, ""power_at_rvP"": 0.005}, ""dLW"": {""P"": 5000.0, ""power"": 0.758, ""fap"": 3.652935142758444e-29, ""power_at_rvP"": 0.005}, ""Halpha"": {""P"": 2407.824, ""power"": 0.413, ""fap"": 1.084108565320064e-08, ""power_at_rvP"": 0.063}, ""FWHMDRS"": {""P"": 357.969, ""power"": 0.371, ""fap"": 3.896424649488883e-07, ""power_at_rvP"": 0.023}, ""BIS"": {""P"": 2658.408, ""power"": 0.388, ""fap"": 9.732925105475038e-08, ""power_at_rvP"": 0.02}}",,,0,M2V,,7.34,3.29
GJ9008,202,135,2979.0,,44.05,14.35,5000.0,0.551,1.3847238648384035e-14,7.66,1.91,False,361.26,0.836,dLW;FWHMDRS,"{""CRX"": {""P"": 1.342, ""power"": 0.143, ""fap"": 0.27081326615762585, ""power_at_rvP"": 0.032}, ""dLW"": {""P"": 5000.0, ""power"": 0.344, ""fap"": 5.202903808051048e-09, ""power_at_rvP"": 0.344}, ""Halpha"": {""P"": 1706.334, ""power"": 0.231, ""fap"": 0.0002270896483078668, ""power_at_rvP"": 0.181}, ""FWHMDRS"": {""P"": 5000.0, ""power"": 0.669, ""fap"": 3.0633479738578534e-29, ""power_at_rvP"": 0.669}, ""BIS"": {""P"": 3743.363, ""power"": 0.739, ""fap"": 2.9256524316125658e-36, ""power_at_rvP"": 0.663}}",,,0,G0V,,6.5,26.94
GJ9018,50,47,437.0,,4.07,1.24,10.3155,0.48,0.0007780685140926526,4.11,2.89,False,794.48,0.847,,"{""CRX"": {""P"": 15.686, ""power"": 0.315, ""fap"": 0.21730891054896373, ""power_at_rvP"": 0.058}, ""dLW"": {""P"": 30.233, ""power"": 0.528, ""fap"": 0.00010439350803300651, ""power_at_rvP"": 0.007}, ""Halpha"": {""P"": 42.414, ""power"": 0.306, ""fap"": 0.2680013768644125, ""power_at_rvP"": 0.01}, ""FWHMDRS"": {""P"": 26.719, ""power"": 0.287, ""fap"": 0.42294455405277187, ""power_at_rvP"": 0.009}, ""BIS"": {""P"": 14.323, ""power"": 0.234, ""fap"": 0.9004333727795937, ""power_at_rvP"": 0.045}}","GJ 27.1 b(15.819 d,Radial Velocity)",,1,M4V,,11.401,23.62
GJ902,54,46,4433.0,,8.74,3.23,5000.0,0.735,0.005175502820348639,8.03,3.42,False,2981.95,0.805,FWHMDRS,"{""CRX"": {""P"": 5.279, ""power"": 0.198, ""fap"": 1.0, ""power_at_rvP"": 0.01}, ""dLW"": {""P"": 4493.199, ""power"": 0.611, ""fap"": 3.614305362653619e-05, ""power_at_rvP"": 0.597}, ""Halpha"": {""P"": 548.18, ""power"": 0.426, ""fap"": 0.1022889405625856, ""power_at_rvP"": 0.298}, ""FWHMDRS"": {""P"": 5000.0, ""power"": 0.72, ""fap"": 3.958377468088231e-08, ""power_at_rvP"": 0.72}, ""BIS"": {""P"": 2413.672, ""power"": 0.577, ""fap"": 0.00020694292539584442, ""power_at_rvP"": 0.412}}","HD 222237 b(14892.0 d,Radial Velocity)",,1,K3+V,,7.087,11.45
GJ904,79,27,2123.2,,3.33,1.85,5.0872,0.516,0.4919482592840547,3.61,2.31,False,3860.4,0.819,,"{""CRX"": {""P"": 1.329, ""power"": 0.52, ""fap"": 0.5111597619676529, ""power_at_rvP"": 0.073}, ""dLW"": {""P"": 4246.455, ""power"": 0.542, ""fap"": 0.3485285808616495, ""power_at_rvP"": 0.051}, ""Halpha"": {""P"": 903.478, ""power"": 0.714, ""fap"": 0.002179285049294939, ""power_at_rvP"": 0.049}, ""FWHMDRS"": {""P"": 52.359, ""power"": 0.5, ""fap"": 0.6761021230079348, ""power_at_rvP"": 0.237}, ""BIS"": {""P"": 4.569, ""power"": 0.466, ""fap"": 0.8979597270378116, ""power_at_rvP"": 0.073}}",,,0,F7V,,4.12,13.43
GJ9075,57,40,1180.8,,2.01,0.28,368.9676,0.584,0.0004254745915100552,2.84,1.31,True,66.52,0.736,,"{""CRX"": {""P"": 29.261, ""power"": 0.358, ""fap"": 0.11769808795431343, ""power_at_rvP"": 0.192}, ""dLW"": {""P"": 29.261, ""power"": 0.15, ""fap"": 1.0, ""power_at_rvP"": 0.028}, ""Halpha"": {""P"": 2361.571, ""power"": 0.598, ""fap"": 2.668596570141461e-06, ""power_at_rvP"": 0.094}, ""FWHMDRS"": {""P"": 29.261, ""power"": 0.154, ""fap"": 1.0, ""power_at_rvP"": 0.018}, ""BIS"": {""P"": 2361.571, ""power"": 0.37, ""fap"": 0.07714339602198264, ""power_at_rvP"": 0.063}}",,,0,F8V,,5.68,38.03
GJ908,87,87,3277.0,,1.95,-0.25,90.0116,0.277,0.012328187722853781,1.46,1.68,False,367.97,0.663,,"{""CRX"": {""P"": 2.427, ""power"": 0.166, ""fap"": 0.9729052362432077, ""power_at_rvP"": 0.005}, ""dLW"": {""P"": 5000.0, ""power"": 0.286, ""fap"": 0.007336825036008759, ""power_at_rvP"": 0.069}, ""Halpha"": {""P"": 152.376, ""power"": 0.187, ""fap"": 0.7340313483115505, ""power_at_rvP"": 0.015}, ""FWHMDRS"": {""P"": 363.883, ""power"": 0.275, ""fap"": 0.013500896265996076, ""power_at_rvP"": 0.027}, ""BIS"": {""P"": 3.025, ""power"": 0.16, ""fap"": 0.9911853046407647, ""power_at_rvP"": 0.002}}",,,0,M1VFe-1,,8.993,5.9
GJ9103A,48,36,431.8,,2.74,1.52,35.6781,0.602,0.0003173013435381703,3.25,1.62,False,431.76,0.998,,"{""CRX"": {""P"": 1.995, ""power"": 0.119, ""fap"": 1.0, ""power_at_rvP"": 0.015}, ""dLW"": {""P"": 12.586, ""power"": 0.182, ""fap"": 0.9999993671233918, ""power_at_rvP"": 0.009}, ""Halpha"": {""P"": 1.238, ""power"": 0.186, ""fap"": 0.9999985030388904, ""power_at_rvP"": 0.01}, ""FWHMDRS"": {""P"": 12.247, ""power"": 0.154, ""fap"": 0.9999999999490624, ""power_at_rvP"": 0.019}, ""BIS"": {""P"": 47.181, ""power"": 0.133, ""fap"": 0.9999999999999982, ""power_at_rvP"": 0.043}}",,,0,M1.5,,10.717,13.21
GJ9121,213,143,5087.1,,1.66,-0.06,40.5934,0.229,0.00024059752279713992,1.17,1.48,False,365.52,0.668,,"{""CRX"": {""P"": 557.95, ""power"": 0.159, ""fap"": 0.08087385353751565, ""power_at_rvP"": 0.007}, ""dLW"": {""P"": 5000.0, ""power"": 0.371, ""fap"": 2.306066061352545e-10, ""power_at_rvP"": 0.009}, ""Halpha"": {""P"": 1606.062, ""power"": 0.294, ""fap"": 5.900225115959307e-07, ""power_at_rvP"": 0.059}, ""FWHMDRS"": {""P"": 349.208, ""power"": 0.703, ""fap"": 7.35082841373998e-33, ""power_at_rvP"": 0.02}, ""BIS"": {""P"": 3588.978, ""power"": 0.685, ""fap"": 4.4071421973228645e-31, ""power_at_rvP"": 0.004}}",,,0,G0VmF2,,6.667,26.18
GJ9156,104,44,5192.9,,4.06,-0.63,972.6886,0.782,3.4640893436275916e-07,6.89,2.02,False,365.98,0.876,,"{""CRX"": {""P"": 2.334, ""power"": 0.41, ""fap"": 0.3348877535147723, ""power_at_rvP"": 0.009}, ""dLW"": {""P"": 5000.0, ""power"": 0.801, ""fap"": 2.0094056612478581e-10, ""power_at_rvP"": 0.082}, ""Halpha"": {""P"": 193.481, ""power"": 0.463, ""fap"": 0.06496606313703639, ""power_at_rvP"": 0.193}, ""FWHMDRS"": {""P"": 383.553, ""power"": 0.852, ""fap"": 5.988187903342852e-13, ""power_at_rvP"": 0.442}, ""BIS"": {""P"": 2824.372, ""power"": 0.897, ""fap"": 4.099718561767351e-16, ""power_at_rvP"": 0.367}}","HD 28471 b(3.165 d,Radial Velocity);HD 28471 c(6.124 d,Radial Velocity);HD 28471 d(11.681 d,Radial Velocity)",,3,G5V,,7.91,43.7
GJ9191,277,274,5050.1,,2.65,0.08,14.0293,0.301,4.036159558016831e-17,2.09,2.22,False,4764.15,0.471,,"{""CRX"": {""P"": 1623.788, ""power"": 0.211, ""fap"": 1.7449380081433396e-10, ""power_at_rvP"": 0.006}, ""dLW"": {""P"": 5000.0, ""power"": 0.468, ""fap"": 1.8844879783232134e-33, ""power_at_rvP"": 0.005}, ""Halpha"": {""P"": 53.433, ""power"": 0.087, ""fap"": 0.04332101908596949, ""power_at_rvP"": 0.007}, ""FWHMDRS"": {""P"": 5000.0, ""power"": 0.594, ""fap"": 3.2577811278983823e-49, ""power_at_rvP"": 0.001}, ""BIS"": {""P"": 5000.0, ""power"": 0.185, ""fap"": 1.32633575199479e-08, ""power_at_rvP"": 0.01}}","HD 39194 b(5.637 d,Radial Velocity);HD 39194 c(14.031 d,Radial Velocity);HD 39194 d(33.874 d,Radial Velocity)",HD 39194 c,3,K0V,,8.075,26.43
GJ9219,87,37,1818.9,,2.33,0.35,2.3338,0.584,0.002888821694082077,2.55,1.61,False,295.75,0.601,,"{""CRX"": {""P"": 3637.899, ""power"": 0.376, ""fap"": 0.8524772321246833, ""power_at_rvP"": 0.013}, ""dLW"": {""P"": 3637.899, ""power"": 0.797, ""fap"": 2.4087222527310197e-08, ""power_at_rvP"": 0.009}, ""Halpha"": {""P"": 1.201, ""power"": 0.482, ""fap"": 0.09629717522843091, ""power_at_rvP"": 0.019}, ""FWHMDRS"": {""P"": 3637.899, ""power"": 0.528, ""fap"": 0.022204425966350593, ""power_at_rvP"": 0.035}, ""BIS"": {""P"": 267.478, ""power"": 0.374, ""fap"": 0.866499710064932, ""power_at_rvP"": 0.126}}",,,0,G5V,,6.04,25.83
GJ9223,80,26,1296.6,,1.91,-0.37,1.8116,0.559,0.2893468773082304,2.32,1.25,False,2357.51,0.732,,"{""CRX"": {""P"": 8.847, ""power"": 0.431, ""fap"": 0.9992004633939353, ""power_at_rvP"": 0.188}, ""dLW"": {""P"": 45.176, ""power"": 0.417, ""fap"": 0.9999244131985366, ""power_at_rvP"": 0.025}, ""Halpha"": {""P"": 2593.284, ""power"": 0.299, ""fap"": 1.0, ""power_at_rvP"": 0.099}, ""FWHMDRS"": {""P"": 8.868, ""power"": 0.309, ""fap"": 1.0, ""power_at_rvP"": 0.032}, ""BIS"": {""P"": 8.865, ""power"": 0.247, ""fap"": 1.0, ""power_at_rvP"": 0.035}}",,,0,G1.5V,,5.28,17.05
GJ9255,221,83,3022.3,,2.77,0.14,1.3449,0.299,0.004916337887715505,2.2,2.46,False,4617.99,0.743,,"{""CRX"": {""P"": 2.011, ""power"": 0.126, ""fap"": 0.9996171957868542, ""power_at_rvP"": 0.007}, ""dLW"": {""P"": 3166.466, ""power"": 0.332, ""fap"": 3.777423525106706e-05, ""power_at_rvP"": 0.008}, ""Halpha"": {""P"": 3166.466, ""power"": 0.312, ""fap"": 0.00014575672304519165, ""power_at_rvP"": 0.0}, ""FWHMDRS"": {""P"": 2409.205, ""power"": 0.386, ""fap"": 7.069945339992074e-07, ""power_at_rvP"": 0.025}, ""BIS"": {""P"": 5000.0, ""power"": 0.518, ""fap"": 8.516517462941558e-12, ""power_at_rvP"": 0.048}}",,,0,F6.5V,6300.0,5.54,22.64
GJ9263,67,66,4821.8,,2.52,-0.15,88.7747,0.644,2.340930493275654e-10,3.05,1.5,False,360.79,0.817,,"{""CRX"": {""P"": 16.032, ""power"": 0.367, ""fap"": 0.008362324287669259, ""power_at_rvP"": 0.178}, ""dLW"": {""P"": 5000.0, ""power"": 0.56, ""fap"": 1.3042462889669944e-07, ""power_at_rvP"": 0.091}, ""Halpha"": {""P"": 180.831, ""power"": 0.491, ""fap"": 1.150430859577333e-05, ""power_at_rvP"": 0.074}, ""FWHMDRS"": {""P"": 712.816, ""power"": 0.239, ""fap"": 0.8717623291983763, ""power_at_rvP"": 0.031}, ""BIS"": {""P"": 323.295, ""power"": 0.444, ""fap"": 0.00016564122637819528, ""power_at_rvP"": 0.011}}",,,0,G2.5V,,7.82,39.27
GJ9322,113,95,4129.8,,1.76,0.05,83.6369,0.282,0.00485685632761344,1.26,1.5,False,790.22,0.653,,"{""CRX"": {""P"": 1942.515, ""power"": 0.252, ""fap"": 0.016721664375875144, ""power_at_rvP"": 0.038}, ""dLW"": {""P"": 385.016, ""power"": 0.273, ""fap"": 0.004721894316792902, ""power_at_rvP"": 0.072}, ""Halpha"": {""P"": 381.459, ""power"": 0.262, ""fap"": 0.009493986255508622, ""power_at_rvP"": 0.041}, ""FWHMDRS"": {""P"": 5000.0, ""power"": 0.471, ""fap"": 3.181893807763803e-09, ""power_at_rvP"": 0.001}, ""BIS"": {""P"": 107.331, ""power"": 0.231, ""fap"": 0.05376337360100736, ""power_at_rvP"": 0.168}}",,,0,G3/5V,,7.73,34.72
GJ9396,141,135,4887.6,,2.12,-0.5,2146.0117,0.176,0.04988542927659489,1.09,1.58,False,365.36,0.742,,"{""CRX"": {""P"": 207.298, ""power"": 0.116, ""fap"": 0.9503765825865503, ""power_at_rvP"": 0.051}, ""dLW"": {""P"": 5000.0, ""power"": 0.399, ""fap"": 4.897493117215048e-11, ""power_at_rvP"": 0.079}, ""Halpha"": {""P"": 375.173, ""power"": 0.422, ""fap"": 3.808086579540945e-12, ""power_at_rvP"": 0.138}, ""FWHMDRS"": {""P"": 385.531, ""power"": 0.52, ""fap"": 2.1160003016204702e-17, ""power_at_rvP"": 0.054}, ""BIS"": {""P"": 1614.385, ""power"": 0.61, ""fap"": 2.5251863160001858e-23, ""power_at_rvP"": 0.143}}",,,0,G5V,,7.5,34.5
GJ9429,76,34,1825.0,,59.77,55.6,1.3145,0.253,0.999999999999999,2.45,2.9,False,20.7,0.843,,"{""CRX"": {""P"": 51.046, ""power"": 0.644, ""fap"": 0.0005325284515501024, ""power_at_rvP"": 0.035}, ""dLW"": {""P"": 20.667, ""power"": 0.451, ""fap"": 0.3085025782837477, ""power_at_rvP"": 0.044}, ""Halpha"": {""P"": 33.546, ""power"": 0.59, ""fap"": 0.004609678365809467, ""power_at_rvP"": 0.014}, ""FWHMDRS"": {""P"": 20.655, ""power"": 0.461, ""fap"": 0.24316842424849017, ""power_at_rvP"": 0.03}, ""BIS"": {""P"": 36.172, ""power"": 0.59, ""fap"": 0.004550670331762648, ""power_at_rvP"": 0.024}}",,,0,G3IV+D,,,26.38
GJ9479,137,117,2075.2,,4.78,-0.38,9.6767,0.486,3.187613965457426e-13,4.33,3.51,False,3773.12,0.887,,"{""CRX"": {""P"": 1.796, ""power"": 0.169, ""fap"": 0.10340314249878259, ""power_at_rvP"": 0.006}, ""dLW"": {""P"": 29.477, ""power"": 0.186, ""fap"": 0.03467647283982638, ""power_at_rvP"": 0.009}, ""Halpha"": {""P"": 391.541, ""power"": 0.377, ""fap"": 1.1999962766054165e-08, ""power_at_rvP"": 0.029}, ""FWHMDRS"": {""P"": 4150.448, ""power"": 0.272, ""fap"": 7.104352743118962e-05, ""power_at_rvP"": 0.027}, ""BIS"": {""P"": 36.892, ""power"": 0.217, ""fap"": 0.004137704224504931, ""power_at_rvP"": 0.013}}","HD 125595 b(9.674 d,Radial Velocity)",HD 125595 b,1,K4Vk:,,9.03,28.22
GJ9482,49,46,4327.9,,16.99,6.06,9.1128,0.351,0.6679981847827273,14.79,13.73,False,364.74,0.595,,"{""CRX"": {""P"": 1.366, ""power"": 0.313, ""fap"": 0.8737637101679151, ""power_at_rvP"": 0.014}, ""dLW"": {""P"": 11.002, ""power"": 0.354, ""fap"": 0.42555643570807894, ""power_at_rvP"": 0.024}, ""Halpha"": {""P"": 377.462, ""power"": 0.407, ""fap"": 0.08272113701041237, ""power_at_rvP"": 0.023}, ""FWHMDRS"": {""P"": 1.303, ""power"": 0.288, ""fap"": 0.9875852132699029, ""power_at_rvP"": 0.009}, ""BIS"": {""P"": 1.597, ""power"": 0.344, ""fap"": 0.5385732384486457, ""power_at_rvP"": 0.071}}","HIP 70849 b(3649.0 d,Radial Velocity)",,1,K7Vk,4097.6,10.376,24.07
GJ9527,154,39,4306.2,,4.86,-1.07,30.7229,0.687,2.5389659389611886e-05,5.52,2.67,False,36.82,0.952,,"{""CRX"": {""P"": 35.792, ""power"": 0.59, ""fap"": 0.0012024665335730593, ""power_at_rvP"": 0.223}, ""dLW"": {""P"": 121.433, ""power"": 0.697, ""fap"": 5.806934988241342e-06, ""power_at_rvP"": 0.089}, ""Halpha"": {""P"": 85.505, ""power"": 0.46, ""fap"": 0.14224257895461828, ""power_at_rvP"": 0.001}, ""FWHMDRS"": {""P"": 51.937, ""power"": 0.521, ""fap"": 0.018819726447530438, ""power_at_rvP"": 0.033}, ""BIS"": {""P"": 72.664, ""power"": 0.811, ""fap"": 1.2629805857774455e-09, ""power_at_rvP"": 0.293}}",,,0,G2.5V,5698.3,,14.77
GJ9592,149,145,4494.8,,2.8,0.03,38.6974,0.311,9.538590108764044e-08,2.2,2.38,False,416.21,0.727,,"{""CRX"": {""P"": 289.998, ""power"": 0.115, ""fap"": 0.7407690721848974, ""power_at_rvP"": 0.019}, ""dLW"": {""P"": 5000.0, ""power"": 0.533, ""fap"": 7.080713710477915e-20, ""power_at_rvP"": 0.016}, ""Halpha"": {""P"": 1635.057, ""power"": 0.45, ""fap"": 6.8617581414229166e-15, ""power_at_rvP"": 0.122}, ""FWHMDRS"": {""P"": 535.146, ""power"": 0.301, ""fap"": 1.3322621477721055e-07, ""power_at_rvP"": 0.057}, ""BIS"": {""P"": 1835.355, ""power"": 0.363, ""fap"": 2.0323398267463462e-10, ""power_at_rvP"": 0.053}}",,,0,M1.0Ve,3895.0,9.433,10.12
GJ95,83,26,730.9,,1.27,-0.25,21.3997,0.498,0.5344659122899271,2.21,0.97,False,365.41,0.997,,"{""CRX"": {""P"": 2.761, ""power"": 0.363, ""fap"": 0.9999906041171996, ""power_at_rvP"": 0.011}, ""dLW"": {""P"": 69.271, ""power"": 0.779, ""fap"": 0.00014765122536912484, ""power_at_rvP"": 0.069}, ""Halpha"": {""P"": 66.136, ""power"": 0.687, ""fap"": 0.006308408376978015, ""power_at_rvP"": 0.072}, ""FWHMDRS"": {""P"": 105.914, ""power"": 0.308, ""fap"": 0.9999999999975089, ""power_at_rvP"": 0.041}, ""BIS"": {""P"": 82.113, ""power"": 0.326, ""fap"": 0.9999999986462291, ""power_at_rvP"": 0.04}}",,,0,G8V,,6.34,12.83
GJ9659,75,71,4445.8,,1.38,0.04,6.6124,0.275,0.4507294718148376,1.08,1.15,False,369.27,0.771,,"{""CRX"": {""P"": 27.555, ""power"": 0.395, ""fap"": 0.0005768495006865696, ""power_at_rvP"": 0.004}, ""dLW"": {""P"": 5000.0, ""power"": 0.695, ""fap"": 8.607708594175313e-14, ""power_at_rvP"": 0.025}, ""Halpha"": {""P"": 23.549, ""power"": 0.274, ""fap"": 0.19385224009354446, ""power_at_rvP"": 0.031}, ""FWHMDRS"": {""P"": 5000.0, ""power"": 0.626, ""fap"": 7.192917739502588e-11, ""power_at_rvP"": 0.035}, ""BIS"": {""P"": 5000.0, ""power"": 0.534, ""fap"": 1.0505994032993653e-07, ""power_at_rvP"": 0.033}}",,,0,G3V,5831.2,7.28,33.38
GJ9774,202,89,836.8,,1.21,-0.58,68.5823,0.26,0.006394645172349435,0.98,1.14,False,363.79,0.771,,"{""CRX"": {""P"": 1.337, ""power"": 0.052, ""fap"": 1.0, ""power_at_rvP"": 0.028}, ""dLW"": {""P"": 1521.417, ""power"": 0.274, ""fap"": 8.078403898973611e-05, ""power_at_rvP"": 0.008}, ""Halpha"": {""P"": 341.517, ""power"": 0.193, ""fap"": 0.03982630582550226, ""power_at_rvP"": 0.017}, ""FWHMDRS"": {""P"": 348.633, ""power"": 0.561, ""fap"": 7.400241572381005e-18, ""power_at_rvP"": 0.063}, ""BIS"": {""P"": 348.633, ""power"": 0.509, ""fap"": 5.6314129992041135e-15, ""power_at_rvP"": 0.07}}",,,0,G2V,,6.23,
GJ9787,41,36,3933.3,,1.31,-0.03,11.7958,0.432,0.9515128168612722,1.36,1.0,False,4701.18,0.786,,"{""CRX"": {""P"": 213.914, ""power"": 0.514, ""fap"": 0.05625453916895417, ""power_at_rvP"": 0.182}, ""dLW"": {""P"": 336.552, ""power"": 0.455, ""fap"": 0.30474807038102525, ""power_at_rvP"": 0.056}, ""Halpha"": {""P"": 23.883, ""power"": 0.392, ""fap"": 0.8717984452833799, ""power_at_rvP"": 0.092}, ""FWHMDRS"": {""P"": 2737.766, ""power"": 0.624, ""fap"": 0.0009357630108551863, ""power_at_rvP"": 0.18}, ""BIS"": {""P"": 3619.589, ""power"": 0.488, ""fap"": 0.1264369846978547, ""power_at_rvP"": 0.165}}",,,0,G8V,,7.8,33.55
GJ9789,99,28,4435.9,,37.88,3.53,1.2122,0.521,0.9900795350014281,34.73,25.4,False,28.1,0.718,,"{""CRX"": {""P"": 7.248, ""power"": 0.61, ""fap"": 0.14636592076199614, ""power_at_rvP"": 0.236}, ""dLW"": {""P"": 27.341, ""power"": 0.431, ""fap"": 0.9999954787320927, ""power_at_rvP"": 0.04}, ""Halpha"": {""P"": 88.209, ""power"": 0.801, ""fap"": 5.6172107750176786e-05, ""power_at_rvP"": 0.073}, ""FWHMDRS"": {""P"": 37.966, ""power"": 0.576, ""fap"": 0.34204270604616305, ""power_at_rvP"": 0.035}, ""BIS"": {""P"": 5.913, ""power"": 0.404, ""fap"": 0.9999999991836167, ""power_at_rvP"": 0.032}}",,,0,F7V,,5.2,22.95
GJ97,74,34,1401.1,,3.22,-723.23,1077.7226,0.495,0.10182664610694463,3.24,2.39,False,2547.44,0.793,,"{""CRX"": {""P"": 9.033, ""power"": 0.366, ""fap"": 0.9271983241972138, ""power_at_rvP"": 0.148}, ""dLW"": {""P"": 4.107, ""power"": 0.397, ""fap"": 0.7240446738838928, ""power_at_rvP"": 0.175}, ""Halpha"": {""P"": 3.498, ""power"": 0.532, ""fap"": 0.03258732622960069, ""power_at_rvP"": 0.18}, ""FWHMDRS"": {""P"": 2802.205, ""power"": 0.244, ""fap"": 0.9999999999999969, ""power_at_rvP"": 0.072}, ""BIS"": {""P"": 2802.205, ""power"": 0.245, ""fap"": 0.9999999999999964, ""power_at_rvP"": 0.072}}",,,0,G0V,5908.0,5.19,22.68
GJ9801,162,30,1782.1,,2.55,0.5,3.1512,0.447,0.844801260550208,2.18,2.07,False,3240.14,0.611,,"{""CRX"": {""P"": 2.084, ""power"": 0.486, ""fap"": 0.5418275126818028, ""power_at_rvP"": 0.019}, ""dLW"": {""P"": 1.871, ""power"": 0.441, ""fap"": 0.8930143213476257, ""power_at_rvP"": 0.006}, ""Halpha"": {""P"": 371.252, ""power"": 0.67, ""fap"": 0.002946202158088067, ""power_at_rvP"": 0.045}, ""FWHMDRS"": {""P"": 1.222, ""power"": 0.205, ""fap"": 1.0, ""power_at_rvP"": 0.043}, ""BIS"": {""P"": 5.364, ""power"": 0.478, ""fap"": 0.615411041869937, ""power_at_rvP"": 0.016}}",,,0,F6V,,,26.93
GJ9829,40,29,4285.3,,1.47,0.04,6.4077,0.43,0.9996341386440539,1.3,1.13,False,352.49,0.968,,"{""CRX"": {""P"": 262.783, ""power"": 0.723, ""fap"": 0.0012444745175265973, ""power_at_rvP"": 0.001}, ""dLW"": {""P"": 1125.601, ""power"": 0.503, ""fap"": 0.790775846003031, ""power_at_rvP"": 0.189}, ""Halpha"": {""P"": 1.676, ""power"": 0.527, ""fap"": 0.5801045547427379, ""power_at_rvP"": 0.016}, ""FWHMDRS"": {""P"": 377.317, ""power"": 0.848, ""fap"": 7.695482422831413e-07, ""power_at_rvP"": 0.085}, ""BIS"": {""P"": 188.303, ""power"": 0.769, ""fap"": 0.0001334896367237567, ""power_at_rvP"": 0.034}}",,,0,F7V,,6.49,25.96
HD100889,133,54,4813.0,,4322.32,67.7,13.0321,0.693,1.1941887535787848e-08,5470.5,4374.22,False,369.87,0.766,,"{""CRX"": {""P"": 367.046, ""power"": 0.574, ""fap"": 8.172336661229014e-06, ""power_at_rvP"": 0.029}, ""dLW"": {""P"": 5.606, ""power"": 0.271, ""fap"": 0.9780069895282257, ""power_at_rvP"": 0.079}, ""Halpha"": {""P"": 361.531, ""power"": 0.815, ""fap"": 8.592467055427236e-15, ""power_at_rvP"": 0.045}, ""FWHMDRS"": {""P"": 1.21, ""power"": 0.267, ""fap"": 0.9999236058691987, ""power_at_rvP"": 0.079}, ""BIS"": {""P"": 1.221, ""power"": 0.18, ""fap"": 1.0, ""power_at_rvP"": 0.048}}",,,0,B9.5V,9664.5,4.673,88.84
HD101612,44,25,3774.8,,2.14,0.08,1.7738,0.554,0.6138475911348849,1.55,1.55,False,368.08,0.928,,"{""CRX"": {""P"": 1235.597, ""power"": 0.548, ""fap"": 0.8511432795643256, ""power_at_rvP"": 0.032}, ""dLW"": {""P"": 480.547, ""power"": 0.702, ""fap"": 0.026891803993087965, ""power_at_rvP"": 0.009}, ""Halpha"": {""P"": 1.776, ""power"": 0.544, ""fap"": 0.8745867707261001, ""power_at_rvP"": 0.093}, ""FWHMDRS"": {""P"": 67.099, ""power"": 0.733, ""fap"": 0.008880169377052716, ""power_at_rvP"": 0.013}, ""BIS"": {""P"": 139.005, ""power"": 0.489, ""fap"": 0.9985481206515232, ""power_at_rvP"": 0.006}}",,,0,F5/6V,6223.9,7.54,50.48
HD10180,336,269,5048.1,,6.09,0.35,5.7595,0.318,1.7575936109516234e-18,4.78,5.11,False,364.22,0.7,,"{""CRX"": {""P"": 5000.0, ""power"": 0.15, ""fap"": 5.863077649448673e-06, ""power_at_rvP"": 0.005}, ""dLW"": {""P"": 5000.0, ""power"": 0.52, ""fap"": 1.2354029028307624e-38, ""power_at_rvP"": 0.0}, ""Halpha"": {""P"": 36.471, ""power"": 0.106, ""fap"": 0.003917045495939382, ""power_at_rvP"": 0.01}, ""FWHMDRS"": {""P"": 5000.0, ""power"": 0.503, ""fap"": 1.2450448112510305e-36, ""power_at_rvP"": 0.005}, ""BIS"": {""P"": 5000.0, ""power"": 0.108, ""fap"": 0.0028901485509830824, ""power_at_rvP"": 0.003}}","HD 10180 c(5.76 d,Radial Velocity);HD 10180 d(16.357 d,Radial Velocity);HD 10180 e(49.748 d,Radial Velocity);HD 10180 h(2205.0 d,Radial Velocity);HD 10180 f(122.744 d,Radial Velocity);HD 10180 g(604.67 d,Radial Velocity)",HD 10180 c,6,G1V,5891.0,7.32,39.0
HD102117,84,71,4508.8,,7.69,-0.12,20.8012,0.947,3.983352718719781e-34,10.75,1.79,False,3335.48,0.608,,"{""CRX"": {""P"": 1.313, ""power"": 0.268, ""fap"": 0.3378635438899264, ""power_at_rvP"": 0.01}, ""dLW"": {""P"": 5000.0, ""power"": 0.662, ""fap"": 3.597161751184898e-12, ""power_at_rvP"": 0.045}, ""Halpha"": {""P"": 363.554, ""power"": 0.307, ""fap"": 0.0680296825296557, ""power_at_rvP"": 0.01}, ""FWHMDRS"": {""P"": 5000.0, ""power"": 0.644, ""fap"": 2.0986860782056802e-11, ""power_at_rvP"": 0.042}, ""BIS"": {""P"": 2649.465, ""power"": 0.388, ""fap"": 0.0012619447280717868, ""power_at_rvP"": 0.008}}","HD 102117 b(20.813 d,Radial Velocity)",HD 102117 b,1,G6V,5630.0,7.45,39.62
HD103197,64,61,5158.9,,3.95,-0.02,47.9522,0.839,1.1367420928105494e-18,5.38,1.55,False,4768.89,0.858,,"{""CRX"": {""P"": 5.664, ""power"": 0.347, ""fap"": 0.04012620997300292, ""power_at_rvP"": 0.048}, ""dLW"": {""P"": 4024.775, ""power"": 0.438, ""fap"": 0.0006164669139538938, ""power_at_rvP"": 0.039}, ""Halpha"": {""P"": 3.864, ""power"": 0.239, ""fap"": 0.9288390102808219, ""power_at_rvP"": 0.008}, ""FWHMDRS"": {""P"": 384.073, ""power"": 0.327, ""fap"": 0.08752564342074537, ""power_at_rvP"": 0.038}, ""BIS"": {""P"": 1.585, ""power"": 0.244, ""fap"": 0.8887026367990088, ""power_at_rvP"": 0.081}}","HD 103197 b(47.84 d,Radial Velocity)",HD 103197 b,1,K1V(p),5135.7,9.39,57.24
HD103720,82,80,4793.0,,63.58,-1.41,4.5558,0.958,3.111829696266916e-37,87.68,12.65,False,362.86,0.928,,"{""CRX"": {""P"": 15.576, ""power"": 0.164, ""fap"": 0.9999294257110468, ""power_at_rvP"": 0.001}, ""dLW"": {""P"": 2447.138, ""power"": 0.26, ""fap"": 0.11240371838382013, ""power_at_rvP"": 0.018}, ""Halpha"": {""P"": 429.528, ""power"": 0.419, ""fap"": 1.574736515243367e-05, ""power_at_rvP"": 0.028}, ""FWHMDRS"": {""P"": 483.715, ""power"": 0.298, ""fap"": 0.017183373306703303, ""power_at_rvP"": 0.012}, ""BIS"": {""P"": 7.591, ""power"": 0.212, ""fap"": 0.6920497674378477, ""power_at_rvP"": 0.009}}","HD 103720 b(4.556 d,Radial Velocity)",HD 103720 b,1,K1IV/V,5017.0,9.49,45.6
HD103774,122,116,4850.0,,28.85,1.67,5.8878,0.777,7.317544118752197e-32,33.62,16.82,False,372.5,0.682,,"{""CRX"": {""P"": 81.075, ""power"": 0.17, ""fap"": 0.20881316768555336, ""power_at_rvP"": 0.01}, ""dLW"": {""P"": 1719.831, ""power"": 0.464, ""fap"": 9.300535131847773e-12, ""power_at_rvP"": 0.008}, ""Halpha"": {""P"": 350.933, ""power"": 0.291, ""fap"": 4.439761194819841e-05, ""power_at_rvP"": 0.035}, ""FWHMDRS"": {""P"": 4145.282, ""power"": 0.291, ""fap"": 4.616838092454193e-05, ""power_at_rvP"": 0.009}, ""BIS"": {""P"": 15.817, ""power"": 0.096, ""fap"": 0.9999999993687043, ""power_at_rvP"": 0.008}}","HD 103774 b(5.888 d,Radial Velocity)",HD 103774 b,1,F6V,6350.4,7.12,56.5
HD103891,88,85,5153.9,,13.85,0.7,1853.3775,0.825,3.572886663711089e-26,18.11,6.85,False,364.72,0.714,,"{""CRX"": {""P"": 2.113, ""power"": 0.228, ""fap"": 0.29196214474272997, ""power_at_rvP"": 0.005}, ""dLW"": {""P"": 1.799, ""power"": 0.114, ""fap"": 1.0, ""power_at_rvP"": 0.002}, ""Halpha"": {""P"": 366.017, ""power"": 0.432, ""fap"": 1.8910814403418405e-06, ""power_at_rvP"": 0.027}, ""FWHMDRS"": {""P"": 5000.0, ""power"": 0.303, ""fap"": 0.006244810160984825, ""power_at_rvP"": 0.091}, ""BIS"": {""P"": 5000.0, ""power"": 0.228, ""fap"": 0.28819191853192655, ""power_at_rvP"": 0.043}}","HD 103891 b(1919.0 d,Radial Velocity)",HD 103891 b,1,F8V,5989.6,8.646,55.6
HD104006,45,38,4173.7,,1.36,0.21,7.9561,0.41,0.7469597859687573,1.18,0.97,False,378.23,0.986,,"{""CRX"": {""P"": 184.391, ""power"": 0.693, ""fap"": 2.5045166294302352e-05, ""power_at_rvP"": 0.013}, ""dLW"": {""P"": 390.617, ""power"": 0.61, ""fap"": 0.0013424890639754667, ""power_at_rvP"": 0.106}, ""Halpha"": {""P"": 183.177, ""power"": 0.383, ""fap"": 0.9237729831069524, ""power_at_rvP"": 0.066}, ""FWHMDRS"": {""P"": 358.723, ""power"": 0.886, ""fap"": 1.2797115330565803e-12, ""power_at_rvP"": 0.017}, ""BIS"": {""P"": 360.271, ""power"": 0.882, ""fap"": 2.239468645236102e-12, ""power_at_rvP"": 0.005}}",,,0,K0.5V,,8.91,32.75
HD104067,88,86,2270.8,,9.05,-1.47,55.9301,0.66,6.055945514899582e-16,10.63,5.29,False,363.32,0.736,,"{""CRX"": {""P"": 2162.662, ""power"": 0.323, ""fap"": 0.0007797276932406023, ""power_at_rvP"": 0.041}, ""dLW"": {""P"": 440.926, ""power"": 0.24, ""fap"": 0.07209277278016177, ""power_at_rvP"": 0.014}, ""Halpha"": {""P"": 21.824, ""power"": 0.186, ""fap"": 0.6686409726584562, ""power_at_rvP"": 0.078}, ""FWHMDRS"": {""P"": 473.077, ""power"": 0.274, ""fap"": 0.012214929061347989, ""power_at_rvP"": 0.022}, ""BIS"": {""P"": 31.064, ""power"": 0.237, ""fap"": 0.0844063970969829, ""power_at_rvP"": 0.005}}","HD 104067 c(13.899 d,Radial Velocity);HD 104067 b(55.851 d,Radial Velocity)",HD 104067 b,2,K2V,,7.921,20.38
HD104800,64,62,3984.1,,2.01,-0.28,6.4739,0.256,0.6451880518985502,1.41,1.72,False,362.29,0.707,,"{""CRX"": {""P"": 1.966, ""power"": 0.222, ""fap"": 0.9681947623686933, ""power_at_rvP"": 0.014}, ""dLW"": {""P"": 8.65, ""power"": 0.239, ""fap"": 0.8509381676816362, ""power_at_rvP"": 0.004}, ""Halpha"": {""P"": 348.045, ""power"": 0.336, ""fap"": 0.04195581202041613, ""power_at_rvP"": 0.043}, ""FWHMDRS"": {""P"": 340.606, ""power"": 0.273, ""fap"": 0.4225739325267545, ""power_at_rvP"": 0.005}, ""BIS"": {""P"": 1.21, ""power"": 0.218, ""fap"": 0.9823806882328521, ""power_at_rvP"": 0.056}}",,,0,G3V,,,72.09
HD104982,40,39,2270.8,,1.34,-0.18,99.5948,0.465,0.07816624048778467,1.5,0.97,False,369.23,0.9,,"{""CRX"": {""P"": 29.703, ""power"": 0.43, ""fap"": 0.21934745128935895, ""power_at_rvP"": 0.01}, ""dLW"": {""P"": 4541.67, ""power"": 0.593, ""fap"": 0.0007860569090952767, ""power_at_rvP"": 0.202}, ""Halpha"": {""P"": 94.813, ""power"": 0.525, ""fap"": 0.011065895333928153, ""power_at_rvP"": 0.263}, ""FWHMDRS"": {""P"": 154.474, ""power"": 0.46, ""fap"": 0.0935286933045165, ""power_at_rvP"": 0.115}, ""BIS"": {""P"": 4541.67, ""power"": 0.337, ""fap"": 0.952290590044283, ""power_at_rvP"": 0.002}}",,,0,G2V,,7.82,36.29
HD105690,137,44,2975.0,,59.42,4.97,4.8858,0.523,0.0028709868804920346,53.97,42.33,False,356.49,0.797,,"{""CRX"": {""P"": 4.886, ""power"": 0.424, ""fap"": 0.1136463638518698, ""power_at_rvP"": 0.424}, ""dLW"": {""P"": 2.584, ""power"": 0.458, ""fap"": 0.03688140038251191, ""power_at_rvP"": 0.062}, ""Halpha"": {""P"": 14.04, ""power"": 0.435, ""fap"": 0.0785299210205698, ""power_at_rvP"": 0.28}, ""FWHMDRS"": {""P"": 2.584, ""power"": 0.401, ""fap"": 0.2241493738830923, ""power_at_rvP"": 0.104}, ""BIS"": {""P"": 1.765, ""power"": 0.374, ""fap"": 0.44735493448398905, ""power_at_rvP"": 0.073}}",,,0,G5V,5562.5,8.199,37.76
HD105779,50,50,5150.9,,8.26,-1.0,2362.578,0.781,2.57320398305798e-10,10.01,3.59,False,363.24,0.761,,"{""CRX"": {""P"": 1.397, ""power"": 0.413, ""fap"": 0.06713287872085048, ""power_at_rvP"": 0.033}, ""dLW"": {""P"": 5000.0, ""power"": 0.529, ""fap"": 0.0005049313496295944, ""power_at_rvP"": 0.443}, ""Halpha"": {""P"": 185.08, ""power"": 0.383, ""fap"": 0.1901687695704106, ""power_at_rvP"": 0.082}, ""FWHMDRS"": {""P"": 2.014, ""power"": 0.254, ""fap"": 0.9999988579187966, ""power_at_rvP"": 0.014}, ""BIS"": {""P"": 8.158, ""power"": 0.335, ""fap"": 0.6737032856282886, ""power_at_rvP"": 0.007}}","HD 105779 b(2412.0 d,Radial Velocity)",HD 105779 b,1,G3V,5812.0,8.64,55.33
HD105,40,31,4606.2,,46.17,0.54,3.7007,0.537,0.7538225991583988,61.5,33.07,False,3771.72,0.97,,"{""CRX"": {""P"": 5.435, ""power"": 0.451, ""fap"": 0.9805680630776034, ""power_at_rvP"": 0.331}, ""dLW"": {""P"": 4.213, ""power"": 0.472, ""fap"": 0.9071430040836673, ""power_at_rvP"": 0.075}, ""Halpha"": {""P"": 11.686, ""power"": 0.502, ""fap"": 0.6660219785571331, ""power_at_rvP"": 0.061}, ""FWHMDRS"": {""P"": 23.32, ""power"": 0.494, ""fap"": 0.7393045212851171, ""power_at_rvP"": 0.002}, ""BIS"": {""P"": 369.339, ""power"": 0.582, ""fap"": 0.10446247088314653, ""power_at_rvP"": 0.124}}",,,0,G0V,5940.0,7.53,38.85
HD106315,264,54,418.9,,6.5,-5.06,1.5437,0.19,0.9856751820279522,3.83,6.14,False,465.4,0.959,,"{""CRX"": {""P"": 7.706, ""power"": 0.184, ""fap"": 0.8942426010060283, ""power_at_rvP"": 0.051}, ""dLW"": {""P"": 7.021, ""power"": 0.3, ""fap"": 0.054506370296532235, ""power_at_rvP"": 0.001}, ""Halpha"": {""P"": 761.625, ""power"": 0.495, ""fap"": 1.790084775772523e-05, ""power_at_rvP"": 0.01}, ""FWHMDRS"": {""P"": 12.409, ""power"": 0.168, ""fap"": 0.969747344703475, ""power_at_rvP"": 0.029}, ""BIS"": {""P"": 6.092, ""power"": 0.091, ""fap"": 0.9999999999803025, ""power_at_rvP"": 0.056}}","HD 106315 b(9.552 d,Transit);HD 106315 c(21.057 d,Transit)",,2,F5V,6439.5,8.951,109.69
HD10647,136,36,2982.0,,9.97,1.43,891.0763,0.567,0.012022094673187739,14.6,6.16,False,2719.76,0.85,,"{""CRX"": {""P"": 1.969, ""power"": 0.434, ""fap"": 0.5612565485457564, ""power_at_rvP"": 0.021}, ""dLW"": {""P"": 161.214, ""power"": 0.568, ""fap"": 0.012647414641954789, ""power_at_rvP"": 0.075}, ""Halpha"": {""P"": 210.045, ""power"": 0.417, ""fap"": 0.7259613116754671, ""power_at_rvP"": 0.055}, ""FWHMDRS"": {""P"": 62.847, ""power"": 0.322, ""fap"": 0.9999976160329039, ""power_at_rvP"": 0.022}, ""BIS"": {""P"": 2392.438, ""power"": 0.368, ""fap"": 0.9878920925124496, ""power_at_rvP"": 0.24}}","HD 10647 b(989.2 d,Radial Velocity)",,1,F9V,6143.0,5.52,17.34
HD106906,78,30,1528.9,,3335.81,1367.34,49.0768,0.898,1.519273246947868e-05,3588.28,789.42,False,137.11,0.742,,"{""CRX"": {""P"": 9.937, ""power"": 0.283, ""fap"": 0.9999999999996441, ""power_at_rvP"": 0.103}, ""dLW"": {""P"": 9.94, ""power"": 0.423, ""fap"": 0.8118313626954548, ""power_at_rvP"": 0.257}, ""Halpha"": {""P"": 53.829, ""power"": 0.575, ""fap"": 0.026622364755152488, ""power_at_rvP"": 0.356}, ""FWHMDRS"": {""P"": 10.205, ""power"": 0.474, ""fap"": 0.38482240701181314, ""power_at_rvP"": 0.2}, ""BIS"": {""P"": 99.918, ""power"": 0.235, ""fap"": 1.0, ""power_at_rvP"": 0.059}}","HD 106906 b(nan d,Imaging)",,1,F5V,6484.1,7.81,103.33
HD10700,9736,482,5147.0,,1.44,0.13,79.3914,0.186,2.090164955717673e-17,0.8,1.4,False,364.27,0.828,,"{""CRX"": {""P"": 4186.581, ""power"": 0.168, ""fap"": 1.8418178241152692e-15, ""power_at_rvP"": 0.003}, ""dLW"": {""P"": 5000.0, ""power"": 0.537, ""fap"": 2.611149950629945e-76, ""power_at_rvP"": 0.014}, ""Halpha"": {""P"": 372.171, ""power"": 0.165, ""fap"": 3.5838308276582825e-15, ""power_at_rvP"": 0.007}, ""FWHMDRS"": {""P"": 2.0, ""power"": 0.012, ""fap"": 1.0, ""power_at_rvP"": 0.004}, ""BIS"": {""P"": 351.819, ""power"": 0.014, ""fap"": 1.0, ""power_at_rvP"": 0.004}}","tau Cet g(20.0 d,Radial Velocity);tau Cet f(636.13 d,Radial Velocity);tau Cet h(49.41 d,Radial Velocity)",,3,G8V,,3.5,3.6
HD108063,49,46,5158.9,,11.12,3.87,3.8224,0.339,0.8044137692307296,2.86,2.93,False,362.48,0.765,,"{""CRX"": {""P"": 1.595, ""power"": 0.358, ""fap"": 0.5805925965962564, ""power_at_rvP"": 0.036}, ""dLW"": {""P"": 18.901, ""power"": 0.3, ""fap"": 0.9930958815181439, ""power_at_rvP"": 0.009}, ""Halpha"": {""P"": 1.931, ""power"": 0.357, ""fap"": 0.5881940598623169, ""power_at_rvP"": 0.014}, ""FWHMDRS"": {""P"": 5000.0, ""power"": 0.743, ""fap"": 5.636811125449762e-09, ""power_at_rvP"": 0.013}, ""BIS"": {""P"": 1.79, ""power"": 0.378, ""fap"": 0.3726082063871096, ""power_at_rvP"": 0.014}}",,,0,G5III+F/G,5883.2,6.094,52.63
HD108147,49,29,5193.9,,68.02,-9.97,10.9253,0.875,1.3588331441176953e-07,22.61,7.34,False,4560.92,1.0,,"{""CRX"": {""P"": 2.107, ""power"": 0.45, ""fap"": 0.9999606051004745, ""power_at_rvP"": 0.047}, ""dLW"": {""P"": 137.624, ""power"": 0.572, ""fap"": 0.3929525040960177, ""power_at_rvP"": 0.009}, ""Halpha"": {""P"": 238.917, ""power"": 0.46, ""fap"": 0.9996917625466918, ""power_at_rvP"": 0.105}, ""FWHMDRS"": {""P"": 4369.087, ""power"": 0.913, ""fap"": 1.4248024042079092e-09, ""power_at_rvP"": 0.034}, ""BIS"": {""P"": 2.105, ""power"": 0.443, ""fap"": 0.9999925673928748, ""power_at_rvP"": 0.018}}","HD 108147 b(10.898 d,Radial Velocity)",HD 108147 b,1,F8/G0V,6202.8,6.994,38.96
HD108309,48,26,3332.9,,1.37,0.04,15.4932,0.519,0.8844207402468408,1.51,1.03,False,369.64,0.954,,"{""CRX"": {""P"": 496.212, ""power"": 0.653, ""fap"": 0.07064286609424382, ""power_at_rvP"": 0.085}, ""dLW"": {""P"": 5000.0, ""power"": 0.733, ""fap"": 0.004419106690065335, ""power_at_rvP"": 0.025}, ""Halpha"": {""P"": 3.593, ""power"": 0.626, ""fap"": 0.1543390577450458, ""power_at_rvP"": 0.042}, ""FWHMDRS"": {""P"": 5000.0, ""power"": 0.832, ""fap"": 2.8485581187477917e-05, ""power_at_rvP"": 0.015}, ""BIS"": {""P"": 7.208, ""power"": 0.501, ""fap"": 0.970389552794187, ""power_at_rvP"": 0.086}}",,,0,G2V,,6.26,26.84
HD108341,52,50,5167.9,,13.56,0.46,1152.6178,0.684,5.592447035077612e-08,15.24,7.52,False,365.64,0.686,,"{""CRX"": {""P"": 7.222, ""power"": 0.193, ""fap"": 1.0, ""power_at_rvP"": 0.03}, ""dLW"": {""P"": 1.268, ""power"": 0.312, ""fap"": 0.7691058542435326, ""power_at_rvP"": 0.046}, ""Halpha"": {""P"": 14.595, ""power"": 0.179, ""fap"": 1.0, ""power_at_rvP"": 0.05}, ""FWHMDRS"": {""P"": 3069.576, ""power"": 0.571, ""fap"": 2.9436361528369762e-05, ""power_at_rvP"": 0.014}, ""BIS"": {""P"": 3163.529, ""power"": 0.601, ""fap"": 5.691190682668857e-06, ""power_at_rvP"": 0.028}}","HD 108341 b(1129.0 d,Radial Velocity)",HD 108341 b,1,K2V,5086.0,9.36,48.98
HD109271,106,104,3452.7,,5.28,-0.15,7.8558,0.462,3.871479530314e-10,5.17,4.05,False,369.63,0.799,,"{""CRX"": {""P"": 84.434, ""power"": 0.174, ""fap"": 0.37412894443982203, ""power_at_rvP"": 0.001}, ""dLW"": {""P"": 2.163, ""power"": 0.146, ""fap"": 0.8953933823013035, ""power_at_rvP"": 0.013}, ""Halpha"": {""P"": 84.954, ""power"": 0.299, ""fap"": 0.00017341356734522362, ""power_at_rvP"": 0.034}, ""FWHMDRS"": {""P"": 5000.0, ""power"": 0.363, ""fap"": 1.555028673831282e-06, ""power_at_rvP"": 0.009}, ""BIS"": {""P"": 5.54, ""power"": 0.131, ""fap"": 0.9934133130433993, ""power_at_rvP"": 0.001}}","HD 109271 b(7.854 d,Radial Velocity);HD 109271 c(30.93 d,Radial Velocity)",HD 109271 b,2,G3/5V,5748.4,8.05,55.96
HD110537,41,38,1825.9,,7.68,6.46,15.6659,0.478,0.08068079558784783,1.43,0.96,False,28.09,0.683,,"{""CRX"": {""P"": 21.108, ""power"": 0.584, ""fap"": 0.0016900580997976605, ""power_at_rvP"": 0.086}, ""dLW"": {""P"": 1521.576, ""power"": 0.644, ""fap"": 0.00012719801708126018, ""power_at_rvP"": 0.088}, ""Halpha"": {""P"": 22.809, ""power"": 0.486, ""fap"": 0.05505361559072012, ""power_at_rvP"": 0.016}, ""FWHMDRS"": {""P"": 3651.869, ""power"": 0.842, ""fap"": 1.4304775650945587e-10, ""power_at_rvP"": 0.292}, ""BIS"": {""P"": 3651.869, ""power"": 0.723, ""fap"": 1.8523247460046127e-06, ""power_at_rvP"": 0.2}}","HD 110537 b(24469.673 d,Radial Velocity)",,1,G6/8V,,7.83,45.14
HD111232,58,57,4488.9,,81.68,5.34,1166.5963,0.905,4.294685932718595e-20,174.98,26.58,False,368.0,0.849,,"{""CRX"": {""P"": 453.515, ""power"": 0.352, ""fap"": 0.13530607440121675, ""power_at_rvP"": 0.004}, ""dLW"": {""P"": 2246.91, ""power"": 0.832, ""fap"": 6.92181558971531e-17, ""power_at_rvP"": 0.024}, ""Halpha"": {""P"": 304.37, ""power"": 0.576, ""fap"": 2.488524313237505e-06, ""power_at_rvP"": 0.326}, ""FWHMDRS"": {""P"": 2429.314, ""power"": 0.745, ""fap"": 3.861849975774031e-12, ""power_at_rvP"": 0.301}, ""BIS"": {""P"": 1230.559, ""power"": 0.687, ""fap"": 8.604877867561771e-10, ""power_at_rvP"": 0.502}}","HD 111232 b(1169.132 d,Radial Velocity);HD 111232 c(26472.446 d,Radial Velocity)",HD 111232 b,2,G8VFe-1.0,5605.0,7.61,28.98
HD111564,40,40,2730.6,,4.38,0.39,854.3316,0.557,0.002898866149678192,4.89,3.07,False,4580.61,0.717,,"{""CRX"": {""P"": 1.318, ""power"": 0.32, ""fap"": 0.9914689101253634, ""power_at_rvP"": 0.047}, ""dLW"": {""P"": 115.72, ""power"": 0.479, ""fap"": 0.04692995589971813, ""power_at_rvP"": 0.043}, ""Halpha"": {""P"": 2.603, ""power"": 0.417, ""fap"": 0.28606949402359605, ""power_at_rvP"": 0.037}, ""FWHMDRS"": {""P"": 3.253, ""power"": 0.383, ""fap"": 0.5991477690181591, ""power_at_rvP"": 0.086}, ""BIS"": {""P"": 1.262, ""power"": 0.352, ""fap"": 0.8756516550686272, ""power_at_rvP"": 0.163}}",,,0,G0V,,7.61,46.34
HD111777,193,111,4807.8,,1.63,0.2,24.0071,0.179,0.2036986074276251,0.88,1.5,False,3665.69,0.95,,"{""CRX"": {""P"": 229.358, ""power"": 0.175, ""fap"": 0.23081440291850286, ""power_at_rvP"": 0.023}, ""dLW"": {""P"": 385.803, ""power"": 0.502, ""fap"": 8.685375912655556e-13, ""power_at_rvP"": 0.016}, ""Halpha"": {""P"": 2808.989, ""power"": 0.356, ""fap"": 6.579131859349729e-07, ""power_at_rvP"": 0.006}, ""FWHMDRS"": {""P"": 2729.258, ""power"": 0.433, ""fap"": 8.128433371139187e-10, ""power_at_rvP"": 0.02}, ""BIS"": {""P"": 2515.091, ""power"": 0.753, ""fap"": 5.368774650740855e-29, ""power_at_rvP"": 0.016}}",,,0,G0/3,,8.46,49.5
HD11195,56,55,2238.0,,2.45,-1.57,48.4915,0.445,0.0017655522299815218,1.77,1.67,False,4069.02,0.827,,"{""CRX"": {""P"": 100.129, ""power"": 0.249, ""fap"": 0.9140102177008078, ""power_at_rvP"": 0.032}, ""dLW"": {""P"": 1864.931, ""power"": 0.325, ""fap"": 0.1712262361570978, ""power_at_rvP"": 0.212}, ""Halpha"": {""P"": 28.472, ""power"": 0.379, ""fap"": 0.02365664081829052, ""power_at_rvP"": 0.037}, ""FWHMDRS"": {""P"": 2632.862, ""power"": 0.711, ""fap"": 1.088513071610953e-10, ""power_at_rvP"": 0.084}, ""BIS"": {""P"": 2797.42, ""power"": 0.682, ""fap"": 1.2365220283115785e-09, ""power_at_rvP"": 0.151}}",,,0,G5V,5638.8,8.91,59.95
HD111998,146,55,2991.8,,66.82,14.7,831.4292,0.899,4.347518640592268e-22,90.79,23.66,False,981.44,0.615,,"{""CRX"": {""P"": 1.495, ""power"": 0.234, ""fap"": 0.9987396705660695, ""power_at_rvP"": 0.013}, ""dLW"": {""P"": 29.433, ""power"": 0.364, ""fap"": 0.06838139961068922, ""power_at_rvP"": 0.043}, ""Halpha"": {""P"": 24.787, ""power"": 0.462, ""fap"": 0.0011321406770689146, ""power_at_rvP"": 0.337}, ""FWHMDRS"": {""P"": 5000.0, ""power"": 0.57, ""fap"": 4.297524905291413e-06, ""power_at_rvP"": 0.106}, ""BIS"": {""P"": 1.399, ""power"": 0.218, ""fap"": 0.9999824154351985, ""power_at_rvP"": 0.021}}","HD 111998 b(810.0 d,Radial Velocity)",HD 111998 b,1,F6V,,6.11,33.26
HD11226,44,28,1766.2,,1.75,-0.19,1.2654,0.372,0.9999738004211824,1.46,1.29,False,356.79,0.97,,"{""CRX"": {""P"": 1.255, ""power"": 0.347, ""fap"": 0.9999999678255528, ""power_at_rvP"": 0.181}, ""dLW"": {""P"": 95.208, ""power"": 0.768, ""fap"": 0.00010235012950791881, ""power_at_rvP"": 0.12}, ""Halpha"": {""P"": 25.915, ""power"": 0.591, ""fap"": 0.08010484046986896, ""power_at_rvP"": 0.047}, ""FWHMDRS"": {""P"": 1.416, ""power"": 0.395, ""fap"": 0.9993976412651262, ""power_at_rvP"": 0.071}, ""BIS"": {""P"": 1.478, ""power"": 0.499, ""fap"": 0.5806346326500219, ""power_at_rvP"": 0.319}}",,,0,K4III,6009.0,7.06,43.6
HD11397,73,71,5091.1,,7.32,-3.6,5000.0,0.253,0.8316577844522528,2.71,2.31,False,360.6,0.735,,"{""CRX"": {""P"": 2.021, ""power"": 0.212, ""fap"": 0.9358421986049934, ""power_at_rvP"": 0.004}, ""dLW"": {""P"": 363.172, ""power"": 0.212, ""fap"": 0.938570218137507, ""power_at_rvP"": 0.049}, ""Halpha"": {""P"": 41.689, ""power"": 0.325, ""fap"": 0.019337878787557595, ""power_at_rvP"": 0.1}, ""FWHMDRS"": {""P"": 5000.0, ""power"": 0.167, ""fap"": 0.9999998818685147, ""power_at_rvP"": 0.167}, ""BIS"": {""P"": 1.798, ""power"": 0.211, ""fap"": 0.9429432282867853, ""power_at_rvP"": 0.167}}",,,0,G6IV/V,,9.02,54.23
HD114076,136,93,4053.0,,2.04,0.19,41.2884,0.246,0.026127448779123014,1.38,1.81,False,364.78,0.875,,"{""CRX"": {""P"": 4.35, ""power"": 0.169, ""fap"": 0.8296432436816316, ""power_at_rvP"": 0.017}, ""dLW"": {""P"": 860.381, ""power"": 0.514, ""fap"": 1.3506477701159426e-10, ""power_at_rvP"": 0.003}, ""Halpha"": {""P"": 851.345, ""power"": 0.229, ""fap"": 0.07126185614286412, ""power_at_rvP"": 0.015}, ""FWHMDRS"": {""P"": 5000.0, ""power"": 0.749, ""fap"": 2.5680179335002423e-23, ""power_at_rvP"": 0.036}, ""BIS"": {""P"": 3.946, ""power"": 0.166, ""fap"": 0.8731973019194632, ""power_at_rvP"": 0.011}}",,,0,K0V,,9.39,45.82
HD114330,78,44,5200.9,,128.91,43.11,264.8067,0.489,0.020904217542301987,4.85,4.37,False,366.51,0.826,,"{""CRX"": {""P"": 1.362, ""power"": 0.119, ""fap"": 1.0, ""power_at_rvP"": 0.023}, ""dLW"": {""P"": 1.339, ""power"": 0.345, ""fap"": 0.9152131797348133, ""power_at_rvP"": 0.003}, ""Halpha"": {""P"": 6.792, ""power"": 0.326, ""fap"": 0.9858336831039584, ""power_at_rvP"": 0.044}, ""FWHMDRS"": {""P"": 29.327, ""power"": 0.171, ""fap"": 1.0, ""power_at_rvP"": 0.073}, ""BIS"": {""P"": 8.926, ""power"": 0.212, ""fap"": 1.0, ""power_at_rvP"": 0.06}}",,,0,A1IVs,8060.0,4.397,83.2
HD114729,57,36,3116.6,,7.7,0.43,1144.3802,0.934,2.050672126569568e-15,17.15,1.98,False,1503.16,1.0,,"{""CRX"": {""P"": 36.398, ""power"": 0.679, ""fap"": 3.361969957935011e-05, ""power_at_rvP"": 0.097}, ""dLW"": {""P"": 2774.41, ""power"": 0.892, ""fap"": 1.9263726565622903e-13, ""power_at_rvP"": 0.649}, ""Halpha"": {""P"": 488.991, ""power"": 0.526, ""fap"": 0.027320002501824633, ""power_at_rvP"": 0.184}, ""FWHMDRS"": {""P"": 2269.346, ""power"": 0.954, ""fap"": 5.981703639846159e-20, ""power_at_rvP"": 0.932}, ""BIS"": {""P"": 704.562, ""power"": 0.675, ""fap"": 4.201023154285874e-05, ""power_at_rvP"": 0.506}}","HD 114729 b(1121.79 d,Radial Velocity)",HD 114729 b,1,G0V,,6.69,
HD114853,145,135,4933.7,,8.24,0.12,74.4844,0.362,8.85781672958797e-09,1.89,1.7,False,4758.86,0.749,,"{""CRX"": {""P"": 899.19, ""power"": 0.086, ""fap"": 0.9999999999988076, ""power_at_rvP"": 0.035}, ""dLW"": {""P"": 2686.094, ""power"": 0.492, ""fap"": 9.514705257092814e-16, ""power_at_rvP"": 0.025}, ""Halpha"": {""P"": 361.788, ""power"": 0.41, ""fap"": 1.749716598239434e-11, ""power_at_rvP"": 0.01}, ""FWHMDRS"": {""P"": 2924.968, ""power"": 0.819, ""fap"": 3.7927248901868535e-45, ""power_at_rvP"": 0.084}, ""BIS"": {""P"": 2840.758, ""power"": 0.79, ""fap"": 5.951957817354934e-41, ""power_at_rvP"": 0.025}}",,,0,G1.5V,5729.0,6.94,25.05
HD115031,41,40,1825.9,,2.47,0.41,180.7728,0.48,0.15824886192492807,4.06,1.65,True,36.55,0.828,,"{""CRX"": {""P"": 21.095, ""power"": 0.593, ""fap"": 0.0004915858412354612, ""power_at_rvP"": 0.16}, ""dLW"": {""P"": 18.006, ""power"": 0.478, ""fap"": 0.03760828456657707, ""power_at_rvP"": 0.091}, ""Halpha"": {""P"": 8.649, ""power"": 0.407, ""fap"": 0.29996970948697627, ""power_at_rvP"": 0.016}, ""FWHMDRS"": {""P"": 36.885, ""power"": 0.18, ""fap"": 1.0, ""power_at_rvP"": 0.024}, ""BIS"": {""P"": 20.654, ""power"": 0.243, ""fap"": 0.9999999997349679, ""power_at_rvP"": 0.023}}",,,0,G2/3V,,8.34,67.32
HD115169,40,39,2846.2,,3.61,-0.8,27.2567,0.654,0.0001548174175805454,2.36,1.27,True,4596.27,0.804,,"{""CRX"": {""P"": 57.244, ""power"": 0.173, ""fap"": 1.0, ""power_at_rvP"": 0.031}, ""dLW"": {""P"": 357.139, ""power"": 0.158, ""fap"": 1.0, ""power_at_rvP"": 0.03}, ""Halpha"": {""P"": 8.686, ""power"": 0.295, ""fap"": 0.9993734189128302, ""power_at_rvP"": 0.037}, ""FWHMDRS"": {""P"": 57.186, ""power"": 0.16, ""fap"": 1.0, ""power_at_rvP"": 0.029}, ""BIS"": {""P"": 57.244, ""power"": 0.158, ""fap"": 1.0, ""power_at_rvP"": 0.031}}",,,0,G3V,5855.7,9.2,77.34
HD117207,89,78,4564.6,,13.36,-8.35,1746.9284,0.727,9.12804744998027e-13,17.47,5.91,False,4740.37,0.813,,"{""CRX"": {""P"": 22.965, ""power"": 0.237, ""fap"": 0.2600988753645387, ""power_at_rvP"": 0.07}, ""dLW"": {""P"": 5000.0, ""power"": 0.431, ""fap"": 7.824437830214172e-06, ""power_at_rvP"": 0.099}, ""Halpha"": {""P"": 2.075, ""power"": 0.211, ""fap"": 0.6200186554299855, ""power_at_rvP"": 0.153}, ""FWHMDRS"": {""P"": 3476.672, ""power"": 0.809, ""fap"": 1.6276433487749526e-22, ""power_at_rvP"": 0.044}, ""BIS"": {""P"": 4101.459, ""power"": 0.682, ""fap"": 1.3144582467554616e-14, ""power_at_rvP"": 0.298}}","HD 117207 b(2621.75 d,Radial Velocity)",,1,G7IV-V,5643.5,7.25,32.38
HD117618,74,33,5201.0,,11.42,1.94,67.1596,0.587,0.0943968005078082,8.57,5.06,False,2270.94,0.951,,"{""CRX"": {""P"": 2.108, ""power"": 0.381, ""fap"": 0.9999946389772421, ""power_at_rvP"": 0.063}, ""dLW"": {""P"": 19.16, ""power"": 0.366, ""fap"": 0.9999999644976177, ""power_at_rvP"": 0.115}, ""Halpha"": {""P"": 369.112, ""power"": 0.577, ""fap"": 0.059327176737712484, ""power_at_rvP"": 0.019}, ""FWHMDRS"": {""P"": 3270.625, ""power"": 0.748, ""fap"": 3.8144143554410634e-05, ""power_at_rvP"": 0.1}, ""BIS"": {""P"": 3376.802, ""power"": 0.788, ""fap"": 3.2415906117690517e-06, ""power_at_rvP"": 0.054}}","HD 117618 b(25.8 d,Radial Velocity)",,1,G0V,5974.0,7.17,37.82
HD119173,127,96,2959.8,,1.78,-0.03,17.6078,0.191,0.2950897122809335,0.89,1.61,False,365.76,0.898,,"{""CRX"": {""P"": 4.773, ""power"": 0.194, ""fap"": 0.24374277173874892, ""power_at_rvP"": 0.054}, ""dLW"": {""P"": 336.641, ""power"": 0.445, ""fap"": 1.207120704546447e-08, ""power_at_rvP"": 0.02}, ""Halpha"": {""P"": 3.186, ""power"": 0.144, ""fap"": 0.983092331657752, ""power_at_rvP"": 0.086}, ""FWHMDRS"": {""P"": 5000.0, ""power"": 0.566, ""fap"": 1.487245335206683e-13, ""power_at_rvP"": 0.02}, ""BIS"": {""P"": 1.922, ""power"": 0.17, ""fap"": 0.6528324546501449, ""power_at_rvP"": 0.012}}",,,0,G0V,5913.8,9.158,64.65
HD11964,187,99,5079.2,,7.61,-0.86,2018.8596,0.856,5.6802921573076476e-36,9.72,3.06,False,361.09,0.609,CRX,"{""CRX"": {""P"": 1941.681, ""power"": 0.337, ""fap"": 5.929578300689059e-05, ""power_at_rvP"": 0.327}, ""dLW"": {""P"": 5000.0, ""power"": 0.43, ""fap"": 5.223538173613093e-08, ""power_at_rvP"": 0.061}, ""Halpha"": {""P"": 1.881, ""power"": 0.177, ""fap"": 0.7073609877971904, ""power_at_rvP"": 0.004}, ""FWHMDRS"": {""P"": 345.144, ""power"": 0.561, ""fap"": 2.3032580406574875e-13, ""power_at_rvP"": 0.058}, ""BIS"": {""P"": 5000.0, ""power"": 0.348, ""fap"": 2.765358917553466e-05, ""power_at_rvP"": 0.229}}","HD 11964 c(37.91 d,Radial Velocity);HD 11964 b(1945.0 d,Radial Velocity)",HD 11964 b,2,G9VCN+1,,6.42,33.57
HD119949,107,83,3614.1,,2.3,0.27,29.1276,0.229,0.17965673994777,1.56,2.11,True,367.91,0.793,,"{""CRX"": {""P"": 2.342, ""power"": 0.201, ""fap"": 0.5779729718618375, ""power_at_rvP"": 0.021}, ""dLW"": {""P"": 5000.0, ""power"": 0.61, ""fap"": 7.221494319225722e-13, ""power_at_rvP"": 0.016}, ""Halpha"": {""P"": 9.139, ""power"": 0.21, ""fap"": 0.4359633597063841, ""power_at_rvP"": 0.001}, ""FWHMDRS"": {""P"": 5000.0, ""power"": 0.331, ""fap"": 0.0010024286750309134, ""power_at_rvP"": 0.018}, ""BIS"": {""P"": 2.536, ""power"": 0.176, ""fap"": 0.936649827155821, ""power_at_rvP"": 0.059}}",,,0,G5V,6177.7,8.16,78.58
HD12039,60,31,4736.0,,134.43,-22.43,1.4874,0.857,9.952304295109174e-08,116.48,58.76,False,4522.53,0.993,,"{""CRX"": {""P"": 3.215, ""power"": 0.625, ""fap"": 0.025948804982352688, ""power_at_rvP"": 0.418}, ""dLW"": {""P"": 2.179, ""power"": 0.458, ""fap"": 0.9629196486016464, ""power_at_rvP"": 0.042}, ""Halpha"": {""P"": 125.797, ""power"": 0.665, ""fap"": 0.005995477680332312, ""power_at_rvP"": 0.052}, ""FWHMDRS"": {""P"": 2.023, ""power"": 0.395, ""fap"": 0.9999985667641441, ""power_at_rvP"": 0.037}, ""BIS"": {""P"": 567.367, ""power"": 0.602, ""fap"": 0.05537123353807072, ""power_at_rvP"": 0.074}}",,,0,G4V,5826.0,8.057,41.41
HD121504,64,29,5215.9,,32.45,-1.85,63.3429,0.971,1.5019067003353903e-15,51.57,6.75,False,2274.52,0.967,,"{""CRX"": {""P"": 9.706, ""power"": 0.53, ""fap"": 0.7341206655536835, ""power_at_rvP"": 0.079}, ""dLW"": {""P"": 311.521, ""power"": 0.553, ""fap"": 0.5080262288739358, ""power_at_rvP"": 0.109}, ""Halpha"": {""P"": 4.385, ""power"": 0.496, ""fap"": 0.9524988779567427, ""power_at_rvP"": 0.065}, ""FWHMDRS"": {""P"": 3273.882, ""power"": 0.883, ""fap"": 4.729883634511436e-08, ""power_at_rvP"": 0.027}, ""BIS"": {""P"": 3493.139, ""power"": 0.764, ""fap"": 0.0002913457307062317, ""power_at_rvP"": 0.009}}","HD 121504 b(63.33 d,Radial Velocity)",HD 121504 b,1,G2V,,7.52,41.71
HD122194,59,52,1825.9,,1.7,0.57,29.2362,0.316,0.49267834654970805,1.27,1.36,True,15.74,0.683,,"{""CRX"": {""P"": 14.911, ""power"": 0.213, ""fap"": 0.999984886108387, ""power_at_rvP"": 0.146}, ""dLW"": {""P"": 15.686, ""power"": 0.205, ""fap"": 0.9999991877622513, ""power_at_rvP"": 0.081}, ""Halpha"": {""P"": 37.185, ""power"": 0.275, ""fap"": 0.8102773013612276, ""power_at_rvP"": 0.015}, ""FWHMDRS"": {""P"": 15.686, ""power"": 0.143, ""fap"": 1.0, ""power_at_rvP"": 0.05}, ""BIS"": {""P"": 36.262, ""power"": 0.443, ""fap"": 0.0033926155440676896, ""power_at_rvP"": 0.068}}",,,0,G3V,5579.0,9.36,99.89
HD123651,52,34,4790.8,,2.84,-0.12,8.5541,0.498,0.6466696789842825,2.33,2.37,False,4527.48,0.87,,"{""CRX"": {""P"": 15.17, ""power"": 0.528, ""fap"": 0.12920317148427357, ""power_at_rvP"": 0.02}, ""dLW"": {""P"": 1.701, ""power"": 0.338, ""fap"": 0.9999999758285624, ""power_at_rvP"": 0.151}, ""Halpha"": {""P"": 46.017, ""power"": 0.399, ""fap"": 0.9889989653645334, ""power_at_rvP"": 0.027}, ""FWHMDRS"": {""P"": 625.578, ""power"": 0.628, ""fap"": 0.004168346158073062, ""power_at_rvP"": 0.039}, ""BIS"": {""P"": 60.179, ""power"": 0.541, ""fap"": 0.0880170127453213, ""power_at_rvP"": 0.102}}",,,0,G0/1V,5993.6,8.19,49.88
HD125612B,75,67,3215.1,,75.3,31.54,3600.2339,0.527,4.2553324804433964e-07,127.27,54.88,False,4639.25,0.847,,"{""CRX"": {""P"": 1.29, ""power"": 0.24, ""fap"": 0.5619121827075738, ""power_at_rvP"": 0.026}, ""dLW"": {""P"": 559.817, ""power"": 0.276, ""fap"": 0.1739998406215638, ""power_at_rvP"": 0.007}, ""Halpha"": {""P"": 36.641, ""power"": 0.195, ""fap"": 0.9892899267438189, ""power_at_rvP"": 0.019}, ""FWHMDRS"": {""P"": 1.432, ""power"": 0.254, ""fap"": 0.37281278118794914, ""power_at_rvP"": 0.05}, ""BIS"": {""P"": 20.946, ""power"": 0.213, ""fap"": 0.9019520373498932, ""power_at_rvP"": 0.06}}","HD 125612 b(557.7 d,Radial Velocity);HD 125612 c(4.155 d,Radial Velocity);HD 125612 d(2822.727 d,Radial Velocity)",,3,M4,5867.0,,
HD125881,76,52,3354.9,,4.89,-0.29,41.2032,0.704,1.851471389191587e-09,5.77,2.97,False,361.86,0.918,,"{""CRX"": {""P"": 185.134, ""power"": 0.323, ""fap"": 0.4874338986418779, ""power_at_rvP"": 0.201}, ""dLW"": {""P"": 339.866, ""power"": 0.431, ""fap"": 0.011549670773834638, ""power_at_rvP"": 0.08}, ""Halpha"": {""P"": 256.661, ""power"": 0.346, ""fap"": 0.2573191067733332, ""power_at_rvP"": 0.012}, ""FWHMDRS"": {""P"": 345.11, ""power"": 0.645, ""fap"": 1.7142084104472328e-07, ""power_at_rvP"": 0.023}, ""BIS"": {""P"": 99.635, ""power"": 0.571, ""fap"": 1.5162218012230052e-05, ""power_at_rvP"": 0.043}}",,,0,G2V,,7.25,36.32
HD126793,106,87,3913.2,,1.95,0.14,2.0909,0.17,0.9507669305907501,0.99,1.76,False,357.93,0.79,,"{""CRX"": {""P"": 378.715, ""power"": 0.275, ""fap"": 0.01524756376814142, ""power_at_rvP"": 0.007}, ""dLW"": {""P"": 5000.0, ""power"": 0.737, ""fap"": 1.2919187284932926e-20, ""power_at_rvP"": 0.012}, ""Halpha"": {""P"": 41.46, ""power"": 0.224, ""fap"": 0.20739016901621374, ""power_at_rvP"": 0.005}, ""FWHMDRS"": {""P"": 5000.0, ""power"": 0.745, ""fap"": 3.739391806392956e-21, ""power_at_rvP"": 0.013}, ""BIS"": {""P"": 9.784, ""power"": 0.247, ""fap"": 0.06688624963895162, ""power_at_rvP"": 0.011}}",,,0,G0wF3/5,5940.6,8.24,60.87
HD126803,95,58,4911.6,,1.58,-0.08,54.0129,0.331,0.17772643170781244,1.21,1.36,False,3830.23,0.896,,"{""CRX"": {""P"": 41.141, ""power"": 0.253, ""fap"": 0.9493898614673435, ""power_at_rvP"": 0.119}, ""dLW"": {""P"": 14.241, ""power"": 0.3, ""fap"": 0.4090384174954552, ""power_at_rvP"": 0.214}, ""Halpha"": {""P"": 7.511, ""power"": 0.272, ""fap"": 0.7770308276256832, ""power_at_rvP"": 0.001}, ""FWHMDRS"": {""P"": 2919.52, ""power"": 0.599, ""fap"": 1.253416460326675e-07, ""power_at_rvP"": 0.232}, ""BIS"": {""P"": 3553.14, ""power"": 0.768, ""fap"": 2.988920350681694e-14, ""power_at_rvP"": 0.314}}",,,0,G5V,,8.94,50.77
HD129642,140,130,4913.7,,2.02,0.24,12.3524,0.205,0.014717543352423595,1.14,1.63,False,3553.57,0.951,,"{""CRX"": {""P"": 1.378, ""power"": 0.107, ""fap"": 0.9999637069679915, ""power_at_rvP"": 0.003}, ""dLW"": {""P"": 38.634, ""power"": 0.127, ""fap"": 0.928986342558987, ""power_at_rvP"": 0.007}, ""Halpha"": {""P"": 5000.0, ""power"": 0.334, ""fap"": 1.462153417731902e-07, ""power_at_rvP"": 0.002}, ""FWHMDRS"": {""P"": 2478.201, ""power"": 0.514, ""fap"": 3.8146467874476427e-16, ""power_at_rvP"": 0.057}, ""BIS"": {""P"": 2542.313, ""power"": 0.671, ""fap"": 7.516710921575332e-27, ""power_at_rvP"": 0.045}}",,,0,K2+V,,8.39,27.4
HD129956,54,42,4813.0,,5589.8,-259.15,383.1195,0.637,0.001073915366054366,10113.16,4688.87,False,369.87,0.78,,"{""CRX"": {""P"": 377.116, ""power"": 0.461, ""fap"": 0.07162408247392994, ""power_at_rvP"": 0.35}, ""dLW"": {""P"": 375.644, ""power"": 0.426, ""fap"": 0.21744403062679069, ""power_at_rvP"": 0.225}, ""Halpha"": {""P"": 5000.0, ""power"": 0.572, ""fap"": 0.0009362722310323383, ""power_at_rvP"": 0.24}, ""FWHMDRS"": {""P"": 1.457, ""power"": 0.316, ""fap"": 0.9999974477339392, ""power_at_rvP"": 0.038}, ""BIS"": {""P"": 29.534, ""power"": 0.256, ""fap"": 1.0, ""power_at_rvP"": 0.014}}",,,0,B9.5V,9675.0,5.665,176.8
HD13060,93,92,4702.1,,3.23,0.11,2781.5924,0.562,3.012207484156064e-12,3.28,2.15,False,369.06,0.867,,"{""CRX"": {""P"": 416.461, ""power"": 0.253, ""fap"": 0.02968556063231207, ""power_at_rvP"": 0.204}, ""dLW"": {""P"": 3949.934, ""power"": 0.673, ""fap"": 7.822849926249015e-18, ""power_at_rvP"": 0.543}, ""Halpha"": {""P"": 1224.353, ""power"": 0.294, ""fap"": 0.0027527664250481627, ""power_at_rvP"": 0.138}, ""FWHMDRS"": {""P"": 3507.91, ""power"": 0.697, ""fap"": 2.8041793153547034e-19, ""power_at_rvP"": 0.601}, ""BIS"": {""P"": 2423.214, ""power"": 0.48, ""fap"": 4.799498566152757e-09, ""power_at_rvP"": 0.419}}",,,0,K1V,5242.5,8.93,44.22
HD131653,91,55,4059.9,,1.69,0.11,1.3207,0.294,0.6112676934336514,1.2,1.42,False,368.67,0.908,,"{""CRX"": {""P"": 57.01, ""power"": 0.239, ""fap"": 0.9970123122074324, ""power_at_rvP"": 0.085}, ""dLW"": {""P"": 13.754, ""power"": 0.215, ""fap"": 0.9999943314204995, ""power_at_rvP"": 0.002}, ""Halpha"": {""P"": 29.772, ""power"": 0.291, ""fap"": 0.6538139172886375, ""power_at_rvP"": 0.015}, ""FWHMDRS"": {""P"": 5000.0, ""power"": 0.664, ""fap"": 8.734792148353256e-09, ""power_at_rvP"": 0.062}, ""BIS"": {""P"": 583.14, ""power"": 0.373, ""fap"": 0.05017287214856861, ""power_at_rvP"": 0.047}}",,,0,G8V,,9.5,57.45
HD131664,59,54,4707.1,,165.6,-28.31,1717.0034,0.716,7.191710538092213e-10,247.13,95.03,False,367.98,0.831,,"{""CRX"": {""P"": 1.586, ""power"": 0.368, ""fap"": 0.07500372402861487, ""power_at_rvP"": 0.112}, ""dLW"": {""P"": 21.175, ""power"": 0.291, ""fap"": 0.735795969231588, ""power_at_rvP"": 0.18}, ""Halpha"": {""P"": 8.235, ""power"": 0.288, ""fap"": 0.7645188073474659, ""power_at_rvP"": 0.005}, ""FWHMDRS"": {""P"": 1627.929, ""power"": 0.407, ""fap"": 0.01610141255021637, ""power_at_rvP"": 0.38}, ""BIS"": {""P"": 21.445, ""power"": 0.265, ""fap"": 0.9567499829808732, ""power_at_rvP"": 0.2}}",,,0,G3V,5800.2,8.13,52.89
HD132569,47,46,2658.7,,5.15,-0.8,4.2055,0.429,0.045847481467755365,4.61,4.25,False,4570.25,0.793,,"{""CRX"": {""P"": 3.768, ""power"": 0.267, ""fap"": 0.9981045274292857, ""power_at_rvP"": 0.082}, ""dLW"": {""P"": 1.67, ""power"": 0.304, ""fap"": 0.8857537034289716, ""power_at_rvP"": 0.068}, ""Halpha"": {""P"": 2853.45, ""power"": 0.633, ""fap"": 3.358653333168007e-06, ""power_at_rvP"": 0.062}, ""FWHMDRS"": {""P"": 5000.0, ""power"": 0.333, ""fap"": 0.6044649178025001, ""power_at_rvP"": 0.035}, ""BIS"": {""P"": 12.177, ""power"": 0.376, ""fap"": 0.20581369671133753, ""power_at_rvP"": 0.08}}",,,0,K1V,4992.7,9.72,48.28
HD13357,56,49,2199.9,,6.14,1.21,1222.15,0.43,0.03963551518436726,5.84,4.84,False,3999.89,0.731,,"{""CRX"": {""P"": 17.684, ""power"": 0.301, ""fap"": 0.5621450472934437, ""power_at_rvP"": 0.022}, ""dLW"": {""P"": 14.061, ""power"": 0.263, ""fap"": 0.9384953668338605, ""power_at_rvP"": 0.169}, ""Halpha"": {""P"": 17.885, ""power"": 0.228, ""fap"": 0.9995735736567681, ""power_at_rvP"": 0.008}, ""FWHMDRS"": {""P"": 19.054, ""power"": 0.243, ""fap"": 0.9931543180639393, ""power_at_rvP"": 0.153}, ""BIS"": {""P"": 4399.896, ""power"": 0.495, ""fap"": 0.0004386431441570751, ""power_at_rvP"": 0.062}}",,,0,G5IV,5709.0,7.65,32.88
HD133633,98,43,568.7,,1.23,-1.17,8.4932,0.315,0.5825071274752961,0.91,1.01,False,392.18,0.685,,"{""CRX"": {""P"": 2.049, ""power"": 0.166, ""fap"": 1.0, ""power_at_rvP"": 0.032}, ""dLW"": {""P"": 126.363, ""power"": 0.412, ""fap"": 0.006956252016761775, ""power_at_rvP"": 0.023}, ""Halpha"": {""P"": 392.176, ""power"": 0.348, ""fap"": 0.09540678683177577, ""power_at_rvP"": 0.034}, ""FWHMDRS"": {""P"": 406.183, ""power"": 0.367, ""fap"": 0.04585416872714175, ""power_at_rvP"": 0.062}, ""BIS"": {""P"": 406.183, ""power"": 0.425, ""fap"": 0.0038618635753106503, ""power_at_rvP"": 0.082}}",,,0,G5/8,,8.79,51.87
HD134060,332,155,4821.9,,3.64,-0.22,3.2696,0.585,2.624982780435907e-25,3.82,2.27,False,4753.54,0.509,,"{""CRX"": {""P"": 3813.629, ""power"": 0.148, ""fap"": 0.046763295341328386, ""power_at_rvP"": 0.034}, ""dLW"": {""P"": 5000.0, ""power"": 0.173, ""fap"": 0.005391600829919985, ""power_at_rvP"": 0.004}, ""Halpha"": {""P"": 121.107, ""power"": 0.232, ""fap"": 2.4567772363190894e-05, ""power_at_rvP"": 0.02}, ""FWHMDRS"": {""P"": 5000.0, ""power"": 0.498, ""fap"": 3.9300952235148034e-19, ""power_at_rvP"": 0.013}, ""BIS"": {""P"": 3534.111, ""power"": 0.184, ""fap"": 0.002012641975134037, ""power_at_rvP"": 0.025}}","HD 134060 c(1291.565 d,Radial Velocity);HD 134060 b(3.27 d,Radial Velocity)",HD 134060 b,2,G0VFe+0.4,5922.0,6.285,24.03
HD134088,128,81,4032.9,,1.43,-0.06,132.196,0.275,0.06134022124331945,1.02,1.27,False,369.76,0.801,,"{""CRX"": {""P"": 12.874, ""power"": 0.189, ""fap"": 0.8836147544083487, ""power_at_rvP"": 0.135}, ""dLW"": {""P"": 5000.0, ""power"": 0.14, ""fap"": 0.9999999762059273, ""power_at_rvP"": 0.037}, ""Halpha"": {""P"": 16.4, ""power"": 0.239, ""fap"": 0.18498554550852137, ""power_at_rvP"": 0.009}, ""FWHMDRS"": {""P"": 5000.0, ""power"": 0.652, ""fap"": 2.898474645172326e-14, ""power_at_rvP"": 0.013}, ""BIS"": {""P"": 1387.494, ""power"": 0.239, ""fap"": 0.1876190066629036, ""power_at_rvP"": 0.031}}",,,0,G2/3(V),,9.018,39.24
HD134606,290,219,4677.2,,3.4,-1.31,12.0922,0.295,6.588915782593827e-13,2.46,2.73,False,4746.3,0.683,,"{""CRX"": {""P"": 2619.608, ""power"": 0.188, ""fap"": 1.958687223809339e-06, ""power_at_rvP"": 0.004}, ""dLW"": {""P"": 5000.0, ""power"": 0.547, ""fap"": 1.7042520260714525e-33, ""power_at_rvP"": 0.007}, ""Halpha"": {""P"": 367.252, ""power"": 0.311, ""fap"": 5.4337290681588053e-14, ""power_at_rvP"": 0.003}, ""FWHMDRS"": {""P"": 5000.0, ""power"": 0.701, ""fap"": 8.9343054761037e-53, ""power_at_rvP"": 0.021}, ""BIS"": {""P"": 5000.0, ""power"": 0.202, ""fap"": 3.0894894043662456e-07, ""power_at_rvP"": 0.065}}","HD 134606 c(58.883 d,Radial Velocity);HD 134606 b(12.089 d,Radial Velocity);HD 134606 d(966.5 d,Radial Velocity);HD 134606 f(26.915 d,Radial Velocity);HD 134606 e(4.32 d,Radial Velocity)",HD 134606 b,5,G6IV,5586.5,6.854,26.81
HD134987,132,47,4454.0,,34.05,-4.78,260.5997,0.937,4.0773769369423008e-22,44.61,8.64,False,1862.94,0.852,BIS,"{""CRX"": {""P"": 316.083, ""power"": 0.451, ""fap"": 0.038433725820283086, ""power_at_rvP"": 0.114}, ""dLW"": {""P"": 5000.0, ""power"": 0.775, ""fap"": 2.439687717423468e-10, ""power_at_rvP"": 0.035}, ""Halpha"": {""P"": 365.346, ""power"": 0.62, ""fap"": 1.619857618420657e-05, ""power_at_rvP"": 0.101}, ""FWHMDRS"": {""P"": 2714.487, ""power"": 0.86, ""fap"": 9.990412629905042e-15, ""power_at_rvP"": 0.34}, ""BIS"": {""P"": 892.417, ""power"": 0.594, ""fap"": 6.870605322828241e-05, ""power_at_rvP"": 0.133}}","HD 134987 b(258.18 d,Radial Velocity);HD 134987 c(5000.0 d,Radial Velocity)",HD 134987 b,2,G6IV-V,,6.46,26.2
HD135625,83,74,5098.9,,15.31,1.49,3591.3159,0.866,2.773568632614158e-24,20.27,5.87,False,366.3,0.687,,"{""CRX"": {""P"": 6.738, ""power"": 0.253, ""fap"": 0.36617767646958893, ""power_at_rvP"": 0.026}, ""dLW"": {""P"": 5000.0, ""power"": 0.268, ""fap"": 0.2042260094371601, ""power_at_rvP"": 0.231}, ""Halpha"": {""P"": 1.803, ""power"": 0.31, ""fap"": 0.03111557894875944, ""power_at_rvP"": 0.139}, ""FWHMDRS"": {""P"": 5000.0, ""power"": 0.374, ""fap"": 0.0011495469435254216, ""power_at_rvP"": 0.009}, ""BIS"": {""P"": 1.307, ""power"": 0.285, ""fap"": 0.1000051577229455, ""power_at_rvP"": 0.117}}","HD 135625 b(4055.0 d,Radial Velocity)",,1,G3IV/V,5950.3,7.71,56.61
HD136352,648,220,4816.8,,2.63,-0.32,27.577,0.449,2.1259127529539888e-24,2.54,2.0,True,4753.29,0.617,,"{""CRX"": {""P"": 201.003, ""power"": 0.149, ""fap"": 0.000269258012964783, ""power_at_rvP"": 0.01}, ""dLW"": {""P"": 5000.0, ""power"": 0.564, ""fap"": 2.360867928401918e-35, ""power_at_rvP"": 0.009}, ""Halpha"": {""P"": 22.864, ""power"": 0.099, ""fap"": 0.09471470579237466, ""power_at_rvP"": 0.02}, ""FWHMDRS"": {""P"": 5000.0, ""power"": 0.635, ""fap"": 1.0023687975280119e-43, ""power_at_rvP"": 0.009}, ""BIS"": {""P"": 5000.0, ""power"": 0.161, ""fap"": 5.924836673945825e-05, ""power_at_rvP"": 0.003}}","HD 136352 c(27.592 d,Radial Velocity);HD 136352 b(11.578 d,Radial Velocity);HD 136352 d(107.245 d,Radial Velocity)",HD 136352 c,3,G3/5V,,5.65,14.69
HD137388,94,90,3234.3,,5.51,1.9,344.1772,0.544,2.0456234458868306e-11,6.46,3.73,False,4641.24,0.757,,"{""CRX"": {""P"": 1.736, ""power"": 0.089, ""fap"": 1.0, ""power_at_rvP"": 0.015}, ""dLW"": {""P"": 3415.775, ""power"": 0.331, ""fap"": 0.000161740253319858, ""power_at_rvP"": 0.037}, ""Halpha"": {""P"": 94.992, ""power"": 0.106, ""fap"": 0.9999999999999786, ""power_at_rvP"": 0.017}, ""FWHMDRS"": {""P"": 195.456, ""power"": 0.083, ""fap"": 1.0, ""power_at_rvP"": 0.006}, ""BIS"": {""P"": 34.946, ""power"": 0.134, ""fap"": 0.9998336362833502, ""power_at_rvP"": 0.0}}","HD 137388 b(330.0 d,Radial Velocity)",HD 137388 b,1,K2IV,5197.5,8.7,40.53
HD13808,253,231,4437.9,,3.78,-0.46,14.1744,0.406,6.2609535808413e-22,3.55,2.94,False,365.63,0.69,,"{""CRX"": {""P"": 2178.004, ""power"": 0.235, ""fap"": 9.425294331254461e-10, ""power_at_rvP"": 0.002}, ""dLW"": {""P"": 2886.268, ""power"": 0.703, ""fap"": 3.5164301645513615e-56, ""power_at_rvP"": 0.001}, ""Halpha"": {""P"": 3198.283, ""power"": 0.413, ""fap"": 1.0623866161226897e-22, ""power_at_rvP"": 0.005}, ""FWHMDRS"": {""P"": 373.317, ""power"": 0.044, ""fap"": 1.0, ""power_at_rvP"": 0.011}, ""BIS"": {""P"": 373.317, ""power"": 0.045, ""fap"": 0.9999999999999997, ""power_at_rvP"": 0.01}}","HD 13808 c(53.753 d,Radial Velocity);HD 13808 b(14.182 d,Radial Velocity)",HD 13808 b,2,K2V,5085.8,8.38,28.25
HD139211,1517,26,1919.7,,2.4,-0.26,44.9039,0.634,0.023976127060428776,4.76,1.65,False,1476.67,0.986,FWHMDRS;BIS,"{""CRX"": {""P"": 37.347, ""power"": 0.515, ""fap"": 0.840151052296141, ""power_at_rvP"": 0.198}, ""dLW"": {""P"": 34.903, ""power"": 0.831, ""fap"": 2.1672392583045203e-05, ""power_at_rvP"": 0.403}, ""Halpha"": {""P"": 25.941, ""power"": 0.484, ""fap"": 0.9700417335356748, ""power_at_rvP"": 0.346}, ""FWHMDRS"": {""P"": 38.088, ""power"": 0.986, ""fap"": 2.6742491923513987e-17, ""power_at_rvP"": 0.013}, ""BIS"": {""P"": 38.088, ""power"": 0.984, ""fap"": 9.215407611816045e-17, ""power_at_rvP"": 0.017}}",,,0,F6IV,6335.5,5.95,30.59
HD141624,90,51,4464.9,,2.16,0.04,44.2745,0.351,0.5958271733830003,1.68,1.72,False,3324.59,0.786,,"{""CRX"": {""P"": 1.78, ""power"": 0.207, ""fap"": 0.999999999999752, ""power_at_rvP"": 0.061}, ""dLW"": {""P"": 43.711, ""power"": 0.336, ""fap"": 0.4083476808292715, ""power_at_rvP"": 0.208}, ""Halpha"": {""P"": 361.726, ""power"": 0.494, ""fap"": 0.0009436055242373791, ""power_at_rvP"": 0.044}, ""FWHMDRS"": {""P"": 411.767, ""power"": 0.384, ""fap"": 0.08820497714167351, ""power_at_rvP"": 0.005}, ""BIS"": {""P"": 26.172, ""power"": 0.515, ""fap"": 0.0003394611589555632, ""power_at_rvP"": 0.0}}",,,0,F8/G0V,5915.3,8.19,53.12
HD142331,47,46,2844.3,,2.02,0.21,1.7528,0.363,0.3806919464761066,1.32,1.61,False,36.95,0.807,,"{""CRX"": {""P"": 50.818, ""power"": 0.485, ""fap"": 0.004593532544253449, ""power_at_rvP"": 0.015}, ""dLW"": {""P"": 177.001, ""power"": 0.389, ""fap"": 0.15163109841500635, ""power_at_rvP"": 0.049}, ""Halpha"": {""P"": 2.969, ""power"": 0.327, ""fap"": 0.6982505693106988, ""power_at_rvP"": 0.096}, ""FWHMDRS"": {""P"": 177.554, ""power"": 0.373, ""fap"": 0.240177070558931, ""power_at_rvP"": 0.06}, ""BIS"": {""P"": 36.246, ""power"": 0.666, ""fap"": 4.922071367669478e-07, ""power_at_rvP"": 0.023}}",,,0,G5V,5692.2,8.75,60.84
HD143361,55,48,2680.7,,40.26,-0.68,1036.5529,0.953,6.020473761648215e-26,77.71,8.95,False,2587.18,0.705,,"{""CRX"": {""P"": 1.87, ""power"": 0.284, ""fap"": 0.9807518152701089, ""power_at_rvP"": 0.082}, ""dLW"": {""P"": 31.413, ""power"": 0.256, ""fap"": 0.9998581155665147, ""power_at_rvP"": 0.095}, ""Halpha"": {""P"": 14.29, ""power"": 0.389, ""fap"": 0.13337707257991765, ""power_at_rvP"": 0.011}, ""FWHMDRS"": {""P"": 3641.549, ""power"": 0.631, ""fap"": 2.6881012245004583e-06, ""power_at_rvP"": 0.327}, ""BIS"": {""P"": 1.333, ""power"": 0.321, ""fap"": 0.7324923012313941, ""power_at_rvP"": 0.032}}","HD 143361 b(1039.15 d,Radial Velocity)",HD 143361 b,1,G6V,5470.0,9.16,68.65
HD144589,40,36,2978.9,,4.19,25.21,53.6764,0.423,0.6118642416157928,4.57,3.34,False,745.49,0.834,,"{""CRX"": {""P"": 29.12, ""power"": 0.452, ""fap"": 0.2404053703027806, ""power_at_rvP"": 0.113}, ""dLW"": {""P"": 73.018, ""power"": 0.461, ""fap"": 0.18839384667295747, ""power_at_rvP"": 0.267}, ""Halpha"": {""P"": 52.036, ""power"": 0.368, ""fap"": 0.9412019187923631, ""power_at_rvP"": 0.146}, ""FWHMDRS"": {""P"": 41.928, ""power"": 0.455, ""fap"": 0.22495114914691514, ""power_at_rvP"": 0.206}, ""BIS"": {""P"": 41.928, ""power"": 0.217, ""fap"": 1.0, ""power_at_rvP"": 0.093}}",,,0,G8/K1(III)+(F),6085.0,9.8,227.84
HD145377,99,74,2122.2,,142.18,-28.56,103.7722,0.842,5.609231825410726e-25,203.48,60.2,False,3858.54,0.914,,"{""CRX"": {""P"": 6.782, ""power"": 0.184, ""fap"": 0.9190801510860047, ""power_at_rvP"": 0.009}, ""dLW"": {""P"": 30.36, ""power"": 0.171, ""fap"": 0.9857649887416644, ""power_at_rvP"": 0.055}, ""Halpha"": {""P"": 30.425, ""power"": 0.278, ""fap"": 0.04268796085717958, ""power_at_rvP"": 0.013}, ""FWHMDRS"": {""P"": 30.295, ""power"": 0.279, ""fap"": 0.0399296130407338, ""power_at_rvP"": 0.006}, ""BIS"": {""P"": 9.499, ""power"": 0.176, ""fap"": 0.9665667801032664, ""power_at_rvP"": 0.075}}","HD 145377 b(103.95 d,Radial Velocity)",HD 145377 b,1,G3V,5885.9,8.1,53.57
HD145598,41,39,2107.2,,1.48,-0.41,1.3364,0.33,0.9627407653198009,1.22,1.21,False,345.42,0.965,,"{""CRX"": {""P"": 96.214, ""power"": 0.332, ""fap"": 0.966135659970377, ""power_at_rvP"": 0.001}, ""dLW"": {""P"": 321.693, ""power"": 0.555, ""fap"": 0.0035266078538093424, ""power_at_rvP"": 0.019}, ""Halpha"": {""P"": 175.59, ""power"": 0.455, ""fap"": 0.10452575386671835, ""power_at_rvP"": 0.073}, ""FWHMDRS"": {""P"": 4214.396, ""power"": 0.398, ""fap"": 0.4457908833822114, ""power_at_rvP"": 0.016}, ""BIS"": {""P"": 19.794, ""power"": 0.376, ""fap"": 0.6571838451179663, ""power_at_rvP"": 0.029}}",,,0,G8VFe-1.6CH-1.2,,8.66,43.08
HD145927,48,45,4301.1,,2.85,-0.03,20.5239,0.517,0.003511367909436852,1.8,1.59,False,4056.78,0.808,,"{""CRX"": {""P"": 26.442, ""power"": 0.23, ""fap"": 0.9999999975659222, ""power_at_rvP"": 0.052}, ""dLW"": {""P"": 409.221, ""power"": 0.38, ""fap"": 0.21281761702150956, ""power_at_rvP"": 0.031}, ""Halpha"": {""P"": 405.364, ""power"": 0.263, ""fap"": 0.9997644129482167, ""power_at_rvP"": 0.052}, ""FWHMDRS"": {""P"": 176.558, ""power"": 0.244, ""fap"": 0.9999988564396626, ""power_at_rvP"": 0.083}, ""BIS"": {""P"": 165.041, ""power"": 0.392, ""fap"": 0.150042537518153, ""power_at_rvP"": 0.09}}",,,0,G3V,5837.4,8.37,57.07
HD1461,464,252,5035.1,,2.86,-0.32,5.7724,0.381,3.794833727763948e-22,2.34,2.31,False,364.67,0.781,,"{""CRX"": {""P"": 2447.746, ""power"": 0.188, ""fap"": 9.0591245885012e-08, ""power_at_rvP"": 0.0}, ""dLW"": {""P"": 5000.0, ""power"": 0.466, ""fap"": 3.617352730833241e-30, ""power_at_rvP"": 0.0}, ""Halpha"": {""P"": 3455.737, ""power"": 0.119, ""fap"": 0.0017648937677015087, ""power_at_rvP"": 0.009}, ""FWHMDRS"": {""P"": 5000.0, ""power"": 0.27, ""fap"": 1.8451709677171627e-13, ""power_at_rvP"": 0.01}, ""BIS"": {""P"": 3710.396, ""power"": 0.208, ""fap"": 3.8633891413205224e-09, ""power_at_rvP"": 0.007}}","HD 1461 b(5.772 d,Radial Velocity);HD 1461 c(13.505 d,Radial Velocity)",HD 1461 b,2,G3VFe0.5,,6.46,23.47
HD147518,40,31,4062.8,,1.97,0.2,16.836,0.607,0.06539681799950431,2.3,1.28,False,363.96,0.925,BIS,"{""CRX"": {""P"": 1.905, ""power"": 0.379, ""fap"": 0.9999996101201785, ""power_at_rvP"": 0.119}, ""dLW"": {""P"": 76.71, ""power"": 0.515, ""fap"": 0.45940479239990606, ""power_at_rvP"": 0.003}, ""Halpha"": {""P"": 15.227, ""power"": 0.679, ""fap"": 0.0026320083504268554, ""power_at_rvP"": 0.003}, ""FWHMDRS"": {""P"": 692.998, ""power"": 0.903, ""fap"": 3.049078565166128e-10, ""power_at_rvP"": 0.036}, ""BIS"": {""P"": 38.107, ""power"": 0.716, ""fap"": 0.000529849898889682, ""power_at_rvP"": 0.149}}",,,0,G3/5V(w),5687.5,9.38,72.29
HD148156,57,54,4673.0,,13.9,0.94,1078.0517,0.794,1.9307952031908275e-11,14.84,6.54,False,4746.08,0.633,,"{""CRX"": {""P"": 1.652, ""power"": 0.268, ""fap"": 0.9523654933356972, ""power_at_rvP"": 0.008}, ""dLW"": {""P"": 3.298, ""power"": 0.241, ""fap"": 0.9992931104632854, ""power_at_rvP"": 0.047}, ""Halpha"": {""P"": 421.568, ""power"": 0.307, ""fap"": 0.5625842378592959, ""power_at_rvP"": 0.048}, ""FWHMDRS"": {""P"": 2.096, ""power"": 0.325, ""fap"": 0.35606167417545914, ""power_at_rvP"": 0.01}, ""BIS"": {""P"": 1.462, ""power"": 0.247, ""fap"": 0.9975593731140002, ""power_at_rvP"": 0.082}}","HD 148156 b(1027.0 d,Radial Velocity)",HD 148156 b,1,G0/2V,6213.3,7.69,57.22
HD148211,77,71,3949.1,,2.2,0.07,12.0474,0.25,0.37539059591891266,1.41,1.86,False,371.15,0.627,,"{""CRX"": {""P"": 4.244, ""power"": 0.271, ""fap"": 0.16426416943663397, ""power_at_rvP"": 0.037}, ""dLW"": {""P"": 5000.0, ""power"": 0.456, ""fap"": 1.2971473539118435e-05, ""power_at_rvP"": 0.001}, ""Halpha"": {""P"": 1.358, ""power"": 0.222, ""fap"": 0.7722951050409668, ""power_at_rvP"": 0.006}, ""FWHMDRS"": {""P"": 4438.077, ""power"": 0.347, ""fap"": 0.0051112043465460525, ""power_at_rvP"": 0.013}, ""BIS"": {""P"": 3.182, ""power"": 0.255, ""fap"": 0.3051397514439132, ""power_at_rvP"": 0.034}}",,,0,F8/G0V,,7.69,52.68
HD149396,117,104,4249.3,,8.62,-0.94,20.0012,0.237,0.01292338053854706,5.83,7.79,False,4722.18,0.7,,"{""CRX"": {""P"": 2.606, ""power"": 0.16, ""fap"": 0.66590013066784, ""power_at_rvP"": 0.002}, ""dLW"": {""P"": 27.773, ""power"": 0.284, ""fap"": 0.0004871434382798294, ""power_at_rvP"": 0.145}, ""Halpha"": {""P"": 5000.0, ""power"": 0.154, ""fap"": 0.7770764289475949, ""power_at_rvP"": 0.006}, ""FWHMDRS"": {""P"": 3541.487, ""power"": 0.265, ""fap"": 0.0016917723549979766, ""power_at_rvP"": 0.1}, ""BIS"": {""P"": 319.497, ""power"": 0.254, ""fap"": 0.0036363173541569343, ""power_at_rvP"": 0.044}}",,,0,G5IV/V,5663.8,8.51,50.65
HD14943,77,33,1543.7,,513.34,-447.11,395.8176,0.865,6.493172889003011e-10,1255.44,237.01,False,54.55,0.942,,"{""CRX"": {""P"": 339.272, ""power"": 0.74, ""fap"": 9.397619976648919e-06, ""power_at_rvP"": 0.309}, ""dLW"": {""P"": 18.999, ""power"": 0.569, ""fap"": 0.01231368895422383, ""power_at_rvP"": 0.04}, ""Halpha"": {""P"": 77.378, ""power"": 0.477, ""fap"": 0.16969170349988272, ""power_at_rvP"": 0.307}, ""FWHMDRS"": {""P"": 217.42, ""power"": 0.894, ""fap"": 2.398685952409214e-11, ""power_at_rvP"": 0.35}, ""BIS"": {""P"": 1.863, ""power"": 0.138, ""fap"": 1.0, ""power_at_rvP"": 0.037}}",,,0,A5V,,5.898,61.71
HD150139,41,41,4653.1,,13.41,-4.46,3.533,0.358,0.9565565020123654,2.85,5.15,False,361.24,0.634,,"{""CRX"": {""P"": 69.159, ""power"": 0.362, ""fap"": 0.9240918988350627, ""power_at_rvP"": 0.019}, ""dLW"": {""P"": 3.06, ""power"": 0.296, ""fap"": 0.9999994042943174, ""power_at_rvP"": 0.032}, ""Halpha"": {""P"": 1.364, ""power"": 0.351, ""fap"": 0.9677933017489503, ""power_at_rvP"": 0.026}, ""FWHMDRS"": {""P"": 1.227, ""power"": 0.398, ""fap"": 0.6024997512022268, ""power_at_rvP"": 0.029}, ""BIS"": {""P"": 1.412, ""power"": 0.299, ""fap"": 0.9999981051646311, ""power_at_rvP"": 0.106}}",,,0,F8V,6081.1,7.6,51.9
HD150177,60,38,3322.8,,3.09,-0.47,1.9181,0.388,0.8582186542706048,2.48,2.73,False,358.65,0.902,,"{""CRX"": {""P"": 180.933, ""power"": 0.546, ""fap"": 0.015230186810979093, ""power_at_rvP"": 0.026}, ""dLW"": {""P"": 3275.1, ""power"": 0.61, ""fap"": 0.0012390321575647485, ""power_at_rvP"": 0.042}, ""Halpha"": {""P"": 1.426, ""power"": 0.368, ""fap"": 0.9685525982725564, ""power_at_rvP"": 0.013}, ""FWHMDRS"": {""P"": 328.513, ""power"": 0.473, ""fap"": 0.16578907105885113, ""power_at_rvP"": 0.038}, ""BIS"": {""P"": 239.658, ""power"": 0.359, ""fap"": 0.9873280086957795, ""power_at_rvP"": 0.005}}",,,0,F6V,6214.2,6.332,43.25
HD15318,53,30,3357.9,,2852.64,302.43,366.1106,0.801,5.552685731415506e-06,6681.33,2326.81,True,370.15,0.86,CRX;Halpha,"{""CRX"": {""P"": 364.126, ""power"": 0.717, ""fap"": 0.0007743480778016082, ""power_at_rvP"": 0.714}, ""dLW"": {""P"": 398.715, ""power"": 0.587, ""fap"": 0.09003125131555914, ""power_at_rvP"": 0.36}, ""Halpha"": {""P"": 370.146, ""power"": 0.667, ""fap"": 0.006206611079231118, ""power_at_rvP"": 0.608}, ""FWHMDRS"": {""P"": 6.845, ""power"": 0.4, ""fap"": 0.9999999486197193, ""power_at_rvP"": 0.277}, ""BIS"": {""P"": 1.217, ""power"": 0.21, ""fap"": 1.0, ""power_at_rvP"": 0.029}}",,,0,B9III,9164.0,4.3,60.36
HD153363,87,25,1995.3,,151.81,86.0,3990.5361,0.688,0.022286891470399656,342.75,101.18,False,287.08,0.965,,"{""CRX"": {""P"": 2216.921, ""power"": 0.65, ""fap"": 0.07614915633577568, ""power_at_rvP"": 0.547}, ""dLW"": {""P"": 5.879, ""power"": 0.666, ""fap"": 0.04890932251671744, ""power_at_rvP"": 0.083}, ""Halpha"": {""P"": 127.488, ""power"": 0.614, ""fap"": 0.19417116599085088, ""power_at_rvP"": 0.133}, ""FWHMDRS"": {""P"": 6.131, ""power"": 0.644, ""fap"": 0.08994549590550016, ""power_at_rvP"": 0.059}, ""BIS"": {""P"": 1.364, ""power"": 0.402, ""fap"": 0.9999999744969393, ""power_at_rvP"": 0.205}}",,,0,F3V,6621.5,5.731,33.98
HD15337,86,84,5014.2,,24.69,1.0,4.7561,0.296,0.011669397650932965,2.81,3.01,False,2635.1,0.705,,"{""CRX"": {""P"": 4.594, ""power"": 0.091, ""fap"": 1.0, ""power_at_rvP"": 0.005}, ""dLW"": {""P"": 18.598, ""power"": 0.224, ""fap"": 0.3564316593569071, ""power_at_rvP"": 0.002}, ""Halpha"": {""P"": 5000.0, ""power"": 0.458, ""fap"": 2.933485734856951e-07, ""power_at_rvP"": 0.003}, ""FWHMDRS"": {""P"": 1788.958, ""power"": 0.524, ""fap"": 1.6988292916672524e-09, ""power_at_rvP"": 0.02}, ""BIS"": {""P"": 1821.451, ""power"": 0.632, ""fap"": 5.6806297927818556e-14, ""power_at_rvP"": 0.01}}","HD 15337 b(4.756 d,Transit);HD 15337 c(17.181 d,Transit)",HD 15337 b,2,K1V,5165.5,9.09,44.87
HD153950,63,62,3352.8,,40.1,4.72,498.8823,0.847,2.0432157716684403e-20,59.12,15.41,False,2360.18,0.84,,"{""CRX"": {""P"": 10.935, ""power"": 0.232, ""fap"": 0.879677455062766, ""power_at_rvP"": 0.015}, ""dLW"": {""P"": 2.871, ""power"": 0.259, ""fap"": 0.5393663863157165, ""power_at_rvP"": 0.077}, ""Halpha"": {""P"": 2.55, ""power"": 0.328, ""fap"": 0.05041209619211009, ""power_at_rvP"": 0.026}, ""FWHMDRS"": {""P"": 4.285, ""power"": 0.283, ""fap"": 0.2747960492308519, ""power_at_rvP"": 0.069}, ""BIS"": {""P"": 1.889, ""power"": 0.214, ""fap"": 0.9801263078613539, ""power_at_rvP"": 0.025}}","HD 153950 b(499.4 d,Radial Velocity)",HD 153950 b,1,F8V,5988.2,7.38,48.52
HD154088,272,179,4143.7,,2.05,0.58,18.5748,0.275,6.729117375030021e-09,1.43,1.76,False,4715.5,0.72,,"{""CRX"": {""P"": 386.219, ""power"": 0.416, ""fap"": 3.274419318840125e-17, ""power_at_rvP"": 0.006}, ""dLW"": {""P"": 5000.0, ""power"": 0.757, ""fap"": 1.3926325011940015e-50, ""power_at_rvP"": 0.03}, ""Halpha"": {""P"": 353.289, ""power"": 0.324, ""fap"": 1.280457301137696e-11, ""power_at_rvP"": 0.01}, ""FWHMDRS"": {""P"": 5000.0, ""power"": 0.087, ""fap"": 0.855286145007165, ""power_at_rvP"": 0.014}, ""BIS"": {""P"": 5000.0, ""power"": 0.114, ""fap"": 0.14573354647265535, ""power_at_rvP"": 0.001}}","HD 154088 b(18.56 d,Radial Velocity)",HD 154088 b,1,K0IV-V,,6.584,18.28
HD156079,43,41,2580.9,,3.43,-0.93,1.7125,0.347,0.8324003303153685,2.92,2.77,False,4558.44,0.82,,"{""CRX"": {""P"": 1.441, ""power"": 0.374, ""fap"": 0.5640212650042451, ""power_at_rvP"": 0.027}, ""dLW"": {""P"": 5000.0, ""power"": 0.433, ""fap"": 0.13187196906429396, ""power_at_rvP"": 0.01}, ""Halpha"": {""P"": 2.167, ""power"": 0.325, ""fap"": 0.9560962211726622, ""power_at_rvP"": 0.02}, ""FWHMDRS"": {""P"": 5000.0, ""power"": 0.479, ""fap"": 0.030894479701482715, ""power_at_rvP"": 0.008}, ""BIS"": {""P"": 158.664, ""power"": 0.438, ""fap"": 0.11538918252307376, ""power_at_rvP"": 0.088}}",,,0,G3V,5832.3,7.53,57.32
HD156098,61,60,4723.0,,15.13,-1.08,5000.0,0.82,1.0608550865072695e-10,23.19,7.59,False,362.06,0.832,,"{""CRX"": {""P"": 1.806, ""power"": 0.221, ""fap"": 0.9999091525600036, ""power_at_rvP"": 0.012}, ""dLW"": {""P"": 3.896, ""power"": 0.329, ""fap"": 0.16043626969796415, ""power_at_rvP"": 0.052}, ""Halpha"": {""P"": 32.439, ""power"": 0.226, ""fap"": 0.9995750329564169, ""power_at_rvP"": 0.01}, ""FWHMDRS"": {""P"": 4.011, ""power"": 0.226, ""fap"": 0.9995849886648748, ""power_at_rvP"": 0.024}, ""BIS"": {""P"": 1.852, ""power"": 0.256, ""fap"": 0.9348096408474678, ""power_at_rvP"": 0.0}}","HD 156098 c(7841.584 d,Radial Velocity);HD 156098 b(21.858 d,Radial Velocity)",,2,F6V,6273.0,5.526,48.31
HD15612,44,44,3784.7,,11.62,-0.52,11.6735,0.53,0.0039009749583232937,12.78,8.2,False,3135.76,0.886,,"{""CRX"": {""P"": 1.659, ""power"": 0.361, ""fap"": 0.7602670310230694, ""power_at_rvP"": 0.047}, ""dLW"": {""P"": 21.06, ""power"": 0.387, ""fap"": 0.4804943344937887, ""power_at_rvP"": 0.032}, ""Halpha"": {""P"": 21.484, ""power"": 0.395, ""fap"": 0.3936843435020949, ""power_at_rvP"": 0.02}, ""FWHMDRS"": {""P"": 17.598, ""power"": 0.46, ""fap"": 0.05401967147041577, ""power_at_rvP"": 0.08}, ""BIS"": {""P"": 9.237, ""power"": 0.417, ""fap"": 0.21856183694232978, ""power_at_rvP"": 0.276}}",,,0,G8/K0V,5202.0,9.44,52.91
HD156411,65,55,2932.1,,11.73,-0.3,865.8025,0.925,1.395205884430806e-25,13.59,3.72,False,4607.16,0.837,,"{""CRX"": {""P"": 1.825, ""power"": 0.31, ""fap"": 0.28856318877875003, ""power_at_rvP"": 0.018}, ""dLW"": {""P"": 4.414, ""power"": 0.279, ""fap"": 0.6278469918996965, ""power_at_rvP"": 0.005}, ""Halpha"": {""P"": 2.377, ""power"": 0.332, ""fap"": 0.14257433084681462, ""power_at_rvP"": 0.024}, ""FWHMDRS"": {""P"": 27.013, ""power"": 0.253, ""fap"": 0.9035377163914854, ""power_at_rvP"": 0.086}, ""BIS"": {""P"": 9.772, ""power"": 0.24, ""fap"": 0.9712835460806029, ""power_at_rvP"": 0.023}}","HD 156411 b(842.2 d,Radial Velocity)",HD 156411 b,1,G1V(w),5908.0,6.67,56.96
HD157172,128,123,4241.3,,4.2,0.35,105.1153,0.704,1.767436984683296e-27,4.82,2.26,False,361.01,0.57,,"{""CRX"": {""P"": 4248.68, ""power"": 0.562, ""fap"": 7.258190261690846e-18, ""power_at_rvP"": 0.017}, ""dLW"": {""P"": 4248.68, ""power"": 0.87, ""fap"": 3.7869315107825084e-49, ""power_at_rvP"": 0.03}, ""Halpha"": {""P"": 1.902, ""power"": 0.14, ""fap"": 0.6427420973238155, ""power_at_rvP"": 0.002}, ""FWHMDRS"": {""P"": 5000.0, ""power"": 0.668, ""fap"": 5.373442044073335e-25, ""power_at_rvP"": 0.023}, ""BIS"": {""P"": 2739.374, ""power"": 0.476, ""fap"": 2.8227071138216075e-13, ""power_at_rvP"": 0.004}}",,,0,G8.5V,5466.0,7.86,33.03
HD157347,200,85,3998.0,,1.97,-0.23,22.3723,0.287,0.009633192633035277,1.43,1.72,False,4705.74,0.779,,"{""CRX"": {""P"": 21.086, ""power"": 0.181, ""fap"": 0.7593493071955664, ""power_at_rvP"": 0.138}, ""dLW"": {""P"": 403.847, ""power"": 0.103, ""fap"": 1.0, ""power_at_rvP"": 0.031}, ""Halpha"": {""P"": 99.452, ""power"": 0.21, ""fap"": 0.2857747489857886, ""power_at_rvP"": 0.028}, ""FWHMDRS"": {""P"": 1.212, ""power"": 0.086, ""fap"": 1.0, ""power_at_rvP"": 0.012}, ""BIS"": {""P"": 3199.401, ""power"": 0.401, ""fap"": 4.726412594433551e-06, ""power_at_rvP"": 0.015}}",,,0,G3V,5713.0,6.278,19.66
HD157830,67,63,3023.8,,4.0,0.47,51.6831,0.302,0.13973345397902975,3.24,3.38,False,4618.17,0.707,,"{""CRX"": {""P"": 4.453, ""power"": 0.267, ""fap"": 0.4601059878183351, ""power_at_rvP"": 0.022}, ""dLW"": {""P"": 1884.233, ""power"": 0.612, ""fap"": 6.641309250786958e-09, ""power_at_rvP"": 0.077}, ""Halpha"": {""P"": 1773.704, ""power"": 0.548, ""fap"": 5.687012521460155e-07, ""power_at_rvP"": 0.109}, ""FWHMDRS"": {""P"": 1944.829, ""power"": 0.588, ""fap"": 3.922118613618538e-08, ""power_at_rvP"": 0.115}, ""BIS"": {""P"": 24.652, ""power"": 0.382, ""fap"": 0.004738215818601353, ""power_at_rvP"": 0.002}}",,,0,G6V,5598.0,7.9,31.11
HD16008,80,79,5214.8,,6.89,0.68,3379.7317,0.783,4.79770528241744e-10,12.05,3.06,False,4771.26,0.592,,"{""CRX"": {""P"": 29.438, ""power"": 0.238, ""fap"": 0.29757050478602065, ""power_at_rvP"": 0.094}, ""dLW"": {""P"": 5000.0, ""power"": 0.471, ""fap"": 5.592275964631163e-07, ""power_at_rvP"": 0.305}, ""Halpha"": {""P"": 372.671, ""power"": 0.335, ""fap"": 0.00250771669074653, ""power_at_rvP"": 0.009}, ""FWHMDRS"": {""P"": 5000.0, ""power"": 0.467, ""fap"": 7.166031118020882e-07, ""power_at_rvP"": 0.35}, ""BIS"": {""P"": 5000.0, ""power"": 0.583, ""fap"": 8.578209145880914e-11, ""power_at_rvP"": 0.412}}",,,0,G5V,5768.8,8.58,53.99
HD161098,155,153,4172.7,,2.19,-0.25,1910.0654,0.22,0.0007242671663984052,1.53,1.87,False,364.91,0.645,,"{""CRX"": {""P"": 24.965, ""power"": 0.107, ""fap"": 0.871518845767165, ""power_at_rvP"": 0.038}, ""dLW"": {""P"": 4238.201, ""power"": 0.594, ""fap"": 1.4369933004852465e-25, ""power_at_rvP"": 0.139}, ""Halpha"": {""P"": 184.345, ""power"": 0.159, ""fap"": 0.028339063855783928, ""power_at_rvP"": 0.007}, ""FWHMDRS"": {""P"": 5000.0, ""power"": 0.787, ""fap"": 2.5302850160736997e-46, ""power_at_rvP"": 0.291}, ""BIS"": {""P"": 5000.0, ""power"": 0.53, ""fap"": 7.626365850092966e-21, ""power_at_rvP"": 0.275}}",,,0,G8V,,7.67,29.81
HD161566,57,56,4338.1,,3.89,-0.17,3.1652,0.332,0.2521373298552732,2.94,3.42,False,365.53,0.742,,"{""CRX"": {""P"": 3.545, ""power"": 0.237, ""fap"": 0.9954933900980473, ""power_at_rvP"": 0.006}, ""dLW"": {""P"": 4.191, ""power"": 0.267, ""fap"": 0.8650609956926009, ""power_at_rvP"": 0.033}, ""Halpha"": {""P"": 1.366, ""power"": 0.316, ""fap"": 0.3083010591765385, ""power_at_rvP"": 0.002}, ""FWHMDRS"": {""P"": 4.797, ""power"": 0.335, ""fap"": 0.16707212612420838, ""power_at_rvP"": 0.145}, ""BIS"": {""P"": 1.456, ""power"": 0.286, ""fap"": 0.6550487293489573, ""power_at_rvP"": 0.198}}",,,0,F6V,6152.0,6.78,57.42
HD162396,74,29,1535.8,,1.61,-1.21,1.4959,0.493,0.5133278341972226,1.38,1.4,False,361.34,0.889,,"{""CRX"": {""P"": 17.14, ""power"": 0.497, ""fap"": 0.5256274384657007, ""power_at_rvP"": 0.032}, ""dLW"": {""P"": 51.707, ""power"": 0.524, ""fap"": 0.3205206427212248, ""power_at_rvP"": 0.055}, ""Halpha"": {""P"": 1.398, ""power"": 0.482, ""fap"": 0.6533782798515912, ""power_at_rvP"": 0.075}, ""FWHMDRS"": {""P"": 284.391, ""power"": 0.563, ""fap"": 0.12844908915169814, ""power_at_rvP"": 0.033}, ""BIS"": {""P"": 1181.339, ""power"": 0.61, ""fap"": 0.034098879593837936, ""power_at_rvP"": 0.032}}",,,0,F9VFe-0.7CH-0.4,6101.0,6.2,31.98
HD16280,68,64,5216.8,,5.88,-0.38,327.2055,0.379,0.011641032776300521,4.64,4.54,False,364.98,0.577,,"{""CRX"": {""P"": 1.501, ""power"": 0.24, ""fap"": 0.9539205354414209, ""power_at_rvP"": 0.046}, ""dLW"": {""P"": 5000.0, ""power"": 0.454, ""fap"": 0.00021151931204347392, ""power_at_rvP"": 0.097}, ""Halpha"": {""P"": 3493.321, ""power"": 0.41, ""fap"": 0.0020302428824571428, ""power_at_rvP"": 0.004}, ""FWHMDRS"": {""P"": 2617.077, ""power"": 0.34, ""fap"": 0.050984385548988785, ""power_at_rvP"": 0.089}, ""BIS"": {""P"": 20.077, ""power"": 0.288, ""fap"": 0.37385297535809137, ""power_at_rvP"": 0.016}}",,,0,K3.5Vk:,4694.0,9.46,32.95
HD16417,277,119,5028.2,,3.34,0.06,17.2427,0.488,3.124787279781201e-13,3.21,2.5,False,364.2,0.768,,"{""CRX"": {""P"": 2.417, ""power"": 0.184, ""fap"": 0.07702033673954047, ""power_at_rvP"": 0.0}, ""dLW"": {""P"": 5000.0, ""power"": 0.314, ""fap"": 4.885100576774918e-06, ""power_at_rvP"": 0.011}, ""Halpha"": {""P"": 370.921, ""power"": 0.325, ""fap"": 1.9517816369490055e-06, ""power_at_rvP"": 0.006}, ""FWHMDRS"": {""P"": 5000.0, ""power"": 0.522, ""fap"": 6.390359760352759e-15, ""power_at_rvP"": 0.015}, ""BIS"": {""P"": 4170.547, ""power"": 0.268, ""fap"": 0.00019051741217135745, ""power_at_rvP"": 0.003}}","HD 16417 b(17.24 d,Radial Velocity)",HD 16417 b,1,G1V,,5.79,25.41
HD165131,53,44,3979.1,,108.19,-4.09,2417.6551,0.681,8.492618391586138e-06,114.32,54.88,False,366.87,0.691,,"{""CRX"": {""P"": 1.201, ""power"": 0.317, ""fap"": 0.5500124697001965, ""power_at_rvP"": 0.073}, ""dLW"": {""P"": 1.395, ""power"": 0.316, ""fap"": 0.5602039611972531, ""power_at_rvP"": 0.025}, ""Halpha"": {""P"": 260.987, ""power"": 0.338, ""fap"": 0.3193960995444625, ""power_at_rvP"": 0.065}, ""FWHMDRS"": {""P"": 5000.0, ""power"": 0.362, ""fap"": 0.1460751071038058, ""power_at_rvP"": 0.002}, ""BIS"": {""P"": 14.554, ""power"": 0.282, ""fap"": 0.9228552863394098, ""power_at_rvP"": 0.184}}","HD 165131 b(2342.6 d,Radial Velocity)",HD 165131 b,1,G3/5V,5866.5,8.41,57.52
HD16548,41,39,5121.1,,74.37,-25.78,5000.0,0.749,0.0005313892169744398,17.75,6.2,False,361.29,0.778,,"{""CRX"": {""P"": 4.367, ""power"": 0.422, ""fap"": 0.5980656452721456, ""power_at_rvP"": 0.009}, ""dLW"": {""P"": 5000.0, ""power"": 0.484, ""fap"": 0.12291525344809402, ""power_at_rvP"": 0.484}, ""Halpha"": {""P"": 31.763, ""power"": 0.493, ""fap"": 0.09515827244061056, ""power_at_rvP"": 0.052}, ""FWHMDRS"": {""P"": 5000.0, ""power"": 0.547, ""fap"": 0.01454371138068047, ""power_at_rvP"": 0.547}, ""BIS"": {""P"": 2.523, ""power"": 0.431, ""fap"": 0.49756762346872363, ""power_at_rvP"": 0.259}}",,,0,G5V,,6.98,53.36
HD166724,55,49,2364.7,,7.83,2.1,4729.343,0.625,2.281095794757787e-06,19.68,4.78,False,372.38,0.7,,"{""CRX"": {""P"": 2.652, ""power"": 0.308, ""fap"": 0.4516809638646761, ""power_at_rvP"": 0.017}, ""dLW"": {""P"": 27.495, ""power"": 0.453, ""fap"": 0.0017938946567558928, ""power_at_rvP"": 0.125}, ""Halpha"": {""P"": 2.358, ""power"": 0.248, ""fap"": 0.9896977591031225, ""power_at_rvP"": 0.094}, ""FWHMDRS"": {""P"": 27.463, ""power"": 0.405, ""fap"": 0.014427916765098438, ""power_at_rvP"": 0.131}, ""BIS"": {""P"": 2.477, ""power"": 0.311, ""fap"": 0.4231963280213361, ""power_at_rvP"": 0.046}}","HD 166724 b(5144.0 d,Radial Velocity)",,1,K0IV/V,5101.0,9.34,45.19
HD167060,55,54,3078.6,,2.45,0.24,8.3776,0.257,0.9879490148508828,1.39,2.08,False,4624.46,0.711,,"{""CRX"": {""P"": 57.849, ""power"": 0.189, ""fap"": 0.9999999996107334, ""power_at_rvP"": 0.037}, ""dLW"": {""P"": 25.619, ""power"": 0.196, ""fap"": 0.9999999708995541, ""power_at_rvP"": 0.026}, ""Halpha"": {""P"": 388.911, ""power"": 0.195, ""fap"": 0.9999999846619405, ""power_at_rvP"": 0.029}, ""FWHMDRS"": {""P"": 29.399, ""power"": 0.19, ""fap"": 0.9999999990007246, ""power_at_rvP"": 0.033}, ""BIS"": {""P"": 58.676, ""power"": 0.431, ""fap"": 0.003897819589203718, ""power_at_rvP"": 0.021}}",,,0,G3V,5835.0,8.92,73.43
HD167677,43,42,4334.0,,18.57,-1.16,1831.1484,0.701,3.893073862495611e-06,20.57,9.35,False,368.32,0.461,,"{""CRX"": {""P"": 2.933, ""power"": 0.337, ""fap"": 0.9371474406247742, ""power_at_rvP"": 0.03}, ""dLW"": {""P"": 2.828, ""power"": 0.289, ""fap"": 0.9999454192936447, ""power_at_rvP"": 0.039}, ""Halpha"": {""P"": 1.875, ""power"": 0.367, ""fap"": 0.6994642634917252, ""power_at_rvP"": 0.004}, ""FWHMDRS"": {""P"": 3.875, ""power"": 0.266, ""fap"": 0.9999999597977896, ""power_at_rvP"": 0.043}, ""BIS"": {""P"": 6.521, ""power"": 0.368, ""fap"": 0.6966943332862255, ""power_at_rvP"": 0.032}}","HD 167677 b(1820.0 d,Radial Velocity)",HD 167677 b,1,G5V,5555.1,8.919,54.41
HD168863,73,68,4271.2,,14.63,-9.03,107.7087,0.32,0.03326309780625876,5.27,5.54,False,363.37,0.746,,"{""CRX"": {""P"": 30.682, ""power"": 0.218, ""fap"": 0.9154274357993561, ""power_at_rvP"": 0.066}, ""dLW"": {""P"": 4051.432, ""power"": 0.365, ""fap"": 0.004088606894312322, ""power_at_rvP"": 0.077}, ""Halpha"": {""P"": 19.187, ""power"": 0.257, ""fap"": 0.41164017483209264, ""power_at_rvP"": 0.01}, ""FWHMDRS"": {""P"": 5000.0, ""power"": 0.511, ""fap"": 1.1556407662540115e-06, ""power_at_rvP"": 0.056}, ""BIS"": {""P"": 5000.0, ""power"": 0.384, ""fap"": 0.001595983236631263, ""power_at_rvP"": 0.004}}","HD 168863 b(14773.933 d,Radial Velocity)",,1,K2/3(III),,9.42,39.94
HD16905,48,48,5211.9,,72.83,20.49,3882.5602,0.748,8.243733100158172e-09,78.44,24.54,False,364.65,0.476,,"{""CRX"": {""P"": 2.372, ""power"": 0.324, ""fap"": 0.8531801466498853, ""power_at_rvP"": 0.01}, ""dLW"": {""P"": 1.49, ""power"": 0.331, ""fap"": 0.7827556302372765, ""power_at_rvP"": 0.122}, ""Halpha"": {""P"": 4.58, ""power"": 0.403, ""fap"": 0.1311257135866038, ""power_at_rvP"": 0.095}, ""FWHMDRS"": {""P"": 11.952, ""power"": 0.134, ""fap"": 1.0, ""power_at_rvP"": 0.043}, ""BIS"": {""P"": 5000.0, ""power"": 0.526, ""fap"": 0.001006890207191875, ""power_at_rvP"": 0.345}}","HD 16905 b(10256.0 d,Radial Velocity)",,1,K3V,4851.7,9.46,39.79
HD1690,44,44,2547.1,,90.41,-8.78,686.6505,0.54,0.0016614208778793326,98.62,55.76,False,1057.13,0.772,,"{""CRX"": {""P"": 458.155, ""power"": 0.64, ""fap"": 1.3248121981564885e-05, ""power_at_rvP"": 0.061}, ""dLW"": {""P"": 28.11, ""power"": 0.475, ""fap"": 0.02188368003648221, ""power_at_rvP"": 0.024}, ""Halpha"": {""P"": 115.464, ""power"": 0.634, ""fap"": 1.857827100644224e-05, ""power_at_rvP"": 0.099}, ""FWHMDRS"": {""P"": 26.365, ""power"": 0.293, ""fap"": 0.9986481995627681, ""power_at_rvP"": 0.085}, ""BIS"": {""P"": 376.818, ""power"": 0.572, ""fap"": 0.00040001429017855016, ""power_at_rvP"": 0.105}}","HD 1690 b(533.0 d,Radial Velocity)",,1,K1(III),4445.0,9.178,769.35
HD169830,86,25,1919.8,,56.32,-18.08,486.018,0.997,7.197449353624607e-24,410.97,2.9,False,1919.8,1.0,,"{""CRX"": {""P"": 3.376, ""power"": 0.585, ""fap"": 0.36610459370873244, ""power_at_rvP"": 0.116}, ""dLW"": {""P"": 75.73, ""power"": 0.512, ""fap"": 0.9030932122795085, ""power_at_rvP"": 0.497}, ""Halpha"": {""P"": 79.165, ""power"": 0.591, ""fap"": 0.32114344101057374, ""power_at_rvP"": 0.555}, ""FWHMDRS"": {""P"": 92.742, ""power"": 0.597, ""fap"": 0.2826245145970112, ""power_at_rvP"": 0.45}, ""BIS"": {""P"": 58.175, ""power"": 0.552, ""fap"": 0.6251193177229474, ""power_at_rvP"": 0.359}}","HD 169830 c(1818.823 d,Radial Velocity);HD 169830 b(225.674 d,Radial Velocity)",,2,F7V,6196.8,5.902,37.64
HD170231,113,25,3084.6,,6.28,0.47,68.8245,0.872,2.000587879191567e-06,9.82,3.9,False,2342.24,0.965,,"{""CRX"": {""P"": 1.98, ""power"": 0.633, ""fap"": 0.22000277047342312, ""power_at_rvP"": 0.018}, ""dLW"": {""P"": 1.975, ""power"": 0.462, ""fap"": 0.9999931861105587, ""power_at_rvP"": 0.103}, ""Halpha"": {""P"": 33.871, ""power"": 0.637, ""fap"": 0.20126611264964192, ""power_at_rvP"": 0.374}, ""FWHMDRS"": {""P"": 3190.092, ""power"": 0.985, ""fap"": 8.255106137461163e-16, ""power_at_rvP"": 0.384}, ""BIS"": {""P"": 20.118, ""power"": 0.584, ""fap"": 0.5954125998709182, ""power_at_rvP"": 0.254}}",,,0,G8IIb,4966.2,8.69,396.62
HD171028,93,76,4703.1,,53.21,-10.09,1572.6007,0.767,6.051835671055957e-18,50.04,21.74,False,3950.11,0.802,,"{""CRX"": {""P"": 1.984, ""power"": 0.204, ""fap"": 0.9738978299210793, ""power_at_rvP"": 0.031}, ""dLW"": {""P"": 27.077, ""power"": 0.163, ""fap"": 0.9999999984716545, ""power_at_rvP"": 0.066}, ""Halpha"": {""P"": 376.525, ""power"": 0.319, ""fap"": 0.01688023022818226, ""power_at_rvP"": 0.049}, ""FWHMDRS"": {""P"": 5000.0, ""power"": 0.762, ""fap"": 9.438863164333892e-19, ""power_at_rvP"": 0.392}, ""BIS"": {""P"": 5000.0, ""power"": 0.672, ""fap"": 8.920010624585269e-14, ""power_at_rvP"": 0.334}}","HD 171028 b(550.0 d,Radial Velocity)",,1,G0,5662.2,8.29,112.02
HD171587,51,50,3585.2,,3.06,-0.6,17.6113,0.454,0.0052858765327422974,2.87,2.26,False,1114.41,0.943,,"{""CRX"": {""P"": 17.461, ""power"": 0.333, ""fap"": 0.36713251217686776, ""power_at_rvP"": 0.219}, ""dLW"": {""P"": 106.804, ""power"": 0.277, ""fap"": 0.9284547645277943, ""power_at_rvP"": 0.252}, ""Halpha"": {""P"": 23.127, ""power"": 0.316, ""fap"": 0.5549872510854452, ""power_at_rvP"": 0.231}, ""FWHMDRS"": {""P"": 1034.054, ""power"": 0.344, ""fap"": 0.27166566081011745, ""power_at_rvP"": 0.075}, ""BIS"": {""P"": 46.823, ""power"": 0.361, ""fap"": 0.16558897957281374, ""power_at_rvP"": 0.046}}",,,0,G5V,5540.0,8.48,34.96
HD172513,44,43,1081.1,,4.51,4.7,211.9549,0.461,0.010502931811477111,4.81,3.34,False,1965.55,0.898,,"{""CRX"": {""P"": 50.989, ""power"": 0.151, ""fap"": 1.0, ""power_at_rvP"": 0.087}, ""dLW"": {""P"": 1663.138, ""power"": 0.505, ""fap"": 0.0021224125940190095, ""power_at_rvP"": 0.18}, ""Halpha"": {""P"": 47.101, ""power"": 0.304, ""fap"": 0.7131891803635736, ""power_at_rvP"": 0.109}, ""FWHMDRS"": {""P"": 220.606, ""power"": 0.35, ""fap"": 0.3027702691513671, ""power_at_rvP"": 0.314}, ""BIS"": {""P"": 23.448, ""power"": 0.449, ""fap"": 0.01580795696071518, ""power_at_rvP"": 0.061}}",,,0,G8V,5689.5,7.92,33.29
HD172555,536,34,4770.0,,732.3,-103.88,77.0539,0.866,1.0674558165206627e-08,1639.39,521.3,False,364.01,0.674,,"{""CRX"": {""P"": 366.806, ""power"": 0.876, ""fap"": 3.9145736707688194e-10, ""power_at_rvP"": 0.205}, ""dLW"": {""P"": 3.398, ""power"": 0.49, ""fap"": 0.36938628458694023, ""power_at_rvP"": 0.369}, ""Halpha"": {""P"": 3171.529, ""power"": 0.575, ""fap"": 0.03259715192916663, ""power_at_rvP"": 0.044}, ""FWHMDRS"": {""P"": 2.215, ""power"": 0.215, ""fap"": 1.0, ""power_at_rvP"": 0.057}, ""BIS"": {""P"": 38.389, ""power"": 0.271, ""fap"": 1.0, ""power_at_rvP"": 0.057}}",,,0,A7V,7816.0,4.767,28.34
HD172568,103,63,4520.8,,2.02,0.01,534.7326,0.331,0.0808209929380939,1.91,1.57,False,1328.0,0.856,,"{""CRX"": {""P"": 2.896, ""power"": 0.091, ""fap"": 1.0, ""power_at_rvP"": 0.024}, ""dLW"": {""P"": 44.362, ""power"": 0.364, ""fap"": 0.015527344063797426, ""power_at_rvP"": 0.007}, ""Halpha"": {""P"": 72.096, ""power"": 0.274, ""fap"": 0.5064457875302798, ""power_at_rvP"": 0.042}, ""FWHMDRS"": {""P"": 4737.984, ""power"": 0.517, ""fap"": 4.894749922788392e-06, ""power_at_rvP"": 0.086}, ""BIS"": {""P"": 5000.0, ""power"": 0.506, ""fap"": 9.546782799445033e-06, ""power_at_rvP"": 0.138}}",,,0,G3V,5741.3,8.54,49.8
HD17548,43,38,2606.9,,2.15,-0.27,4.0181,0.325,0.99683385651111,1.57,1.74,False,519.15,0.957,,"{""CRX"": {""P"": 2.144, ""power"": 0.312, ""fap"": 0.9997092934251949, ""power_at_rvP"": 0.061}, ""dLW"": {""P"": 1.526, ""power"": 0.323, ""fap"": 0.9982743620670596, ""power_at_rvP"": 0.045}, ""Halpha"": {""P"": 2.408, ""power"": 0.28, ""fap"": 0.9999999474681909, ""power_at_rvP"": 0.138}, ""FWHMDRS"": {""P"": 1.461, ""power"": 0.584, ""fap"": 0.0022025246170202313, ""power_at_rvP"": 0.143}, ""BIS"": {""P"": 1.864, ""power"": 0.424, ""fap"": 0.3740290872570494, ""power_at_rvP"": 0.099}}",,,0,F7/G0(V),6100.3,8.18,55.94
HD175607,127,112,3912.2,,2.68,0.09,29.0253,0.326,5.136359627312783e-06,2.15,2.23,True,4699.67,0.64,,"{""CRX"": {""P"": 2024.456, ""power"": 0.177, ""fap"": 0.1722142433583659, ""power_at_rvP"": 0.007}, ""dLW"": {""P"": 21.906, ""power"": 0.169, ""fap"": 0.2660682034565041, ""power_at_rvP"": 0.01}, ""Halpha"": {""P"": 7.169, ""power"": 0.191, ""fap"": 0.07825770565977246, ""power_at_rvP"": 0.022}, ""FWHMDRS"": {""P"": 5000.0, ""power"": 0.607, ""fap"": 1.7319802138224792e-18, ""power_at_rvP"": 0.002}, ""BIS"": {""P"": 4.393, ""power"": 0.171, ""fap"": 0.24961549807546898, ""power_at_rvP"": 0.022}}","HD 175607 b(29.01 d,Radial Velocity)",HD 175607 b,1,G6V,,8.61,40.38
HD176354,72,72,3967.0,,8.56,4.76,83.5239,0.339,0.0077176878821556,4.88,5.07,False,4440.32,0.846,,"{""CRX"": {""P"": 2275.386, ""power"": 0.361, ""fap"": 0.0017488653004191282, ""power_at_rvP"": 0.023}, ""dLW"": {""P"": 3067.06, ""power"": 0.611, ""fap"": 1.0403212867753553e-10, ""power_at_rvP"": 0.076}, ""Halpha"": {""P"": 317.515, ""power"": 0.417, ""fap"": 8.248888862017663e-05, ""power_at_rvP"": 0.034}, ""FWHMDRS"": {""P"": 2489.592, ""power"": 0.537, ""fap"": 3.883063675368841e-08, ""power_at_rvP"": 0.092}, ""BIS"": {""P"": 2342.572, ""power"": 0.343, ""fap"": 0.004416894200534248, ""power_at_rvP"": 0.055}}",,,0,K0III,5233.0,7.07,49.0
HD176986,171,161,4761.9,,3.73,0.18,6.4914,0.252,2.106632719580289e-06,2.68,3.22,False,360.68,0.576,,"{""CRX"": {""P"": 436.766, ""power"": 0.118, ""fap"": 0.401021378633038, ""power_at_rvP"": 0.03}, ""dLW"": {""P"": 5000.0, ""power"": 0.283, ""fap"": 7.123396630750538e-08, ""power_at_rvP"": 0.017}, ""Halpha"": {""P"": 2.566, ""power"": 0.15, ""fap"": 0.03163145494254203, ""power_at_rvP"": 0.004}, ""FWHMDRS"": {""P"": 5000.0, ""power"": 0.443, ""fap"": 2.227254342001337e-16, ""power_at_rvP"": 0.007}, ""BIS"": {""P"": 5000.0, ""power"": 0.55, ""fap"": 1.2117659295792608e-23, ""power_at_rvP"": 0.004}}","HD 176986 c(16.812 d,Radial Velocity);HD 176986 b(6.492 d,Radial Velocity);HD 176986 d(61.376 d,Radial Velocity)",HD 176986 b,3,K2.5V,,8.45,27.81
HD181327,64,27,3495.6,,15.75,-1.64,2.4913,0.773,0.0008653610885356759,21.63,8.99,False,2915.12,0.863,,"{""CRX"": {""P"": 53.286, ""power"": 0.511, ""fap"": 0.9315445735978737, ""power_at_rvP"": 0.097}, ""dLW"": {""P"": 1589.526, ""power"": 0.644, ""fap"": 0.07425913849412884, ""power_at_rvP"": 0.077}, ""Halpha"": {""P"": 35.506, ""power"": 0.648, ""fap"": 0.06618794216509352, ""power_at_rvP"": 0.046}, ""FWHMDRS"": {""P"": 30.082, ""power"": 0.561, ""fap"": 0.5589097522213661, ""power_at_rvP"": 0.155}, ""BIS"": {""P"": 3682.974, ""power"": 0.724, ""fap"": 0.004346057626104346, ""power_at_rvP"": 0.152}}",,,0,F6V,6436.5,7.04,48.21
HD181433,200,189,5029.0,,13.01,1.81,1035.6633,0.86,6.991049650327247e-74,16.73,4.74,False,362.95,0.493,,"{""CRX"": {""P"": 5000.0, ""power"": 0.136, ""fap"": 0.01728238868344665, ""power_at_rvP"": 0.008}, ""dLW"": {""P"": 5000.0, ""power"": 0.281, ""fap"": 1.0047382881458056e-09, ""power_at_rvP"": 0.027}, ""Halpha"": {""P"": 6.11, ""power"": 0.087, ""fap"": 0.8768880946127977, ""power_at_rvP"": 0.025}, ""FWHMDRS"": {""P"": 5000.0, ""power"": 0.395, ""fap"": 1.3292704345635874e-16, ""power_at_rvP"": 0.022}, ""BIS"": {""P"": 5000.0, ""power"": 0.122, ""fap"": 0.06868341919065676, ""power_at_rvP"": 0.008}}","HD 181433 b(9.374 d,Radial Velocity);HD 181433 d(6896.1 d,Radial Velocity);HD 181433 c(1018.5 d,Radial Velocity)",HD 181433 c,3,K3III-IV,,8.38,26.9
HD181720,114,84,4576.6,,7.49,0.89,950.4112,0.906,3.521359331732183e-29,8.16,2.17,False,365.67,0.522,,"{""CRX"": {""P"": 3.846, ""power"": 0.07, ""fap"": 1.0, ""power_at_rvP"": 0.009}, ""dLW"": {""P"": 44.383, ""power"": 0.059, ""fap"": 1.0, ""power_at_rvP"": 0.012}, ""Halpha"": {""P"": 9.913, ""power"": 0.188, ""fap"": 0.9214420924282924, ""power_at_rvP"": 0.031}, ""FWHMDRS"": {""P"": 5000.0, ""power"": 0.427, ""fap"": 2.839293398661504e-06, ""power_at_rvP"": 0.138}, ""BIS"": {""P"": 5000.0, ""power"": 0.567, ""fap"": 3.993776246685668e-11, ""power_at_rvP"": 0.218}}","HD 181720 b(956.0 d,Radial Velocity)",HD 181720 b,1,G1V,,7.86,60.31
HD183414,71,27,3096.7,,54.06,-3.71,2.2913,0.692,0.014624320166393798,78.88,39.72,False,1395.3,0.698,,"{""CRX"": {""P"": 1.857, ""power"": 0.517, ""fap"": 0.8655822671083885, ""power_at_rvP"": 0.452}, ""dLW"": {""P"": 10.705, ""power"": 0.557, ""fap"": 0.5378185817552943, ""power_at_rvP"": 0.112}, ""Halpha"": {""P"": 4.72, ""power"": 0.541, ""fap"": 0.6816570270912089, ""power_at_rvP"": 0.062}, ""FWHMDRS"": {""P"": 1.975, ""power"": 0.574, ""fap"": 0.39166497538386846, ""power_at_rvP"": 0.032}, ""BIS"": {""P"": 1.855, ""power"": 0.536, ""fap"": 0.7289049861622364, ""power_at_rvP"": 0.29}}",,,0,G3V,5733.0,7.891,38.18
HD183579,53,52,2200.0,,4.23,-1.05,7.6253,0.475,0.0010923526648155984,4.14,3.09,False,3999.93,0.787,,"{""CRX"": {""P"": 11.708, ""power"": 0.356, ""fap"": 0.12201529066028644, ""power_at_rvP"": 0.056}, ""dLW"": {""P"": 9.596, ""power"": 0.381, ""fap"": 0.05071780943382295, ""power_at_rvP"": 0.116}, ""Halpha"": {""P"": 9.413, ""power"": 0.348, ""fap"": 0.15996228524977799, ""power_at_rvP"": 0.046}, ""FWHMDRS"": {""P"": 2933.261, ""power"": 0.453, ""fap"": 0.002851787513523218, ""power_at_rvP"": 0.074}, ""BIS"": {""P"": 2444.375, ""power"": 0.523, ""fap"": 0.00011663259276173936, ""power_at_rvP"": 0.139}}","HD 183579 b(17.471 d,Transit)",,1,G5V,5741.3,8.68,57.36
HD185283,70,69,4487.8,,12.17,-4.83,3100.2244,0.427,0.00028275067969397245,6.34,5.27,False,364.93,0.757,,"{""CRX"": {""P"": 7.523, ""power"": 0.218, ""fap"": 0.9609372403077865, ""power_at_rvP"": 0.006}, ""dLW"": {""P"": 3458.621, ""power"": 0.316, ""fap"": 0.048097145130337464, ""power_at_rvP"": 0.297}, ""Halpha"": {""P"": 2.384, ""power"": 0.262, ""fap"": 0.41081615960788886, ""power_at_rvP"": 0.116}, ""FWHMDRS"": {""P"": 2429.013, ""power"": 0.069, ""fap"": 1.0, ""power_at_rvP"": 0.041}, ""BIS"": {""P"": 25.535, ""power"": 0.07, ""fap"": 1.0, ""power_at_rvP"": 0.041}}","HD 185283 b(4060.0 d,Radial Velocity)",,1,K3V,4821.0,9.03,31.42
HD188228,883,31,4770.1,,2820.26,252.47,355.8643,0.855,7.314537383866393e-08,3886.56,1524.07,False,1984.19,0.601,CRX;Halpha,"{""CRX"": {""P"": 365.406, ""power"": 0.743, ""fap"": 0.00014746649182423166, ""power_at_rvP"": 0.448}, ""dLW"": {""P"": 4.374, ""power"": 0.395, ""fap"": 0.9999857971856998, ""power_at_rvP"": 0.084}, ""Halpha"": {""P"": 368.226, ""power"": 0.843, ""fap"": 2.0731135374708862e-07, ""power_at_rvP"": 0.352}, ""FWHMDRS"": {""P"": 2.165, ""power"": 0.537, ""fap"": 0.2961819419223921, ""power_at_rvP"": 0.038}, ""BIS"": {""P"": 1.898, ""power"": 0.233, ""fap"": 1.0, ""power_at_rvP"": 0.028}}",,,0,A0Va,9196.5,3.94,31.38
HD188815,47,38,4609.2,,2.61,-0.4,2.3091,0.391,0.7679086706753592,1.64,2.13,False,328.71,0.853,,"{""CRX"": {""P"": 1255.252, ""power"": 0.401, ""fap"": 0.6976817897178741, ""power_at_rvP"": 0.078}, ""dLW"": {""P"": 2.15, ""power"": 0.325, ""fap"": 0.999755835740715, ""power_at_rvP"": 0.018}, ""Halpha"": {""P"": 174.772, ""power"": 0.551, ""fap"": 0.010353986211579312, ""power_at_rvP"": 0.055}, ""FWHMDRS"": {""P"": 338.358, ""power"": 0.528, ""fap"": 0.02399798591869325, ""power_at_rvP"": 0.005}, ""BIS"": {""P"": 1.928, ""power"": 0.445, ""fap"": 0.29595003793539004, ""power_at_rvP"": 0.164}}",,,0,F5V,6231.5,7.5,51.74
HD190647,50,43,3663.0,,13.24,2.94,1099.1088,0.894,1.6143938089901828e-15,29.45,3.79,False,3383.48,0.996,,"{""CRX"": {""P"": 6.558, ""power"": 0.338, ""fap"": 0.9812656656926532, ""power_at_rvP"": 0.03}, ""dLW"": {""P"": 38.604, ""power"": 0.323, ""fap"": 0.9974052390419054, ""power_at_rvP"": 0.08}, ""Halpha"": {""P"": 2.062, ""power"": 0.384, ""fap"": 0.6501984397550842, ""power_at_rvP"": 0.082}, ""FWHMDRS"": {""P"": 2176.941, ""power"": 0.866, ""fap"": 1.9330686915346105e-13, ""power_at_rvP"": 0.182}, ""BIS"": {""P"": 14.516, ""power"": 0.401, ""fap"": 0.4660051065339748, ""power_at_rvP"": 0.101}}","HD 190647 b(1176.45 d,Radial Velocity)",,1,G5V,5612.5,7.78,54.56
HD190984,58,57,3383.7,,27.28,10.12,4356.2793,0.763,2.5483726713287265e-13,47.39,13.49,False,4656.0,0.543,,"{""CRX"": {""P"": 1.704, ""power"": 0.246, ""fap"": 0.9687009693338219, ""power_at_rvP"": 0.001}, ""dLW"": {""P"": 88.981, ""power"": 0.246, ""fap"": 0.9700269046856871, ""power_at_rvP"": 0.082}, ""Halpha"": {""P"": 3.268, ""power"": 0.294, ""fap"": 0.49345255880538913, ""power_at_rvP"": 0.016}, ""FWHMDRS"": {""P"": 1.97, ""power"": 0.248, ""fap"": 0.9632006485083995, ""power_at_rvP"": 0.164}, ""BIS"": {""P"": 4.501, ""power"": 0.292, ""fap"": 0.5140799159207846, ""power_at_rvP"": 0.012}}","HD 190984 b(4885.0 d,Radial Velocity)",,1,F8V,5915.6,8.73,148.81
HD191760B,42,30,2310.7,,408.61,52.03,184.1119,0.617,0.024531077036594077,589.09,270.44,True,16.5,0.766,,"{""CRX"": {""P"": 11.024, ""power"": 0.405, ""fap"": 0.9984735879693003, ""power_at_rvP"": 0.141}, ""dLW"": {""P"": 10.589, ""power"": 0.324, ""fap"": 0.9999999999999586, ""power_at_rvP"": 0.025}, ""Halpha"": {""P"": 105.507, ""power"": 0.44, ""fap"": 0.9540793206820762, ""power_at_rvP"": 0.009}, ""FWHMDRS"": {""P"": 16.487, ""power"": 0.288, ""fap"": 1.0, ""power_at_rvP"": 0.027}, ""BIS"": {""P"": 16.493, ""power"": 0.343, ""fap"": 0.9999999996435128, ""power_at_rvP"": 0.041}}",,,0,---,5867.0,,
HD19230,55,53,4924.6,,103.82,13.45,2480.992,0.653,2.7893863265047784e-07,99.86,59.36,False,367.92,0.543,,"{""CRX"": {""P"": 2.631, ""power"": 0.35, ""fap"": 0.28041395659935553, ""power_at_rvP"": 0.007}, ""dLW"": {""P"": 1.375, ""power"": 0.303, ""fap"": 0.819533592818072, ""power_at_rvP"": 0.07}, ""Halpha"": {""P"": 1768.296, ""power"": 0.577, ""fap"": 1.1474225861282531e-05, ""power_at_rvP"": 0.049}, ""FWHMDRS"": {""P"": 7.481, ""power"": 0.148, ""fap"": 1.0, ""power_at_rvP"": 0.037}, ""BIS"": {""P"": 5000.0, ""power"": 0.304, ""fap"": 0.798830847743196, ""power_at_rvP"": 0.0}}",,,0,G8/K0V,5108.1,9.51,59.25
HD195145,41,40,4106.7,,3.85,-0.63,30.895,0.375,0.9186637915844373,2.71,3.17,False,4713.08,0.726,,"{""CRX"": {""P"": 4.691, ""power"": 0.354, ""fap"": 0.9009111738019452, ""power_at_rvP"": 0.051}, ""dLW"": {""P"": 771.727, ""power"": 0.323, ""fap"": 0.9938138497702894, ""power_at_rvP"": 0.169}, ""Halpha"": {""P"": 1.358, ""power"": 0.319, ""fap"": 0.9966296996782447, ""power_at_rvP"": 0.1}, ""FWHMDRS"": {""P"": 262.885, ""power"": 0.353, ""fap"": 0.9061354042461167, ""power_at_rvP"": 0.081}, ""BIS"": {""P"": 15.566, ""power"": 0.341, ""fap"": 0.9610031996863422, ""power_at_rvP"": 0.109}}",,,0,G5V,5557.3,8.67,55.87
HD196390,53,53,2203.0,,9.97,-3.92,24.5175,0.442,0.013492129949120921,8.96,6.15,False,370.24,0.789,,"{""CRX"": {""P"": 28.517, ""power"": 0.351, ""fap"": 0.12328715189872459, ""power_at_rvP"": 0.037}, ""dLW"": {""P"": 1519.265, ""power"": 0.669, ""fap"": 1.28057128451064e-08, ""power_at_rvP"": 0.063}, ""Halpha"": {""P"": 4406.0, ""power"": 0.595, ""fap"": 1.6350395544942885e-06, ""power_at_rvP"": 0.048}, ""FWHMDRS"": {""P"": 4406.0, ""power"": 0.193, ""fap"": 0.9999999991162812, ""power_at_rvP"": 0.088}, ""BIS"": {""P"": 1915.603, ""power"": 0.339, ""fap"": 0.18456331474627136, ""power_at_rvP"": 0.069}}",,,0,G1.5V,5875.0,7.32,33.7
HD19641,73,73,5124.1,,74.2,-28.76,5000.0,0.476,0.00045303684931123373,5.09,3.58,False,365.35,0.677,,"{""CRX"": {""P"": 5.479, ""power"": 0.239, ""fap"": 0.603469903744815, ""power_at_rvP"": 0.001}, ""dLW"": {""P"": 3.752, ""power"": 0.178, ""fap"": 0.999989915497447, ""power_at_rvP"": 0.145}, ""Halpha"": {""P"": 6.122, ""power"": 0.2, ""fap"": 0.9917721098664819, ""power_at_rvP"": 0.004}, ""FWHMDRS"": {""P"": 2.719, ""power"": 0.286, ""fap"": 0.10703241781465384, ""power_at_rvP"": 0.262}, ""BIS"": {""P"": 2.568, ""power"": 0.26, ""fap"": 0.30946651291198407, ""power_at_rvP"": 0.047}}",,,0,G2V,5816.5,8.24,52.37
HD197027,76,68,3076.7,,2.36,-0.93,785.7804,0.313,0.10869750441691375,2.61,1.8,False,367.78,0.846,,"{""CRX"": {""P"": 11.973, ""power"": 0.223, ""fap"": 0.7708914486952705, ""power_at_rvP"": 0.016}, ""dLW"": {""P"": 13.249, ""power"": 0.156, ""fap"": 0.9999999714930131, ""power_at_rvP"": 0.002}, ""Halpha"": {""P"": 468.611, ""power"": 0.283, ""fap"": 0.11974364186866623, ""power_at_rvP"": 0.009}, ""FWHMDRS"": {""P"": 2.0, ""power"": 0.091, ""fap"": 1.0, ""power_at_rvP"": 0.016}, ""BIS"": {""P"": 5000.0, ""power"": 0.131, ""fap"": 1.0, ""power_at_rvP"": 0.033}}",,,0,G3V,5587.4,9.15,78.41
HD197083,45,38,3639.0,,1.8,2.0,26.9195,0.338,0.9983275313788145,1.38,1.5,True,1093.49,0.822,,"{""CRX"": {""P"": 450.484, ""power"": 0.387, ""fap"": 0.8547325648951174, ""power_at_rvP"": 0.156}, ""dLW"": {""P"": 374.074, ""power"": 0.322, ""fap"": 0.9999411381273031, ""power_at_rvP"": 0.053}, ""Halpha"": {""P"": 8.076, ""power"": 0.356, ""fap"": 0.9861904292954675, ""power_at_rvP"": 0.05}, ""FWHMDRS"": {""P"": 5000.0, ""power"": 0.682, ""fap"": 3.5889175056846895e-05, ""power_at_rvP"": 0.088}, ""BIS"": {""P"": 3.048, ""power"": 0.483, ""fap"": 0.11030943297596824, ""power_at_rvP"": 0.059}}",,,0,G3V,5763.0,9.189,69.41
HD197197,122,77,5081.1,,2.26,-0.18,70.9485,0.356,0.007140512970876397,1.98,1.95,False,4012.8,0.882,,"{""CRX"": {""P"": 3587.782, ""power"": 0.233, ""fap"": 0.565083009783377, ""power_at_rvP"": 0.006}, ""dLW"": {""P"": 53.816, ""power"": 0.224, ""fap"": 0.7152654416526172, ""power_at_rvP"": 0.04}, ""Halpha"": {""P"": 3351.154, ""power"": 0.291, ""fap"": 0.048491039911934535, ""power_at_rvP"": 0.039}, ""FWHMDRS"": {""P"": 2722.659, ""power"": 0.593, ""fap"": 8.968347813585913e-11, ""power_at_rvP"": 0.228}, ""BIS"": {""P"": 398.008, ""power"": 0.478, ""fap"": 7.846919545809846e-07, ""power_at_rvP"": 0.14}}",,,0,G0V,5798.1,8.07,72.69
HD19827,43,43,84.0,,18627.62,-7981.7,12.6239,0.907,2.4568642379007678e-18,27467.74,5581.97,False,157.01,0.681,,"{""CRX"": {""P"": 3.888, ""power"": 0.232, ""fap"": 0.625287166190138, ""power_at_rvP"": 0.03}, ""dLW"": {""P"": 1.365, ""power"": 0.292, ""fap"": 0.2007959776485015, ""power_at_rvP"": 0.039}, ""Halpha"": {""P"": 2.247, ""power"": 0.191, ""fap"": 0.9149741007033516, ""power_at_rvP"": 0.086}, ""FWHMDRS"": {""P"": 29.325, ""power"": 0.265, ""fap"": 0.3573764767151411, ""power_at_rvP"": 0.003}, ""BIS"": {""P"": 1.539, ""power"": 0.226, ""fap"": 0.6725137217133812, ""power_at_rvP"": 0.021}}",,,0,G0V,6066.6,9.33,147.29
HD199190,78,29,779.9,,1.38,-0.5,1.7396,0.573,0.052717625280191915,1.77,1.16,False,28.41,0.741,,"{""CRX"": {""P"": 49.825, ""power"": 0.439, ""fap"": 0.7724059120356088, ""power_at_rvP"": 0.169}, ""dLW"": {""P"": 33.252, ""power"": 0.607, ""fap"": 0.019807281593868926, ""power_at_rvP"": 0.031}, ""Halpha"": {""P"": 183.476, ""power"": 0.332, ""fap"": 0.9999890506210336, ""power_at_rvP"": 0.051}, ""FWHMDRS"": {""P"": 1.331, ""power"": 0.245, ""fap"": 1.0, ""power_at_rvP"": 0.05}, ""BIS"": {""P"": 2.095, ""power"": 0.419, ""fap"": 0.8907928625290694, ""power_at_rvP"": 0.126}}",,,0,G1IV-V,,6.87,38.39
HD199289,82,64,4012.0,,2.01,-0.12,74.3601,0.276,0.32278286987855737,1.19,1.72,False,364.64,0.923,,"{""CRX"": {""P"": 1.659, ""power"": 0.282, ""fap"": 0.28009220707903487, ""power_at_rvP"": 0.09}, ""dLW"": {""P"": 5000.0, ""power"": 0.252, ""fap"": 0.6574845323233943, ""power_at_rvP"": 0.001}, ""Halpha"": {""P"": 1.513, ""power"": 0.214, ""fap"": 0.9872505796583593, ""power_at_rvP"": 0.159}, ""FWHMDRS"": {""P"": 5000.0, ""power"": 0.506, ""fap"": 6.063158376003987e-06, ""power_at_rvP"": 0.005}, ""BIS"": {""P"": 2.326, ""power"": 0.213, ""fap"": 0.9893727922295777, ""power_at_rvP"": 0.042}}",,,0,F5V,,8.3,50.44
HD199604,77,53,5079.1,,2.81,-0.52,60.6698,0.331,0.47776725674475246,1.85,1.98,False,362.38,0.961,,"{""CRX"": {""P"": 7.877, ""power"": 0.342, ""fap"": 0.3039571555366586, ""power_at_rvP"": 0.024}, ""dLW"": {""P"": 5000.0, ""power"": 0.311, ""fap"": 0.6589326050328469, ""power_at_rvP"": 0.025}, ""Halpha"": {""P"": 2960.14, ""power"": 0.499, ""fap"": 0.00047247298065058123, ""power_at_rvP"": 0.077}, ""FWHMDRS"": {""P"": 3048.99, ""power"": 0.773, ""fap"": 1.505066865557084e-12, ""power_at_rvP"": 0.161}, ""BIS"": {""P"": 756.279, ""power"": 0.767, ""fap"": 2.8088726422112337e-12, ""power_at_rvP"": 0.113}}",,,0,G2V,,8.61,65.3
HD199847,140,80,5080.1,,3.15,-0.23,2797.3663,0.47,4.779067673685105e-07,4.11,2.15,False,4012.64,0.957,FWHMDRS;BIS,"{""CRX"": {""P"": 4.112, ""power"": 0.175, ""fap"": 0.9975347755015019, ""power_at_rvP"": 0.002}, ""dLW"": {""P"": 290.023, ""power"": 0.249, ""fap"": 0.18191202601094125, ""power_at_rvP"": 0.036}, ""Halpha"": {""P"": 2722.41, ""power"": 0.272, ""fap"": 0.0630730283719693, ""power_at_rvP"": 0.266}, ""FWHMDRS"": {""P"": 2722.41, ""power"": 0.557, ""fap"": 5.741124174487665e-10, ""power_at_rvP"": 0.549}, ""BIS"": {""P"": 2722.41, ""power"": 0.584, ""fap"": 5.536407264841032e-11, ""power_at_rvP"": 0.58}}",,,0,G2V(w),5758.6,8.81,89.83
HD199960,75,30,1864.0,,3.14,0.67,423.6153,0.532,0.2402107442862429,3.97,2.42,False,866.94,0.976,,"{""CRX"": {""P"": 270.131, ""power"": 0.351, ""fap"": 0.9999889616523625, ""power_at_rvP"": 0.085}, ""dLW"": {""P"": 2329.926, ""power"": 0.548, ""fap"": 0.12280125112311804, ""power_at_rvP"": 0.263}, ""Halpha"": {""P"": 1.5, ""power"": 0.377, ""fap"": 0.999049833223206, ""power_at_rvP"": 0.2}, ""FWHMDRS"": {""P"": 510.66, ""power"": 0.606, ""fap"": 0.022545887460541644, ""power_at_rvP"": 0.294}, ""BIS"": {""P"": 1.613, ""power"": 0.417, ""fap"": 0.9544949940284196, ""power_at_rvP"": 0.26}}",,,0,G1V,5920.0,6.192,27.13
HD20003,203,198,5010.3,,4.9,-1.24,11.857,0.353,6.7984892387413676e-15,3.74,3.74,False,366.99,0.716,,"{""CRX"": {""P"": 2275.25, ""power"": 0.209, ""fap"": 1.509117120795096e-06, ""power_at_rvP"": 0.004}, ""dLW"": {""P"": 2634.115, ""power"": 0.234, ""fap"": 7.130752601886183e-08, ""power_at_rvP"": 0.029}, ""Halpha"": {""P"": 351.542, ""power"": 0.111, ""fap"": 0.09109416663994342, ""power_at_rvP"": 0.016}, ""FWHMDRS"": {""P"": 5000.0, ""power"": 0.46, ""fap"": 2.079877417508094e-22, ""power_at_rvP"": 0.024}, ""BIS"": {""P"": 5000.0, ""power"": 0.654, ""fap"": 4.2466079102752745e-41, ""power_at_rvP"": 0.027}}","HD 20003 c(33.924 d,Radial Velocity);HD 20003 b(11.848 d,Radial Velocity)",HD 20003 b,2,G8V,5510.0,8.37,41.88
HD20010,194,26,1401.1,,2.87,-11.45,359.2339,0.618,0.05348069409417638,5.27,1.78,True,2547.43,0.734,,"{""CRX"": {""P"": 1.496, ""power"": 0.482, ""fap"": 0.8542442245927954, ""power_at_rvP"": 0.071}, ""dLW"": {""P"": 89.236, ""power"": 0.539, ""fap"": 0.4354050941325528, ""power_at_rvP"": 0.298}, ""Halpha"": {""P"": 79.153, ""power"": 0.652, ""fap"": 0.027904837510521457, ""power_at_rvP"": 0.407}, ""FWHMDRS"": {""P"": 13.549, ""power"": 0.31, ""fap"": 0.9999999999999999, ""power_at_rvP"": 0.069}, ""BIS"": {""P"": 13.556, ""power"": 0.302, ""fap"": 1.0, ""power_at_rvP"": 0.059}}",,,0,F6V+G7V,,3.85,13.95
HD200538,47,46,2905.1,,4.31,-0.33,3.0182,0.359,0.31740848994628806,3.17,3.73,False,4603.8,0.874,,"{""CRX"": {""P"": 15.053, ""power"": 0.252, ""fap"": 0.9997828563745474, ""power_at_rvP"": 0.052}, ""dLW"": {""P"": 4.458, ""power"": 0.24, ""fap"": 0.9999895289268439, ""power_at_rvP"": 0.021}, ""Halpha"": {""P"": 1.707, ""power"": 0.374, ""fap"": 0.2194153145865749, ""power_at_rvP"": 0.076}, ""FWHMDRS"": {""P"": 5000.0, ""power"": 0.323, ""fap"": 0.6953521748030672, ""power_at_rvP"": 0.001}, ""BIS"": {""P"": 2.358, ""power"": 0.329, ""fap"": 0.6247931105438816, ""power_at_rvP"": 0.082}}",,,0,G0V,5989.9,7.75,54.83
HD200633,45,45,4104.8,,4.83,0.98,2612.9079,0.74,3.493885129621428e-06,7.88,2.4,False,365.81,0.838,,"{""CRX"": {""P"": 11.27, ""power"": 0.504, ""fap"": 0.004685442173539694, ""power_at_rvP"": 0.019}, ""dLW"": {""P"": 5000.0, ""power"": 0.446, ""fap"": 0.04200312519180947, ""power_at_rvP"": 0.092}, ""Halpha"": {""P"": 95.081, ""power"": 0.394, ""fap"": 0.22241525554823646, ""power_at_rvP"": 0.172}, ""FWHMDRS"": {""P"": 52.712, ""power"": 0.12, ""fap"": 1.0, ""power_at_rvP"": 0.073}, ""BIS"": {""P"": 333.152, ""power"": 0.139, ""fap"": 1.0, ""power_at_rvP"": 0.097}}",,,0,G5V,5794.5,8.34,53.71
HD202206,65,55,2948.0,,222.3,4.05,256.5772,0.77,5.403501771585364e-13,334.57,110.92,False,366.68,0.708,,"{""CRX"": {""P"": 6.977, ""power"": 0.328, ""fap"": 0.09959233828477497, ""power_at_rvP"": 0.066}, ""dLW"": {""P"": 1184.116, ""power"": 0.641, ""fap"": 3.396059737208929e-09, ""power_at_rvP"": 0.255}, ""Halpha"": {""P"": 32.795, ""power"": 0.4, ""fap"": 0.004861756649506496, ""power_at_rvP"": 0.156}, ""FWHMDRS"": {""P"": 788.312, ""power"": 0.547, ""fap"": 2.1476926631386444e-06, ""power_at_rvP"": 0.221}, ""BIS"": {""P"": 6.319, ""power"": 0.333, ""fap"": 0.08224938434315537, ""power_at_rvP"": 0.06}}","HD 202206 c(1299.22 d,Radial Velocity);HD 202206 b(256.26 d,Radial Velocity)",HD 202206 b,2,G6V,5734.5,8.07,46.03
HD202871,56,56,2624.9,,6.1,-0.5,606.8937,0.294,0.4082158794919958,4.8,5.23,False,4565.19,0.904,,"{""CRX"": {""P"": 1.589, ""power"": 0.218, ""fap"": 0.9984691483916237, ""power_at_rvP"": 0.026}, ""dLW"": {""P"": 6.956, ""power"": 0.247, ""fap"": 0.9219993488394755, ""power_at_rvP"": 0.148}, ""Halpha"": {""P"": 1.664, ""power"": 0.241, ""fap"": 0.9559657597556687, ""power_at_rvP"": 0.043}, ""FWHMDRS"": {""P"": 1.377, ""power"": 0.321, ""fap"": 0.1798856607609452, ""power_at_rvP"": 0.042}, ""BIS"": {""P"": 1.853, ""power"": 0.246, ""fap"": 0.9276768073148574, ""power_at_rvP"": 0.016}}",,,0,G0V,6050.2,8.22,55.04
HD203432,74,38,1405.2,,3.81,7.36,65.505,0.479,0.04131134510631054,4.35,2.94,False,2554.89,0.88,,"{""CRX"": {""P"": 1873.545, ""power"": 0.724, ""fap"": 1.015998903403523e-06, ""power_at_rvP"": 0.239}, ""dLW"": {""P"": 2554.887, ""power"": 0.854, ""fap"": 2.3666035908056694e-11, ""power_at_rvP"": 0.214}, ""Halpha"": {""P"": 59.412, ""power"": 0.459, ""fap"": 0.0747413824495474, ""power_at_rvP"": 0.095}, ""FWHMDRS"": {""P"": 2554.887, ""power"": 0.683, ""fap"": 1.055218984078008e-05, ""power_at_rvP"": 0.168}, ""BIS"": {""P"": 1873.545, ""power"": 0.722, ""fap"": 1.1837088358486037e-06, ""power_at_rvP"": 0.235}}",,,0,G8IV,5600.0,7.6,35.06
HD204313,113,110,4158.7,,32.45,1.92,2046.8482,0.935,3.491761843389015e-49,61.43,8.03,False,368.62,0.593,,"{""CRX"": {""P"": 1863.417, ""power"": 0.168, ""fap"": 0.4852541185101923, ""power_at_rvP"": 0.099}, ""dLW"": {""P"": 4463.362, ""power"": 0.414, ""fap"": 9.186973249267534e-09, ""power_at_rvP"": 0.053}, ""Halpha"": {""P"": 2.912, ""power"": 0.187, ""fap"": 0.18703247615194374, ""power_at_rvP"": 0.062}, ""FWHMDRS"": {""P"": 5000.0, ""power"": 0.643, ""fap"": 4.0366705625909286e-20, ""power_at_rvP"": 0.02}, ""BIS"": {""P"": 5000.0, ""power"": 0.448, ""fap"": 3.9952760445663606e-10, ""power_at_rvP"": 0.145}}","HD 204313 b(2041.115 d,Radial Velocity);HD 204313 e(7325.647 d,Radial Velocity);HD 204313 c(34.959 d,Radial Velocity)",HD 204313 b,3,G5V,,8.02,47.86
HD204941,96,96,4312.2,,3.81,0.05,1533.2335,0.885,2.7047839470823385e-39,5.27,1.31,False,361.98,0.664,,"{""CRX"": {""P"": 1.389, ""power"": 0.215, ""fap"": 0.14368441368287566, ""power_at_rvP"": 0.044}, ""dLW"": {""P"": 2518.131, ""power"": 0.398, ""fap"": 1.0662844721234314e-06, ""power_at_rvP"": 0.078}, ""Halpha"": {""P"": 5000.0, ""power"": 0.418, ""fap"": 2.3209988901693144e-07, ""power_at_rvP"": 0.173}, ""FWHMDRS"": {""P"": 5000.0, ""power"": 0.806, ""fap"": 3.632503244058037e-29, ""power_at_rvP"": 0.121}, ""BIS"": {""P"": 5000.0, ""power"": 0.702, ""fap"": 1.2406936224380332e-20, ""power_at_rvP"": 0.265}}","HD 204941 b(1733.0 d,Radial Velocity)",,1,K2V,,8.48,28.74
HD204961,98,91,5107.0,,20.69,4.22,2066.4224,0.616,5.754106741127447e-12,6.69,1.98,False,4554.12,0.878,,"{""CRX"": {""P"": 1.693, ""power"": 0.182, ""fap"": 0.8043625942667801, ""power_at_rvP"": 0.045}, ""dLW"": {""P"": 3864.828, ""power"": 0.325, ""fap"": 0.0003021539177883418, ""power_at_rvP"": 0.146}, ""Halpha"": {""P"": 45.773, ""power"": 0.227, ""fap"": 0.12086958094335093, ""power_at_rvP"": 0.008}, ""FWHMDRS"": {""P"": 360.369, ""power"": 0.052, ""fap"": 1.0, ""power_at_rvP"": 0.021}, ""BIS"": {""P"": 2803.869, ""power"": 0.163, ""fap"": 0.9872103835892968, ""power_at_rvP"": 0.117}}","GJ 832 b(3853.0 d,Radial Velocity)",,1,M2/3V,,8.672,4.96
HD205294,51,49,2863.2,,4.67,-0.14,1.9931,0.378,0.16906513713678378,3.42,4.32,False,361.38,0.885,,"{""CRX"": {""P"": 1.206, ""power"": 0.21, ""fap"": 0.9999999999976541, ""power_at_rvP"": 0.012}, ""dLW"": {""P"": 109.185, ""power"": 0.237, ""fap"": 0.999997297855121, ""power_at_rvP"": 0.03}, ""Halpha"": {""P"": 2.328, ""power"": 0.318, ""fap"": 0.6702309345868765, ""power_at_rvP"": 0.007}, ""FWHMDRS"": {""P"": 23.03, ""power"": 0.196, ""fap"": 1.0, ""power_at_rvP"": 0.083}, ""BIS"": {""P"": 3.455, ""power"": 0.195, ""fap"": 1.0, ""power_at_rvP"": 0.025}}",,,0,F5V,6234.0,6.86,55.43
HD206998,127,87,5076.1,,2.3,-0.04,501.8207,0.269,0.03117208399777903,2.06,2.02,False,363.48,0.875,,"{""CRX"": {""P"": 10.33, ""power"": 0.212, ""fap"": 0.43482558282816974, ""power_at_rvP"": 0.031}, ""dLW"": {""P"": 5000.0, ""power"": 0.293, ""fap"": 0.0074125805079826015, ""power_at_rvP"": 0.065}, ""Halpha"": {""P"": 20.935, ""power"": 0.233, ""fap"": 0.1755895825531195, ""power_at_rvP"": 0.056}, ""FWHMDRS"": {""P"": 5000.0, ""power"": 0.656, ""fap"": 1.1982612058902124e-15, ""power_at_rvP"": 0.168}, ""BIS"": {""P"": 3048.287, ""power"": 0.476, ""fap"": 3.7854893532261766e-08, ""power_at_rvP"": 0.291}}",,,0,G0wF5,5822.0,8.67,88.9
HD2071,88,86,5103.9,,3.08,-0.16,1353.5212,0.354,0.0013425885093816333,3.03,2.42,False,365.32,0.764,dLW;FWHMDRS,"{""CRX"": {""P"": 24.273, ""power"": 0.185, ""fap"": 0.8148754097330917, ""power_at_rvP"": 0.046}, ""dLW"": {""P"": 1353.521, ""power"": 0.389, ""fap"": 1.8499670640589567e-05, ""power_at_rvP"": 0.389}, ""Halpha"": {""P"": 35.861, ""power"": 0.302, ""fap"": 0.0037634636641180716, ""power_at_rvP"": 0.152}, ""FWHMDRS"": {""P"": 1301.738, ""power"": 0.312, ""fap"": 0.0021067143212415746, ""power_at_rvP"": 0.289}, ""BIS"": {""P"": 2728.197, ""power"": 0.552, ""fap"": 6.818911302556067e-11, ""power_at_rvP"": 0.256}}",,,0,G2V,5739.7,7.27,28.35
HD20781,237,227,5014.2,,3.41,0.15,29.1515,0.332,1.0073677116839588e-15,2.79,2.78,True,4762.54,0.581,,"{""CRX"": {""P"": 1179.014, ""power"": 0.165, ""fap"": 1.8766741942060005e-05, ""power_at_rvP"": 0.003}, ""dLW"": {""P"": 5000.0, ""power"": 0.264, ""fap"": 1.8469124160439758e-11, ""power_at_rvP"": 0.005}, ""Halpha"": {""P"": 324.481, ""power"": 0.091, ""fap"": 0.16965072533932465, ""power_at_rvP"": 0.006}, ""FWHMDRS"": {""P"": 5000.0, ""power"": 0.464, ""fap"": 1.0149832399260783e-26, ""power_at_rvP"": 0.02}, ""BIS"": {""P"": 5000.0, ""power"": 0.295, ""fap"": 1.6623555390343877e-13, ""power_at_rvP"": 0.005}}","HD 20781 b(5.314 d,Radial Velocity);HD 20781 c(13.89 d,Radial Velocity);HD 20781 e(85.507 d,Radial Velocity);HD 20781 d(29.158 d,Radial Velocity)",HD 20781 c;HD 20781 d,4,G9.5V,,8.44,
HD20782,87,78,5108.9,,14.8,-0.11,575.8543,0.525,3.883716623656635e-08,15.04,10.2,False,366.97,0.501,,"{""CRX"": {""P"": 814.578, ""power"": 0.248, ""fap"": 0.13950756370914077, ""power_at_rvP"": 0.156}, ""dLW"": {""P"": 5000.0, ""power"": 0.391, ""fap"": 3.9630415979742546e-05, ""power_at_rvP"": 0.004}, ""Halpha"": {""P"": 40.015, ""power"": 0.194, ""fap"": 0.8742196364912732, ""power_at_rvP"": 0.012}, ""FWHMDRS"": {""P"": 345.852, ""power"": 0.314, ""fap"": 0.0043351170835042125, ""power_at_rvP"": 0.009}, ""BIS"": {""P"": 5000.0, ""power"": 0.431, ""fap"": 2.8158159830073106e-06, ""power_at_rvP"": 0.001}}","HD 20782 b(597.064 d,Radial Velocity)",HD 20782 b,1,G1.5V,,7.38,36.02
HD207832,73,58,3641.0,,13.94,-0.56,160.5487,0.714,1.7582615872330007e-11,22.53,8.47,False,3922.64,0.849,,"{""CRX"": {""P"": 1.773, ""power"": 0.268, ""fap"": 0.7226642418408716, ""power_at_rvP"": 0.031}, ""dLW"": {""P"": 4.712, ""power"": 0.259, ""fap"": 0.8267734385203058, ""power_at_rvP"": 0.024}, ""Halpha"": {""P"": 11.99, ""power"": 0.229, ""fap"": 0.9922342522855443, ""power_at_rvP"": 0.04}, ""FWHMDRS"": {""P"": 5.699, ""power"": 0.278, ""fap"": 0.6046198920123936, ""power_at_rvP"": 0.026}, ""BIS"": {""P"": 2.614, ""power"": 0.278, ""fap"": 0.6022112129443841, ""power_at_rvP"": 0.001}}","HD 207832 b(160.07 d,Radial Velocity);HD 207832 c(1155.7 d,Radial Velocity)",HD 207832 b,2,G5V,5737.2,8.79,59.03
HD207869,115,79,5034.2,,2.07,0.17,34.5142,0.232,0.6349833944753357,1.38,1.68,False,363.3,0.63,,"{""CRX"": {""P"": 30.234, ""power"": 0.186, ""fap"": 0.9872471355846848, ""power_at_rvP"": 0.028}, ""dLW"": {""P"": 58.43, ""power"": 0.079, ""fap"": 1.0, ""power_at_rvP"": 0.037}, ""Halpha"": {""P"": 115.842, ""power"": 0.258, ""fap"": 0.15106822453764557, ""power_at_rvP"": 0.024}, ""FWHMDRS"": {""P"": 5000.0, ""power"": 0.667, ""fap"": 2.3606438452336037e-14, ""power_at_rvP"": 0.009}, ""BIS"": {""P"": 437.491, ""power"": 0.619, ""fap"": 3.613518087880574e-12, ""power_at_rvP"": 0.034}}",,,0,G6V,,8.97,51.18
HD20794,489,62,171.8,,1.28,-5.63,1.2222,0.305,0.012244204027322203,0.9,1.18,False,312.33,0.678,,"{""CRX"": {""P"": 25.823, ""power"": 0.23, ""fap"": 0.18978482920932097, ""power_at_rvP"": 0.01}, ""dLW"": {""P"": 343.573, ""power"": 0.849, ""fap"": 1.2692871500949686e-21, ""power_at_rvP"": 0.004}, ""Halpha"": {""P"": 156.137, ""power"": 0.325, ""fap"": 0.005529555250247764, ""power_at_rvP"": 0.096}, ""FWHMDRS"": {""P"": 13.575, ""power"": 0.332, ""fap"": 0.004018718248638494, ""power_at_rvP"": 0.015}, ""BIS"": {""P"": 343.573, ""power"": 0.264, ""fap"": 0.05890443798592228, ""power_at_rvP"": 0.025}}","HD 20794 f(647.6 d,Radial Velocity);HD 20794 d(89.68 d,Radial Velocity);HD 20794 b(18.314 d,Radial Velocity);HD 20794 e(147.02 d,Radial Velocity)",,4,G6V,,4.27,6.0
HD208487,65,33,4986.2,,27.51,4.62,129.6873,0.896,2.725288612446654e-05,25.4,4.17,False,4164.73,0.989,,"{""CRX"": {""P"": 7.046, ""power"": 0.44, ""fap"": 0.9674704446176076, ""power_at_rvP"": 0.004}, ""dLW"": {""P"": 733.552, ""power"": 0.664, ""fap"": 0.0025803269453430746, ""power_at_rvP"": 0.036}, ""Halpha"": {""P"": 220.652, ""power"": 0.537, ""fap"": 0.21510591921371033, ""power_at_rvP"": 0.303}, ""FWHMDRS"": {""P"": 2699.25, ""power"": 0.94, ""fap"": 4.1878572760642554e-14, ""power_at_rvP"": 0.771}, ""BIS"": {""P"": 2774.344, ""power"": 0.778, ""fap"": 6.982124261326863e-06, ""power_at_rvP"": 0.709}}","HD 208487 b(129.36 d,Radial Velocity)",HD 208487 b,1,G1/3(V),6067.0,7.47,45.21
HD20852,47,46,5028.2,,24.35,1.84,2.7205,0.386,0.5079107041465959,22.47,19.74,False,4763.17,0.516,,"{""CRX"": {""P"": 11.792, ""power"": 0.247, ""fap"": 0.9999999459039213, ""power_at_rvP"": 0.105}, ""dLW"": {""P"": 965.903, ""power"": 0.357, ""fap"": 0.49282946497036434, ""power_at_rvP"": 0.054}, ""Halpha"": {""P"": 383.662, ""power"": 0.388, ""fap"": 0.21721517100808935, ""power_at_rvP"": 0.026}, ""FWHMDRS"": {""P"": 1004.495, ""power"": 0.404, ""fap"": 0.13174014516985538, ""power_at_rvP"": 0.028}, ""BIS"": {""P"": 14.305, ""power"": 0.287, ""fap"": 0.9962576569664436, ""power_at_rvP"": 0.056}}",,,0,F2V,6788.0,6.92,51.78
HD20868,51,51,1764.1,,70.38,1.68,127.8306,0.521,0.0001299249734271321,67.83,48.8,False,3207.48,0.89,,"{""CRX"": {""P"": 7.23, ""power"": 0.304, ""fap"": 0.4837112320694529, ""power_at_rvP"": 0.074}, ""dLW"": {""P"": 171.268, ""power"": 0.273, ""fap"": 0.8167736160456834, ""power_at_rvP"": 0.043}, ""Halpha"": {""P"": 4.783, ""power"": 0.274, ""fap"": 0.8075856998549014, ""power_at_rvP"": 0.003}, ""FWHMDRS"": {""P"": 326.679, ""power"": 0.269, ""fap"": 0.8607252440375194, ""power_at_rvP"": 0.08}, ""BIS"": {""P"": 1.457, ""power"": 0.303, ""fap"": 0.48879053404947637, ""power_at_rvP"": 0.016}}","HD 20868 b(380.85 d,Radial Velocity)",,1,K3/4III/V,,9.93,47.79
HD208704,73,72,4845.9,,3.34,-0.01,24.905,0.364,0.002259448462400946,3.04,2.63,False,365.19,0.718,,"{""CRX"": {""P"": 50.998, ""power"": 0.218, ""fap"": 0.8114980401449607, ""power_at_rvP"": 0.026}, ""dLW"": {""P"": 48.57, ""power"": 0.139, ""fap"": 0.9999999999999994, ""power_at_rvP"": 0.011}, ""Halpha"": {""P"": 369.364, ""power"": 0.478, ""fap"": 2.7198728993663897e-06, ""power_at_rvP"": 0.048}, ""FWHMDRS"": {""P"": 2663.742, ""power"": 0.566, ""fap"": 5.377863438084106e-09, ""power_at_rvP"": 0.119}, ""BIS"": {""P"": 2818.688, ""power"": 0.599, ""fap"": 3.626733510214948e-10, ""power_at_rvP"": 0.066}}",,,0,G1V,5865.0,7.17,34.42
HD208,42,37,4337.1,,2.2,-0.09,11.7228,0.325,0.9999999957383351,1.3,1.94,False,367.01,0.88,,"{""CRX"": {""P"": 122.283, ""power"": 0.403, ""fap"": 0.777429199422027, ""power_at_rvP"": 0.078}, ""dLW"": {""P"": 847.511, ""power"": 0.562, ""fap"": 0.009058647786663623, ""power_at_rvP"": 0.027}, ""Halpha"": {""P"": 46.476, ""power"": 0.342, ""fap"": 0.9992161990342324, ""power_at_rvP"": 0.019}, ""FWHMDRS"": {""P"": 5000.0, ""power"": 0.484, ""fap"": 0.12875589446062743, ""power_at_rvP"": 0.203}, ""BIS"": {""P"": 39.948, ""power"": 0.357, ""fap"": 0.993013684617169, ""power_at_rvP"": 0.02}}",,,0,G1V,6013.0,8.19,52.6
HD210277,40,27,4148.8,,18.65,3.8,407.5426,0.94,1.6434775352793977e-09,25.2,4.33,False,4028.88,0.997,,"{""CRX"": {""P"": 14.525, ""power"": 0.577, ""fap"": 0.4798564280593398, ""power_at_rvP"": 0.28}, ""dLW"": {""P"": 2149.868, ""power"": 0.877, ""fap"": 5.71184879445079e-07, ""power_at_rvP"": 0.233}, ""Halpha"": {""P"": 4.448, ""power"": 0.515, ""fap"": 0.9514967853392977, ""power_at_rvP"": 0.212}, ""FWHMDRS"": {""P"": 1.451, ""power"": 0.559, ""fap"": 0.6495944392375995, ""power_at_rvP"": 0.013}, ""BIS"": {""P"": 1245.948, ""power"": 0.91, ""fap"": 1.5861039205097608e-08, ""power_at_rvP"": 0.041}}","HD 210277 b(442.19 d,Radial Velocity)",,1,G8V,,8.57,21.31
HD210752,47,36,4275.3,,1.44,0.05,2.6279,0.387,0.9670451566589029,1.14,1.13,False,363.69,0.953,,"{""CRX"": {""P"": 4.678, ""power"": 0.394, ""fap"": 0.9460468332709624, ""power_at_rvP"": 0.067}, ""dLW"": {""P"": 383.252, ""power"": 0.384, ""fap"": 0.9775381189394851, ""power_at_rvP"": 0.013}, ""Halpha"": {""P"": 1.661, ""power"": 0.464, ""fap"": 0.3592225645649329, ""power_at_rvP"": 0.122}, ""FWHMDRS"": {""P"": 221.454, ""power"": 0.719, ""fap"": 1.7601420708895784e-05, ""power_at_rvP"": 0.009}, ""BIS"": {""P"": 188.292, ""power"": 0.668, ""fap"": 0.00025323140876841097, ""power_at_rvP"": 0.039}}",,,0,G1V,6052.0,7.4,
HD210797,40,40,5165.0,,37.16,-16.29,5000.0,0.554,0.31679576665097103,5.89,3.93,False,368.05,0.712,,"{""CRX"": {""P"": 2.996, ""power"": 0.302, ""fap"": 0.9999991435888452, ""power_at_rvP"": 0.031}, ""dLW"": {""P"": 1.305, ""power"": 0.379, ""fap"": 0.8491880134544424, ""power_at_rvP"": 0.129}, ""Halpha"": {""P"": 10.807, ""power"": 0.376, ""fap"": 0.8731827397360548, ""power_at_rvP"": 0.075}, ""FWHMDRS"": {""P"": 4.838, ""power"": 0.496, ""fap"": 0.04951257830644088, ""power_at_rvP"": 0.381}, ""BIS"": {""P"": 1.404, ""power"": 0.296, ""fap"": 0.9999998975287999, ""power_at_rvP"": 0.106}}",,,0,G8V,,10.04,64.27
HD21132,115,91,3994.0,,3.06,-0.38,1.6236,0.187,0.6237617480559691,1.57,2.84,False,368.14,0.583,,"{""CRX"": {""P"": 1.958, ""power"": 0.181, ""fap"": 0.7451447096525725, ""power_at_rvP"": 0.041}, ""dLW"": {""P"": 8.138, ""power"": 0.182, ""fap"": 0.7362711350438266, ""power_at_rvP"": 0.005}, ""Halpha"": {""P"": 183.217, ""power"": 0.333, ""fap"": 0.0002557300326205794, ""power_at_rvP"": 0.025}, ""FWHMDRS"": {""P"": 1354.424, ""power"": 0.162, ""fap"": 0.9716857592434304, ""power_at_rvP"": 0.015}, ""BIS"": {""P"": 1.715, ""power"": 0.188, ""fap"": 0.6123387509766076, ""power_at_rvP"": 0.029}}",,,0,F5/6V,6287.5,7.86,52.01
HD21209A,65,64,4720.1,,3.02,0.61,14.0145,0.286,0.38690066849882737,2.23,2.49,False,4748.49,0.798,,"{""CRX"": {""P"": 1.395, ""power"": 0.208, ""fap"": 0.9992592334117107, ""power_at_rvP"": 0.03}, ""dLW"": {""P"": 2.573, ""power"": 0.104, ""fap"": 1.0, ""power_at_rvP"": 0.027}, ""Halpha"": {""P"": 366.063, ""power"": 0.117, ""fap"": 1.0, ""power_at_rvP"": 0.038}, ""FWHMDRS"": {""P"": 3385.943, ""power"": 0.537, ""fap"": 9.301878925486656e-07, ""power_at_rvP"": 0.048}, ""BIS"": {""P"": 2786.308, ""power"": 0.698, ""fap"": 2.3572657437660907e-12, ""power_at_rvP"": 0.026}}",,,0,K3.5V,,8.59,19.3
HD215497,116,105,1855.0,,6.11,-2.48,588.8438,0.594,1.1511554845388395e-16,8.95,3.9,False,3372.62,0.849,,"{""CRX"": {""P"": 81.175, ""power"": 0.19, ""fap"": 0.08140349826926006, ""power_at_rvP"": 0.016}, ""dLW"": {""P"": 58.977, ""power"": 0.167, ""fap"": 0.2871179513183533, ""power_at_rvP"": 0.062}, ""Halpha"": {""P"": 77.285, ""power"": 0.246, ""fap"": 0.002502235499149823, ""power_at_rvP"": 0.047}, ""FWHMDRS"": {""P"": 3709.908, ""power"": 0.281, ""fap"": 0.00024035739111210645, ""power_at_rvP"": 0.012}, ""BIS"": {""P"": 3709.908, ""power"": 0.273, ""fap"": 0.0004164769398192183, ""power_at_rvP"": 0.012}}","HD 215497 b(3.934 d,Radial Velocity);HD 215497 c(566.0 d,Radial Velocity)",HD 215497 c,2,K3V,4993.9,8.95,40.59
HD215641,104,43,1639.4,,23.17,1.42,376.844,0.49,0.0658338594715028,15.41,11.67,False,207.5,0.627,,"{""CRX"": {""P"": 1.754, ""power"": 0.393, ""fap"": 0.18818201495406187, ""power_at_rvP"": 0.063}, ""dLW"": {""P"": 9.775, ""power"": 0.254, ""fap"": 0.9999673993570679, ""power_at_rvP"": 0.06}, ""Halpha"": {""P"": 1725.593, ""power"": 0.713, ""fap"": 8.423391985524678e-08, ""power_at_rvP"": 0.122}, ""FWHMDRS"": {""P"": 62.687, ""power"": 0.202, ""fap"": 0.9999999999999997, ""power_at_rvP"": 0.038}, ""BIS"": {""P"": 14.889, ""power"": 0.376, ""fap"": 0.29474402916078396, ""power_at_rvP"": 0.023}}",,,0,G8V,,7.58,27.41
HD215906,65,40,2956.0,,2.78,0.09,1.2374,0.323,0.9966645144448776,1.87,2.43,False,363.08,0.973,,"{""CRX"": {""P"": 391.967, ""power"": 0.375, ""fap"": 0.5906781867251001, ""power_at_rvP"": 0.067}, ""dLW"": {""P"": 5000.0, ""power"": 0.602, ""fap"": 0.000344148815009603, ""power_at_rvP"": 0.02}, ""Halpha"": {""P"": 5000.0, ""power"": 0.505, ""fap"": 0.015547761136529305, ""power_at_rvP"": 0.034}, ""FWHMDRS"": {""P"": 1059.011, ""power"": 0.55, ""fap"": 0.0029495490471318653, ""power_at_rvP"": 0.069}, ""BIS"": {""P"": 139.158, ""power"": 0.529, ""fap"": 0.006586774106100711, ""power_at_rvP"": 0.093}}",,,0,F6/7V,6234.0,7.76,57.97
HD216437,67,32,2538.0,,6.87,-4.96,5000.0,0.912,2.2216022528350546e-11,96.14,2.02,False,2518.83,1.0,,"{""CRX"": {""P"": 5000.0, ""power"": 0.509, ""fap"": 0.2410270611298792, ""power_at_rvP"": 0.509}, ""dLW"": {""P"": 3859.471, ""power"": 0.87, ""fap"": 2.840585574597718e-09, ""power_at_rvP"": 0.87}, ""Halpha"": {""P"": 12.137, ""power"": 0.448, ""fap"": 0.7336490819976773, ""power_at_rvP"": 0.393}, ""FWHMDRS"": {""P"": 2018.106, ""power"": 0.283, ""fap"": 1.0, ""power_at_rvP"": 0.28}, ""BIS"": {""P"": 2018.106, ""power"": 0.317, ""fap"": 0.9999999996889392, ""power_at_rvP"": 0.315}}","HD 216437 b(1359.0 d,Radial Velocity)",,1,G1VFe+0.3,5870.0,6.05,26.71
HD216770,83,46,5310.3,,26.44,-5.81,116.0406,0.822,2.467559879639917e-10,16.47,5.79,False,2456.12,0.847,,"{""CRX"": {""P"": 1307.284, ""power"": 0.344, ""fap"": 0.8643964233002154, ""power_at_rvP"": 0.167}, ""dLW"": {""P"": 25.13, ""power"": 0.478, ""fap"": 0.019451781994043602, ""power_at_rvP"": 0.055}, ""Halpha"": {""P"": 25.953, ""power"": 0.349, ""fap"": 0.8203378520861865, ""power_at_rvP"": 0.113}, ""FWHMDRS"": {""P"": 3632.059, ""power"": 0.886, ""fap"": 3.315354148157787e-16, ""power_at_rvP"": 0.23}, ""BIS"": {""P"": 3511.955, ""power"": 0.902, ""fap"": 1.3951472020508347e-17, ""power_at_rvP"": 0.148}}","HD 216770 b(118.45 d,Radial Velocity)",HD 216770 b,1,G9VCN+1,,8.1,36.7
HD21693,213,211,4105.8,,4.54,0.72,53.7599,0.264,2.1276344948760986e-10,3.3,3.87,False,364.27,0.612,,"{""CRX"": {""P"": 4457.195, ""power"": 0.195, ""fap"": 2.024176740402487e-06, ""power_at_rvP"": 0.007}, ""dLW"": {""P"": 4227.713, ""power"": 0.764, ""fap"": 3.2058639623318737e-61, ""power_at_rvP"": 0.01}, ""Halpha"": {""P"": 2.711, ""power"": 0.081, ""fap"": 0.6961634406240547, ""power_at_rvP"": 0.006}, ""FWHMDRS"": {""P"": 4227.713, ""power"": 0.789, ""fap"": 2.6272216128051606e-66, ""power_at_rvP"": 0.015}, ""BIS"": {""P"": 3229.937, ""power"": 0.541, ""fap"": 1.9803991769650696e-31, ""power_at_rvP"": 0.014}}","HD 21693 b(22.679 d,Radial Velocity);HD 21693 c(53.736 d,Radial Velocity)",HD 21693 c,2,G9IV-V,,7.94,33.29
HD218504,70,61,3959.1,,1.87,-0.09,26.6347,0.286,0.3974396161202193,1.46,1.58,False,755.28,0.933,,"{""CRX"": {""P"": 1.833, ""power"": 0.251, ""fap"": 0.8363753590859054, ""power_at_rvP"": 0.012}, ""dLW"": {""P"": 1588.82, ""power"": 0.661, ""fap"": 4.43906027138921e-10, ""power_at_rvP"": 0.009}, ""Halpha"": {""P"": 1.625, ""power"": 0.343, ""fap"": 0.05083611857199197, ""power_at_rvP"": 0.047}, ""FWHMDRS"": {""P"": 1621.353, ""power"": 0.576, ""fap"": 2.5727300997530077e-07, ""power_at_rvP"": 0.004}, ""BIS"": {""P"": 3.614, ""power"": 0.239, ""fap"": 0.9396594100737019, ""power_at_rvP"": 0.024}}",,,0,G1/2wF3,6009.0,8.11,62.81
HD219057,54,52,2199.0,,6.07,-2.16,13.7818,0.44,0.004337348601395358,5.07,4.19,False,3998.16,0.827,,"{""CRX"": {""P"": 29.26, ""power"": 0.397, ""fap"": 0.024074442090540243, ""power_at_rvP"": 0.095}, ""dLW"": {""P"": 19.73, ""power"": 0.378, ""fap"": 0.04971224927099329, ""power_at_rvP"": 0.126}, ""Halpha"": {""P"": 62.028, ""power"": 0.506, ""fap"": 0.0002286640503481796, ""power_at_rvP"": 0.085}, ""FWHMDRS"": {""P"": 13.561, ""power"": 0.361, ""fap"": 0.09118502687257847, ""power_at_rvP"": 0.011}, ""BIS"": {""P"": 77.699, ""power"": 0.449, ""fap"": 0.0030430306741040867, ""power_at_rvP"": 0.02}}",,,0,G3V,5800.5,9.625,86.76
HD219828,94,93,3750.8,,102.04,-0.82,2419.5946,0.543,1.5019031666107453e-10,126.69,69.06,False,365.92,0.775,,"{""CRX"": {""P"": 33.325, ""power"": 0.21, ""fap"": 0.20865356607715585, ""power_at_rvP"": 0.036}, ""dLW"": {""P"": 5000.0, ""power"": 0.485, ""fap"": 1.9573934936968253e-09, ""power_at_rvP"": 0.051}, ""Halpha"": {""P"": 5.294, ""power"": 0.226, ""fap"": 0.09160759927231017, ""power_at_rvP"": 0.029}, ""FWHMDRS"": {""P"": 5000.0, ""power"": 0.597, ""fap"": 3.904046012029179e-14, ""power_at_rvP"": 0.157}, ""BIS"": {""P"": 2.12, ""power"": 0.171, ""fap"": 0.8368041641233795, ""power_at_rvP"": 0.036}}","HD 219828 b(3.835 d,Radial Velocity);HD 219828 c(4789.873 d,Radial Velocity)",HD 219828 c,2,G0IV,5831.5,8.01,73.27
HD22049,541,28,4304.1,,12.68,-2.35,1.4455,0.779,0.00014486155967168157,11.36,5.8,False,4057.32,0.966,,"{""CRX"": {""P"": 8.17, ""power"": 0.595, ""fap"": 0.18964913201112307, ""power_at_rvP"": 0.198}, ""dLW"": {""P"": 1073.113, ""power"": 0.543, ""fap"": 0.5786147300897615, ""power_at_rvP"": 0.129}, ""Halpha"": {""P"": 5.314, ""power"": 0.534, ""fap"": 0.6619439084783325, ""power_at_rvP"": 0.264}, ""FWHMDRS"": {""P"": 13.366, ""power"": 0.271, ""fap"": 1.0, ""power_at_rvP"": 0.049}, ""BIS"": {""P"": 46.55, ""power"": 0.576, ""fap"": 0.42063998700377936, ""power_at_rvP"": 0.016}}","eps Eri b(2680.0 d,Radial Velocity)",,1,K2V,,3.73,3.2
HD220507,209,204,5109.1,,1.54,-0.07,75.6648,0.105,0.2003125382304271,0.66,1.47,False,364.36,0.766,,"{""CRX"": {""P"": 45.344, ""power"": 0.1, ""fap"": 0.28989418221188157, ""power_at_rvP"": 0.033}, ""dLW"": {""P"": 5000.0, ""power"": 0.594, ""fap"": 1.4335672488637946e-35, ""power_at_rvP"": 0.007}, ""Halpha"": {""P"": 377.836, ""power"": 0.261, ""fap"": 1.407068703854187e-09, ""power_at_rvP"": 0.009}, ""FWHMDRS"": {""P"": 3471.265, ""power"": 0.58, ""fap"": 4.504861707417615e-34, ""power_at_rvP"": 0.005}, ""BIS"": {""P"": 3724.309, ""power"": 0.69, ""fap"": 2.818927058491172e-47, ""power_at_rvP"": 0.013}}",,,0,G5V,5678.6,7.58,43.33
HD221503,48,47,3281.9,,15.82,0.14,11.7731,0.556,0.00018770532983336676,15.99,11.12,False,370.56,0.878,,"{""CRX"": {""P"": 16.752, ""power"": 0.312, ""fap"": 0.8724140558221655, ""power_at_rvP"": 0.095}, ""dLW"": {""P"": 11.798, ""power"": 0.376, ""fap"": 0.2419967456468891, ""power_at_rvP"": 0.225}, ""Halpha"": {""P"": 11.771, ""power"": 0.347, ""fap"": 0.506071011800893, ""power_at_rvP"": 0.345}, ""FWHMDRS"": {""P"": 5000.0, ""power"": 0.799, ""fap"": 1.12558664419728e-11, ""power_at_rvP"": 0.018}, ""BIS"": {""P"": 7.694, ""power"": 0.323, ""fap"": 0.7783680319221086, ""power_at_rvP"": 0.031}}",,,0,K6V,,8.607,14.56
HD221580,54,48,1449.0,,20.62,-3.45,31.4987,0.307,0.5970905811911148,16.1,16.64,False,371.53,0.818,,"{""CRX"": {""P"": 19.848, ""power"": 0.28, ""fap"": 0.8750487976027249, ""power_at_rvP"": 0.103}, ""dLW"": {""P"": 2.73, ""power"": 0.332, ""fap"": 0.3505795070514195, ""power_at_rvP"": 0.02}, ""Halpha"": {""P"": 178.882, ""power"": 0.269, ""fap"": 0.9426403179367474, ""power_at_rvP"": 0.032}, ""FWHMDRS"": {""P"": 2898.006, ""power"": 0.248, ""fap"": 0.9936323524686848, ""power_at_rvP"": 0.015}, ""BIS"": {""P"": 44.928, ""power"": 0.313, ""fap"": 0.5429441292291873, ""power_at_rvP"": 0.034}}",,,0,G8/K1wF,5345.3,9.21,591.3
HD222582,47,28,3418.7,,22.06,-1.74,869.0503,0.996,3.021358974763988e-25,74.17,1.5,False,1723.33,1.0,,"{""CRX"": {""P"": 1.644, ""power"": 0.343, ""fap"": 0.9999999999999996, ""power_at_rvP"": 0.068}, ""dLW"": {""P"": 2030.385, ""power"": 0.635, ""fap"": 0.04107181624464628, ""power_at_rvP"": 0.3}, ""Halpha"": {""P"": 33.26, ""power"": 0.623, ""fap"": 0.05839738235268837, ""power_at_rvP"": 0.051}, ""FWHMDRS"": {""P"": 18.133, ""power"": 0.187, ""fap"": 1.0, ""power_at_rvP"": 0.001}, ""BIS"": {""P"": 1.375, ""power"": 0.297, ""fap"": 1.0, ""power_at_rvP"": 0.001}}","HD 222582 b(572.38 d,Radial Velocity)",,1,G5V,5793.0,7.69,42.21
HD222669,73,56,4012.0,,4.58,-0.26,1669.9864,0.295,0.562830473194826,3.4,3.8,False,3481.42,0.855,,"{""CRX"": {""P"": 7.548, ""power"": 0.12, ""fap"": 1.0, ""power_at_rvP"": 0.006}, ""dLW"": {""P"": 178.688, ""power"": 0.386, ""fap"": 0.0026656616319420253, ""power_at_rvP"": 0.019}, ""Halpha"": {""P"": 1314.367, ""power"": 0.213, ""fap"": 0.9964100792016002, ""power_at_rvP"": 0.053}, ""FWHMDRS"": {""P"": 5000.0, ""power"": 0.573, ""fap"": 2.9260774985772087e-08, ""power_at_rvP"": 0.143}, ""BIS"": {""P"": 5000.0, ""power"": 0.493, ""fap"": 6.706176765716146e-06, ""power_at_rvP"": 0.04}}",,,0,G1V,5890.2,7.69,39.89
HD223171,257,134,5130.0,,3.48,-0.19,50.0841,0.235,0.000559032487048119,2.19,3.08,False,3597.46,0.89,,"{""CRX"": {""P"": 283.014, ""power"": 0.161, ""fap"": 0.16161389001041077, ""power_at_rvP"": 0.03}, ""dLW"": {""P"": 5000.0, ""power"": 0.2, ""fap"": 0.009014062798329803, ""power_at_rvP"": 0.097}, ""Halpha"": {""P"": 2734.52, ""power"": 0.219, ""fap"": 0.0018679006575823183, ""power_at_rvP"": 0.0}, ""FWHMDRS"": {""P"": 2532.061, ""power"": 0.727, ""fap"": 3.9933649127934236e-33, ""power_at_rvP"": 0.016}, ""BIS"": {""P"": 2471.077, ""power"": 0.239, ""fap"": 0.00035403537234503067, ""power_at_rvP"": 0.004}}",,,0,G2V,,6.88,41.4
HD223238,45,43,2201.9,,1.96,-0.14,48.234,0.423,0.32786470301360704,1.91,1.46,False,4003.53,0.83,,"{""CRX"": {""P"": 13.304, ""power"": 0.491, ""fap"": 0.008701187748938483, ""power_at_rvP"": 0.152}, ""dLW"": {""P"": 4403.891, ""power"": 0.531, ""fap"": 0.0018209345342952799, ""power_at_rvP"": 0.044}, ""Halpha"": {""P"": 2.891, ""power"": 0.311, ""fap"": 0.9225865190667359, ""power_at_rvP"": 0.049}, ""FWHMDRS"": {""P"": 3387.585, ""power"": 0.858, ""fap"": 1.6794321214660841e-13, ""power_at_rvP"": 0.131}, ""BIS"": {""P"": 3145.609, ""power"": 0.768, ""fap"": 2.415343615382296e-09, ""power_at_rvP"": 0.165}}",,,0,G5V,,,44.81
HD224383,48,46,2200.9,,2.3,-0.99,144.7897,0.389,0.141481684135748,1.82,1.65,False,366.8,0.806,,"{""CRX"": {""P"": 13.395, ""power"": 0.359, ""fap"": 0.31766112103450667, ""power_at_rvP"": 0.175}, ""dLW"": {""P"": 4401.789, ""power"": 0.545, ""fap"": 0.000352580843649475, ""power_at_rvP"": 0.163}, ""Halpha"": {""P"": 1.46, ""power"": 0.401, ""fap"": 0.09350071943633503, ""power_at_rvP"": 0.006}, ""FWHMDRS"": {""P"": 4401.789, ""power"": 0.242, ""fap"": 0.9999789204052572, ""power_at_rvP"": 0.059}, ""BIS"": {""P"": 4401.789, ""power"": 0.239, ""fap"": 0.9999899392782015, ""power_at_rvP"": 0.066}}",,,0,G3V,,7.88,51.37
HD224685,67,55,3936.1,,2.05,-0.25,2.7095,0.325,0.3368817614260032,1.21,1.72,False,364.88,0.763,,"{""CRX"": {""P"": 39.385, ""power"": 0.131, ""fap"": 1.0, ""power_at_rvP"": 0.025}, ""dLW"": {""P"": 63.243, ""power"": 0.114, ""fap"": 1.0, ""power_at_rvP"": 0.037}, ""Halpha"": {""P"": 1145.128, ""power"": 0.461, ""fap"": 0.0010583360348079105, ""power_at_rvP"": 0.026}, ""FWHMDRS"": {""P"": 25.821, ""power"": 0.141, ""fap"": 1.0, ""power_at_rvP"": 0.036}, ""BIS"": {""P"": 95.797, ""power"": 0.114, ""fap"": 1.0, ""power_at_rvP"": 0.051}}",,,0,G5V,5530.5,9.22,53.33
HD224817,125,102,4266.2,,1.9,0.2,9.9282,0.169,0.6071663452286611,1.06,1.72,False,819.91,0.712,,"{""CRX"": {""P"": 2129.645, ""power"": 0.21, ""fap"": 0.08042207857135841, ""power_at_rvP"": 0.006}, ""dLW"": {""P"": 5000.0, ""power"": 0.501, ""fap"": 2.156801614432118e-11, ""power_at_rvP"": 0.012}, ""Halpha"": {""P"": 370.868, ""power"": 0.168, ""fap"": 0.6120218465282544, ""power_at_rvP"": 0.026}, ""FWHMDRS"": {""P"": 5000.0, ""power"": 0.671, ""fap"": 3.5131497043895656e-20, ""power_at_rvP"": 0.029}, ""BIS"": {""P"": 1.979, ""power"": 0.156, ""fap"": 0.8327323160863703, ""power_at_rvP"": 0.053}}",,,0,G2V,,9.113,71.79
HD24112,41,40,2597.9,,3.49,-0.1,5.5512,0.577,0.0013427462529390036,3.52,2.46,False,4561.06,0.621,,"{""CRX"": {""P"": 1.863, ""power"": 0.332, ""fap"": 0.9804688494259707, ""power_at_rvP"": 0.1}, ""dLW"": {""P"": 1.215, ""power"": 0.334, ""fap"": 0.9764088222662061, ""power_at_rvP"": 0.01}, ""Halpha"": {""P"": 5000.0, ""power"": 0.431, ""fap"": 0.2192858609684022, ""power_at_rvP"": 0.08}, ""FWHMDRS"": {""P"": 1.411, ""power"": 0.401, ""fap"": 0.45348401089668305, ""power_at_rvP"": 0.03}, ""BIS"": {""P"": 147.857, ""power"": 0.338, ""fap"": 0.9643192284154328, ""power_at_rvP"": 0.007}}",,,0,F8V,6124.0,7.24,51.81
HD24633,57,57,5215.8,,123.5,-40.39,22.4966,0.321,0.42046385099170697,20.37,24.34,False,366.19,0.804,,"{""CRX"": {""P"": 5000.0, ""power"": 0.382, ""fap"": 0.03725623129464419, ""power_at_rvP"": 0.071}, ""dLW"": {""P"": 5000.0, ""power"": 0.585, ""fap"": 1.1949024969361304e-06, ""power_at_rvP"": 0.054}, ""Halpha"": {""P"": 1.637, ""power"": 0.271, ""fap"": 0.9235200297344995, ""power_at_rvP"": 0.076}, ""FWHMDRS"": {""P"": 3174.221, ""power"": 0.547, ""fap"": 1.1781228937294276e-05, ""power_at_rvP"": 0.037}, ""BIS"": {""P"": 3080.483, ""power"": 0.582, ""fap"": 1.4447434208949863e-06, ""power_at_rvP"": 0.018}}",,,0,K0V,5143.7,8.87,46.2
HD24916,42,20,2971.9,,18.87,-2.87,9.015,0.574,0.9853689318337369,5.57,16.81,False,60.72,0.91,,"{""CRX"": {""P"": 3.55, ""power"": 0.455, ""fap"": 0.9364217996415529, ""power_at_rvP"": 0.115}, ""dLW"": {""P"": 8.223, ""power"": 0.543, ""fap"": 0.2815934693196581, ""power_at_rvP"": 0.125}, ""Halpha"": {""P"": 8.223, ""power"": 0.535, ""fap"": 0.335772233602042, ""power_at_rvP"": 0.129}, ""FWHMDRS"": {""P"": 3992.405, ""power"": 0.9, ""fap"": 2.4746572612575594e-09, ""power_at_rvP"": 0.021}, ""BIS"": {""P"": 2210.541, ""power"": 0.646, ""fap"": 0.014571043242272647, ""power_at_rvP"": 0.199}}",,,0,K4V,4640.5,8.014,15.3
HD25171,58,58,5074.1,,7.77,0.28,1740.7663,0.829,1.125160030774237e-12,13.11,3.6,False,365.96,0.599,,"{""CRX"": {""P"": 1.998, ""power"": 0.319, ""fap"": 0.3147635742156148, ""power_at_rvP"": 0.06}, ""dLW"": {""P"": 64.997, ""power"": 0.339, ""fap"": 0.16095811802662308, ""power_at_rvP"": 0.07}, ""Halpha"": {""P"": 38.449, ""power"": 0.316, ""fap"": 0.3493257307302088, ""power_at_rvP"": 0.093}, ""FWHMDRS"": {""P"": 1.792, ""power"": 0.297, ""fap"": 0.5839981161747473, ""power_at_rvP"": 0.077}, ""BIS"": {""P"": 2.265, ""power"": 0.284, ""fap"": 0.7500611501780562, ""power_at_rvP"": 0.096}}","HD 25171 b(1802.29 d,Radial Velocity)",HD 25171 b,1,F8V,6127.0,7.78,55.7
HD26923,60,38,4061.9,,8.31,-3.68,5.7231,0.5,0.07270336679162939,6.94,5.39,False,365.52,0.724,,"{""CRX"": {""P"": 2.575, ""power"": 0.47, ""fap"": 0.1953842374680605, ""power_at_rvP"": 0.062}, ""dLW"": {""P"": 126.486, ""power"": 0.488, ""fap"": 0.11911552235480553, ""power_at_rvP"": 0.266}, ""Halpha"": {""P"": 4451.968, ""power"": 0.806, ""fap"": 1.11516823127723e-08, ""power_at_rvP"": 0.274}, ""FWHMDRS"": {""P"": 418.207, ""power"": 0.73, ""fap"": 2.8930712217533524e-06, ""power_at_rvP"": 0.339}, ""BIS"": {""P"": 4451.968, ""power"": 0.648, ""fap"": 0.0002507625042896641, ""power_at_rvP"": 0.092}}",,,0,G0IV,6052.0,,22.09
HD26965,554,87,4535.7,,2.17,-0.07,42.3661,0.317,0.0022142083897671713,1.46,1.72,False,3342.07,0.586,,"{""CRX"": {""P"": 1809.085, ""power"": 0.367, ""fap"": 0.00010837007604577838, ""power_at_rvP"": 0.045}, ""dLW"": {""P"": 2737.035, ""power"": 0.502, ""fap"": 5.774910947834967e-09, ""power_at_rvP"": 0.015}, ""Halpha"": {""P"": 914.965, ""power"": 0.347, ""fap"": 0.00038963148449677184, ""power_at_rvP"": 0.0}, ""FWHMDRS"": {""P"": 361.197, ""power"": 0.069, ""fap"": 1.0, ""power_at_rvP"": 0.018}, ""BIS"": {""P"": 361.197, ""power"": 0.076, ""fap"": 1.0, ""power_at_rvP"": 0.017}}",,,0,K0V,,4.43,5.04
HD27063,45,41,1575.8,,5.11,2.94,3.4442,0.365,0.5204476727035173,4.45,4.21,False,2865.09,0.795,,"{""CRX"": {""P"": 1212.118, ""power"": 0.363, ""fap"": 0.5238102660318701, ""power_at_rvP"": 0.042}, ""dLW"": {""P"": 173.157, ""power"": 0.428, ""fap"": 0.10388647584196838, ""power_at_rvP"": 0.003}, ""Halpha"": {""P"": 74.152, ""power"": 0.456, ""fap"": 0.04316599182998013, ""power_at_rvP"": 0.019}, ""FWHMDRS"": {""P"": 1432.509, ""power"": 0.476, ""fap"": 0.022195543019746817, ""power_at_rvP"": 0.045}, ""BIS"": {""P"": 47.39, ""power"": 0.462, ""fap"": 0.03546600929582105, ""power_at_rvP"": 0.027}}",,,0,G3V,5811.7,8.07,43.13
HD27536,113,39,913.6,,26.9,-22.25,146.1615,0.645,3.106200327816286e-05,23.76,18.6,False,27.47,0.588,CRX;FWHMDRS,"{""CRX"": {""P"": 234.235, ""power"": 0.737, ""fap"": 2.3133314248907972e-07, ""power_at_rvP"": 0.386}, ""dLW"": {""P"": 326.257, ""power"": 0.909, ""fap"": 2.125091336928532e-15, ""power_at_rvP"": 0.139}, ""Halpha"": {""P"": 299.515, ""power"": 0.459, ""fap"": 0.05378451737115507, ""power_at_rvP"": 0.034}, ""FWHMDRS"": {""P"": 148.538, ""power"": 0.602, ""fap"": 0.00029452132628935476, ""power_at_rvP"": 0.579}, ""BIS"": {""P"": 332.19, ""power"": 0.7, ""fap"": 2.2151002639957554e-06, ""power_at_rvP"": 0.049}}",,,0,K0III,5025.5,6.154,64.17
HD27894,96,54,5283.7,,115.58,-19.48,34.5884,0.493,0.001007706079568654,47.7,35.89,False,4204.28,0.966,,"{""CRX"": {""P"": 6.942, ""power"": 0.303, ""fap"": 0.8918532084380985, ""power_at_rvP"": 0.002}, ""dLW"": {""P"": 335.324, ""power"": 0.544, ""fap"": 7.331345333008055e-05, ""power_at_rvP"": 0.046}, ""Halpha"": {""P"": 365.478, ""power"": 0.513, ""fap"": 0.0003689720376207033, ""power_at_rvP"": 0.248}, ""FWHMDRS"": {""P"": 370.605, ""power"": 0.306, ""fap"": 0.86584974261997, ""power_at_rvP"": 0.119}, ""BIS"": {""P"": 968.275, ""power"": 0.29, ""fap"": 0.9689998667226454, ""power_at_rvP"": 0.107}}","HD 27894 d(5019.542 d,Radial Velocity);HD 27894 b(18.019 d,Radial Velocity);HD 27894 c(36.07 d,Radial Velocity)",HD 27894 b;HD 27894 c,3,K2V,,9.42,43.88
HD28254,65,60,4585.6,,9.79,-1.32,1545.4392,0.581,1.1531561450563206e-05,8.89,6.32,False,375.33,0.653,,"{""CRX"": {""P"": 5.953, ""power"": 0.241, ""fap"": 0.9549753319507659, ""power_at_rvP"": 0.005}, ""dLW"": {""P"": 5000.0, ""power"": 0.322, ""fap"": 0.12830575944776362, ""power_at_rvP"": 0.004}, ""Halpha"": {""P"": 18.12, ""power"": 0.282, ""fap"": 0.49683733634898475, ""power_at_rvP"": 0.055}, ""FWHMDRS"": {""P"": 5000.0, ""power"": 0.406, ""fap"": 0.0033423919802611592, ""power_at_rvP"": 0.017}, ""BIS"": {""P"": 1.203, ""power"": 0.243, ""fap"": 0.94468083436869, ""power_at_rvP"": 0.002}}","HD 28254 b(1333.0 d,Radial Velocity)",,1,G5V,5545.0,7.684,55.38
HD285968,117,106,5162.8,,8.15,-1.36,8.776,0.373,1.145665619467504e-06,4.11,3.92,False,4188.67,0.855,,"{""CRX"": {""P"": 1822.649, ""power"": 0.201, ""fap"": 0.1757054558074709, ""power_at_rvP"": 0.029}, ""dLW"": {""P"": 2896.27, ""power"": 0.624, ""fap"": 6.517164362896762e-18, ""power_at_rvP"": 0.061}, ""Halpha"": {""P"": 1648.096, ""power"": 0.306, ""fap"": 0.0001766106686053624, ""power_at_rvP"": 0.003}, ""FWHMDRS"": {""P"": 344.584, ""power"": 0.738, ""fap"": 6.676190317269602e-26, ""power_at_rvP"": 0.001}, ""BIS"": {""P"": 345.737, ""power"": 0.704, ""fap"": 6.476578493563852e-23, ""power_at_rvP"": 0.018}}","HD 285968 b(8.784 d,Radial Velocity)",HD 285968 b,1,M2.5V,,9.951,9.47
HD290327,40,39,5125.0,,27.88,6.07,3596.4656,0.802,8.684646109830751e-09,38.07,14.65,False,362.82,0.611,,"{""CRX"": {""P"": 12.475, ""power"": 0.441, ""fap"": 0.30610392494787025, ""power_at_rvP"": 0.167}, ""dLW"": {""P"": 58.62, ""power"": 0.394, ""fap"": 0.764036343900274, ""power_at_rvP"": 0.085}, ""Halpha"": {""P"": 180.612, ""power"": 0.492, ""fap"": 0.06979895881902859, ""power_at_rvP"": 0.225}, ""FWHMDRS"": {""P"": 3.866, ""power"": 0.363, ""fap"": 0.9645829612212654, ""power_at_rvP"": 0.124}, ""BIS"": {""P"": 1.563, ""power"": 0.466, ""fap"": 0.15856492846051842, ""power_at_rvP"": 0.211}}","HD 290327 b(2443.0 d,Radial Velocity)",,1,G0,5545.8,8.94,56.52
HD29488,52,25,1373.1,,1654.23,1236.17,339.0247,0.902,6.868465492606194e-08,2616.28,522.21,False,1525.65,0.881,,"{""CRX"": {""P"": 361.329, ""power"": 0.755, ""fap"": 0.0009373435373683568, ""power_at_rvP"": 0.672}, ""dLW"": {""P"": 185.547, ""power"": 0.581, ""fap"": 0.20101662572861345, ""power_at_rvP"": 0.35}, ""Halpha"": {""P"": 77.793, ""power"": 0.571, ""fap"": 0.2483370184244707, ""power_at_rvP"": 0.126}, ""FWHMDRS"": {""P"": 2.008, ""power"": 0.483, ""fap"": 0.8500856621797854, ""power_at_rvP"": 0.053}, ""BIS"": {""P"": 27.461, ""power"": 0.536, ""fap"": 0.4698975849942816, ""power_at_rvP"": 0.444}}",,,0,A5Vn,7614.2,4.665,49.58
HD297396,104,101,5171.8,,6.05,0.74,4.2684,0.44,1.2006888312520342e-08,5.48,4.39,False,365.9,0.735,,"{""CRX"": {""P"": 2.15, ""power"": 0.167, ""fap"": 0.7804418614011175, ""power_at_rvP"": 0.008}, ""dLW"": {""P"": 2481.227, ""power"": 0.449, ""fap"": 4.051661218879408e-09, ""power_at_rvP"": 0.031}, ""Halpha"": {""P"": 1037.596, ""power"": 0.298, ""fap"": 0.00045713667776863264, ""power_at_rvP"": 0.027}, ""FWHMDRS"": {""P"": 4769.447, ""power"": 0.24, ""fap"": 0.020112900698821552, ""power_at_rvP"": 0.031}, ""BIS"": {""P"": 5000.0, ""power"": 0.276, ""fap"": 0.001933744462965773, ""power_at_rvP"": 0.028}}",,,0,K0,4558.7,10.23,46.32
HD304043,51,49,5181.9,,6.02,0.11,20.1442,0.346,0.5690746819391697,4.13,3.69,False,361.45,0.776,,"{""CRX"": {""P"": 52.217, ""power"": 0.11, ""fap"": 1.0, ""power_at_rvP"": 0.044}, ""dLW"": {""P"": 377.234, ""power"": 0.526, ""fap"": 0.0007125329691450882, ""power_at_rvP"": 0.037}, ""Halpha"": {""P"": 8.236, ""power"": 0.399, ""fap"": 0.12026729335431018, ""power_at_rvP"": 0.096}, ""FWHMDRS"": {""P"": 43.025, ""power"": 0.137, ""fap"": 1.0, ""power_at_rvP"": 0.084}, ""BIS"": {""P"": 1.567, ""power"": 0.177, ""fap"": 1.0, ""power_at_rvP"": 0.071}}","GJ 422 b(20.129 d,Radial Velocity)",GJ 422 b,1,M3.5,,11.516,12.67
HD30669,68,66,5210.8,,6.99,-0.28,1741.4606,0.706,6.463857190096625e-13,8.32,3.77,False,364.58,0.502,,"{""CRX"": {""P"": 1.635, ""power"": 0.286, ""fap"": 0.27888152025335183, ""power_at_rvP"": 0.075}, ""dLW"": {""P"": 5000.0, ""power"": 0.714, ""fap"": 2.372625281561297e-13, ""power_at_rvP"": 0.059}, ""Halpha"": {""P"": 1.294, ""power"": 0.298, ""fap"": 0.17797879271001596, ""power_at_rvP"": 0.007}, ""FWHMDRS"": {""P"": 5000.0, ""power"": 0.496, ""fap"": 8.708335130954226e-06, ""power_at_rvP"": 0.063}, ""BIS"": {""P"": 5000.0, ""power"": 0.537, ""fap"": 6.662071867049886e-07, ""power_at_rvP"": 0.025}}","HD 30669 b(1684.0 d,Radial Velocity)",HD 30669 b,1,G8/K0V,5386.0,9.11,58.18
HD31103,77,73,4769.9,,15.88,-0.87,1.575,0.342,0.0074816979709738975,15.02,14.05,False,368.21,0.414,,"{""CRX"": {""P"": 3.425, ""power"": 0.219, ""fap"": 0.8322076124707648, ""power_at_rvP"": 0.053}, ""dLW"": {""P"": 5000.0, ""power"": 0.259, ""fap"": 0.26723397242195696, ""power_at_rvP"": 0.032}, ""Halpha"": {""P"": 1.546, ""power"": 0.28, ""fap"": 0.11222285021976851, ""power_at_rvP"": 0.024}, ""FWHMDRS"": {""P"": 5000.0, ""power"": 0.531, ""fap"": 6.184120087947595e-08, ""power_at_rvP"": 0.029}, ""BIS"": {""P"": 6.361, ""power"": 0.259, ""fap"": 0.27360967627394533, ""power_at_rvP"": 0.0}}",,,0,G1V,6060.7,8.08,54.64
HD31527,268,255,5053.1,,3.23,-0.17,16.5559,0.389,3.1477985864557707e-23,2.71,2.45,False,4764.29,0.672,,"{""CRX"": {""P"": 361.949, ""power"": 0.238, ""fap"": 1.7707282312157378e-11, ""power_at_rvP"": 0.017}, ""dLW"": {""P"": 4764.286, ""power"": 0.521, ""fap"": 1.533383621462824e-36, ""power_at_rvP"": 0.01}, ""Halpha"": {""P"": 365.881, ""power"": 0.411, ""fap"": 2.1107177651245325e-25, ""power_at_rvP"": 0.006}, ""FWHMDRS"": {""P"": 5000.0, ""power"": 0.61, ""fap"": 8.328865033687802e-48, ""power_at_rvP"": 0.003}, ""BIS"": {""P"": 5000.0, ""power"": 0.301, ""fap"": 3.9269349880341297e-16, ""power_at_rvP"": 0.015}}","HD 31527 c(51.205 d,Radial Velocity);HD 31527 b(16.554 d,Radial Velocity);HD 31527 d(271.674 d,Radial Velocity)",HD 31527 b,3,G0V,5922.0,7.484,38.49
HD31822,90,86,4522.7,,3.04,-0.19,7.0259,0.232,0.26692332254950457,2.08,2.65,False,2374.67,0.797,,"{""CRX"": {""P"": 1272.357, ""power"": 0.202, ""fap"": 0.6515606139467757, ""power_at_rvP"": 0.024}, ""dLW"": {""P"": 1920.823, ""power"": 0.628, ""fap"": 4.5465056626590476e-14, ""power_at_rvP"": 0.014}, ""Halpha"": {""P"": 372.094, ""power"": 0.246, ""fap"": 0.10657925356466541, ""power_at_rvP"": 0.072}, ""FWHMDRS"": {""P"": 5000.0, ""power"": 0.666, ""fap"": 5.831278172957823e-16, ""power_at_rvP"": 0.039}, ""BIS"": {""P"": 1880.881, ""power"": 0.543, ""fap"": 2.1370263639657163e-10, ""power_at_rvP"": 0.017}}",,,0,G1V,6001.6,7.93,46.35
HD32564,205,191,2300.9,,4.77,-0.72,1.635,0.402,1.291628476309299e-17,4.25,3.75,False,4183.4,0.851,,"{""CRX"": {""P"": 1484.386, ""power"": 0.226, ""fap"": 2.7517550519264463e-07, ""power_at_rvP"": 0.009}, ""dLW"": {""P"": 4601.758, ""power"": 0.646, ""fap"": 7.01253593502858e-39, ""power_at_rvP"": 0.009}, ""Halpha"": {""P"": 359.495, ""power"": 0.171, ""fap"": 0.00014549966373462493, ""power_at_rvP"": 0.01}, ""FWHMDRS"": {""P"": 4601.758, ""power"": 0.504, ""fap"": 3.3922267797909957e-25, ""power_at_rvP"": 0.017}, ""BIS"": {""P"": 4601.758, ""power"": 0.333, ""fap"": 3.1226869643868e-13, ""power_at_rvP"": 0.005}}",,,0,G6V,5522.0,8.6,48.53
HD33473,43,40,5245.7,,286.89,-81.41,2186.4587,0.768,1.418897408481729e-07,89.08,35.9,False,364.3,0.557,,"{""CRX"": {""P"": 2.517, ""power"": 0.4, ""fap"": 0.696400938276378, ""power_at_rvP"": 0.044}, ""dLW"": {""P"": 5000.0, ""power"": 0.607, ""fap"": 0.0007148979038944619, ""power_at_rvP"": 0.156}, ""Halpha"": {""P"": 5.636, ""power"": 0.433, ""fap"": 0.35867070081411534, ""power_at_rvP"": 0.016}, ""FWHMDRS"": {""P"": 1.75, ""power"": 0.434, ""fap"": 0.3499812586824328, ""power_at_rvP"": 0.062}, ""BIS"": {""P"": 1.494, ""power"": 0.379, ""fap"": 0.8830508286070131, ""power_at_rvP"": 0.068}}",,,0,G3V,,6.752,54.98
HD35650,44,41,4823.9,,21.54,-1.1,1.2707,0.482,0.10580941773371462,20.34,15.83,False,4141.45,0.984,,"{""CRX"": {""P"": 1.344, ""power"": 0.413, ""fap"": 0.5065793113301823, ""power_at_rvP"": 0.005}, ""dLW"": {""P"": 1744.739, ""power"": 0.818, ""fap"": 3.9321701910009504e-10, ""power_at_rvP"": 0.044}, ""Halpha"": {""P"": 1.5, ""power"": 0.4, ""fap"": 0.6467365293451041, ""power_at_rvP"": 0.127}, ""FWHMDRS"": {""P"": 54.682, ""power"": 0.355, ""fap"": 0.9763930216873328, ""power_at_rvP"": 0.095}, ""BIS"": {""P"": 1.271, ""power"": 0.532, ""fap"": 0.011910424229668362, ""power_at_rvP"": 0.501}}",,,0,K6V,4175.0,9.054,17.48
HD36152,63,61,2296.8,,3.08,-1.02,24.4718,0.513,9.58535959687228e-06,2.78,2.09,False,4175.91,0.719,,"{""CRX"": {""P"": 51.037, ""power"": 0.421, ""fap"": 0.0011501232710053283, ""power_at_rvP"": 0.041}, ""dLW"": {""P"": 2870.913, ""power"": 0.562, ""fap"": 4.4773100608829344e-07, ""power_at_rvP"": 0.012}, ""Halpha"": {""P"": 2870.913, ""power"": 0.446, ""fap"": 0.00033305099254926065, ""power_at_rvP"": 0.072}, ""FWHMDRS"": {""P"": 4593.521, ""power"": 0.722, ""fap"": 1.2512198733588815e-12, ""power_at_rvP"": 0.045}, ""BIS"": {""P"": 3533.449, ""power"": 0.657, ""fap"": 4.606257459724643e-10, ""power_at_rvP"": 0.028}}",,,0,G5V,5759.2,8.27,49.41
HD36379,181,149,4925.6,,1.62,-0.19,328.6933,0.155,0.13003627311649907,0.89,1.41,False,366.61,0.663,,"{""CRX"": {""P"": 2022.71, ""power"": 0.472, ""fap"": 1.8058224318164052e-16, ""power_at_rvP"": 0.064}, ""dLW"": {""P"": 5000.0, ""power"": 0.623, ""fap"": 5.781417392566994e-27, ""power_at_rvP"": 0.103}, ""Halpha"": {""P"": 377.865, ""power"": 0.325, ""fap"": 8.537695380657052e-09, ""power_at_rvP"": 0.008}, ""FWHMDRS"": {""P"": 5000.0, ""power"": 0.72, ""fap"": 2.711460449269289e-36, ""power_at_rvP"": 0.064}, ""BIS"": {""P"": 2022.71, ""power"": 0.726, ""fap"": 4.832885669212637e-37, ""power_at_rvP"": 0.073}}",,,0,G2V,,6.91,41.2
HD37990,43,43,5175.8,,10.07,-0.8,419.5945,0.404,0.6252540103306664,9.08,8.03,False,1.38,0.548,,"{""CRX"": {""P"": 2.479, ""power"": 0.322, ""fap"": 0.9940876167488596, ""power_at_rvP"": 0.071}, ""dLW"": {""P"": 3736.601, ""power"": 0.548, ""fap"": 0.0024415351406279796, ""power_at_rvP"": 0.25}, ""Halpha"": {""P"": 414.553, ""power"": 0.391, ""fap"": 0.504217121048645, ""power_at_rvP"": 0.372}, ""FWHMDRS"": {""P"": 4.665, ""power"": 0.364, ""fap"": 0.798028510130085, ""power_at_rvP"": 0.0}, ""BIS"": {""P"": 1.375, ""power"": 0.38, ""fap"": 0.6286785343202926, ""power_at_rvP"": 0.019}}",,,0,F7/8V,6159.0,7.84,52.26
HD38459,42,29,3173.2,,17.74,-0.25,4.3947,0.709,0.0025105789111243264,21.8,10.26,False,48.75,0.957,,"{""CRX"": {""P"": 343.613, ""power"": 0.53, ""fap"": 0.5523686126282144, ""power_at_rvP"": 0.112}, ""dLW"": {""P"": 5000.0, ""power"": 0.943, ""fap"": 3.5391151363537256e-12, ""power_at_rvP"": 0.042}, ""Halpha"": {""P"": 13.785, ""power"": 0.634, ""fap"": 0.03828724304924331, ""power_at_rvP"": 0.089}, ""FWHMDRS"": {""P"": 36.584, ""power"": 0.75, ""fap"": 0.00035892521563774834, ""power_at_rvP"": 0.105}, ""BIS"": {""P"": 4.966, ""power"": 0.506, ""fap"": 0.771821247792752, ""power_at_rvP"": 0.324}}",,,0,K1IV-V,5324.0,8.5,37.05
HD38677,148,27,762.9,,3.18,-1.13,9.7488,0.667,0.006533893254298872,3.66,2.05,False,188.36,0.977,,"{""CRX"": {""P"": 110.558, ""power"": 0.44, ""fap"": 0.8562536130233867, ""power_at_rvP"": 0.007}, ""dLW"": {""P"": 35.983, ""power"": 0.875, ""fap"": 8.904916202969534e-08, ""power_at_rvP"": 0.092}, ""Halpha"": {""P"": 15.992, ""power"": 0.598, ""fap"": 0.04848336096715823, ""power_at_rvP"": 0.058}, ""FWHMDRS"": {""P"": 1.989, ""power"": 0.505, ""fap"": 0.39609558096939734, ""power_at_rvP"": 0.006}, ""BIS"": {""P"": 2.0, ""power"": 0.395, ""fap"": 0.9888443640001754, ""power_at_rvP"": 0.024}}","DMPP-1 e(5.516 d,Radial Velocity);DMPP-1 c(10.03 d,Radial Velocity);DMPP-1 b(17.812 d,Radial Velocity);DMPP-1 d(3.142 d,Radial Velocity)",DMPP-1 c,4,F8V,6088.0,7.98,62.65
HD39091,143,50,4462.7,,36.51,9.58,867.7864,0.964,2.3091197145125255e-18,48.26,6.81,False,369.04,0.888,,"{""CRX"": {""P"": 64.871, ""power"": 0.365, ""fap"": 0.3006283637696948, ""power_at_rvP"": 0.004}, ""dLW"": {""P"": 2489.571, ""power"": 0.853, ""fap"": 1.3493009842816574e-15, ""power_at_rvP"": 0.08}, ""Halpha"": {""P"": 22.998, ""power"": 0.47, ""fap"": 0.006271316867660872, ""power_at_rvP"": 0.146}, ""FWHMDRS"": {""P"": 921.547, ""power"": 0.678, ""fap"": 7.998185227405163e-08, ""power_at_rvP"": 0.281}, ""BIS"": {""P"": 921.547, ""power"": 0.692, ""fap"": 2.862619786332381e-08, ""power_at_rvP"": 0.462}}","HD 39091 b(2088.8 d,Radial Velocity);pi Men d(124.64 d,Radial Velocity);pi Men c(6.268 d,Transit)",,3,G0V,,5.67,18.28
HD3964,45,45,5123.1,,7.12,-0.47,1132.2564,0.822,5.8758172037217977e-05,11.8,3.21,False,367.91,0.83,,"{""CRX"": {""P"": 1.838, ""power"": 0.393, ""fap"": 0.32557455096714616, ""power_at_rvP"": 0.036}, ""dLW"": {""P"": 3596.099, ""power"": 0.825, ""fap"": 4.951363821515726e-12, ""power_at_rvP"": 0.306}, ""Halpha"": {""P"": 319.697, ""power"": 0.339, ""fap"": 0.8799764713910848, ""power_at_rvP"": 0.193}, ""FWHMDRS"": {""P"": 349.107, ""power"": 0.421, ""fap"": 0.14476392668331411, ""power_at_rvP"": 0.005}, ""BIS"": {""P"": 3867.584, ""power"": 0.462, ""fap"": 0.03556625070639121, ""power_at_rvP"": 0.128}}",,,0,G5V,5696.1,8.38,48.97
HD41248,231,164,5174.8,,3.15,0.5,25.6068,0.374,6.55878964523714e-13,2.86,2.61,False,4769.57,0.706,,"{""CRX"": {""P"": 1367.19, ""power"": 0.111, ""fap"": 0.4512271865670732, ""power_at_rvP"": 0.023}, ""dLW"": {""P"": 5000.0, ""power"": 0.453, ""fap"": 1.615587729285759e-17, ""power_at_rvP"": 0.065}, ""Halpha"": {""P"": 5000.0, ""power"": 0.221, ""fap"": 2.142991391381309e-05, ""power_at_rvP"": 0.019}, ""FWHMDRS"": {""P"": 5000.0, ""power"": 0.405, ""fap"": 1.3242386609269232e-14, ""power_at_rvP"": 0.013}, ""BIS"": {""P"": 1.238, ""power"": 0.105, ""fap"": 0.6406459986772829, ""power_at_rvP"": 0.039}}",,,0,G2V,5824.0,8.81,55.54
HD42581,201,194,4674.1,,2.55,0.48,121.4516,0.269,8.743081450600438e-08,1.86,2.07,False,3257.61,0.773,,"{""CRX"": {""P"": 24.27, ""power"": 0.127, ""fap"": 0.02454314940911546, ""power_at_rvP"": 0.023}, ""dLW"": {""P"": 341.55, ""power"": 0.373, ""fap"": 1.0280862420682994e-15, ""power_at_rvP"": 0.042}, ""Halpha"": {""P"": 383.596, ""power"": 0.239, ""fap"": 7.399362627138695e-08, ""power_at_rvP"": 0.074}, ""FWHMDRS"": {""P"": 1620.226, ""power"": 0.629, ""fap"": 2.9070384997519696e-37, ""power_at_rvP"": 0.133}, ""BIS"": {""P"": 1565.944, ""power"": 0.77, ""fap"": 6.768621862471088e-57, ""power_at_rvP"": 0.154}}","GJ 229 A c(121.933 d,Radial Velocity);GJ 229 b(579.475 d,Radial Velocity)",GJ 229 A c,2,M1V,,8.125,5.76
HD42618,95,45,2199.9,,2.92,1.17,102.7963,0.464,0.019170010277475766,2.15,1.79,False,65.86,0.869,,"{""CRX"": {""P"": 40.033, ""power"": 0.499, ""fap"": 0.003544885156470716, ""power_at_rvP"": 0.29}, ""dLW"": {""P"": 107.835, ""power"": 0.432, ""fap"": 0.04228477189377734, ""power_at_rvP"": 0.106}, ""Halpha"": {""P"": 34.835, ""power"": 0.193, ""fap"": 1.0, ""power_at_rvP"": 0.08}, ""FWHMDRS"": {""P"": 82.546, ""power"": 0.305, ""fap"": 0.9023680406360063, ""power_at_rvP"": 0.087}, ""BIS"": {""P"": 4399.819, ""power"": 0.653, ""fap"": 2.1382054744586246e-06, ""power_at_rvP"": 0.083}}","HD 42618 b(149.61 d,Radial Velocity)",,1,G4V,,6.839,24.35
HD42936,100,35,3559.1,,486.19,-115.19,219.5335,0.95,1.4964178013347015e-12,556.37,113.97,False,131.52,0.926,,"{""CRX"": {""P"": 1.642, ""power"": 0.557, ""fap"": 0.030857380160271383, ""power_at_rvP"": 0.027}, ""dLW"": {""P"": 394.93, ""power"": 0.607, ""fap"": 0.005194624046048579, ""power_at_rvP"": 0.276}, ""Halpha"": {""P"": 7.798, ""power"": 0.452, ""fap"": 0.5403320019779329, ""power_at_rvP"": 0.158}, ""FWHMDRS"": {""P"": 125.487, ""power"": 0.279, ""fap"": 1.0, ""power_at_rvP"": 0.026}, ""BIS"": {""P"": 3201.126, ""power"": 0.316, ""fap"": 0.9999999978310923, ""power_at_rvP"": 0.055}}","DMPP-3 A b(5.59 d,Radial Velocity)",,1,K0IV/V,,9.09,46.95
HD4308,350,134,5081.0,,13.37,-0.1,15.6209,0.643,3.5328787734260806e-25,3.71,2.3,False,3587.76,0.816,,"{""CRX"": {""P"": 2102.874, ""power"": 0.128, ""fap"": 0.8986385059436769, ""power_at_rvP"": 0.025}, ""dLW"": {""P"": 3049.44, ""power"": 0.141, ""fap"": 0.5773427150669085, ""power_at_rvP"": 0.009}, ""Halpha"": {""P"": 182.007, ""power"": 0.228, ""fap"": 0.0010761272281007179, ""power_at_rvP"": 0.006}, ""FWHMDRS"": {""P"": 4356.879, ""power"": 0.403, ""fap"": 8.125220583104903e-11, ""power_at_rvP"": 0.0}, ""BIS"": {""P"": 1.351, ""power"": 0.094, ""fap"": 0.9999999997382547, ""power_at_rvP"": 0.029}}","HD 4308 b(15.56 d,Radial Velocity)",HD 4308 b,1,G6VFe-0.9,,6.552,22.03
HD43197,48,48,3362.8,,10.89,1.8,316.5651,0.751,4.093319546543759e-10,10.94,5.53,False,4654.0,0.673,,"{""CRX"": {""P"": 2.95, ""power"": 0.361, ""fap"": 0.2528436183402477, ""power_at_rvP"": 0.014}, ""dLW"": {""P"": 5000.0, ""power"": 0.332, ""fap"": 0.5281032535608485, ""power_at_rvP"": 0.076}, ""Halpha"": {""P"": 4.555, ""power"": 0.289, ""fap"": 0.9382991829208422, ""power_at_rvP"": 0.033}, ""FWHMDRS"": {""P"": 5000.0, ""power"": 0.697, ""fap"": 3.0326957245839203e-08, ""power_at_rvP"": 0.146}, ""BIS"": {""P"": 5000.0, ""power"": 0.207, ""fap"": 0.9999999999953758, ""power_at_rvP"": 0.035}}","HD 43197 c(9295.974 d,Radial Velocity);HD 43197 b(308.921 d,Radial Velocity)",HD 43197 b,2,G8/K0IV/V,5476.8,8.95,62.52
HD43834B,213,51,1308.6,,2.57,-0.66,10.4474,0.321,0.3118233358631134,2.05,2.29,False,2379.29,0.643,,"{""CRX"": {""P"": 2617.231, ""power"": 0.688, ""fap"": 6.0515978524441535e-09, ""power_at_rvP"": 0.016}, ""dLW"": {""P"": 2013.228, ""power"": 0.508, ""fap"": 0.00023089066974929035, ""power_at_rvP"": 0.002}, ""Halpha"": {""P"": 4.88, ""power"": 0.271, ""fap"": 0.8314829770816593, ""power_at_rvP"": 0.019}, ""FWHMDRS"": {""P"": 6.436, ""power"": 0.097, ""fap"": 1.0, ""power_at_rvP"": 0.035}, ""BIS"": {""P"": 1.294, ""power"": 0.16, ""fap"": 1.0, ""power_at_rvP"": 0.047}}",,,0,M3.5,5656.7,,
HD44219,61,60,5126.0,,11.29,-1.36,442.8347,0.705,3.099605558666638e-10,13.98,5.99,False,4767.48,0.695,,"{""CRX"": {""P"": 23.077, ""power"": 0.206, ""fap"": 0.9998870123881981, ""power_at_rvP"": 0.109}, ""dLW"": {""P"": 2971.224, ""power"": 0.312, ""fap"": 0.17314665741422366, ""power_at_rvP"": 0.035}, ""Halpha"": {""P"": 1.874, ""power"": 0.251, ""fap"": 0.8481053400347612, ""power_at_rvP"": 0.006}, ""FWHMDRS"": {""P"": 1.209, ""power"": 0.212, ""fap"": 0.9993769125069397, ""power_at_rvP"": 0.033}, ""BIS"": {""P"": 1.514, ""power"": 0.293, ""fap"": 0.3330645082555929, ""power_at_rvP"": 0.05}}","HD 44219 b(472.0 d,Radial Velocity)",,1,G3V,5762.8,7.7,52.99
HD4457,64,64,5168.9,,253.19,-27.2,1505.301,0.636,1.1122598456911906e-08,352.6,168.16,False,3735.34,0.599,,"{""CRX"": {""P"": 2.864, ""power"": 0.286, ""fap"": 0.46925957353243575, ""power_at_rvP"": 0.063}, ""dLW"": {""P"": 7.01, ""power"": 0.36, ""fap"": 0.025869756957142533, ""power_at_rvP"": 0.043}, ""Halpha"": {""P"": 2605.572, ""power"": 0.534, ""fap"": 2.3031648610792964e-06, ""power_at_rvP"": 0.011}, ""FWHMDRS"": {""P"": 5000.0, ""power"": 0.633, ""fap"": 2.0384245527826508e-09, ""power_at_rvP"": 0.025}, ""BIS"": {""P"": 2743.888, ""power"": 0.5, ""fap"": 1.9025351301465675e-05, ""power_at_rvP"": 0.063}}",,,0,K2V,4933.8,9.76,46.75
HD44594,46,26,3351.9,,2.72,-0.06,39.1016,0.56,0.5642280666339482,3.06,1.97,False,55.8,0.809,,"{""CRX"": {""P"": 235.705, ""power"": 0.592, ""fap"": 0.37260456820337157, ""power_at_rvP"": 0.042}, ""dLW"": {""P"": 4350.954, ""power"": 0.839, ""fap"": 2.0191182075142957e-05, ""power_at_rvP"": 0.024}, ""Halpha"": {""P"": 61.534, ""power"": 0.582, ""fap"": 0.44525716463231513, ""power_at_rvP"": 0.258}, ""FWHMDRS"": {""P"": 4652.952, ""power"": 0.872, ""fap"": 1.5848631149577756e-06, ""power_at_rvP"": 0.185}, ""BIS"": {""P"": 41.319, ""power"": 0.55, ""fap"": 0.7300005230630141, ""power_at_rvP"": 0.229}}",,,0,G2Va,,6.6,
HD45184,314,180,5061.1,,4.71,-0.14,5.8854,0.359,1.7893955363779762e-13,4.17,3.82,False,4764.64,0.294,,"{""CRX"": {""P"": 449.376, ""power"": 0.142, ""fap"": 0.01566359430549454, ""power_at_rvP"": 0.001}, ""dLW"": {""P"": 5000.0, ""power"": 0.386, ""fap"": 4.2894407539922046e-15, ""power_at_rvP"": 0.006}, ""Halpha"": {""P"": 363.778, ""power"": 0.148, ""fap"": 0.008735383685222439, ""power_at_rvP"": 0.01}, ""FWHMDRS"": {""P"": 5000.0, ""power"": 0.388, ""fap"": 2.9097635584493167e-15, ""power_at_rvP"": 0.007}, ""BIS"": {""P"": 1901.049, ""power"": 0.358, ""fap"": 2.133693065168749e-13, ""power_at_rvP"": 0.024}}","HD 45184 c(13.135 d,Radial Velocity);HD 45184 b(5.885 d,Radial Velocity)",HD 45184 b,2,G2Va,5862.0,6.39,21.97
HD45289,110,63,4868.7,,1.45,-0.22,365.4132,0.255,0.8895969846406916,1.48,1.23,True,4534.34,0.754,,"{""CRX"": {""P"": 61.069, ""power"": 0.497, ""fap"": 1.9789030876147765e-05, ""power_at_rvP"": 0.187}, ""dLW"": {""P"": 5000.0, ""power"": 0.561, ""fap"": 3.805374071885532e-07, ""power_at_rvP"": 0.051}, ""Halpha"": {""P"": 1.544, ""power"": 0.249, ""fap"": 0.8590506504013965, ""power_at_rvP"": 0.032}, ""FWHMDRS"": {""P"": 3093.705, ""power"": 0.375, ""fap"": 0.01056603125287712, ""power_at_rvP"": 0.019}, ""BIS"": {""P"": 3677.982, ""power"": 0.577, ""fap"": 1.3388596275639828e-07, ""power_at_rvP"": 0.024}}",,,0,G2V,,6.67,27.87
HD45346,40,39,2845.1,,3.29,0.65,11.928,0.651,7.572200191279206e-05,3.53,1.91,False,65.98,0.873,,"{""CRX"": {""P"": 808.479, ""power"": 0.68, ""fap"": 1.2716659989957864e-05, ""power_at_rvP"": 0.025}, ""dLW"": {""P"": 3273.895, ""power"": 0.812, ""fap"": 1.2825244779371335e-09, ""power_at_rvP"": 0.008}, ""Halpha"": {""P"": 14.69, ""power"": 0.373, ""fap"": 0.7005932858377428, ""power_at_rvP"": 0.019}, ""FWHMDRS"": {""P"": 5000.0, ""power"": 0.796, ""fap"": 5.343545411636493e-09, ""power_at_rvP"": 0.067}, ""BIS"": {""P"": 322.603, ""power"": 0.68, ""fap"": 1.2637170934534925e-05, ""power_at_rvP"": 0.039}}",,,0,G5V,5781.0,8.63,58.29
HD45364,122,113,5030.2,,12.69,2.05,339.7339,0.565,5.542959194100417e-16,13.57,7.78,False,3454.69,0.489,dLW;FWHMDRS,"{""CRX"": {""P"": 4004.794, ""power"": 0.225, ""fap"": 0.015237203330750976, ""power_at_rvP"": 0.009}, ""dLW"": {""P"": 5000.0, ""power"": 0.398, ""fap"": 2.091512568748137e-08, ""power_at_rvP"": 0.161}, ""Halpha"": {""P"": 369.697, ""power"": 0.28, ""fap"": 0.00031912189765338756, ""power_at_rvP"": 0.131}, ""FWHMDRS"": {""P"": 5000.0, ""power"": 0.523, ""fap"": 7.506697930303922e-14, ""power_at_rvP"": 0.16}, ""BIS"": {""P"": 2571.601, ""power"": 0.456, ""fap"": 9.556918921850829e-11, ""power_at_rvP"": 0.041}}","HD 45364 c(345.43 d,Radial Velocity);HD 45364 b(225.79 d,Radial Velocity)",HD 45364 c,2,G8V,5466.0,8.06,34.39
HD457,83,75,3798.8,,11.64,-6.49,9.9387,0.272,0.11377089606434165,2.58,3.32,False,370.25,0.748,,"{""CRX"": {""P"": 9.865, ""power"": 0.242, ""fap"": 0.34563069981964156, ""power_at_rvP"": 0.038}, ""dLW"": {""P"": 32.451, ""power"": 0.186, ""fap"": 0.9918824278088298, ""power_at_rvP"": 0.023}, ""Halpha"": {""P"": 370.25, ""power"": 0.247, ""fap"": 0.2910525572738615, ""power_at_rvP"": 0.026}, ""FWHMDRS"": {""P"": 5000.0, ""power"": 0.381, ""fap"": 0.00036229985176536436, ""power_at_rvP"": 0.043}, ""BIS"": {""P"": 4418.425, ""power"": 0.413, ""fap"": 5.657143307961514e-05, ""power_at_rvP"": 0.054}}","HD 457 b(20324.582 d,Radial Velocity)",,1,G0V,5947.8,7.73,55.12
HD47186,170,144,5029.2,,8.11,1.94,4.0845,0.713,2.9515744810563516e-33,8.51,3.79,False,359.07,0.239,,"{""CRX"": {""P"": 5000.0, ""power"": 0.275, ""fap"": 2.7609256536461014e-06, ""power_at_rvP"": 0.013}, ""dLW"": {""P"": 5000.0, ""power"": 0.659, ""fap"": 4.8973848334515276e-29, ""power_at_rvP"": 0.003}, ""Halpha"": {""P"": 369.628, ""power"": 0.466, ""fap"": 1.818142772490495e-15, ""power_at_rvP"": 0.017}, ""FWHMDRS"": {""P"": 5000.0, ""power"": 0.641, ""fap"": 1.8176404314951943e-27, ""power_at_rvP"": 0.02}, ""BIS"": {""P"": 5000.0, ""power"": 0.326, ""fap"": 1.7690719889478873e-08, ""power_at_rvP"": 0.046}}","HD 47186 c(1353.6 d,Radial Velocity);HD 47186 b(4.085 d,Radial Velocity)",HD 47186 b,2,G6V,,7.63,37.5
HD48115,60,57,2578.9,,6.67,-0.47,1346.1048,0.381,0.01716432773343135,5.32,5.5,False,4558.12,0.812,,"{""CRX"": {""P"": 1.928, ""power"": 0.266, ""fap"": 0.6749108249679919, ""power_at_rvP"": 0.01}, ""dLW"": {""P"": 24.662, ""power"": 0.239, ""fap"": 0.9457660525247894, ""power_at_rvP"": 0.193}, ""Halpha"": {""P"": 1.983, ""power"": 0.304, ""fap"": 0.24998505560851544, ""power_at_rvP"": 0.235}, ""FWHMDRS"": {""P"": 1.535, ""power"": 0.282, ""fap"": 0.4819554042332924, ""power_at_rvP"": 0.193}, ""BIS"": {""P"": 29.316, ""power"": 0.263, ""fap"": 0.7213639608466371, ""power_at_rvP"": 0.049}}",,,0,G0V,5838.0,8.8,59.1
HD48265,40,38,2692.8,,19.29,2.81,750.3671,0.65,0.0001669159370193178,32.33,11.22,False,50.77,0.695,,"{""CRX"": {""P"": 21.006, ""power"": 0.478, ""fap"": 0.12232778660993697, ""power_at_rvP"": 0.093}, ""dLW"": {""P"": 3910.747, ""power"": 0.8, ""fap"": 1.3775406143671263e-08, ""power_at_rvP"": 0.195}, ""Halpha"": {""P"": 151.801, ""power"": 0.661, ""fap"": 0.0001005032405493558, ""power_at_rvP"": 0.135}, ""FWHMDRS"": {""P"": 1.994, ""power"": 0.212, ""fap"": 1.0, ""power_at_rvP"": 0.137}, ""BIS"": {""P"": 44.079, ""power"": 0.304, ""fap"": 0.9999990761077523, ""power_at_rvP"": 0.058}}","HD 48265 b(778.51 d,Radial Velocity);HD 48265 c(10418.0 d,Radial Velocity)",HD 48265 b,2,G5IV/V,5695.0,8.03,90.78
HD4915,60,41,1783.1,,5.24,-2.15,2377.4282,0.476,0.01684231073392502,8.15,3.6,False,349.61,0.927,,"{""CRX"": {""P"": 1876.906, ""power"": 0.471, ""fap"": 0.026153060260104118, ""power_at_rvP"": 0.418}, ""dLW"": {""P"": 2971.807, ""power"": 0.68, ""fap"": 2.8803738497311426e-06, ""power_at_rvP"": 0.673}, ""Halpha"": {""P"": 42.202, ""power"": 0.598, ""fap"": 0.00018736174727900466, ""power_at_rvP"": 0.176}, ""FWHMDRS"": {""P"": 34.027, ""power"": 0.564, ""fap"": 0.0008126410344926172, ""power_at_rvP"": 0.526}, ""BIS"": {""P"": 289.923, ""power"": 0.468, ""fap"": 0.028648018716102404, ""power_at_rvP"": 0.401}}",,,0,G5V,,6.972,22.48
HD49933A,1233,26,2589.8,,49.97,3.18,7.9914,0.729,0.0027435148692331844,97.69,47.29,False,430.34,0.986,,"{""CRX"": {""P"": 40.202, ""power"": 0.77, ""fap"": 0.0009696463005811083, ""power_at_rvP"": 0.039}, ""dLW"": {""P"": 7.348, ""power"": 0.676, ""fap"": 0.038474373625143485, ""power_at_rvP"": 0.38}, ""Halpha"": {""P"": 1028.513, ""power"": 0.943, ""fap"": 2.4224806223897987e-10, ""power_at_rvP"": 0.029}, ""FWHMDRS"": {""P"": 13.558, ""power"": 0.65, ""fap"": 0.135649842047065, ""power_at_rvP"": 0.167}, ""BIS"": {""P"": 4.037, ""power"": 0.467, ""fap"": 0.9999657585525678, ""power_at_rvP"": 0.373}}",,,0,---,6585.0,5.771,29.9
HD51754,55,53,3686.9,,1.83,0.05,35.0666,0.26,0.9555453348750449,1.4,1.6,False,369.15,0.695,,"{""CRX"": {""P"": 4.692, ""power"": 0.288, ""fap"": 0.7510032257120296, ""power_at_rvP"": 0.122}, ""dLW"": {""P"": 1027.721, ""power"": 0.376, ""fap"": 0.06024887113041275, ""power_at_rvP"": 0.015}, ""Halpha"": {""P"": 6.28, ""power"": 0.395, ""fap"": 0.029535390459364468, ""power_at_rvP"": 0.091}, ""FWHMDRS"": {""P"": 93.013, ""power"": 0.393, ""fap"": 0.03185574494860585, ""power_at_rvP"": 0.035}, ""BIS"": {""P"": 2.832, ""power"": 0.259, ""fap"": 0.9705649852758582, ""power_at_rvP"": 0.07}}",,,0,G2V,,9.009,79.09
HD5388,85,75,2269.9,,24.86,0.23,782.7144,0.867,7.742834065069181e-28,33.39,9.55,False,4127.13,0.782,,"{""CRX"": {""P"": 1.458, ""power"": 0.218, ""fap"": 0.5317201938543591, ""power_at_rvP"": 0.013}, ""dLW"": {""P"": 206.351, ""power"": 0.218, ""fap"": 0.5279895232930648, ""power_at_rvP"": 0.082}, ""Halpha"": {""P"": 99.774, ""power"": 0.22, ""fap"": 0.5060151012807356, ""power_at_rvP"": 0.154}, ""FWHMDRS"": {""P"": 2.936, ""power"": 0.203, ""fap"": 0.7611469651766565, ""power_at_rvP"": 0.065}, ""BIS"": {""P"": 3.619, ""power"": 0.183, ""fap"": 0.9654809008355058, ""power_at_rvP"": 0.053}}","HD 5388 b(772.5 d,Radial Velocity)",HD 5388 b,1,F6V,6240.5,6.72,53.15
HD56380,83,83,5118.1,,326.43,44.76,2806.5433,0.516,1.2334741072373715e-08,331.84,212.24,False,359.83,0.448,,"{""CRX"": {""P"": 1.316, ""power"": 0.231, ""fap"": 0.3446911214110686, ""power_at_rvP"": 0.164}, ""dLW"": {""P"": 358.566, ""power"": 0.267, ""fap"": 0.06919047595465705, ""power_at_rvP"": 0.017}, ""Halpha"": {""P"": 1.76, ""power"": 0.225, ""fap"": 0.43876674169616603, ""power_at_rvP"": 0.042}, ""FWHMDRS"": {""P"": 345.262, ""power"": 0.404, ""fap"": 2.490345183724445e-05, ""power_at_rvP"": 0.205}, ""BIS"": {""P"": 5000.0, ""power"": 0.253, ""fap"": 0.1320269501391983, ""power_at_rvP"": 0.173}}",,,0,G8V,,9.2,53.38
HD564,102,102,4848.9,,7.79,0.05,488.8025,0.833,2.487375391031445e-32,9.01,3.2,False,366.78,0.68,,"{""CRX"": {""P"": 1.609, ""power"": 0.148, ""fap"": 0.9716399942636929, ""power_at_rvP"": 0.011}, ""dLW"": {""P"": 32.626, ""power"": 0.16, ""fap"": 0.8405868775775361, ""power_at_rvP"": 0.026}, ""Halpha"": {""P"": 1.332, ""power"": 0.192, ""fap"": 0.2642269704630844, ""power_at_rvP"": 0.007}, ""FWHMDRS"": {""P"": 194.968, ""power"": 0.169, ""fap"": 0.6831590668481697, ""power_at_rvP"": 0.07}, ""BIS"": {""P"": 5.918, ""power"": 0.184, ""fap"": 0.3836984643350711, ""power_at_rvP"": 0.041}}","HD 564 b(492.3 d,Radial Velocity)",HD 564 b,1,G2/3V,5950.0,8.29,51.24
HD5737,104,30,1536.0,,215.71,-37.65,17.4136,0.595,0.03449003115364691,273.21,149.88,False,21.36,0.901,,"{""CRX"": {""P"": 313.447, ""power"": 0.419, ""fap"": 0.9522270805276016, ""power_at_rvP"": 0.234}, ""dLW"": {""P"": 142.212, ""power"": 0.299, ""fap"": 0.9999999999998802, ""power_at_rvP"": 0.018}, ""Halpha"": {""P"": 28.233, ""power"": 0.72, ""fap"": 0.0003022294257172282, ""power_at_rvP"": 0.29}, ""FWHMDRS"": {""P"": 27.208, ""power"": 0.459, ""fap"": 0.7195709373331133, ""power_at_rvP"": 0.232}, ""BIS"": {""P"": 47.772, ""power"": 0.322, ""fap"": 0.9999999979190151, ""power_at_rvP"": 0.061}}",,,0,B7IIIp,8868.7,4.27,212.46
HD59711A,69,68,5143.9,,2.16,0.11,39.5136,0.355,0.09142673458936638,2.09,1.75,False,364.07,0.737,,"{""CRX"": {""P"": 19.31, ""power"": 0.323, ""fap"": 0.030865632545109174, ""power_at_rvP"": 0.156}, ""dLW"": {""P"": 5000.0, ""power"": 0.666, ""fap"": 4.5831393853394336e-12, ""power_at_rvP"": 0.063}, ""Halpha"": {""P"": 364.068, ""power"": 0.335, ""fap"": 0.017497114899846726, ""power_at_rvP"": 0.034}, ""FWHMDRS"": {""P"": 2975.436, ""power"": 0.356, ""fap"": 0.006577105382974995, ""power_at_rvP"": 0.006}, ""BIS"": {""P"": 328.076, ""power"": 0.604, ""fap"": 1.1300023063704479e-09, ""power_at_rvP"": 0.06}}",,,0,G2V,5734.0,7.71,36.24
HD60435,60,27,1535.8,,483.9,-64.99,3.8394,0.771,0.0001841088467129438,672.23,236.85,False,14.6,0.871,CRX,"{""CRX"": {""P"": 3.838, ""power"": 0.756, ""fap"": 0.0003995686686053897, ""power_at_rvP"": 0.717}, ""dLW"": {""P"": 4.301, ""power"": 0.666, ""fap"": 0.013705039126795968, ""power_at_rvP"": 0.634}, ""Halpha"": {""P"": 7.685, ""power"": 0.801, ""fap"": 3.968429118253087e-05, ""power_at_rvP"": 0.359}, ""FWHMDRS"": {""P"": 1.283, ""power"": 0.502, ""fap"": 0.6968281063123571, ""power_at_rvP"": 0.419}, ""BIS"": {""P"": 5.209, ""power"": 0.441, ""fap"": 0.9853842655300901, ""power_at_rvP"": 0.338}}",,,0,ApSr(Eu),7860.0,8.89,246.76
HD61051,61,61,5095.2,,3.8,-0.54,2.4704,0.328,0.12931745597613667,2.99,3.01,False,364.74,0.589,,"{""CRX"": {""P"": 8.816, ""power"": 0.287, ""fap"": 0.5033181631687342, ""power_at_rvP"": 0.024}, ""dLW"": {""P"": 354.589, ""power"": 0.359, ""fap"": 0.03734960101217241, ""power_at_rvP"": 0.018}, ""Halpha"": {""P"": 2.592, ""power"": 0.283, ""fap"": 0.5607543296935255, ""power_at_rvP"": 0.006}, ""FWHMDRS"": {""P"": 448.157, ""power"": 0.337, ""fap"": 0.09127419059932651, ""power_at_rvP"": 0.076}, ""BIS"": {""P"": 2.432, ""power"": 0.247, ""fap"": 0.9538465897413223, ""power_at_rvP"": 0.01}}","TOI-1011 b(2.47 d,Transit)",TOI-1011 b,1,G8V,5417.2,8.93,52.7
HD61383,55,53,5169.0,,131.97,28.15,5000.0,0.577,0.003963527769420177,90.75,42.54,False,364.42,0.769,FWHMDRS,"{""CRX"": {""P"": 1.456, ""power"": 0.301, ""fap"": 0.8666672331742892, ""power_at_rvP"": 0.021}, ""dLW"": {""P"": 2168.353, ""power"": 0.435, ""fap"": 0.013444410349468503, ""power_at_rvP"": 0.364}, ""Halpha"": {""P"": 183.724, ""power"": 0.278, ""fap"": 0.9874248390083188, ""power_at_rvP"": 0.038}, ""FWHMDRS"": {""P"": 348.452, ""power"": 0.595, ""fap"": 4.3373587020279145e-06, ""power_at_rvP"": 0.296}, ""BIS"": {""P"": 379.122, ""power"": 0.385, ""fap"": 0.09483132002239768, ""power_at_rvP"": 0.062}}",,,0,G3V,,7.57,53.54
HD61902,51,33,4120.8,,2.7,0.08,8.7913,0.456,0.6526989160131925,2.51,2.02,False,372.1,0.945,,"{""CRX"": {""P"": 112.667, ""power"": 0.62, ""fap"": 0.005656830021508256, ""power_at_rvP"": 0.057}, ""dLW"": {""P"": 2.413, ""power"": 0.147, ""fap"": 1.0, ""power_at_rvP"": 0.101}, ""Halpha"": {""P"": 92.446, ""power"": 0.427, ""fap"": 0.8932786075204332, ""power_at_rvP"": 0.144}, ""FWHMDRS"": {""P"": 8.302, ""power"": 0.294, ""fap"": 1.0, ""power_at_rvP"": 0.104}, ""BIS"": {""P"": 1.276, ""power"": 0.367, ""fap"": 0.9999137706437856, ""power_at_rvP"": 0.076}}",,,0,F5/6wF2,6105.2,8.25,78.75
HD61986,161,95,4889.8,,2.21,-0.05,23.9247,0.313,0.0004262234000138063,1.81,1.82,False,2411.16,0.924,,"{""CRX"": {""P"": 15.779, ""power"": 0.188, ""fap"": 0.5630176949105967, ""power_at_rvP"": 0.042}, ""dLW"": {""P"": 590.688, ""power"": 0.171, ""fap"": 0.8680476414819795, ""power_at_rvP"": 0.033}, ""Halpha"": {""P"": 388.75, ""power"": 0.23, ""fap"": 0.07637928634355821, ""power_at_rvP"": 0.114}, ""FWHMDRS"": {""P"": 1699.022, ""power"": 0.557, ""fap"": 1.461986635550458e-12, ""power_at_rvP"": 0.003}, ""BIS"": {""P"": 1699.022, ""power"": 0.699, ""fap"": 4.1639813017689946e-20, ""power_at_rvP"": 0.033}}",,,0,G5V,,8.66,56.12
HD6204,44,39,4842.7,,15.37,0.38,1.303,0.522,0.028053446576303556,15.43,10.84,False,31.88,0.79,,"{""CRX"": {""P"": 125.884, ""power"": 0.49, ""fap"": 0.08114825791646782, ""power_at_rvP"": 0.08}, ""dLW"": {""P"": 17.753, ""power"": 0.378, ""fap"": 0.9142686429991425, ""power_at_rvP"": 0.087}, ""Halpha"": {""P"": 29.346, ""power"": 0.576, ""fap"": 0.0036576262394066783, ""power_at_rvP"": 0.006}, ""FWHMDRS"": {""P"": 9.189, ""power"": 0.483, ""fap"": 0.10179255775307668, ""power_at_rvP"": 0.03}, ""BIS"": {""P"": 1.223, ""power"": 0.407, ""fap"": 0.663089883839211, ""power_at_rvP"": 0.252}}",,,0,G3V,5770.8,8.53,53.26
HD62364,78,54,5112.0,,51.1,1.87,3724.8442,0.593,2.985350328015976e-06,60.21,33.65,False,360.69,0.692,,"{""CRX"": {""P"": 6.089, ""power"": 0.257, ""fap"": 0.9884781206938815, ""power_at_rvP"": 0.041}, ""dLW"": {""P"": 3.006, ""power"": 0.29, ""fap"": 0.7592388888841128, ""power_at_rvP"": 0.082}, ""Halpha"": {""P"": 1.401, ""power"": 0.274, ""fap"": 0.9136582392310272, ""power_at_rvP"": 0.111}, ""FWHMDRS"": {""P"": 342.566, ""power"": 0.243, ""fap"": 0.9990884702315559, ""power_at_rvP"": 0.022}, ""BIS"": {""P"": 1.323, ""power"": 0.224, ""fap"": 0.9999983231217029, ""power_at_rvP"": 0.038}}","HD 62364 c(74839.946 d,Radial Velocity);HD 62364 b(5138.0 d,Radial Velocity)",,2,F7V,6158.5,7.31,53.19
HD63454,45,40,2919.1,,47.48,-1.35,2.8181,0.969,9.754599846457199e-24,66.09,8.09,False,1549.52,0.851,,"{""CRX"": {""P"": 2.283, ""power"": 0.486, ""fap"": 0.04625192038996019, ""power_at_rvP"": 0.024}, ""dLW"": {""P"": 65.252, ""power"": 0.417, ""fap"": 0.3422002802849636, ""power_at_rvP"": 0.093}, ""Halpha"": {""P"": 3.14, ""power"": 0.36, ""fap"": 0.8806181888485084, ""power_at_rvP"": 0.013}, ""FWHMDRS"": {""P"": 29.049, ""power"": 0.404, ""fap"": 0.8523831181156497, ""power_at_rvP"": 0.033}, ""BIS"": {""P"": 29.049, ""power"": 0.383, ""fap"": 0.9578960950567457, ""power_at_rvP"": 0.081}}","HD 63454 b(2.818 d,Radial Velocity)",HD 63454 b,1,K3Vk:,4784.4,9.36,37.73
HD63765,94,68,5240.9,,15.43,2.67,363.9882,0.797,8.693320711993756e-18,15.34,4.62,True,4564.52,0.763,,"{""CRX"": {""P"": 31.937, ""power"": 0.232, ""fap"": 0.9483979244662091, ""power_at_rvP"": 0.035}, ""dLW"": {""P"": 2914.525, ""power"": 0.633, ""fap"": 2.721127339494848e-10, ""power_at_rvP"": 0.154}, ""Halpha"": {""P"": 1747.996, ""power"": 0.331, ""fap"": 0.04167081802325076, ""power_at_rvP"": 0.006}, ""FWHMDRS"": {""P"": 2997.885, ""power"": 0.434, ""fap"": 0.00022938119582691793, ""power_at_rvP"": 0.11}, ""BIS"": {""P"": 278.791, ""power"": 0.341, ""fap"": 0.025976288672824983, ""power_at_rvP"": 0.065}}","HD 63765 b(358.0 d,Radial Velocity)",HD 63765 b,1,G9V,,8.1,32.57
HD66040,42,40,5199.9,,9.05,1.06,8.9492,0.423,0.507329127120233,9.11,6.72,False,360.1,0.655,,"{""CRX"": {""P"": 2.64, ""power"": 0.475, ""fap"": 0.11863952987662378, ""power_at_rvP"": 0.02}, ""dLW"": {""P"": 11.548, ""power"": 0.332, ""fap"": 0.9996442910119677, ""power_at_rvP"": 0.002}, ""Halpha"": {""P"": 2.263, ""power"": 0.385, ""fap"": 0.8583517830112286, ""power_at_rvP"": 0.144}, ""FWHMDRS"": {""P"": 1.67, ""power"": 0.225, ""fap"": 1.0, ""power_at_rvP"": 0.127}, ""BIS"": {""P"": 1.994, ""power"": 0.195, ""fap"": 1.0, ""power_at_rvP"": 0.039}}",,,0,K0V,5198.5,9.2,54.39
HD6718,42,42,5057.1,,19.86,-2.3,2339.6857,0.93,6.476342606063907e-16,27.17,5.75,False,364.83,0.572,,"{""CRX"": {""P"": 2.606, ""power"": 0.321, ""fap"": 0.9974961932940242, ""power_at_rvP"": 0.1}, ""dLW"": {""P"": 5.538, ""power"": 0.172, ""fap"": 1.0, ""power_at_rvP"": 0.041}, ""Halpha"": {""P"": 1.274, ""power"": 0.364, ""fap"": 0.8417286797361796, ""power_at_rvP"": 0.075}, ""FWHMDRS"": {""P"": 5000.0, ""power"": 0.38, ""fap"": 0.6916501667977704, ""power_at_rvP"": 0.056}, ""BIS"": {""P"": 3.818, ""power"": 0.4, ""fap"": 0.4680623669037583, ""power_at_rvP"": 0.144}}","HD 6718 b(2476.0 d,Radial Velocity)",,1,G5V,5730.0,8.45,51.42
HD67200,108,38,5129.9,,5.3,-0.97,1.8542,0.512,0.04139173062512491,1.51,2.02,False,2205.47,0.868,,"{""CRX"": {""P"": 2.005, ""power"": 0.438, ""fap"": 0.4372939127182784, ""power_at_rvP"": 0.017}, ""dLW"": {""P"": 12.167, ""power"": 0.352, ""fap"": 0.9982137094759235, ""power_at_rvP"": 0.063}, ""Halpha"": {""P"": 945.426, ""power"": 0.614, ""fap"": 0.0009629287088930259, ""power_at_rvP"": 0.095}, ""FWHMDRS"": {""P"": 133.5, ""power"": 0.552, ""fap"": 0.012473985963896338, ""power_at_rvP"": 0.025}, ""BIS"": {""P"": 210.88, ""power"": 0.602, ""fap"": 0.0016160877368728776, ""power_at_rvP"": 0.006}}","DMPP-6 b(7.603 d,Radial Velocity);DMPP-6 c(36.441 d,Radial Velocity)",,2,F6V,6100.0,7.7,54.72
HD68284,63,45,4091.8,,2.28,-0.38,7.153,0.325,0.9113812560353407,1.83,1.88,False,368.01,0.8,,"{""CRX"": {""P"": 547.868, ""power"": 0.457, ""fap"": 0.03880614443458553, ""power_at_rvP"": 0.183}, ""dLW"": {""P"": 298.262, ""power"": 0.438, ""fap"": 0.07571091531182682, ""power_at_rvP"": 0.002}, ""Halpha"": {""P"": 24.094, ""power"": 0.528, ""fap"": 0.002462266294671473, ""power_at_rvP"": 0.005}, ""FWHMDRS"": {""P"": 5000.0, ""power"": 0.689, ""fap"": 5.471486166248732e-07, ""power_at_rvP"": 0.061}, ""BIS"": {""P"": 10.013, ""power"": 0.397, ""fap"": 0.27189252372397404, ""power_at_rvP"": 0.01}}",,,0,F7/8V,5912.5,7.75,85.58
HD68607,49,42,1209.8,,4.55,-0.28,13.1706,0.431,0.0649932992890857,4.76,3.53,False,2199.62,0.603,,"{""CRX"": {""P"": 2419.594, ""power"": 0.323, ""fap"": 0.8058973565715932, ""power_at_rvP"": 0.033}, ""dLW"": {""P"": 2419.594, ""power"": 0.388, ""fap"": 0.23034718876760882, ""power_at_rvP"": 0.191}, ""Halpha"": {""P"": 25.575, ""power"": 0.363, ""fap"": 0.41771131211439555, ""power_at_rvP"": 0.017}, ""FWHMDRS"": {""P"": 2419.594, ""power"": 0.457, ""fap"": 0.02877399931970088, ""power_at_rvP"": 0.213}, ""BIS"": {""P"": 474.406, ""power"": 0.42, ""fap"": 0.09245276085849195, ""power_at_rvP"": 0.087}}",,,0,K2V,5199.0,8.83,40.22
HD68978,169,113,4524.8,,4.73,0.43,164.2074,0.218,0.01747158759500332,3.18,4.11,False,2314.5,0.693,,"{""CRX"": {""P"": 3917.698, ""power"": 0.397, ""fap"": 1.839990248771209e-08, ""power_at_rvP"": 0.1}, ""dLW"": {""P"": 5000.0, ""power"": 0.518, ""fap"": 1.0756007115179695e-13, ""power_at_rvP"": 0.102}, ""Halpha"": {""P"": 2.731, ""power"": 0.151, ""fap"": 0.7470026804573886, ""power_at_rvP"": 0.018}, ""FWHMDRS"": {""P"": 5000.0, ""power"": 0.672, ""fap"": 8.407461231228498e-23, ""power_at_rvP"": 0.087}, ""BIS"": {""P"": 1038.986, ""power"": 0.284, ""fap"": 0.00018189577862994378, ""power_at_rvP"": 0.008}}",,,0,G0.5V,,6.75,27.2
HD69611,124,69,4906.7,,1.59,-0.06,66.4569,0.224,0.9627501460751023,1.19,1.43,False,368.05,0.957,,"{""CRX"": {""P"": 73.86, ""power"": 0.295, ""fap"": 0.10956041294654739, ""power_at_rvP"": 0.033}, ""dLW"": {""P"": 350.94, ""power"": 0.531, ""fap"": 2.7168510873815995e-07, ""power_at_rvP"": 0.008}, ""Halpha"": {""P"": 525.82, ""power"": 0.538, ""fap"": 1.678950800109142e-07, ""power_at_rvP"": 0.256}, ""FWHMDRS"": {""P"": 385.396, ""power"": 0.433, ""fap"": 0.00012276141554372677, ""power_at_rvP"": 0.094}, ""BIS"": {""P"": 1370.053, ""power"": 0.815, ""fap"": 2.4599135607304687e-20, ""power_at_rvP"": 0.395}}",,,0,G0V,,7.74,50.17
HD69655,50,31,3464.7,,1.65,-0.02,1.8517,0.551,0.15774892143440844,1.87,1.31,False,550.55,0.649,,"{""CRX"": {""P"": 5000.0, ""power"": 0.699, ""fap"": 0.0009777622982258432, ""power_at_rvP"": 0.167}, ""dLW"": {""P"": 5000.0, ""power"": 0.695, ""fap"": 0.0011553925676391521, ""power_at_rvP"": 0.206}, ""Halpha"": {""P"": 180.044, ""power"": 0.457, ""fap"": 0.9003158909892284, ""power_at_rvP"": 0.068}, ""FWHMDRS"": {""P"": 5000.0, ""power"": 0.793, ""fap"": 6.4972117822318515e-06, ""power_at_rvP"": 0.172}, ""BIS"": {""P"": 2.035, ""power"": 0.402, ""fap"": 0.9996111330527235, ""power_at_rvP"": 0.184}}",,,0,G1V,5956.7,6.619,27.06
HD71155,274,25,3938.1,,4743.53,1228.9,356.7826,0.984,5.33392919720879e-15,7773.67,3010.98,False,2944.09,0.887,CRX;Halpha,"{""CRX"": {""P"": 360.045, ""power"": 0.757, ""fap"": 0.003785732362725308, ""power_at_rvP"": 0.695}, ""dLW"": {""P"": 4701.53, ""power"": 0.729, ""fap"": 0.011756906401668446, ""power_at_rvP"": 0.1}, ""Halpha"": {""P"": 370.198, ""power"": 0.787, ""fap"": 0.001000376577852939, ""power_at_rvP"": 0.409}, ""FWHMDRS"": {""P"": 6.854, ""power"": 0.599, ""fap"": 0.48550579272037303, ""power_at_rvP"": 0.115}, ""BIS"": {""P"": 36.417, ""power"": 0.399, ""fap"": 1.0, ""power_at_rvP"": 0.177}}",,,0,A0Va,9118.0,3.9,36.39
HD71835,153,152,4898.7,,3.09,-0.45,5000.0,0.22,0.001029398555819504,2.71,2.59,False,367.5,0.715,,"{""CRX"": {""P"": 56.547, ""power"": 0.12, ""fap"": 0.60192521317502, ""power_at_rvP"": 0.077}, ""dLW"": {""P"": 3550.434, ""power"": 0.332, ""fap"": 2.1354774198211874e-09, ""power_at_rvP"": 0.155}, ""Halpha"": {""P"": 3426.269, ""power"": 0.304, ""fap"": 4.210408663249742e-08, ""power_at_rvP"": 0.204}, ""FWHMDRS"": {""P"": 2916.323, ""power"": 0.625, ""fap"": 8.380377211205581e-28, ""power_at_rvP"": 0.167}, ""BIS"": {""P"": 3005.796, ""power"": 0.7, ""fap"": 5.165710702996629e-35, ""power_at_rvP"": 0.436}}",,,0,G9V+,5479.0,8.37,40.19
HD7199,129,127,5075.1,,8.8,-1.13,617.7722,0.576,1.1440341105247725e-18,9.3,5.58,False,363.41,0.759,,"{""CRX"": {""P"": 2796.143, ""power"": 0.532, ""fap"": 1.177174996031242e-16, ""power_at_rvP"": 0.085}, ""dLW"": {""P"": 2650.13, ""power"": 0.7, ""fap"": 1.6782800849500725e-28, ""power_at_rvP"": 0.073}, ""Halpha"": {""P"": 2875.354, ""power"": 0.643, ""fap"": 6.802409762085721e-24, ""power_at_rvP"": 0.141}, ""FWHMDRS"": {""P"": 3142.414, ""power"": 0.719, ""fap"": 3.182573078732976e-30, ""power_at_rvP"": 0.054}, ""BIS"": {""P"": 3586.572, ""power"": 0.702, ""fap"": 1.163422972837421e-28, ""power_at_rvP"": 0.017}}","HD 7199 b(615.0 d,Radial Velocity)",HD 7199 b,1,K1IV,5263.0,8.03,36.19
HD72659,53,52,5159.0,,19.41,-0.77,3261.4519,0.893,8.456562817231632e-17,29.45,5.85,False,4768.9,0.542,,"{""CRX"": {""P"": 1.217, ""power"": 0.358, ""fap"": 0.22601916548370637, ""power_at_rvP"": 0.004}, ""dLW"": {""P"": 2419.996, ""power"": 0.387, ""fap"": 0.08191082228679378, ""power_at_rvP"": 0.212}, ""Halpha"": {""P"": 1.245, ""power"": 0.284, ""fap"": 0.9541744376277652, ""power_at_rvP"": 0.075}, ""FWHMDRS"": {""P"": 1.619, ""power"": 0.293, ""fap"": 0.9002303329126068, ""power_at_rvP"": 0.113}, ""BIS"": {""P"": 13.745, ""power"": 0.355, ""fap"": 0.24417503470438004, ""power_at_rvP"": 0.14}}","HD 72659 b(3549.0 d,Radial Velocity);HD 72659 c(35500.0 d,Radial Velocity)",,2,G2V,5898.0,7.47,51.97
HD73267,65,62,4126.8,,41.43,7.19,1279.4644,0.895,8.598782860729518e-25,69.23,12.89,False,2895.24,0.618,,"{""CRX"": {""P"": 1774.668, ""power"": 0.27, ""fap"": 0.695476954372124, ""power_at_rvP"": 0.085}, ""dLW"": {""P"": 47.639, ""power"": 0.466, ""fap"": 0.00017840909659072758, ""power_at_rvP"": 0.062}, ""Halpha"": {""P"": 2.121, ""power"": 0.266, ""fap"": 0.749987655152915, ""power_at_rvP"": 0.066}, ""FWHMDRS"": {""P"": 3837.579, ""power"": 0.273, ""fap"": 0.6541556331076962, ""power_at_rvP"": 0.006}, ""BIS"": {""P"": 38.078, ""power"": 0.211, ""fap"": 0.9999551865331614, ""power_at_rvP"": 0.004}}","HD 73267 c(17071.78 d,Radial Velocity);HD 73267 b(1257.992 d,Radial Velocity)",HD 73267 b,2,K0V,5333.2,8.87,50.48
HD7449,133,117,4451.9,,28.57,11.97,4495.1339,0.736,8.966512970840856e-22,23.54,9.2,False,368.21,0.782,,"{""CRX"": {""P"": 1.608, ""power"": 0.152, ""fap"": 0.5972197752559815, ""power_at_rvP"": 0.013}, ""dLW"": {""P"": 825.883, ""power"": 0.347, ""fap"": 5.004965893316761e-07, ""power_at_rvP"": 0.278}, ""Halpha"": {""P"": 5000.0, ""power"": 0.158, ""fap"": 0.4522411067582101, ""power_at_rvP"": 0.139}, ""FWHMDRS"": {""P"": 5000.0, ""power"": 0.496, ""fap"": 2.5929724264751116e-13, ""power_at_rvP"": 0.418}, ""BIS"": {""P"": 696.644, ""power"": 0.307, ""fap"": 1.3666002932621628e-05, ""power_at_rvP"": 0.177}}","HD 7449 b(1270.552 d,Radial Velocity)",,1,F9.5V,6031.0,7.48,38.71
HD74521,155,25,1406.2,,394.65,-82.85,2.841,0.678,0.014651968325203369,455.88,251.84,False,14.64,0.948,,"{""CRX"": {""P"": 3.524, ""power"": 0.708, ""fap"": 0.006029081807511919, ""power_at_rvP"": 0.601}, ""dLW"": {""P"": 8.999, ""power"": 0.684, ""fap"": 0.0131537134682628, ""power_at_rvP"": 0.255}, ""Halpha"": {""P"": 7.2, ""power"": 0.563, ""fap"": 0.3078111514476456, ""power_at_rvP"": 0.109}, ""FWHMDRS"": {""P"": 3.523, ""power"": 0.635, ""fap"": 0.057226002793487336, ""power_at_rvP"": 0.573}, ""BIS"": {""P"": 35.78, ""power"": 0.63, ""fap"": 0.06571449407643261, ""power_at_rvP"": 0.041}}",,,0,A1VpHgMnSiEu,8598.7,5.66,158.06
HD74698,119,115,5158.0,,8.42,0.89,15.0186,0.45,8.878020081436593e-11,7.37,6.05,False,364.99,0.676,,"{""CRX"": {""P"": 48.19, ""power"": 0.151, ""fap"": 0.7417326410927974, ""power_at_rvP"": 0.012}, ""dLW"": {""P"": 1997.957, ""power"": 0.175, ""fap"": 0.25417342179062635, ""power_at_rvP"": 0.029}, ""Halpha"": {""P"": 40.555, ""power"": 0.22, ""fap"": 0.015167791587577367, ""power_at_rvP"": 0.015}, ""FWHMDRS"": {""P"": 374.259, ""power"": 0.055, ""fap"": 1.0, ""power_at_rvP"": 0.017}, ""BIS"": {""P"": 5000.0, ""power"": 0.333, ""fap"": 3.08559186064134e-06, ""power_at_rvP"": 0.005}}","HD 74698 b(15.017 d,Radial Velocity);HD 74698 c(3449.0 d,Radial Velocity)",HD 74698 b,2,G5V,5763.5,7.76,52.14
HD74957,42,40,5128.0,,8.34,-3.97,57.5038,0.445,0.5143250921282597,3.66,3.01,False,359.21,0.649,,"{""CRX"": {""P"": 5.238, ""power"": 0.47, ""fap"": 0.08150729416341568, ""power_at_rvP"": 0.057}, ""dLW"": {""P"": 5.293, ""power"": 0.284, ""fap"": 0.9999999630277222, ""power_at_rvP"": 0.026}, ""Halpha"": {""P"": 3.112, ""power"": 0.342, ""fap"": 0.98135959792172, ""power_at_rvP"": 0.073}, ""FWHMDRS"": {""P"": 2.074, ""power"": 0.371, ""fap"": 0.834322395804444, ""power_at_rvP"": 0.091}, ""BIS"": {""P"": 1.404, ""power"": 0.406, ""fap"": 0.4779644353183286, ""power_at_rvP"": 0.017}}",,,0,G2V,5898.5,8.12,48.78
HD76188,74,32,4049.9,,1.51,-0.3,13.4341,0.603,0.00903560152860478,1.97,1.04,False,3491.34,0.997,,"{""CRX"": {""P"": 2177.368, ""power"": 0.827, ""fap"": 2.6831757928442796e-07, ""power_at_rvP"": 0.07}, ""dLW"": {""P"": 1121.848, ""power"": 0.84, ""fap"": 9.248600749964827e-08, ""power_at_rvP"": 0.043}, ""Halpha"": {""P"": 59.767, ""power"": 0.657, ""fap"": 0.0035674475930039607, ""power_at_rvP"": 0.066}, ""FWHMDRS"": {""P"": 354.938, ""power"": 0.886, ""fap"": 8.007242085809761e-10, ""power_at_rvP"": 0.08}, ""BIS"": {""P"": 328.988, ""power"": 0.72, ""fap"": 0.00021163068860589803, ""power_at_rvP"": 0.046}}",,,0,F7V,5989.0,7.16,56.66
HD7661,41,25,4735.0,,18.87,-0.55,3.6915,0.743,0.02226918095735943,25.21,9.5,False,4522.44,0.95,,"{""CRX"": {""P"": 1.641, ""power"": 0.634, ""fap"": 0.330644470390504, ""power_at_rvP"": 0.018}, ""dLW"": {""P"": 1.4, ""power"": 0.604, ""fap"": 0.5874507696255513, ""power_at_rvP"": 0.213}, ""Halpha"": {""P"": 1052.906, ""power"": 0.781, ""fap"": 0.0020439102712767453, ""power_at_rvP"": 0.025}, ""FWHMDRS"": {""P"": 15.003, ""power"": 0.793, ""fap"": 0.001112180903815371, ""power_at_rvP"": 0.118}, ""BIS"": {""P"": 1.368, ""power"": 0.657, ""fap"": 0.18641126059450813, ""power_at_rvP"": 0.441}}",,,0,K0V,5433.5,7.55,25.57
HD77110,162,96,4863.8,,2.71,-0.58,787.9304,0.257,0.019034011541779278,1.23,1.65,False,369.22,0.897,,"{""CRX"": {""P"": 1.28, ""power"": 0.143, ""fap"": 0.9998642166417424, ""power_at_rvP"": 0.065}, ""dLW"": {""P"": 316.384, ""power"": 0.408, ""fap"": 6.214819271150416e-07, ""power_at_rvP"": 0.33}, ""Halpha"": {""P"": 125.603, ""power"": 0.424, ""fap"": 1.7935541846119318e-07, ""power_at_rvP"": 0.039}, ""FWHMDRS"": {""P"": 1854.432, ""power"": 0.533, ""fap"": 1.319362350545994e-11, ""power_at_rvP"": 0.104}, ""BIS"": {""P"": 1927.94, ""power"": 0.689, ""fap"": 1.1046585800731497e-19, ""power_at_rvP"": 0.146}}",,,0,G1V,5717.8,8.85,62.0
HD77338,90,56,4866.8,,6.63,-0.14,5.7362,0.61,2.4785132936170604e-06,6.09,4.46,False,1754.81,0.548,,"{""CRX"": {""P"": 32.044, ""power"": 0.123, ""fap"": 1.0, ""power_at_rvP"": 0.042}, ""dLW"": {""P"": 26.569, ""power"": 0.23, ""fap"": 0.9999891601511738, ""power_at_rvP"": 0.041}, ""Halpha"": {""P"": 366.651, ""power"": 0.575, ""fap"": 2.6598594025115957e-06, ""power_at_rvP"": 0.018}, ""FWHMDRS"": {""P"": 821.612, ""power"": 0.204, ""fap"": 0.999999999997088, ""power_at_rvP"": 0.062}, ""BIS"": {""P"": 26.396, ""power"": 0.443, ""fap"": 0.0029825353667768117, ""power_at_rvP"": 0.009}}","HD 77338 b(5.736 d,Radial Velocity)",HD 77338 b,1,K0IV,,8.59,46.0
HD78286,46,37,3383.9,,9.34,-0.37,95.6501,0.705,2.4810758559863653e-05,11.86,5.21,False,213.13,0.827,,"{""CRX"": {""P"": 38.137, ""power"": 0.193, ""fap"": 1.0, ""power_at_rvP"": 0.073}, ""dLW"": {""P"": 38.137, ""power"": 0.27, ""fap"": 0.9999999999999503, ""power_at_rvP"": 0.097}, ""Halpha"": {""P"": 6.295, ""power"": 0.404, ""fap"": 0.6980405310921823, ""power_at_rvP"": 0.07}, ""FWHMDRS"": {""P"": 78.009, ""power"": 0.18, ""fap"": 1.0, ""power_at_rvP"": 0.047}, ""BIS"": {""P"": 18.141, ""power"": 0.166, ""fap"": 1.0, ""power_at_rvP"": 0.052}}",,,0,G5V,5781.0,8.57,73.0
HD78429,150,139,4939.6,,4.38,-0.3,43.0132,0.222,0.0011587500115392455,2.7,3.69,False,3691.99,0.903,,"{""CRX"": {""P"": 3435.228, ""power"": 0.148, ""fap"": 0.2992703641252014, ""power_at_rvP"": 0.011}, ""dLW"": {""P"": 5000.0, ""power"": 0.325, ""fap"": 7.711255124429155e-08, ""power_at_rvP"": 0.126}, ""Halpha"": {""P"": 3.066, ""power"": 0.153, ""fap"": 0.21621186652223504, ""power_at_rvP"": 0.037}, ""FWHMDRS"": {""P"": 2687.59, ""power"": 0.693, ""fap"": 9.92272893394636e-31, ""power_at_rvP"": 0.043}, ""BIS"": {""P"": 2762.75, ""power"": 0.706, ""fap"": 5.075475912699904e-32, ""power_at_rvP"": 0.078}}",,,0,G2V,5768.8,7.33,38.25
HD78747,69,56,5083.0,,1.23,0.02,32.4235,0.359,0.10561374733763383,0.97,1.06,False,158.02,0.707,,"{""CRX"": {""P"": 1871.07, ""power"": 0.41, ""fap"": 0.01445218185208299, ""power_at_rvP"": 0.007}, ""dLW"": {""P"": 551.497, ""power"": 0.492, ""fap"": 0.000327760761740274, ""power_at_rvP"": 0.006}, ""Halpha"": {""P"": 28.521, ""power"": 0.284, ""fap"": 0.8423226129413605, ""power_at_rvP"": 0.045}, ""FWHMDRS"": {""P"": 63.802, ""power"": 0.572, ""fap"": 4.208806826887267e-06, ""power_at_rvP"": 0.012}, ""BIS"": {""P"": 82.829, ""power"": 0.513, ""fap"": 0.00011388813854409328, ""power_at_rvP"": 0.04}}",,,0,G5VFe-1.6CH-1,5880.0,7.74,41.18
HD79601,109,83,4022.9,,1.78,0.23,18.3436,0.278,0.02414684871050507,1.25,1.55,False,374.06,0.918,,"{""CRX"": {""P"": 18.031, ""power"": 0.208, ""fap"": 0.5904686481849604, ""power_at_rvP"": 0.004}, ""dLW"": {""P"": 5000.0, ""power"": 0.647, ""fap"": 2.2000243884108988e-14, ""power_at_rvP"": 0.0}, ""Halpha"": {""P"": 363.906, ""power"": 0.252, ""fap"": 0.0998082944028182, ""power_at_rvP"": 0.03}, ""FWHMDRS"": {""P"": 5000.0, ""power"": 0.765, ""fap"": 2.281967373211031e-21, ""power_at_rvP"": 0.001}, ""BIS"": {""P"": 1.916, ""power"": 0.182, ""fap"": 0.9483632705082424, ""power_at_rvP"": 0.032}}",,,0,G2V,5837.4,8.02,54.44
HD82516,140,138,4958.7,,1.96,0.08,43.7103,0.216,0.002225090731935365,1.31,1.71,False,360.84,0.734,,"{""CRX"": {""P"": 5.577, ""power"": 0.141, ""fap"": 0.40293163341081983, ""power_at_rvP"": 0.046}, ""dLW"": {""P"": 4343.093, ""power"": 0.535, ""fap"": 9.361136404101752e-19, ""power_at_rvP"": 0.072}, ""Halpha"": {""P"": 377.315, ""power"": 0.416, ""fap"": 4.0149523982631664e-12, ""power_at_rvP"": 0.001}, ""FWHMDRS"": {""P"": 2030.774, ""power"": 0.523, ""fap"": 5.24785381480462e-18, ""power_at_rvP"": 0.047}, ""BIS"": {""P"": 2163.695, ""power"": 0.769, ""fap"": 4.0073220532241493e-39, ""power_at_rvP"": 0.049}}",,,0,K2V,,8.49,31.48
HD82943,247,115,4909.7,,50.23,2.09,219.8467,0.577,1.0338985981904419e-16,54.03,29.3,False,3686.11,0.762,,"{""CRX"": {""P"": 1901.53, ""power"": 0.195, ""fap"": 0.10380597825083829, ""power_at_rvP"": 0.113}, ""dLW"": {""P"": 5000.0, ""power"": 0.573, ""fap"": 9.595414037128088e-17, ""power_at_rvP"": 0.03}, ""Halpha"": {""P"": 371.042, ""power"": 0.588, ""fap"": 1.3141975678087747e-17, ""power_at_rvP"": 0.104}, ""FWHMDRS"": {""P"": 2919.044, ""power"": 0.04, ""fap"": 1.0, ""power_at_rvP"": 0.017}, ""BIS"": {""P"": 3008.48, ""power"": 0.06, ""fap"": 1.0, ""power_at_rvP"": 0.022}}","HD 82943 b(441.47 d,Radial Velocity);HD 82943 c(220.078 d,Radial Velocity)",HD 82943 b;HD 82943 c,2,F9VFe+0.5,5984.0,6.53,27.61
HD83443,56,51,4534.7,,39.8,-1.47,2.9856,0.965,6.290655619087309e-29,55.89,7.84,False,368.46,0.877,,"{""CRX"": {""P"": 592.219, ""power"": 0.346, ""fap"": 0.5132885012473479, ""power_at_rvP"": 0.018}, ""dLW"": {""P"": 2441.992, ""power"": 0.91, ""fap"": 5.919917840035882e-21, ""power_at_rvP"": 0.016}, ""Halpha"": {""P"": 450.891, ""power"": 0.693, ""fap"": 1.8702855565523012e-08, ""power_at_rvP"": 0.025}, ""FWHMDRS"": {""P"": 2821.912, ""power"": 0.803, ""fap"": 1.605844152902685e-11, ""power_at_rvP"": 0.005}, ""BIS"": {""P"": 1350.815, ""power"": 0.793, ""fap"": 4.517815402959435e-11, ""power_at_rvP"": 0.034}}","HD 83443 b(2.986 d,Radial Velocity);HD 83443 c(8241.0 d,Radial Velocity)",HD 83443 b,2,K0/1V+G(III),5487.0,8.24,40.95
HD8535,58,56,4357.1,,8.78,-0.25,1255.1101,0.894,1.7919746385306443e-19,12.45,2.95,False,2328.2,0.706,,"{""CRX"": {""P"": 1.865, ""power"": 0.299, ""fap"": 0.5011879584554504, ""power_at_rvP"": 0.019}, ""dLW"": {""P"": 536.482, ""power"": 0.272, ""fap"": 0.8317464645220648, ""power_at_rvP"": 0.085}, ""Halpha"": {""P"": 117.056, ""power"": 0.33, ""fap"": 0.20712669441438528, ""power_at_rvP"": 0.088}, ""FWHMDRS"": {""P"": 5000.0, ""power"": 0.38, ""fap"": 0.032486154303743006, ""power_at_rvP"": 0.106}, ""BIS"": {""P"": 7.787, ""power"": 0.279, ""fap"": 0.758197200016189, ""power_at_rvP"": 0.015}}","HD 8535 b(1313.0 d,Radial Velocity)",HD 8535 b,1,G0V,5955.3,7.69,55.53
HD85390,114,114,4892.7,,3.26,0.64,811.5776,0.498,1.1240569041121804e-12,2.7,2.06,False,362.99,0.595,,"{""CRX"": {""P"": 3826.771, ""power"": 0.194, ""fap"": 0.09281393376860766, ""power_at_rvP"": 0.018}, ""dLW"": {""P"": 4536.403, ""power"": 0.55, ""fap"": 2.0515764774718045e-15, ""power_at_rvP"": 0.044}, ""Halpha"": {""P"": 183.391, ""power"": 0.175, ""fap"": 0.2908847902328957, ""power_at_rvP"": 0.03}, ""FWHMDRS"": {""P"": 5000.0, ""power"": 0.793, ""fap"": 7.364603899594033e-34, ""power_at_rvP"": 0.014}, ""BIS"": {""P"": 5000.0, ""power"": 0.391, ""fap"": 2.9180251322761168e-08, ""power_at_rvP"": 0.005}}","HD 85390 b(799.52 d,Radial Velocity)",HD 85390 b,1,K1.5V,5152.5,8.55,33.55
HD85512,1170,587,5250.7,,1.24,0.19,853.7476,0.06,0.00017922701333216776,0.43,1.19,False,368.46,0.732,,"{""CRX"": {""P"": 464.655, ""power"": 0.098, ""fap"": 9.728789001154913e-10, ""power_at_rvP"": 0.031}, ""dLW"": {""P"": 3387.234, ""power"": 0.289, ""fap"": 1.3014918432907578e-39, ""power_at_rvP"": 0.015}, ""Halpha"": {""P"": 3750.118, ""power"": 0.459, ""fap"": 4.2113975265800115e-74, ""power_at_rvP"": 0.021}, ""FWHMDRS"": {""P"": 1280.608, ""power"": 0.032, ""fap"": 0.4413962378901334, ""power_at_rvP"": 0.002}, ""BIS"": {""P"": 4772.755, ""power"": 0.419, ""fap"": 4.085691886314286e-65, ""power_at_rvP"": 0.12}}",,,0,K6Vk:,5000.0,7.651,11.28
HD85725,81,77,5156.0,,9.79,3.36,3873.1797,0.327,0.008829507148027974,4.71,4.61,False,363.57,0.721,dLW,"{""CRX"": {""P"": 4.672, ""power"": 0.263, ""fap"": 0.15604699295967261, ""power_at_rvP"": 0.107}, ""dLW"": {""P"": 3873.18, ""power"": 0.428, ""fap"": 1.985197776176014e-05, ""power_at_rvP"": 0.428}, ""Halpha"": {""P"": 3602.551, ""power"": 0.26, ""fap"": 0.17272831624845705, ""power_at_rvP"": 0.254}, ""FWHMDRS"": {""P"": 743.87, ""power"": 0.167, ""fap"": 0.9999896394231047, ""power_at_rvP"": 0.042}, ""BIS"": {""P"": 4.711, ""power"": 0.262, ""fap"": 0.1632859823009701, ""power_at_rvP"": 0.037}}",,,0,G1V,,6.3,54.05
HD87838,228,156,4930.6,,2.41,-0.04,34.1365,0.119,0.5138326077644667,1.0,2.32,False,368.33,0.69,,"{""CRX"": {""P"": 1.899, ""power"": 0.122, ""fap"": 0.39047593414558035, ""power_at_rvP"": 0.001}, ""dLW"": {""P"": 393.307, ""power"": 0.132, ""fap"": 0.19294547167311157, ""power_at_rvP"": 0.016}, ""Halpha"": {""P"": 183.046, ""power"": 0.31, ""fap"": 6.803684957613419e-09, ""power_at_rvP"": 0.025}, ""FWHMDRS"": {""P"": 1679.278, ""power"": 0.407, ""fap"": 6.916819879812907e-14, ""power_at_rvP"": 0.009}, ""BIS"": {""P"": 3433.266, ""power"": 0.46, ""fap"": 5.63578059174947e-17, ""power_at_rvP"": 0.012}}",,,0,F7/8V,,7.72,51.22
HD88072,42,39,1826.0,,1.49,0.72,2.4859,0.337,0.9646781299968311,0.99,1.03,False,347.78,0.801,,"{""CRX"": {""P"": 73.475, ""power"": 0.625, ""fap"": 0.00018143142213089, ""power_at_rvP"": 0.022}, ""dLW"": {""P"": 2608.476, ""power"": 0.8, ""fap"": 3.3850914232712947e-09, ""power_at_rvP"": 0.077}, ""Halpha"": {""P"": 25.753, ""power"": 0.544, ""fap"": 0.0051931323150611886, ""power_at_rvP"": 0.015}, ""FWHMDRS"": {""P"": 3651.924, ""power"": 0.88, ""fap"": 4.813071836134619e-13, ""power_at_rvP"": 0.054}, ""BIS"": {""P"": 3651.924, ""power"": 0.876, ""fap"": 8.739503448717269e-13, ""power_at_rvP"": 0.03}}","HD 88072 b(18538.793 d,Radial Velocity)",,1,G3V,5798.0,,35.95
HD8828,83,57,4095.9,,1.86,0.01,2.795,0.275,0.7784983917500267,1.35,1.56,False,370.02,0.939,,"{""CRX"": {""P"": 1.926, ""power"": 0.085, ""fap"": 1.0, ""power_at_rvP"": 0.011}, ""dLW"": {""P"": 5000.0, ""power"": 0.558, ""fap"": 4.311022289539998e-10, ""power_at_rvP"": 0.008}, ""Halpha"": {""P"": 370.019, ""power"": 0.547, ""fap"": 1.0980682814308114e-09, ""power_at_rvP"": 0.016}, ""FWHMDRS"": {""P"": 343.632, ""power"": 0.511, ""fap"": 1.986205450910156e-08, ""power_at_rvP"": 0.015}, ""BIS"": {""P"": 380.327, ""power"": 0.746, ""fap"": 2.5902936336403605e-19, ""power_at_rvP"": 0.003}}",,,0,G5V,,7.93,31.07
HD89454,50,50,1467.9,,9.28,0.83,1129.132,0.47,0.001601783359959072,9.77,6.82,False,2668.94,0.822,,"{""CRX"": {""P"": 2.236, ""power"": 0.286, ""fap"": 0.694437739039568, ""power_at_rvP"": 0.005}, ""dLW"": {""P"": 1630.984, ""power"": 0.566, ""fap"": 1.7584561935597456e-05, ""power_at_rvP"": 0.443}, ""Halpha"": {""P"": 6.208, ""power"": 0.352, ""fap"": 0.13051446926655907, ""power_at_rvP"": 0.175}, ""FWHMDRS"": {""P"": 1467.881, ""power"": 0.436, ""fap"": 0.006394525316717375, ""power_at_rvP"": 0.394}, ""BIS"": {""P"": 7.977, ""power"": 0.417, ""fap"": 0.013586800097201037, ""power_at_rvP"": 0.119}}",,,0,G5V,5699.0,8.05,41.26
HD89839,92,82,5146.9,,29.34,-1.68,3731.3022,0.967,9.75260325338397e-53,43.8,6.06,False,364.27,0.717,,"{""CRX"": {""P"": 2.868, ""power"": 0.18, ""fap"": 0.9909220043223592, ""power_at_rvP"": 0.01}, ""dLW"": {""P"": 26.865, ""power"": 0.202, ""fap"": 0.832772983619856, ""power_at_rvP"": 0.05}, ""Halpha"": {""P"": 183.951, ""power"": 0.32, ""fap"": 0.00425260165110301, ""power_at_rvP"": 0.031}, ""FWHMDRS"": {""P"": 868.024, ""power"": 0.284, ""fap"": 0.03000858510544066, ""power_at_rvP"": 0.038}, ""BIS"": {""P"": 2.165, ""power"": 0.181, ""fap"": 0.9898282155951347, ""power_at_rvP"": 0.067}}","HD 89839 b(3391.2 d,Radial Velocity)",,1,F7V,6273.0,7.64,57.4
HD90156,160,130,4924.6,,2.42,-0.0,49.6251,0.671,1.1787567778847179e-26,2.85,1.4,False,363.84,0.766,,"{""CRX"": {""P"": 3689.049, ""power"": 0.191, ""fap"": 0.017767345232124254, ""power_at_rvP"": 0.014}, ""dLW"": {""P"": 5000.0, ""power"": 0.683, ""fap"": 8.73533820773247e-28, ""power_at_rvP"": 0.003}, ""Halpha"": {""P"": 183.855, ""power"": 0.365, ""fap"": 5.804012995633442e-09, ""power_at_rvP"": 0.043}, ""FWHMDRS"": {""P"": 5000.0, ""power"": 0.769, ""fap"": 2.0865348528992944e-36, ""power_at_rvP"": 0.005}, ""BIS"": {""P"": 5000.0, ""power"": 0.456, ""fap"": 4.2082264924196307e-13, ""power_at_rvP"": 0.017}}","HD 90156 b(49.77 d,Radial Velocity)",HD 90156 b,1,G5V,5705.0,6.92,21.96
HD92588,59,28,1896.0,,2.6,0.92,126.8149,0.509,0.5243247936423491,2.61,2.2,False,379.18,0.693,,"{""CRX"": {""P"": 2.863, ""power"": 0.438, ""fap"": 0.9844503658662047, ""power_at_rvP"": 0.016}, ""dLW"": {""P"": 3791.95, ""power"": 0.709, ""fap"": 0.0019750905938081373, ""power_at_rvP"": 0.009}, ""Halpha"": {""P"": 1.244, ""power"": 0.525, ""fap"": 0.45083852875670716, ""power_at_rvP"": 0.137}, ""FWHMDRS"": {""P"": 3447.212, ""power"": 0.569, ""fap"": 0.17936833853894382, ""power_at_rvP"": 0.001}, ""BIS"": {""P"": 2.402, ""power"": 0.506, ""fap"": 0.6155763929036728, ""power_at_rvP"": 0.083}}",,,0,G9IV,5119.7,6.25,37.7
HD92719,90,68,4508.7,,3.94,0.64,4286.88,0.335,0.36294261902988734,4.02,3.04,False,363.55,0.803,,"{""CRX"": {""P"": 2002.287, ""power"": 0.305, ""fap"": 0.09161865296841484, ""power_at_rvP"": 0.276}, ""dLW"": {""P"": 2370.796, ""power"": 0.561, ""fap"": 5.344002178140915e-08, ""power_at_rvP"": 0.345}, ""Halpha"": {""P"": 204.92, ""power"": 0.299, ""fap"": 0.1192363757567668, ""power_at_rvP"": 0.243}, ""FWHMDRS"": {""P"": 5000.0, ""power"": 0.599, ""fap"": 3.112432511658117e-09, ""power_at_rvP"": 0.451}, ""BIS"": {""P"": 938.952, ""power"": 0.458, ""fap"": 4.091799453452769e-05, ""power_at_rvP"": 0.285}}",,,0,G1.5V,,6.767,23.91
HD93385,249,236,4881.8,,2.47,0.27,13.1821,0.225,2.826562245368627e-09,1.64,2.15,False,4756.42,0.631,,"{""CRX"": {""P"": 1790.567, ""power"": 0.155, ""fap"": 3.075959255836772e-05, ""power_at_rvP"": 0.02}, ""dLW"": {""P"": 5000.0, ""power"": 0.572, ""fap"": 3.638173046087676e-39, ""power_at_rvP"": 0.012}, ""Halpha"": {""P"": 362.242, ""power"": 0.315, ""fap"": 1.1655695784838644e-15, ""power_at_rvP"": 0.01}, ""FWHMDRS"": {""P"": 5000.0, ""power"": 0.645, ""fap"": 1.3251531101817845e-48, ""power_at_rvP"": 0.001}, ""BIS"": {""P"": 265.651, ""power"": 0.092, ""fap"": 0.09779622345685385, ""power_at_rvP"": 0.013}}","HD 93385 c(13.18 d,Radial Velocity);HD 93385 d(45.85 d,Radial Velocity);HD 93385 b(7.343 d,Radial Velocity)",HD 93385 c,3,G2/3V,5977.0,7.486,43.4
HD94151,40,40,5080.0,,5.24,-1.51,1348.8956,0.505,0.13475721788048303,3.32,1.6,False,359.87,0.732,,"{""CRX"": {""P"": 502.168, ""power"": 0.535, ""fap"": 0.014114064176308502, ""power_at_rvP"": 0.08}, ""dLW"": {""P"": 2.106, ""power"": 0.398, ""fap"": 0.7253430234019799, ""power_at_rvP"": 0.217}, ""Halpha"": {""P"": 363.735, ""power"": 0.653, ""fap"": 8.014244524764966e-05, ""power_at_rvP"": 0.187}, ""FWHMDRS"": {""P"": 374.46, ""power"": 0.858, ""fap"": 1.0293263916668868e-11, ""power_at_rvP"": 0.521}, ""BIS"": {""P"": 380.063, ""power"": 0.871, ""fap"": 1.833925697492981e-12, ""power_at_rvP"": 0.481}}",,,0,G8V,,7.82,35.98
HD94771,111,106,5166.9,,5.66,-0.13,2123.3239,0.652,1.5390676840620855e-18,7.54,3.39,False,364.29,0.662,,"{""CRX"": {""P"": 1.464, ""power"": 0.171, ""fap"": 0.5644084845718894, ""power_at_rvP"": 0.04}, ""dLW"": {""P"": 5000.0, ""power"": 0.305, ""fap"": 0.0001446546620696455, ""power_at_rvP"": 0.218}, ""Halpha"": {""P"": 182.358, ""power"": 0.17, ""fap"": 0.5934473416950432, ""power_at_rvP"": 0.068}, ""FWHMDRS"": {""P"": 5000.0, ""power"": 0.332, ""fap"": 1.9006535476822474e-05, ""power_at_rvP"": 0.011}, ""BIS"": {""P"": 5000.0, ""power"": 0.205, ""fap"": 0.10504734339641658, ""power_at_rvP"": 0.06}}","HD 94771 b(2164.0 d,Radial Velocity)",HD 94771 b,1,G3/5V,5549.0,7.36,57.88
HD95456,277,124,4924.7,,4.08,-0.4,3107.1604,0.407,7.363200341585434e-09,3.83,3.13,False,366.55,0.752,,"{""CRX"": {""P"": 4156.061, ""power"": 0.325, ""fap"": 1.269310816191466e-06, ""power_at_rvP"": 0.066}, ""dLW"": {""P"": 5000.0, ""power"": 0.521, ""fap"": 1.9285194749280454e-15, ""power_at_rvP"": 0.135}, ""Halpha"": {""P"": 771.286, ""power"": 0.31, ""fap"": 4.6916527653924464e-06, ""power_at_rvP"": 0.165}, ""FWHMDRS"": {""P"": 5000.0, ""power"": 0.545, ""fap"": 8.681645586363228e-17, ""power_at_rvP"": 0.235}, ""BIS"": {""P"": 1596.347, ""power"": 0.534, ""fap"": 3.7723847680127944e-16, ""power_at_rvP"": 0.459}}",,,0,F8V,6211.0,6.051,30.91
HD95542,81,80,5127.9,,9.26,-0.35,3.1963,0.31,0.019600999367294068,7.3,8.74,False,365.61,0.702,,"{""CRX"": {""P"": 28.056, ""power"": 0.177, ""fap"": 0.9871109871074908, ""power_at_rvP"": 0.04}, ""dLW"": {""P"": 11.756, ""power"": 0.216, ""fap"": 0.5350053894223293, ""power_at_rvP"": 0.023}, ""Halpha"": {""P"": 127.955, ""power"": 0.232, ""fap"": 0.30140760366928954, ""power_at_rvP"": 0.047}, ""FWHMDRS"": {""P"": 10.203, ""power"": 0.179, ""fap"": 0.9819145579677796, ""power_at_rvP"": 0.007}, ""BIS"": {""P"": 2.664, ""power"": 0.23, ""fap"": 0.3260513777486459, ""power_at_rvP"": 0.01}}",,,0,G0V,6033.3,8.27,52.88
HD9578,79,78,3314.0,,10.92,-0.37,486.4287,0.743,1.4016245935832087e-18,13.96,5.86,False,4649.26,0.733,Halpha;BIS,"{""CRX"": {""P"": 1.65, ""power"": 0.165, ""fap"": 0.9968746726089341, ""power_at_rvP"": 0.13}, ""dLW"": {""P"": 472.556, ""power"": 0.15, ""fap"": 0.9999769955192657, ""power_at_rvP"": 0.142}, ""Halpha"": {""P"": 472.556, ""power"": 0.458, ""fap"": 8.662933118724418e-07, ""power_at_rvP"": 0.438}, ""FWHMDRS"": {""P"": 529.147, ""power"": 0.352, ""fap"": 0.0006205877225525676, ""power_at_rvP"": 0.298}, ""BIS"": {""P"": 465.912, ""power"": 0.35, ""fap"": 0.0007052046756986705, ""power_at_rvP"": 0.324}}",,,0,G1V,,8.2,56.2
HD96423,75,75,4819.8,,1.45,-0.37,5.3174,0.275,0.08514810582406807,1.06,1.18,False,4753.44,0.648,,"{""CRX"": {""P"": 34.834, ""power"": 0.405, ""fap"": 9.98472237498578e-05, ""power_at_rvP"": 0.042}, ""dLW"": {""P"": 5000.0, ""power"": 0.548, ""fap"": 6.63078904106177e-09, ""power_at_rvP"": 0.073}, ""Halpha"": {""P"": 404.547, ""power"": 0.323, ""fap"": 0.008464492546949167, ""power_at_rvP"": 0.021}, ""FWHMDRS"": {""P"": 2986.309, ""power"": 0.283, ""fap"": 0.06111930898684481, ""power_at_rvP"": 0.019}, ""BIS"": {""P"": 3668.139, ""power"": 0.548, ""fap"": 6.837525318061948e-09, ""power_at_rvP"": 0.009}}",,,0,G5V,5720.8,7.23,32.3
HD96700,356,224,4925.7,,2.83,-0.25,8.1248,0.533,9.119336410057138e-33,2.86,1.94,False,4758.48,0.609,,"{""CRX"": {""P"": 3556.074, ""power"": 0.228, ""fap"": 5.23691987817963e-09, ""power_at_rvP"": 0.001}, ""dLW"": {""P"": 5000.0, ""power"": 0.525, ""fap"": 4.679472470212497e-32, ""power_at_rvP"": 0.001}, ""Halpha"": {""P"": 367.988, ""power"": 0.366, ""fap"": 2.6559825866103947e-18, ""power_at_rvP"": 0.009}, ""FWHMDRS"": {""P"": 5000.0, ""power"": 0.635, ""fap"": 1.3179107816479523e-44, ""power_at_rvP"": 0.007}, ""BIS"": {""P"": 5000.0, ""power"": 0.166, ""fap"": 2.2396762386270105e-05, ""power_at_rvP"": 0.016}}","HD 96700 b(8.124 d,Radial Velocity);HD 96700 c(19.88 d,Radial Velocity);HD 96700 d(103.5 d,Radial Velocity)",HD 96700 b,3,G1VFe-0.5,,6.503,25.43
HD967,103,72,5081.0,,1.56,-0.07,75.1986,0.312,0.06182191550785903,1.47,1.3,False,366.42,0.909,,"{""CRX"": {""P"": 2.349, ""power"": 0.189, ""fap"": 0.9999609192498161, ""power_at_rvP"": 0.011}, ""dLW"": {""P"": 1509.392, ""power"": 0.37, ""fap"": 0.0027082060814994945, ""power_at_rvP"": 0.003}, ""Halpha"": {""P"": 185.324, ""power"": 0.316, ""fap"": 0.03954159698102871, ""power_at_rvP"": 0.054}, ""FWHMDRS"": {""P"": 347.62, ""power"": 0.781, ""fap"": 9.398015661060932e-19, ""power_at_rvP"": 0.023}, ""BIS"": {""P"": 346.435, ""power"": 0.797, ""fap"": 7.916193807250493e-20, ""power_at_rvP"": 0.044}}",,,0,G6wF7,,8.38,42.84
HD97037,115,62,2519.0,,10.08,8.71,5000.0,0.284,0.3493669549847097,5.94,1.54,False,4548.56,0.776,FWHMDRS,"{""CRX"": {""P"": 34.551, ""power"": 0.336, ""fap"": 0.030753736132882483, ""power_at_rvP"": 0.142}, ""dLW"": {""P"": 2509.427, ""power"": 0.28, ""fap"": 0.2922408468786282, ""power_at_rvP"": 0.269}, ""Halpha"": {""P"": 372.965, ""power"": 0.264, ""fap"": 0.4736425493830006, ""power_at_rvP"": 0.087}, ""FWHMDRS"": {""P"": 324.864, ""power"": 0.477, ""fap"": 2.6900082785969262e-05, ""power_at_rvP"": 0.316}, ""BIS"": {""P"": 3852.834, ""power"": 0.554, ""fap"": 2.1439138576549726e-07, ""power_at_rvP"": 0.409}}","HD 97037 b(6449.083 d,Radial Velocity)",,1,G1V,,6.81,32.44
HD9986,86,44,4725.1,,6.49,3.32,4521.536,0.498,0.10284683893081424,11.42,2.96,False,4748.75,0.834,,"{""CRX"": {""P"": 13.416, ""power"": 0.408, ""fap"": 0.19737988599677478, ""power_at_rvP"": 0.033}, ""dLW"": {""P"": 376.648, ""power"": 0.449, ""fap"": 0.05254061570530332, ""power_at_rvP"": 0.164}, ""Halpha"": {""P"": 99.068, ""power"": 0.386, ""fap"": 0.3556754945524876, ""power_at_rvP"": 0.086}, ""FWHMDRS"": {""P"": 3058.266, ""power"": 0.592, ""fap"": 0.0001520550718175985, ""power_at_rvP"": 0.293}, ""BIS"": {""P"": 3058.266, ""power"": 0.746, ""fap"": 1.321468979651158e-08, ""power_at_rvP"": 0.438}}",,,0,G2V,5805.0,6.76,25.46
HIP100233,52,40,5119.0,,4.24,0.93,49.1148,0.65,0.0014994606547366917,3.84,1.69,False,370.3,0.968,,"{""CRX"": {""P"": 1.216, ""power"": 0.411, ""fap"": 0.5709867195362346, ""power_at_rvP"": 0.063}, ""dLW"": {""P"": 16.557, ""power"": 0.292, ""fap"": 0.9999999975520834, ""power_at_rvP"": 0.1}, ""Halpha"": {""P"": 8.936, ""power"": 0.348, ""fap"": 0.9926927967117077, ""power_at_rvP"": 0.021}, ""FWHMDRS"": {""P"": 803.122, ""power"": 0.912, ""fap"": 1.5941368335579211e-15, ""power_at_rvP"": 0.063}, ""BIS"": {""P"": 803.122, ""power"": 0.672, ""fap"": 2.851646361386072e-05, ""power_at_rvP"": 0.006}}",,,0,G2V,5968.3,8.571,39.97
HIP103039,155,148,4504.8,,3.03,0.28,42.3772,0.143,0.15179325089677828,1.6,2.83,False,4091.69,0.959,,"{""CRX"": {""P"": 14.557, ""power"": 0.094, ""fap"": 0.9954319380040004, ""power_at_rvP"": 0.03}, ""dLW"": {""P"": 345.166, ""power"": 0.263, ""fap"": 3.101092951695912e-06, ""power_at_rvP"": 0.038}, ""Halpha"": {""P"": 50.9, ""power"": 0.118, ""fap"": 0.5732974334987454, ""power_at_rvP"": 0.007}, ""FWHMDRS"": {""P"": 2813.796, ""power"": 0.571, ""fap"": 5.663420444995535e-23, ""power_at_rvP"": 0.008}, ""BIS"": {""P"": 1552.851, ""power"": 0.609, ""fap"": 7.677233804568785e-26, ""power_at_rvP"": 0.034}}",,,0,M4V,,11.458,5.61
HIP111978,56,38,4837.9,,2.48,0.05,23.7357,0.628,0.001084064972467811,2.92,1.65,False,185.94,0.787,,"{""CRX"": {""P"": 1780.191, ""power"": 0.478, ""fap"": 0.1642108933366096, ""power_at_rvP"": 0.112}, ""dLW"": {""P"": 5000.0, ""power"": 0.618, ""fap"": 0.001006971738947266, ""power_at_rvP"": 0.076}, ""Halpha"": {""P"": 78.768, ""power"": 0.662, ""fap"": 0.00013116526075758136, ""power_at_rvP"": 0.018}, ""FWHMDRS"": {""P"": 1.75, ""power"": 0.15, ""fap"": 1.0, ""power_at_rvP"": 0.089}, ""BIS"": {""P"": 2736.983, ""power"": 0.762, ""fap"": 3.494596116652097e-07, ""power_at_rvP"": 0.057}}",,,0,K0IV-V,,7.39,26.64
HIP112414,266,143,4946.3,,3.85,-0.18,194.0508,0.304,2.5739432093521173e-07,2.89,3.09,False,363.98,0.709,,"{""CRX"": {""P"": 217.519, ""power"": 0.098, ""fap"": 0.9990825210893833, ""power_at_rvP"": 0.007}, ""dLW"": {""P"": 365.324, ""power"": 0.075, ""fap"": 0.9999999999999998, ""power_at_rvP"": 0.02}, ""Halpha"": {""P"": 360.006, ""power"": 0.14, ""fap"": 0.2669326040991609, ""power_at_rvP"": 0.028}, ""FWHMDRS"": {""P"": 5000.0, ""power"": 0.104, ""fap"": 0.9890891562735331, ""power_at_rvP"": 0.007}, ""BIS"": {""P"": 3560.365, ""power"": 0.229, ""fap"": 0.00017590698875756463, ""power_at_rvP"": 0.071}}",,,0,G0.5V,5817.7,6.62,39.65
HIP116350,44,23,1821.9,,11.38,-3.11,3643.8943,0.79,0.0014602401409274128,31.17,5.45,False,364.37,0.848,,"{""CRX"": {""P"": 1.386, ""power"": 0.349, ""fap"": 0.9938220070592722, ""power_at_rvP"": 0.102}, ""dLW"": {""P"": 108.767, ""power"": 0.423, ""fap"": 0.49715663271512656, ""power_at_rvP"": 0.126}, ""Halpha"": {""P"": 2.422, ""power"": 0.337, ""fap"": 0.9990563591453401, ""power_at_rvP"": 0.025}, ""FWHMDRS"": {""P"": 1.728, ""power"": 0.376, ""fap"": 0.9199079568749094, ""power_at_rvP"": 0.05}, ""BIS"": {""P"": 25.732, ""power"": 0.368, ""fap"": 0.9552822642577651, ""power_at_rvP"": 0.093}}",,,0,F6V,,7.55,52.13
HIP12961,48,48,2226.0,,17.53,-2.86,57.5907,0.889,6.0045594011058325e-18,23.28,6.45,False,4047.2,0.85,,"{""CRX"": {""P"": 1.707, ""power"": 0.345, ""fap"": 0.3145614598514669, ""power_at_rvP"": 0.033}, ""dLW"": {""P"": 4451.931, ""power"": 0.354, ""fap"": 0.24589951308987382, ""power_at_rvP"": 0.014}, ""Halpha"": {""P"": 16.648, ""power"": 0.394, ""fap"": 0.07172480885295891, ""power_at_rvP"": 0.019}, ""FWHMDRS"": {""P"": 4451.931, ""power"": 0.342, ""fap"": 0.33935846834563893, ""power_at_rvP"": 0.035}, ""BIS"": {""P"": 4451.931, ""power"": 0.373, ""fap"": 0.14107349881182418, ""power_at_rvP"": 0.036}}","HIP 12961 b(57.435 d,Radial Velocity)",HIP 12961 b,1,K5V,,10.237,23.39
HIP1608,41,39,314.2,,3.97,-1.03,38.0733,0.372,0.2259357609514494,4.38,3.18,False,232.69,0.715,,"{""CRX"": {""P"": 1.473, ""power"": 0.32, ""fap"": 0.6070428682310045, ""power_at_rvP"": 0.117}, ""dLW"": {""P"": 10.647, ""power"": 0.438, ""fap"": 0.03842732639628622, ""power_at_rvP"": 0.143}, ""Halpha"": {""P"": 49.079, ""power"": 0.39, ""fap"": 0.1442634334728024, ""power_at_rvP"": 0.173}, ""FWHMDRS"": {""P"": 30.794, ""power"": 0.362, ""fap"": 0.2753571484127015, ""power_at_rvP"": 0.031}, ""BIS"": {""P"": 1.769, ""power"": 0.245, ""fap"": 0.994095220159298, ""power_at_rvP"": 0.054}}",,,0,M1+Vk:,3954.1,13.642,22.84
HIP18918,42,42,5123.1,,8.97,0.15,107.9118,0.511,0.0407464237215697,9.14,6.26,False,365.29,0.604,,"{""CRX"": {""P"": 1.685, ""power"": 0.419, ""fap"": 0.3097426842870624, ""power_at_rvP"": 0.014}, ""dLW"": {""P"": 4.687, ""power"": 0.319, ""fap"": 0.9987616702019195, ""power_at_rvP"": 0.004}, ""Halpha"": {""P"": 4767.358, ""power"": 0.614, ""fap"": 0.00018647268969764502, ""power_at_rvP"": 0.031}, ""FWHMDRS"": {""P"": 8.665, ""power"": 0.228, ""fap"": 1.0, ""power_at_rvP"": 0.09}, ""BIS"": {""P"": 2.066, ""power"": 0.343, ""fap"": 0.9694264066375556, ""power_at_rvP"": 0.045}}",,,0,K5V,4490.7,10.326,38.78
HIP26013,51,50,2887.2,,8.07,-1.31,1.2007,0.418,0.02545021999834983,8.27,6.49,False,4601.54,0.679,,"{""CRX"": {""P"": 1.209, ""power"": 0.328, ""fap"": 0.4692601400107638, ""power_at_rvP"": 0.029}, ""dLW"": {""P"": 2560.808, ""power"": 0.639, ""fap"": 5.512501521748922e-07, ""power_at_rvP"": 0.002}, ""Halpha"": {""P"": 1954.155, ""power"": 0.326, ""fap"": 0.48525126722772194, ""power_at_rvP"": 0.006}, ""FWHMDRS"": {""P"": 5000.0, ""power"": 0.182, ""fap"": 1.0, ""power_at_rvP"": 0.051}, ""BIS"": {""P"": 5000.0, ""power"": 0.192, ""fap"": 0.9999999999999951, ""power_at_rvP"": 0.057}}","TOI-431 b(0.49 d,Transit);TOI-431 c(4.849 d,Radial Velocity);TOI-431 d(12.461 d,Transit)",,3,K3+Vk:,4771.0,9.13,32.6
HIP29788,53,28,5123.0,,2.16,0.44,1.2361,0.637,0.062311147214549986,1.97,1.19,False,2469.36,0.865,,"{""CRX"": {""P"": 159.469, ""power"": 0.514, ""fap"": 0.8631106213132491, ""power_at_rvP"": 0.063}, ""dLW"": {""P"": 3726.882, ""power"": 0.59, ""fap"": 0.23695600086195798, ""power_at_rvP"": 0.086}, ""Halpha"": {""P"": 66.381, ""power"": 0.617, ""fap"": 0.11745176893608246, ""power_at_rvP"": 0.0}, ""FWHMDRS"": {""P"": 156.785, ""power"": 0.707, ""fap"": 0.005307232207198959, ""power_at_rvP"": 0.043}, ""BIS"": {""P"": 135.977, ""power"": 0.727, ""fap"": 0.0023487348632110607, ""power_at_rvP"": 0.007}}",,,0,F9.5V,,6.43,36.15
HIP49067,109,107,2210.0,,10.95,2.69,241.5217,0.481,1.469047002999983e-11,10.54,7.76,False,4018.15,0.867,,"{""CRX"": {""P"": 2.748, ""power"": 0.151, ""fap"": 0.5644604254849014, ""power_at_rvP"": 0.002}, ""dLW"": {""P"": 3683.295, ""power"": 0.592, ""fap"": 6.914007527797053e-17, ""power_at_rvP"": 0.066}, ""Halpha"": {""P"": 329.84, ""power"": 0.196, ""fap"": 0.058490508912562265, ""power_at_rvP"": 0.008}, ""FWHMDRS"": {""P"": 391.137, ""power"": 0.09, ""fap"": 0.9999999999259123, ""power_at_rvP"": 0.023}, ""BIS"": {""P"": 387.706, ""power"": 0.095, ""fap"": 0.9999999890126807, ""power_at_rvP"": 0.027}}","BD-08 2823 c(237.6 d,Radial Velocity);BD-08 2823 b(5.6 d,Radial Velocity)",BD-08 2823 c,2,K4:V,,9.874,41.38
HIP54597,57,54,5157.9,,20.84,2.52,3067.2612,0.761,1.8401420981209847e-06,29.0,9.13,False,362.42,0.695,,"{""CRX"": {""P"": 21.301, ""power"": 0.215, ""fap"": 0.999999999954024, ""power_at_rvP"": 0.154}, ""dLW"": {""P"": 21.192, ""power"": 0.3, ""fap"": 0.794431126581195, ""power_at_rvP"": 0.148}, ""Halpha"": {""P"": 362.417, ""power"": 0.307, ""fap"": 0.7170923389518304, ""power_at_rvP"": 0.017}, ""FWHMDRS"": {""P"": 352.509, ""power"": 0.143, ""fap"": 1.0, ""power_at_rvP"": 0.081}, ""BIS"": {""P"": 1.926, ""power"": 0.098, ""fap"": 1.0, ""power_at_rvP"": 0.058}}","HIP 54597 b(3274.0 d,Radial Velocity)",,1,K5V,4742.5,9.82,39.79
HIP60051,96,65,4048.8,,402.68,183.09,5000.0,0.958,1.2640015856595695e-06,429.4,33.54,False,366.08,0.692,,"{""CRX"": {""P"": 2.103, ""power"": 0.145, ""fap"": 1.0, ""power_at_rvP"": 0.075}, ""dLW"": {""P"": 301.926, ""power"": 0.371, ""fap"": 0.0014937728659667406, ""power_at_rvP"": 0.291}, ""Halpha"": {""P"": 1832.221, ""power"": 0.55, ""fap"": 1.7182685675952926e-08, ""power_at_rvP"": 0.046}, ""FWHMDRS"": {""P"": 297.489, ""power"": 0.314, ""fap"": 0.02724698562939594, ""power_at_rvP"": 0.276}, ""BIS"": {""P"": 1.432, ""power"": 0.217, ""fap"": 0.8918929608050162, ""power_at_rvP"": 0.094}}",,,0,G5V,5584.7,9.13,53.51
HIP63157,40,39,4646.2,,8.28,-2.69,55.9241,0.411,0.5660390492177603,6.6,5.84,False,4305.06,0.814,,"{""CRX"": {""P"": 20.679, ""power"": 0.347, ""fap"": 0.9752413875769481, ""power_at_rvP"": 0.104}, ""dLW"": {""P"": 2611.322, ""power"": 0.467, ""fap"": 0.1161117825318192, ""power_at_rvP"": 0.02}, ""Halpha"": {""P"": 5000.0, ""power"": 0.633, ""fap"": 0.00021203772839104568, ""power_at_rvP"": 0.002}, ""FWHMDRS"": {""P"": 1994.711, ""power"": 0.515, ""fap"": 0.024276978946167597, ""power_at_rvP"": 0.0}, ""BIS"": {""P"": 3250.803, ""power"": 0.601, ""fap"": 0.0008737964388692022, ""power_at_rvP"": 0.03}}",,,0,K5.5Vk,4342.5,10.029,31.1
HIP79578,52,25,1767.1,,370.65,-341.41,2718.5463,0.997,0.0002129448826312593,299.2,4.21,False,57.09,0.845,CRX,"{""CRX"": {""P"": 28.755, ""power"": 0.942, ""fap"": 5.050581999964646e-10, ""power_at_rvP"": 0.004}, ""dLW"": {""P"": 22.815, ""power"": 0.691, ""fap"": 0.017689326880795875, ""power_at_rvP"": 0.152}, ""Halpha"": {""P"": 18.245, ""power"": 0.582, ""fap"": 0.31966111905286415, ""power_at_rvP"": 0.302}, ""FWHMDRS"": {""P"": 20.102, ""power"": 0.683, ""fap"": 0.022559550013283337, ""power_at_rvP"": 0.367}, ""BIS"": {""P"": 2078.873, ""power"": 0.853, ""fap"": 7.95696050628334e-06, ""power_at_rvP"": 0.759}}",,,0,G3V,,6.54,22.21
HIP80683,73,47,3215.2,,4.58,-0.33,29.8542,0.384,0.23822970573230526,3.51,3.44,True,357.51,0.97,,"{""CRX"": {""P"": 38.324, ""power"": 0.328, ""fap"": 0.7914546167704619, ""power_at_rvP"": 0.004}, ""dLW"": {""P"": 272.627, ""power"": 0.503, ""fap"": 0.0030121086913373007, ""power_at_rvP"": 0.246}, ""Halpha"": {""P"": 50.046, ""power"": 0.473, ""fap"": 0.010420195987371627, ""power_at_rvP"": 0.187}, ""FWHMDRS"": {""P"": 271.476, ""power"": 0.519, ""fap"": 0.001517596943971012, ""power_at_rvP"": 0.247}, ""BIS"": {""P"": 93.754, ""power"": 0.348, ""fap"": 0.5804771505938691, ""power_at_rvP"": 0.18}}",,,0,K2.5V,4903.7,8.73,28.08
HIP8361,42,41,5167.0,,7.56,-0.19,1.3796,0.411,0.4368520850583129,6.22,5.91,False,364.29,0.769,,"{""CRX"": {""P"": 7.516, ""power"": 0.431, ""fap"": 0.2271008750403399, ""power_at_rvP"": 0.004}, ""dLW"": {""P"": 1.803, ""power"": 0.38, ""fap"": 0.6972899975489567, ""power_at_rvP"": 0.022}, ""Halpha"": {""P"": 1.469, ""power"": 0.318, ""fap"": 0.998259102815302, ""power_at_rvP"": 0.114}, ""FWHMDRS"": {""P"": 1.227, ""power"": 0.352, ""fap"": 0.9277334513084262, ""power_at_rvP"": 0.022}, ""BIS"": {""P"": 1.225, ""power"": 0.368, ""fap"": 0.813253435750202, ""power_at_rvP"": 0.037}}",,,0,K4Vk:,,9.76,36.27
HIP9786,178,172,2863.2,,8.57,-0.6,1.2828,0.106,0.40059903123311286,4.02,8.12,False,2799.77,0.824,,"{""CRX"": {""P"": 4.577, ""power"": 0.056, ""fap"": 0.9999999999999951, ""power_at_rvP"": 0.002}, ""dLW"": {""P"": 1764.495, ""power"": 0.435, ""fap"": 1.584106313984378e-17, ""power_at_rvP"": 0.001}, ""Halpha"": {""P"": 1944.225, ""power"": 0.302, ""fap"": 7.50425643293292e-10, ""power_at_rvP"": 0.021}, ""FWHMDRS"": {""P"": 1662.064, ""power"": 0.794, ""fap"": 3.397155277399384e-54, ""power_at_rvP"": 0.005}, ""BIS"": {""P"": 1764.495, ""power"": 0.368, ""fap"": 1.9552474189062094e-13, ""power_at_rvP"": 0.013}}",,,0,M2.5+V,,12.167,9.37
K2-138,100,31,70.9,,5.76,13.58,7.9045,0.414,0.09623062457397465,4.78,4.34,False,133.93,0.659,,"{""CRX"": {""P"": 7.512, ""power"": 0.328, ""fap"": 0.4836200821154019, ""power_at_rvP"": 0.15}, ""dLW"": {""P"": 29.844, ""power"": 0.446, ""fap"": 0.05521476160949839, ""power_at_rvP"": 0.114}, ""Halpha"": {""P"": 10.702, ""power"": 0.341, ""fap"": 0.4041869935446497, ""power_at_rvP"": 0.134}, ""FWHMDRS"": {""P"": 24.67, ""power"": 0.259, ""fap"": 0.8882986972882526, ""power_at_rvP"": 0.014}, ""BIS"": {""P"": 1.999, ""power"": 0.457, ""fap"": 0.04328927392600336, ""power_at_rvP"": 0.007}}","K2-138 g(41.968 d,Transit);K2-138 c(3.56 d,Transit);K2-138 d(5.405 d,Transit);K2-138 e(8.261 d,Transit);K2-138 f(12.758 d,Transit);K2-138 b(2.353 d,Transit)",K2-138 e,6,---,5110.2,12.21,203.75
K2-32,115,60,363.0,,5.91,0.11,29.0354,0.454,6.890507232104419e-05,4.75,5.37,True,329.97,0.554,,"{""CRX"": {""P"": 2.216, ""power"": 0.212, ""fap"": 0.6285434778459831, ""power_at_rvP"": 0.01}, ""dLW"": {""P"": 27.919, ""power"": 0.206, ""fap"": 0.7139370421306233, ""power_at_rvP"": 0.158}, ""Halpha"": {""P"": 30.245, ""power"": 0.228, ""fap"": 0.43935531895943236, ""power_at_rvP"": 0.081}, ""FWHMDRS"": {""P"": 2.006, ""power"": 0.23, ""fap"": 0.42198343024193913, ""power_at_rvP"": 0.116}, ""BIS"": {""P"": 7.593, ""power"": 0.205, ""fap"": 0.7227831614133965, ""power_at_rvP"": 0.096}}","K2-32 b(8.992 d,Transit);K2-32 e(4.349 d,Transit);K2-32 c(20.661 d,Transit);K2-32 d(31.717 d,Transit)",,4,---,5010.0,,158.39
TYC4947-834-1,120,54,95.8,,12.64,-10.13,18.3433,0.788,5.612402510557108e-15,16.11,5.97,False,177.54,0.683,dLW;Halpha;FWHMDRS;BIS,"{""CRX"": {""P"": 18.343, ""power"": 0.322, ""fap"": 0.014641785661667803, ""power_at_rvP"": 0.322}, ""dLW"": {""P"": 18.205, ""power"": 0.362, ""fap"": 0.0033410772448643957, ""power_at_rvP"": 0.361}, ""Halpha"": {""P"": 18.343, ""power"": 0.533, ""fap"": 1.653643965193026e-06, ""power_at_rvP"": 0.533}, ""FWHMDRS"": {""P"": 18.343, ""power"": 0.754, ""fap"": 2.276443634646404e-13, ""power_at_rvP"": 0.754}, ""BIS"": {""P"": 18.069, ""power"": 0.726, ""fap"": 3.0874750758160808e-12, ""power_at_rvP"": 0.711}}","K2-229 c(8.327 d,Transit);K2-229 b(0.584 d,Transit)",,2,---,5161.2,10.98,102.85
TYC6296-478-1,42,34,633.0,,12.53,2.88,3.3856,0.281,0.9991828299448399,6.53,11.92,False,301.41,0.995,,"{""CRX"": {""P"": 5.433, ""power"": 0.298, ""fap"": 0.9987366242337371, ""power_at_rvP"": 0.102}, ""dLW"": {""P"": 17.083, ""power"": 0.413, ""fap"": 0.4139785808839674, ""power_at_rvP"": 0.012}, ""Halpha"": {""P"": 48.688, ""power"": 0.318, ""fap"": 0.9878129874917747, ""power_at_rvP"": 0.086}, ""FWHMDRS"": {""P"": 1.817, ""power"": 0.329, ""fap"": 0.9696267870156708, ""power_at_rvP"": 0.027}, ""BIS"": {""P"": 1.685, ""power"": 0.399, ""fap"": 0.5210011188232966, ""power_at_rvP"": 0.081}}",,,0,---,5458.3,11.85,314.96
WASP-41,96,29,2210.0,,107.77,-18.34,3.0524,0.943,2.1299721738372848e-11,146.1,26.02,False,2209.97,0.996,,"{""CRX"": {""P"": 15.899, ""power"": 0.538, ""fap"": 0.27907092356789687, ""power_at_rvP"": 0.136}, ""dLW"": {""P"": 3.619, ""power"": 0.456, ""fap"": 0.9024689326109525, ""power_at_rvP"": 0.046}, ""Halpha"": {""P"": 4420.022, ""power"": 0.641, ""fap"": 0.014880452041484254, ""power_at_rvP"": 0.0}, ""FWHMDRS"": {""P"": 2762.471, ""power"": 0.964, ""fap"": 5.5243915248253544e-15, ""power_at_rvP"": 0.04}, ""BIS"": {""P"": 1.299, ""power"": 0.485, ""fap"": 0.699226004535392, ""power_at_rvP"": 0.037}}","WASP-41 c(421.0 d,Radial Velocity);WASP-41 b(3.052 d,Transit)",WASP-41 b,2,G8V,5380.0,11.63,164.14
WASP-8,101,25,1865.4,,158.16,44.96,8.1598,0.887,6.58444275235174e-07,204.26,52.5,False,1695.81,0.926,,"{""CRX"": {""P"": 8.419, ""power"": 0.661, ""fap"": 0.056995841079579355, ""power_at_rvP"": 0.0}, ""dLW"": {""P"": 6.178, ""power"": 0.245, ""fap"": 1.0, ""power_at_rvP"": 0.06}, ""Halpha"": {""P"": 1.265, ""power"": 0.486, ""fap"": 0.9804996343945793, ""power_at_rvP"": 0.047}, ""FWHMDRS"": {""P"": 26.743, ""power"": 0.62, ""fap"": 0.1683123054192577, ""power_at_rvP"": 0.071}, ""BIS"": {""P"": 9.053, ""power"": 0.674, ""fap"": 0.03837140894172176, ""power_at_rvP"": 0.084}}","WASP-8 c(4323.0 d,Radial Velocity);WASP-8 b(8.159 d,Transit)",WASP-8 b,2,G6,5610.0,9.87,90.19
