tic,Tmag,Teff,rad,nsec,baseline,P,t0,dur_h,depth_ppm,rp_re,snr,ntr,oe_sig,sec_sig,block_snr,block_sde,alias,n_tce_same_star,tce_match,has_tce_match,nearby_toi_match,n_nearby_toi,n_toi_ctoi_within_1arcmin,sys13_7,rms10_ppm,n_pos_transits,n_transits_measured,frac_pos,tmax_h,dur_ratio,claimed_nearby,pass_phys
351339273,10.394,3352.0,0.247981,7,2547.3,40.7158,1682.2204,4.2,7830.0,2.39,69.7,3,0.0,1.1,59.0,4.3,1.0,1,,False,,0,0,False,2509.7,3,3,1.0,2.55314152692356,1.6450321910124752,False,True
394134586,10.2819,3461.0,0.352722,7,2879.02,47.42566,1349.2618,2.1,6942.0,3.21,55.3,3,0.0,-1.5,55.6,3.0,2.0,3,,False,,0,0,False,1116.5,3,3,1.0,3.3975651040074246,0.6180897012166308,False,True
117874959,10.2428,3560.0,0.641336,7,2936.46,40.18656,1366.9976,3.15,3959.0,4.4,50.5,3,0.0,-0.9,50.5,3.9,1.0,8,,False,,0,0,False,1476.4,3,3,1.0,4.789523595640316,0.6576854539076289,False,True
394134586,10.2819,3461.0,0.352722,7,2879.02,28.62048,1348.3493,2.1,4561.0,2.6,46.2,4,2.8,-0.8,74.7,4.6,2.0,3,,False,,0,0,False,1116.5,3,4,0.75,2.871148336138428,0.7314146655426416,False,True
251845153,10.4417,3334.0,0.557728,5,2936.46,16.14287,1359.9291,3.15,3252.0,3.47,45.1,7,0.7,3.3,48.0,3.3,2.0,14,,False,,0,0,False,2030.5,6,7,0.8571428571428571,3.219710638842367,0.9783487876204207,False,True
327710327,11.5442,3491.0,0.350476,8,2879.03,82.56223,1351.9576,3.0,14299.0,4.57,38.6,3,0.0,-1.8,37.1,4.3,2.0,3,,False,,0,0,False,5360.2,3,3,1.0,4.069811437639041,0.7371348884262671,False,True
234506911,10.7682,3526.0,0.590838,10,2879.02,35.45749,1358.1049,3.06,2235.0,3.05,35.4,7,2.1,3.2,47.0,3.3,2.0,30,,False,,0,0,False,1332.0,5,7,0.7142857142857143,4.349338774551225,0.7035552203715697,False,True
404664390,12.3602,3578.0,0.5061,1,25.04,1.96003,4180.5259,1.02,9903.0,5.49,31.9,11,0.6,-1.4,31.6,5.3,1.0,1,"00404664390-01(1:3,ntoi=1)",True,,0,0,False,3912.9,11,11,1.0,1.4943537753510046,0.6825692930446909,False,True
229147927,10.6086,3623.0,0.540657,9,2878.5,45.92289,1364.5715,6.12,1840.0,2.53,27.2,3,0.0,-1.8,18.9,4.1,2.0,12,,False,,0,0,False,976.1,3,3,1.0,4.468542757856777,1.3695740046885672,False,True
404664390,12.3602,3578.0,0.5061,1,25.04,3.26807,4182.4834,1.02,10685.0,5.71,26.3,6,1.5,0.6,26.4,4.2,1.0,1,,False,,0,0,False,3912.9,6,6,1.0,1.7719969457286817,0.5756217596529518,False,True
326700454,10.6757,3956.0,0.580712,1,26.06,6.1456,4207.4055,1.53,4529.0,4.26,25.4,4,2.4,-0.2,25.6,3.7,1.0,0,,False,,0,0,False,4489.1,4,4,1.0,2.3971962573198606,0.6382456151965576,False,True
178947176,9.87578,3323.0,0.403006,5,2852.49,14.39375,1447.9756,3.15,1039.0,1.42,25.4,10,1.4,2.1,34.3,4.7,1.0,10,,False,,0,0,False,852.3,8,9,0.8888888888888888,2.495402584044654,1.2623213665565525,False,True
220395392,12.0964,3280.0,0.402749,12,1926.23,52.58621,2063.819,4.08,4514.0,2.95,23.4,7,1.3,-0.9,22.9,5.8,1.0,4,,False,,0,0,False,4812.1,7,7,1.0,3.8416862954499074,1.0620336191511397,False,True
332660818,10.8521,3660.0,0.646813,1,24.49,9.07453,4236.9627,4.08,2245.0,3.34,23.1,3,2.0,0.2,23.4,3.0,1.0,1,,False,,0,0,False,1741.1,3,3,1.0,2.9331582921301997,1.3909920957715887,False,True
224270730,9.80069,3491.0,0.457555,7,2906.03,17.9095,1366.3324,2.25,1356.0,1.84,21.8,6,1.5,-3.5,31.5,4.2,2.0,2,,False,,0,0,False,769.8,5,6,0.8333333333333334,2.9210006356668217,0.7702839816350666,False,True
209450385,11.3766,3645.0,0.454664,6,2879.66,14.36787,1424.6261,4.2,2622.0,2.54,21.8,11,0.6,1.1,30.5,3.6,1.0,0,,False,,0,0,False,2476.4,6,11,0.5454545454545454,2.7027101310489066,1.553995728861239,False,True
354606420,11.8718,3325.0,0.365383,6,2878.5,41.81071,1354.7806,3.0,3597.0,2.39,19.2,3,0.0,1.2,16.0,3.8,2.0,5,,False,,0,0,False,1632.5,3,3,1.0,3.335311234869076,0.8994662832770872,False,True
327221844,11.3572,3907.0,0.582047,1,25.39,7.78065,4183.1022,2.34,6204.0,5.0,19.1,3,2.4,-0.5,18.6,3.0,1.0,0,,False,,0,0,False,4099.6,3,3,1.0,2.5972811125928668,0.9009421385519478,False,True
206603521,11.0556,3605.0,0.521561,8,2170.75,22.24959,2080.2417,4.5,1221.0,1.99,18.9,7,1.0,-1.8,22.3,3.5,1.0,6,,False,,0,0,False,1111.2,7,7,1.0,3.426512899335529,1.3132885041444444,False,True
114985772,11.1087,3261.0,0.284433,5,2907.3,12.99071,1329.1681,1.05,2391.0,1.52,17.9,8,0.8,2.2,21.6,3.8,2.0,8,,False,,0,0,False,1236.8,7,8,0.875,1.9116391282889194,0.5492668487801042,False,True
360914079,11.6542,3323.0,0.540425,5,2168.04,21.87702,2053.7528,4.5,2233.0,2.79,17.7,4,0.0,-0.3,22.1,3.4,2.0,5,,False,,0,0,False,1502.6,4,4,1.0,3.4889491202034164,1.2897866506398454,False,True
316830745,11.6146,3864.0,0.583813,7,2196.33,40.84233,2061.1523,4.2,2447.0,3.15,17.3,3,0.0,-2.0,19.9,5.6,1.0,0,,False,,0,0,False,1688.5,3,3,1.0,4.523010940931414,0.928584974666257,False,True
316830745,11.6146,3864.0,0.583813,7,2196.33,27.23686,2046.8648,4.8,1776.0,2.68,17.3,6,1.3,-1.1,18.0,4.8,1.0,0,,False,,0,0,True,1688.5,6,6,1.0,3.951631885821102,1.2146880424826354,False,True
354606420,11.8718,3325.0,0.365383,6,2878.5,47.59805,1389.6056,3.0,2711.0,2.08,16.4,4,2.6,-2.1,15.6,3.7,2.0,5,,False,,0,0,False,1632.5,4,4,1.0,3.482599814087956,0.8614254178341929,False,True
464452462,8.84557,3692.0,0.509342,8,2547.31,66.60083,1682.0405,2.34,664.0,1.43,16.3,3,2.3,0.6,16.7,4.8,2.0,1,,False,,0,0,False,338.0,3,3,1.0,4.860800916314205,0.48140214756508676,False,True
220395392,12.0964,3280.0,0.402749,12,1926.23,22.13184,2074.8953,3.78,2216.0,2.07,15.8,15,1.8,1.8,14.6,3.9,1.0,4,,False,,0,0,False,4812.1,13,15,0.8666666666666667,2.8789698394043306,1.3129696422183066,False,True
398445933,11.2389,3327.0,0.472768,7,2520.2,13.13652,1669.0822,2.4,1719.0,2.14,15.4,7,2.4,1.8,17.6,5.7,2.0,2,,False,,0,0,False,1193.5,5,6,0.8333333333333334,2.692364071746341,0.8914099044722783,False,True
152574751,10.723,3581.0,0.616715,5,2577.17,6.85715,1417.1713,3.15,669.0,1.74,15.2,14,0.5,0.5,17.6,4.4,0.5,2,,False,,0,0,True,879.4,10,14,0.7142857142857143,2.5880888696881144,1.2171143104446798,False,True
308773532,11.8133,3331.0,0.371023,6,2553.95,12.06075,1547.9264,3.6,1411.0,1.52,15.1,11,1.7,-2.6,18.5,4.2,2.0,5,,False,,0,0,False,1696.2,11,11,1.0,2.226385103905346,1.6169709335932803,False,True
399697011,10.9342,3733.0,0.577125,5,2607.68,38.9686,1460.7329,3.0,1586.0,2.51,14.9,4,0.4,-0.5,18.5,3.8,2.0,8,,False,,0,0,False,1082.6,4,4,1.0,4.41868612878503,0.6789348490848536,False,True
219398128,11.2735,3417.0,0.40943,10,2602.13,21.23608,1389.8095,3.0,913.0,1.35,14.8,14,1.6,-3.0,12.1,3.6,1.0,15,"00219398128-01(1:1,ntoi=1)",True,,0,0,False,1332.8,12,14,0.8571428571428571,2.870909610978298,1.0449649785308681,False,True
289600366,11.0301,3516.0,0.191878,5,2555.36,23.697,1531.8083,2.25,2227.0,0.99,14.6,3,0.0,-1.2,13.9,2.7,2.0,0,,False,,0,0,False,810.2,3,3,1.0,1.7966198991482993,1.2523517083756162,False,True
61710094,11.0477,3327.0,0.348192,5,2934.84,1.83896,1326.2411,0.75,815.0,1.08,14.5,54,1.8,-1.8,7.8,6.5,1.0,3,"00061710094-01(1:1,ntoi=1);00061710094-01(1:1,ntoi=1);00061710094-01(1:1,ntoi=1)",True,,0,0,False,851.9,53,54,0.9814814814814815,1.1401051673316054,0.6578340503055177,False,True
464452462,8.84557,3692.0,0.509342,8,2547.31,13.14937,1661.1118,4.68,196.0,0.78,14.4,16,2.3,1.1,18.1,5.7,1.0,1,,False,,0,0,False,338.0,11,16,0.6875,2.830411643648391,1.6534697384043742,False,True
308773532,11.8133,3331.0,0.371023,6,2553.95,20.30661,1555.7077,2.4,2360.0,1.97,14.4,5,0.0,-0.5,14.5,2.7,2.0,5,,False,,0,0,False,1696.2,5,5,1.0,2.6486301911103314,0.9061287634850589,False,True
259999047,8.42784,3409.0,0.422848,7,2529.13,17.25491,1557.7548,2.4,309.0,0.81,14.3,7,1.7,-0.1,14.4,4.2,1.0,12,,False,,0,0,False,285.0,7,7,1.0,2.73717173928768,0.8768174702200362,False,True
464452462,8.84557,3692.0,0.509342,8,2547.31,12.62288,1659.5893,3.6,252.0,0.88,14.1,12,1.5,-2.3,16.6,5.0,1.0,1,,False,,0,0,False,338.0,10,12,0.8333333333333334,2.792120162288399,1.2893427899784475,False,True
201292296,10.9008,3379.0,0.476612,5,2907.3,13.52784,1330.4434,4.2,1171.0,1.78,14.0,6,0.1,1.8,13.8,3.4,2.0,6,,False,,0,0,True,1255.8,6,6,1.0,2.733554656108046,1.5364609559260964,False,True
256911677,10.9325,3232.0,0.245323,6,1817.32,21.86567,2347.0819,2.25,1713.0,1.11,13.7,5,1.2,2.5,14.0,3.7,1.0,0,,False,,0,0,False,1200.0,5,5,1.0,2.060415152706334,1.0920129358613229,False,True
399697011,10.9342,3733.0,0.577125,5,2607.68,2.90932,1440.7829,3.0,444.0,1.33,13.7,43,2.4,2.3,18.1,3.7,1.0,8,,False,,0,0,False,1082.6,30,43,0.6976744186046512,1.860595858381569,1.6123866913309894,False,True
201292296,10.9008,3379.0,0.476612,5,2907.3,23.18878,1333.3184,7.2,816.0,1.49,13.6,7,2.3,-2.0,14.6,3.9,2.0,6,,False,,0,0,False,1255.8,7,7,1.0,3.2714797963960813,2.200838901078235,False,True
259999047,8.42784,3409.0,0.422848,7,2529.13,19.14877,1554.8267,3.15,213.0,0.67,13.5,10,0.9,0.2,13.1,3.4,1.0,12,,False,,0,0,False,285.0,10,10,1.0,2.8338581575298902,1.1115588095438313,False,True
401283888,10.2017,3575.0,0.559671,5,2527.96,21.45206,1577.8495,6.0,598.0,1.49,13.0,5,1.6,-3.8,11.5,3.9,2.0,11,,False,,0,0,False,686.5,4,5,0.8,3.5480235818634265,1.691082334026876,False,True
256097450,10.5128,3431.0,0.338157,8,2548.16,14.18397,1630.06,4.5,615.0,0.92,12.9,14,0.6,-0.3,14.4,3.3,2.0,0,,False,,0,0,False,1223.1,11,14,0.7857142857142857,2.2091225899225635,2.0370078240690748,False,True
122506840,9.58783,3911.0,0.591584,7,2904.62,39.81813,1413.1719,3.0,778.0,1.8,12.9,3,1.5,-1.6,14.2,3.6,2.0,1,,False,,0,0,False,471.9,3,3,1.0,4.52459308159446,0.6630430507007724,False,True
308773532,11.8133,3331.0,0.371023,6,2553.95,6.66947,1546.6702,3.0,959.0,1.25,12.8,21,2.8,-0.5,17.7,3.9,1.0,5,,False,,0,0,False,1696.2,17,21,0.8095238095238095,1.827423856839775,1.6416552672065912,False,True
89255038,10.3084,3906.0,0.586925,5,2879.66,18.77273,1424.1757,4.2,1352.0,2.35,12.6,3,1.2,2.9,12.4,4.0,1.0,0,,False,,0,0,False,661.7,3,3,1.0,3.502992260196801,1.1989749585584413,False,True
98672442,12.4363,3772.0,0.552628,1,25.79,4.90675,4268.8179,3.06,3139.0,3.38,12.5,4,1.4,-0.6,12.7,4.1,1.0,0,,False,,0,0,False,2391.5,4,4,1.0,2.1515999627684046,1.4221974590772821,False,True
398570754,10.6739,3269.0,0.231166,5,2602.12,22.44265,1395.7485,1.2,4403.0,1.67,12.4,3,0.0,-1.9,13.5,2.6,2.0,0,,False,,0,0,False,1601.5,3,3,1.0,1.9976327298543237,0.6007110226350313,False,True
435929135,11.5483,3541.0,0.503725,5,2607.68,35.41332,1438.1894,4.5,1694.0,2.26,12.3,3,2.2,-1.0,11.4,3.5,2.0,6,,False,,0,0,False,1332.8,3,3,1.0,3.908944572357471,1.1512058860650627,False,True
224270730,9.80069,3491.0,0.457555,7,2906.03,5.98388,1354.3418,2.25,294.0,0.86,12.2,27,0.9,0.0,29.5,3.7,1.0,2,,False,,0,0,False,769.8,20,27,0.7407407407407407,2.0268959563162436,1.110071778962564,False,True
231888176,10.8214,3366.0,0.310152,5,2575.19,4.96392,1631.6494,3.0,655.0,0.87,12.2,23,1.0,2.5,11.2,2.8,0.5,6,"00231888176-01(3:1,ntoi=1)",True,,0,0,False,1051.3,22,23,0.9565217391304348,1.4696015767942623,2.041369611581457,False,True
150249543,11.8487,3740.0,0.571884,12,1926.17,41.08626,2070.3083,4.08,1316.0,2.26,11.8,6,1.6,2.6,11.9,6.1,1.0,4,,False,,0,0,False,1446.1,6,6,1.0,4.47005082866519,0.9127412990107623,False,True
401283888,10.2017,3575.0,0.559671,5,2527.96,49.09961,1585.0308,4.5,804.0,1.73,11.8,3,2.3,1.3,11.3,3.7,2.0,11,,False,,0,0,False,686.5,3,3,1.0,4.675802701514235,0.9624015997387353,False,True
172255639,11.0912,3478.0,0.5065,5,2822.29,5.15049,1468.4921,3.0,551.0,1.3,11.8,21,0.4,1.6,16.8,3.1,1.0,2,,False,,0,0,False,1023.9,17,21,0.8095238095238095,2.0632132107270587,1.4540426478477353,False,True
119624569,8.08651,3786.0,0.57976,5,2547.33,34.97629,1679.6649,2.1,265.0,1.03,11.7,5,2.3,1.2,12.7,3.5,2.0,0,,False,,0,0,False,212.3,5,5,1.0,4.275284693719644,0.49119535900963085,False,True
89255038,10.3084,3906.0,0.586925,5,2879.66,22.94891,1413.1757,3.0,689.0,1.68,11.6,7,0.5,-0.7,12.1,3.8,1.0,0,,False,,0,0,False,661.7,7,7,1.0,3.745565424380912,0.8009471628695037,False,True
209451163,10.4999,3827.0,0.563785,6,2174.68,31.43603,2124.7585,3.0,844.0,1.79,11.5,4,1.7,-1.3,10.1,4.0,2.0,0,,False,,0,0,False,656.2,4,4,1.0,4.049734359601201,0.7407893292772482,False,True
435929135,11.5483,3541.0,0.503725,5,2607.68,33.40062,1465.2082,3.6,1788.0,2.32,11.5,3,2.8,0.4,11.9,3.8,2.0,6,"00435929135-02(2:1,ntoi=2)",True,,0,0,False,1332.8,3,3,1.0,3.8334412095482033,0.9391040068733137,False,True
259999047,8.42784,3409.0,0.422848,7,2529.13,24.37944,1551.0954,2.25,255.0,0.74,11.4,7,2.1,-2.2,13.2,3.5,2.0,12,,False,,0,0,False,285.0,7,7,1.0,3.0714189285308318,0.7325604394436205,False,True
144284277,11.2601,3556.0,0.462328,5,2906.03,13.02259,1366.9509,4.5,843.0,1.46,11.3,8,2.3,2.4,12.0,5.3,1.0,0,,False,,0,0,False,1253.9,8,8,1.0,2.6448895913642043,1.7013942716901655,False,True
210844914,11.9214,3968.0,0.635126,1,24.26,5.37338,4153.7196,4.08,4775.0,4.79,11.2,4,0.2,1.2,11.3,4.0,1.0,0,,False,,0,0,False,4426.1,4,4,1.0,2.4333098081491973,1.6767285391839577,False,True
122506840,9.58783,3911.0,0.591584,7,2904.62,36.60683,1404.7594,2.4,516.0,1.47,11.2,5,1.2,0.0,14.0,3.5,2.0,1,,False,,0,0,False,471.9,5,5,1.0,4.399533353715362,0.5455124003033694,False,True
308841579,9.82584,3569.0,0.450915,5,2554.02,23.31693,1566.9139,2.1,784.0,1.38,11.2,3,0.0,2.3,12.8,2.9,2.0,0,,False,,0,0,False,446.0,3,3,1.0,3.158604177530515,0.6648506371703208,False,True
178945595,10.5502,3964.0,0.631184,5,2852.45,35.8651,1456.6675,4.8,776.0,1.92,11.2,4,1.8,0.0,12.1,3.9,2.0,0,,False,,0,0,False,921.4,4,4,1.0,4.562500904952347,1.0520545858500236,False,True
398570754,10.6739,3269.0,0.231166,5,2602.12,24.39406,1404.5173,2.1,2217.0,1.19,11.2,6,2.9,1.4,13.3,2.6,2.0,0,,False,,0,0,False,1601.5,6,6,1.0,2.0539299546319967,1.0224301930375508,False,True
178945595,10.5502,3964.0,0.631184,5,2852.45,7.19284,1442.305,4.2,435.0,1.44,11.1,19,1.4,-0.9,10.9,3.2,1.0,0,,False,,0,0,False,921.4,17,19,0.8947368421052632,2.6706219541503136,1.5726673681660324,False,True
256097450,10.5128,3431.0,0.338157,8,2548.16,22.38888,1641.6725,4.2,785.0,1.03,11.0,6,2.5,0.9,14.2,3.1,2.0,0,,False,,0,0,False,1223.1,6,6,1.0,2.5721601461752166,1.632868780058415,False,True
256097450,10.5128,3431.0,0.338157,8,2548.16,11.06538,1633.5225,4.2,488.0,0.81,10.8,16,2.7,1.4,14.2,3.1,1.0,0,,False,,0,0,False,1223.1,14,16,0.875,2.033648978525801,2.065253170212587,False,True
401283888,10.2017,3575.0,0.559671,5,2527.96,6.48508,1575.8433,4.5,273.0,1.01,10.8,19,2.2,-3.2,11.0,3.6,1.0,11,,False,,0,0,False,686.5,15,19,0.7894736842105263,2.3812332749206355,1.8897770526703148,False,True
176779069,11.2473,3985.0,0.621448,5,2146.05,35.528,2165.4695,0.75,2817.0,3.6,10.8,3,0.0,0.7,13.1,4.0,1.0,0,,False,,0,0,False,965.4,3,3,1.0,4.501270136355251,0.16661963785343634,False,True
267080591,12.3543,3956.0,0.588324,7,2168.03,65.08572,2050.1571,1.5,4267.0,4.19,10.7,4,1.3,-0.3,12.6,5.3,2.0,0,,False,,0,0,False,2549.4,4,4,1.0,5.310245204244488,0.28247283172555715,False,True
144284277,11.2601,3556.0,0.462328,5,2906.03,26.04774,1366.6572,3.0,1299.0,1.82,10.7,5,2.8,3.5,10.3,4.1,0.5,0,,False,,0,0,False,1253.9,5,5,1.0,3.3324612470136787,0.9002355249257264,False,True
401703809,12.4121,3680.0,0.422961,6,2114.81,24.70995,2049.2713,4.5,3551.0,2.75,10.6,6,1.2,1.1,9.1,4.2,1.0,0,,False,,0,0,False,4294.1,6,6,1.0,3.0857859622063084,1.458299459234866,False,True
382432832,10.9424,3778.0,0.560021,7,2168.04,4.037,2038.4287,4.2,422.0,1.26,10.5,36,1.8,3.1,14.4,2.8,1.0,0,,False,,0,0,False,1541.3,26,36,0.7222222222222222,2.0340615278459504,2.0648342945887954,False,True
355509155,11.6867,3286.0,0.390586,6,2878.5,21.08527,1374.3653,3.15,1296.0,1.53,10.5,6,0.7,-1.1,11.7,4.2,2.0,5,,False,,0,0,False,1390.4,6,6,1.0,2.775529182330029,1.1349187102963934,False,True
355509155,11.6867,3286.0,0.390586,6,2878.5,21.0851,1374.3653,3.15,1282.0,1.53,10.5,6,1.1,-1.2,10.1,5.6,1.0,5,,False,,0,0,False,1390.4,5,6,0.8333333333333334,2.7755217230748386,1.1349217604070123,False,True
256097450,10.5128,3431.0,0.338157,8,2548.16,9.23838,1636.3225,4.2,437.0,0.77,10.4,19,0.1,-0.8,13.1,2.7,2.0,0,,False,,0,0,False,1223.1,15,19,0.7894736842105263,1.914928175880075,2.1932937500748495,False,True
178805087,9.81041,3432.0,0.36937,5,2852.47,8.34235,1444.9428,3.0,300.0,0.7,10.3,14,2.9,3.3,8.1,3.2,2.0,1,,False,,0,0,False,492.4,14,14,1.0,1.9631139498138244,1.5281843421694958,False,True
178805087,9.81041,3432.0,0.36937,5,2852.47,34.9137,1453.2678,3.0,537.0,0.93,10.2,4,1.4,0.6,9.3,4.2,2.0,1,,False,,0,0,False,492.4,4,4,1.0,3.1635982909530767,0.9482872742026326,False,True
389727431,11.8197,3397.0,0.409951,8,2905.98,13.04545,1366.9565,4.5,799.0,1.26,10.1,12,0.3,-2.8,11.8,6.2,2.0,2,"00389727431-01(3:1,ntoi=1)",True,,0,0,False,1563.2,12,12,1.0,2.4425827309162624,1.8423122144615993,False,True
120278665,11.9454,3777.0,0.587957,1,24.82,8.26602,4182.1246,3.06,2378.0,3.13,9.9,3,0.2,-0.3,9.9,3.4,1.0,0,,False,,0,0,False,2443.0,3,3,1.0,2.6681126062421283,1.1468781313206344,False,True
294769705,11.8286,3971.0,0.601578,6,1815.42,32.52336,2389.6604,2.25,3523.0,3.9,9.9,4,0.0,-0.4,9.0,5.1,1.0,1,,False,,0,0,False,2130.2,3,3,1.0,4.276955449426407,0.5260751547696745,False,True
178945595,10.5502,3964.0,0.631184,5,2852.45,25.79438,1449.505,1.8,948.0,2.12,9.9,5,0.4,0.6,11.5,3.5,1.0,0,,False,,0,0,False,921.4,5,5,1.0,4.087778101196365,0.4403370132721236,False,True
178945595,10.5502,3964.0,0.631184,5,2852.45,38.09809,1438.2737,1.8,1210.0,2.4,9.9,3,0.0,-1.1,11.6,3.6,2.0,0,,False,,0,0,False,921.4,3,3,1.0,4.65528938149914,0.3866569513709473,False,True
201289286,11.5771,3206.0,0.295999,11,2907.31,19.8032,1326.9431,3.06,1007.0,1.02,9.8,9,1.8,1.1,10.3,3.8,1.0,1,,False,,0,0,False,1379.4,8,9,0.8888888888888888,2.2593330108152063,1.354382016883779,False,True
209451163,10.4999,3827.0,0.563785,6,2174.68,50.64784,2156.1585,4.2,760.0,1.7,9.8,4,0.6,-1.7,10.2,4.1,2.0,0,,False,,0,0,False,656.2,4,4,1.0,4.747565313354659,0.8846639746451964,False,True
267080591,12.3543,3956.0,0.588324,7,2168.03,26.07947,2059.4461,1.58,3710.0,3.91,9.7,4,2.9,-0.2,12.0,5.0,2.0,0,,False,,0,0,False,2549.4,4,4,1.0,3.9148842379780375,0.40358792341099714,False,True
393001368,10.8968,3543.0,0.410113,6,2549.86,27.0587,1610.8676,3.6,1600.0,1.79,9.7,5,1.8,-0.1,9.7,4.7,1.0,0,,False,,0,0,True,1397.3,4,4,1.0,3.1158721341927262,1.155374753827215,False,True
355767053,12.1769,3323.0,0.432961,11,2907.31,48.06875,1335.2941,1.8,2695.0,2.45,9.6,4,0.8,1.7,10.2,3.8,2.0,7,,False,,0,0,False,1997.3,4,4,1.0,3.9125667115201455,0.46005605340864536,False,True
456892725,10.5767,3802.0,0.587124,7,2607.68,15.23411,1450.7394,1.5,712.0,1.71,9.6,9,2.6,0.8,11.9,3.4,1.0,1,,False,,0,0,False,668.2,8,9,0.8888888888888888,3.268139194167675,0.4589767787972133,False,True
245860141,10.7049,3921.0,0.611688,7,2607.68,39.83906,1457.0581,3.0,827.0,1.92,9.6,4,1.4,-0.5,11.1,4.6,2.0,1,,False,,0,0,False,708.9,4,4,1.0,4.6273387675606665,0.6483208061253468,False,True
255780375,11.1224,3581.0,0.555534,7,2577.39,70.99447,1535.409,4.5,1559.0,2.39,9.6,3,0.4,-0.3,9.8,4.6,2.0,0,,False,,0,0,False,1407.9,3,3,1.0,5.261265648119898,0.8553075060195954,False,True
424881692,11.2482,3228.0,0.561349,5,2547.3,12.60141,1664.3969,3.6,843.0,1.78,9.6,7,2.7,-2.9,12.8,3.9,2.0,0,,False,,0,0,False,1023.5,7,7,1.0,2.9773962947885275,1.2091101229289645,False,True
435929135,11.5483,3541.0,0.503725,5,2607.68,16.70268,1454.5457,2.4,1065.0,1.79,9.6,9,1.8,1.6,9.9,4.5,2.0,6,,False,,0,0,False,1332.8,9,9,1.0,3.042748226448713,0.7887606273625587,False,True
150249543,11.8487,3740.0,0.571884,12,1926.17,39.53178,2076.5258,4.68,809.0,1.77,9.4,8,1.4,-2.4,8.1,3.3,2.0,4,,False,,0,0,False,1446.1,6,8,0.75,4.4129504192895315,1.0605149741866944,False,True
206542524,11.2839,3168.0,0.262297,7,2878.5,27.50968,1360.1059,4.2,967.0,0.89,9.3,5,2.3,1.0,37.3,7.7,2.0,1,,False,,0,0,True,4001.4,5,5,1.0,2.3257642424700036,1.805858015746052,False,True
424881692,11.2482,3228.0,0.561349,5,2547.3,7.22929,1657.4407,6.0,428.0,1.27,9.3,15,0.1,0.1,12.5,3.7,1.0,0,,False,,0,0,False,1023.5,14,15,0.9333333333333333,2.473975978473047,2.42524586018949,False,True
219223683,12.2643,3203.0,0.258097,6,2602.13,57.57478,1392.7445,4.2,2131.0,1.3,9.2,3,2.4,3.7,8.4,4.3,2.0,4,"00219223683-01(1:1,ntoi=1);00219223683-01(1:1,ntoi=2)",True,,0,0,False,1764.0,3,3,1.0,2.94311813043923,1.4270579072451954,False,True
206485185,10.2392,3938.0,0.60236,5,2602.13,15.03633,1391.2448,2.4,952.0,2.03,9.2,3,1.5,0.7,9.5,3.7,1.0,0,,False,,0,0,False,538.4,3,3,1.0,3.3099872936810653,0.7250783121076393,False,True
229149668,11.2942,3931.0,0.589745,5,2144.36,38.68444,2097.9852,0.5,3039.0,3.55,9.2,4,2.7,-0.6,10.4,4.9,2.0,0,,False,,0,0,False,1075.6,4,4,1.0,4.471946272564503,0.11180814113700602,False,True
355767053,12.1769,3323.0,0.432961,11,2907.31,41.80633,1356.6278,3.06,1525.0,1.84,9.1,6,2.9,1.5,9.8,3.9,2.0,7,,False,,0,0,False,1997.3,6,6,1.0,3.734692310501987,0.8193446060858223,False,True
245860141,10.7049,3921.0,0.611688,7,2607.68,40.96475,1468.7581,4.2,779.0,1.86,9.1,3,1.6,1.4,11.1,4.6,2.0,1,,False,,0,0,False,708.9,3,3,1.0,4.670517862554804,0.8992578818021205,False,True
209451163,10.4999,3827.0,0.563785,6,2174.68,42.99638,2130.646,4.8,494.0,1.37,9.1,5,1.0,0.3,9.4,3.5,2.0,0,,False,,0,0,False,656.2,5,5,1.0,4.495326800244932,1.067775539642294,False,True
393001368,10.8968,3543.0,0.410113,6,2549.86,46.49462,1616.6332,2.25,2213.0,2.1,9.1,3,0.3,0.4,9.0,4.2,1.0,0,,False,,0,0,False,1397.3,3,3,1.0,3.73202793238378,0.6028893783125692,False,True
332286707,9.02141,3727.0,0.53071,7,2549.86,25.95229,1602.9363,4.5,226.0,0.87,9.0,7,1.6,-1.5,8.1,3.8,2.0,0,,False,,0,0,False,358.5,7,7,1.0,3.648981849907152,1.233220713365429,False,True
423211395,11.9417,3367.0,0.318649,9,2520.19,0.96843,1657.9511,1.89,303.0,0.6,8.9,208,0.7,-3.9,6.8,5.1,1.0,5,,False,,0,0,False,1510.5,160,207,0.7729468599033816,0.8678394976705389,2.1778220570429805,False,True
178271163,10.4821,3770.0,0.533417,5,2879.65,33.25229,1421.3447,1.8,869.0,1.72,8.9,4,2.7,-0.1,9.0,3.5,2.0,0,,False,,0,0,False,605.4,4,4,1.0,3.9767355851729596,0.45263255789778967,False,True
333542464,11.243,3662.0,0.628159,5,2602.12,35.65441,1413.2767,2.25,1372.0,2.54,8.9,3,0.5,-0.2,8.8,4.6,2.0,0,,False,,0,0,False,995.3,3,3,1.0,4.538988716577402,0.4957051318022662,False,True
466177968,12.1137,3511.0,0.462375,1,24.76,7.26888,4183.3819,3.06,2299.0,2.42,8.8,3,0.7,1.7,9.1,3.9,1.0,0,,False,,0,0,False,2427.3,3,3,1.0,2.177845281317617,1.4050584888880038,False,True
355509155,11.6867,3286.0,0.390586,6,2878.5,7.50078,1356.1497,3.6,633.0,1.07,8.8,16,0.8,1.0,11.7,4.2,1.0,5,,False,,0,0,False,1390.4,13,16,0.8125,1.9666249816650536,1.8305472744234341,False,True
412066335,9.1473,3854.0,0.431388,7,2168.04,32.73391,2049.5081,0.5,1369.0,1.74,8.7,4,2.4,1.7,8.6,4.3,1.0,0,,False,,0,0,False,660.0,4,4,1.0,3.4338893390167127,0.14560748778910096,False,True
393001369,10.9041,3537.0,0.414303,6,2549.86,25.52768,1624.0551,1.2,1827.0,1.93,8.7,6,2.0,0.8,8.4,4.8,1.0,0,,False,,0,0,False,1381.7,6,6,1.0,3.0767399815270293,0.39002320872250734,False,True
393001368,10.8968,3543.0,0.410113,6,2549.86,38.795,1616.5863,4.5,1302.0,1.61,8.6,3,0.9,-0.7,8.5,3.7,1.0,0,,False,,0,0,False,1397.3,3,3,1.0,3.5134671992608695,1.2807861137700867,False,True
401703809,12.4121,3680.0,0.422961,6,2114.81,9.78654,2045.115,4.8,1739.0,1.92,8.6,15,2.9,1.0,9.0,4.1,0.5,0,,False,,0,0,False,4294.1,13,15,0.8666666666666667,2.266130426740842,2.1181481627707455,False,True
178805087,9.81041,3432.0,0.36937,5,2852.47,17.71678,1447.1022,2.25,483.0,0.89,8.6,5,0.0,1.5,8.1,3.6,2.0,1,,False,,0,0,False,492.4,5,5,1.0,2.5233508392240043,0.8916714889681902,False,True
238809900,12.4612,3774.0,0.534938,7,2167.98,25.92823,2058.777,4.2,2196.0,2.73,8.5,7,2.5,0.7,10.9,5.2,1.0,1,,False,,0,0,False,2270.9,6,7,0.8571428571428571,3.667202431969384,1.1452871985974578,False,True
245865916,12.401,3244.0,0.376803,6,2607.68,24.88784,1458.0456,4.5,1490.0,1.59,8.5,6,2.5,-0.7,8.2,3.9,1.0,5,"00245865916-01(1:1,ntoi=1)",True,,0,0,False,2300.5,6,6,1.0,2.8638279981034844,1.5713234185083877,False,True
355767053,12.1769,3323.0,0.432961,11,2907.31,16.43177,1334.7991,1.56,1272.0,1.68,8.4,14,0.7,1.1,10.8,4.3,1.0,7,,False,,0,0,False,1997.3,12,14,0.8571428571428571,2.735702885321875,0.5702373632641232,False,True
245860141,10.7049,3921.0,0.611688,7,2607.68,37.87169,1470.3581,3.0,648.0,1.7,8.4,5,2.0,0.2,11.1,4.6,2.0,1,,False,,0,0,False,708.9,5,5,1.0,4.549878817209149,0.6593582204108396,False,True
207080123,10.8834,3288.0,0.369673,6,2934.84,17.24006,1331.6455,4.2,501.0,0.9,8.4,8,2.2,0.5,9.9,4.4,2.0,3,,False,,0,0,False,898.2,7,8,0.875,2.5018794099817367,1.6787379852295357,False,True
207080123,10.8834,3288.0,0.369673,6,2934.84,20.41559,1328.5044,1.12,1038.0,1.3,8.4,7,1.6,1.2,8.3,3.1,2.0,3,"00207080123-01(1:2,ntoi=1);00207080123-01(1:2,ntoi=1)",True,,0,0,False,898.2,7,7,1.0,2.646919664531787,0.42313335572959926,False,True
178805087,9.81041,3432.0,0.36937,5,2852.47,21.16988,1453.2741,1.5,560.0,0.95,8.4,5,1.4,-2.1,8.2,3.8,2.0,1,,False,,0,0,False,492.4,5,5,1.0,2.6776604608776213,0.5601905177732522,False,True
201289286,11.5771,3206.0,0.295999,11,2907.31,26.59445,1326.8268,1.8,1120.0,1.08,8.3,9,2.5,-0.6,10.3,3.8,2.0,1,,False,,0,0,False,1379.4,9,9,1.0,2.492673869021213,0.7221161269311167,False,True
231055581,9.26953,3284.0,0.287941,8,2878.49,51.78399,1383.3741,6.3,261.0,0.51,8.3,3,0.9,-0.8,8.5,4.8,2.0,0,,False,,0,0,False,365.8,3,3,1.0,3.055923440942053,2.0615699711567026,False,True
332286707,9.02141,3727.0,0.53071,7,2549.86,14.30398,1602.9363,3.6,166.0,0.75,8.3,12,0.7,-0.5,8.0,3.7,2.0,0,,False,,0,0,False,358.5,11,12,0.9166666666666666,2.991796887883163,1.2032902415869446,False,True
412066335,9.1473,3854.0,0.431388,7,2168.04,35.43546,2053.7789,0.5,1183.0,1.62,8.3,5,0.7,1.1,8.7,4.3,1.0,0,,False,,0,0,False,660.0,5,5,1.0,3.5258705143743128,0.14180895128212842,False,True
219229275,11.5831,3371.0,0.513173,7,2602.13,26.91127,1392.6445,3.0,1024.0,1.79,8.3,5,1.6,1.7,7.7,4.3,1.0,6,,False,,0,0,True,1164.4,4,5,0.8,3.6115660135850502,0.8306645894648969,False,True
406319239,12.3697,3812.0,0.543343,7,2167.98,65.6565,2097.5333,2.1,2710.0,3.09,8.2,3,1.4,0.0,7.0,4.7,2.0,0,,False,,0,0,False,2039.6,3,3,1.0,5.0506846602234265,0.4157852135451083,False,True
7586735,11.1269,3986.0,0.60915,6,2879.65,32.08937,1436.3718,2.25,1630.0,2.68,8.2,3,1.8,-2.3,6.9,4.2,2.0,0,,False,,0,0,False,1143.4,3,3,1.0,4.293500554539034,0.5240479118190234,False,True
294769705,11.8286,3971.0,0.601578,6,1815.42,44.53542,2388.5494,1.58,2645.0,3.38,8.2,4,0.0,-1.7,9.3,5.3,1.0,1,,False,,0,0,False,2130.2,4,4,1.0,4.74939300737394,0.33267409067787845,False,True
219223683,12.2643,3203.0,0.258097,6,2602.13,54.09517,1392.7789,3.15,1856.0,1.21,8.2,3,0.7,0.4,8.3,4.1,2.0,4,,False,,0,0,False,1764.0,3,3,1.0,2.882591455873697,1.092766716414641,False,True
435905591,10.3328,3880.0,0.614692,7,2607.56,13.60722,1450.2821,3.15,394.0,1.33,8.1,8,1.5,0.1,9.4,5.7,1.0,1,,False,,0,0,True,579.5,7,8,0.875,3.2451626597847594,0.9706755347076897,False,True
393001369,10.9041,3537.0,0.414303,6,2549.86,46.54486,1637.8926,2.4,1885.0,1.96,8.1,3,2.5,0.8,8.0,4.4,1.0,0,,False,,0,0,False,1381.7,3,3,1.0,3.7587570486058985,0.638508945634075,False,True
219223683,12.2643,3203.0,0.258097,6,2602.13,32.66656,1392.7695,4.2,1367.0,1.04,8.1,5,2.0,-0.2,8.1,4.0,1.0,4,,False,,0,0,False,1764.0,5,5,1.0,2.436490557700504,1.7237907968598287,False,True
466177968,12.1137,3511.0,0.462375,1,24.76,5.16643,4182.4219,3.06,1838.0,2.16,8.0,4,0.1,2.6,8.1,3.1,1.0,0,,False,,0,0,False,2427.3,4,4,1.0,1.94357530997866,1.5744180244981596,False,True
332286707,9.02141,3727.0,0.53071,7,2549.86,20.1036,1608.7066,1.12,356.0,1.09,8.0,8,0.7,0.0,7.5,3.2,2.0,0,,False,,0,0,False,358.5,8,8,1.0,3.3512314227409608,0.33420550798128884,False,True
387063402,12.3654,3341.0,0.367619,7,2520.17,20.1446,1661.2954,3.6,1278.0,1.43,8.0,7,0.9,-2.0,7.2,2.8,2.0,2,,False,,0,0,False,1933.8,6,7,0.8571428571428571,2.6253858669701646,1.371227005253362,False,True
211948452,11.6146,3626.0,0.463731,1,24.26,5.34692,4153.632,2.04,2354.0,2.45,7.9,4,1.0,3.5,7.1,3.3,0.5,0,,False,,0,0,False,2142.2,4,4,1.0,1.9697915745375272,1.0356425656247192,False,True
256097445,10.2304,3470.0,0.374096,9,2548.24,17.58553,1630.1066,0.6,864.0,1.2,7.9,11,2.7,-0.9,6.0,4.9,1.0,0,,False,,0,0,False,743.3,11,11,1.0,2.5385291668009593,0.23635733945736645,False,True
412066335,9.1473,3854.0,0.431388,7,2168.04,31.92328,2037.5445,0.5,1126.0,1.58,7.9,5,2.2,-2.5,8.7,4.3,1.0,0,,False,,0,0,False,660.0,5,5,1.0,3.4053062053530856,0.1468296739993626,False,True
245949052,10.9588,3650.0,0.542985,7,2607.66,22.28818,1441.6648,1.12,1056.0,1.92,7.9,6,1.1,1.0,9.8,3.7,2.0,0,,False,,0,0,False,836.5,6,6,1.0,3.521748873896722,0.31802381149362013,False,True
333542464,11.243,3662.0,0.628159,5,2602.12,10.60794,1394.3861,2.25,640.0,1.73,7.9,11,1.1,0.4,7.5,3.3,1.0,0,,False,,0,0,False,995.3,11,11,1.0,3.0301563415752244,0.742535944145489,False,True
231055581,9.26953,3284.0,0.287941,8,2878.49,38.60241,1374.8991,4.5,226.0,0.47,7.8,5,1.1,-3.3,8.0,4.2,2.0,0,,False,,0,0,False,365.8,4,5,0.8,2.770865462725042,1.6240413186912437,False,True
403956193,11.4952,3292.0,0.322928,7,2553.94,1.19363,1571.9576,1.8,274.0,0.58,7.8,128,0.4,-1.8,9.1,6.5,1.0,0,,False,,0,0,False,1221.3,89,128,0.6953125,0.9387904675201386,1.917360755435437,False,True
375091818,12.4768,3211.0,0.315662,7,2607.53,62.70107,1499.4936,1.8,2723.0,1.8,7.8,3,0.6,1.1,8.1,3.9,2.0,1,,False,,0,0,False,2004.2,3,3,1.0,3.4629653597907173,0.5197857364963022,False,True
375091818,12.4768,3211.0,0.315662,7,2607.53,44.4199,1455.0873,2.4,2009.0,1.54,7.8,4,2.8,-0.3,8.1,4.0,2.0,1,,False,,0,0,False,2004.2,4,4,1.0,3.0870880888511345,0.7774316543371343,False,True
207080123,10.8834,3288.0,0.369673,6,2934.84,18.38244,1326.9174,3.15,549.0,0.94,7.8,7,0.8,0.5,8.1,2.9,2.0,3,,False,,0,0,False,898.2,6,7,0.8571428571428571,2.555962636969048,1.2324123813231413,False,True
220524896,11.6249,3370.0,0.374704,6,1926.22,12.10802,2072.3469,4.5,492.0,0.91,7.8,13,0.4,2.1,8.0,3.6,2.0,0,,False,,0,0,False,1210.9,12,13,0.9230769230769231,2.244010527747048,2.0053381855199808,False,True
229149668,11.2942,3931.0,0.589745,5,2144.36,11.03952,2089.4331,0.5,1553.0,2.54,7.8,9,2.0,-0.4,9.2,4.0,1.0,0,,False,,0,0,False,1075.6,9,9,1.0,2.944203802341282,0.16982520014490549,False,True
435905591,10.3328,3880.0,0.614692,7,2607.56,46.77644,1455.3165,3.6,495.0,1.49,7.7,4,2.2,-0.8,7.4,3.6,2.0,1,,False,,0,0,False,579.5,4,4,1.0,4.897664781071148,0.7350441814461338,False,True
244943765,12.198,3440.0,0.619849,6,2523.83,25.9523,1620.5056,2.4,2337.0,3.27,7.7,3,1.1,-3.2,8.5,4.9,1.0,2,,False,,0,0,False,2094.7,3,3,1.0,4.046915921190922,0.5930441963058453,False,True
358108300,12.3629,3411.0,0.542359,11,2720.37,14.39116,1339.6259,3.78,1143.0,2.0,7.6,10,2.7,0.5,9.8,3.3,2.0,3,,False,,0,0,False,2134.7,9,9,1.0,3.041572190926554,1.242778327365131,False,True
219154198,10.979,3981.0,0.599306,7,1983.81,27.84915,2074.2537,0.75,1645.0,2.65,7.6,5,0.4,0.2,7.2,4.6,1.0,0,,False,,0,0,True,986.6,5,5,1.0,4.051147220615781,0.18513274367896182,False,True
207080123,10.8834,3288.0,0.369673,6,2934.84,19.15115,1329.7882,0.75,1299.0,1.45,7.6,5,2.0,1.6,8.4,3.2,2.0,3,,False,,0,0,False,898.2,5,5,1.0,2.591105331556386,0.2894517605540572,False,True
220524896,11.6249,3370.0,0.374704,6,1926.22,26.27227,2084.9656,4.5,806.0,1.16,7.6,5,2.2,-3.1,7.2,4.0,2.0,0,,False,,0,0,False,1210.9,5,5,1.0,2.905135409006076,1.548981154561594,False,True
88466267,12.1812,3174.0,0.218588,6,2879.66,48.75701,1446.7419,3.15,2152.0,1.11,7.6,3,1.4,-0.7,8.9,3.6,2.0,0,,False,,0,0,False,1788.4,3,3,1.0,2.4925173685788744,1.2637825676600976,False,True
333542464,11.243,3662.0,0.628159,5,2602.12,38.02343,1397.1486,3.0,781.0,1.91,7.6,5,0.6,1.5,8.4,4.2,2.0,0,,False,,0,0,False,995.3,5,5,1.0,4.63737036166936,0.6469183537283962,False,True
219938265,11.6383,3769.0,0.606751,1,24.97,4.50095,4180.5933,2.52,1380.0,2.46,7.5,6,1.7,0.5,7.6,3.6,1.0,0,,False,,0,0,True,1754.6,6,6,1.0,2.224931735697685,1.13261901907736,False,True
231055581,9.26953,3284.0,0.287941,8,2878.49,18.52128,1367.5491,1.8,250.0,0.5,7.5,10,1.7,0.1,8.1,4.1,1.0,0,,False,,0,0,False,365.8,10,10,1.0,2.169206841697272,0.8297963870479083,False,True
245833510,12.4788,3302.0,0.365859,7,2607.68,49.86227,1469.905,3.15,2238.0,1.89,7.5,3,0.0,2.1,6.4,4.0,2.0,1,,False,,0,0,False,2239.3,3,3,1.0,3.5400397452955694,0.8898205180283918,False,True
220524896,11.6249,3370.0,0.374704,6,1926.22,25.39137,2084.4594,4.5,756.0,1.12,7.5,6,1.0,0.2,7.7,3.2,1.0,0,,False,,0,0,False,1210.9,6,6,1.0,2.872296207957869,1.5666907847221605,False,True
297223601,11.9961,3710.0,0.630591,6,1791.64,38.20032,2332.4549,3.0,1967.0,3.05,7.5,5,0.4,1.7,7.7,3.5,2.0,2,,False,,0,0,False,2365.9,5,5,1.0,4.6565307267859275,0.6442564595876052,False,True
244943765,12.198,3440.0,0.619849,6,2523.83,8.12478,1609.4666,1.12,1498.0,2.62,7.5,16,0.8,-0.1,7.6,4.0,1.0,2,,False,,0,0,False,2094.7,13,16,0.8125,2.747911662786005,0.40758224333327875,False,True
245865916,12.401,3244.0,0.376803,6,2607.68,28.90905,1457.5675,3.15,1780.0,1.73,7.5,5,2.5,-1.7,8.3,4.0,2.0,5,,False,,0,0,False,2300.5,5,5,1.0,3.0104341737751232,1.046360696885745,False,True
245865916,12.401,3244.0,0.376803,6,2607.68,13.77595,1445.2862,3.15,1223.0,1.44,7.5,10,1.3,2.1,8.1,3.8,1.0,5,,False,,0,0,True,2300.5,10,10,1.0,2.3513920627455307,1.33963197797053,False,True
418096656,9.79122,3266.0,0.30505,5,2555.42,23.58562,1535.4142,2.4,422.0,0.68,7.5,4,0.9,1.3,7.1,3.6,2.0,0,,False,,0,0,False,447.0,4,4,1.0,2.443457254530948,0.9822148496969348,False,True
423211395,11.9417,3367.0,0.318649,9,2520.19,1.35652,1657.9548,1.53,328.0,0.63,7.4,146,0.5,-3.3,5.3,3.6,1.0,5,,False,,0,0,False,1510.5,105,146,0.7191780821917808,0.971013797541105,1.5756727699178055,False,True
412066335,9.1473,3854.0,0.431388,7,2168.04,41.92529,2048.206,0.5,1342.0,1.72,7.4,3,0.7,-2.0,8.3,3.9,2.0,0,,False,,0,0,False,660.0,3,3,1.0,3.7291715232040334,0.13407803767910614,False,True
245949052,10.9588,3650.0,0.542985,7,2607.66,16.84788,1441.6554,1.58,665.0,1.53,7.4,9,2.6,-0.2,9.3,3.4,2.0,0,,False,,0,0,False,836.5,8,9,0.8888888888888888,3.208105209102336,0.49250255119971637,False,True
115282129,9.69268,3837.0,0.636677,6,2904.62,20.44169,1404.4719,3.0,230.0,1.05,7.4,10,0.2,-0.8,7.3,3.7,2.0,2,"00115282129-01(1:1,ntoi=1)",True,,0,0,False,440.2,9,10,0.9,3.8047547462643747,0.7884870905136506,False,True
411478119,11.6166,3758.0,0.566592,6,1791.12,13.74725,2311.803,1.12,1289.0,2.22,7.4,11,0.2,-0.1,7.2,3.6,1.0,0,,False,,0,0,True,1488.3,11,11,1.0,3.0840910879047656,0.3631539951567685,False,True
297223601,11.9961,3710.0,0.630591,6,1791.64,14.24652,2318.1924,2.4,1596.0,2.75,7.4,9,1.2,0.5,7.8,3.7,1.0,2,,False,,0,0,False,2365.9,9,9,1.0,3.351786932308907,0.7160359678193325,False,True
297223601,11.9961,3710.0,0.630591,6,1791.64,12.76431,2310.5549,4.5,969.0,2.14,7.4,12,1.0,1.0,7.9,3.8,2.0,2,,False,,0,0,False,2365.9,12,12,1.0,3.231265078930614,1.392643404387384,False,True
244943765,12.198,3440.0,0.619849,6,2523.83,48.75306,1625.4931,1.8,2767.0,3.56,7.4,3,2.8,0.6,8.7,5.2,2.0,2,,False,,0,0,False,2094.7,3,3,1.0,4.993436411842791,0.36047319952467827,False,True
219223683,12.2643,3203.0,0.258097,6,2602.13,29.74073,1392.732,3.6,1145.0,0.95,7.4,6,2.2,0.7,8.5,4.3,2.0,4,,False,,0,0,False,1764.0,6,6,1.0,2.3614611574731814,1.5244798706967022,False,True
333542464,11.243,3662.0,0.628159,5,2602.12,9.13022,1388.2674,2.1,619.0,1.7,7.4,11,0.7,-1.8,8.0,3.8,1.0,0,,False,,0,0,False,995.3,10,11,0.9090909090909091,2.882361395542468,0.7285692915703149,False,True
245949052,10.9588,3650.0,0.542985,7,2607.66,19.17037,1438.557,2.25,765.0,1.64,7.3,5,0.9,0.5,10.3,4.1,2.0,0,,False,,0,0,False,836.5,5,5,1.0,3.3492200360046427,0.6717982025104788,False,True
234509975,11.4201,3476.0,0.419224,7,2879.01,26.33899,1348.4022,2.25,1132.0,1.54,7.3,4,1.5,-1.5,7.2,3.2,2.0,5,,False,,0,0,False,1086.8,4,4,1.0,3.1335653633829117,0.7180319345791343,False,True
219229275,11.5831,3371.0,0.513173,7,2602.13,13.83599,1389.382,2.4,637.0,1.41,7.3,12,1.0,0.3,7.7,3.6,2.0,6,,False,,0,0,True,1164.4,12,12,1.0,2.8932607323210258,0.8295139021482785,False,True
219229275,11.5831,3371.0,0.513173,7,2602.13,52.45816,1406.1091,0.5,2371.0,2.73,7.3,4,0.1,1.7,7.9,3.8,2.0,6,,False,,0,0,False,1164.4,4,4,1.0,4.5115091663580635,0.11082765911869515,False,True
456894306,12.1873,3301.0,0.401378,7,2607.68,24.50796,1446.5331,3.0,1169.0,1.5,7.3,8,0.8,-0.6,8.4,3.9,2.0,9,,False,,0,0,False,1812.1,8,8,1.0,2.9717553829364474,1.0095043546402678,False,True
207080123,10.8834,3288.0,0.369673,6,2934.84,23.95463,1348.9392,0.75,1281.0,1.44,7.3,5,0.0,-2.6,8.8,3.5,2.0,3,,False,,0,0,False,898.2,5,5,1.0,2.791793366777277,0.2686445239554985,False,True
411478119,11.6166,3758.0,0.566592,6,1791.12,50.86834,2318.5608,0.75,2713.0,3.22,7.3,4,2.9,1.0,7.4,4.2,2.0,0,,False,,0,0,False,1488.3,4,4,1.0,4.7702130329535555,0.15722568254684954,False,True
411478119,11.6166,3758.0,0.566592,6,1791.12,38.68408,2341.1936,0.62,3295.0,3.55,7.3,3,2.2,1.1,7.9,4.4,2.0,0,,False,,0,0,False,1488.3,3,3,1.0,4.354109469716792,0.14239421500817875,False,True
404030766,10.8067,3554.0,0.37466,5,2574.62,10.66454,1658.2371,3.15,386.0,0.8,7.3,12,0.3,-1.2,9.6,4.1,1.0,0,,False,,0,0,False,792.8,12,12,1.0,2.1508686475183416,1.4645245787716743,False,True
201289286,11.5771,3206.0,0.295999,11,2907.31,6.69667,1326.0993,2.52,411.0,0.65,7.2,35,1.0,-0.5,8.8,3.8,0.5,1,,False,,0,0,False,1379.4,25,35,0.7142857142857143,1.5740605069989084,1.6009549752344734,False,True
423211395,11.9417,3367.0,0.318649,9,2520.19,6.00422,1660.678,0.6,1077.0,1.14,7.2,31,0.6,-2.4,6.0,4.6,1.0,5,,False,,0,0,False,1510.5,26,31,0.8387096774193549,1.5942956686624705,0.37634173622472933,False,True
123366965,9.84507,3406.0,0.237209,7,2904.61,30.59028,1408.5566,1.05,758.0,0.71,7.2,3,0.0,-0.8,6.8,3.9,2.0,0,,False,,0,0,False,461.9,3,3,1.0,2.253323537389046,0.4659783571145083,False,True
146247926,9.79343,3709.0,0.525121,6,2904.61,30.86024,1413.1583,0.5,935.0,1.75,7.2,4,2.3,-1.4,7.4,4.5,1.0,0,,False,,0,0,False,505.6,4,4,1.0,3.8386718217294673,0.130253385342728,False,True
244943765,12.198,3440.0,0.619849,6,2523.83,9.29305,1602.7775,2.25,1016.0,2.16,7.2,16,2.9,-0.6,6.3,4.3,0.5,2,"00244943765-01(2:1,ntoi=1)",True,,0,0,False,2094.7,16,16,1.0,2.873767673871994,0.7829442931162366,False,True
418096656,9.79122,3266.0,0.30505,5,2555.42,4.77666,1521.4642,2.4,184.0,0.45,7.2,21,1.0,2.2,6.7,3.2,0.5,0,,False,,0,0,False,447.0,21,21,1.0,1.434929035110489,1.6725565803435016,False,True
387426198,10.8345,3773.0,0.556415,5,2498.6,27.63922,1612.4704,2.25,1231.0,2.13,7.2,3,1.4,-0.8,6.4,4.3,2.0,0,,False,,0,0,True,1090.7,3,3,1.0,3.845765282020891,0.5850591065759633,False,True
144284277,11.2601,3556.0,0.462328,5,2906.03,5.96187,1357.7447,2.4,493.0,1.12,7.2,17,0.6,1.3,6.4,4.6,2.0,0,,False,,0,0,False,1253.9,15,17,0.8823529411764706,2.0384618700954364,1.1773582990235854,False,True
231055581,9.26953,3284.0,0.287941,8,2878.49,26.58555,1360.2991,2.1,274.0,0.52,7.1,6,0.1,0.5,8.5,4.8,2.0,0,,False,,0,0,False,365.8,5,6,0.8333333333333334,2.446954250021686,0.858209751972841,False,True
387063402,12.3654,3341.0,0.367619,7,2520.17,22.55661,1668.0267,4.5,1194.0,1.39,7.1,5,0.1,0.1,7.5,3.1,2.0,2,,False,,0,0,False,1933.8,5,5,1.0,2.726244927291867,1.650622053415466,False,True
387063402,12.3654,3341.0,0.367619,7,2520.17,14.07959,1669.0204,3.0,936.0,1.23,7.1,13,0.3,0.8,7.4,3.0,2.0,2,"00387063402-01(1:1,ntoi=1)",True,,0,0,False,1933.8,13,13,1.0,2.3298981131895937,1.2876099529919132,False,True
272649679,11.8019,3162.0,0.291077,6,2526.98,47.53558,1595.3887,6.3,1361.0,1.17,7.1,3,1.6,0.4,6.7,3.7,2.0,1,,False,,0,0,False,1658.0,3,3,1.0,2.9914826376924615,2.1059791290848433,False,True
297223601,11.9961,3710.0,0.630591,6,1791.64,16.61947,2323.0799,3.6,1173.0,2.36,7.1,9,1.6,0.7,7.5,3.4,2.0,2,,False,,0,0,False,2365.9,7,9,0.7777777777777778,3.5284112330497086,1.0202892356423021,False,True
245870883,12.3542,3312.0,0.385662,6,2607.68,16.83022,1451.8331,3.0,1239.0,1.48,7.1,9,0.6,-1.0,7.1,4.7,1.0,0,,False,,0,0,False,2105.0,9,9,1.0,2.552952833113705,1.1751098418614552,False,True
201881092,9.92955,3339.0,0.335762,7,2633.97,37.03334,1359.1235,2.1,481.0,0.8,7.0,4,0.3,1.0,6.6,4.4,1.0,0,,False,,0,0,False,465.2,4,4,1.0,3.0275659826248185,0.6936265013056319,False,True
456894306,12.1873,3301.0,0.401378,7,2607.68,12.62435,1441.1519,1.5,1268.0,1.56,7.0,12,1.7,0.4,8.4,3.9,1.0,9,,False,,0,0,False,1812.1,11,12,0.9166666666666666,2.382211659539724,0.6296669710238176,False,True
33549589,11.497,3347.0,0.296142,6,2822.27,32.56111,1482.3546,2.4,1497.0,1.25,7.0,3,0.0,1.7,8.7,4.3,2.0,0,,False,,0,0,False,1275.7,3,3,1.0,2.6675221310415598,0.8997113733646501,False,True
281498280,11.8879,3268.0,0.416458,6,2907.31,0.75063,1325.4735,0.75,234742.0,22.01,4470.5,181,25.2,4469.8,2763.3,12.7,1.0,26,"00281498280-01(1:2,ntoi=2);00281498280-01(1:1,ntoi=3);00281498280-02(1:1,ntoi=3);00281498280-01(1:2,ntoi=4);00281498280-02(1:2,ntoi=4);00281498280-04(1:1,ntoi=4);00281498280-03(1:1,ntoi=4);00281498280-01(1:2,ntoi=2);00281498280-02(2:1,ntoi=2);00281498280-01(1:2,ntoi=4);00281498280-04(1:2,ntoi=4);00281498280-01(1:2,ntoi=4);00281498280-01(1:2,ntoi=3);00281498280-02(2:1,ntoi=3);00281498280-03(2:1,ntoi=3);00281498280-01(1:2,ntoi=4);00281498280-02(3:1,ntoi=4);00281498280-03(1:1,ntoi=4);00281498280-04(1:1,ntoi=4)",True,,0,0,False,70711.3,181,181,1.0,0.9529374744252792,0.7870400945794773,False,False
403237836,10.5282,3530.0,0.619429,11,2878.98,0.85379,1326.1395,4.08,35260.0,12.69,3979.9,277,24.8,5183.0,2508.2,12.3,1.0,13,"00403237836-02(1:2,ntoi=3);00403237836-01(1:2,ntoi=3);00403237836-03(1:2,ntoi=3)",True,,0,0,False,29811.8,277,277,1.0,1.2961432563732367,3.1478001987344566,False,False
281498280,11.8879,3268.0,0.416458,6,2907.31,1.12595,1325.4761,0.62,246792.0,22.57,3536.3,120,56.6,-288.6,2266.6,10.2,1.0,26,"00281498280-01(1:3,ntoi=2);00281498280-02(1:1,ntoi=2);00281498280-01(1:3,ntoi=4);00281498280-02(1:3,ntoi=4);00281498280-01(1:3,ntoi=2);00281498280-01(1:3,ntoi=4);00281498280-02(1:1,ntoi=4);00281498280-03(3:1,ntoi=4);00281498280-04(1:3,ntoi=4);00281498280-01(1:3,ntoi=4);00281498280-01(1:3,ntoi=3);00281498280-01(1:3,ntoi=4);00281498280-02(2:1,ntoi=4)",True,,0,0,False,70711.3,120,120,1.0,1.0908427139395642,0.5683679159948533,False,False
403237836,10.5282,3530.0,0.619429,11,2878.98,1.28068,1326.5795,4.08,32722.0,12.22,3137.0,183,34.8,-2630.5,1978.6,9.5,1.0,13,"00403237836-02(1:3,ntoi=3);00403237836-01(1:3,ntoi=3);00403237836-03(1:3,ntoi=3);00403237836-02(1:1,ntoi=2)",True,,0,0,False,29811.8,183,183,1.0,1.4837117150719015,2.749860339144307,False,False
281498280,11.8879,3268.0,0.416458,6,2907.31,1.87658,1326.2235,0.75,223641.0,21.49,2742.1,73,39.9,-269.0,1763.1,7.7,1.0,26,"00281498280-02(1:1,ntoi=4);00281498280-03(1:3,ntoi=4);00281498280-04(1:3,ntoi=4)",True,,0,0,False,70711.3,73,73,1.0,1.2933362827120487,0.5798955847950812,False,False
124350360,9.19014,3471.0,0.628084,5,2548.82,17.11622,1629.71,1.58,112404.0,22.97,2507.6,6,17.3,0.5,1771.6,7.0,1.0,5,"00124350360-01(1:1,ntoi=1);00124350360-01(1:1,ntoi=1);00124350360-01(1:2,ntoi=1)",True,,0,0,False,7189.7,6,6,1.0,3.5537706871289405,0.44459818573056775,False,False
289706625,10.4209,3003.0,0.309432,6,2580.81,0.88348,1518.5964,4.2,27201.0,5.57,2419.2,141,0.8,3126.6,1533.5,6.0,1.0,7,,False,,0,0,False,22576.6,141,141,1.0,0.8253738105962882,5.088603425599033,False,False
206327797,9.7389,3290.0,0.575313,7,2934.84,0.67159,1325.6722,1.05,35341.0,11.8,2375.1,226,6.9,1956.2,1755.9,12.6,1.0,19,"00206327797-01(1:3,ntoi=2);00206327797-02(1:3,ntoi=2);00206327797-01(1:3,ntoi=2);00206327797-02(1:3,ntoi=2);00206327797-02(1:3,ntoi=3);00206327797-01(1:3,ntoi=3);00206327797-03(1:3,ntoi=3);00206327797-01(1:3,ntoi=2);00206327797-02(1:3,ntoi=2);00206327797-01(1:3,ntoi=2);00206327797-02(1:3,ntoi=2);00206327797-01(1:3,ntoi=2);00206327797-02(1:3,ntoi=2);00206327797-01(1:3,ntoi=2);00206327797-02(1:3,ntoi=2);00206327797-01(1:3,ntoi=2);00206327797-02(1:3,ntoi=2);00206327797-01(1:3,ntoi=2);00206327797-02(1:3,ntoi=2)",True,,0,0,False,27963.0,226,226,1.0,1.1389705445342981,0.9218851225246775,False,False
403237836,10.5282,3530.0,0.619429,11,2878.98,2.13447,1326.1507,3.78,31699.0,12.03,2373.2,112,43.8,-2092.0,1506.9,5.2,1.0,13,,False,,0,0,False,29811.8,112,112,1.0,1.759135670773298,2.1487825315590077,False,False
206327797,9.7389,3290.0,0.575313,7,2934.84,0.55966,1325.7847,1.05,31691.0,11.17,2313.3,272,269.5,-2115.7,1576.4,11.2,1.0,19,,False,,0,0,False,27963.0,271,271,1.0,1.0718133821949727,0.9796481527872876,False,False
133018706,12.4758,3348.0,0.643994,1,24.42,1.59739,4153.3682,7.92,1229900.0,77.92,2186.3,15,55.2,-549.6,1966.3,4.9,1.0,2,,False,,0,0,False,712424.8,15,15,1.0,1.6390787827361768,4.831982503476032,False,False
133018706,12.4758,3348.0,0.643994,1,24.42,1.59663,4153.3832,7.92,1205524.0,77.14,2184.2,15,44.7,-534.3,1597.1,3.8,1.0,2,,False,,0,0,False,712424.8,15,15,1.0,1.6388187966578038,4.832749060574601,False,False
133018706,12.4758,3348.0,0.643994,1,24.42,1.59656,4153.3832,7.92,1206625.0,77.18,2179.9,15,51.7,-535.8,1335.5,3.0,1.0,2,,False,,0,0,False,712424.8,15,15,1.0,1.6387948464225586,4.832819688986166,False,False
206327797,9.7389,3290.0,0.575313,7,2934.84,0.89546,1325.6722,1.05,34895.0,11.72,2043.3,169,0.4,2127.6,1504.1,10.6,1.0,19,,False,,0,0,False,27963.0,169,169,1.0,1.2536024032443192,0.8375861415729606,False,False
206327797,9.7389,3290.0,0.575313,7,2934.84,0.78352,1325.5659,1.05,30797.0,11.01,1944.3,198,252.1,-1747.3,1344.8,9.4,1.0,19,,False,,0,0,False,27963.0,198,198,1.0,1.1990237382346047,0.875712437141552,False,False
289706625,10.4209,3003.0,0.309432,6,2580.81,1.3252,1518.1714,4.2,25134.0,5.35,1904.7,94,29.6,-1653.4,1237.6,4.6,1.0,7,,False,,0,0,False,22576.6,93,94,0.9893617021276596,0.9448124033883417,4.445326908217667,False,False
89502706,11.1364,3587.0,0.587233,5,2936.45,0.96015,1354.6329,4.2,33652.0,11.75,1820.9,112,26.8,2267.5,1275.0,6.3,1.0,8,,False,,0,0,False,26721.6,112,112,1.0,1.300753365300698,3.2288980463479926,False,False
124350360,9.19014,3471.0,0.628084,5,2548.82,8.55811,1629.71,1.58,58646.0,16.59,1801.3,13,1744.2,1.0,969.3,2.9,2.0,5,"00124350360-01(2:1,ntoi=1);00124350360-01(2:1,ntoi=1);00124350360-01(1:1,ntoi=1)",True,,0,0,False,7189.7,10,13,0.7692307692307693,2.8206296636011166,0.5601586129470125,False,False
88478727,8.46043,3827.0,0.627937,6,2879.66,2.11275,1411.3512,7.2,7548.0,5.95,1791.5,74,31.7,2052.4,1199.1,4.5,0.5,11,,False,,0,0,False,5736.7,73,73,1.0,1.769165167127019,4.069716120226478,False,False
429354344,10.8894,3097.0,0.204772,5,2552.65,0.71728,1572.8208,3.15,29062.0,3.81,1789.9,153,7.5,2230.3,973.3,6.6,1.0,12,,False,,0,0,False,21494.8,153,153,1.0,0.5847248922968671,5.387148796806708,False,False
229807000,10.7988,3453.0,0.599096,10,2879.02,0.74901,1325.8667,4.08,17654.0,8.68,1770.9,295,4.8,2395.7,1002.9,9.4,1.0,11,,False,,0,0,False,15795.3,292,295,0.9898305084745763,1.2134869567321633,3.3622116639697213,False,False
124350360,9.19014,3471.0,0.628084,5,2548.82,23.96275,1646.8194,1.58,85295.0,20.01,1586.6,4,447.6,-7.6,1056.3,3.3,2.0,5,,False,,0,0,False,7189.7,4,4,1.0,3.9755662930708495,0.39742765772862,False,False
299941037,12.0976,3427.0,0.545221,12,1951.8,1.31834,2037.0249,1.02,66164.0,15.3,1503.2,206,28.8,0.5,1384.8,29.8,1.0,19,"00299941037-01(1:1,ntoi=2);00299941037-01(1:1,ntoi=3);00299941037-01(1:1,ntoi=1);00299941037-01(1:1,ntoi=1);00299941037-01(1:1,ntoi=1);00299941037-01(1:1,ntoi=1);00299941037-01(1:1,ntoi=2);00299941037-01(1:1,ntoi=1);00299941037-01(1:1,ntoi=1);00299941037-01(1:1,ntoi=1);00299941037-01(1:1,ntoi=1);00299941037-01(1:1,ntoi=2);00299941037-01(1:1,ntoi=1);00299941037-01(1:1,ntoi=1)",True,,0,0,False,12434.3,206,206,1.0,1.375938915040128,0.7413119789334925,False,False
89502706,11.1364,3587.0,0.587233,5,2936.45,1.43831,1355.1579,4.2,32187.0,11.49,1486.1,76,9.4,-1092.1,1037.4,4.9,1.0,8,,False,,0,0,False,26721.6,76,76,1.0,1.4883306633433229,2.821953550674887,False,False
124350360,9.19014,3471.0,0.628084,5,2548.82,5.70543,1629.7006,1.12,45598.0,14.63,1466.4,19,241.9,0.0,1218.7,4.3,0.5,5,"00124350360-01(3:1,ntoi=1);00124350360-01(3:1,ntoi=1)",True,,0,0,False,7189.7,12,19,0.631578947368421,2.4640503314342075,0.4545361698630973,False,False
289706625,10.4209,3003.0,0.309432,6,2580.81,2.20869,1519.0464,4.2,24089.0,5.24,1449.2,57,22.1,-1240.2,935.1,3.2,1.0,7,,False,,0,0,False,22576.6,57,57,1.0,1.1202029152825905,3.749320719220301,False,False
429354344,10.8894,3097.0,0.204772,5,2552.65,1.07592,1572.8208,3.15,27296.0,3.69,1425.4,103,10.9,-1069.6,787.4,5.1,1.0,12,,False,,0,0,False,21494.8,103,103,1.0,0.6693429121876867,4.706107949517999,False,False
229807000,10.7988,3453.0,0.599096,10,2879.02,1.12351,1325.8667,3.12,18185.0,8.81,1399.1,196,6.4,-1217.4,778.0,7.1,1.0,11,,False,,0,0,False,15795.3,194,194,1.0,1.389093741881198,2.246068717993575,False,False
100481123,11.6876,3813.0,0.636279,7,2852.51,0.8423,1438.8576,6.3,23754.0,10.7,1389.4,207,1.7,-397.7,1324.6,10.4,1.0,16,"00100481123-06(1:1,ntoi=6);00100481123-05(1:1,ntoi=6)",True,,0,0,False,17447.0,197,207,0.9516908212560387,1.313597422105268,4.7959899235362045,False,False
133018706,12.4758,3348.0,0.643994,1,24.42,4.79135,4153.3832,7.92,1171805.0,76.06,1372.4,6,159.0,-321.8,1238.2,2.7,1.0,2,"00133018706-01(3:1,ntoi=2)",True,,0,0,False,712424.8,6,6,1.0,2.3638258280342734,3.35050066128864,False,False
425933644,11.3983,3264.0,0.506531,12,2907.31,0.97228,1325.9491,6.12,16866.0,7.18,1333.4,275,0.9,1960.4,833.0,9.4,1.0,52,"00425933644-01(1:2,ntoi=3);00425933644-03(1:2,ntoi=3);00425933644-01(1:2,ntoi=3);00425933644-02(1:2,ntoi=3);00425933644-03(1:2,ntoi=3);00425933644-01(1:2,ntoi=4);00425933644-02(1:2,ntoi=4);00425933644-04(1:2,ntoi=4);00425933644-03(1:2,ntoi=4);00425933644-03(1:2,ntoi=3);00425933644-01(1:2,ntoi=3);00425933644-04(1:2,ntoi=6);00425933644-01(1:2,ntoi=6);00425933644-02(1:2,ntoi=6);00425933644-03(1:2,ntoi=6);00425933644-05(1:2,ntoi=6);00425933644-06(1:2,ntoi=6);00425933644-01(1:2,ntoi=3);00425933644-02(1:2,ntoi=3);00425933644-03(1:2,ntoi=3);00425933644-01(1:2,ntoi=4);00425933644-03(1:2,ntoi=4);00425933644-04(1:2,ntoi=4);00425933644-01(1:2,ntoi=3);00425933644-02(1:2,ntoi=3);00425933644-03(1:2,ntoi=3);00425933644-01(1:2,ntoi=4);00425933644-03(1:2,ntoi=4);00425933644-04(1:2,ntoi=4);00425933644-01(1:2,ntoi=4);00425933644-02(1:2,ntoi=4);00425933644-03(1:2,ntoi=4);00425933644-04(1:2,ntoi=4);00425933644-01(1:2,ntoi=3);00425933644-02(1:2,ntoi=3);00425933644-03(1:2,ntoi=3);00425933644-01(1:2,ntoi=2);00425933644-02(1:2,ntoi=2);00425933644-01(1:2,ntoi=3);00425933644-03(1:2,ntoi=3);00425933644-01(1:2,ntoi=1);00425933644-01(1:2,ntoi=3);00425933644-02(1:2,ntoi=3);00425933644-03(1:2,ntoi=3);00425933644-01(1:2,ntoi=3);00425933644-02(1:2,ntoi=3);00425933644-03(1:2,ntoi=3)",True,,0,0,False,17708.7,274,274,1.0,1.1836121951452916,5.170612490393236,False,False
89205615,11.2475,3611.0,0.52517,5,2879.66,0.6976,1411.3008,3.0,25749.0,9.19,1262.1,153,3.4,1590.0,1038.4,11.9,1.0,4,"00089205615-02(1:2,ntoi=2)",True,,0,0,False,21968.2,150,151,0.9933774834437086,1.0854514193985043,2.7638270551642283,False,False
122671519,10.9163,3260.0,0.560941,8,2904.62,0.90124,1386.3715,4.2,14940.0,7.48,1167.9,210,8.6,1494.2,750.9,10.8,1.0,13,,False,,0,0,False,12043.6,208,208,1.0,1.235283299307848,3.4000297764515537,False,False
89502706,11.1364,3587.0,0.587233,5,2936.45,2.39718,1354.6829,4.2,30686.0,11.22,1146.3,46,13.3,-903.6,801.4,3.5,1.0,8,,False,,0,0,False,26721.6,46,46,1.0,1.7646103058611584,2.380128907810233,False,False
283866910,10.8549,3122.0,0.270508,5,2607.45,0.73956,1438.5859,4.2,15916.0,3.72,1123.1,180,6.4,1538.5,825.1,9.5,1.0,4,"00283866910-01(1:2,ntoi=3);00283866910-02(1:2,ntoi=3);00283866910-03(1:2,ntoi=3)",True,,0,0,False,14604.0,180,180,1.0,0.7111908725574578,5.90558760251901,False,False
124350360,9.19014,3471.0,0.628084,5,2548.82,23.4138,1646.8194,1.58,60730.0,16.89,1092.8,4,597.3,-6.2,1056.3,3.3,2.0,5,"00124350360-01(1:3,ntoi=1)",True,,0,0,False,7189.7,3,4,0.75,3.9449734276461577,0.4005096685639114,False,False
429354344,10.8894,3097.0,0.204772,5,2552.65,1.7932,1573.9083,3.15,25862.0,3.59,1083.1,63,10.7,-889.1,605.8,3.7,1.0,12,,False,,0,0,False,21494.8,63,63,1.0,0.7935937742560879,3.969285171059714,False,False
299941037,12.0976,3427.0,0.545221,12,1951.8,2.63666,2037.0249,1.02,66436.0,15.33,1077.6,104,5.0,1047.4,706.3,14.7,0.5,19,"00299941037-01(1:2,ntoi=2);00299941037-01(1:2,ntoi=3);00299941037-01(1:2,ntoi=1);00299941037-01(1:2,ntoi=1);00299941037-01(1:2,ntoi=1);00299941037-01(1:2,ntoi=1);00299941037-01(1:2,ntoi=2);00299941037-01(1:2,ntoi=1);00299941037-01(1:2,ntoi=1);00299941037-01(1:2,ntoi=1);00299941037-01(1:2,ntoi=1);00299941037-01(1:2,ntoi=2);00299941037-01(1:2,ntoi=1);00299941037-01(1:2,ntoi=1)",True,,0,0,False,12434.3,104,104,1.0,1.7335700191921124,0.5883811952835605,False,False
229807000,10.7988,3453.0,0.599096,10,2879.02,1.87251,1325.5067,3.12,17372.0,8.61,1052.7,117,4.2,-966.8,603.8,5.2,1.0,11,,False,,0,0,False,15795.3,116,116,1.0,1.6469507887337782,1.8944099734751294,False,False
425933644,11.3983,3264.0,0.506531,12,2907.31,1.45845,1326.4141,6.12,15007.0,6.77,1018.9,182,1.3,-782.5,652.7,7.1,1.0,52,"00425933644-01(1:3,ntoi=3);00425933644-03(1:3,ntoi=3);00425933644-01(1:3,ntoi=3);00425933644-02(1:3,ntoi=3);00425933644-03(1:3,ntoi=3);00425933644-01(1:3,ntoi=4);00425933644-02(1:3,ntoi=4);00425933644-04(1:3,ntoi=4);00425933644-03(1:3,ntoi=4);00425933644-03(1:3,ntoi=3);00425933644-01(1:3,ntoi=3);00425933644-04(1:3,ntoi=6);00425933644-01(1:3,ntoi=6);00425933644-02(1:3,ntoi=6);00425933644-03(1:3,ntoi=6);00425933644-05(1:3,ntoi=6);00425933644-06(1:3,ntoi=6);00425933644-01(1:3,ntoi=3);00425933644-02(1:3,ntoi=3);00425933644-03(1:3,ntoi=3);00425933644-01(1:3,ntoi=4);00425933644-03(1:3,ntoi=4);00425933644-04(1:3,ntoi=4);00425933644-01(1:3,ntoi=3);00425933644-02(1:3,ntoi=3);00425933644-03(1:3,ntoi=3);00425933644-01(1:3,ntoi=4);00425933644-03(1:3,ntoi=4);00425933644-04(1:3,ntoi=4);00425933644-01(1:3,ntoi=4);00425933644-02(1:3,ntoi=4);00425933644-03(1:3,ntoi=4);00425933644-04(1:3,ntoi=4);00425933644-01(1:3,ntoi=3);00425933644-02(1:3,ntoi=3);00425933644-03(1:3,ntoi=3);00425933644-01(1:3,ntoi=2);00425933644-02(1:3,ntoi=2);00425933644-01(1:3,ntoi=3);00425933644-03(1:3,ntoi=3);00425933644-01(1:3,ntoi=1);00425933644-01(1:3,ntoi=3);00425933644-02(1:3,ntoi=3);00425933644-03(1:3,ntoi=3);00425933644-01(1:3,ntoi=3);00425933644-02(1:3,ntoi=3);00425933644-03(1:3,ntoi=3)",True,,0,0,False,17708.7,181,181,1.0,1.35490702755417,4.516915091249919,False,False
200364466,11.1589,3340.0,0.45842,6,2634.76,0.61505,1411.1427,6.3,12160.0,5.52,1012.5,255,1.1,-292.0,871.5,12.3,1.0,11,,False,,0,0,False,9149.0,212,255,0.8313725490196079,0.9506503363285066,6.627042309090366,False,False
89205615,11.2475,3611.0,0.52517,5,2879.66,1.0464,1411.6508,3.0,24234.0,8.92,1002.8,102,19.7,-851.4,836.6,9.3,1.0,4,"00089205615-02(1:3,ntoi=2)",True,,0,0,False,21968.2,100,101,0.9900990099009901,1.2425316993851976,2.4144253233011232,False,False
181015118,8.98852,3333.0,0.39292,6,2502.48,0.92927,1571.382,7.2,4406.0,2.85,991.4,150,13.2,-238.7,828.3,9.5,1.0,34,,False,,0,0,False,3942.7,148,150,0.9866666666666667,0.9842944203374266,7.314884501257016,False,False
382552502,10.6505,3265.0,0.467062,7,2602.12,0.57692,1386.3404,6.3,8952.0,4.82,990.9,296,181.6,-302.4,715.6,9.2,0.5,29,,False,,0,0,False,6639.6,294,296,0.9932432432432432,0.9422435692271148,6.6861692727366036,False,False
100481123,11.6876,3813.0,0.636279,7,2852.51,1.68455,1438.9139,6.0,20837.0,10.02,939.2,104,27.7,1108.5,595.5,4.1,0.5,16,"00100481123-06(1:2,ntoi=6);00100481123-05(1:2,ntoi=6)",True,,0,0,False,17447.0,104,104,1.0,1.6550126689310056,3.62534989165701,False,False
176842025,10.7617,3363.0,0.610473,5,2879.66,0.68243,1411.3007,4.2,12578.0,7.47,935.4,183,9.0,522.7,719.8,12.8,1.0,4,,False,,0,0,False,8852.9,183,183,1.0,1.1912565584177328,3.5256888789586873,False,False
122671519,10.9163,3260.0,0.560941,8,2904.62,1.35186,1386.8465,4.2,13876.0,7.21,921.4,138,10.9,-780.7,589.4,8.2,1.0,13,,False,,0,0,False,12043.6,138,138,1.0,1.4140463863059638,2.970199592229803,False,False
238176832,10.3236,3245.0,0.27483,9,2851.9,0.52673,1325.7239,6.12,6305.0,2.38,913.4,383,0.1,-174.4,600.5,11.2,1.0,3,,False,,0,0,False,4150.8,334,383,0.8720626631853786,0.6418699893748794,9.53464112874369,False,False
283866910,10.8549,3122.0,0.270508,5,2607.45,1.10934,1438.9609,3.0,16463.0,3.79,866.5,121,11.0,-756.3,655.7,7.3,1.0,4,"00283866910-01(1:3,ntoi=3);00283866910-02(1:3,ntoi=3);00283866910-03(1:3,ntoi=3)",True,,0,0,False,14604.0,121,121,1.0,0.8141103209904534,3.6850042588210585,False,False
299941037,12.0976,3427.0,0.545221,12,1951.8,3.95501,2038.3424,1.02,64954.0,15.16,865.8,70,16.8,-20.1,793.7,16.7,1.0,19,"00299941037-01(1:3,ntoi=2);00299941037-01(1:3,ntoi=3);00299941037-01(1:3,ntoi=1);00299941037-01(1:3,ntoi=1);00299941037-01(1:3,ntoi=1);00299941037-01(1:3,ntoi=1);00299941037-01(1:3,ntoi=2);00299941037-01(1:3,ntoi=1);00299941037-01(1:3,ntoi=1);00299941037-01(1:3,ntoi=1);00299941037-01(1:3,ntoi=1);00299941037-01(1:3,ntoi=2);00299941037-01(1:3,ntoi=1);00299941037-01(1:3,ntoi=1)",True,,0,0,False,12434.3,70,70,1.0,1.9844456364709515,0.513997451607655,False,False
156002545,11.4801,3318.0,0.455384,7,2878.49,0.70583,1354.6783,3.15,16419.0,6.37,833.1,214,7.2,1047.5,753.1,11.9,1.0,0,,False,,0,0,False,13093.8,213,214,0.9953271028037384,0.9908931895062352,3.178950096094266,False,False
89205615,11.2475,3611.0,0.52517,5,2879.66,1.74486,1411.3039,3.15,23342.0,8.75,805.0,63,59.1,-659.6,668.2,4.2,1.0,4,,False,,0,0,False,21968.2,63,63,1.0,1.473426339435935,2.1378740936624627,False,False
425933644,11.3983,3264.0,0.506531,12,2907.31,2.43074,1325.9341,6.12,14042.0,6.55,784.8,109,3.7,-632.6,518.4,5.4,1.0,52,,False,,0,0,False,17708.7,109,109,1.0,1.6064177085877014,3.809718958701259,False,False
319558877,12.4489,3915.0,0.615245,12,1081.57,0.62049,2964.3022,4.68,17258.0,8.82,778.8,448,0.0,-223.5,625.8,10.4,1.0,7,"00319558877-01(1:1,ntoi=3);00319558877-02(1:1,ntoi=3);00319558877-03(1:2,ntoi=3);00319558877-01(1:1,ntoi=2);00319558877-02(1:1,ntoi=2);00319558877-01(1:1,ntoi=1)",True,,0,0,False,12722.6,446,447,0.9977628635346756,1.160072908941579,4.034229197085477,False,False
57830249,11.9619,3085.0,0.493916,6,2553.61,20.1066,1573.709,4.2,121632.0,18.79,770.2,6,76.4,-18.0,1342.1,4.3,2.0,17,,False,,0,0,False,45375.6,5,6,0.8333333333333334,3.194649648048941,1.314698155575543,False,False
436572709,11.5285,3272.0,0.313236,6,2607.68,0.83373,1438.5643,6.3,13783.0,4.01,764.4,188,3.2,-211.9,452.4,9.2,1.0,22,,False,,0,0,False,7854.1,186,186,1.0,0.816202429745094,7.718673420229263,False,False
178155030,12.169,3224.0,0.4054,8,2904.61,0.97309,1386.7153,4.5,21130.0,6.43,759.8,192,4.8,963.7,564.5,10.4,1.0,24,"00178155030-01(1:2,ntoi=4);00178155030-03(1:2,ntoi=4);00178155030-04(1:2,ntoi=4);00178155030-01(1:2,ntoi=4);00178155030-02(1:2,ntoi=4);00178155030-04(1:1,ntoi=4);00178155030-01(1:2,ntoi=1);00178155030-01(1:2,ntoi=3);00178155030-03(1:2,ntoi=3);00178155030-02(1:2,ntoi=2);00178155030-01(1:2,ntoi=3);00178155030-03(1:2,ntoi=3);00178155030-01(1:2,ntoi=4);00178155030-03(1:2,ntoi=4);00178155030-04(1:2,ntoi=4);00178155030-01(1:2,ntoi=1);00178155030-01(1:2,ntoi=1);00178155030-01(1:2,ntoi=1)",True,,0,0,False,17716.3,191,191,1.0,1.0205833058653995,4.409243198608117,False,False
100481123,11.6876,3813.0,0.636279,7,2852.51,2.528,1439.4201,4.5,22195.0,10.34,736.8,70,14.8,-120.0,706.5,5.0,1.0,16,"00100481123-06(1:3,ntoi=6);00100481123-05(1:3,ntoi=6)",True,,0,0,False,17447.0,68,70,0.9714285714285714,1.8948101848860592,2.3749080704200454,False,False
122671519,10.9163,3260.0,0.560941,8,2904.62,2.25309,1386.8465,4.2,13195.0,7.03,704.8,85,0.3,-622.3,453.6,6.0,1.0,13,,False,,0,0,False,12043.6,85,85,1.0,1.6765348942179672,2.5051670648102573,False,False
57830249,11.9619,3085.0,0.493916,6,2553.61,20.83124,1572.9965,4.8,96358.0,16.73,702.7,6,58.4,-11.2,1234.0,3.7,2.0,17,"00057830249-05(2:1,ntoi=6)",True,,0,0,False,45375.6,6,6,1.0,3.2325759055297802,1.4848839254753208,False,False
160008866,11.5074,3271.0,0.497124,7,2879.66,0.68217,1411.4754,4.2,11544.0,5.83,700.3,252,14.0,989.9,626.4,11.4,1.0,12,"00160008866-04(1:2,ntoi=5);00160008866-01(1:2,ntoi=1)",True,,0,0,False,11938.9,245,250,0.98,1.0386813165325166,4.043588666850268,False,False
57830249,11.9619,3085.0,0.493916,6,2553.61,13.5863,1572.9715,4.8,130100.0,19.44,694.8,3,556.6,91.7,1166.7,3.4,2.0,17,,False,,0,0,True,45375.6,3,3,1.0,2.803350651665937,1.7122367468184976,False,False
283866910,10.8549,3122.0,0.270508,5,2607.45,1.84891,1438.9609,3.0,16051.0,3.74,681.2,74,11.1,-584.9,493.8,5.2,1.0,4,,False,,0,0,False,14604.0,74,74,1.0,0.9652362568085981,3.1080473602587495,False,False
160329609,9.65466,2998.0,0.29049,5,2577.39,1.01276,1469.2042,7.2,4410.0,2.1,672.9,133,5.0,133.9,672.2,9.9,2.0,21,,False,,0,0,False,3458.1,133,133,1.0,0.828192446290335,8.69363157349534,False,False
160329609,9.65466,2998.0,0.29049,5,2577.39,1.01276,1469.2042,7.2,4407.0,2.1,672.4,133,5.9,136.1,352.5,4.6,0.5,21,,False,,0,0,False,3458.1,133,133,1.0,0.828192446290335,8.69363157349534,False,False
160329609,9.65466,2998.0,0.29049,5,2577.39,1.01276,1469.2042,7.2,4406.0,2.1,672.2,133,7.0,140.3,136.4,2.5,1.0,21,,False,,0,0,False,3458.1,133,133,1.0,0.828192446290335,8.69363157349534,False,False
156002545,11.4801,3318.0,0.455384,7,2878.49,1.05874,1355.0346,3.15,15455.0,6.18,671.1,145,1.8,-481.3,608.5,9.4,1.0,0,,False,,0,0,False,13093.8,145,145,1.0,1.1342877612858748,2.7770730739693703,False,False
160329609,9.65466,2998.0,0.29049,5,2577.39,1.01276,1469.223,6.3,4574.0,2.14,670.2,133,3.5,146.0,84.9,2.8,1.0,21,,False,,0,0,False,3458.1,133,133,1.0,0.828192446290335,7.606927626808423,False,False
261283885,11.6224,3300.0,0.365184,6,2574.31,0.77616,1658.7688,4.2,15374.0,4.94,670.0,159,2.1,894.3,517.7,6.6,1.0,4,,False,,0,0,False,14373.2,157,158,0.9936708860759493,0.8828085703329503,4.75754330116661,False,False
251846450,12.0114,3034.0,0.366397,6,2936.45,0.52161,1354.6948,6.0,15928.0,5.04,651.6,249,4.7,-164.6,515.6,9.2,1.0,3,,False,,0,0,False,11994.8,247,249,0.9919678714859438,0.774981858681151,7.742116712526256,False,False
200364466,11.1589,3340.0,0.45842,6,2634.76,1.23218,1411.1052,4.5,10708.0,5.18,650.8,126,2.6,772.6,385.3,4.9,0.5,11,,False,,0,0,False,9149.0,114,126,0.9047619047619048,1.1984190860877728,3.754946873126166,False,False
176842025,10.7617,3363.0,0.610473,5,2879.66,1.3632,1411.3257,4.2,11308.0,7.08,650.1,93,10.3,558.9,360.4,5.8,0.5,4,,False,,0,0,False,8852.9,93,93,1.0,1.50028048544296,2.7994765250578753,False,False
181015118,8.98852,3333.0,0.39292,6,2502.48,1.85856,1571.382,7.2,3608.0,2.58,640.0,75,4.3,758.0,400.1,4.0,0.5,34,,False,,0,0,False,3942.7,74,75,0.9866666666666667,1.2401377078750817,5.805806850544739,False,False
258101273,11.0904,3426.0,0.645278,5,2470.07,3.25001,1631.9853,7.2,16917.0,9.16,608.4,36,41.4,-180.8,410.8,3.8,1.0,9,"00258101273-01(3:1,ntoi=1)",True,,0,0,False,14606.7,36,36,1.0,2.07970194911987,3.4620345492521376,False,False
178155030,12.169,3224.0,0.4054,8,2904.61,1.45963,1387.209,4.8,19073.0,6.11,602.5,128,4.5,-522.3,445.5,7.9,1.0,24,"00178155030-01(1:3,ntoi=4);00178155030-03(1:3,ntoi=4);00178155030-04(1:3,ntoi=4);00178155030-01(1:3,ntoi=4);00178155030-02(1:3,ntoi=4);00178155030-01(1:3,ntoi=1);00178155030-01(1:3,ntoi=3);00178155030-03(1:3,ntoi=3);00178155030-02(1:3,ntoi=2);00178155030-01(1:3,ntoi=3);00178155030-03(1:3,ntoi=3);00178155030-01(1:3,ntoi=4);00178155030-03(1:3,ntoi=4);00178155030-04(1:3,ntoi=4);00178155030-01(1:3,ntoi=1);00178155030-01(1:3,ntoi=1);00178155030-01(1:3,ntoi=1)",True,,0,0,False,17716.3,128,128,1.0,1.1682749119525853,4.108621995466431,False,False
100481123,11.6876,3813.0,0.636279,7,2852.51,4.21138,1441.4639,4.8,21500.0,10.18,592.5,43,31.7,-253.2,540.0,3.6,1.0,16,,False,,0,0,False,17447.0,42,42,1.0,2.2461986610574605,2.136943665410372,False,False
341787179,11.9441,3023.0,0.204262,6,2497.67,0.784,1601.9917,3.0,21206.0,3.25,589.6,178,7.0,699.7,417.8,9.8,1.0,2,,False,,0,0,False,16747.5,178,178,1.0,0.6013196114959501,4.989027370214425,False,False
319871468,11.6552,3785.0,0.602101,1,24.58,0.65968,4180.1732,7.92,29339.0,11.25,587.1,34,4.4,0.0,504.6,6.2,1.0,1,,False,,0,0,False,18399.5,34,34,1.0,1.1670755358688847,6.7861931439626835,False,False
220556639,11.4982,3254.0,0.588476,7,2662.78,0.59431,1325.8915,3.6,9735.0,6.33,585.8,295,5.6,-56.6,404.6,11.3,1.0,6,,False,,0,0,False,7549.0,280,294,0.9523809523809523,1.1101077732278946,3.2429283776044278,False,False
57830249,11.9619,3085.0,0.493916,6,2553.61,19.0453,1574.7715,4.8,62901.0,13.51,562.9,7,48.0,-23.7,1032.0,2.7,2.0,17,,False,,0,0,False,45375.6,5,7,0.7142857142857143,3.1374221864728566,1.5299184217844273,False,False
2052312662,10.6159,3487.0,0.55714,1,25.79,0.51355,4265.2222,6.12,18344.0,8.23,559.3,43,6.3,-48.1,568.3,6.4,1.0,0,,False,,0,0,False,14445.6,43,43,1.0,1.0194801287248734,6.003059625747351,False,False
382552502,10.6505,3265.0,0.467062,7,2602.12,2.30618,1387.9904,6.3,7969.0,4.55,551.0,72,3.9,601.1,362.2,4.0,0.5,29,,False,,0,0,False,6639.6,72,72,1.0,1.495394288704061,4.212935710393617,False,False
197960398,11.468,3244.0,0.461552,9,2198.29,1.22595,2062.3625,7.92,8215.0,4.56,543.3,158,4.6,-228.9,121.7,2.9,1.0,11,,False,,0,0,False,5568.3,156,156,1.0,1.2018390330217508,6.589900795688889,False,False
197960398,11.468,3244.0,0.461552,9,2198.29,1.22593,2062.4075,7.92,8206.0,4.56,542.9,158,6.6,-226.5,137.4,3.5,1.0,11,,False,,0,0,False,5568.3,157,157,1.0,1.20183249743401,6.589936631693444,False,False
197960398,11.468,3244.0,0.461552,9,2198.29,1.22593,2062.3925,7.92,8204.0,4.56,542.8,157,5.1,-221.7,358.7,11.6,1.0,11,,False,,0,0,False,5568.3,157,157,1.0,1.20183249743401,6.589936631693444,False,False
238176832,10.3236,3245.0,0.27483,9,2851.9,1.05347,1325.7239,6.12,4290.0,1.96,534.0,192,2.2,739.4,237.0,3.9,0.5,3,,False,,0,0,False,4150.8,168,192,0.875,0.8087080697880528,7.567625733726062,False,False
160008866,11.5074,3271.0,0.497124,7,2879.66,1.02324,1411.5004,4.2,10182.0,5.47,532.6,169,1.1,-432.4,482.0,8.5,1.0,12,"00160008866-04(1:3,ntoi=5);00160008866-01(1:3,ntoi=1)",True,,0,0,False,11938.9,155,168,0.9226190476190477,1.1889874866221986,3.532417327563139,False,False
224283342,12.2857,3165.0,0.336175,6,2878.49,0.88753,1354.7699,4.8,17628.0,4.87,530.3,149,2.1,-7.9,419.0,7.8,1.0,26,"00224283342-01(1:1,ntoi=4);00224283342-03(1:1,ntoi=4);00224283342-04(1:2,ntoi=4);00224283342-02(1:1,ntoi=4);00224283342-03(1:1,ntoi=4);00224283342-04(1:1,ntoi=4);00224283342-01(1:1,ntoi=4);00224283342-02(1:1,ntoi=4);00224283342-04(1:1,ntoi=4);00224283342-03(1:1,ntoi=4);00224283342-01(1:1,ntoi=4);00224283342-02(1:1,ntoi=4);00224283342-01(1:1,ntoi=3);00224283342-02(1:2,ntoi=3);00224283342-03(1:3,ntoi=3);00224283342-01(1:1,ntoi=2);00224283342-02(1:1,ntoi=2);00224283342-01(1:1,ntoi=3);00224283342-02(1:1,ntoi=3);00224283342-03(1:1,ntoi=3);00224283342-01(1:2,ntoi=2);00224283342-02(1:1,ntoi=2);00224283342-01(2:1,ntoi=2);00224283342-02(2:1,ntoi=2);00224283342-01(1:1,ntoi=2);00224283342-02(1:1,ntoi=2)",True,,0,0,False,11569.6,149,149,1.0,0.8736005866593765,5.494501804714969,False,False
200364466,11.1589,3340.0,0.45842,6,2634.76,1.84827,1411.1052,4.5,9994.0,5.0,518.0,86,20.2,-349.9,445.3,5.8,1.0,11,,False,,0,0,False,9149.0,77,86,0.8953488372093024,1.371847396392421,3.2802482344856685,False,False
261283885,11.6224,3300.0,0.365184,6,2574.31,1.16423,1658.7938,4.2,13763.0,4.67,510.2,106,5.5,-446.5,414.6,5.0,1.0,4,,False,,0,0,False,14373.2,105,105,1.0,1.0105606505574256,4.1561087874174385,False,False
308305105,12.4043,3153.0,0.354638,6,2879.66,0.54138,1411.2942,6.3,15122.0,4.76,509.1,277,1.4,-97.4,395.4,13.3,1.0,3,,False,,0,0,False,9538.6,277,277,1.0,0.7677724825195708,8.205555869006298,False,False
181015118,8.98852,3333.0,0.39292,6,2502.48,2.78787,1571.3632,6.3,3533.0,2.55,506.1,52,9.6,-235.3,457.3,4.8,1.0,34,,False,,0,0,False,3942.7,52,52,1.0,1.4196083890399351,4.437843597318143,False,False
176842025,10.7617,3363.0,0.610473,5,2879.66,2.0473,1411.9695,3.6,11274.0,7.07,505.6,62,8.8,165.8,403.3,6.6,2.0,4,,False,,0,0,False,8852.9,62,62,1.0,1.7180920568383213,2.095347560493828,False,False
319558877,12.4489,3915.0,0.615245,12,1081.57,1.24098,2964.9097,5.04,13793.0,7.88,502.6,228,7.7,620.9,280.2,4.1,0.5,7,"00319558877-01(1:2,ntoi=3);00319558877-02(1:2,ntoi=3);00319558877-01(1:2,ntoi=2);00319558877-02(1:2,ntoi=2);00319558877-01(1:2,ntoi=1)",True,,0,0,False,12722.6,227,227,1.0,1.4616002773882741,3.4482752076415513,False,False
156002545,11.4801,3318.0,0.455384,7,2878.49,1.76457,1354.3221,3.15,14295.0,5.94,497.3,88,4.4,-370.5,457.5,6.8,1.0,0,,False,,0,0,False,13093.8,88,88,1.0,1.344847694649278,2.3422726696360114,False,False
319871468,11.6552,3785.0,0.602101,1,24.58,0.65492,4180.2482,7.92,24796.0,10.34,496.1,34,2.8,0.0,232.2,2.2,1.0,1,,False,,0,0,False,18399.5,34,34,1.0,1.1642616993790034,6.802594300082522,False,False
436572709,11.5285,3272.0,0.313236,6,2607.68,1.66747,1438.5643,6.3,11089.0,3.6,489.1,96,10.2,578.5,219.6,4.0,0.5,22,"00436572709-02(3:1,ntoi=2)",True,,0,0,False,7854.1,95,95,1.0,1.0283526779297965,6.126302906783589,False,False
319871468,11.6552,3785.0,0.602101,1,24.58,0.66624,4180.0532,7.92,24212.0,10.22,484.5,33,8.6,-48.9,233.4,2.2,1.0,1,,False,,0,0,False,18399.5,33,33,1.0,1.1709313331767546,6.763846671104888,False,False
231910539,12.069,3179.0,0.402849,12,2907.31,0.5503,1325.7389,6.12,8086.0,3.95,478.7,494,1.8,-127.2,355.8,11.3,1.0,7,,False,,0,0,False,6618.3,484,494,0.979757085020243,0.8404327962833369,7.281962373511125,False,False
229147922,12.2264,3225.0,0.347371,9,2878.49,1.0252,1354.3457,6.12,12254.0,4.2,475.3,195,8.1,19.1,44.8,2.6,1.0,13,,False,,0,0,False,8406.6,194,195,0.9948717948717949,0.9368574882924068,6.532477005819544,False,False
229147922,12.2264,3225.0,0.347371,9,2878.49,1.02519,1354.3457,6.12,12222.0,4.19,474.4,195,7.9,17.5,47.7,2.9,1.0,13,,False,,0,0,False,8406.6,193,194,0.9948453608247423,0.9368544421858443,6.532498245640994,False,False
229147922,12.2264,3225.0,0.347371,9,2878.49,1.02519,1354.3457,6.12,12213.0,4.19,473.9,195,8.2,16.7,437.8,9.6,1.0,13,,False,,0,0,False,8406.6,193,194,0.9948453608247423,0.9368544421858443,6.532498245640994,False,False
382552502,10.6505,3265.0,0.467062,7,2602.12,1.73073,1387.5029,4.5,6888.0,4.23,471.4,94,108.4,-386.8,385.9,4.4,0.5,29,,False,,0,0,False,6639.6,94,94,1.0,1.3589425310421597,3.3113983094995154,False,False
65347864,11.4081,3162.0,0.516175,5,2904.62,0.64014,1386.247,4.2,8882.0,5.31,469.3,191,5.2,682.8,468.8,10.0,1.0,26,"00065347864-01(1:2,ntoi=3);00065347864-03(1:2,ntoi=3);00065347864-01(1:2,ntoi=4);00065347864-03(1:2,ntoi=4);00065347864-04(1:2,ntoi=4);00065347864-01(1:2,ntoi=6);00065347864-02(1:2,ntoi=6);00065347864-01(1:2,ntoi=5);00065347864-02(1:2,ntoi=5);00065347864-01(1:2,ntoi=5);00065347864-02(1:2,ntoi=5)",True,,0,0,False,13033.3,185,190,0.9736842105263158,1.0427125326932205,4.027955805951452,False,False
341787179,11.9441,3023.0,0.204262,6,2497.67,1.17601,1601.9917,3.0,19812.0,3.14,463.4,118,8.1,-353.6,330.6,7.5,1.0,2,,False,,0,0,False,16747.5,117,118,0.9915254237288136,0.6883410746751335,4.358304495218257,False,False
344552743,12.2362,3130.0,0.432301,7,2547.28,0.6861,1657.4792,3.15,16008.0,5.97,462.1,209,0.7,590.6,351.0,12.3,1.0,18,"00344552743-01(1:2,ntoi=6);00344552743-03(1:2,ntoi=3);00344552743-02(1:2,ntoi=3);00344552743-04(1:2,ntoi=4);00344552743-01(1:2,ntoi=4);00344552743-03(1:2,ntoi=4);00344552743-02(1:2,ntoi=4);00344552743-01(1:2,ntoi=1);00344552743-01(1:2,ntoi=1);00344552743-01(1:2,ntoi=1);00344552743-01(1:2,ntoi=1);00344552743-01(1:2,ntoi=1)",True,,0,0,False,12552.4,207,208,0.9951923076923077,0.948116258242565,3.322377369457689,False,False
178155030,12.169,3224.0,0.4054,8,2904.61,2.43272,1388.184,4.8,18201.0,5.97,461.9,79,16.5,-422.7,348.3,5.9,1.0,24,,False,,0,0,False,17716.3,79,79,1.0,1.3851437033547487,3.46534441760421,False,False
7723060,11.221,3199.0,0.220435,7,2879.66,0.50253,1411.1434,4.5,5746.0,1.82,446.1,343,3.0,-175.4,328.9,10.9,1.0,6,"00007723060-01(2:1,ntoi=2);00007723060-02(2:1,ntoi=2);00007723060-01(2:1,ntoi=3);00007723060-03(1:1,ntoi=3);00007723060-02(2:1,ntoi=3);00007723060-01(1:1,ntoi=1)",True,,0,0,False,3988.9,341,341,1.0,0.5454848076920371,8.249542309050984,False,False
308305105,12.4043,3153.0,0.354638,6,2879.66,0.54252,1411.313,7.2,13180.0,4.44,440.6,276,1.8,0.0,46.4,2.7,1.0,3,,False,,0,0,False,9538.6,276,276,1.0,0.7683110118296278,9.3712050057101,False,False
224283342,12.2857,3165.0,0.336175,6,2878.49,0.88977,1354.6949,6.0,13611.0,4.28,440.4,151,0.3,-7.3,63.9,2.9,1.0,26,"00224283342-01(1:1,ntoi=4);00224283342-03(1:1,ntoi=4);00224283342-04(1:2,ntoi=4);00224283342-02(1:1,ntoi=4);00224283342-03(1:1,ntoi=4);00224283342-04(1:1,ntoi=4);00224283342-01(1:1,ntoi=4);00224283342-02(1:1,ntoi=4);00224283342-04(1:1,ntoi=4);00224283342-03(1:1,ntoi=4);00224283342-01(1:1,ntoi=4);00224283342-02(1:1,ntoi=4);00224283342-01(1:1,ntoi=3);00224283342-02(1:2,ntoi=3);00224283342-03(1:3,ntoi=3);00224283342-01(1:1,ntoi=2);00224283342-02(1:1,ntoi=2);00224283342-01(1:1,ntoi=3);00224283342-02(1:1,ntoi=3);00224283342-03(1:1,ntoi=3);00224283342-01(1:2,ntoi=2);00224283342-02(1:1,ntoi=2);00224283342-01(2:1,ntoi=2);00224283342-02(2:1,ntoi=2);00224283342-01(1:1,ntoi=2);00224283342-02(1:1,ntoi=2)",True,,0,0,False,11569.6,149,150,0.9933333333333333,0.8743349172678988,6.8623588987486155,False,False
220523369,11.9752,3276.0,0.456772,11,2662.78,1.28966,1325.955,7.92,7695.0,4.37,431.4,205,4.3,-197.4,263.3,10.4,1.0,24,,False,,0,0,False,5233.9,202,205,0.9853658536585366,1.2138537191558272,6.524674163792943,False,False
410421717,11.8325,3258.0,0.446698,9,2907.31,0.98499,1326.1174,6.12,8302.0,4.44,431.1,203,7.9,-106.8,292.2,13.1,1.0,18,"00410421717-06(1:1,ntoi=6);00410421717-05(1:1,ntoi=6);00410421717-03(1:1,ntoi=6);00410421717-01(1:1,ntoi=6);00410421717-01(1:1,ntoi=1);00410421717-01(1:1,ntoi=2);00410421717-02(1:1,ntoi=2);00410421717-01(1:1,ntoi=1);00410421717-01(1:1,ntoi=2);00410421717-02(1:1,ntoi=2);00410421717-01(1:1,ntoi=2);00410421717-02(1:1,ntoi=2);00410421717-01(1:1,ntoi=2);00410421717-02(1:1,ntoi=2)",True,,0,0,False,6233.3,203,203,1.0,1.0931881276931754,5.598304486634251,False,False
220556639,11.4982,3254.0,0.588476,7,2662.78,0.53692,1325.729,4.8,6276.0,5.09,419.5,327,0.2,-57.0,255.9,7.0,1.0,6,,False,,0,0,False,7549.0,254,327,0.7767584097859327,1.0731588009966737,4.472776997721214,False,False
238176832,10.3236,3245.0,0.27483,9,2851.9,1.58021,1326.7589,4.68,4400.0,1.99,418.9,125,14.8,-377.5,278.2,4.7,1.0,3,,False,,0,0,False,4150.8,111,125,0.888,0.925740621945098,5.055411730951947,False,False
251846450,12.0114,3034.0,0.366397,6,2936.45,1.04323,1354.6885,6.3,11755.0,4.33,418.9,123,0.3,579.6,138.8,2.4,0.5,3,,False,,0,0,False,11994.8,122,123,0.991869918699187,0.9764190769077665,6.452147596246835,False,False
178155030,12.169,3224.0,0.4054,8,2904.61,0.50282,1386.2653,6.3,9170.0,4.24,415.6,378,9.9,0.0,313.5,5.2,1.0,24,,False,,0,0,False,17716.3,246,378,0.6507936507936508,0.8189705875715397,7.692583953083266,False,False
160008866,11.5074,3271.0,0.497124,7,2879.66,1.70543,1412.1504,3.0,11179.0,5.73,411.8,103,13.2,-395.4,372.1,6.2,1.0,12,,False,,0,0,False,11938.9,103,103,1.0,1.409708809480303,2.1280990654417256,False,False
200364466,11.1589,3340.0,0.45842,6,2634.76,3.08041,1411.1052,4.5,10136.0,5.04,411.3,51,2.9,-265.9,337.9,4.1,1.0,11,,False,,0,0,False,9149.0,47,51,0.9215686274509803,1.6264978995213004,2.7666804865376147,False,False
181015118,8.98852,3333.0,0.39292,6,2502.48,4.6464,1575.0757,6.3,3646.0,2.59,409.1,31,40.9,-228.7,358.5,3.5,1.0,34,,False,,0,0,True,3942.7,30,31,0.967741935483871,1.6831258206298754,3.743035679675067,False,False
319558877,12.4489,3915.0,0.615245,12,1081.57,1.86145,2964.2897,4.08,14210.0,8.0,403.9,150,7.5,-211.1,335.2,5.1,1.0,7,"00319558877-01(1:3,ntoi=3);00319558877-02(1:3,ntoi=3);00319558877-01(1:3,ntoi=2);00319558877-02(1:3,ntoi=2);00319558877-01(1:3,ntoi=1)",True,,0,0,False,12722.6,149,150,0.9933333333333333,1.6731086623337643,2.438574428458784,False,False
57830249,11.9619,3085.0,0.493916,6,2553.61,4.01946,1573.734,4.2,22408.0,8.07,403.2,32,31.2,-9.4,1016.9,2.6,1.0,17,,False,,0,0,False,45375.6,22,32,0.6875,1.8679543609189955,2.2484489385135116,False,False
261283885,11.6224,3300.0,0.365184,6,2574.31,1.94041,1659.1438,4.2,13280.0,4.59,402.9,65,8.6,-339.8,319.0,3.6,1.0,4,,False,,0,0,False,14373.2,65,65,1.0,1.1981576259549847,3.5053818537877386,False,False
176842025,10.7617,3363.0,0.610473,5,2879.66,3.41219,1411.9507,3.6,11250.0,7.06,396.7,36,7.9,155.4,232.9,5.3,2.0,4,,False,,0,0,True,8852.9,36,36,1.0,2.0370280210532226,1.7672805493066612,False,False
220556639,11.4982,3254.0,0.588476,7,2662.78,1.18862,1325.8915,4.2,8026.0,5.75,396.2,148,1.3,455.7,186.0,4.5,0.5,6,,False,,0,0,False,7549.0,142,148,0.9594594594594594,1.3986481511417488,3.0028996188722967,False,False
201426753,9.20446,3729.0,0.558549,5,2577.39,3.43732,1470.3666,7.2,3074.0,3.38,389.0,39,8.7,419.9,253.0,3.6,0.5,11,,False,,0,0,True,2393.0,38,39,0.9743589743589743,1.9245201744530207,3.741192269936248,False,False
436572709,11.5285,3272.0,0.313236,6,2607.68,2.50119,1440.2143,6.3,10633.0,3.52,388.8,61,0.1,-229.3,238.3,4.4,1.0,22,"00436572709-02(2:1,ntoi=2)",True,,0,0,False,7854.1,61,61,1.0,1.1771676035837249,5.351829238946532,False,False
411956826,10.9998,3417.0,0.615761,5,2547.29,0.86253,1657.6583,7.2,5529.0,5.0,385.6,126,2.1,-91.2,376.3,5.9,1.0,7,,False,,0,0,False,4739.4,125,126,0.9920634920634921,1.2954117034366777,5.558078548231945,False,False
139285669,11.2678,3407.0,0.527264,5,2934.84,0.69842,1325.7632,3.6,19921.0,8.12,380.5,165,13.0,490.5,289.9,9.7,1.0,3,"00139285669-01(1:1,ntoi=1);00139285669-01(1:1,ntoi=2);00139285669-02(1:1,ntoi=2)",True,,0,0,False,22036.6,162,164,0.9878048780487805,1.0887611019796601,3.3065104855915894,False,False
344552743,12.2362,3130.0,0.432301,7,2547.28,1.02916,1657.7979,3.15,14974.0,5.77,369.5,140,0.8,-290.7,277.1,9.4,1.0,18,"00344552743-01(1:3,ntoi=6);00344552743-03(1:3,ntoi=3);00344552743-02(1:3,ntoi=3);00344552743-04(1:3,ntoi=4);00344552743-01(1:3,ntoi=4);00344552743-03(1:3,ntoi=4);00344552743-02(1:3,ntoi=4);00344552743-01(1:3,ntoi=1);00344552743-01(1:3,ntoi=1);00344552743-01(1:3,ntoi=1);00344552743-01(1:3,ntoi=1);00344552743-01(1:3,ntoi=1)",True,,0,0,False,12552.4,140,140,1.0,1.0853256996657314,2.902354565979748,False,False
118807628,10.2562,3293.0,0.559467,6,2547.33,1.62519,1658.5212,7.2,4058.0,3.89,368.5,84,8.0,51.0,454.2,6.0,2.0,29,,False,,0,0,False,3729.9,82,83,0.9879518072289156,1.5009261507390732,4.797038146383576,False,False
65347864,11.4081,3162.0,0.516175,5,2904.62,0.96021,1386.2345,4.8,7613.0,4.91,368.1,125,9.1,-61.8,379.0,7.7,1.0,26,"00065347864-01(1:3,ntoi=3);00065347864-03(1:3,ntoi=3);00065347864-01(1:3,ntoi=4);00065347864-03(1:3,ntoi=4);00065347864-04(1:3,ntoi=4);00065347864-01(1:3,ntoi=6);00065347864-02(1:3,ntoi=6);00065347864-01(1:3,ntoi=5);00065347864-02(1:3,ntoi=5);00065347864-01(1:3,ntoi=5);00065347864-02(1:3,ntoi=5)",True,,0,0,False,13033.3,125,125,1.0,1.1936078870627864,4.021421148457533,False,False
341787179,11.9441,3023.0,0.204262,6,2497.67,1.96003,1603.1667,3.0,19539.0,3.12,367.4,72,2.3,-256.2,253.0,5.5,1.0,2,,False,,0,0,False,16747.5,72,72,1.0,0.8161204371615994,3.6759280412505735,False,False
66471572,12.2429,3956.0,0.58988,1,25.78,0.67512,4265.5525,7.56,27533.0,10.68,366.4,33,2.9,-97.1,314.2,6.1,1.0,0,,False,,0,0,False,16676.0,33,33,1.0,1.1601417776370382,6.5164449257211565,False,False
197960398,11.468,3244.0,0.461552,9,2198.29,2.45184,2062.4225,7.92,7061.0,4.23,360.1,80,2.2,403.6,173.7,5.0,0.5,11,,False,,0,0,False,5568.3,80,80,1.0,1.5142099447689674,5.230450392536818,False,False
224283342,12.2857,3165.0,0.336175,6,2878.49,1.77506,1354.7824,4.2,16686.0,4.74,357.6,76,8.9,394.6,206.3,3.4,0.5,26,"00224283342-01(1:2,ntoi=4);00224283342-03(1:2,ntoi=4);00224283342-02(1:2,ntoi=4);00224283342-03(1:2,ntoi=4);00224283342-04(1:2,ntoi=4);00224283342-01(1:2,ntoi=4);00224283342-02(1:2,ntoi=4);00224283342-04(1:2,ntoi=4);00224283342-03(1:2,ntoi=4);00224283342-01(1:2,ntoi=4);00224283342-02(1:2,ntoi=4);00224283342-01(1:2,ntoi=3);00224283342-01(1:2,ntoi=2);00224283342-02(1:2,ntoi=2);00224283342-01(1:2,ntoi=3);00224283342-02(1:2,ntoi=3);00224283342-03(1:2,ntoi=3);00224283342-02(1:2,ntoi=2);00224283342-01(1:1,ntoi=2);00224283342-02(1:1,ntoi=2);00224283342-01(1:2,ntoi=2);00224283342-02(1:2,ntoi=2)",True,,0,0,False,11569.6,76,76,1.0,1.1006677683326587,3.81586535087,False,False
160329609,9.65466,2998.0,0.29049,5,2577.39,3.03826,1471.2542,6.0,3852.0,1.97,356.8,44,6.3,-2.5,319.6,4.1,2.0,21,,False,,0,0,False,3458.1,44,44,1.0,1.1944575788751781,5.023200577495775,False,False
66471572,12.2429,3956.0,0.58988,1,25.78,0.67702,4265.53,7.92,26446.0,10.47,352.9,33,4.6,-58.2,209.0,3.7,1.0,0,,False,,0,0,False,16676.0,33,33,1.0,1.1612290928643476,6.8203596074777275,False,False
66471572,12.2429,3956.0,0.58988,1,25.78,0.67721,4265.53,7.92,26122.0,10.4,348.6,33,3.4,-59.3,221.3,4.0,0.5,0,,False,,0,0,False,16676.0,33,33,1.0,1.1613377124478215,6.819721701197956,False,False
165184400,12.3688,3170.0,0.358351,7,2879.65,0.6631,1411.5944,4.5,11905.0,4.27,347.4,260,3.5,-154.8,339.3,9.8,1.0,17,"00165184400-01(1:1,ntoi=2);00165184400-02(1:1,ntoi=2);00165184400-01(1:1,ntoi=3);00165184400-02(1:1,ntoi=3);00165184400-03(1:1,ntoi=3);00165184400-01(1:1,ntoi=4);00165184400-02(1:1,ntoi=4);00165184400-03(1:1,ntoi=4);00165184400-04(1:1,ntoi=4);00165184400-01(1:1,ntoi=3);00165184400-02(1:1,ntoi=3);00165184400-03(1:1,ntoi=3);00165184400-01(1:1,ntoi=1)",True,,0,0,False,9608.2,260,260,1.0,0.8271933806902867,5.440082216621201,False,False
201426753,9.20446,3729.0,0.558549,5,2577.39,5.15596,1468.6791,7.2,3145.0,3.42,337.5,27,3.2,-160.8,268.8,3.9,1.0,11,,False,,0,0,False,2393.0,27,27,1.0,2.2030228052683536,3.2682367076644754,False,False
276834958,9.73847,3132.0,0.355825,7,2469.9,0.72796,1628.7419,3.15,2617.0,1.99,337.0,221,3.5,406.1,237.1,9.3,1.0,12,,False,,0,0,False,2369.8,209,221,0.9457013574660633,0.8493143033999797,3.7088743088276064,False,False
176842025,10.7617,3363.0,0.610473,5,2879.66,0.67812,1411.407,6.3,4059.0,4.24,336.2,186,23.7,-33.3,308.4,2.6,1.0,4,,False,,0,0,False,8852.9,118,185,0.6378378378378379,1.1887434006692084,5.299713963882691,False,False
201878287,11.1535,2993.0,0.185289,7,2633.97,0.93804,1355.0548,4.2,5009.0,1.43,333.8,184,2.0,417.1,416.7,8.6,1.0,11,"00201878287-03(1:2,ntoi=5);00201878287-04(1:2,ntoi=5);00201878287-02(1:2,ntoi=5);00201878287-01(1:2,ntoi=5);00201878287-05(1:2,ntoi=5);00201878287-01(1:2,ntoi=2);00201878287-02(1:2,ntoi=2);00201878287-01(1:2,ntoi=2);00201878287-02(1:2,ntoi=2)",True,,0,0,False,5236.6,181,184,0.9836956521739131,0.5982028874555071,7.021029299716288,False,False
2052312662,10.6159,3487.0,0.55714,1,25.79,0.86928,4265.0097,3.12,14923.0,7.43,333.7,25,33.6,375.7,337.8,3.3,1.0,0,,False,,0,0,False,14445.6,25,25,1.0,1.2149854669659708,2.5679319504875897,False,False
251846450,12.0114,3034.0,0.366397,6,2936.45,1.56481,1354.726,6.3,10471.0,4.09,322.4,85,4.3,-260.7,291.1,4.7,1.0,3,,False,,0,0,False,11994.8,84,85,0.9882352941176471,1.1177124908325298,5.636512118879011,False,False
229147922,12.2264,3225.0,0.347371,9,2878.49,2.05039,1354.3457,6.12,10790.0,3.94,321.4,99,1.1,350.2,210.5,4.0,0.5,13,,False,,0,0,False,8406.6,98,99,0.98989898989899,1.1803645513274736,5.184838864499331,False,False
238176832,10.3236,3245.0,0.27483,9,2851.9,2.63371,1327.7939,4.68,4249.0,1.95,320.1,77,5.0,-291.2,210.0,3.3,1.0,3,,False,,0,0,False,4150.8,69,77,0.8961038961038961,1.0975905777267234,4.263884999535063,False,False
220556639,11.4982,3254.0,0.588476,7,2662.78,1.7829,1326.5165,4.2,7668.0,5.62,318.0,97,7.0,-151.8,211.9,5.3,1.0,6,,False,,0,0,False,7549.0,93,97,0.9587628865979382,1.6010434789872563,2.623289158053796,False,False
308305105,12.4043,3153.0,0.354638,6,2879.66,1.08278,1411.813,4.8,11807.0,4.2,310.5,138,5.7,385.3,168.2,5.0,0.5,3,,False,,0,0,False,9538.6,136,137,0.9927007299270073,0.9673386681885524,4.96206774095832,False,False
319558877,12.4489,3915.0,0.615245,12,1081.57,3.1025,2965.5197,5.04,12603.0,7.54,310.4,91,4.1,-200.7,256.4,3.7,1.0,7,,False,,0,0,False,12722.6,91,91,1.0,1.9837074272383575,2.5406972473841556,False,False
66471572,12.2429,3956.0,0.58988,1,25.78,0.6679,4265.0425,7.56,23117.0,9.78,307.8,33,1.9,-82.4,168.7,2.7,1.0,0,,False,,0,0,False,16676.0,33,33,1.0,1.1559912750779535,6.539841747066989,False,False
139285669,11.2678,3407.0,0.527264,5,2934.84,1.04698,1325.81,3.15,19616.0,8.06,306.6,111,6.0,-263.9,241.3,7.8,1.0,3,,False,,0,0,False,22036.6,109,111,0.9819819819819819,1.2460625278351372,2.527963027242857,False,False
231910539,12.069,3179.0,0.402849,12,2907.31,1.10062,1326.2464,4.08,6862.0,3.64,295.7,246,0.0,353.9,146.6,5.7,0.5,7,,False,,0,0,False,6618.3,241,245,0.9836734693877551,1.0588853849703264,3.8531082380689727,False,False
436572709,11.5285,3272.0,0.313236,6,2607.68,4.16863,1439.3893,6.3,9911.0,3.4,295.5,39,2.3,-183.4,178.7,3.0,1.0,22,,False,,0,0,False,7854.1,39,39,1.0,1.3956842904436313,4.513914818083598,False,False
261560580,12.0826,3236.0,0.399483,10,2851.91,0.82911,1326.0635,7.92,5589.0,3.26,287.1,271,2.1,-76.5,235.1,9.7,1.0,7,,False,,0,0,False,5115.0,270,271,0.996309963099631,0.9581008236956121,8.266353398435422,False,False
197960398,11.468,3244.0,0.461552,9,2198.29,3.67791,2063.5625,7.92,6541.0,4.07,286.7,54,11.0,-184.8,198.3,5.8,1.0,11,,False,,0,0,False,5568.3,54,54,1.0,1.7333612548003872,4.56915716678579,False,False
220523369,11.9752,3276.0,0.456772,11,2662.78,2.57924,1326.0,7.92,6689.0,4.08,286.2,100,2.6,322.5,130.5,4.5,0.5,24,,False,,0,0,False,5233.9,100,100,1.0,1.529344040589786,5.178690856862842,False,False
319871468,11.6552,3785.0,0.602101,1,24.58,1.97786,4180.1732,7.92,18562.0,8.95,284.5,12,4.1,-209.2,273.5,2.8,1.0,1,,False,,0,0,False,18399.5,12,12,1.0,1.6828795855286873,4.706219071230745,False,False
410421717,11.8325,3258.0,0.446698,9,2907.31,1.96996,1327.1199,6.0,7253.0,4.15,283.4,99,10.0,324.3,141.9,5.7,0.5,18,"00410421717-06(1:2,ntoi=6);00410421717-05(1:2,ntoi=6);00410421717-03(1:2,ntoi=6);00410421717-01(1:2,ntoi=6);00410421717-01(1:2,ntoi=1);00410421717-01(1:2,ntoi=2);00410421717-02(1:2,ntoi=2);00410421717-01(1:2,ntoi=1);00410421717-01(1:2,ntoi=2);00410421717-02(1:2,ntoi=2);00410421717-01(1:2,ntoi=2);00410421717-02(1:2,ntoi=2);00410421717-01(1:2,ntoi=2);00410421717-02(1:2,ntoi=2)",True,,0,0,False,6233.3,98,98,1.0,1.3773260724949907,4.356266914435994,False,False
224283342,12.2857,3165.0,0.336175,6,2878.49,2.66258,1356.5574,4.2,16043.0,4.65,282.9,49,6.0,-63.1,228.0,3.8,1.0,26,"00224283342-01(1:3,ntoi=4);00224283342-03(1:3,ntoi=4);00224283342-02(1:3,ntoi=4);00224283342-03(1:3,ntoi=4);00224283342-04(1:3,ntoi=4);00224283342-01(1:3,ntoi=4);00224283342-02(1:3,ntoi=4);00224283342-04(1:3,ntoi=4);00224283342-03(1:3,ntoi=4);00224283342-01(1:3,ntoi=4);00224283342-02(1:3,ntoi=4);00224283342-01(1:3,ntoi=3);00224283342-01(1:3,ntoi=2);00224283342-02(1:3,ntoi=2);00224283342-01(1:3,ntoi=3);00224283342-02(1:3,ntoi=3);00224283342-03(1:3,ntoi=3);00224283342-02(1:3,ntoi=2);00224283342-01(1:3,ntoi=2);00224283342-02(1:3,ntoi=2)",True,,0,0,False,11569.6,49,49,1.0,1.2599484933788503,3.333469599806184,False,False
7723060,11.221,3199.0,0.220435,7,2879.66,1.00506,1411.1247,4.2,4630.0,1.64,281.0,170,2.6,348.0,141.4,4.1,0.5,6,"00007723060-01(1:1,ntoi=2);00007723060-02(1:1,ntoi=2);00007723060-01(1:1,ntoi=3);00007723060-03(1:2,ntoi=3);00007723060-02(1:1,ntoi=3);00007723060-01(1:2,ntoi=1)",True,,0,0,False,3988.9,169,169,1.0,0.6872677916090545,6.1111549985003935,False,False
65347864,11.4081,3162.0,0.516175,5,2904.62,1.60034,1387.522,4.2,7387.0,4.84,279.0,77,8.1,-173.2,272.3,5.0,1.0,26,,False,,0,0,False,13033.3,75,77,0.974025974025974,1.415175686243222,2.9678293944898644,False,False
2052312662,10.6159,3487.0,0.55714,1,25.79,1.53615,4266.2797,4.08,15060.0,7.46,277.2,14,18.7,-233.7,280.2,2.5,1.0,0,,False,,0,0,False,14445.6,14,14,1.0,1.4689118317673293,2.777566298918789,False,False
344552743,12.2362,3130.0,0.432301,7,2547.28,1.71526,1657.4604,3.15,14043.0,5.59,277.2,85,0.0,-233.7,209.8,6.8,1.0,18,,False,,0,0,False,12552.4,85,85,1.0,1.286794237660379,2.4479438186848435,False,False
2052312662,10.6159,3487.0,0.55714,1,25.79,1.30258,4265.886,3.06,14717.0,7.37,273.4,17,38.7,-170.1,273.5,2.4,1.0,0,,False,,0,0,False,14445.6,17,17,1.0,1.3903345734054775,2.200909089461002,False,False
251846450,12.0114,3034.0,0.366397,6,2936.45,0.53958,1354.576,6.3,6653.0,3.26,272.3,241,6.1,-41.4,259.6,4.0,1.0,3,,False,,0,0,False,11994.8,157,241,0.6514522821576764,0.7837812105609395,8.037957423719295,False,False
251846450,12.0114,3034.0,0.366397,6,2936.45,0.5047,1354.3885,6.3,6541.0,3.23,267.7,258,5.9,0.0,255.2,4.0,1.0,3,,False,,0,0,False,11994.8,159,256,0.62109375,0.7665150181767338,8.219017045465666,False,False
201878287,11.1535,2993.0,0.185289,7,2633.97,1.40807,1355.0048,4.2,4697.0,1.39,263.3,122,8.0,-209.4,326.3,6.5,1.0,11,"00201878287-03(1:3,ntoi=5);00201878287-04(1:3,ntoi=5);00201878287-02(1:3,ntoi=5);00201878287-01(1:3,ntoi=5);00201878287-05(1:3,ntoi=5);00201878287-01(1:3,ntoi=2);00201878287-02(1:3,ntoi=2);00201878287-01(1:3,ntoi=2);00201878287-02(1:3,ntoi=2)",True,,0,0,False,5236.6,105,121,0.8677685950413223,0.6849351709818686,6.131967196222694,False,False
201426753,9.20446,3729.0,0.558549,5,2577.39,8.59325,1470.3854,6.3,3326.0,3.51,261.0,16,22.1,-127.6,212.9,2.8,1.0,11,"00201426753-02(2:1,ntoi=2)",True,,0,0,False,2393.0,16,16,1.0,2.6119706665887907,2.4119719568779616,False,False
276834958,9.73847,3132.0,0.355825,7,2469.9,1.09193,1629.1169,3.15,2396.0,1.9,260.5,147,0.7,-205.7,187.7,7.1,1.0,12,,False,,0,0,False,2369.8,139,147,0.9455782312925171,0.9722192116229178,3.2400100330682933,False,False
234506344,12.0401,3290.0,0.428596,10,2879.03,1.00175,1325.7087,7.56,4815.0,3.24,251.0,227,1.5,27.7,182.3,8.6,1.0,2,,False,,0,0,False,4023.4,223,227,0.9823788546255506,1.0694491839509945,7.06905958081167,False,False
229147922,12.2264,3225.0,0.347371,9,2878.49,3.07558,1354.3457,6.12,10059.0,3.8,250.2,65,7.2,-47.6,233.1,4.6,1.0,13,,False,,0,0,False,8406.6,64,64,1.0,1.3511793811015889,4.5293763993130876,False,False
308305105,12.4043,3153.0,0.354638,6,2879.66,1.62417,1411.263,4.8,11084.0,4.07,247.3,93,2.6,-200.1,197.6,6.1,1.0,3,,False,,0,0,False,9538.6,91,92,0.9891304347826086,1.1073263508480076,4.334765443199366,False,False
140478472,12.4053,3078.0,0.239871,7,2904.62,0.77231,1386.6599,4.8,9695.0,2.58,246.0,219,2.8,147.4,240.7,9.3,1.0,0,,False,,0,0,False,9484.6,181,218,0.8302752293577982,0.6659741065263152,7.207487427756823,False,False
411956826,10.9998,3417.0,0.615761,5,2547.29,1.72504,1658.5395,6.3,4662.0,4.59,244.5,62,6.3,291.6,204.7,2.6,0.5,7,,False,,0,0,False,4739.4,62,62,1.0,1.6321101659385435,3.8600335513364015,False,False
381285216,12.2743,3098.0,0.37671,6,2548.54,0.79643,1629.1342,7.2,9870.0,4.08,243.4,164,0.5,-84.5,14.6,3.2,1.0,0,,False,,0,0,False,6760.3,160,164,0.975609756097561,0.9090663807494187,7.920213696676852,False,False
381285216,12.2743,3098.0,0.37671,6,2548.54,0.79643,1629.1342,7.2,9866.0,4.08,243.3,164,0.5,-84.9,227.6,12.8,1.0,0,,False,,0,0,False,6760.3,160,164,0.975609756097561,0.9090663807494187,7.920213696676852,False,False
344552743,12.2362,3130.0,0.432301,7,2547.28,2.40137,1658.8292,3.15,14644.0,5.71,242.8,59,3.2,-194.7,148.0,3.4,1.0,18,"00344552743-05(2:1,ntoi=6)",True,,0,0,False,12552.4,59,59,1.0,1.4395236833244123,2.188223810757626,False,False
149838027,12.2778,3148.0,0.381581,6,2936.45,0.53716,1354.3704,7.2,7011.0,3.49,241.3,242,1.2,0.0,162.1,7.4,1.0,5,"00149838027-02(2:1,ntoi=2)",True,,0,0,False,5455.6,233,241,0.966804979253112,0.8040826234769055,8.95430368693547,False,False
231910539,12.069,3179.0,0.402849,12,2907.31,1.65094,1326.2364,4.08,6517.0,3.55,240.2,167,1.1,-146.4,174.6,7.0,1.0,7,,False,,0,0,False,6618.3,164,167,0.9820359281437125,1.212123628752403,3.3659932891493938,False,False
165184400,12.3688,3170.0,0.358351,7,2879.65,1.32621,1411.5944,6.3,9330.0,3.78,239.5,131,1.9,308.8,143.1,3.6,0.5,17,"00165184400-01(1:2,ntoi=2);00165184400-02(1:2,ntoi=2);00165184400-01(1:2,ntoi=3);00165184400-02(1:2,ntoi=3);00165184400-03(1:2,ntoi=3);00165184400-01(1:2,ntoi=4);00165184400-02(1:2,ntoi=4);00165184400-03(1:2,ntoi=4);00165184400-04(1:2,ntoi=4);00165184400-01(1:2,ntoi=3);00165184400-02(1:2,ntoi=3);00165184400-03(1:2,ntoi=3);00165184400-01(1:2,ntoi=1)",True,,0,0,False,9608.2,129,130,0.9923076923076923,1.0422009721690733,6.0448993699249485,False,False
220523369,11.9752,3276.0,0.456772,11,2662.78,3.86901,1327.245,7.92,6588.0,4.04,236.7,70,3.2,-152.8,158.2,5.7,1.0,24,,False,,0,0,False,5233.9,70,70,1.0,1.7506845297704017,4.523944700098932,False,False
139285669,11.2678,3407.0,0.527264,5,2934.84,1.74582,1326.1475,3.15,19498.0,8.03,236.0,63,2.3,-184.0,187.3,5.7,1.0,3,,False,,0,0,False,22036.6,62,62,1.0,1.4776112721508907,2.1318191457856774,False,False
220556639,11.4982,3254.0,0.588476,7,2662.78,5.36595,1329.9915,4.2,9528.0,6.27,231.2,32,9.3,1.3,198.1,4.1,1.0,6,,False,,0,0,False,7549.0,30,31,0.967741935483871,2.311583956555946,1.816935953413358,False,False
67630561,12.1483,3184.0,0.350373,7,2904.61,1.26696,1386.2676,6.3,6805.0,3.15,230.1,117,2.6,296.2,131.4,5.4,0.5,0,,False,,0,0,False,5828.8,117,117,1.0,1.011151777758869,6.230518640795359,False,False
224283342,12.2857,3165.0,0.336175,6,2878.49,4.4377,1354.7824,3.0,18125.0,4.94,228.7,33,4.9,-47.3,188.0,4.3,1.0,26,,False,,0,0,False,11569.6,33,33,1.0,1.4938416006310709,2.008245050032517,False,False
197960398,11.468,3244.0,0.461552,9,2198.29,6.12953,2067.3275,7.92,6837.0,4.16,227.6,31,1.2,-128.5,159.7,4.5,1.0,11,"00197960398-01(2:1,ntoi=2)",True,,0,0,False,5568.3,31,31,1.0,2.055091251548695,3.853843469982937,False,False
149838027,12.2778,3148.0,0.381581,6,2936.45,0.53795,1354.3704,7.2,6603.0,3.38,227.2,242,1.3,0.0,66.2,2.6,1.0,5,"00149838027-02(2:1,ntoi=2)",True,,0,0,False,5455.6,228,241,0.946058091286307,0.8044766178911152,8.949918294548258,False,False
410421717,11.8325,3258.0,0.446698,9,2907.31,2.95492,1326.1499,6.0,6799.0,4.02,226.2,68,3.6,-112.1,163.0,6.7,1.0,18,"00410421717-06(1:3,ntoi=6);00410421717-05(1:3,ntoi=6);00410421717-03(1:3,ntoi=6);00410421717-01(1:3,ntoi=6);00410421717-01(1:3,ntoi=1);00410421717-01(1:3,ntoi=2);00410421717-02(1:3,ntoi=2);00410421717-01(1:3,ntoi=1);00410421717-01(1:3,ntoi=2);00410421717-02(1:3,ntoi=2);00410421717-01(1:3,ntoi=2);00410421717-02(1:3,ntoi=2);00410421717-01(1:3,ntoi=2);00410421717-02(1:3,ntoi=2)",True,,0,0,False,6233.3,68,68,1.0,1.5766412147346072,3.805558261401893,False,False
7723060,11.221,3199.0,0.220435,7,2879.66,1.50757,1411.6247,4.2,4305.0,1.58,222.6,114,1.3,-175.9,163.4,4.9,1.0,6,"00007723060-03(1:3,ntoi=3);00007723060-01(1:3,ntoi=1)",True,,0,0,False,3988.9,114,114,1.0,0.7867217505346027,5.3386092314671165,False,False
207148580,12.2073,3158.0,0.220132,7,2633.97,0.50191,1354.5733,6.3,4610.0,1.63,221.5,339,1.0,0.0,188.5,11.3,1.0,13,"00207148580-01(1:1,ntoi=4);00207148580-02(1:1,ntoi=4);00207148580-03(1:1,ntoi=3);00207148580-02(1:1,ntoi=3);00207148580-01(1:1,ntoi=3);00207148580-03(1:1,ntoi=3);00207148580-01(1:1,ntoi=3);00207148580-02(1:1,ntoi=3);00207148580-02(1:1,ntoi=3);00207148580-01(1:1,ntoi=3);00207148580-03(1:1,ntoi=3)",True,,0,0,False,3586.7,327,338,0.9674556213017751,0.5447606086933164,11.564712828835807,False,False
118807628,10.2562,3293.0,0.559467,6,2547.33,4.86554,1661.5962,7.2,3741.0,3.73,213.2,30,7.0,41.5,244.3,2.8,1.0,29,"00118807628-02(2:1,ntoi=3)",True,,0,0,False,3729.9,26,30,0.8666666666666667,2.1632246663696653,3.3283644144475653,False,False
232064182,11.8155,3272.0,0.301026,7,2879.01,0.71889,1326.119,7.2,4255.0,2.14,212.3,222,2.2,-69.2,127.7,4.2,0.5,6,,False,,0,0,False,3780.0,198,221,0.8959276018099548,0.7565397995442078,9.517014180004516,False,False
232064182,11.8155,3272.0,0.301026,7,2879.01,0.71889,1326.119,7.2,4251.0,2.14,212.1,222,2.6,-69.5,177.1,6.3,1.0,6,,False,,0,0,False,3780.0,199,221,0.9004524886877828,0.7565397995442078,9.517014180004516,False,False
232064182,11.8155,3272.0,0.301026,7,2879.01,0.71888,1326.119,7.2,4230.0,2.14,211.1,222,2.8,-68.7,100.3,3.1,1.0,6,,False,,0,0,False,3780.0,206,222,0.9279279279279279,0.756536291620847,9.517058308695681,False,False
201426753,9.20446,3729.0,0.558549,5,2577.39,0.57145,1468.7416,4.2,1026.0,1.95,209.5,227,42.4,36.6,189.9,3.4,1.0,11,,False,,0,0,False,2393.0,111,227,0.4889867841409692,1.058218197262492,3.9689357174777316,False,False
411956826,10.9998,3417.0,0.615761,5,2547.29,2.58752,1658.5583,7.2,4414.0,4.46,208.4,42,1.6,-118.7,213.9,2.8,1.0,7,,False,,0,0,False,4739.4,42,42,1.0,1.8682901252300494,3.8537911766318613,False,False
201878287,11.1535,2993.0,0.185289,7,2633.97,2.34382,1355.0298,4.2,4559.0,1.36,207.6,73,19.0,-166.8,258.8,5.0,1.0,11,,False,,0,0,False,5236.6,64,73,0.8767123287671232,0.8117384868264494,5.174080160249892,False,False
276834958,9.73847,3132.0,0.355825,7,2469.9,1.8199,1628.7419,3.15,2317.0,1.87,203.6,90,5.3,-163.3,143.2,5.1,1.0,12,,False,,0,0,False,2369.8,85,90,0.9444444444444444,1.152696853587468,2.7327219556437994,False,False
319558877,12.4489,3915.0,0.615245,12,1081.57,0.59469,2964.5272,6.12,4178.0,4.34,200.5,469,0.9,-65.0,207.6,4.7,1.0,7,,False,,0,0,False,12722.6,281,468,0.6004273504273504,1.1437661373226389,5.350744177761613,False,False
201795667,11.2926,3313.0,0.504628,6,2633.97,6.40476,1357.855,7.2,6428.0,4.41,198.2,23,14.0,-161.7,187.9,3.4,1.0,27,,False,,0,0,False,5923.7,23,23,1.0,2.2132143480320123,3.253186934379958,False,False
189565557,11.1961,3182.0,0.224695,6,2554.31,1.3893,1519.1908,6.3,3516.0,1.45,194.4,95,0.5,244.1,124.8,2.9,0.5,2,,False,,0,0,False,3376.3,84,94,0.8936170212765957,0.7754180595689186,8.124649564523148,False,False
229147922,12.2264,3225.0,0.347371,9,2878.49,5.12596,1354.3457,6.12,9781.0,3.75,192.3,39,7.4,-52.7,182.1,3.3,1.0,13,,False,,0,0,False,8406.6,39,39,1.0,1.601999603431509,3.820225664782227,False,False
273416539,11.1681,3459.0,0.556322,9,2825.67,1.64847,1326.2287,7.92,2676.0,3.14,190.4,121,1.7,-4.4,76.3,3.3,1.0,10,,False,,0,0,False,2815.8,119,121,0.9834710743801653,1.5024019309948107,5.271558719813277,False,False
273416539,11.1681,3459.0,0.556322,9,2825.67,1.64847,1326.2287,7.92,2675.0,3.14,190.4,121,1.7,-7.7,90.7,4.5,0.5,10,,False,,0,0,False,2815.8,119,121,0.9834710743801653,1.5024019309948107,5.271558719813277,False,False
273416539,11.1681,3459.0,0.556322,9,2825.67,1.64847,1326.2287,7.92,2673.0,3.14,190.2,121,1.8,-3.8,74.1,3.1,1.0,10,,False,,0,0,False,2815.8,119,121,0.9834710743801653,1.5024019309948107,5.271558719813277,False,False
273416539,11.1681,3459.0,0.556322,9,2825.67,1.64848,1326.2287,7.92,2665.0,3.13,189.6,121,2.1,-2.1,144.4,8.5,2.0,10,,False,,0,0,False,2815.8,118,121,0.9752066115702479,1.5024049689611125,5.271548060358549,False,False
166787846,12.4059,3105.0,0.362042,8,2878.5,0.92219,1354.905,4.2,5806.0,3.01,189.5,212,0.8,238.8,143.7,10.8,1.0,0,,False,,0,0,False,5721.4,188,211,0.8909952606635071,0.9296534110081122,4.517812714144229,False,False
207238086,12.4637,3160.0,0.201137,8,2633.97,0.92062,1354.7043,4.2,5815.0,1.67,189.2,212,4.3,238.7,175.8,11.0,1.0,9,"00207238086-01(1:1,ntoi=2);00207238086-02(1:1,ntoi=2);00207238086-02(1:1,ntoi=2);00207238086-01(1:1,ntoi=2);00207238086-02(1:2,ntoi=5);00207238086-03(1:2,ntoi=5);00207238086-01(1:2,ntoi=5);00207238086-05(1:2,ntoi=5);00207238086-04(1:2,ntoi=5)",True,,0,0,False,5486.3,192,212,0.9056603773584906,0.6279085663250782,6.68887195564329,False,False
165184400,12.3688,3170.0,0.358351,7,2879.65,1.98932,1412.9069,6.3,8605.0,3.63,188.9,86,1.6,-124.3,171.1,4.5,1.0,17,"00165184400-01(1:3,ntoi=2);00165184400-02(1:3,ntoi=2);00165184400-01(1:3,ntoi=3);00165184400-02(1:3,ntoi=3);00165184400-03(1:3,ntoi=3);00165184400-01(1:3,ntoi=4);00165184400-02(1:3,ntoi=4);00165184400-03(1:3,ntoi=4);00165184400-04(1:3,ntoi=4);00165184400-01(1:3,ntoi=3);00165184400-02(1:3,ntoi=3);00165184400-03(1:3,ntoi=3);00165184400-01(1:3,ntoi=1)",True,,0,0,False,9608.2,86,86,1.0,1.1930232959692397,5.280701576645856,False,False
319558877,12.4489,3915.0,0.615245,12,1081.57,0.64739,2964.8197,7.92,3883.0,4.18,188.4,434,5.0,0.0,187.4,4.1,1.0,7,,False,,0,0,False,12722.6,282,433,0.651270207852194,1.176600471889173,6.731256861799054,False,False
308305105,12.4043,3153.0,0.354638,6,2879.66,2.70696,1411.263,4.8,10383.0,3.94,187.3,56,3.6,-162.1,152.2,4.4,1.0,3,,False,,0,0,False,9538.6,56,56,1.0,1.3128821777489879,3.6560782691329363,False,False
220523369,11.9752,3276.0,0.456772,11,2662.78,6.44822,1327.2675,7.56,6460.0,4.01,187.1,44,1.2,-110.6,128.7,4.4,1.0,24,,False,,0,0,False,5233.9,44,44,1.0,2.075652078699827,3.6422289060773267,False,False
159896411,12.3521,3417.0,0.354963,6,2174.68,0.63434,2116.3332,7.2,5202.0,2.79,185.0,241,0.2,-30.2,212.9,10.3,1.0,0,,False,,0,0,False,4534.4,237,240,0.9875,0.8099117831846412,8.889857080099508,False,False
67630561,12.1483,3184.0,0.350373,7,2904.61,1.90044,1387.5426,6.3,6286.0,3.03,179.9,78,2.1,-161.5,154.1,6.6,1.0,0,,False,,0,0,False,5828.8,78,78,1.0,1.1574798413836986,5.442859369774183,False,False
231910539,12.069,3179.0,0.402849,12,2907.31,2.75156,1326.2364,4.08,6258.0,3.48,179.4,97,0.9,-128.3,129.3,4.9,1.0,7,,False,,0,0,False,6618.3,94,97,0.9690721649484536,1.4371303124497972,2.838990984084838,False,False
261560580,12.0826,3236.0,0.399483,10,2851.91,1.65823,1326.896,6.12,4679.0,2.98,178.9,136,3.3,213.5,104.5,3.7,0.5,7,,False,,0,0,False,5115.0,135,136,0.9926470588235294,1.2071338222514412,5.069860430706438,False,False
410421717,11.8325,3258.0,0.446698,9,2907.31,4.9249,1327.1224,6.12,6654.0,3.98,178.5,42,6.1,-93.1,91.0,2.4,1.0,18,,False,,0,0,False,6233.3,42,42,1.0,1.8693190774879382,3.273919403970502,False,False
66471572,12.2429,3956.0,0.58988,1,25.78,2.02309,4265.5675,6.12,20042.0,9.11,177.3,11,4.6,-147.6,178.3,3.0,1.0,0,,False,,0,0,False,16676.0,11,11,1.0,1.6725886403349033,3.658998902906927,False,False
7723060,11.221,3199.0,0.220435,7,2879.66,2.5126,1412.1497,4.2,4214.0,1.56,174.1,71,0.3,-139.8,99.4,3.7,1.0,6,,False,,0,0,False,3988.9,70,70,1.0,0.9327597132574609,4.50276736902842,False,False
214517415,12.1016,3226.0,0.244041,6,2934.84,0.49909,1325.8012,4.5,4522.0,1.79,172.1,246,0.5,-40.1,133.3,8.6,1.0,0,,False,,0,0,False,3759.3,237,246,0.9634146341463414,0.5824291650069937,7.7262614415024435,False,False
214517415,12.1016,3226.0,0.244041,6,2934.84,0.4991,1325.8012,4.5,4518.0,1.79,171.8,246,1.0,-51.7,78.1,3.9,1.0,0,,False,,0,0,False,3759.3,237,246,0.9634146341463414,0.5824330549218061,7.726209839865875,False,False
140045538,8.23083,3466.0,0.608233,6,2907.31,3.37488,1328.5011,6.3,871.0,1.96,165.2,42,0.8,-41.2,116.4,2.6,1.0,22,"00140045538-02(3:1,ntoi=4)",True,,0,0,True,1058.5,41,42,0.9761904761904762,2.024608513249036,3.111712688538454,False,False
234506344,12.0401,3290.0,0.428596,10,2879.03,2.00354,1326.6837,6.12,4439.0,3.12,164.8,113,0.9,189.5,85.7,3.5,0.5,2,,False,,0,0,False,4023.4,112,113,0.9911504424778761,1.3474305057108782,4.541978212650905,False,False
140478472,12.4053,3078.0,0.239871,7,2904.62,1.54461,1386.6599,4.8,8353.0,2.39,163.3,110,1.3,183.9,118.9,4.0,0.5,0,,False,,0,0,False,9484.6,89,110,0.8090909090909091,0.839072984746557,5.720598907674099,False,False
411956826,10.9998,3417.0,0.615761,5,2547.29,4.31268,1658.502,6.3,4381.0,4.45,157.9,28,3.8,-104.3,107.9,3.3,1.0,7,,False,,0,0,False,4739.4,27,27,1.0,2.215127990246403,2.844079451724688,False,False
201289550,11.7617,3890.0,0.598763,8,2170.75,39.4675,2101.3802,1.5,103753.0,21.04,156.4,3,43.3,0.2,159.3,4.9,1.0,2,,False,,0,0,False,9444.0,3,3,1.0,4.547696467750113,0.3298373166804813,False,False
118807628,10.2562,3293.0,0.559467,6,2547.33,21.08467,1671.3649,4.5,6866.0,5.06,154.8,7,19.2,2.6,86.3,2.5,2.0,29,,False,,0,0,False,3729.9,7,7,1.0,3.5267949750478826,1.2759460166631615,False,False
381285216,12.2743,3098.0,0.37671,6,2548.54,1.59291,1629.0592,7.2,7615.0,3.59,151.5,83,6.9,190.0,105.6,5.4,0.5,0,,False,,0,0,False,6760.3,80,83,0.963855421686747,1.1453638529607992,6.286212002751605,False,False
189565557,11.1961,3182.0,0.224695,6,2554.31,2.08399,1519.1533,6.3,3218.0,1.39,151.2,62,1.3,-111.0,141.8,3.4,1.0,2,,False,,0,0,False,3376.3,55,62,0.8870967741935484,0.8876377758496602,7.0974897321934565,False,False
166787846,12.4059,3105.0,0.362042,8,2878.5,1.38329,1355.355,4.2,5424.0,2.91,150.8,143,0.6,-119.6,116.4,8.6,1.0,0,,False,,0,0,False,5721.4,128,143,0.8951048951048951,1.0641887824161422,3.9466681752313613,False,False
290050983,12.0283,3713.0,0.567524,1,25.78,0.93592,4265.6142,4.68,11249.0,6.57,149.9,24,2.6,59.8,152.5,7.2,1.0,0,,False,,0,0,False,6658.1,24,24,1.0,1.2606969188661266,3.712232440616418,False,False
197866266,12.0881,3164.0,0.280442,8,2633.97,0.54962,1354.5727,6.3,4658.0,2.09,149.1,351,2.7,-22.1,115.7,10.9,1.0,6,,False,,0,0,False,5619.0,306,351,0.8717948717948718,0.6598691736433473,9.547347037316047,False,False
207238086,12.4637,3160.0,0.201137,8,2633.97,1.38266,1354.6543,4.2,5381.0,1.61,148.7,142,1.9,-118.0,138.5,8.4,1.0,9,"00207238086-02(1:3,ntoi=5);00207238086-03(1:3,ntoi=5);00207238086-01(1:3,ntoi=5);00207238086-05(1:3,ntoi=5);00207238086-04(1:3,ntoi=5)",True,,0,0,False,5486.3,141,142,0.9929577464788732,0.7190759093952585,5.840829799919445,False,False
149838027,12.2778,3148.0,0.381581,6,2936.45,1.07273,1354.9704,4.8,5335.0,3.04,144.8,122,2.9,177.2,75.8,2.9,0.5,5,"00149838027-02(1:1,ntoi=2)",True,,0,0,False,5455.6,117,122,0.9590163934426229,1.012580587954528,4.740363440796629,False,False
261560580,12.0826,3236.0,0.399483,10,2851.91,2.48736,1326.041,6.12,4518.0,2.93,144.7,91,0.9,-86.0,125.6,4.7,1.0,7,,False,,0,0,False,5115.0,90,90,1.0,1.3818260567007956,4.428922128311807,False,False
139984208,12.0395,3231.0,0.40496,7,2907.31,1.04941,1326.1761,6.3,3587.0,2.65,144.0,148,2.1,1.5,111.1,11.0,1.0,1,,False,,0,0,False,3267.6,130,148,0.8783783783783784,1.045838869405048,6.023872495371983,False,False
140478472,12.4053,3078.0,0.239871,7,2904.62,2.31695,1388.1724,4.2,9202.0,2.51,144.0,74,3.5,44.7,136.9,4.7,1.0,0,,False,,0,0,False,9484.6,66,74,0.8918918918918919,0.9605036326826143,4.372706002443444,False,False
139984208,12.0395,3231.0,0.40496,7,2907.31,1.0494,1326.1949,7.2,3433.0,2.59,143.8,149,1.8,7.3,61.5,2.8,1.0,1,,False,,0,0,False,3267.6,130,149,0.87248322147651,1.0458355474044592,6.884447576742696,False,False
139984208,12.0395,3231.0,0.40496,7,2907.31,1.04942,1326.1574,7.2,3428.0,2.59,143.5,148,2.4,3.7,53.1,2.3,1.0,1,,False,,0,0,False,3267.6,128,148,0.8648648648648649,1.0458421913845333,6.884403841528246,False,False
165184400,12.3688,3170.0,0.358351,7,2879.65,3.31546,1413.6194,6.3,8022.0,3.5,141.8,53,8.0,-111.3,129.2,3.1,1.0,17,,False,,0,0,False,9608.2,53,53,1.0,1.414475095851854,4.453949043341683,False,False
245821931,11.5872,3348.0,0.437361,6,2607.68,1.77021,1438.4706,7.2,3216.0,2.71,139.6,85,0.5,166.4,63.0,3.3,0.5,11,,False,,0,0,False,2945.5,85,85,1.0,1.3105188132147916,5.49400735601644,False,False
7723060,11.221,3199.0,0.220435,7,2879.66,0.5196,1411.0363,4.5,1795.0,1.02,138.2,334,5.0,-81.2,131.9,3.7,1.0,6,,False,,0,0,False,3988.9,222,334,0.6646706586826348,0.5515925297906151,8.158196054083986,False,False
67630561,12.1483,3184.0,0.350373,7,2904.61,3.16658,1386.3801,6.3,5899.0,2.94,137.1,47,1.2,-126.1,119.1,4.8,1.0,0,,False,,0,0,False,5828.8,47,47,1.0,1.3722256615396602,4.59108161039001,False,False
118807628,10.2562,3293.0,0.559467,6,2547.33,11.25165,1661.5837,6.0,4051.0,3.89,137.1,12,18.0,-10.5,77.8,2.1,1.0,29,,False,,0,0,False,3729.9,12,12,1.0,2.860640933213329,2.0974320580878567,False,False
207148580,12.2073,3158.0,0.220132,7,2633.97,1.00384,1355.067,4.8,3538.0,1.43,136.6,170,2.1,174.2,82.5,4.4,0.5,13,"00207148580-01(1:2,ntoi=4);00207148580-02(1:2,ntoi=4);00207148580-03(1:3,ntoi=4);00207148580-04(1:3,ntoi=4);00207148580-03(1:2,ntoi=3);00207148580-02(1:2,ntoi=3);00207148580-01(1:2,ntoi=3);00207148580-03(1:2,ntoi=3);00207148580-01(1:2,ntoi=3);00207148580-02(1:2,ntoi=3);00207148580-02(1:2,ntoi=3);00207148580-01(1:2,ntoi=3);00207148580-03(1:2,ntoi=3)",True,,0,0,False,3586.7,164,170,0.9647058823529412,0.686359916305701,6.993415387419136,False,False
276834958,9.73847,3132.0,0.355825,7,2469.9,0.70058,1628.8919,3.15,1036.0,1.25,135.0,226,4.5,142.1,120.2,5.2,1.0,12,"00276834958-03(1:1,ntoi=3);00276834958-02(1:2,ntoi=3)",True,,0,0,False,2369.8,147,226,0.6504424778761062,0.8385298187369663,3.756574816557723,False,False
234506344,12.0401,3290.0,0.428596,10,2879.03,3.0053,1326.6837,6.12,4247.0,3.05,133.8,77,9.7,-19.0,98.7,4.2,1.0,2,,False,,0,0,False,4023.4,75,77,0.974025974025974,1.5424211799610434,3.9677878386982286,False,False
67630561,12.1483,3184.0,0.350373,7,2904.61,0.60719,1386.3989,7.2,3179.0,2.16,132.8,247,1.1,-14.2,67.6,1.9,1.0,0,,False,,0,0,False,5828.8,157,247,0.6356275303643725,0.7912922617154726,9.099040074511592,False,False
381285216,12.2743,3098.0,0.37671,6,2548.54,2.38916,1630.053,6.3,8283.0,3.74,130.8,54,0.1,-85.3,126.5,6.7,1.0,0,,False,,0,0,False,6760.3,54,54,1.0,1.311076817823088,4.805210430354889,False,False
466265409,12.4083,3081.0,0.447839,8,2546.41,0.56224,1658.5226,2.25,4404.0,3.24,128.4,296,3.8,155.9,124.6,13.1,1.0,2,,False,,0,0,False,5269.4,258,294,0.8775510204081632,0.9083714617106922,2.476960246816521,False,False
230981685,11.5369,3274.0,0.471742,6,2142.46,23.2448,2077.9082,0.5,57546.0,12.35,128.4,3,106.5,5.2,154.0,2.8,2.0,15,,False,,0,0,False,4514.1,2,2,1.0,3.251770807775251,0.15376237427449035,False,False
229142295,11.1831,3131.0,0.266614,8,2878.5,0.86575,1354.4056,4.2,1826.0,1.24,122.5,203,0.2,154.5,123.8,8.0,1.0,6,"00229142295-03(1:2,ntoi=3)",True,,0,0,False,2408.9,171,203,0.8423645320197044,0.7423255826927905,5.657894726953199,False,False
139722169,12.291,3251.0,0.26602,7,2907.31,0.94507,1326.0449,4.2,4168.0,1.87,122.5,162,0.4,152.8,73.4,6.8,1.0,2,"00139722169-01(1:2,ntoi=2);00139722169-02(1:2,ntoi=2)",True,,0,0,False,3718.3,162,162,1.0,0.7632013780493407,5.5031347175168115,False,False
230981685,11.5369,3274.0,0.471742,6,2142.46,24.35053,2074.6842,0.5,55009.0,12.07,122.2,3,108.3,3.4,171.4,3.4,2.0,15,,False,,0,0,False,4514.1,1,2,0.5,3.3025352571518845,0.15139883788286984,False,False
273369281,12.4134,2908.0,0.138218,10,2851.91,0.64883,1326.0411,7.56,3006.0,0.83,122.0,349,0.6,-18.8,74.8,10.0,1.0,10,"00273369281-01(2:1,ntoi=2);00273369281-02(2:1,ntoi=2);00273369281-01(3:1,ntoi=2);00273369281-02(3:1,ntoi=2);00273369281-01(2:1,ntoi=2);00273369281-02(2:1,ntoi=2);00273369281-02(2:1,ntoi=3);00273369281-03(2:1,ntoi=3);00273369281-01(2:1,ntoi=3)",True,,0,0,False,3001.8,346,349,0.9914040114613181,0.43513932902931324,17.373745592852902,False,False
230981685,11.5369,3274.0,0.471742,6,2142.46,23.67732,2062.2311,0.5,53721.0,11.93,120.9,3,99.9,3.7,159.6,3.0,2.0,15,,False,,0,0,False,4514.1,2,2,1.0,3.2718157438968576,0.15282034171168848,False,False
230981685,11.5369,3274.0,0.471742,6,2142.46,22.60143,2068.653,0.5,53967.0,11.96,118.9,3,110.3,0.9,154.5,2.9,2.0,15,,False,,0,0,False,4514.1,1,2,0.5,3.221488826120505,0.1552077399573438,False,False
161032402,11.588,3650.0,0.642392,1,25.06,1.15722,4179.7811,7.92,6231.0,5.53,118.5,20,45.9,-36.7,110.0,4.7,0.5,1,,False,,0,0,False,4763.8,20,20,1.0,1.4696492145144981,5.3890410866625675,False,False
159896411,12.3521,3417.0,0.354963,6,2174.68,1.26864,2116.3707,4.8,4536.0,2.61,117.9,117,0.4,141.8,90.2,3.8,0.5,0,,False,,0,0,False,4534.4,117,117,1.0,1.020414179810674,4.703972264370712,False,False
189565557,11.1961,3182.0,0.224695,6,2554.31,3.47329,1518.4783,6.3,3093.0,1.36,117.2,38,0.9,-87.9,109.1,2.4,1.0,2,,False,,0,0,True,3376.3,33,38,0.868421052631579,1.0524082605807028,5.986270001837268,False,False
149838027,12.2778,3148.0,0.381581,6,2936.45,1.6091,1354.9579,4.2,5339.0,3.04,117.0,81,4.2,-89.7,85.2,3.4,1.0,5,,False,,0,0,False,5455.6,78,81,0.9629629629629629,1.1591166213506396,3.6234490323381148,False,False
219993473,12.2209,3132.0,0.402548,8,2878.5,1.39531,1355.2303,7.2,3060.0,2.43,115.9,145,1.0,149.5,47.9,3.8,0.5,6,,False,,0,0,False,3236.8,145,145,1.0,1.145452220475521,6.285727044128479,False,False
122555050,12.388,3454.0,0.55505,7,2904.62,1.38608,1386.2656,6.3,3756.0,3.71,115.9,123,3.8,139.8,85.3,3.4,0.5,6,,False,,0,0,False,5565.3,98,123,0.7967479674796748,1.415877882592143,4.449536275307985,False,False
201289550,11.7617,3890.0,0.598763,8,2170.75,88.68802,2113.8677,1.5,77265.0,18.16,115.4,2,100.0,-0.8,154.1,4.7,2.0,2,,False,,0,0,False,9444.0,2,2,1.0,5.956620304273274,0.2518206505329711,False,False
207238086,12.4637,3160.0,0.201137,8,2633.97,2.30443,1356.0543,4.2,5151.0,1.58,115.4,89,0.2,-91.1,106.7,6.2,1.0,9,,False,,0,0,False,5486.3,86,89,0.9662921348314607,0.8525583514440536,4.9263490210213625,False,False
166787846,12.4059,3105.0,0.362042,8,2878.5,2.30091,1355.455,4.2,5069.0,2.81,114.6,89,2.8,-88.1,87.4,6.1,1.0,0,,False,,0,0,False,5721.4,88,89,0.9887640449438202,1.2609004744252592,3.330952827117013,False,False
419692115,10.7333,3136.0,0.203777,7,2523.81,1.41011,1602.674,6.3,1599.0,0.89,114.6,114,0.2,143.1,67.8,4.1,0.5,1,,False,,0,0,False,1667.9,102,113,0.9026548672566371,0.730123064045332,8.628682355401999,False,False
32811633,11.663,3219.0,0.221452,6,2822.28,0.63571,1468.8486,6.3,4541.0,1.63,114.1,241,1.7,-49.6,90.1,6.9,1.0,0,,False,,0,0,False,8287.7,205,241,0.8506224066390041,0.5917628713603292,10.646156264447146,False,False
75160399,8.36522,3386.0,0.291681,8,2575.91,53.59132,1682.0881,1.53,5591.0,2.38,113.7,4,75.5,-3.0,124.3,4.3,2.0,0,,False,,0,0,False,1246.8,4,4,1.0,3.1177781248358123,0.490734086499684,False,False
261560580,12.0826,3236.0,0.399483,10,2851.91,4.14561,1326.041,6.12,4301.0,2.86,110.8,57,0.9,-72.1,97.4,3.4,1.0,7,,False,,0,0,False,5115.0,57,57,1.0,1.6383372670111054,3.7354945915165563,False,False
165941376,10.8349,3369.0,0.56777,5,2874.19,0.78556,1386.1246,3.15,1909.0,2.71,109.6,153,4.0,133.0,87.2,5.8,1.0,4,,False,,0,0,False,2087.1,136,153,0.8888888888888888,1.1895509334488892,2.648058112877219,False,False
158596311,12.28,3159.0,0.369625,7,2906.03,0.61851,1354.3169,1.58,4768.0,2.78,109.5,237,0.7,121.3,83.1,11.8,1.0,10,"00158596311-02(1:2,ntoi=3);00158596311-01(1:2,ntoi=3);00158596311-03(1:2,ntoi=3);00158596311-01(1:2,ntoi=2);00158596311-02(1:2,ntoi=2);00158596311-01(1:2,ntoi=5);00158596311-04(1:2,ntoi=5);00158596311-02(1:2,ntoi=5);00158596311-03(1:2,ntoi=5);00158596311-05(1:2,ntoi=5)",True,,0,0,False,5393.8,234,237,0.9873417721518988,0.8250838649004592,1.91495685131428,False,False
140478472,12.4053,3078.0,0.239871,7,2904.62,1.92791,1386.6224,3.6,6940.0,2.18,109.2,88,0.9,-94.4,17.6,2.7,0.5,0,,False,,0,0,False,9484.6,77,88,0.875,0.9034186319675873,3.98486357554906,False,False
245821931,11.5872,3348.0,0.437361,6,2607.68,2.65532,1439.3331,7.2,2962.0,2.6,109.1,58,2.0,-77.3,73.6,4.1,1.0,11,,False,,0,0,False,2945.5,58,58,1.0,1.500170492234774,4.79945448685256,False,False
214517415,12.1016,3226.0,0.244041,6,2934.84,0.99817,1325.8199,4.2,3633.0,1.6,108.6,122,0.9,134.2,61.0,2.8,0.5,0,,False,,0,0,False,3759.3,118,122,0.9672131147540983,0.7338123145476789,5.723534365308213,False,False
207148580,12.2073,3158.0,0.220132,7,2633.97,1.50572,1354.5795,4.2,3471.0,1.41,107.6,113,3.6,-81.9,95.4,5.2,1.0,13,"00207148580-01(1:3,ntoi=4);00207148580-02(1:3,ntoi=4);00207148580-03(1:3,ntoi=3);00207148580-02(1:3,ntoi=3);00207148580-01(1:3,ntoi=3);00207148580-03(1:3,ntoi=3);00207148580-01(1:3,ntoi=3);00207148580-02(1:3,ntoi=3);00207148580-02(1:3,ntoi=3);00207148580-01(1:3,ntoi=3);00207148580-03(1:3,ntoi=3)",True,,0,0,False,3586.7,112,113,0.9911504424778761,0.7856790144914325,5.345694517141515,False,False
273416539,11.1681,3459.0,0.556322,9,2825.67,4.96574,1326.4837,7.92,2343.0,2.94,107.5,42,0.1,-40.7,77.5,3.7,1.0,10,"00273416539-01(2:1,ntoi=1)",True,,0,0,False,2815.8,42,42,1.0,2.1698036862816124,3.650099799384379,False,False
232064182,11.8155,3272.0,0.301026,7,2879.01,2.16093,1326.8503,4.5,3773.0,2.02,107.3,71,2.1,-66.7,97.4,2.9,1.0,6,,False,,0,0,False,3780.0,58,70,0.8285714285714286,1.091837145714464,4.121493775571577,False,False
231910539,12.069,3179.0,0.402849,12,2907.31,0.53008,1325.9064,6.0,1802.0,1.87,106.7,509,1.3,-23.4,68.6,2.9,1.0,7,,False,,0,0,False,6618.3,295,509,0.5795677799607073,0.8300105771934382,7.228823541367557,False,False
231910539,12.069,3179.0,0.402849,12,2907.31,0.57133,1325.5264,6.0,1799.0,1.86,105.9,476,3.5,-27.2,81.6,3.4,1.0,7,,False,,0,0,False,6618.3,282,475,0.5936842105263158,0.8510051017158018,7.050486522234429,False,False
290050983,12.0283,3713.0,0.567524,1,25.78,1.87775,4266.4992,4.68,10417.0,6.32,103.5,12,3.8,107.7,74.2,2.8,0.5,0,,False,,0,0,False,6658.1,12,12,1.0,1.5900485031210563,2.943306440535477,False,False
230981685,11.5369,3274.0,0.471742,6,2142.46,20.1216,2080.4134,0.5,40585.0,10.37,102.7,4,73.8,-7.5,157.0,2.9,2.0,15,,False,,0,0,False,4514.1,1,3,0.3333333333333333,3.099075526727004,0.1613384364749768,False,False
466265409,12.4083,3081.0,0.447839,8,2546.41,0.84336,1658.5039,2.25,4131.0,3.14,101.6,195,2.6,-88.7,96.9,9.9,1.0,2,,False,,0,0,False,5269.4,174,195,0.8923076923076924,1.039825749749218,2.1638240835473135,False,False
75160399,8.36522,3386.0,0.291681,8,2575.91,42.65415,1639.4356,1.53,4762.0,2.2,101.1,4,44.4,19.1,107.1,3.4,2.0,0,,False,,0,0,False,1246.8,3,4,0.75,2.88935442469369,0.5295300524310722,False,False
276834958,9.73847,3132.0,0.355825,7,2469.9,1.05087,1629.5857,2.25,1065.0,1.27,101.0,150,8.4,-43.3,91.3,3.6,1.0,12,"00276834958-02(1:3,ntoi=3)",True,,0,0,False,2369.8,95,150,0.6333333333333333,0.959877026313869,2.344050267189409,False,False
122555050,12.388,3454.0,0.55505,7,2904.62,2.13526,1386.3594,7.2,3701.0,3.68,100.9,79,3.4,-91.7,72.2,4.3,1.0,6,,False,,0,0,False,5565.3,70,79,0.8860759493670886,1.635234169616113,4.403039108270511,False,False
281670243,11.4104,3305.0,0.489856,9,2878.5,0.89166,1354.6795,7.92,1496.0,2.07,100.3,217,14.6,-53.0,32.7,3.0,0.5,6,,False,,0,0,False,2288.7,181,217,0.8341013824884793,1.124571337210409,7.042683498982116,False,False
281670243,11.4104,3305.0,0.489856,9,2878.5,0.89167,1354.6645,7.92,1494.0,2.07,100.1,217,13.3,-53.2,86.4,8.1,1.0,6,,False,,0,0,False,2288.7,181,217,0.8341013824884793,1.1245755412311238,7.042657171193335,False,False
281670243,11.4104,3305.0,0.489856,9,2878.5,0.89168,1354.6495,7.92,1489.0,2.06,99.8,217,17.5,-53.8,29.9,2.6,0.5,6,,False,,0,0,False,2288.7,184,217,0.847926267281106,1.124579745220407,7.042630843798237,False,False
281670243,11.4104,3305.0,0.489856,9,2878.5,1.78332,1354.7995,7.92,1836.0,2.29,98.6,107,0.7,13.6,53.0,4.3,0.5,6,,False,,0,0,False,2288.7,102,107,0.9532710280373832,1.41687109985982,5.589781597481645,False,False
229142295,11.1831,3131.0,0.266614,8,2878.5,1.30021,1354.7806,3.6,1835.0,1.25,98.5,138,1.3,-69.1,100.3,6.3,1.0,6,"00229142295-03(1:3,ntoi=3)",True,,0,0,False,2408.9,124,137,0.9051094890510949,0.8500962396098765,4.2348146389308825,False,False
139722169,12.291,3251.0,0.26602,7,2907.31,1.41761,1326.5199,4.2,3893.0,1.81,97.3,110,0.2,-69.3,58.8,5.2,1.0,2,"00139722169-01(1:3,ntoi=2);00139722169-02(1:3,ntoi=2)",True,,0,0,False,3718.3,110,110,1.0,0.8736485145284466,4.807425331990586,False,False
158596311,12.28,3159.0,0.369625,7,2906.03,0.77313,1354.4763,1.58,4673.0,2.76,96.2,186,0.1,-89.7,74.4,10.4,1.0,10,,False,,0,0,False,5393.8,185,186,0.9946236559139785,0.8887917763679155,1.7776942159126805,False,False
381285216,12.2743,3098.0,0.37671,6,2548.54,3.98214,1629.9405,6.3,7353.0,3.52,95.7,34,3.1,-69.0,91.2,4.5,1.0,0,,False,,0,0,False,6760.3,33,34,0.9705882352941176,1.5544803438048447,4.052801326892124,False,False
88478720,10.7958,3445.0,0.304287,6,2879.66,3.16905,1413.5262,7.2,1920.0,1.45,95.4,47,1.0,-41.9,71.5,3.9,1.0,0,,False,,0,0,False,2043.1,47,47,1.0,1.249415597940895,5.762694184277827,False,False
197866266,12.0881,3164.0,0.280442,8,2633.97,1.09924,1354.5665,4.8,3848.0,1.9,95.3,176,5.5,114.3,50.8,4.7,0.5,6,,False,,0,0,False,5619.0,156,176,0.8863636363636364,0.8313830620499885,5.773511897348939,False,False
139984208,12.0395,3231.0,0.40496,7,2907.31,2.09884,1326.1761,6.3,3096.0,2.46,95.0,74,5.3,106.7,52.3,4.4,0.5,1,,False,,0,0,False,3267.6,64,74,0.8648648648648649,1.317678591793556,4.781135581344435,False,False
466265409,12.4083,3081.0,0.447839,8,2546.41,0.52281,1658.1383,1.8,3393.0,2.85,93.2,318,1.3,-78.6,69.7,7.4,1.0,2,,False,,0,0,False,5269.4,230,315,0.7301587301587301,0.8866200133411736,2.03018200910761,False,False
140478472,12.4053,3078.0,0.239871,7,2904.62,0.65083,1386.1912,6.3,3269.0,1.5,92.7,257,1.0,-15.3,86.4,3.5,1.0,0,,False,,0,0,False,9484.6,165,257,0.642023346303502,0.6290463484297877,10.015160275114747,False,False
159896411,12.3521,3417.0,0.354963,6,2174.68,1.90296,2116.3894,4.5,4316.0,2.54,92.6,81,3.6,-40.1,104.7,4.5,1.0,0,,False,,0,0,False,4534.4,81,81,1.0,1.168082644932655,3.8524671345146513,False,False
219993473,12.2209,3132.0,0.402548,8,2878.5,2.09297,1354.5366,6.3,2999.0,2.4,92.1,98,1.3,-76.0,55.3,4.5,1.0,6,,False,,0,0,False,3236.8,97,97,1.0,1.311216515086922,4.804698482296317,False,False
122555050,12.388,3454.0,0.55505,7,2904.62,2.07916,1386.9406,6.3,3533.0,3.6,92.0,78,6.4,-67.9,98.5,4.1,1.0,6,,False,,0,0,False,5565.3,62,78,0.7948717948717948,1.6207859718373179,3.887003040172133,False,False
71446322,10.9735,3325.0,0.377993,5,2879.64,4.16698,1412.889,7.2,2443.0,2.04,91.7,28,1.7,86.7,61.3,3.5,0.5,5,,False,,0,0,False,2029.7,28,28,1.0,1.581750343849452,4.551919351872941,False,False
419692115,10.7333,3136.0,0.203777,7,2523.81,2.11522,1601.924,6.3,1505.0,0.86,91.4,75,0.6,-73.5,76.1,4.7,1.0,1,,False,,0,0,False,1667.9,67,75,0.8933333333333333,0.8357895143650027,7.537783008424641,False,False
336775973,12.147,3343.0,0.415373,1,26.12,0.67314,4207.0738,4.08,8489.0,4.18,91.0,35,2.2,124.9,91.0,7.2,1.0,0,,False,,0,0,False,8572.1,35,35,1.0,0.9173511342635273,4.447588112784672,False,False
201289550,11.7617,3890.0,0.598763,8,2170.75,26.6481,2075.1364,1.2,53145.0,15.06,90.9,3,69.2,-1.3,52.9,4.3,2.0,2,,False,,0,0,False,9444.0,2,3,0.6666666666666666,3.9896397381554785,0.3007790373961919,False,False
435939517,12.1291,3123.0,0.241101,7,2607.68,1.42502,1439.4832,7.2,2647.0,1.35,90.5,127,1.9,117.2,46.6,3.5,0.5,0,,False,,0,0,False,3049.7,124,127,0.9763779527559056,0.8196239148702241,8.784516739168133,False,False
245821931,11.5872,3348.0,0.437361,6,2607.68,4.42555,1439.3518,6.3,3109.0,2.66,90.5,39,4.0,-54.8,63.2,3.3,1.0,11,,False,,0,0,False,2945.5,39,39,1.0,1.7786510259499453,3.5420101571837477,False,False
149838027,12.2778,3148.0,0.381581,6,2936.45,2.68581,1354.4079,4.2,5187.0,3.0,90.0,49,10.1,-62.3,66.7,2.4,1.0,5,,False,,0,0,False,5455.6,48,49,0.9795918367346939,1.374963651742677,3.054626203883116,False,False
165941376,10.8349,3369.0,0.56777,5,2874.19,1.17835,1386.9027,3.6,1727.0,2.57,89.9,103,4.3,-62.1,69.7,4.3,1.0,4,,False,,0,0,False,2087.1,96,103,0.9320388349514563,1.3616997477681732,2.643754620576528,False,False
214517415,12.1016,3226.0,0.244041,6,2934.84,1.49727,1325.8199,4.2,3505.0,1.58,88.5,83,1.3,-55.6,72.1,3.5,1.0,0,,False,,0,0,False,3759.3,80,83,0.963855421686747,0.8400082129658393,4.999951113776553,False,False
75160399,8.36522,3386.0,0.291681,8,2575.91,46.64433,1635.4456,1.53,3771.0,1.95,88.4,5,110.8,-1.2,64.4,3.4,2.0,0,,False,,0,0,False,1246.8,4,5,0.8,2.976779553070474,0.5139782683678552,False,False
402683652,12.4254,3136.0,0.30821,6,2469.82,0.73908,1630.0266,3.15,4345.0,2.22,88.2,184,0.6,107.7,67.6,9.5,1.0,1,,False,,0,0,False,4939.4,176,184,0.9565217391304348,0.775657377807188,4.061071408751588,False,False
158596311,12.28,3159.0,0.369625,7,2906.03,0.92776,1354.9356,1.58,4576.0,2.73,87.7,159,0.9,88.8,67.7,9.3,1.0,10,"00158596311-02(1:3,ntoi=3);00158596311-01(1:3,ntoi=3);00158596311-03(1:3,ntoi=3);00158596311-01(1:3,ntoi=2);00158596311-02(1:3,ntoi=2);00158596311-01(1:3,ntoi=5);00158596311-04(1:3,ntoi=5);00158596311-02(1:3,ntoi=5);00158596311-03(1:3,ntoi=5);00158596311-05(1:3,ntoi=5)",True,,0,0,False,5393.8,159,159,1.0,0.9444835547459963,1.6728719013269804,False,False
75160399,8.36522,3386.0,0.291681,8,2575.91,28.80203,1653.2881,1.53,3920.0,1.99,87.6,4,56.3,-5.3,124.3,4.3,2.0,0,,False,,0,0,False,1246.8,3,4,0.75,2.534864525561719,0.6035825522710948,False,False
631919622,12.2624,3822.0,0.515363,6,2174.68,40.77186,2132.6837,4.2,70185.0,14.9,87.0,2,40.7,1.6,62.7,3.2,2.0,2,,False,,0,0,False,8796.6,2,2,1.0,4.159782522063042,1.0096681684015085,False,False
229142295,11.1831,3131.0,0.266614,8,2878.5,0.89347,1354.9118,4.5,1265.0,1.03,86.3,199,2.2,111.3,72.5,4.2,1.0,6,"00229142295-01(1:2,ntoi=2);00229142295-02(1:2,ntoi=2);00229142295-01(1:2,ntoi=1);00229142295-01(1:2,ntoi=3);00229142295-02(1:1,ntoi=3)",True,,0,0,False,2408.9,156,198,0.7878787878787878,0.750165210241302,5.998678609145986,False,False
325220989,11.8288,3252.0,0.432769,9,2851.9,1.5962,1325.7314,7.92,1705.0,1.95,86.0,127,5.0,-16.8,57.5,6.6,1.0,11,,False,,0,0,False,2002.2,121,127,0.952755905511811,1.2572109611362539,6.299658724612128,False,False
232064182,11.8155,3272.0,0.301026,7,2879.01,3.60156,1326.1003,4.5,3838.0,2.03,84.6,41,5.6,-52.4,64.7,3.2,1.0,6,,False,,0,0,False,3780.0,36,41,0.8780487804878049,1.2945172758374757,3.4761992628400944,False,False
304234457,11.4817,3719.0,0.480816,6,1817.61,26.97281,2292.987,2.4,165059.0,21.31,84.3,2,71.7,0.4,129.7,6.0,2.0,0,,False,,0,0,True,12495.7,1,2,0.5,3.460745258200856,0.6934922454383979,False,False
75160399,8.36522,3386.0,0.291681,8,2575.91,28.21944,1653.8694,1.53,4111.0,2.04,83.8,5,94.3,-4.3,124.3,4.3,2.0,0,,False,,0,0,False,1246.8,3,4,0.75,2.517656741585364,0.6077079431553333,False,False
7647775,11.0202,3362.0,0.496953,6,2879.65,2.88438,1412.5123,7.2,1859.0,2.34,83.2,46,0.9,-52.3,73.6,4.2,1.0,8,,False,,0,0,False,2183.7,41,46,0.8913043478260869,1.6792009205781435,4.28775372367058,False,False
24587624,11.5142,3594.0,0.602419,5,2852.46,0.98138,1438.7923,6.3,1688.0,2.7,83.1,113,6.0,-3.2,60.4,8.2,1.0,2,,False,,0,0,False,1890.2,105,112,0.9375,1.3327636389260735,4.727019717522059,False,False
381285222,11.4602,3280.0,0.463848,5,2548.31,1.59283,1629.1669,6.3,2249.0,2.4,83.0,73,0.1,97.8,50.7,2.3,0.5,0,,False,,0,0,False,2418.1,70,73,0.958904109589041,1.3157758020723724,4.788049749871807,False,False
355766445,10.799,3524.0,0.602747,9,2879.02,3.68974,1327.6215,7.92,1293.0,2.36,82.8,54,2.3,-0.8,51.5,4.4,1.0,19,,False,,0,0,False,1443.7,52,54,0.9629629629629629,2.0731477457949206,3.82027765076781,False,False
464271371,12.2484,3581.0,0.416202,6,1842.55,52.03656,2410.4137,2.1,63911.0,11.48,82.8,3,38.2,-0.5,82.2,5.2,1.0,0,,False,,0,0,False,12287.0,2,3,0.6666666666666666,3.913036769402244,0.5366675867757809,False,False
207148580,12.2073,3158.0,0.220132,7,2633.97,2.50954,1355.0795,4.2,3362.0,1.39,82.5,67,0.3,-69.3,74.8,3.9,1.0,13,,False,,0,0,False,3586.7,67,67,1.0,0.9315263002506923,4.508729381950565,False,False
290050983,12.0283,3713.0,0.567524,1,25.78,2.81274,4266.5217,5.04,9607.0,6.07,82.0,8,5.5,16.5,80.3,3.2,1.0,0,,False,,0,0,False,6658.1,8,8,1.0,1.8193139317073754,2.7702750537781573,False,False
304234452,11.4953,3561.0,0.490557,6,1817.61,26.97213,2293.012,2.4,240614.0,26.25,81.4,2,50.2,-0.4,124.5,6.3,2.0,0,,False,,0,0,True,18062.5,1,2,0.5,3.5073009020850074,0.6842868824209684,False,False
158596311,12.28,3159.0,0.369625,7,2906.03,1.08238,1354.3184,1.5,4668.0,2.76,81.2,135,1.3,-79.1,62.5,8.5,1.0,10,,False,,0,0,False,5393.8,133,135,0.9851851851851852,0.9942809196319493,1.5086279645748926,False,False
161174286,11.7183,3008.0,0.165217,6,2907.31,1.00204,1325.5571,7.2,2089.0,0.82,80.7,137,1.4,-18.8,63.9,6.6,1.0,0,,False,,0,0,False,2615.8,122,137,0.8905109489051095,0.5665085490989453,12.70942867755816,False,False
161174286,11.7183,3008.0,0.165217,6,2907.31,1.00204,1325.5383,6.3,2168.0,0.84,80.5,137,1.7,-17.9,32.1,2.6,1.0,0,,False,,0,0,False,2615.8,123,137,0.8978102189781022,0.5665085490989453,11.12075009286339,False,False
197866266,12.0881,3164.0,0.280442,8,2633.97,1.6499,1355.6665,4.8,3842.0,1.9,80.0,116,1.0,-62.0,59.0,4.8,1.0,6,,False,,0,0,False,5619.0,105,116,0.9051724137931034,0.9518960806347047,5.042567248306621,False,False
466265409,12.4083,3081.0,0.447839,8,2546.41,1.40558,1658.8226,3.15,3465.0,2.88,79.2,119,3.1,-64.8,77.3,7.6,1.0,2,,False,,0,0,False,5269.4,107,119,0.8991596638655462,1.2328439016882549,2.5550679982164763,False,False
161032402,11.588,3650.0,0.642392,1,25.06,6.93273,4182.0461,7.92,7998.0,6.27,78.5,4,1.8,23.3,77.9,2.9,1.0,1,,False,,0,0,True,4763.8,4,4,1.0,2.6691714575150502,2.9672129070994093,False,False
273369281,12.4134,2908.0,0.138218,10,2851.91,1.29763,1326.0711,6.12,2389.0,0.74,77.2,175,0.2,97.0,33.2,3.7,0.5,10,"00273369281-01(1:1,ntoi=2);00273369281-02(1:1,ntoi=2);00273369281-01(1:1,ntoi=2);00273369281-02(1:1,ntoi=2);00273369281-02(1:1,ntoi=3);00273369281-03(1:1,ntoi=3);00273369281-01(1:1,ntoi=3)",True,,0,0,False,3001.8,173,173,1.0,0.5482369754038825,11.163055894745948,False,False
197598732,10.9903,3310.0,0.326131,5,2934.84,0.63097,1325.539,6.3,1083.0,1.17,76.8,169,2.9,-24.5,52.5,6.4,1.0,0,,False,,0,0,False,1101.5,167,168,0.9940476190476191,0.7640807395064199,8.245201945634264,False,False
139984208,12.0395,3231.0,0.40496,7,2907.31,3.14822,1327.2261,6.3,2965.0,2.41,76.4,50,1.6,-17.5,60.0,5.3,1.0,1,,False,,0,0,False,3267.6,44,50,0.88,1.5083590629622907,4.176724332220558,False,False
422653412,11.0337,3391.0,0.408219,5,2577.17,3.98199,1414.634,6.3,2124.0,2.05,76.4,31,5.2,76.7,60.9,3.0,0.5,12,,False,,0,0,False,1933.4,30,30,1.0,1.6399747396328195,3.8415225843115928,False,False
229142295,11.1831,3131.0,0.266614,8,2878.5,2.16437,1354.4056,3.6,1782.0,1.23,76.1,80,2.9,-59.3,77.0,4.5,1.0,6,,False,,0,0,False,2408.9,68,80,0.85,1.0074900436410874,3.5732363041420583,False,False
7647775,11.0202,3362.0,0.496953,6,2879.65,4.80082,1412.5498,7.2,2214.0,2.55,75.6,27,0.3,-45.8,60.3,3.2,1.0,8,,False,,0,0,False,2183.7,26,27,0.9629629629629629,1.9900178845469298,3.618057936016607,False,False
139722169,12.291,3251.0,0.26602,7,2907.31,2.36267,1326.5199,3.0,4262.0,1.89,75.3,71,0.9,-48.5,46.1,3.8,1.0,2,,False,,0,0,False,3718.3,71,71,1.0,1.0358229021071532,2.896247991714763,False,False
466265409,12.4083,3081.0,0.447839,8,2546.41,0.87135,1658.3023,1.58,3592.0,2.93,74.9,194,4.9,-62.8,53.1,5.2,1.0,2,,False,,0,0,False,5269.4,147,194,0.7577319587628866,1.0512042630267036,1.503038044623934,False,False
290050983,12.0283,3713.0,0.567524,1,25.78,4.69217,4265.5717,5.04,9970.0,6.18,74.1,6,1.4,12.4,72.7,2.7,1.0,0,,False,,0,0,False,6658.1,6,6,1.0,2.157689897937423,2.335831485709708,False,False
159896411,12.3521,3417.0,0.354963,6,2174.68,3.17163,2118.2707,4.8,4187.0,2.51,74.0,48,3.7,-40.0,82.8,3.4,1.0,0,,False,,0,0,False,4534.4,48,48,1.0,1.3849194795503228,3.465905470228882,False,False
336775973,12.147,3343.0,0.415373,1,26.12,1.01002,4207.4138,4.08,7916.0,4.03,72.9,23,2.8,-52.6,74.0,5.6,1.0,0,,False,,0,0,False,8572.1,23,23,1.0,1.0502123651503998,3.8849285491089294,False,False
219398128,11.2735,3417.0,0.40943,10,2602.13,1.94538,1387.432,7.92,1019.0,1.43,72.7,119,0.7,1.3,20.5,3.7,1.0,15,,False,,0,0,False,1332.8,113,119,0.9495798319327731,1.2941845686787148,6.119683537940688,False,False
219398128,11.2735,3417.0,0.40943,10,2602.13,1.94534,1387.447,7.92,1018.0,1.43,72.6,119,1.5,2.8,51.7,9.0,1.0,15,,False,,0,0,False,1332.8,113,119,0.9495798319327731,1.2941756984772532,6.119725481879154,False,False
219398128,11.2735,3417.0,0.40943,10,2602.13,1.94534,1387.447,7.92,1018.0,1.43,72.5,119,1.5,2.7,17.0,2.7,1.0,15,,False,,0,0,False,1332.8,112,119,0.9411764705882353,1.2941756984772532,6.119725481879154,False,False
435939517,12.1291,3123.0,0.241101,7,2607.68,2.13754,1440.1957,7.2,2451.0,1.3,72.0,88,0.5,-58.8,54.7,4.2,1.0,0,,False,,0,0,False,3049.7,87,88,0.9886363636363636,0.9382366320012151,7.673970248467847,False,False
165941376,10.8349,3369.0,0.56777,5,2874.19,1.96392,1386.1246,3.15,1833.0,2.65,71.8,61,1.1,-56.6,57.5,3.3,1.0,4,,False,,0,0,False,2087.1,57,61,0.9344262295081968,1.6144744852628101,1.951099276423208,False,False
219993473,12.2209,3132.0,0.402548,8,2878.5,3.48817,1357.3866,6.3,2964.0,2.39,70.9,55,0.8,-59.3,41.5,3.1,1.0,6,,False,,0,0,True,3236.8,55,55,1.0,1.5546022445235603,4.052483535382238,False,False
419692115,10.7333,3136.0,0.203777,7,2523.81,3.52532,1604.0615,6.3,1451.0,0.85,70.7,45,3.9,-55.7,60.4,3.5,1.0,1,,False,,0,0,False,1667.9,42,45,0.9333333333333333,0.9909336700376503,6.357640466249,False,False
372106647,12.1386,3275.0,0.465176,7,2545.99,1.17432,1658.9624,6.3,2010.0,2.28,70.6,126,1.7,-1.2,39.7,3.3,1.0,3,,False,,0,0,False,2710.9,114,126,0.9047619047619048,1.1909183301206832,5.290035295167202,False,False
207148580,12.2073,3158.0,0.220132,7,2633.97,0.51927,1354.4608,6.3,1469.0,0.92,70.6,325,0.3,0.0,47.6,3.7,1.0,13,,False,,0,0,False,3586.7,217,324,0.6697530864197531,0.550970260592204,11.43437395918342,False,False
401487114,11.106,3244.0,0.357737,7,2470.78,2.83226,1629.5016,7.2,1443.0,1.48,70.4,63,4.2,-44.4,62.4,4.2,1.0,0,,False,,0,0,False,1808.4,60,63,0.9523809523809523,1.3405877319678392,5.3707786728968285,False,False
372106647,12.1386,3275.0,0.465176,7,2545.99,1.17435,1658.9249,6.3,2000.0,2.27,70.2,127,1.7,-7.6,38.3,3.2,0.5,3,,False,,0,0,False,2710.9,121,127,0.952755905511811,1.1909284713785084,5.289990248287291,False,False
251845156,10.6211,3280.0,0.539546,5,2936.42,14.99698,1367.6107,1.5,15840.0,7.41,70.2,2,58.6,5.4,83.6,3.7,2.0,13,,False,,0,0,False,3035.5,2,2,1.0,3.0729952072158864,0.4881231173018946,False,False
372106647,12.1386,3275.0,0.465176,7,2545.99,1.17435,1658.9062,7.2,1909.0,2.22,70.1,128,0.7,-3.6,32.8,2.4,1.0,3,,False,,0,0,False,2710.9,114,128,0.890625,1.1909284713785084,6.045703140899762,False,False
372106647,12.1386,3275.0,0.465176,7,2545.99,1.17433,1658.9624,6.3,1993.0,2.27,70.0,126,1.9,-2.3,50.4,9.9,2.0,3,,False,,0,0,False,2710.9,119,126,0.9444444444444444,1.1909217105591492,5.290020279370077,False,False
351339273,10.394,3352.0,0.247981,7,2547.3,27.14379,1682.2204,4.2,7830.0,2.39,69.9,3,0.0,-4.8,59.0,4.3,1.0,1,,False,,0,0,True,2509.7,3,3,1.0,2.23037246176025,1.8830935514175442,False,False
402683652,12.4254,3136.0,0.30821,6,2469.82,1.11028,1630.0266,3.15,4006.0,2.13,69.5,125,0.7,-52.6,54.7,7.4,1.0,1,"00402683652-01(1:1,ntoi=1)",True,,0,0,False,4939.4,119,125,0.952,0.888348997507,3.545903703206665,False,False
251845156,10.6211,3280.0,0.539546,5,2936.42,22.89892,1369.6998,1.58,14712.0,7.14,69.4,2,0.0,6.9,72.9,2.9,2.0,13,,False,,0,0,False,3035.5,2,2,1.0,3.5386065638712347,0.446503438989691,False,False
120334451,11.0992,3351.0,0.605213,5,2547.29,13.17352,1662.9838,3.6,7137.0,5.58,69.1,5,26.2,-5.6,115.5,5.3,2.0,4,,False,,0,0,False,2665.5,5,5,1.0,3.1772232929981925,1.133064839331092,False,False
229142295,11.1831,3131.0,0.266614,8,2878.5,1.34192,1355.2868,4.5,1179.0,1.0,68.3,132,4.7,-54.4,46.4,6.8,1.0,6,"00229142295-01(1:3,ntoi=2);00229142295-02(1:3,ntoi=2);00229142295-01(1:3,ntoi=1);00229142295-01(1:3,ntoi=3)",True,,0,0,False,2408.9,104,132,0.7878787878787878,0.8590909347889771,5.238095081407602,False,False
120334451,11.0992,3351.0,0.605213,5,2547.29,13.17348,1662.9838,3.6,7051.0,5.54,68.1,5,26.1,-7.2,88.0,3.6,2.0,4,,False,,0,0,False,2665.5,5,5,1.0,3.1772200772274557,1.1330659861439236,False,False
170636897,11.0692,3118.0,0.230215,7,2879.66,4.17505,1412.1002,7.2,1533.0,0.98,67.0,43,0.8,-31.9,58.0,3.8,1.0,12,"00170636897-05(1:3,ntoi=5)",True,,0,0,False,1650.3,43,43,1.0,1.1372377459256282,6.331129990888341,False,False
197866266,12.0881,3164.0,0.280442,8,2633.97,0.87442,1354.979,4.2,2596.0,1.56,66.8,221,7.2,84.0,53.5,5.0,1.0,6,,False,,0,0,False,5619.0,160,221,0.7239819004524887,0.7703303791413257,5.4522061101649255,False,False
251845156,10.6211,3280.0,0.539546,5,2936.42,20.97235,1368.4342,1.58,14336.0,7.05,66.3,2,0.0,-5.3,70.7,2.8,2.0,13,"00251845156-02(1:3,ntoi=2)",True,,0,0,False,3035.5,2,2,1.0,3.436446954324687,0.45977721204501865,False,False
32811633,11.663,3219.0,0.221452,6,2822.28,1.27142,1469.5049,4.5,3617.0,1.45,65.9,121,2.2,77.2,44.3,2.3,0.5,0,,False,,0,0,False,8287.7,99,121,0.8181818181818182,0.7455744981731109,6.03561416200044,False,False
251845156,10.6211,3280.0,0.539546,5,2936.42,23.67141,1368.6498,1.58,14241.0,7.02,65.5,3,12.9,0.3,70.0,2.7,2.0,13,,False,,0,0,False,3035.5,2,2,1.0,3.5779586845711036,0.4415925781405152,False,False
71446322,10.9735,3325.0,0.377993,5,2879.64,10.41741,1412.864,6.0,2928.0,2.23,65.3,11,8.5,-10.8,41.3,2.9,1.0,5,,False,,0,0,False,2029.7,11,11,1.0,2.1467627515432697,2.7949059558103038,False,False
22850303,11.1445,3289.0,0.322272,6,2553.67,7.05533,1571.629,7.2,2109.0,1.61,64.1,20,1.6,-2.0,44.2,3.7,1.0,14,"00022850303-01(2:1,ntoi=1)",True,,0,0,False,1785.0,20,20,1.0,1.695101809616813,4.24753248397959,False,False
279726713,12.3599,3301.0,0.303843,9,2633.97,1.90457,1355.4126,7.92,1801.0,1.41,63.4,111,1.4,3.2,52.4,7.4,1.0,10,,False,,0,0,False,2399.7,106,111,0.954954954954955,1.0533517732911581,7.518855714510506,False,False
325220989,11.8288,3252.0,0.432769,9,2851.9,3.19241,1325.7314,7.92,1629.0,1.91,63.0,67,0.0,59.3,27.9,3.7,0.5,11,,False,,0,0,False,2002.2,65,67,0.9701492537313433,1.5839882080064442,5.000037222478981,False,False
152479307,11.6588,3281.0,0.623724,7,2527.12,3.22999,1572.0557,7.2,1851.0,2.93,62.6,52,1.0,-28.2,31.4,3.1,1.0,18,,False,,0,0,False,2069.1,50,52,0.9615384615384616,2.028945229238854,3.5486418737390144,False,False
120334451,11.0992,3351.0,0.605213,5,2547.29,22.89726,1674.5588,4.8,6915.0,5.49,62.6,4,37.0,13.9,69.7,2.5,2.0,4,,False,,0,0,False,2665.5,4,4,1.0,3.820102048692226,1.2565109357859254,False,False
152479307,11.6588,3281.0,0.623724,7,2527.12,3.22998,1572.0557,7.2,1848.0,2.93,62.5,52,1.0,-28.2,56.0,5.8,1.0,18,,False,,0,0,False,2069.1,50,52,0.9615384615384616,2.028943135375485,3.548645535927027,False,False
422653412,11.0337,3391.0,0.408219,5,2577.17,5.99695,1414.3902,7.2,1971.0,1.98,62.4,20,0.1,-16.4,71.3,3.8,1.0,12,,False,,0,0,False,1933.4,20,20,1.0,1.8798098156288143,3.8301747017910595,False,False
325220989,11.8288,3252.0,0.432769,9,2851.9,1.58638,1325.5814,7.92,1230.0,1.66,62.3,127,0.1,-2.2,19.6,3.2,1.0,11,,False,,0,0,False,2002.2,115,127,0.905511811023622,1.2546274886957385,6.312630698242808,False,False
7151484,9.87974,3403.0,0.438721,5,2906.03,5.74077,1356.5631,6.3,1104.0,1.59,61.5,19,4.6,-46.3,74.1,3.9,1.0,5,,False,,0,0,False,1160.3,17,19,0.8947368421052632,1.943825575063829,3.2410315415225095,False,False
24587624,11.5142,3594.0,0.602419,5,2852.46,0.54925,1438.5298,6.3,1103.0,2.18,61.4,202,3.6,-13.8,44.6,5.6,1.0,2,,False,,0,0,False,1890.2,144,202,0.7128712871287128,1.098324715121949,5.736008589500328,False,False
401487114,11.106,3244.0,0.357737,7,2470.78,4.72046,1632.3516,7.2,1612.0,1.57,61.3,35,4.4,-45.7,53.6,3.4,1.0,0,,False,,0,0,False,1808.4,35,35,1.0,1.58944550232595,4.529881640775806,False,False
24587624,11.5142,3594.0,0.602419,5,2852.46,1.96278,1439.736,6.0,1608.0,2.64,60.0,57,3.2,58.0,35.0,4.0,0.5,2,,False,,0,0,False,1890.2,56,57,0.9824561403508771,1.679182666652952,3.573166945535212,False,False
273369281,12.4134,2908.0,0.138218,10,2851.91,1.94648,1326.7011,6.12,2188.0,0.71,59.9,115,0.3,-49.3,37.2,4.3,1.0,10,"00273369281-01(1:1,ntoi=2);00273369281-02(1:1,ntoi=2)",True,,0,0,False,3001.8,115,115,1.0,0.6275784355945568,9.751769106282339,False,False
281670243,11.4104,3305.0,0.489856,9,2878.5,5.34055,1356.1945,7.92,1785.0,2.26,59.7,37,5.3,-10.1,46.9,3.6,1.0,6,,False,,0,0,False,2288.7,35,37,0.9459459459459459,2.0422829441740515,3.8780130944113815,False,False
32811633,11.663,3219.0,0.221452,6,2822.28,1.90713,1469.5236,6.3,3373.0,1.4,59.2,79,0.8,-43.7,53.9,3.3,1.0,0,,False,,0,0,False,8287.7,69,79,0.8734177215189873,0.8534697469433132,7.381632474453064,False,False
631919622,12.2624,3822.0,0.515363,6,2174.68,49.69114,2128.8337,4.2,28824.0,9.55,59.2,2,73.0,6.4,63.5,3.3,2.0,2,,False,,0,0,False,8796.6,2,2,1.0,4.44334571117881,0.9452336759287967,False,False
422653412,11.0337,3391.0,0.408219,5,2577.17,0.66397,1411.4277,7.2,816.0,1.27,59.0,185,0.4,-8.9,38.7,6.8,1.0,12,,False,,0,0,False,1933.4,132,185,0.7135135135135136,0.9026511145853399,7.976503749521806,False,False
631919622,12.2624,3822.0,0.515363,6,2174.68,43.09807,2157.2837,4.2,27735.0,9.36,58.1,4,72.9,-8.9,95.8,5.7,2.0,2,,False,,0,0,False,8796.6,2,2,1.0,4.237435088357518,0.9911656255312625,False,False
75160399,8.36522,3386.0,0.291681,8,2575.91,12.8668,1629.6729,0.6,2869.0,1.7,58.0,9,38.0,3.0,68.0,4.8,2.0,0,,False,,0,0,False,1246.8,7,9,0.7777777777777778,1.9377774795581344,0.3096330751747699,False,False
273416539,11.1681,3459.0,0.556322,9,2825.67,34.75677,1351.4662,6.12,3371.0,3.52,57.9,7,26.8,2.8,60.2,3.0,2.0,10,,False,,0,0,False,2815.8,7,7,1.0,4.15054939909167,1.4745035925459258,False,False
31373667,11.8902,3258.0,0.545087,6,2852.47,51.47901,1448.928,3.0,19691.0,8.34,57.9,2,1.4,-1.8,44.3,3.3,2.0,3,,False,,0,0,False,2616.2,2,2,1.0,4.667262624754606,0.6427750570727168,False,False
318269941,11.3574,3628.0,0.560664,5,2528.43,3.17658,1571.8685,6.3,2447.0,3.03,57.8,36,8.3,60.2,32.4,3.4,0.5,6,"00318269941-02(1:2,ntoi=2)",True,,0,0,False,2548.2,36,36,1.0,1.879302423646305,3.3523077077591714,False,False
251845156,10.6211,3280.0,0.539546,5,2936.42,16.37351,1365.6545,1.8,9349.0,5.69,57.4,3,36.7,10.2,70.9,2.8,2.0,13,,False,,0,0,False,3035.5,3,3,1.0,3.164277345520495,0.5688502629354433,False,False
75160399,8.36522,3386.0,0.291681,8,2575.91,24.91675,1632.2719,0.75,2582.0,1.62,57.2,9,25.7,5.1,65.9,4.5,2.0,0,,False,,0,0,False,1246.8,6,9,0.6666666666666666,2.4153358033846004,0.31051582928925575,False,False
117874959,10.2428,3560.0,0.641336,7,2936.46,24.67549,1367.0257,3.6,3747.0,4.28,55.7,4,0.0,-4.5,53.3,4.2,1.0,8,,False,,0,0,False,1476.4,4,4,1.0,4.07087063712971,0.8843317120335439,False,False
170636897,11.0692,3118.0,0.230215,7,2879.66,6.95833,1414.9127,7.2,1600.0,1.0,55.3,29,0.5,-25.3,33.0,3.5,1.0,12,"00170636897-01(3:1,ntoi=2)",True,,0,0,True,1650.3,29,29,1.0,1.3483388434921706,5.339904012074698,False,False
401487114,11.106,3244.0,0.357737,7,2470.78,6.61658,1629.5954,6.3,1728.0,1.62,55.0,27,0.2,-31.1,26.5,2.9,1.0,0,,False,,0,0,False,1808.4,26,27,0.9629629629629629,1.7788065655041092,3.541700442405662,False,False
402683652,12.4254,3136.0,0.30821,6,2469.82,1.84767,1630.0453,3.15,3958.0,2.12,54.9,76,1.1,-45.9,43.9,5.7,1.0,1,,False,,0,0,False,4939.4,73,76,0.9605263157894737,1.0527233278394292,2.9922391921008766,False,False
404664390,12.3602,3578.0,0.5061,1,25.04,0.65326,4179.8734,1.02,10110.0,5.55,54.8,32,4.4,2.8,54.9,10.6,1.0,1,"00404664390-01(1:1,ntoi=1)",True,,0,0,False,3912.9,32,32,1.0,1.0360829837889236,0.9844771277585231,False,False
336775973,12.147,3343.0,0.415373,1,26.12,1.68326,4207.4038,4.08,7385.0,3.89,54.2,14,1.1,-45.1,54.3,3.7,1.0,0,,False,,0,0,False,8572.1,14,14,1.0,1.2451381427608894,3.276744852545654,False,False
435939517,12.1291,3123.0,0.241101,7,2607.68,3.56255,1438.7519,6.3,2461.0,1.3,54.1,50,1.3,-46.4,42.7,3.1,1.0,0,,False,,0,0,False,3049.7,49,50,0.98,1.11240079675311,5.6634263643001,False,False
161174286,11.7183,3008.0,0.165217,6,2907.31,2.00408,1326.5508,6.3,1887.0,0.78,53.9,69,0.8,59.6,33.4,2.8,0.5,0,,False,,0,0,False,2615.8,64,69,0.927536231884058,0.7137560459551646,8.826545198043396,False,False
419692115,10.7333,3136.0,0.203777,7,2523.81,0.69541,1601.6428,7.2,589.0,0.54,53.8,230,0.5,-18.5,20.4,3.7,1.0,1,,False,,0,0,False,1667.9,147,229,0.6419213973799127,0.5768444440968487,12.481701217167595,False,False
234506911,10.7682,3526.0,0.590838,10,2879.02,47.10366,1364.8624,2.34,6067.0,5.02,53.7,3,42.0,2.8,48.1,3.4,2.0,30,,False,,0,0,False,1332.0,2,3,0.6666666666666666,4.781220704034634,0.4894147634777433,False,False
355766445,10.799,3524.0,0.602747,9,2879.02,72.60328,1325.4095,3.06,7343.0,5.64,53.6,2,4.4,-5.5,45.0,3.6,2.0,19,,False,,0,0,False,1443.7,2,2,1.0,5.596936926804981,0.5467276190562336,False,False
355766445,10.799,3524.0,0.602747,9,2879.02,70.78906,1396.1452,4.5,6432.0,5.27,53.4,2,0.0,13.1,45.0,3.6,2.0,19,,False,,0,0,False,1443.7,2,2,1.0,5.54992414691483,0.8108218924940664,False,False
276967501,11.7705,3379.0,0.535586,10,2522.58,3.91092,1630.5109,7.92,1525.0,2.28,53.1,59,3.6,16.7,38.6,3.1,1.0,21,"00276967501-01(3:1,ntoi=1)",True,,0,0,False,2335.2,56,59,0.9491525423728814,1.9536829314714002,4.053881964375416,False,False
355766445,10.799,3524.0,0.602747,9,2879.02,69.05981,1325.4802,3.78,6860.0,5.45,53.1,2,6.2,1.5,45.0,3.6,2.0,19,,False,,0,0,False,1443.7,2,2,1.0,5.504359516830312,0.6867283992700961,False,False
118053599,11.1269,3364.0,0.633757,6,2547.32,25.62948,1676.4602,4.8,4381.0,4.58,52.8,5,14.5,-1.1,66.8,3.5,2.0,8,,False,,0,0,False,2213.6,5,5,1.0,4.0901264842778025,1.1735578394582435,False,False
631919622,12.2624,3822.0,0.515363,6,2174.68,26.56841,2134.1837,4.2,22369.0,8.41,52.8,4,30.0,6.7,75.9,4.2,2.0,2,,False,,0,0,False,8796.6,4,4,1.0,3.6063868096907497,1.1646005327864855,False,False
290051427,11.5461,3742.0,0.612391,1,26.05,9.9703,4266.7832,0.5,78647.0,18.74,52.0,2,0.0,-10.6,52.0,3.7,1.0,0,,False,,0,0,False,23048.9,2,2,1.0,2.9183020197835376,0.17133250657760468,False,False
120334451,11.0992,3351.0,0.605213,5,2547.29,14.83743,1668.6713,3.0,6694.0,5.4,52.0,5,56.2,1.5,72.8,2.7,2.0,4,,False,,0,0,False,2665.5,4,4,1.0,3.3057247328993595,0.9075165787832501,False,False
118053599,11.1269,3364.0,0.633757,6,2547.32,18.72642,1669.8227,3.0,4942.0,4.86,51.2,6,8.5,4.7,75.4,4.4,2.0,8,,False,,0,0,False,2213.6,4,6,0.6666666666666666,3.6839047561171845,0.8143533013491868,False,False
161174286,11.7183,3008.0,0.165217,6,2907.31,3.00503,1325.5383,6.3,2080.0,0.82,50.8,48,3.4,-20.2,40.3,3.7,1.0,0,,False,,0,0,False,2615.8,42,48,0.875,0.8169479475943892,7.711629631424107,False,False
120334451,11.0992,3351.0,0.605213,5,2547.29,15.45089,1671.2213,4.2,4318.0,4.34,50.6,6,37.1,11.4,70.5,2.5,2.0,4,,False,,0,0,False,2665.5,6,6,1.0,3.350669761358865,1.25348073642945,False,False
355766445,10.799,3524.0,0.602747,9,2879.02,25.79039,1334.9715,7.92,2215.0,3.09,50.0,7,7.0,3.6,58.4,4.6,2.0,19,,False,,0,0,False,1443.7,7,7,1.0,3.963853869644591,1.9980554935820898,False,False
32677026,12.3252,3143.0,0.254082,6,2852.49,4.34282,1439.828,7.2,2784.0,1.46,50.0,35,0.4,-14.4,42.1,4.2,1.0,5,,False,,0,0,False,2962.5,35,35,1.0,1.230594122858559,5.850832428221785,False,False
197598732,10.9903,3310.0,0.326131,5,2934.84,1.26195,1326.1578,6.0,865.0,1.05,50.0,86,1.1,58.3,21.3,4.2,0.5,0,,False,,0,0,False,1101.5,86,86,1.0,0.9626839503776744,6.232575080997368,False,False
259845346,11.2054,3344.0,0.522994,10,2907.31,0.99222,1325.7198,7.92,583.0,1.38,49.9,225,0.1,-21.6,18.5,3.4,0.5,25,,False,,0,0,False,1517.4,177,225,0.7866666666666666,1.217331211839957,6.5060354347024205,False,False
251845153,10.4417,3334.0,0.557728,5,2936.46,18.5076,1359.976,4.5,3405.0,3.55,49.9,5,17.4,-5.8,49.7,3.5,2.0,14,"00251845153-03(1:3,ntoi=3)",True,,0,0,False,2030.5,5,5,1.0,3.369819411863446,1.3353831318550051,False,False
219398128,11.2735,3417.0,0.40943,10,2602.13,3.89067,1387.462,7.92,948.0,1.38,49.8,58,0.3,52.6,25.7,4.2,0.5,15,,False,,0,0,False,1332.8,56,58,0.9655172413793104,1.6305578077939282,4.857233495275709,False,False
259845346,11.2054,3344.0,0.522994,10,2907.31,0.99224,1325.6898,7.92,577.0,1.37,49.4,224,0.4,-21.5,39.0,5.2,0.5,25,,False,,0,0,False,1517.4,175,224,0.78125,1.2173393909603996,6.505991721627974,False,False
259845346,11.2054,3344.0,0.522994,10,2907.31,0.99224,1325.6898,7.92,577.0,1.37,49.4,224,0.5,-21.4,27.9,3.1,1.0,25,,False,,0,0,False,1517.4,175,224,0.78125,1.2173393909603996,6.505991721627974,False,False
234290432,10.4378,3617.0,0.633033,6,2879.01,39.51191,1353.4309,4.8,2968.0,3.76,49.3,4,19.2,7.1,56.2,5.3,2.0,17,,False,,0,0,False,989.4,4,4,1.0,4.721375429392393,1.0166528952809257,False,False
41862482,12.3514,3143.0,0.282368,8,2904.61,20.30932,1389.1392,0.75,21459.0,4.51,49.1,7,54.5,-1.0,77.5,2.7,2.0,0,,False,,0,0,False,2480.3,4,6,0.6666666666666666,2.2079220669714306,0.33968590251410563,False,False
290051427,11.5461,3742.0,0.612391,1,26.05,0.71624,4264.9178,4.08,7900.0,5.94,49.0,33,1.8,12.7,49.8,3.4,1.0,0,,False,,0,0,False,23048.9,26,33,0.7878787878787878,1.2131477139306923,3.3631518677807875,False,False
402683652,12.4254,3136.0,0.30821,6,2469.82,0.50616,1629.6297,3.0,2127.0,1.55,48.9,271,0.3,66.0,55.2,5.3,1.0,1,,False,,0,0,False,4939.4,188,271,0.6937269372693727,0.6837049405043627,4.387857717960804,False,False
318269941,11.3574,3628.0,0.560664,5,2528.43,4.7649,1573.4435,6.3,2458.0,3.03,48.9,26,2.9,5.4,41.3,2.5,1.0,6,"00318269941-02(1:3,ntoi=2)",True,,0,0,False,2548.2,25,25,1.0,2.1512687652469777,2.928504379264171,False,False
32811633,11.663,3219.0,0.221452,6,2822.28,57.41127,1498.1424,4.2,21676.0,3.56,48.8,2,0.0,-1.1,55.0,3.4,2.0,0,,False,,0,0,False,8287.7,2,2,1.0,2.6549748815874246,1.581935870326877,False,False
327710327,11.5442,3491.0,0.350476,8,2879.03,67.49782,1344.7201,2.25,18725.0,5.23,48.6,3,17.0,-3.3,37.9,4.4,2.0,3,,False,,0,0,False,5360.2,3,3,1.0,3.805488366028155,0.5912513148340954,False,False
402683652,12.4254,3136.0,0.30821,6,2469.82,0.75926,1629.6047,2.4,2710.0,1.75,48.6,179,1.6,-18.7,52.0,4.9,1.0,1,,False,,0,0,False,4939.4,135,179,0.7541899441340782,0.7826536552339342,3.066490501833334,False,False
276967501,11.7705,3379.0,0.535586,10,2522.58,46.55621,1657.6459,4.08,5868.0,4.48,48.5,6,13.4,-1.0,50.7,4.7,2.0,21,"00276967501-01(1:3,ntoi=1)",True,,0,0,False,2335.2,5,6,0.8333333333333334,4.460877641025672,0.9146182272468478,False,False
394137224,10.1543,3439.0,0.634621,8,2879.02,6.47646,1329.9243,6.3,908.0,2.09,48.5,24,7.8,-0.1,60.2,5.1,0.5,19,,False,,0,0,False,1011.7,18,24,0.75,2.5881959260229217,2.434127933150995,False,False
41862482,12.3514,3143.0,0.282368,8,2904.61,21.026,1388.4308,0.75,20417.0,4.4,48.3,6,32.5,-1.9,77.4,2.7,2.0,0,,False,,0,0,False,2480.3,5,6,0.8333333333333334,2.2335936480353027,0.3357817571963949,False,False
325220989,11.8288,3252.0,0.432769,9,2851.9,4.78851,1328.9414,7.92,1535.0,1.85,48.0,42,5.1,-21.5,33.0,3.3,1.0,11,"00325220989-01(3:1,ntoi=2);00325220989-01(3:1,ntoi=3);00325220989-01(3:1,ntoi=1)",True,,0,0,False,2002.2,40,42,0.9523809523809523,1.8132006088596162,4.367966766226247,False,False
394134586,10.2819,3461.0,0.352722,7,2879.02,33.2807,1354.2743,2.1,4982.0,2.72,47.9,3,54.9,-1.7,55.3,3.0,2.0,3,,False,,0,0,False,1116.5,3,3,1.0,3.01921571760899,0.6955448687393079,False,False
273369281,12.4134,2908.0,0.138218,10,2851.91,3.24409,1326.0586,6.0,2221.0,0.71,47.7,69,0.4,-40.1,30.5,3.3,1.0,10,,False,,0,0,False,3001.8,69,69,1.0,0.7440731988677055,8.06372277503142,False,False
290051427,11.5461,3742.0,0.612391,1,26.05,12.1927,4274.5311,0.5,72080.0,17.94,47.6,2,16.6,12.8,47.6,3.1,1.0,0,,False,,0,0,False,23048.9,2,2,1.0,3.120763010187668,0.16021722840464336,False,False
259845346,11.2054,3344.0,0.522994,10,2907.31,1.99019,1327.3698,7.92,706.0,1.52,47.6,109,1.0,2.1,28.3,3.2,0.5,25,,False,,0,0,False,1517.4,100,108,0.9259259259259259,1.5352211503392412,5.158865873004616,False,False
316976676,12.0093,3241.0,0.257512,12,2661.1,1.63693,1327.3813,7.92,927.0,0.86,47.4,167,0.1,-4.4,34.2,10.8,1.0,0,,False,,0,0,False,1711.0,161,167,0.9640718562874252,0.8969122961166377,8.8302948173319,False,False
327710327,11.5442,3491.0,0.350476,8,2879.03,79.89873,1362.6201,3.0,23370.0,5.85,47.4,2,8.1,0.6,37.1,4.3,2.0,3,,False,,0,0,False,5360.2,2,2,1.0,4.025567456089706,0.7452365493122537,False,False
394134586,10.2819,3461.0,0.352722,7,2879.02,30.64036,1343.668,1.2,5087.0,2.74,47.3,5,55.8,-0.8,55.9,3.0,2.0,3,,False,,0,0,False,1116.5,4,5,0.8,2.9371623154672166,0.4085576046242834,False,False
446764692,10.7217,3285.0,0.411081,5,2528.39,25.2374,1561.9043,7.2,4367.0,2.96,47.3,3,3.8,2.6,45.8,3.8,1.0,17,"00446764692-01(1:1,ntoi=4);00446764692-04(1:1,ntoi=4)",True,,0,0,False,1612.9,3,3,1.0,3.049121759789446,2.3613356786700406,False,False
290051427,11.5461,3742.0,0.612391,1,26.05,11.83785,4274.8915,0.5,97080.0,20.82,47.2,2,0.7,0.5,47.2,3.0,1.0,0,,False,,0,0,False,23048.9,1,1,1.0,3.0901894432175774,0.16180237787602703,False,False
118053599,11.1269,3364.0,0.633757,6,2547.32,24.14876,1662.7727,4.2,3499.0,4.09,46.9,7,17.0,0.6,58.8,2.8,2.0,8,,False,,0,0,False,2213.6,5,7,0.7142857142857143,4.009791140721989,1.0474361014333937,False,False
167748737,11.3136,3435.0,0.547227,1,25.35,2.10705,4266.249,7.92,2349.0,2.89,46.7,10,3.2,16.4,43.4,4.8,1.0,1,,False,,0,0,False,1872.3,10,10,1.0,1.612667817796754,4.911116792062235,False,False
279726713,12.3599,3301.0,0.303843,9,2633.97,1.91824,1355.8026,7.92,1340.0,1.21,46.6,109,0.5,-21.6,13.9,3.1,1.0,10,,False,,0,0,False,2399.7,98,109,0.8990825688073395,1.0558659025024273,7.500952517956505,False,False
167748737,11.3136,3435.0,0.547227,1,25.35,2.09127,4266.279,7.92,2328.0,2.88,46.5,10,2.4,16.9,31.5,3.0,1.0,1,,False,,0,0,False,1872.3,10,10,1.0,1.608631892140559,4.923438381829599,False,False
146636926,11.4694,3334.0,0.370471,7,2874.19,65.00638,1392.6773,3.6,8298.0,3.68,46.5,2,19.0,-4.1,46.1,3.5,2.0,8,,False,,0,0,False,1912.4,2,2,1.0,3.899687141904723,0.9231509782709525,False,False
24587624,11.5142,3594.0,0.602419,5,2852.46,2.94413,1440.7423,6.3,1454.0,2.51,46.4,38,1.8,-10.5,39.0,3.0,1.0,2,,False,,0,0,False,1890.2,37,38,0.9736842105263158,1.922175609284662,3.2775361260278117,False,False
41862482,12.3514,3143.0,0.282368,8,2904.61,23.12651,1392.8006,0.75,18258.0,4.16,46.2,6,29.7,1.3,77.7,2.7,2.0,0,,False,,0,0,False,2480.3,5,6,0.8333333333333334,2.3056248559586736,0.3252914272075505,False,False
381285222,11.4602,3280.0,0.463848,5,2548.31,7.23879,1636.2169,6.3,2249.0,2.4,46.1,20,1.7,-16.3,17.2,2.6,1.0,0,,False,,0,0,False,2418.1,17,20,0.85,2.1794525198125823,2.8906342041081747,False,False
441051650,10.8206,3326.0,0.360044,5,2936.46,46.40817,1391.8891,6.3,5005.0,2.78,46.0,2,10.8,8.4,41.5,3.5,2.0,7,"00441051650-01(2:1,ntoi=1);00441051650-01(2:1,ntoi=2)",True,,0,0,False,1403.4,2,2,1.0,3.41961195817445,1.8423142967844914,False,False
441051650,10.8206,3326.0,0.360044,5,2936.46,35.57972,1387.2391,6.3,5005.0,2.78,46.0,2,0.0,3.9,38.9,3.2,2.0,7,,False,,0,0,False,1403.4,2,2,1.0,3.1297731082509723,2.0129254684281768,False,False
118053599,11.1269,3364.0,0.633757,6,2547.32,6.2437,1662.9477,4.2,1917.0,3.03,45.9,23,3.5,2.9,69.9,3.8,1.0,8,"00118053599-02(2:1,ntoi=2);00118053599-01(2:1,ntoi=1)",True,,0,0,False,2213.6,18,23,0.782608695652174,2.5544896619985806,1.6441640232413413,False,False
382432832,10.9424,3778.0,0.560021,7,2168.04,0.7091,2036.9162,7.2,758.0,1.68,45.8,206,1.0,-13.8,39.5,12.4,1.0,0,,False,,0,0,False,1541.3,192,205,0.9365853658536586,1.1391484694429372,6.32051062099124,False,False
146636926,11.4694,3334.0,0.370471,7,2874.19,63.01478,1415.3273,4.5,7740.0,3.56,45.8,2,0.0,4.8,46.1,3.5,2.0,8,,False,,0,0,False,1912.4,2,2,1.0,3.859448474195849,1.1659697052796167,False,False
32811633,11.663,3219.0,0.221452,6,2822.28,44.23564,1502.7955,3.15,15747.0,3.03,45.8,4,29.8,10.1,59.4,3.8,2.0,0,,False,,0,0,False,8287.7,3,4,0.75,2.43399007851686,1.2941712572302009,False,False
263350818,9.91804,3725.0,0.595305,7,2520.79,35.62121,1636.5077,6.0,1987.0,2.9,45.6,4,24.4,-15.4,51.6,3.1,1.0,10,,False,,0,0,False,1086.6,4,4,1.0,4.377950734325849,1.370504229971406,False,False
281670243,11.4104,3305.0,0.489856,9,2878.5,8.90072,1354.4545,7.92,1672.0,2.19,45.5,23,6.7,-10.4,31.4,2.5,1.0,6,,False,,0,0,False,2288.7,23,23,1.0,2.421376342886738,3.2708670105192583,False,False
355766445,10.799,3524.0,0.602747,9,2879.02,56.054,1354.1965,5.04,3205.0,3.72,45.2,4,14.8,-0.9,44.4,3.5,2.0,19,,False,,0,0,False,1443.7,4,4,1.0,5.134528104955441,0.981589719050479,False,False
290051427,11.5461,3742.0,0.612391,1,26.05,2.14354,4266.3778,4.08,11908.0,7.29,44.9,11,15.4,-15.6,46.0,2.9,1.0,0,,False,,0,0,False,23048.9,11,11,1.0,1.7482546460159272,2.3337561317499453,False,False
279726713,12.3599,3301.0,0.303843,9,2633.97,3.80918,1357.3026,7.92,1692.0,1.36,44.2,56,1.4,45.8,28.6,3.4,0.5,10,"00279726713-01(3:1,ntoi=1)",True,,0,0,False,2399.7,52,56,0.9285714285714286,1.327144717555644,5.967698846428128,False,False
201938513,10.8024,3494.0,0.575356,6,2633.96,35.55358,1367.2203,3.15,5955.0,4.84,43.5,2,14.9,-6.1,39.0,4.3,1.0,23,,False,,0,0,False,1359.6,2,2,1.0,4.276881042029483,0.7365180300888726,False,False
165909066,12.4729,3318.0,0.61149,6,2527.97,17.22465,1586.6976,6.3,5637.0,5.01,43.5,10,10.9,-12.3,28.8,2.9,1.0,7,,False,,0,0,False,5435.5,9,10,0.9,3.4982539683882474,1.8008984072996286,False,False
355766445,10.799,3524.0,0.602747,9,2879.02,39.60797,1339.599,6.12,3192.0,3.72,43.3,3,13.3,5.2,49.0,3.5,2.0,19,,False,,0,0,False,1443.7,3,3,1.0,4.5732596607099785,1.3382139773471549,False,False
31373667,11.8902,3258.0,0.545087,6,2852.47,32.44524,1457.5592,2.1,18381.0,8.06,43.2,2,10.0,-6.8,44.3,3.3,2.0,3,,False,,0,0,False,2616.2,1,1,1.0,4.001619960398979,0.5247874662716899,False,False
41862482,12.3514,3143.0,0.282368,8,2904.61,18.42359,1391.1574,0.62,19142.0,4.26,43.1,7,30.9,0.4,80.9,2.9,2.0,0,,False,,0,0,False,2480.3,4,6,0.6666666666666666,2.137355185948325,0.2900781321120999,False,False
234508663,11.1966,3712.0,0.57303,6,2142.47,39.47102,2101.1872,1.12,17300.0,8.22,42.8,3,7.2,2.6,34.7,3.6,2.0,1,,False,,0,0,False,2021.3,2,2,1.0,4.416578799149387,0.25358995071382107,False,False
276967501,11.7705,3379.0,0.535586,10,2522.58,53.9081,1645.3559,4.08,7067.0,4.91,42.5,3,22.4,-4.7,42.4,5.0,2.0,21,,False,,0,0,False,2335.2,2,3,0.6666666666666666,4.684311636045572,0.8709924353889223,False,False
441051650,10.8206,3326.0,0.360044,5,2936.46,40.7697,1367.1766,6.3,5784.0,2.99,42.5,2,3.4,6.7,38.6,3.1,2.0,7,,False,,0,0,False,1403.4,2,2,1.0,3.2750996447197767,1.9236055947662745,False,False
441051650,10.8206,3326.0,0.360044,5,2936.46,39.8831,1367.1766,6.3,5974.0,3.04,42.5,2,0.0,0.8,41.8,3.5,2.0,7,,False,,0,0,False,1403.4,2,2,1.0,3.251184744769098,1.9377551552972212,False,False
394134586,10.2819,3461.0,0.352722,7,2879.02,29.82029,1332.4118,1.5,4631.0,2.62,42.4,4,30.7,0.1,56.4,3.1,2.0,3,,False,,0,0,False,1116.5,4,4,1.0,2.9107212318679965,0.5153361935101404,False,False
251845153,10.4417,3334.0,0.557728,5,2936.46,20.81507,1359.2448,6.0,2487.0,3.03,41.9,5,3.3,-6.2,44.1,2.8,2.0,14,,False,,0,0,False,2030.5,5,5,1.0,3.504417857846371,1.7121245934088698,False,False
24587624,11.5142,3594.0,0.602419,5,2852.46,4.90691,1439.7673,6.3,1664.0,2.68,41.9,23,0.3,-10.1,35.3,2.5,1.0,2,,False,,0,0,False,1890.2,23,23,1.0,2.2789953133236796,2.7643760227010294,False,False
41862482,12.3514,3143.0,0.282368,8,2904.61,16.69412,1393.7017,0.75,15264.0,3.81,41.8,7,37.4,-0.2,77.8,2.7,2.0,0,,False,,0,0,False,2480.3,5,7,0.7142857142857143,2.068266302335014,0.36262254969452984,False,False
234506911,10.7682,3526.0,0.590838,10,2879.02,36.4685,1342.0187,3.0,2765.0,3.39,41.7,7,6.2,7.8,53.9,4.1,2.0,30,,False,,0,0,False,1332.0,6,7,0.8571428571428571,4.390289986560851,0.6833261605004048,False,False
152970468,9.78832,3751.0,0.485889,7,2874.19,0.7347,1386.3206,4.2,277.0,0.88,41.7,229,0.6,56.1,27.9,8.4,1.0,3,"00152970468-01(1:2,ntoi=3);00152970468-03(1:1,ntoi=3);00152970468-02(1:1,ntoi=3)",True,,0,0,False,507.3,210,228,0.9210526315789473,1.0485834980667663,4.005403487412668,False,False
355766445,10.799,3524.0,0.602747,9,2879.02,37.43099,1331.364,4.68,2547.0,3.32,41.5,6,32.7,1.8,48.1,3.4,2.0,19,,False,,0,0,False,1443.7,5,6,0.8333333333333334,4.487888966186735,1.0428065478581787,False,False
44796808,10.8608,3555.0,0.492865,5,2879.66,34.08661,1420.3694,6.3,4732.0,3.7,41.4,2,4.5,-0.3,39.0,4.1,2.0,4,,False,,0,0,False,1129.5,2,2,1.0,3.8038339499793064,1.6562237160836826,False,False
44796808,10.8608,3555.0,0.492865,5,2879.66,35.18211,1419.2631,7.2,4710.0,3.69,41.3,2,0.0,-0.8,39.0,4.1,2.0,4,,False,,0,0,False,1129.5,2,2,1.0,3.8441551467266653,1.8729733127787178,False,False
146636926,11.4694,3334.0,0.370471,7,2874.19,61.61426,1415.3273,4.5,5391.0,2.97,41.2,3,3.7,-1.3,46.6,3.5,2.0,8,,False,,0,0,False,1912.4,3,3,1.0,3.83064157672974,1.1747379413768329,False,False
234506911,10.7682,3526.0,0.590838,10,2879.02,34.88265,1353.1249,2.34,5463.0,4.76,41.1,2,0.0,8.2,53.5,4.0,2.0,30,,False,,0,0,False,1332.0,2,2,1.0,4.32570664551987,0.5409520782976662,False,False
404664390,12.3602,3578.0,0.5061,1,25.04,1.30678,4180.5259,1.02,10555.0,5.67,41.0,16,0.1,36.4,29.0,4.8,0.5,1,"00404664390-01(1:2,ntoi=1)",True,,0,0,False,3912.9,16,16,1.0,1.3054693461993105,0.7813281889533338,False,False
201938513,10.8024,3494.0,0.575356,6,2633.96,66.09598,1402.7797,3.6,4359.0,4.14,40.9,3,13.8,1.7,39.9,4.5,2.0,23,,False,,0,0,False,1359.6,3,3,1.0,5.258853514631088,0.6845598551060882,False,False
234290432,10.4378,3617.0,0.633033,6,2879.01,13.19013,1336.0559,6.0,1694.0,2.84,40.8,7,2.5,6.1,47.3,4.2,2.0,17,,False,,0,0,False,989.4,6,7,0.8571428571428571,3.2752331391323737,1.8319306580994814,False,False
144219766,11.5725,3382.0,0.530238,5,2553.76,4.01395,1573.6446,7.2,1460.0,2.21,40.8,30,2.0,38.5,25.2,3.1,0.5,6,"00144219766-01(3:1,ntoi=1)",True,,0,0,False,1696.6,30,30,1.0,1.9575499198702797,3.678067122026252,False,False
234506911,10.7682,3526.0,0.590838,10,2879.02,28.26259,1336.5799,2.34,3187.0,3.64,40.6,6,31.7,2.6,40.5,4.1,2.0,30,,False,,0,0,False,1332.0,5,6,0.8333333333333334,4.0326564612245095,0.5802626686651763,False,False
394137224,10.1543,3439.0,0.634621,8,2879.02,24.14868,1341.2493,4.5,1509.0,2.69,40.6,8,4.6,2.7,39.1,5.0,1.0,19,"00394137224-03(2:1,ntoi=3)",True,,0,0,False,1011.7,8,8,1.0,4.013430242893685,1.1212353841125933,False,False
325220989,11.8288,3252.0,0.432769,9,2851.9,7.98081,1327.3664,7.92,1566.0,1.87,40.5,28,3.7,-18.3,13.3,2.5,1.0,11,,False,,0,0,False,2002.2,28,28,1.0,2.1497834435349645,3.6840920064845535,False,False
306900946,11.705,3530.0,0.429551,6,379.89,0.95801,3666.5288,1.12,1733.0,1.95,40.5,152,0.6,41.7,32.6,12.2,1.0,11,"00306900946-02(1:2,ntoi=2);00306900946-01(1:2,ntoi=2);00306900946-01(1:2,ntoi=2);00306900946-02(1:2,ntoi=2);00306900946-01(1:2,ntoi=1);00306900946-01(1:2,ntoi=1);00306900946-01(1:2,ntoi=2);00306900946-02(1:2,ntoi=2);00306900946-01(1:2,ntoi=2);00306900946-02(1:2,ntoi=2);00306900946-01(1:2,ntoi=1)",True,,0,0,False,1442.2,148,152,0.9736842105263158,1.0552162350457885,1.061393828869019,False,False
197598732,10.9903,3310.0,0.326131,5,2934.84,0.63756,1326.0265,6.3,573.0,0.85,40.5,168,2.0,-15.7,30.3,3.1,1.0,0,,False,,0,0,False,1101.5,129,168,0.7678571428571429,0.7667316120560934,8.216695256774019,False,False
219398128,11.2735,3417.0,0.40943,10,2602.13,5.836,1387.447,7.92,898.0,1.34,40.4,42,0.1,-6.6,30.4,4.6,1.0,15,,False,,0,0,False,1332.8,39,42,0.9285714285714286,1.8665222128400183,4.243185505919737,False,False
325220989,11.8288,3252.0,0.432769,9,2851.9,7.98094,1327.3514,7.92,1558.0,1.86,40.4,28,3.9,-17.9,25.1,3.2,1.0,11,,False,,0,0,False,2002.2,28,28,1.0,2.149795116131699,3.6840720032200553,False,False
197598732,10.9903,3310.0,0.326131,5,2934.84,0.62455,1325.6328,7.2,563.0,0.84,40.4,170,0.7,-6.9,27.4,2.7,1.0,0,,False,,0,0,False,1101.5,135,170,0.7941176470588235,0.7614804414465365,9.455265832333938,False,False
219396049,12.2533,3329.0,0.520868,8,2634.76,40.95576,1437.0173,6.3,8521.0,5.25,40.2,2,0.0,6.4,49.5,2.9,2.0,14,,False,,0,0,False,3350.6,2,2,1.0,4.195641847830722,1.5015580996879647,False,False
44796808,10.8608,3555.0,0.492865,5,2879.66,33.50703,1420.9131,7.2,4506.0,3.61,40.0,2,0.0,2.6,39.0,4.1,2.0,4,,False,,0,0,False,1129.5,2,2,1.0,3.7821515291375793,1.9036783546432292,False,False
317385747,11.1385,3398.0,0.392529,5,2528.75,0.77882,1571.5875,7.2,898.0,1.28,39.9,147,7.4,-16.8,51.6,3.4,1.0,8,,False,,0,0,False,2710.8,86,147,0.5850340136054422,0.9274029887369051,7.763615264822667,False,False
276967501,11.7705,3379.0,0.535586,10,2522.58,51.45734,1655.1859,3.6,7591.0,5.09,39.8,3,13.6,-4.2,44.2,3.9,2.0,21,,False,,0,0,False,2335.2,3,3,1.0,4.612222133741863,0.7805348258626359,False,False
293689266,9.06092,3842.0,0.629474,8,2577.39,14.81035,1470.2159,4.2,961.0,2.13,39.6,12,3.8,-0.5,27.0,8.1,1.0,11,"00293689266-01(1:1,ntoi=1);00293689266-01(1:1,ntoi=1);00293689266-01(1:1,ntoi=2);00293689266-01(1:1,ntoi=2);00293689266-01(1:1,ntoi=1);00293689266-01(1:1,ntoi=1);00293689266-01(1:1,ntoi=1);00293689266-01(1:1,ntoi=1)",True,CTOI293689267.01(1:1),0,1,False,531.3,12,12,1.0,3.3914227754164865,1.2384182917106865,True,False
152479307,11.6588,3281.0,0.623724,7,2527.12,9.6895,1572.0745,6.3,2103.0,3.12,39.3,18,2.9,-17.8,34.1,2.8,1.0,18,,False,,0,0,False,2069.1,17,18,0.9444444444444444,2.926198072978687,2.152964304834974,False,False
318269941,11.3574,3628.0,0.560664,5,2528.43,0.53025,1571.231,6.3,929.0,1.86,39.2,211,3.0,-3.0,25.1,3.8,1.0,6,"00318269941-02(3:1,ntoi=2)",True,,0,0,False,2548.2,140,211,0.6635071090047393,1.0347536503848176,6.0884056776770725,False,False
290674357,12.1656,3344.0,0.625836,6,2528.8,53.05204,1600.425,1.8,64443.0,17.33,39.0,2,16.4,2.2,45.4,6.3,2.0,2,,False,,0,0,False,5105.1,1,1,1.0,5.169112899910555,0.3482222259125249,False,False
100510452,11.9548,3391.0,0.519953,7,2852.47,42.02038,1471.5428,4.2,9102.0,5.41,38.9,2,28.0,-2.7,47.1,3.8,2.0,12,,False,,0,0,False,2354.1,2,2,1.0,4.226728427220507,0.9936763320187848,False,False
197598732,10.9903,3310.0,0.326131,5,2934.84,1.89626,1326.739,4.5,895.0,1.06,38.9,56,0.8,-30.3,28.8,2.9,1.0,0,,False,,0,0,False,1101.5,55,56,0.9821428571428571,1.1026448247670537,4.0810965588585395,False,False
372106647,12.1386,3275.0,0.465176,7,2545.99,3.5231,1660.0499,4.5,2074.0,2.31,38.8,40,3.1,-16.4,33.8,2.6,1.0,3,,False,,0,0,False,2710.9,39,40,0.975,1.717624201685291,2.6198978773032597,False,False
279726713,12.3599,3301.0,0.303843,9,2633.97,5.71374,1357.3026,7.92,1742.0,1.38,38.5,39,0.4,-4.1,30.5,3.7,1.0,10,"00279726713-01(2:1,ntoi=1)",True,,0,0,False,2399.7,39,39,1.0,1.5191988012681952,5.213274255738321,False,False
201938513,10.8024,3494.0,0.575356,6,2633.96,49.49675,1402.7672,2.4,4477.0,4.2,38.0,3,21.3,-2.4,41.3,4.7,2.0,23,"00201938513-01(2:1,ntoi=5)",True,,0,0,False,1359.6,3,3,1.0,4.775567114225349,0.5025581135381672,False,False
394137224,10.1543,3439.0,0.634621,8,2879.02,38.71717,1345.7306,6.0,1695.0,2.85,37.9,5,1.3,-5.0,44.9,3.4,2.0,19,,False,,0,0,False,1011.7,3,5,0.6,4.697344965051028,1.2773173025700533,False,False
316976676,12.0093,3241.0,0.257512,12,2661.1,1.64718,1327.3513,7.92,743.0,0.77,37.8,166,0.2,-15.6,12.2,3.4,1.0,0,,False,,0,0,False,1711.0,156,166,0.9397590361445783,0.898780473899701,8.811940434838407,False,False
327710327,11.5442,3491.0,0.350476,8,2879.03,46.76858,1326.7638,2.1,13116.0,4.38,37.7,3,16.1,0.0,38.0,4.4,1.0,3,,False,,0,0,False,5360.2,3,3,1.0,3.367429749842641,0.6236210273126359,False,False
31373667,11.8902,3258.0,0.545087,6,2852.47,53.42227,1448.9092,2.1,8572.0,5.51,37.5,4,29.0,-1.8,44.3,3.3,2.0,3,,False,,0,0,False,2616.2,2,4,0.5,4.725266308363499,0.4444193962746817,False,False
234508664,10.7608,3889.0,0.61696,6,2142.47,42.19342,2083.5138,0.75,11425.0,7.19,37.1,2,0.0,-0.1,47.2,4.0,2.0,1,,False,,0,0,False,1304.7,2,2,1.0,4.743816436386171,0.15810055259460007,False,False
201938513,10.8024,3494.0,0.575356,6,2633.96,36.28105,1387.4328,3.15,7806.0,5.55,37.1,2,0.0,-4.6,39.0,4.3,1.0,23,,False,,0,0,False,1359.6,2,2,1.0,4.305854404381163,0.7315621254622328,False,False
251845153,10.4417,3334.0,0.557728,5,2936.46,2.56817,1355.9323,3.0,1086.0,2.01,36.8,41,14.9,2.2,45.7,3.0,2.0,14,,False,,0,0,False,2030.5,26,40,0.65,1.7446079572899993,1.7195840403365314,False,False
234508664,10.7608,3889.0,0.61696,6,2142.47,43.27437,2072.7388,0.75,11387.0,7.18,36.6,2,29.0,2.3,47.2,4.0,2.0,1,,False,,0,0,False,1304.7,2,2,1.0,4.783985822693701,0.15677303984519342,False,False
276967501,11.7705,3379.0,0.535586,10,2522.58,31.25101,1656.3146,3.06,8227.0,5.3,36.4,3,9.3,3.1,43.3,5.1,1.0,21,"00276967501-01(1:2,ntoi=2)",True,,0,0,False,2335.2,2,3,0.6666666666666666,3.9058520696226426,0.7834398091517165,False,False
234508664,10.7608,3889.0,0.61696,6,2142.47,28.64993,2073.0888,0.75,11280.0,7.15,36.3,2,29.3,0.8,47.2,4.0,2.0,1,,False,,0,0,False,1304.7,2,2,1.0,4.169533693622756,0.17987622960023433,False,False
100510452,11.9548,3391.0,0.519953,7,2852.47,39.85133,1471.5428,4.2,7797.0,5.01,36.2,2,0.0,2.5,50.0,4.2,2.0,12,,False,,0,0,False,2354.1,2,2,1.0,4.15271340341263,1.0113869154920518,False,False
394137224,10.1543,3439.0,0.634621,8,2879.02,21.56287,1335.0993,6.3,1220.0,2.42,35.9,8,5.3,-1.4,47.5,3.7,1.0,19,"00394137224-01(1:2,ntoi=1)",True,,0,0,False,1011.7,7,8,0.875,3.8647384529512405,1.6301232481046974,False,False
394017574,12.0817,3568.0,0.351628,7,2196.3,52.00417,2047.5647,3.6,18770.0,5.26,35.5,3,4.2,1.2,37.1,5.8,1.0,2,,False,,0,0,False,12479.3,3,3,1.0,3.4963104167371886,1.0296568584890058,False,False
234506911,10.7682,3526.0,0.590838,10,2879.02,29.75041,1327.6324,3.06,1994.0,2.88,35.2,9,25.7,7.6,40.5,4.1,2.0,30,"00234506911-01(1:2,ntoi=1)",True,,0,0,False,1332.0,7,9,0.7777777777777778,4.102213177439181,0.7459388061130003,False,False
281670243,11.4104,3305.0,0.489856,9,2878.5,19.64982,1367.842,6.12,2699.0,2.78,35.2,7,5.3,0.2,30.7,2.7,2.0,6,"00281670243-01(1:1,ntoi=1)",True,,0,0,False,2288.7,7,7,1.0,3.1528751537870976,1.9410854225067935,False,False
229141941,12.2161,3278.0,0.372439,6,2878.5,43.67026,1366.0806,4.2,9631.0,3.99,35.2,2,9.6,0.2,32.1,2.6,2.0,8,,False,,0,0,False,3054.2,2,2,1.0,3.4274699392666315,1.2253936794260156,False,False
165941376,10.8349,3369.0,0.56777,5,2874.19,26.38741,1402.6152,3.6,4126.0,3.98,35.1,3,8.2,-12.6,18.4,3.8,2.0,4,,False,,0,0,False,2087.1,3,3,1.0,3.8381520602228814,0.9379513743889939,False,False
152479307,11.6588,3281.0,0.623724,7,2527.12,39.55923,1609.6932,4.2,7444.0,5.87,34.9,2,0.0,3.5,32.8,2.7,2.0,18,"00152479307-01(1:3,ntoi=1)",True,,0,0,False,2069.1,2,2,1.0,4.676840305794429,0.8980422091377288,False,False
281670243,11.4104,3305.0,0.489856,9,2878.5,0.59442,1354.387,7.56,502.0,1.2,34.8,324,2.2,0.0,23.3,3.3,1.0,6,,False,,0,0,False,2288.7,196,324,0.6049382716049383,0.9823925335735265,7.695498226660918,False,False
251845153,10.4417,3334.0,0.557728,5,2936.46,0.63043,1354.5448,6.0,454.0,1.3,34.8,171,3.3,-0.1,45.8,3.0,1.0,14,,False,,0,0,False,2030.5,110,171,0.6432748538011696,1.0923677836716752,5.492655577806179,False,False
31373667,11.8902,3258.0,0.545087,6,2852.47,15.47206,1448.9092,2.1,5887.0,4.56,34.7,7,6.9,-1.4,44.3,3.3,1.0,3,,False,,0,0,False,2616.2,6,7,0.8571428571428571,3.1263305223658797,0.6717140062371926,False,False
44796808,10.8608,3555.0,0.492865,5,2879.66,32.60792,1421.8131,7.2,2423.0,2.65,34.7,3,18.4,-1.6,32.2,3.0,2.0,4,,False,,0,0,False,1129.5,3,3,1.0,3.748014928171341,1.9210168950722095,False,False
304234457,11.4817,3719.0,0.480816,6,1817.61,29.43748,2306.2745,4.2,11150.0,5.54,34.5,2,127.7,-1.9,129.7,6.0,2.0,0,,False,,0,0,False,12495.7,2,2,1.0,3.5630980862195196,1.178749475419645,False,False
1206529116,11.7845,3838.0,0.446324,6,1815.49,23.43388,2363.7827,2.4,8812.0,4.57,34.4,8,32.3,2.7,21.8,3.7,2.0,0,,False,,0,0,False,3633.0,4,8,0.5,3.142364223881683,0.7637561495132288,False,False
234506911,10.7682,3526.0,0.590838,10,2879.02,40.26029,1349.9224,3.06,2372.0,3.14,34.3,6,15.1,4.4,56.8,4.4,2.0,30,"00234506911-02(1:3,ntoi=3)",True,,0,0,False,1332.0,5,6,0.8333333333333334,4.537460665372581,0.674386011398897,False,False
209450385,11.3766,3645.0,0.454664,6,2879.66,50.26559,1418.5511,4.2,12521.0,5.55,34.0,2,0.0,1.3,26.0,2.8,2.0,0,,False,,0,0,False,2476.4,2,2,1.0,4.10291261940498,1.0236630388216994,False,False
306900946,11.705,3530.0,0.429551,6,379.89,1.43702,3666.046,1.2,1707.0,1.94,33.9,102,0.6,6.6,27.0,9.7,1.0,11,"00306900946-02(1:3,ntoi=2);00306900946-01(1:3,ntoi=2);00306900946-01(1:3,ntoi=2);00306900946-02(1:3,ntoi=2);00306900946-01(1:3,ntoi=1);00306900946-01(1:3,ntoi=1);00306900946-01(1:3,ntoi=2);00306900946-02(1:3,ntoi=2);00306900946-01(1:3,ntoi=2);00306900946-02(1:3,ntoi=2);00306900946-01(1:3,ntoi=1)",True,,0,0,False,1442.2,102,102,1.0,1.2079224541896434,0.9934412559662545,False,False
165941376,10.8349,3369.0,0.56777,5,2874.19,43.08829,1425.259,6.0,7088.0,5.21,33.9,2,0.0,4.0,17.8,3.5,2.0,4,"00165941376-01(1:3,ntoi=1)",True,,0,0,False,2087.1,2,2,1.0,4.519700683186969,1.3275215375035037,False,False
234506911,10.7682,3526.0,0.590838,10,2879.02,28.98721,1346.7274,2.34,2201.0,3.02,33.8,9,10.7,2.8,40.5,4.1,2.0,30,,False,,0,0,False,1332.0,6,9,0.6666666666666666,4.066830255603501,0.5753866901073188,False,False
276967501,11.7705,3379.0,0.535586,10,2522.58,45.33814,1650.0659,5.04,3576.0,3.49,33.8,6,28.4,-3.0,37.7,3.0,2.0,21,,False,,0,0,False,2335.2,5,6,0.8333333333333334,4.421629386049281,1.139851299139124,False,False
31373667,11.8902,3258.0,0.545087,6,2852.47,34.08613,1451.1467,2.1,8145.0,5.37,33.1,4,13.8,-4.4,44.3,3.3,2.0,3,,False,,0,0,False,2616.2,4,4,1.0,4.067973130460334,0.5162275985245661,False,False
152970468,9.78832,3751.0,0.485889,7,2874.19,1.10205,1386.6956,4.2,253.0,0.84,33.0,154,0.4,-26.5,22.2,6.3,1.0,3,"00152970468-01(1:3,ntoi=3)",True,,0,0,False,507.3,146,154,0.948051948051948,1.2003284647434216,3.4990422399903505,False,False
178947176,9.87578,3323.0,0.403006,5,2852.49,43.20558,1475.1819,2.25,3002.0,2.41,32.9,3,10.9,6.2,29.5,3.6,2.0,10,,False,,0,0,False,852.3,3,3,1.0,3.59966911539289,0.6250574505247051,False,False
316976676,12.0093,3241.0,0.257512,12,2661.1,3.27383,1327.3963,7.92,828.0,0.81,32.3,85,2.8,34.9,18.7,5.1,0.5,0,,False,,0,0,False,1711.0,81,85,0.9529411764705882,1.1300352300750525,7.008631049028431,False,False
276967501,11.7705,3379.0,0.535586,10,2522.58,69.09616,1649.8646,4.5,4372.0,3.86,32.0,4,32.6,-1.6,37.5,4.2,2.0,21,,False,,0,0,False,2335.2,3,4,0.75,5.088374594436702,0.8843688522696438,False,False
100510452,11.9548,3391.0,0.519953,7,2852.47,25.34892,1446.1928,4.5,4015.0,3.59,31.5,5,19.7,2.7,42.6,3.3,2.0,12,,False,,0,0,False,2354.1,5,5,1.0,3.571391876986005,1.2600129459323497,False,False
453465810,9.19995,3582.0,0.50961,5,2555.18,20.97994,1544.4434,3.6,962.0,1.72,31.3,6,0.8,-6.3,30.4,3.0,2.0,7,"00453465810-01(2:1,ntoi=1)",True,,0,0,False,658.4,5,6,0.8333333333333334,3.308529431339483,1.0880967132707395,False,False
259845346,11.2054,3344.0,0.522994,10,2907.31,2.97663,1325.7348,7.92,536.0,1.32,31.0,77,0.2,-17.0,24.0,4.7,1.0,25,,False,,0,0,False,1517.4,64,77,0.8311688311688312,1.7556895189720596,4.511048174757624,False,False
152479307,11.6588,3281.0,0.623724,7,2527.12,47.46618,1609.8432,4.2,4592.0,4.61,30.7,3,15.7,7.2,37.2,3.3,2.0,18,"00152479307-03(1:2,ntoi=4)",True,,0,0,False,2069.1,3,3,1.0,4.969713562970368,0.8451191294593818,False,False
234508663,11.1966,3712.0,0.57303,6,2142.47,49.37812,2079.7992,0.75,11614.0,6.74,30.7,3,7.3,-0.6,35.9,3.8,2.0,1,,False,,0,0,False,2021.3,3,3,1.0,4.758879598871636,0.15760012087253275,False,False
304234457,11.4817,3719.0,0.480816,6,1817.61,29.92214,2307.1245,4.2,9546.0,5.13,30.7,2,127.4,0.5,129.7,6.0,2.0,0,,False,,0,0,False,12495.7,1,2,0.5,3.5825460785858048,1.1723505875067302,False,False
290674357,12.1656,3344.0,0.625836,6,2528.8,31.3805,1583.45,4.2,23101.0,10.38,30.5,2,0.0,0.0,10.8,4.0,2.0,2,"00290674357-01(1:3,ntoi=1)",True,,0,0,False,5105.1,2,2,1.0,4.339122802607038,0.9679375742665199,False,False
453465810,9.19995,3582.0,0.50961,5,2555.18,12.88341,1552.4496,4.5,669.0,1.44,30.4,10,4.4,-3.1,28.9,4.5,2.0,7,,False,,0,0,False,658.4,8,10,0.8,2.8121848506091043,1.6001793050785136,False,False
304234457,11.4817,3719.0,0.480816,6,1817.61,28.06286,2304.5745,4.2,9025.0,4.98,30.1,3,58.9,-1.3,129.7,6.0,2.0,0,,False,,0,0,False,12495.7,2,3,0.6666666666666666,3.5067505841883655,1.1976899694370726,False,False
234508663,11.1966,3712.0,0.57303,6,2142.47,50.76001,2072.5201,0.75,12617.0,7.02,30.0,3,24.2,-2.4,35.9,3.7,2.0,1,"00234508663-01(2:1,ntoi=1)",True,,0,0,False,2021.3,2,2,1.0,4.802865593372347,0.15615677462116634,False,False
259845346,11.2054,3344.0,0.522994,10,2907.31,2.97657,1325.7798,6.0,579.0,1.37,29.6,76,1.8,-14.9,15.3,3.0,0.5,25,,False,,0,0,False,1517.4,59,76,0.7763157894736842,1.7556777224013365,3.4174837007064554,False,False
24452802,10.9122,3164.0,0.453104,6,2852.45,7.63459,1444.5354,6.3,906.0,1.49,29.6,19,5.5,-12.1,24.3,2.4,1.0,7,,False,,0,0,False,1155.7,18,19,0.9473684210526315,2.1840812867523067,2.8845080255085183,False,False
276967501,11.7705,3379.0,0.535586,10,2522.58,36.82774,1657.6659,4.08,3797.0,3.6,29.5,5,23.4,-8.9,44.8,4.0,2.0,21,,False,,0,0,False,2335.2,5,5,1.0,4.125590588199005,0.988949318352283,False,False
167748737,11.3136,3435.0,0.547227,1,25.35,6.28958,4268.3565,7.56,2222.0,2.81,29.1,4,3.6,12.5,28.6,2.5,2.0,1,,False,,0,0,False,1872.3,4,4,1.0,2.321990938809283,3.2558266587710145,False,False
391039604,10.33,2898.0,0.130686,7,2502.69,0.51598,1571.031,2.1,418.0,0.29,29.1,312,1.1,33.1,19.3,8.5,1.0,13,"00391039604-02(1:1,ntoi=3);00391039604-03(1:1,ntoi=3);00391039604-03(1:1,ntoi=5);00391039604-04(1:1,ntoi=5);00391039604-05(1:1,ntoi=5);00391039604-04(1:1,ntoi=4);00391039604-03(1:1,ntoi=4)",True,,0,0,False,869.3,282,312,0.9038461538461539,0.38836369731355486,5.407302522162658,False,False
382432832,10.9424,3778.0,0.560021,7,2168.04,1.4182,2037.6474,6.3,610.0,1.51,29.0,103,0.3,34.6,18.4,4.7,0.5,0,,False,,0,0,False,1541.3,95,102,0.9313725490196079,1.435237135606683,4.389518528822732,False,False
453465810,9.19995,3582.0,0.50961,5,2555.18,14.11943,1551.3871,4.8,590.0,1.35,29.0,10,15.5,-2.9,35.0,3.8,2.0,7,"00453465810-01(3:1,ntoi=1)",True,,0,0,False,658.4,7,10,0.7,2.899385593006025,1.655523160347726,False,False
453465810,9.19995,3582.0,0.50961,5,2555.18,15.13753,1558.0246,4.2,763.0,1.54,28.7,7,4.3,-0.3,29.1,2.8,2.0,7,,False,,0,0,False,658.4,6,7,0.8571428571428571,2.967462644774326,1.4153505882866497,False,False
80427281,11.1395,3479.0,0.584255,8,2906.02,22.74256,1359.713,6.3,1630.0,2.57,28.6,7,14.2,3.9,33.9,3.1,2.0,11,,False,,0,0,False,1354.6,7,7,1.0,3.7229714194025245,1.69219671340132,False,False
290674357,12.1656,3344.0,0.625836,6,2528.8,40.94964,1595.9375,2.4,33512.0,12.5,28.6,2,32.9,2.4,36.6,4.8,2.0,2,,False,,0,0,False,5105.1,1,2,0.5,4.741677555965057,0.5061499799750799,False,False
279726713,12.3599,3301.0,0.303843,9,2633.97,9.52326,1359.1701,6.12,1868.0,1.43,28.5,24,4.1,-4.4,19.6,3.0,1.0,10,,False,,0,0,False,2399.7,24,24,1.0,1.801232045259438,3.397674395204597,False,False
326700454,10.6757,3956.0,0.580712,1,26.06,6.86015,4212.123,1.17,10645.0,6.54,27.8,2,1.4,1.7,27.8,4.4,1.0,0,,False,,0,0,True,4489.1,2,2,1.0,2.4867189179866087,0.47049949696256765,False,False
316976676,12.0093,3241.0,0.257512,12,2661.1,4.91083,1330.6513,7.92,875.0,0.83,27.5,53,0.8,-6.3,21.0,5.9,1.0,0,,False,,0,0,False,1711.0,53,53,1.0,1.2935748858562393,6.122567844039131,False,False
219398128,11.2735,3417.0,0.40943,10,2602.13,7.80135,1391.2233,4.5,924.0,1.36,27.1,30,3.1,20.3,11.8,3.4,0.5,15,"00219398128-01(2:1,ntoi=2)",True,,0,0,False,1332.8,30,30,1.0,2.0561335638136837,2.1885737771107983,False,False
48788704,9.8814,3411.0,0.340356,5,2196.32,58.06318,2081.0491,1.12,3298.0,2.13,27.1,3,10.0,-3.8,35.9,4.1,2.0,1,,False,,0,0,False,733.1,3,3,1.0,3.5492030049965106,0.3155638035985212,False,False
220395392,12.0964,3280.0,0.402749,12,1926.23,113.60234,2160.5828,3.78,7970.0,3.92,26.9,4,16.1,1.6,21.0,5.0,2.0,4,,False,,0,0,False,4812.1,4,4,1.0,4.966232338546001,0.7611403861758705,False,False
304234452,11.4953,3561.0,0.490557,6,1817.61,29.46929,2304.362,4.8,8538.0,4.95,26.9,2,0.0,0.9,124.5,6.3,2.0,0,,False,,0,0,False,18062.5,2,2,1.0,3.6123612066534387,1.3287707749599085,False,False
259542669,11.5669,3469.0,0.545593,7,2602.13,50.93927,1393.8566,4.8,3977.0,3.75,26.6,2,26.2,-1.6,29.1,3.2,2.0,9,,False,,0,0,False,1493.8,2,2,1.0,4.653771540611206,1.0314214950417588,False,False
74188694,10.0771,3352.0,0.359816,6,2575.9,49.81868,1652.9277,4.2,2478.0,1.95,26.3,2,0.0,4.0,20.7,3.9,2.0,14,"00074188694-03(1:1,ntoi=4)",True,,0,0,False,840.9,2,2,1.0,3.499929908053267,1.2000240320058657,False,False
234508663,11.1966,3712.0,0.57303,6,2142.47,25.83294,2087.044,0.75,9418.0,6.07,26.3,3,13.7,-2.8,38.4,4.1,2.0,1,,False,,0,0,False,2021.3,3,3,1.0,3.8345800811090225,0.19558856097304086,False,False
306900946,11.705,3530.0,0.429551,6,379.89,2.39506,3666.0507,1.12,1729.0,1.95,26.3,62,2.0,6.0,20.9,7.1,1.0,11,,False,,0,0,False,1442.2,61,62,0.9838709677419355,1.43215574512421,0.7820378501521588,False,False
326700454,10.6757,3956.0,0.580712,1,26.06,7.23056,4211.3823,1.2,5592.0,4.74,26.2,3,3.7,1.2,24.6,3.4,1.0,0,,False,,0,0,False,4489.1,3,3,1.0,2.5306930504204783,0.4741784072946414,False,False
293689266,9.06092,3842.0,0.629474,8,2577.39,7.40522,1470.2159,4.2,430.0,1.42,26.2,27,30.6,1.0,16.0,3.9,2.0,11,"00293689266-01(2:1,ntoi=1);00293689266-01(2:1,ntoi=1);00293689266-01(2:1,ntoi=2);00293689266-01(2:1,ntoi=2);00293689266-01(2:1,ntoi=1);00293689266-01(2:1,ntoi=1);00293689266-01(2:1,ntoi=1);00293689266-01(2:1,ntoi=1)",True,CTOI293689267.01(2:1),0,1,False,531.3,19,27,0.7037037037037037,2.691779493157152,1.5603061137351473,True,False
80427281,11.1395,3479.0,0.584255,8,2906.02,18.19607,1364.0255,6.3,1180.0,2.19,26.2,11,14.6,-0.5,30.6,2.6,2.0,11,,False,,0,0,False,1354.6,9,11,0.8181818181818182,3.456228540415924,1.822796127724197,False,False
80427281,11.1395,3479.0,0.584255,8,2906.02,15.48616,1359.0005,4.5,1484.0,2.46,26.2,10,5.5,3.7,31.7,2.8,2.0,11,"00080427281-01(1:3,ntoi=1)",True,,0,0,False,1354.6,8,10,0.8,3.2753508912775287,1.3738985987680865,False,False
74188694,10.0771,3352.0,0.359816,6,2575.9,40.07246,1649.6277,4.2,1671.0,1.6,26.2,3,11.3,-2.0,20.1,3.7,2.0,14,"00074188694-01(1:2,ntoi=3)",True,,0,0,False,840.9,3,3,1.0,3.25494716127435,1.2903435269147814,False,False
293689266,9.06092,3842.0,0.629474,8,2577.39,44.43182,1470.2159,4.2,1033.0,2.21,26.1,5,6.1,-0.0,15.4,3.6,2.0,11,"00293689266-01(1:3,ntoi=1);00293689266-01(1:3,ntoi=1);00293689266-01(1:3,ntoi=2);00293689266-01(1:3,ntoi=2);00293689266-01(1:3,ntoi=1);00293689266-01(1:3,ntoi=1);00293689266-01(1:3,ntoi=1);00293689266-01(1:3,ntoi=1)",True,CTOI293689267.01(1:3),0,1,False,531.3,5,5,1.0,4.891306296058191,0.8586663246553787,True,False
290674357,12.1656,3344.0,0.625836,6,2528.8,37.62279,1573.1437,1.8,27127.0,11.25,26.0,2,33.4,2.2,30.7,3.7,2.0,2,,False,,0,0,False,5105.1,2,2,1.0,4.609625617569531,0.39048724328919954,False,False
453465810,9.19995,3582.0,0.50961,5,2555.18,14.52555,1545.6996,4.2,631.0,1.4,26.0,8,11.0,0.8,28.3,2.7,2.0,7,,False,,0,0,False,658.4,8,8,1.0,2.9269217836613213,1.4349546419194605,False,False
332660818,10.8521,3660.0,0.646813,1,24.49,11.59869,4236.969,3.78,3269.0,4.03,25.8,2,0.0,-0.9,25.9,3.6,1.0,1,,False,,0,0,False,1741.1,2,2,1.0,3.183198839009817,1.1874847256402703,False,False
259542669,11.5669,3469.0,0.545593,7,2602.13,54.60909,1393.8566,4.8,3873.0,3.7,25.8,2,26.9,-0.4,12.7,4.4,2.0,9,,False,,0,0,False,1493.8,2,2,1.0,4.76294756385499,1.007779308012163,False,False
304234457,11.4817,3719.0,0.480816,6,1817.61,27.37973,2292.8495,4.2,5847.0,4.01,25.7,3,22.6,-0.9,129.7,6.0,2.0,0,,False,,0,0,True,12495.7,3,3,1.0,3.478061751854811,1.2075691289150308,False,False
262531321,11.5677,3250.0,0.317125,9,2906.03,1.06334,1355.2346,7.92,409.0,0.7,25.5,185,0.4,-11.1,9.2,4.3,1.0,0,,False,,0,0,False,1215.9,173,185,0.9351351351351351,0.8924543236567806,8.874403753850677,False,False
22395594,9.14532,3510.0,0.286815,5,2553.66,23.96565,1589.4274,1.58,1312.0,1.13,25.5,5,21.7,4.2,29.3,3.6,2.0,2,,False,,0,0,False,892.8,5,5,1.0,2.3576134758068323,0.670169226725889,False,False
152970468,9.78832,3751.0,0.485889,7,2874.19,1.83673,1387.0706,3.0,285.0,0.89,25.4,93,1.1,-22.5,18.5,4.9,1.0,3,,False,,0,0,False,507.3,88,93,0.946236559139785,1.4231415943402208,2.1080123101811403,False,False
22395594,9.14532,3510.0,0.286815,5,2553.66,12.33597,1571.6915,3.0,835.0,0.9,25.4,8,11.0,6.8,27.7,3.3,2.0,2,,False,,0,0,False,892.8,7,7,1.0,1.8894437588203277,1.587768879595044,False,False
326700454,10.6757,3956.0,0.580712,1,26.06,6.72991,4212.3911,0.78,8191.0,5.73,25.3,3,1.7,7.0,24.6,3.4,1.0,0,,False,,0,0,True,4489.1,3,3,1.0,2.470881473889043,0.3156768174607418,False,False
234508663,11.1966,3712.0,0.57303,6,2142.47,25.0529,2074.2888,0.75,9281.0,6.02,25.3,3,15.6,1.3,32.7,3.3,2.0,1,,False,,0,0,False,2021.3,3,3,1.0,3.7955891968396314,0.19759778024041216,False,False
262531321,11.5677,3250.0,0.317125,9,2906.03,1.06335,1355.2196,7.92,405.0,0.7,25.2,184,0.5,-10.6,16.5,9.8,1.0,0,,False,,0,0,False,1215.9,170,184,0.9239130434782609,0.8924571212929273,8.874375934751999,False,False
325220989,11.8288,3252.0,0.432769,9,2851.9,0.53205,1325.8439,6.12,404.0,0.95,25.2,379,7.7,-5.0,35.7,3.6,1.0,11,,False,,0,0,False,2002.2,194,379,0.5118733509234829,0.8716922922062562,7.020826104255504,False,False
273342620,11.1752,3312.0,0.340518,6,2528.27,43.31392,1603.7909,7.2,3275.0,2.13,24.9,2,30.9,-0.3,40.3,3.9,2.0,3,,False,,0,0,False,1142.3,2,2,1.0,3.2199132657587946,2.236085076131164,False,False
273342620,11.1752,3312.0,0.340518,6,2528.27,40.96726,1603.7721,6.3,3530.0,2.21,24.8,2,0.0,-0.1,40.3,3.9,2.0,3,,False,,0,0,False,1142.3,2,2,1.0,3.160680880805744,1.9932414051221639,False,False
448186109,9.98582,3509.0,0.462766,7,2524.03,49.32755,1627.9855,6.3,1786.0,2.13,24.7,2,6.9,-0.8,18.9,3.1,2.0,13,"00448186109-01(1:3,ntoi=1)",True,,0,0,False,764.3,2,2,1.0,4.125523874266135,1.5270787885382602,False,False
293969860,11.6113,3807.0,0.589743,12,1957.43,103.05591,2163.333,0.6,14530.0,7.76,24.6,2,16.0,0.8,29.3,4.6,2.0,2,"00293969860-01(1:2,ntoi=1)",True,,0,0,False,1740.7,2,2,1.0,6.199278177097606,0.09678546160690428,False,False
273342620,11.1752,3312.0,0.340518,6,2528.27,40.96692,1603.7721,6.3,3467.0,2.19,24.6,2,0.0,-0.0,40.3,3.9,2.0,3,,False,,0,0,False,1142.3,2,2,1.0,3.160672136957833,1.9932469193289342,False,False
293969860,11.6113,3807.0,0.589743,12,1957.43,81.68898,2103.008,0.6,14180.0,7.66,24.4,2,0.0,1.9,24.1,3.5,2.0,2,,False,,0,0,False,1740.7,2,2,1.0,5.737261541199189,0.1045795098744251,False,False
22395594,9.14532,3510.0,0.286815,5,2553.66,15.69492,1583.4227,2.25,1101.0,1.04,24.4,4,19.0,0.5,27.1,3.1,2.0,2,,False,,0,0,False,892.8,4,4,1.0,2.047367962842978,1.0989719683195818,False,False
332660818,10.8521,3660.0,0.646813,1,24.49,9.96537,4240.3252,7.56,2576.0,3.58,24.1,3,0.0,4.7,23.2,2.9,1.0,1,"00332660818-01(2:1,ntoi=1)",True,,0,0,False,1741.1,3,3,1.0,3.026160303922979,2.4982153094135673,False,False
259542669,11.5669,3469.0,0.545593,7,2602.13,60.9159,1393.8566,4.8,2520.0,2.99,24.0,4,12.2,-0.9,28.4,3.1,2.0,9,,False,,0,0,False,1493.8,4,4,1.0,4.93966741165446,0.9717253409966561,False,False
96373171,11.9523,3715.0,0.553009,1,25.08,0.85365,4179.7208,7.92,2225.0,2.85,23.9,27,3.0,-6.9,21.3,5.6,1.0,0,,False,,0,0,False,3552.5,25,27,0.9259259259259259,1.20168242208445,6.590759633699136,False,False
259845346,11.2054,3344.0,0.522994,10,2907.31,4.96114,1329.6498,7.92,552.0,1.34,23.9,44,2.5,-17.8,21.8,4.0,1.0,25,,False,,0,0,False,1517.4,36,44,0.8181818181818182,2.081612685847363,3.8047423777954164,False,False
22395594,9.14532,3510.0,0.286815,5,2553.66,13.88383,1583.4415,1.8,1078.0,1.03,23.8,5,12.4,9.8,26.7,3.0,2.0,2,,False,,0,0,True,892.8,5,5,1.0,1.9653774259520722,0.9158546222377822,False,False
96373171,11.9523,3715.0,0.553009,1,25.08,0.85551,4179.6908,7.92,2208.0,2.84,23.7,27,3.0,-8.0,12.5,2.2,1.0,0,,False,,0,0,False,3552.5,25,27,0.9259259259259259,1.2025545624653893,6.585979752771464,False,False
96373171,11.9523,3715.0,0.553009,1,25.08,0.85553,4179.6908,7.92,2204.0,2.83,23.6,27,3.0,-7.8,16.1,3.6,0.5,0,,False,,0,0,False,3552.5,25,27,0.9259259259259259,1.2025639334463754,6.5859284315158355,False,False
256911677,10.9325,3232.0,0.245323,6,1817.32,0.50565,2334.035,2.1,451.0,0.57,23.5,277,0.6,18.1,19.2,7.6,1.0,0,,False,,0,0,False,1200.0,212,277,0.7653429602888087,0.5870167259548925,3.577410842227634,False,False
382432832,10.9424,3778.0,0.560021,7,2168.04,2.12731,2038.3224,6.3,587.0,1.48,23.4,67,1.9,-18.1,20.1,5.4,1.0,0,,False,,0,0,False,1541.3,65,67,0.9701492537313433,1.6429389649351314,3.834591627844644,False,False
229147927,10.6086,3623.0,0.540657,9,2878.5,37.11417,1382.819,3.6,1892.0,2.57,23.3,3,26.5,0.5,16.5,3.2,2.0,12,,False,,0,0,False,976.1,3,3,1.0,4.162326063116094,0.8649010061707869,False,False
158624542,8.7045,3850.0,0.63117,8,2906.03,43.27555,1394.0317,6.12,758.0,1.9,23.2,3,4.2,4.8,18.5,2.8,2.0,9,,False,,0,0,False,477.7,3,3,1.0,4.857208260799973,1.2599830337503477,False,False
224284991,11.4506,3283.0,0.272643,5,2144.36,36.02883,2100.2015,4.8,3873.0,1.85,23.2,2,0.0,0.2,22.8,4.1,1.0,1,,False,,0,0,False,1617.5,2,2,1.0,2.6110864333327353,1.8383152463755792,False,False
332660818,10.8521,3660.0,0.646813,1,24.49,7.08851,4238.9152,6.12,1983.0,3.14,23.1,3,4.7,4.7,23.2,2.9,1.0,1,,False,,0,0,False,1741.1,3,3,1.0,2.7013391087844383,2.265543033859939,False,False
74188694,10.0771,3352.0,0.359816,6,2575.9,50.41249,1643.2527,3.0,2197.0,1.84,23.0,2,6.8,-2.5,20.7,3.9,2.0,14,,False,,0,0,False,840.9,2,2,1.0,3.5137807385290096,0.8537812183625049,False,False
231017428,9.60304,3530.0,0.48837,7,2878.5,47.8699,1377.1179,4.8,795.0,1.5,22.7,5,11.1,3.2,25.3,4.1,2.0,13,,False,,0,0,False,629.0,5,5,1.0,4.233781615163034,1.133738212384193,False,False
207108993,10.9633,3395.0,0.452657,8,2906.03,0.75403,1354.4897,3.15,294.0,0.85,22.6,257,0.5,26.2,17.8,9.4,1.0,2,"00207108993-01(1:1,ntoi=2);00207108993-02(1:1,ntoi=2)",True,,0,0,False,852.1,224,257,0.8715953307392996,1.0089059027322038,3.1221940435371915,False,False
391039604,10.33,2898.0,0.130686,7,2502.69,0.77398,1571.031,2.1,384.0,0.28,22.6,209,1.6,-14.2,14.9,6.0,1.0,13,,False,,0,0,False,869.3,185,209,0.8851674641148325,0.44456737025137505,4.723693506369083,False,False
293969860,11.6113,3807.0,0.589743,12,1957.43,77.92819,2110.5361,0.95,10636.0,6.64,22.3,2,0.0,-0.3,23.9,3.4,2.0,2,"00293969860-01(2:1,ntoi=1)",True,,0,0,False,1740.7,1,2,0.5,5.647830922538237,0.1682061685325829,False,False
158624542,8.7045,3850.0,0.63117,8,2906.03,40.67947,1391.7861,0.95,1126.0,2.31,22.3,4,5.1,1.8,21.2,3.9,2.0,9,,False,,0,0,False,477.7,4,4,1.0,4.758071401188264,0.19966072803420948,False,False
158624542,8.7045,3850.0,0.63117,8,2906.03,51.08455,1382.3992,3.6,833.0,1.99,22.3,2,0.0,2.8,21.7,4.0,2.0,9,,False,,0,0,False,477.7,2,2,1.0,5.133367817969592,0.701293990155553,False,False
332660818,10.8521,3660.0,0.646813,1,24.49,11.13724,4237.9027,3.12,3087.0,3.92,22.2,2,0.0,-4.6,22.4,2.7,1.0,1,,False,,0,0,False,1741.1,2,2,1.0,3.140412135010644,0.9935001731832963,False,False
158624542,8.7045,3850.0,0.63117,8,2906.03,52.70991,1356.7027,0.75,1307.0,2.49,22.0,4,9.6,1.5,21.4,4.0,2.0,9,,False,,0,0,False,477.7,4,4,1.0,5.187243292761249,0.14458546817085258,False,False
373053974,12.2711,3191.0,0.39157,6,2607.61,8.639,1444.2386,7.2,1579.0,1.7,22.0,19,2.8,-16.3,15.5,2.5,1.0,0,,False,,0,0,False,2308.9,19,19,1.0,2.06491601583904,3.4868246189055854,False,False
273342620,11.1752,3312.0,0.340518,6,2528.27,44.45824,1603.8799,1.58,4294.0,2.43,21.9,4,15.7,0.3,38.8,3.7,2.0,3,,False,,0,0,False,1142.3,3,4,0.75,3.2480230203738283,0.48644975423177617,False,False
22395594,9.14532,3510.0,0.286815,5,2553.66,6.70446,1572.4915,1.8,592.0,0.76,21.9,16,4.9,-4.5,27.5,3.2,1.0,2,,False,,0,0,False,892.8,12,16,0.75,1.5419281449878035,1.1673695728630973,False,False
316467276,12.1489,3298.0,0.374764,1,25.08,2.79229,4179.6285,7.56,2441.0,2.02,21.5,9,2.6,-5.9,18.0,3.1,1.0,0,,False,,0,0,False,2776.5,9,9,1.0,1.3762596531445532,5.4931494814416,False,False
129740457,12.494,3091.0,0.277166,7,2904.62,94.39235,1394.078,0.6,17551.0,4.01,21.5,2,15.1,1.3,26.2,4.3,2.0,6,,False,,0,0,False,2528.4,2,2,1.0,3.6392665274533806,0.16486838638330154,False,False
316467276,12.1489,3298.0,0.374764,1,25.08,2.8003,4179.626,6.0,2675.0,2.11,21.4,9,1.8,-6.1,16.6,2.7,1.0,0,,False,,0,0,False,2776.5,9,9,1.0,1.3775743823386808,4.355481690806357,False,False
316467276,12.1489,3298.0,0.374764,1,25.08,2.79253,4179.6435,7.56,2437.0,2.02,21.4,9,1.9,-6.3,22.0,4.3,1.0,0,,False,,0,0,False,2776.5,9,9,1.0,1.3762990822933814,5.492992109972546,False,False
220395392,12.0964,3280.0,0.402749,12,1926.23,53.73286,2112.9728,3.06,5719.0,3.32,21.4,5,4.3,0.8,21.1,5.1,1.0,4,,False,,0,0,False,4812.1,5,5,1.0,3.8694086087965345,0.7908185227694842,False,False
158624542,8.7045,3850.0,0.63117,8,2906.03,45.60194,1398.2842,3.6,806.0,1.96,21.4,3,7.3,-0.9,19.6,3.2,2.0,9,,False,,0,0,False,477.7,3,3,1.0,4.942730892099362,0.7283423027853629,False,False
231017428,9.60304,3530.0,0.48837,7,2878.5,41.53338,1377.1304,3.6,880.0,1.58,21.3,4,9.3,2.6,22.5,3.4,2.0,13,"00231017428-02(1:2,ntoi=3);00231017428-01(1:3,ntoi=1)",True,,0,0,False,629.0,4,4,1.0,4.0380656110394195,0.8915159749158561,False,False
327221844,11.3572,3907.0,0.582047,1,25.39,13.63137,4185.0297,2.34,10289.0,6.44,21.1,2,5.2,0.0,19.2,3.2,2.0,0,,False,,0,0,True,4099.6,2,2,1.0,3.131075208343146,0.7473471073977316,False,False
466169924,12.4606,3525.0,0.407019,1,24.74,0.85161,4179.9472,3.06,2045.0,2.01,21.1,25,1.8,23.0,21.0,6.2,1.0,0,,False,,0,0,False,2490.7,25,25,1.0,0.9788098553354253,3.1262455964456737,False,False
229147927,10.6086,3623.0,0.540657,9,2878.5,17.74685,1355.7515,3.0,957.0,1.83,21.0,13,7.4,1.5,32.6,2.9,2.0,12,,False,,0,0,False,976.1,10,13,0.7692307692307693,3.254842217040761,0.9217036648638353,False,False
74188694,10.0771,3352.0,0.359816,6,2575.9,13.03622,1630.1777,4.2,706.0,1.04,20.9,12,8.8,4.6,23.5,3.9,2.0,14,"00074188694-01(1:1,ntoi=1)",True,,0,0,False,840.9,10,12,0.8333333333333334,2.23861375827614,1.8761610771275876,False,False
293969860,11.6113,3807.0,0.589743,12,1957.43,92.90164,2173.4851,0.6,10176.0,6.49,20.8,3,11.0,1.1,23.6,3.4,2.0,2,,False,,0,0,False,1740.7,3,3,1.0,5.9885905049236,0.10019052054180394,False,False
158624542,8.7045,3850.0,0.63117,8,2906.03,77.02355,1405.8777,0.95,1511.0,2.68,20.8,2,8.2,-0.6,22.6,4.4,2.0,9,,False,,0,0,False,477.7,2,2,1.0,5.886362946273676,0.16138998031057383,False,False
101417914,11.3932,3632.0,0.504979,5,2580.68,41.16251,1541.9245,3.6,3822.0,3.41,20.8,3,13.1,0.5,23.2,4.6,2.0,1,,False,,0,0,False,1229.5,2,3,0.6666666666666666,4.116781233101559,0.8744695907214338,False,False
231017428,9.60304,3530.0,0.48837,7,2878.5,34.93539,1371.6429,2.4,1219.0,1.86,20.7,3,6.5,0.8,21.3,3.1,2.0,13,,False,,0,0,False,629.0,3,3,1.0,3.8117944896308074,0.6296247099702516,False,False
259845346,11.2054,3344.0,0.522994,10,2907.31,1.7519,1325.6973,7.56,294.0,0.98,20.6,133,5.7,-6.1,29.7,3.4,1.0,25,,False,,0,0,False,1517.4,81,133,0.6090225563909775,1.471326992796278,5.138218789578591,False,False
354606420,11.8718,3325.0,0.365383,6,2878.5,40.61617,1354.7619,3.6,3797.0,2.46,20.6,3,6.7,2.2,16.3,4.0,2.0,5,,False,,0,0,False,1632.5,3,3,1.0,3.303240349977519,1.0898389516295721,False,False
293689266,9.06092,3842.0,0.629474,8,2577.39,4.93675,1470.2159,4.2,273.0,1.13,20.4,42,3.8,0.2,17.8,4.6,1.0,11,"00293689266-01(3:1,ntoi=1);00293689266-01(3:1,ntoi=1);00293689266-01(3:1,ntoi=2);00293689266-01(3:1,ntoi=2);00293689266-01(3:1,ntoi=1);00293689266-01(3:1,ntoi=1);00293689266-01(3:1,ntoi=1);00293689266-01(3:1,ntoi=1)",True,CTOI293689267.01(3:1),0,1,False,531.3,24,42,0.5714285714285714,2.3514759249848853,1.7861122690537419,True,False
231017428,9.60304,3530.0,0.48837,7,2878.5,47.07101,1377.1304,3.6,985.0,1.67,20.4,3,0.0,-4.4,21.8,3.2,2.0,13,,False,,0,0,False,629.0,3,3,1.0,4.210097157676478,0.8550871548025779,False,False
391039604,10.33,2898.0,0.130686,7,2502.69,1.03196,1571.556,2.1,395.0,0.28,20.4,156,2.6,21.3,12.5,4.7,0.5,13,"00391039604-02(1:2,ntoi=3);00391039604-03(1:2,ntoi=3);00391039604-03(1:2,ntoi=5);00391039604-04(1:2,ntoi=5);00391039604-05(1:2,ntoi=5);00391039604-04(1:2,ntoi=4);00391039604-03(1:2,ntoi=4)",True,,0,0,False,869.3,145,156,0.9294871794871795,0.48930759726034884,4.29177885599565,False,False
114985772,11.1087,3261.0,0.284433,5,2907.3,21.27002,1327.6775,1.5,2905.0,1.67,20.4,5,15.1,1.3,18.8,3.0,2.0,8,,False,,0,0,False,1236.8,4,5,0.8,2.2531196132010214,0.6657436166333577,False,False
158624542,8.7045,3850.0,0.63117,8,2906.03,72.48632,1376.0663,0.5,2167.0,3.21,20.2,2,5.5,-0.5,22.8,4.5,2.0,9,"00158624542-03(1:3,ntoi=3)",True,,0,0,False,477.7,2,2,1.0,5.7684333215914485,0.08667864775839264,False,False
382432832,10.9424,3778.0,0.560021,7,2168.04,3.54781,2037.6474,4.5,736.0,1.66,20.2,41,0.0,-14.0,17.0,4.3,1.0,0,,False,,0,0,False,1541.3,40,41,0.975609756097561,1.9483394326784622,2.3096591510308166,False,False
279726713,12.3599,3301.0,0.303843,9,2633.97,0.63428,1354.7376,7.92,432.0,0.69,20.0,335,0.6,0.0,15.0,3.8,1.0,10,,False,,0,0,False,2399.7,210,335,0.6268656716417911,0.7301321241294129,10.847351785053377,False,False
293689266,9.06092,3842.0,0.629474,8,2577.39,46.28289,1485.0284,4.8,696.0,1.81,20.0,5,9.6,2.5,15.7,5.6,2.0,11,,False,,0,1,False,531.3,5,5,1.0,4.958309683305851,0.9680718443547678,True,False
394134589,9.08798,3712.0,0.510027,8,2879.02,27.17602,1339.705,0.62,1832.0,2.38,20.0,4,13.3,-0.8,29.2,4.4,2.0,1,,False,,0,0,True,385.6,2,3,0.6666666666666666,3.608546922613105,0.17181431010769044,False,False
394134589,9.08798,3712.0,0.510027,8,2879.02,43.24831,1338.7988,0.62,1920.0,2.44,20.0,3,10.1,0.2,29.2,4.4,2.0,1,,False,,0,0,False,385.6,3,3,1.0,4.213019340642733,0.14716286583802238,False,False
197829751,11.5508,3260.0,0.354226,8,2633.97,78.99278,1377.6166,3.6,2382.0,1.89,19.9,4,4.0,2.4,21.3,4.0,2.0,25,"00197829751-04(3:1,ntoi=6)",True,,0,0,False,1520.9,4,4,1.0,4.038849932103085,0.8913428477213636,False,False
224284991,11.4506,3283.0,0.272643,5,2144.36,52.60027,2102.4328,4.5,3084.0,1.65,19.9,2,5.2,1.0,19.7,3.3,2.0,1,,False,,0,0,False,1617.5,2,2,1.0,2.9621054807670775,1.5191896538521186,False,False
394134589,9.08798,3712.0,0.510027,8,2879.02,42.21257,1364.9446,0.62,1617.0,2.24,19.8,4,11.9,1.3,29.2,4.4,2.0,1,,False,,0,0,False,385.6,4,4,1.0,4.179115143059533,0.14835676423744037,False,False
304234452,11.4953,3561.0,0.490557,6,1817.61,28.65487,2295.9245,4.2,4798.0,3.71,19.8,3,17.6,0.6,124.5,6.3,2.0,0,,False,,0,0,False,18062.5,3,3,1.0,3.57877251279585,1.1735867493625147,False,False
209450385,11.3766,3645.0,0.454664,6,2879.66,41.61911,1443.3511,4.2,3471.0,2.92,19.7,5,15.1,-1.4,33.7,4.2,2.0,0,,False,,0,0,False,2476.4,5,5,1.0,3.8527095483107474,1.0901418721900604,False,False
229147927,10.6086,3623.0,0.540657,9,2878.5,17.174,1363.8328,2.34,1050.0,1.91,19.6,13,11.6,-1.8,34.4,3.2,2.0,12,,False,,0,0,False,976.1,9,13,0.6923076923076923,3.219437514675206,0.7268350416287149,False,False
197829751,11.5508,3260.0,0.354226,8,2633.97,48.2959,1401.5978,3.6,2765.0,2.03,19.6,3,6.7,0.2,22.5,4.4,2.0,25,,False,,0,0,False,1520.9,3,3,1.0,3.427930476706766,1.0501963282109916,False,False
316830745,11.6146,3864.0,0.583813,7,2196.33,94.95789,2055.0273,4.2,3555.0,3.8,19.5,2,0.0,-2.6,17.1,4.4,2.0,0,,False,,0,0,False,1688.5,2,2,1.0,5.9919450262302565,0.7009410102419394,False,False
101417914,11.3932,3632.0,0.504979,5,2580.68,35.94558,1541.8776,2.25,3339.0,3.18,19.5,3,12.9,-1.8,19.6,3.6,2.0,1,,False,,0,0,False,1229.5,3,3,1.0,3.9349480630438163,0.5717991607389981,False,False
327221844,11.3572,3907.0,0.582047,1,25.39,12.20908,4190.901,5.04,5303.0,4.62,19.4,2,3.6,-4.8,20.0,3.4,1.0,0,,False,,0,0,False,4099.6,2,2,1.0,3.0181534085969814,1.6698952364859725,False,False
158624542,8.7045,3850.0,0.63117,8,2906.03,23.02452,1371.0461,2.25,469.0,1.49,19.4,8,4.4,2.2,21.2,3.9,1.0,9,"00158624542-01(2:1,ntoi=3)",True,,0,0,False,477.7,7,8,0.875,3.9358274886874227,0.5716713973026198,False,False
229147927,10.6086,3623.0,0.540657,9,2878.5,14.13366,1364.0503,3.06,923.0,1.79,19.3,11,5.9,-1.9,31.6,2.8,2.0,12,"00229147927-01(3:1,ntoi=2);00229147927-02(2:1,ntoi=2);00229147927-01(1:1,ntoi=1)",True,,0,0,False,976.1,10,11,0.9090909090909091,3.0169936361180323,1.0142547081860285,False,False
74188694,10.0771,3352.0,0.359816,6,2575.9,16.80624,1640.3527,4.2,703.0,1.04,19.3,9,3.1,-0.7,22.7,3.7,2.0,14,,False,,0,0,False,840.9,9,9,1.0,2.436419847036604,1.7238408253439665,False,False
316467276,12.1489,3298.0,0.374764,1,25.08,2.81592,4179.576,7.92,2137.0,1.89,19.2,9,0.9,-7.4,16.2,2.6,0.5,0,,False,,0,0,False,2776.5,9,9,1.0,1.3801309925784293,5.7385857158409745,False,False
118278380,11.8911,3005.0,0.418649,6,2547.33,5.40274,1661.9902,6.3,1153.0,1.55,19.2,25,1.1,-5.4,20.4,2.8,0.5,2,,False,,0,0,False,2125.8,24,25,0.96,1.8463457122984075,3.412145384277736,False,False
152574751,10.723,3581.0,0.616715,5,2577.17,36.52431,1420.3744,4.2,1375.0,2.49,19.2,4,7.0,4.3,17.1,3.8,2.0,2,,False,,0,0,False,879.4,4,4,1.0,4.519863387771724,0.9292316248678889,False,False
464452462,8.84557,3692.0,0.509342,8,2547.31,64.84793,1682.0518,2.04,1027.0,1.78,19.1,2,0.0,-1.8,16.1,4.5,2.0,1,,False,,0,0,False,338.0,2,2,1.0,4.817776616552538,0.42343183637679016,False,False
206603521,11.0556,3605.0,0.521561,8,2170.75,46.13723,2075.3354,6.0,1590.0,2.27,19.0,3,0.0,4.8,22.0,3.4,2.0,6,,False,,0,0,False,1111.2,3,3,1.0,4.36947111243623,1.3731639014440484,False,False
339397736,12.1099,3242.0,0.474847,8,2547.28,2.52494,1659.2896,6.3,685.0,1.36,18.8,68,0.1,18.1,12.5,4.0,0.5,5,,False,,0,0,False,1922.4,64,68,0.9411764705882353,1.5583360366486776,4.0427737354702,False,False
304234452,11.4953,3561.0,0.490557,6,1817.61,28.93965,2307.2245,4.2,4335.0,3.52,18.7,3,15.8,-0.2,124.5,6.3,2.0,0,,False,,0,0,False,18062.5,3,3,1.0,3.5905890628186827,1.1697245010552442,False,False
327221844,11.3572,3907.0,0.582047,1,25.39,2.22984,4180.8072,3.06,2919.0,3.43,18.6,10,0.6,5.5,18.8,3.0,1.0,0,,False,,0,0,False,4099.6,9,10,0.9,1.7123987338183255,1.7869669835463955,False,False
391039604,10.33,2898.0,0.130686,7,2502.69,1.28996,1571.281,1.5,467.0,0.31,18.5,124,0.7,-10.2,12.2,4.6,1.0,13,,False,,0,0,False,869.3,113,124,0.9112903225806451,0.5270919928574896,2.8458030482841283,False,False
304234452,11.4953,3561.0,0.490557,6,1817.61,27.37973,2292.8495,4.2,4242.0,3.49,18.5,3,16.5,-0.8,124.5,6.3,2.0,0,,False,,0,0,True,18062.5,3,3,1.0,3.524879967374917,1.1915299354513524,False,False
360914079,11.6542,3323.0,0.540425,5,2168.04,14.18939,2040.834,3.6,1929.0,2.59,18.5,7,8.4,-2.7,22.3,3.5,2.0,5,,False,,0,0,False,1502.6,6,7,0.8571428571428571,3.020089569268414,1.1920176264414777,False,False
77340625,11.7444,3199.0,0.253509,6,2879.66,2.51591,1411.162,7.2,556.0,0.65,18.5,52,0.6,-12.6,12.2,5.1,1.0,0,,False,,0,0,False,1345.1,50,52,0.9615384615384616,1.0243198351095026,7.029054552312072,False,False
220395392,12.0964,3280.0,0.402749,12,1926.23,40.39498,2064.679,3.12,4288.0,2.88,18.4,6,4.6,-0.7,13.9,3.6,2.0,4,,False,,0,0,False,4812.1,6,6,1.0,3.5183610729108787,0.8867765233142206,False,False
464452462,8.84557,3692.0,0.509342,8,2547.31,63.52222,1668.9068,3.0,878.0,1.65,18.4,2,4.3,1.8,16.2,4.5,2.0,1,,False,,0,0,False,338.0,2,2,1.0,4.7847197939716155,0.6269959640645567,False,False
77340625,11.7444,3199.0,0.253509,6,2879.66,2.51592,1411.162,7.2,552.0,0.65,18.4,52,0.6,-12.3,14.3,6.5,1.0,0,,False,,0,0,False,1345.1,50,52,0.9615384615384616,1.0243211922307538,7.029045239530709,False,False
5362024,8.7097,3588.0,0.467321,5,2555.41,18.87557,1535.1403,1.8,595.0,1.24,18.4,5,8.2,-0.5,17.7,2.7,2.0,0,,False,,0,0,False,314.6,5,5,1.0,3.014753795959356,0.5970636814231802,False,False
394134589,9.08798,3712.0,0.510027,8,2879.02,28.64648,1328.5384,0.62,1548.0,2.19,18.3,4,8.7,-3.0,29.2,4.4,2.0,1,,False,,0,0,False,385.6,4,4,1.0,3.6724917367516907,0.1688227079711249,False,False
197829751,11.5508,3260.0,0.354226,8,2633.97,3.04051,1354.9416,6.0,468.0,0.84,18.3,64,1.6,-0.4,21.8,3.3,1.0,25,,False,,0,0,False,1520.9,57,64,0.890625,1.3636745310951515,4.399876849779887,False,False
5362024,8.7097,3588.0,0.467321,5,2555.41,23.74747,1535.121,1.12,768.0,1.41,18.3,5,9.3,-0.9,20.6,3.6,2.0,0,,False,,0,0,False,314.6,4,5,0.8,3.2545499509207074,0.34413360276838084,False,False
5362024,8.7097,3588.0,0.467321,5,2555.41,22.96482,1535.1356,1.58,1015.0,1.62,18.3,2,0.0,0.6,18.0,2.8,2.0,0,,False,,0,0,False,314.6,2,2,1.0,3.2183962053018544,0.49092774761453317,False,False
152574751,10.723,3581.0,0.616715,5,2577.17,41.13171,1431.5431,6.3,1253.0,2.38,18.3,3,3.9,2.0,18.3,4.7,2.0,2,,False,,0,0,False,879.4,3,3,1.0,4.70244318212466,1.3397291059141583,False,False
224284991,11.4506,3283.0,0.272643,5,2144.36,48.16649,2130.839,4.2,2156.0,1.38,18.3,3,9.6,-6.0,22.8,4.1,2.0,1,,False,,0,0,False,1617.5,3,3,1.0,2.876423721903779,1.4601464895513392,False,False
306900946,11.705,3530.0,0.429551,6,379.89,5.26897,3666.5288,1.12,1767.0,1.97,18.2,28,1.5,4.8,6.4,4.6,1.0,11,,False,,0,0,False,1442.2,27,28,0.9642857142857143,1.862630423355661,0.601300175255508,False,False
316467276,12.1489,3298.0,0.374764,1,25.08,14.4531,4184.7435,6.12,4539.0,2.75,18.0,2,4.5,0.0,18.2,3.2,2.0,0,,False,,0,0,False,2776.5,2,2,1.0,2.3806773515793065,2.5706969472112977,False,False
229147927,10.6086,3623.0,0.540657,9,2878.5,16.20564,1370.1815,3.0,822.0,1.69,17.9,12,8.0,-3.3,34.8,3.3,2.0,12,,False,,0,0,False,976.1,11,12,0.9166666666666666,3.157753631174414,0.9500424511852297,False,False
466169924,12.4606,3525.0,0.407019,1,24.74,1.27492,4180.3834,4.08,1801.0,1.88,17.8,17,1.6,-12.6,17.8,5.0,1.0,0,,False,,0,0,False,2490.7,17,17,1.0,1.1197276278596933,3.6437432626349753,False,False
229147927,10.6086,3623.0,0.540657,9,2878.5,13.28851,1354.3003,3.78,662.0,1.52,17.8,17,8.5,-2.6,36.9,3.6,2.0,12,,False,,0,0,False,976.1,15,17,0.8823529411764706,2.9556178225796397,1.2789204243939922,False,False
464452462,8.84557,3692.0,0.509342,8,2547.31,38.6041,1668.9118,4.68,665.0,1.43,17.7,2,0.0,1.4,17.4,5.4,2.0,1,,False,,0,0,False,338.0,2,2,1.0,4.052836628710722,1.1547467684353192,False,False
209450385,11.3766,3645.0,0.454664,6,2879.66,18.42759,1420.6511,3.0,3741.0,3.03,17.7,5,13.1,1.0,26.0,2.8,2.0,0,,False,,0,0,False,2476.4,4,5,0.8,2.9364651654690976,1.0216365020358593,False,False
5362024,8.7097,3588.0,0.467321,5,2555.41,17.87643,1535.134,1.5,977.0,1.59,17.7,2,13.0,-0.2,21.1,3.7,2.0,0,,False,,0,0,False,314.6,2,2,1.0,2.9605933306869665,0.5066551979470767,False,False
224284991,11.4506,3283.0,0.272643,5,2144.36,25.96759,2102.4265,4.8,2246.0,1.41,17.6,4,9.1,-1.2,20.1,3.4,2.0,1,,False,,0,0,False,1617.5,4,4,1.0,2.3410736515782973,2.0503413024891173,False,False
207108993,10.9633,3395.0,0.452657,8,2906.03,1.12939,1354.9053,3.0,274.0,0.82,17.5,174,0.3,-13.1,14.8,7.3,1.0,2,,False,,0,0,False,852.1,154,174,0.8850574712643678,1.1543453749776258,2.5988755748756285,False,False
256911677,10.9325,3232.0,0.245323,6,1817.32,0.75881,2334.0163,2.4,376.0,0.52,17.5,184,1.3,-13.3,15.8,5.8,1.0,0,,False,,0,0,False,1200.0,133,184,0.7228260869565217,0.6720653226740684,3.5710814395997756,False,False
209450385,11.3766,3645.0,0.454664,6,2879.66,38.33924,1413.3761,3.6,3000.0,2.72,17.5,6,14.5,0.2,12.6,5.1,2.0,0,,False,,0,0,False,2476.4,5,6,0.8333333333333334,3.7487214638589577,0.9603274168825916,False,False
220395392,12.0964,3280.0,0.402749,12,1926.23,31.17371,2087.129,4.08,2777.0,2.32,17.4,10,7.3,2.6,15.1,4.2,2.0,4,,False,,0,0,False,4812.1,9,10,0.9,3.2272115723440478,1.2642493088968876,False,False
398445933,11.2389,3327.0,0.472768,7,2520.2,24.63164,1657.6322,6.0,1193.0,1.78,17.2,7,10.4,-2.0,19.0,3.7,2.0,2,,False,,0,0,False,1193.5,7,7,1.0,3.3200002689497587,1.8072287692609212,False,False
354606420,11.8718,3325.0,0.365383,6,2878.5,27.87357,1354.7806,3.6,2591.0,2.03,17.2,4,12.5,0.5,16.4,4.0,2.0,5,,False,,0,0,True,1632.5,4,4,1.0,2.9136544922793792,1.2355617351128294,False,False
293969860,11.6113,3807.0,0.589743,12,1957.43,56.49938,2096.8951,0.9,5226.0,4.65,17.1,5,15.3,-1.2,16.6,4.4,2.0,2,,False,,0,0,False,1740.7,5,5,1.0,5.073777106258994,0.1773826443597144,False,False
206603521,11.0556,3605.0,0.521561,8,2170.75,36.41179,2075.3667,4.5,1152.0,1.93,17.1,6,9.7,3.1,19.8,2.8,2.0,6,,False,,0,0,False,1111.2,5,6,0.8333333333333334,4.037932393678899,1.114431734182681,False,False
293969860,11.6113,3807.0,0.589743,12,1957.43,62.71181,2140.9688,0.9,5370.0,4.71,17.0,5,8.1,-0.1,16.6,4.4,2.0,2,,False,,0,0,False,1740.7,5,5,1.0,5.253312898002684,0.17132046338648155,False,False
153713427,11.2165,3478.0,0.459172,5,2634.76,1.4938,1411.1432,6.3,313.0,0.89,17.0,92,5.2,-4.2,16.3,2.8,1.0,3,,False,,0,0,False,1252.8,67,91,0.7362637362637363,1.279251821023724,4.924753591484756,False,False
293969860,11.6113,3807.0,0.589743,12,1957.43,58.03898,2092.2788,0.9,5196.0,4.64,16.9,5,15.6,2.3,16.6,4.4,2.0,2,,False,,0,0,False,1740.7,5,5,1.0,5.119451279414022,0.17580009084548118,False,False
316830745,11.6146,3864.0,0.583813,7,2196.33,68.28716,2055.0148,2.4,4150.0,4.1,16.9,2,0.0,-0.6,17.1,4.4,2.0,0,,False,,0,0,False,1688.5,2,2,1.0,5.368304625671411,0.4470685192720101,False,False
360914079,11.6542,3323.0,0.540425,5,2168.04,22.33914,2053.0215,3.6,2360.0,2.86,16.9,5,13.6,0.4,22.1,3.4,2.0,5,,False,,0,0,False,1502.6,5,5,1.0,3.5133444592584726,1.024664686809507,False,False
360914079,11.6542,3323.0,0.540425,5,2168.04,20.59007,2056.3403,3.6,2125.0,2.72,16.9,5,16.4,-2.2,18.9,2.6,2.0,5,,False,,0,0,False,1502.6,5,5,1.0,3.4191476532481464,1.0528939856048762,False,False
262531321,11.5677,3250.0,0.317125,9,2906.03,2.12656,1355.3846,7.92,346.0,0.64,16.8,91,0.3,19.6,8.8,3.9,0.5,0,,False,,0,0,False,1215.9,88,91,0.967032967032967,1.1244008391767533,7.043751413240447,False,False
5362024,8.7097,3588.0,0.467321,5,2555.41,20.44841,1535.1403,2.25,449.0,1.08,16.8,6,10.0,-2.1,17.8,2.7,2.0,0,,False,,0,0,False,314.6,6,6,1.0,3.0962665458112113,0.7266816234034876,False,False
207108993,10.9633,3395.0,0.452657,8,2906.03,1.50589,1355.2491,3.6,273.0,0.82,16.7,131,0.3,14.0,11.1,4.9,0.5,2,"00207108993-01(1:2,ntoi=2);00207108993-02(1:2,ntoi=2)",True,,0,0,False,852.1,115,131,0.8778625954198473,1.2705317948312775,2.833459197672474,False,False
394134589,9.08798,3712.0,0.510027,8,2879.02,27.89638,1347.7571,0.62,1235.0,1.96,16.6,6,20.1,0.2,29.2,4.4,2.0,1,,False,,0,0,True,385.6,5,5,1.0,3.6401534291912916,0.17032249108734443,False,False
360914079,11.6542,3323.0,0.540425,5,2168.04,21.00215,2055.4778,4.5,2151.0,2.73,16.6,4,0.0,4.3,22.1,3.4,2.0,5,,False,,0,0,False,1502.6,3,4,0.75,3.4418068940428532,1.3074527823709947,False,False
201289286,11.5771,3206.0,0.295999,11,2907.31,2.75174,1327.8468,7.92,349.0,0.6,16.5,88,0.6,-12.7,11.2,7.4,1.0,1,,False,,0,0,False,1379.4,82,88,0.9318181818181818,1.170229177446591,6.767905084439298,False,False
398445933,11.2389,3327.0,0.472768,7,2520.2,16.74944,1665.4447,3.0,1458.0,1.97,16.5,7,12.7,0.5,19.1,3.7,2.0,2,,False,,0,0,False,1193.5,6,7,0.8571428571428571,2.919490769609977,1.027576463412069,False,False
114985772,11.1087,3261.0,0.284433,5,2907.3,21.59675,1331.34,1.8,1952.0,1.37,16.1,6,12.6,2.1,18.0,4.2,2.0,8,,False,,0,0,False,1236.8,5,6,0.8333333333333334,2.264597806538116,0.7948431261406433,False,False
238172404,11.6493,3834.0,0.633525,7,2168.03,52.98397,2060.5993,1.58,5005.0,4.89,15.9,2,12.4,1.1,20.0,4.7,2.0,0,,False,,0,0,False,1366.6,2,2,1.0,5.209135220218691,0.30331330119199096,False,False
238172404,11.6493,3834.0,0.633525,7,2168.03,56.09934,2048.1868,1.58,4810.0,4.79,15.7,2,0.0,0.7,20.0,4.7,2.0,0,,False,,0,0,False,1366.6,2,2,1.0,5.30929328457152,0.29759139593802114,False,False
308773532,11.8133,3331.0,0.371023,6,2553.95,24.55849,1554.2202,3.0,2476.0,2.01,15.7,5,6.0,1.7,18.1,4.1,2.0,5,,False,,0,0,False,1696.2,5,5,1.0,2.8219072538802,1.0631107722888191,False,False
355767053,12.1769,3323.0,0.432961,11,2907.31,2.66381,1327.0366,7.92,456.0,1.01,15.6,90,0.9,0.4,11.3,6.5,1.0,7,,False,,0,0,False,1997.3,79,90,0.8777777777777778,1.4916784914435952,5.309455117459859,False,False
238172404,11.6493,3834.0,0.633525,7,2168.03,57.75015,2043.1993,1.58,4879.0,4.83,15.6,2,12.7,-0.1,20.0,4.7,2.0,0,,False,,0,0,False,1366.6,2,2,1.0,5.360868709729778,0.2947283519800361,False,False
114985772,11.1087,3261.0,0.284433,5,2907.3,19.43479,1335.9493,1.05,2297.0,1.49,15.6,6,3.8,4.4,18.0,2.8,2.0,8,,False,,0,0,False,1236.8,5,6,0.8333333333333334,2.186359460604159,0.48025039748489134,False,False
238172404,11.6493,3834.0,0.633525,7,2168.03,54.64001,2048.9931,1.58,4850.0,4.81,15.5,2,12.8,2.2,20.0,4.7,2.0,0,,False,,0,0,False,1366.6,2,2,1.0,5.2628507721119036,0.3002175186825542,False,False
316976676,12.0093,3241.0,0.257512,12,2661.1,6.60596,1332.1963,7.92,576.0,0.67,15.4,41,1.8,14.1,11.1,2.9,0.5,0,,False,,0,0,False,1711.0,35,41,0.8536585365853658,1.4279683723565044,5.5463413289259496,False,False
77176282,12.3218,3442.0,0.422986,6,2879.66,34.14613,1420.2746,7.2,3147.0,2.59,15.4,2,1.8,-0.6,13.4,3.2,2.0,3,,False,,0,0,False,2014.5,2,2,1.0,3.437210417498208,2.094721918491263,False,False
219398128,11.2735,3417.0,0.40943,10,2602.13,30.13535,1407.2058,4.5,1077.0,1.47,15.3,7,8.6,-4.9,11.8,3.4,2.0,15,,False,,0,0,False,1332.8,7,7,1.0,3.2261667796930165,1.3948441935256037,False,False
201292296,10.9008,3379.0,0.476612,5,2907.3,5.15066,1328.2059,6.0,539.0,1.21,15.3,22,2.7,7.8,12.5,2.8,0.5,6,,False,,0,0,False,1255.8,21,22,0.9545454545454546,1.9812498044383495,3.02839146611343,False,False
289600366,11.0301,3516.0,0.191878,5,2555.36,22.9568,1531.8051,2.1,2523.0,1.05,15.3,2,0.0,-0.6,14.3,2.8,2.0,0,,False,,0,0,False,810.2,2,2,1.0,1.7777152565783807,1.1812915438673401,False,False
289600366,11.0301,3516.0,0.191878,5,2555.36,21.60643,1531.8051,2.1,2471.0,1.04,15.3,2,0.0,1.4,14.9,3.1,2.0,0,,False,,0,0,False,810.2,2,2,1.0,1.7421521759792586,1.2054056063268963,False,False
150249543,11.8487,3740.0,0.571884,12,1926.17,97.95865,2136.6533,3.6,2936.0,3.38,15.2,2,2.6,-2.0,11.2,5.6,2.0,4,,False,,0,0,False,1446.1,2,2,1.0,5.971652423120205,0.6028482143505247,False,False
119624569,8.08651,3786.0,0.57976,5,2547.33,47.21604,1695.5149,2.1,706.0,1.68,15.2,2,2.9,1.1,12.8,3.5,2.0,0,,False,,0,0,False,212.3,2,2,1.0,4.7250199470304795,0.4444425681884754,False,False
77176282,12.3218,3442.0,0.422986,6,2879.66,35.8751,1418.5496,7.2,3102.0,2.57,15.1,2,1.3,-0.2,13.4,3.2,2.0,3,,False,,0,0,False,2014.5,2,2,1.0,3.4942716366334152,2.0605152514522023,False,False
391039604,10.33,2898.0,0.130686,7,2502.69,1.80593,1571.2826,1.58,428.0,0.3,15.0,92,0.3,-9.6,9.0,4.0,1.0,13,,False,,0,0,False,869.3,78,92,0.8478260869565217,0.5896504601695992,2.6795535774627393,False,False
207108993,10.9633,3395.0,0.452657,8,2906.03,1.88511,1354.471,3.15,285.0,0.83,14.8,105,2.9,-10.2,12.3,5.7,1.0,2,,False,,0,0,False,852.1,93,105,0.8857142857142857,1.3693044524063949,2.300438003005276,False,False
398445933,11.2389,3327.0,0.472768,7,2520.2,18.0297,1664.1634,3.6,1114.0,1.72,14.7,8,3.5,2.2,17.7,3.2,2.0,2,,False,,0,0,False,1193.5,7,8,0.875,2.9920568627388207,1.2031856896946438,False,False
399697011,10.9342,3733.0,0.577125,5,2607.68,18.90233,1450.2954,4.8,1054.0,2.04,14.6,5,5.3,1.7,16.6,3.0,1.0,8,,False,,0,0,False,1082.6,5,5,1.0,3.471842373353945,1.3825512462315501,False,False
224270730,9.80069,3491.0,0.457555,7,2906.03,22.21814,1354.3886,1.8,675.0,1.3,14.5,9,3.3,0.2,26.6,3.1,2.0,2,,False,,0,0,False,769.8,7,9,0.7777777777777778,3.138627175399761,0.5734991445012062,False,False
316830745,11.6146,3864.0,0.583813,7,2196.33,41.78199,2061.2804,3.15,2987.0,3.48,14.5,2,0.0,-0.4,13.6,5.0,2.0,0,,False,,0,0,False,1688.5,2,2,1.0,4.557435264955426,0.6911782212732775,False,False
89255038,10.3084,3906.0,0.586925,5,2879.66,28.51269,1413.1757,3.0,1054.0,2.08,14.5,4,3.2,0.3,12.4,4.0,1.0,0,,False,,0,0,False,661.7,4,4,1.0,4.026639633245742,0.7450381144691108,False,False
96373171,11.9523,3715.0,0.553009,1,25.08,2.5705,4179.6833,7.56,1998.0,2.7,14.3,9,1.1,-7.4,14.0,2.8,1.0,0,,False,,0,0,False,3552.5,9,9,1.0,1.7352776091624544,4.356651615904209,False,False
289600366,11.0301,3516.0,0.191878,5,2555.36,21.01627,1530.8551,2.1,2319.0,1.01,14.3,2,0.0,-0.5,13.9,2.7,2.0,0,,False,,0,0,False,810.2,2,2,1.0,1.7261437593986677,1.2165846492018555,False,False
224284991,11.4506,3283.0,0.272643,5,2144.36,21.17638,2099.7265,4.8,1377.0,1.1,14.3,4,14.0,0.4,12.1,3.5,2.0,1,,False,,0,0,False,1617.5,4,4,1.0,2.187199690486697,2.19458699673275,False,False
262531321,11.5677,3250.0,0.317125,9,2906.03,3.19004,1356.2996,7.92,349.0,0.65,14.2,57,0.1,-8.8,9.6,4.5,1.0,0,,False,,0,0,False,1215.9,55,57,0.9649122807017544,1.2871445547421452,6.15315503672128,False,False
259999047,8.42784,3409.0,0.422848,7,2529.13,18.17185,1555.5954,3.15,266.0,0.75,14.2,7,3.4,-1.2,13.9,3.9,1.0,12,,False,,0,0,False,285.0,7,7,1.0,2.7848225628140626,1.1311313123005315,False,False
77176282,12.3218,3442.0,0.422986,6,2879.66,2.98316,1412.7371,4.8,768.0,1.28,14.2,42,5.3,2.4,14.7,3.8,1.0,3,,False,,0,0,False,2014.5,32,42,0.7619047619047619,1.5251684236694116,3.14719340205828,False,False
114985772,11.1087,3261.0,0.284433,5,2907.3,13.36551,1335.1676,1.12,1826.0,1.33,14.2,8,5.8,0.2,17.9,2.7,2.0,8,,False,,0,0,False,1236.8,6,8,0.75,1.9298495829540967,0.5803561116331004,False,False
466169924,12.4606,3525.0,0.407019,1,24.74,2.1257,4181.6797,3.06,2040.0,2.01,14.1,10,0.8,-7.3,14.2,3.5,1.0,0,,False,,0,0,False,2490.7,10,10,1.0,1.3277574293813192,2.3046378293856242,False,False
224270730,9.80069,3491.0,0.457555,7,2906.03,23.71372,1366.3324,2.25,810.0,1.42,14.1,5,10.3,2.2,29.1,3.6,2.0,2,,False,,0,0,False,769.8,5,5,1.0,3.2075275373922842,0.7014748817493387,False,False
464452462,8.84557,3692.0,0.509342,8,2547.31,93.83264,1672.5568,3.0,550.0,1.3,14.0,3,7.4,-2.7,16.1,4.5,2.0,1,,False,,0,0,False,338.0,3,3,1.0,5.449198127341277,0.5505397179352942,False,False
399697011,10.9342,3733.0,0.577125,5,2607.68,26.09152,1452.9704,2.4,1637.0,2.55,13.9,4,9.6,-1.1,17.7,3.5,2.0,8,,False,,0,0,False,1082.6,4,4,1.0,3.865639459781795,0.6208545895109093,False,False
399697011,10.9342,3733.0,0.577125,5,2607.68,18.90231,1450.3017,4.5,1038.0,2.03,13.9,5,4.8,1.3,10.9,4.9,2.0,8,,False,,0,0,False,1082.6,4,5,0.8,3.4718411488687106,1.2961422504789173,False,False
172255639,11.0912,3478.0,0.5065,5,2822.29,13.22954,1473.8671,4.2,1013.0,1.76,13.9,6,3.6,0.7,16.2,2.9,2.0,2,"00172255639-01(1:1,ntoi=1)",True,,0,0,False,1023.9,6,6,1.0,2.825592365025246,1.4864139824225757,False,False
316976676,12.0093,3241.0,0.257512,12,2661.1,0.77289,1327.4788,6.12,231.0,0.43,13.8,349,0.5,-4.6,13.1,3.0,1.0,0,,False,,0,0,False,1711.0,208,348,0.5977011494252874,0.698413305734192,8.762719652894472,False,False
409858786,9.57692,3711.0,0.546095,8,2879.02,33.96153,1348.0189,3.6,657.0,1.53,13.8,4,10.7,-2.6,20.9,4.8,2.0,1,,False,,0,0,False,564.6,4,4,1.0,4.068017788127782,0.8849518825867335,False,False
303301402,12.0897,3061.0,0.165067,8,2554.36,49.95909,1546.0324,3.15,4289.0,1.18,13.8,3,5.7,2.6,15.6,4.1,2.0,3,,False,,0,0,False,2130.4,3,3,1.0,2.083786911918072,1.5116708824610603,False,False
409858786,9.57692,3711.0,0.546095,8,2879.02,51.92019,1375.3252,2.1,1199.0,2.06,13.7,2,12.6,-0.7,18.9,4.0,2.0,1,,False,,0,0,False,564.6,2,2,1.0,4.686326236297777,0.4481122086069303,False,False
398445933,11.2389,3327.0,0.472768,7,2520.2,22.69168,1659.5041,3.15,1107.0,1.72,13.7,8,10.5,-0.1,17.5,3.2,2.0,2,,False,,0,0,False,1193.5,7,8,0.875,3.2304465484405727,0.975097390644211,False,False
401283888,10.2017,3575.0,0.559671,5,2527.96,47.39576,1588.7808,6.3,905.0,1.84,13.7,2,0.4,-1.3,11.2,3.6,2.0,11,"00401283888-01(1:1,ntoi=2);00401283888-01(1:3,ntoi=1)",True,,0,0,False,686.5,2,2,1.0,4.62107829941821,1.3633181677084252,False,False
464452462,8.84557,3692.0,0.509342,8,2547.31,89.70755,1724.1718,2.04,707.0,1.48,13.6,2,9.0,0.6,16.1,4.5,2.0,1,,False,,0,0,False,338.0,2,2,1.0,5.368145585405077,0.38001949975916366,False,False
152970890,12.1788,3165.0,0.395873,7,2874.19,44.59153,1407.4018,2.1,3756.0,2.65,13.6,3,6.2,0.1,14.9,3.2,2.0,0,,False,,0,0,False,1792.1,3,3,1.0,3.594702939771629,0.5841929180755651,False,False
256911677,10.9325,3232.0,0.245323,6,1817.32,28.5323,2348.7038,3.6,1484.0,1.03,13.6,5,5.2,2.9,14.3,3.8,2.0,0,,False,,0,0,False,1200.0,5,5,1.0,2.2515386123762857,1.5989066233248121,False,False
435881860,10.7012,3700.0,0.584506,7,2607.56,43.51942,1464.0353,6.3,1396.0,2.38,13.4,2,4.7,1.3,15.0,4.0,2.0,3,,False,,0,0,False,725.4,2,2,1.0,4.623405400847284,1.3626319679527699,False,False
409858786,9.57692,3711.0,0.546095,8,2879.02,42.37491,1328.1439,3.0,1008.0,1.89,13.3,2,9.7,4.2,18.9,4.0,2.0,1,,False,,0,0,False,564.6,2,2,1.0,4.379488165334458,0.6850115554019067,False,False
176779069,11.2473,3985.0,0.621448,5,2146.05,81.36034,2192.0919,1.12,4225.0,4.41,13.2,2,2.6,-2.4,13.1,4.0,2.0,0,,False,,0,0,False,965.4,2,2,1.0,5.933110116101103,0.18877114668082368,False,False
41862291,12.4293,3412.0,0.395788,6,2936.46,0.91549,1354.8188,7.2,416.0,0.88,13.1,145,0.5,-4.6,11.2,9.4,1.0,0,,False,,0,0,False,1913.1,126,145,0.8689655172413793,0.9841649877347112,7.315846519365118,False,False
308841579,9.82584,3569.0,0.450915,5,2554.02,23.62616,1557.6452,2.4,1041.0,1.59,13.1,2,10.5,0.2,12.5,2.8,2.0,0,,False,,0,0,False,446.0,2,2,1.0,3.1725060772998033,0.7564997328681866,False,False
289600366,11.0301,3516.0,0.191878,5,2555.36,22.26095,1531.8051,2.1,1765.0,0.88,13.1,3,7.1,-0.5,14.4,2.9,2.0,0,,False,,0,0,False,810.2,3,3,1.0,1.7595690490979463,1.1934740504082961,False,False
303301402,12.0897,3061.0,0.165067,8,2554.36,47.7594,1579.0231,3.6,3924.0,1.13,13.0,2,9.1,0.0,15.6,4.1,2.0,3,,False,,0,0,False,2130.4,2,2,1.0,2.0527438213431144,1.7537502549365915,False,False
77176282,12.3218,3442.0,0.422986,6,2879.66,33.24472,1421.1746,7.2,2213.0,2.17,13.0,4,6.5,-0.9,13.4,3.2,2.0,3,,False,,0,0,False,2014.5,3,3,1.0,3.4066944480785573,2.113485699916804,False,False
401283888,10.2017,3575.0,0.559671,5,2527.96,15.93068,1572.8433,4.5,547.0,1.43,13.0,7,6.8,-0.7,11.4,3.7,2.0,11,"00401283888-01(1:1,ntoi=1)",True,,0,0,False,686.5,6,7,0.8571428571428571,3.212981818916196,1.4005681493454394,False,False
201292296,10.9008,3379.0,0.476612,5,2907.3,19.37505,1344.3434,4.2,1080.0,1.71,13.0,5,0.8,4.2,12.7,2.9,2.0,6,"00201292296-01(1:1,ntoi=1)",True,,0,0,False,1255.8,5,5,1.0,3.081289848484425,1.3630655363583626,False,False
449046160,12.1106,2985.0,0.153296,9,2549.71,0.52698,1601.8054,0.75,727.0,0.45,12.9,375,1.2,-5.6,9.8,8.7,1.0,7,,False,,0,0,False,2253.4,279,374,0.7459893048128342,0.43500430366352044,1.7241208734802114,False,False
308773532,11.8133,3331.0,0.371023,6,2553.95,12.34889,1550.1389,4.5,1150.0,1.37,12.9,11,10.1,-0.4,17.0,3.7,2.0,5,,False,,0,0,False,1696.2,8,11,0.7272727272727273,2.2439757355495593,2.0053692777109866,False,False
308841579,9.82584,3569.0,0.450915,5,2554.02,21.63509,1552.4671,2.25,866.0,1.45,12.8,3,6.5,0.8,12.4,2.8,2.0,0,,False,,0,0,False,446.0,3,3,1.0,3.0807584700734614,0.7303396296258007,False,False
369376579,11.1902,3477.0,0.48644,5,2849.23,2.8861,1413.7502,3.6,457.0,1.13,12.8,37,3.0,-3.7,13.1,3.2,1.0,6,,False,,0,0,False,1163.7,29,36,0.8055555555555556,1.6557633760202966,2.1742237158625684,False,False
150249543,11.8487,3740.0,0.571884,12,1926.17,104.66791,2136.6533,3.6,2509.0,3.13,12.7,2,0.0,-1.3,11.1,5.5,2.0,4,,False,,0,0,False,1446.1,2,2,1.0,6.10498745078476,0.5896818018089851,False,False
224270730,9.80069,3491.0,0.457555,7,2906.03,13.21446,1359.0949,3.6,371.0,0.96,12.7,12,3.5,0.1,27.2,3.2,2.0,2,"00224270730-01(2:1,ntoi=1)",True,,0,0,False,769.8,10,12,0.8333333333333334,2.6394917238412496,1.3638989535306911,False,False
96373171,11.9523,3715.0,0.553009,1,25.08,7.7235,4182.2333,7.56,2883.0,3.24,12.6,3,1.6,-2.2,12.8,2.3,1.0,0,,False,,0,0,False,3552.5,3,3,1.0,2.504000880228002,3.0191682677490204,False,False
308841579,9.82584,3569.0,0.450915,5,2554.02,22.96618,1554.4733,2.25,1006.0,1.56,12.6,3,10.4,0.3,12.3,2.8,2.0,0,,False,,0,0,False,446.0,2,3,0.6666666666666666,3.142686094424759,0.7159480560249345,False,False
339397736,12.1099,3242.0,0.474847,8,2547.28,6.31917,1660.4146,6.3,665.0,1.34,12.5,30,0.0,-3.4,13.3,4.4,1.0,5,,False,,0,0,False,1922.4,27,30,0.9,2.115748813843164,2.977669163172697,False,False
308841579,9.82584,3569.0,0.450915,5,2554.02,22.17998,1556.6702,2.4,988.0,1.55,12.5,2,11.3,0.0,12.6,2.9,2.0,0,,False,,0,0,False,446.0,2,2,1.0,3.1064077845118874,0.7725965702140146,False,False
267080591,12.3543,3956.0,0.588324,7,2168.03,51.47859,2087.3008,4.2,3945.0,4.03,12.4,2,3.7,-0.3,11.5,4.6,2.0,0,,False,,0,0,False,2549.4,2,2,1.0,4.9109052147262116,0.8552394754852044,False,False
303301402,12.0897,3061.0,0.165067,8,2554.36,49.14068,1558.3043,3.6,2381.0,0.88,12.3,5,3.5,-2.5,15.6,4.1,2.0,3,,False,,0,0,False,2130.4,5,5,1.0,2.072345616742504,1.737161972846401,False,False
172255639,11.0912,3478.0,0.5065,5,2822.29,17.68703,1472.3265,3.15,1258.0,1.96,12.3,5,9.2,0.5,16.5,3.1,2.0,2,,False,,0,0,False,1023.9,5,5,1.0,3.112764259600047,1.011962274459145,False,False
122506840,9.58783,3911.0,0.591584,7,2904.62,37.6136,1404.7719,2.4,723.0,1.73,12.2,3,8.4,-0.5,14.0,3.5,2.0,1,,False,,0,0,False,471.9,3,3,1.0,4.439501505898358,0.5406012357043556,False,False
456892725,10.5767,3802.0,0.587124,7,2607.68,49.58091,1475.9378,1.58,1800.0,2.72,12.2,2,0.0,0.1,12.8,3.8,2.0,1,,False,,0,0,False,668.2,2,2,1.0,4.843206808960257,0.32623013270399565,False,False
449046160,12.1106,2985.0,0.153296,9,2549.71,0.63238,1601.4908,0.75,738.0,0.45,12.1,316,1.1,10.2,9.5,8.3,1.0,7,"00449046160-01(1:3,ntoi=2);00449046160-02(1:3,ntoi=2);00449046160-01(1:3,ntoi=2);00449046160-02(1:3,ntoi=2);00449046160-01(1:3,ntoi=2);00449046160-02(1:3,ntoi=2);00449046160-01(1:2,ntoi=1)",True,,0,0,False,2253.4,233,316,0.7373417721518988,0.4622620255717265,1.6224564392292415,False,False
259999047,8.42784,3409.0,0.422848,7,2529.13,32.96387,1557.2642,3.15,378.0,0.9,12.1,3,5.4,1.6,13.3,3.5,2.0,12,,False,,0,0,False,285.0,3,3,1.0,3.3963351941382864,0.9274702936967367,False,False
435881860,10.7012,3700.0,0.584506,7,2607.56,45.41372,1463.9603,6.3,994.0,2.01,12.1,2,8.7,-0.7,15.0,4.0,2.0,3,,False,,0,0,False,725.4,2,2,1.0,4.689537025064078,1.3434161978738008,False,False
172255639,11.0912,3478.0,0.5065,5,2822.29,13.53272,1477.3671,3.0,1475.0,2.12,12.0,3,5.9,1.8,16.9,3.2,2.0,2,,False,,0,0,True,1023.9,3,3,1.0,2.847014151356365,1.0537355420487637,False,False
89255038,10.3084,3906.0,0.586925,5,2879.66,32.81584,1436.6757,3.0,2209.0,3.01,11.9,2,2.0,-0.4,12.1,3.8,1.0,0,,False,,0,0,False,661.7,2,2,1.0,4.219793591943349,0.7109352471001799,False,False
120278665,11.9454,3777.0,0.587957,1,24.82,0.697,4179.7958,7.92,737.0,1.74,11.8,33,1.0,-3.7,9.8,3.3,1.0,0,,False,,0,0,False,2443.0,28,33,0.8484848484848485,1.1699921024931181,6.769276461886704,False,False
435881860,10.7012,3700.0,0.584506,7,2607.56,44.00927,1452.2603,6.3,683.0,1.67,11.8,4,3.5,-0.2,15.0,4.0,2.0,3,,False,,0,0,False,725.4,4,4,1.0,4.640687574489778,1.3575574521826446,False,False
152970890,12.1788,3165.0,0.395873,7,2874.19,34.46328,1407.2643,2.1,3332.0,2.49,11.8,3,8.6,-0.9,15.0,3.2,2.0,0,,False,,0,0,False,1792.1,2,3,0.6666666666666666,3.29886405185021,0.6365827651558386,False,False
231019115,11.0956,3564.0,0.471878,6,2878.5,33.48851,1378.7336,3.15,1872.0,2.23,11.8,2,3.7,-0.2,9.3,3.2,2.0,1,,False,,0,0,False,839.2,2,2,1.0,3.6733309304481545,0.8575323213843118,False,False
207108993,10.9633,3395.0,0.452657,8,2906.03,3.39361,1355.9803,3.6,279.0,0.82,11.7,57,0.5,-8.4,5.7,3.8,1.0,2,,False,,0,0,True,852.1,53,57,0.9298245614035088,1.6657446670333655,2.161195572915432,False,False
89255038,10.3084,3906.0,0.586925,5,2879.66,34.18689,1422.6757,4.2,1431.0,2.42,11.6,2,0.3,1.1,11.6,3.5,1.0,0,,False,,0,0,False,661.7,2,2,1.0,4.277761471909163,0.9818219242891871,False,False
303301402,12.0897,3061.0,0.165067,8,2554.36,26.64676,1549.3137,3.15,2561.0,0.91,11.5,6,6.6,-0.4,15.6,4.1,2.0,3,,False,,0,0,False,2130.4,4,5,0.8,1.6899088084957863,1.864005906214468,False,False
119624569,8.08651,3786.0,0.57976,5,2547.33,25.94276,1681.5024,2.1,329.0,1.15,11.5,3,4.3,-0.1,14.7,4.5,2.0,0,,False,,0,0,False,212.3,3,3,1.0,3.8700138465072804,0.5426337174207445,False,False
178271163,10.4821,3770.0,0.533417,5,2879.65,48.99064,1421.354,3.15,1501.0,2.25,11.5,2,2.1,-0.2,9.3,3.6,2.0,0,,False,,0,0,False,605.4,2,2,1.0,4.525055394078801,0.696124074883567,False,False
176779069,11.2473,3985.0,0.621448,5,2146.05,68.50206,2171.032,0.75,3718.0,4.13,11.5,2,0.0,0.1,13.1,4.0,2.0,0,,False,,0,0,False,965.4,2,2,1.0,5.6024677822847995,0.13386957839749233,False,False
183821379,12.1825,3478.0,0.408466,1,24.76,10.68471,4240.7832,0.5,17419.0,5.88,11.4,2,3.8,-3.1,11.3,3.8,1.0,0,,False,,0,0,False,7209.5,2,2,1.0,2.2798160952262565,0.21931593563487775,False,False
456892725,10.5767,3802.0,0.587124,7,2607.68,47.8802,1463.7644,1.5,1451.0,2.44,11.4,3,8.9,-0.9,12.5,3.7,2.0,1,,False,,0,0,False,668.2,3,3,1.0,4.787184528747709,0.3133365741371137,False,False
119624569,8.08651,3786.0,0.57976,5,2547.33,38.86364,1671.8149,2.1,314.0,1.12,11.4,4,9.7,0.0,14.7,4.5,2.0,0,,False,,0,0,False,212.3,4,4,1.0,4.428142800619942,0.47423944858011335,False,False
449046160,12.1106,2985.0,0.153296,9,2549.71,0.73777,1601.7033,0.75,748.0,0.46,11.3,267,0.7,-5.7,9.0,7.7,1.0,7,,False,,0,0,False,2253.4,202,267,0.7565543071161048,0.4866340645323835,1.5411991363997302,False,False
435881860,10.7012,3700.0,0.584506,7,2607.56,45.97466,1451.0603,6.3,751.0,1.75,11.3,3,5.6,-1.6,15.0,4.0,2.0,3,,False,,0,0,False,725.4,3,3,1.0,4.708766103595889,1.3379301204170986,False,False
146247923,10.6728,3499.0,0.411699,7,2904.62,48.16999,1420.1375,1.05,2433.0,2.22,11.3,2,7.1,-0.3,12.8,3.7,2.0,0,,False,,0,0,False,1083.6,2,2,1.0,3.786055890532222,0.277333465315642,False,False
209451163,10.4999,3827.0,0.563785,6,2174.68,52.9913,2124.7835,4.2,902.0,1.85,11.3,3,3.6,-0.5,10.4,4.8,2.0,0,,False,,0,0,False,656.2,3,3,1.0,4.819686941301701,0.8714258936630569,False,False
238809900,12.4612,3774.0,0.534938,7,2167.98,46.65832,2080.077,4.2,5755.0,4.43,11.1,2,1.1,0.5,11.1,5.3,1.0,1,,False,,0,0,False,2270.9,2,2,1.0,4.460535083405785,0.9415910695613549,False,False
297223601,11.9961,3710.0,0.630591,6,1791.64,0.52543,2307.7237,6.3,363.0,1.31,11.1,281,1.5,-0.8,9.1,6.8,1.0,2,,False,,0,0,False,2365.9,175,281,0.6227758007117438,1.1156939925424068,5.646709619403585,False,False
341116983,11.1946,3284.0,0.306745,5,2547.29,23.93253,1679.3953,2.4,1641.0,1.36,11.1,3,7.5,0.6,12.9,4.8,2.0,2,,False,,0,0,False,1035.5,3,3,1.0,2.4644659733528917,0.9738418083065735,False,False
146247923,10.6728,3499.0,0.411699,7,2904.62,51.07826,1419.2406,1.5,1644.0,1.82,11.0,3,3.8,2.9,12.8,3.7,2.0,0,,False,,0,0,False,1083.6,3,3,1.0,3.860766476772477,0.3885238874260973,False,False
146247923,10.6728,3499.0,0.411699,7,2904.62,45.64225,1417.1812,1.05,2430.0,2.21,11.0,2,7.3,0.9,14.4,4.5,2.0,0,,False,,0,0,False,1083.6,2,2,1.0,3.7186375516119488,0.28236147928556465,False,False
122506840,9.58783,3911.0,0.591584,7,2904.62,31.98172,1404.7719,2.25,589.0,1.57,10.9,4,5.5,1.3,14.2,3.6,2.0,1,,False,,0,0,False,471.9,4,4,1.0,4.205844185576023,0.5349698896874006,False,False
206485185,10.2392,3938.0,0.60236,5,2602.13,44.07704,1421.3354,2.25,1163.0,2.24,10.9,2,0.0,-1.6,9.7,3.9,2.0,0,,False,,0,0,False,538.4,2,2,1.0,4.7371432477606525,0.474969804019252,False,False
98672442,12.4363,3772.0,0.552628,1,25.79,11.74157,4268.7991,4.08,3094.0,3.35,10.8,2,2.5,2.7,11.0,3.0,1.0,0,,False,,0,0,False,2391.5,2,2,1.0,2.8778773087288614,1.417711584724266,False,False
201289286,11.5771,3206.0,0.295999,11,2907.31,62.10545,1387.3706,4.5,2439.0,1.59,10.8,2,0.0,-0.6,8.8,3.8,2.0,1,,False,,0,0,False,1379.4,2,2,1.0,3.3070824878199003,1.3607159835213232,False,False
355767053,12.1769,3323.0,0.432961,11,2907.31,44.17915,1368.6266,3.12,2604.0,2.41,10.8,3,3.7,0.1,11.9,5.1,2.0,7,,False,,0,0,False,1997.3,3,3,1.0,3.804053340347758,0.8201777737729558,False,False
262531321,11.5677,3250.0,0.317125,9,2906.03,5.31646,1356.4196,7.92,327.0,0.63,10.7,38,0.6,-8.1,7.9,3.2,1.0,0,,False,,0,0,False,1215.9,38,38,1.0,1.5260524638687176,5.18986089110062,False,False
172255639,11.0912,3478.0,0.5065,5,2822.29,11.91361,1479.189,3.15,848.0,1.61,10.7,7,6.5,-3.4,14.9,2.5,2.0,2,,False,,0,0,False,1023.9,7,7,1.0,2.7286157828403557,1.1544314959290471,False,False
355767053,12.1769,3323.0,0.432961,11,2907.31,50.60823,1349.9978,3.06,1979.0,2.1,10.6,5,6.6,3.3,10.2,4.2,2.0,7,,False,,0,0,False,1997.3,4,5,0.8,3.9802882889285467,0.7687885343661177,False,False
435881860,10.7012,3700.0,0.584506,7,2607.56,47.22682,1469.4728,6.3,717.0,1.71,10.6,3,10.3,1.6,15.0,4.0,2.0,3,,False,,0,0,False,725.4,3,3,1.0,4.751132886767334,1.3259995352995722,False,False
144284277,11.2601,3556.0,0.462328,5,2906.03,44.90397,1395.7447,4.8,1945.0,2.22,10.6,2,2.8,0.6,10.5,4.2,1.0,0,,False,,0,0,False,1253.9,2,2,1.0,3.9957962779124654,1.2012624433665264,False,False
210844914,11.9214,3968.0,0.635126,1,24.26,11.65566,4153.6796,5.04,5246.0,5.02,10.5,2,0.0,1.2,10.3,3.3,1.0,0,,False,,0,0,False,4426.1,2,2,1.0,3.1498788132832214,1.6000615575259682,False,False
98672442,12.4363,3772.0,0.552628,1,25.79,10.35209,4268.8104,2.34,4016.0,3.82,10.5,2,0.0,3.3,10.4,2.7,1.0,0,,False,,0,0,False,2391.5,2,2,1.0,2.759558239084839,0.8479618102845408,False,False
150249543,11.8487,3740.0,0.571884,12,1926.17,32.64521,2071.377,2.34,1280.0,2.23,10.5,8,3.2,1.0,10.7,5.1,1.0,4,,False,,0,0,False,1446.1,7,8,0.875,4.140188172499597,0.5651917020446074,False,False
358108300,12.3629,3411.0,0.542359,11,2720.37,54.99633,1356.5684,4.5,1906.0,2.58,10.5,4,3.3,0.0,9.4,4.5,2.0,3,,False,,0,0,False,2134.7,4,4,1.0,4.755294641540884,0.9463136018301151,False,False
449046160,12.1106,2985.0,0.153296,9,2549.71,0.84317,1601.6989,0.78,724.0,0.45,10.5,235,0.8,9.9,9.1,7.8,1.0,7,,False,,0,0,False,2253.4,186,235,0.7914893617021277,0.5087845223238612,1.5330655037173078,False,False
146247923,10.6728,3499.0,0.411699,7,2904.62,49.75855,1425.6906,1.5,1936.0,1.98,10.5,2,0.0,-1.8,12.8,3.7,2.0,0,,False,,0,0,False,1083.6,2,2,1.0,3.82722569895748,0.3919288063958688,False,False
210844914,11.9214,3968.0,0.635126,1,24.26,0.65279,4153.5896,5.04,1534.0,2.71,10.4,33,0.6,-3.3,10.5,3.4,1.0,0,,False,,0,0,False,4426.1,28,33,0.8484848484848485,1.2051452299389047,4.182068579614678,False,False
146247923,10.6728,3499.0,0.411699,7,2904.62,38.14172,1417.6562,1.05,2222.0,2.12,10.4,2,0.0,-0.5,13.3,3.9,2.0,0,,False,,0,0,False,1083.6,2,2,1.0,3.5026353517516737,0.2997742826625938,False,False
115349383,11.2769,3717.0,0.510855,7,2904.61,80.88079,1430.1095,2.4,2855.0,2.98,10.4,2,5.8,0.4,11.3,4.8,2.0,0,,False,,0,0,False,1685.3,2,2,1.0,5.196231856948962,0.4618731546380982,False,False
178945595,10.5502,3964.0,0.631184,5,2852.45,18.31407,1438.305,4.2,553.0,1.62,10.4,7,5.1,1.5,9.0,4.6,2.0,0,,False,,0,0,False,921.4,6,7,0.8571428571428571,3.64676046727299,1.1517071213456245,False,False
398570754,10.6739,3269.0,0.231166,5,2602.12,14.50211,1396.7298,2.1,2447.0,1.25,10.4,5,13.6,0.4,13.4,2.6,2.0,0,,False,,0,0,False,1601.5,4,5,0.8,1.7270357639656726,1.2159562898558138,False,False
98672442,12.4363,3772.0,0.552628,1,25.79,6.21572,4268.7954,3.06,2358.0,2.93,10.3,4,3.6,1.6,10.3,2.7,1.0,0,,False,,0,0,False,2391.5,4,4,1.0,2.3280592650791267,1.3143995283539296,False,False
256097445,10.2304,3470.0,0.374096,9,2548.24,40.0569,1654.9197,1.17,2498.0,2.04,10.3,2,0.6,0.7,10.1,4.2,1.0,0,,False,,0,0,False,743.3,1,1,1.0,3.340074207730512,0.3502916184592745,False,False
424881692,11.2482,3228.0,0.561349,5,2547.3,20.36674,1668.0719,4.5,1259.0,2.17,10.3,3,6.8,-1.6,11.1,3.0,2.0,0,,False,,0,0,False,1023.5,3,3,1.0,3.4941169421861242,1.2878790476842301,False,False
144284277,11.2601,3556.0,0.462328,5,2906.03,46.10982,1367.1009,4.5,1916.0,2.21,10.3,3,3.0,-2.3,10.4,4.2,1.0,0,,False,,0,0,False,1253.9,3,3,1.0,4.031248471106864,1.1162794931279516,False,False
183821379,12.1825,3478.0,0.408466,1,24.76,11.41026,4240.1007,4.08,7992.0,3.98,10.2,2,2.2,-3.2,10.4,3.1,1.0,0,,False,,0,0,False,7209.5,2,2,1.0,2.3302941729396642,1.750851908475179,False,False
98672442,12.4363,3772.0,0.552628,1,25.79,2.92053,4265.9116,6.12,1283.0,2.16,10.2,8,3.7,-2.1,10.3,2.6,1.0,0,,False,,0,0,False,2391.5,7,8,0.875,1.8098841425795982,3.3814319138004407,False,False
256097445,10.2304,3470.0,0.374096,9,2548.24,54.87442,1683.9259,1.89,2411.0,2.0,10.2,2,1.6,1.4,10.1,4.2,2.0,0,,False,,0,0,False,743.3,1,1,1.0,3.709542217413471,0.5094968298589221,False,False
115349383,11.2769,3717.0,0.510855,7,2904.61,110.74508,1411.422,2.4,2783.0,2.94,10.2,2,0.0,-2.2,11.1,4.7,2.0,0,,False,,0,0,False,1685.3,2,2,1.0,5.770076087212424,0.4159390558677124,False,False
178805087,9.81041,3432.0,0.36937,5,2852.47,45.05006,1453.2709,3.15,759.0,1.11,10.2,2,0.0,1.8,8.1,3.2,2.0,1,,False,,0,0,False,492.4,2,2,1.0,3.444142920021167,0.9145961921872396,False,False
229149668,11.2942,3931.0,0.589745,5,2144.36,50.35298,2122.4696,0.5,4061.0,4.1,10.2,2,3.9,-1.6,10.3,4.8,2.0,0,,False,,0,0,False,1075.6,2,2,1.0,4.882694269738841,0.10240247952832471,False,False
435929135,11.5483,3541.0,0.503725,5,2607.68,14.37393,1451.3144,4.5,998.0,1.74,10.2,7,3.6,2.3,11.0,3.3,2.0,6,,False,,0,0,False,1332.8,6,7,0.8571428571428571,2.8942040010024472,1.5548316561104065,False,False
355767053,12.1769,3323.0,0.432961,11,2907.31,46.55588,1364.2478,4.5,1517.0,1.84,10.1,5,3.6,1.0,10.5,4.4,2.0,7,,False,,0,0,False,1997.3,5,5,1.0,3.8710815998518355,1.1624658080501935,False,False
398570754,10.6739,3269.0,0.231166,5,2602.12,18.31208,1403.8548,2.1,2087.0,1.15,10.1,5,3.3,-0.9,13.7,2.7,2.0,0,,False,,0,0,False,1601.5,3,5,0.6,1.8666812211741737,1.1249912283786008,False,False
176779069,11.2473,3985.0,0.621448,5,2146.05,38.49002,2147.631,0.75,2631.0,3.48,10.1,3,4.5,1.1,13.1,4.0,2.0,0,,False,,0,0,False,965.4,3,3,1.0,4.623038775304942,0.16223095596911338,False,False
256097445,10.2304,3470.0,0.374096,9,2548.24,94.99562,1723.4959,1.17,1861.0,1.76,9.9,2,0.0,0.1,10.3,4.3,2.0,0,,False,,0,0,False,743.3,2,2,1.0,4.454150264646243,0.2626763648470947,False,False
398570754,10.6739,3269.0,0.231166,5,2602.12,16.46213,1395.5423,2.1,1893.0,1.1,9.9,6,6.5,1.6,13.3,2.6,2.0,0,,False,,0,0,False,1601.5,5,6,0.8333333333333334,1.8015774690576256,1.1656451282655496,False,False
120278665,11.9454,3777.0,0.587957,1,24.82,12.03884,4186.6227,2.25,3429.0,3.76,9.8,2,4.1,0.9,9.9,3.5,1.0,0,,False,,0,0,False,2443.0,2,2,1.0,3.0243604614534867,0.7439589389813229,False,False
201289286,11.5771,3206.0,0.295999,11,2907.31,43.81144,1348.3781,3.06,1538.0,1.27,9.8,4,3.0,-0.5,9.9,3.5,2.0,1,,False,,0,0,False,1379.4,4,4,1.0,2.9439536347129938,1.0394185437972496,False,False
341116983,11.1946,3284.0,0.306745,5,2547.29,21.33997,1659.2328,2.4,919.0,1.01,9.8,8,5.0,-1.1,10.3,3.3,2.0,2,,False,,0,0,False,1035.5,7,8,0.875,2.3720539211965774,1.0117813842905077,False,False
389727431,11.8197,3397.0,0.409951,8,2905.98,13.80564,1354.5065,6.3,717.0,1.2,9.7,10,1.9,-0.6,9.8,3.0,2.0,2,,False,,0,0,True,1563.2,9,10,0.9,2.48913494687284,2.5309997788247043,False,False
231019115,11.0956,3564.0,0.471878,6,2878.5,34.88942,1378.768,4.8,1107.0,1.71,9.7,2,7.1,-0.3,9.6,3.4,2.0,1,,False,,0,0,False,839.2,2,2,1.0,3.7238544452877735,1.2889870080915753,False,False
91611340,11.1888,3468.0,0.337274,6,2904.62,0.92463,1386.4996,3.15,200.0,0.52,9.7,132,0.7,8.9,7.6,7.2,1.0,0,,False,,0,0,False,922.4,99,132,0.75,0.8875364464646013,3.549150023694982,False,False
229149668,11.2942,3931.0,0.589745,5,2144.36,40.38598,2127.2613,0.5,3175.0,3.63,9.7,3,5.4,0.3,9.5,4.2,2.0,0,,False,,0,0,False,1075.6,3,3,1.0,4.5365741556533825,0.11021532611274756,False,False
120278665,11.9454,3777.0,0.587957,1,24.82,12.76144,4185.8989,2.25,3280.0,3.67,9.6,2,4.5,0.0,9.5,3.1,2.0,0,,False,,0,0,False,2443.0,2,2,1.0,3.0836984218284362,0.7296433347933854,False,False
456892725,10.5767,3802.0,0.587124,7,2607.68,35.41474,1454.6941,1.58,861.0,1.88,9.6,6,5.1,2.3,12.7,3.8,2.0,1,,False,,0,0,False,668.2,6,6,1.0,4.3293517125755665,0.3649507143091512,False,False
115349383,11.2769,3717.0,0.510855,7,2904.61,103.55439,1487.6345,2.4,2628.0,2.86,9.6,2,0.0,1.2,11.1,4.7,2.0,0,,False,,0,0,False,1685.3,2,2,1.0,5.642387359160147,0.4253518674331556,False,False
294769705,11.8286,3971.0,0.601578,6,1815.42,75.8893,2411.3213,1.58,4559.0,4.43,9.6,2,3.1,1.0,8.7,4.7,2.0,1,,False,,0,0,False,2130.2,2,2,1.0,5.672786515257294,0.27852273230281044,False,False
231888176,10.8214,3366.0,0.310152,5,2575.19,23.10397,1637.1884,1.58,1477.0,1.3,9.6,5,3.5,0.3,11.7,3.1,2.0,6,,False,,0,0,False,1051.3,5,5,1.0,2.4536929892602033,0.6439273401014914,False,False
210844914,11.9214,3968.0,0.635126,1,24.26,8.68588,4159.1521,2.04,6100.0,5.41,9.5,3,3.0,1.0,9.4,2.7,1.0,0,,False,,0,0,False,4426.1,3,3,1.0,2.8557454719426336,0.7143493774367367,False,False
150249543,11.8487,3740.0,0.571884,12,1926.17,9.7226,2064.0383,3.6,508.0,1.41,9.5,28,3.4,-0.6,8.3,3.4,0.5,4,,False,,0,0,False,1446.1,23,28,0.8214285714285714,2.7648679719442066,1.3020513227141703,False,False
423211395,11.9417,3367.0,0.318649,9,2520.19,0.58075,1657.188,1.2,314.0,0.62,9.5,345,0.3,-6.3,7.4,6.7,1.0,5,,False,,0,0,False,1510.5,240,343,0.6997084548104956,0.7318348275591239,1.6397142562924196,False,False
449046160,12.1106,2985.0,0.153296,9,2549.71,0.94856,1601.8089,0.78,691.0,0.44,9.5,210,1.1,-5.2,8.5,7.0,1.0,7,"00449046160-01(1:3,ntoi=1)",True,,0,0,False,2253.4,153,210,0.7285714285714285,0.5291560649634747,1.4740452801081285,False,False
389727431,11.8197,3397.0,0.409951,8,2905.98,11.55063,1361.4815,4.5,691.0,1.18,9.5,15,0.1,-5.4,10.5,3.5,1.0,2,,False,,0,0,False,1563.2,13,15,0.8666666666666667,2.3454786544183723,1.918584929998394,False,False
247463344,8.79728,3243.0,0.249006,7,2577.39,44.10771,1510.11,3.15,430.0,0.56,9.5,2,7.9,-0.6,10.6,4.0,2.0,0,,False,,0,0,False,275.0,2,2,1.0,2.6293778824579936,1.198002014474739,False,False
401703809,12.4121,3680.0,0.422961,6,2114.81,28.75078,2054.8525,4.2,3584.0,2.76,9.5,5,4.1,-1.5,8.6,3.7,2.0,0,,False,,0,0,False,4294.1,5,5,1.0,3.245575532192231,1.2940694056696629,False,False
206485185,10.2392,3938.0,0.60236,5,2602.13,49.57052,1421.3495,1.58,1081.0,2.16,9.5,2,5.1,1.2,10.6,4.5,2.0,0,,False,,0,0,False,538.4,2,2,1.0,4.926292583786356,0.3207280065337917,False,False
279370312,11.5255,3238.0,0.274793,5,2904.62,9.98898,1387.1598,6.0,534.0,0.69,9.5,14,0.3,-1.3,8.1,3.0,1.0,0,,False,,0,0,False,1200.7,14,14,1.0,1.7115350033312628,3.505625060733109,False,False
466177968,12.1137,3511.0,0.462375,1,24.76,13.48248,4184.4544,2.34,3436.0,2.96,9.4,2,2.3,0.0,9.4,4.2,2.0,0,,False,,0,0,True,2427.3,2,2,1.0,2.675846019317641,0.8744897812157052,False,False
245860141,10.7049,3921.0,0.611688,7,2607.68,44.52272,1468.8831,3.0,946.0,2.05,9.4,3,6.3,-1.5,9.2,3.3,2.0,1,,False,,0,0,False,708.9,2,3,0.6666666666666666,4.802000091385998,0.624739679905777,False,False
267080591,12.3543,3956.0,0.588324,7,2168.03,38.88231,2059.4133,2.4,3415.0,3.75,9.4,3,5.7,0.7,10.9,4.2,2.0,0,,False,,0,0,False,2549.4,3,3,1.0,4.4723593389947425,0.5366295098594316,False,False
206485185,10.2392,3938.0,0.60236,5,2602.13,38.55989,1421.3495,1.58,919.0,1.99,9.4,3,4.3,1.5,9.4,3.7,2.0,0,,False,,0,0,False,538.4,3,3,1.0,4.530620014621268,0.3487381406741255,False,False
178271163,10.4821,3770.0,0.533417,5,2879.65,45.34877,1421.3634,2.25,1114.0,1.94,9.4,2,0.0,0.1,9.4,3.7,2.0,0,,False,,0,0,False,605.4,2,2,1.0,4.410028198463399,0.5102008193017847,False,False
341116983,11.1946,3284.0,0.306745,5,2547.29,18.6141,1660.7828,2.4,955.0,1.03,9.4,8,4.0,0.4,10.5,3.4,2.0,2,,False,,0,0,False,1035.5,7,7,1.0,2.26642126584071,1.0589381754277443,False,False
424881692,11.2482,3228.0,0.561349,5,2547.3,19.03767,1674.2782,3.6,1007.0,1.94,9.4,4,3.2,0.8,10.9,2.9,2.0,0,,False,,0,0,False,1023.5,4,4,1.0,3.416395918818264,1.0537420385530858,False,False
355767053,12.1769,3323.0,0.432961,11,2907.31,34.59674,1348.0103,2.34,2715.0,2.46,9.3,3,3.5,0.7,9.8,3.5,2.0,7,,False,,0,0,False,1997.3,3,3,1.0,3.5063279904419162,0.6673648347726536,False,False
449046160,12.1106,2985.0,0.153296,9,2549.71,1.15936,1601.4908,0.75,752.0,0.46,9.3,174,0.6,-4.2,6.0,4.9,1.0,7,,False,,0,0,False,2253.4,133,173,0.7687861271676301,0.5657635273509574,1.3256421874907396,False,False
409700387,12.0628,3957.0,0.637247,8,2196.32,65.73258,2042.7905,0.5,5836.0,5.31,9.3,3,3.7,0.6,10.7,4.6,2.0,0,,False,,0,0,False,1878.8,3,3,1.0,5.61919003826269,0.0889807955586758,False,False
339397736,12.1099,3242.0,0.474847,8,2547.28,2.72991,1658.6333,4.5,403.0,1.04,9.3,64,2.5,-0.5,9.6,3.2,1.0,5,,False,,0,0,False,1922.4,47,64,0.734375,1.599411457748822,2.8135349276125403,False,False
456892725,10.5767,3802.0,0.587124,7,2607.68,36.33703,1463.3644,1.5,843.0,1.86,9.3,6,5.8,0.1,12.2,3.6,2.0,1,,False,,0,0,False,668.2,6,6,1.0,4.366612552020616,0.34351570745746307,False,False
393001368,10.8968,3543.0,0.410113,6,2549.86,38.03328,1628.0988,4.5,1694.0,1.84,9.3,2,0.7,1.2,9.5,4.6,1.0,0,,False,,0,0,False,1397.3,2,2,1.0,3.4903199928273745,1.2892800686606165,False,False
231888176,10.8214,3366.0,0.310152,5,2575.19,17.98178,1630.3306,1.5,1274.0,1.21,9.3,7,4.3,-0.1,11.3,2.9,2.0,6,,False,,0,0,False,1051.3,7,7,1.0,2.2570208863188017,0.6645928751002824,False,False
358108300,12.3629,3411.0,0.542359,11,2720.37,72.59962,1374.1096,2.04,3651.0,3.58,9.2,2,2.4,-0.2,8.5,3.7,2.0,3,,False,,0,0,False,2134.7,2,2,1.0,5.216481170374333,0.3910682188571209,False,False
238809900,12.4612,3774.0,0.534938,7,2167.98,90.13079,2080.527,3.0,3484.0,3.44,9.2,2,0.9,2.2,10.8,5.1,2.0,1,,False,,0,0,False,2270.9,2,2,1.0,5.555224992520307,0.5400321326389614,False,False
341116983,11.1946,3284.0,0.306745,5,2547.29,21.98945,1658.314,2.1,1015.0,1.07,9.2,6,6.4,1.7,10.4,3.3,2.0,2,,False,,0,0,False,1035.5,6,6,1.0,2.3958782478167295,0.8765053073601082,False,False
256097445,10.2304,3470.0,0.374096,9,2548.24,53.85801,1674.7759,1.17,1642.0,1.65,9.1,2,5.2,0.3,10.8,4.7,2.0,0,,False,,0,0,False,743.3,2,2,1.0,3.686496036120545,0.3173745444281666,False,False
401703809,12.4121,3680.0,0.422961,6,2114.81,42.85831,2054.8525,3.0,6129.0,3.61,9.1,2,0.0,-1.6,9.6,4.6,2.0,0,,False,,0,0,False,4294.1,2,2,1.0,3.707548640891025,0.809159984285201,False,False
206485185,10.2392,3938.0,0.60236,5,2602.13,46.50868,1421.3448,1.8,715.0,1.76,9.1,4,6.3,1.0,9.7,3.9,2.0,0,,False,,0,0,False,538.4,4,4,1.0,4.822701493890099,0.3732347942912137,False,False
423211395,11.9417,3367.0,0.318649,9,2520.19,0.77474,1657.3655,1.56,304.0,0.61,9.0,259,0.5,8.6,6.5,4.7,1.0,5,"00423211395-01(1:2,ntoi=1);00423211395-01(1:2,ntoi=1);00423211395-02(1:2,ntoi=3);00423211395-03(1:2,ntoi=3);00423211395-01(1:2,ntoi=3)",True,,0,0,False,1510.5,175,258,0.6782945736434108,0.8056294378592387,1.9363741277197055,False,False
247463344,8.79728,3243.0,0.249006,7,2577.39,34.66352,1493.8162,3.15,411.0,0.55,9.0,2,8.8,-0.1,10.0,3.5,2.0,0,,False,,0,0,False,275.0,2,2,1.0,2.4264558261896774,1.298189716046272,False,False
201793372,11.0664,3321.0,0.309874,7,2633.96,0.607,1354.6676,3.0,123.0,0.37,9.0,282,0.0,-1.3,6.4,5.4,1.0,0,,False,,0,0,False,830.1,193,282,0.6843971631205674,0.7290007076410314,4.115222342798103,False,False
401703809,12.4121,3680.0,0.422961,6,2114.81,12.3549,2036.94,4.8,2112.0,2.12,9.0,11,6.3,1.3,9.2,4.3,2.0,0,,False,,0,0,False,4294.1,9,11,0.8181818181818182,2.449184985389491,1.95983563047879,False,False
44678687,10.9337,3349.0,0.282376,5,2879.66,50.69556,1421.3758,4.2,1540.0,1.21,9.0,2,0.0,0.7,8.4,4.2,2.0,0,,False,,0,0,False,784.2,1,1,1.0,2.995137676384155,1.4022727679985654,False,False
307218058,10.3363,3868.0,0.53022,8,2691.55,92.65216,1442.6782,4.2,600.0,1.42,8.9,3,5.0,-0.9,9.5,5.2,2.0,0,,False,,0,0,False,607.0,3,3,1.0,5.573536895944236,0.7535609933893621,False,False
467939527,11.8663,3180.0,0.314669,8,2520.13,26.92739,1661.7953,4.2,1506.0,1.33,8.9,5,3.9,1.5,27.2,3.9,2.0,1,,False,,0,0,True,2895.6,5,5,1.0,2.60720804461041,1.610918625647152,False,False
467939527,11.8663,3180.0,0.314669,8,2520.13,27.14753,1682.9828,2.4,3183.0,1.94,8.9,2,0.0,-0.2,26.6,3.8,2.0,1,,False,,0,0,True,2895.6,2,2,1.0,2.614293689467018,0.9180299863284653,False,False
209451163,10.4999,3827.0,0.563785,6,2174.68,32.39337,2133.071,2.4,667.0,1.59,8.9,5,5.3,-2.8,10.1,4.0,2.0,0,,False,,0,0,False,656.2,5,5,1.0,4.090433618850796,0.5867348608078079,False,False
41862291,12.4293,3412.0,0.395788,6,2936.46,1.83099,1354.8188,7.2,358.0,0.82,8.9,73,0.8,9.9,5.8,3.1,0.5,0,,False,,0,0,False,1913.1,64,73,0.8767123287671232,1.239972442001294,5.806580659469597,False,False
65483825,10.7712,3395.0,0.529214,5,2879.66,41.49515,1418.6125,1.12,3384.0,3.36,8.9,2,0.2,-1.4,8.9,4.7,1.0,0,,False,,0,0,False,1141.2,1,1,1.0,4.258875619946675,0.26298020885005874,False,False
219938265,11.6383,3769.0,0.606751,1,24.97,6.58501,4185.0664,1.53,3752.0,4.05,8.8,2,0.0,0.3,8.8,4.8,1.0,0,,False,,0,0,False,1754.6,2,2,1.0,2.5258105571818343,0.6057461418274745,False,False
358108300,12.3629,3411.0,0.542359,11,2720.37,43.16078,1325.9984,4.5,1373.0,2.19,8.8,7,4.2,2.3,9.4,3.0,2.0,3,,False,,0,0,False,2134.7,7,7,1.0,4.386276009057172,1.0259272309147898,False,False
115349383,11.2769,3717.0,0.510855,7,2904.61,78.839,1420.6595,1.2,3264.0,3.18,8.8,3,5.4,-0.7,11.0,4.6,2.0,0,,False,,0,0,False,1685.3,2,2,1.0,5.152133352138566,0.23291322603323136,False,False
424881692,11.2482,3228.0,0.561349,5,2547.3,16.19821,1666.2532,3.0,1174.0,2.1,8.8,3,3.5,1.1,12.1,3.5,2.0,0,,False,,0,0,False,1023.5,3,3,1.0,3.237322292906945,0.9266917929589759,False,False
435929135,11.5483,3541.0,0.503725,5,2607.68,26.9142,1463.4238,0.75,2973.0,3.0,8.8,3,4.7,-2.4,10.3,2.9,2.0,6,,False,,0,0,True,1332.8,3,3,1.0,3.5672300912064725,0.21024716119344647,False,False
466177968,12.1137,3511.0,0.462375,1,24.76,15.47221,4182.4444,3.06,2723.0,2.63,8.7,2,3.4,2.0,8.4,3.4,2.0,0,,False,,0,0,False,2427.3,2,2,1.0,2.801487188190133,1.0922769923416555,False,False
262531321,11.5677,3250.0,0.317125,9,2906.03,13.8649,1360.4321,7.56,377.0,0.67,8.7,18,0.8,-4.6,5.8,2.8,1.0,0,,False,,0,0,True,1215.9,18,18,1.0,2.100555664136195,3.599047684893833,False,False
247463344,8.79728,3243.0,0.249006,7,2577.39,37.45738,1477.1475,3.15,315.0,0.48,8.7,3,9.0,2.0,10.3,3.7,2.0,0,,False,,0,0,False,275.0,3,3,1.0,2.4899691570658185,1.2650759111056469,False,False
152970468,9.78832,3751.0,0.485889,7,2874.19,4.79218,1388.0712,1.12,238.0,0.82,8.7,37,0.8,-4.8,5.8,3.5,1.0,3,,False,,0,0,False,507.3,27,37,0.7297297297297297,1.9591937180760999,0.5716637357840367,False,False
393001368,10.8968,3543.0,0.410113,6,2549.86,67.85756,1616.6145,3.15,2005.0,2.0,8.7,2,2.8,2.1,8.6,3.8,2.0,0,,False,,0,0,False,1397.3,2,2,1.0,4.233277430448153,0.7441043143885157,False,False
231019115,11.0956,3564.0,0.471878,6,2878.5,32.72652,1378.7805,4.5,976.0,1.61,8.7,4,6.3,1.4,9.9,3.6,2.0,1,,False,,0,0,False,839.2,3,3,1.0,3.6452561915369524,1.2344811348095293,False,False
65483825,10.7712,3395.0,0.529214,5,2879.66,39.71196,1420.7313,1.58,2921.0,3.12,8.7,2,1.4,0.7,8.6,4.4,1.0,0,,False,,0,0,False,1141.2,2,2,1.0,4.196974055861173,0.37646170287697944,False,False
219229275,11.5831,3371.0,0.513173,7,2602.13,68.07592,1405.7445,3.0,1751.0,2.34,8.6,2,1.3,-0.9,7.6,3.4,2.0,6,,False,,0,0,False,1164.4,2,2,1.0,4.9209467559231115,0.6096387847295932,False,False
245865916,12.401,3244.0,0.376803,6,2607.68,47.36055,1450.2362,3.15,3143.0,2.3,8.6,2,0.0,-1.1,8.6,4.3,2.0,5,,False,,0,0,False,2300.5,2,2,1.0,3.5488701376255527,0.8876064431333559,False,False
231888176,10.8214,3366.0,0.310152,5,2575.19,16.70682,1640.2728,1.58,1907.0,1.48,8.6,3,8.6,1.6,13.0,3.7,2.0,6,,False,,0,0,False,1051.3,3,3,1.0,2.2023649286395672,0.7174106250302438,False,False
231888176,10.8214,3366.0,0.310152,5,2575.19,10.64661,1635.9181,2.25,785.0,0.95,8.6,10,3.7,1.5,12.9,3.7,2.0,6,,False,,0,0,False,1051.3,10,10,1.0,1.8952294658122328,1.1871913351852221,False,False
307218058,10.3363,3868.0,0.53022,8,2691.55,90.58176,1444.7407,3.6,685.0,1.51,8.5,3,4.8,2.0,8.8,4.5,2.0,0,,False,,0,0,False,607.0,3,3,1.0,5.531708451007104,0.6507935173887524,False,False
62020444,9.38922,3158.0,0.21187,6,2575.57,43.867,1697.557,0.75,1005.0,0.73,8.5,2,0.0,1.6,8.6,3.9,2.0,1,,False,,0,0,False,390.7,2,2,1.0,2.35667982157636,0.31824433388593804,False,False
355509155,11.6867,3286.0,0.390586,6,2878.5,2.50917,1356.0747,3.6,337.0,0.78,8.5,52,0.6,2.5,12.0,4.4,1.0,5,,False,,0,0,False,1390.4,39,52,0.75,1.3651994496640438,2.636977330225198,False,False
150249543,11.8487,3740.0,0.571884,12,1926.17,50.63177,2085.9758,6.12,779.0,1.74,8.4,6,4.6,0.7,8.7,3.9,2.0,4,,False,,0,0,False,1446.1,5,6,0.8333333333333334,4.79241730917485,1.2770173390959836,False,False
307218058,10.3363,3868.0,0.53022,8,2691.55,60.0093,1355.3282,3.0,653.0,1.48,8.4,3,3.8,0.2,8.6,4.3,2.0,0,,False,,0,0,False,607.0,3,3,1.0,4.8222740148311285,0.6221131339225768,False,False
412066335,9.1473,3854.0,0.431388,7,2168.04,50.70205,2065.6956,0.5,1313.0,1.71,8.4,4,4.5,-0.9,8.4,4.0,2.0,0,,False,,0,0,False,660.0,4,4,1.0,3.973094002476481,0.12584650644770637,False,False
403956193,11.4952,3292.0,0.322928,7,2553.94,0.51184,1571.6014,1.8,203.0,0.5,8.4,292,1.0,-7.4,9.0,6.4,1.0,0,,False,,0,0,False,1221.3,200,292,0.684931506849315,0.7079297609207886,2.542625129446147,False,False
33549589,11.497,3347.0,0.296142,6,2822.27,29.32797,1494.8062,1.58,4002.0,2.04,8.4,2,2.5,-1.5,9.4,4.9,2.0,0,,False,,0,0,False,1275.7,2,2,1.0,2.5761370589676025,0.6133214048142266,False,False
355509155,11.6867,3286.0,0.390586,6,2878.5,0.63423,1354.7435,4.5,173.0,0.56,8.4,211,1.2,-1.0,10.5,3.4,1.0,5,,False,,0,0,False,1390.4,131,210,0.6238095238095238,0.8631805967593865,5.213277519089536,False,False
178271163,10.4821,3770.0,0.533417,5,2879.65,31.63089,1421.3822,3.6,500.0,1.3,8.4,5,4.4,0.3,9.0,3.4,2.0,0,,False,,0,0,False,605.4,5,5,1.0,3.9110196653091758,0.9204760671320764,False,False
44678687,10.9337,3349.0,0.282376,5,2879.66,32.6567,1421.4102,3.15,1111.0,1.03,8.4,2,3.3,1.3,8.4,4.1,2.0,0,,False,,0,0,False,784.2,2,2,1.0,2.586728893812029,1.2177542097803242,False,False
358108300,12.3629,3411.0,0.542359,11,2720.37,89.39061,1409.6571,4.08,2596.0,3.01,8.3,2,4.5,0.6,8.7,3.8,2.0,3,,False,,0,0,False,2134.7,2,2,1.0,5.591094446184934,0.7297319047765282,False,False
245860141,10.7049,3921.0,0.611688,7,2607.68,38.44113,1455.0331,4.2,601.0,1.64,8.3,4,4.7,-2.1,11.1,4.6,2.0,1,,False,,0,0,False,708.9,4,4,1.0,4.57256951181879,0.9185207549375021,False,False
255780375,11.1224,3581.0,0.555534,7,2577.39,62.33839,1473.0778,4.8,1064.0,1.98,8.3,4,3.1,0.5,9.2,4.0,2.0,0,,False,,0,0,False,1407.9,4,4,1.0,5.038105418520722,0.9527390956041896,False,False
255780375,11.1224,3581.0,0.555534,7,2577.39,35.98447,1499.4278,4.8,1079.0,1.99,8.3,4,5.2,1.0,9.3,4.2,2.0,0,,False,,0,0,False,1407.9,4,4,1.0,4.19488854873203,1.1442497087201218,False,False
267080591,12.3543,3956.0,0.588324,7,2168.03,49.11992,2081.2289,2.25,3035.0,3.54,8.3,3,5.2,-2.2,6.3,3.9,2.0,0,,False,,0,0,False,2549.4,3,3,1.0,4.834726240666997,0.46538312367601414,False,False
375091818,12.4768,3211.0,0.315662,7,2607.53,73.68067,1499.4936,1.8,3648.0,2.08,8.3,2,0.0,1.0,8.8,4.7,2.0,1,,False,,0,0,False,2004.2,2,2,1.0,3.654329344742784,0.4925664411144355,False,False
231055581,9.26953,3284.0,0.287941,8,2878.49,17.16335,1370.3053,3.6,177.0,0.42,8.2,11,3.2,-1.3,8.7,4.7,1.0,0,,False,,0,0,False,365.8,10,11,0.9090909090909091,2.1148422886749656,1.7022545932990332,False,False
393001369,10.9041,3537.0,0.414303,6,2549.86,67.28225,1637.877,1.8,2622.0,2.31,8.2,2,3.1,2.0,8.1,4.4,2.0,0,,False,,0,0,False,1381.7,2,2,1.0,4.2499828889954285,0.4235311169512655,False,False
272649679,11.8019,3162.0,0.291077,6,2526.98,41.06716,1597.0387,6.3,2060.0,1.44,8.2,2,0.0,0.6,6.9,3.9,2.0,1,,False,,0,0,False,1658.0,2,2,1.0,2.8491267979268504,2.2112037992075875,False,False
245865916,12.401,3244.0,0.376803,6,2607.68,46.15085,1450.0581,3.0,3786.0,2.53,8.2,2,1.4,-1.1,8.7,4.4,2.0,5,,False,,0,0,False,2300.5,2,2,1.0,3.5183936646016822,0.8526618354798653,False,False
190138951,11.1031,2824.0,0.130355,5,2548.82,0.99179,1628.7581,1.58,394.0,0.28,8.2,115,0.7,4.0,7.1,5.3,1.0,0,,False,,0,0,False,1542.1,88,114,0.7719298245614035,0.48205878116679196,3.277608585773944,False,False
256097445,10.2304,3470.0,0.374096,9,2548.24,83.13444,1687.4884,1.17,1213.0,1.42,8.1,3,4.5,-1.1,10.1,4.2,2.0,0,,False,,0,0,False,743.3,3,3,1.0,4.26046820846155,0.27461770461666835,False,False
234509975,11.4201,3476.0,0.419224,7,2879.01,43.51528,1347.3179,4.2,1298.0,1.65,8.1,2,0.0,3.1,8.2,4.2,2.0,5,,False,,0,0,False,1086.8,2,2,1.0,3.7044151053556895,1.1337822248721032,False,False
234509975,11.4201,3476.0,0.419224,7,2879.01,16.65983,1330.6679,3.0,642.0,1.16,8.1,10,3.3,1.8,7.6,3.6,2.0,5,,False,,0,0,False,1086.8,9,10,0.9,2.6898573001239354,1.115300800478068,False,False
62020444,9.38922,3158.0,0.21187,6,2575.57,41.79959,1690.0023,1.12,788.0,0.65,8.1,2,0.0,-1.3,8.6,3.9,2.0,1,,False,,0,0,False,390.7,2,2,1.0,2.319059789801775,0.4829543442240158,False,False
219938265,11.6383,3769.0,0.606751,1,24.97,12.54884,4185.1133,6.12,1748.0,2.77,8.0,2,0.1,-0.1,7.1,3.2,1.0,0,,False,,0,0,False,1754.6,2,2,1.0,3.1314812947265294,1.9543466570616883,False,False
466177968,12.1137,3511.0,0.462375,1,24.76,6.91393,4184.0944,3.06,2576.0,2.56,8.0,2,0.0,-0.4,8.1,3.0,1.0,0,,False,,0,0,True,2427.3,2,2,1.0,2.1418029692744316,1.4287028470394836,False,False
435905591,10.3328,3880.0,0.614692,7,2607.56,49.00189,1469.0134,3.15,866.0,1.97,8.0,2,0.7,-0.0,7.3,3.5,2.0,1,,False,,0,0,False,579.5,2,2,1.0,4.974135500187771,0.6332758727383059,False,False
255780375,11.1224,3581.0,0.555534,7,2577.39,64.15949,1471.2528,4.8,1047.0,1.96,8.0,4,4.6,-0.5,9.0,3.9,2.0,0,,False,,0,0,False,1407.9,4,4,1.0,5.086694918698339,0.9436382713568159,False,False
219229275,11.5831,3371.0,0.513173,7,2602.13,64.38618,1406.1143,0.5,4698.0,3.84,8.0,2,0.0,-0.5,7.7,3.6,2.0,6,,False,,0,0,False,1164.4,2,2,1.0,4.8303846185735,0.10351142600061917,False,False
65483825,10.7712,3395.0,0.529214,5,2879.66,27.62688,1422.3328,2.1,1161.0,1.97,8.0,6,3.9,-0.4,5.6,3.9,2.0,0,,False,,0,0,True,1141.2,6,6,1.0,3.718831128315733,0.5646935629881895,False,False
211948452,11.6146,3626.0,0.463731,1,24.26,2.67334,4153.632,2.04,1670.0,2.07,7.9,8,3.3,1.6,8.0,4.4,1.0,0,,False,,0,0,False,2142.2,8,8,1.0,1.5634012166609137,1.3048473918659205,False,False
403956193,11.4952,3292.0,0.322928,7,2553.94,0.85201,1571.8139,2.1,225.0,0.53,7.9,174,0.5,-2.2,9.3,6.8,1.0,0,,False,,0,0,False,1221.3,123,173,0.7109826589595376,0.8389968429459099,2.5029891562242588,False,False
220524896,11.6249,3370.0,0.374704,6,1926.22,56.05137,2071.5969,3.0,1620.0,1.65,7.9,2,0.0,2.2,8.0,3.6,2.0,0,,False,,0,0,False,1210.9,2,2,1.0,3.739922398198853,0.8021556814774553,False,False
272649679,11.8019,3162.0,0.291077,6,2526.98,26.39676,1582.5325,3.0,1730.0,1.32,7.9,4,3.0,1.0,6.9,4.8,2.0,1,,False,,0,0,False,1658.0,4,4,1.0,2.4588409014752592,1.2200870736289018,False,False
190138951,11.1031,2824.0,0.130355,5,2548.82,0.66059,1629.0909,1.8,299.0,0.25,7.9,173,0.2,5.7,6.8,4.9,1.0,0,,False,,0,0,False,1542.1,118,172,0.686046511627907,0.4209890064926132,4.275646091085239,False,False
375091818,12.4768,3211.0,0.315662,7,2607.53,65.88257,1499.5123,3.6,2007.0,1.54,7.8,3,3.4,-0.2,8.1,3.9,2.0,1,,False,,0,0,False,2004.2,3,3,1.0,3.5205728919110517,1.0225608474891805,False,False
62020444,9.38922,3158.0,0.21187,6,2575.57,47.46052,1682.5674,0.75,918.0,0.7,7.8,2,4.1,-0.3,8.6,3.9,2.0,1,,False,,0,0,False,390.7,2,2,1.0,2.4193503799076908,0.31000057132221415,False,False
244943765,12.198,3440.0,0.619849,6,2523.83,37.72808,1610.7931,1.8,4357.0,4.46,7.8,2,0.0,2.1,7.9,4.3,1.0,2,,False,,0,0,False,2094.7,2,2,1.0,4.584448855401345,0.39263171141701375,False,False
341116983,11.1946,3284.0,0.306745,5,2547.29,12.94945,1668.7953,2.25,708.0,0.89,7.8,9,5.5,1.2,10.4,4.9,2.0,2,,False,,0,0,False,1035.5,8,9,0.8888888888888888,2.00821587857205,1.1203974751956804,False,False
168726017,11.6203,3131.0,0.252479,6,2879.66,0.97944,1411.5629,4.8,181.0,0.37,7.7,135,0.4,7.1,7.7,6.5,1.0,0,,False,,0,0,False,1271.1,95,135,0.7037037037037037,0.7459065379280079,6.435122573578083,False,False
220524896,11.6249,3370.0,0.374704,6,1926.22,0.86175,2062.0594,4.8,148.0,0.5,7.7,168,0.9,5.1,8.3,3.8,1.0,0,,False,,0,0,False,1210.9,109,168,0.6488095238095238,0.9299528810192417,5.1615518355501315,False,False
219223683,12.2643,3203.0,0.258097,6,2602.13,46.77402,1392.7508,4.5,1324.0,1.02,7.7,4,3.7,0.3,6.9,4.3,2.0,4,,False,,0,0,False,1764.0,4,4,1.0,2.7461979000645993,1.6386291752295585,False,False
332286707,9.02141,3727.0,0.53071,7,2549.86,1.43267,1602.0363,4.5,47.0,0.4,7.6,115,0.5,1.4,7.9,3.6,1.0,0,,False,,0,0,False,358.5,71,115,0.6173913043478261,1.3894039534922358,3.2387989027160535,False,False
152970468,9.78832,3751.0,0.485889,7,2874.19,3.27643,1386.3519,1.5,152.0,0.65,7.6,52,0.1,-4.2,5.8,3.5,2.0,3,,False,,0,0,False,507.3,37,52,0.7115384615384616,1.7259702412256261,0.8690763978264406,False,False
375091818,12.4768,3211.0,0.315662,7,2607.53,64.61165,1499.4936,1.8,3187.0,1.94,7.6,2,3.3,0.6,8.1,3.9,2.0,1,,False,,0,0,False,2004.2,2,2,1.0,3.49778765415194,0.5146109992878973,False,False
62020444,9.38922,3158.0,0.21187,6,2575.57,46.26421,1699.708,0.75,746.0,0.63,7.6,3,4.9,-0.7,8.6,3.9,2.0,1,,False,,0,0,False,390.7,3,3,1.0,2.3988494267971388,0.3126498860753316,False,False
418096656,9.79122,3266.0,0.30505,5,2555.42,20.34821,1535.4329,1.5,762.0,0.92,7.6,2,0.0,-0.2,7.1,3.6,2.0,0,,False,,0,0,False,447.0,2,2,1.0,2.326114296909983,0.6448522336123399,False,False
435905591,10.3328,3880.0,0.614692,7,2607.56,45.61878,1480.8071,2.25,842.0,1.95,7.5,2,0.0,-2.3,7.3,3.5,2.0,1,,False,,0,0,False,579.5,2,2,1.0,4.8569230577467195,0.4632562577682353,False,False
227026062,11.5169,3975.0,0.597744,1,24.4,11.75495,4159.1819,1.53,3167.0,3.67,7.4,2,2.6,-0.2,7.4,4.8,1.0,0,,False,,0,0,False,1916.6,2,2,1.0,3.0336027293825802,0.5043508120496042,False,False
201289286,11.5771,3206.0,0.295999,11,2907.31,4.65932,1328.8893,6.12,224.0,0.48,7.4,54,0.9,1.3,8.8,3.6,1.0,1,,False,,0,0,False,1379.4,38,54,0.7037037037037037,1.3947915344190391,4.387752469797655,False,False
358108300,12.3629,3411.0,0.542359,11,2720.37,22.10897,1326.7871,3.12,1085.0,1.95,7.4,12,4.5,-1.4,10.4,3.7,2.0,3,,False,,0,0,False,2134.7,10,11,0.9090909090909091,3.509584459683816,0.8889941347304363,False,False
403956193,11.4952,3292.0,0.322928,7,2553.94,0.68211,1571.4576,2.4,181.0,0.47,7.4,218,0.7,4.7,7.6,4.8,1.0,0,,False,,0,0,False,1221.3,153,218,0.7018348623853211,0.7790468360425526,3.0806876929141502,False,False
456894306,12.1873,3301.0,0.401378,7,2607.68,23.84026,1459.5784,1.58,1817.0,1.87,7.4,6,3.6,-0.1,8.1,3.5,2.0,9,,False,,0,0,False,1812.1,6,6,1.0,2.9445188094937134,0.5365902214330458,False,False
7586735,11.1269,3986.0,0.60915,6,2879.65,30.56227,1436.3906,3.15,1997.0,2.97,7.4,2,0.0,-1.2,7.1,4.4,2.0,0,,False,,0,0,False,1143.4,2,2,1.0,4.224282905751888,0.745688693271675,False,False
41862291,12.4293,3412.0,0.395788,6,2936.46,2.74386,1354.8001,6.3,375.0,0.84,7.4,47,0.3,-4.5,7.0,4.5,1.0,0,,False,,0,0,False,1913.1,43,47,0.9148936170212766,1.4189617608168117,4.439865945628771,False,False
119624569,8.08651,3786.0,0.57976,5,2547.33,0.71794,1657.4087,1.5,38.0,0.39,7.4,153,1.7,-1.1,7.0,4.6,1.0,0,,False,,0,0,False,212.3,104,151,0.6887417218543046,1.170585597693716,1.2814099224826405,False,False
332286707,9.02141,3727.0,0.53071,7,2549.86,0.89857,1602.03,2.4,49.0,0.4,7.3,180,1.5,-0.7,7.8,4.3,1.0,0,,False,,0,0,False,358.5,116,180,0.6444444444444445,1.1893155932460464,2.017967319716699,False,False
91611340,11.1888,3468.0,0.337274,6,2904.62,1.38602,1386.5215,4.2,159.0,0.46,7.3,87,1.4,-6.5,5.9,4.4,1.0,0,,False,,0,0,False,922.4,69,87,0.7931034482758621,1.0157496981196998,4.134876936488202,False,False
33549589,11.497,3347.0,0.296142,6,2822.27,33.23486,1500.764,2.25,1925.0,1.42,7.3,2,6.9,2.2,10.3,5.7,2.0,0,,False,,0,0,False,1275.7,2,2,1.0,2.6857953358640554,0.8377406759015559,False,False
88466267,12.1812,3174.0,0.218588,6,2879.66,39.2958,1427.8606,2.25,1615.0,0.96,7.3,5,4.3,-0.7,8.8,3.5,2.0,0,,False,,0,0,False,1788.4,5,5,1.0,2.3195721366643527,0.9700064785377184,False,False
44678687,10.9337,3349.0,0.282376,5,2879.66,32.04175,1421.3914,3.15,716.0,0.82,7.3,4,3.3,-0.2,7.7,3.5,2.0,0,,False,,0,0,False,784.2,4,4,1.0,2.5703892201408944,1.2254953356158778,False,False
219938265,11.6383,3769.0,0.606751,1,24.97,7.91117,4185.0739,1.17,3304.0,3.8,7.2,2,0.0,0.2,7.0,3.1,1.0,0,,False,,0,0,False,1754.6,2,2,1.0,2.685110730852571,0.4357362199466925,False,False
90910771,12.0849,3982.0,0.609511,1,25.08,0.75761,4180.0164,1.02,942.0,2.04,7.2,29,0.0,5.1,7.1,6.2,1.0,1,"00090910771-01(1:2,ntoi=1)",True,,0,0,False,1594.9,25,29,0.8620689655172413,1.2321906019975843,0.8277940103961283,False,False
358108300,12.3629,3411.0,0.542359,11,2720.37,67.04235,1373.4171,1.2,2458.0,2.93,7.2,5,3.8,-0.5,8.6,3.7,2.0,3,,False,,0,0,False,2134.7,5,5,1.0,5.079831083840037,0.23622832731927662,False,False
447382925,11.3234,3249.0,0.20576,8,2548.75,88.21699,1643.3921,2.1,1680.0,0.92,7.2,2,0.0,-0.7,6.8,4.5,2.0,3,,False,,0,0,False,1211.7,2,2,1.0,2.917200907425329,0.7198681430047352,False,False
219154196,11.0027,3977.0,0.592632,7,1983.81,57.00766,2086.0037,3.15,1550.0,2.55,7.2,2,0.0,0.8,8.5,6.1,2.0,0,,False,,0,0,False,1001.7,2,2,1.0,5.10555271177226,0.6169753164504219,False,False
168726017,11.6203,3131.0,0.252479,6,2879.66,33.8251,1413.4316,6.3,910.0,0.83,7.2,3,2.5,-0.2,6.5,3.6,2.0,0,,False,,0,0,False,1271.1,3,3,1.0,2.4290595653843274,2.593596340649312,False,False
3921746,11.642,3323.0,0.314433,6,2602.12,21.90264,1390.9408,1.58,1344.0,1.26,7.2,6,3.3,0.7,7.7,3.6,2.0,0,,False,,0,0,False,1367.2,6,6,1.0,2.4325355460945275,0.6495280213013593,False,False
6665299,11.8466,3774.0,0.619004,1,24.88,8.48005,4184.8095,1.53,2761.0,3.55,7.1,2,0.0,-0.7,6.9,4.3,1.0,0,,False,,0,0,False,1609.9,2,2,1.0,2.7848602224013654,0.5493992077924441,False,False
234509975,11.4201,3476.0,0.419224,7,2879.01,44.77177,1347.3054,4.5,733.0,1.24,7.1,4,3.8,-1.0,7.3,3.2,2.0,5,,False,,0,0,False,1086.8,4,4,1.0,3.739731941076269,1.2032948005104696,False,False
45310059,11.6781,3469.0,0.373367,7,2529.1,41.18045,1566.3451,1.12,2581.0,2.07,7.1,2,1.7,2.1,6.1,3.8,2.0,0,,False,,0,0,False,1301.6,2,2,1.0,3.3666342980163164,0.3326764658281789,False,False
456894306,12.1873,3301.0,0.401378,7,2607.68,12.82097,1442.1956,3.0,842.0,1.27,7.1,14,3.0,1.4,8.4,3.9,1.0,9,"00456894306-01(3:1,ntoi=1)",True,,0,0,False,1812.1,12,14,0.8571428571428571,2.3945153849128276,1.2528631133055823,False,False
418096656,9.79122,3266.0,0.30505,5,2555.42,22.84839,1535.4267,3.0,290.0,0.57,7.1,6,4.6,1.7,7.4,4.0,2.0,0,,False,,0,0,False,447.0,5,6,0.8333333333333334,2.4177284146734292,1.2408341572993509,False,False
