tic,Tmag,Teff,rad,nsec,baseline,P,t0,dur_h,depth_ppm,rp_re,snr,ntr,oe_sig,sec_sig,block_snr,block_sde,alias,n_tce_same_star,tce_match,has_tce_match,nearby_toi_match,n_nearby_toi,n_toi_ctoi_within_1arcmin,sys13_7,rms10_ppm,n_pos_transits,n_transits_measured,median_transit_ppm,max_over_median,snr_comb,chi2_depths,snr_wo_max,n_transits_sig,frac_pos,tmax_h,dur_ratio,claimed_nearby,pass_phys,consistent,rank_snr
178284729,12.2688,3968.0,0.623034,5,2879.65,2.23598,1412.6979,1.05,91510.0,20.56,437.5,45,1.9,-2.6,283.0,10.9,1.0,7,"00178284729-01(1:1,ntoi=1);00178284729-01(1:1,ntoi=1);00178284729-01(1:1,ntoi=1);00178284729-01(1:1,ntoi=1);00178284729-01(1:1,ntoi=1);00178284729-01(1:1,ntoi=1);00178284729-01(1:1,ntoi=1)",True,418.01(1:1),1,1,False,13655.1,45,45,92016.0,1.1,,,,,1.0,1.7935167234082876,0.5854419901949091,True,True,True,437.5
178284729,12.2688,3968.0,0.623034,5,2879.65,6.70796,1414.9323,1.2,84859.0,19.8,277.5,18,2.0,-2.9,191.9,7.0,1.0,7,"00178284729-01(1:3,ntoi=1);00178284729-01(1:3,ntoi=1);00178284729-01(1:3,ntoi=1);00178284729-01(1:3,ntoi=1);00178284729-01(1:3,ntoi=1);00178284729-01(1:3,ntoi=1);00178284729-01(1:3,ntoi=1)",True,418.01(1:3),1,1,False,13655.1,18,18,86045.0,1.07,,,,,1.0,2.586701294455205,0.4639113153777335,True,True,True,277.5
1232360,10.823,3448.0,0.608567,3,2555.13,3.57593,1520.6461,0.5,6768.0,5.46,60.4,14,2.5,-3.7,40.3,4.6,1.0,5,"00001232360-01(1:3,ntoi=1);00001232360-01(1:3,ntoi=2);00001232360-01(1:3,ntoi=1);00001232360-01(1:3,ntoi=1)",True,,0,0,False,1502.1,14,14,6650.0,1.39,,,,,1.0,2.0647947918241214,0.2421548145994112,False,True,True,60.4
231973225,11.7336,3901.0,0.589232,3,1871.43,20.0767,2179.9074,1.12,23810.0,9.92,43.7,4,2.2,-0.5,39.7,3.7,1.0,0,,False,,0,0,False,7499.5,4,4,24153.0,1.89,,,,,1.0,3.5916715961483305,0.3118325186526173,False,True,True,43.7
160142472,12.2579,3341.0,0.543852,5,2879.66,14.45506,1421.6342,3.15,8182.0,5.37,41.3,5,0.2,-2.0,46.8,3.3,2.0,9,,False,,0,0,False,3069.9,5,5,8708.0,2.1,,,,,1.0,3.0516548593352346,1.0322268228872347,False,True,True,41.3
102840237,11.4114,3766.0,0.53777,4,1816.94,11.19724,2287.6105,3.15,7758.0,5.17,40.7,8,1.8,-1.9,28.9,7.4,1.0,4,"00102840237-01(1:1,ntoi=1);00102840237-01(1:1,ntoi=1);00102840237-01(1:1,ntoi=1)",True,815.01(1:1),2,2,False,2734.3,8,8,7852.0,1.26,,,,,1.0,2.7816960278351903,1.1324026667469616,True,True,True,40.7
362733392,11.5929,3286.0,0.535084,2,346.91,6.57989,3836.6373,4.5,6465.0,4.69,35.0,4,1.8,-1.2,33.4,3.5,1.0,1,,False,,0,0,False,2666.1,3,4,6710.0,1.17,,,,,0.75,2.322179651187075,1.9378345674933655,False,True,True,35.0
439456712,11.472,3754.0,0.559175,3,2904.62,3.99345,1389.0231,1.8,3087.0,3.39,34.1,19,0.2,0.9,24.8,4.8,1.0,3,"00439456712-01(1:1,ntoi=1);00439456712-01(1:1,ntoi=1);00439456712-01(1:1,ntoi=1)",True,277.01(1:1),1,1,False,1535.1,19,19,2971.0,1.43,,,,,1.0,2.0246791414165166,0.8890297544828138,True,True,True,34.1
404664390,12.3602,3578.0,0.5061,1,25.04,1.96003,4180.5259,1.02,9903.0,5.49,31.9,11,0.6,-1.4,31.6,5.3,1.0,1,"00404664390-01(1:3,ntoi=1)",True,,0,0,False,3912.9,11,11,10028.0,1.19,,,,,1.0,1.4943537753510046,0.6825692930446909,False,True,True,31.9
147208702,12.0921,3850.0,0.583942,4,2554.06,13.14802,1556.4403,1.8,9018.0,6.05,30.8,4,1.4,2.6,26.5,3.9,2.0,4,,False,,0,0,False,2512.1,3,4,8290.0,1.5,,,,,0.75,3.1003321318947705,0.5805829580264772,False,True,True,30.8
147208702,12.0921,3850.0,0.583942,4,2554.06,22.71014,1550.4841,3.0,5607.0,4.77,28.8,4,1.8,0.5,28.1,4.1,2.0,4,,False,,0,0,False,2512.1,4,4,5468.0,1.86,,,,,1.0,3.7198723742006994,0.8064792816029392,False,True,True,28.8
404664390,12.3602,3578.0,0.5061,1,25.04,3.26807,4182.4834,1.02,10685.0,5.71,26.3,6,1.5,0.6,26.4,4.2,1.0,1,,False,,0,0,False,3912.9,6,6,11308.0,1.08,,,,,1.0,1.7719969457286817,0.5756217596529518,False,True,True,26.3
326700454,10.6757,3956.0,0.580712,1,26.06,6.1456,4207.4055,1.53,4529.0,4.26,25.4,4,2.4,-0.2,25.6,3.7,1.0,0,,False,,0,0,False,4489.1,4,4,6098.0,1.5,,,,,1.0,2.3971962573198606,0.6382456151965576,False,True,True,25.4
316295827,12.4661,3257.0,0.627524,2,2471.68,8.98682,1608.5797,4.8,14696.0,8.3,25.4,4,0.2,1.5,18.7,3.9,1.0,1,,False,,0,0,False,7602.1,4,4,15637.0,1.23,,,,,1.0,2.865258889502402,1.6752412906163592,False,True,True,25.4
439456712,11.472,3754.0,0.559175,3,2904.62,11.98027,1393.0293,1.5,3643.0,3.68,23.4,8,2.5,0.5,13.5,4.4,1.0,3,"00439456712-01(1:3,ntoi=1);00439456712-01(1:3,ntoi=1);00439456712-01(1:3,ntoi=1)",True,277.01(1:3),1,1,False,1535.1,8,8,3813.0,1.16,,,,,1.0,2.92008612196584,0.5136834796468881,True,True,True,23.4
229859330,11.7039,3640.0,0.519287,3,2554.55,14.60994,1525.157,7.2,2652.0,2.92,21.5,4,0.5,-3.0,24.1,3.8,2.0,1,,False,,0,0,False,1972.9,4,4,3885.0,1.82,,,,,1.0,2.969587126260653,2.4245794764965676,False,True,True,21.5
33174050,9.86849,3725.0,0.586767,2,2555.25,10.24886,1521.2215,3.6,1105.0,2.13,19.5,4,1.2,-2.9,13.3,3.5,1.0,0,,False,,0,0,False,614.4,4,4,1360.0,1.4,,,,,1.0,2.8624897148670487,1.2576464401959278,False,True,True,19.5
1042640023,12.4618,3799.0,0.487244,4,1791.48,9.37059,2340.5103,4.5,4491.0,3.56,18.4,11,1.1,0.1,16.2,3.0,1.0,0,,False,,0,0,False,5639.7,11,11,4488.0,2.51,,,,,1.0,2.4544919155972327,1.8333733231730973,False,True,True,18.4
170882537,11.8997,3298.0,0.514585,5,2852.41,30.38251,1464.3837,4.8,2685.0,2.91,17.9,4,2.5,0.2,16.7,3.5,2.0,2,,False,,0,0,False,1673.8,3,4,2618.0,1.95,,,,,0.75,3.767508656596748,1.2740514853483889,False,True,True,17.9
360914079,11.6542,3323.0,0.540425,5,2168.04,21.87702,2053.7528,4.5,2233.0,2.79,17.7,4,0.0,-0.3,22.1,3.4,2.0,5,,False,,0,0,False,1502.6,4,4,1749.0,2.97,,,,,1.0,3.4889491202034164,1.2897866506398454,False,True,True,17.7
316830745,11.6146,3864.0,0.583813,7,2196.33,27.23686,2046.8648,4.8,1776.0,2.68,17.3,6,1.3,-1.1,18.0,4.8,1.0,0,,False,,0,0,True,1688.5,6,6,1392.0,2.73,,,,,1.0,3.951631885821102,1.2146880424826354,False,True,True,17.3
354606420,11.8718,3325.0,0.365383,6,2878.5,47.59805,1389.6056,3.0,2711.0,2.08,16.4,4,2.6,-2.1,15.6,3.7,2.0,5,,False,,0,0,False,1632.5,4,4,2825.0,1.6,,,,,1.0,3.482599814087956,0.8614254178341929,False,True,True,16.4
24270013,11.3482,3868.0,0.595608,2,1872.19,13.07673,2123.6106,3.6,1558.0,2.56,16.0,6,0.9,-0.9,13.0,3.2,1.0,0,,False,,0,0,False,1153.3,5,6,1816.0,2.3,,,,,0.8333333333333334,3.1358000393713326,1.148032385611466,False,True,True,16.0
1042640023,12.4618,3799.0,0.487244,4,1791.48,14.42459,2340.5166,4.8,5209.0,3.84,15.9,6,0.9,2.6,14.4,3.6,2.0,0,,False,,0,0,False,5639.7,6,6,5792.0,1.44,,,,,1.0,2.8340474666252375,1.6936907573096522,False,True,True,15.9
257396673,12.1525,3476.0,0.411332,2,2602.13,23.26976,1400.6481,1.8,6361.0,3.58,15.7,4,1.2,-2.4,14.3,4.8,1.0,0,,False,,0,0,False,4367.5,4,4,5937.0,1.58,,,,,1.0,2.968934343694069,0.6062781428033759,False,True,True,15.7
214870481,12.0443,3458.0,0.604275,4,2548.77,18.15794,1644.3047,6.3,2556.0,3.33,15.1,5,0.7,2.1,20.4,3.8,2.0,7,,False,,0,0,False,2972.7,5,5,2423.0,2.8,,,,,1.0,3.532267382134044,1.7835569390542034,False,True,True,15.1
24270013,11.3482,3868.0,0.595608,2,1872.19,9.72059,2117.2106,4.2,1191.0,2.24,15.1,6,0.9,-0.2,13.5,3.4,1.0,0,,False,,0,0,False,1153.3,5,6,1215.0,2.01,,,,,0.8333333333333334,2.840618105615166,1.4785514433276645,False,True,True,15.1
399697011,10.9342,3733.0,0.577125,5,2607.68,38.9686,1460.7329,3.0,1586.0,2.51,14.9,4,0.4,-0.5,18.5,3.8,2.0,8,,False,,0,0,False,1082.6,4,4,1612.0,1.89,,,,,1.0,4.41868612878503,0.6789348490848536,False,True,True,14.9
61710094,11.0477,3327.0,0.348192,5,2934.84,1.83896,1326.2411,0.75,815.0,1.08,14.5,54,1.8,-1.8,7.8,6.5,1.0,3,"00061710094-01(1:1,ntoi=1);00061710094-01(1:1,ntoi=1);00061710094-01(1:1,ntoi=1)",True,,0,0,False,851.9,53,54,869.0,1.9,,,,,0.9814814814814815,1.1401051673316054,0.6578340503055177,False,True,True,14.5
429305307,12.2622,3696.0,0.589514,2,1817.02,13.00288,2286.4844,0.62,15506.0,8.01,14.5,4,2.2,0.0,16.9,4.7,2.0,0,,False,,0,0,False,5627.4,4,4,15897.0,2.14,,,,,1.0,3.108500162776202,0.19945310198931368,False,True,True,14.5
188087958,11.768,3407.0,0.227206,5,2554.43,22.41449,1555.0349,2.25,3015.0,1.36,14.4,4,1.2,-3.8,14.1,3.8,2.0,0,,False,,0,0,False,2213.2,4,4,3093.0,1.66,,,,,1.0,1.9739271108763061,1.13985971802228,False,True,True,14.4
259999047,8.42784,3409.0,0.422848,7,2529.13,17.25491,1557.7548,2.4,309.0,0.81,14.3,7,1.7,-0.1,14.4,4.2,1.0,12,,False,,0,0,False,285.0,7,7,287.0,2.3,,,,,1.0,2.73717173928768,0.8768174702200362,False,True,True,14.3
201292296,10.9008,3379.0,0.476612,5,2907.3,13.52784,1330.4434,4.2,1171.0,1.78,14.0,6,0.1,1.8,13.8,3.4,2.0,6,,False,,0,0,True,1255.8,6,6,1202.0,1.8,,,,,1.0,2.733554656108046,1.5364609559260964,False,True,True,14.0
292303148,12.3463,3758.0,0.528779,4,105.1,18.98104,4056.3861,1.58,12750.0,6.51,13.8,4,1.1,0.9,14.1,4.5,1.0,0,,False,,0,0,False,6112.5,3,4,13661.0,1.98,,,,,0.75,3.279677156760555,0.4817547351400337,False,True,True,13.8
257396673,12.1525,3476.0,0.411332,2,2602.13,13.82518,1393.2169,2.1,4667.0,3.07,13.4,5,0.8,1.7,13.7,4.5,1.0,0,,False,,0,0,True,4367.5,5,5,2986.0,2.97,,,,,1.0,2.4958983291034436,0.8413804262429011,False,True,True,13.4
188087958,11.768,3407.0,0.227206,5,2554.43,20.59725,1551.4442,4.5,1972.0,1.1,13.3,4,0.5,1.2,14.0,3.7,2.0,0,,False,,0,0,False,2213.2,4,4,1934.0,1.62,,,,,1.0,1.9190718635323032,2.3448835270385135,False,True,True,13.3
278708134,11.6344,3295.0,0.538779,2,2934.84,9.45699,1328.567,3.15,4388.0,3.89,13.3,6,0.5,1.4,11.4,3.2,1.0,0,,False,,0,0,False,3995.5,6,6,4689.0,2.46,,,,,1.0,2.632689919530879,1.1964948764499013,False,True,True,13.3
401283888,10.2017,3575.0,0.559671,5,2527.96,21.45206,1577.8495,6.0,598.0,1.49,13.0,5,1.6,-3.8,11.5,3.9,2.0,11,,False,,0,0,False,686.5,4,5,544.0,1.62,,,,,0.8,3.5480235818634265,1.691082334026876,False,True,True,13.0
278708134,11.6344,3295.0,0.538779,2,2934.84,6.9035,1326.7576,2.25,4983.0,4.15,12.9,6,2.6,1.6,11.5,3.2,1.0,0,,False,,0,0,True,3995.5,6,6,5027.0,2.4,,,,,1.0,2.370492089231121,0.9491700099829469,False,True,True,12.9
29919288,11.482,3376.0,0.310381,3,2602.13,13.46657,1388.5732,3.0,1673.0,1.39,12.8,4,0.2,1.2,13.2,4.1,2.0,2,,False,,0,0,True,1156.6,4,4,1634.0,1.73,,,,,1.0,2.0506460714184853,1.4629535743946402,False,True,True,12.8
422677298,9.93769,3413.0,0.571464,2,2577.16,18.4977,1415.0372,2.25,1203.0,2.16,12.8,4,0.4,-0.2,12.7,3.3,2.0,2,,False,,0,0,False,868.6,4,4,1155.0,1.75,,,,,1.0,3.4243130090638667,0.657066101739076,False,True,True,12.8
188087958,11.768,3407.0,0.227206,5,2554.43,17.45074,1549.5005,3.0,1451.0,0.94,12.6,10,1.5,2.5,13.0,3.2,2.0,0,,False,,0,0,False,2213.2,9,10,1428.0,1.99,,,,,0.9,1.8159035345875143,1.6520701363585677,False,True,True,12.6
98672442,12.4363,3772.0,0.552628,1,25.79,4.90675,4268.8179,3.06,3139.0,3.38,12.5,4,1.4,-0.6,12.7,4.1,1.0,0,,False,,0,0,False,2391.5,4,4,3169.0,1.37,,,,,1.0,2.1515999627684046,1.4221974590772821,False,True,True,12.5
29919288,11.482,3376.0,0.310381,3,2602.13,13.12644,1388.5732,3.0,1453.0,1.29,12.5,5,1.7,-1.2,11.8,3.4,2.0,2,,False,,0,0,False,1156.6,5,5,1455.0,1.94,,,,,1.0,2.0332340087960548,1.4754819106023116,False,True,True,12.5
101125732,11.7012,3398.0,0.413198,4,2602.12,23.01641,1408.9144,1.12,2535.0,2.27,12.4,6,1.2,-0.6,14.8,4.8,1.0,1,,False,,0,0,False,1911.4,6,6,1974.0,2.36,,,,,1.0,2.96705977813944,0.3774780704628475,False,True,True,12.4
422677299,9.45163,3756.0,0.579638,4,2577.16,18.498,1415.0184,3.15,471.0,1.37,12.3,7,0.5,1.0,12.0,3.4,2.0,1,,False,,0,0,False,567.3,6,7,378.0,2.55,,,,,0.8571428571428571,3.456907710211177,0.9112190038210686,False,True,True,12.3
429305307,12.2622,3696.0,0.589514,2,1817.02,8.86564,2290.0406,1.58,7122.0,5.43,12.3,5,1.1,0.7,13.1,2.9,1.0,0,,False,,0,0,False,5627.4,5,5,8073.0,1.68,,,,,1.0,2.735947379519758,0.5774964868941806,False,True,True,12.3
422677299,9.45163,3756.0,0.579638,4,2577.16,13.44309,1420.0403,3.0,483.0,1.39,12.2,7,1.8,-0.6,12.0,4.1,1.0,1,,False,,0,0,True,567.3,7,7,551.0,1.59,,,,,1.0,3.1079872530770865,0.9652549240766117,False,True,True,12.2
77840675,10.4724,3806.0,0.626352,3,2852.57,24.06381,1449.8643,2.25,1205.0,2.37,12.1,4,0.4,0.5,10.3,3.7,2.0,0,,False,,0,0,False,1094.2,4,4,1252.0,1.15,,,,,1.0,3.9738249877421543,0.5662051064001195,False,True,True,12.1
12471629,11.7126,3213.0,0.443879,4,2936.36,15.66893,1369.4076,2.25,1958.0,2.14,11.9,5,0.9,2.2,9.8,2.6,2.0,0,,False,,0,0,False,1392.9,5,5,1816.0,1.93,,,,,1.0,2.7377753364673274,0.8218351484250255,False,True,True,11.9
150249543,11.8487,3740.0,0.571884,12,1926.17,41.08626,2070.3083,4.08,1316.0,2.26,11.8,6,1.6,2.6,11.9,6.1,1.0,4,,False,,0,0,False,1446.1,6,6,1074.0,1.95,,,,,1.0,4.47005082866519,0.9127412990107623,False,True,True,11.8
166869904,11.8343,3142.0,0.409808,5,2879.66,21.68299,1421.5381,4.8,1926.0,1.96,11.8,4,2.8,2.2,9.8,2.7,2.0,3,,False,,0,0,False,1504.0,4,4,1385.0,2.32,,,,,1.0,2.892688297482395,1.6593561097397198,False,True,True,11.8
120040579,10.1489,3949.0,0.619232,2,2547.32,2.54532,1658.6276,1.5,563.0,1.6,11.7,18,2.3,2.5,9.2,3.8,2.0,1,,False,,0,0,False,931.6,18,18,509.0,2.94,,,,,1.0,1.8650537458607805,0.8042663667623707,False,True,True,11.7
89255038,10.3084,3906.0,0.586925,5,2879.66,22.94891,1413.1757,3.0,689.0,1.68,11.6,7,0.5,-0.7,12.1,3.8,1.0,0,,False,,0,0,False,661.7,7,7,1088.0,2.21,,,,,1.0,3.745565424380912,0.8009471628695037,False,True,True,11.6
166869904,11.8343,3142.0,0.409808,5,2879.66,25.32857,1421.5631,4.8,1521.0,1.74,11.6,5,2.0,0.9,10.9,3.3,2.0,3,,False,,0,0,False,1504.0,5,5,1605.0,1.85,,,,,1.0,3.0464833283660946,1.5755871549687293,False,True,True,11.6
63942370,12.2961,3900.0,0.627398,2,1872.18,3.34786,2118.7596,4.2,1648.0,2.78,11.6,20,0.6,-1.2,12.5,3.9,1.0,0,,False,,0,0,False,4596.8,18,20,1437.0,2.55,,,,,0.9,2.061386733893084,2.037463388574343,False,True,True,11.6
209451163,10.4999,3827.0,0.563785,6,2174.68,31.43603,2124.7585,3.0,844.0,1.79,11.5,4,1.7,-1.3,10.1,4.0,2.0,0,,False,,0,0,False,656.2,4,4,931.0,1.59,,,,,1.0,4.049734359601201,0.7407893292772482,False,True,True,11.5
422677299,9.45163,3756.0,0.579638,4,2577.16,24.50039,1415.1215,4.5,441.0,1.33,11.5,5,1.4,-0.3,11.9,3.4,2.0,1,,False,,0,0,False,567.3,5,5,437.0,1.54,,,,,1.0,3.7963874239348177,1.1853374004004875,False,True,True,11.5
143951327,11.2772,3843.0,0.573226,3,2170.75,13.34393,2071.6563,4.5,1259.0,2.22,11.5,4,0.2,2.2,10.5,6.3,1.0,0,,False,,0,0,False,1044.6,4,4,1263.0,1.13,,,,,1.0,3.077420195111083,1.4622637516803478,False,True,True,11.5
143951327,11.2772,3843.0,0.573226,3,2170.75,13.26029,2071.6563,4.5,1189.0,2.16,11.5,4,0.9,-0.0,7.7,3.6,0.5,0,,False,,0,0,False,1044.6,4,4,1275.0,1.14,,,,,1.0,3.070976938586552,1.465331746213363,False,True,True,11.5
434479001,12.2323,3986.0,0.629455,5,1842.59,12.46185,2266.5767,3.15,2312.0,3.3,11.4,7,1.4,3.6,10.3,3.4,0.5,0,,False,,0,0,False,2521.2,7,7,2131.0,2.03,,,,,1.0,3.201687390766527,0.9838562031647468,False,True,True,11.4
33937232,10.9272,3209.0,0.224818,4,2822.29,20.1183,1476.9681,4.5,1399.0,0.92,11.4,4,0.1,1.8,9.0,3.2,2.0,0,,False,,0,0,False,1221.9,4,4,1514.0,1.4,,,,,1.0,1.8907151638532649,2.38005178465329,False,True,True,11.4
120040579,10.1489,3949.0,0.619232,2,2547.32,10.7879,1660.4479,1.58,1044.0,2.18,11.4,5,0.7,-2.5,10.8,3.2,1.0,1,,False,,0,0,False,931.6,5,5,1065.0,1.18,,,,,1.0,3.018256830968537,0.5234809654992114,False,True,True,11.4
248348544,11.0541,3340.0,0.457145,4,2602.12,13.23038,1388.186,2.4,1111.0,1.66,11.3,6,0.1,-0.1,9.2,3.3,2.0,2,,False,,0,0,False,1114.0,6,6,880.0,2.09,,,,,1.0,2.6389736231622507,0.9094444821028974,False,True,True,11.3
221355243,12.2531,3395.0,0.614104,3,2548.06,9.55318,1631.3144,6.0,2134.0,3.1,11.3,8,1.9,-1.9,10.3,3.1,1.0,0,,False,,0,0,False,3667.1,8,8,1999.0,1.68,,,,,1.0,2.8823866107499407,2.0816083372101555,False,True,True,11.3
210844914,11.9214,3968.0,0.635126,1,24.26,5.37338,4153.7196,4.08,4775.0,4.79,11.2,4,0.2,1.2,11.3,4.0,1.0,0,,False,,0,0,False,4426.1,4,4,4754.0,2.02,,,,,1.0,2.4333098081491973,1.6767285391839577,False,True,True,11.2
178945595,10.5502,3964.0,0.631184,5,2852.45,35.8651,1456.6675,4.8,776.0,1.92,11.2,4,1.8,0.0,12.1,3.9,2.0,0,,False,,0,0,False,921.4,4,4,815.0,1.36,,,,,1.0,4.562500904952347,1.0520545858500236,False,True,True,11.2
63942370,12.2961,3900.0,0.627398,2,1872.18,4.45929,2118.5002,3.15,2065.0,3.11,11.2,16,1.1,-1.2,11.9,3.5,1.0,0,,False,,0,0,False,4596.8,15,16,2111.0,2.14,,,,,0.9375,2.268083049286045,1.3888380326247611,False,True,True,11.2
241537483,10.4094,3984.0,0.597699,3,2602.13,16.10913,1395.6513,2.25,907.0,1.96,11.1,5,0.0,-0.6,9.4,3.0,2.0,1,,False,,0,0,False,620.3,4,4,899.0,1.88,,,,,1.0,3.369411151848083,0.6677724678289562,False,True,True,11.1
63942370,12.2961,3900.0,0.627398,2,1872.18,10.29531,2125.1596,2.4,3658.0,4.14,11.0,6,0.9,0.9,11.8,3.5,1.0,0,,False,,0,0,False,4596.8,6,6,4129.0,1.57,,,,,1.0,2.9976679412170553,0.8006223661402597,False,True,True,11.0
364979563,9.50937,3616.0,0.595978,3,2602.13,25.31119,1388.3109,2.4,564.0,1.54,10.9,4,0.2,1.0,10.9,4.3,2.0,2,,False,,0,0,False,454.5,4,4,556.0,1.37,,,,,1.0,3.9096027750394313,0.6138731063223665,False,True,True,10.9
364979563,9.50937,3616.0,0.595978,3,2602.13,22.1953,1408.0672,1.5,734.0,1.76,10.8,4,2.5,-0.1,9.5,4.6,2.0,2,"00364979563-01(1:1,ntoi=1);00364979563-01(1:1,ntoi=1)",True,,0,0,False,454.5,4,4,846.0,1.52,,,,,1.0,3.74210055023854,0.4008443866919564,False,True,True,10.8
267080591,12.3543,3956.0,0.588324,7,2168.03,65.08572,2050.1571,1.5,4267.0,4.19,10.7,4,1.3,-0.3,12.6,5.3,2.0,0,,False,,0,0,False,2549.4,4,4,3748.0,2.66,,,,,1.0,5.310245204244488,0.28247283172555715,False,True,True,10.7
144284277,11.2601,3556.0,0.462328,5,2906.03,26.04774,1366.6572,3.0,1299.0,1.82,10.7,5,2.8,3.5,10.3,4.1,0.5,0,,False,,0,0,False,1253.9,5,5,1097.0,2.26,,,,,1.0,3.3324612470136787,0.9002355249257264,False,True,True,10.7
364979563,9.50937,3616.0,0.595978,3,2602.13,16.84675,1388.3109,2.4,567.0,1.55,10.7,4,1.5,-1.4,10.1,3.7,1.0,2,,False,,0,0,False,454.5,4,4,487.0,2.17,,,,,1.0,3.413504581047229,0.7030897258276724,False,True,True,10.7
401703809,12.4121,3680.0,0.422961,6,2114.81,24.70995,2049.2713,4.5,3551.0,2.75,10.6,6,1.2,1.1,9.1,4.2,1.0,0,,False,,0,0,False,4294.1,6,6,3348.0,2.01,,,,,1.0,3.0857859622063084,1.458299459234866,False,True,True,10.6
77840675,10.4724,3806.0,0.626352,3,2852.57,7.4037,1444.5346,1.58,809.0,1.94,10.6,9,1.9,-0.2,10.3,3.7,2.0,0,,False,,0,0,False,1094.2,9,9,733.0,2.11,,,,,1.0,2.682688271680192,0.5889614595476022,False,True,True,10.6
128082634,12.0531,3770.0,0.584621,2,1816.77,12.60587,2335.1371,2.1,3753.0,3.91,10.6,5,2.8,-0.7,9.0,2.9,1.0,0,,False,,0,0,False,3407.6,5,5,4204.0,1.25,,,,,1.0,3.0594886262335486,0.6863892161564437,False,True,True,10.6
355509155,11.6867,3286.0,0.390586,6,2878.5,21.08527,1374.3653,3.15,1296.0,1.53,10.5,6,0.7,-1.1,11.7,4.2,2.0,5,,False,,0,0,False,1390.4,6,6,1446.0,1.63,,,,,1.0,2.775529182330029,1.1349187102963934,False,True,True,10.5
355509155,11.6867,3286.0,0.390586,6,2878.5,21.0851,1374.3653,3.15,1282.0,1.53,10.5,6,1.1,-1.2,10.1,5.6,1.0,5,,False,,0,0,False,1390.4,5,6,1488.0,1.58,,,,,0.8333333333333334,2.7755217230748386,1.1349217604070123,False,True,True,10.5
178320743,12.2987,3636.0,0.515865,4,2879.66,14.45743,1421.2323,6.3,1987.0,2.51,10.5,4,2.6,1.8,10.0,3.4,2.0,0,,False,,0,0,False,1982.1,4,4,2470.0,1.83,,,,,1.0,2.9462032362765482,2.138345353242509,False,True,True,10.5
47509857,11.2861,3782.0,0.580096,2,2171.89,4.49135,2090.4429,3.15,803.0,1.79,10.5,10,0.9,2.2,10.1,3.7,2.0,0,,False,,0,0,True,1255.3,9,10,739.0,2.2,,,,,0.9,2.157746932509377,1.4598560899524349,False,True,True,10.5
33937232,10.9272,3209.0,0.224818,4,2822.29,25.58229,1479.4618,4.5,1205.0,0.85,10.4,4,2.6,1.5,9.9,3.8,2.0,0,,False,,0,0,False,1221.9,4,4,1034.0,2.05,,,,,1.0,2.0483719493926005,2.1968666390566303,False,True,True,10.4
178805087,9.81041,3432.0,0.36937,5,2852.47,34.9137,1453.2678,3.0,537.0,0.93,10.2,4,1.4,0.6,9.3,4.2,2.0,1,,False,,0,0,False,492.4,4,4,606.0,1.52,,,,,1.0,3.1635982909530767,0.9482872742026326,False,True,True,10.2
389727431,11.8197,3397.0,0.409951,8,2905.98,13.04545,1366.9565,4.5,799.0,1.26,10.1,12,0.3,-2.8,11.8,6.2,2.0,2,"00389727431-01(3:1,ntoi=1)",True,,0,0,False,1563.2,12,12,744.0,2.33,,,,,1.0,2.4425827309162624,1.8423122144615993,False,True,True,10.1
48543298,11.4259,3850.0,0.583861,2,2822.28,10.57691,1470.1049,3.6,1770.0,2.68,10.1,4,1.7,0.9,10.2,3.7,1.0,1,"00048543298-01(1:2,ntoi=1)",True,,0,0,False,1830.0,4,4,2021.0,2.03,,,,,1.0,2.8831520164584643,1.2486334329405495,False,True,True,10.1
63727253,12.3776,3729.0,0.393327,2,2202.32,3.21284,2088.577,1.5,7018.0,3.59,10.1,13,2.9,0.9,10.7,3.5,1.0,0,,False,,0,0,False,10641.7,12,13,6771.0,2.7,,,,,0.9230769230769231,1.4893856545985786,1.0071266601559166,False,True,True,10.1
125877373,12.2598,3564.0,0.47128,2,2549.69,7.54982,1601.8067,3.0,2636.0,2.64,10.0,5,1.6,2.5,8.7,3.5,1.0,0,,False,,0,0,False,2815.2,5,5,2151.0,2.87,,,,,1.0,2.233777092937126,1.3430167269086777,False,True,True,10.0
178945595,10.5502,3964.0,0.631184,5,2852.45,25.79438,1449.505,1.8,948.0,2.12,9.9,5,0.4,0.6,11.5,3.5,1.0,0,,False,,0,0,False,921.4,5,5,792.0,2.86,,,,,1.0,4.087778101196365,0.4403370132721236,False,True,True,9.9
209451163,10.4999,3827.0,0.563785,6,2174.68,50.64784,2156.1585,4.2,760.0,1.7,9.8,4,0.6,-1.7,10.2,4.1,2.0,0,,False,,0,0,False,656.2,4,4,898.0,1.4,,,,,1.0,4.747565313354659,0.8846639746451964,False,True,True,9.8
393001368,10.8968,3543.0,0.410113,6,2549.86,27.0587,1610.8676,3.6,1600.0,1.79,9.7,5,1.8,-0.1,9.7,4.7,1.0,0,,False,,0,0,True,1397.3,4,4,1527.0,1.75,,,,,1.0,3.1158721341927262,1.155374753827215,False,True,True,9.7
24926306,11.5537,3651.0,0.475542,2,2602.13,7.32013,1390.1949,1.8,1285.0,1.86,9.7,10,1.1,-0.3,8.5,3.6,1.0,0,,False,,0,0,False,1754.4,10,10,1170.0,2.02,,,,,1.0,2.2241998747852416,0.8092797865901327,False,True,True,9.7
355767053,12.1769,3323.0,0.432961,11,2907.31,48.06875,1335.2941,1.8,2695.0,2.45,9.6,4,0.8,1.7,10.2,3.8,2.0,7,,False,,0,0,False,1997.3,4,4,2034.0,2.44,,,,,1.0,3.9125667115201455,0.46005605340864536,False,True,True,9.6
245860141,10.7049,3921.0,0.611688,7,2607.68,39.83906,1457.0581,3.0,827.0,1.92,9.6,4,1.4,-0.5,11.1,4.6,2.0,1,,False,,0,0,False,708.9,4,4,698.0,2.44,,,,,1.0,4.6273387675606665,0.6483208061253468,False,True,True,9.6
326691890,11.7737,3618.0,0.490006,3,2547.22,12.96828,1669.1963,1.58,3413.0,3.12,9.6,5,1.8,-0.8,8.9,6.2,1.0,0,,False,,0,0,False,1959.8,5,5,3427.0,1.63,,,,,1.0,2.745596329455683,0.575466969797864,False,True,True,9.6
178952975,10.0414,3475.0,0.469718,4,2852.47,22.17867,1459.1286,3.0,646.0,1.3,9.5,4,1.1,-0.0,9.5,3.6,1.0,0,,False,,0,0,False,586.8,4,4,587.0,2.07,,,,,1.0,3.192113040630808,0.9398163416566089,False,True,True,9.5
150249543,11.8487,3740.0,0.571884,12,1926.17,39.53178,2076.5258,4.68,809.0,1.77,9.4,8,1.4,-2.4,8.1,3.3,2.0,4,,False,,0,0,False,1446.1,6,8,765.0,2.8,,,,,0.75,4.4129504192895315,1.0605149741866944,False,True,True,9.4
33625968,11.8812,3984.0,0.612938,3,2174.68,14.70458,2122.1722,6.0,1037.0,2.15,9.3,5,2.6,-0.3,8.8,4.5,2.0,0,,False,,0,0,False,1555.5,5,5,1200.0,1.49,,,,,1.0,3.3238151789003054,1.8051545218543465,False,True,True,9.3
143068297,12.4049,3660.0,0.548795,3,1816.73,4.0195,2282.5162,3.0,1843.0,2.57,9.3,15,2.0,1.2,9.2,2.8,1.0,0,,False,,0,0,False,3832.6,14,15,1640.0,2.68,,,,,0.9333333333333333,2.0038831908475805,1.4970932505956562,False,True,True,9.3
124983670,10.544,3638.0,0.516472,2,2088.83,12.24519,2208.9634,1.58,1220.0,1.97,9.3,4,1.5,0.9,9.3,4.2,2.0,0,,False,,0,0,False,988.2,4,4,1037.0,2.2,,,,,1.0,2.7897245513636,0.5663641592241448,False,True,True,9.3
229149668,11.2942,3931.0,0.589745,5,2144.36,38.68444,2097.9852,0.5,3039.0,3.55,9.2,4,2.7,-0.6,10.4,4.9,2.0,0,,False,,0,0,False,1075.6,4,4,1845.0,2.93,,,,,1.0,4.471946272564503,0.11180814113700602,False,True,True,9.2
231290860,12.1949,3213.0,0.265497,5,2874.19,26.28497,1395.2457,4.2,1787.0,1.22,9.2,4,2.1,0.6,9.5,3.6,2.0,0,,False,,0,0,False,1771.1,4,4,1120.0,2.84,,,,,1.0,2.30931867692218,1.8187182401337905,False,True,True,9.2
33938658,11.7022,3852.0,0.51493,4,2822.29,25.32406,1468.4463,3.15,1266.0,2.0,9.2,4,0.4,-2.9,8.0,3.6,2.0,2,,False,,0,0,False,1296.0,4,4,1151.0,2.46,,,,,1.0,3.547193405930332,0.8880260080360183,False,True,True,9.2
209451163,10.4999,3827.0,0.563785,6,2174.68,42.99638,2130.646,4.8,494.0,1.37,9.1,5,1.0,0.3,9.4,3.5,2.0,0,,False,,0,0,False,656.2,5,5,383.0,2.88,,,,,1.0,4.495326800244932,1.067775539642294,False,True,True,9.1
37441683,11.7929,3825.0,0.586889,3,624.12,15.38752,3668.3616,4.2,1263.0,2.28,9.1,5,1.5,-1.1,8.2,3.5,2.0,0,,False,,0,0,False,1539.2,5,5,908.0,2.37,,,,,1.0,3.278197770553434,1.281191768759865,False,True,True,9.1
77896213,11.8323,3351.0,0.331554,3,2116.33,14.21894,2185.6198,2.1,2152.0,1.68,9.1,4,0.6,0.9,8.0,4.0,2.0,0,,False,,0,0,False,1452.7,4,4,2333.0,1.1,,,,,1.0,2.1820609758676466,0.9623929043343911,False,True,True,9.1
439402367,12.0545,3445.0,0.307816,3,2602.13,13.1916,1394.9775,0.75,3234.0,1.91,9.1,5,1.3,-1.0,9.9,3.8,1.0,0,,False,,0,0,False,2181.8,5,5,4356.0,1.17,,,,,1.0,2.025356970146626,0.3703050924132666,False,True,True,9.1
143068297,12.4049,3660.0,0.548795,3,1816.73,10.16399,2289.5287,4.2,2331.0,2.89,9.1,7,0.1,-1.6,8.5,2.3,2.0,0,,False,,0,0,False,3832.6,6,6,1961.0,2.23,,,,,1.0,2.730044970556672,1.5384361962153306,False,True,True,9.1
128082634,12.0531,3770.0,0.584621,2,1816.77,10.78671,2335.1465,3.15,2656.0,3.29,9.1,5,1.5,1.1,9.5,3.3,1.0,0,,False,,0,0,False,3407.6,5,5,2135.0,1.97,,,,,1.0,2.9046082683656698,1.0844835891665365,False,True,True,9.1
332286707,9.02141,3727.0,0.53071,7,2549.86,25.95229,1602.9363,4.5,226.0,0.87,9.0,7,1.6,-1.5,8.1,3.8,2.0,0,,False,,0,0,False,358.5,7,7,202.0,2.06,,,,,1.0,3.648981849907152,1.233220713365429,False,True,True,9.0
178952975,10.0414,3475.0,0.469718,4,2852.47,14.80488,1441.0286,4.2,387.0,1.01,9.0,8,0.0,2.1,9.4,3.5,1.0,0,,False,,0,0,False,586.8,8,8,339.0,2.88,,,,,1.0,2.789767817058377,1.5055016314686067,False,True,True,9.0
97468763,10.7898,3360.0,0.379418,4,2174.62,10.13614,2125.7866,3.15,492.0,0.92,9.0,12,0.5,0.4,10.0,2.9,2.0,2,,False,,0,0,False,871.2,9,12,468.0,1.83,,,,,0.75,2.1326083948580994,1.477064428516233,False,True,True,9.0
24926308,11.2662,3555.0,0.531492,2,2602.12,7.50969,1386.4095,0.75,1713.0,2.4,9.0,7,0.2,-2.5,8.7,3.7,0.5,0,,False,,0,0,False,1433.1,7,7,1828.0,1.43,,,,,1.0,2.4159064791639464,0.31044248048026535,False,True,True,9.0
278514473,11.3861,3844.0,0.583626,2,2196.33,11.31746,2047.1786,4.2,975.0,1.99,9.0,4,1.6,0.4,9.0,3.2,1.0,0,,False,,0,0,False,1120.9,4,4,986.0,1.52,,,,,1.0,2.948137290620463,1.424628362241594,False,True,True,9.0
424993541,11.9103,3536.0,0.530845,2,302.06,7.63182,3994.4302,2.1,1590.0,2.31,9.0,8,0.4,0.1,9.0,5.8,1.0,0,,False,,0,0,False,2061.8,8,8,1621.0,1.53,,,,,1.0,2.426961131473481,0.8652796176941767,False,True,True,9.0
128082634,12.0531,3770.0,0.584621,2,1816.77,8.13671,2335.9309,2.4,2538.0,3.21,9.0,7,1.2,-0.1,6.9,4.0,1.0,0,,False,,0,0,False,3407.6,7,7,2289.0,1.96,,,,,1.0,2.6440775021689156,0.907688975845564,False,True,True,9.0
37441683,11.7929,3825.0,0.586889,3,624.12,15.3881,3668.3366,4.2,1249.0,2.26,8.9,5,1.8,-0.4,8.5,3.8,2.0,0,,False,,0,0,False,1539.2,5,5,842.0,2.96,,,,,1.0,3.2782389582782545,1.2811756718936251,False,True,True,8.9
439402367,12.0545,3445.0,0.307816,3,2602.13,16.77024,1391.8452,3.15,1979.0,1.49,8.9,4,2.2,0.4,9.2,3.3,1.0,0,,False,,0,0,False,2181.8,4,4,2287.0,1.68,,,,,1.0,2.194061753034282,1.4356934100162408,False,True,True,8.9
423750380,11.8466,3939.0,0.58792,2,1872.19,15.62948,2121.0599,2.4,1910.0,2.8,8.9,4,2.7,-0.5,8.2,2.7,2.0,0,,False,,0,0,False,1682.3,4,4,1537.0,2.24,,,,,1.0,3.2991492268736597,0.7274602738337751,False,True,True,8.9
408131016,12.3838,3610.0,0.432686,2,2577.17,17.09998,1413.1992,2.25,3123.0,2.64,8.9,4,1.4,2.1,9.1,3.6,2.0,0,,False,,0,0,False,2451.5,4,4,2526.0,2.59,,,,,1.0,2.771120367786112,0.8119459645838327,False,True,True,8.9
271277137,12.4689,3825.0,0.610663,2,1816.77,12.82447,2337.6709,2.1,2467.0,3.31,8.9,4,1.1,0.5,9.3,4.1,2.0,0,,False,,0,0,False,1866.0,4,4,2147.0,1.82,,,,,1.0,3.167786040285309,0.6629235602701444,False,True,True,8.9
287187481,10.5723,3597.0,0.533219,3,2602.13,22.10538,1394.1981,1.8,856.0,1.7,8.8,5,1.9,-2.2,8.2,4.3,1.0,1,,False,,0,0,False,703.6,5,5,714.0,1.96,,,,,1.0,3.4698553175611844,0.5187536180226513,False,True,True,8.8
423238651,10.9694,3919.0,0.587523,3,2140.92,11.5921,2042.5405,4.8,586.0,1.55,8.8,6,1.6,1.5,7.5,2.7,2.0,0,,False,,0,0,False,955.5,6,6,638.0,1.22,,,,,1.0,2.9850085690337105,1.6080355848203907,False,True,True,8.8
423238651,10.9694,3919.0,0.587523,3,2140.92,12.5467,2042.453,3.0,780.0,1.79,8.8,5,0.6,1.6,8.0,3.2,2.0,0,,False,,0,0,False,955.5,5,5,820.0,1.52,,,,,1.0,3.064794647409174,0.9788584049296915,False,True,True,8.8
33625968,11.8812,3984.0,0.612938,3,2174.68,5.97155,2116.2597,4.2,663.0,1.72,8.8,15,1.2,-3.5,8.0,3.8,1.0,0,,False,,0,0,False,1555.5,14,15,707.0,2.02,,,,,0.9333333333333333,2.4613970909055634,1.70634799867046,False,True,True,8.8
178364643,12.1812,3451.0,0.569816,2,54.91,12.40592,4243.775,3.0,1929.0,2.73,8.8,4,0.2,-3.0,8.9,3.8,1.0,0,,False,,0,0,False,1855.2,4,4,1892.0,1.06,,,,,1.0,2.9916288491805325,1.002798191634554,False,True,True,8.8
412066335,9.1473,3854.0,0.431388,7,2168.04,32.73391,2049.5081,0.5,1369.0,1.74,8.7,4,2.4,1.7,8.6,4.3,1.0,0,,False,,0,0,False,660.0,4,4,1116.0,2.29,,,,,1.0,3.4338893390167127,0.14560748778910096,False,True,True,8.7
393001369,10.9041,3537.0,0.414303,6,2549.86,25.52768,1624.0551,1.2,1827.0,1.93,8.7,6,2.0,0.8,8.4,4.8,1.0,0,,False,,0,0,False,1381.7,6,6,1526.0,2.58,,,,,1.0,3.0767399815270293,0.39002320872250734,False,True,True,8.7
306344182,10.8053,3554.0,0.54177,4,2904.62,20.25732,1404.4077,3.15,703.0,1.57,8.7,5,1.4,-1.6,9.6,3.2,2.0,2,"00306344182-01(1:1,ntoi=1);00306344182-01(1:1,ntoi=1)",True,,0,0,False,795.8,5,5,733.0,1.27,,,,,1.0,3.4062688687592306,0.9247655195073959,False,True,True,8.7
33938658,11.7022,3852.0,0.51493,4,2822.29,5.377,1468.4412,3.6,533.0,1.3,8.7,18,1.5,0.8,8.5,4.4,1.0,2,,False,,0,0,False,1296.0,16,18,436.0,2.6,,,,,0.8888888888888888,2.116185670675235,1.701173980093773,False,True,True,8.7
439402367,12.0545,3445.0,0.307816,3,2602.13,39.13994,1396.8577,1.05,2984.0,1.83,8.7,4,0.9,0.6,9.8,3.8,2.0,0,,False,,0,0,False,2181.8,4,4,2819.0,1.89,,,,,1.0,2.910331586033417,0.3607836320228645,False,True,True,8.7
301083701,11.2631,3462.0,0.540374,2,1871.43,10.86622,2181.9081,2.1,1035.0,1.9,8.7,5,0.5,-1.5,8.3,3.5,1.0,1,,False,,0,0,False,1046.7,5,5,926.0,1.62,,,,,1.0,2.762893142303704,0.7600728265042553,False,True,True,8.7
178805087,9.81041,3432.0,0.36937,5,2852.47,17.71678,1447.1022,2.25,483.0,0.89,8.6,5,0.0,1.5,8.1,3.6,2.0,1,,False,,0,0,False,492.4,5,5,297.0,2.35,,,,,1.0,2.5233508392240043,0.8916714889681902,False,True,True,8.6
290521044,12.2374,3365.0,0.30844,4,2196.33,15.65339,2047.9878,2.25,1801.0,1.43,8.6,7,0.5,-0.1,8.3,3.6,2.0,0,,False,,0,0,False,2419.1,7,7,2038.0,1.57,,,,,1.0,2.1471294342261373,1.0479107426567131,False,True,True,8.6
143068297,12.4049,3660.0,0.548795,3,1816.73,4.68495,2285.1694,3.15,1630.0,2.42,8.6,16,0.9,0.4,8.9,4.1,1.0,0,,False,,0,0,False,3832.6,14,16,1525.0,2.97,,,,,0.875,2.1088711458430804,1.4936901224188825,False,True,True,8.6
24926308,11.2662,3555.0,0.531492,2,2602.12,16.16784,1397.873,2.4,1107.0,1.93,8.6,5,1.5,-2.2,8.3,3.4,1.0,0,,False,,0,0,False,1433.1,5,5,1006.0,1.75,,,,,1.0,3.1195368214756023,0.7693449820748558,False,True,True,8.6
278514473,11.3861,3844.0,0.583626,2,2196.33,11.94178,2046.5411,4.8,967.0,1.98,8.6,4,0.9,1.1,8.9,3.1,1.0,0,,False,,0,0,False,1120.9,4,4,872.0,1.62,,,,,1.0,3.0013805932076516,1.5992640223178487,False,True,True,8.6
238809900,12.4612,3774.0,0.534938,7,2167.98,25.92823,2058.777,4.2,2196.0,2.73,8.5,7,2.5,0.7,10.9,5.2,1.0,1,,False,,0,0,False,2270.9,6,7,2221.0,2.69,,,,,0.8571428571428571,3.667202431969384,1.1452871985974578,False,True,True,8.5
245865916,12.401,3244.0,0.376803,6,2607.68,24.88784,1458.0456,4.5,1490.0,1.59,8.5,6,2.5,-0.7,8.2,3.9,1.0,5,"00245865916-01(1:1,ntoi=1)",True,,0,0,False,2300.5,6,6,1290.0,2.12,,,,,1.0,2.8638279981034844,1.5713234185083877,False,True,True,8.5
441358309,10.9771,3905.0,0.63534,2,2196.33,12.10695,2042.691,7.2,559.0,1.64,8.5,4,0.3,-2.1,7.7,3.5,1.0,0,,False,,0,0,False,912.8,4,4,571.0,1.47,,,,,1.0,3.190734558075792,2.2565336818058723,False,True,True,8.5
178805087,9.81041,3432.0,0.36937,5,2852.47,21.16988,1453.2741,1.5,560.0,0.95,8.4,5,1.4,-2.1,8.2,3.8,2.0,1,,False,,0,0,False,492.4,5,5,459.0,2.7,,,,,1.0,2.6776604608776213,0.5601905177732522,False,True,True,8.4
143951327,11.2772,3843.0,0.573226,3,2170.75,15.71641,2071.6376,3.6,986.0,1.96,8.4,4,0.9,-1.5,7.6,3.2,2.0,0,,False,,0,0,False,1044.6,4,4,930.0,1.68,,,,,1.0,3.249949887158096,1.1077093878355164,False,True,True,8.4
143951327,11.2772,3843.0,0.573226,3,2170.75,9.67181,2071.6126,2.4,820.0,1.79,8.4,8,1.4,1.1,8.8,4.4,1.0,0,,False,,0,0,False,1044.6,7,8,830.0,2.61,,,,,0.875,2.7643612713234664,0.8681933236790629,False,True,True,8.4
33625968,11.8812,3984.0,0.612938,3,2174.68,14.03293,2122.8128,3.15,1305.0,2.42,8.4,4,1.0,1.6,8.1,3.9,2.0,0,,False,,0,0,False,1555.5,4,4,1498.0,1.37,,,,,1.0,3.2724180407400727,0.9625909528623711,False,True,True,8.4
73794653,12.0318,3286.0,0.277391,2,1790.97,12.10025,2320.3824,2.1,4064.0,1.93,8.4,4,0.0,0.6,7.4,4.5,1.0,0,,False,,0,0,False,2725.2,4,4,4015.0,1.82,,,,,1.0,1.8359801688781348,1.1438032041942987,False,True,True,8.4
412066335,9.1473,3854.0,0.431388,7,2168.04,35.43546,2053.7789,0.5,1183.0,1.62,8.3,5,0.7,1.1,8.7,4.3,1.0,0,,False,,0,0,False,660.0,5,5,1286.0,1.82,,,,,1.0,3.5258705143743128,0.14180895128212842,False,True,True,8.3
219229275,11.5831,3371.0,0.513173,7,2602.13,26.91127,1392.6445,3.0,1024.0,1.79,8.3,5,1.6,1.7,7.7,4.3,1.0,6,,False,,0,0,True,1164.4,4,5,1383.0,1.55,,,,,0.8,3.6115660135850502,0.8306645894648969,False,True,True,8.3
437262491,12.4616,3829.0,0.595726,3,1842.93,13.09028,2294.9525,3.6,2061.0,2.95,8.3,4,0.4,1.1,8.3,4.8,1.0,0,,False,,0,0,False,2159.7,4,4,1883.0,1.95,,,,,1.0,3.13729706149461,1.1474845796989839,False,True,True,8.3
294769705,11.8286,3971.0,0.601578,6,1815.42,44.53542,2388.5494,1.58,2645.0,3.38,8.2,4,0.0,-1.7,9.3,5.3,1.0,1,,False,,0,0,False,2130.2,4,4,2461.0,2.31,,,,,1.0,4.74939300737394,0.33267409067787845,False,True,True,8.2
406323142,11.7913,3949.0,0.551498,5,131.14,19.98829,4105.9366,4.2,1193.0,2.08,8.2,4,0.0,-0.2,8.5,5.1,0.5,0,,False,,0,0,False,1251.6,4,4,1010.0,2.35,,,,,1.0,3.4315958648996463,1.2239203464953543,False,True,True,8.2
415809914,12.4029,3052.0,0.231057,4,2552.69,21.75496,1588.4116,2.1,2378.0,1.23,8.2,4,0.0,1.1,7.0,3.0,2.0,0,,False,,0,0,False,2003.0,4,4,1961.0,2.38,,,,,1.0,1.976395291445834,1.0625404791688928,False,True,True,8.2
287187481,10.5723,3597.0,0.533219,3,2602.13,10.64156,1393.8043,1.8,578.0,1.4,8.2,8,1.4,-0.6,7.2,3.3,0.5,1,,False,,0,0,False,703.6,8,8,482.0,2.9,,,,,1.0,2.7194461959864746,0.6618994715381942,False,True,True,8.2
284155980,11.2869,3875.0,0.59259,3,2602.12,5.35309,1391.264,2.25,638.0,1.63,8.2,13,2.6,0.9,8.3,3.4,1.0,0,,False,,0,0,False,1101.7,12,13,556.0,2.99,,,,,0.9230769230769231,2.3204881486254156,0.9696235687878128,False,True,True,8.2
33869474,12.3318,3189.0,0.242132,3,2822.29,4.57047,1470.6369,2.1,1337.0,0.97,8.2,16,0.7,-0.5,7.8,3.0,1.0,0,,False,,0,0,True,2357.6,14,16,1215.0,2.41,,,,,0.875,1.212169561742139,1.732430896038888,False,True,True,8.2
219223683,12.2643,3203.0,0.258097,6,2602.13,32.66656,1392.7695,4.2,1367.0,1.04,8.1,5,2.0,-0.2,8.1,4.0,1.0,4,,False,,0,0,False,1764.0,5,5,1056.0,2.25,,,,,1.0,2.436490557700504,1.7237907968598287,False,True,True,8.1
466177968,12.1137,3511.0,0.462375,1,24.76,5.16643,4182.4219,3.06,1838.0,2.16,8.0,4,0.1,2.6,8.1,3.1,1.0,0,,False,,0,0,False,2427.3,4,4,1837.0,2.04,,,,,1.0,1.94357530997866,1.5744180244981596,False,True,True,8.0
332286707,9.02141,3727.0,0.53071,7,2549.86,20.1036,1608.7066,1.12,356.0,1.09,8.0,8,0.7,0.0,7.5,3.2,2.0,0,,False,,0,0,False,358.5,8,8,353.0,1.85,,,,,1.0,3.3512314227409608,0.33420550798128884,False,True,True,8.0
287187481,10.5723,3597.0,0.533219,3,2602.13,9.90619,1394.2481,4.2,355.0,1.1,8.0,9,1.4,1.1,7.4,3.5,1.0,1,,False,,0,0,False,703.6,9,9,394.0,1.16,,,,,1.0,2.6553040378909576,1.5817397706877878,False,True,True,8.0
299120888,11.0217,3904.0,0.617111,3,2602.13,14.72302,1390.5483,3.0,595.0,1.64,8.0,7,2.1,-0.5,8.1,3.9,2.0,1,,False,,0,0,False,861.7,7,7,580.0,2.72,,,,,1.0,3.340279333558134,0.8981284798131953,False,True,True,8.0
271277137,12.4689,3825.0,0.610663,2,1816.77,12.00329,2344.6272,2.4,1956.0,2.95,8.0,4,1.8,0.3,8.3,3.3,2.0,0,,False,,0,0,False,1866.0,4,4,1488.0,2.23,,,,,1.0,3.098675737029546,0.7745244109668246,False,True,True,8.0
211948452,11.6146,3626.0,0.463731,1,24.26,5.34692,4153.632,2.04,2354.0,2.45,7.9,4,1.0,3.5,7.1,3.3,0.5,0,,False,,0,0,False,2142.2,4,4,2129.0,1.61,,,,,1.0,1.9697915745375272,1.0356425656247192,False,True,True,7.9
256097445,10.2304,3470.0,0.374096,9,2548.24,17.58553,1630.1066,0.6,864.0,1.2,7.9,11,2.7,-0.9,6.0,4.9,1.0,0,,False,,0,0,False,743.3,11,11,897.0,2.15,,,,,1.0,2.5385291668009593,0.23635733945736645,False,True,True,7.9
306344182,10.8053,3554.0,0.54177,4,2904.62,14.2427,1386.3608,3.6,576.0,1.42,7.9,5,1.1,-0.7,7.3,4.2,2.0,2,,False,,0,0,False,795.8,5,5,568.0,1.92,,,,,1.0,3.028882119167694,1.1885573153270301,False,True,True,7.9
167397242,11.4246,3754.0,0.525639,4,2549.69,22.46494,1611.3625,2.1,1266.0,2.04,7.9,4,0.7,-1.0,8.0,4.2,2.0,0,,False,,0,0,False,1056.7,4,4,939.0,2.63,,,,,1.0,3.4554273676853358,0.6077395866105886,False,True,True,7.9
375091818,12.4768,3211.0,0.315662,7,2607.53,44.4199,1455.0873,2.4,2009.0,1.54,7.8,4,2.8,-0.3,8.1,4.0,2.0,1,,False,,0,0,False,2004.2,4,4,1388.0,2.79,,,,,1.0,3.0870880888511345,0.7774316543371343,False,True,True,7.8
220524896,11.6249,3370.0,0.374704,6,1926.22,12.10802,2072.3469,4.5,492.0,0.91,7.8,13,0.4,2.1,8.0,3.6,2.0,0,,False,,0,0,False,1210.9,12,13,484.0,2.96,,,,,0.9230769230769231,2.244010527747048,2.0053381855199808,False,True,True,7.8
287187481,10.5723,3597.0,0.533219,3,2602.13,16.89001,1391.1606,2.4,629.0,1.46,7.8,5,0.0,-0.7,7.5,3.6,1.0,1,,False,,0,0,False,703.6,5,5,518.0,2.76,,,,,1.0,3.1721618684809187,0.7565818200662342,False,True,True,7.8
322736687,10.426,3224.0,0.282965,2,52.93,13.36355,4212.0963,4.8,633.0,0.78,7.8,4,0.2,-2.4,7.9,3.1,1.0,0,,False,,0,0,False,703.3,4,4,684.0,1.66,,,,,1.0,1.9231096874199918,2.495957475228358,False,True,True,7.8
124983667,10.3734,3685.0,0.547106,2,2088.82,4.75862,2204.1495,0.62,970.0,1.86,7.8,8,0.1,1.1,6.3,3.7,1.0,0,,False,,0,0,False,817.5,8,8,1056.0,1.39,,,,,1.0,2.115515869962549,0.293072724626252,False,True,True,7.8
435905591,10.3328,3880.0,0.614692,7,2607.56,46.77644,1455.3165,3.6,495.0,1.49,7.7,4,2.2,-0.8,7.4,3.6,2.0,1,,False,,0,0,False,579.5,4,4,511.0,1.43,,,,,1.0,4.897664781071148,0.7350441814461338,False,True,True,7.7
178952972,10.2624,3439.0,0.446047,4,2852.49,17.56494,1455.1036,2.4,555.0,1.15,7.7,5,2.2,1.3,7.8,3.7,1.0,0,,False,,0,0,False,662.4,5,5,379.0,2.36,,,,,1.0,2.8532791711682837,0.84113746185492,False,True,True,7.7
248355949,10.7059,3912.0,0.596163,4,2602.12,10.86957,1395.961,4.8,396.0,1.3,7.7,7,1.2,-1.6,9.6,4.6,1.0,0,,False,,0,0,False,725.7,7,7,400.0,2.0,,,,,1.0,2.9502292265703636,1.626992220390953,False,True,True,7.7
157257984,11.484,3599.0,0.421767,3,1842.84,9.06994,2289.8822,3.15,1462.0,1.76,7.7,7,2.2,-1.2,7.4,3.3,1.0,0,,False,,0,0,False,2400.6,7,7,1349.0,2.46,,,,,1.0,2.2052516875647297,1.4284083842958355,False,True,True,7.7
278514473,11.3861,3844.0,0.583626,2,2196.33,8.78757,2038.8568,1.8,1024.0,2.04,7.7,6,0.3,-0.5,5.4,4.1,1.0,0,,False,,0,0,False,1120.9,6,6,873.0,2.05,,,,,1.0,2.7096985602929626,0.6642805315604517,False,True,True,7.7
25003158,11.7144,3212.0,0.225864,2,1872.19,3.18122,2116.335,2.25,632.0,0.62,7.7,20,0.4,-0.8,6.6,3.8,0.5,1,,False,,0,0,False,1304.0,19,20,565.0,2.59,,,,,0.95,1.0255831387727878,2.1938738215727187,False,True,True,7.7
219154198,10.979,3981.0,0.599306,7,1983.81,27.84915,2074.2537,0.75,1645.0,2.65,7.6,5,0.4,0.2,7.2,4.6,1.0,0,,False,,0,0,True,986.6,5,5,1906.0,1.31,,,,,1.0,4.051147220615781,0.18513274367896182,False,True,True,7.6
220524896,11.6249,3370.0,0.374704,6,1926.22,26.27227,2084.9656,4.5,806.0,1.16,7.6,5,2.2,-3.1,7.2,4.0,2.0,0,,False,,0,0,False,1210.9,5,5,736.0,2.25,,,,,1.0,2.905135409006076,1.548981154561594,False,True,True,7.6
333542464,11.243,3662.0,0.628159,5,2602.12,38.02343,1397.1486,3.0,781.0,1.91,7.6,5,0.6,1.5,8.4,4.2,2.0,0,,False,,0,0,False,995.3,5,5,756.0,1.82,,,,,1.0,4.63737036166936,0.6469183537283962,False,True,True,7.6
219938265,11.6383,3769.0,0.606751,1,24.97,4.50095,4180.5933,2.52,1380.0,2.46,7.5,6,1.7,0.5,7.6,3.6,1.0,0,,False,,0,0,True,1754.6,6,6,1283.0,1.61,,,,,1.0,2.224931735697685,1.13261901907736,False,True,True,7.5
231055581,9.26953,3284.0,0.287941,8,2878.49,18.52128,1367.5491,1.8,250.0,0.5,7.5,10,1.7,0.1,8.1,4.1,1.0,0,,False,,0,0,False,365.8,10,10,259.0,2.32,,,,,1.0,2.169206841697272,0.8297963870479083,False,True,True,7.5
220524896,11.6249,3370.0,0.374704,6,1926.22,25.39137,2084.4594,4.5,756.0,1.12,7.5,6,1.0,0.2,7.7,3.2,1.0,0,,False,,0,0,False,1210.9,6,6,794.0,1.76,,,,,1.0,2.872296207957869,1.5666907847221605,False,True,True,7.5
297223601,11.9961,3710.0,0.630591,6,1791.64,38.20032,2332.4549,3.0,1967.0,3.05,7.5,5,0.4,1.7,7.7,3.5,2.0,2,,False,,0,0,False,2365.9,5,5,2324.0,1.34,,,,,1.0,4.6565307267859275,0.6442564595876052,False,True,True,7.5
245865916,12.401,3244.0,0.376803,6,2607.68,28.90905,1457.5675,3.15,1780.0,1.73,7.5,5,2.5,-1.7,8.3,4.0,2.0,5,,False,,0,0,False,2300.5,5,5,1307.0,2.92,,,,,1.0,3.0104341737751232,1.046360696885745,False,True,True,7.5
418096656,9.79122,3266.0,0.30505,5,2555.42,23.58562,1535.4142,2.4,422.0,0.68,7.5,4,0.9,1.3,7.1,3.6,2.0,0,,False,,0,0,False,447.0,4,4,447.0,1.63,,,,,1.0,2.443457254530948,0.9822148496969348,False,True,True,7.5
20446899,10.4146,3778.0,0.566684,4,2554.65,7.46497,1548.4823,3.6,298.0,1.07,7.5,10,0.1,0.3,7.2,4.2,1.0,0,,False,,0,0,False,594.4,9,10,304.0,2.33,,,,,0.9,2.5163919282354756,1.4306197534675624,False,True,True,7.5
144538915,11.1711,3297.0,0.317436,4,2879.65,14.95108,1424.6011,4.2,968.0,1.08,7.5,4,0.1,-1.4,7.6,4.5,1.0,1,,False,,0,0,False,985.8,4,4,911.0,1.49,,,,,1.0,2.155443290586576,1.9485550922831396,False,True,True,7.5
380865596,12.2887,3809.0,0.462578,4,1842.64,3.62739,2363.1025,2.1,1546.0,1.98,7.5,26,0.4,-0.7,7.7,4.4,1.0,0,,False,,0,0,False,3844.0,24,26,1680.0,2.48,,,,,0.9230769230769231,1.7279441206311794,1.2153170782125275,False,True,True,7.5
326691890,11.7737,3618.0,0.490006,3,2547.22,18.22124,1663.926,1.05,2787.0,2.82,7.5,4,1.4,0.3,6.7,3.3,2.0,0,,False,,0,0,False,1959.8,4,4,2342.0,1.97,,,,,1.0,3.0751657954467913,0.3414450048692238,False,True,True,7.5
115282129,9.69268,3837.0,0.636677,6,2904.62,20.44169,1404.4719,3.0,230.0,1.05,7.4,10,0.2,-0.8,7.3,3.7,2.0,2,"00115282129-01(1:1,ntoi=1)",True,,0,0,False,440.2,9,10,262.0,2.43,,,,,0.9,3.8047547462643747,0.7884870905136506,False,True,True,7.4
297223601,11.9961,3710.0,0.630591,6,1791.64,14.24652,2318.1924,2.4,1596.0,2.75,7.4,9,1.2,0.5,7.8,3.7,1.0,2,,False,,0,0,False,2365.9,9,9,1415.0,2.2,,,,,1.0,3.351786932308907,0.7160359678193325,False,True,True,7.4
297223601,11.9961,3710.0,0.630591,6,1791.64,12.76431,2310.5549,4.5,969.0,2.14,7.4,12,1.0,1.0,7.9,3.8,2.0,2,,False,,0,0,False,2365.9,12,12,886.0,2.41,,,,,1.0,3.231265078930614,1.392643404387384,False,True,True,7.4
57186545,11.9854,3627.0,0.536469,5,2580.6,13.38213,1556.164,3.0,1955.0,2.59,7.4,4,1.0,-1.1,7.2,5.5,1.0,0,,False,,0,0,False,2151.3,4,4,2126.0,1.25,,,,,1.0,2.9472238952091847,1.0179070564936057,False,True,True,7.4
230946697,12.3059,3668.0,0.535695,4,2168.05,22.24859,2039.842,4.8,1498.0,2.26,7.4,5,1.2,-1.2,7.3,5.1,1.0,0,,False,,0,0,False,2257.3,5,5,1312.0,2.63,,,,,1.0,3.4880886995943214,1.3761117945648167,False,True,True,7.4
135454073,12.1314,3229.0,0.335841,3,2527.44,13.38363,1582.7905,4.2,1426.0,1.38,7.4,4,1.7,-1.2,5.8,3.2,2.0,0,,False,,0,0,False,1779.2,4,4,1694.0,1.26,,,,,1.0,2.156860601983047,1.9472746621355423,False,True,True,7.4
245949052,10.9588,3650.0,0.542985,7,2607.66,19.17037,1438.557,2.25,765.0,1.64,7.3,5,0.9,0.5,10.3,4.1,2.0,0,,False,,0,0,False,836.5,5,5,799.0,1.47,,,,,1.0,3.3492200360046427,0.6717982025104788,False,True,True,7.3
234509975,11.4201,3476.0,0.419224,7,2879.01,26.33899,1348.4022,2.25,1132.0,1.54,7.3,4,1.5,-1.5,7.2,3.2,2.0,5,,False,,0,0,False,1086.8,4,4,1007.0,2.23,,,,,1.0,3.1335653633829117,0.7180319345791343,False,True,True,7.3
219229275,11.5831,3371.0,0.513173,7,2602.13,13.83599,1389.382,2.4,637.0,1.41,7.3,12,1.0,0.3,7.7,3.6,2.0,6,,False,,0,0,True,1164.4,12,12,702.0,2.03,,,,,1.0,2.8932607323210258,0.8295139021482785,False,True,True,7.3
219229275,11.5831,3371.0,0.513173,7,2602.13,52.45816,1406.1091,0.5,2371.0,2.73,7.3,4,0.1,1.7,7.9,3.8,2.0,6,,False,,0,0,False,1164.4,4,4,2397.0,1.78,,,,,1.0,4.5115091663580635,0.11082765911869515,False,True,True,7.3
456894306,12.1873,3301.0,0.401378,7,2607.68,24.50796,1446.5331,3.0,1169.0,1.5,7.3,8,0.8,-0.6,8.4,3.9,2.0,9,,False,,0,0,False,1812.1,8,8,1156.0,1.74,,,,,1.0,2.9717553829364474,1.0095043546402678,False,True,True,7.3
411478119,11.6166,3758.0,0.566592,6,1791.12,50.86834,2318.5608,0.75,2713.0,3.22,7.3,4,2.9,1.0,7.4,4.2,2.0,0,,False,,0,0,False,1488.3,4,4,2303.0,2.6,,,,,1.0,4.7702130329535555,0.15722568254684954,False,True,True,7.3
422407583,10.1586,3335.0,0.285971,4,2552.61,17.14602,1575.1303,0.75,1032.0,1.0,7.3,4,0.4,-0.4,5.5,3.3,2.0,0,,False,,0,0,False,583.6,4,4,1068.0,1.34,,,,,1.0,2.104476426783402,0.3563831794240344,False,True,True,7.3
437253099,11.5532,3297.0,0.322347,4,2554.41,16.70496,1551.874,3.15,762.0,0.97,7.3,6,1.4,-0.8,6.7,3.1,2.0,1,,False,,0,0,False,1189.7,6,6,674.0,1.91,,,,,1.0,2.2596396974860538,1.3940275538195361,False,True,True,7.3
123253999,11.9656,3532.0,0.492345,4,2555.29,6.42714,1522.2329,2.4,893.0,1.61,7.3,12,2.1,1.3,6.3,3.7,1.0,0,,False,,0,0,False,1557.5,10,12,1016.0,2.4,,,,,0.8333333333333334,2.179685835226563,1.1010761097828288,False,True,True,7.3
148612264,12.2802,3273.0,0.299788,3,2554.6,12.20633,1545.1754,3.6,1311.0,1.18,7.3,5,2.3,-1.4,6.5,3.2,2.0,0,,False,,0,0,False,1815.5,5,5,1324.0,2.0,,,,,1.0,1.9391563477723115,1.856477433671428,False,True,True,7.3
25003158,11.7144,3212.0,0.225864,2,1872.19,9.28596,2116.6163,3.6,708.0,0.66,7.3,9,0.6,-1.4,6.9,3.5,1.0,1,,False,,0,0,False,1304.0,9,9,583.0,2.51,,,,,1.0,1.465711764216344,2.4561445762324032,False,True,True,7.3
423211395,11.9417,3367.0,0.318649,9,2520.19,6.00422,1660.678,0.6,1077.0,1.14,7.2,31,0.6,-2.4,6.0,4.6,1.0,5,,False,,0,0,False,1510.5,26,31,1020.0,2.31,,,,,0.8387096774193549,1.5942956686624705,0.37634173622472933,False,True,True,7.2
146247926,9.79343,3709.0,0.525121,6,2904.61,30.86024,1413.1583,0.5,935.0,1.75,7.2,4,2.3,-1.4,7.4,4.5,1.0,0,,False,,0,0,False,505.6,4,4,902.0,1.63,,,,,1.0,3.8386718217294673,0.130253385342728,False,True,True,7.2
283824622,12.3176,3268.0,0.340414,5,2607.43,6.26632,1438.6446,1.05,1308.0,1.34,7.2,22,2.1,1.9,6.6,4.2,2.0,1,,False,,0,0,False,2114.2,21,22,1235.0,2.45,,,,,0.9545454545454546,1.6899898342179898,0.6213055124594091,False,True,True,7.2
283824622,12.3176,3268.0,0.340414,5,2607.43,29.2581,1447.954,3.0,1699.0,1.53,7.2,5,2.5,0.8,6.8,4.2,2.0,1,,False,,0,0,False,2114.2,5,5,1516.0,2.05,,,,,1.0,2.8246324397336435,1.0620850903641443,False,True,True,7.2
20446899,10.4146,3778.0,0.566684,4,2554.65,20.78354,1558.476,3.6,500.0,1.38,7.2,4,1.0,1.4,6.4,3.1,2.0,0,,False,,0,0,False,594.4,4,4,515.0,1.68,,,,,1.0,3.540044883641276,1.0169362588129263,False,True,True,7.2
71373798,9.61711,3505.0,0.453928,3,2821.64,10.81077,1421.3643,4.8,213.0,0.72,7.2,8,2.1,-1.7,6.2,4.4,1.0,0,,False,,0,0,False,421.2,7,8,231.0,1.78,,,,,0.875,2.4555671693994428,1.9547418860360208,False,True,True,7.2
406349525,12.1172,3515.0,0.465901,3,2904.61,10.00119,1388.889,1.12,2164.0,2.36,7.2,6,0.7,0.7,7.3,4.2,1.0,0,,False,,0,0,False,1697.5,6,6,1842.0,2.38,,,,,1.0,2.434564481847655,0.4600412140860622,False,True,True,7.2
33869474,12.3318,3189.0,0.242132,3,2822.29,11.73324,1470.6807,1.2,2611.0,1.35,7.2,6,0.6,-1.3,5.6,4.0,1.0,0,,False,,0,0,False,2357.6,6,6,2431.0,1.87,,,,,1.0,1.659774437297757,0.7229898069485238,False,True,True,7.2
124983667,10.3734,3685.0,0.547106,2,2088.82,5.72232,2201.8891,0.62,828.0,1.72,7.2,9,1.8,-1.2,6.1,3.4,1.0,0,,False,,0,0,False,817.5,8,9,903.0,2.09,,,,,0.8888888888888888,2.2496415565957237,0.27559946080397657,False,True,True,7.2
231055581,9.26953,3284.0,0.287941,8,2878.49,26.58555,1360.2991,2.1,274.0,0.52,7.1,6,0.1,0.5,8.5,4.8,2.0,0,,False,,0,0,False,365.8,5,6,272.0,1.91,,,,,0.8333333333333334,2.446954250021686,0.858209751972841,False,True,True,7.1
297223601,11.9961,3710.0,0.630591,6,1791.64,16.61947,2323.0799,3.6,1173.0,2.36,7.1,9,1.6,0.7,7.5,3.4,2.0,2,,False,,0,0,False,2365.9,7,9,1174.0,1.99,,,,,0.7777777777777778,3.5284112330497086,1.0202892356423021,False,True,True,7.1
245870883,12.3542,3312.0,0.385662,6,2607.68,16.83022,1451.8331,3.0,1239.0,1.48,7.1,9,0.6,-1.0,7.1,4.7,1.0,0,,False,,0,0,False,2105.0,9,9,1100.0,2.03,,,,,1.0,2.552952833113705,1.1751098418614552,False,True,True,7.1
344771708,11.9052,3122.0,0.233389,5,2602.12,46.1779,1398.5662,0.5,3274.0,1.46,7.1,4,1.0,-0.6,7.5,4.0,2.0,0,,False,,0,0,False,1485.5,4,4,2624.0,2.5,,,,,1.0,2.5570542524899817,0.1955375016048702,False,True,True,7.1
187922557,9.92212,3540.0,0.521637,4,2554.23,8.16482,1546.1527,0.5,540.0,1.32,7.1,12,0.1,0.4,5.8,3.7,1.0,0,,False,,0,0,False,452.5,12,12,441.0,2.46,,,,,1.0,2.4534060091954935,0.2037983106448643,False,True,True,7.1
284864375,10.91,3879.0,0.605169,4,1871.43,15.0508,2180.9128,3.15,620.0,1.64,7.1,5,1.4,1.9,7.1,3.9,1.0,1,,False,,0,0,False,784.2,5,5,728.0,1.52,,,,,1.0,3.321334405109771,0.9484139854011152,False,True,True,7.1
123253999,11.9656,3532.0,0.492345,4,2555.29,18.93195,1522.5329,3.6,1006.0,1.7,7.1,5,0.2,-0.6,6.5,3.7,2.0,0,,False,,0,0,False,1557.5,5,5,846.0,1.68,,,,,1.0,3.124542465365278,1.1521686902658685,False,True,True,7.1
317551218,11.983,3736.0,0.593543,3,2822.28,22.3322,1488.7309,1.2,2029.0,2.92,7.1,4,1.8,0.0,6.7,4.0,2.0,2,,False,,0,0,False,1523.2,4,4,1496.0,2.61,,,,,1.0,3.7395578427894063,0.3208935522454434,False,True,True,7.1
33869471,12.3581,3187.0,0.238336,3,2822.29,11.73344,1470.6494,2.1,2007.0,1.16,7.1,6,0.8,-1.5,7.1,2.9,1.0,0,,False,,0,0,False,2476.7,6,6,1531.0,2.6,,,,,1.0,1.642390826019302,1.2786238005784623,False,True,True,7.1
24926308,11.2662,3555.0,0.531492,2,2602.12,5.12441,1389.3699,0.75,1064.0,1.89,7.1,12,0.8,-2.1,5.5,3.3,2.0,0,,False,,0,0,False,1433.1,11,12,1063.0,2.09,,,,,0.9166666666666666,2.12693428541286,0.35262020323980875,False,True,True,7.1
424993541,11.9103,3536.0,0.530845,2,302.06,3.36669,3989.7489,2.4,820.0,1.66,7.1,18,1.4,0.7,7.6,4.1,1.0,0,,False,,0,0,True,2061.8,17,18,888.0,2.36,,,,,0.9444444444444444,1.8475143674867964,1.2990426717302115,False,True,True,7.1
412226318,12.3157,3419.0,0.602077,2,52.67,3.34632,4047.4078,4.2,1221.0,2.3,7.1,14,1.2,-2.5,7.4,3.9,1.0,0,,False,,0,0,False,2965.0,13,14,1117.0,2.38,,,,,0.9285714285714286,2.00523591758596,2.094516641740712,False,True,True,7.1
201881092,9.92955,3339.0,0.335762,7,2633.97,37.03334,1359.1235,2.1,481.0,0.8,7.0,4,0.3,1.0,6.6,4.4,1.0,0,,False,,0,0,False,465.2,4,4,516.0,1.87,,,,,1.0,3.0275659826248185,0.6936265013056319,False,True,True,7.0
354170042,12.2481,3169.0,0.224551,5,2196.33,15.15331,2042.4918,0.62,2354.0,1.19,7.0,9,1.0,0.4,5.6,3.4,2.0,1,,False,,0,0,False,1815.8,9,9,2341.0,2.74,,,,,1.0,1.7189139083939973,0.36069287529314004,False,True,True,7.0
100918678,12.4752,3800.0,0.56113,5,2174.67,27.10095,2121.1432,3.15,2168.0,2.85,7.0,4,2.6,0.6,7.1,4.3,2.0,0,,False,,0,0,True,2476.3,4,4,2064.0,1.74,,,,,1.0,3.8421895915838613,0.81984501933479,False,True,True,7.0
124983667,10.3734,3685.0,0.547106,2,2088.82,1.90439,2203.25,3.0,241.0,0.93,7.0,24,1.2,1.8,6.1,3.4,2.0,0,,False,,0,0,False,817.5,22,24,242.0,1.98,,,,,0.9166666666666666,1.5589825110131452,1.9243320427311095,False,True,True,7.0
213471387,10.5418,3451.0,0.45574,2,2575.84,11.36652,1638.4926,0.62,1478.0,1.91,7.0,4,2.4,-2.4,6.6,3.6,1.0,0,,False,,0,0,False,848.8,4,4,1328.0,2.02,,,,,1.0,2.503584377295922,0.2476449388415066,False,True,True,7.0
441358309,10.9771,3905.0,0.63534,2,2196.33,5.3064,2038.916,2.4,545.0,1.62,7.0,9,1.6,-0.9,7.1,2.9,1.0,0,,False,,0,0,False,912.8,9,9,532.0,2.24,,,,,1.0,2.423701256021493,0.9902210489173907,False,True,True,7.0
211948433,11.2895,3730.0,0.507969,2,2548.82,1.15038,1628.6706,0.75,806.0,1.57,7.0,36,0.1,0.8,7.0,3.7,1.0,0,,False,,0,0,False,1483.3,33,36,915.0,2.43,,,,,0.9166666666666666,1.2542387311316638,0.5979722850077325,False,True,True,7.0
58583881,12.2331,3310.0,0.647144,2,2548.11,4.37698,1631.4678,4.8,1036.0,2.27,7.0,8,0.9,-3.7,6.5,3.2,1.0,0,,False,,0,0,False,2324.4,7,8,1039.0,1.73,,,,,0.875,2.3010908599749897,2.085967174739102,False,True,True,7.0
412226318,12.3157,3419.0,0.602077,2,52.67,3.47347,4049.1328,4.2,1372.0,2.43,7.0,10,1.2,1.4,7.1,3.6,1.0,0,,False,,0,0,True,2965.0,10,10,1167.0,1.85,,,,,1.0,2.0303184886490073,2.06864096617409,False,True,True,7.0
382469629,11.7587,3539.0,0.387578,4,102.88,19.56404,4119.9511,2.1,64592.0,10.75,91.4,3,0.0,1.4,92.9,5.4,1.0,0,,False,,0,0,False,11820.0,2,2,67005.0,1.05,,,,,1.0,2.6931914037845583,0.7797440601692895,False,True,False,91.4
351339273,10.394,3352.0,0.247981,7,2547.3,40.7158,1682.2204,4.2,7830.0,2.39,69.7,3,0.0,1.1,59.0,4.3,1.0,1,,False,,0,0,False,2509.7,3,3,9407.0,1.07,,,,,1.0,2.55314152692356,1.6450321910124752,False,True,False,69.7
394134586,10.2819,3461.0,0.352722,7,2879.02,47.42566,1349.2618,2.1,6942.0,3.21,55.3,3,0.0,-1.5,55.6,3.0,2.0,3,,False,,0,0,False,1116.5,3,3,3073.0,4.37,,,,,1.0,3.3975651040074246,0.6180897012166308,False,True,False,55.3
117874959,10.2428,3560.0,0.641336,7,2936.46,40.18656,1366.9976,3.15,3959.0,4.4,50.5,3,0.0,-0.9,50.5,3.9,1.0,8,,False,,0,0,False,1476.4,3,3,4018.0,1.68,,,,,1.0,4.789523595640316,0.6576854539076289,False,True,False,50.5
394134586,10.2819,3461.0,0.352722,7,2879.02,28.62048,1348.3493,2.1,4561.0,2.6,46.2,4,2.8,-0.8,74.7,4.6,2.0,3,,False,,0,0,False,1116.5,3,4,2338.0,5.74,,,,,0.75,2.871148336138428,0.7314146655426416,False,True,False,46.2
251845153,10.4417,3334.0,0.557728,5,2936.46,16.14287,1359.9291,3.15,3252.0,3.47,45.1,7,0.7,3.3,48.0,3.3,2.0,14,,False,,0,0,False,2030.5,6,7,2438.0,3.03,,,,,0.8571428571428571,3.219710638842367,0.9783487876204207,False,True,False,45.1
354134555,10.9773,3944.0,0.615476,4,2196.33,22.56278,2049.2309,0.75,11146.0,7.09,41.7,3,0.0,-1.1,55.1,3.5,2.0,0,,False,,0,0,False,1627.7,2,3,244.0,105.66,,,,,0.6666666666666666,3.844264360500918,0.19509584400753152,False,True,False,41.7
327710327,11.5442,3491.0,0.350476,8,2879.03,82.56223,1351.9576,3.0,14299.0,4.57,38.6,3,0.0,-1.8,37.1,4.3,2.0,3,,False,,0,0,False,5360.2,3,3,13630.0,1.86,,,,,1.0,4.069811437639041,0.7371348884262671,False,True,False,38.6
27973247,12.0723,3708.0,0.474189,2,2202.31,16.69264,2095.0395,3.0,16335.0,6.61,38.1,3,2.8,-3.3,31.9,2.7,2.0,0,,False,,0,0,False,8934.5,3,3,17802.0,1.11,,,,,1.0,2.922027417396976,1.026684411699492,False,True,False,38.1
234506911,10.7682,3526.0,0.590838,10,2879.02,35.45749,1358.1049,3.06,2235.0,3.05,35.4,7,2.1,3.2,47.0,3.3,2.0,30,,False,,0,0,False,1332.0,5,7,460.0,19.1,,,,,0.7142857142857143,4.349338774551225,0.7035552203715697,False,True,False,35.4
382109014,12.3652,3457.0,0.386094,2,2498.9,6.74056,1606.9566,0.5,64300.0,10.68,33.0,3,0.0,0.3,53.2,3.6,2.0,0,,False,,0,0,True,39339.3,2,2,74792.0,1.4,,,,,1.0,1.8832254822796959,0.26550192990949567,False,True,False,33.0
49672084,11.0413,3322.0,0.386807,3,2822.28,13.71799,1480.6329,3.15,3552.0,2.51,29.0,3,0.7,2.1,31.4,5.0,2.0,2,,False,,0,0,True,1322.3,3,3,3659.0,1.59,,,,,1.0,2.389468655433402,1.318284712727756,False,True,False,29.0
20892891,11.5143,3516.0,0.490161,3,2936.46,23.29134,1366.3327,4.2,4752.0,3.69,27.4,3,0.7,-1.4,18.6,4.1,2.0,1,,False,,0,0,False,1742.5,2,2,4772.0,1.03,,,,,1.0,3.338097016702482,1.2582018973639488,False,True,False,27.4
229147927,10.6086,3623.0,0.540657,9,2878.5,45.92289,1364.5715,6.12,1840.0,2.53,27.2,3,0.0,-1.8,18.9,4.1,2.0,12,,False,,0,0,False,976.1,3,3,1246.0,4.05,,,,,1.0,4.468542757856777,1.3695740046885672,False,True,False,27.2
439414619,11.6374,3208.0,0.290613,5,2196.33,21.52178,2049.1131,2.25,5982.0,2.45,26.2,3,0.0,-1.7,34.8,2.3,2.0,3,,False,,0,0,False,1490.5,2,3,325.0,64.76,,,,,0.6666666666666666,2.2946214465263304,0.9805538963327133,False,True,False,26.2
429236863,12.3488,3350.0,0.585403,3,2527.94,6.20618,1573.4148,3.6,3848.0,3.96,26.1,12,2.1,-2.9,30.6,3.7,1.0,9,,False,,0,0,False,3539.0,11,12,1532.0,8.0,,,,,0.9166666666666666,2.417981900312193,1.4888448914920303,False,True,False,26.1
64105291,11.6438,3862.0,0.565687,4,2879.66,30.99984,1416.883,1.5,6212.0,4.86,25.9,3,0.0,3.5,34.0,3.4,1.0,2,,False,,0,0,False,1807.5,3,3,4966.0,3.17,,,,,1.0,4.039977165034827,0.3712892273209344,False,True,False,25.9
178947176,9.87578,3323.0,0.403006,5,2852.49,14.39375,1447.9756,3.15,1039.0,1.42,25.4,10,1.4,2.1,34.3,4.7,1.0,10,,False,,0,0,False,852.3,8,9,1220.0,3.59,,,,,0.8888888888888888,2.495402584044654,1.2623213665565525,False,True,False,25.4
220395392,12.0964,3280.0,0.402749,12,1926.23,52.58621,2063.819,4.08,4514.0,2.95,23.4,7,1.3,-0.9,22.9,5.8,1.0,4,,False,,0,0,False,4812.1,7,7,3220.0,4.67,,,,,1.0,3.8416862954499074,1.0620336191511397,False,True,False,23.4
332660818,10.8521,3660.0,0.646813,1,24.49,9.07453,4236.9627,4.08,2245.0,3.34,23.1,3,2.0,0.2,23.4,3.0,1.0,1,,False,,0,0,False,1741.1,3,3,1906.0,1.56,,,,,1.0,2.9331582921301997,1.3909920957715887,False,True,False,23.1
102628186,11.0758,3735.0,0.500777,3,1790.8,19.97447,2295.2883,4.5,4948.0,3.84,22.9,3,1.6,2.0,21.3,4.5,2.0,2,,False,,0,0,False,2507.4,3,3,4946.0,1.05,,,,,1.0,3.2170881796175586,1.3987804339683818,False,True,False,22.9
139636101,12.3897,3916.0,0.6438,2,54.91,18.51337,4246.7589,3.15,17966.0,9.41,22.4,3,2.0,-1.5,22.8,4.6,1.0,0,,False,,0,0,False,12374.0,3,3,15803.0,2.0,,,,,1.0,3.7085496911771556,0.8493886457808625,False,True,False,22.4
224270730,9.80069,3491.0,0.457555,7,2906.03,17.9095,1366.3324,2.25,1356.0,1.84,21.8,6,1.5,-3.5,31.5,4.2,2.0,2,,False,,0,0,False,769.8,5,6,578.0,10.52,,,,,0.8333333333333334,2.9210006356668217,0.7702839816350666,False,True,False,21.8
209450385,11.3766,3645.0,0.454664,6,2879.66,14.36787,1424.6261,4.2,2622.0,2.54,21.8,11,0.6,1.1,30.5,3.6,1.0,0,,False,,0,0,False,2476.4,6,11,109.0,117.45,,,,,0.5454545454545454,2.7027101310489066,1.553995728861239,False,True,False,21.8
213240679,11.9362,3247.0,0.524619,5,2575.96,13.55774,1640.2063,0.75,9807.0,5.67,21.8,8,2.7,-2.9,34.9,4.3,2.0,13,,False,,0,0,True,4852.2,5,8,3480.0,9.82,,,,,0.625,2.916308103175099,0.2571744731578414,False,True,False,21.8
77700653,11.3628,3626.0,0.46881,4,2116.32,6.80668,2177.8075,2.1,3765.0,3.14,21.4,17,0.9,2.0,31.0,4.4,1.0,0,,False,,0,0,True,6146.7,13,17,1403.0,10.36,,,,,0.7647058823529411,2.1503937206231343,0.9765653516656795,False,True,False,21.4
354606420,11.8718,3325.0,0.365383,6,2878.5,41.81071,1354.7806,3.0,3597.0,2.39,19.2,3,0.0,1.2,16.0,3.8,2.0,5,,False,,0,0,False,1632.5,3,3,4335.0,1.23,,,,,1.0,3.335311234869076,0.8994662832770872,False,True,False,19.2
327221844,11.3572,3907.0,0.582047,1,25.39,7.78065,4183.1022,2.34,6204.0,5.0,19.1,3,2.4,-0.5,18.6,3.0,1.0,0,,False,,0,0,False,4099.6,3,3,5227.0,2.28,,,,,1.0,2.5972811125928668,0.9009421385519478,False,True,False,19.1
206603521,11.0556,3605.0,0.521561,8,2170.75,22.24959,2080.2417,4.5,1221.0,1.99,18.9,7,1.0,-1.8,22.3,3.5,1.0,6,,False,,0,0,False,1111.2,7,7,1023.0,3.0,,,,,1.0,3.426512899335529,1.3132885041444444,False,True,False,18.9
250383685,11.1311,3984.0,0.648279,2,2577.17,24.88262,1421.3933,3.15,2522.0,3.55,18.0,3,1.7,1.3,18.5,4.7,2.0,0,,False,,0,0,False,2029.4,3,3,2223.0,1.87,,,,,1.0,4.11163889240148,0.7661178625927879,False,True,False,18.0
24270013,11.3482,3868.0,0.595608,2,1872.19,20.80625,2136.5856,7.2,1985.0,2.89,18.0,3,2.6,-1.0,13.6,3.5,1.0,0,,False,,0,0,False,1153.3,3,3,1831.0,2.08,,,,,1.0,3.6608329617187856,1.9667655080934237,False,True,False,18.0
114985772,11.1087,3261.0,0.284433,5,2907.3,12.99071,1329.1681,1.05,2391.0,1.52,17.9,8,0.8,2.2,21.6,3.8,2.0,8,,False,,0,0,False,1236.8,7,8,641.0,13.88,,,,,0.875,1.9116391282889194,0.5492668487801042,False,True,False,17.9
316830745,11.6146,3864.0,0.583813,7,2196.33,40.84233,2061.1523,4.2,2447.0,3.15,17.3,3,0.0,-2.0,19.9,5.6,1.0,0,,False,,0,0,False,1688.5,3,3,2590.0,1.61,,,,,1.0,4.523010940931414,0.928584974666257,False,True,False,17.3
250383685,11.1311,3984.0,0.648279,2,2577.17,24.81233,1428.5855,0.62,5367.0,5.18,17.3,3,0.0,2.8,17.0,4.6,1.0,0,,False,,0,0,False,2029.4,3,3,5380.0,1.37,,,,,1.0,4.107763635149438,0.15093370872042514,False,True,False,17.3
384339667,12.1898,3590.0,0.513712,5,1789.34,26.10812,2375.8379,1.5,8294.0,5.1,17.2,3,2.0,1.7,20.8,6.7,1.0,0,,False,,0,0,False,2662.8,3,3,9937.0,1.55,,,,,1.0,3.577777274870337,0.4192547173172936,False,True,False,17.2
5531389,11.4914,3612.0,0.55066,2,2554.97,5.33031,1546.1193,3.6,1863.0,2.59,17.1,9,1.4,2.9,17.0,3.4,1.0,0,,False,,0,0,False,2683.7,8,9,1174.0,8.66,,,,,0.8888888888888888,2.206555235915984,1.6315023260705142,False,True,False,17.1
262531383,11.7922,3911.0,0.587697,3,80.21,36.67125,4185.0822,4.8,2377.0,3.13,16.5,3,0.3,2.7,16.6,3.7,1.0,1,,False,,0,0,False,1429.5,3,3,2311.0,2.29,,,,,1.0,4.38280869432204,1.0951881167476998,False,True,False,16.5
464452462,8.84557,3692.0,0.509342,8,2547.31,66.60083,1682.0405,2.34,664.0,1.43,16.3,3,2.3,0.6,16.7,4.8,2.0,1,,False,,0,0,False,338.0,3,3,798.0,1.46,,,,,1.0,4.860800916314205,0.48140214756508676,False,True,False,16.3
184534363,11.3939,3613.0,0.615761,4,2144.25,55.62246,2126.7211,4.8,1817.0,2.86,16.1,3,1.8,1.5,13.7,3.7,2.0,1,,False,,0,0,False,1165.8,3,3,2119.0,1.01,,,,,1.0,5.194771837071063,0.9240059333782703,False,True,False,16.1
156831398,12.1166,3801.0,0.581638,4,1081.62,12.66319,2969.3809,4.5,2001.0,2.84,16.0,7,2.4,-2.7,18.7,3.0,2.0,1,,False,,0,0,False,1890.7,7,7,1251.0,5.14,,,,,1.0,3.0536869750384317,1.4736284487519766,False,True,False,16.0
220395392,12.0964,3280.0,0.402749,12,1926.23,22.13184,2074.8953,3.78,2216.0,2.07,15.8,15,1.8,1.8,14.6,3.9,1.0,4,,False,,0,0,False,4812.1,13,15,2015.0,4.4,,,,,0.8666666666666667,2.8789698394043306,1.3129696422183066,False,True,False,15.8
259726904,11.9686,3382.0,0.608082,2,53.27,23.05759,4053.2814,3.0,5259.0,4.81,15.7,3,0.0,-2.0,16.0,3.6,1.0,1,,False,,0,0,False,3188.8,3,3,5337.0,1.92,,,,,1.0,3.841088941330304,0.7810285171269673,False,True,False,15.7
398445933,11.2389,3327.0,0.472768,7,2520.2,13.13652,1669.0822,2.4,1719.0,2.14,15.4,7,2.4,1.8,17.6,5.7,2.0,2,,False,,0,0,False,1193.5,5,6,780.0,7.78,,,,,0.8333333333333334,2.692364071746341,0.8914099044722783,False,True,False,15.4
152574751,10.723,3581.0,0.616715,5,2577.17,6.85715,1417.1713,3.15,669.0,1.74,15.2,14,0.5,0.5,17.6,4.4,0.5,2,,False,,0,0,True,879.4,10,14,339.0,7.06,,,,,0.7142857142857143,2.5880888696881144,1.2171143104446798,False,True,False,15.2
308773532,11.8133,3331.0,0.371023,6,2553.95,12.06075,1547.9264,3.6,1411.0,1.52,15.1,11,1.7,-2.6,18.5,4.2,2.0,5,,False,,0,0,False,1696.2,11,11,911.0,5.96,,,,,1.0,2.226385103905346,1.6169709335932803,False,True,False,15.1
467779161,12.0163,3982.0,0.609895,4,1791.92,38.11837,2307.8252,2.25,7147.0,5.63,15.1,3,2.9,-1.6,16.1,3.6,2.0,0,,False,,0,0,False,3144.2,3,3,5279.0,3.16,,,,,1.0,4.550821310143748,0.49441624855380856,False,True,False,15.1
219398128,11.2735,3417.0,0.40943,10,2602.13,21.23608,1389.8095,3.0,913.0,1.35,14.8,14,1.6,-3.0,12.1,3.6,1.0,15,"00219398128-01(1:1,ntoi=1)",True,,0,0,False,1332.8,12,14,301.0,8.21,,,,,0.8571428571428571,2.870909610978298,1.0449649785308681,False,True,False,14.8
214870481,12.0443,3458.0,0.604275,4,2548.77,4.98238,1633.1672,4.5,1670.0,2.69,14.7,18,1.9,0.7,15.7,2.3,2.0,7,,False,,0,0,False,2972.7,13,18,1390.0,4.82,,,,,0.7222222222222222,2.2953222216949705,1.9605090550977173,False,True,False,14.7
289600366,11.0301,3516.0,0.191878,5,2555.36,23.697,1531.8083,2.25,2227.0,0.99,14.6,3,0.0,-1.2,13.9,2.7,2.0,0,,False,,0,0,False,810.2,3,3,869.0,5.24,,,,,1.0,1.7966198991482993,1.2523517083756162,False,True,False,14.6
161169317,12.3395,3725.0,0.509244,5,2170.75,12.95417,2067.9748,4.2,3000.0,3.04,14.6,8,0.8,1.7,15.6,4.8,1.0,0,,False,,0,0,False,2941.3,7,7,2423.0,3.08,,,,,1.0,2.8159748511446416,1.4914905927845123,False,True,False,14.6
464452462,8.84557,3692.0,0.509342,8,2547.31,13.14937,1661.1118,4.68,196.0,0.78,14.4,16,2.3,1.1,18.1,5.7,1.0,1,,False,,0,0,False,338.0,11,16,153.0,4.71,,,,,0.6875,2.830411643648391,1.6534697384043742,False,True,False,14.4
308773532,11.8133,3331.0,0.371023,6,2553.95,20.30661,1555.7077,2.4,2360.0,1.97,14.4,5,0.0,-0.5,14.5,2.7,2.0,5,,False,,0,0,False,1696.2,5,5,782.0,7.67,,,,,1.0,2.6486301911103314,0.9061287634850589,False,True,False,14.4
231639448,11.6201,3481.0,0.581034,3,2907.31,19.52443,1329.09,2.1,3667.0,3.84,14.4,5,1.4,1.0,14.3,4.1,2.0,0,,False,,0,0,False,2489.9,5,5,3149.0,3.91,,,,,1.0,3.5253489636610715,0.595685709881938,False,True,False,14.4
299200024,10.8042,3675.0,0.459327,2,2602.12,19.89989,1393.6732,4.5,1548.0,1.97,14.4,3,0.0,1.0,17.5,2.9,2.0,0,,False,,0,0,False,849.8,3,3,653.0,3.36,,,,,1.0,3.0332380998453448,1.4835630609510808,False,True,False,14.4
299200024,10.8042,3675.0,0.459327,2,2602.12,9.06874,1393.6732,3.6,816.0,1.43,14.2,7,1.5,0.7,20.9,4.1,1.0,0,,False,,0,0,False,849.8,7,7,418.0,5.87,,,,,1.0,2.3342028454039867,1.5422824143532987,False,True,False,14.2
464452462,8.84557,3692.0,0.509342,8,2547.31,12.62288,1659.5893,3.6,252.0,0.88,14.1,12,1.5,-2.3,16.6,5.0,1.0,1,,False,,0,0,False,338.0,10,12,148.0,5.8,,,,,0.8333333333333334,2.792120162288399,1.2893427899784475,False,True,False,14.1
422677298,9.93769,3413.0,0.571464,2,2577.16,19.97859,1430.4403,4.8,1090.0,2.06,14.0,3,1.0,0.4,10.9,4.2,1.0,2,,False,,0,0,False,868.6,3,3,1197.0,1.02,,,,,1.0,3.5133586852783685,1.36621405042215,False,True,False,14.0
256911677,10.9325,3232.0,0.245323,6,1817.32,21.86567,2347.0819,2.25,1713.0,1.11,13.7,5,1.2,2.5,14.0,3.7,1.0,0,,False,,0,0,False,1200.0,5,5,1386.0,3.02,,,,,1.0,2.060415152706334,1.0920129358613229,False,True,False,13.7
399697011,10.9342,3733.0,0.577125,5,2607.68,2.90932,1440.7829,3.0,444.0,1.33,13.7,43,2.4,2.3,18.1,3.7,1.0,8,,False,,0,0,False,1082.6,30,43,342.0,8.92,,,,,0.6976744186046512,1.860595858381569,1.6123866913309894,False,True,False,13.7
160635811,10.0646,3767.0,0.605571,4,2575.91,22.06803,1611.6375,3.6,1054.0,2.15,13.7,3,1.6,-0.0,12.3,2.8,2.0,2,,False,,0,0,False,610.4,3,3,774.0,2.36,,,,,1.0,3.77490646738687,0.9536660129468196,False,True,False,13.7
201292296,10.9008,3379.0,0.476612,5,2907.3,23.18878,1333.3184,7.2,816.0,1.49,13.6,7,2.3,-2.0,14.6,3.9,2.0,6,,False,,0,0,False,1255.8,7,7,806.0,3.07,,,,,1.0,3.2714797963960813,2.200838901078235,False,True,False,13.6
408191403,10.0115,3316.0,0.535154,3,2852.49,19.79786,1457.5286,2.4,2350.0,2.83,13.6,3,0.1,-1.4,14.1,3.6,2.0,1,,False,,0,0,False,1572.4,3,3,2445.0,1.51,,,,,1.0,3.3527427152958,0.7158318438962761,False,True,False,13.6
259999047,8.42784,3409.0,0.422848,7,2529.13,19.14877,1554.8267,3.15,213.0,0.67,13.5,10,0.9,0.2,13.1,3.4,1.0,12,,False,,0,0,False,285.0,10,10,121.0,4.61,,,,,1.0,2.8338581575298902,1.1115588095438313,False,True,False,13.5
214870481,12.0443,3458.0,0.604275,4,2548.77,12.1703,1639.9547,4.5,2507.0,3.3,13.4,7,1.7,0.7,15.7,2.3,2.0,7,,False,,0,0,False,2972.7,6,7,2681.0,3.59,,,,,0.8571428571428571,3.091233467212203,1.4557295810006479,False,True,False,13.4
271277100,12.282,3924.0,0.640609,3,1816.81,25.16794,2346.1772,3.0,3272.0,4.0,13.4,3,0.7,-0.6,11.3,2.8,2.0,0,,False,,0,0,False,1759.9,3,3,3050.0,2.16,,,,,1.0,4.09467598345138,0.7326587041623049,False,True,False,13.4
312268273,12.1822,3326.0,0.320868,2,1106.67,13.28945,3108.4549,4.5,8066.0,3.14,13.3,3,2.6,2.3,12.1,3.8,2.0,0,,False,,0,0,False,2877.7,3,3,9284.0,1.04,,,,,1.0,2.0873481983230477,2.155845394465212,False,True,False,13.3
77840675,10.4724,3806.0,0.626352,3,2852.57,23.12567,1444.0143,3.15,1408.0,2.56,13.2,3,0.2,-0.1,11.6,4.7,2.0,0,,False,,0,0,False,1094.2,3,3,1507.0,1.01,,,,,1.0,3.921498450138431,0.8032643745884441,False,True,False,13.2
256097450,10.5128,3431.0,0.338157,8,2548.16,14.18397,1630.06,4.5,615.0,0.92,12.9,14,0.6,-0.3,14.4,3.3,2.0,0,,False,,0,0,False,1223.1,11,14,185.0,14.01,,,,,0.7857142857142857,2.2091225899225635,2.0370078240690748,False,True,False,12.9
122506840,9.58783,3911.0,0.591584,7,2904.62,39.81813,1413.1719,3.0,778.0,1.8,12.9,3,1.5,-1.6,14.2,3.6,2.0,1,,False,,0,0,False,471.9,3,3,824.0,1.18,,,,,1.0,4.52459308159446,0.6630430507007724,False,True,False,12.9
308773532,11.8133,3331.0,0.371023,6,2553.95,6.66947,1546.6702,3.0,959.0,1.25,12.8,21,2.8,-0.5,17.7,3.9,1.0,5,,False,,0,0,False,1696.2,17,21,689.0,7.83,,,,,0.8095238095238095,1.827423856839775,1.6416552672065912,False,True,False,12.8
279788098,11.8088,3572.0,0.639588,2,302.06,24.03549,3995.1038,0.62,5642.0,5.24,12.7,3,0.0,3.7,12.6,2.8,2.0,0,,False,,0,0,False,1745.4,3,3,3534.0,2.92,,,,,1.0,4.028031195959345,0.15392135011812794,False,True,False,12.7
89255038,10.3084,3906.0,0.586925,5,2879.66,18.77273,1424.1757,4.2,1352.0,2.35,12.6,3,1.2,2.9,12.4,4.0,1.0,0,,False,,0,0,False,661.7,3,3,1144.0,1.46,,,,,1.0,3.502992260196801,1.1989749585584413,False,True,False,12.6
311864780,11.8546,3311.0,0.543738,3,2602.12,11.90034,1392.6943,3.6,1404.0,2.22,12.6,7,0.3,1.8,13.9,3.2,1.0,0,,False,,0,0,False,1484.9,7,7,739.0,4.83,,,,,1.0,2.859704820952622,1.258871186152972,False,True,False,12.6
279788098,11.8088,3572.0,0.639588,2,302.06,14.39546,3995.6241,1.2,6777.0,5.74,12.5,3,2.6,-2.0,14.9,3.9,2.0,0,,False,,0,0,False,1745.4,1,1,8913.0,1.0,,,,,1.0,3.3953432142714974,0.3534252428314441,False,True,False,12.5
398570754,10.6739,3269.0,0.231166,5,2602.12,22.44265,1395.7485,1.2,4403.0,1.67,12.4,3,0.0,-1.9,13.5,2.6,2.0,0,,False,,0,0,False,1601.5,3,3,1360.0,6.73,,,,,1.0,1.9976327298543237,0.6007110226350313,False,True,False,12.4
435929135,11.5483,3541.0,0.503725,5,2607.68,35.41332,1438.1894,4.5,1694.0,2.26,12.3,3,2.2,-1.0,11.4,3.5,2.0,6,,False,,0,0,False,1332.8,3,3,1846.0,1.04,,,,,1.0,3.908944572357471,1.1512058860650627,False,True,False,12.3
166869904,11.8343,3142.0,0.409808,5,2879.66,23.02624,1421.5256,4.2,2044.0,2.02,12.3,3,0.0,-3.0,9.8,2.7,2.0,3,,False,,0,0,False,1504.0,3,3,2033.0,1.69,,,,,1.0,2.9512290995455333,1.4231358726595533,False,True,False,12.3
224270730,9.80069,3491.0,0.457555,7,2906.03,5.98388,1354.3418,2.25,294.0,0.86,12.2,27,0.9,0.0,29.5,3.7,1.0,2,,False,,0,0,False,769.8,20,27,166.0,42.7,,,,,0.7407407407407407,2.0268959563162436,1.110071778962564,False,True,False,12.2
231888176,10.8214,3366.0,0.310152,5,2575.19,4.96392,1631.6494,3.0,655.0,0.87,12.2,23,1.0,2.5,11.2,2.8,0.5,6,"00231888176-01(3:1,ntoi=1)",True,,0,0,False,1051.3,22,23,744.0,3.53,,,,,0.9565217391304348,1.4696015767942623,2.041369611581457,False,True,False,12.2
248348544,11.0541,3340.0,0.457145,4,2602.12,8.5646,1392.7047,2.1,890.0,1.49,12.2,13,2.2,2.6,9.1,3.2,1.0,2,,False,,0,0,False,1114.0,12,13,683.0,3.2,,,,,0.9230769230769231,2.282863643078463,0.9198972555225114,False,True,False,12.2
287222160,11.5073,3286.0,0.337983,2,1872.19,26.38948,2120.1413,3.6,1811.0,1.57,12.0,3,2.9,1.6,13.0,5.6,2.0,1,,False,,0,0,False,1196.6,3,3,2214.0,1.04,,,,,1.0,2.7161170133570236,1.3254215419646183,False,True,False,12.0
401283888,10.2017,3575.0,0.559671,5,2527.96,49.09961,1585.0308,4.5,804.0,1.73,11.8,3,2.3,1.3,11.3,3.7,2.0,11,,False,,0,0,False,686.5,3,3,991.0,1.56,,,,,1.0,4.675802701514235,0.9624015997387353,False,True,False,11.8
172255639,11.0912,3478.0,0.5065,5,2822.29,5.15049,1468.4921,3.0,551.0,1.3,11.8,21,0.4,1.6,16.8,3.1,1.0,2,,False,,0,0,False,1023.9,17,21,313.0,11.23,,,,,0.8095238095238095,2.0632132107270587,1.4540426478477353,False,True,False,11.8
166869904,11.8343,3142.0,0.409808,5,2879.66,23.02597,1421.5381,4.8,1850.0,1.92,11.8,3,0.4,-3.2,13.6,4.9,2.0,3,,False,,0,0,False,1504.0,3,3,1931.0,1.66,,,,,1.0,2.9512175643727425,1.6264473544566347,False,True,False,11.8
245936201,12.1367,3274.0,0.609745,5,2607.64,14.37304,1444.0646,2.25,1746.0,2.78,11.8,12,0.3,1.6,11.2,3.2,2.0,5,,False,,0,0,False,2176.9,12,12,1481.0,3.23,,,,,1.0,3.287178874745219,0.6844775066201385,False,True,False,11.8
145015441,10.2525,3973.0,0.634034,2,49.92,15.88725,4114.5147,2.1,1404.0,2.59,11.8,3,0.8,-0.5,11.8,3.5,1.0,0,,False,,0,0,False,1202.8,3,3,1261.0,1.76,,,,,1.0,3.4884532098739194,0.6019860017202004,False,True,False,11.8
119624569,8.08651,3786.0,0.57976,5,2547.33,34.97629,1679.6649,2.1,265.0,1.03,11.7,5,2.3,1.2,12.7,3.5,2.0,0,,False,,0,0,False,212.3,5,5,161.0,4.62,,,,,1.0,4.275284693719644,0.49119535900963085,False,True,False,11.7
408191403,10.0115,3316.0,0.535154,3,2852.49,4.22576,1441.7786,1.8,1032.0,1.88,11.7,15,1.5,-3.0,13.4,3.2,1.0,1,,False,,0,0,False,1572.4,13,15,591.0,6.9,,,,,0.8666666666666667,2.0036833403323238,0.8983455438130551,False,True,False,11.7
241537483,10.4094,3984.0,0.597699,3,2602.13,20.92277,1404.4076,2.25,1105.0,2.17,11.7,3,2.3,-2.6,9.3,3.0,2.0,1,,False,,0,0,False,620.3,3,3,1237.0,1.13,,,,,1.0,3.6762330954983815,0.6120395365449401,False,True,False,11.7
434479001,12.2323,3986.0,0.629455,5,1842.59,29.37398,2266.6235,4.5,2916.0,3.71,11.6,3,2.3,2.0,11.4,4.3,2.0,0,,False,,0,0,False,2521.2,3,3,2325.0,2.18,,,,,1.0,4.260942602969004,1.0561043457530788,False,True,False,11.6
152937679,11.8772,3718.0,0.514639,4,2198.28,24.03005,2073.4003,1.8,4561.0,3.79,11.6,3,1.6,-1.2,12.1,4.8,2.0,0,,False,,0,0,False,3039.9,3,3,3755.0,2.42,,,,,1.0,3.484402488094477,0.5165878529102905,False,True,False,11.6
435929135,11.5483,3541.0,0.503725,5,2607.68,33.40062,1465.2082,3.6,1788.0,2.32,11.5,3,2.8,0.4,11.9,3.8,2.0,6,"00435929135-02(2:1,ntoi=2)",True,,0,0,False,1332.8,3,3,2030.0,1.21,,,,,1.0,3.8334412095482033,0.9391040068733137,False,True,False,11.5
259999047,8.42784,3409.0,0.422848,7,2529.13,24.37944,1551.0954,2.25,255.0,0.74,11.4,7,2.1,-2.2,13.2,3.5,2.0,12,,False,,0,0,False,285.0,7,7,209.0,3.08,,,,,1.0,3.0714189285308318,0.7325604394436205,False,True,False,11.4
145015441,10.2525,3973.0,0.634034,2,49.92,18.30729,4109.6835,2.4,1265.0,2.46,11.4,3,0.5,0.9,11.6,3.4,1.0,0,,False,,0,0,False,1202.8,3,3,1191.0,1.85,,,,,1.0,3.6572783300074847,0.6562256911945469,False,True,False,11.4
144284277,11.2601,3556.0,0.462328,5,2906.03,13.02259,1366.9509,4.5,843.0,1.46,11.3,8,2.3,2.4,12.0,5.3,1.0,0,,False,,0,0,False,1253.9,8,8,552.0,3.51,,,,,1.0,2.6448895913642043,1.7013942716901655,False,True,False,11.3
101125732,11.7012,3398.0,0.413198,4,2602.12,12.717,1397.5263,1.0,1943.0,1.99,11.3,9,0.0,0.9,13.8,4.2,1.0,1,,False,,0,0,False,1911.4,9,9,1395.0,8.17,,,,,1.0,2.4346805797789286,0.41073149730828384,False,True,False,11.3
246861678,12.2851,3326.0,0.473678,2,2202.33,17.84421,2105.7891,3.0,3015.0,2.84,11.3,3,1.5,-0.7,7.8,3.6,2.0,0,,False,,0,0,False,2208.6,3,3,2970.0,1.04,,,,,1.0,2.9855857242627932,1.0048279557408342,False,True,False,11.3
47489401,12.3948,3527.0,0.625574,2,810.08,17.92411,3253.5451,2.4,4902.0,4.78,11.3,3,0.4,-2.3,11.3,5.6,1.0,1,,False,,0,0,False,2155.3,2,2,4661.0,1.08,,,,,1.0,3.5992053117546248,0.6668138636498043,False,True,False,11.3
122506840,9.58783,3911.0,0.591584,7,2904.62,36.60683,1404.7594,2.4,516.0,1.47,11.2,5,1.2,0.0,14.0,3.5,2.0,1,,False,,0,0,False,471.9,5,5,412.0,3.63,,,,,1.0,4.399533353715362,0.5455124003033694,False,True,False,11.2
308841579,9.82584,3569.0,0.450915,5,2554.02,23.31693,1566.9139,2.1,784.0,1.38,11.2,3,0.0,2.3,12.8,2.9,2.0,0,,False,,0,0,False,446.0,3,3,199.0,9.47,,,,,1.0,3.158604177530515,0.6648506371703208,False,True,False,11.2
398570754,10.6739,3269.0,0.231166,5,2602.12,24.39406,1404.5173,2.1,2217.0,1.19,11.2,6,2.9,1.4,13.3,2.6,2.0,0,,False,,0,0,False,1601.5,6,6,835.0,9.03,,,,,1.0,2.0539299546319967,1.0224301930375508,False,True,False,11.2
101125732,11.7012,3398.0,0.413198,4,2602.12,7.66605,1387.9456,0.62,1902.0,1.97,11.2,14,2.4,1.6,13.2,3.8,1.0,1,,False,,0,0,False,1911.4,12,14,1095.0,6.77,,,,,0.8571428571428571,2.056700168695952,0.3014537604638357,False,True,False,11.2
178945595,10.5502,3964.0,0.631184,5,2852.45,7.19284,1442.305,4.2,435.0,1.44,11.1,19,1.4,-0.9,10.9,3.2,1.0,0,,False,,0,0,False,921.4,17,19,366.0,4.12,,,,,0.8947368421052632,2.6706219541503136,1.5726673681660324,False,True,False,11.1
245936201,12.1367,3274.0,0.609745,5,2607.64,2.49656,1440.4178,3.6,642.0,1.69,11.1,53,1.6,-0.4,11.4,2.9,0.5,5,,False,,0,0,False,2176.9,42,53,600.0,4.77,,,,,0.7924528301886793,1.834092050399349,1.962824057394583,False,True,False,11.1
256097450,10.5128,3431.0,0.338157,8,2548.16,22.38888,1641.6725,4.2,785.0,1.03,11.0,6,2.5,0.9,14.2,3.1,2.0,0,,False,,0,0,False,1223.1,6,6,506.0,4.65,,,,,1.0,2.5721601461752166,1.632868780058415,False,True,False,11.0
152937679,11.8772,3718.0,0.514639,4,2198.28,20.40385,2073.3394,1.12,4597.0,3.81,10.9,4,1.0,0.8,12.1,4.8,2.0,0,,False,,0,0,False,3039.9,4,4,3227.0,3.47,,,,,1.0,3.299494922754029,0.3394458928474896,False,True,False,10.9
257396673,12.1525,3476.0,0.411332,2,2602.13,4.3784,1388.8262,1.8,2433.0,2.21,10.9,13,0.9,1.8,7.8,3.9,0.5,0,,False,,0,0,False,4367.5,13,13,2182.0,4.31,,,,,1.0,1.7012772866342851,1.0580285848411124,False,True,False,10.9
256097450,10.5128,3431.0,0.338157,8,2548.16,11.06538,1633.5225,4.2,488.0,0.81,10.8,16,2.7,1.4,14.2,3.1,1.0,0,,False,,0,0,False,1223.1,14,16,206.0,11.8,,,,,0.875,2.033648978525801,2.065253170212587,False,True,False,10.8
401283888,10.2017,3575.0,0.559671,5,2527.96,6.48508,1575.8433,4.5,273.0,1.01,10.8,19,2.2,-3.2,11.0,3.6,1.0,11,,False,,0,0,False,686.5,15,19,179.0,5.51,,,,,0.7894736842105263,2.3812332749206355,1.8897770526703148,False,True,False,10.8
176779069,11.2473,3985.0,0.621448,5,2146.05,35.528,2165.4695,0.75,2817.0,3.6,10.8,3,0.0,0.7,13.1,4.0,1.0,0,,False,,0,0,False,965.4,3,3,1653.0,3.3,,,,,1.0,4.501270136355251,0.16661963785343634,False,True,False,10.8
178320743,12.2987,3636.0,0.515865,4,2879.66,16.75467,1420.9323,6.3,2068.0,2.56,10.8,3,1.5,0.5,10.2,3.5,2.0,0,,False,,0,0,False,1982.1,3,3,2256.0,1.01,,,,,1.0,3.094645896836472,2.035774111164133,False,True,False,10.8
395326726,10.9082,3646.0,0.501605,3,2497.87,13.26767,1613.0412,4.2,1671.0,2.24,10.6,3,2.8,-0.8,10.7,4.1,2.0,0,,False,,0,0,False,831.7,3,3,1134.0,1.91,,,,,1.0,2.8100524034550327,1.4946340484027951,False,True,False,10.6
24926306,11.5537,3651.0,0.475542,2,2602.13,3.37699,1387.4011,3.15,798.0,1.47,10.6,19,2.2,-1.0,9.5,4.6,1.0,0,,False,,0,0,True,1754.4,16,19,683.0,7.25,,,,,0.8421052631578947,1.718610545041003,1.8328759875756764,False,True,False,10.6
382432832,10.9424,3778.0,0.560021,7,2168.04,4.037,2038.4287,4.2,422.0,1.26,10.5,36,1.8,3.1,14.4,2.8,1.0,0,,False,,0,0,False,1541.3,26,36,304.0,8.0,,,,,0.7222222222222222,2.0340615278459504,2.0648342945887954,False,True,False,10.5
221355243,12.2531,3395.0,0.614104,3,2548.06,3.10172,1631.6831,4.5,1503.0,2.6,10.5,20,1.8,0.4,10.2,3.1,1.0,0,,False,,0,0,False,3667.1,18,20,1414.0,4.03,,,,,0.9,1.981088034708357,2.271479066634442,False,True,False,10.5
63727253,12.3776,3729.0,0.393327,2,2202.32,4.64593,2088.6083,2.4,6273.0,3.4,10.5,10,0.2,-0.5,11.6,4.2,1.0,0,,False,,0,0,True,10641.7,10,10,4627.0,3.39,,,,,1.0,1.6842311204985743,1.4249825756037213,False,True,False,10.5
256097450,10.5128,3431.0,0.338157,8,2548.16,9.23838,1636.3225,4.2,437.0,0.77,10.4,19,0.1,-0.8,13.1,2.7,2.0,0,,False,,0,0,False,1223.1,15,19,201.0,11.03,,,,,0.7894736842105263,1.914928175880075,2.1932937500748495,False,True,False,10.4
169304560,9.33302,3378.0,0.298027,4,2852.57,22.76273,1454.303,0.5,1190.0,1.12,10.4,3,2.1,-0.9,10.9,3.3,2.0,0,,False,,0,0,False,376.2,3,3,863.0,3.71,,,,,1.0,2.3774979462399495,0.2103051238343898,False,True,False,10.4
246861678,12.2851,3326.0,0.473678,2,2202.33,2.30922,2089.6454,2.1,1344.0,1.89,10.4,18,2.1,-2.7,11.6,3.4,1.0,0,,False,,0,0,False,2208.6,18,18,1104.0,3.08,,,,,1.0,1.510145781039114,1.3905942236616482,False,True,False,10.4
178805087,9.81041,3432.0,0.36937,5,2852.47,8.34235,1444.9428,3.0,300.0,0.7,10.3,14,2.9,3.3,8.1,3.2,2.0,1,,False,,0,0,False,492.4,14,14,255.0,4.05,,,,,1.0,1.9631139498138244,1.5281843421694958,False,True,False,10.3
287301013,9.39388,3713.0,0.62031,4,2554.87,12.84634,1550.0193,4.2,300.0,1.17,10.3,8,0.7,-0.5,9.9,4.0,2.0,0,,False,,0,0,False,381.2,8,8,160.0,4.34,,,,,1.0,3.2028796471527463,1.3113199566314209,False,True,False,10.3
402042753,11.4476,3504.0,0.571603,4,2171.89,4.96819,2088.444,3.6,663.0,1.61,10.3,15,1.5,1.2,12.5,3.3,1.0,1,,False,,0,0,False,1207.9,14,15,553.0,4.91,,,,,0.9333333333333333,2.2097205732080907,1.6291652635398557,False,True,False,10.3
450020925,11.6348,3460.0,0.44263,3,2607.68,18.78164,1445.1828,3.0,1857.0,2.08,10.3,3,0.0,-0.9,9.2,2.9,2.0,0,,False,,0,0,False,1244.6,3,3,1246.0,2.66,,,,,1.0,2.9027749174865374,1.033493841333605,False,True,False,10.3
143068297,12.4049,3660.0,0.548795,3,1816.73,1.36797,2282.7787,3.0,1152.0,2.03,10.2,50,1.2,-0.9,9.6,3.1,1.0,0,,False,,0,0,False,3832.6,36,50,1003.0,5.99,,,,,0.72,1.3990736666902646,2.144275938733795,False,True,False,10.2
33938658,11.7022,3852.0,0.51493,4,2822.29,5.2379,1471.9056,4.5,583.0,1.36,10.1,17,1.2,3.9,9.3,4.8,0.5,2,,False,,0,0,False,1296.0,14,17,588.0,4.97,,,,,0.8235294117647058,2.0977778304413057,2.1451270647918625,False,True,False,10.1
201662069,12.2604,3853.0,0.552619,4,2168.04,21.31947,2039.0294,3.0,2833.0,3.21,10.1,3,0.0,0.7,13.0,3.5,2.0,0,,False,,0,0,False,2017.5,3,3,2445.0,2.27,,,,,1.0,3.5108933496023376,0.8544833753892854,False,True,False,10.1
71335815,11.1395,3890.0,0.613898,3,2907.3,3.27897,1326.1418,0.75,984.0,2.1,10.1,21,1.6,1.6,10.5,3.9,1.0,0,,False,,0,0,False,1310.0,19,21,967.0,3.62,,,,,0.9047619047619048,2.017676740041639,0.3717146483953233,False,True,False,10.1
169304560,9.33302,3378.0,0.298027,4,2852.57,20.51077,1454.3082,0.5,977.0,1.02,10.0,4,0.0,-0.1,11.9,3.8,2.0,0,,False,,0,0,False,376.2,4,4,687.0,4.61,,,,,1.0,2.2963567374428617,0.2177362044177777,False,True,False,10.0
29919288,11.482,3376.0,0.310381,3,2602.13,16.14317,1388.5638,3.15,960.0,1.05,10.0,7,0.5,-0.5,10.7,2.8,2.0,2,,False,,0,0,False,1156.6,7,7,514.0,5.52,,,,,1.0,2.1783850748724984,1.4460253314875335,False,True,False,10.0
120278665,11.9454,3777.0,0.587957,1,24.82,8.26602,4182.1246,3.06,2378.0,3.13,9.9,3,0.2,-0.3,9.9,3.4,1.0,0,,False,,0,0,False,2443.0,3,3,2472.0,1.71,,,,,1.0,2.6681126062421283,1.1468781313206344,False,True,False,9.9
294769705,11.8286,3971.0,0.601578,6,1815.42,32.52336,2389.6604,2.25,3523.0,3.9,9.9,4,0.0,-0.4,9.0,5.1,1.0,1,,False,,0,0,False,2130.2,3,3,4066.0,1.52,,,,,1.0,4.276955449426407,0.5260751547696745,False,True,False,9.9
178945595,10.5502,3964.0,0.631184,5,2852.45,38.09809,1438.2737,1.8,1210.0,2.4,9.9,3,0.0,-1.1,11.6,3.6,2.0,0,,False,,0,0,False,921.4,3,3,1471.0,1.51,,,,,1.0,4.65528938149914,0.3866569513709473,False,True,False,9.9
143068297,12.4049,3660.0,0.548795,3,1816.73,4.22295,2282.7912,2.4,2054.0,2.71,9.9,17,0.8,-0.1,9.2,2.8,1.0,0,,False,,0,0,False,3832.6,15,17,1501.0,3.81,,,,,0.8823529411764706,2.0371376298069674,1.178123640191859,False,True,False,9.9
201289286,11.5771,3206.0,0.295999,11,2907.31,19.8032,1326.9431,3.06,1007.0,1.02,9.8,9,1.8,1.1,10.3,3.8,1.0,1,,False,,0,0,False,1379.4,8,9,673.0,4.49,,,,,0.8888888888888888,2.2593330108152063,1.354382016883779,False,True,False,9.8
287301013,9.39388,3713.0,0.62031,4,2554.87,10.92901,1550.013,3.6,242.0,1.05,9.8,10,0.8,-1.8,11.1,5.0,1.0,0,,False,,0,0,False,381.2,8,10,172.0,4.4,,,,,0.8,3.0348769706116334,1.1862095349698722,False,True,False,9.8
267080591,12.3543,3956.0,0.588324,7,2168.03,26.07947,2059.4461,1.58,3710.0,3.91,9.7,4,2.9,-0.2,12.0,5.0,2.0,0,,False,,0,0,False,2549.4,4,4,2681.0,3.08,,,,,1.0,3.9148842379780375,0.40358792341099714,False,True,False,9.7
284155980,11.2869,3875.0,0.59259,3,2602.12,18.72208,1398.5171,2.1,1612.0,2.6,9.7,3,0.0,2.1,9.5,4.5,1.0,0,,False,,0,0,False,1101.7,3,3,1662.0,1.33,,,,,1.0,3.5223232156223907,0.596197416150219,False,True,False,9.7
456892725,10.5767,3802.0,0.587124,7,2607.68,15.23411,1450.7394,1.5,712.0,1.71,9.6,9,2.6,0.8,11.9,3.4,1.0,1,,False,,0,0,False,668.2,8,9,476.0,5.73,,,,,0.8888888888888888,3.268139194167675,0.4589767787972133,False,True,False,9.6
255780375,11.1224,3581.0,0.555534,7,2577.39,70.99447,1535.409,4.5,1559.0,2.39,9.6,3,0.4,-0.3,9.8,4.6,2.0,0,,False,,0,0,False,1407.9,3,3,1427.0,1.89,,,,,1.0,5.261265648119898,0.8553075060195954,False,True,False,9.6
424881692,11.2482,3228.0,0.561349,5,2547.3,12.60141,1664.3969,3.6,843.0,1.78,9.6,7,2.7,-2.9,12.8,3.9,2.0,0,,False,,0,0,False,1023.5,7,7,459.0,5.46,,,,,1.0,2.9773962947885275,1.2091101229289645,False,True,False,9.6
435929135,11.5483,3541.0,0.503725,5,2607.68,16.70268,1454.5457,2.4,1065.0,1.79,9.6,9,1.8,1.6,9.9,4.5,2.0,6,,False,,0,0,False,1332.8,9,9,598.0,6.28,,,,,1.0,3.042748226448713,0.7887606273625587,False,True,False,9.6
301083701,11.2631,3462.0,0.540374,2,1871.43,4.76213,2177.0956,4.5,513.0,1.34,9.6,12,1.4,-0.6,8.9,4.1,1.0,1,,False,,0,0,False,1046.7,12,12,342.0,3.55,,,,,1.0,2.098641900631231,2.1442438553459198,False,True,False,9.6
117798466,11.8706,3653.0,0.515383,5,2852.44,13.38079,1450.607,3.6,1798.0,2.38,9.5,3,2.9,1.0,10.6,3.3,2.0,0,,False,,0,0,False,1454.7,3,3,856.0,4.14,,,,,1.0,2.8693857582909907,1.25462391719131,False,True,False,9.5
117798466,11.8706,3653.0,0.515383,5,2852.44,13.60768,1451.507,3.6,1038.0,1.81,9.5,8,1.8,3.2,11.4,3.9,2.0,0,,False,,0,0,True,1454.7,8,8,737.0,4.78,,,,,1.0,2.885513093965833,1.2476117358567174,False,True,False,9.5
169304560,9.33302,3378.0,0.298027,4,2852.57,24.90787,1454.3082,0.5,893.0,0.97,9.5,5,2.2,0.4,11.2,3.5,2.0,0,,False,,0,0,False,376.2,4,4,467.0,6.79,,,,,1.0,2.4499519393071685,0.20408563612125263,False,True,False,9.5
301083701,11.2631,3462.0,0.540374,2,1871.43,18.64993,2192.7519,4.2,1028.0,1.89,9.5,3,1.0,1.2,8.2,4.0,1.0,1,,False,,0,0,False,1046.7,3,3,907.0,1.4,,,,,1.0,3.3079859726816214,1.2696547188183107,False,True,False,9.5
262820393,12.0137,3577.0,0.447588,2,1872.19,16.03593,2118.8667,1.5,3118.0,2.73,9.5,3,1.7,-1.0,10.3,3.7,2.0,1,"00262820393-01(1:1,ntoi=1)",True,,0,0,False,1662.7,3,3,2330.0,2.42,,,,,1.0,2.7743332970613057,0.5406704384036572,False,True,False,9.5
47489401,12.3948,3527.0,0.625574,2,810.08,25.09527,3239.1576,2.4,3406.0,3.98,9.5,3,1.1,-0.6,9.6,4.3,1.0,1,,False,,0,0,False,2155.3,3,3,2698.0,1.87,,,,,1.0,4.026472263621704,0.5960552669599826,False,True,False,9.5
395326726,10.9082,3646.0,0.501605,3,2497.87,20.29378,1618.2069,2.25,1228.0,1.92,9.4,3,2.2,3.8,9.6,3.3,2.0,0,,False,,0,0,False,831.7,3,3,860.0,2.55,,,,,1.0,3.2377042942491716,0.6949368427488769,False,True,False,9.4
262820393,12.0137,3577.0,0.447588,2,1872.19,18.17179,2118.8479,2.4,2453.0,2.42,9.4,3,2.7,-1.6,10.5,3.8,2.0,1,,False,,0,0,False,1662.7,3,3,1483.0,3.27,,,,,1.0,2.8924097716107786,0.8297579490832115,False,True,False,9.4
206542524,11.2839,3168.0,0.262297,7,2878.5,27.50968,1360.1059,4.2,967.0,0.89,9.3,5,2.3,1.0,37.3,7.7,2.0,1,,False,,0,0,True,4001.4,5,5,573.0,56.98,,,,,1.0,2.3257642424700036,1.805858015746052,False,True,False,9.3
424881692,11.2482,3228.0,0.561349,5,2547.3,7.22929,1657.4407,6.0,428.0,1.27,9.3,15,0.1,0.1,12.5,3.7,1.0,0,,False,,0,0,False,1023.5,14,15,280.0,7.41,,,,,0.9333333333333333,2.473975978473047,2.42524586018949,False,True,False,9.3
124983670,10.544,3638.0,0.516472,2,2088.83,3.47196,2203.8118,2.1,628.0,1.41,9.3,12,1.5,-1.5,9.5,4.3,1.0,0,,False,,0,0,True,988.2,10,12,554.0,3.6,,,,,0.8333333333333334,1.8327267531538947,1.1458336581741722,False,True,False,9.3
219223683,12.2643,3203.0,0.258097,6,2602.13,57.57478,1392.7445,4.2,2131.0,1.3,9.2,3,2.4,3.7,8.4,4.3,2.0,4,"00219223683-01(1:1,ntoi=1);00219223683-01(1:1,ntoi=2)",True,,0,0,False,1764.0,3,3,2100.0,1.3,,,,,1.0,2.94311813043923,1.4270579072451954,False,True,False,9.2
206485185,10.2392,3938.0,0.60236,5,2602.13,15.03633,1391.2448,2.4,952.0,2.03,9.2,3,1.5,0.7,9.5,3.7,1.0,0,,False,,0,0,False,538.4,3,3,1491.0,1.3,,,,,1.0,3.3099872936810653,0.7250783121076393,False,True,False,9.2
117798466,11.8706,3653.0,0.515383,5,2852.44,6.49338,1440.1914,3.15,690.0,1.48,9.2,19,1.9,1.3,11.5,3.9,1.0,0,,False,,0,0,False,1454.7,16,19,295.0,12.15,,,,,0.8421052631578947,2.2548550361986,1.3969855930563504,False,True,False,9.2
316937669,12.3889,3437.0,0.364219,3,104.92,0.62424,4128.0191,0.62,1225.0,1.39,9.2,98,0.5,0.2,9.0,7.5,1.0,0,,False,221.01(1:1),1,1,False,2502.5,76,98,1266.0,4.05,,,,,0.7755102040816326,0.8195344677970285,0.7565270581804906,True,True,False,9.2
355767053,12.1769,3323.0,0.432961,11,2907.31,41.80633,1356.6278,3.06,1525.0,1.84,9.1,6,2.9,1.5,9.8,3.9,2.0,7,,False,,0,0,False,1997.3,6,6,1111.0,3.7,,,,,1.0,3.734692310501987,0.8193446060858223,False,True,False,9.1
245860141,10.7049,3921.0,0.611688,7,2607.68,40.96475,1468.7581,4.2,779.0,1.86,9.1,3,1.6,1.4,11.1,4.6,2.0,1,,False,,0,0,False,708.9,3,3,566.0,2.74,,,,,1.0,4.670517862554804,0.8992578818021205,False,True,False,9.1
393001368,10.8968,3543.0,0.410113,6,2549.86,46.49462,1616.6332,2.25,2213.0,2.1,9.1,3,0.3,0.4,9.0,4.2,1.0,0,,False,,0,0,False,1397.3,3,3,2032.0,1.42,,,,,1.0,3.73202793238378,0.6028893783125692,False,True,False,9.1
140122311,10.7275,3829.0,0.540982,4,2879.66,17.63382,1421.3394,1.12,1565.0,2.33,9.0,3,2.5,0.7,10.1,3.4,2.0,0,,False,,0,0,False,775.1,3,3,552.0,4.87,,,,,1.0,3.2492189084949126,0.3446982279562078,False,True,False,9.0
218925860,11.9872,3734.0,0.549727,3,2196.33,15.76905,2043.8538,3.0,2078.0,2.73,9.0,4,2.8,1.1,8.1,3.4,2.0,1,,False,,0,0,False,1940.8,4,4,1506.0,3.21,,,,,1.0,3.1640367277364976,0.9481558711697234,False,True,False,9.0
24926308,11.2662,3555.0,0.531492,2,2602.12,13.16828,1393.4824,0.5,3378.0,3.37,9.0,3,2.3,0.7,8.9,4.0,1.0,0,,False,,0,0,False,1433.1,3,3,3656.0,1.22,,,,,1.0,2.913281601592593,0.17162776153416368,False,True,False,9.0
423211395,11.9417,3367.0,0.318649,9,2520.19,0.96843,1657.9511,1.89,303.0,0.6,8.9,208,0.7,-3.9,6.8,5.1,1.0,5,,False,,0,0,False,1510.5,160,207,255.0,5.86,,,,,0.7729468599033816,0.8678394976705389,2.1778220570429805,False,True,False,8.9
178271163,10.4821,3770.0,0.533417,5,2879.65,33.25229,1421.3447,1.8,869.0,1.72,8.9,4,2.7,-0.1,9.0,3.5,2.0,0,,False,,0,0,False,605.4,4,4,526.0,3.72,,,,,1.0,3.9767355851729596,0.45263255789778967,False,True,False,8.9
333542464,11.243,3662.0,0.628159,5,2602.12,35.65441,1413.2767,2.25,1372.0,2.54,8.9,3,0.5,-0.2,8.8,4.6,2.0,0,,False,,0,0,False,995.3,3,3,1482.0,1.18,,,,,1.0,4.538988716577402,0.4957051318022662,False,True,False,8.9
241537483,10.4094,3984.0,0.597699,3,2602.13,17.31856,1391.9763,3.15,490.0,1.44,8.9,6,1.9,-0.5,9.7,3.2,2.0,1,,False,,0,0,False,620.3,6,6,317.0,4.5,,,,,1.0,3.451706865445925,0.912591979212885,False,True,False,8.9
48543298,11.4259,3850.0,0.583861,2,2822.28,0.84767,1468.8112,2.1,584.0,1.54,8.9,47,1.5,-2.6,7.9,4.0,1.0,1,,False,,0,0,False,1830.0,34,47,544.0,4.43,,,,,0.723404255319149,1.2430546131340996,1.6893867556673907,False,True,False,8.9
128082634,12.0531,3770.0,0.584621,2,1816.77,17.06902,2335.1309,2.4,3798.0,3.93,8.9,3,0.8,-0.4,8.8,2.7,2.0,0,,False,,0,0,False,3407.6,3,3,4280.0,1.03,,,,,1.0,3.3847564987215053,0.7090613463351149,False,True,False,8.9
466177968,12.1137,3511.0,0.462375,1,24.76,7.26888,4183.3819,3.06,2299.0,2.42,8.8,3,0.7,1.7,9.1,3.9,1.0,0,,False,,0,0,False,2427.3,3,3,2056.0,1.82,,,,,1.0,2.177845281317617,1.4050584888880038,False,True,False,8.8
355509155,11.6867,3286.0,0.390586,6,2878.5,7.50078,1356.1497,3.6,633.0,1.07,8.8,16,0.8,1.0,11.7,4.2,1.0,5,,False,,0,0,False,1390.4,13,16,540.0,3.84,,,,,0.8125,1.9666249816650536,1.8305472744234341,False,True,False,8.8
33938658,11.7022,3852.0,0.51493,4,2822.29,12.19095,1477.2494,6.3,668.0,1.45,8.8,7,0.8,2.4,7.9,3.4,2.0,2,,False,,0,0,False,1296.0,7,7,738.0,3.54,,,,,1.0,2.78005213558057,2.2661445515245147,False,True,False,8.8
157257984,11.484,3599.0,0.421767,3,1842.84,16.65276,2282.3072,3.15,2493.0,2.3,8.8,3,1.1,-0.4,7.9,3.9,2.0,0,,False,,0,0,False,2400.6,3,3,2966.0,1.25,,,,,1.0,2.700341967428198,1.1665189216757075,False,True,False,8.8
33997020,11.7791,3336.0,0.383139,3,2822.29,19.56222,1471.1651,2.25,2205.0,1.96,8.8,3,2.9,0.1,9.4,4.0,2.0,0,,False,,0,0,False,1499.9,3,3,2642.0,1.21,,,,,1.0,2.6725053371746434,0.8419066441897872,False,True,False,8.8
89240252,12.3128,3110.0,0.368542,3,2879.66,21.94724,1415.7384,2.4,2817.0,2.13,8.8,3,1.6,0.3,8.3,3.2,1.0,0,,False,,0,0,False,2138.4,3,3,2056.0,2.38,,,,,1.0,2.7059904352919637,0.8869210950263581,False,True,False,8.8
408131016,12.3838,3610.0,0.432686,2,2577.17,20.17164,1413.1804,3.15,2928.0,2.55,8.8,3,1.5,-0.0,9.3,3.7,2.0,0,,False,,0,0,False,2451.5,3,3,2187.0,2.32,,,,,1.0,2.9279967648654375,1.0758208608009734,False,True,False,8.8
142350889,12.4666,3495.0,0.410145,5,2904.62,9.52966,1395.4086,4.8,2074.0,2.04,8.7,9,0.4,-2.3,9.1,3.0,1.0,0,,False,,0,0,False,5167.8,8,9,1890.0,5.24,,,,,0.8888888888888888,2.2005219775715856,2.181300640903892,False,True,False,8.7
290521044,12.2374,3365.0,0.30844,4,2196.33,13.50203,2039.7712,0.75,2895.0,1.81,8.7,8,2.2,0.2,10.8,6.0,2.0,0,,False,,0,0,True,2419.1,8,8,1859.0,5.25,,,,,1.0,2.04387867859737,0.36694937319601284,False,True,False,8.7
393001368,10.8968,3543.0,0.410113,6,2549.86,38.795,1616.5863,4.5,1302.0,1.61,8.6,3,0.9,-0.7,8.5,3.7,1.0,0,,False,,0,0,False,1397.3,3,3,1346.0,1.09,,,,,1.0,3.5134671992608695,1.2807861137700867,False,True,False,8.6
401703809,12.4121,3680.0,0.422961,6,2114.81,9.78654,2045.115,4.8,1739.0,1.92,8.6,15,2.9,1.0,9.0,4.1,0.5,0,,False,,0,0,False,4294.1,13,15,1717.0,3.39,,,,,0.8666666666666667,2.266130426740842,2.1181481627707455,False,True,False,8.6
37118328,12.3935,3449.0,0.455927,4,2822.29,28.43652,1493.4297,7.2,2003.0,2.23,8.6,3,0.2,-0.5,8.9,4.3,1.0,0,,False,,0,0,False,2211.2,3,3,2098.0,1.58,,,,,1.0,3.3996221566594302,2.1178824199319064,False,True,False,8.6
326691890,11.7737,3618.0,0.490006,3,2547.22,20.34876,1661.8135,1.05,3902.0,3.34,8.6,3,1.1,0.9,6.8,3.4,2.0,0,,False,,0,0,False,1959.8,3,3,4470.0,1.0,,,,,1.0,3.1904739952620935,0.3291047040531493,False,True,False,8.6
37441683,11.7929,3825.0,0.586889,3,624.12,22.22648,3683.7522,3.15,1393.0,2.39,8.6,5,1.1,-1.7,8.3,3.6,2.0,0,,False,,0,0,False,1539.2,5,5,717.0,3.33,,,,,1.0,3.7056907219734634,0.8500439557250664,False,True,False,8.6
143043428,11.356,3734.0,0.57457,4,2146.05,2.36229,2145.1192,1.5,596.0,1.53,8.5,35,0.9,0.5,8.6,3.5,1.0,0,,False,,0,0,False,1568.6,31,34,368.0,13.99,,,,,0.9117647058823529,1.7306715805335071,0.8667155668769929,False,True,False,8.5
37441683,11.7929,3825.0,0.586889,3,624.12,21.43323,3683.7366,4.2,1522.0,2.5,8.5,3,0.0,0.4,8.2,3.5,2.0,0,,False,,0,0,False,1539.2,2,3,2054.0,1.14,,,,,0.6666666666666666,3.6610709768656755,1.147205292260057,False,True,False,8.5
218925860,11.9872,3734.0,0.549727,3,2196.33,10.66749,2038.31,2.1,2357.0,2.91,8.5,5,0.8,-0.7,8.2,3.4,1.0,1,,False,,0,0,False,1940.8,5,5,1892.0,3.31,,,,,1.0,2.777540631787968,0.756064547163143,False,True,False,8.5
89240252,12.3128,3110.0,0.368542,3,2879.66,22.64387,1415.7322,2.1,3240.0,2.29,8.5,3,0.8,-1.7,8.4,3.3,1.0,0,,False,,0,0,False,2138.4,2,2,3238.0,1.38,,,,,1.0,2.7343231362092886,0.7680145671851066,False,True,False,8.5
441358309,10.9771,3905.0,0.63534,2,2196.33,15.47916,2039.3535,4.2,813.0,1.98,8.5,3,1.9,-0.9,7.4,3.2,2.0,0,,False,,0,0,False,912.8,3,3,769.0,1.44,,,,,1.0,3.4630722814395036,1.2127959391751928,False,True,False,8.5
178364643,12.1812,3451.0,0.569816,2,54.91,2.14276,4237.35,3.0,872.0,1.84,8.5,18,1.4,-1.8,8.8,3.7,1.0,0,,False,,0,0,False,1855.2,16,18,633.0,3.26,,,,,0.8888888888888888,1.6660546026376917,1.8006612719957742,False,True,False,8.5
423750384,12.3556,3745.0,0.510425,2,1872.19,15.60427,2121.0786,2.1,4040.0,3.54,8.5,3,2.8,-0.7,8.4,3.1,2.0,0,,False,,0,0,False,2677.4,3,3,2524.0,2.54,,,,,1.0,3.00084850538034,0.6998020713924168,False,True,False,8.5
355767053,12.1769,3323.0,0.432961,11,2907.31,16.43177,1334.7991,1.56,1272.0,1.68,8.4,14,0.7,1.1,10.8,4.3,1.0,7,,False,,0,0,False,1997.3,12,14,950.0,6.19,,,,,0.8571428571428571,2.735702885321875,0.5702373632641232,False,True,False,8.4
245860141,10.7049,3921.0,0.611688,7,2607.68,37.87169,1470.3581,3.0,648.0,1.7,8.4,5,2.0,0.2,11.1,4.6,2.0,1,,False,,0,0,False,708.9,5,5,353.0,4.95,,,,,1.0,4.549878817209149,0.6593582204108396,False,True,False,8.4
207080123,10.8834,3288.0,0.369673,6,2934.84,17.24006,1331.6455,4.2,501.0,0.9,8.4,8,2.2,0.5,9.9,4.4,2.0,3,,False,,0,0,False,898.2,7,8,284.0,9.82,,,,,0.875,2.5018794099817367,1.6787379852295357,False,True,False,8.4
207080123,10.8834,3288.0,0.369673,6,2934.84,20.41559,1328.5044,1.12,1038.0,1.3,8.4,7,1.6,1.2,8.3,3.1,2.0,3,"00207080123-01(1:2,ntoi=1);00207080123-01(1:2,ntoi=1)",True,,0,0,False,898.2,7,7,833.0,4.61,,,,,1.0,2.646919664531787,0.42313335572959926,False,True,False,8.4
424993541,11.9103,3536.0,0.530845,2,302.06,38.16155,4002.0614,1.5,2909.0,3.12,8.4,3,0.0,0.3,7.4,3.9,2.0,0,,False,,0,0,False,2061.8,3,3,2902.0,1.12,,,,,1.0,4.150133974139447,0.36143411498204303,False,True,False,8.4
201289286,11.5771,3206.0,0.295999,11,2907.31,26.59445,1326.8268,1.8,1120.0,1.08,8.3,9,2.5,-0.6,10.3,3.8,2.0,1,,False,,0,0,False,1379.4,9,9,818.0,4.42,,,,,1.0,2.492673869021213,0.7221161269311167,False,True,False,8.3
231055581,9.26953,3284.0,0.287941,8,2878.49,51.78399,1383.3741,6.3,261.0,0.51,8.3,3,0.9,-0.8,8.5,4.8,2.0,0,,False,,0,0,False,365.8,3,3,300.0,1.41,,,,,1.0,3.055923440942053,2.0615699711567026,False,True,False,8.3
332286707,9.02141,3727.0,0.53071,7,2549.86,14.30398,1602.9363,3.6,166.0,0.75,8.3,12,0.7,-0.5,8.0,3.7,2.0,0,,False,,0,0,False,358.5,11,12,109.0,3.56,,,,,0.9166666666666666,2.991796887883163,1.2032902415869446,False,True,False,8.3
243472478,9.91546,3957.0,0.635355,4,1817.18,44.78568,2354.6355,1.58,1073.0,2.27,8.3,3,1.4,1.0,8.4,4.5,2.0,0,,False,,0,0,False,628.2,3,3,1432.0,1.18,,,,,1.0,4.934755649565884,0.32017796061269915,False,True,False,8.3
423238651,10.9694,3919.0,0.587523,3,2140.92,22.28711,2055.0155,2.4,1050.0,2.08,8.3,3,1.4,-0.5,7.5,2.8,2.0,0,,False,,0,0,False,955.5,3,3,1157.0,1.13,,,,,1.0,3.711727871700829,0.64659912659498,False,True,False,8.3
379773579,11.3759,3488.0,0.423353,2,2497.9,1.81996,1601.6232,1.5,909.0,1.39,8.3,24,0.9,2.0,6.3,3.3,1.0,0,,False,,0,0,False,1779.7,20,24,1019.0,3.4,,,,,0.8333333333333334,1.2942872394910703,1.1589390316401624,False,True,False,8.3
406319239,12.3697,3812.0,0.543343,7,2167.98,65.6565,2097.5333,2.1,2710.0,3.09,8.2,3,1.4,0.0,7.0,4.7,2.0,0,,False,,0,0,False,2039.6,3,3,2384.0,1.39,,,,,1.0,5.0506846602234265,0.4157852135451083,False,True,False,8.2
7586735,11.1269,3986.0,0.60915,6,2879.65,32.08937,1436.3718,2.25,1630.0,2.68,8.2,3,1.8,-2.3,6.9,4.2,2.0,0,,False,,0,0,False,1143.4,3,3,1554.0,1.45,,,,,1.0,4.293500554539034,0.5240479118190234,False,True,False,8.2
219223683,12.2643,3203.0,0.258097,6,2602.13,54.09517,1392.7789,3.15,1856.0,1.21,8.2,3,0.7,0.4,8.3,4.1,2.0,4,,False,,0,0,False,1764.0,3,3,1614.0,1.8,,,,,1.0,2.882591455873697,1.092766716414641,False,True,False,8.2
13223161,11.7111,3499.0,0.432246,4,2852.43,0.67384,1438.788,1.0,402.0,0.95,8.2,126,0.8,3.0,8.8,7.1,1.0,3,"00013223161-01(1:2,ntoi=2);00013223161-01(1:1,ntoi=1)",True,,0,0,False,1270.7,94,125,354.0,4.94,,,,,0.752,0.9423550131380373,1.061171199875093,False,True,False,8.2
450084323,12.4741,3332.0,0.39006,4,2607.68,42.88388,1469.1204,2.4,2827.0,2.26,8.2,3,0.5,0.6,8.8,4.1,2.0,1,,False,,0,0,False,2281.6,3,3,2572.0,2.09,,,,,1.0,3.5133972928794837,0.6830995187660733,False,True,False,8.2
37441683,11.7929,3825.0,0.586889,3,624.12,5.77089,3672.1491,2.4,1045.0,2.07,8.2,11,1.3,-0.8,8.2,3.5,1.0,0,,False,,0,0,False,1539.2,10,11,700.0,4.45,,,,,0.9090909090909091,2.3640674997823075,1.0151994391957935,False,True,False,8.2
33997020,11.7791,3336.0,0.383139,3,2822.29,18.06955,1486.1589,0.75,2719.0,2.18,8.2,4,2.7,-1.9,8.9,3.6,2.0,0,,False,,0,0,False,1499.9,4,4,2007.0,3.0,,,,,1.0,2.6027251819283945,0.2881595049709838,False,True,False,8.2
301083701,11.2631,3462.0,0.540374,2,1871.43,3.81173,2177.0894,2.4,524.0,1.35,8.2,16,0.2,0.8,8.4,3.6,1.0,1,,False,,0,0,False,1046.7,14,16,474.0,3.54,,,,,0.875,1.9485518531262582,1.231683927809998,False,True,False,8.2
197591673,12.1548,3484.0,0.48255,2,53.63,14.75711,4217.5056,3.0,4206.0,3.41,8.2,3,0.0,-1.4,8.6,3.9,1.0,0,,False,,0,0,False,2657.1,3,3,4373.0,1.02,,,,,1.0,2.8372892472612334,1.057347255975339,False,True,False,8.2
435905591,10.3328,3880.0,0.614692,7,2607.56,13.60722,1450.2821,3.15,394.0,1.33,8.1,8,1.5,0.1,9.4,5.7,1.0,1,,False,,0,0,True,579.5,7,8,255.0,3.48,,,,,0.875,3.2451626597847594,0.9706755347076897,False,True,False,8.1
393001369,10.9041,3537.0,0.414303,6,2549.86,46.54486,1637.8926,2.4,1885.0,1.96,8.1,3,2.5,0.8,8.0,4.4,1.0,0,,False,,0,0,False,1381.7,3,3,1458.0,2.7,,,,,1.0,3.7587570486058985,0.638508945634075,False,True,False,8.1
139526229,11.9765,3998.0,0.58284,5,2174.68,23.09,2120.2811,1.05,2064.0,2.89,8.1,5,0.9,-1.0,9.3,4.4,1.0,0,,False,,0,0,False,1387.5,5,5,1607.0,5.35,,,,,1.0,3.7357904252159315,0.2810650171681698,False,True,False,8.1
243472478,9.91546,3957.0,0.635355,4,1817.18,18.74605,2346.4465,3.15,643.0,1.76,8.1,3,0.0,0.8,7.6,3.7,1.0,0,,False,,0,0,False,628.2,3,3,553.0,1.87,,,,,1.0,3.691383662019827,0.853338554973287,False,True,False,8.1
167397242,11.4246,3754.0,0.525639,4,2549.69,23.05838,1613.5188,4.2,1014.0,1.83,8.1,3,0.0,1.4,8.4,4.5,2.0,0,,False,,0,0,False,1056.7,3,3,995.0,1.85,,,,,1.0,3.485589818197097,1.2049610594090008,False,True,False,8.1
49066805,11.6718,3798.0,0.542293,2,52.64,12.60872,4048.3666,2.1,2687.0,3.07,8.1,3,0.0,-1.5,8.3,3.8,1.0,0,,False,,1,1,False,1846.3,3,3,1989.0,2.03,,,,,1.0,2.9101896593300154,0.7216024540762964,True,True,False,8.1
387063402,12.3654,3341.0,0.367619,7,2520.17,20.1446,1661.2954,3.6,1278.0,1.43,8.0,7,0.9,-2.0,7.2,2.8,2.0,2,,False,,0,0,False,1933.8,6,7,1359.0,3.0,,,,,0.8571428571428571,2.6253858669701646,1.371227005253362,False,True,False,8.0
412066335,9.1473,3854.0,0.431388,7,2168.04,31.92328,2037.5445,0.5,1126.0,1.58,7.9,5,2.2,-2.5,8.7,4.3,1.0,0,,False,,0,0,False,660.0,5,5,792.0,3.22,,,,,1.0,3.4053062053530856,0.1468296739993626,False,True,False,7.9
245949052,10.9588,3650.0,0.542985,7,2607.66,22.28818,1441.6648,1.12,1056.0,1.92,7.9,6,1.1,1.0,9.8,3.7,2.0,0,,False,,0,0,False,836.5,6,6,719.0,4.4,,,,,1.0,3.521748873896722,0.31802381149362013,False,True,False,7.9
333542464,11.243,3662.0,0.628159,5,2602.12,10.60794,1394.3861,2.25,640.0,1.73,7.9,11,1.1,0.4,7.5,3.3,1.0,0,,False,,0,0,False,995.3,11,11,486.0,3.1,,,,,1.0,3.0301563415752244,0.742535944145489,False,True,False,7.9
248355949,10.7059,3912.0,0.596163,4,2602.12,9.99088,1394.4422,3.6,388.0,1.28,7.9,10,0.2,0.4,8.6,3.7,1.0,0,,False,,0,0,False,725.7,9,10,322.0,3.24,,,,,0.9,2.8684870090919716,1.2550170137042354,False,True,False,7.9
167397242,11.4246,3754.0,0.525639,4,2549.69,23.73701,1610.0438,2.4,1332.0,2.09,7.9,3,1.7,-0.7,7.6,3.8,2.0,0,,False,,0,0,False,1056.7,3,3,903.0,2.77,,,,,1.0,3.519454475051028,0.6819238654778175,False,True,False,7.9
326691890,11.7737,3618.0,0.490006,3,2547.22,3.37904,1658.4901,1.12,1323.0,1.94,7.9,18,0.8,2.3,6.9,3.5,1.0,0,,False,,0,0,True,1959.8,17,18,1118.0,3.28,,,,,0.9444444444444444,1.7536395713911481,0.6386717192470247,False,True,False,7.9
322736687,10.426,3224.0,0.282965,2,52.93,13.60785,4212.1651,2.1,818.0,0.88,7.9,3,1.9,-1.0,8.2,3.4,2.0,0,,False,,0,0,True,703.3,3,3,1042.0,1.02,,,,,1.0,1.934757827617805,1.0854071605362887,False,True,False,7.9
448808985,10.8796,3474.0,0.480913,2,2607.61,14.8399,1441.6749,3.15,674.0,1.36,7.9,6,0.7,0.2,8.3,4.4,1.0,0,,False,,0,0,False,821.6,6,6,607.0,3.18,,,,,1.0,2.8361528332388333,1.1106594690818403,False,True,False,7.9
231055581,9.26953,3284.0,0.287941,8,2878.49,38.60241,1374.8991,4.5,226.0,0.47,7.8,5,1.1,-3.3,8.0,4.2,2.0,0,,False,,0,0,False,365.8,4,5,128.0,3.83,,,,,0.8,2.770865462725042,1.6240413186912437,False,True,False,7.8
403956193,11.4952,3292.0,0.322928,7,2553.94,1.19363,1571.9576,1.8,274.0,0.58,7.8,128,0.4,-1.8,9.1,6.5,1.0,0,,False,,0,0,False,1221.3,89,128,282.0,5.94,,,,,0.6953125,0.9387904675201386,1.917360755435437,False,True,False,7.8
375091818,12.4768,3211.0,0.315662,7,2607.53,62.70107,1499.4936,1.8,2723.0,1.8,7.8,3,0.6,1.1,8.1,3.9,2.0,1,,False,,0,0,False,2004.2,3,3,2430.0,1.82,,,,,1.0,3.4629653597907173,0.5197857364963022,False,True,False,7.8
207080123,10.8834,3288.0,0.369673,6,2934.84,18.38244,1326.9174,3.15,549.0,0.94,7.8,7,0.8,0.5,8.1,2.9,2.0,3,,False,,0,0,False,898.2,6,7,401.0,3.25,,,,,0.8571428571428571,2.555962636969048,1.2324123813231413,False,True,False,7.8
229149668,11.2942,3931.0,0.589745,5,2144.36,11.03952,2089.4331,0.5,1553.0,2.54,7.8,9,2.0,-0.4,9.2,4.0,1.0,0,,False,,0,0,False,1075.6,9,9,562.0,9.63,,,,,1.0,2.944203802341282,0.16982520014490549,False,True,False,7.8
167397242,11.4246,3754.0,0.525639,4,2549.69,21.90947,1608.4031,2.25,1024.0,1.83,7.8,5,2.1,1.6,7.5,3.7,2.0,0,,False,,0,0,False,1056.7,5,5,691.0,3.62,,,,,1.0,3.426709628941937,0.6566065537028684,False,True,False,7.8
380865596,12.2887,3809.0,0.462578,4,1842.64,3.08295,2364.8135,1.58,1791.0,2.14,7.8,28,0.2,1.7,6.7,4.4,1.0,0,,False,,0,0,False,3844.0,26,28,1583.0,4.34,,,,,0.9285714285714286,1.6367679176918721,0.9653170635382903,False,True,False,7.8
415809914,12.4029,3052.0,0.231057,4,2552.69,19.44806,1588.4053,2.4,2459.0,1.25,7.8,3,0.0,0.8,7.8,3.7,2.0,0,,False,,0,0,False,2003.0,3,3,2215.0,2.05,,,,,1.0,1.903910268073633,1.2605636096643924,False,True,False,7.8
299120888,11.0217,3904.0,0.617111,3,2602.13,23.54219,1388.0733,3.0,948.0,2.07,7.8,3,0.3,1.7,8.5,4.3,2.0,1,,False,,0,0,False,861.7,3,3,1010.0,1.56,,,,,1.0,3.9060048002888745,0.7680482112510795,False,True,False,7.8
157257984,11.484,3599.0,0.421767,3,1842.84,21.29458,2282.3354,4.5,1855.0,1.98,7.8,3,2.5,0.8,7.6,3.5,2.0,0,,False,,0,0,False,2400.6,3,3,1627.0,1.68,,,,,1.0,2.930981325075822,1.5353219624773928,False,True,False,7.8
33997020,11.7791,3336.0,0.383139,3,2822.29,10.1976,1474.7245,1.2,1786.0,1.77,7.8,6,2.7,0.1,8.9,3.6,1.0,0,,False,,0,0,False,1499.9,5,6,1378.0,3.62,,,,,0.8333333333333334,2.150858594675767,0.557916732866809,False,True,False,7.8
244943765,12.198,3440.0,0.619849,6,2523.83,25.9523,1620.5056,2.4,2337.0,3.27,7.7,3,1.1,-3.2,8.5,4.9,1.0,2,,False,,0,0,False,2094.7,3,3,2891.0,1.2,,,,,1.0,4.046915921190922,0.5930441963058453,False,True,False,7.7
231290860,12.1949,3213.0,0.265497,5,2874.19,12.17478,1397.1707,4.2,878.0,0.86,7.7,10,2.2,-0.4,8.9,3.2,1.0,0,,False,,0,0,False,1771.1,10,10,712.0,4.68,,,,,1.0,1.7867690186383802,2.3506116102240453,False,True,False,7.7
37118328,12.3935,3449.0,0.455927,4,2822.29,14.24084,1475.1485,3.6,1628.0,2.01,7.7,7,1.3,-2.2,7.8,3.6,2.0,0,,False,,0,0,False,2211.2,7,7,1086.0,3.5,,,,,1.0,2.6997095177270167,1.3334767968040393,False,True,False,7.7
270410803,12.4185,3672.0,0.487402,4,2906.03,22.7056,1358.1163,0.75,5293.0,3.87,7.7,4,2.2,0.4,8.3,3.3,2.0,0,,False,,0,0,False,2954.6,4,4,3068.0,4.17,,,,,1.0,3.2974444871274127,0.22744886318112567,False,True,False,7.7
213471387,10.5418,3451.0,0.45574,2,2575.84,10.62087,1638.4848,0.5,2080.0,2.27,7.7,3,0.9,-0.2,7.2,4.3,1.0,0,,False,,0,0,False,848.8,3,3,1763.0,1.83,,,,,1.0,2.4475961255261045,0.20428206875532878,False,True,False,7.7
358108300,12.3629,3411.0,0.542359,11,2720.37,14.39116,1339.6259,3.78,1143.0,2.0,7.6,10,2.7,0.5,9.8,3.3,2.0,3,,False,,0,0,False,2134.7,9,9,639.0,6.2,,,,,1.0,3.041572190926554,1.242778327365131,False,True,False,7.6
207080123,10.8834,3288.0,0.369673,6,2934.84,19.15115,1329.7882,0.75,1299.0,1.45,7.6,5,2.0,1.6,8.4,3.2,2.0,3,,False,,0,0,False,898.2,5,5,1008.0,3.48,,,,,1.0,2.591105331556386,0.2894517605540572,False,True,False,7.6
88466267,12.1812,3174.0,0.218588,6,2879.66,48.75701,1446.7419,3.15,2152.0,1.11,7.6,3,1.4,-0.7,8.9,3.6,2.0,0,,False,,0,0,False,1788.4,3,3,1240.0,3.71,,,,,1.0,2.4925173685788744,1.2637825676600976,False,True,False,7.6
406430692,11.157,3839.0,0.619647,2,1872.12,18.49794,2118.5165,2.1,977.0,2.11,7.6,4,2.9,0.1,7.6,3.4,2.0,0,,False,,0,0,False,880.1,4,4,662.0,3.21,,,,,1.0,3.6142011280147264,0.581041266276602,False,True,False,7.6
437263458,11.6915,3559.0,0.611364,2,2554.81,18.90775,1547.1978,2.4,1686.0,2.74,7.6,3,1.2,-1.8,7.2,4.7,2.0,1,,False,,0,0,False,1213.3,3,3,1429.0,1.43,,,,,1.0,3.60817964664647,0.665155351183974,False,True,False,7.6
245833510,12.4788,3302.0,0.365859,7,2607.68,49.86227,1469.905,3.15,2238.0,1.89,7.5,3,0.0,2.1,6.4,4.0,2.0,1,,False,,0,0,False,2239.3,3,3,3034.0,1.01,,,,,1.0,3.5400397452955694,0.8898205180283918,False,True,False,7.5
244943765,12.198,3440.0,0.619849,6,2523.83,8.12478,1609.4666,1.12,1498.0,2.62,7.5,16,0.8,-0.1,7.6,4.0,1.0,2,,False,,0,0,False,2094.7,13,16,1301.0,3.87,,,,,0.8125,2.747911662786005,0.40758224333327875,False,True,False,7.5
245865916,12.401,3244.0,0.376803,6,2607.68,13.77595,1445.2862,3.15,1223.0,1.44,7.5,10,1.3,2.1,8.1,3.8,1.0,5,,False,,0,0,True,2300.5,10,10,1008.0,3.98,,,,,1.0,2.3513920627455307,1.33963197797053,False,True,False,7.5
333640820,11.9291,3619.0,0.477127,4,1872.18,30.0096,2144.1045,3.6,2139.0,2.41,7.5,3,0.4,0.7,6.8,4.2,2.0,0,,False,,0,0,False,1401.3,2,2,2361.0,1.12,,,,,1.0,3.5676673882274517,1.0090626754834935,False,True,False,7.5
415809914,12.4029,3052.0,0.231057,4,2552.69,16.95277,1588.4053,2.4,2387.0,1.23,7.5,3,1.9,1.2,8.1,4.0,2.0,0,,False,,0,0,False,2003.0,3,3,1582.0,2.86,,,,,1.0,1.8187287727465362,1.3196030304043975,False,True,False,7.5
77896213,11.8323,3351.0,0.331554,3,2116.33,24.55389,2193.6135,2.4,1603.0,1.45,7.5,3,1.3,0.2,8.2,4.1,2.0,0,,False,,0,0,False,1452.7,3,3,1678.0,1.18,,,,,1.0,2.6178890938836736,0.9167691655109681,False,True,False,7.5
33869474,12.3318,3189.0,0.242132,3,2822.29,15.23318,1475.1682,3.6,1985.0,1.18,7.5,3,2.8,1.1,7.8,3.0,2.0,0,,False,,0,0,False,2357.6,3,3,1687.0,1.78,,,,,1.0,1.8106726632314178,1.9882113830421775,False,True,False,7.5
423211395,11.9417,3367.0,0.318649,9,2520.19,1.35652,1657.9548,1.53,328.0,0.63,7.4,146,0.5,-3.3,5.3,3.6,1.0,5,,False,,0,0,False,1510.5,105,146,326.0,6.2,,,,,0.7191780821917808,0.971013797541105,1.5756727699178055,False,True,False,7.4
412066335,9.1473,3854.0,0.431388,7,2168.04,41.92529,2048.206,0.5,1342.0,1.72,7.4,3,0.7,-2.0,8.3,3.9,2.0,0,,False,,0,0,False,660.0,3,3,1162.0,2.01,,,,,1.0,3.7291715232040334,0.13407803767910614,False,True,False,7.4
245949052,10.9588,3650.0,0.542985,7,2607.66,16.84788,1441.6554,1.58,665.0,1.53,7.4,9,2.6,-0.2,9.3,3.4,2.0,0,,False,,0,0,False,836.5,8,9,532.0,5.08,,,,,0.8888888888888888,3.208105209102336,0.49250255119971637,False,True,False,7.4
411478119,11.6166,3758.0,0.566592,6,1791.12,13.74725,2311.803,1.12,1289.0,2.22,7.4,11,0.2,-0.1,7.2,3.6,1.0,0,,False,,0,0,True,1488.3,11,11,1390.0,3.05,,,,,1.0,3.0840910879047656,0.3631539951567685,False,True,False,7.4
244943765,12.198,3440.0,0.619849,6,2523.83,48.75306,1625.4931,1.8,2767.0,3.56,7.4,3,2.8,0.6,8.7,5.2,2.0,2,,False,,0,0,False,2094.7,3,3,3157.0,1.6,,,,,1.0,4.993436411842791,0.36047319952467827,False,True,False,7.4
219223683,12.2643,3203.0,0.258097,6,2602.13,29.74073,1392.732,3.6,1145.0,0.95,7.4,6,2.2,0.7,8.5,4.3,2.0,4,,False,,0,0,False,1764.0,6,6,936.0,3.04,,,,,1.0,2.3614611574731814,1.5244798706967022,False,True,False,7.4
333542464,11.243,3662.0,0.628159,5,2602.12,9.13022,1388.2674,2.1,619.0,1.7,7.4,11,0.7,-1.8,8.0,3.8,1.0,0,,False,,0,0,False,995.3,10,11,392.0,4.04,,,,,0.9090909090909091,2.882361395542468,0.7285692915703149,False,True,False,7.4
248355949,10.7059,3912.0,0.596163,4,2602.12,3.6296,1386.9422,2.1,292.0,1.11,7.4,27,0.2,-0.2,8.0,3.1,1.0,0,,False,,0,0,False,725.7,26,27,242.0,4.72,,,,,0.9629629629629629,2.0467803012505037,1.0260016664792901,False,True,False,7.4
270410803,12.4185,3672.0,0.487402,4,2906.03,18.06423,1354.7153,0.75,4676.0,3.64,7.4,5,0.8,0.8,9.6,4.3,2.0,0,,False,,0,0,False,2954.6,5,5,3102.0,4.12,,,,,1.0,3.0554345371946514,0.24546426731453158,False,True,False,7.4
213471387,10.5418,3451.0,0.45574,2,2575.84,20.09958,1632.6858,1.2,1309.0,1.8,7.4,3,0.7,-0.8,6.8,3.8,2.0,0,,False,,0,0,False,848.8,3,3,1133.0,1.96,,,,,1.0,3.0274853727052444,0.3963685541865149,False,True,False,7.4
406430692,11.157,3839.0,0.619647,2,1872.12,16.45519,2120.579,2.1,1105.0,2.25,7.4,3,2.2,0.2,7.6,3.4,2.0,0,,False,,0,0,False,880.1,3,3,654.0,3.09,,,,,1.0,3.4759391259166144,0.6041532730945697,False,True,False,7.4
308775024,11.9492,3688.0,0.532775,2,50.57,2.35482,4049.7209,2.4,747.0,1.59,7.4,17,2.2,1.9,7.3,4.0,1.0,0,,False,,0,0,False,1723.1,14,17,816.0,4.09,,,,,0.8235294117647058,1.6439556271482016,1.4598934182690328,False,True,False,7.4
207080123,10.8834,3288.0,0.369673,6,2934.84,23.95463,1348.9392,0.75,1281.0,1.44,7.3,5,0.0,-2.6,8.8,3.5,2.0,3,,False,,0,0,False,898.2,5,5,688.0,5.1,,,,,1.0,2.791793366777277,0.2686445239554985,False,True,False,7.3
411478119,11.6166,3758.0,0.566592,6,1791.12,38.68408,2341.1936,0.62,3295.0,3.55,7.3,3,2.2,1.1,7.9,4.4,2.0,0,,False,,0,0,False,1488.3,3,3,2642.0,2.09,,,,,1.0,4.354109469716792,0.14239421500817875,False,True,False,7.3
404030766,10.8067,3554.0,0.37466,5,2574.62,10.66454,1658.2371,3.15,386.0,0.8,7.3,12,0.3,-1.2,9.6,4.1,1.0,0,,False,,0,0,False,792.8,12,12,281.0,3.59,,,,,1.0,2.1508686475183416,1.4645245787716743,False,True,False,7.3
344771708,11.9052,3122.0,0.233389,5,2602.12,47.60118,1414.0714,0.5,3867.0,1.58,7.3,3,2.5,-1.1,7.5,4.1,2.0,0,,False,,0,0,False,1485.5,3,3,2416.0,3.02,,,,,1.0,2.5830597711603023,0.19356888508058084,False,True,False,7.3
13223161,11.7111,3499.0,0.432246,4,2852.43,2.022,1438.7932,0.75,691.0,1.24,7.3,43,1.8,-0.3,7.3,5.1,1.0,3,"00013223161-01(1:3,ntoi=1)",True,,0,0,False,1270.7,37,42,721.0,3.58,,,,,0.8809523809523809,1.359218675682924,0.5517875919584249,False,True,False,7.3
299120888,11.0217,3904.0,0.617111,3,2602.13,4.58672,1389.1827,2.25,394.0,1.34,7.3,17,1.1,1.9,7.6,3.4,1.0,1,,False,,0,0,True,861.7,13,17,420.0,3.42,,,,,0.7647058823529411,2.2643900032353423,0.9936450862197845,False,True,False,7.3
331965788,11.0926,3618.0,0.480303,3,2498.91,21.53728,1609.6985,1.5,2155.0,2.43,7.3,3,0.7,-0.7,5.5,4.1,1.0,0,,False,,0,0,False,1348.9,3,3,2289.0,1.08,,,,,1.0,3.2083527487889034,0.4675296382438694,False,True,False,7.3
11519779,11.4804,3668.0,0.528499,3,2904.62,17.50715,1394.0979,4.2,741.0,1.57,7.3,6,0.9,-2.3,6.4,3.1,2.0,0,,False,,0,0,False,1144.0,6,6,512.0,3.28,,,,,1.0,3.19136314153602,1.3160520485232268,False,True,False,7.3
326691890,11.7737,3618.0,0.490006,3,2547.22,19.42952,1672.1437,0.5,5411.0,3.93,7.3,3,0.0,0.2,6.8,3.6,1.0,0,,False,,0,0,False,1959.8,3,3,4439.0,1.3,,,,,1.0,3.1416894223587715,0.15915004087978926,False,True,False,7.3
77896213,11.8323,3351.0,0.331554,3,2116.33,22.28724,2185.6635,3.6,1395.0,1.35,7.3,3,0.0,1.1,6.6,3.9,2.0,0,,False,,0,0,False,1452.7,3,3,1649.0,1.73,,,,,1.0,2.5347194953387495,1.4202755005515442,False,True,False,7.3
148612264,12.2802,3273.0,0.299788,3,2554.6,20.98209,1555.3379,4.5,1714.0,1.35,7.3,3,1.1,-1.9,6.8,3.5,2.0,0,,False,,0,0,False,1815.5,3,3,1455.0,2.92,,,,,1.0,2.3229188546221087,1.9372179062759631,False,True,False,7.3
308775024,11.9492,3688.0,0.532775,2,50.57,21.34599,4049.5428,1.05,2559.0,2.94,7.3,3,1.3,-2.2,7.0,3.6,1.0,0,,False,,0,0,False,1723.1,3,3,2404.0,1.31,,,,,1.0,3.4277537902727984,0.3063230512587182,False,True,False,7.3
201289286,11.5771,3206.0,0.295999,11,2907.31,6.69667,1326.0993,2.52,411.0,0.65,7.2,35,1.0,-0.5,8.8,3.8,0.5,1,,False,,0,0,False,1379.4,25,35,499.0,4.39,,,,,0.7142857142857143,1.5740605069989084,1.6009549752344734,False,True,False,7.2
123366965,9.84507,3406.0,0.237209,7,2904.61,30.59028,1408.5566,1.05,758.0,0.71,7.2,3,0.0,-0.8,6.8,3.9,2.0,0,,False,,0,0,False,461.9,3,3,620.0,2.13,,,,,1.0,2.253323537389046,0.4659783571145083,False,True,False,7.2
244943765,12.198,3440.0,0.619849,6,2523.83,9.29305,1602.7775,2.25,1016.0,2.16,7.2,16,2.9,-0.6,6.3,4.3,0.5,2,"00244943765-01(2:1,ntoi=1)",True,,0,0,False,2094.7,16,16,705.0,4.86,,,,,1.0,2.873767673871994,0.7829442931162366,False,True,False,7.2
418096656,9.79122,3266.0,0.30505,5,2555.42,4.77666,1521.4642,2.4,184.0,0.45,7.2,21,1.0,2.2,6.7,3.2,0.5,0,,False,,0,0,False,447.0,21,21,136.0,5.11,,,,,1.0,1.434929035110489,1.6725565803435016,False,True,False,7.2
387426198,10.8345,3773.0,0.556415,5,2498.6,27.63922,1612.4704,2.25,1231.0,2.13,7.2,3,1.4,-0.8,6.4,4.3,2.0,0,,False,,0,0,True,1090.7,3,3,1533.0,1.04,,,,,1.0,3.845765282020891,0.5850591065759633,False,True,False,7.2
144284277,11.2601,3556.0,0.462328,5,2906.03,5.96187,1357.7447,2.4,493.0,1.12,7.2,17,0.6,1.3,6.4,4.6,2.0,0,,False,,0,0,False,1253.9,15,17,312.0,6.16,,,,,0.8823529411764706,2.0384618700954364,1.1773582990235854,False,True,False,7.2
218973487,12.1991,3241.0,0.321928,5,2936.45,11.76515,1365.8704,2.4,1142.0,1.19,7.2,9,0.7,1.2,7.2,4.6,1.0,3,,False,,0,0,False,1795.6,9,9,726.0,3.87,,,,,1.0,2.008691697750364,1.194807546965959,False,True,False,7.2
389297735,12.2196,3418.0,0.306055,4,2196.33,23.09854,2050.7411,2.4,2048.0,1.51,7.2,3,0.8,0.6,5.6,3.7,2.0,0,,False,,0,0,False,1743.0,3,3,2348.0,1.09,,,,,1.0,2.431846303349493,0.9869044752928549,False,True,False,7.2
270410803,12.4185,3672.0,0.487402,4,2906.03,7.34877,1360.0747,0.75,3331.0,3.07,7.2,9,0.1,-0.1,8.2,3.2,1.0,0,,False,,0,0,False,2954.6,8,9,1796.0,7.12,,,,,0.8888888888888888,2.2639737325112526,0.3312759283510249,False,True,False,7.2
121286320,10.2944,3380.0,0.267021,3,2581.4,20.39568,1503.2093,2.25,819.0,0.83,7.2,3,1.2,-2.4,8.5,6.1,2.0,0,,False,,0,0,False,580.8,3,3,1140.0,1.08,,,,,1.0,2.1301881733347128,1.056244714981084,False,True,False,7.2
423238651,10.9694,3919.0,0.587523,3,2140.92,3.76471,2037.103,3.0,353.0,1.2,7.2,17,2.0,-0.3,7.4,3.0,0.5,0,,False,,0,0,False,955.5,11,17,290.0,3.48,,,,,0.6470588235294118,2.051801698914162,1.462129601309735,False,True,False,7.2
280797223,11.3488,3586.0,0.44132,2,2554.79,24.63514,1535.717,3.6,1285.0,1.73,7.2,3,1.5,0.4,6.0,5.0,2.0,0,,False,,0,0,False,1281.4,3,3,1318.0,1.32,,,,,1.0,3.1712395217424283,1.1352028048710716,False,True,False,7.2
437263458,11.6915,3559.0,0.611364,2,2554.81,12.634,1547.1853,1.8,1727.0,2.77,7.2,3,0.0,1.3,7.1,4.6,2.0,1,,False,,0,0,False,1213.3,3,3,1660.0,1.03,,,,,1.0,3.154436767149553,0.5706248477526262,False,True,False,7.2
73794653,12.0318,3286.0,0.277391,2,1790.97,9.61068,2311.5324,1.5,2888.0,1.63,7.2,5,0.8,1.3,7.5,4.6,2.0,0,,False,,0,0,False,2725.2,5,5,2157.0,3.41,,,,,1.0,1.7002831223052244,0.8822060163523339,False,True,False,7.2
387063402,12.3654,3341.0,0.367619,7,2520.17,22.55661,1668.0267,4.5,1194.0,1.39,7.1,5,0.1,0.1,7.5,3.1,2.0,2,,False,,0,0,False,1933.8,5,5,916.0,3.68,,,,,1.0,2.726244927291867,1.650622053415466,False,True,False,7.1
387063402,12.3654,3341.0,0.367619,7,2520.17,14.07959,1669.0204,3.0,936.0,1.23,7.1,13,0.3,0.8,7.4,3.0,2.0,2,"00387063402-01(1:1,ntoi=1)",True,,0,0,False,1933.8,13,13,738.0,3.92,,,,,1.0,2.3298981131895937,1.2876099529919132,False,True,False,7.1
272649679,11.8019,3162.0,0.291077,6,2526.98,47.53558,1595.3887,6.3,1361.0,1.17,7.1,3,1.6,0.4,6.7,3.7,2.0,1,,False,,0,0,False,1658.0,3,3,1350.0,1.57,,,,,1.0,2.9914826376924615,2.1059791290848433,False,True,False,7.1
389297735,12.2196,3418.0,0.306055,4,2196.33,21.65293,2056.6973,3.6,1674.0,1.37,7.1,3,0.0,-0.3,5.7,3.9,2.0,0,,False,,0,0,False,1743.0,3,3,1729.0,1.39,,,,,1.0,2.3800176108435562,1.5125938495572906,False,True,False,7.1
157257984,11.484,3599.0,0.421767,3,1842.84,12.03239,2286.9291,3.0,1462.0,1.76,7.1,6,2.3,0.2,7.3,3.2,2.0,0,,False,,0,0,False,2400.6,6,6,1159.0,3.15,,,,,1.0,2.42311480855327,1.238075880437197,False,True,False,7.1
406349525,12.1172,3515.0,0.465901,3,2904.61,17.7674,1388.8749,1.8,2184.0,2.38,7.1,3,1.3,1.2,6.6,3.3,2.0,0,,False,,0,0,False,1697.5,3,3,1605.0,2.33,,,,,1.0,2.94857389141745,0.6104646063777961,False,True,False,7.1
124983667,10.3734,3685.0,0.547106,2,2088.82,1.30092,2201.9156,1.8,259.0,0.96,7.1,34,1.5,-0.4,6.5,4.1,1.0,0,,False,,0,0,False,817.5,29,34,280.0,3.0,,,,,0.8529411764705882,1.3730071829107149,1.3109909564960025,False,True,False,7.1
213471387,10.5418,3451.0,0.45574,2,2575.84,24.14029,1652.7936,1.58,1628.0,2.01,7.1,3,1.8,-1.9,6.7,3.6,2.0,0,,False,,0,0,False,848.8,3,3,1361.0,1.63,,,,,1.0,3.218107545951322,0.4909717830865493,False,True,False,7.1
424993541,11.9103,3536.0,0.530845,2,302.06,21.92834,4004.8114,1.8,2274.0,2.76,7.1,3,1.6,-0.4,7.7,4.5,2.0,0,,False,,0,0,False,2061.8,3,3,2770.0,1.2,,,,,1.0,3.4502881523262103,0.5216955571627913,False,True,False,7.1
214184419,12.3185,3586.0,0.507901,2,51.21,0.71411,4153.4577,1.8,945.0,1.7,7.1,60,0.4,-2.0,6.6,5.7,1.0,0,,False,,0,0,False,3151.9,50,60,973.0,3.11,,,,,0.8333333333333334,1.0698331335681988,1.6825053772605514,False,True,False,7.1
456894306,12.1873,3301.0,0.401378,7,2607.68,12.62435,1441.1519,1.5,1268.0,1.56,7.0,12,1.7,0.4,8.4,3.9,1.0,9,,False,,0,0,False,1812.1,11,12,962.0,4.55,,,,,0.9166666666666666,2.382211659539724,0.6296669710238176,False,True,False,7.0
33549589,11.497,3347.0,0.296142,6,2822.27,32.56111,1482.3546,2.4,1497.0,1.25,7.0,3,0.0,1.7,8.7,4.3,2.0,0,,False,,0,0,False,1275.7,3,3,758.0,5.92,,,,,1.0,2.6675221310415598,0.8997113733646501,False,True,False,7.0
389527914,11.8887,3292.0,0.275045,4,2907.3,26.94667,1342.6894,2.1,1749.0,1.26,7.0,3,0.2,-1.3,6.2,3.2,2.0,3,,False,,0,0,True,1444.0,3,3,1691.0,1.78,,,,,1.0,2.3840342931843193,0.8808598122953429,False,True,False,7.0
302457612,9.82884,3867.0,0.62378,3,2577.17,12.78417,1423.3429,3.15,288.0,1.16,7.0,7,0.9,0.5,7.0,2.8,2.0,0,,False,,0,0,False,449.7,7,7,326.0,3.46,,,,,1.0,3.2096186663104884,0.9814250001296817,False,True,False,7.0
11519779,11.4804,3668.0,0.528499,3,2904.62,18.25152,1394.1104,4.8,1034.0,1.85,7.0,3,0.2,-1.5,6.5,3.4,2.0,0,,False,,0,0,False,1144.0,3,3,752.0,2.11,,,,,1.0,3.2359670205641398,1.4833278489850603,False,True,False,7.0
308775024,11.9492,3688.0,0.532775,2,50.57,12.95696,4057.9412,1.58,1989.0,2.59,7.0,3,0.4,-1.8,7.2,3.9,1.0,0,,False,,0,0,False,1723.1,3,3,1802.0,1.57,,,,,1.0,2.9022749844412794,0.5444005163088182,False,True,False,7.0
281498280,11.8879,3268.0,0.416458,6,2907.31,0.75063,1325.4735,0.75,234742.0,22.01,4470.5,181,25.2,4469.8,2763.3,12.7,1.0,26,"00281498280-01(1:2,ntoi=2);00281498280-01(1:1,ntoi=3);00281498280-02(1:1,ntoi=3);00281498280-01(1:2,ntoi=4);00281498280-02(1:2,ntoi=4);00281498280-04(1:1,ntoi=4);00281498280-03(1:1,ntoi=4);00281498280-01(1:2,ntoi=2);00281498280-02(2:1,ntoi=2);00281498280-01(1:2,ntoi=4);00281498280-04(1:2,ntoi=4);00281498280-01(1:2,ntoi=4);00281498280-01(1:2,ntoi=3);00281498280-02(2:1,ntoi=3);00281498280-03(2:1,ntoi=3);00281498280-01(1:2,ntoi=4);00281498280-02(3:1,ntoi=4);00281498280-03(1:1,ntoi=4);00281498280-04(1:1,ntoi=4)",True,,0,0,False,70711.3,181,181,238706.0,1.21,,,,,1.0,0.9529374744252792,0.7870400945794773,False,False,True,4470.5
70553662,11.9696,3368.0,0.443938,5,2144.25,0.57265,2116.502,0.75,211890.0,22.29,4467.5,217,25.6,3004.7,2895.2,17.3,1.0,14,"00070553662-01(1:2,ntoi=4);00070553662-02(2:1,ntoi=4);00070553662-01(1:2,ntoi=2);00070553662-01(1:2,ntoi=3);00070553662-02(3:1,ntoi=3);00070553662-03(3:1,ntoi=3);00070553662-01(1:2,ntoi=3);00070553662-02(3:1,ntoi=3);00070553662-03(3:1,ntoi=3);00070553662-01(1:2,ntoi=2)",True,,0,0,False,62488.7,216,216,224914.0,1.12,,,,,1.0,0.9086283083389178,0.8254200239161494,False,False,True,4467.5
403237836,10.5282,3530.0,0.619429,11,2878.98,0.85379,1326.1395,4.08,35260.0,12.69,3979.9,277,24.8,5183.0,2508.2,12.3,1.0,13,"00403237836-02(1:2,ntoi=3);00403237836-01(1:2,ntoi=3);00403237836-03(1:2,ntoi=3)",True,,0,0,False,29811.8,277,277,26410.0,1.98,,,,,1.0,1.2961432563732367,3.1478001987344566,False,False,True,3979.9
281498280,11.8879,3268.0,0.416458,6,2907.31,1.12595,1325.4761,0.62,246792.0,22.57,3536.3,120,56.6,-288.6,2266.6,10.2,1.0,26,"00281498280-01(1:3,ntoi=2);00281498280-02(1:1,ntoi=2);00281498280-01(1:3,ntoi=4);00281498280-02(1:3,ntoi=4);00281498280-01(1:3,ntoi=2);00281498280-01(1:3,ntoi=4);00281498280-02(1:1,ntoi=4);00281498280-03(3:1,ntoi=4);00281498280-04(1:3,ntoi=4);00281498280-01(1:3,ntoi=4);00281498280-01(1:3,ntoi=3);00281498280-01(1:3,ntoi=4);00281498280-02(2:1,ntoi=4)",True,,0,0,False,70711.3,120,120,261269.0,1.14,,,,,1.0,1.0908427139395642,0.5683679159948533,False,False,True,3536.3
403237836,10.5282,3530.0,0.619429,11,2878.98,1.28068,1326.5795,4.08,32722.0,12.22,3137.0,183,34.8,-2630.5,1978.6,9.5,1.0,13,"00403237836-02(1:3,ntoi=3);00403237836-01(1:3,ntoi=3);00403237836-03(1:3,ntoi=3);00403237836-02(1:1,ntoi=2)",True,,0,0,False,29811.8,183,183,25911.0,2.31,,,,,1.0,1.4837117150719015,2.749860339144307,False,False,True,3137.0
70553662,11.9696,3368.0,0.443938,5,2144.25,1.14531,2116.502,0.75,204140.0,21.88,3135.3,111,8.4,3184.5,1138.6,4.4,0.5,14,"00070553662-02(1:1,ntoi=4)",True,,0,0,False,62488.7,111,111,217285.0,1.16,,,,,1.0,1.1448032640747878,0.6551344004125794,False,False,True,3135.3
29853348,10.6787,3264.0,0.571317,3,2602.12,0.70312,1386.417,6.3,41098.0,12.64,3133.0,117,9.1,-241.2,2469.1,7.1,1.0,12,"00029853348-02(1:1,ntoi=2);00029853348-01(1:1,ntoi=2);00029853348-01(1:1,ntoi=3);00029853348-02(1:1,ntoi=3);00029853348-03(1:1,ntoi=3);00029853348-02(1:1,ntoi=6);00029853348-06(1:1,ntoi=6)",True,,0,0,False,25335.7,117,117,25467.0,1.72,,,,,1.0,1.1511613748511282,5.472734003792245,False,False,True,3133.0
29853348,10.6787,3264.0,0.571317,3,2602.12,0.70311,1386.417,6.3,41002.0,12.62,3124.7,117,5.4,-252.5,776.2,2.2,1.0,12,"00029853348-02(1:1,ntoi=2);00029853348-01(1:1,ntoi=2);00029853348-01(1:1,ntoi=3);00029853348-02(1:1,ntoi=3);00029853348-03(1:1,ntoi=3);00029853348-02(1:1,ntoi=6);00029853348-06(1:1,ntoi=6)",True,,0,0,False,25335.7,117,117,24789.0,1.73,,,,,1.0,1.1511559174288186,5.472759949035799,False,False,True,3124.7
237338543,11.422,3569.0,0.562388,4,2907.31,0.50007,1325.6126,6.3,57928.0,14.77,3010.1,188,0.2,0.0,2929.4,15.6,1.0,4,,False,,0,0,False,33053.7,188,188,29984.0,1.48,,,,,1.0,1.0168165149539585,6.195808100427307,False,False,True,3010.1
70553662,11.9696,3368.0,0.443938,5,2144.25,0.85898,2116.2181,0.62,185686.0,20.87,2985.6,148,675.5,-366.0,1954.1,11.3,1.0,14,"00070553662-01(1:3,ntoi=4);00070553662-01(1:3,ntoi=2);00070553662-01(1:3,ntoi=3);00070553662-02(2:1,ntoi=3);00070553662-03(2:1,ntoi=3);00070553662-01(1:3,ntoi=3);00070553662-02(2:1,ntoi=3);00070553662-03(2:1,ntoi=3);00070553662-01(1:3,ntoi=2)",True,,0,0,False,62488.7,146,146,225196.0,1.23,,,,,1.0,1.040121783880107,0.5960840447809199,False,False,True,2985.6
281498280,11.8879,3268.0,0.416458,6,2907.31,1.87658,1326.2235,0.75,223641.0,21.49,2742.1,73,39.9,-269.0,1763.1,7.7,1.0,26,"00281498280-02(1:1,ntoi=4);00281498280-03(1:3,ntoi=4);00281498280-04(1:3,ntoi=4)",True,,0,0,False,70711.3,73,73,238253.0,1.14,,,,,1.0,1.2933362827120487,0.5798955847950812,False,False,True,2742.1
124350360,9.19014,3471.0,0.628084,5,2548.82,17.11622,1629.71,1.58,112404.0,22.97,2507.6,6,17.3,0.5,1771.6,7.0,1.0,5,"00124350360-01(1:1,ntoi=1);00124350360-01(1:1,ntoi=1);00124350360-01(1:2,ntoi=1)",True,,0,0,False,7189.7,6,6,112186.0,1.07,,,,,1.0,3.5537706871289405,0.44459818573056775,False,False,True,2507.6
289706625,10.4209,3003.0,0.309432,6,2580.81,0.88348,1518.5964,4.2,27201.0,5.57,2419.2,141,0.8,3126.6,1533.5,6.0,1.0,7,,False,,0,0,False,22576.6,141,141,17802.0,2.27,,,,,1.0,0.8253738105962882,5.088603425599033,False,False,True,2419.2
206327797,9.7389,3290.0,0.575313,7,2934.84,0.67159,1325.6722,1.05,35341.0,11.8,2375.1,226,6.9,1956.2,1755.9,12.6,1.0,19,"00206327797-01(1:3,ntoi=2);00206327797-02(1:3,ntoi=2);00206327797-01(1:3,ntoi=2);00206327797-02(1:3,ntoi=2);00206327797-02(1:3,ntoi=3);00206327797-01(1:3,ntoi=3);00206327797-03(1:3,ntoi=3);00206327797-01(1:3,ntoi=2);00206327797-02(1:3,ntoi=2);00206327797-01(1:3,ntoi=2);00206327797-02(1:3,ntoi=2);00206327797-01(1:3,ntoi=2);00206327797-02(1:3,ntoi=2);00206327797-01(1:3,ntoi=2);00206327797-02(1:3,ntoi=2);00206327797-01(1:3,ntoi=2);00206327797-02(1:3,ntoi=2);00206327797-01(1:3,ntoi=2);00206327797-02(1:3,ntoi=2)",True,,0,0,False,27963.0,226,226,35770.0,1.29,,,,,1.0,1.1389705445342981,0.9218851225246775,False,False,True,2375.1
403237836,10.5282,3530.0,0.619429,11,2878.98,2.13447,1326.1507,3.78,31699.0,12.03,2373.2,112,43.8,-2092.0,1506.9,5.2,1.0,13,,False,,0,0,False,29811.8,112,112,27101.0,1.95,,,,,1.0,1.759135670773298,2.1487825315590077,False,False,True,2373.2
206327797,9.7389,3290.0,0.575313,7,2934.84,0.55966,1325.7847,1.05,31691.0,11.17,2313.3,272,269.5,-2115.7,1576.4,11.2,1.0,19,,False,,0,0,False,27963.0,271,271,29174.0,1.57,,,,,1.0,1.0718133821949727,0.9796481527872876,False,False,True,2313.3
70553662,11.9696,3368.0,0.443938,5,2144.25,1.43163,2116.7962,0.62,183005.0,20.72,2278.7,88,526.1,-309.2,1518.3,8.5,1.0,14,"00070553662-02(2:1,ntoi=2)",True,,0,0,False,62488.7,88,88,226658.0,1.19,,,,,1.0,1.233199779206994,0.5027571448307341,False,False,True,2278.7
133018706,12.4758,3348.0,0.643994,1,24.42,1.59739,4153.3682,7.92,1229900.0,77.92,2186.3,15,55.2,-549.6,1966.3,4.9,1.0,2,,False,,0,0,False,712424.8,15,15,1470842.0,1.83,,,,,1.0,1.6390787827361768,4.831982503476032,False,False,True,2186.3
133018706,12.4758,3348.0,0.643994,1,24.42,1.59663,4153.3832,7.92,1205524.0,77.14,2184.2,15,44.7,-534.3,1597.1,3.8,1.0,2,,False,,0,0,False,712424.8,15,15,1457061.0,1.82,,,,,1.0,1.6388187966578038,4.832749060574601,False,False,True,2184.2
133018706,12.4758,3348.0,0.643994,1,24.42,1.59656,4153.3832,7.92,1206625.0,77.18,2179.9,15,51.7,-535.8,1335.5,3.0,1.0,2,,False,,0,0,False,712424.8,15,15,1457061.0,1.85,,,,,1.0,1.6387948464225586,4.832819688986166,False,False,True,2179.9
29853348,10.6787,3264.0,0.571317,3,2602.12,1.40621,1386.4607,4.8,37026.0,11.99,2057.6,60,5.0,2404.2,1098.9,2.6,0.5,12,"00029853348-02(1:2,ntoi=2);00029853348-01(1:2,ntoi=2);00029853348-01(1:2,ntoi=3);00029853348-02(1:2,ntoi=3);00029853348-03(1:2,ntoi=3);00029853348-02(1:2,ntoi=6);00029853348-06(1:2,ntoi=6)",True,,0,0,False,25335.7,59,59,31338.0,1.55,,,,,1.0,1.4503621340945423,3.309518283167692,False,False,True,2057.6
206327797,9.7389,3290.0,0.575313,7,2934.84,0.89546,1325.6722,1.05,34895.0,11.72,2043.3,169,0.4,2127.6,1504.1,10.6,1.0,19,,False,,0,0,False,27963.0,169,169,36026.0,1.29,,,,,1.0,1.2536024032443192,0.8375861415729606,False,False,True,2043.3
206327797,9.7389,3290.0,0.575313,7,2934.84,0.78352,1325.5659,1.05,30797.0,11.01,1944.3,198,252.1,-1747.3,1344.8,9.4,1.0,19,,False,,0,0,False,27963.0,198,198,28055.0,1.67,,,,,1.0,1.1990237382346047,0.875712437141552,False,False,True,1944.3
289706625,10.4209,3003.0,0.309432,6,2580.81,1.3252,1518.1714,4.2,25134.0,5.35,1904.7,94,29.6,-1653.4,1237.6,4.6,1.0,7,,False,,0,0,False,22576.6,93,94,18427.0,2.1,,,,,0.9893617021276596,0.9448124033883417,4.445326908217667,False,False,True,1904.7
237338543,11.422,3569.0,0.562388,4,2907.31,0.99978,1326.1313,4.8,44455.0,12.94,1872.3,94,9.6,2397.2,1204.3,5.8,0.5,4,,False,,0,0,False,33053.7,92,92,38713.0,1.26,,,,,1.0,1.280954801120632,3.747204816126816,False,False,True,1872.3
89502706,11.1364,3587.0,0.587233,5,2936.45,0.96015,1354.6329,4.2,33652.0,11.75,1820.9,112,26.8,2267.5,1275.0,6.3,1.0,8,,False,,0,0,False,26721.6,112,112,27943.0,2.36,,,,,1.0,1.300753365300698,3.2288980463479926,False,False,True,1820.9
88478727,8.46043,3827.0,0.627937,6,2879.66,2.11275,1411.3512,7.2,7548.0,5.95,1791.5,74,31.7,2052.4,1199.1,4.5,0.5,11,,False,,0,0,False,5736.7,73,73,6065.0,2.42,,,,,1.0,1.769165167127019,4.069716120226478,False,False,True,1791.5
429354344,10.8894,3097.0,0.204772,5,2552.65,0.71728,1572.8208,3.15,29062.0,3.81,1789.9,153,7.5,2230.3,973.3,6.6,1.0,12,,False,,0,0,False,21494.8,153,153,23376.0,1.52,,,,,1.0,0.5847248922968671,5.387148796806708,False,False,True,1789.9
229807000,10.7988,3453.0,0.599096,10,2879.02,0.74901,1325.8667,4.08,17654.0,8.68,1770.9,295,4.8,2395.7,1002.9,9.4,1.0,11,,False,,0,0,False,15795.3,292,295,13250.0,1.45,,,,,0.9898305084745763,1.2134869567321633,3.3622116639697213,False,False,True,1770.9
29853348,10.6787,3264.0,0.571317,3,2602.12,2.10933,1386.4357,4.8,35511.0,11.75,1649.4,38,0.4,-759.8,1241.3,3.0,1.0,12,"00029853348-02(1:3,ntoi=2);00029853348-01(1:3,ntoi=2);00029853348-01(1:3,ntoi=3);00029853348-02(1:3,ntoi=3);00029853348-03(1:3,ntoi=3);00029853348-02(1:3,ntoi=6);00029853348-06(1:3,ntoi=6)",True,,0,0,False,25335.7,38,38,32342.0,1.58,,,,,1.0,1.6602541272685443,2.8911236666503437,False,False,True,1649.4
117549840,12.1607,3566.0,0.566522,3,2936.46,0.66601,1354.6943,0.75,138344.0,22.99,1606.1,99,4.6,1594.7,1016.2,10.1,1.0,5,"00117549840-01(1:2,ntoi=1);00117549840-01(1:2,ntoi=2);00117549840-02(1:2,ntoi=2);00117549840-01(1:2,ntoi=1);00117549840-01(1:2,ntoi=1)",True,,0,0,False,43986.5,99,99,148295.0,1.1,,,,,1.0,1.1242072899558189,0.6671367520036939,False,False,True,1606.1
124350360,9.19014,3471.0,0.628084,5,2548.82,23.96275,1646.8194,1.58,85295.0,20.01,1586.6,4,447.6,-7.6,1056.3,3.3,2.0,5,,False,,0,0,False,7189.7,4,4,107268.0,1.04,,,,,1.0,3.9755662930708495,0.39742765772862,False,False,True,1586.6
299941037,12.0976,3427.0,0.545221,12,1951.8,1.31834,2037.0249,1.02,66164.0,15.3,1503.2,206,28.8,0.5,1384.8,29.8,1.0,19,"00299941037-01(1:1,ntoi=2);00299941037-01(1:1,ntoi=3);00299941037-01(1:1,ntoi=1);00299941037-01(1:1,ntoi=1);00299941037-01(1:1,ntoi=1);00299941037-01(1:1,ntoi=1);00299941037-01(1:1,ntoi=2);00299941037-01(1:1,ntoi=1);00299941037-01(1:1,ntoi=1);00299941037-01(1:1,ntoi=1);00299941037-01(1:1,ntoi=1);00299941037-01(1:1,ntoi=2);00299941037-01(1:1,ntoi=1);00299941037-01(1:1,ntoi=1)",True,,0,0,False,12434.3,206,206,66713.0,1.06,,,,,1.0,1.375938915040128,0.7413119789334925,False,False,True,1503.2
89502706,11.1364,3587.0,0.587233,5,2936.45,1.43831,1355.1579,4.2,32187.0,11.49,1486.1,76,9.4,-1092.1,1037.4,4.9,1.0,8,,False,,0,0,False,26721.6,76,76,27960.0,1.88,,,,,1.0,1.4883306633433229,2.821953550674887,False,False,True,1486.1
237338543,11.422,3569.0,0.562388,4,2907.31,1.49968,1326.6188,4.2,43819.0,12.84,1468.8,60,14.0,-1169.1,1409.5,6.9,1.0,4,,False,,0,0,False,33053.7,60,60,42584.0,1.29,,,,,1.0,1.466330464124542,2.8642929426604855,False,False,True,1468.8
289706625,10.4209,3003.0,0.309432,6,2580.81,2.20869,1519.0464,4.2,24089.0,5.24,1449.2,57,22.1,-1240.2,935.1,3.2,1.0,7,,False,,0,0,False,22576.6,57,57,17802.0,2.26,,,,,1.0,1.1202029152825905,3.749320719220301,False,False,True,1449.2
10863087,10.3909,3296.0,0.405366,3,2602.12,18.41077,1396.7153,1.12,161778.0,17.79,1440.4,4,743.8,-2.6,1295.7,3.7,2.0,7,,False,,0,0,False,10270.2,3,4,127725.0,1.99,,,,,0.75,2.7193419634544163,0.41186434624693147,False,False,True,1440.4
429354344,10.8894,3097.0,0.204772,5,2552.65,1.07592,1572.8208,3.15,27296.0,3.69,1425.4,103,10.9,-1069.6,787.4,5.1,1.0,12,,False,,0,0,False,21494.8,103,103,23654.0,1.46,,,,,1.0,0.6693429121876867,4.706107949517999,False,False,True,1425.4
229807000,10.7988,3453.0,0.599096,10,2879.02,1.12351,1325.8667,3.12,18185.0,8.81,1399.1,196,6.4,-1217.4,778.0,7.1,1.0,11,,False,,0,0,False,15795.3,194,194,15919.0,1.33,,,,,1.0,1.389093741881198,2.246068717993575,False,False,True,1399.1
100481123,11.6876,3813.0,0.636279,7,2852.51,0.8423,1438.8576,6.3,23754.0,10.7,1389.4,207,1.7,-397.7,1324.6,10.4,1.0,16,"00100481123-06(1:1,ntoi=6);00100481123-05(1:1,ntoi=6)",True,,0,0,False,17447.0,197,207,21462.0,2.93,,,,,0.9516908212560387,1.313597422105268,4.7959899235362045,False,False,True,1389.4
133018706,12.4758,3348.0,0.643994,1,24.42,4.79135,4153.3832,7.92,1171805.0,76.06,1372.4,6,159.0,-321.8,1238.2,2.7,1.0,2,"00133018706-01(3:1,ntoi=2)",True,,0,0,False,712424.8,6,6,1524293.0,1.25,,,,,1.0,2.3638258280342734,3.35050066128864,False,False,True,1372.4
425933644,11.3983,3264.0,0.506531,12,2907.31,0.97228,1325.9491,6.12,16866.0,7.18,1333.4,275,0.9,1960.4,833.0,9.4,1.0,52,"00425933644-01(1:2,ntoi=3);00425933644-03(1:2,ntoi=3);00425933644-01(1:2,ntoi=3);00425933644-02(1:2,ntoi=3);00425933644-03(1:2,ntoi=3);00425933644-01(1:2,ntoi=4);00425933644-02(1:2,ntoi=4);00425933644-04(1:2,ntoi=4);00425933644-03(1:2,ntoi=4);00425933644-03(1:2,ntoi=3);00425933644-01(1:2,ntoi=3);00425933644-04(1:2,ntoi=6);00425933644-01(1:2,ntoi=6);00425933644-02(1:2,ntoi=6);00425933644-03(1:2,ntoi=6);00425933644-05(1:2,ntoi=6);00425933644-06(1:2,ntoi=6);00425933644-01(1:2,ntoi=3);00425933644-02(1:2,ntoi=3);00425933644-03(1:2,ntoi=3);00425933644-01(1:2,ntoi=4);00425933644-03(1:2,ntoi=4);00425933644-04(1:2,ntoi=4);00425933644-01(1:2,ntoi=3);00425933644-02(1:2,ntoi=3);00425933644-03(1:2,ntoi=3);00425933644-01(1:2,ntoi=4);00425933644-03(1:2,ntoi=4);00425933644-04(1:2,ntoi=4);00425933644-01(1:2,ntoi=4);00425933644-02(1:2,ntoi=4);00425933644-03(1:2,ntoi=4);00425933644-04(1:2,ntoi=4);00425933644-01(1:2,ntoi=3);00425933644-02(1:2,ntoi=3);00425933644-03(1:2,ntoi=3);00425933644-01(1:2,ntoi=2);00425933644-02(1:2,ntoi=2);00425933644-01(1:2,ntoi=3);00425933644-03(1:2,ntoi=3);00425933644-01(1:2,ntoi=1);00425933644-01(1:2,ntoi=3);00425933644-02(1:2,ntoi=3);00425933644-03(1:2,ntoi=3);00425933644-01(1:2,ntoi=3);00425933644-02(1:2,ntoi=3);00425933644-03(1:2,ntoi=3)",True,,0,0,False,17708.7,274,274,11736.0,2.05,,,,,1.0,1.1836121951452916,5.170612490393236,False,False,True,1333.4
117549840,12.1607,3566.0,0.566522,3,2936.46,0.99902,1354.3558,0.75,130879.0,22.36,1290.7,68,55.0,-150.6,798.0,7.7,1.0,5,"00117549840-01(1:3,ntoi=1);00117549840-01(1:3,ntoi=2);00117549840-02(1:3,ntoi=2);00117549840-01(1:3,ntoi=1);00117549840-01(1:3,ntoi=1)",True,,0,0,False,43986.5,68,68,142524.0,1.15,,,,,1.0,1.2868982433326925,0.5827966615742034,False,False,True,1290.7
89205615,11.2475,3611.0,0.52517,5,2879.66,0.6976,1411.3008,3.0,25749.0,9.19,1262.1,153,3.4,1590.0,1038.4,11.9,1.0,4,"00089205615-02(1:2,ntoi=2)",True,,0,0,False,21968.2,150,151,21673.0,2.23,,,,,0.9933774834437086,1.0854514193985043,2.7638270551642283,False,False,True,1262.1
303653327,11.52,3206.0,0.501936,3,320.4,0.50829,3830.9585,6.0,45471.0,11.68,1222.1,134,4.7,-169.6,852.7,9.0,1.0,5,"00303653327-01(1:1,ntoi=1);00303653327-02(1:1,ntoi=3);00303653327-03(1:1,ntoi=3);00303653327-01(1:1,ntoi=1)",True,,0,0,False,33360.6,132,134,22499.0,2.15,,,,,0.9850746268656716,0.9477149090308974,6.331017843895065,False,False,True,1222.1
122671519,10.9163,3260.0,0.560941,8,2904.62,0.90124,1386.3715,4.2,14940.0,7.48,1167.9,210,8.6,1494.2,750.9,10.8,1.0,13,,False,,0,0,False,12043.6,208,208,12483.0,1.63,,,,,1.0,1.235283299307848,3.4000297764515537,False,False,True,1167.9
21446300,11.7772,3978.0,0.629364,2,379.98,0.57202,3665.8915,3.15,37282.0,13.26,1164.7,111,6.0,1573.3,958.0,10.4,1.0,1,,False,,0,0,False,31033.8,110,111,28667.0,1.3,,,,,0.990990990990991,1.1462516227098432,2.7480877126726444,False,False,True,1164.7
89502706,11.1364,3587.0,0.587233,5,2936.45,2.39718,1354.6829,4.2,30686.0,11.22,1146.3,46,13.3,-903.6,801.4,3.5,1.0,8,,False,,0,0,False,26721.6,46,46,27545.0,1.93,,,,,1.0,1.7646103058611584,2.380128907810233,False,False,True,1146.3
99028319,10.8065,3426.0,0.53299,4,2552.53,4.7002,1576.8947,1.8,59239.0,14.15,1136.8,19,331.5,1.7,655.7,6.8,1.0,9,"00099028319-01(1:1,ntoi=2);00099028319-01(1:1,ntoi=2);00099028319-01(3:1,ntoi=1);00099028319-01(1:1,ntoi=1);00099028319-01(1:1,ntoi=2);00099028319-02(3:1,ntoi=2);00099028319-01(1:1,ntoi=1)",True,,0,0,False,8426.6,19,19,44326.0,1.8,,,,,1.0,2.0704263233538818,0.869386164432155,False,False,True,1136.8
237338543,11.422,3569.0,0.562388,4,2907.31,2.50035,1327.6188,4.2,41452.0,12.49,1129.6,38,24.8,-932.6,1089.9,5.1,1.0,4,,False,,0,0,False,33053.7,38,38,42067.0,1.4,,,,,1.0,1.738731782754895,2.415553705094988,False,False,True,1129.6
283866910,10.8549,3122.0,0.270508,5,2607.45,0.73956,1438.5859,4.2,15916.0,3.72,1123.1,180,6.4,1538.5,825.1,9.5,1.0,4,"00283866910-01(1:2,ntoi=3);00283866910-02(1:2,ntoi=3);00283866910-03(1:2,ntoi=3)",True,,0,0,False,14604.0,180,180,14296.0,1.31,,,,,1.0,0.7111908725574578,5.90558760251901,False,False,True,1123.1
124350360,9.19014,3471.0,0.628084,5,2548.82,23.4138,1646.8194,1.58,60730.0,16.89,1092.8,4,597.3,-6.2,1056.3,3.3,2.0,5,"00124350360-01(1:3,ntoi=1)",True,,0,0,False,7189.7,3,4,54036.0,2.09,,,,,0.75,3.9449734276461577,0.4005096685639114,False,False,True,1092.8
429354344,10.8894,3097.0,0.204772,5,2552.65,1.7932,1573.9083,3.15,25862.0,3.59,1083.1,63,10.7,-889.1,605.8,3.7,1.0,12,,False,,0,0,False,21494.8,63,63,23075.0,1.54,,,,,1.0,0.7935937742560879,3.969285171059714,False,False,True,1083.1
299941037,12.0976,3427.0,0.545221,12,1951.8,2.63666,2037.0249,1.02,66436.0,15.33,1077.6,104,5.0,1047.4,706.3,14.7,0.5,19,"00299941037-01(1:2,ntoi=2);00299941037-01(1:2,ntoi=3);00299941037-01(1:2,ntoi=1);00299941037-01(1:2,ntoi=1);00299941037-01(1:2,ntoi=1);00299941037-01(1:2,ntoi=1);00299941037-01(1:2,ntoi=2);00299941037-01(1:2,ntoi=1);00299941037-01(1:2,ntoi=1);00299941037-01(1:2,ntoi=1);00299941037-01(1:2,ntoi=1);00299941037-01(1:2,ntoi=2);00299941037-01(1:2,ntoi=1);00299941037-01(1:2,ntoi=1)",True,,0,0,False,12434.3,104,104,68224.0,1.04,,,,,1.0,1.7335700191921124,0.5883811952835605,False,False,True,1077.6
229807000,10.7988,3453.0,0.599096,10,2879.02,1.87251,1325.5067,3.12,17372.0,8.61,1052.7,117,4.2,-966.8,603.8,5.2,1.0,11,,False,,0,0,False,15795.3,116,116,15980.0,1.36,,,,,1.0,1.6469507887337782,1.8944099734751294,False,False,True,1052.7
425933644,11.3983,3264.0,0.506531,12,2907.31,1.45845,1326.4141,6.12,15007.0,6.77,1018.9,182,1.3,-782.5,652.7,7.1,1.0,52,"00425933644-01(1:3,ntoi=3);00425933644-03(1:3,ntoi=3);00425933644-01(1:3,ntoi=3);00425933644-02(1:3,ntoi=3);00425933644-03(1:3,ntoi=3);00425933644-01(1:3,ntoi=4);00425933644-02(1:3,ntoi=4);00425933644-04(1:3,ntoi=4);00425933644-03(1:3,ntoi=4);00425933644-03(1:3,ntoi=3);00425933644-01(1:3,ntoi=3);00425933644-04(1:3,ntoi=6);00425933644-01(1:3,ntoi=6);00425933644-02(1:3,ntoi=6);00425933644-03(1:3,ntoi=6);00425933644-05(1:3,ntoi=6);00425933644-06(1:3,ntoi=6);00425933644-01(1:3,ntoi=3);00425933644-02(1:3,ntoi=3);00425933644-03(1:3,ntoi=3);00425933644-01(1:3,ntoi=4);00425933644-03(1:3,ntoi=4);00425933644-04(1:3,ntoi=4);00425933644-01(1:3,ntoi=3);00425933644-02(1:3,ntoi=3);00425933644-03(1:3,ntoi=3);00425933644-01(1:3,ntoi=4);00425933644-03(1:3,ntoi=4);00425933644-04(1:3,ntoi=4);00425933644-01(1:3,ntoi=4);00425933644-02(1:3,ntoi=4);00425933644-03(1:3,ntoi=4);00425933644-04(1:3,ntoi=4);00425933644-01(1:3,ntoi=3);00425933644-02(1:3,ntoi=3);00425933644-03(1:3,ntoi=3);00425933644-01(1:3,ntoi=2);00425933644-02(1:3,ntoi=2);00425933644-01(1:3,ntoi=3);00425933644-03(1:3,ntoi=3);00425933644-01(1:3,ntoi=1);00425933644-01(1:3,ntoi=3);00425933644-02(1:3,ntoi=3);00425933644-03(1:3,ntoi=3);00425933644-01(1:3,ntoi=3);00425933644-02(1:3,ntoi=3);00425933644-03(1:3,ntoi=3)",True,,0,0,False,17708.7,181,181,12772.0,1.66,,,,,1.0,1.35490702755417,4.516915091249919,False,False,True,1018.9
200364466,11.1589,3340.0,0.45842,6,2634.76,0.61505,1411.1427,6.3,12160.0,5.52,1012.5,255,1.1,-292.0,871.5,12.3,1.0,11,,False,,0,0,False,9149.0,212,255,8867.0,1.42,,,,,0.8313725490196079,0.9506503363285066,6.627042309090366,False,False,True,1012.5
117549840,12.1607,3566.0,0.566522,3,2936.46,1.66504,1354.3558,0.75,129791.0,22.27,1002.9,42,36.2,-126.2,618.6,5.7,1.0,5,,False,,0,0,False,43986.5,42,42,143628.0,1.14,,,,,1.0,1.525788618131734,0.49154908555966587,False,False,True,1002.9
89205615,11.2475,3611.0,0.52517,5,2879.66,1.0464,1411.6508,3.0,24234.0,8.92,1002.8,102,19.7,-851.4,836.6,9.3,1.0,4,"00089205615-02(1:3,ntoi=2)",True,,0,0,False,21968.2,100,101,21388.0,2.26,,,,,0.9900990099009901,1.2425316993851976,2.4144253233011232,False,False,True,1002.8
181015118,8.98852,3333.0,0.39292,6,2502.48,0.92927,1571.382,7.2,4406.0,2.85,991.4,150,13.2,-238.7,828.3,9.5,1.0,34,,False,,0,0,False,3942.7,148,150,2943.0,2.25,,,,,0.9866666666666667,0.9842944203374266,7.314884501257016,False,False,True,991.4
100481123,11.6876,3813.0,0.636279,7,2852.51,1.68455,1438.9139,6.0,20837.0,10.02,939.2,104,27.7,1108.5,595.5,4.1,0.5,16,"00100481123-06(1:2,ntoi=6);00100481123-05(1:2,ntoi=6)",True,,0,0,False,17447.0,104,104,21474.0,2.8,,,,,1.0,1.6550126689310056,3.62534989165701,False,False,True,939.2
176842025,10.7617,3363.0,0.610473,5,2879.66,0.68243,1411.3007,4.2,12578.0,7.47,935.4,183,9.0,522.7,719.8,12.8,1.0,4,,False,,0,0,False,8852.9,183,183,8878.0,1.91,,,,,1.0,1.1912565584177328,3.5256888789586873,False,False,True,935.4
117748478,10.7334,3374.0,0.56081,4,2822.01,1.22087,1439.1821,6.0,14151.0,7.28,929.6,87,5.5,1203.8,468.1,4.0,0.5,5,,False,,0,0,False,11987.6,87,87,11713.0,1.9,,,,,1.0,1.36660162914302,4.390452837205038,False,False,True,929.6
122671519,10.9163,3260.0,0.560941,8,2904.62,1.35186,1386.8465,4.2,13876.0,7.21,921.4,138,10.9,-780.7,589.4,8.2,1.0,13,,False,,0,0,False,12043.6,138,138,13104.0,1.48,,,,,1.0,1.4140463863059638,2.970199592229803,False,False,True,921.4
21446300,11.7772,3978.0,0.629364,2,379.98,0.85795,3666.4915,3.15,34392.0,12.73,920.5,75,4.7,-758.4,750.9,7.9,1.0,1,,False,,0,0,False,31033.8,74,75,28935.0,1.29,,,,,0.9866666666666667,1.3120897771657076,2.4007503562785377,False,False,True,920.5
238176832,10.3236,3245.0,0.27483,9,2851.9,0.52673,1325.7239,6.12,6305.0,2.38,913.4,383,0.1,-174.4,600.5,11.2,1.0,3,,False,,0,0,False,4150.8,334,383,4107.0,1.81,,,,,0.8720626631853786,0.6418699893748794,9.53464112874369,False,False,True,913.4
283866910,10.8549,3122.0,0.270508,5,2607.45,1.10934,1438.9609,3.0,16463.0,3.79,866.5,121,11.0,-756.3,655.7,7.3,1.0,4,"00283866910-01(1:3,ntoi=3);00283866910-02(1:3,ntoi=3);00283866910-03(1:3,ntoi=3)",True,,0,0,False,14604.0,121,121,17843.0,1.36,,,,,1.0,0.8141103209904534,3.6850042588210585,False,False,True,866.5
299941037,12.0976,3427.0,0.545221,12,1951.8,3.95501,2038.3424,1.02,64954.0,15.16,865.8,70,16.8,-20.1,793.7,16.7,1.0,19,"00299941037-01(1:3,ntoi=2);00299941037-01(1:3,ntoi=3);00299941037-01(1:3,ntoi=1);00299941037-01(1:3,ntoi=1);00299941037-01(1:3,ntoi=1);00299941037-01(1:3,ntoi=1);00299941037-01(1:3,ntoi=2);00299941037-01(1:3,ntoi=1);00299941037-01(1:3,ntoi=1);00299941037-01(1:3,ntoi=1);00299941037-01(1:3,ntoi=1);00299941037-01(1:3,ntoi=2);00299941037-01(1:3,ntoi=1);00299941037-01(1:3,ntoi=1)",True,,0,0,False,12434.3,70,70,66459.0,1.06,,,,,1.0,1.9844456364709515,0.513997451607655,False,False,True,865.8
156002545,11.4801,3318.0,0.455384,7,2878.49,0.70583,1354.6783,3.15,16419.0,6.37,833.1,214,7.2,1047.5,753.1,11.9,1.0,0,,False,,0,0,False,13093.8,213,214,16426.0,1.28,,,,,0.9953271028037384,0.9908931895062352,3.178950096094266,False,False,True,833.1
89205615,11.2475,3611.0,0.52517,5,2879.66,1.74486,1411.3039,3.15,23342.0,8.75,805.0,63,59.1,-659.6,668.2,4.2,1.0,4,,False,,0,0,False,21968.2,63,63,20785.0,2.25,,,,,1.0,1.473426339435935,2.1378740936624627,False,False,True,805.0
322009100,11.8152,3271.0,0.566122,4,106.58,0.82018,4154.2649,3.6,24537.0,9.67,798.5,105,19.4,988.7,798.1,12.7,1.0,6,,False,,0,0,False,17874.4,104,105,21789.0,1.38,,,,,0.9904761904761905,1.2044387158527696,2.988944105347128,False,False,True,798.5
425933644,11.3983,3264.0,0.506531,12,2907.31,2.43074,1325.9341,6.12,14042.0,6.55,784.8,109,3.7,-632.6,518.4,5.4,1.0,52,,False,,0,0,False,17708.7,109,109,13420.0,1.52,,,,,1.0,1.6064177085877014,3.809718958701259,False,False,True,784.8
436572709,11.5285,3272.0,0.313236,6,2607.68,0.83373,1438.5643,6.3,13783.0,4.01,764.4,188,3.2,-211.9,452.4,9.2,1.0,22,,False,,0,0,False,7854.1,186,186,11287.0,1.38,,,,,1.0,0.816202429745094,7.718673420229263,False,False,True,764.4
178155030,12.169,3224.0,0.4054,8,2904.61,0.97309,1386.7153,4.5,21130.0,6.43,759.8,192,4.8,963.7,564.5,10.4,1.0,24,"00178155030-01(1:2,ntoi=4);00178155030-03(1:2,ntoi=4);00178155030-04(1:2,ntoi=4);00178155030-01(1:2,ntoi=4);00178155030-02(1:2,ntoi=4);00178155030-04(1:1,ntoi=4);00178155030-01(1:2,ntoi=1);00178155030-01(1:2,ntoi=3);00178155030-03(1:2,ntoi=3);00178155030-02(1:2,ntoi=2);00178155030-01(1:2,ntoi=3);00178155030-03(1:2,ntoi=3);00178155030-01(1:2,ntoi=4);00178155030-03(1:2,ntoi=4);00178155030-04(1:2,ntoi=4);00178155030-01(1:2,ntoi=1);00178155030-01(1:2,ntoi=1);00178155030-01(1:2,ntoi=1)",True,,0,0,False,17716.3,191,191,16393.0,1.67,,,,,1.0,1.0205833058653995,4.409243198608117,False,False,True,759.8
117748478,10.7334,3374.0,0.56081,4,2822.01,1.83129,1439.2071,6.0,13274.0,7.05,744.7,59,11.0,-581.6,525.4,4.6,1.0,5,,False,,0,0,False,11987.6,59,59,11553.0,1.93,,,,,1.0,1.5643640775803238,3.835424301790722,False,False,True,744.7
66932406,10.4852,3591.0,0.64189,4,2528.11,0.50872,1571.7388,4.5,9797.0,6.93,743.9,182,2.6,-360.7,243.4,2.9,1.0,2,,False,,0,0,False,7212.2,162,180,6766.0,2.06,,,,,0.9,1.1168846046796603,4.029064400337642,False,False,True,743.9
100481123,11.6876,3813.0,0.636279,7,2852.51,2.528,1439.4201,4.5,22195.0,10.34,736.8,70,14.8,-120.0,706.5,5.0,1.0,16,"00100481123-06(1:3,ntoi=6);00100481123-05(1:3,ntoi=6)",True,,0,0,False,17447.0,68,70,23840.0,2.91,,,,,0.9714285714285714,1.8948101848860592,2.3749080704200454,False,False,True,736.8
66932406,10.4852,3591.0,0.64189,4,2528.11,0.50873,1571.7013,6.3,9105.0,6.68,717.1,184,2.9,0.0,515.9,7.3,1.0,2,,False,,0,0,False,7212.2,165,183,4634.0,2.24,,,,,0.9016393442622951,1.1168919228985004,5.6406532009386945,False,False,True,717.1
122671519,10.9163,3260.0,0.560941,8,2904.62,2.25309,1386.8465,4.2,13195.0,7.03,704.8,85,0.3,-622.3,453.6,6.0,1.0,13,,False,,0,0,False,12043.6,85,85,13000.0,1.36,,,,,1.0,1.6765348942179672,2.5051670648102573,False,False,True,704.8
21446300,11.7772,3978.0,0.629364,2,379.98,1.43001,3666.1915,2.25,37940.0,13.37,700.5,43,7.5,-622.3,573.3,5.7,1.0,1,,False,,0,0,False,31033.8,43,43,35801.0,1.19,,,,,1.0,1.5556882938515688,1.44630515566165,False,False,True,700.5
160008866,11.5074,3271.0,0.497124,7,2879.66,0.68217,1411.4754,4.2,11544.0,5.83,700.3,252,14.0,989.9,626.4,11.4,1.0,12,"00160008866-04(1:2,ntoi=5);00160008866-01(1:2,ntoi=1)",True,,0,0,False,11938.9,245,250,10736.0,1.98,,,,,0.98,1.0386813165325166,4.043588666850268,False,False,True,700.3
146539195,11.6167,3013.0,0.540541,4,2852.45,0.5607,1438.2683,2.1,20522.0,8.45,683.7,157,9.5,816.1,524.3,8.5,1.0,16,"00146539195-04(1:2,ntoi=4);00146539195-03(1:2,ntoi=4);00146539195-01(1:2,ntoi=4);00146539195-02(1:2,ntoi=4);00146539195-01(1:2,ntoi=3);00146539195-02(1:2,ntoi=3);00146539195-03(1:2,ntoi=3);00146539195-01(1:2,ntoi=2);00146539195-02(1:2,ntoi=2);00146539195-01(1:2,ntoi=3);00146539195-02(1:2,ntoi=3);00146539195-03(1:2,ntoi=3);00146539195-01(1:2,ntoi=4);00146539195-02(1:2,ntoi=4);00146539195-03(1:2,ntoi=4);00146539195-04(1:2,ntoi=4)",True,,0,0,False,15119.5,157,157,17444.0,2.2,,,,,1.0,1.0288156766466225,2.041181960645131,False,False,True,683.7
283866910,10.8549,3122.0,0.270508,5,2607.45,1.84891,1438.9609,3.0,16051.0,3.74,681.2,74,11.1,-584.9,493.8,5.2,1.0,4,,False,,0,0,False,14604.0,74,74,17867.0,1.24,,,,,1.0,0.9652362568085981,3.1080473602587495,False,False,True,681.2
99028319,10.8065,3426.0,0.53299,4,2552.53,14.1007,1581.5869,1.58,62508.0,14.54,675.0,7,199.6,-1.4,375.6,3.8,2.0,9,"00099028319-01(1:3,ntoi=2);00099028319-01(1:3,ntoi=2);00099028319-01(1:1,ntoi=1);00099028319-01(1:3,ntoi=1);00099028319-01(1:3,ntoi=2);00099028319-02(1:1,ntoi=2);00099028319-01(1:3,ntoi=1)",True,,0,0,False,8426.6,7,7,47978.0,1.77,,,,,1.0,2.9860785341638403,0.5291220515211368,False,False,True,675.0
160329609,9.65466,2998.0,0.29049,5,2577.39,1.01276,1469.2042,7.2,4410.0,2.1,672.9,133,5.0,133.9,672.2,9.9,2.0,21,,False,,0,0,False,3458.1,133,133,2888.0,1.98,,,,,1.0,0.828192446290335,8.69363157349534,False,False,True,672.9
160329609,9.65466,2998.0,0.29049,5,2577.39,1.01276,1469.2042,7.2,4407.0,2.1,672.4,133,5.9,136.1,352.5,4.6,0.5,21,,False,,0,0,False,3458.1,133,133,2878.0,1.99,,,,,1.0,0.828192446290335,8.69363157349534,False,False,True,672.4
160329609,9.65466,2998.0,0.29049,5,2577.39,1.01276,1469.2042,7.2,4406.0,2.1,672.2,133,7.0,140.3,136.4,2.5,1.0,21,,False,,0,0,False,3458.1,133,133,2902.0,1.99,,,,,1.0,0.828192446290335,8.69363157349534,False,False,True,672.2
156002545,11.4801,3318.0,0.455384,7,2878.49,1.05874,1355.0346,3.15,15455.0,6.18,671.1,145,1.8,-481.3,608.5,9.4,1.0,0,,False,,0,0,False,13093.8,145,145,16678.0,1.33,,,,,1.0,1.1342877612858748,2.7770730739693703,False,False,True,671.1
220044948,9.21204,3468.0,0.463636,3,2577.38,0.60407,1468.6191,7.2,4171.0,3.27,670.5,139,8.0,-56.3,510.2,6.9,1.0,12,,False,,0,0,False,2785.7,137,139,1788.0,2.23,,,,,0.9856115107913669,0.9521137056313475,7.5621220001508895,False,False,True,670.5
160329609,9.65466,2998.0,0.29049,5,2577.39,1.01276,1469.223,6.3,4574.0,2.14,670.2,133,3.5,146.0,84.9,2.8,1.0,21,,False,,0,0,False,3458.1,133,133,3006.0,2.15,,,,,1.0,0.828192446290335,7.606927626808423,False,False,True,670.2
261283885,11.6224,3300.0,0.365184,6,2574.31,0.77616,1658.7688,4.2,15374.0,4.94,670.0,159,2.1,894.3,517.7,6.6,1.0,4,,False,,0,0,False,14373.2,157,158,13707.0,1.62,,,,,0.9936708860759493,0.8828085703329503,4.75754330116661,False,False,True,670.0
148611095,12.0816,3452.0,0.441394,4,2554.41,4.83745,1546.9883,1.05,107991.0,15.83,669.7,17,4.8,-6.4,364.2,7.2,1.0,14,"00148611095-02(1:1,ntoi=3);00148611095-01(1:1,ntoi=3);00148611095-01(1:1,ntoi=3);00148611095-02(1:1,ntoi=3);00148611095-01(1:1,ntoi=2);00148611095-02(1:1,ntoi=2);00148611095-01(1:1,ntoi=2);00148611095-02(1:1,ntoi=2);00148611095-01(1:1,ntoi=2);00148611095-02(1:1,ntoi=2);00148611095-01(1:1,ntoi=2);00148611095-02(1:1,ntoi=2)",True,,0,0,False,14614.3,17,17,109593.0,1.04,,,,,1.0,1.8434501894029534,0.5695841450102149,False,False,True,669.7
251846450,12.0114,3034.0,0.366397,6,2936.45,0.52161,1354.6948,6.0,15928.0,5.04,651.6,249,4.7,-164.6,515.6,9.2,1.0,3,,False,,0,0,False,11994.8,247,249,9793.0,2.32,,,,,0.9919678714859438,0.774981858681151,7.742116712526256,False,False,True,651.6
200364466,11.1589,3340.0,0.45842,6,2634.76,1.23218,1411.1052,4.5,10708.0,5.18,650.8,126,2.6,772.6,385.3,4.9,0.5,11,,False,,0,0,False,9149.0,114,126,11091.0,1.43,,,,,0.9047619047619048,1.1984190860877728,3.754946873126166,False,False,True,650.8
176842025,10.7617,3363.0,0.610473,5,2879.66,1.3632,1411.3257,4.2,11308.0,7.08,650.1,93,10.3,558.9,360.4,5.8,0.5,4,,False,,0,0,False,8852.9,93,93,9740.0,1.74,,,,,1.0,1.50028048544296,2.7994765250578753,False,False,True,650.1
181015118,8.98852,3333.0,0.39292,6,2502.48,1.85856,1571.382,7.2,3608.0,2.58,640.0,75,4.3,758.0,400.1,4.0,0.5,34,,False,,0,0,False,3942.7,74,75,2842.0,2.33,,,,,0.9866666666666667,1.2401377078750817,5.805806850544739,False,False,True,640.0
322009100,11.8152,3271.0,0.566122,4,106.58,1.22992,4153.8711,3.6,22944.0,9.36,636.0,72,0.2,-472.4,640.1,10.0,1.0,6,,False,,0,0,False,17874.4,72,72,21756.0,1.26,,,,,1.0,1.3786073939975285,2.6113308369550596,False,False,True,636.0
258101273,11.0904,3426.0,0.645278,5,2470.07,3.25001,1631.9853,7.2,16917.0,9.16,608.4,36,41.4,-180.8,410.8,3.8,1.0,9,"00258101273-01(3:1,ntoi=1)",True,,0,0,False,14606.7,36,36,15675.0,2.11,,,,,1.0,2.07970194911987,3.4620345492521376,False,False,True,608.4
178155030,12.169,3224.0,0.4054,8,2904.61,1.45963,1387.209,4.8,19073.0,6.11,602.5,128,4.5,-522.3,445.5,7.9,1.0,24,"00178155030-01(1:3,ntoi=4);00178155030-03(1:3,ntoi=4);00178155030-04(1:3,ntoi=4);00178155030-01(1:3,ntoi=4);00178155030-02(1:3,ntoi=4);00178155030-01(1:3,ntoi=1);00178155030-01(1:3,ntoi=3);00178155030-03(1:3,ntoi=3);00178155030-02(1:3,ntoi=2);00178155030-01(1:3,ntoi=3);00178155030-03(1:3,ntoi=3);00178155030-01(1:3,ntoi=4);00178155030-03(1:3,ntoi=4);00178155030-04(1:3,ntoi=4);00178155030-01(1:3,ntoi=1);00178155030-01(1:3,ntoi=1);00178155030-01(1:3,ntoi=1)",True,,0,0,False,17716.3,128,128,15563.0,1.47,,,,,1.0,1.1682749119525853,4.108621995466431,False,False,True,602.5
100481123,11.6876,3813.0,0.636279,7,2852.51,4.21138,1441.4639,4.8,21500.0,10.18,592.5,43,31.7,-253.2,540.0,3.6,1.0,16,,False,,0,0,False,17447.0,42,42,22855.0,2.25,,,,,1.0,2.2461986610574605,2.136943665410372,False,False,True,592.5
303653327,11.52,3206.0,0.501936,3,320.4,1.52481,3830.9648,4.5,32847.0,9.92,589.9,45,17.3,-509.5,463.3,4.3,1.0,5,"00303653327-01(1:3,ntoi=1);00303653327-02(1:3,ntoi=3);00303653327-03(1:3,ntoi=3);00303653327-01(1:3,ntoi=1)",True,,0,0,False,33360.6,44,45,27841.0,2.02,,,,,0.9777777777777777,1.3668234927712495,3.2923051321544095,False,False,True,589.9
341787179,11.9441,3023.0,0.204262,6,2497.67,0.784,1601.9917,3.0,21206.0,3.25,589.6,178,7.0,699.7,417.8,9.8,1.0,2,,False,,0,0,False,16747.5,178,178,18675.0,1.28,,,,,1.0,0.6013196114959501,4.989027370214425,False,False,True,589.6
220556639,11.4982,3254.0,0.588476,7,2662.78,0.59431,1325.8915,3.6,9735.0,6.33,585.8,295,5.6,-56.6,404.6,11.3,1.0,6,,False,,0,0,False,7549.0,280,294,7442.0,2.65,,,,,0.9523809523809523,1.1101077732278946,3.2429283776044278,False,False,True,585.8
117748478,10.7334,3374.0,0.56081,4,2822.01,3.05217,1439.7821,4.8,13850.0,7.2,571.6,35,16.8,-441.1,340.4,2.4,1.0,5,,False,,0,0,False,11987.6,35,35,14286.0,1.33,,,,,1.0,1.8547627556961392,2.5879320604528955,False,False,True,571.6
248354845,11.0868,3300.0,0.476597,3,2602.12,0.52236,1386.4734,4.2,10022.0,5.21,568.9,156,4.2,-105.9,404.9,7.9,1.0,3,,False,,0,0,False,6721.9,154,156,6540.0,2.0,,,,,0.9871794871794872,0.9239159571293332,4.545868017097218,False,False,True,568.9
333603501,11.7093,3664.0,0.559513,4,2602.12,0.55267,1386.1548,4.5,14185.0,7.27,562.5,176,6.0,-257.6,574.4,10.6,1.0,5,,False,,0,0,False,9457.3,175,175,7512.0,2.96,,,,,1.0,1.047700244779459,4.295121646122408,False,False,True,562.5
2052312662,10.6159,3487.0,0.55714,1,25.79,0.51355,4265.2222,6.12,18344.0,8.23,559.3,43,6.3,-48.1,568.3,6.4,1.0,0,,False,,0,0,False,14445.6,43,43,9252.0,2.47,,,,,1.0,1.0194801287248734,6.003059625747351,False,False,True,559.3
382552502,10.6505,3265.0,0.467062,7,2602.12,2.30618,1387.9904,6.3,7969.0,4.55,551.0,72,3.9,601.1,362.2,4.0,0.5,29,,False,,0,0,False,6639.6,72,72,6288.0,2.33,,,,,1.0,1.495394288704061,4.212935710393617,False,False,True,551.0
197960398,11.468,3244.0,0.461552,9,2198.29,1.22595,2062.3625,7.92,8215.0,4.56,543.3,158,4.6,-228.9,121.7,2.9,1.0,11,,False,,0,0,False,5568.3,156,156,6122.0,2.95,,,,,1.0,1.2018390330217508,6.589900795688889,False,False,True,543.3
197960398,11.468,3244.0,0.461552,9,2198.29,1.22593,2062.4075,7.92,8206.0,4.56,542.9,158,6.6,-226.5,137.4,3.5,1.0,11,,False,,0,0,False,5568.3,157,157,6128.0,2.91,,,,,1.0,1.20183249743401,6.589936631693444,False,False,True,542.9
99028319,10.8065,3426.0,0.53299,4,2552.53,19.0482,1576.89,1.58,58631.0,14.08,541.8,5,260.1,2.1,341.2,3.3,2.0,9,,False,,0,0,False,8426.6,4,5,79190.0,1.06,,,,,0.8,3.3009502735083487,0.4786500459216942,False,False,True,541.8
146539195,11.6167,3013.0,0.540541,4,2852.45,0.84139,1438.2558,1.5,22219.0,8.79,539.2,106,2.6,-267.1,419.8,6.6,1.0,16,"00146539195-04(1:3,ntoi=4);00146539195-03(1:3,ntoi=4);00146539195-01(1:3,ntoi=4);00146539195-02(1:3,ntoi=4);00146539195-01(1:3,ntoi=3);00146539195-02(1:3,ntoi=3);00146539195-03(1:3,ntoi=3);00146539195-01(1:3,ntoi=2);00146539195-02(1:3,ntoi=2);00146539195-01(1:3,ntoi=3);00146539195-02(1:3,ntoi=3);00146539195-03(1:3,ntoi=3);00146539195-01(1:3,ntoi=4);00146539195-02(1:3,ntoi=4);00146539195-03(1:3,ntoi=4);00146539195-04(1:3,ntoi=4)",True,,0,0,False,15119.5,106,106,20766.0,1.99,,,,,1.0,1.1778586342934907,1.2734974778189216,False,False,True,539.2
11568422,11.05,3385.0,0.617215,3,2174.67,0.54838,2116.335,7.2,8362.0,6.16,537.6,161,6.9,0.0,333.9,10.6,1.0,1,,False,,0,0,False,5773.1,161,161,3662.0,2.33,,,,,1.0,1.1156461673146667,6.453659064083217,False,False,True,537.6
238176832,10.3236,3245.0,0.27483,9,2851.9,1.05347,1325.7239,6.12,4290.0,1.96,534.0,192,2.2,739.4,237.0,3.9,0.5,3,,False,,0,0,False,4150.8,168,192,4089.0,1.24,,,,,0.875,0.8087080697880528,7.567625733726062,False,False,True,534.0
160008866,11.5074,3271.0,0.497124,7,2879.66,1.02324,1411.5004,4.2,10182.0,5.47,532.6,169,1.1,-432.4,482.0,8.5,1.0,12,"00160008866-04(1:3,ntoi=5);00160008866-01(1:3,ntoi=1)",True,,0,0,False,11938.9,155,168,10923.0,1.41,,,,,0.9226190476190477,1.1889874866221986,3.532417327563139,False,False,True,532.6
224283342,12.2857,3165.0,0.336175,6,2878.49,0.88753,1354.7699,4.8,17628.0,4.87,530.3,149,2.1,-7.9,419.0,7.8,1.0,26,"00224283342-01(1:1,ntoi=4);00224283342-03(1:1,ntoi=4);00224283342-04(1:2,ntoi=4);00224283342-02(1:1,ntoi=4);00224283342-03(1:1,ntoi=4);00224283342-04(1:1,ntoi=4);00224283342-01(1:1,ntoi=4);00224283342-02(1:1,ntoi=4);00224283342-04(1:1,ntoi=4);00224283342-03(1:1,ntoi=4);00224283342-01(1:1,ntoi=4);00224283342-02(1:1,ntoi=4);00224283342-01(1:1,ntoi=3);00224283342-02(1:2,ntoi=3);00224283342-03(1:3,ntoi=3);00224283342-01(1:1,ntoi=2);00224283342-02(1:1,ntoi=2);00224283342-01(1:1,ntoi=3);00224283342-02(1:1,ntoi=3);00224283342-03(1:1,ntoi=3);00224283342-01(1:2,ntoi=2);00224283342-02(1:1,ntoi=2);00224283342-01(2:1,ntoi=2);00224283342-02(2:1,ntoi=2);00224283342-01(1:1,ntoi=2);00224283342-02(1:1,ntoi=2)",True,,0,0,False,11569.6,149,149,17816.0,1.89,,,,,1.0,0.8736005866593765,5.494501804714969,False,False,True,530.3
200364466,11.1589,3340.0,0.45842,6,2634.76,1.84827,1411.1052,4.5,9994.0,5.0,518.0,86,20.2,-349.9,445.3,5.8,1.0,11,,False,,0,0,False,9149.0,77,86,10738.0,1.42,,,,,0.8953488372093024,1.371847396392421,3.2802482344856685,False,False,True,518.0
261283885,11.6224,3300.0,0.365184,6,2574.31,1.16423,1658.7938,4.2,13763.0,4.67,510.2,106,5.5,-446.5,414.6,5.0,1.0,4,,False,,0,0,False,14373.2,105,105,13353.0,1.66,,,,,1.0,1.0105606505574256,4.1561087874174385,False,False,True,510.2
308305105,12.4043,3153.0,0.354638,6,2879.66,0.54138,1411.2942,6.3,15122.0,4.76,509.1,277,1.4,-97.4,395.4,13.3,1.0,3,,False,,0,0,False,9538.6,277,277,8672.0,1.63,,,,,1.0,0.7677724825195708,8.205555869006298,False,False,True,509.1
181015118,8.98852,3333.0,0.39292,6,2502.48,2.78787,1571.3632,6.3,3533.0,2.55,506.1,52,9.6,-235.3,457.3,4.8,1.0,34,,False,,0,0,False,3942.7,52,52,3220.0,2.23,,,,,1.0,1.4196083890399351,4.437843597318143,False,False,True,506.1
176842025,10.7617,3363.0,0.610473,5,2879.66,2.0473,1411.9695,3.6,11274.0,7.07,505.6,62,8.8,165.8,403.3,6.6,2.0,4,,False,,0,0,False,8852.9,62,62,10289.0,1.67,,,,,1.0,1.7180920568383213,2.095347560493828,False,False,True,505.6
319558877,12.4489,3915.0,0.615245,12,1081.57,1.24098,2964.9097,5.04,13793.0,7.88,502.6,228,7.7,620.9,280.2,4.1,0.5,7,"00319558877-01(1:2,ntoi=3);00319558877-02(1:2,ntoi=3);00319558877-01(1:2,ntoi=2);00319558877-02(1:2,ntoi=2);00319558877-01(1:2,ntoi=1)",True,,0,0,False,12722.6,227,227,12792.0,2.24,,,,,1.0,1.4616002773882741,3.4482752076415513,False,False,True,502.6
303653327,11.52,3206.0,0.501936,3,320.4,2.03347,3830.946,4.2,32427.0,9.86,499.1,34,105.0,523.3,417.7,3.7,0.5,5,,False,,0,0,False,33360.6,33,34,30733.0,1.85,,,,,0.9705882352941176,1.5044800994937333,2.791662050839573,False,False,True,499.1
156002545,11.4801,3318.0,0.455384,7,2878.49,1.76457,1354.3221,3.15,14295.0,5.94,497.3,88,4.4,-370.5,457.5,6.8,1.0,0,,False,,0,0,False,13093.8,88,88,15823.0,1.25,,,,,1.0,1.344847694649278,2.3422726696360114,False,False,True,497.3
352400977,10.8687,3445.0,0.645562,2,2168.02,0.86266,2036.6148,3.6,13365.0,8.14,492.4,47,4.3,579.7,419.2,6.8,1.0,0,,False,,0,0,False,8996.9,47,47,13652.0,1.27,,,,,1.0,1.3369448314917063,2.6927064716524414,False,False,True,492.4
436572709,11.5285,3272.0,0.313236,6,2607.68,1.66747,1438.5643,6.3,11089.0,3.6,489.1,96,10.2,578.5,219.6,4.0,0.5,22,"00436572709-02(3:1,ntoi=2)",True,,0,0,False,7854.1,95,95,11207.0,1.2,,,,,1.0,1.0283526779297965,6.126302906783589,False,False,True,489.1
322009100,11.8152,3271.0,0.566122,4,106.58,2.0504,4154.6774,3.6,21960.0,9.15,487.4,44,16.0,-396.4,490.4,7.4,1.0,6,,False,,0,0,False,17874.4,44,44,21875.0,1.37,,,,,1.0,1.6346615469792325,2.2022907473737354,False,False,True,487.4
627018,12.1078,3380.0,0.416175,4,2852.46,0.84483,1438.8093,4.8,15911.0,5.73,483.9,118,1.8,169.7,402.9,9.5,1.0,5,,False,,0,0,False,9789.8,118,118,15454.0,1.62,,,,,1.0,0.9907910204806775,4.844613950650565,False,False,True,483.9
627018,12.1078,3380.0,0.416175,4,2852.46,0.84484,1438.753,4.5,16229.0,5.78,481.9,118,1.3,125.9,48.1,3.2,1.0,5,,False,,0,0,False,9789.8,118,118,15955.0,1.65,,,,,1.0,0.9907949296975666,4.541807658799379,False,False,True,481.9
231910539,12.069,3179.0,0.402849,12,2907.31,0.5503,1325.7389,6.12,8086.0,3.95,478.7,494,1.8,-127.2,355.8,11.3,1.0,7,,False,,0,0,False,6618.3,484,494,4171.0,1.9,,,,,0.979757085020243,0.8404327962833369,7.281962373511125,False,False,True,478.7
66932406,10.4852,3591.0,0.64189,4,2528.11,1.01744,1572.2576,4.2,7794.0,6.18,466.2,92,7.3,558.0,214.9,2.4,0.5,2,,False,,0,0,False,7212.2,82,91,6945.0,2.03,,,,,0.9010989010989011,1.407186423739418,2.984679164853678,False,False,True,466.2
341787179,11.9441,3023.0,0.204262,6,2497.67,1.17601,1601.9917,3.0,19812.0,3.14,463.4,118,8.1,-353.6,330.6,7.5,1.0,2,,False,,0,0,False,16747.5,117,118,18780.0,1.18,,,,,0.9915254237288136,0.6883410746751335,4.358304495218257,False,False,True,463.4
344552743,12.2362,3130.0,0.432301,7,2547.28,0.6861,1657.4792,3.15,16008.0,5.97,462.1,209,0.7,590.6,351.0,12.3,1.0,18,"00344552743-01(1:2,ntoi=6);00344552743-03(1:2,ntoi=3);00344552743-02(1:2,ntoi=3);00344552743-04(1:2,ntoi=4);00344552743-01(1:2,ntoi=4);00344552743-03(1:2,ntoi=4);00344552743-02(1:2,ntoi=4);00344552743-01(1:2,ntoi=1);00344552743-01(1:2,ntoi=1);00344552743-01(1:2,ntoi=1);00344552743-01(1:2,ntoi=1);00344552743-01(1:2,ntoi=1)",True,,0,0,False,12552.4,207,208,13514.0,1.72,,,,,0.9951923076923077,0.948116258242565,3.322377369457689,False,False,True,462.1
178155030,12.169,3224.0,0.4054,8,2904.61,2.43272,1388.184,4.8,18201.0,5.97,461.9,79,16.5,-422.7,348.3,5.9,1.0,24,,False,,0,0,False,17716.3,79,79,15878.0,1.55,,,,,1.0,1.3851437033547487,3.46534441760421,False,False,True,461.9
99028319,10.8065,3426.0,0.53299,4,2552.53,19.29571,1577.3775,1.58,50789.0,13.1,461.4,5,64.1,-5.1,341.3,3.0,2.0,9,,False,,0,0,False,8426.6,4,5,81275.0,1.03,,,,,0.8,3.315186173023397,0.47659465186507616,False,False,True,461.4
152475404,11.2541,3102.0,0.234699,3,2577.17,1.28527,1412.2214,3.15,13625.0,2.99,455.3,66,18.5,-306.1,611.5,7.0,1.0,3,"00152475404-01(1:3,ntoi=1);00152475404-01(1:3,ntoi=1)",True,,0,0,False,12997.8,64,65,14706.0,1.96,,,,,0.9846153846153847,0.7778226347206991,4.049766436960405,False,False,True,455.3
410062743,11.1327,3624.0,0.423258,3,2554.45,0.61773,1544.7919,4.5,8607.0,4.28,446.7,104,3.8,103.6,393.3,6.9,1.0,4,,False,,0,0,False,5960.3,104,104,5068.0,1.94,,,,,1.0,0.9027024935152029,4.985031095324223,False,False,True,446.7
32816814,11.7235,3300.0,0.576305,5,2822.29,0.91697,1468.586,4.5,11442.0,6.73,446.3,137,1.4,576.8,288.0,7.1,1.0,4,,False,,0,0,False,12584.9,124,137,9133.0,2.75,,,,,0.9051094890510949,1.2650128239295293,3.557276191099454,False,False,True,446.3
7723060,11.221,3199.0,0.220435,7,2879.66,0.50253,1411.1434,4.5,5746.0,1.82,446.1,343,3.0,-175.4,328.9,10.9,1.0,6,"00007723060-01(2:1,ntoi=2);00007723060-02(2:1,ntoi=2);00007723060-01(2:1,ntoi=3);00007723060-03(1:1,ntoi=3);00007723060-02(2:1,ntoi=3);00007723060-01(1:1,ntoi=1)",True,,0,0,False,3988.9,341,341,4183.0,1.77,,,,,1.0,0.5454848076920371,8.249542309050984,False,False,True,446.1
308305105,12.4043,3153.0,0.354638,6,2879.66,0.54252,1411.313,7.2,13180.0,4.44,440.6,276,1.8,0.0,46.4,2.7,1.0,3,,False,,0,0,False,9538.6,276,276,6529.0,2.03,,,,,1.0,0.7683110118296278,9.3712050057101,False,False,True,440.6
224283342,12.2857,3165.0,0.336175,6,2878.49,0.88977,1354.6949,6.0,13611.0,4.28,440.4,151,0.3,-7.3,63.9,2.9,1.0,26,"00224283342-01(1:1,ntoi=4);00224283342-03(1:1,ntoi=4);00224283342-04(1:2,ntoi=4);00224283342-02(1:1,ntoi=4);00224283342-03(1:1,ntoi=4);00224283342-04(1:1,ntoi=4);00224283342-01(1:1,ntoi=4);00224283342-02(1:1,ntoi=4);00224283342-04(1:1,ntoi=4);00224283342-03(1:1,ntoi=4);00224283342-01(1:1,ntoi=4);00224283342-02(1:1,ntoi=4);00224283342-01(1:1,ntoi=3);00224283342-02(1:2,ntoi=3);00224283342-03(1:3,ntoi=3);00224283342-01(1:1,ntoi=2);00224283342-02(1:1,ntoi=2);00224283342-01(1:1,ntoi=3);00224283342-02(1:1,ntoi=3);00224283342-03(1:1,ntoi=3);00224283342-01(1:2,ntoi=2);00224283342-02(1:1,ntoi=2);00224283342-01(2:1,ntoi=2);00224283342-02(2:1,ntoi=2);00224283342-01(1:1,ntoi=2);00224283342-02(1:1,ntoi=2)",True,,0,0,False,11569.6,149,150,14356.0,1.94,,,,,0.9933333333333333,0.8743349172678988,6.8623588987486155,False,False,True,440.4
303653327,11.52,3206.0,0.501936,3,320.4,2.54175,3832.9835,4.8,29779.0,9.45,439.5,27,34.3,-397.0,302.8,1.9,1.0,5,,False,,0,0,False,33360.6,25,27,25796.0,1.99,,,,,0.9259259259259259,1.6206334617959177,2.961804820863591,False,False,True,439.5
220523369,11.9752,3276.0,0.456772,11,2662.78,1.28966,1325.955,7.92,7695.0,4.37,431.4,205,4.3,-197.4,263.3,10.4,1.0,24,,False,,0,0,False,5233.9,202,205,6660.0,2.54,,,,,0.9853658536585366,1.2138537191558272,6.524674163792943,False,False,True,431.4
410421717,11.8325,3258.0,0.446698,9,2907.31,0.98499,1326.1174,6.12,8302.0,4.44,431.1,203,7.9,-106.8,292.2,13.1,1.0,18,"00410421717-06(1:1,ntoi=6);00410421717-05(1:1,ntoi=6);00410421717-03(1:1,ntoi=6);00410421717-01(1:1,ntoi=6);00410421717-01(1:1,ntoi=1);00410421717-01(1:1,ntoi=2);00410421717-02(1:1,ntoi=2);00410421717-01(1:1,ntoi=1);00410421717-01(1:1,ntoi=2);00410421717-02(1:1,ntoi=2);00410421717-01(1:1,ntoi=2);00410421717-02(1:1,ntoi=2);00410421717-01(1:1,ntoi=2);00410421717-02(1:1,ntoi=2)",True,,0,0,False,6233.3,203,203,5753.0,2.45,,,,,1.0,1.0931881276931754,5.598304486634251,False,False,True,431.1
219249241,11.8444,3272.0,0.527124,2,2554.45,0.52784,1544.8554,1.58,22874.0,8.7,425.3,81,0.6,493.9,380.9,8.4,1.0,0,,False,,0,0,False,14313.2,81,81,17836.0,1.82,,,,,1.0,0.9915567762862072,1.5934538876510507,False,False,True,425.3
238176832,10.3236,3245.0,0.27483,9,2851.9,1.58021,1326.7589,4.68,4400.0,1.99,418.9,125,14.8,-377.5,278.2,4.7,1.0,3,,False,,0,0,False,4150.8,111,125,4796.0,1.99,,,,,0.888,0.925740621945098,5.055411730951947,False,False,True,418.9
251846450,12.0114,3034.0,0.366397,6,2936.45,1.04323,1354.6885,6.3,11755.0,4.33,418.9,123,0.3,579.6,138.8,2.4,0.5,3,,False,,0,0,False,11994.8,122,123,9524.0,1.9,,,,,0.991869918699187,0.9764190769077665,6.452147596246835,False,False,True,418.9
160008866,11.5074,3271.0,0.497124,7,2879.66,1.70543,1412.1504,3.0,11179.0,5.73,411.8,103,13.2,-395.4,372.1,6.2,1.0,12,,False,,0,0,False,11938.9,103,103,13140.0,1.43,,,,,1.0,1.409708809480303,2.1280990654417256,False,False,True,411.8
200364466,11.1589,3340.0,0.45842,6,2634.76,3.08041,1411.1052,4.5,10136.0,5.04,411.3,51,2.9,-265.9,337.9,4.1,1.0,11,,False,,0,0,False,9149.0,47,51,11060.0,1.35,,,,,0.9215686274509803,1.6264978995213004,2.7666804865376147,False,False,True,411.3
181015118,8.98852,3333.0,0.39292,6,2502.48,4.6464,1575.0757,6.3,3646.0,2.59,409.1,31,40.9,-228.7,358.5,3.5,1.0,34,,False,,0,0,True,3942.7,30,31,3332.0,2.13,,,,,0.967741935483871,1.6831258206298754,3.743035679675067,False,False,True,409.1
146539195,11.6167,3013.0,0.540541,4,2852.45,1.40232,1438.2558,1.5,21452.0,8.64,407.3,63,7.3,-205.9,317.4,4.7,1.0,16,,False,,0,0,False,15119.5,62,62,20774.0,1.99,,,,,1.0,1.3965069364908538,1.074108520913762,False,False,True,407.3
319558877,12.4489,3915.0,0.615245,12,1081.57,1.86145,2964.2897,4.08,14210.0,8.0,403.9,150,7.5,-211.1,335.2,5.1,1.0,7,"00319558877-01(1:3,ntoi=3);00319558877-02(1:3,ntoi=3);00319558877-01(1:3,ntoi=2);00319558877-02(1:3,ntoi=2);00319558877-01(1:3,ntoi=1)",True,,0,0,False,12722.6,149,150,13584.0,2.43,,,,,0.9933333333333333,1.6731086623337643,2.438574428458784,False,False,True,403.9
261283885,11.6224,3300.0,0.365184,6,2574.31,1.94041,1659.1438,4.2,13280.0,4.59,402.9,65,8.6,-339.8,319.0,3.6,1.0,4,,False,,0,0,False,14373.2,65,65,14136.0,1.56,,,,,1.0,1.1981576259549847,3.5053818537877386,False,False,True,402.9
671393,12.0373,3096.0,0.548227,3,2852.41,0.88441,1438.5867,4.8,22313.0,8.93,397.2,71,0.3,522.5,284.6,6.8,1.0,3,,False,,0,0,False,22007.7,70,71,16853.0,2.43,,,,,0.9859154929577465,1.208926198551942,3.9704656957136546,False,False,True,397.2
176842025,10.7617,3363.0,0.610473,5,2879.66,3.41219,1411.9507,3.6,11250.0,7.06,396.7,36,7.9,155.4,232.9,5.3,2.0,4,,False,,0,0,True,8852.9,36,36,11412.0,1.44,,,,,1.0,2.0370280210532226,1.7672805493066612,False,False,True,396.7
220556639,11.4982,3254.0,0.588476,7,2662.78,1.18862,1325.8915,4.2,8026.0,5.75,396.2,148,1.3,455.7,186.0,4.5,0.5,6,,False,,0,0,False,7549.0,142,148,6677.0,2.75,,,,,0.9594594594594594,1.3986481511417488,3.0028996188722967,False,False,True,396.2
352400977,10.8687,3445.0,0.645562,2,2168.02,1.29529,2036.6148,3.6,12686.0,7.93,395.1,31,7.5,-221.5,342.3,5.4,1.0,0,,False,,0,0,False,8996.9,31,31,14077.0,1.21,,,,,1.0,1.530932127882414,2.3515085577173966,False,False,True,395.1
220044948,9.21204,3468.0,0.463636,3,2577.38,1.21016,1468.6191,6.0,3036.0,2.79,393.6,68,6.6,501.9,233.8,2.6,0.5,12,,False,,0,0,False,2785.7,68,68,2153.0,1.98,,,,,1.0,1.200256294449176,4.998932334492387,False,False,True,393.6
117880865,11.8801,3273.0,0.355164,3,2822.01,0.49219,1438.4703,4.5,11595.0,4.17,389.5,137,3.7,-95.2,53.5,3.4,1.0,7,"00117880865-04(2:1,ntoi=4);00117880865-03(2:1,ntoi=4)",True,,0,0,False,6774.1,137,137,8606.0,1.31,,,,,1.0,0.7445122506690561,6.044225593274085,False,False,True,389.5
201426753,9.20446,3729.0,0.558549,5,2577.39,3.43732,1470.3666,7.2,3074.0,3.38,389.0,39,8.7,419.9,253.0,3.6,0.5,11,,False,,0,0,True,2393.0,38,39,3047.0,2.45,,,,,0.9743589743589743,1.9245201744530207,3.741192269936248,False,False,True,389.0
436572709,11.5285,3272.0,0.313236,6,2607.68,2.50119,1440.2143,6.3,10633.0,3.52,388.8,61,0.1,-229.3,238.3,4.4,1.0,22,"00436572709-02(2:1,ntoi=2)",True,,0,0,False,7854.1,61,61,11227.0,1.41,,,,,1.0,1.1771676035837249,5.351829238946532,False,False,True,388.8
248354845,11.0868,3300.0,0.476597,3,2602.12,1.04322,1386.4984,4.2,8370.0,4.76,376.5,78,1.5,455.2,181.3,3.0,0.5,3,,False,,0,0,False,6721.9,78,78,6798.0,1.74,,,,,1.0,1.16350377953515,3.6097862971085575,False,False,True,376.5
44790652,12.0475,3869.0,0.649332,3,2146.05,0.89087,2145.3566,6.3,15198.0,8.73,375.7,73,1.7,-87.7,349.4,9.9,1.0,2,,False,,0,0,False,9817.5,73,73,10899.0,1.65,,,,,1.0,1.356618107421744,4.643900863134699,False,False,True,375.7
333603501,11.7093,3664.0,0.559513,4,2602.12,1.10656,1386.5986,4.2,12140.0,6.73,372.3,87,7.5,447.3,251.2,4.0,0.5,5,,False,,0,0,False,9457.3,87,87,9326.0,2.13,,,,,1.0,1.3205050634463387,3.1806012080245805,False,False,True,372.3
44790652,12.0475,3869.0,0.649332,3,2146.05,0.89087,2145.3566,6.3,15018.0,8.68,371.8,73,2.6,-110.1,102.5,3.0,1.0,2,,False,,0,0,False,9817.5,73,73,10789.0,1.6,,,,,1.0,1.356618107421744,4.643900863134699,False,False,True,371.8
66932406,10.4852,3591.0,0.64189,4,2528.11,1.52615,1572.2701,4.8,6902.0,5.82,371.0,61,0.9,-301.6,256.2,3.1,1.0,2,,False,,0,0,False,7212.2,56,61,6391.0,1.96,,,,,0.9180327868852459,1.6108228229188035,2.9798435505789658,False,False,True,371.0
344552743,12.2362,3130.0,0.432301,7,2547.28,1.02916,1657.7979,3.15,14974.0,5.77,369.5,140,0.8,-290.7,277.1,9.4,1.0,18,"00344552743-01(1:3,ntoi=6);00344552743-03(1:3,ntoi=3);00344552743-02(1:3,ntoi=3);00344552743-04(1:3,ntoi=4);00344552743-01(1:3,ntoi=4);00344552743-03(1:3,ntoi=4);00344552743-02(1:3,ntoi=4);00344552743-01(1:3,ntoi=1);00344552743-01(1:3,ntoi=1);00344552743-01(1:3,ntoi=1);00344552743-01(1:3,ntoi=1);00344552743-01(1:3,ntoi=1)",True,,0,0,False,12552.4,140,140,13612.0,1.77,,,,,1.0,1.0853256996657314,2.902354565979748,False,False,True,369.5
65347864,11.4081,3162.0,0.516175,5,2904.62,0.96021,1386.2345,4.8,7613.0,4.91,368.1,125,9.1,-61.8,379.0,7.7,1.0,26,"00065347864-01(1:3,ntoi=3);00065347864-03(1:3,ntoi=3);00065347864-01(1:3,ntoi=4);00065347864-03(1:3,ntoi=4);00065347864-04(1:3,ntoi=4);00065347864-01(1:3,ntoi=6);00065347864-02(1:3,ntoi=6);00065347864-01(1:3,ntoi=5);00065347864-02(1:3,ntoi=5);00065347864-01(1:3,ntoi=5);00065347864-02(1:3,ntoi=5)",True,,0,0,False,13033.3,125,125,6945.0,1.96,,,,,1.0,1.1936078870627864,4.021421148457533,False,False,True,368.1
341787179,11.9441,3023.0,0.204262,6,2497.67,1.96003,1603.1667,3.0,19539.0,3.12,367.4,72,2.3,-256.2,253.0,5.5,1.0,2,,False,,0,0,False,16747.5,72,72,18841.0,1.17,,,,,1.0,0.8161204371615994,3.6759280412505735,False,False,True,367.4
66471572,12.2429,3956.0,0.58988,1,25.78,0.67512,4265.5525,7.56,27533.0,10.68,366.4,33,2.9,-97.1,314.2,6.1,1.0,0,,False,,0,0,False,16676.0,33,33,14496.0,1.42,,,,,1.0,1.1601417776370382,6.5164449257211565,False,False,True,366.4
197960398,11.468,3244.0,0.461552,9,2198.29,2.45184,2062.4225,7.92,7061.0,4.23,360.1,80,2.2,403.6,173.7,5.0,0.5,11,,False,,0,0,False,5568.3,80,80,6406.0,2.63,,,,,1.0,1.5142099447689674,5.230450392536818,False,False,True,360.1
32816814,11.7235,3300.0,0.576305,5,2822.29,1.37546,1469.036,4.5,10702.0,6.5,358.4,92,9.2,-312.0,227.0,5.2,1.0,4,,False,,0,0,False,12584.9,88,92,9270.0,2.51,,,,,0.9565217391304348,1.44807995122828,3.1075632227233325,False,False,True,358.4
224283342,12.2857,3165.0,0.336175,6,2878.49,1.77506,1354.7824,4.2,16686.0,4.74,357.6,76,8.9,394.6,206.3,3.4,0.5,26,"00224283342-01(1:2,ntoi=4);00224283342-03(1:2,ntoi=4);00224283342-02(1:2,ntoi=4);00224283342-03(1:2,ntoi=4);00224283342-04(1:2,ntoi=4);00224283342-01(1:2,ntoi=4);00224283342-02(1:2,ntoi=4);00224283342-04(1:2,ntoi=4);00224283342-03(1:2,ntoi=4);00224283342-01(1:2,ntoi=4);00224283342-02(1:2,ntoi=4);00224283342-01(1:2,ntoi=3);00224283342-01(1:2,ntoi=2);00224283342-02(1:2,ntoi=2);00224283342-01(1:2,ntoi=3);00224283342-02(1:2,ntoi=3);00224283342-03(1:2,ntoi=3);00224283342-02(1:2,ntoi=2);00224283342-01(1:1,ntoi=2);00224283342-02(1:1,ntoi=2);00224283342-01(1:2,ntoi=2);00224283342-02(1:2,ntoi=2)",True,,0,0,False,11569.6,76,76,19644.0,1.86,,,,,1.0,1.1006677683326587,3.81586535087,False,False,True,357.6
160329609,9.65466,2998.0,0.29049,5,2577.39,3.03826,1471.2542,6.0,3852.0,1.97,356.8,44,6.3,-2.5,319.6,4.1,2.0,21,,False,,0,0,False,3458.1,44,44,3073.0,2.14,,,,,1.0,1.1944575788751781,5.023200577495775,False,False,True,356.8
66471572,12.2429,3956.0,0.58988,1,25.78,0.67702,4265.53,7.92,26446.0,10.47,352.9,33,4.6,-58.2,209.0,3.7,1.0,0,,False,,0,0,False,16676.0,33,33,13596.0,1.35,,,,,1.0,1.1612290928643476,6.8203596074777275,False,False,True,352.9
152475404,11.2541,3102.0,0.234699,3,2577.17,2.14244,1412.2589,3.15,13327.0,2.96,352.0,39,0.2,-233.4,475.7,5.2,1.0,3,,False,,0,0,False,12997.8,39,39,16409.0,1.75,,,,,1.0,0.9222571046552984,3.41553346035468,False,False,True,352.0
66471572,12.2429,3956.0,0.58988,1,25.78,0.67721,4265.53,7.92,26122.0,10.4,348.6,33,3.4,-59.3,221.3,4.0,0.5,0,,False,,0,0,False,16676.0,33,33,13474.0,1.36,,,,,1.0,1.1613377124478215,6.819721701197956,False,False,True,348.6
165184400,12.3688,3170.0,0.358351,7,2879.65,0.6631,1411.5944,4.5,11905.0,4.27,347.4,260,3.5,-154.8,339.3,9.8,1.0,17,"00165184400-01(1:1,ntoi=2);00165184400-02(1:1,ntoi=2);00165184400-01(1:1,ntoi=3);00165184400-02(1:1,ntoi=3);00165184400-03(1:1,ntoi=3);00165184400-01(1:1,ntoi=4);00165184400-02(1:1,ntoi=4);00165184400-03(1:1,ntoi=4);00165184400-04(1:1,ntoi=4);00165184400-01(1:1,ntoi=3);00165184400-02(1:1,ntoi=3);00165184400-03(1:1,ntoi=3);00165184400-01(1:1,ntoi=1)",True,,0,0,False,9608.2,260,260,9393.0,2.28,,,,,1.0,0.8271933806902867,5.440082216621201,False,False,True,347.4
102042218,12.1926,3705.0,0.564382,3,1842.57,0.61873,2308.8965,3.15,14484.0,7.41,346.7,109,1.8,457.5,265.9,7.4,1.0,1,"00102042218-01(1:2,ntoi=1)",True,,0,0,False,11773.7,108,108,12086.0,1.37,,,,,1.0,1.0941850789385374,2.878854830533603,False,False,True,346.7
228507309,11.7407,3302.0,0.506089,3,2936.46,0.7391,1354.5829,4.2,10946.0,5.78,343.7,91,4.4,475.7,307.2,6.8,1.0,0,,False,,0,0,False,11077.3,91,91,7099.0,2.22,,,,,1.0,1.0795944088524851,3.8903498995185,False,False,True,343.7
219249241,11.8444,3272.0,0.527124,2,2554.45,0.7916,1544.5929,1.58,21993.0,8.53,341.9,55,1.1,-10.8,306.3,6.5,1.0,0,,False,,0,0,False,14313.2,55,55,17728.0,1.82,,,,,1.0,1.1349727015082283,1.3921039668182236,False,False,True,341.9
143209291,10.7617,3273.0,0.43536,4,2822.29,0.73655,1468.7294,2.4,7445.0,4.1,338.7,117,8.6,386.3,279.4,8.8,1.0,2,,False,,0,0,False,5837.7,115,117,6400.0,1.82,,,,,0.9829059829059829,0.9753819660241257,2.4605745068087885,False,False,True,338.7
143209292,11.8091,3173.0,0.308917,4,2822.29,0.73655,1468.7294,2.4,19326.0,4.69,338.3,117,8.5,384.5,280.1,8.8,1.0,3,,False,,0,0,False,15167.7,115,117,16616.0,1.81,,,,,0.9829059829059829,0.7759556702222784,3.0929601936055207,False,False,True,338.3
201426753,9.20446,3729.0,0.558549,5,2577.39,5.15596,1468.6791,7.2,3145.0,3.42,337.5,27,3.2,-160.8,268.8,3.9,1.0,11,,False,,0,0,False,2393.0,27,27,2985.0,1.78,,,,,1.0,2.2030228052683536,3.2682367076644754,False,False,True,337.5
201898220,11.9353,3106.0,0.424297,5,2633.96,0.56807,1354.3111,4.5,8052.0,4.15,337.4,227,3.4,-124.0,257.6,8.0,1.0,12,,False,,0,0,False,7571.4,192,227,5654.0,2.57,,,,,0.8458149779735683,0.8792699271122508,5.117882303536936,False,False,True,337.4
276834958,9.73847,3132.0,0.355825,7,2469.9,0.72796,1628.7419,3.15,2617.0,1.99,337.0,221,3.5,406.1,237.1,9.3,1.0,12,,False,,0,0,False,2369.8,209,221,2076.0,2.93,,,,,0.9457013574660633,0.8493143033999797,3.7088743088276064,False,False,True,337.0
46430860,11.9182,3164.0,0.491824,4,2822.28,0.90229,1468.8056,4.2,10277.0,5.44,337.0,120,2.0,426.6,281.7,6.6,1.0,2,"00046430860-01(1:1,ntoi=2);00046430860-02(1:1,ntoi=2)",True,,0,0,False,9381.2,119,119,6014.0,2.91,,,,,1.0,1.1320444689569444,3.710101603932434,False,False,True,337.0
242189360,10.3818,3221.0,0.218848,3,2549.67,0.67284,1601.5593,3.15,5419.0,1.76,335.3,94,2.0,426.5,316.8,7.2,1.0,2,,False,,0,0,False,4617.9,94,94,4077.0,2.04,,,,,1.0,0.5983297759680996,5.264655256214334,False,False,True,335.3
2052312662,10.6159,3487.0,0.55714,1,25.79,0.86928,4265.0097,3.12,14923.0,7.43,333.7,25,33.6,375.7,337.8,3.3,1.0,0,,False,,0,0,False,14445.6,25,25,10910.0,2.6,,,,,1.0,1.2149854669659708,2.5679319504875897,False,False,True,333.7
11568422,11.05,3385.0,0.617215,3,2174.67,1.0968,2116.3225,4.8,6584.0,5.46,330.7,80,6.7,401.2,136.9,3.6,0.5,1,,False,,0,0,False,5773.1,80,80,5333.0,2.23,,,,,1.0,1.4056431784511425,3.4148068824188007,False,False,True,330.7
220044948,9.21204,3468.0,0.463636,3,2577.38,1.81521,1469.2441,6.0,2876.0,2.71,327.9,48,1.9,-232.6,267.3,3.1,1.0,12,,False,,0,0,False,2785.7,47,48,2087.0,2.06,,,,,0.9791666666666666,1.373942905954347,4.366993689473852,False,False,True,327.9
251846450,12.0114,3034.0,0.366397,6,2936.45,1.56481,1354.726,6.3,10471.0,4.09,322.4,85,4.3,-260.7,291.1,4.7,1.0,3,,False,,0,0,False,11994.8,84,85,8715.0,2.28,,,,,0.9882352941176471,1.1177124908325298,5.636512118879011,False,False,True,322.4
627018,12.1078,3380.0,0.416175,4,2852.46,1.68966,1439.6343,4.8,13891.0,5.35,321.6,59,9.5,366.7,189.5,3.8,0.5,5,,False,,0,0,False,9789.8,59,59,15681.0,1.37,,,,,1.0,1.2483184627504282,3.84517264082126,False,False,True,321.6
238176832,10.3236,3245.0,0.27483,9,2851.9,2.63371,1327.7939,4.68,4249.0,1.95,320.1,77,5.0,-291.2,210.0,3.3,1.0,3,,False,,0,0,False,4150.8,69,77,4712.0,1.41,,,,,0.8961038961038961,1.0975905777267234,4.263884999535063,False,False,True,320.1
143209292,11.8091,3173.0,0.308917,4,2822.29,1.10817,1469.0919,3.0,19717.0,4.73,319.0,78,5.4,-41.2,264.5,8.2,1.0,3,,False,,0,0,False,15167.7,78,78,18096.0,1.62,,,,,1.0,0.8891430320429213,3.374035326022981,False,False,True,319.0
143209291,10.7617,3273.0,0.43536,4,2822.29,1.10817,1469.0919,3.0,7585.0,4.14,318.9,78,5.7,-42.4,263.1,8.2,1.0,2,,False,,0,0,False,5837.7,78,78,6995.0,1.64,,,,,1.0,1.1176593096126812,2.6841811043829034,False,False,True,318.9
220556639,11.4982,3254.0,0.588476,7,2662.78,1.7829,1326.5165,4.2,7668.0,5.62,318.0,97,7.0,-151.8,211.9,5.3,1.0,6,,False,,0,0,False,7549.0,93,97,6580.0,2.77,,,,,0.9587628865979382,1.6010434789872563,2.623289158053796,False,False,True,318.0
238923204,12.1103,3317.0,0.632328,3,379.47,0.58905,3666.4342,6.3,9391.0,6.69,317.7,149,0.3,-103.7,259.5,10.6,1.0,7,,False,,0,0,False,6262.2,148,149,5148.0,1.66,,,,,0.9932885906040269,1.1611472275801735,5.425668554649333,False,False,True,317.7
671393,12.0373,3096.0,0.548227,3,2852.41,1.32683,1439.0242,4.2,21834.0,8.84,316.2,49,11.9,-255.4,228.8,4.0,1.0,3,,False,,0,0,False,22007.7,49,49,18103.0,2.54,,,,,1.0,1.3839497936200549,3.0347921719139,False,False,True,316.2
11568422,11.05,3385.0,0.617215,3,2174.67,1.64517,2117.4225,4.8,7381.0,5.79,316.0,55,7.7,-152.2,245.8,4.6,1.0,1,,False,,0,0,False,5773.1,55,55,5902.0,2.23,,,,,1.0,1.6090499859322707,2.983126715742717,False,False,True,316.0
308305105,12.4043,3153.0,0.354638,6,2879.66,1.08278,1411.813,4.8,11807.0,4.2,310.5,138,5.7,385.3,168.2,5.0,0.5,3,,False,,0,0,False,9538.6,136,137,10910.0,1.49,,,,,0.9927007299270073,0.9673386681885524,4.96206774095832,False,False,True,310.5
319558877,12.4489,3915.0,0.615245,12,1081.57,3.1025,2965.5197,5.04,12603.0,7.54,310.4,91,4.1,-200.7,256.4,3.7,1.0,7,,False,,0,0,False,12722.6,91,91,13842.0,2.03,,,,,1.0,1.9837074272383575,2.5406972473841556,False,False,True,310.4
228507309,11.7407,3302.0,0.506089,3,2936.46,1.11091,1354.5579,4.2,11404.0,5.9,308.8,63,0.0,-153.0,255.7,5.4,1.0,0,,False,,0,0,False,11077.3,62,62,8620.0,1.83,,,,,1.0,1.2366662768439154,3.396227485655048,False,False,True,308.8
66471572,12.2429,3956.0,0.58988,1,25.78,0.6679,4265.0425,7.56,23117.0,9.78,307.8,33,1.9,-82.4,168.7,2.7,1.0,0,,False,,0,0,False,16676.0,33,33,12864.0,1.52,,,,,1.0,1.1559912750779535,6.539841747066989,False,False,True,307.8
14001734,11.7386,3304.0,0.438763,3,2852.4,0.57583,1438.6832,2.4,10608.0,4.93,307.4,121,0.2,378.0,251.5,7.7,1.0,2,"00014001734-01(1:2,ntoi=1)",True,,0,0,False,7695.6,121,121,8716.0,1.69,,,,,1.0,0.9032189789192009,2.6571629427803423,False,False,True,307.4
148611095,12.0816,3452.0,0.441394,4,2554.41,11.77818,1547.4133,1.05,71308.0,12.86,306.1,8,2.7,-5.8,228.3,3.8,1.0,14,,False,,0,0,False,14614.3,8,8,93306.0,1.13,,,,,1.0,2.480001670246841,0.4233868116288369,False,False,True,306.1
248354845,11.0868,3300.0,0.476597,3,2602.12,1.56572,1387.0984,3.0,9334.0,5.02,303.0,52,5.7,-83.0,215.1,3.7,1.0,3,,False,,0,0,False,6721.9,51,51,8427.0,1.82,,,,,1.0,1.3321318028028637,2.252029411570138,False,False,True,303.0
228507309,11.7407,3302.0,0.506089,3,2936.46,1.11093,1354.5392,4.5,10803.0,5.74,300.7,62,0.3,-125.1,102.2,4.4,2.0,0,,False,,0,0,False,11077.3,62,62,8197.0,1.84,,,,,1.0,1.2366736981403037,3.6387933266204744,False,False,True,300.7
410062743,11.1327,3624.0,0.423258,3,2554.45,1.23546,1544.7856,4.2,7545.0,4.01,300.2,53,5.7,342.4,176.1,2.5,0.5,4,,False,,0,0,False,5960.3,53,53,5601.0,1.83,,,,,1.0,1.1373338733723946,3.692847015578867,False,False,True,300.2
352400977,10.8687,3445.0,0.645562,2,2168.02,2.15622,2036.6241,3.15,12331.0,7.82,299.7,21,4.5,-179.1,256.5,3.7,1.0,0,,False,,0,0,False,8996.9,21,21,14027.0,1.3,,,,,1.0,1.8143926989408825,1.736118097167583,False,False,True,299.7
333603501,11.7093,3664.0,0.559513,4,2602.12,1.65985,1387.1486,4.2,11429.0,6.53,297.0,59,4.1,-180.4,285.6,4.7,1.0,5,,False,,0,0,False,9457.3,59,59,9401.0,1.89,,,,,1.0,1.51160398912059,2.778505501592018,False,False,True,297.0
231910539,12.069,3179.0,0.402849,12,2907.31,1.10062,1326.2464,4.08,6862.0,3.64,295.7,246,0.0,353.9,146.6,5.7,0.5,7,,False,,0,0,False,6618.3,241,245,5780.0,2.11,,,,,0.9836734693877551,1.0588853849703264,3.8531082380689727,False,False,True,295.7
436572709,11.5285,3272.0,0.313236,6,2607.68,4.16863,1439.3893,6.3,9911.0,3.4,295.5,39,2.3,-183.4,178.7,3.0,1.0,22,,False,,0,0,False,7854.1,39,39,11035.0,1.18,,,,,1.0,1.3956842904436313,4.513914818083598,False,False,True,295.5
228507309,11.7407,3302.0,0.506089,3,2936.46,1.11262,1354.5329,4.2,10832.0,5.75,293.2,62,1.6,-126.0,71.7,2.6,1.0,0,,False,,0,0,False,11077.3,62,62,8371.0,1.93,,,,,1.0,1.2373004762009523,3.3944866916206298,False,False,True,293.2
261560580,12.0826,3236.0,0.399483,10,2851.91,0.82911,1326.0635,7.92,5589.0,3.26,287.1,271,2.1,-76.5,235.1,9.7,1.0,7,,False,,0,0,False,5115.0,270,271,3154.0,2.86,,,,,0.996309963099631,0.9581008236956121,8.266353398435422,False,False,True,287.1
197960398,11.468,3244.0,0.461552,9,2198.29,3.67791,2063.5625,7.92,6541.0,4.07,286.7,54,11.0,-184.8,198.3,5.8,1.0,11,,False,,0,0,False,5568.3,54,54,6088.0,2.82,,,,,1.0,1.7333612548003872,4.56915716678579,False,False,True,286.7
220523369,11.9752,3276.0,0.456772,11,2662.78,2.57924,1326.0,7.92,6689.0,4.08,286.2,100,2.6,322.5,130.5,4.5,0.5,24,,False,,0,0,False,5233.9,100,100,6660.0,2.49,,,,,1.0,1.529344040589786,5.178690856862842,False,False,True,286.2
319871468,11.6552,3785.0,0.602101,1,24.58,1.97786,4180.1732,7.92,18562.0,8.95,284.5,12,4.1,-209.2,273.5,2.8,1.0,1,,False,,0,0,False,18399.5,12,12,12164.0,1.57,,,,,1.0,1.6828795855286873,4.706219071230745,False,False,True,284.5
410421717,11.8325,3258.0,0.446698,9,2907.31,1.96996,1327.1199,6.0,7253.0,4.15,283.4,99,10.0,324.3,141.9,5.7,0.5,18,"00410421717-06(1:2,ntoi=6);00410421717-05(1:2,ntoi=6);00410421717-03(1:2,ntoi=6);00410421717-01(1:2,ntoi=6);00410421717-01(1:2,ntoi=1);00410421717-01(1:2,ntoi=2);00410421717-02(1:2,ntoi=2);00410421717-01(1:2,ntoi=1);00410421717-01(1:2,ntoi=2);00410421717-02(1:2,ntoi=2);00410421717-01(1:2,ntoi=2);00410421717-02(1:2,ntoi=2);00410421717-01(1:2,ntoi=2);00410421717-02(1:2,ntoi=2)",True,,0,0,False,6233.3,98,98,5735.0,2.17,,,,,1.0,1.3773260724949907,4.356266914435994,False,False,True,283.4
224283342,12.2857,3165.0,0.336175,6,2878.49,2.66258,1356.5574,4.2,16043.0,4.65,282.9,49,6.0,-63.1,228.0,3.8,1.0,26,"00224283342-01(1:3,ntoi=4);00224283342-03(1:3,ntoi=4);00224283342-02(1:3,ntoi=4);00224283342-03(1:3,ntoi=4);00224283342-04(1:3,ntoi=4);00224283342-01(1:3,ntoi=4);00224283342-02(1:3,ntoi=4);00224283342-04(1:3,ntoi=4);00224283342-03(1:3,ntoi=4);00224283342-01(1:3,ntoi=4);00224283342-02(1:3,ntoi=4);00224283342-01(1:3,ntoi=3);00224283342-01(1:3,ntoi=2);00224283342-02(1:3,ntoi=2);00224283342-01(1:3,ntoi=3);00224283342-02(1:3,ntoi=3);00224283342-03(1:3,ntoi=3);00224283342-02(1:3,ntoi=2);00224283342-01(1:3,ntoi=2);00224283342-02(1:3,ntoi=2)",True,,0,0,False,11569.6,49,49,20090.0,1.85,,,,,1.0,1.2599484933788503,3.333469599806184,False,False,True,282.9
7723060,11.221,3199.0,0.220435,7,2879.66,1.00506,1411.1247,4.2,4630.0,1.64,281.0,170,2.6,348.0,141.4,4.1,0.5,6,"00007723060-01(1:1,ntoi=2);00007723060-02(1:1,ntoi=2);00007723060-01(1:1,ntoi=3);00007723060-03(1:2,ntoi=3);00007723060-02(1:1,ntoi=3);00007723060-01(1:2,ntoi=1)",True,,0,0,False,3988.9,169,169,4352.0,1.61,,,,,1.0,0.6872677916090545,6.1111549985003935,False,False,True,281.0
12509218,11.4937,3192.0,0.431167,4,2906.03,1.66907,1355.0075,7.2,7772.0,4.15,279.1,52,4.3,335.1,132.4,2.8,0.5,5,,False,,0,0,False,6077.2,52,52,6643.0,1.29,,,,,1.0,1.2729074270224998,5.656342203016099,False,False,True,279.1
65347864,11.4081,3162.0,0.516175,5,2904.62,1.60034,1387.522,4.2,7387.0,4.84,279.0,77,8.1,-173.2,272.3,5.0,1.0,26,,False,,0,0,False,13033.3,75,77,7546.0,1.68,,,,,0.974025974025974,1.415175686243222,2.9678293944898644,False,False,True,279.0
2052312662,10.6159,3487.0,0.55714,1,25.79,1.53615,4266.2797,4.08,15060.0,7.46,277.2,14,18.7,-233.7,280.2,2.5,1.0,0,,False,,0,0,False,14445.6,14,14,16451.0,1.68,,,,,1.0,1.4689118317673293,2.777566298918789,False,False,True,277.2
344552743,12.2362,3130.0,0.432301,7,2547.28,1.71526,1657.4604,3.15,14043.0,5.59,277.2,85,0.0,-233.7,209.8,6.8,1.0,18,,False,,0,0,False,12552.4,85,85,13334.0,1.81,,,,,1.0,1.286794237660379,2.4479438186848435,False,False,True,277.2
328213297,12.4529,3584.0,0.550051,3,2498.44,0.5118,1601.5488,4.5,16875.0,7.8,273.9,136,1.1,-140.6,225.4,7.0,1.0,0,,False,,0,0,False,11346.3,135,135,9011.0,2.32,,,,,1.0,1.0096643611399467,4.456926651267894,False,False,True,273.9
2052312662,10.6159,3487.0,0.55714,1,25.79,1.30258,4265.886,3.06,14717.0,7.37,273.4,17,38.7,-170.1,273.5,2.4,1.0,0,,False,,0,0,False,14445.6,17,17,10204.0,2.86,,,,,1.0,1.3903345734054775,2.200909089461002,False,False,True,273.4
102042218,12.1926,3705.0,0.564382,3,1842.57,0.92809,2308.8965,3.15,13198.0,7.07,268.7,73,0.3,-218.5,210.4,5.7,1.0,1,"00102042218-01(1:3,ntoi=1)",True,,0,0,False,11773.7,72,73,12061.0,1.3,,,,,0.9863013698630136,1.2525269945627788,2.5149158570427255,False,False,True,268.7
46430860,11.9182,3164.0,0.491824,4,2822.28,1.35345,1469.2556,3.0,11201.0,5.68,267.8,77,7.7,-175.5,221.0,5.0,1.0,2,,False,,0,0,False,9381.2,77,77,8020.0,2.68,,,,,1.0,1.2958722141289496,2.3150430785465366,False,False,True,267.8
219249241,11.8444,3272.0,0.527124,2,2554.45,1.31933,1544.5929,1.58,21182.0,8.37,266.5,35,3.8,-14.3,238.3,4.8,1.0,0,,False,,0,0,False,14313.2,35,35,17670.0,1.8,,,,,1.0,1.3456578009750122,1.1741469479500601,False,False,True,266.5
388814426,12.0764,3319.0,0.553963,5,2602.12,0.86131,1386.7735,4.2,9016.0,5.74,265.9,140,2.2,335.3,239.0,7.6,1.0,9,"00388814426-01(1:1,ntoi=1);00388814426-01(3:1,ntoi=1)",True,,0,0,False,9173.8,139,139,6632.0,2.81,,,,,1.0,1.2066517938832955,3.480705884904369,False,False,True,265.9
627018,12.1078,3380.0,0.416175,4,2852.46,2.5345,1438.7843,4.8,13696.0,5.31,265.4,40,2.2,17.8,222.3,4.7,1.0,5,,False,,0,0,False,9789.8,40,40,15321.0,1.34,,,,,1.0,1.4289698029130988,3.3590632847627124,False,False,True,265.4
242189360,10.3818,3221.0,0.218848,3,2549.67,1.00926,1601.8875,3.6,4718.0,1.64,262.1,62,0.4,-216.1,250.3,5.5,1.0,2,,False,,0,0,False,4617.9,62,62,3958.0,1.69,,,,,1.0,0.6849166162944278,5.256114269028704,False,False,True,262.1
201426753,9.20446,3729.0,0.558549,5,2577.39,8.59325,1470.3854,6.3,3326.0,3.51,261.0,16,22.1,-127.6,212.9,2.8,1.0,11,"00201426753-02(2:1,ntoi=2)",True,,0,0,False,2393.0,16,16,3206.0,1.7,,,,,1.0,2.6119706665887907,2.4119719568779616,False,False,True,261.0
276834958,9.73847,3132.0,0.355825,7,2469.9,1.09193,1629.1169,3.15,2396.0,1.9,260.5,147,0.7,-205.7,187.7,7.1,1.0,12,,False,,0,0,False,2369.8,139,147,2104.0,2.32,,,,,0.9455782312925171,0.9722192116229178,3.2400100330682933,False,False,True,260.5
207082763,10.8088,3387.0,0.476184,3,2934.84,1.70326,1326.6453,7.2,6185.0,4.09,259.4,39,0.1,316.1,160.3,2.2,0.5,5,,False,,0,0,False,5278.4,38,38,4495.0,2.34,,,,,1.0,1.3692575439846801,5.258324141890254,False,False,True,259.4
242189360,10.3818,3221.0,0.218848,3,2549.67,0.66945,1601.9531,3.15,4166.0,1.54,258.4,94,3.6,331.9,105.3,3.4,1.0,2,,False,,0,0,False,4617.9,91,94,2928.0,2.48,,,,,0.9680851063829787,0.5973232196810984,5.273526787861581,False,False,True,258.4
459944057,11.6136,3792.0,0.617576,2,1871.43,1.04357,2174.6972,3.6,15881.0,8.49,258.0,58,4.5,272.2,140.4,3.0,0.5,0,,False,,0,0,False,13706.9,58,58,13001.0,1.74,,,,,1.0,1.3830644850288867,2.60291551042525,False,False,True,258.0
34945703,11.3524,3910.0,0.610212,4,2554.66,1.47906,1544.7554,7.2,5766.0,5.06,257.7,62,1.8,122.1,94.6,2.9,1.0,8,,False,,0,0,False,4384.4,62,62,5812.0,1.6,,,,,1.0,1.541194275845675,4.671701752882036,False,False,True,257.7
77835048,12.3938,3549.0,0.569092,3,2852.43,0.66,1438.6009,6.3,11665.0,6.71,257.0,98,0.4,-92.8,195.8,9.2,1.0,1,,False,,0,0,False,7481.2,98,98,7412.0,2.8,,,,,1.0,1.124202619521491,5.603971998109692,False,False,True,257.0
44790652,12.0475,3869.0,0.649332,3,2146.05,1.78242,2145.4316,6.3,13095.0,8.11,254.6,37,3.1,292.0,157.5,3.8,0.5,2,,False,,0,0,False,9817.5,37,37,10395.0,1.58,,,,,1.0,1.7094491249710695,3.685397774038242,False,False,True,254.6
234506344,12.0401,3290.0,0.428596,10,2879.03,1.00175,1325.7087,7.56,4815.0,3.24,251.0,227,1.5,27.7,182.3,8.6,1.0,2,,False,,0,0,False,4023.4,223,227,3190.0,2.9,,,,,0.9823788546255506,1.0694491839509945,7.06905958081167,False,False,True,251.0
117880865,11.8801,3273.0,0.355164,3,2822.01,0.9837,1438.4891,4.2,9512.0,3.78,250.3,68,4.0,303.9,182.4,6.6,1.0,7,"00117880865-04(1:1,ntoi=4);00117880865-03(1:1,ntoi=4)",True,,0,0,False,6774.1,68,68,9162.0,1.27,,,,,1.0,0.9378106135790423,4.4785161728669305,False,False,True,250.3
14001734,11.7386,3304.0,0.438763,3,2852.4,0.86375,1438.6894,2.1,10665.0,4.94,248.1,81,0.1,-158.6,201.5,6.0,1.0,2,"00014001734-01(1:3,ntoi=1)",True,,0,0,False,7695.6,81,81,9653.0,1.56,,,,,1.0,1.0339296243574152,2.03108601449073,False,False,True,248.1
308305105,12.4043,3153.0,0.354638,6,2879.66,1.62417,1411.263,4.8,11084.0,4.07,247.3,93,2.6,-200.1,197.6,6.1,1.0,3,,False,,0,0,False,9538.6,91,92,11016.0,1.31,,,,,0.9891304347826086,1.1073263508480076,4.334765443199366,False,False,True,247.3
248354845,11.0868,3300.0,0.476597,3,2602.12,2.60799,1387.0484,4.2,8093.0,4.68,246.0,32,1.3,-108.2,161.4,2.5,1.0,3,,False,,0,0,False,6721.9,32,32,7629.0,1.53,,,,,1.0,1.5791054684144037,2.659733680877734,False,False,True,246.0
671393,12.0373,3096.0,0.548227,3,2852.41,2.21172,1438.5992,4.2,20614.0,8.59,243.7,31,25.2,-206.5,172.9,2.8,1.0,3,,False,,0,0,False,22007.7,31,31,18443.0,2.45,,,,,1.0,1.640937183269236,2.5595129678470374,False,False,True,243.7
410062743,11.1327,3624.0,0.423258,3,2554.45,1.85315,1545.4106,4.2,7255.0,3.93,243.6,37,6.5,-27.5,208.8,3.2,1.0,4,,False,,0,0,False,5960.3,37,37,5480.0,1.88,,,,,1.0,1.301912916248538,3.2260222228244726,False,False,True,243.6
381285216,12.2743,3098.0,0.37671,6,2548.54,0.79643,1629.1342,7.2,9870.0,4.08,243.4,164,0.5,-84.5,14.6,3.2,1.0,0,,False,,0,0,False,6760.3,160,164,6957.0,1.75,,,,,0.975609756097561,0.9090663807494187,7.920213696676852,False,False,True,243.4
381285216,12.2743,3098.0,0.37671,6,2548.54,0.79643,1629.1342,7.2,9866.0,4.08,243.3,164,0.5,-84.9,227.6,12.8,1.0,0,,False,,0,0,False,6760.3,160,164,6965.0,1.75,,,,,0.975609756097561,0.9090663807494187,7.920213696676852,False,False,True,243.3
11974826,11.0048,3094.0,0.220827,4,2528.61,0.62357,1545.1537,3.15,4854.0,1.68,243.2,133,1.8,317.0,185.9,9.9,1.0,0,,False,,0,0,False,4131.2,131,133,3795.0,1.39,,,,,0.9849624060150376,0.5868649152329242,5.367504374920382,False,False,True,243.2
344552743,12.2362,3130.0,0.432301,7,2547.28,2.40137,1658.8292,3.15,14644.0,5.71,242.8,59,3.2,-194.7,148.0,3.4,1.0,18,"00344552743-05(2:1,ntoi=6)",True,,0,0,False,12552.4,59,59,14021.0,1.72,,,,,1.0,1.4395236833244123,2.188223810757626,False,False,True,242.8
220044948,9.21204,3468.0,0.463636,3,2577.38,3.02036,1470.4441,6.0,2737.0,2.65,241.7,27,7.5,-214.9,203.9,2.1,1.0,12,,False,,0,0,False,2785.7,27,27,2074.0,2.11,,,,,1.0,1.628093331931124,3.6852924106526768,False,False,True,241.7
231910539,12.069,3179.0,0.402849,12,2907.31,1.65094,1326.2364,4.08,6517.0,3.55,240.2,167,1.1,-146.4,174.6,7.0,1.0,7,,False,,0,0,False,6618.3,164,167,5663.0,1.89,,,,,0.9820359281437125,1.212123628752403,3.3659932891493938,False,False,True,240.2
165184400,12.3688,3170.0,0.358351,7,2879.65,1.32621,1411.5944,6.3,9330.0,3.78,239.5,131,1.9,308.8,143.1,3.6,0.5,17,"00165184400-01(1:2,ntoi=2);00165184400-02(1:2,ntoi=2);00165184400-01(1:2,ntoi=3);00165184400-02(1:2,ntoi=3);00165184400-03(1:2,ntoi=3);00165184400-01(1:2,ntoi=4);00165184400-02(1:2,ntoi=4);00165184400-03(1:2,ntoi=4);00165184400-04(1:2,ntoi=4);00165184400-01(1:2,ntoi=3);00165184400-02(1:2,ntoi=3);00165184400-03(1:2,ntoi=3);00165184400-01(1:2,ntoi=1)",True,,0,0,False,9608.2,129,130,8105.0,2.11,,,,,0.9923076923076923,1.0422009721690733,6.0448993699249485,False,False,True,239.5
389253973,11.6941,3167.0,0.647056,5,2553.81,0.88791,1572.1839,6.3,5564.0,5.27,238.8,126,2.5,-10.7,229.3,12.0,1.0,1,,False,,0,0,False,3639.2,123,126,4577.0,1.73,,,,,0.9761904761904762,1.3519455134409741,4.659951112944802,False,False,True,238.8
389253973,11.6941,3167.0,0.647056,5,2553.81,0.88792,1572.1464,6.3,5545.0,5.26,238.0,126,3.8,-11.7,38.0,2.8,1.0,1,,False,,0,0,False,3639.2,124,126,4621.0,1.62,,,,,0.9841269841269841,1.3519505888068635,4.6599336189941205,False,False,True,238.0
77437462,11.58,3588.0,0.461714,3,2852.32,0.60796,1438.6764,0.5,18960.0,6.94,237.4,138,3.7,-9.2,156.3,11.7,1.0,3,"00077437462-01(1:1,ntoi=1);00077437462-01(1:1,ntoi=1);00077437462-01(1:1,ntoi=1)",True,,0,1,False,4768.9,137,137,19192.0,1.27,,,,,1.0,0.9515143120156061,0.5254781706234591,True,False,True,237.4
220523369,11.9752,3276.0,0.456772,11,2662.78,3.86901,1327.245,7.92,6588.0,4.04,236.7,70,3.2,-152.8,158.2,5.7,1.0,24,,False,,0,0,False,5233.9,70,70,6754.0,2.62,,,,,1.0,1.7506845297704017,4.523944700098932,False,False,True,236.7
165214815,12.0564,3281.0,0.393071,4,354.56,0.57885,3936.347,2.1,8864.0,4.04,235.3,174,1.1,280.5,206.3,12.7,1.0,1,"00165214815-01(1:2,ntoi=1)",True,,0,0,False,7550.2,171,174,7191.0,1.68,,,,,0.9827586206896551,0.8408353767892499,2.4975162296559175,False,False,True,235.3
24923308,11.2687,3028.0,0.178051,2,1872.18,0.93691,2116.4102,4.2,6355.0,1.55,234.2,69,3.8,295.4,240.0,8.8,1.0,2,,False,,0,0,False,5030.8,69,69,6453.0,1.25,,,,,1.0,0.5822871376528513,7.212936244701941,False,False,True,234.2
333603501,11.7093,3664.0,0.559513,4,2602.12,2.76638,1386.6236,4.2,11344.0,6.5,232.9,36,2.8,-159.7,226.7,3.6,1.0,5,,False,,0,0,False,9457.3,35,35,9550.0,2.44,,,,,1.0,1.7921967845271871,2.343492654523445,False,False,True,232.9
220556639,11.4982,3254.0,0.588476,7,2662.78,5.36595,1329.9915,4.2,9528.0,6.27,231.2,32,9.3,1.3,198.1,4.1,1.0,6,,False,,0,0,False,7549.0,30,31,9692.0,1.91,,,,,0.967741935483871,2.311583956555946,1.816935953413358,False,False,True,231.2
67630561,12.1483,3184.0,0.350373,7,2904.61,1.26696,1386.2676,6.3,6805.0,3.15,230.1,117,2.6,296.2,131.4,5.4,0.5,0,,False,,0,0,False,5828.8,117,117,5093.0,1.85,,,,,1.0,1.011151777758869,6.230518640795359,False,False,True,230.1
224283342,12.2857,3165.0,0.336175,6,2878.49,4.4377,1354.7824,3.0,18125.0,4.94,228.7,33,4.9,-47.3,188.0,4.3,1.0,26,,False,,0,0,False,11569.6,33,33,23930.0,1.5,,,,,1.0,1.4938416006310709,2.008245050032517,False,False,True,228.7
197960398,11.468,3244.0,0.461552,9,2198.29,6.12953,2067.3275,7.92,6837.0,4.16,227.6,31,1.2,-128.5,159.7,4.5,1.0,11,"00197960398-01(2:1,ntoi=2)",True,,0,0,False,5568.3,31,31,6365.0,2.88,,,,,1.0,2.055091251548695,3.853843469982937,False,False,True,227.6
410421717,11.8325,3258.0,0.446698,9,2907.31,2.95492,1326.1499,6.0,6799.0,4.02,226.2,68,3.6,-112.1,163.0,6.7,1.0,18,"00410421717-06(1:3,ntoi=6);00410421717-05(1:3,ntoi=6);00410421717-03(1:3,ntoi=6);00410421717-01(1:3,ntoi=6);00410421717-01(1:3,ntoi=1);00410421717-01(1:3,ntoi=2);00410421717-02(1:3,ntoi=2);00410421717-01(1:3,ntoi=1);00410421717-01(1:3,ntoi=2);00410421717-02(1:3,ntoi=2);00410421717-01(1:3,ntoi=2);00410421717-02(1:3,ntoi=2);00410421717-01(1:3,ntoi=2);00410421717-02(1:3,ntoi=2)",True,,0,0,False,6233.3,68,68,5941.0,1.94,,,,,1.0,1.5766412147346072,3.805558261401893,False,False,True,226.2
61383924,11.8872,3124.0,0.348647,5,2575.58,0.80195,1657.2466,3.0,8347.0,3.48,226.2,137,1.4,271.3,194.6,7.8,1.0,2,,False,,0,0,False,7741.5,133,136,5677.0,2.84,,,,,0.9779411764705882,0.8653291748176574,3.4668887717002743,False,False,True,226.2
7723060,11.221,3199.0,0.220435,7,2879.66,1.50757,1411.6247,4.2,4305.0,1.58,222.6,114,1.3,-175.9,163.4,4.9,1.0,6,"00007723060-03(1:3,ntoi=3);00007723060-01(1:3,ntoi=1)",True,,0,0,False,3988.9,114,114,4320.0,1.85,,,,,1.0,0.7867217505346027,5.3386092314671165,False,False,True,222.6
207148580,12.2073,3158.0,0.220132,7,2633.97,0.50191,1354.5733,6.3,4610.0,1.63,221.5,339,1.0,0.0,188.5,11.3,1.0,13,"00207148580-01(1:1,ntoi=4);00207148580-02(1:1,ntoi=4);00207148580-03(1:1,ntoi=3);00207148580-02(1:1,ntoi=3);00207148580-01(1:1,ntoi=3);00207148580-03(1:1,ntoi=3);00207148580-01(1:1,ntoi=3);00207148580-02(1:1,ntoi=3);00207148580-02(1:1,ntoi=3);00207148580-01(1:1,ntoi=3);00207148580-03(1:1,ntoi=3)",True,,0,0,False,3586.7,327,338,1956.0,2.5,,,,,0.9674556213017751,0.5447606086933164,11.564712828835807,False,False,True,221.5
49700514,12.437,3487.0,0.591443,2,624.16,1.01845,3666.6629,7.2,15372.0,8.0,220.7,37,4.9,-74.8,95.3,2.5,1.0,1,,False,,0,0,False,10017.9,37,37,11086.0,1.95,,,,,1.0,1.332897629491389,5.401765177380799,False,False,True,220.7
49700514,12.437,3487.0,0.591443,2,624.16,1.01851,3666.6441,6.3,16008.0,8.16,220.4,37,4.0,-76.7,175.0,5.8,1.0,1,,False,,0,0,False,10017.9,37,37,12235.0,1.88,,,,,1.0,1.3329238040007971,4.726451715462224,False,False,True,220.4
143209291,10.7617,3273.0,0.43536,4,2822.29,1.84332,1469.4294,2.4,7180.0,4.02,218.4,48,0.4,-79.3,183.9,5.3,1.0,2,,False,,0,0,False,5837.7,48,48,6796.0,1.71,,,,,1.0,1.3242629300084334,1.8123289156668576,False,False,True,218.4
143209292,11.8091,3173.0,0.308917,4,2822.29,1.84332,1469.4294,2.4,18657.0,4.6,218.4,48,1.1,-78.1,184.3,5.3,1.0,3,,False,,0,0,False,15167.7,48,48,17678.0,1.71,,,,,1.0,1.0535045399637777,2.2781107332318835,False,False,True,218.4
32452414,11.6327,3510.0,0.565437,5,354.1,1.24267,3936.5911,6.3,7512.0,5.35,217.9,104,0.0,121.5,211.1,10.3,1.0,1,,False,,0,0,False,5561.8,103,104,5744.0,2.56,,,,,0.9903846153846154,1.3822386985376836,4.557823483501786,False,False,True,217.9
12509218,11.4937,3192.0,0.431167,4,2906.03,2.50363,1355.0075,7.2,7136.0,3.97,217.6,35,5.5,-172.0,145.0,3.2,1.0,5,,False,,0,0,False,6077.2,35,35,6350.0,1.36,,,,,1.0,1.4571201112055159,4.941253603344505,False,False,True,217.6
207082763,10.8088,3387.0,0.476184,3,2934.84,2.55267,1325.764,6.3,6212.0,4.09,214.3,28,1.0,-157.4,182.4,2.7,1.0,5,,False,,0,0,False,5278.4,28,28,4626.0,2.21,,,,,1.0,1.5669544955176453,4.020537940330416,False,False,True,214.3
326446019,10.7758,3297.0,0.473217,4,2906.02,0.80139,1354.3534,6.3,3235.0,2.94,214.1,107,4.7,-107.7,90.9,2.5,1.0,9,,False,,0,0,False,3043.6,101,107,1989.0,2.62,,,,,0.9439252336448598,1.060546770026373,5.940332079690681,False,False,True,214.1
326446019,10.7758,3297.0,0.473217,4,2906.02,0.79962,1354.3534,6.3,3225.0,2.93,213.8,108,6.3,-87.6,169.5,5.9,1.0,9,,False,,0,0,False,3043.6,102,107,1894.0,2.99,,,,,0.9532710280373832,1.0597653978724824,5.944711926476821,False,False,True,213.8
232064182,11.8155,3272.0,0.301026,7,2879.01,0.71889,1326.119,7.2,4255.0,2.14,212.3,222,2.2,-69.2,127.7,4.2,0.5,6,,False,,0,0,False,3780.0,198,221,3330.0,2.33,,,,,0.8959276018099548,0.7565397995442078,9.517014180004516,False,False,True,212.3
179006947,12.068,3133.0,0.261137,4,2549.67,0.63757,1602.0938,7.2,6727.0,2.34,212.3,142,0.9,-53.4,139.9,7.1,1.0,4,,False,,0,0,False,4648.5,141,141,3441.0,1.72,,,,,1.0,0.6611447073275097,10.890202886299978,False,False,True,212.3
32816814,11.7235,3300.0,0.576305,5,2822.29,9.60923,1469.0922,4.2,15533.0,7.84,212.2,14,13.5,-57.1,148.2,2.5,1.0,4,,False,,0,0,False,12584.9,14,14,13359.0,1.87,,,,,1.0,2.7682549289808454,1.5172013083152942,False,False,True,212.2
232064182,11.8155,3272.0,0.301026,7,2879.01,0.71889,1326.119,7.2,4251.0,2.14,212.1,222,2.6,-69.5,177.1,6.3,1.0,6,,False,,0,0,False,3780.0,199,221,3330.0,2.19,,,,,0.9004524886877828,0.7565397995442078,9.517014180004516,False,False,True,212.1
326446019,10.7758,3297.0,0.473217,4,2906.02,0.80141,1354.3159,4.5,3543.0,3.07,211.6,107,6.8,-86.6,119.7,3.8,0.5,9,,False,,0,0,False,3043.6,101,106,2576.0,2.54,,,,,0.9528301886792453,1.0605555925135315,4.243059045433854,False,False,True,211.6
232064182,11.8155,3272.0,0.301026,7,2879.01,0.71888,1326.119,7.2,4230.0,2.14,211.1,222,2.8,-68.7,100.3,3.1,1.0,6,,False,,0,0,False,3780.0,206,222,3323.0,2.19,,,,,0.9279279279279279,0.756536291620847,9.517058308695681,False,False,True,211.1
228507309,11.7407,3302.0,0.506089,3,2936.46,1.84681,1355.3329,4.2,9554.0,5.4,209.9,37,1.5,-190.1,187.8,3.6,1.0,0,,False,,0,0,False,11077.3,37,37,7862.0,2.12,,,,,1.0,1.4649865308113792,2.866920556377976,False,False,True,209.9
46430860,11.9182,3164.0,0.491824,4,2822.28,2.25573,1468.8056,3.0,11064.0,5.64,209.2,47,13.2,-144.6,174.3,3.7,1.0,2,,False,,0,0,False,9381.2,47,47,7513.0,2.71,,,,,1.0,1.5364218598529087,1.9525887247446536,False,False,True,209.2
388814426,12.0764,3319.0,0.553963,5,2602.12,1.29047,1387.1985,4.2,8324.0,5.51,208.8,93,3.2,-162.6,193.6,5.9,1.0,9,"00388814426-01(2:1,ntoi=1);00388814426-01(1:1,ntoi=2)",True,,0,0,False,9173.8,93,93,6607.0,2.83,,,,,1.0,1.3807385082270442,3.0418504119169287,False,False,True,208.8
411956826,10.9998,3417.0,0.615761,5,2547.29,2.58752,1658.5583,7.2,4414.0,4.46,208.4,42,1.6,-118.7,213.9,2.8,1.0,7,,False,,0,0,False,4739.4,42,42,3280.0,2.91,,,,,1.0,1.8682901252300494,3.8537911766318613,False,False,True,208.4
179006947,12.068,3133.0,0.261137,4,2549.67,0.63418,1601.6063,7.2,6589.0,2.31,208.0,141,1.6,-51.8,41.2,3.6,1.0,4,,False,,0,0,False,4648.5,141,141,3387.0,1.96,,,,,1.0,0.6599708416201762,10.909572887075694,False,False,True,208.0
13324350,11.7963,3413.0,0.549923,5,2852.44,1.51263,1438.6757,7.2,5511.0,4.45,207.1,82,4.8,73.6,98.7,2.8,0.5,10,"00013324350-02(1:1,ntoi=3)",True,,0,0,False,4284.8,82,82,4468.0,2.01,,,,,1.0,1.4487288870841166,4.969873980004342,False,False,True,207.1
459944057,11.6136,3792.0,0.617576,2,1871.43,1.56624,2175.2035,3.0,16362.0,8.62,206.0,39,9.5,-35.8,164.2,3.7,1.0,0,,False,,0,0,False,13706.9,39,39,15277.0,1.6,,,,,1.0,1.5835119237280841,1.8945231513868606,False,False,True,206.0
102042218,12.1926,3705.0,0.564382,3,1842.57,1.54813,2309.1965,2.25,14605.0,7.44,205.0,43,0.5,-154.0,157.4,4.0,1.0,1,,False,,0,0,False,11773.7,43,43,14023.0,1.34,,,,,1.0,1.4854551337334343,1.514687282641122,False,False,True,205.0
631837983,12.4605,3673.0,0.503522,5,2144.25,0.85229,2116.1457,7.2,9477.0,5.35,203.8,152,0.4,-61.4,32.3,4.2,1.0,1,,False,,0,0,False,7443.2,151,152,5811.0,2.44,,,,,0.993421052631579,1.1282787066757274,6.381402004132046,False,False,True,203.8
276834958,9.73847,3132.0,0.355825,7,2469.9,1.8199,1628.7419,3.15,2317.0,1.87,203.6,90,5.3,-163.3,143.2,5.1,1.0,12,,False,,0,0,False,2369.8,85,90,2232.0,1.85,,,,,0.9444444444444444,1.152696853587468,2.7327219556437994,False,False,True,203.6
627018,12.1078,3380.0,0.416175,4,2852.46,4.22421,1441.2968,4.2,13981.0,5.37,202.9,24,0.8,8.4,138.0,3.4,1.0,5,"00000627018-01(2:1,ntoi=1)",True,,0,0,False,9789.8,24,24,16944.0,1.24,,,,,1.0,1.6942368347991077,2.4789922599563896,False,False,True,202.9
242189360,10.3818,3221.0,0.218848,3,2549.67,1.68209,1601.5593,3.15,4793.0,1.65,202.8,38,1.1,-176.5,192.3,4.0,1.0,2,,False,,0,0,False,4617.9,38,38,4256.0,1.72,,,,,1.0,0.8120568329918091,3.879038845587514,False,False,True,202.8
631837983,12.4605,3673.0,0.503522,5,2144.25,0.8523,2116.127,6.3,9679.0,5.4,200.9,151,0.7,-60.2,155.7,9.3,1.0,1,,False,,0,0,False,7443.2,150,151,6487.0,2.21,,,,,0.9933774834437086,1.1282831193924237,5.583704915653198,False,False,True,200.9
238923204,12.1103,3317.0,0.632328,3,379.47,1.18034,3666.9592,6.3,7109.0,5.82,200.8,76,4.8,260.3,114.8,4.0,0.5,7,,False,,0,0,False,6262.2,75,76,5391.0,1.86,,,,,0.9868421052631579,1.463880450879816,4.303630119668308,False,False,True,200.8
44790652,12.0475,3869.0,0.649332,3,2146.05,2.67476,2145.4316,6.3,12222.0,7.83,199.4,25,0.3,-72.0,181.2,4.5,1.0,2,,False,,0,0,False,9817.5,25,25,10760.0,1.55,,,,,1.0,1.9571064039141413,3.21903805914703,False,False,True,199.4
11568422,11.05,3385.0,0.617215,3,2174.67,2.74195,2116.8787,4.5,5919.0,5.18,198.8,33,3.8,-162.7,119.2,3.0,1.0,1,,False,,0,0,False,5773.1,33,33,5356.0,2.1,,,,,1.0,1.907739707184108,2.35881235949225,False,False,True,198.8
201795667,11.2926,3313.0,0.504628,6,2633.97,6.40476,1357.855,7.2,6428.0,4.41,198.2,23,14.0,-161.7,187.9,3.4,1.0,27,,False,,0,0,False,5923.7,23,23,6466.0,1.71,,,,,1.0,2.2132143480320123,3.253186934379958,False,False,True,198.2
117880865,11.8801,3273.0,0.355164,3,2822.01,1.47656,1439.4641,4.2,8608.0,3.6,195.6,46,0.3,-122.6,148.3,5.1,1.0,7,,False,,0,0,False,6774.1,46,46,9055.0,1.22,,,,,1.0,1.0737700495862632,3.9114519925549347,False,False,True,195.6
189565557,11.1961,3182.0,0.224695,6,2554.31,1.3893,1519.1908,6.3,3516.0,1.45,194.4,95,0.5,244.1,124.8,2.9,0.5,2,,False,,0,0,False,3376.3,84,94,3109.0,2.16,,,,,0.8936170212765957,0.7754180595689186,8.124649564523148,False,False,True,194.4
139725285,12.2937,3092.0,0.365335,5,2852.43,1.19893,1439.0102,6.3,6366.0,3.18,192.9,108,1.1,252.5,65.5,3.7,0.5,0,,False,,0,0,False,6293.4,108,108,4081.0,2.55,,,,,1.0,1.0207837714153247,6.171728211612338,False,False,True,192.9
11974826,11.0048,3094.0,0.220827,4,2528.61,0.93617,1545.1349,3.15,4514.0,1.62,191.7,86,0.6,-171.1,146.0,7.5,1.0,0,,False,,0,0,False,4131.2,85,86,3963.0,1.39,,,,,0.9883720930232558,0.671987687281424,4.687585888282505,False,False,True,191.7
209366972,12.335,3203.0,0.240792,4,2906.03,0.52512,1354.352,6.3,7413.0,2.26,190.9,161,0.7,-4.5,117.3,7.4,1.0,3,"00209366972-02(1:1,ntoi=3);00209366972-03(1:1,ntoi=3);00209366972-01(1:1,ntoi=3)",True,,0,0,False,4981.1,161,161,3518.0,1.58,,,,,1.0,0.5871141081545892,10.730452415463311,False,False,True,190.9
14001734,11.7386,3304.0,0.438763,3,2852.4,1.43957,1438.4019,2.1,10310.0,4.86,190.6,49,0.4,-135.0,155.5,4.3,1.0,2,,False,,0,0,False,7695.6,49,49,9838.0,1.66,,,,,1.0,1.2258553347743695,1.713089579519206,False,False,True,190.6
273416539,11.1681,3459.0,0.556322,9,2825.67,1.64847,1326.2287,7.92,2676.0,3.14,190.4,121,1.7,-4.4,76.3,3.3,1.0,10,,False,,0,0,False,2815.8,119,121,1878.0,2.84,,,,,0.9834710743801653,1.5024019309948107,5.271558719813277,False,False,True,190.4
273416539,11.1681,3459.0,0.556322,9,2825.67,1.64847,1326.2287,7.92,2675.0,3.14,190.4,121,1.7,-7.7,90.7,4.5,0.5,10,,False,,0,0,False,2815.8,119,121,1887.0,2.83,,,,,0.9834710743801653,1.5024019309948107,5.271558719813277,False,False,True,190.4
273416539,11.1681,3459.0,0.556322,9,2825.67,1.64847,1326.2287,7.92,2673.0,3.14,190.2,121,1.8,-3.8,74.1,3.1,1.0,10,,False,,0,0,False,2815.8,119,121,1878.0,2.84,,,,,0.9834710743801653,1.5024019309948107,5.271558719813277,False,False,True,190.2
273416539,11.1681,3459.0,0.556322,9,2825.67,1.64848,1326.2287,7.92,2665.0,3.13,189.6,121,2.1,-2.1,144.4,8.5,2.0,10,,False,,0,0,False,2815.8,118,121,1876.0,2.84,,,,,0.9752066115702479,1.5024049689611125,5.271548060358549,False,False,True,189.6
165214815,12.0564,3281.0,0.393071,4,354.56,0.86827,3936.922,2.1,8473.0,3.95,189.6,117,1.0,-110.5,171.3,10.3,1.0,1,"00165214815-01(1:3,ntoi=1)",True,,0,0,False,7550.2,114,117,7331.0,1.63,,,,,0.9743589743589743,0.9625143838857052,2.181785576566892,False,False,True,189.6
166787846,12.4059,3105.0,0.362042,8,2878.5,0.92219,1354.905,4.2,5806.0,3.01,189.5,212,0.8,238.8,143.7,10.8,1.0,0,,False,,0,0,False,5721.4,188,211,5391.0,1.56,,,,,0.8909952606635071,0.9296534110081122,4.517812714144229,False,False,True,189.5
207238086,12.4637,3160.0,0.201137,8,2633.97,0.92062,1354.7043,4.2,5815.0,1.67,189.2,212,4.3,238.7,175.8,11.0,1.0,9,"00207238086-01(1:1,ntoi=2);00207238086-02(1:1,ntoi=2);00207238086-02(1:1,ntoi=2);00207238086-01(1:1,ntoi=2);00207238086-02(1:2,ntoi=5);00207238086-03(1:2,ntoi=5);00207238086-01(1:2,ntoi=5);00207238086-05(1:2,ntoi=5);00207238086-04(1:2,ntoi=5)",True,,0,0,False,5486.3,192,212,4612.0,2.06,,,,,0.9056603773584906,0.6279085663250782,6.68887195564329,False,False,True,189.2
165184400,12.3688,3170.0,0.358351,7,2879.65,1.98932,1412.9069,6.3,8605.0,3.63,188.9,86,1.6,-124.3,171.1,4.5,1.0,17,"00165184400-01(1:3,ntoi=2);00165184400-02(1:3,ntoi=2);00165184400-01(1:3,ntoi=3);00165184400-02(1:3,ntoi=3);00165184400-03(1:3,ntoi=3);00165184400-01(1:3,ntoi=4);00165184400-02(1:3,ntoi=4);00165184400-03(1:3,ntoi=4);00165184400-04(1:3,ntoi=4);00165184400-01(1:3,ntoi=3);00165184400-02(1:3,ntoi=3);00165184400-03(1:3,ntoi=3);00165184400-01(1:3,ntoi=1)",True,,0,0,False,9608.2,86,86,8235.0,2.09,,,,,1.0,1.1930232959692397,5.280701576645856,False,False,True,188.9
308305105,12.4043,3153.0,0.354638,6,2879.66,2.70696,1411.263,4.8,10383.0,3.94,187.3,56,3.6,-162.1,152.2,4.4,1.0,3,,False,,0,0,False,9538.6,56,56,11090.0,1.35,,,,,1.0,1.3128821777489879,3.6560782691329363,False,False,True,187.3
220523369,11.9752,3276.0,0.456772,11,2662.78,6.44822,1327.2675,7.56,6460.0,4.01,187.1,44,1.2,-110.6,128.7,4.4,1.0,24,,False,,0,0,False,5233.9,44,44,6853.0,1.5,,,,,1.0,2.075652078699827,3.6422289060773267,False,False,True,187.1
410062743,11.1327,3624.0,0.423258,3,2554.45,3.08862,1546.0356,3.0,8105.0,4.16,187.1,23,0.6,-7.7,161.5,2.2,1.0,4,,False,,0,0,False,5960.3,23,23,6898.0,1.63,,,,,1.0,1.5435945532486512,1.9435155388998981,False,False,True,187.1
24923308,11.2687,3028.0,0.178051,2,1872.18,1.40534,2116.4352,4.2,5892.0,1.49,186.9,47,5.4,-124.3,191.6,6.8,1.0,2,,False,,0,0,False,5030.8,47,47,6504.0,1.24,,,,,1.0,0.6665484272759725,6.30111756045156,False,False,True,186.9
209366972,12.335,3203.0,0.240792,4,2906.03,0.52512,1354.3145,4.5,7440.0,2.27,184.1,160,1.8,-109.8,47.5,2.4,1.0,3,"00209366972-02(1:1,ntoi=3);00209366972-03(1:1,ntoi=3);00209366972-01(1:1,ntoi=3)",True,,0,0,False,4981.1,159,159,4773.0,1.65,,,,,1.0,0.5871141081545892,7.66460886818808,False,False,True,184.1
143209292,11.8091,3173.0,0.308917,4,2822.29,3.31926,1469.12,2.25,20846.0,4.87,183.7,28,5.5,-37.2,93.5,3.1,1.0,3,,False,,0,0,False,15167.7,28,28,20176.0,1.56,,,,,1.0,1.2816907712291554,1.7554936420757914,False,False,True,183.7
61383924,11.8872,3124.0,0.348647,5,2575.58,1.20292,1657.6684,3.15,7941.0,3.39,183.5,90,3.9,-132.5,155.6,6.0,1.0,2,,False,,0,0,False,7741.5,86,90,6236.0,2.47,,,,,0.9555555555555556,0.9905532584837582,3.180041025579696,False,False,True,183.5
143209291,10.7617,3273.0,0.43536,4,2822.29,3.31926,1469.12,2.25,7985.0,4.24,182.9,28,6.0,-38.7,94.6,3.1,1.0,2,,False,,0,0,False,5837.7,28,28,7778.0,1.58,,,,,1.0,1.6110946955492444,1.3965659537057467,False,False,True,182.9
1364042,11.7329,3388.0,0.433943,3,302.06,0.8656,3988.8735,4.2,6508.0,3.82,182.5,93,3.6,142.6,135.2,8.4,1.0,0,,False,,0,0,False,4972.4,93,93,4982.0,1.9,,,,,1.0,1.027075811497502,4.089279440702917,False,False,True,182.5
209366972,12.335,3203.0,0.240792,4,2906.03,0.52676,1354.2378,6.3,7007.0,2.2,180.5,161,0.6,-11.5,49.7,3.3,1.0,3,"00209366972-02(1:1,ntoi=3);00209366972-03(1:1,ntoi=3);00209366972-01(1:1,ntoi=3)",True,,0,0,False,4981.1,161,161,3545.0,1.74,,,,,1.0,0.5877246774832113,10.719304874143154,False,False,True,180.5
67630561,12.1483,3184.0,0.350373,7,2904.61,1.90044,1387.5426,6.3,6286.0,3.03,179.9,78,2.1,-161.5,154.1,6.6,1.0,0,,False,,0,0,False,5828.8,78,78,5198.0,1.73,,,,,1.0,1.1574798413836986,5.442859369774183,False,False,True,179.9
231910539,12.069,3179.0,0.402849,12,2907.31,2.75156,1326.2364,4.08,6258.0,3.48,179.4,97,0.9,-128.3,129.3,4.9,1.0,7,,False,,0,0,False,6618.3,94,97,5832.0,1.78,,,,,0.9690721649484536,1.4371303124497972,2.838990984084838,False,False,True,179.4
261560580,12.0826,3236.0,0.399483,10,2851.91,1.65823,1326.896,6.12,4679.0,2.98,178.9,136,3.3,213.5,104.5,3.7,0.5,7,,False,,0,0,False,5115.0,135,136,3457.0,2.72,,,,,0.9926470588235294,1.2071338222514412,5.069860430706438,False,False,True,178.9
255848989,12.31,3113.0,0.29179,5,2528.11,0.93502,1571.8243,4.8,8032.0,2.85,178.7,117,0.6,228.5,128.1,6.0,1.0,4,,False,,0,0,False,8165.7,117,117,7658.0,2.11,,,,,1.0,0.8088392109828424,5.934430397071614,False,False,True,178.7
410421717,11.8325,3258.0,0.446698,9,2907.31,4.9249,1327.1224,6.12,6654.0,3.98,178.5,42,6.1,-93.1,91.0,2.4,1.0,18,,False,,0,0,False,6233.3,42,42,6124.0,1.87,,,,,1.0,1.8693190774879382,3.273919403970502,False,False,True,178.5
66471572,12.2429,3956.0,0.58988,1,25.78,2.02309,4265.5675,6.12,20042.0,9.11,177.3,11,4.6,-147.6,178.3,3.0,1.0,0,,False,,0,0,False,16676.0,11,11,17520.0,1.12,,,,,1.0,1.6725886403349033,3.658998902906927,False,False,True,177.3
443749174,12.4462,3204.0,0.414998,2,1871.43,0.86488,2174.772,6.3,8610.0,4.2,177.0,73,0.3,67.4,138.6,9.5,1.0,1,,False,,0,0,False,5967.3,73,73,6121.0,1.48,,,,,1.0,0.996684217557014,6.320958924625107,False,False,True,177.0
328213297,12.4529,3584.0,0.550051,3,2498.44,1.02467,1602.0551,4.8,13136.0,6.88,175.9,68,1.5,217.1,98.5,2.4,0.5,0,,False,,0,0,False,11346.3,68,68,8896.0,2.27,,,,,1.0,1.272540481509505,3.7719821646115133,False,False,True,175.9
7723060,11.221,3199.0,0.220435,7,2879.66,2.5126,1412.1497,4.2,4214.0,1.56,174.1,71,0.3,-139.8,99.4,3.7,1.0,6,,False,,0,0,False,3988.9,70,70,4435.0,1.59,,,,,1.0,0.9327597132574609,4.50276736902842,False,False,True,174.1
34945703,11.3524,3910.0,0.610212,4,2554.66,2.95821,1544.6991,6.3,5455.0,4.92,173.4,31,1.5,183.4,90.5,2.5,0.5,8,,False,,0,0,False,4384.4,31,31,6174.0,1.49,,,,,1.0,1.9418028026575163,3.2444077181153173,False,False,True,173.4
207082763,10.8088,3387.0,0.476184,3,2934.84,4.25815,1325.8015,6.3,6000.0,4.02,171.0,17,3.8,-116.7,80.7,2.1,1.0,5,,False,,0,0,False,5278.4,17,17,4710.0,1.99,,,,,1.0,1.8583683995237454,3.3900705595373535,False,False,True,171.0
201898220,11.9353,3106.0,0.424297,5,2633.96,1.70421,1354.8798,4.2,6279.0,3.67,170.8,77,0.5,-110.7,114.6,5.1,1.0,12,,False,,0,0,False,7571.4,65,77,6370.0,2.35,,,,,0.8441558441558441,1.2681266745618702,3.3119719695598024,False,False,True,170.8
267023400,12.4315,3428.0,0.60939,2,374.25,0.85619,3830.8643,4.5,22905.0,10.06,170.6,54,3.1,222.8,153.9,6.1,1.0,0,,False,,0,0,False,19976.3,54,54,16509.0,1.92,,,,,1.0,1.283301080379924,3.5065816345044807,False,False,True,170.6
12509218,11.4937,3192.0,0.431167,4,2906.03,4.18234,1355.795,7.2,6727.0,3.86,169.1,22,4.9,-136.8,112.6,2.3,1.0,5,,False,,0,0,False,6077.2,22,22,6248.0,1.3,,,,,1.0,1.7289340013748815,4.164415758076608,False,False,True,169.1
77437462,11.58,3588.0,0.461714,3,2852.32,1.21592,1438.6764,0.5,18383.0,6.83,167.7,72,0.7,166.3,82.7,5.6,0.5,3,"00077437462-01(1:2,ntoi=1);00077437462-01(1:2,ntoi=1);00077437462-01(1:2,ntoi=1)",True,,0,1,False,4768.9,72,72,18636.0,1.26,,,,,1.0,1.1988329109847002,0.41707230041700205,True,False,True,167.7
201898220,11.9353,3106.0,0.424297,5,2633.96,1.33659,1355.0798,4.2,5538.0,3.44,166.2,96,9.8,-134.2,144.9,3.9,1.0,12,"00201898220-02(1:3,ntoi=5);00201898220-05(1:3,ntoi=5);00201898220-01(1:3,ntoi=1);00201898220-01(1:3,ntoi=1);00201898220-02(1:3,ntoi=2)",True,,0,0,False,7571.4,81,96,5272.0,2.77,,,,,0.84375,1.1694661899779069,3.591382150243561,False,False,True,166.2
206605715,10.456,3145.0,0.416114,2,2198.28,3.24049,2064.5504,7.2,5749.0,3.44,165.7,11,14.0,-70.2,131.5,2.8,1.0,3,,False,,0,0,False,4836.6,11,11,5641.0,1.53,,,,,1.0,1.550791484825909,4.6427905172617505,False,False,True,165.7
293963713,11.6645,3301.0,0.385324,5,2469.79,3.06257,1629.6564,7.2,6122.0,3.29,165.0,39,7.2,-43.1,131.2,3.5,1.0,11,"00293963713-01(3:1,ntoi=1)",True,,0,0,False,5449.4,39,39,4705.0,2.05,,,,,1.0,1.4458425737762066,4.979795263045315,False,False,True,165.0
415808109,12.2538,3150.0,0.270174,5,2553.08,0.65596,1572.0832,6.3,4907.0,2.06,165.0,171,0.8,-83.3,84.1,2.8,1.0,5,"00415808109-01(1:1,ntoi=1)",True,,0,0,False,5788.1,150,171,2757.0,2.82,,,,,0.8771929824561403,0.6827522104641292,9.22735936031216,False,False,True,165.0
1522960,11.318,3842.0,0.531566,2,2580.94,0.77721,1518.3338,4.2,5827.0,4.43,163.4,52,6.7,209.1,174.7,6.3,1.0,0,,False,,0,0,False,5591.9,52,52,4720.0,1.99,,,,,1.0,1.134381714085383,3.7024574249121525,False,False,True,163.4
388814426,12.0764,3319.0,0.553963,5,2602.12,2.15078,1387.1985,4.2,8058.0,5.43,162.5,56,4.2,-128.2,149.9,4.3,1.0,9,,False,,0,0,False,9173.8,56,56,6643.0,2.83,,,,,1.0,1.6370456726769413,2.5655973257801943,False,False,True,162.5
44790652,12.0475,3869.0,0.649332,3,2146.05,4.45428,2146.2941,6.3,12101.0,7.79,161.7,15,6.5,-56.5,145.9,3.4,1.0,2,,False,,0,0,False,9817.5,15,15,12162.0,1.39,,,,,1.0,2.3197721806691343,2.715783925895161,False,False,True,161.7
415808109,12.2538,3150.0,0.270174,5,2553.08,1.32703,1572.683,7.2,5486.0,2.18,158.7,85,1.7,214.1,79.2,2.6,0.5,5,"00415808109-01(1:2,ntoi=1)",True,,0,0,False,5788.1,84,85,5237.0,1.45,,,,,0.9882352941176471,0.8635037795593056,8.338122160478052,False,False,True,158.7
77835048,12.3938,3549.0,0.569092,3,2852.43,1.31969,1438.6009,6.3,8775.0,5.82,158.7,51,4.0,201.8,89.0,3.4,0.5,1,,False,,0,0,False,7481.2,51,51,7293.0,2.79,,,,,1.0,1.4162956556906108,4.448223769300491,False,False,True,158.7
34945703,11.3524,3910.0,0.610212,4,2554.66,4.43724,1546.1991,6.3,5820.0,5.08,158.1,22,11.9,50.1,109.7,3.2,1.0,8,,False,,0,0,False,4384.4,22,22,6874.0,1.34,,,,,1.0,2.2227968009699417,2.834267170643275,False,False,True,158.1
411956826,10.9998,3417.0,0.615761,5,2547.29,4.31268,1658.502,6.3,4381.0,4.45,157.9,28,3.8,-104.3,107.9,3.3,1.0,7,,False,,0,0,False,4739.4,27,27,3584.0,2.98,,,,,1.0,2.215127990246403,2.844079451724688,False,False,True,157.9
1522960,11.318,3842.0,0.531566,2,2580.94,0.77958,1518.3088,4.2,5568.0,4.33,156.1,52,6.5,194.0,31.6,2.6,1.0,0,,False,,0,0,False,5591.9,52,52,4603.0,1.91,,,,,1.0,1.13553359348105,3.6987016712774077,False,False,True,156.1
389253973,11.6941,3167.0,0.647056,5,2553.81,1.77575,1572.2589,6.3,4625.0,4.8,155.8,63,0.2,186.4,104.0,4.8,0.5,1,,False,,0,0,False,3639.2,62,63,4594.0,1.52,,,,,0.9841269841269841,1.7033222293559924,3.6986542483990017,False,False,True,155.8
139725285,12.2937,3092.0,0.365335,5,2852.43,1.7984,1439.0102,6.3,6027.0,3.09,155.6,72,3.4,-123.6,136.9,4.3,1.0,0,,False,,0,0,False,6293.4,71,71,4123.0,2.54,,,,,1.0,1.168506804620765,5.391496202749666,False,False,True,155.6
238923204,12.1103,3317.0,0.632328,3,379.47,1.77034,3666.9592,6.3,6497.0,5.56,155.3,49,1.5,-123.5,131.0,4.7,1.0,7,,False,,0,0,False,6262.2,47,48,5960.0,1.4,,,,,0.9791666666666666,1.675671166814457,3.759687535816855,False,False,True,155.3
118807628,10.2562,3293.0,0.559467,6,2547.33,21.08467,1671.3649,4.5,6866.0,5.06,154.8,7,19.2,2.6,86.3,2.5,2.0,29,,False,,0,0,False,3729.9,7,7,6501.0,2.22,,,,,1.0,3.5267949750478826,1.2759460166631615,False,False,True,154.8
117880865,11.8801,3273.0,0.355164,3,2822.01,2.46097,1438.9641,4.2,8467.0,3.57,152.2,28,0.3,-98.9,113.5,3.6,1.0,7,,False,,0,0,False,6774.1,28,28,9312.0,1.18,,,,,1.0,1.2731014894392136,3.29902999473361,False,False,True,152.2
381285216,12.2743,3098.0,0.37671,6,2548.54,1.59291,1629.0592,7.2,7615.0,3.59,151.5,83,6.9,190.0,105.6,5.4,0.5,0,,False,,0,0,False,6760.3,80,83,6885.0,1.74,,,,,0.963855421686747,1.1453638529607992,6.286212002751605,False,False,True,151.5
189565557,11.1961,3182.0,0.224695,6,2554.31,2.08399,1519.1533,6.3,3218.0,1.39,151.2,62,1.3,-111.0,141.8,3.4,1.0,2,,False,,0,0,False,3376.3,55,62,2940.0,2.05,,,,,0.8870967741935484,0.8876377758496602,7.0974897321934565,False,False,True,151.2
166787846,12.4059,3105.0,0.362042,8,2878.5,1.38329,1355.355,4.2,5424.0,2.91,150.8,143,0.6,-119.6,116.4,8.6,1.0,0,,False,,0,0,False,5721.4,128,143,5477.0,1.44,,,,,0.8951048951048951,1.0641887824161422,3.9466681752313613,False,False,True,150.8
290050983,12.0283,3713.0,0.567524,1,25.78,0.93592,4265.6142,4.68,11249.0,6.57,149.9,24,2.6,59.8,152.5,7.2,1.0,0,,False,,0,0,False,6658.1,24,24,9064.0,1.33,,,,,1.0,1.2606969188661266,3.712232440616418,False,False,True,149.9
49700514,12.437,3487.0,0.591443,2,624.16,2.03704,3666.6379,6.0,14278.0,7.71,149.7,19,6.4,159.6,66.0,2.3,0.5,1,,False,,0,0,False,10017.9,19,19,12648.0,1.81,,,,,1.0,1.6793842547431976,3.572738033629765,False,False,True,149.7
32452414,11.6327,3510.0,0.565437,5,354.1,2.48493,3937.8712,6.3,6789.0,5.08,149.6,53,1.5,164.5,99.4,4.2,0.5,1,,False,,0,0,False,5561.8,53,53,5724.0,2.49,,,,,1.0,1.7414158628033,3.6177458438091707,False,False,True,149.6
167456185,12.2192,3292.0,0.366252,3,2602.12,1.03876,1386.4733,7.2,5420.0,2.94,149.2,78,2.6,-1.1,44.1,2.5,1.0,4,,False,,0,0,False,3521.7,78,78,4358.0,1.55,,,,,1.0,0.974765245926743,7.386393831834568,False,False,True,149.2
167456185,12.2192,3292.0,0.366252,3,2602.12,1.03877,1386.4733,7.2,5408.0,2.94,148.9,78,2.9,-2.2,88.9,6.6,1.0,4,,False,,0,0,False,3521.7,78,78,4394.0,1.61,,,,,1.0,0.9747683738937994,7.386370129386694,False,False,True,148.9
207238086,12.4637,3160.0,0.201137,8,2633.97,1.38266,1354.6543,4.2,5381.0,1.61,148.7,142,1.9,-118.0,138.5,8.4,1.0,9,"00207238086-02(1:3,ntoi=5);00207238086-03(1:3,ntoi=5);00207238086-01(1:3,ntoi=5);00207238086-05(1:3,ntoi=5);00207238086-04(1:3,ntoi=5)",True,,0,0,False,5486.3,141,142,4808.0,1.89,,,,,0.9929577464788732,0.7190759093952585,5.840829799919445,False,False,True,148.7
165214815,12.0564,3281.0,0.393071,4,354.56,1.44712,3936.922,2.1,8328.0,3.91,147.1,70,2.0,-89.3,129.2,7.4,1.0,1,,False,,0,0,False,7550.2,70,70,7581.0,1.73,,,,,1.0,1.141187865387289,1.84018781104662,False,False,True,147.1
24923308,11.2687,3028.0,0.178051,2,1872.18,2.34226,2116.4102,4.2,5602.0,1.45,146.4,30,6.3,-105.2,150.3,5.1,1.0,2,,False,,0,0,False,5030.8,30,30,6461.0,1.25,,,,,1.0,0.7902835451736445,5.314548209500121,False,False,True,146.4
11974826,11.0048,3094.0,0.220827,4,2528.61,1.56027,1546.3912,3.15,4307.0,1.58,145.8,52,2.4,-129.4,112.8,5.5,1.0,0,,False,,0,0,False,4131.2,52,52,3957.0,1.33,,,,,1.0,0.7967272323847916,3.953674321601021,False,False,True,145.8
149838027,12.2778,3148.0,0.381581,6,2936.45,1.07273,1354.9704,4.8,5335.0,3.04,144.8,122,2.9,177.2,75.8,2.9,0.5,5,"00149838027-02(1:1,ntoi=2)",True,,0,0,False,5455.6,117,122,3935.0,2.78,,,,,0.9590163934426229,1.012580587954528,4.740363440796629,False,False,True,144.8
261560580,12.0826,3236.0,0.399483,10,2851.91,2.48736,1326.041,6.12,4518.0,2.93,144.7,91,0.9,-86.0,125.6,4.7,1.0,7,,False,,0,0,False,5115.0,90,90,3331.0,2.97,,,,,1.0,1.3818260567007956,4.428922128311807,False,False,True,144.7
139984208,12.0395,3231.0,0.40496,7,2907.31,1.04941,1326.1761,6.3,3587.0,2.65,144.0,148,2.1,1.5,111.1,11.0,1.0,1,,False,,0,0,False,3267.6,130,148,3388.0,1.63,,,,,0.8783783783783784,1.045838869405048,6.023872495371983,False,False,True,144.0
139984208,12.0395,3231.0,0.40496,7,2907.31,1.04942,1326.1574,7.2,3428.0,2.59,143.5,148,2.4,3.7,53.1,2.3,1.0,1,,False,,0,0,False,3267.6,128,148,3129.0,1.68,,,,,0.8648648648648649,1.0458421913845333,6.884403841528246,False,False,True,143.5
1250913,12.3849,3075.0,0.199307,4,2852.32,0.95009,1439.1362,4.2,6581.0,1.76,142.4,97,0.1,178.9,138.7,9.1,1.0,0,,False,,0,0,False,5742.7,97,97,5722.0,1.48,,,,,1.0,0.6306836578472245,6.65944003422616,False,False,True,142.4
230982053,12.1364,3174.0,0.404185,4,2878.5,2.12911,1355.9243,6.3,6577.0,3.58,142.0,44,0.5,-118.1,135.5,3.0,1.0,1,,False,,0,0,False,6349.3,44,44,3957.0,2.84,,,,,1.0,1.3222932733809778,4.764449859063036,False,False,True,142.0
255848989,12.31,3113.0,0.29179,5,2528.11,1.40437,1572.2493,4.8,7584.0,2.77,141.9,77,0.2,-120.9,101.8,4.5,1.0,4,,False,,0,0,False,8165.7,77,77,7586.0,1.43,,,,,1.0,0.9262944840051583,5.1819373675264915,False,False,True,141.9
165184400,12.3688,3170.0,0.358351,7,2879.65,3.31546,1413.6194,6.3,8022.0,3.5,141.8,53,8.0,-111.3,129.2,3.1,1.0,17,,False,,0,0,False,9608.2,53,53,8165.0,1.86,,,,,1.0,1.414475095851854,4.453949043341683,False,False,True,141.8
61383924,11.8872,3124.0,0.348647,5,2575.58,2.00486,1658.0716,3.6,7137.0,3.21,141.0,55,9.7,-112.4,122.3,4.4,1.0,2,,False,,0,0,False,7741.5,54,55,5614.0,2.46,,,,,0.9818181818181818,1.1744294491903369,3.0653182296151336,False,False,True,141.0
245821931,11.5872,3348.0,0.437361,6,2607.68,1.77021,1438.4706,7.2,3216.0,2.71,139.6,85,0.5,166.4,63.0,3.3,0.5,11,,False,,0,0,False,2945.5,85,85,2714.0,2.14,,,,,1.0,1.3105188132147916,5.49400735601644,False,False,True,139.6
206478549,12.4323,3143.0,0.448103,5,2602.13,1.23226,1386.7449,4.2,5932.0,3.77,139.6,104,4.6,-110.4,170.3,7.0,1.0,0,,False,,0,0,False,6969.0,93,103,4225.0,2.91,,,,,0.9029126213592233,1.1803957724338725,3.558128636245425,False,False,True,139.6
267023400,12.4315,3428.0,0.60939,2,374.25,1.28436,3830.433,4.8,21460.0,9.74,139.2,36,3.6,-118.1,127.8,4.8,1.0,0,,False,,0,0,False,19976.3,36,36,16922.0,1.61,,,,,1.0,1.469041619569625,3.267436358546617,False,False,True,139.2
271502836,11.5627,3208.0,0.499378,2,50.67,0.99553,4154.7222,7.2,5434.0,4.02,138.4,44,1.9,-2.0,121.7,7.8,1.0,2,,False,,0,0,False,4822.1,44,44,3999.0,1.56,,,,,1.0,1.1817148191357785,6.0928405766,False,False,True,138.4
77437462,11.58,3588.0,0.461714,3,2852.32,1.82387,1438.6764,0.5,18427.0,6.84,138.3,48,2.9,-9.0,90.6,6.2,1.0,3,"00077437462-01(1:3,ntoi=1);00077437462-01(1:3,ntoi=1);00077437462-01(1:3,ntoi=1)",True,,0,1,False,4768.9,48,48,18843.0,1.29,,,,,1.0,1.3723185995795082,0.36434687991054326,True,False,True,138.3
67630561,12.1483,3184.0,0.350373,7,2904.61,3.16658,1386.3801,6.3,5899.0,2.94,137.1,47,1.2,-126.1,119.1,4.8,1.0,0,,False,,0,0,False,5828.8,47,47,4824.0,1.78,,,,,1.0,1.3722256615396602,4.59108161039001,False,False,True,137.1
118807628,10.2562,3293.0,0.559467,6,2547.33,11.25165,1661.5837,6.0,4051.0,3.89,137.1,12,18.0,-10.5,77.8,2.1,1.0,29,,False,,0,0,False,3729.9,12,12,3641.0,2.91,,,,,1.0,2.860640933213329,2.0974320580878567,False,False,True,137.1
328213297,12.4529,3584.0,0.550051,3,2498.44,1.5354,1601.5551,4.8,11950.0,6.56,136.7,45,1.1,-116.7,111.2,2.9,1.0,0,,False,,0,0,False,11346.3,45,45,8870.0,2.26,,,,,1.0,1.4561879910087923,3.296277698784441,False,False,True,136.7
207148580,12.2073,3158.0,0.220132,7,2633.97,1.00384,1355.067,4.8,3538.0,1.43,136.6,170,2.1,174.2,82.5,4.4,0.5,13,"00207148580-01(1:2,ntoi=4);00207148580-02(1:2,ntoi=4);00207148580-03(1:3,ntoi=4);00207148580-04(1:3,ntoi=4);00207148580-03(1:2,ntoi=3);00207148580-02(1:2,ntoi=3);00207148580-01(1:2,ntoi=3);00207148580-03(1:2,ntoi=3);00207148580-01(1:2,ntoi=3);00207148580-02(1:2,ntoi=3);00207148580-02(1:2,ntoi=3);00207148580-01(1:2,ntoi=3);00207148580-03(1:2,ntoi=3)",True,,0,0,False,3586.7,164,170,2490.0,2.34,,,,,0.9647058823529412,0.686359916305701,6.993415387419136,False,False,True,136.6
423443451,10.7465,3319.0,0.541537,4,2554.99,0.82299,1544.8326,6.0,4237.0,3.85,135.8,111,4.2,16.1,108.3,7.0,1.0,1,,False,,0,0,False,3909.5,111,111,2804.0,1.91,,,,,1.0,1.170645059443725,5.125379338166874,False,False,True,135.8
423443451,10.7465,3319.0,0.541537,4,2554.99,0.82487,1544.7888,6.3,4172.0,3.82,135.6,111,0.1,13.2,33.0,2.3,1.0,1,,False,,0,0,False,3909.5,111,111,2669.0,1.99,,,,,1.0,1.1715357705596716,5.377556672461084,False,False,True,135.6
423443451,10.7465,3319.0,0.541537,4,2554.99,0.82299,1544.8263,6.3,4167.0,3.81,135.3,111,4.5,17.0,33.5,2.4,1.0,1,,False,,0,0,False,3909.5,111,111,2779.0,1.79,,,,,1.0,1.170645059443725,5.381648305075218,False,False,True,135.3
117880865,11.8801,3273.0,0.355164,3,2822.01,3.4429,1438.9891,4.2,8497.0,3.57,135.0,21,1.0,-80.5,91.7,3.1,1.0,7,,False,,0,0,True,6774.1,21,21,9101.0,1.27,,,,,1.0,1.4238657907205938,2.9497162073642156,False,False,True,135.0
234506344,12.0401,3290.0,0.428596,10,2879.03,3.0053,1326.6837,6.12,4247.0,3.05,133.8,77,9.7,-19.0,98.7,4.2,1.0,2,,False,,0,0,False,4023.4,75,77,3961.0,2.3,,,,,0.974025974025974,1.5424211799610434,3.9677878386982286,False,False,True,133.8
293963713,11.6645,3301.0,0.385324,5,2469.79,5.0829,1631.7751,6.3,6568.0,3.41,132.6,23,11.1,-46.9,105.7,2.6,1.0,11,,False,,0,0,False,5449.4,23,23,5375.0,2.1,,,,,1.0,1.7118387611302184,3.680253154123295,False,False,True,132.6
189017508,11.7373,3296.0,0.294707,4,2852.41,1.11308,1439.2011,7.2,3262.0,1.84,132.5,97,0.4,24.3,45.7,3.0,1.0,0,,False,,0,0,False,2850.9,97,97,2535.0,2.04,,,,,1.0,0.8629336173410008,8.34363137014607,False,False,True,132.5
189017508,11.7373,3296.0,0.294707,4,2852.41,1.11307,1439.2011,7.2,3247.0,1.83,131.9,97,0.6,23.7,67.6,4.6,0.5,0,,False,,0,0,False,2850.9,97,97,2515.0,2.13,,,,,1.0,0.8629310331116506,8.343656356913549,False,False,True,131.9
631837983,12.4605,3673.0,0.503522,5,2144.25,1.70457,2116.1645,6.3,7924.0,4.89,131.0,78,3.6,149.7,69.7,3.6,0.5,1,,False,,0,0,False,7443.2,77,78,6307.0,1.7,,,,,0.9871794871794872,1.4215393128352771,4.431815527798928,False,False,True,131.0
381285216,12.2743,3098.0,0.37671,6,2548.54,2.38916,1630.053,6.3,8283.0,3.74,130.8,54,0.1,-85.3,126.5,6.7,1.0,0,,False,,0,0,False,6760.3,54,54,7988.0,1.62,,,,,1.0,1.311076817823088,4.805210430354889,False,False,True,130.8
189017508,11.7373,3296.0,0.294707,4,2852.41,1.11307,1439.2011,7.2,3204.0,1.82,130.2,97,0.4,22.6,44.5,2.9,1.0,0,,False,,0,0,False,2850.9,97,97,2486.0,2.25,,,,,1.0,0.8629310331116506,8.343656356913549,False,False,True,130.2
1522960,11.318,3842.0,0.531566,2,2580.94,1.16724,1519.0838,4.2,5404.0,4.26,130.2,34,5.7,-97.8,141.0,4.8,1.0,0,,False,,0,0,False,5591.9,34,34,4873.0,1.92,,,,,1.0,1.2990717678796404,3.233077728149914,False,False,True,130.2
366989133,11.9642,3149.0,0.208428,5,2575.58,0.7501,1657.5709,4.2,3830.0,1.41,129.8,150,1.0,173.9,89.4,9.7,1.0,1,,False,,0,0,False,3805.7,149,150,2847.0,1.93,,,,,0.9933333333333333,0.600553989922728,6.993542746323948,False,False,True,129.8
337757672,11.5923,3125.0,0.451547,3,2547.4,0.98293,1657.6033,4.5,5757.0,3.74,129.4,72,0.1,163.5,102.5,6.3,1.0,1,,False,,0,0,False,5336.0,69,72,4470.0,1.55,,,,,0.9583333333333334,1.1003169376980748,4.089730736504206,False,False,True,129.4
179006947,12.068,3133.0,0.261137,4,2549.67,1.26838,1601.5875,6.3,5017.0,2.02,129.3,71,2.9,163.8,59.5,2.5,0.5,4,,False,,0,0,False,4648.5,71,71,3835.0,1.61,,,,,1.0,0.8315155261829162,7.5765271983798534,False,False,True,129.3
437230158,12.2569,2964.0,0.41301,5,2554.47,0.94457,1545.2505,7.2,3953.0,2.83,129.2,119,0.3,-9.4,86.4,5.5,1.0,3,,False,,0,0,False,4007.4,119,119,2280.0,2.37,,,,,1.0,1.023120346556954,7.037295293979571,False,False,True,129.2
437230158,12.2569,2964.0,0.41301,5,2554.47,0.94456,1545.2505,7.2,3943.0,2.83,128.9,119,0.4,-7.4,60.7,3.5,1.0,3,,False,,0,0,False,4007.4,119,119,2307.0,2.18,,,,,1.0,1.023116736011213,7.037320128366164,False,False,True,128.9
466265409,12.4083,3081.0,0.447839,8,2546.41,0.56224,1658.5226,2.25,4404.0,3.24,128.4,296,3.8,155.9,124.6,13.1,1.0,2,,False,,0,0,False,5269.4,258,294,3974.0,2.59,,,,,0.8775510204081632,0.9083714617106922,2.476960246816521,False,False,True,128.4
437230158,12.2569,2964.0,0.41301,5,2554.47,0.94459,1545.213,7.2,3926.0,2.82,128.3,119,0.9,0.4,50.8,2.7,1.0,3,,False,,0,0,False,4007.4,119,119,2239.0,2.48,,,,,1.0,1.0231275675719878,7.037245626258042,False,False,True,128.3
24401034,12.3437,3239.0,0.455571,5,2852.45,2.92306,1440.5082,7.2,6426.0,3.98,128.3,44,1.4,-113.4,85.5,4.5,1.0,14,,False,,0,0,False,6226.2,43,43,6114.0,2.04,,,,,1.0,1.5916891326912161,4.52349636126892,False,False,True,128.3
415808109,12.2538,3150.0,0.270174,5,2553.08,1.99056,1573.3392,6.3,5503.0,2.19,128.2,56,1.2,-109.3,90.3,3.1,1.0,5,"00415808109-01(1:3,ntoi=1)",True,,0,0,False,5788.1,56,56,5705.0,1.49,,,,,1.0,0.9884675578545327,6.373502043581623,False,False,True,128.2
389253973,11.6941,3167.0,0.647056,5,2553.81,2.6636,1573.1964,4.5,5189.0,5.09,127.1,44,0.3,-31.2,121.9,5.8,1.0,1,,False,,0,0,False,3639.2,44,44,5457.0,1.54,,,,,1.0,1.9498111154456457,2.3079158613635697,False,False,True,127.1
257397333,10.7879,3194.0,0.240354,3,2602.12,0.64362,1386.1263,3.15,2171.0,1.22,126.1,124,1.3,161.0,97.3,9.6,1.0,0,,False,,0,0,False,1934.4,123,124,1722.0,1.5,,,,,0.9919354838709677,0.6275558375594197,5.019473665085211,False,False,True,126.1
77835048,12.3938,3549.0,0.569092,3,2852.43,1.98142,1438.5634,6.3,8195.0,5.62,126.1,33,4.6,-89.9,98.9,3.9,1.0,1,,False,,0,0,False,7481.2,33,33,7643.0,1.31,,,,,1.0,1.6217682551253245,3.884648734546329,False,False,True,126.1
448472110,11.9141,3553.0,0.495803,4,1817.08,1.42039,2282.9013,4.8,7817.0,4.78,125.3,65,1.8,146.4,70.3,3.0,0.5,2,,False,,0,0,False,10047.1,53,65,6848.0,2.93,,,,,0.8153846153846154,1.323986620026182,3.6254142809276115,False,False,True,125.3
238923204,12.1103,3317.0,0.632328,3,379.47,2.95055,3666.403,4.8,7088.0,5.81,125.0,31,0.4,-106.1,100.1,3.3,1.0,7,,False,,0,0,False,6262.2,30,30,6558.0,1.43,,,,,1.0,1.9867241104842739,2.4160375236146785,False,False,True,125.0
142216895,11.956,3315.0,0.25224,5,2144.25,0.95381,2116.4269,4.5,3444.0,1.61,124.9,137,0.0,157.9,101.6,8.4,1.0,0,,False,,0,0,False,3329.2,137,137,2528.0,1.73,,,,,1.0,0.7388759934946131,6.090331854898475,False,False,True,124.9
49700514,12.437,3487.0,0.591443,2,624.16,3.06611,3668.6316,6.3,13788.0,7.58,124.9,13,10.9,-58.6,105.8,2.9,1.0,1,,False,,0,0,False,10017.9,13,13,12587.0,1.88,,,,,1.0,1.9246250553581365,3.2733648470702716,False,False,True,124.9
32452414,11.6327,3510.0,0.565437,5,354.1,3.72749,3939.1275,7.2,6247.0,4.88,123.7,37,3.4,28.7,118.5,5.3,1.0,1,,False,,0,0,False,5561.8,37,37,5308.0,2.74,,,,,1.0,1.9934404756565414,3.6118459958673577,False,False,True,123.7
139722169,12.291,3251.0,0.26602,7,2907.31,0.94507,1326.0449,4.2,4168.0,1.87,122.5,162,0.4,152.8,73.4,6.8,1.0,2,"00139722169-01(1:2,ntoi=2);00139722169-02(1:2,ntoi=2)",True,,0,0,False,3718.3,162,162,3505.0,1.72,,,,,1.0,0.7632013780493407,5.5031347175168115,False,False,True,122.5
273369281,12.4134,2908.0,0.138218,10,2851.91,0.64883,1326.0411,7.56,3006.0,0.83,122.0,349,0.6,-18.8,74.8,10.0,1.0,10,"00273369281-01(2:1,ntoi=2);00273369281-02(2:1,ntoi=2);00273369281-01(3:1,ntoi=2);00273369281-02(3:1,ntoi=2);00273369281-01(2:1,ntoi=2);00273369281-02(2:1,ntoi=2);00273369281-02(2:1,ntoi=3);00273369281-03(2:1,ntoi=3);00273369281-01(2:1,ntoi=3)",True,,0,0,False,3001.8,346,349,1645.0,2.7,,,,,0.9914040114613181,0.43513932902931324,17.373745592852902,False,False,True,122.0
1364042,11.7329,3388.0,0.433943,3,302.06,1.7313,3989.7235,4.2,5823.0,3.61,121.9,45,0.6,133.3,72.2,3.8,0.5,0,,False,,0,0,False,4972.4,45,45,4826.0,1.87,,,,,1.0,1.2940593502072013,3.2456007518723986,False,False,True,121.9
267023400,12.4315,3428.0,0.60939,2,374.25,2.14051,3831.283,4.8,22582.0,9.99,120.6,22,1.4,-71.0,104.3,3.7,1.0,0,,False,,0,0,False,19976.3,22,22,18472.0,1.61,,,,,1.0,1.7417170231206693,2.755901180433859,False,False,True,120.6
101251974,12.3688,3148.0,0.378754,3,2553.74,0.60688,1545.1031,6.3,5231.0,2.99,120.0,104,2.0,-40.9,54.7,2.5,1.0,2,,False,,0,0,False,4678.5,94,104,3052.0,2.45,,,,,0.9038461538461539,0.8333243160507491,7.560081805672802,False,False,True,120.0
161032402,11.588,3650.0,0.642392,1,25.06,1.15722,4179.7811,7.92,6231.0,5.53,118.5,20,45.9,-36.7,110.0,4.7,0.5,1,,False,,0,0,False,4763.8,20,20,3868.0,2.03,,,,,1.0,1.4696492145144981,5.3890410866625675,False,False,True,118.5
13324350,11.7963,3413.0,0.549923,5,2852.44,4.53789,1438.6757,7.2,4973.0,4.23,118.4,28,7.8,17.1,96.4,2.7,2.0,10,"00013324350-02(1:3,ntoi=3)",True,,0,0,True,4284.8,28,28,5021.0,1.55,,,,,1.0,2.089428614888997,3.4459181561378722,False,False,True,118.4
443749174,12.4462,3204.0,0.414998,2,1871.43,1.72975,2175.6408,4.8,8168.0,4.09,117.6,37,0.1,130.4,65.2,3.7,0.5,1,,False,,0,0,False,5967.3,37,37,7358.0,1.46,,,,,1.0,1.255741005913541,3.822444259919696,False,False,True,117.6
189565557,11.1961,3182.0,0.224695,6,2554.31,3.47329,1518.4783,6.3,3093.0,1.36,117.2,38,0.9,-87.9,109.1,2.4,1.0,2,,False,,0,0,True,3376.3,33,38,3042.0,1.91,,,,,0.868421052631579,1.0524082605807028,5.986270001837268,False,False,True,117.2
146245416,12.3746,3113.0,0.2218,5,2904.62,0.84511,1386.2096,7.2,3971.0,1.52,116.7,125,1.6,-36.8,37.9,2.5,1.0,0,,False,,0,0,False,3511.3,124,124,2442.0,1.61,,,,,1.0,0.651358975748349,11.053812518247547,False,False,True,116.7
209366972,12.335,3203.0,0.240792,4,2906.03,1.05026,1354.8208,6.0,5328.0,1.92,116.1,79,0.9,163.5,48.8,2.5,0.5,3,"00209366972-02(1:2,ntoi=3);00209366972-03(1:2,ntoi=3);00209366972-01(1:2,ntoi=3)",True,,0,0,False,4981.1,79,79,3959.0,1.46,,,,,1.0,0.7397221190697109,8.111153966229534,False,False,True,116.1
219993473,12.2209,3132.0,0.402548,8,2878.5,1.39531,1355.2303,7.2,3060.0,2.43,115.9,145,1.0,149.5,47.9,3.8,0.5,6,,False,,0,0,False,3236.8,145,145,2609.0,1.54,,,,,1.0,1.145452220475521,6.285727044128479,False,False,True,115.9
146245416,12.3746,3113.0,0.2218,5,2904.62,0.8451,1386.2096,7.2,3942.0,1.52,115.9,125,1.0,-40.2,81.8,12.4,1.0,0,,False,,0,0,False,3511.3,124,124,2472.0,1.56,,,,,1.0,0.6513564066092432,11.053856117698968,False,False,True,115.9
1364042,11.7329,3388.0,0.433943,3,302.06,1.29843,3989.7235,4.2,4885.0,3.31,115.9,60,31.2,-92.2,88.1,5.0,1.0,0,,False,,0,0,False,4972.4,60,60,4085.0,2.2,,,,,1.0,1.175717364588229,3.572287121463894,False,False,True,115.9
207238086,12.4637,3160.0,0.201137,8,2633.97,2.30443,1356.0543,4.2,5151.0,1.58,115.4,89,0.2,-91.1,106.7,6.2,1.0,9,,False,,0,0,False,5486.3,86,89,4704.0,1.81,,,,,0.9662921348314607,0.8525583514440536,4.9263490210213625,False,False,True,115.4
146245416,12.3746,3113.0,0.2218,5,2904.62,0.84512,1386.1909,6.3,4040.0,1.54,114.8,125,2.1,-45.5,46.2,4.2,1.0,0,,False,,0,0,False,3511.3,124,124,2633.0,1.63,,,,,1.0,0.651361544867188,9.672047804548493,False,False,True,114.8
166787846,12.4059,3105.0,0.362042,8,2878.5,2.30091,1355.455,4.2,5069.0,2.81,114.6,89,2.8,-88.1,87.4,6.1,1.0,0,,False,,0,0,False,5721.4,88,89,4934.0,1.61,,,,,0.9887640449438202,1.2609004744252592,3.330952827117013,False,False,True,114.6
419692115,10.7333,3136.0,0.203777,7,2523.81,1.41011,1602.674,6.3,1599.0,0.89,114.6,114,0.2,143.1,67.8,4.1,0.5,1,,False,,0,0,False,1667.9,102,113,1442.0,2.17,,,,,0.9026548672566371,0.730123064045332,8.628682355401999,False,False,True,114.6
384490072,12.3695,3281.0,0.245367,4,1736.67,0.70163,2361.9943,4.2,5139.0,1.92,113.8,127,0.8,157.3,126.3,7.6,1.0,0,,False,,0,0,False,5926.3,123,127,3584.0,2.43,,,,,0.968503937007874,0.6548197646628643,6.413978665048972,False,False,True,113.8
75160399,8.36522,3386.0,0.291681,8,2575.91,53.59132,1682.0881,1.53,5591.0,2.38,113.7,4,75.5,-3.0,124.3,4.3,2.0,0,,False,,0,0,False,1246.8,4,4,5170.0,2.09,,,,,1.0,3.1177781248358123,0.490734086499684,False,False,True,113.7
1250913,12.3849,3075.0,0.199307,4,2852.32,1.42513,1439.6112,4.2,6166.0,1.71,113.6,65,2.3,-85.6,111.2,7.1,1.0,0,,False,,0,0,False,5742.7,65,65,5750.0,1.49,,,,,1.0,0.7219517213733843,5.817563523514079,False,False,True,113.6
77437462,11.58,3588.0,0.461714,3,2852.32,3.03978,1439.8952,0.5,18905.0,6.93,112.3,30,0.4,-5.3,73.9,4.8,1.0,3,,False,,0,1,False,4768.9,30,30,19519.0,1.2,,,,,1.0,1.6270630180942462,0.30730217234341806,True,False,True,112.3
230982053,12.1364,3174.0,0.404185,4,2878.5,3.54853,1355.9243,6.3,6413.0,3.53,111.9,26,13.7,-85.7,107.3,2.1,1.0,1,,False,,0,0,False,6349.3,26,26,4242.0,2.6,,,,,1.0,1.5677539937951972,4.018487610258958,False,False,True,111.9
231708319,11.9631,3350.0,0.346346,5,2907.3,2.57319,1327.6193,7.2,4174.0,2.44,110.9,45,0.5,125.0,53.6,2.7,0.5,12,,False,,0,0,False,3583.5,45,45,4042.0,1.56,,,,,1.0,1.2706882962931123,5.666220442105309,False,False,True,110.9
261560580,12.0826,3236.0,0.399483,10,2851.91,4.14561,1326.041,6.12,4301.0,2.86,110.8,57,0.9,-72.1,97.4,3.4,1.0,7,,False,,0,0,False,5115.0,57,57,3275.0,2.77,,,,,1.0,1.6383372670111054,3.7354945915165563,False,False,True,110.8
158596311,12.28,3159.0,0.369625,7,2906.03,0.61851,1354.3169,1.58,4768.0,2.78,109.5,237,0.7,121.3,83.1,11.8,1.0,10,"00158596311-02(1:2,ntoi=3);00158596311-01(1:2,ntoi=3);00158596311-03(1:2,ntoi=3);00158596311-01(1:2,ntoi=2);00158596311-02(1:2,ntoi=2);00158596311-01(1:2,ntoi=5);00158596311-04(1:2,ntoi=5);00158596311-02(1:2,ntoi=5);00158596311-03(1:2,ntoi=5);00158596311-05(1:2,ntoi=5)",True,,0,0,False,5393.8,234,237,4312.0,2.07,,,,,0.9873417721518988,0.8250838649004592,1.91495685131428,False,False,True,109.5
206478549,12.4323,3143.0,0.448103,5,2602.13,2.05242,1387.6449,3.0,6892.0,4.06,109.4,60,4.7,-86.4,131.9,5.2,1.0,0,,False,,0,0,False,6969.0,52,60,5561.0,2.77,,,,,0.8666666666666667,1.39920798319904,2.144070099672412,False,False,True,109.4
245821931,11.5872,3348.0,0.437361,6,2607.68,2.65532,1439.3331,7.2,2962.0,2.6,109.1,58,2.0,-77.3,73.6,4.1,1.0,11,,False,,0,0,False,2945.5,58,58,2628.0,1.7,,,,,1.0,1.500170492234774,4.79945448685256,False,False,True,109.1
25001358,10.2829,3487.0,0.605326,2,1872.19,6.84565,2118.1913,6.3,2886.0,3.55,108.6,12,3.3,-29.4,92.7,3.9,1.0,3,,False,,0,0,True,1975.4,12,12,2858.0,1.3,,,,,1.0,2.554697069457744,2.4660458084516566,False,False,True,108.6
207148580,12.2073,3158.0,0.220132,7,2633.97,1.50572,1354.5795,4.2,3471.0,1.41,107.6,113,3.6,-81.9,95.4,5.2,1.0,13,"00207148580-01(1:3,ntoi=4);00207148580-02(1:3,ntoi=4);00207148580-03(1:3,ntoi=3);00207148580-02(1:3,ntoi=3);00207148580-01(1:3,ntoi=3);00207148580-03(1:3,ntoi=3);00207148580-01(1:3,ntoi=3);00207148580-02(1:3,ntoi=3);00207148580-02(1:3,ntoi=3);00207148580-01(1:3,ntoi=3);00207148580-03(1:3,ntoi=3)",True,,0,0,False,3586.7,112,113,2503.0,2.64,,,,,0.9911504424778761,0.7856790144914325,5.345694517141515,False,False,True,107.6
273416539,11.1681,3459.0,0.556322,9,2825.67,4.96574,1326.4837,7.92,2343.0,2.94,107.5,42,0.1,-40.7,77.5,3.7,1.0,10,"00273416539-01(2:1,ntoi=1)",True,,0,0,False,2815.8,42,42,2034.0,2.89,,,,,1.0,2.1698036862816124,3.650099799384379,False,False,True,107.5
232064182,11.8155,3272.0,0.301026,7,2879.01,2.16093,1326.8503,4.5,3773.0,2.02,107.3,71,2.1,-66.7,97.4,2.9,1.0,6,,False,,0,0,False,3780.0,58,70,4355.0,2.17,,,,,0.8285714285714286,1.091837145714464,4.121493775571577,False,False,True,107.3
12863257,10.4227,3224.0,0.353783,3,2202.33,2.21802,2088.8581,4.5,2626.0,1.98,107.0,28,3.0,-49.2,70.8,2.8,1.0,2,,False,,0,0,False,2435.8,28,28,2352.0,1.93,,,,,1.0,1.2265579928016623,3.668803290516457,False,False,True,107.0
255848989,12.31,3113.0,0.29179,5,2528.11,2.34063,1571.7743,4.8,6844.0,2.63,106.9,50,2.6,-95.5,80.4,3.3,1.0,4,,False,,0,0,False,8165.7,50,50,7410.0,1.88,,,,,1.0,1.0982456347604828,4.37060694627467,False,False,True,106.9
448472110,11.9141,3553.0,0.495803,4,1817.08,2.13059,2283.6138,4.2,8366.0,4.95,106.7,43,6.2,-6.1,71.7,3.1,1.0,2,,False,,0,0,False,10047.1,40,43,8301.0,2.69,,,,,0.9302325581395349,1.515587526472278,2.7712025380520466,False,False,True,106.7
328213297,12.4529,3584.0,0.550051,3,2498.44,2.56167,1601.5488,4.5,11829.0,6.53,106.4,28,2.6,-92.5,68.1,2.5,1.0,0,,False,,0,0,False,11346.3,28,28,9443.0,2.13,,,,,1.0,1.7271020267381594,2.605520652707931,False,False,True,106.4
158442595,11.7009,3143.0,0.306146,5,2547.31,0.84111,1657.6213,4.2,3076.0,1.85,104.7,133,3.6,127.6,69.8,6.0,1.0,3,,False,,0,0,False,4343.3,114,133,2708.0,2.35,,,,,0.8571428571428571,0.8062040071787148,5.209599509059458,False,False,True,104.7
631837983,12.4605,3673.0,0.503522,5,2144.25,2.557,2116.8957,7.2,7178.0,4.65,104.6,52,3.0,-64.8,81.1,4.3,1.0,1,,False,,0,0,False,7443.2,52,52,6629.0,1.6,,,,,1.0,1.6272870578985015,4.424542040725235,False,False,True,104.6
158442595,11.7009,3143.0,0.306146,5,2547.31,0.71296,1657.3495,3.15,3181.0,1.88,103.6,158,4.1,127.7,82.0,6.4,1.0,3,"00158442595-02(1:1,ntoi=2);00158442595-01(1:1,ntoi=2)",True,,0,0,False,4343.3,126,158,3355.0,2.19,,,,,0.7974683544303798,0.7629845466811334,4.128523983483047,False,False,True,103.6
290050983,12.0283,3713.0,0.567524,1,25.78,1.87775,4266.4992,4.68,10417.0,6.32,103.5,12,3.8,107.7,74.2,2.8,0.5,0,,False,,0,0,False,6658.1,12,12,9542.0,1.32,,,,,1.0,1.5900485031210563,2.943306440535477,False,False,True,103.5
77835048,12.3938,3549.0,0.569092,3,2852.43,3.2977,1439.2759,6.3,8220.0,5.63,102.9,21,8.9,-71.7,68.8,2.3,1.0,1,,False,,0,0,False,7481.2,21,21,7980.0,2.69,,,,,1.0,1.9219127260164441,3.277984434318219,False,False,True,102.9
1232360,10.823,3448.0,0.608567,3,2555.13,1.19198,1518.2633,0.62,5814.0,5.06,102.6,45,2.7,-5.1,63.3,8.4,1.0,5,"00001232360-01(1:1,ntoi=1);00001232360-01(1:1,ntoi=2);00001232360-01(1:1,ntoi=1);00001232360-01(1:1,ntoi=1)",True,,0,0,False,1502.1,45,45,5845.0,1.42,,,,,1.0,1.4316500826539467,0.43306671617038156,False,False,True,102.6
366989133,11.9642,3149.0,0.208428,5,2575.58,1.12633,1657.5209,4.2,3528.0,1.35,102.1,99,1.9,-84.2,69.2,7.2,1.0,1,,False,,0,0,False,3805.7,98,99,2830.0,1.82,,,,,0.98989898989899,0.6877029470098543,6.107288064216798,False,False,True,102.1
179006947,12.068,3133.0,0.261137,4,2549.67,1.90932,1602.15,6.3,4669.0,1.95,101.9,46,0.6,-87.2,70.9,3.1,1.0,4,,False,,0,0,False,4648.5,46,46,3891.0,1.58,,,,,1.0,0.9529720025339264,6.610897259571606,False,False,True,101.9
56667018,12.1601,3403.0,0.578253,4,2553.8,0.7931,1545.4427,7.2,3216.0,3.58,101.9,108,0.6,-29.4,80.5,6.3,1.0,0,,False,,0,0,False,2645.3,108,108,1804.0,2.09,,,,,1.0,1.2079887054618867,5.960320628367968,False,False,True,101.9
1522960,11.318,3842.0,0.531566,2,2580.94,1.94482,1519.8588,4.2,5211.0,4.19,101.8,21,3.1,-84.3,110.1,3.5,1.0,0,,False,,0,0,False,5591.9,21,21,4842.0,1.94,,,,,1.0,1.540066809218011,2.7271544161987396,False,False,True,101.8
56667018,12.1601,3403.0,0.578253,4,2553.8,0.79311,1545.4427,7.2,3210.0,3.57,101.7,108,0.6,-28.4,35.7,2.2,1.0,0,,False,,0,0,False,2645.3,108,108,1775.0,2.12,,,,,1.0,1.207993782516602,5.960295577846691,False,False,True,101.7
466265409,12.4083,3081.0,0.447839,8,2546.41,0.84336,1658.5039,2.25,4131.0,3.14,101.6,195,2.6,-88.7,96.9,9.9,1.0,2,,False,,0,0,False,5269.4,174,195,4124.0,2.49,,,,,0.8923076923076924,1.039825749749218,2.1638240835473135,False,False,True,101.6
47465993,10.3343,3866.0,0.599132,4,2905.99,5.68333,1356.0582,7.2,2476.0,3.25,101.4,15,5.7,-58.7,81.1,2.6,1.0,9,"00047465993-01(3:1,ntoi=1)",True,,0,0,False,2315.8,14,15,2528.0,1.5,,,,,0.9333333333333333,2.3846478969478335,3.0193136727713337,False,False,True,101.4
75160399,8.36522,3386.0,0.291681,8,2575.91,42.65415,1639.4356,1.53,4762.0,2.2,101.1,4,44.4,19.1,107.1,3.4,2.0,0,,False,,0,0,False,1246.8,3,4,4678.0,2.38,,,,,0.75,2.88935442469369,0.5295300524310722,False,False,True,101.1
337757672,11.5923,3125.0,0.451547,3,2547.4,1.47674,1658.0533,4.5,5341.0,3.6,101.0,48,2.0,-92.6,78.7,4.5,1.0,1,,False,,0,0,False,5336.0,47,48,4580.0,1.48,,,,,0.9791666666666666,1.260215879620343,3.570816772564146,False,False,True,101.0
122555050,12.388,3454.0,0.55505,7,2904.62,2.13526,1386.3594,7.2,3701.0,3.68,100.9,79,3.4,-91.7,72.2,4.3,1.0,6,,False,,0,0,False,5565.3,70,79,2941.0,2.86,,,,,0.8860759493670886,1.635234169616113,4.403039108270511,False,False,True,100.9
113233475,12.4532,3027.0,0.222541,3,1077.69,0.71565,3126.9047,7.2,6046.0,1.89,100.9,91,0.6,-40.8,74.9,6.4,1.0,0,,False,,0,0,False,4940.6,91,91,3594.0,2.0,,,,,1.0,0.6176112658820779,11.6578184332776,False,False,True,100.9
326446019,10.7758,3297.0,0.473217,4,2906.02,7.19677,1357.5034,6.3,3410.0,3.01,100.7,16,1.4,-48.0,91.5,2.5,1.0,9,"00326446019-01(2:1,ntoi=4);00326446019-01(2:1,ntoi=2)",True,,0,0,False,3043.6,15,16,3559.0,1.61,,,,,0.9375,2.204420259952008,2.8578942565775347,False,False,True,100.7
142216895,11.956,3315.0,0.25224,5,2144.25,1.43071,2116.4207,4.8,3213.0,1.56,100.4,90,0.9,-87.9,80.2,6.4,1.0,0,,False,,0,0,False,3329.2,89,89,2436.0,1.89,,,,,1.0,0.8458008879424548,5.675094538712017,False,False,True,100.4
257397333,10.7879,3194.0,0.240354,3,2602.12,0.96628,1386.1263,3.15,2009.0,1.18,99.7,84,0.7,-84.8,76.5,7.3,1.0,0,,False,,0,0,False,1934.4,83,84,1701.0,1.52,,,,,0.9880952380952381,0.7185828704631337,4.383628012131425,False,False,True,99.7
167456185,12.2192,3292.0,0.366252,3,2602.12,2.07752,1386.4733,7.2,4617.0,2.71,99.3,40,2.3,111.5,45.2,3.6,0.5,4,,False,,0,0,False,3521.7,40,40,4320.0,1.5,,,,,1.0,1.228127252049056,5.862584669452808,False,False,True,99.3
139722169,12.291,3251.0,0.26602,7,2907.31,1.41761,1326.5199,4.2,3893.0,1.81,97.3,110,0.2,-69.3,58.8,5.2,1.0,2,"00139722169-01(1:3,ntoi=2);00139722169-02(1:3,ntoi=2)",True,,0,0,False,3718.3,110,110,3575.0,1.88,,,,,1.0,0.8736485145284466,4.807425331990586,False,False,True,97.3
415808109,12.2538,3150.0,0.270174,5,2553.08,3.31755,1574.008,6.0,5342.0,2.15,97.1,33,1.4,-82.9,68.2,2.2,1.0,5,,False,,0,0,False,5788.1,33,33,6470.0,1.24,,,,,1.0,1.1719519918044639,5.119663639772267,False,False,True,97.1
158596311,12.28,3159.0,0.369625,7,2906.03,0.77313,1354.4763,1.58,4673.0,2.76,96.2,186,0.1,-89.7,74.4,10.4,1.0,10,,False,,0,0,False,5393.8,185,186,4505.0,2.73,,,,,0.9946236559139785,0.8887917763679155,1.7776942159126805,False,False,True,96.2
389253973,11.6941,3167.0,0.647056,5,2553.81,4.43927,1572.3339,6.3,4221.0,4.59,96.1,27,5.0,-36.7,96.1,4.4,1.0,1,"00389253973-01(3:1,ntoi=1)",True,,0,0,False,3639.2,27,27,4401.0,1.8,,,,,1.0,2.3117457069771885,2.725213236467001,False,False,True,96.1
71374255,12.3689,3079.0,0.360869,2,2821.64,0.83421,1411.2518,4.2,6186.0,3.1,96.1,54,0.1,120.6,99.8,6.1,1.0,0,,False,,0,0,False,6097.8,52,54,3654.0,2.65,,,,,0.9629629629629629,0.897152920679458,4.681476148814333,False,False,True,96.1
381285216,12.2743,3098.0,0.37671,6,2548.54,3.98214,1629.9405,6.3,7353.0,3.52,95.7,34,3.1,-69.0,91.2,4.5,1.0,0,,False,,0,0,False,6760.3,33,34,7690.0,1.54,,,,,0.9705882352941176,1.5544803438048447,4.052801326892124,False,False,True,95.7
139984208,12.0395,3231.0,0.40496,7,2907.31,2.09884,1326.1761,6.3,3096.0,2.46,95.0,74,5.3,106.7,52.3,4.4,0.5,1,,False,,0,0,False,3267.6,64,74,3553.0,1.48,,,,,0.8648648648648649,1.317678591793556,4.781135581344435,False,False,True,95.0
443749174,12.4462,3204.0,0.414998,2,1871.43,2.59343,2174.772,4.5,7971.0,4.04,94.2,26,1.8,11.9,73.9,4.4,1.0,1,,False,,0,0,False,5967.3,26,26,7326.0,1.43,,,,,1.0,1.4372438973684136,3.1309925950908384,False,False,True,94.2
209366972,12.335,3203.0,0.240792,4,2906.03,1.57537,1355.3708,4.8,5399.0,1.93,92.7,53,0.8,-82.5,55.0,2.9,1.0,3,"00209366972-02(1:3,ntoi=3);00209366972-03(1:3,ntoi=3);00209366972-01(1:3,ntoi=3)",True,,0,0,False,4981.1,53,53,4704.0,1.48,,,,,1.0,0.846766861889441,5.668620509415633,False,False,True,92.7
423443451,10.7465,3319.0,0.541537,4,2554.99,1.64597,1544.8326,4.8,3993.0,3.73,92.2,57,7.4,96.5,53.3,2.8,0.5,1,,False,,0,0,False,3909.5,57,57,3396.0,1.89,,,,,1.0,1.4749173654282504,3.254419611912491,False,False,True,92.2
219993473,12.2209,3132.0,0.402548,8,2878.5,2.09297,1354.5366,6.3,2999.0,2.4,92.1,98,1.3,-76.0,55.3,4.5,1.0,6,,False,,0,0,False,3236.8,97,97,2961.0,1.76,,,,,1.0,1.311216515086922,4.804698482296317,False,False,True,92.1
122555050,12.388,3454.0,0.55505,7,2904.62,2.07916,1386.9406,6.3,3533.0,3.6,92.0,78,6.4,-67.9,98.5,4.1,1.0,6,,False,,0,0,False,5565.3,62,78,3613.0,2.85,,,,,0.7948717948717948,1.6207859718373179,3.887003040172133,False,False,True,92.0
71446322,10.9735,3325.0,0.377993,5,2879.64,4.16698,1412.889,7.2,2443.0,2.04,91.7,28,1.7,86.7,61.3,3.5,0.5,5,,False,,0,0,False,2029.7,28,28,2645.0,1.84,,,,,1.0,1.581750343849452,4.551919351872941,False,False,True,91.7
419692115,10.7333,3136.0,0.203777,7,2523.81,2.11522,1601.924,6.3,1505.0,0.86,91.4,75,0.6,-73.5,76.1,4.7,1.0,1,,False,,0,0,False,1667.9,67,75,1513.0,2.29,,,,,0.8933333333333333,0.8357895143650027,7.537783008424641,False,False,True,91.4
336775973,12.147,3343.0,0.415373,1,26.12,0.67314,4207.0738,4.08,8489.0,4.18,91.0,35,2.2,124.9,91.0,7.2,1.0,0,,False,,0,0,False,8572.1,35,35,6615.0,2.83,,,,,1.0,0.9173511342635273,4.447588112784672,False,False,True,91.0
435939517,12.1291,3123.0,0.241101,7,2607.68,1.42502,1439.4832,7.2,2647.0,1.35,90.5,127,1.9,117.2,46.6,3.5,0.5,0,,False,,0,0,False,3049.7,124,127,2250.0,1.78,,,,,0.9763779527559056,0.8196239148702241,8.784516739168133,False,False,True,90.5
245821931,11.5872,3348.0,0.437361,6,2607.68,4.42555,1439.3518,6.3,3109.0,2.66,90.5,39,4.0,-54.8,63.2,3.3,1.0,11,,False,,0,0,False,2945.5,39,39,3031.0,1.95,,,,,1.0,1.7786510259499453,3.5420101571837477,False,False,True,90.5
231708319,11.9631,3350.0,0.346346,5,2907.3,3.85986,1327.6005,6.3,4222.0,2.46,90.3,30,3.4,-31.5,60.7,2.9,1.0,12,,False,,0,0,False,3583.5,30,30,4728.0,1.43,,,,,1.0,1.4545844118987745,4.3311339984567505,False,False,True,90.3
1364042,11.7329,3388.0,0.433943,3,302.06,2.16408,3990.5735,4.2,4729.0,3.26,88.5,37,15.0,-69.9,62.5,4.1,1.0,0,,False,,0,0,False,4972.4,36,37,4153.0,2.3,,,,,0.972972972972973,1.3939735154692647,3.0129697253151324,False,False,True,88.5
1250913,12.3849,3075.0,0.199307,4,2852.32,2.3736,1440.1112,4.2,5990.0,1.68,87.9,39,2.5,-68.5,86.8,5.3,1.0,0,,False,,0,0,False,5742.7,39,39,5943.0,1.41,,,,,1.0,0.8557741685449826,4.90783685039359,False,False,True,87.9
158596311,12.28,3159.0,0.369625,7,2906.03,0.92776,1354.9356,1.58,4576.0,2.73,87.7,159,0.9,88.8,67.7,9.3,1.0,10,"00158596311-02(1:3,ntoi=3);00158596311-01(1:3,ntoi=3);00158596311-03(1:3,ntoi=3);00158596311-01(1:3,ntoi=2);00158596311-02(1:3,ntoi=2);00158596311-01(1:3,ntoi=5);00158596311-04(1:3,ntoi=5);00158596311-02(1:3,ntoi=5);00158596311-03(1:3,ntoi=5);00158596311-05(1:3,ntoi=5)",True,,0,0,False,5393.8,159,159,3927.0,2.28,,,,,1.0,0.9444835547459963,1.6728719013269804,False,False,True,87.7
325220989,11.8288,3252.0,0.432769,9,2851.9,1.5962,1325.7314,7.92,1705.0,1.95,86.0,127,5.0,-16.8,57.5,6.6,1.0,11,,False,,0,0,False,2002.2,121,127,1381.0,2.18,,,,,0.952755905511811,1.2572109611362539,6.299658724612128,False,False,True,86.0
232064182,11.8155,3272.0,0.301026,7,2879.01,3.60156,1326.1003,4.5,3838.0,2.03,84.6,41,5.6,-52.4,64.7,3.2,1.0,6,,False,,0,0,False,3780.0,36,41,4746.0,2.05,,,,,0.8780487804878049,1.2945172758374757,3.4761992628400944,False,False,True,84.6
351808240,12.3637,2928.0,0.159928,3,2548.82,0.57403,1628.7664,2.4,6253.0,1.38,83.7,114,0.2,106.5,58.4,7.8,1.0,2,"00351808240-01(1:2,ntoi=1);00351808240-01(1:2,ntoi=1)",True,,0,0,False,6147.1,113,114,5548.0,1.65,,,,,0.9912280701754386,0.4604008974292917,5.212848222930737,False,False,True,83.7
372362263,11.363,3356.0,0.529934,3,2168.02,13.04582,2045.6518,7.2,9494.0,5.63,83.5,4,10.9,-3.2,83.5,4.6,2.0,1,,False,,0,0,False,2751.6,4,4,8483.0,1.52,,,,,1.0,2.8985443127537223,2.4840054948684704,False,False,True,83.5
7647775,11.0202,3362.0,0.496953,6,2879.65,2.88438,1412.5123,7.2,1859.0,2.34,83.2,46,0.9,-52.3,73.6,4.2,1.0,8,,False,,0,0,False,2183.7,41,46,1768.0,2.18,,,,,0.8913043478260869,1.6792009205781435,4.28775372367058,False,False,True,83.2
381285222,11.4602,3280.0,0.463848,5,2548.31,1.59283,1629.1669,6.3,2249.0,2.4,83.0,73,0.1,97.8,50.7,2.3,0.5,0,,False,,0,0,False,2418.1,70,73,1788.0,2.99,,,,,0.958904109589041,1.3157758020723724,4.788049749871807,False,False,True,83.0
207148580,12.2073,3158.0,0.220132,7,2633.97,2.50954,1355.0795,4.2,3362.0,1.39,82.5,67,0.3,-69.3,74.8,3.9,1.0,13,,False,,0,0,False,3586.7,67,67,2392.0,2.7,,,,,1.0,0.9315263002506923,4.508729381950565,False,False,True,82.5
167456185,12.2192,3292.0,0.366252,3,2602.12,3.10747,1386.5108,7.2,4589.0,2.71,82.3,26,0.0,-24.3,50.6,3.0,1.0,4,"00167456185-02(3:1,ntoi=2)",True,,0,0,False,3521.7,26,26,4682.0,1.93,,,,,1.0,1.404528681287836,5.126274810848433,False,False,True,82.3
290050983,12.0283,3713.0,0.567524,1,25.78,2.81274,4266.5217,5.04,9607.0,6.07,82.0,8,5.5,16.5,80.3,3.2,1.0,0,,False,,0,0,False,6658.1,8,8,8764.0,1.4,,,,,1.0,1.8193139317073754,2.7702750537781573,False,False,True,82.0
415508270,10.8684,3168.0,0.189378,3,2607.68,1.68173,1438.3203,7.2,1675.0,0.85,81.9,52,2.5,94.1,43.6,3.0,0.5,0,,False,,0,0,False,1674.4,52,52,1413.0,1.94,,,,,1.0,0.7373608384851185,9.764554373123671,False,False,True,81.9
158442595,11.7009,3143.0,0.306146,5,2547.31,1.06943,1657.3682,3.15,2950.0,1.81,81.7,105,1.5,-65.2,66.1,4.9,1.0,3,,False,,0,0,False,4343.3,86,105,3279.0,2.93,,,,,0.819047619047619,0.87339655513073,3.606609141626976,False,False,True,81.7
158596311,12.28,3159.0,0.369625,7,2906.03,1.08238,1354.3184,1.5,4668.0,2.76,81.2,135,1.3,-79.1,62.5,8.5,1.0,10,,False,,0,0,False,5393.8,133,135,4480.0,1.92,,,,,0.9851851851851852,0.9942809196319493,1.5086279645748926,False,False,True,81.2
271502836,11.5627,3208.0,0.499378,2,50.67,2.98331,4154.7597,7.2,4659.0,3.72,81.0,16,0.4,-24.6,79.5,4.5,1.0,2,,False,,0,0,False,4822.1,16,16,4036.0,1.35,,,,,1.0,1.7037035398911216,4.226087362863688,False,False,True,81.0
161174286,11.7183,3008.0,0.165217,6,2907.31,1.00204,1325.5571,7.2,2089.0,0.82,80.7,137,1.4,-18.8,63.9,6.6,1.0,0,,False,,0,0,False,2615.8,122,137,1482.0,2.87,,,,,0.8905109489051095,0.5665085490989453,12.70942867755816,False,False,True,80.7
161174286,11.7183,3008.0,0.165217,6,2907.31,1.00204,1325.5383,6.3,2168.0,0.84,80.5,137,1.7,-17.9,32.1,2.6,1.0,0,,False,,0,0,False,2615.8,123,137,1586.0,2.96,,,,,0.8978102189781022,0.5665085490989453,11.12075009286339,False,False,True,80.5
337757672,11.5923,3125.0,0.451547,3,2547.4,2.45452,1657.6221,4.5,5275.0,3.58,80.4,29,1.0,-74.2,61.9,3.7,1.0,1,,False,,0,0,False,5336.0,29,29,4626.0,1.58,,,,,1.0,1.4927914073944462,3.014486804860706,False,False,True,80.4
158442595,11.7009,3143.0,0.306146,5,2547.31,1.26166,1657.2213,4.2,2746.0,1.75,80.3,89,5.3,-63.6,55.3,4.5,1.0,3,,False,,0,0,False,4343.3,79,89,2588.0,2.33,,,,,0.8876404494382022,0.9228719902986556,4.551010372132776,False,False,True,80.3
179006947,12.068,3133.0,0.261137,4,2549.67,3.17662,1604.0625,6.3,4545.0,1.92,79.3,28,1.5,-67.3,54.1,2.2,1.0,4,,False,,0,0,False,4648.5,28,28,3915.0,1.56,,,,,1.0,1.129212446303958,5.579109600341923,False,False,True,79.3
466265409,12.4083,3081.0,0.447839,8,2546.41,1.40558,1658.8226,3.15,3465.0,2.88,79.2,119,3.1,-64.8,77.3,7.6,1.0,2,,False,,0,0,False,5269.4,107,119,3367.0,1.99,,,,,0.8991596638655462,1.2328439016882549,2.5550679982164763,False,False,True,79.2
631837983,12.4605,3673.0,0.503522,5,2144.25,4.2617,2116.877,6.3,7327.0,4.7,79.2,29,1.2,-57.4,62.7,3.1,1.0,1,,False,,0,0,False,7443.2,29,29,6503.0,2.26,,,,,1.0,1.9293671771698344,3.2653193619896625,False,False,True,79.2
158442595,11.7009,3143.0,0.306146,5,2547.31,1.78414,1657.7057,3.15,3704.0,2.03,78.9,59,8.2,-37.3,54.1,3.7,1.0,3,,False,,0,0,False,4343.3,50,59,4116.0,1.94,,,,,0.847457627118644,1.0358662030997396,3.0409332697349316,False,False,True,78.9
161032402,11.588,3650.0,0.642392,1,25.06,6.93273,4182.0461,7.92,7998.0,6.27,78.5,4,1.8,23.3,77.9,2.9,1.0,1,,False,,0,0,True,4763.8,4,4,7806.0,1.02,,,,,1.0,2.6691714575150502,2.9672129070994093,False,False,True,78.5
366989133,11.9642,3149.0,0.208428,5,2575.58,1.87721,1657.5209,3.0,3869.0,1.41,78.1,60,1.0,-74.0,53.3,5.3,1.0,1,,False,,0,0,False,3805.7,60,60,3334.0,1.72,,,,,1.0,0.8153610373508006,3.6793516768318195,False,False,True,78.1
297855749,12.3825,3366.0,0.605928,3,2548.81,1.13083,1629.1096,6.3,5284.0,4.81,77.4,63,1.5,-3.6,21.7,3.2,1.0,0,,False,,0,0,False,4302.8,63,63,4276.0,1.62,,,,,1.0,1.402667547051433,4.491442047863243,False,False,True,77.4
273369281,12.4134,2908.0,0.138218,10,2851.91,1.29763,1326.0711,6.12,2389.0,0.74,77.2,175,0.2,97.0,33.2,3.7,0.5,10,"00273369281-01(1:1,ntoi=2);00273369281-02(1:1,ntoi=2);00273369281-01(1:1,ntoi=2);00273369281-02(1:1,ntoi=2);00273369281-02(1:1,ntoi=3);00273369281-03(1:1,ntoi=3);00273369281-01(1:1,ntoi=3)",True,,0,0,False,3001.8,173,173,1880.0,2.44,,,,,1.0,0.5482369754038825,11.163055894745948,False,False,True,77.2
238813187,12.187,3072.0,0.407027,3,2878.97,0.52676,1325.694,1.58,4329.0,2.92,77.0,134,0.8,-68.0,50.7,4.6,1.0,4,,False,,0,0,False,5457.6,121,134,4151.0,2.35,,,,,0.9029850746268657,0.8339910109090357,1.8945048319859317,False,False,True,77.0
197598732,10.9903,3310.0,0.326131,5,2934.84,0.63097,1325.539,6.3,1083.0,1.17,76.8,169,2.9,-24.5,52.5,6.4,1.0,0,,False,,0,0,False,1101.5,167,168,589.0,2.67,,,,,0.9940476190476191,0.7640807395064199,8.245201945634264,False,False,True,76.8
146245416,12.3746,3113.0,0.2218,5,2904.62,1.68883,1386.8846,6.0,3524.0,1.44,76.7,61,1.9,93.0,39.8,5.3,0.5,0,,False,,0,0,False,3511.3,61,61,2773.0,1.62,,,,,1.0,0.8204358583592656,7.3131859594715865,False,False,True,76.7
297855749,12.3825,3366.0,0.605928,3,2548.81,1.13084,1629.0909,7.2,4994.0,4.67,76.5,63,0.9,-0.6,58.1,6.4,1.0,0,,False,,0,0,False,4302.8,63,63,3859.0,1.61,,,,,1.0,1.4026716816646887,5.1330614955133695,False,False,True,76.5
297855749,12.3825,3366.0,0.605928,3,2548.81,1.13082,1629.1096,6.3,5224.0,4.78,76.5,63,1.8,-5.2,31.8,2.9,1.0,0,,False,,0,0,False,4302.8,63,63,4074.0,1.7,,,,,1.0,1.4026634124138015,4.4914552873083915,False,False,True,76.5
88246378,12.4736,3236.0,0.631103,3,2907.31,2.53661,1325.6887,6.3,6373.0,5.5,76.5,29,4.4,-52.1,41.3,2.4,1.0,4,,False,,0,0,False,7461.0,27,29,5752.0,2.68,,,,,0.9310344827586207,1.8866573152842312,3.3392391659907164,False,False,True,76.5
139984208,12.0395,3231.0,0.40496,7,2907.31,3.14822,1327.2261,6.3,2965.0,2.41,76.4,50,1.6,-17.5,60.0,5.3,1.0,1,,False,,0,0,False,3267.6,44,50,3471.0,1.63,,,,,0.88,1.5083590629622907,4.176724332220558,False,False,True,76.4
71374255,12.3689,3079.0,0.360869,2,2821.64,1.25244,1411.6518,4.2,5814.0,3.0,76.1,34,0.6,-62.9,78.8,4.4,1.0,0,,False,,0,0,False,6097.8,34,34,3636.0,2.76,,,,,1.0,1.0272914052041273,4.088421239312756,False,False,True,76.1
142216895,11.956,3315.0,0.25224,5,2144.25,2.38455,2116.8707,4.8,2994.0,1.51,75.8,55,1.8,-68.0,62.6,4.7,1.0,0,,False,,0,0,False,3329.2,55,55,2530.0,1.8,,,,,1.0,1.0028125111710844,4.786537808941534,False,False,True,75.8
7647775,11.0202,3362.0,0.496953,6,2879.65,4.80082,1412.5498,7.2,2214.0,2.55,75.6,27,0.3,-45.8,60.3,3.2,1.0,8,,False,,0,0,False,2183.7,26,27,2319.0,1.65,,,,,0.9629629629629629,1.9900178845469298,3.618057936016607,False,False,True,75.6
139722169,12.291,3251.0,0.26602,7,2907.31,2.36267,1326.5199,3.0,4262.0,1.89,75.3,71,0.9,-48.5,46.1,3.8,1.0,2,,False,,0,0,False,3718.3,71,71,4125.0,1.69,,,,,1.0,1.0358229021071532,2.896247991714763,False,False,True,75.3
1232360,10.823,3448.0,0.608567,3,2555.13,2.38395,1519.456,0.62,5878.0,5.09,75.3,23,0.6,69.6,37.5,4.1,0.5,5,"00001232360-01(1:2,ntoi=1);00001232360-01(1:2,ntoi=2);00001232360-01(1:2,ntoi=1);00001232360-01(1:2,ntoi=1)",True,,0,0,False,1502.1,23,23,5923.0,1.4,,,,,1.0,1.8037635531293108,0.3437257610202708,False,False,True,75.3
189017508,11.7373,3296.0,0.294707,4,2852.41,3.33924,1439.2011,7.2,2867.0,1.72,75.0,33,3.5,-8.4,58.3,3.8,1.0,0,,False,,0,0,False,2850.9,33,33,2823.0,1.8,,,,,1.0,1.2445656388138762,5.7851508795164115,False,False,True,75.0
466265409,12.4083,3081.0,0.447839,8,2546.41,0.87135,1658.3023,1.58,3592.0,2.93,74.9,194,4.9,-62.8,53.1,5.2,1.0,2,,False,,0,0,False,5269.4,147,194,3845.0,2.69,,,,,0.7577319587628866,1.0512042630267036,1.503038044623934,False,False,True,74.9
231708319,11.9631,3350.0,0.346346,5,2907.3,6.43313,1330.1693,7.2,4158.0,2.44,74.9,19,4.8,-25.7,46.4,2.5,1.0,12,,False,,0,0,False,3583.5,19,19,4193.0,1.51,,,,,1.0,1.7246031993187148,4.174873387016955,False,False,True,74.9
257397333,10.7879,3194.0,0.240354,3,2602.12,1.60904,1387.42,3.15,1876.0,1.14,74.8,50,0.6,-70.1,59.3,5.3,1.0,0,,False,,0,0,False,1934.4,50,50,1722.0,1.53,,,,,1.0,0.8517225459849731,3.6983874794076135,False,False,True,74.8
423443451,10.7465,3319.0,0.541537,4,2554.99,2.46896,1544.8326,4.8,3870.0,3.68,74.2,37,3.1,-6.2,60.4,3.3,1.0,1,,False,,0,0,False,3909.5,36,37,3690.0,1.74,,,,,0.972972972972973,1.6883600545199098,2.8429954778602564,False,False,True,74.2
290050983,12.0283,3713.0,0.567524,1,25.78,4.69217,4265.5717,5.04,9970.0,6.18,74.1,6,1.4,12.4,72.7,2.7,1.0,0,,False,,0,0,False,6658.1,6,6,9870.0,1.27,,,,,1.0,2.157689897937423,2.335831485709708,False,False,True,74.1
1250913,12.3849,3075.0,0.199307,4,2852.32,3.32752,1439.6112,4.2,5705.0,1.64,73.9,29,3.8,-58.9,39.1,3.0,1.0,0,,False,,0,0,False,5742.7,29,29,6240.0,1.21,,,,,1.0,0.9577751252007813,4.385162956826156,False,False,True,73.9
431253996,10.6748,3526.0,0.436476,3,2548.8,0.55971,1628.7907,7.2,2020.0,2.14,73.3,121,0.5,0.0,60.9,10.3,1.0,0,,False,,0,0,False,1863.4,118,121,917.0,2.27,,,,,0.9752066115702479,0.8915989777515901,8.07537937981576,False,False,True,73.3
431253996,10.6748,3526.0,0.436476,3,2548.8,0.5597,1628.8282,7.2,2018.0,2.14,73.2,121,0.9,0.0,15.2,2.3,1.0,0,,False,,0,0,False,1863.4,118,121,943.0,2.02,,,,,0.9752066115702479,0.891593667833432,8.075427473028116,False,False,True,73.2
336775973,12.147,3343.0,0.415373,1,26.12,1.01002,4207.4138,4.08,7916.0,4.03,72.9,23,2.8,-52.6,74.0,5.6,1.0,0,,False,,0,0,False,8572.1,23,23,6333.0,1.44,,,,,1.0,1.0502123651503998,3.8849285491089294,False,False,True,72.9
219398128,11.2735,3417.0,0.40943,10,2602.13,1.94538,1387.432,7.92,1019.0,1.43,72.7,119,0.7,1.3,20.5,3.7,1.0,15,,False,,0,0,False,1332.8,113,119,890.0,1.73,,,,,0.9495798319327731,1.2941845686787148,6.119683537940688,False,False,True,72.7
438733975,12.4189,3344.0,0.585204,4,2498.01,4.14157,1601.9807,7.2,6286.0,5.06,72.7,21,0.5,0.3,59.1,3.7,2.0,4,,False,,0,0,False,5888.8,21,21,5623.0,1.7,,,,,1.0,2.112523197953565,3.408246596759153,False,False,True,72.7
219398128,11.2735,3417.0,0.40943,10,2602.13,1.94534,1387.447,7.92,1018.0,1.43,72.6,119,1.5,2.8,51.7,9.0,1.0,15,,False,,0,0,False,1332.8,113,119,886.0,1.68,,,,,0.9495798319327731,1.2941756984772532,6.119725481879154,False,False,True,72.6
219398128,11.2735,3417.0,0.40943,10,2602.13,1.94534,1387.447,7.92,1018.0,1.43,72.5,119,1.5,2.7,17.0,2.7,1.0,15,,False,,0,0,False,1332.8,112,119,886.0,1.68,,,,,0.9411764705882353,1.2941756984772532,6.119725481879154,False,False,True,72.5
31051783,12.2024,3913.0,0.599644,3,296.17,0.88904,3995.1097,4.2,3863.0,4.07,72.4,85,0.8,87.9,53.6,8.0,1.0,0,,False,,0,0,False,3666.4,85,85,3273.0,1.66,,,,,1.0,1.2856153706280093,3.266918003592587,False,False,True,72.4
152088075,12.3115,3101.0,0.272309,4,2936.46,0.71356,1354.4328,4.2,2889.0,1.6,72.3,123,0.2,99.4,77.9,7.1,1.0,0,,False,,0,0,False,3819.8,107,123,1910.0,2.86,,,,,0.8699186991869918,0.7058728151594418,5.95008039663818,False,False,True,72.3
435939517,12.1291,3123.0,0.241101,7,2607.68,2.13754,1440.1957,7.2,2451.0,1.3,72.0,88,0.5,-58.8,54.7,4.2,1.0,0,,False,,0,0,False,3049.7,87,88,2189.0,1.83,,,,,0.9886363636363636,0.9382366320012151,7.673970248467847,False,False,True,72.0
165941376,10.8349,3369.0,0.56777,5,2874.19,1.96392,1386.1246,3.15,1833.0,2.65,71.8,61,1.1,-56.6,57.5,3.3,1.0,4,,False,,0,0,False,2087.1,57,61,1727.0,2.99,,,,,0.9344262295081968,1.6144744852628101,1.951099276423208,False,False,True,71.8
219993473,12.2209,3132.0,0.402548,8,2878.5,3.48817,1357.3866,6.3,2964.0,2.39,70.9,55,0.8,-59.3,41.5,3.1,1.0,6,,False,,0,0,True,3236.8,55,55,2864.0,1.52,,,,,1.0,1.5546022445235603,4.052483535382238,False,False,True,70.9
419692115,10.7333,3136.0,0.203777,7,2523.81,3.52532,1604.0615,6.3,1451.0,0.85,70.7,45,3.9,-55.7,60.4,3.5,1.0,1,,False,,0,0,False,1667.9,42,45,1515.0,1.54,,,,,0.9333333333333333,0.9909336700376503,6.357640466249,False,False,True,70.7
372106647,12.1386,3275.0,0.465176,7,2545.99,1.17432,1658.9624,6.3,2010.0,2.28,70.6,126,1.7,-1.2,39.7,3.3,1.0,3,,False,,0,0,False,2710.9,114,126,1745.0,2.12,,,,,0.9047619047619048,1.1909183301206832,5.290035295167202,False,False,True,70.6
401487114,11.106,3244.0,0.357737,7,2470.78,2.83226,1629.5016,7.2,1443.0,1.48,70.4,63,4.2,-44.4,62.4,4.2,1.0,0,,False,,0,0,False,1808.4,60,63,1185.0,2.76,,,,,0.9523809523809523,1.3405877319678392,5.3707786728968285,False,False,True,70.4
372362263,11.363,3356.0,0.529934,3,2168.02,13.26632,2049.1956,6.3,7244.0,4.92,70.4,4,16.8,-6.8,60.3,2.8,2.0,1,,False,,0,0,False,2751.6,4,4,8268.0,1.59,,,,,1.0,2.914783527330791,2.1613955001897573,False,False,True,70.4
470289424,12.0909,3215.0,0.456282,2,374.25,1.07012,3831.0704,7.2,5740.0,3.77,70.4,44,2.2,41.5,49.8,3.4,0.5,0,,False,,0,0,False,5870.9,44,44,5630.0,2.16,,,,,1.0,1.1398333122541966,6.316713086548495,False,False,True,70.4
372106647,12.1386,3275.0,0.465176,7,2545.99,1.17435,1658.9249,6.3,2000.0,2.27,70.2,127,1.7,-7.6,38.3,3.2,0.5,3,,False,,0,0,False,2710.9,121,127,1757.0,2.11,,,,,0.952755905511811,1.1909284713785084,5.289990248287291,False,False,True,70.2
372106647,12.1386,3275.0,0.465176,7,2545.99,1.17435,1658.9062,7.2,1909.0,2.22,70.1,128,0.7,-3.6,32.8,2.4,1.0,3,,False,,0,0,False,2710.9,114,128,1510.0,2.47,,,,,0.890625,1.1909284713785084,6.045703140899762,False,False,True,70.1
372106647,12.1386,3275.0,0.465176,7,2545.99,1.17433,1658.9624,6.3,1993.0,2.27,70.0,126,1.9,-2.3,50.4,9.9,2.0,3,,False,,0,0,False,2710.9,119,126,1700.0,2.22,,,,,0.9444444444444444,1.1909217105591492,5.290020279370077,False,False,True,70.0
402683652,12.4254,3136.0,0.30821,6,2469.82,1.11028,1630.0266,3.15,4006.0,2.13,69.5,125,0.7,-52.6,54.7,7.4,1.0,1,"00402683652-01(1:1,ntoi=1)",True,,0,0,False,4939.4,119,125,3737.0,2.27,,,,,0.952,0.888348997507,3.545903703206665,False,False,True,69.5
161174284,11.8795,2964.0,0.16374,5,2907.31,1.00204,1325.5383,6.3,2370.0,0.87,68.6,115,0.1,-21.8,31.6,2.7,1.0,1,,False,,0,0,False,3039.8,102,115,1793.0,2.99,,,,,0.8869565217391304,0.5631271988947344,11.187525682235181,False,False,True,68.6
238813187,12.187,3072.0,0.407027,3,2878.97,0.50668,1325.7924,0.9,4896.0,3.11,68.5,138,0.9,-12.2,62.9,6.1,1.0,4,,False,,0,0,False,5457.6,118,138,4374.0,2.92,,,,,0.855072463768116,0.8232562325876559,1.0932197830693895,False,False,True,68.5
437230158,12.2569,2964.0,0.41301,5,2554.47,2.8337,1546.2068,6.3,3366.0,2.61,68.3,40,1.3,-22.9,47.1,2.4,1.0,3,,False,,0,0,False,4007.4,40,40,2736.0,2.13,,,,,1.0,1.4755931444292694,4.269469551132075,False,False,True,68.3
384490072,12.3695,3281.0,0.245367,4,1736.67,1.75406,2362.3443,3.0,5112.0,1.91,67.7,51,0.2,-57.7,73.5,4.0,1.0,0,,False,,0,0,False,5926.3,50,51,5514.0,1.77,,,,,0.9803921568627451,0.8887246191190679,3.375623827067709,False,False,True,67.7
351808240,12.3637,2928.0,0.159928,3,2548.82,0.86036,1629.3414,2.4,5940.0,1.34,67.7,77,0.8,-48.7,47.5,6.0,1.0,2,"00351808240-01(1:3,ntoi=1);00351808240-01(1:3,ntoi=1)",True,,0,0,False,6147.1,77,77,5423.0,1.44,,,,,1.0,0.526887669481647,4.555050609480241,False,False,True,67.7
170636897,11.0692,3118.0,0.230215,7,2879.66,4.17505,1412.1002,7.2,1533.0,0.98,67.0,43,0.8,-31.9,58.0,3.8,1.0,12,"00170636897-05(1:3,ntoi=5)",True,,0,0,False,1650.3,43,43,1258.0,2.93,,,,,1.0,1.1372377459256282,6.331129990888341,False,False,True,67.0
238813187,12.187,3072.0,0.407027,3,2878.97,0.70217,1325.5252,1.58,4274.0,2.9,66.8,100,1.7,72.4,43.9,3.8,1.0,4,,False,,0,0,False,5457.6,92,99,4083.0,2.33,,,,,0.9292929292929293,0.9178489106415346,1.7214162175075765,False,False,True,66.8
431253996,10.6748,3526.0,0.436476,3,2548.8,0.56134,1628.7532,7.2,1826.0,2.03,66.3,120,0.6,0.0,16.9,2.8,1.0,0,,False,,0,0,False,1863.4,118,120,822.0,2.18,,,,,0.9833333333333333,0.8924636504261708,8.067555464653204,False,False,True,66.3
71446322,10.9735,3325.0,0.377993,5,2879.64,10.41741,1412.864,6.0,2928.0,2.23,65.3,11,8.5,-10.8,41.3,2.9,1.0,5,,False,,0,0,False,2029.7,11,11,3315.0,1.47,,,,,1.0,2.1467627515432697,2.7949059558103038,False,False,True,65.3
56667018,12.1601,3403.0,0.578253,4,2553.8,1.58623,1545.424,6.3,2618.0,3.23,64.3,54,3.4,78.4,38.4,2.4,0.5,0,,False,,0,0,False,2645.3,54,54,1962.0,2.19,,,,,1.0,1.5219799930586861,4.139344819729886,False,False,True,64.3
22850303,11.1445,3289.0,0.322272,6,2553.67,7.05533,1571.629,7.2,2109.0,1.61,64.1,20,1.6,-2.0,44.2,3.7,1.0,14,"00022850303-01(2:1,ntoi=1)",True,,0,0,False,1785.0,20,20,2150.0,1.55,,,,,1.0,1.695101809616813,4.24753248397959,False,False,True,64.1
114953216,11.6672,3190.0,0.23448,5,2907.3,3.15591,1325.8205,7.2,2332.0,1.24,64.0,36,0.7,-34.4,53.0,3.0,1.0,2,,False,,0,0,False,2452.8,36,36,2342.0,2.67,,,,,1.0,1.0487058745948419,6.865604717606503,False,False,True,64.0
279726713,12.3599,3301.0,0.303843,9,2633.97,1.90457,1355.4126,7.92,1801.0,1.41,63.4,111,1.4,3.2,52.4,7.4,1.0,10,,False,,0,0,False,2399.7,106,111,1449.0,2.53,,,,,0.954954954954955,1.0533517732911581,7.518855714510506,False,False,True,63.4
325220989,11.8288,3252.0,0.432769,9,2851.9,3.19241,1325.7314,7.92,1629.0,1.91,63.0,67,0.0,59.3,27.9,3.7,0.5,11,,False,,0,0,False,2002.2,65,67,1556.0,2.0,,,,,0.9701492537313433,1.5839882080064442,5.000037222478981,False,False,True,63.0
152479307,11.6588,3281.0,0.623724,7,2527.12,3.22999,1572.0557,7.2,1851.0,2.93,62.6,52,1.0,-28.2,31.4,3.1,1.0,18,,False,,0,0,False,2069.1,50,52,2043.0,2.18,,,,,0.9615384615384616,2.028945229238854,3.5486418737390144,False,False,True,62.6
113233475,12.4532,3027.0,0.222541,3,1077.69,1.43134,3127.5984,6.3,4733.0,1.67,62.6,47,1.3,75.0,35.5,2.4,0.5,0,,False,,0,0,False,4940.6,47,47,3932.0,2.03,,,,,1.0,0.7781486832776893,8.096139125319048,False,False,True,62.6
152479307,11.6588,3281.0,0.623724,7,2527.12,3.22998,1572.0557,7.2,1848.0,2.93,62.5,52,1.0,-28.2,56.0,5.8,1.0,18,,False,,0,0,False,2069.1,50,52,2043.0,2.18,,,,,0.9615384615384616,2.028943135375485,3.548645535927027,False,False,True,62.5
146245416,12.3746,3113.0,0.2218,5,2904.62,2.53327,1386.8659,6.3,3306.0,1.39,62.4,43,0.1,-29.4,43.9,6.0,1.0,0,,False,,0,0,False,3511.3,42,42,2753.0,1.75,,,,,1.0,0.939167701620158,6.708067141929893,False,False,True,62.4
7151484,9.87974,3403.0,0.438721,5,2906.03,5.74077,1356.5631,6.3,1104.0,1.59,61.5,19,4.6,-46.3,74.1,3.9,1.0,5,,False,,0,0,False,1160.3,17,19,1239.0,2.03,,,,,0.8947368421052632,1.943825575063829,3.2410315415225095,False,False,True,61.5
401487114,11.106,3244.0,0.357737,7,2470.78,4.72046,1632.3516,7.2,1612.0,1.57,61.3,35,4.4,-45.7,53.6,3.4,1.0,0,,False,,0,0,False,1808.4,35,35,1474.0,2.27,,,,,1.0,1.58944550232595,4.529881640775806,False,False,True,61.3
101251974,12.3688,3148.0,0.378754,3,2553.74,1.82069,1545.71,4.5,4290.0,2.71,61.2,35,3.9,-46.2,56.4,2.6,1.0,2,,False,,0,0,False,4678.5,34,35,3991.0,1.81,,,,,0.9714285714285714,1.201872638840235,3.7441571216250855,False,False,True,61.2
384490072,12.3695,3281.0,0.245367,4,1736.67,2.45569,2362.0036,3.15,5152.0,1.92,60.2,37,0.1,-52.5,34.6,3.1,1.0,0,,False,,0,0,False,5926.3,37,37,4981.0,1.85,,,,,1.0,0.9942072136818603,3.16835359535822,False,False,True,60.2
244281413,11.5168,3928.0,0.594571,3,2607.68,6.37637,1441.3963,7.2,2835.0,3.45,60.0,14,0.6,3.3,54.8,2.9,2.0,2,,False,,0,0,False,2586.9,14,14,2721.0,1.51,,,,,1.0,2.465293397021298,2.920544876605532,False,False,True,60.0
71374255,12.3689,3079.0,0.360869,2,2821.64,2.08832,1411.6518,4.2,5619.0,2.95,60.0,21,7.4,-46.2,61.4,3.1,1.0,0,,False,,0,0,False,6097.8,21,21,3848.0,2.43,,,,,1.0,1.2181675526678606,3.447801569498175,False,False,True,60.0
273369281,12.4134,2908.0,0.138218,10,2851.91,1.94648,1326.7011,6.12,2188.0,0.71,59.9,115,0.3,-49.3,37.2,4.3,1.0,10,"00273369281-01(1:1,ntoi=2);00273369281-02(1:1,ntoi=2)",True,,0,0,False,3001.8,115,115,1885.0,1.8,,,,,1.0,0.6275784355945568,9.751769106282339,False,False,True,59.9
281670243,11.4104,3305.0,0.489856,9,2878.5,5.34055,1356.1945,7.92,1785.0,2.26,59.7,37,5.3,-10.1,46.9,3.6,1.0,6,,False,,0,0,False,2288.7,35,37,1731.0,2.58,,,,,0.9459459459459459,2.0422829441740515,3.8780130944113815,False,False,True,59.7
10787002,11.5402,3468.0,0.534072,3,2602.12,3.14234,1388.7421,6.3,2425.0,2.87,59.0,25,8.8,53.6,50.1,3.3,0.5,3,,False,,0,0,False,2172.8,25,25,2065.0,2.9,,,,,1.0,1.8128389555069382,3.4752121697640166,False,False,True,59.0
1395782,12.4883,3263.0,0.281582,3,2116.33,1.22335,2175.3887,7.2,3195.0,1.74,58.9,53,0.8,-25.7,10.8,2.7,1.0,0,,False,,0,0,False,2871.5,53,53,2746.0,1.86,,,,,1.0,0.8638966614151576,8.334330159588312,False,False,True,58.9
197054642,11.1617,3696.0,0.536432,2,2547.38,0.51539,1657.3314,2.25,3427.0,3.43,58.8,93,0.1,72.3,51.3,7.7,1.0,0,,False,,0,0,False,3195.2,92,92,2724.0,1.74,,,,,1.0,0.9952451610289983,2.2607494998254425,False,False,True,58.8
167456185,12.2192,3292.0,0.366252,3,2602.12,7.25069,1392.7358,7.2,4437.0,2.66,58.7,13,3.0,-15.4,39.2,2.3,1.0,4,,False,,0,0,False,3521.7,13,13,4702.0,1.85,,,,,1.0,1.8628937105898151,3.8649548061013053,False,False,True,58.7
31051783,12.2024,3913.0,0.599644,3,296.17,1.33364,3994.6597,4.2,3582.0,3.92,58.0,59,1.7,-39.6,41.8,5.9,1.0,0,,False,,0,0,False,3666.4,59,59,3260.0,1.67,,,,,1.0,1.4716916528566206,2.8538586815027513,False,False,True,58.0
273416539,11.1681,3459.0,0.556322,9,2825.67,34.75677,1351.4662,6.12,3371.0,3.52,57.9,7,26.8,2.8,60.2,3.0,2.0,10,,False,,0,0,False,2815.8,7,7,3874.0,1.69,,,,,1.0,4.15054939909167,1.4745035925459258,False,False,True,57.9
318269941,11.3574,3628.0,0.560664,5,2528.43,3.17658,1571.8685,6.3,2447.0,3.03,57.8,36,8.3,60.2,32.4,3.4,0.5,6,"00318269941-02(1:2,ntoi=2)",True,,0,0,False,2548.2,36,36,1997.0,2.48,,,,,1.0,1.879302423646305,3.3523077077591714,False,False,True,57.8
152088075,12.3115,3101.0,0.272309,4,2936.46,1.06929,1354.4328,4.2,2630.0,1.52,56.9,83,0.9,-44.4,61.7,5.4,1.0,0,,False,,0,0,False,3819.8,73,83,2113.0,2.68,,,,,0.8795180722891566,0.8077583559760074,5.199574809628774,False,False,True,56.9
117874959,10.2428,3560.0,0.641336,7,2936.46,24.67549,1367.0257,3.6,3747.0,4.28,55.7,4,0.0,-4.5,53.3,4.2,1.0,8,,False,,0,0,False,1476.4,4,4,3894.0,1.84,,,,,1.0,4.07087063712971,0.8843317120335439,False,False,True,55.7
170636897,11.0692,3118.0,0.230215,7,2879.66,6.95833,1414.9127,7.2,1600.0,1.0,55.3,29,0.5,-25.3,33.0,3.5,1.0,12,"00170636897-01(3:1,ntoi=2)",True,,0,0,True,1650.3,29,29,1454.0,2.22,,,,,1.0,1.3483388434921706,5.339904012074698,False,False,True,55.3
401487114,11.106,3244.0,0.357737,7,2470.78,6.61658,1629.5954,6.3,1728.0,1.62,55.0,27,0.2,-31.1,26.5,2.9,1.0,0,,False,,0,0,False,1808.4,26,27,1620.0,2.13,,,,,0.9629629629629629,1.7788065655041092,3.541700442405662,False,False,True,55.0
402683652,12.4254,3136.0,0.30821,6,2469.82,1.84767,1630.0453,3.15,3958.0,2.12,54.9,76,1.1,-45.9,43.9,5.7,1.0,1,,False,,0,0,False,4939.4,73,76,4127.0,2.05,,,,,0.9605263157894737,1.0527233278394292,2.9922391921008766,False,False,True,54.9
404664390,12.3602,3578.0,0.5061,1,25.04,0.65326,4179.8734,1.02,10110.0,5.55,54.8,32,4.4,2.8,54.9,10.6,1.0,1,"00404664390-01(1:1,ntoi=1)",True,,0,0,False,3912.9,32,32,9508.0,1.41,,,,,1.0,1.0360829837889236,0.9844771277585231,False,False,True,54.8
10787002,11.5402,3468.0,0.534072,3,2602.12,4.71346,1387.2046,6.3,2596.0,2.97,54.8,19,0.3,-20.6,59.6,4.2,1.0,3,,False,,0,0,False,2172.8,19,19,2141.0,2.64,,,,,1.0,2.0751752340869234,3.0358881970620657,False,False,True,54.8
336775973,12.147,3343.0,0.415373,1,26.12,1.68326,4207.4038,4.08,7385.0,3.89,54.2,14,1.1,-45.1,54.3,3.7,1.0,0,,False,,0,0,False,8572.1,14,14,7190.0,2.33,,,,,1.0,1.2451381427608894,3.276744852545654,False,False,True,54.2
435939517,12.1291,3123.0,0.241101,7,2607.68,3.56255,1438.7519,6.3,2461.0,1.3,54.1,50,1.3,-46.4,42.7,3.1,1.0,0,,False,,0,0,False,3049.7,49,50,2525.0,1.58,,,,,0.98,1.11240079675311,5.6634263643001,False,False,True,54.1
57608500,11.9275,3388.0,0.513949,4,2527.45,3.63981,1575.0596,6.3,3529.0,3.33,54.1,25,3.7,13.9,49.4,2.6,2.0,2,,False,,0,0,False,3590.1,25,25,3786.0,1.84,,,,,1.0,1.8557289754250856,3.394892294849726,False,False,True,54.1
161174286,11.7183,3008.0,0.165217,6,2907.31,2.00408,1326.5508,6.3,1887.0,0.78,53.9,69,0.8,59.6,33.4,2.8,0.5,0,,False,,0,0,False,2615.8,64,69,1660.0,2.04,,,,,0.927536231884058,0.7137560459551646,8.826545198043396,False,False,True,53.9
56667018,12.1601,3403.0,0.578253,4,2553.8,2.37932,1545.424,6.3,2609.0,3.22,53.5,36,1.2,-32.2,43.8,2.9,1.0,0,,False,,0,0,False,2645.3,36,36,2064.0,2.09,,,,,1.0,1.7422260729821017,3.616063436139795,False,False,True,53.5
437230158,12.2569,2964.0,0.41301,5,2554.47,4.72286,1547.138,6.0,3265.0,2.57,52.6,25,0.9,-24.9,36.4,2.7,2.0,3,,False,,0,0,False,4007.4,25,25,2802.0,1.51,,,,,1.0,1.7495124179519628,3.4295269575873024,False,False,True,52.6
427346731,10.0714,3438.0,0.608717,3,2577.38,12.96134,1479.522,3.15,3214.0,3.76,52.3,4,14.3,2.8,43.9,3.0,2.0,9,,False,,0,0,False,1198.5,4,4,3901.0,1.42,,,,,1.0,3.1722583476164736,0.9929834379242164,False,False,True,52.3
297855749,12.3825,3366.0,0.605928,3,2548.81,2.26164,1630.2346,6.3,4650.0,4.51,51.9,31,0.5,56.1,29.6,2.6,0.5,0,,False,,0,0,False,4302.8,31,31,4220.0,1.63,,,,,1.0,1.7672451592175225,3.564870423970736,False,False,True,51.9
1232360,10.823,3448.0,0.608567,3,2555.13,5.95989,1521.8362,0.62,5790.0,5.05,51.2,11,0.9,-6.3,33.3,4.9,1.0,5,,False,,0,0,False,1502.1,11,11,5727.0,1.31,,,,,1.0,2.4480858361959257,0.25325909362860266,False,False,True,51.2
351808240,12.3637,2928.0,0.159928,3,2548.82,1.43231,1628.7664,2.4,5561.0,1.3,50.9,47,2.7,-32.2,35.6,4.1,1.0,2,,False,,0,0,False,6147.1,47,47,5502.0,1.7,,,,,1.0,0.6244585833535794,3.843329347978676,False,False,True,50.9
161174286,11.7183,3008.0,0.165217,6,2907.31,3.00503,1325.5383,6.3,2080.0,0.82,50.8,48,3.4,-20.2,40.3,3.7,1.0,0,,False,,0,0,False,2615.8,42,48,2038.0,2.1,,,,,0.875,0.8169479475943892,7.711629631424107,False,False,True,50.8
113233475,12.4532,3027.0,0.222541,3,1077.69,2.14697,3128.3109,6.3,4620.0,1.65,50.8,30,2.3,-43.6,41.5,3.0,1.0,0,,False,,0,0,False,4940.6,30,30,4459.0,1.84,,,,,1.0,0.8907523487648359,7.072672902559181,False,False,True,50.8
427346731,10.0714,3438.0,0.608717,3,2577.38,21.70637,1476.1376,4.5,2586.0,3.38,50.2,5,18.3,1.5,44.8,4.7,1.0,9,"00427346731-01(1:2,ntoi=2)",True,,0,0,False,1198.5,5,5,2331.0,1.95,,,,,1.0,3.7671621594164297,1.194533128538617,False,False,True,50.2
461837093,11.6354,3456.0,0.380742,4,2555.63,13.03969,1529.9032,3.15,27648.0,6.91,50.1,4,4.4,10.6,45.5,2.8,2.0,0,,False,,0,0,False,20059.0,4,4,30381.0,1.57,,,,,1.0,2.3247945251890583,1.354958455841956,False,False,True,50.1
32677026,12.3252,3143.0,0.254082,6,2852.49,4.34282,1439.828,7.2,2784.0,1.46,50.0,35,0.4,-14.4,42.1,4.2,1.0,5,,False,,0,0,False,2962.5,35,35,3626.0,1.45,,,,,1.0,1.230594122858559,5.850832428221785,False,False,True,50.0
197598732,10.9903,3310.0,0.326131,5,2934.84,1.26195,1326.1578,6.0,865.0,1.05,50.0,86,1.1,58.3,21.3,4.2,0.5,0,,False,,0,0,False,1101.5,86,86,615.0,2.56,,,,,1.0,0.9626839503776744,6.232575080997368,False,False,True,50.0
60734281,10.1891,3466.0,0.464762,4,2553.62,1.38928,1571.7828,2.4,916.0,1.53,50.0,62,0.5,-37.5,36.7,4.2,1.0,7,,False,,0,0,False,1150.3,62,62,802.0,2.21,,,,,1.0,1.258805494476033,1.9065693711473506,False,False,True,50.0
251845153,10.4417,3334.0,0.557728,5,2936.46,18.5076,1359.976,4.5,3405.0,3.55,49.9,5,17.4,-5.8,49.7,3.5,2.0,14,"00251845153-03(1:3,ntoi=3)",True,,0,0,False,2030.5,5,5,2533.0,2.62,,,,,1.0,3.369819411863446,1.3353831318550051,False,False,True,49.9
219398128,11.2735,3417.0,0.40943,10,2602.13,3.89067,1387.462,7.92,948.0,1.38,49.8,58,0.3,52.6,25.7,4.2,0.5,15,,False,,0,0,False,1332.8,56,58,907.0,1.55,,,,,0.9655172413793104,1.6305578077939282,4.857233495275709,False,False,True,49.8
138798618,10.7256,3823.0,0.573846,3,2607.68,34.89625,1456.2275,6.3,3104.0,3.49,49.5,4,25.4,-0.5,50.5,2.8,2.0,8,,False,,0,0,False,1480.1,4,4,3618.0,1.64,,,,,1.0,4.242919444321208,1.4848266818810387,False,False,True,49.5
234290432,10.4378,3617.0,0.633033,6,2879.01,39.51191,1353.4309,4.8,2968.0,3.76,49.3,4,19.2,7.1,56.2,5.3,2.0,17,,False,,0,0,False,989.4,4,4,2909.0,1.65,,,,,1.0,4.721375429392393,1.0166528952809257,False,False,True,49.3
427346731,10.0714,3438.0,0.608717,3,2577.38,21.70665,1476.1064,4.2,2659.0,3.42,49.2,5,19.9,1.8,44.9,3.1,2.0,9,"00427346731-01(1:2,ntoi=2)",True,,0,0,False,1198.5,5,5,2313.0,2.04,,,,,1.0,3.767178357439854,1.114892792826058,False,False,True,49.2
318269941,11.3574,3628.0,0.560664,5,2528.43,4.7649,1573.4435,6.3,2458.0,3.03,48.9,26,2.9,5.4,41.3,2.5,1.0,6,"00318269941-02(1:3,ntoi=2)",True,,0,0,False,2548.2,25,25,1943.0,2.78,,,,,1.0,2.1512687652469777,2.928504379264171,False,False,True,48.9
197054642,11.1617,3696.0,0.536432,2,2547.38,0.77316,1657.3314,2.25,3323.0,3.37,48.7,62,0.3,-37.0,42.9,6.2,1.0,0,,False,,0,0,False,3195.2,62,62,2894.0,1.63,,,,,1.0,1.1393081511930039,1.97488273707509,False,False,True,48.7
276967501,11.7705,3379.0,0.535586,10,2522.58,46.55621,1657.6459,4.08,5868.0,4.48,48.5,6,13.4,-1.0,50.7,4.7,2.0,21,"00276967501-01(1:3,ntoi=1)",True,,0,0,False,2335.2,5,6,6418.0,1.94,,,,,0.8333333333333334,4.460877641025672,0.9146182272468478,False,False,True,48.5
325220989,11.8288,3252.0,0.432769,9,2851.9,4.78851,1328.9414,7.92,1535.0,1.85,48.0,42,5.1,-21.5,33.0,3.3,1.0,11,"00325220989-01(3:1,ntoi=2);00325220989-01(3:1,ntoi=3);00325220989-01(3:1,ntoi=1)",True,,0,0,False,2002.2,40,42,1516.0,1.76,,,,,0.9523809523809523,1.8132006088596162,4.367966766226247,False,False,True,48.0
273369281,12.4134,2908.0,0.138218,10,2851.91,3.24409,1326.0586,6.0,2221.0,0.71,47.7,69,0.4,-40.1,30.5,3.3,1.0,10,,False,,0,0,False,3001.8,69,69,2028.0,2.25,,,,,1.0,0.7440731988677055,8.06372277503142,False,False,True,47.7
316976676,12.0093,3241.0,0.257512,12,2661.1,1.63693,1327.3813,7.92,927.0,0.86,47.4,167,0.1,-4.4,34.2,10.8,1.0,0,,False,,0,0,False,1711.0,161,167,739.0,2.7,,,,,0.9640718562874252,0.8969122961166377,8.8302948173319,False,False,True,47.4
461837093,11.6354,3456.0,0.380742,4,2555.63,13.5304,1528.9376,3.6,25255.0,6.6,47.2,4,18.3,-0.3,48.0,3.2,2.0,0,,False,,0,0,True,20059.0,3,4,30627.0,1.43,,,,,0.75,2.353598420331844,1.5295727465233515,False,False,True,47.2
167748737,11.3136,3435.0,0.547227,1,25.35,2.10705,4266.249,7.92,2349.0,2.89,46.7,10,3.2,16.4,43.4,4.8,1.0,1,,False,,0,0,False,1872.3,10,10,1913.0,1.33,,,,,1.0,1.612667817796754,4.911116792062235,False,False,True,46.7
167748737,11.3136,3435.0,0.547227,1,25.35,2.09127,4266.279,7.92,2328.0,2.88,46.5,10,2.4,16.9,31.5,3.0,1.0,1,,False,,0,0,False,1872.3,10,10,1894.0,1.34,,,,,1.0,1.608631892140559,4.923438381829599,False,False,True,46.5
161174284,11.8795,2964.0,0.16374,5,2907.31,2.00195,1326.5321,7.2,1977.0,0.79,46.3,57,6.2,53.3,32.7,2.8,0.5,1,,False,,0,0,False,3039.8,51,57,1446.0,2.83,,,,,0.8947368421052632,0.7092443643103582,10.151649223185583,False,False,True,46.3
381285222,11.4602,3280.0,0.463848,5,2548.31,7.23879,1636.2169,6.3,2249.0,2.4,46.1,20,1.7,-16.3,17.2,2.6,1.0,0,,False,,0,0,False,2418.1,17,20,2268.0,2.65,,,,,0.85,2.1794525198125823,2.8906342041081747,False,False,True,46.1
32811633,11.663,3219.0,0.221452,6,2822.28,44.23564,1502.7955,3.15,15747.0,3.03,45.8,4,29.8,10.1,59.4,3.8,2.0,0,,False,,0,0,False,8287.7,3,4,14948.0,2.49,,,,,0.75,2.43399007851686,1.2941712572302009,False,False,True,45.8
351808240,12.3637,2928.0,0.159928,3,2548.82,2.00843,1629.6101,1.5,7192.0,1.48,45.7,35,1.1,-19.1,29.7,3.7,1.0,2,,False,,0,0,False,6147.1,34,35,7132.0,1.65,,,,,0.9714285714285714,0.6989458512900113,2.1460889956375317,False,False,True,45.7
263350818,9.91804,3725.0,0.595305,7,2520.79,35.62121,1636.5077,6.0,1987.0,2.9,45.6,4,24.4,-15.4,51.6,3.1,1.0,10,,False,,0,0,False,1086.6,4,4,1987.0,2.03,,,,,1.0,4.377950734325849,1.370504229971406,False,False,True,45.6
281670243,11.4104,3305.0,0.489856,9,2878.5,8.90072,1354.4545,7.92,1672.0,2.19,45.5,23,6.7,-10.4,31.4,2.5,1.0,6,,False,,0,0,False,2288.7,23,23,1388.0,2.72,,,,,1.0,2.421376342886738,3.2708670105192583,False,False,True,45.5
152088075,12.3115,3101.0,0.272309,4,2936.46,1.78216,1354.4328,4.2,2579.0,1.51,45.5,51,1.8,-37.7,48.9,4.0,1.0,0,,False,,0,0,False,3819.8,44,50,2255.0,2.51,,,,,0.88,0.9577052206241163,4.385483037528968,False,False,True,45.5
355766445,10.799,3524.0,0.602747,9,2879.02,56.054,1354.1965,5.04,3205.0,3.72,45.2,4,14.8,-0.9,44.4,3.5,2.0,19,,False,,0,0,False,1443.7,4,4,3002.0,1.82,,,,,1.0,5.134528104955441,0.981589719050479,False,False,True,45.2
340703767,11.2855,3467.0,0.477742,4,2936.45,2.72088,1355.1012,6.3,1371.0,1.93,45.0,34,1.2,6.4,26.5,2.8,2.0,3,,False,,0,0,False,1440.2,32,33,1232.0,2.89,,,,,0.9696969696969697,1.6041329970685325,3.927355157903312,False,False,True,45.0
290051427,11.5461,3742.0,0.612391,1,26.05,2.14354,4266.3778,4.08,11908.0,7.29,44.9,11,15.4,-15.6,46.0,2.9,1.0,0,,False,,0,0,False,23048.9,11,11,14476.0,1.5,,,,,1.0,1.7482546460159272,2.3337561317499453,False,False,True,44.9
340703767,11.2855,3467.0,0.477742,4,2936.45,2.72087,1355.1012,6.3,1364.0,1.92,44.7,34,1.1,6.7,25.3,2.6,1.0,3,,False,,0,0,False,1440.2,33,34,1246.0,2.78,,,,,0.9705882352941176,1.604131031852668,3.9273599692937213,False,False,True,44.7
10787002,11.5402,3468.0,0.534072,3,2602.12,11.0447,1395.1983,4.2,4324.0,3.83,44.6,6,3.2,-16.6,48.1,3.1,1.0,3,,False,,0,0,False,2172.8,6,6,3642.0,2.67,,,,,1.0,2.756297820925411,1.523783086179662,False,False,True,44.6
431253996,10.6748,3526.0,0.436476,3,2548.8,1.11917,1628.8094,4.5,1622.0,1.92,44.4,59,1.1,50.7,28.2,4.0,0.5,0,,False,,0,0,False,1863.4,59,59,1384.0,1.74,,,,,1.0,1.1232606884351242,4.006193794843115,False,False,True,44.4
279726713,12.3599,3301.0,0.303843,9,2633.97,3.80918,1357.3026,7.92,1692.0,1.36,44.2,56,1.4,45.8,28.6,3.4,0.5,10,"00279726713-01(3:1,ntoi=1)",True,,0,0,False,2399.7,52,56,1529.0,2.26,,,,,0.9285714285714286,1.327144717555644,5.967698846428128,False,False,True,44.2
461837093,11.6354,3456.0,0.380742,4,2555.63,19.56039,1529.8282,3.15,25316.0,6.61,43.8,4,33.4,-3.6,46.8,3.0,2.0,0,,False,,0,0,False,20059.0,4,4,29343.0,1.6,,,,,1.0,2.6612641798742898,1.1836479909893036,False,False,True,43.8
31051783,12.2024,3913.0,0.599644,3,296.17,2.22271,3996.0097,4.2,3395.0,3.81,43.7,34,3.0,-34.9,33.4,4.4,1.0,0,,False,,0,0,False,3666.4,34,34,3244.0,1.57,,,,,1.0,1.744877289730935,2.4070460568878467,False,False,True,43.7
1353822,12.3805,3135.0,0.207738,3,2116.33,0.7511,2174.5641,4.8,2296.0,1.09,43.7,84,1.5,10.0,34.0,10.4,1.0,0,,False,,0,0,False,2556.4,82,83,1708.0,1.92,,,,,0.9879518072289156,0.599494006337134,8.006752276520094,False,False,True,43.7
121007795,11.2707,3725.0,0.643344,4,2879.63,21.91182,1420.2665,6.0,4721.0,4.82,43.6,4,11.0,-1.6,38.9,3.6,1.0,5,"00121007795-01(1:2,ntoi=1)",True,,0,0,False,2461.9,4,4,5595.0,1.79,,,,,1.0,3.9209979437588403,1.5302226846485254,False,False,True,43.6
165909066,12.4729,3318.0,0.61149,6,2527.97,17.22465,1586.6976,6.3,5637.0,5.01,43.5,10,10.9,-12.3,28.8,2.9,1.0,7,,False,,0,0,False,5435.5,9,10,4794.0,2.02,,,,,0.9,3.4982539683882474,1.8008984072996286,False,False,True,43.5
111267570,12.0632,3276.0,0.311473,5,2144.25,38.22234,2116.0276,1.5,18928.0,4.68,43.1,5,5.3,-1.6,44.4,4.0,1.0,0,,False,,0,0,False,8462.3,4,5,14552.0,2.5,,,,,0.8,2.910232290032619,0.5154227740298997,False,False,True,43.1
1274935,11.6484,3237.0,0.324179,5,2852.35,4.15225,1441.7349,7.2,1672.0,1.45,42.1,27,5.1,-6.0,31.3,4.6,1.0,5,,False,,0,0,False,1763.7,27,27,1651.0,1.88,,,,,1.0,1.4261308592747335,5.048625063524394,False,False,True,42.1
161174284,11.8795,2964.0,0.16374,5,2907.31,3.00503,1325.5383,6.3,2181.0,0.83,42.1,41,4.6,-17.8,39.7,3.7,1.0,1,"00161174284-01(3:1,ntoi=1)",True,,0,0,False,3039.8,35,41,1922.0,2.45,,,,,0.8536585365853658,0.8120717862128501,7.757934836500676,False,False,True,42.1
251845153,10.4417,3334.0,0.557728,5,2936.46,20.81507,1359.2448,6.0,2487.0,3.03,41.9,5,3.3,-6.2,44.1,2.8,2.0,14,,False,,0,0,False,2030.5,5,5,2376.0,1.58,,,,,1.0,3.504417857846371,1.7121245934088698,False,False,True,41.9
470289424,12.0909,3215.0,0.456282,2,374.25,3.20072,3832.1767,6.3,5363.0,3.65,41.4,15,2.3,7.6,44.0,2.8,2.0,0,,False,,0,0,False,5870.9,15,15,6818.0,1.39,,,,,1.0,1.6422770084420195,3.8361372457966922,False,False,True,41.4
12931952,12.4529,3171.0,0.222593,4,2906.03,1.05017,1354.8519,2.1,2927.0,1.31,41.3,78,1.4,-14.4,40.1,5.8,1.0,1,"00012931952-01(1:3,ntoi=1)",True,,0,0,False,3313.4,78,78,2008.0,2.95,,,,,1.0,0.7019440521103333,2.9916914228228504,False,False,True,41.3
297855749,12.3825,3366.0,0.605928,3,2548.81,3.38189,1630.3096,6.3,4296.0,4.33,41.2,22,4.4,-16.1,32.7,3.0,1.0,0,,False,,0,0,True,4302.8,22,22,4279.0,1.54,,,,,1.0,2.020887484918942,3.117442236153337,False,False,True,41.2
404664390,12.3602,3578.0,0.5061,1,25.04,1.30678,4180.5259,1.02,10555.0,5.67,41.0,16,0.1,36.4,29.0,4.8,0.5,1,"00404664390-01(1:2,ntoi=1)",True,,0,0,False,3912.9,16,16,10542.0,1.27,,,,,1.0,1.3054693461993105,0.7813281889533338,False,False,True,41.0
144219766,11.5725,3382.0,0.530238,5,2553.76,4.01395,1573.6446,7.2,1460.0,2.21,40.8,30,2.0,38.5,25.2,3.1,0.5,6,"00144219766-01(3:1,ntoi=1)",True,,0,0,False,1696.6,30,30,1515.0,1.79,,,,,1.0,1.9575499198702797,3.678067122026252,False,False,True,40.8
231973225,11.7336,3901.0,0.589232,3,1871.43,19.64495,2180.3397,1.12,22172.0,9.57,40.6,4,3.5,-2.4,39.7,3.7,1.0,0,,False,,0,0,False,7499.5,3,4,23744.0,1.92,,,,,0.75,3.5657384675185186,0.3141004339500632,False,False,True,40.6
325220989,11.8288,3252.0,0.432769,9,2851.9,7.98081,1327.3664,7.92,1566.0,1.87,40.5,28,3.7,-18.3,13.3,2.5,1.0,11,,False,,0,0,False,2002.2,28,28,1499.0,1.68,,,,,1.0,2.1497834435349645,3.6840920064845535,False,False,True,40.5
219398128,11.2735,3417.0,0.40943,10,2602.13,5.836,1387.447,7.92,898.0,1.34,40.4,42,0.1,-6.6,30.4,4.6,1.0,15,,False,,0,0,False,1332.8,39,42,877.0,1.7,,,,,0.9285714285714286,1.8665222128400183,4.243185505919737,False,False,True,40.4
325220989,11.8288,3252.0,0.432769,9,2851.9,7.98094,1327.3514,7.92,1558.0,1.86,40.4,28,3.9,-17.9,25.1,3.2,1.0,11,,False,,0,0,False,2002.2,28,28,1629.0,1.72,,,,,1.0,2.149795116131699,3.6840720032200553,False,False,True,40.4
425871236,12.4392,3203.0,0.520683,5,320.57,1.95193,3831.3012,4.5,2532.0,2.86,40.0,55,2.7,-27.3,30.7,3.0,1.0,1,"00425871236-01(1:3,ntoi=1)",True,,0,0,False,2987.6,54,55,2209.0,2.15,,,,,0.9818181818181818,1.5208228858248607,2.9589244362004057,False,False,True,40.0
293689266,9.06092,3842.0,0.629474,8,2577.39,14.81035,1470.2159,4.2,961.0,2.13,39.6,12,3.8,-0.5,27.0,8.1,1.0,11,"00293689266-01(1:1,ntoi=1);00293689266-01(1:1,ntoi=1);00293689266-01(1:1,ntoi=2);00293689266-01(1:1,ntoi=2);00293689266-01(1:1,ntoi=1);00293689266-01(1:1,ntoi=1);00293689266-01(1:1,ntoi=1);00293689266-01(1:1,ntoi=1)",True,CTOI293689267.01(1:1),0,1,False,531.3,12,12,968.0,1.38,,,,,1.0,3.3914227754164865,1.2384182917106865,True,False,True,39.6
215197039,10.9913,3542.0,0.564832,4,2933.92,10.61903,1327.1503,7.2,1874.0,2.67,39.5,9,2.9,-6.2,28.0,2.9,1.0,3,,False,,0,0,False,1503.4,9,9,1621.0,2.14,,,,,1.0,2.8239008152032903,2.549664620384933,False,False,True,39.5
113233475,12.4532,3027.0,0.222541,3,1077.69,3.57821,3126.8859,6.3,4395.0,1.61,39.4,18,3.7,-34.4,30.7,1.9,1.0,0,,False,,0,0,False,4940.6,18,18,4253.0,1.95,,,,,1.0,1.056096473781719,5.965364108679077,False,False,True,39.4
152479307,11.6588,3281.0,0.623724,7,2527.12,9.6895,1572.0745,6.3,2103.0,3.12,39.3,18,2.9,-17.8,34.1,2.8,1.0,18,,False,,0,0,False,2069.1,17,18,2703.0,1.59,,,,,0.9444444444444444,2.926198072978687,2.152964304834974,False,False,True,39.3
152088075,12.3115,3101.0,0.272309,4,2936.46,2.50084,1354.4265,3.6,2775.0,1.57,39.0,36,3.7,-33.4,22.5,2.7,1.0,0,,False,,0,0,False,3819.8,33,36,2584.0,2.12,,,,,0.9166666666666666,1.0722060660433734,3.357563544929964,False,False,True,39.0
197598732,10.9903,3310.0,0.326131,5,2934.84,1.89626,1326.739,4.5,895.0,1.06,38.9,56,0.8,-30.3,28.8,2.9,1.0,0,,False,,0,0,False,1101.5,55,56,774.0,2.15,,,,,0.9821428571428571,1.1026448247670537,4.0810965588585395,False,False,True,38.9
372106647,12.1386,3275.0,0.465176,7,2545.99,3.5231,1660.0499,4.5,2074.0,2.31,38.8,40,3.1,-16.4,33.8,2.6,1.0,3,,False,,0,0,False,2710.9,39,40,1949.0,2.27,,,,,0.975,1.717624201685291,2.6198978773032597,False,False,True,38.8
279726713,12.3599,3301.0,0.303843,9,2633.97,5.71374,1357.3026,7.92,1742.0,1.38,38.5,39,0.4,-4.1,30.5,3.7,1.0,10,"00279726713-01(2:1,ntoi=1)",True,,0,0,False,2399.7,39,39,1632.0,1.97,,,,,1.0,1.5191988012681952,5.213274255738321,False,False,True,38.5
316976676,12.0093,3241.0,0.257512,12,2661.1,1.64718,1327.3513,7.92,743.0,0.77,37.8,166,0.2,-15.6,12.2,3.4,1.0,0,,False,,0,0,False,1711.0,156,166,623.0,2.35,,,,,0.9397590361445783,0.898780473899701,8.811940434838407,False,False,True,37.8
72499657,12.174,3224.0,0.594957,4,2553.68,6.22933,1575.1465,6.3,2912.0,3.5,37.1,16,1.3,-21.4,30.3,2.3,1.0,0,,False,,0,0,False,2676.1,16,16,2366.0,1.86,,,,,1.0,2.4472544442660094,2.5743134371503906,False,False,True,37.1
197054642,11.1617,3696.0,0.536432,2,2547.38,1.28833,1658.1096,2.4,3079.0,3.25,37.0,37,0.9,-32.0,31.6,4.2,1.0,0,,False,,0,0,False,3195.2,37,37,2834.0,1.65,,,,,1.0,1.3507048274608653,1.7768500942664591,False,False,True,37.0
593230,8.27496,3806.0,0.572561,3,2822.06,12.91101,1438.3035,6.0,990.0,1.97,36.6,4,0.3,-4.6,28.2,4.6,1.0,2,,False,,0,0,False,479.7,4,4,1177.0,1.15,,,,,1.0,3.0414186753819017,1.9727635818658207,False,False,True,36.6
593230,8.27496,3806.0,0.572561,3,2822.06,12.91101,1438.3035,6.0,990.0,1.97,36.6,4,0.3,-4.8,23.6,3.4,2.0,2,,False,,0,0,False,479.7,4,4,1177.0,1.15,,,,,1.0,3.0414186753819017,1.9727635818658207,False,False,True,36.6
354605348,11.5931,3826.0,0.575198,5,2906.03,1.48843,1354.5185,7.2,858.0,1.84,35.8,72,0.6,43.3,24.0,4.6,0.5,0,,False,,0,0,False,1359.2,72,72,708.0,1.51,,,,,1.0,1.484781942629208,4.849196904462922,False,False,True,35.8
21628044,11.2065,3579.0,0.467117,3,1871.43,14.25006,2186.0192,4.5,7084.0,4.29,35.3,4,11.1,-2.1,37.3,5.4,1.0,0,,False,,0,0,False,3855.1,4,4,5393.0,2.73,,,,,1.0,2.7442961333701374,1.639764727020829,False,False,True,35.3
281670243,11.4104,3305.0,0.489856,9,2878.5,19.64982,1367.842,6.12,2699.0,2.78,35.2,7,5.3,0.2,30.7,2.7,2.0,6,"00281670243-01(1:1,ntoi=1)",True,,0,0,False,2288.7,7,7,2004.0,2.96,,,,,1.0,3.1528751537870976,1.9410854225067935,False,False,True,35.2
593228,9.22216,3356.0,0.466005,3,2822.06,12.91101,1438.3035,6.0,2276.0,2.43,34.7,4,2.6,-4.2,29.0,4.7,1.0,5,,False,,0,0,False,1277.7,4,4,3024.0,1.2,,,,,1.0,2.6512789120547198,2.2630587723982796,False,False,True,34.7
431253996,10.6748,3526.0,0.436476,3,2548.8,1.67913,1628.8094,6.3,1286.0,1.71,34.3,41,0.8,-27.0,30.3,4.4,1.0,0,,False,,0,0,False,1863.4,41,41,1114.0,1.66,,,,,1.0,1.2859082425487556,4.899260920447155,False,False,True,34.3
186779497,10.716,3237.0,0.491689,3,2555.63,6.28677,1519.5065,7.2,1296.0,1.93,34.3,9,2.7,-3.0,26.7,3.4,1.0,4,,False,,0,0,False,1218.8,9,9,1360.0,1.35,,,,,1.0,2.1617782664750207,3.330591352340805,False,False,True,34.3
1395782,12.4883,3263.0,0.281582,3,2116.33,3.66772,2176.7012,7.2,2847.0,1.64,34.3,18,0.8,-13.7,34.6,4.4,1.0,0,,False,,0,0,False,2871.5,18,18,3097.0,1.64,,,,,1.0,1.2456908603594088,5.779925203852458,False,False,True,34.3
306900946,11.705,3530.0,0.429551,6,379.89,1.43702,3666.046,1.2,1707.0,1.94,33.9,102,0.6,6.6,27.0,9.7,1.0,11,"00306900946-02(1:3,ntoi=2);00306900946-01(1:3,ntoi=2);00306900946-01(1:3,ntoi=2);00306900946-02(1:3,ntoi=2);00306900946-01(1:3,ntoi=1);00306900946-01(1:3,ntoi=1);00306900946-01(1:3,ntoi=2);00306900946-02(1:3,ntoi=2);00306900946-01(1:3,ntoi=2);00306900946-02(1:3,ntoi=2);00306900946-01(1:3,ntoi=1)",True,,0,0,False,1442.2,102,102,1604.0,2.54,,,,,1.0,1.2079224541896434,0.9934412559662545,False,False,True,33.9
230974983,11.8951,3749.0,0.600117,3,2168.05,17.39632,2037.3717,1.58,17627.0,8.69,33.8,5,3.0,-0.5,33.7,3.7,2.0,0,,False,,0,0,False,7709.9,5,5,14622.0,2.69,,,,,1.0,3.4661821092910143,0.4558329453506928,False,False,True,33.8
121007795,11.2707,3725.0,0.643344,4,2879.63,14.30994,1421.1477,6.3,2737.0,3.67,33.7,6,3.6,-2.2,31.1,4.0,2.0,5,,False,,0,0,False,2461.9,5,6,2970.0,1.94,,,,,0.8333333333333334,3.401859725043898,1.8519282125657617,False,False,True,33.7
152970468,9.78832,3751.0,0.485889,7,2874.19,1.10205,1386.6956,4.2,253.0,0.84,33.0,154,0.4,-26.5,22.2,6.3,1.0,3,"00152970468-01(1:3,ntoi=3)",True,,0,0,False,507.3,146,154,214.0,2.34,,,,,0.948051948051948,1.2003284647434216,3.4990422399903505,False,False,True,33.0
316976676,12.0093,3241.0,0.257512,12,2661.1,3.27383,1327.3963,7.92,828.0,0.81,32.3,85,2.8,34.9,18.7,5.1,0.5,0,,False,,0,0,False,1711.0,81,85,755.0,1.84,,,,,0.9529411764705882,1.1300352300750525,7.008631049028431,False,False,True,32.3
429236863,12.3488,3350.0,0.585403,3,2527.94,21.88057,1586.6241,3.15,8258.0,5.8,32.2,4,5.3,-0.7,29.5,3.5,2.0,9,,False,,0,0,False,3539.0,4,4,7382.0,1.81,,,,,1.0,3.6801410722784964,0.8559454483221023,False,False,True,32.2
12931952,12.4529,3171.0,0.222593,4,2906.03,1.7486,1354.5144,2.1,2808.0,1.29,31.7,49,3.0,-7.8,31.5,4.3,1.0,1,,False,,0,0,False,3313.4,47,48,2075.0,2.99,,,,,0.9791666666666666,0.8319798099563701,2.5240997135617103,False,False,True,31.7
425871236,12.4392,3203.0,0.520683,5,320.57,3.25321,3831.32,4.8,2364.0,2.76,31.5,34,1.7,-21.6,25.2,5.0,1.0,1,,False,,0,0,False,2987.6,34,34,2015.0,2.31,,,,,1.0,1.8031336816073595,2.6620322436222015,False,False,True,31.5
453465810,9.19995,3582.0,0.50961,5,2555.18,20.97994,1544.4434,3.6,962.0,1.72,31.3,6,0.8,-6.3,30.4,3.0,2.0,7,"00453465810-01(2:1,ntoi=1)",True,,0,0,False,658.4,5,6,950.0,2.13,,,,,0.8333333333333334,3.308529431339483,1.0880967132707395,False,False,True,31.3
453465810,9.19995,3582.0,0.50961,5,2555.18,12.88341,1552.4496,4.5,669.0,1.44,30.4,10,4.4,-3.1,28.9,4.5,2.0,7,,False,,0,0,False,658.4,8,10,690.0,2.58,,,,,0.8,2.8121848506091043,1.6001793050785136,False,False,True,30.4
44793998,12.0986,3244.0,0.463045,5,2879.66,3.21216,1413.8068,4.5,1856.0,2.18,30.4,35,0.8,5.9,30.2,4.1,1.0,1,,False,,0,0,False,2274.1,34,35,1486.0,2.33,,,,,0.9714285714285714,1.6604385838543982,2.7101273384975735,False,False,True,30.4
1353822,12.3805,3135.0,0.207738,3,2116.33,1.50111,2174.5641,4.8,2054.0,1.03,30.3,43,1.9,31.6,16.8,4.2,0.5,0,,False,,0,0,False,2556.4,42,43,1777.0,2.23,,,,,0.9767441860465116,0.7551323874996845,6.356501296273702,False,False,True,30.3
429236863,12.3488,3350.0,0.585403,3,2527.94,20.59294,1589.2398,3.6,6698.0,5.23,29.2,4,8.0,4.0,25.4,2.6,2.0,9,,False,,0,0,False,3539.0,4,4,6640.0,1.76,,,,,1.0,3.6064870289252355,0.9982012887130309,False,False,True,29.2
167748737,11.3136,3435.0,0.547227,1,25.35,6.28958,4268.3565,7.56,2222.0,2.81,29.1,4,3.6,12.5,28.6,2.5,2.0,1,,False,,0,0,False,1872.3,4,4,2266.0,1.14,,,,,1.0,2.321990938809283,3.2558266587710145,False,False,True,29.1
66555593,10.7935,3425.0,0.587984,3,2577.13,24.0084,1433.5004,4.5,2407.0,3.15,28.9,4,12.7,-2.5,28.6,3.4,2.0,1,,False,,0,0,False,1376.1,4,4,2302.0,1.88,,,,,1.0,3.806913763312992,1.1820598731093517,False,False,True,28.9
279726713,12.3599,3301.0,0.303843,9,2633.97,9.52326,1359.1701,6.12,1868.0,1.43,28.5,24,4.1,-4.4,19.6,3.0,1.0,10,,False,,0,0,False,2399.7,24,24,1727.0,2.36,,,,,1.0,1.801232045259438,3.397674395204597,False,False,True,28.5
354605348,11.5931,3826.0,0.575198,5,2906.03,2.23322,1354.5185,7.2,777.0,1.75,27.9,49,1.1,-22.2,26.5,5.3,1.0,0,,False,,0,0,False,1359.2,49,49,691.0,1.67,,,,,1.0,1.699796934834407,4.235800084379737,False,False,True,27.9
316976676,12.0093,3241.0,0.257512,12,2661.1,4.91083,1330.6513,7.92,875.0,0.83,27.5,53,0.8,-6.3,21.0,5.9,1.0,0,,False,,0,0,False,1711.0,53,53,781.0,2.67,,,,,1.0,1.2935748858562393,6.122567844039131,False,False,True,27.5
593230,8.27496,3806.0,0.572561,3,2822.06,24.36235,1438.316,4.2,654.0,1.6,27.5,4,16.4,-1.3,23.5,3.4,2.0,2,,False,,0,0,False,479.7,4,4,614.0,2.14,,,,,1.0,3.7583382319600664,1.117515173137995,False,False,True,27.5
593228,9.22216,3356.0,0.466005,3,2822.06,23.80136,1438.316,4.2,1429.0,1.92,27.2,5,21.4,0.2,24.6,3.5,2.0,5,,False,,0,0,False,1277.7,4,5,1510.0,2.19,,,,,0.8,3.2508924564439514,1.2919529194743795,False,False,True,27.2
1395782,12.4883,3263.0,0.281582,3,2116.33,6.12017,2175.4137,6.0,2942.0,1.67,27.0,12,0.9,-12.8,10.4,2.6,1.0,0,,False,,0,0,False,2871.5,12,12,3090.0,1.53,,,,,1.0,1.4775177789696001,4.060864840614179,False,False,True,27.0
220395392,12.0964,3280.0,0.402749,12,1926.23,113.60234,2160.5828,3.78,7970.0,3.92,26.9,4,16.1,1.6,21.0,5.0,2.0,4,,False,,0,0,False,4812.1,4,4,6054.0,2.4,,,,,1.0,4.966232338546001,0.7611403861758705,False,False,True,26.9
321067332,12.2826,3699.0,0.442646,3,354.24,16.59556,3942.1265,4.2,7069.0,4.06,26.8,6,6.5,2.0,32.5,3.2,1.0,0,,False,,0,0,False,7502.1,6,6,5348.0,2.93,,,,,1.0,2.7855436007997474,1.5077846919337947,False,False,True,26.8
593228,9.22216,3356.0,0.466005,3,2822.06,24.36186,1438.316,3.0,1769.0,2.14,26.5,4,15.9,-3.9,23.9,3.3,2.0,5,"00000593228-02(1:1,ntoi=3)",True,,0,0,False,1277.7,4,4,1471.0,2.46,,,,,1.0,3.2762132271643747,0.9156913155486395,False,False,True,26.5
306900946,11.705,3530.0,0.429551,6,379.89,2.39506,3666.0507,1.12,1729.0,1.95,26.3,62,2.0,6.0,20.9,7.1,1.0,11,,False,,0,0,False,1442.2,61,62,1753.0,2.6,,,,,0.9838709677419355,1.43215574512421,0.7820378501521588,False,False,True,26.3
293689266,9.06092,3842.0,0.629474,8,2577.39,44.43182,1470.2159,4.2,1033.0,2.21,26.1,5,6.1,-0.0,15.4,3.6,2.0,11,"00293689266-01(1:3,ntoi=1);00293689266-01(1:3,ntoi=1);00293689266-01(1:3,ntoi=2);00293689266-01(1:3,ntoi=2);00293689266-01(1:3,ntoi=1);00293689266-01(1:3,ntoi=1);00293689266-01(1:3,ntoi=1);00293689266-01(1:3,ntoi=1)",True,CTOI293689267.01(1:3),0,1,False,531.3,5,5,869.0,1.54,,,,,1.0,4.891306296058191,0.8586663246553787,True,False,True,26.1
593230,8.27496,3806.0,0.572561,3,2822.06,23.80136,1438.316,4.2,563.0,1.48,26.1,5,21.1,3.4,23.7,3.4,2.0,2,,False,,0,0,False,479.7,4,5,653.0,2.01,,,,,0.8,3.7292662736204467,1.1262269014442232,False,False,True,26.1
121549920,11.6808,3485.0,0.516722,3,2852.44,6.40318,1438.9819,6.0,1695.0,2.32,25.6,11,1.7,-4.2,20.0,3.5,1.0,1,,False,,0,0,False,1659.7,11,11,1812.0,2.11,,,,,1.0,2.2482511928583815,2.6687409392060504,False,False,True,25.6
262531321,11.5677,3250.0,0.317125,9,2906.03,1.06335,1355.2196,7.92,405.0,0.7,25.2,184,0.5,-10.6,16.5,9.8,1.0,0,,False,,0,0,False,1215.9,170,184,293.0,2.76,,,,,0.9239130434782609,0.8924571212929273,8.874375934751999,False,False,True,25.2
300951068,11.8973,3302.0,0.391964,3,2469.17,5.22557,1631.033,6.3,1937.0,1.88,25.2,12,2.9,-0.9,19.5,2.5,1.0,0,,False,,0,0,False,2249.0,12,12,1630.0,2.12,,,,,1.0,1.7474991424020319,3.605151983846075,False,False,True,25.2
593228,9.22216,3356.0,0.466005,3,2822.06,18.38994,1438.3285,2.25,1889.0,2.21,24.6,4,13.3,-0.5,22.7,3.4,2.0,5,,False,,0,0,False,1277.7,4,4,1433.0,2.53,,,,,1.0,2.983060873064315,0.7542588286804598,False,False,True,24.6
33551989,12.4482,3412.0,0.541817,3,624.56,14.31308,3668.4079,6.0,3117.0,3.3,24.2,8,2.9,-4.1,22.3,2.8,1.0,1,"00033551989-01(2:1,ntoi=1)",True,,0,0,False,3177.2,8,8,2408.0,2.42,,,,,1.0,3.034038437435193,1.9775622899069352,False,False,True,24.2
1353822,12.3805,3135.0,0.207738,3,2116.33,2.25331,2176.0516,4.2,2110.0,1.04,24.1,28,2.2,0.0,19.1,5.0,1.0,0,,False,,0,0,False,2556.4,28,28,2086.0,1.9,,,,,1.0,0.8646212520822558,4.857618280704061,False,False,True,24.1
96373171,11.9523,3715.0,0.553009,1,25.08,0.85365,4179.7208,7.92,2225.0,2.85,23.9,27,3.0,-6.9,21.3,5.6,1.0,0,,False,,0,0,False,3552.5,25,27,1302.0,2.83,,,,,0.9259259259259259,1.20168242208445,6.590759633699136,False,False,True,23.9
152372681,12.2223,3455.0,0.357915,4,2879.66,6.69905,1411.5941,6.3,1858.0,1.68,23.9,15,2.8,2.0,24.8,4.3,1.0,3,"00152372681-01(3:1,ntoi=1)",True,,0,0,False,2136.6,15,15,1240.0,2.44,,,,,1.0,1.7867589532170958,3.52593727802887,False,False,True,23.9
96373171,11.9523,3715.0,0.553009,1,25.08,0.85551,4179.6908,7.92,2208.0,2.84,23.7,27,3.0,-8.0,12.5,2.2,1.0,0,,False,,0,0,False,3552.5,25,27,1350.0,2.98,,,,,0.9259259259259259,1.2025545624653893,6.585979752771464,False,False,True,23.7
96373171,11.9523,3715.0,0.553009,1,25.08,0.85553,4179.6908,7.92,2204.0,2.83,23.6,27,3.0,-7.8,16.1,3.6,0.5,0,,False,,0,0,False,3552.5,25,27,1350.0,2.98,,,,,0.9259259259259259,1.2025639334463754,6.5859284315158355,False,False,True,23.6
415714808,11.0033,3505.0,0.505575,3,2554.46,5.78308,1546.47,6.0,940.0,1.69,23.5,13,4.4,-4.4,12.1,2.9,0.5,1,,False,,0,0,False,1055.4,13,13,764.0,2.88,,,,,1.0,2.1418304460540196,2.8013421935681424,False,False,True,23.5
441054737,10.6226,3387.0,0.33885,3,2202.33,23.65466,2089.3896,4.2,3084.0,2.05,23.4,4,11.7,-0.0,21.8,3.4,2.0,2,,False,,0,0,False,2808.1,4,4,3201.0,2.02,,,,,1.0,2.6233255597057967,1.601021262672036,False,False,True,23.4
213240679,11.9362,3247.0,0.524619,5,2575.96,6.6427,1631.3495,1.12,6024.0,4.44,23.3,16,0.8,4.7,30.1,3.4,1.0,13,,False,,0,0,False,4852.2,16,16,5700.0,2.27,,,,,1.0,2.2990717087028756,0.4871531391388824,False,False,True,23.3
231017428,9.60304,3530.0,0.48837,7,2878.5,47.8699,1377.1179,4.8,795.0,1.5,22.7,5,11.1,3.2,25.3,4.1,2.0,13,,False,,0,0,False,629.0,5,5,746.0,2.29,,,,,1.0,4.233781615163034,1.133738212384193,False,False,True,22.7
158624542,8.7045,3850.0,0.63117,8,2906.03,40.67947,1391.7861,0.95,1126.0,2.31,22.3,4,5.1,1.8,21.2,3.9,2.0,9,,False,,0,0,False,477.7,4,4,1254.0,1.23,,,,,1.0,4.758071401188264,0.19966072803420948,False,False,True,22.3
354605348,11.5931,3826.0,0.575198,5,2906.03,3.7201,1354.5373,6.3,822.0,1.8,22.2,29,0.9,-17.8,21.8,4.1,1.0,0,,False,,0,0,False,1359.2,29,29,786.0,1.53,,,,,1.0,2.014983110855154,3.1265770745474364,False,False,True,22.2
333772196,11.2807,3689.0,0.529529,4,2528.08,1.0716,1571.7909,1.58,952.0,1.78,22.2,77,0.5,-13.3,15.4,5.8,1.0,6,,False,,0,0,False,1414.7,71,77,933.0,2.51,,,,,0.922077922077922,1.2593478218184737,1.2546176462341523,False,False,True,22.2
158624542,8.7045,3850.0,0.63117,8,2906.03,52.70991,1356.7027,0.75,1307.0,2.49,22.0,4,9.6,1.5,21.4,4.0,2.0,9,,False,,0,0,False,477.7,4,4,1383.0,1.65,,,,,1.0,5.187243292761249,0.14458546817085258,False,False,True,22.0
373053974,12.2711,3191.0,0.39157,6,2607.61,8.639,1444.2386,7.2,1579.0,1.7,22.0,19,2.8,-16.3,15.5,2.5,1.0,0,,False,,0,0,False,2308.9,19,19,1392.0,1.78,,,,,1.0,2.06491601583904,3.4868246189055854,False,False,True,22.0
316295827,12.4661,3257.0,0.627524,2,2471.68,8.45632,1609.1235,6.3,10927.0,7.16,21.9,4,5.4,-2.8,20.0,4.4,1.0,1,,False,,0,0,False,7602.1,4,4,14527.0,1.19,,,,,1.0,2.8077320355231516,2.2438038674250302,False,False,True,21.9
31635050,12.2614,3585.0,0.529357,3,2662.78,1.1724,1326.0291,4.8,913.0,1.75,21.7,78,0.1,24.1,16.0,4.2,0.5,0,,False,,0,0,False,1807.3,74,78,698.0,2.77,,,,,0.9487179487179487,1.2973764316530068,3.699774315989576,False,False,True,21.7
387266782,12.4441,3752.0,0.550194,2,2196.33,4.16171,2038.6777,7.2,2091.0,2.74,21.7,12,2.7,-5.3,23.8,3.0,1.0,0,,False,,0,0,False,2485.0,12,12,2038.0,2.75,,,,,1.0,2.0306861121801685,3.5455996654598656,False,False,True,21.7
316467276,12.1489,3298.0,0.374764,1,25.08,2.79229,4179.6285,7.56,2441.0,2.02,21.5,9,2.6,-5.9,18.0,3.1,1.0,0,,False,,0,0,False,2776.5,9,9,1984.0,1.59,,,,,1.0,1.3762596531445532,5.4931494814416,False,False,True,21.5
316467276,12.1489,3298.0,0.374764,1,25.08,2.8003,4179.626,6.0,2675.0,2.11,21.4,9,1.8,-6.1,16.6,2.7,1.0,0,,False,,0,0,False,2776.5,9,9,2464.0,1.43,,,,,1.0,1.3775743823386808,4.355481690806357,False,False,True,21.4
316467276,12.1489,3298.0,0.374764,1,25.08,2.79253,4179.6435,7.56,2437.0,2.02,21.4,9,1.9,-6.3,22.0,4.3,1.0,0,,False,,0,0,False,2776.5,9,9,2117.0,1.23,,,,,1.0,1.3762990822933814,5.492992109972546,False,False,True,21.4
335836484,12.0485,3333.0,0.614482,5,2497.88,9.0847,1607.3043,7.2,2973.0,3.66,21.3,12,1.5,1.6,16.9,3.6,1.0,1,"00335836484-01(2:1,ntoi=1)",True,,0,0,False,3689.2,12,12,2927.0,1.52,,,,,1.0,2.8356411357814233,2.5391083198600453,False,False,True,21.3
48620502,11.8349,3479.0,0.436145,2,2822.29,7.2559,1475.3737,6.3,2321.0,2.29,21.3,7,6.0,-2.6,16.4,2.8,1.0,0,,False,,0,0,False,1870.7,7,7,2086.0,2.23,,,,,1.0,2.093434235784149,3.0094090811695238,False,False,True,21.3
466169924,12.4606,3525.0,0.407019,1,24.74,0.85161,4179.9472,3.06,2045.0,2.01,21.1,25,1.8,23.0,21.0,6.2,1.0,0,,False,,0,0,False,2490.7,25,25,1772.0,1.5,,,,,1.0,0.9788098553354253,3.1262455964456737,False,False,True,21.1
101140660,12.0349,3560.0,0.618906,2,324.15,13.34267,3941.1371,6.3,2729.0,3.53,20.5,4,1.5,4.0,20.4,3.9,1.0,0,,False,,0,0,False,2007.4,4,4,2804.0,1.06,,,,,1.0,3.23871205390148,1.9452176961551033,False,False,True,20.5
391039604,10.33,2898.0,0.130686,7,2502.69,1.03196,1571.556,2.1,395.0,0.28,20.4,156,2.6,21.3,12.5,4.7,0.5,13,"00391039604-02(1:2,ntoi=3);00391039604-03(1:2,ntoi=3);00391039604-03(1:2,ntoi=5);00391039604-04(1:2,ntoi=5);00391039604-05(1:2,ntoi=5);00391039604-04(1:2,ntoi=4);00391039604-03(1:2,ntoi=4)",True,,0,0,False,869.3,145,156,389.0,2.73,,,,,0.9294871794871795,0.48930759726034884,4.29177885599565,False,False,True,20.4
114985772,11.1087,3261.0,0.284433,5,2907.3,21.27002,1327.6775,1.5,2905.0,1.67,20.4,5,15.1,1.3,18.8,3.0,2.0,8,,False,,0,0,False,1236.8,4,5,3403.0,1.82,,,,,0.8,2.2531196132010214,0.6657436166333577,False,False,True,20.4
170882537,11.8997,3298.0,0.514585,5,2852.41,14.3165,1440.9712,4.2,2419.0,2.76,20.1,7,3.5,0.4,21.8,5.5,1.0,2,,False,,0,0,False,1673.8,6,7,2156.0,2.4,,,,,0.8571428571428571,2.931739161273163,1.432596751948448,False,False,True,20.1
1353822,12.3805,3135.0,0.207738,3,2116.33,3.75276,2176.8391,4.8,1924.0,0.99,20.1,19,0.1,-1.3,16.2,4.0,1.0,0,,False,,0,0,False,2556.4,19,19,1880.0,1.37,,,,,1.0,1.0248709622574605,4.683516439403402,False,False,True,20.1
317692759,12.4107,3489.0,0.509037,2,302.05,0.6289,3988.9581,1.05,1959.0,2.46,20.1,97,0.5,20.8,16.4,9.8,1.0,4,"00317692759-01(1:2,ntoi=2);00317692759-02(1:2,ntoi=2);00317692759-01(1:2,ntoi=2);00317692759-02(1:2,ntoi=2)",True,,0,0,False,2518.5,95,97,1874.0,1.8,,,,,0.979381443298969,1.0269951502669779,1.0224001542042744,False,False,True,20.1
293689266,9.06092,3842.0,0.629474,8,2577.39,46.28289,1485.0284,4.8,696.0,1.81,20.0,5,9.6,2.5,15.7,5.6,2.0,11,,False,,0,1,False,531.3,5,5,779.0,1.26,,,,,1.0,4.958309683305851,0.9680718443547678,True,False,True,20.0
77700653,11.3628,3626.0,0.46881,4,2116.32,20.42162,2184.47,2.1,5619.0,3.83,20.0,6,6.9,-0.2,26.8,3.2,2.0,0,,False,,0,0,False,6146.7,6,6,4785.0,2.35,,,,,1.0,3.1014844078563346,0.6770951337625668,False,False,True,20.0
197829751,11.5508,3260.0,0.354226,8,2633.97,78.99278,1377.6166,3.6,2382.0,1.89,19.9,4,4.0,2.4,21.3,4.0,2.0,25,"00197829751-04(3:1,ntoi=6)",True,,0,0,False,1520.9,4,4,1942.0,2.44,,,,,1.0,4.038849932103085,0.8913428477213636,False,False,True,19.9
393794445,11.8298,3322.0,0.523606,5,2852.42,14.42188,1450.0835,6.3,2403.0,2.8,19.4,5,6.0,2.6,20.9,4.4,1.0,4,,False,,0,0,False,1716.1,5,5,3573.0,1.06,,,,,1.0,2.973162612293617,2.118955745626011,False,False,True,19.4
48620502,11.8349,3479.0,0.436145,2,2822.29,2.37801,1468.4737,4.5,1341.0,1.74,19.4,17,2.5,-7.5,16.2,3.9,1.0,0,,False,,0,0,False,1870.7,17,17,1351.0,2.29,,,,,1.0,1.4433338095321444,3.117781881281276,False,False,True,19.4
33174050,9.86849,3725.0,0.586767,2,2555.25,5.27534,1520.634,4.8,638.0,1.62,19.3,7,7.2,2.9,19.3,3.5,1.0,0,,False,,0,0,False,614.4,7,7,595.0,2.66,,,,,1.0,2.294046586792549,2.0923725035205942,False,False,True,19.3
316467276,12.1489,3298.0,0.374764,1,25.08,2.81592,4179.576,7.92,2137.0,1.89,19.2,9,0.9,-7.4,16.2,2.6,0.5,0,,False,,0,0,False,2776.5,9,9,1607.0,1.61,,,,,1.0,1.3801309925784293,5.7385857158409745,False,False,True,19.2
152574751,10.723,3581.0,0.616715,5,2577.17,36.52431,1420.3744,4.2,1375.0,2.49,19.2,4,7.0,4.3,17.1,3.8,2.0,2,,False,,0,0,False,879.4,4,4,1467.0,1.46,,,,,1.0,4.519863387771724,0.9292316248678889,False,False,True,19.2
114851071,10.9967,3417.0,0.50311,4,2936.46,13.28217,1355.4952,1.5,3430.0,3.21,19.2,4,4.6,-0.5,17.5,5.3,2.0,7,,False,,0,0,False,1122.6,4,4,4537.0,1.42,,,,,1.0,2.816695750737951,0.5325388798584343,False,False,True,19.2
316295827,12.4661,3257.0,0.627524,2,2471.68,14.29151,1609.1235,4.5,13033.0,7.82,19.1,4,6.2,0.2,18.2,3.3,2.0,1,,False,,0,0,False,7602.1,3,4,17769.0,1.13,,,,,0.75,3.3444231945751035,1.345523499328472,False,False,True,19.1
156831398,12.1166,3801.0,0.581638,4,1081.62,13.14352,2969.3434,1.8,4902.0,4.44,18.8,4,3.2,-1.0,21.4,3.8,2.0,1,,False,,0,0,False,1890.7,4,4,5560.0,1.69,,,,,1.0,3.0918188389676042,0.5821815875218103,False,False,True,18.8
172889501,12.2328,3204.0,0.247532,4,2470.88,2.47239,1630.6653,7.2,1174.0,0.93,18.8,40,0.5,-13.5,16.0,2.7,1.0,0,,False,,0,0,False,2527.4,37,39,958.0,2.28,,,,,0.9487179487179487,1.0023087477034849,7.183415306408152,False,False,True,18.8
364788827,10.9951,3878.0,0.634044,2,1842.59,0.89911,2362.6333,4.8,529.0,1.59,18.7,52,0.7,21.1,14.2,6.0,1.0,0,,False,,0,0,False,1042.9,48,52,408.0,2.48,,,,,0.9230769230769231,1.339344097574104,3.5838437700170047,False,False,True,18.7
77340625,11.7444,3199.0,0.253509,6,2879.66,2.51591,1411.162,7.2,556.0,0.65,18.5,52,0.6,-12.6,12.2,5.1,1.0,0,,False,,0,0,False,1345.1,50,52,526.0,1.8,,,,,0.9615384615384616,1.0243198351095026,7.029054552312072,False,False,True,18.5
220395392,12.0964,3280.0,0.402749,12,1926.23,40.39498,2064.679,3.12,4288.0,2.88,18.4,6,4.6,-0.7,13.9,3.6,2.0,4,,False,,0,0,False,4812.1,6,6,3750.0,2.07,,,,,1.0,3.5183610729108787,0.8867765233142206,False,False,True,18.4
77340625,11.7444,3199.0,0.253509,6,2879.66,2.51592,1411.162,7.2,552.0,0.65,18.4,52,0.6,-12.3,14.3,6.5,1.0,0,,False,,0,0,False,1345.1,50,52,523.0,1.81,,,,,0.9615384615384616,1.0243211922307538,7.029045239530709,False,False,True,18.4
306900946,11.705,3530.0,0.429551,6,379.89,5.26897,3666.5288,1.12,1767.0,1.97,18.2,28,1.5,4.8,6.4,4.6,1.0,11,,False,,0,0,False,1442.2,27,28,1754.0,2.41,,,,,0.9642857142857143,1.862630423355661,0.601300175255508,False,False,True,18.2
466169924,12.4606,3525.0,0.407019,1,24.74,1.27492,4180.3834,4.08,1801.0,1.88,17.8,17,1.6,-12.6,17.8,5.0,1.0,0,,False,,0,0,False,2490.7,17,17,1515.0,1.8,,,,,1.0,1.1197276278596933,3.6437432626349753,False,False,True,17.8
469969504,12.2937,3425.0,0.550143,3,2174.67,4.7291,2120.5352,7.2,1252.0,2.12,17.8,18,1.4,-3.8,12.4,3.6,1.0,1,,False,,0,0,False,2119.6,18,18,1197.0,1.54,,,,,1.0,2.1189376975008667,3.3979290700674576,False,False,True,17.8
224284991,11.4506,3283.0,0.272643,5,2144.36,25.96759,2102.4265,4.8,2246.0,1.41,17.6,4,9.1,-1.2,20.1,3.4,2.0,1,,False,,0,0,False,1617.5,4,4,1455.0,2.35,,,,,1.0,2.3410736515782973,2.0503413024891173,False,False,True,17.6
200806186,11.8548,3653.0,0.639988,5,2602.12,2.88128,1387.6701,3.6,771.0,1.94,17.6,44,1.5,4.2,14.0,3.4,1.0,2,,False,,0,0,False,1553.7,41,44,735.0,2.72,,,,,0.9318181818181818,1.9869396187175041,1.8118316057956843,False,False,True,17.6
206358152,12.3284,3297.0,0.362758,5,2907.25,2.0585,1325.8063,6.0,830.0,1.14,17.6,58,0.9,19.3,10.1,3.4,0.5,3,,False,,0,0,False,1974.1,54,58,861.0,1.62,,,,,0.9310344827586207,1.2165685458980044,4.931904593646326,False,False,True,17.6
31635050,12.2614,3585.0,0.529357,3,2662.78,1.76019,1326.0041,4.8,872.0,1.71,17.6,53,0.8,-11.7,19.5,5.5,1.0,0,,False,,0,0,False,1807.3,49,53,864.0,2.14,,,,,0.9245283018867925,1.4855727257003264,3.2310770903101975,False,False,True,17.6
469969504,12.2937,3425.0,0.550143,3,2174.67,4.72895,2120.5727,7.2,1240.0,2.11,17.6,18,0.1,-4.0,11.3,2.1,0.5,1,,False,,0,0,False,2119.6,17,18,1158.0,1.77,,,,,0.9444444444444444,2.1189152940826568,3.397964996574863,False,False,True,17.6
250383685,11.1311,3984.0,0.648279,2,2577.17,22.86387,1421.3651,2.4,2475.0,3.52,17.6,4,3.2,-4.4,15.2,3.2,2.0,0,,False,,0,0,False,2029.4,4,4,2138.0,2.3,,,,,1.0,3.9972947860216137,0.6004060567143328,False,False,True,17.6
317692759,12.4107,3489.0,0.509037,2,302.05,0.94335,3989.2706,1.05,2089.0,2.54,17.6,64,0.7,13.3,14.8,8.6,1.0,4,"00317692759-01(1:3,ntoi=2);00317692759-02(1:3,ntoi=2);00317692759-01(1:3,ntoi=2);00317692759-02(1:3,ntoi=2)",True,,0,0,False,2518.5,62,63,2143.0,1.75,,,,,0.9841269841269841,1.1756159755438091,0.8931488018562334,False,False,True,17.6
145054162,12.2974,3560.0,0.639807,2,49.72,6.52846,4106.8921,2.25,5180.0,5.02,17.3,4,0.0,-4.6,17.2,4.4,1.0,0,,False,,0,0,False,2355.2,4,4,5052.0,1.81,,,,,1.0,2.6092230196939217,0.8623256743549423,False,False,True,17.3
354606420,11.8718,3325.0,0.365383,6,2878.5,27.87357,1354.7806,3.6,2591.0,2.03,17.2,4,12.5,0.5,16.4,4.0,2.0,5,,False,,0,0,True,1632.5,4,4,2271.0,2.31,,,,,1.0,2.9136544922793792,1.2355617351128294,False,False,True,17.2
393794445,11.8298,3322.0,0.523606,5,2852.42,38.90085,1474.2335,6.3,1867.0,2.47,17.2,5,6.9,-4.8,17.7,3.4,2.0,4,,False,,0,0,False,1716.1,5,5,2350.0,1.6,,,,,1.0,4.138704322889074,1.522215531357941,False,False,True,17.2
170882537,11.8997,3298.0,0.514585,5,2852.41,24.95706,1444.8775,4.5,2394.0,2.75,17.2,5,11.4,5.4,19.3,5.4,2.0,2,,False,,0,0,False,1673.8,4,5,4072.0,1.24,,,,,0.8,3.5283975896946007,1.275366476029561,False,False,True,17.2
206603521,11.0556,3605.0,0.521561,8,2170.75,36.41179,2075.3667,4.5,1152.0,1.93,17.1,6,9.7,3.1,19.8,2.8,2.0,6,,False,,0,0,False,1111.2,5,6,1122.0,2.45,,,,,0.8333333333333334,4.037932393678899,1.114431734182681,False,False,True,17.1
192543856,10.9065,3091.0,0.425228,3,2553.87,6.87149,1544.6451,4.8,1000.0,1.47,17.1,10,4.1,1.8,13.9,3.1,1.0,2,,False,,0,0,True,1177.4,10,10,959.0,2.27,,,,,1.0,2.0213421683688053,2.3746598053082386,False,False,True,17.1
360914079,11.6542,3323.0,0.540425,5,2168.04,21.00215,2055.4778,4.5,2151.0,2.73,16.6,4,0.0,4.3,22.1,3.4,2.0,5,,False,,0,0,False,1502.6,3,4,1882.0,2.61,,,,,0.75,3.4418068940428532,1.3074527823709947,False,False,True,16.6
201289286,11.5771,3206.0,0.295999,11,2907.31,2.75174,1327.8468,7.92,349.0,0.6,16.5,88,0.6,-12.7,11.2,7.4,1.0,1,,False,,0,0,False,1379.4,82,88,319.0,2.58,,,,,0.9318181818181818,1.170229177446591,6.767905084439298,False,False,True,16.5
192543856,10.9065,3091.0,0.425228,3,2553.87,10.03718,1550.4326,3.6,1237.0,1.63,16.3,6,5.0,0.4,14.2,3.2,1.0,2,"00192543856-01(1:1,ntoi=1)",True,,0,0,False,1177.4,6,6,975.0,2.86,,,,,1.0,2.2934719560925063,1.5696725614790101,False,False,True,16.3
317692759,12.4107,3489.0,0.509037,2,302.05,0.78612,3988.9581,1.05,1775.0,2.34,16.3,79,2.0,-11.1,13.6,7.7,1.0,4,,False,,0,0,False,2518.5,76,77,1713.0,1.92,,,,,0.987012987012987,1.106294643645325,0.9491142400727623,False,False,True,16.3
192543856,10.9065,3091.0,0.425228,3,2553.87,19.13005,1546.1388,4.5,1307.0,1.68,16.2,4,3.4,-0.1,14.0,3.1,2.0,2,,False,,0,0,False,1177.4,4,4,1049.0,2.17,,,,,1.0,2.843554555721727,1.5825263457475138,False,False,True,16.2
259726904,11.9686,3382.0,0.608082,2,53.27,12.97304,4047.5032,2.25,6410.0,5.31,16.0,4,2.4,5.9,15.7,3.5,1.0,1,,False,,0,0,False,3188.8,4,4,8168.0,1.7,,,,,1.0,3.171005376379987,0.7095541422791894,False,False,True,16.0
200325560,11.7836,3986.0,0.637781,3,1901.15,14.36638,2156.8486,3.6,2584.0,3.54,15.5,5,3.4,-1.9,15.3,5.6,1.0,0,,False,,0,0,False,2084.0,5,5,2709.0,1.33,,,,,1.0,3.3866615361836403,1.0629937363202722,False,False,True,15.5
152372681,12.2223,3455.0,0.357915,4,2879.66,21.23293,1421.4629,6.0,2018.0,1.75,15.4,5,1.7,-4.9,11.2,3.5,1.0,3,,False,,0,0,False,2136.6,5,5,2514.0,1.21,,,,,1.0,2.624610548028002,2.286053450675984,False,False,True,15.4
206358152,12.3284,3297.0,0.362758,5,2907.25,3.08776,1327.8813,7.2,791.0,1.11,15.3,38,1.2,-8.1,11.8,4.4,1.0,3,,False,,0,0,False,1974.1,36,37,770.0,1.76,,,,,0.972972972972973,1.3926248449154697,5.170093027054267,False,False,True,15.3
431259116,11.1688,3435.0,0.378057,4,1815.49,12.8106,2372.346,4.2,2416.0,2.03,15.2,7,1.3,-6.1,14.7,3.4,1.0,0,,False,,0,0,False,2392.4,7,7,2401.0,2.4,,,,,1.0,2.3002214031642025,1.8259111902108411,False,False,True,15.2
418381079,11.7674,3717.0,0.544338,5,2497.85,12.38642,1603.6286,3.6,1702.0,2.45,14.7,8,4.9,0.4,14.8,4.6,1.0,2,,False,,0,0,False,1578.5,7,8,1906.0,2.07,,,,,0.875,2.9002537492326805,1.241270699487054,False,False,True,14.7
448465432,9.30379,3432.0,0.413428,4,2498.55,1.55894,1602.8891,2.25,223.0,0.67,14.7,56,1.6,-7.8,11.7,4.6,1.0,2,,False,,0,0,False,448.5,50,56,232.0,2.4,,,,,0.8928571428571429,1.209905223947811,1.8596497936081755,False,False,True,14.7
399697011,10.9342,3733.0,0.577125,5,2607.68,18.90233,1450.2954,4.8,1054.0,2.04,14.6,5,5.3,1.7,16.6,3.0,1.0,8,,False,,0,0,False,1082.6,5,5,1247.0,1.55,,,,,1.0,3.471842373353945,1.3825512462315501,False,False,True,14.6
89255038,10.3084,3906.0,0.586925,5,2879.66,28.51269,1413.1757,3.0,1054.0,2.08,14.5,4,3.2,0.3,12.4,4.0,1.0,0,,False,,0,0,False,661.7,4,4,1063.0,1.5,,,,,1.0,4.026639633245742,0.7450381144691108,False,False,True,14.5
246861224,12.487,3160.0,0.420565,3,2936.46,18.94172,1364.1105,3.15,3826.0,2.84,14.4,4,9.5,1.2,14.6,3.0,2.0,2,,False,,0,0,False,2248.8,4,4,2909.0,2.71,,,,,1.0,2.8134347654213694,1.1196278793150631,False,False,True,14.4
364788827,10.9951,3878.0,0.634044,2,1842.59,1.34698,2362.6708,4.2,500.0,1.55,14.4,36,1.5,-10.2,11.8,4.6,1.0,0,,False,,0,0,False,1042.9,32,36,460.0,2.28,,,,,0.8888888888888888,1.532527493788214,2.740570734961584,False,False,True,14.4
96373171,11.9523,3715.0,0.553009,1,25.08,2.5705,4179.6833,7.56,1998.0,2.7,14.3,9,1.1,-7.4,14.0,2.8,1.0,0,,False,,0,0,False,3552.5,9,9,1507.0,2.84,,,,,1.0,1.7352776091624544,4.356651615904209,False,False,True,14.3
66606212,12.2175,3268.0,0.258144,3,2577.17,13.31136,1411.8897,4.8,2136.0,1.3,14.3,6,3.1,-3.8,13.9,3.4,1.0,1,,False,,0,0,False,1978.3,6,6,1951.0,2.16,,,,,1.0,1.8065797053279924,2.6569544570016848,False,False,True,14.3
262531321,11.5677,3250.0,0.317125,9,2906.03,3.19004,1356.2996,7.92,349.0,0.65,14.2,57,0.1,-8.8,9.6,4.5,1.0,0,,False,,0,0,False,1215.9,55,57,313.0,2.59,,,,,0.9649122807017544,1.2871445547421452,6.15315503672128,False,False,True,14.2
466169924,12.4606,3525.0,0.407019,1,24.74,2.1257,4181.6797,3.06,2040.0,2.01,14.1,10,0.8,-7.3,14.2,3.5,1.0,0,,False,,0,0,False,2490.7,10,10,1918.0,1.32,,,,,1.0,1.3277574293813192,2.3046378293856242,False,False,True,14.1
317692759,12.4107,3489.0,0.509037,2,302.05,1.09992,3989.4488,1.2,1693.0,2.28,14.1,55,0.1,-7.8,12.4,6.8,1.0,4,,False,,0,0,False,2518.5,53,55,1725.0,2.1,,,,,0.9636363636363636,1.2373566427102627,0.9698093165536833,False,False,True,14.1
184534363,11.3939,3613.0,0.615761,4,2144.25,20.05757,2134.3086,3.0,1719.0,2.79,14.0,4,3.1,0.8,12.8,3.3,1.0,1,,False,,0,0,False,1165.8,4,4,2045.0,1.45,,,,,1.0,3.6975085373951093,0.8113571529745531,False,False,True,14.0
71335815,11.1395,3890.0,0.613898,3,2907.3,13.90363,1333.5637,4.5,1117.0,2.24,14.0,6,3.9,0.9,11.0,4.4,2.0,0,,False,,0,0,True,1310.0,6,6,1333.0,1.94,,,,,1.0,3.2657417645772338,1.3779411614263222,False,False,True,14.0
71335815,11.1395,3890.0,0.613898,3,2907.3,12.91169,1334.52,4.2,1078.0,2.2,14.0,6,3.4,2.0,13.7,3.3,2.0,0,,False,,0,0,False,1310.0,6,6,1183.0,1.9,,,,,1.0,3.1861542930688844,1.3182035813948563,False,False,True,14.0
399697011,10.9342,3733.0,0.577125,5,2607.68,26.09152,1452.9704,2.4,1637.0,2.55,13.9,4,9.6,-1.1,17.7,3.5,2.0,8,,False,,0,0,False,1082.6,4,4,1712.0,2.08,,,,,1.0,3.865639459781795,0.6208545895109093,False,False,True,13.9
399697011,10.9342,3733.0,0.577125,5,2607.68,18.90231,1450.3017,4.5,1038.0,2.03,13.9,5,4.8,1.3,10.9,4.9,2.0,8,,False,,0,0,False,1082.6,4,5,1232.0,1.52,,,,,0.8,3.4718411488687106,1.2961422504789173,False,False,True,13.9
409858786,9.57692,3711.0,0.546095,8,2879.02,33.96153,1348.0189,3.6,657.0,1.53,13.8,4,10.7,-2.6,20.9,4.8,2.0,1,,False,,0,0,False,564.6,4,4,928.0,1.9,,,,,1.0,4.068017788127782,0.8849518825867335,False,False,True,13.8
200806186,11.8548,3653.0,0.639988,5,2602.12,5.29341,1389.0014,3.6,806.0,1.98,13.7,23,2.3,-9.6,11.5,3.7,1.0,2,,False,,0,0,False,1553.7,18,23,745.0,2.72,,,,,0.782608695652174,2.433518725671112,1.4793393459535422,False,False,True,13.7
31635050,12.2614,3585.0,0.529357,3,2662.78,2.93694,1328.3291,6.0,797.0,1.63,13.7,34,1.0,-8.3,5.1,2.8,1.0,0,,False,,0,0,False,1807.3,30,34,677.0,2.66,,,,,0.8823529411764706,1.7619994114976578,3.405222476720433,False,False,True,13.7
184534363,11.3939,3613.0,0.615761,4,2144.25,18.05289,2126.7586,7.2,975.0,2.1,13.4,5,3.5,-0.1,13.2,3.5,1.0,1,,False,,0,0,False,1165.8,5,5,855.0,2.5,,,,,1.0,3.5699762363482845,2.016820147622286,False,False,True,13.4
418381079,11.7674,3717.0,0.544338,5,2497.85,21.54193,1603.6192,3.15,2082.0,2.71,13.3,4,3.6,-0.0,12.6,4.6,1.0,2,,False,,0,0,False,1578.5,3,4,2674.0,1.53,,,,,0.75,3.4877787955239636,0.9031536071159525,False,False,True,13.3
448695766,12.2394,3574.0,0.549512,5,2553.33,19.99432,1588.7485,3.6,2265.0,2.85,13.3,5,3.8,0.3,12.0,3.1,2.0,1,,False,,0,0,False,2018.7,5,5,2277.0,1.88,,,,,1.0,3.4236967774569216,1.0514949874369524,False,False,True,13.3
278708134,11.6344,3295.0,0.538779,2,2934.84,20.22764,1327.2326,2.4,6403.0,4.7,13.3,4,6.8,2.5,11.5,3.2,2.0,0,,False,,0,0,False,3995.5,4,4,8517.0,1.37,,,,,1.0,3.392062188737656,0.7075341979190398,False,False,True,13.3
184534363,11.3939,3613.0,0.615761,4,2144.25,28.77925,2139.4898,4.5,1289.0,2.41,13.2,4,3.1,1.8,12.7,3.3,1.0,1,,False,,0,0,False,1165.8,4,4,1063.0,2.08,,,,,1.0,4.1703858387743775,1.0790368502983627,False,False,True,13.2
364788827,10.9951,3878.0,0.634044,2,1842.59,1.80002,2363.5208,4.2,516.0,1.57,13.2,27,2.9,12.6,9.7,3.3,0.5,0,,False,,0,0,False,1042.9,25,27,483.0,2.17,,,,,0.9259259259259259,1.6880306798865283,2.4881064367161443,False,False,True,13.2
382248311,12.4986,3008.0,0.530243,3,2547.3,2.13534,1658.108,7.2,861.0,1.7,13.1,34,1.1,12.5,7.9,3.3,0.5,1,,False,,0,0,False,2342.7,32,34,790.0,2.63,,,,,0.9411764705882353,1.5861610039002727,4.539261766173573,False,False,True,13.1
401283888,10.2017,3575.0,0.559671,5,2527.96,15.93068,1572.8433,4.5,547.0,1.43,13.0,7,6.8,-0.7,11.4,3.7,2.0,11,"00401283888-01(1:1,ntoi=1)",True,,0,0,False,686.5,6,7,601.0,1.78,,,,,0.8571428571428571,3.212981818916196,1.4005681493454394,False,False,True,13.0
201292296,10.9008,3379.0,0.476612,5,2907.3,19.37505,1344.3434,4.2,1080.0,1.71,13.0,5,0.8,4.2,12.7,2.9,2.0,6,"00201292296-01(1:1,ntoi=1)",True,,0,0,False,1255.8,5,5,936.0,2.17,,,,,1.0,3.081289848484425,1.3630655363583626,False,False,True,13.0
120040579,10.1489,3949.0,0.619232,2,2547.32,10.19158,1658.6104,1.58,1109.0,2.25,12.8,5,2.0,4.0,11.9,4.1,1.0,1,,False,,0,0,False,931.6,5,5,1070.0,1.46,,,,,1.0,2.9615863118625376,0.5334978736467553,False,False,True,12.8
206358152,12.3284,3297.0,0.362758,5,2907.25,5.14449,1325.7813,7.2,841.0,1.15,12.7,23,1.2,-6.0,9.4,3.5,1.0,3,,False,,0,0,False,1974.1,23,23,797.0,2.06,,,,,1.0,1.6509492971198565,4.361127269359921,False,False,True,12.7
339397736,12.1099,3242.0,0.474847,8,2547.28,6.31917,1660.4146,6.3,665.0,1.34,12.5,30,0.0,-3.4,13.3,4.4,1.0,5,,False,,0,0,False,1922.4,27,30,727.0,2.5,,,,,0.9,2.115748813843164,2.977669163172697,False,False,True,12.5
166422881,10.5148,3542.0,0.54847,2,52.83,0.90784,4179.9731,3.15,307.0,1.05,12.5,48,0.9,12.2,12.6,8.6,1.0,0,,False,,0,0,False,726.1,47,48,267.0,2.06,,,,,0.9791666666666666,1.2198693434585814,2.5822437598678394,False,False,True,12.5
434479001,12.2323,3986.0,0.629455,5,1842.59,15.30503,2266.536,2.4,3635.0,4.14,12.4,4,4.5,1.3,10.5,3.5,1.0,0,,False,,0,0,False,2521.2,4,4,3797.0,1.54,,,,,1.0,3.4286999481538882,0.6999737615687922,False,False,True,12.4
448695766,12.2394,3574.0,0.549512,5,2553.33,26.01623,1596.4172,3.6,2537.0,3.02,12.3,4,3.4,-3.0,12.2,3.1,2.0,1,,False,,0,0,False,2018.7,4,4,2678.0,1.12,,,,,1.0,3.7377295067236638,0.9631515585930156,False,False,True,12.3
402042753,11.4476,3504.0,0.571603,4,2171.89,20.3595,2108.394,1.5,2279.0,2.98,12.3,4,5.0,2.6,11.8,2.9,2.0,1,,False,,0,0,False,1207.9,4,4,2241.0,1.87,,,,,1.0,3.536120014644597,0.4241937473241444,False,False,True,12.3
188087958,11.768,3407.0,0.227206,5,2554.43,21.11155,1556.5755,2.4,2442.0,1.22,12.2,4,7.4,2.4,13.3,3.4,2.0,0,,False,,0,0,False,2213.2,3,4,2380.0,1.97,,,,,0.75,1.934913395952142,1.2403655920832548,False,False,True,12.2
290358824,12.4657,3200.0,0.383328,2,2196.33,8.24664,2038.3223,6.3,2085.0,1.91,12.2,7,2.9,-0.5,12.1,2.8,1.0,0,,False,,0,0,False,3222.1,7,7,2023.0,2.05,,,,,1.0,2.0045381908172506,3.142868531445384,False,False,True,12.2
47509857,11.2861,3782.0,0.580096,2,2171.89,6.94967,2091.4648,3.6,1027.0,2.03,12.1,7,6.0,2.0,11.3,4.0,2.0,0,,False,,0,0,True,1255.3,7,7,1381.0,1.6,,,,,1.0,2.4957223535003727,1.4424681475288403,False,False,True,12.1
327015234,11.7061,3546.0,0.610575,4,2498.49,18.20829,1604.2486,6.3,1834.0,2.85,11.9,5,5.8,0.6,11.2,2.8,2.0,3,,False,,0,0,False,2334.5,5,5,2515.0,1.32,,,,,1.0,3.560060348641245,1.769632922768991,False,False,True,11.9
364788827,10.9951,3878.0,0.634044,2,1842.59,4.95983,2364.3958,3.6,767.0,1.92,11.9,12,1.2,-5.6,9.0,3.5,1.0,0,,False,,0,0,False,1042.9,12,12,825.0,1.87,,,,,1.0,2.3665198730057266,1.521221115049258,False,False,True,11.9
448695766,12.2394,3574.0,0.549512,5,2553.33,22.94039,1588.7672,3.6,2279.0,2.86,11.8,4,7.1,-0.8,11.9,3.0,2.0,1,"00448695766-01(1:2,ntoi=1)",True,,0,0,False,2018.7,4,4,2250.0,2.0,,,,,1.0,3.5842091719145706,1.004405665888354,False,False,True,11.8
37118328,12.3935,3449.0,0.455927,4,2822.29,3.22579,1468.7547,7.2,746.0,1.36,11.8,32,0.6,0.8,8.8,5.0,2.0,0,,False,,0,0,False,2211.2,29,31,637.0,2.24,,,,,0.9354838709677419,1.6456994817201185,4.3750393555902525,False,False,True,11.8
77840675,10.4724,3806.0,0.626352,3,2852.57,19.7478,1441.3986,2.4,991.0,2.15,11.8,5,4.9,2.1,10.3,3.7,2.0,0,,False,,0,0,False,1094.2,5,5,1137.0,1.35,,,,,1.0,3.7204332158470637,0.6450861662500158,False,False,True,11.8
290358824,12.4657,3200.0,0.383328,2,2196.33,5.50449,2038.3911,6.0,1654.0,1.7,11.8,10,0.2,5.9,6.6,3.1,0.5,0,,False,,0,0,False,3222.1,10,10,1446.0,2.98,,,,,1.0,1.7518396508694534,3.424970999498811,False,False,True,11.8
364788827,10.9951,3878.0,0.634044,2,1842.59,2.24613,2363.5333,4.8,487.0,1.53,11.7,21,2.0,-9.8,8.2,2.9,1.0,0,,False,,0,0,False,1042.9,20,21,473.0,2.13,,,,,0.9523809523809523,1.8173260626566503,2.6412431421267026,False,False,True,11.7
166869904,11.8343,3142.0,0.409808,5,2879.66,23.56759,1421.5256,4.2,1694.0,1.84,11.6,4,7.3,0.1,10.1,2.9,2.0,3,,False,,0,0,False,1504.0,4,4,1874.0,1.84,,,,,1.0,2.9741781144943316,1.4121548334754264,False,False,True,11.6
117798466,11.8706,3653.0,0.515383,5,2852.44,25.80311,1451.6195,3.0,1985.0,2.51,11.5,5,6.0,-1.4,11.8,4.1,2.0,0,,False,,0,0,False,1454.7,4,5,1263.0,2.87,,,,,0.8,3.571514119652316,0.8399798795397307,False,False,True,11.5
13223161,11.7111,3499.0,0.432246,4,2852.43,2.00039,1438.6588,7.2,373.0,0.91,11.3,44,0.0,3.4,7.0,2.7,2.0,3,,False,,0,0,False,1270.7,40,44,318.0,2.13,,,,,0.9090909090909091,1.3543591338049545,5.316167492275276,False,False,True,11.3
13223161,11.7111,3499.0,0.432246,4,2852.43,2.00039,1438.6588,7.2,373.0,0.91,11.3,44,0.1,3.4,11.6,6.2,2.0,3,,False,,0,0,False,1270.7,41,44,318.0,2.13,,,,,0.9318181818181818,1.3543591338049545,5.316167492275276,False,False,True,11.3
178320743,12.2987,3636.0,0.515865,4,2879.66,14.45736,1421.2323,6.3,2069.0,2.56,10.8,4,3.2,1.8,11.1,4.2,2.0,0,,False,,0,0,False,1982.1,4,4,2647.0,1.71,,,,,1.0,2.9461984812922166,2.1383488044012533,False,False,True,10.8
262531321,11.5677,3250.0,0.317125,9,2906.03,5.31646,1356.4196,7.92,327.0,0.63,10.7,38,0.6,-8.1,7.9,3.2,1.0,0,,False,,0,0,False,1215.9,38,38,280.0,2.17,,,,,1.0,1.5260524638687176,5.18986089110062,False,False,True,10.7
358108300,12.3629,3411.0,0.542359,11,2720.37,54.99633,1356.5684,4.5,1906.0,2.58,10.5,4,3.3,0.0,9.4,4.5,2.0,3,,False,,0,0,False,2134.7,4,4,1782.0,1.62,,,,,1.0,4.755294641540884,0.9463136018301151,False,False,True,10.5
125877373,12.2598,3564.0,0.47128,2,2549.69,12.55953,1609.0598,2.25,3439.0,3.02,10.5,4,3.2,-0.6,8.4,3.3,2.0,0,,False,,0,0,False,2815.2,4,4,3272.0,1.89,,,,,1.0,2.6467855992734495,0.8500877444012207,False,False,True,10.5
178945595,10.5502,3964.0,0.631184,5,2852.45,18.31407,1438.305,4.2,553.0,1.62,10.4,7,5.1,1.5,9.0,4.6,2.0,0,,False,,0,0,False,921.4,6,7,654.0,2.48,,,,,0.8571428571428571,3.64676046727299,1.1517071213456245,False,False,True,10.4
98672442,12.4363,3772.0,0.552628,1,25.79,6.21572,4268.7954,3.06,2358.0,2.93,10.3,4,3.6,1.6,10.3,2.7,1.0,0,,False,,0,0,False,2391.5,4,4,1812.0,2.43,,,,,1.0,2.3280592650791267,1.3143995283539296,False,False,True,10.3
269768590,11.0669,3481.0,0.436163,3,1105.96,2.31755,3127.8919,4.2,370.0,0.91,10.3,27,0.6,-6.0,6.2,3.1,0.5,0,,False,,0,0,False,954.6,26,27,340.0,2.45,,,,,0.9629629629629629,1.4310359555110133,2.9349367385393252,False,False,True,10.3
25003158,11.7144,3212.0,0.225864,2,1872.19,3.16493,2116.2975,6.0,511.0,0.56,10.1,21,0.2,-4.9,7.9,5.3,1.0,1,,False,,0,0,False,1304.0,20,21,482.0,1.74,,,,,0.9523809523809523,1.0238295822383485,5.860350300567106,False,False,True,10.1
178364643,12.1812,3451.0,0.569816,2,54.91,1.28598,4236.9,4.2,709.0,1.66,9.9,29,0.3,-6.6,10.3,4.9,1.0,0,,False,,0,0,False,1855.2,25,29,604.0,2.32,,,,,0.8620689655172413,1.4053229066870006,2.9886369744739683,False,False,True,9.9
125877373,12.2598,3564.0,0.47128,2,2549.69,13.01261,1608.6286,2.25,3332.0,2.97,9.9,4,3.7,-4.9,8.8,3.6,2.0,0,,False,,0,0,False,2815.2,4,4,2838.0,2.06,,,,,1.0,2.678237613907766,0.8401046973263389,False,False,True,9.9
201289286,11.5771,3206.0,0.295999,11,2907.31,43.81144,1348.3781,3.06,1538.0,1.27,9.8,4,3.0,-0.5,9.9,3.5,2.0,1,,False,,0,0,False,1379.4,4,4,1330.0,2.21,,,,,1.0,2.9439536347129938,1.0394185437972496,False,False,True,9.8
166422881,10.5148,3542.0,0.54847,2,52.83,1.36152,4180.8513,4.2,255.0,0.96,9.8,32,1.9,-8.2,9.9,6.1,1.0,0,,False,,0,0,False,726.1,31,32,236.0,2.51,,,,,0.96875,1.3963197715714561,3.0079069891513504,False,False,True,9.8
389727431,11.8197,3397.0,0.409951,8,2905.98,13.80564,1354.5065,6.3,717.0,1.2,9.7,10,1.9,-0.6,9.8,3.0,2.0,2,,False,,0,0,True,1563.2,9,10,677.0,2.49,,,,,0.9,2.48913494687284,2.5309997788247043,False,False,True,9.7
97468763,10.7898,3360.0,0.379418,4,2174.62,14.33784,2128.9709,6.0,664.0,1.07,9.7,5,3.8,1.3,10.1,2.9,2.0,2,,False,,0,0,False,871.2,4,4,530.0,2.27,,,,,1.0,2.3939486148071523,2.506319460195823,False,False,True,9.7
290521044,12.2374,3365.0,0.30844,4,2196.33,14.28134,2048.0222,1.5,3225.0,1.91,9.7,5,5.7,0.2,9.4,4.1,2.0,0,,False,,0,0,False,2419.1,4,5,4792.0,1.81,,,,,0.8,2.082468351388318,0.7202990619281181,False,False,True,9.7
308080435,12.4766,3259.0,0.384921,2,2554.47,1.63263,1545.8287,6.0,701.0,1.11,9.7,26,2.5,-4.9,6.4,2.9,1.0,0,,False,,0,0,False,1998.5,24,26,635.0,2.03,,,,,0.9230769230769231,1.1715260638374674,5.121524979432651,False,False,True,9.7
401703809,12.4121,3680.0,0.422961,6,2114.81,28.75078,2054.8525,4.2,3584.0,2.76,9.5,5,4.1,-1.5,8.6,3.7,2.0,0,,False,,0,0,False,4294.1,5,5,2511.0,2.22,,,,,1.0,3.245575532192231,1.2940694056696629,False,False,True,9.5
279370312,11.5255,3238.0,0.274793,5,2904.62,9.98898,1387.1598,6.0,534.0,0.69,9.5,14,0.3,-1.3,8.1,3.0,1.0,0,,False,,0,0,False,1200.7,14,14,449.0,2.84,,,,,1.0,1.7115350033312628,3.505625060733109,False,False,True,9.5
257431831,12.4168,3880.0,0.555391,3,2146.05,1.21273,2145.807,1.5,1288.0,2.17,9.5,49,1.9,-4.6,8.8,5.3,1.0,0,,False,,0,0,False,2946.7,42,49,1414.0,2.8,,,,,0.8571428571428571,1.3547595660125133,1.1072075352934951,False,False,True,9.5
379773579,11.3759,3488.0,0.423353,2,2497.9,5.97807,1606.7794,1.8,1985.0,2.06,9.5,6,3.3,-2.5,9.2,3.9,1.0,0,,False,,0,0,False,1779.7,6,6,1814.0,1.83,,,,,1.0,1.923964497448299,0.9355681990947807,False,False,True,9.5
268813663,11.7477,3332.0,0.276053,5,2547.31,38.23324,1657.259,0.75,3565.0,1.8,9.4,4,6.3,-0.3,10.0,4.4,2.0,2,,False,,0,0,False,1373.6,3,4,3816.0,1.96,,,,,0.75,2.685449413155354,0.2792828627960501,False,False,True,9.4
287301013,9.39388,3713.0,0.62031,4,2554.87,21.22968,1560.4474,3.15,380.0,1.32,9.4,4,5.4,0.2,10.2,4.3,2.0,0,,False,,0,0,False,381.2,3,4,360.0,2.35,,,,,0.75,3.7867092889922462,0.8318568338892228,False,False,True,9.4
395326726,10.9082,3646.0,0.501605,3,2497.87,13.64181,1611.2225,3.6,838.0,1.58,9.4,4,5.2,-1.0,9.4,3.2,2.0,0,,False,,0,0,True,831.7,4,4,624.0,2.88,,,,,1.0,2.836221843347598,1.2692942226800261,False,False,True,9.4
37118328,12.3935,3449.0,0.455927,4,2822.29,22.81705,1468.7422,4.2,1850.0,2.14,9.3,5,3.3,-0.6,8.3,3.7,1.0,0,,False,,0,0,False,2211.2,5,5,1807.0,2.03,,,,,1.0,3.159063337140243,1.3295080065732616,False,False,True,9.3
308243585,12.0915,3364.0,0.44085,4,2879.66,24.65185,1421.4193,4.5,1590.0,1.92,9.2,4,5.7,2.8,8.9,4.4,2.0,0,,False,,0,0,False,1733.4,4,4,2236.0,1.2,,,,,1.0,3.1697039151175668,1.4196909618395988,False,False,True,9.2
306344182,10.8053,3554.0,0.54177,4,2904.62,4.17288,1386.417,6.3,234.0,0.91,8.9,25,0.7,-0.8,7.6,4.0,1.0,2,,False,,0,0,False,795.8,24,25,223.0,2.05,,,,,0.96,2.011701598988295,3.1316771847118545,False,False,True,8.9
262531321,11.5677,3250.0,0.317125,9,2906.03,13.8649,1360.4321,7.56,377.0,0.67,8.7,18,0.8,-4.6,5.8,2.8,1.0,0,,False,,0,0,True,1215.9,18,18,394.0,1.5,,,,,1.0,2.100555664136195,3.599047684893833,False,False,True,8.7
306344182,10.8053,3554.0,0.54177,4,2904.62,15.98227,1392.6608,3.0,700.0,1.56,8.6,5,4.3,1.8,9.3,3.0,2.0,2,,False,,0,0,False,795.8,5,5,886.0,1.25,,,,,1.0,3.147490419958198,0.953140311715339,False,False,True,8.6
166422881,10.5148,3542.0,0.54847,2,52.83,2.27271,4181.7263,4.2,273.0,0.99,8.6,21,0.7,-7.2,8.8,5.0,1.0,0,,False,,0,0,False,726.1,21,21,280.0,1.76,,,,,1.0,1.6563732956171962,2.5356602953653633,False,False,True,8.6
178364643,12.1812,3451.0,0.569816,2,54.91,3.86416,4236.8406,3.15,1109.0,2.07,8.5,10,1.1,-5.7,9.0,3.9,1.0,0,,False,,0,0,False,1855.2,10,10,1089.0,1.33,,,,,1.0,2.0279150300591158,1.5533195194614116,False,False,True,8.5
412066335,9.1473,3854.0,0.431388,7,2168.04,50.70205,2065.6956,0.5,1313.0,1.71,8.4,4,4.5,-0.9,8.4,4.0,2.0,0,,False,,0,0,False,660.0,4,4,1130.0,2.26,,,,,1.0,3.973094002476481,0.12584650644770637,False,False,True,8.4
308080435,12.4766,3259.0,0.384921,2,2554.47,3.26528,1545.8287,6.0,843.0,1.22,8.4,12,1.6,5.4,6.5,3.0,0.5,0,,False,,0,0,False,1998.5,12,12,831.0,1.55,,,,,1.0,1.4760333619276855,4.06494877064571,False,False,True,8.4
257484286,12.032,3902.0,0.570711,2,1872.19,3.09775,2116.6787,2.1,782.0,1.74,8.2,21,3.4,-1.0,7.0,6.2,1.0,0,,False,,0,0,False,1445.0,20,21,761.0,2.41,,,,,0.9523809523809523,1.8858243746562349,1.1135713527845386,False,False,True,8.2
148612264,12.2802,3273.0,0.299788,3,2554.6,9.54488,1545.1754,4.5,1129.0,1.1,8.1,7,1.6,2.4,7.7,4.5,1.0,0,,False,,0,0,False,1815.5,7,7,1276.0,1.76,,,,,1.0,1.786520270108606,2.5188631079603905,False,False,True,8.1
211948452,11.6146,3626.0,0.463731,1,24.26,2.67334,4153.632,2.04,1670.0,2.07,7.9,8,3.3,1.6,8.0,4.4,1.0,0,,False,,0,0,False,2142.2,8,8,1474.0,2.33,,,,,1.0,1.5634012166609137,1.3048473918659205,False,False,True,7.9
272649679,11.8019,3162.0,0.291077,6,2526.98,26.39676,1582.5325,3.0,1730.0,1.32,7.9,4,3.0,1.0,6.9,4.8,2.0,1,,False,,0,0,False,1658.0,4,4,1910.0,1.41,,,,,1.0,2.4588409014752592,1.2200870736289018,False,False,True,7.9
423750384,12.3556,3745.0,0.510425,2,1872.19,17.35416,2119.3224,2.4,2752.0,2.92,7.9,4,3.7,-1.4,8.0,2.7,2.0,0,,False,,0,0,False,2677.4,4,4,2157.0,2.74,,,,,1.0,3.1090720369229343,0.7719345102004433,False,False,True,7.9
218925869,11.5226,3929.0,0.613414,3,2196.32,21.81635,2037.9038,4.2,1103.0,2.22,7.8,4,4.8,-0.1,6.9,4.8,2.0,0,,False,,0,0,False,1323.7,4,4,1320.0,2.21,,,,,1.0,3.7929004770769112,1.1073319812590574,False,False,True,7.8
219223683,12.2643,3203.0,0.258097,6,2602.13,46.77402,1392.7508,4.5,1324.0,1.02,7.7,4,3.7,0.3,6.9,4.3,2.0,4,,False,,0,0,False,1764.0,4,4,928.0,2.81,,,,,1.0,2.7461979000645993,1.6386291752295585,False,False,True,7.7
77896213,11.8323,3351.0,0.331554,3,2116.33,17.07259,2180.7135,3.6,1047.0,1.17,7.5,5,3.5,0.2,6.5,3.8,2.0,0,,False,,0,0,False,1452.7,5,5,920.0,1.78,,,,,1.0,2.3192324495400922,1.5522376813561256,False,False,True,7.5
244256833,11.8457,3201.0,0.246413,3,2607.63,28.72422,1452.9706,6.3,906.0,0.81,7.5,4,0.2,2.1,6.2,3.6,2.0,0,,False,,0,0,False,1440.0,4,4,1001.0,1.49,,,,,1.0,2.2632548145667357,2.7836017223743474,False,False,True,7.5
322736687,10.426,3224.0,0.282965,2,52.93,3.01997,4208.5713,4.8,240.0,0.48,7.5,15,0.9,-0.9,7.9,3.1,0.5,0,,False,,0,0,False,703.3,13,15,197.0,2.75,,,,,0.8666666666666667,1.1713795851464908,4.097732332768732,False,False,True,7.5
244256833,11.8457,3201.0,0.246413,3,2607.63,4.53514,1442.5644,7.2,412.0,0.55,7.4,19,2.2,-0.9,6.7,4.0,0.5,0,,False,,0,0,True,1440.0,18,19,354.0,2.72,,,,,0.9473684210526315,1.2232473142219114,5.885972457319318,False,False,True,7.4
244256833,11.8457,3201.0,0.246413,3,2607.63,17.5076,1447.0456,6.3,785.0,0.75,7.3,5,3.3,-0.7,6.2,3.4,2.0,0,,False,,0,0,False,1440.0,5,5,728.0,1.96,,,,,1.0,1.9189319623747871,3.2830762755149445,False,False,True,7.3
90910771,12.0849,3982.0,0.609511,1,25.08,0.75761,4180.0164,1.02,942.0,2.04,7.2,29,0.0,5.1,7.1,6.2,1.0,1,"00090910771-01(1:2,ntoi=1)",True,,0,0,False,1594.9,25,29,998.0,1.9,,,,,0.8620689655172413,1.2321906019975843,0.8277940103961283,False,False,True,7.2
412226318,12.3157,3419.0,0.602077,2,52.67,7.61859,4049.4203,6.0,1549.0,2.59,7.2,6,3.7,0.4,7.5,4.0,1.0,0,,False,,0,0,False,2965.0,6,6,1254.0,2.69,,,,,1.0,2.6379578549033877,2.2744866787190365,False,False,True,7.2
234509975,11.4201,3476.0,0.419224,7,2879.01,44.77177,1347.3054,4.5,733.0,1.24,7.1,4,3.8,-1.0,7.3,3.2,2.0,5,,False,,0,0,False,1086.8,4,4,670.0,2.21,,,,,1.0,3.739731941076269,1.2032948005104696,False,False,True,7.1
418096656,9.79122,3266.0,0.30505,5,2555.42,22.84839,1535.4267,3.0,290.0,0.57,7.1,6,4.6,1.7,7.4,4.0,2.0,0,,False,,0,0,False,447.0,5,6,319.0,1.99,,,,,0.8333333333333334,2.4177284146734292,1.2408341572993509,False,False,True,7.1
10863087,10.3909,3296.0,0.405366,3,2602.12,25.93065,1407.0841,1.58,230100.0,21.21,1829.3,2,8.4,-27.4,1292.4,3.9,1.0,7,,False,,0,0,False,10270.2,2,2,225634.0,1.0,,,,,1.0,3.048205961642524,0.5183376779266641,False,False,False,1829.3
10863087,10.3909,3296.0,0.405366,3,2602.12,51.14125,1417.1622,1.58,223574.0,20.91,1819.6,2,0.0,-4.1,1292.4,3.9,2.0,7,,False,,0,0,False,10270.2,2,2,218635.0,1.02,,,,,1.0,3.822641936975978,0.41332670599274307,False,False,False,1819.6
10863087,10.3909,3296.0,0.405366,3,2602.12,40.0235,1412.7185,1.58,217900.0,20.64,1815.5,2,0.0,21.4,1292.4,3.9,2.0,7,,False,,0,0,False,10270.2,2,2,212415.0,1.01,,,,,1.0,3.5227205685739884,0.44851698261142253,False,False,False,1815.5
124350360,9.19014,3471.0,0.628084,5,2548.82,8.55811,1629.71,1.58,58646.0,16.59,1801.3,13,1744.2,1.0,969.3,2.9,2.0,5,"00124350360-01(2:1,ntoi=1);00124350360-01(2:1,ntoi=1);00124350360-01(1:1,ntoi=1)",True,,0,0,False,7189.7,10,13,436.0,275.8,,,,,0.7692307692307693,2.8206296636011166,0.5601586129470125,False,False,False,1801.3
124350360,9.19014,3471.0,0.628084,5,2548.82,5.70543,1629.7006,1.12,45598.0,14.63,1466.4,19,241.9,0.0,1218.7,4.3,0.5,5,"00124350360-01(3:1,ntoi=1);00124350360-01(3:1,ntoi=1)",True,,0,0,False,7189.7,12,19,217.0,612.87,,,,,0.631578947368421,2.4640503314342075,0.4545361698630973,False,False,False,1466.4
382552502,10.6505,3265.0,0.467062,7,2602.12,0.57692,1386.3404,6.3,8952.0,4.82,990.9,296,181.6,-302.4,715.6,9.2,0.5,29,,False,,0,0,False,6639.6,294,296,3732.0,4.07,,,,,0.9932432432432432,0.9422435692271148,6.6861692727366036,False,False,False,990.9
319558877,12.4489,3915.0,0.615245,12,1081.57,0.62049,2964.3022,4.68,17258.0,8.82,778.8,448,0.0,-223.5,625.8,10.4,1.0,7,"00319558877-01(1:1,ntoi=3);00319558877-02(1:1,ntoi=3);00319558877-03(1:2,ntoi=3);00319558877-01(1:1,ntoi=2);00319558877-02(1:1,ntoi=2);00319558877-01(1:1,ntoi=1)",True,,0,0,False,12722.6,446,447,12320.0,3.27,,,,,0.9977628635346756,1.160072908941579,4.034229197085477,False,False,False,778.8
57830249,11.9619,3085.0,0.493916,6,2553.61,20.1066,1573.709,4.2,121632.0,18.79,770.2,6,76.4,-18.0,1342.1,4.3,2.0,17,,False,,0,0,False,45375.6,5,6,1759.0,243.11,,,,,0.8333333333333334,3.194649648048941,1.314698155575543,False,False,False,770.2
57830249,11.9619,3085.0,0.493916,6,2553.61,20.83124,1572.9965,4.8,96358.0,16.73,702.7,6,58.4,-11.2,1234.0,3.7,2.0,17,"00057830249-05(2:1,ntoi=6)",True,,0,0,False,45375.6,6,6,15542.0,26.18,,,,,1.0,3.2325759055297802,1.4848839254753208,False,False,False,702.7
57830249,11.9619,3085.0,0.493916,6,2553.61,13.5863,1572.9715,4.8,130100.0,19.44,694.8,3,556.6,91.7,1166.7,3.4,2.0,17,,False,,0,0,True,45375.6,3,3,191483.0,1.58,,,,,1.0,2.803350651665937,1.7122367468184976,False,False,False,694.8
99028319,10.8065,3426.0,0.53299,4,2552.53,1.56674,1573.7494,1.58,23155.0,8.85,677.8,55,150.4,-3.5,405.8,3.6,1.0,9,"00099028319-01(3:1,ntoi=2);00099028319-01(3:1,ntoi=2);00099028319-01(3:1,ntoi=1);00099028319-01(3:1,ntoi=2);00099028319-01(3:1,ntoi=1)",True,,0,0,False,8426.6,36,54,435.0,196.76,,,,,0.6666666666666666,1.435555470166219,1.100619260513184,False,False,False,677.8
319871468,11.6552,3785.0,0.602101,1,24.58,0.65968,4180.1732,7.92,29339.0,11.25,587.1,34,4.4,0.0,504.6,6.2,1.0,1,,False,,0,0,False,18399.5,34,34,11394.0,1.73,,,,,1.0,1.1670755358688847,6.7861931439626835,False,False,False,587.1
57830249,11.9619,3085.0,0.493916,6,2553.61,19.0453,1574.7715,4.8,62901.0,13.51,562.9,7,48.0,-23.7,1032.0,2.7,2.0,17,,False,,0,0,False,45375.6,5,7,7929.0,49.8,,,,,0.7142857142857143,3.1374221864728566,1.5299184217844273,False,False,False,562.9
333603501,11.7093,3664.0,0.559513,4,2602.12,0.55267,1386.1548,4.5,14185.0,7.27,562.4,176,6.4,-260.6,167.2,4.1,1.0,5,,False,,0,0,False,9457.3,175,175,7512.0,3.03,,,,,1.0,1.047700244779459,4.295121646122408,False,False,False,562.4
152475404,11.2541,3102.0,0.234699,3,2577.17,0.85715,1411.7433,3.6,13410.0,2.97,561.7,99,13.4,688.0,769.1,9.2,1.0,3,"00152475404-01(1:2,ntoi=1);00152475404-01(1:2,ntoi=1)",True,,0,0,False,12997.8,94,99,1593.0,16.78,,,,,0.9494949494949495,0.6795708317006494,5.297461032856393,False,False,False,561.7
197960398,11.468,3244.0,0.461552,9,2198.29,1.22593,2062.3925,7.92,8204.0,4.56,542.8,157,5.1,-221.7,358.7,11.6,1.0,11,,False,,0,0,False,5568.3,157,157,6140.0,3.08,,,,,1.0,1.20183249743401,6.589936631693444,False,False,False,542.8
117748478,10.7334,3374.0,0.56081,4,2822.01,0.58715,1438.6821,7.2,6276.0,4.85,510.3,185,5.3,0.0,432.7,3.6,1.0,5,,False,,0,0,False,11987.6,121,185,3962.0,3.4,,,,,0.654054054054054,1.0707016743485815,6.724562193647921,False,False,False,510.3
319871468,11.6552,3785.0,0.602101,1,24.58,0.65492,4180.2482,7.92,24796.0,10.34,496.1,34,2.8,0.0,232.2,2.2,1.0,1,,False,,0,0,False,18399.5,34,34,9299.0,1.8,,,,,1.0,1.1642616993790034,6.802594300082522,False,False,False,496.1
319871468,11.6552,3785.0,0.602101,1,24.58,0.66624,4180.0532,7.92,24212.0,10.22,484.5,33,8.6,-48.9,233.4,2.2,1.0,1,,False,,0,0,False,18399.5,33,33,8960.0,2.3,,,,,1.0,1.1709313331767546,6.763846671104888,False,False,False,484.5
229147922,12.2264,3225.0,0.347371,9,2878.49,1.0252,1354.3457,6.12,12254.0,4.2,475.3,195,8.1,19.1,44.8,2.6,1.0,13,,False,,0,0,False,8406.6,194,195,5652.0,4.21,,,,,0.9948717948717949,0.9368574882924068,6.532477005819544,False,False,False,475.3
229147922,12.2264,3225.0,0.347371,9,2878.49,1.02519,1354.3457,6.12,12222.0,4.19,474.4,195,7.9,17.5,47.7,2.9,1.0,13,,False,,0,0,False,8406.6,193,194,5798.0,4.1,,,,,0.9948453608247423,0.9368544421858443,6.532498245640994,False,False,False,474.4
229147922,12.2264,3225.0,0.347371,9,2878.49,1.02519,1354.3457,6.12,12213.0,4.19,473.9,195,8.2,16.7,437.8,9.6,1.0,13,,False,,0,0,False,8406.6,193,194,5783.0,4.11,,,,,0.9948453608247423,0.9368544421858443,6.532498245640994,False,False,False,473.9
382552502,10.6505,3265.0,0.467062,7,2602.12,1.73073,1387.5029,4.5,6888.0,4.23,471.4,94,108.4,-386.8,385.9,4.4,0.5,29,,False,,0,0,False,6639.6,94,94,5084.0,3.86,,,,,1.0,1.3589425310421597,3.3113983094995154,False,False,False,471.4
65347864,11.4081,3162.0,0.516175,5,2904.62,0.64014,1386.247,4.2,8882.0,5.31,469.3,191,5.2,682.8,468.8,10.0,1.0,26,"00065347864-01(1:2,ntoi=3);00065347864-03(1:2,ntoi=3);00065347864-01(1:2,ntoi=4);00065347864-03(1:2,ntoi=4);00065347864-04(1:2,ntoi=4);00065347864-01(1:2,ntoi=6);00065347864-02(1:2,ntoi=6);00065347864-01(1:2,ntoi=5);00065347864-02(1:2,ntoi=5);00065347864-01(1:2,ntoi=5);00065347864-02(1:2,ntoi=5)",True,,0,0,False,13033.3,185,190,7134.0,3.47,,,,,0.9736842105263158,1.0427125326932205,4.027955805951452,False,False,False,469.3
148611095,12.0816,3452.0,0.441394,4,2554.41,0.69107,1544.9039,1.2,26757.0,7.88,444.2,120,18.8,-5.7,237.2,4.0,1.0,14,,False,,0,0,False,14614.3,79,120,548.0,187.57,,,,,0.6583333333333333,0.9636809138995938,1.2452254503455158,False,False,False,444.2
220556639,11.4982,3254.0,0.588476,7,2662.78,0.53692,1325.729,4.8,6276.0,5.09,419.5,327,0.2,-57.0,255.9,7.0,1.0,6,,False,,0,0,False,7549.0,254,327,2912.0,5.85,,,,,0.7767584097859327,1.0731588009966737,4.472776997721214,False,False,False,419.5
303653327,11.52,3206.0,0.501936,3,320.4,0.90285,3831.7335,4.8,18632.0,7.47,416.5,75,15.4,492.4,394.4,3.4,1.0,5,,False,,0,0,False,33360.6,49,75,13474.0,4.3,,,,,0.6533333333333333,1.1477458340215927,4.1821105838226,False,False,False,416.5
178155030,12.169,3224.0,0.4054,8,2904.61,0.50282,1386.2653,6.3,9170.0,4.24,415.6,378,9.9,0.0,313.5,5.2,1.0,24,,False,,0,0,False,17716.3,246,378,4427.0,4.41,,,,,0.6507936507936508,0.8189705875715397,7.692583953083266,False,False,False,415.6
57830249,11.9619,3085.0,0.493916,6,2553.61,4.01946,1573.734,4.2,22408.0,8.07,403.2,32,31.2,-9.4,1016.9,2.6,1.0,17,,False,,0,0,False,45375.6,22,32,1338.0,320.64,,,,,0.6875,1.8679543609189955,2.2484489385135116,False,False,False,403.2
411956826,10.9998,3417.0,0.615761,5,2547.29,0.86253,1657.6583,7.2,5529.0,5.0,385.6,126,2.1,-91.2,376.3,5.9,1.0,7,,False,,0,0,False,4739.4,125,126,2842.0,3.48,,,,,0.9920634920634921,1.2954117034366777,5.558078548231945,False,False,False,385.6
139285669,11.2678,3407.0,0.527264,5,2934.84,0.69842,1325.7632,3.6,19921.0,8.12,380.5,165,13.0,490.5,289.9,9.7,1.0,3,"00139285669-01(1:1,ntoi=1);00139285669-01(1:1,ntoi=2);00139285669-02(1:1,ntoi=2)",True,,0,0,False,22036.6,162,164,15560.0,6.17,,,,,0.9878048780487805,1.0887611019796601,3.3065104855915894,False,False,False,380.5
148611095,12.0816,3452.0,0.441394,4,2554.41,1.61249,1545.3696,1.05,35609.0,9.09,376.1,53,3.4,-11.3,225.4,3.7,1.0,14,"00148611095-02(3:1,ntoi=3);00148611095-01(3:1,ntoi=3);00148611095-01(3:1,ntoi=3);00148611095-02(3:1,ntoi=3);00148611095-01(3:1,ntoi=2);00148611095-02(3:1,ntoi=2);00148611095-01(3:1,ntoi=2);00148611095-02(3:1,ntoi=2);00148611095-01(3:1,ntoi=2);00148611095-02(3:1,ntoi=2);00148611095-01(3:1,ntoi=2);00148611095-02(3:1,ntoi=2)",True,,0,0,False,14614.3,36,53,554.0,206.6,,,,,0.6792452830188679,1.2781787340263293,0.8214813562829711,False,False,False,376.1
459944057,11.6136,3792.0,0.617576,2,1871.43,0.52152,2174.666,6.0,16251.0,8.59,375.8,117,13.2,-123.1,303.7,7.8,1.0,0,,False,,0,0,False,13706.9,116,117,8058.0,3.35,,,,,0.9914529914529915,1.097553140793363,5.466705690134437,False,False,False,375.8
118807628,10.2562,3293.0,0.559467,6,2547.33,1.62519,1658.5212,7.2,4058.0,3.89,368.5,84,8.0,51.0,454.2,6.0,2.0,29,,False,,0,0,False,3729.9,82,83,1947.0,5.51,,,,,0.9879518072289156,1.5009261507390732,4.797038146383576,False,False,False,368.5
176842025,10.7617,3363.0,0.610473,5,2879.66,0.67812,1411.407,6.3,4059.0,4.24,336.2,186,23.7,-33.3,308.4,2.6,1.0,4,,False,,0,0,False,8852.9,118,185,1388.0,9.53,,,,,0.6378378378378379,1.1887434006692084,5.299713963882691,False,False,False,336.2
201878287,11.1535,2993.0,0.185289,7,2633.97,0.93804,1355.0548,4.2,5009.0,1.43,333.8,184,2.0,417.1,416.7,8.6,1.0,11,"00201878287-03(1:2,ntoi=5);00201878287-04(1:2,ntoi=5);00201878287-02(1:2,ntoi=5);00201878287-01(1:2,ntoi=5);00201878287-05(1:2,ntoi=5);00201878287-01(1:2,ntoi=2);00201878287-02(1:2,ntoi=2);00201878287-01(1:2,ntoi=2);00201878287-02(1:2,ntoi=2)",True,,0,0,False,5236.6,181,184,2849.0,3.7,,,,,0.9836956521739131,0.5982028874555071,7.021029299716288,False,False,False,333.8
2055498684,12.1681,3668.0,0.475259,3,2198.28,13.37088,2068.0469,3.15,28051.0,8.68,325.5,3,225.7,1.3,326.6,2.8,2.0,0,,False,,0,0,False,6249.9,3,3,8014.0,6.55,,,,,1.0,2.7177855859440014,1.1590318295495237,False,False,False,325.5
66932406,10.4852,3591.0,0.64189,4,2528.11,0.94962,1571.5076,4.2,5249.0,5.07,323.0,98,4.3,401.4,251.2,4.8,1.0,2,,False,,0,0,False,7212.2,72,98,4549.0,3.04,,,,,0.7346938775510204,1.3751982726775092,3.054105057754767,False,False,False,323.0
229147922,12.2264,3225.0,0.347371,9,2878.49,2.05039,1354.3457,6.12,10790.0,3.94,321.4,99,1.1,350.2,210.5,4.0,0.5,13,,False,,0,0,False,8406.6,98,99,5883.0,4.04,,,,,0.98989898989899,1.1803645513274736,5.184838864499331,False,False,False,321.4
2055498684,12.1681,3668.0,0.475259,3,2198.28,12.97231,2068.0469,3.15,27447.0,8.59,321.4,3,268.4,-4.0,333.1,2.9,2.0,0,,False,,0,0,False,6249.9,2,3,7677.0,6.84,,,,,0.6666666666666666,2.690508076662885,1.1707825846436544,False,False,False,321.4
32816814,11.7235,3300.0,0.576305,5,2822.29,0.96093,1469.1485,6.3,7187.0,5.33,310.7,134,13.2,446.9,178.7,5.6,1.0,4,,False,,0,0,False,12584.9,99,133,4467.0,3.58,,,,,0.7443609022556391,1.2849132367331555,4.903054789923028,False,False,False,310.7
293963713,11.6645,3301.0,0.385324,5,2469.79,1.02085,1629.6564,7.2,7646.0,3.68,309.3,112,2.3,6.1,237.7,7.1,1.0,11,,False,,0,0,False,5449.4,111,111,4705.0,3.74,,,,,1.0,1.0024890672151252,7.182123212576586,False,False,False,309.3
139285669,11.2678,3407.0,0.527264,5,2934.84,1.04698,1325.81,3.15,19616.0,8.06,306.6,111,6.0,-263.9,241.3,7.8,1.0,3,,False,,0,0,False,22036.6,109,111,17682.0,5.05,,,,,0.9819819819819819,1.2460625278351372,2.527963027242857,False,False,False,306.6
2055498684,12.1681,3668.0,0.475259,3,2198.28,12.38176,2068.0656,2.25,28687.0,8.78,298.2,5,247.5,0.9,306.5,2.5,2.0,0,,False,,0,0,False,6249.9,2,5,-98.0,,,,,,0.4,2.649044910523794,0.8493627235466947,False,False,False,298.2
139914420,12.4193,3274.0,0.458134,3,2907.31,0.74833,1325.545,4.2,18177.0,6.74,288.7,95,5.6,398.5,249.2,6.2,1.0,2,,False,,0,0,False,21879.6,95,95,15210.0,3.36,,,,,1.0,1.0144586787089083,4.140139059528082,False,False,False,288.7
148611095,12.0816,3452.0,0.441394,4,2554.41,2.07321,1546.2758,1.05,30754.0,8.44,274.9,37,33.6,-13.2,211.9,3.8,1.0,14,,False,,0,0,False,14614.3,26,37,595.0,188.69,,,,,0.7027027027027027,1.38986838398514,0.7554672169672335,False,False,False,274.9
251846450,12.0114,3034.0,0.366397,6,2936.45,0.53958,1354.576,6.3,6653.0,3.26,272.3,241,6.1,-41.4,259.6,4.0,1.0,3,,False,,0,0,False,11994.8,157,241,2655.0,7.07,,,,,0.6514522821576764,0.7837812105609395,8.037957423719295,False,False,False,272.3
251846450,12.0114,3034.0,0.366397,6,2936.45,0.5047,1354.3885,6.3,6541.0,3.23,267.7,258,5.9,0.0,255.2,4.0,1.0,3,,False,,0,0,False,11994.8,159,256,2336.0,7.41,,,,,0.62109375,0.7665150181767338,8.219017045465666,False,False,False,267.7
201878287,11.1535,2993.0,0.185289,7,2633.97,1.40807,1355.0048,4.2,4697.0,1.39,263.3,122,8.0,-209.4,326.3,6.5,1.0,11,"00201878287-03(1:3,ntoi=5);00201878287-04(1:3,ntoi=5);00201878287-02(1:3,ntoi=5);00201878287-01(1:3,ntoi=5);00201878287-05(1:3,ntoi=5);00201878287-01(1:3,ntoi=2);00201878287-02(1:3,ntoi=2);00201878287-01(1:3,ntoi=2);00201878287-02(1:3,ntoi=2)",True,,0,0,False,5236.6,105,121,3426.0,3.1,,,,,0.8677685950413223,0.6849351709818686,6.131967196222694,False,False,False,263.3
220044948,9.21204,3468.0,0.463636,3,2577.38,0.58127,1468.7503,6.3,1636.0,2.05,261.9,144,7.1,-77.1,203.7,4.8,1.0,12,,False,,0,0,False,2785.7,102,144,1025.0,3.9,,,,,0.7083333333333334,0.9399809034368645,6.702263819366146,False,False,False,261.9
34945703,11.3524,3910.0,0.610212,4,2554.66,0.74106,1544.6991,6.3,4923.0,4.67,259.8,122,31.8,-104.5,179.2,6.0,0.5,8,,False,,0,0,False,4384.4,106,122,3525.0,3.64,,,,,0.8688524590163934,1.224089710487934,5.146681608400057,False,False,False,259.8
229147922,12.2264,3225.0,0.347371,9,2878.49,3.07558,1354.3457,6.12,10059.0,3.8,250.2,65,7.2,-47.6,233.1,4.6,1.0,13,,False,,0,0,False,8406.6,64,64,6103.0,3.83,,,,,1.0,1.3511793811015889,4.5293763993130876,False,False,False,250.2
178284729,12.2688,3968.0,0.623034,5,2879.65,0.74533,1411.2042,1.05,29967.0,11.77,246.4,141,33.4,-1.2,159.5,5.6,1.0,7,"00178284729-01(3:1,ntoi=1);00178284729-01(3:1,ntoi=1);00178284729-01(3:1,ntoi=1);00178284729-01(3:1,ntoi=1);00178284729-01(3:1,ntoi=1);00178284729-01(3:1,ntoi=1);00178284729-01(3:1,ntoi=1)",True,418.01(3:1),1,1,False,13655.1,92,140,1431.0,69.23,,,,,0.6571428571428571,1.2435568947641242,0.8443522000649293,True,False,False,246.4
140478472,12.4053,3078.0,0.239871,7,2904.62,0.77231,1386.6599,4.8,9695.0,2.58,246.0,219,2.8,147.4,240.7,9.3,1.0,0,,False,,0,0,False,9484.6,181,218,5059.0,4.87,,,,,0.8302752293577982,0.6659741065263152,7.207487427756823,False,False,False,246.0
411956826,10.9998,3417.0,0.615761,5,2547.29,1.72504,1658.5395,6.3,4662.0,4.59,244.5,62,6.3,291.6,204.7,2.6,0.5,7,,False,,0,0,False,4739.4,62,62,3419.0,3.0,,,,,1.0,1.6321101659385435,3.8600335513364015,False,False,False,244.5
138767755,11.8862,3325.0,0.424121,3,2607.63,1.68928,1439.3397,7.2,8461.0,4.26,243.7,50,1.6,290.0,86.9,2.8,0.5,4,,False,,0,0,False,8461.1,50,50,6343.0,3.31,,,,,1.0,1.2640629200538769,5.6959189972071345,False,False,False,243.7
149838027,12.2778,3148.0,0.381581,6,2936.45,0.53716,1354.3704,7.2,7011.0,3.49,241.3,242,1.2,0.0,162.1,7.4,1.0,5,"00149838027-02(2:1,ntoi=2)",True,,0,0,False,5455.6,233,241,3085.0,3.89,,,,,0.966804979253112,0.8040826234769055,8.95430368693547,False,False,False,241.3
671393,12.0373,3096.0,0.548227,3,2852.41,0.85889,1438.7242,4.2,13901.0,7.05,238.3,74,7.1,310.7,186.4,3.9,1.0,3,,False,,0,0,False,22007.7,55,74,10108.0,4.0,,,,,0.7432432432432432,1.1971845123468934,3.5082311512421387,False,False,False,238.3
139285669,11.2678,3407.0,0.527264,5,2934.84,1.74582,1326.1475,3.15,19498.0,8.03,236.0,63,2.3,-184.0,187.3,5.7,1.0,3,,False,,0,0,False,22036.6,62,62,18130.0,4.93,,,,,1.0,1.4776112721508907,2.1318191457856774,False,False,False,236.0
149838027,12.2778,3148.0,0.381581,6,2936.45,0.53795,1354.3704,7.2,6603.0,3.38,227.2,242,1.3,0.0,66.2,2.6,1.0,5,"00149838027-02(2:1,ntoi=2)",True,,0,0,False,5455.6,228,241,3019.0,4.13,,,,,0.946058091286307,0.8044766178911152,8.949918294548258,False,False,False,227.2
139914420,12.4193,3274.0,0.458134,3,2907.31,1.12249,1325.92,4.2,16390.0,6.4,226.6,63,2.7,-196.6,197.9,4.7,1.0,2,,False,,0,0,False,21879.6,63,63,15382.0,3.42,,,,,1.0,1.161263573765037,3.616749973808963,False,False,False,226.6
201898220,11.9353,3106.0,0.424297,5,2633.96,0.89107,1354.6048,4.2,6024.0,3.59,213.3,145,13.9,261.1,178.0,5.1,1.0,12,"00201898220-02(1:2,ntoi=5);00201898220-05(1:2,ntoi=5);00201898220-01(1:2,ntoi=1);00201898220-01(1:2,ntoi=1);00201898220-02(1:2,ntoi=2)",True,,0,0,False,7571.4,121,145,5203.0,3.13,,,,,0.8344827586206897,1.021626639470932,4.111090918865474,False,False,False,213.3
118807628,10.2562,3293.0,0.559467,6,2547.33,4.86554,1661.5962,7.2,3741.0,3.73,213.2,30,7.0,41.5,244.3,2.8,1.0,29,"00118807628-02(2:1,ntoi=3)",True,,0,0,False,3729.9,26,30,2194.0,4.85,,,,,0.8666666666666667,2.1632246663696653,3.3283644144475653,False,False,False,213.2
201426753,9.20446,3729.0,0.558549,5,2577.39,0.57145,1468.7416,4.2,1026.0,1.95,209.5,227,42.4,36.6,189.9,3.4,1.0,11,,False,,0,0,False,2393.0,111,227,-98.0,,,,,,0.4889867841409692,1.058218197262492,3.9689357174777316,False,False,False,209.5
201878287,11.1535,2993.0,0.185289,7,2633.97,2.34382,1355.0298,4.2,4559.0,1.36,207.6,73,19.0,-166.8,258.8,5.0,1.0,11,,False,,0,0,False,5236.6,64,73,3292.0,3.11,,,,,0.8767123287671232,0.8117384868264494,5.174080160249892,False,False,False,207.6
293963713,11.6645,3301.0,0.385324,5,2469.79,2.0417,1630.6876,6.3,6842.0,3.48,203.6,56,3.4,233.2,111.4,2.8,0.5,11,,False,,0,0,False,5449.4,56,56,4747.0,3.74,,,,,1.0,1.2630570780738126,4.987898100066567,False,False,False,203.6
319558877,12.4489,3915.0,0.615245,12,1081.57,0.59469,2964.5272,6.12,4178.0,4.34,200.5,469,0.9,-65.0,207.6,4.7,1.0,7,,False,,0,0,False,12722.6,281,468,2233.0,11.42,,,,,0.6004273504273504,1.1437661373226389,5.350744177761613,False,False,False,200.5
139914420,12.4193,3274.0,0.458134,3,2907.31,1.49588,1326.3075,3.6,17274.0,6.57,198.7,47,5.5,208.4,80.9,3.2,0.5,2,,False,,0,0,False,21879.6,47,47,16960.0,3.34,,,,,1.0,1.2779157666720353,2.8170870834273893,False,False,False,198.7
229147922,12.2264,3225.0,0.347371,9,2878.49,5.12596,1354.3457,6.12,9781.0,3.75,192.3,39,7.4,-52.7,182.1,3.3,1.0,13,,False,,0,0,False,8406.6,39,39,5681.0,3.98,,,,,1.0,1.601999603431509,3.820225664782227,False,False,False,192.3
319558877,12.4489,3915.0,0.615245,12,1081.57,0.64739,2964.8197,7.92,3883.0,4.18,188.4,434,5.0,0.0,187.4,4.1,1.0,7,,False,,0,0,False,12722.6,282,433,2226.0,10.96,,,,,0.651270207852194,1.176600471889173,6.731256861799054,False,False,False,188.4
159896411,12.3521,3417.0,0.354963,6,2174.68,0.63434,2116.3332,7.2,5202.0,2.79,185.0,241,0.2,-30.2,212.9,10.3,1.0,0,,False,,0,0,False,4534.4,237,240,2010.0,3.76,,,,,0.9875,0.8099117831846412,8.889857080099508,False,False,False,185.0
32816814,11.7235,3300.0,0.576305,5,2822.29,0.88987,1468.6297,4.8,4484.0,4.21,180.3,142,16.2,235.4,173.5,3.6,1.0,4,,False,,0,0,False,12584.9,92,142,2580.0,6.92,,,,,0.647887323943662,1.2524259983202561,3.8325617692683815,False,False,False,180.3
139914420,12.4193,3274.0,0.458134,3,2907.31,1.8718,1326.645,4.2,15868.0,6.3,180.3,40,2.0,-145.5,159.8,3.5,1.0,2,,False,,0,0,False,21879.6,40,40,15775.0,3.67,,,,,1.0,1.3770713963645937,3.04995079491725,False,False,False,180.3
230982053,12.1364,3174.0,0.404185,4,2878.5,1.41942,1355.193,7.2,6595.0,3.58,177.8,66,2.8,231.4,121.2,2.5,0.5,1,,False,,0,0,False,6349.3,66,66,3643.0,3.43,,,,,1.0,1.155133189206836,6.233047467836873,False,False,False,177.8
206478549,12.4323,3143.0,0.448103,5,2602.13,0.82097,1386.3949,4.2,6325.0,3.89,175.3,155,0.6,234.5,215.3,9.1,1.0,0,,False,,0,0,False,6969.0,132,155,4234.0,3.1,,,,,0.8516129032258064,1.030946093828787,4.0739278466071855,False,False,False,175.3
214517415,12.1016,3226.0,0.244041,6,2934.84,0.49909,1325.8012,4.5,4522.0,1.79,172.1,246,0.5,-40.1,133.3,8.6,1.0,0,,False,,0,0,False,3759.3,237,246,2462.0,4.5,,,,,0.9634146341463414,0.5824291650069937,7.7262614415024435,False,False,False,172.1
214517415,12.1016,3226.0,0.244041,6,2934.84,0.4991,1325.8012,4.5,4518.0,1.79,171.8,246,1.0,-51.7,78.1,3.9,1.0,0,,False,,0,0,False,3759.3,237,246,2235.0,4.96,,,,,0.9634146341463414,0.5824330549218061,7.726209839865875,False,False,False,171.8
61383924,11.8872,3124.0,0.348647,5,2575.58,0.60849,1657.4434,2.25,6386.0,3.04,171.2,176,14.0,197.8,129.0,4.7,1.0,2,"00061383924-02(1:1,ntoi=2);00061383924-01(1:1,ntoi=2)",True,,0,0,False,7741.5,132,176,4450.0,3.78,,,,,0.75,0.789253889626179,2.8507936794149806,False,False,False,171.2
448472110,11.9141,3553.0,0.495803,4,1817.08,0.60144,2282.67,6.3,7374.0,4.64,169.0,152,1.8,-35.9,145.1,6.6,1.0,2,,False,,0,0,False,10047.1,124,152,3392.0,8.08,,,,,0.8157894736842105,0.9942108468596451,6.336684034276468,False,False,False,169.0
448472110,11.9141,3553.0,0.495803,4,1817.08,0.70679,2282.2763,3.6,8745.0,5.06,165.7,129,2.5,39.9,152.7,7.1,1.0,2,,False,,0,0,False,10047.1,113,128,7112.0,3.33,,,,,0.8828125,1.0491667686886923,3.4312943446535984,False,False,False,165.7
140045538,8.23083,3466.0,0.608233,6,2907.31,3.37488,1328.5011,6.3,871.0,1.96,165.2,42,0.8,-41.2,116.4,2.6,1.0,22,"00140045538-02(3:1,ntoi=4)",True,,0,0,True,1058.5,41,42,760.0,3.1,,,,,0.9761904761904762,2.024608513249036,3.111712688538454,False,False,False,165.2
234506344,12.0401,3290.0,0.428596,10,2879.03,2.00354,1326.6837,6.12,4439.0,3.12,164.8,113,0.9,189.5,85.7,3.5,0.5,2,,False,,0,0,False,4023.4,112,113,3781.0,3.27,,,,,0.9911504424778761,1.3474305057108782,4.541978212650905,False,False,False,164.8
140478472,12.4053,3078.0,0.239871,7,2904.62,1.54461,1386.6599,4.8,8353.0,2.39,163.3,110,1.3,183.9,118.9,4.0,0.5,0,,False,,0,0,False,9484.6,89,110,4806.0,4.78,,,,,0.8090909090909091,0.839072984746557,5.720598907674099,False,False,False,163.3
138767755,11.8862,3325.0,0.424121,3,2607.63,0.89629,1438.871,6.3,4629.0,3.15,158.6,92,2.5,-68.9,201.4,3.7,1.0,4,,False,,0,0,False,8461.1,64,92,1904.0,5.65,,,,,0.6956521739130435,1.0233346090631885,6.156344116776558,False,False,False,158.6
201289550,11.7617,3890.0,0.598763,8,2170.75,39.4675,2101.3802,1.5,103753.0,21.04,156.4,3,43.3,0.2,159.3,4.9,1.0,2,,False,,0,0,False,9444.0,3,3,69809.0,1.99,,,,,1.0,4.547696467750113,0.3298373166804813,False,False,False,156.4
459944057,11.6136,3792.0,0.617576,2,1871.43,0.5401,2174.5097,6.3,6521.0,5.44,150.9,114,3.6,-26.0,134.7,4.1,1.0,0,,False,,0,0,False,13706.9,83,114,3791.0,4.74,,,,,0.7280701754385965,1.110435387023555,5.673450318335687,False,False,False,150.9
197866266,12.0881,3164.0,0.280442,8,2633.97,0.54962,1354.5727,6.3,4658.0,2.09,149.1,351,2.7,-22.1,115.7,10.9,1.0,6,,False,,0,0,False,5619.0,306,351,2342.0,5.87,,,,,0.8717948717948718,0.6598691736433473,9.547347037316047,False,False,False,149.1
459944057,11.6136,3792.0,0.617576,2,1871.43,0.50418,2174.766,4.8,6446.0,5.41,145.6,121,0.0,-29.1,133.4,4.0,1.0,0,,False,,0,0,False,13706.9,87,121,4127.0,3.88,,,,,0.71900826446281,1.0852516101200549,4.422937460068827,False,False,False,145.6
140478472,12.4053,3078.0,0.239871,7,2904.62,2.31695,1388.1724,4.2,9202.0,2.51,144.0,74,3.5,44.7,136.9,4.7,1.0,0,,False,,0,0,False,9484.6,66,74,5678.0,4.6,,,,,0.8918918918918919,0.9605036326826143,4.372706002443444,False,False,False,144.0
139984208,12.0395,3231.0,0.40496,7,2907.31,1.0494,1326.1949,7.2,3433.0,2.59,143.8,149,1.8,7.3,61.5,2.8,1.0,1,,False,,0,0,False,3267.6,130,149,3182.0,3.37,,,,,0.87248322147651,1.0458355474044592,6.884447576742696,False,False,False,143.8
214912528,11.1106,3718.0,0.507166,3,2933.37,16.3972,1332.798,0.75,57207.0,13.23,142.9,2,64.1,-2.5,113.9,2.6,2.0,7,,False,,0,0,False,2739.1,2,2,35324.0,1.98,,,,,1.0,3.0378403481773195,0.24688591698046086,False,False,False,142.9
61383924,11.8872,3124.0,0.348647,5,2575.58,0.91273,1657.7622,2.25,6266.0,3.01,141.7,118,5.7,-83.6,89.3,3.4,1.0,2,,False,,0,0,False,7741.5,90,118,4211.0,4.05,,,,,0.7627118644067796,0.9034685186937333,2.4904022148476512,False,False,False,141.7
7723060,11.221,3199.0,0.220435,7,2879.66,0.5196,1411.0363,4.5,1795.0,1.02,138.2,334,5.0,-81.2,131.9,3.7,1.0,6,,False,,0,0,False,3988.9,222,334,1060.0,6.6,,,,,0.6646706586826348,0.5515925297906151,8.158196054083986,False,False,False,138.2
268717977,11.5687,3229.0,0.280434,4,2904.62,0.48606,1386.1543,4.5,2806.0,1.62,137.1,212,1.9,-62.5,64.9,3.9,1.0,0,,False,,0,0,False,2485.4,208,212,1415.0,3.48,,,,,0.9811320754716981,0.6333717652742272,7.104832022393138,False,False,False,137.1
206605718,9.45752,3286.0,0.551422,4,2198.19,19.00792,2064.6219,6.3,5683.0,4.54,136.5,3,19.8,30.1,121.3,2.9,2.0,12,,False,,0,0,False,1987.9,3,3,5383.0,1.33,,,,,1.0,3.374239345577854,1.867087469137758,False,False,False,136.5
276834958,9.73847,3132.0,0.355825,7,2469.9,0.70058,1628.8919,3.15,1036.0,1.25,135.0,226,4.5,142.1,120.2,5.2,1.0,12,"00276834958-03(1:1,ntoi=3);00276834958-02(1:2,ntoi=3)",True,,0,0,False,2369.8,147,226,673.0,6.68,,,,,0.6504424778761062,0.8385298187369663,3.756574816557723,False,False,False,135.0
201898220,11.9353,3106.0,0.424297,5,2633.96,2.22762,1355.5548,4.2,5545.0,3.45,133.5,58,1.1,-104.1,107.9,4.1,1.0,12,,False,,0,0,False,7571.4,48,58,4754.0,3.25,,,,,0.8275862068965517,1.3865492626618527,3.0291026169073683,False,False,False,133.5
67630561,12.1483,3184.0,0.350373,7,2904.61,0.60719,1386.3989,7.2,3179.0,2.16,132.8,247,1.1,-14.2,67.6,1.9,1.0,0,,False,,0,0,False,5828.8,157,247,1794.0,3.67,,,,,0.6356275303643725,0.7912922617154726,9.099040074511592,False,False,False,132.8
337757672,11.5923,3125.0,0.451547,3,2547.4,0.49708,1657.4596,6.0,4578.0,3.33,129.2,143,0.3,0.0,58.9,3.0,1.0,1,,False,,0,0,False,5336.0,116,143,1695.0,3.13,,,,,0.8111888111888111,0.8766354549066272,6.844350141689257,False,False,False,129.2
230981685,11.5369,3274.0,0.471742,6,2142.46,23.2448,2077.9082,0.5,57546.0,12.35,128.4,3,106.5,5.2,154.0,2.8,2.0,15,,False,,0,0,False,4514.1,2,2,5324.0,1.45,,,,,1.0,3.251770807775251,0.15376237427449035,False,False,False,128.4
229142295,11.1831,3131.0,0.266614,8,2878.5,0.86575,1354.4056,4.2,1826.0,1.24,122.5,203,0.2,154.5,123.8,8.0,1.0,6,"00229142295-03(1:2,ntoi=3)",True,,0,0,False,2408.9,171,203,1186.0,4.77,,,,,0.8423645320197044,0.7423255826927905,5.657894726953199,False,False,False,122.5
230981685,11.5369,3274.0,0.471742,6,2142.46,24.35053,2074.6842,0.5,55009.0,12.07,122.2,3,108.3,3.4,171.4,3.4,2.0,15,,False,,0,0,False,4514.1,1,2,1846.0,2.67,,,,,0.5,3.3025352571518845,0.15139883788286984,False,False,False,122.2
214912528,11.1106,3718.0,0.507166,3,2933.37,22.97533,1332.798,0.75,41349.0,11.25,121.3,2,0.0,-2.3,115.2,2.6,2.0,7,,False,,0,0,False,2739.1,2,2,35056.0,1.99,,,,,1.0,3.399348057750943,0.22063054069732732,False,False,False,121.3
230981685,11.5369,3274.0,0.471742,6,2142.46,23.67732,2062.2311,0.5,53721.0,11.93,120.9,3,99.9,3.7,159.6,3.0,2.0,15,,False,,0,0,False,4514.1,2,2,1932.0,1.21,,,,,1.0,3.2718157438968576,0.15282034171168848,False,False,False,120.9
383704693,12.2615,3645.0,0.443035,2,1816.83,22.27873,2335.1544,2.25,51556.0,10.97,120.0,2,109.7,-0.9,119.9,2.7,2.0,2,,False,,0,0,False,5072.1,1,2,47098.0,2.0,,,,,0.5,3.074660218845924,0.7317881781566546,False,False,False,120.0
383704693,12.2615,3645.0,0.443035,2,1816.83,21.46153,2335.9794,2.25,51340.0,10.95,119.9,2,110.9,-0.1,119.9,2.7,2.0,2,,False,,0,0,False,5072.1,1,2,47258.0,2.01,,,,,0.5,3.0365973730467055,0.7409609255317606,False,False,False,119.9
383704693,12.2615,3645.0,0.443035,2,1816.83,20.7115,2336.7294,2.25,50426.0,10.85,119.4,2,111.4,-1.1,119.6,2.7,2.0,2,,False,,0,0,False,5072.1,2,2,47794.0,1.98,,,,,1.0,3.000803123052081,0.7497992729731473,False,False,False,119.4
328213297,12.4529,3584.0,0.550051,3,2498.44,0.51846,1601.9551,6.0,7131.0,5.07,119.0,135,0.6,-25.3,121.9,3.3,1.0,0,,False,,0,0,False,11346.3,104,135,4201.0,4.02,,,,,0.7703703703703704,1.0140250527382828,5.917013572591272,False,False,False,119.0
230981685,11.5369,3274.0,0.471742,6,2142.46,22.60143,2068.653,0.5,53967.0,11.96,118.9,3,110.3,0.9,154.5,2.9,2.0,15,,False,,0,0,False,4514.1,1,2,-349.0,,,,,,0.5,3.221488826120505,0.1552077399573438,False,False,False,118.9
152807584,12.2663,3393.0,0.383407,2,2934.84,12.86831,1326.3697,4.2,35233.0,7.85,118.5,2,0.0,-4.6,120.2,2.6,1.0,1,,False,,0,0,False,6375.7,2,2,38270.0,1.99,,,,,1.0,2.3253526452572384,1.8061776602212445,False,False,False,118.5
159896411,12.3521,3417.0,0.354963,6,2174.68,1.26864,2116.3707,4.8,4536.0,2.61,117.9,117,0.4,141.8,90.2,3.8,0.5,0,,False,,0,0,False,4534.4,117,117,2805.0,3.39,,,,,1.0,1.020414179810674,4.703972264370712,False,False,False,117.9
326446019,10.7758,3297.0,0.473217,4,2906.02,2.41496,1355.0659,6.3,2668.0,2.67,117.7,37,5.8,-43.8,97.7,2.8,1.0,9,,False,,0,0,False,3043.6,34,37,2014.0,3.0,,,,,0.918918918918919,1.5318579680354836,4.1126528251698,False,False,False,117.7
149838027,12.2778,3148.0,0.381581,6,2936.45,1.6091,1354.9579,4.2,5339.0,3.04,117.0,81,4.2,-89.7,85.2,3.4,1.0,5,,False,,0,0,False,5455.6,78,81,4067.0,4.63,,,,,0.9629629629629629,1.1591166213506396,3.6234490323381148,False,False,False,117.0
152807584,12.2663,3393.0,0.383407,2,2934.84,25.3986,1326.3697,4.2,34241.0,7.74,116.9,2,128.5,-0.4,116.7,2.5,2.0,1,,False,,0,0,False,6375.7,2,2,38333.0,1.99,,,,,1.0,2.9168778683849745,1.4398957342445977,False,False,False,116.9
152807584,12.2663,3393.0,0.383407,2,2934.84,24.6929,1326.3697,4.2,33609.0,7.67,116.6,3,125.6,0.0,119.2,2.6,2.0,1,,False,,0,0,False,6375.7,2,2,38774.0,1.96,,,,,1.0,2.889608581253457,1.4534840556772297,False,False,False,116.6
139725285,12.2937,3092.0,0.365335,5,2852.43,0.57698,1438.5789,7.2,3195.0,2.25,116.0,223,2.1,0.0,144.2,4.6,1.0,0,,False,,0,0,False,6293.4,143,223,1821.0,5.43,,,,,0.6412556053811659,0.7999375206234379,9.000702947886005,False,False,False,116.0
122555050,12.388,3454.0,0.55505,7,2904.62,1.38608,1386.2656,6.3,3756.0,3.71,115.9,123,3.8,139.8,85.3,3.4,0.5,6,,False,,0,0,False,5565.3,98,123,3549.0,3.0,,,,,0.7967479674796748,1.415877882592143,4.449536275307985,False,False,False,115.9
139725285,12.2937,3092.0,0.365335,5,2852.43,0.62563,1438.6914,7.2,3183.0,2.25,115.6,206,1.9,-23.0,138.4,4.3,1.0,0,,False,,0,0,False,6293.4,135,206,1680.0,6.37,,,,,0.6553398058252428,0.8218167772257264,8.761076920704424,False,False,False,115.6
201289550,11.7617,3890.0,0.598763,8,2170.75,88.68802,2113.8677,1.5,77265.0,18.16,115.4,2,100.0,-0.8,154.1,4.7,2.0,2,,False,,0,0,False,9444.0,2,2,71128.0,1.95,,,,,1.0,5.956620304273274,0.2518206505329711,False,False,False,115.4
214912528,11.1106,3718.0,0.507166,3,2933.37,21.44142,1332.8074,1.2,28976.0,9.42,114.9,2,120.8,-1.5,115.6,2.7,2.0,7,,False,,0,0,False,2739.1,2,2,31327.0,1.99,,,,,1.0,3.321948505800099,0.3612337752691856,False,False,False,114.9
32811633,11.663,3219.0,0.221452,6,2822.28,0.63571,1468.8486,6.3,4541.0,1.63,114.1,241,1.7,-49.6,90.1,6.9,1.0,0,,False,,0,0,False,8287.7,205,241,2548.0,10.63,,,,,0.8506224066390041,0.5917628713603292,10.646156264447146,False,False,False,114.1
214912528,11.1106,3718.0,0.507166,3,2933.37,13.68201,1332.8074,1.2,27592.0,9.19,112.2,2,123.3,0.2,113.3,2.6,2.0,7,,False,,0,0,True,2739.1,2,2,31381.0,1.99,,,,,1.0,2.8599493991359384,0.4195878431844108,False,False,False,112.2
429152614,11.8471,2974.0,0.494235,4,2555.04,13.16209,1555.6572,2.4,31181.0,9.52,111.8,6,11.7,27.8,147.8,4.2,2.0,11,"00429152614-03(2:1,ntoi=3)",True,,0,0,False,10122.4,5,5,11868.0,7.1,,,,,1.0,2.7750591488802367,0.8648464307394756,False,False,False,111.8
77957301,9.05154,3269.0,0.409759,4,2852.55,1.9482,1439.636,7.2,826.0,1.28,110.5,47,16.0,8.4,102.2,5.3,2.0,14,,False,,0,0,False,1122.9,35,47,848.0,3.54,,,,,0.7446808510638298,1.2955031536412709,5.557686200734409,False,False,False,110.5
165941376,10.8349,3369.0,0.56777,5,2874.19,0.78556,1386.1246,3.15,1909.0,2.71,109.6,153,4.0,133.0,87.2,5.8,1.0,4,,False,,0,0,False,2087.1,136,153,1370.0,4.74,,,,,0.8888888888888888,1.1895509334488892,2.648058112877219,False,False,False,109.6
140478472,12.4053,3078.0,0.239871,7,2904.62,1.92791,1386.6224,3.6,6940.0,2.18,109.2,88,0.9,-94.4,17.6,2.7,0.5,0,,False,,0,0,False,9484.6,77,88,4622.0,5.23,,,,,0.875,0.9034186319675873,3.98486357554906,False,False,False,109.2
214517415,12.1016,3226.0,0.244041,6,2934.84,0.99817,1325.8199,4.2,3633.0,1.6,108.6,122,0.9,134.2,61.0,2.8,0.5,0,,False,,0,0,False,3759.3,118,122,2717.0,4.13,,,,,0.9672131147540983,0.7338123145476789,5.723534365308213,False,False,False,108.6
388814426,12.0764,3319.0,0.553963,5,2602.12,0.80105,1386.3485,4.2,3605.0,3.63,108.4,151,6.0,138.8,150.7,4.3,1.0,9,,False,,0,0,False,9173.8,89,151,1890.0,9.66,,,,,0.5894039735099338,1.1778283622252768,3.565884584460948,False,False,False,108.4
238923204,12.1103,3317.0,0.632328,3,379.47,0.56764,3666.528,7.2,3183.0,3.89,108.2,153,10.2,0.0,88.4,4.0,1.0,7,,False,,0,0,False,6262.2,100,153,2044.0,3.55,,,,,0.6535947712418301,1.1469053182490463,6.277763199312802,False,False,False,108.2
429152614,11.8471,2974.0,0.494235,4,2555.04,23.30586,1546.9572,2.4,52480.0,12.35,107.9,4,50.5,-7.5,111.1,2.5,2.0,11,,False,,0,0,False,10122.4,2,3,17673.0,5.02,,,,,0.6666666666666666,3.357265364412278,0.7148675304134451,False,False,False,107.9
231910539,12.069,3179.0,0.402849,12,2907.31,0.53008,1325.9064,6.0,1802.0,1.87,106.7,509,1.3,-23.4,68.6,2.9,1.0,7,,False,,0,0,False,6618.3,295,509,1024.0,7.39,,,,,0.5795677799607073,0.8300105771934382,7.228823541367557,False,False,False,106.7
231910539,12.069,3179.0,0.402849,12,2907.31,0.57133,1325.5264,6.0,1799.0,1.86,105.9,476,3.5,-27.2,81.6,3.4,1.0,7,,False,,0,0,False,6618.3,282,475,1209.0,6.43,,,,,0.5936842105263158,0.8510051017158018,7.050486522234429,False,False,False,105.9
230981685,11.5369,3274.0,0.471742,6,2142.46,20.1216,2080.4134,0.5,40585.0,10.37,102.7,4,73.8,-7.5,157.0,2.9,2.0,15,,False,,0,0,False,4514.1,1,3,-823.0,,,,,,0.3333333333333333,3.099075526727004,0.1613384364749768,False,False,False,102.7
276834958,9.73847,3132.0,0.355825,7,2469.9,1.05087,1629.5857,2.25,1065.0,1.27,101.0,150,8.4,-43.3,91.3,3.6,1.0,12,"00276834958-02(1:3,ntoi=3)",True,,0,0,False,2369.8,95,150,671.0,7.96,,,,,0.6333333333333333,0.959877026313869,2.344050267189409,False,False,False,101.0
281670243,11.4104,3305.0,0.489856,9,2878.5,0.89166,1354.6795,7.92,1496.0,2.07,100.3,217,14.6,-53.0,32.7,3.0,0.5,6,,False,,0,0,False,2288.7,181,217,895.0,6.82,,,,,0.8341013824884793,1.124571337210409,7.042683498982116,False,False,False,100.3
281670243,11.4104,3305.0,0.489856,9,2878.5,0.89167,1354.6645,7.92,1494.0,2.07,100.1,217,13.3,-53.2,86.4,8.1,1.0,6,,False,,0,0,False,2288.7,181,217,902.0,6.39,,,,,0.8341013824884793,1.1245755412311238,7.042657171193335,False,False,False,100.1
281670243,11.4104,3305.0,0.489856,9,2878.5,0.89168,1354.6495,7.92,1489.0,2.06,99.8,217,17.5,-53.8,29.9,2.6,0.5,6,,False,,0,0,False,2288.7,184,217,905.0,6.74,,,,,0.847926267281106,1.124579745220407,7.042630843798237,False,False,False,99.8
281670243,11.4104,3305.0,0.489856,9,2878.5,1.78332,1354.7995,7.92,1836.0,2.29,98.6,107,0.7,13.6,53.0,4.3,0.5,6,,False,,0,0,False,2288.7,102,107,1427.0,4.44,,,,,0.9532710280373832,1.41687109985982,5.589781597481645,False,False,False,98.6
229142295,11.1831,3131.0,0.266614,8,2878.5,1.30021,1354.7806,3.6,1835.0,1.25,98.5,138,1.3,-69.1,100.3,6.3,1.0,6,"00229142295-03(1:3,ntoi=3)",True,,0,0,False,2408.9,124,137,1382.0,3.41,,,,,0.9051094890510949,0.8500962396098765,4.2348146389308825,False,False,False,98.5
429152614,11.8471,2974.0,0.494235,4,2555.04,22.24017,1558.8072,2.4,43756.0,11.28,97.6,2,87.6,-9.7,158.4,4.7,2.0,11,,False,,0,0,False,10122.4,1,2,38692.0,2.02,,,,,0.5,3.3052932228008904,0.7261080449516824,False,False,False,97.6
448472110,11.9141,3553.0,0.495803,4,1817.08,1.81054,2282.52,4.5,6863.0,4.48,96.0,50,5.8,-67.1,87.0,3.3,1.0,2,,False,,0,0,False,10047.1,44,50,5509.0,3.84,,,,,0.88,1.4355459630654397,3.134695868874013,False,False,False,96.0
429152614,11.8471,2974.0,0.494235,4,2555.04,13.16211,1555.6572,3.6,22095.0,8.02,95.8,6,12.3,33.7,119.0,2.9,2.0,11,"00429152614-03(2:1,ntoi=3)",True,,0,0,False,10122.4,5,6,9152.0,6.92,,,,,0.8333333333333334,2.7750605544613385,1.297268989036093,False,False,False,95.8
373209816,11.8122,3390.0,0.301175,5,2607.68,31.38237,1464.2705,4.5,44660.0,6.94,95.5,2,17.6,0.3,127.0,3.8,2.0,1,,False,,0,0,False,16389.5,2,2,47868.0,1.21,,,,,1.0,2.6647071435514325,1.6887409225775372,False,False,False,95.5
88478720,10.7958,3445.0,0.304287,6,2879.66,3.16905,1413.5262,7.2,1920.0,1.45,95.4,47,1.0,-41.9,71.5,3.9,1.0,0,,False,,0,0,False,2043.1,47,47,1573.0,3.37,,,,,1.0,1.249415597940895,5.762694184277827,False,False,False,95.4
197866266,12.0881,3164.0,0.280442,8,2633.97,1.09924,1354.5665,4.8,3848.0,1.9,95.3,176,5.5,114.3,50.8,4.7,0.5,6,,False,,0,0,False,5619.0,156,176,3251.0,4.54,,,,,0.8863636363636364,0.8313830620499885,5.773511897348939,False,False,False,95.3
206478549,12.4323,3143.0,0.448103,5,2602.13,0.85081,1386.5949,4.2,3450.0,2.87,94.8,152,2.1,121.8,75.3,8.2,1.0,0,,False,,0,0,False,6969.0,119,152,3083.0,4.45,,,,,0.7828947368421053,1.0432884279439447,4.025732374197927,False,False,False,94.8
373209816,11.8122,3390.0,0.301175,5,2607.68,43.90297,1477.858,4.2,45677.0,7.02,94.6,2,0.0,-3.7,116.5,3.3,2.0,1,,False,,0,0,False,16389.5,2,2,65921.0,1.92,,,,,1.0,2.9802466398972567,1.409279334056994,False,False,False,94.6
466265409,12.4083,3081.0,0.447839,8,2546.41,0.52281,1658.1383,1.8,3393.0,2.85,93.2,318,1.3,-78.6,69.7,7.4,1.0,2,,False,,0,0,False,5269.4,230,315,3460.0,2.91,,,,,0.7301587301587301,0.8866200133411736,2.03018200910761,False,False,False,93.2
140478472,12.4053,3078.0,0.239871,7,2904.62,0.65083,1386.1912,6.3,3269.0,1.5,92.7,257,1.0,-15.3,86.4,3.5,1.0,0,,False,,0,0,False,9484.6,165,257,965.0,18.57,,,,,0.642023346303502,0.6290463484297877,10.015160275114747,False,False,False,92.7
88246378,12.4736,3236.0,0.631103,3,2907.31,1.68913,1325.6887,6.3,6522.0,5.56,92.7,42,15.6,102.8,53.7,2.0,0.5,4,,False,,0,0,False,7461.0,38,42,4663.0,3.32,,,,,0.9047619047619048,1.6475153977645534,3.823939981713199,False,False,False,92.7
159896411,12.3521,3417.0,0.354963,6,2174.68,1.90296,2116.3894,4.5,4316.0,2.54,92.6,81,3.6,-40.1,104.7,4.5,1.0,0,,False,,0,0,False,4534.4,81,81,2948.0,3.12,,,,,1.0,1.168082644932655,3.8524671345146513,False,False,False,92.6
77835048,12.3938,3549.0,0.569092,3,2852.43,0.63326,1438.7509,6.3,4156.0,4.0,91.8,100,3.7,-38.1,84.5,3.2,1.0,1,,False,,0,0,False,7481.2,71,99,3342.0,3.49,,,,,0.7171717171717171,1.1088104235224527,5.681764769117386,False,False,False,91.8
268717977,11.5687,3229.0,0.280434,4,2904.62,0.97082,1386.1918,4.5,2295.0,1.47,91.6,106,3.0,114.5,91.8,6.1,1.0,0,,False,,0,0,False,2485.4,105,106,1353.0,4.17,,,,,0.9905660377358491,0.7976425440988711,5.641624852249865,False,False,False,91.6
201289550,11.7617,3890.0,0.598763,8,2170.75,26.6481,2075.1364,1.2,53145.0,15.06,90.9,3,69.2,-1.3,52.9,4.3,2.0,2,,False,,0,0,False,9444.0,2,3,527.0,276.49,,,,,0.6666666666666666,3.9896397381554785,0.3007790373961919,False,False,False,90.9
149838027,12.2778,3148.0,0.381581,6,2936.45,2.68581,1354.4079,4.2,5187.0,3.0,90.0,49,10.1,-62.3,66.7,2.4,1.0,5,,False,,0,0,False,5455.6,48,49,4098.0,4.54,,,,,0.9795918367346939,1.374963651742677,3.054626203883116,False,False,False,90.0
165941376,10.8349,3369.0,0.56777,5,2874.19,1.17835,1386.9027,3.6,1727.0,2.57,89.9,103,4.3,-62.1,69.7,4.3,1.0,4,,False,,0,0,False,2087.1,96,103,1343.0,4.83,,,,,0.9320388349514563,1.3616997477681732,2.643754620576528,False,False,False,89.9
214517415,12.1016,3226.0,0.244041,6,2934.84,1.49727,1325.8199,4.2,3505.0,1.58,88.5,83,1.3,-55.6,72.1,3.5,1.0,0,,False,,0,0,False,3759.3,80,83,2990.0,3.76,,,,,0.963855421686747,0.8400082129658393,4.999951113776553,False,False,False,88.5
75160399,8.36522,3386.0,0.291681,8,2575.91,46.64433,1635.4456,1.53,3771.0,1.95,88.4,5,110.8,-1.2,64.4,3.4,2.0,0,,False,,0,0,False,1246.8,4,5,316.0,35.25,,,,,0.8,2.976779553070474,0.5139782683678552,False,False,False,88.4
402683652,12.4254,3136.0,0.30821,6,2469.82,0.73908,1630.0266,3.15,4345.0,2.22,88.2,184,0.6,107.7,67.6,9.5,1.0,1,,False,,0,0,False,4939.4,176,184,3736.0,3.36,,,,,0.9565217391304348,0.775657377807188,4.061071408751588,False,False,False,88.2
373209816,11.8122,3390.0,0.301175,5,2607.68,39.83314,1474.908,4.2,41336.0,6.68,88.1,2,0.0,21.2,128.0,3.8,2.0,1,,False,,0,0,False,16389.5,2,2,64384.0,1.97,,,,,1.0,2.8851545864609687,1.455727890529383,False,False,False,88.1
384490072,12.3695,3281.0,0.245367,4,1736.67,1.05246,2361.9943,4.2,4628.0,1.82,88.1,86,0.9,-73.0,96.4,5.6,1.0,0,,False,,0,0,False,5926.3,83,85,2736.0,3.19,,,,,0.9764705882352941,0.749585072041473,5.603099843706096,False,False,False,88.1
75160399,8.36522,3386.0,0.291681,8,2575.91,28.80203,1653.2881,1.53,3920.0,1.99,87.6,4,56.3,-5.3,124.3,4.3,2.0,0,,False,,0,0,False,1246.8,3,4,2376.0,4.69,,,,,0.75,2.534864525561719,0.6035825522710948,False,False,False,87.6
631919622,12.2624,3822.0,0.515363,6,2174.68,40.77186,2132.6837,4.2,70185.0,14.9,87.0,2,40.7,1.6,62.7,3.2,2.0,2,,False,,0,0,False,8796.6,2,2,50252.0,1.92,,,,,1.0,4.159782522063042,1.0096681684015085,False,False,False,87.0
373209816,11.8122,3390.0,0.301175,5,2607.68,41.931,1466.433,4.2,41799.0,6.72,87.0,2,0.0,30.6,119.3,3.4,2.0,1,,False,,0,0,False,16389.5,1,2,60976.0,2.02,,,,,0.5,2.9349405817763725,1.431034081602412,False,False,False,87.0
319867890,12.0859,3266.0,0.253161,4,2140.94,0.74903,2036.5513,3.15,3691.0,1.68,86.6,115,2.2,106.4,107.6,6.8,1.0,0,,False,,0,0,False,3886.4,111,115,2022.0,4.55,,,,,0.9652173913043478,0.6833437602255221,4.609685758980829,False,False,False,86.6
213240679,11.9362,3247.0,0.524619,5,2575.96,0.73959,1629.0782,3.0,4746.0,3.94,86.4,154,0.7,55.3,83.4,10.0,1.0,13,"00213240679-02(1:1,ntoi=2);00213240679-01(1:1,ntoi=2);00213240679-01(1:1,ntoi=1);00213240679-01(1:1,ntoi=1);00213240679-01(1:1,ntoi=1);00213240679-01(1:1,ntoi=2);00213240679-02(1:1,ntoi=2)",True,,0,0,False,4852.2,147,154,3711.0,8.18,,,,,0.9545454545454546,1.1060327353679191,2.712397114541151,False,False,False,86.4
229142295,11.1831,3131.0,0.266614,8,2878.5,0.89347,1354.9118,4.5,1265.0,1.03,86.3,199,2.2,111.3,72.5,4.2,1.0,6,"00229142295-01(1:2,ntoi=2);00229142295-02(1:2,ntoi=2);00229142295-01(1:2,ntoi=1);00229142295-01(1:2,ntoi=3);00229142295-02(1:1,ntoi=3)",True,,0,0,False,2408.9,156,198,1010.0,4.29,,,,,0.7878787878787878,0.750165210241302,5.998678609145986,False,False,False,86.3
304234457,11.4817,3719.0,0.480816,6,1817.61,26.97281,2292.987,2.4,165059.0,21.31,84.3,2,71.7,0.4,129.7,6.0,2.0,0,,False,,0,0,True,12495.7,1,2,137199.0,2.06,,,,,0.5,3.460745258200856,0.6934922454383979,False,False,False,84.3
75160399,8.36522,3386.0,0.291681,8,2575.91,28.21944,1653.8694,1.53,4111.0,2.04,83.8,5,94.3,-4.3,124.3,4.3,2.0,0,,False,,0,0,False,1246.8,3,4,2445.0,4.55,,,,,0.75,2.517656741585364,0.6077079431553333,False,False,False,83.8
24587624,11.5142,3594.0,0.602419,5,2852.46,0.98138,1438.7923,6.3,1688.0,2.7,83.1,113,6.0,-3.2,60.4,8.2,1.0,2,,False,,0,0,False,1890.2,105,112,1140.0,3.69,,,,,0.9375,1.3327636389260735,4.727019717522059,False,False,False,83.1
355766445,10.799,3524.0,0.602747,9,2879.02,3.68974,1327.6215,7.92,1293.0,2.36,82.8,54,2.3,-0.8,51.5,4.4,1.0,19,,False,,0,0,False,1443.7,52,54,1337.0,4.42,,,,,0.9629629629629629,2.0731477457949206,3.82027765076781,False,False,False,82.8
464271371,12.2484,3581.0,0.416202,6,1842.55,52.03656,2410.4137,2.1,63911.0,11.48,82.8,3,38.2,-0.5,82.2,5.2,1.0,0,,False,,0,0,False,12287.0,2,3,86078.0,1.27,,,,,0.6666666666666666,3.913036769402244,0.5366675867757809,False,False,False,82.8
470289424,12.0909,3215.0,0.456282,2,374.25,0.53514,3830.4704,7.2,5984.0,3.85,81.5,89,18.4,0.0,22.3,2.9,0.5,0,,False,,0,0,False,5870.9,85,89,1950.0,5.73,,,,,0.9550561797752809,0.9047313855648674,7.958163179565936,False,False,False,81.5
470289424,12.0909,3215.0,0.456282,2,374.25,0.53514,3830.4704,7.2,5984.0,3.85,81.5,89,18.5,0.0,86.0,6.7,1.0,0,,False,,0,0,False,5870.9,85,89,1810.0,6.46,,,,,0.9550561797752809,0.9047313855648674,7.958163179565936,False,False,False,81.5
304234452,11.4953,3561.0,0.490557,6,1817.61,26.97213,2293.012,2.4,240614.0,26.25,81.4,2,50.2,-0.4,124.5,6.3,2.0,0,,False,,0,0,True,18062.5,1,2,170018.0,2.06,,,,,0.5,3.5073009020850074,0.6842868824209684,False,False,False,81.4
373209816,11.8122,3390.0,0.301175,5,2607.68,14.36163,1439.1642,2.25,32976.0,5.97,81.4,5,18.4,5.7,122.0,3.5,1.0,1,,False,,0,0,False,16389.5,5,5,14989.0,10.15,,,,,1.0,2.0534721537766347,1.0957051430485298,False,False,False,81.4
470289424,12.0909,3215.0,0.456282,2,374.25,0.5351,3830.4892,6.3,5874.0,3.82,80.6,89,20.7,-14.0,20.2,2.5,0.5,0,,False,,0,0,False,5870.9,84,88,2430.0,4.81,,,,,0.9545454545454546,0.9047088430793265,6.963566287864397,False,False,False,80.6
197866266,12.0881,3164.0,0.280442,8,2633.97,1.6499,1355.6665,4.8,3842.0,1.9,80.0,116,1.0,-62.0,59.0,4.8,1.0,6,,False,,0,0,False,5619.0,105,116,3173.0,4.0,,,,,0.9051724137931034,0.9518960806347047,5.042567248306621,False,False,False,80.0
382469629,11.7587,3539.0,0.387578,4,102.88,65.07211,4119.9605,2.25,55455.0,9.96,79.5,2,14.7,0.0,79.9,4.4,2.0,0,,False,,0,0,False,11820.0,2,2,49773.0,1.23,,,,,1.0,4.0201846589805035,0.5596757837911325,False,False,False,79.5
60734281,10.1891,3466.0,0.464762,4,2553.62,0.55657,1571.7328,2.4,974.0,1.58,78.0,154,0.5,89.3,55.6,7.2,1.0,7,"00060734281-02(1:1,ntoi=4);00060734281-04(1:1,ntoi=4)",True,,0,0,False,1150.3,144,154,765.0,4.32,,,,,0.935064935064935,0.9279729134353705,2.5862823852424333,False,False,False,78.0
422653412,11.0337,3391.0,0.408219,5,2577.17,3.98199,1414.634,6.3,2124.0,2.05,76.4,31,5.2,76.7,60.9,3.0,0.5,12,,False,,0,0,False,1933.4,30,30,1051.0,4.96,,,,,1.0,1.6399747396328195,3.8415225843115928,False,False,False,76.4
206478549,12.4323,3143.0,0.448103,5,2602.13,1.2762,1386.6199,4.2,3278.0,2.8,76.4,100,2.9,-61.8,61.6,6.5,1.0,0,,False,,0,0,False,6969.0,79,100,3570.0,3.89,,,,,0.79,1.1942624435984532,3.5168149367109844,False,False,False,76.4
229142295,11.1831,3131.0,0.266614,8,2878.5,2.16437,1354.4056,3.6,1782.0,1.23,76.1,80,2.9,-59.3,77.0,4.5,1.0,6,,False,,0,0,False,2408.9,68,80,1325.0,3.54,,,,,0.85,1.0074900436410874,3.5732363041420583,False,False,False,76.1
152283580,12.3844,3152.0,0.231376,4,2934.84,25.33117,1336.0766,2.1,31263.0,4.46,75.9,2,67.2,-0.2,100.7,4.0,2.0,3,,False,,0,0,False,2792.3,2,2,28516.0,1.98,,,,,1.0,2.0811605410279657,1.0090523814000092,False,False,False,75.9
433012333,11.0553,3676.0,0.523231,2,50.6,20.47432,4093.7767,7.2,47391.0,12.43,75.3,2,18.5,6.5,76.8,4.7,1.0,0,,False,,0,0,False,23546.8,2,2,45659.0,1.29,,,,,1.0,3.339953605397609,2.155718566977779,False,False,False,75.3
24247972,11.7384,3468.0,0.346291,3,2602.12,34.21784,1418.1912,0.5,60349.0,9.28,75.0,2,0.0,0.8,87.9,3.8,2.0,1,,False,,0,0,False,3339.8,1,1,84436.0,1.0,,,,,1.0,3.010139532701177,0.16610525677237303,False,False,False,75.0
425871236,12.4392,3203.0,0.520683,5,320.57,0.65059,3830.6881,6.3,2926.0,3.07,74.4,164,0.7,-23.5,57.7,13.5,1.0,1,"00425871236-01(1:1,ntoi=1)",True,,0,0,False,2987.6,160,163,1649.0,5.11,,,,,0.9815950920245399,1.054450881436038,5.974673748122,False,False,False,74.4
47465993,10.3343,3866.0,0.599132,4,2905.99,4.42642,1356.002,6.3,1580.0,2.6,74.3,23,18.8,-26.3,68.3,3.1,1.0,9,,False,,0,0,False,2315.8,19,23,1229.0,5.23,,,,,0.8260869565217391,2.194021325951648,2.871439728265813,False,False,False,74.3
159896411,12.3521,3417.0,0.354963,6,2174.68,3.17163,2118.2707,4.8,4187.0,2.51,74.0,48,3.7,-40.0,82.8,3.4,1.0,0,,False,,0,0,False,4534.4,48,48,2872.0,3.39,,,,,1.0,1.3849194795503228,3.465905470228882,False,False,False,74.0
268717977,11.5687,3229.0,0.280434,4,2904.62,1.45626,1386.1605,4.8,2132.0,1.41,73.7,69,1.3,-58.1,75.7,4.8,1.0,0,,False,,0,0,False,2485.4,68,69,1367.0,3.88,,,,,0.9855072463768116,0.9130790507671869,5.2569380449227765,False,False,False,73.7
32452414,11.6327,3510.0,0.565437,5,354.1,0.59559,3936.765,7.2,2081.0,2.81,73.6,215,5.3,0.0,49.9,3.1,1.0,1,,False,,0,0,False,5561.8,124,215,1161.0,8.93,,,,,0.5767441860465117,1.0817168020253818,6.656085942752193,False,False,False,73.6
425871236,12.4392,3203.0,0.520683,5,320.57,0.65055,3830.6881,6.3,2887.0,3.05,73.4,164,1.0,-23.2,34.2,3.5,1.0,1,"00425871236-01(1:1,ntoi=1)",True,,0,0,False,2987.6,161,164,1638.0,5.05,,,,,0.9817073170731707,1.0544292708468326,5.974796199407806,False,False,False,73.4
24247972,11.7384,3468.0,0.346291,3,2602.12,42.2264,1408.7251,0.62,46833.0,8.18,73.0,2,54.9,-0.5,73.4,2.9,2.0,1,,False,,0,0,False,3339.8,2,2,38532.0,1.94,,,,,1.0,3.2287204875092046,0.1920265326151843,False,False,False,73.0
139879342,11.035,3731.0,0.454756,4,2907.31,39.31848,1348.6824,3.0,28375.0,8.36,72.8,2,0.0,3.6,62.4,4.2,1.0,0,,False,,0,0,False,4510.2,2,2,28352.0,1.03,,,,,1.0,3.780879410709158,0.793466195061034,False,False,False,72.8
326198086,11.6585,3159.0,0.227568,3,2904.62,23.71333,1395.4589,1.58,25225.0,3.94,70.8,2,19.5,1.8,57.9,3.3,2.0,0,,False,,0,0,False,2726.0,2,2,14300.0,1.89,,,,,1.0,2.013476680872599,0.7847123411010952,False,False,False,70.8
207148580,12.2073,3158.0,0.220132,7,2633.97,0.51927,1354.4608,6.3,1469.0,0.92,70.6,325,0.3,0.0,47.6,3.7,1.0,13,,False,,0,0,False,3586.7,217,324,905.0,4.98,,,,,0.6697530864197531,0.550970260592204,11.43437395918342,False,False,False,70.6
251845156,10.6211,3280.0,0.539546,5,2936.42,14.99698,1367.6107,1.5,15840.0,7.41,70.2,2,58.6,5.4,83.6,3.7,2.0,13,,False,,0,0,False,3035.5,2,2,16001.0,1.84,,,,,1.0,3.0729952072158864,0.4881231173018946,False,False,False,70.2
351339273,10.394,3352.0,0.247981,7,2547.3,27.14379,1682.2204,4.2,7830.0,2.39,69.9,3,0.0,-4.8,59.0,4.3,1.0,1,,False,,0,0,True,2509.7,3,3,9407.0,1.04,,,,,1.0,2.23037246176025,1.8830935514175442,False,False,False,69.9
319867890,12.0859,3266.0,0.253161,4,2140.94,1.12353,2036.5544,3.0,3663.0,1.67,69.6,74,3.6,-48.9,9.3,2.9,0.5,0,,False,,0,0,False,3886.4,72,74,2189.0,4.25,,,,,0.972972972972973,0.782229853779797,3.8351898556463433,False,False,False,69.6
251845156,10.6211,3280.0,0.539546,5,2936.42,22.89892,1369.6998,1.58,14712.0,7.14,69.4,2,0.0,6.9,72.9,2.9,2.0,13,,False,,0,0,False,3035.5,2,2,15086.0,1.84,,,,,1.0,3.5386065638712347,0.446503438989691,False,False,False,69.4
161174284,11.8795,2964.0,0.16374,5,2907.31,1.00204,1325.5383,6.3,2395.0,0.87,69.3,115,0.1,-18.2,62.7,6.6,1.0,1,,False,,0,0,False,3039.8,101,115,1742.0,3.07,,,,,0.8782608695652174,0.5631271988947344,11.187525682235181,False,False,False,69.3
319867890,12.0859,3266.0,0.253161,4,2140.94,1.12353,2036.57,3.15,3578.0,1.65,69.2,75,3.5,-48.6,85.3,5.2,1.0,0,,False,,0,0,False,3886.4,73,75,2343.0,3.97,,,,,0.9733333333333334,0.782229853779797,4.02694934842866,False,False,False,69.2
120334451,11.0992,3351.0,0.605213,5,2547.29,13.17352,1662.9838,3.6,7137.0,5.58,69.1,5,26.2,-5.6,115.5,5.3,2.0,4,,False,,0,0,False,2665.5,5,5,1354.0,20.98,,,,,1.0,3.1772232929981925,1.133064839331092,False,False,False,69.1
433012333,11.0553,3676.0,0.523231,2,50.6,21.20573,4077.8204,3.6,33543.0,10.45,68.7,3,24.7,0.0,70.0,4.0,1.0,0,,False,,0,0,False,23546.8,3,3,23440.0,2.05,,,,,1.0,3.3792605713862507,1.0653218134413343,False,False,False,68.7
372362263,11.363,3356.0,0.529934,3,2168.02,22.28511,2045.7456,6.3,10108.0,5.81,68.6,2,11.5,12.7,68.6,3.5,1.0,1,,False,,0,0,False,2751.6,2,2,10003.0,1.17,,,,,1.0,3.464929566638999,1.8182187772754743,False,False,False,68.6
229142295,11.1831,3131.0,0.266614,8,2878.5,1.34192,1355.2868,4.5,1179.0,1.0,68.3,132,4.7,-54.4,46.4,6.8,1.0,6,"00229142295-01(1:3,ntoi=2);00229142295-02(1:3,ntoi=2);00229142295-01(1:3,ntoi=1);00229142295-01(1:3,ntoi=3)",True,,0,0,False,2408.9,104,132,1086.0,3.47,,,,,0.7878787878787878,0.8590909347889771,5.238095081407602,False,False,False,68.3
120334451,11.0992,3351.0,0.605213,5,2547.29,13.17348,1662.9838,3.6,7051.0,5.54,68.1,5,26.1,-7.2,88.0,3.6,2.0,4,,False,,0,0,False,2665.5,5,5,1398.0,20.72,,,,,1.0,3.1772200772274557,1.1330659861439236,False,False,False,68.1
319325671,12.0246,3629.0,0.62504,4,2553.92,23.52661,1566.0841,3.15,16664.0,8.8,68.1,2,41.8,2.9,63.9,2.7,2.0,1,,False,,0,0,False,2755.3,2,2,15271.0,1.67,,,,,1.0,3.9385220930435043,0.7997923905425723,False,False,False,68.1
37300880,11.3092,3413.0,0.423484,3,2822.29,3.69221,1470.9548,3.0,9329.0,4.46,67.7,19,17.6,5.4,79.4,3.0,1.0,0,,False,,0,0,False,10684.2,15,19,7424.0,9.04,,,,,0.7894736842105263,1.638809337507037,1.8305973314526092,False,False,False,67.7
197866266,12.0881,3164.0,0.280442,8,2633.97,0.87442,1354.979,4.2,2596.0,1.56,66.8,221,7.2,84.0,53.5,5.0,1.0,6,,False,,0,0,False,5619.0,160,221,1626.0,7.61,,,,,0.7239819004524887,0.7703303791413257,5.4522061101649255,False,False,False,66.8
60734281,10.1891,3466.0,0.464762,4,2553.62,0.83486,1572.2953,2.4,983.0,1.59,66.6,103,0.2,-37.6,44.1,5.4,1.0,7,,False,,0,0,False,1150.3,100,103,844.0,3.78,,,,,0.970873786407767,1.06226593136425,2.2593212576418797,False,False,False,66.6
251845156,10.6211,3280.0,0.539546,5,2936.42,20.97235,1368.4342,1.58,14336.0,7.05,66.3,2,0.0,-5.3,70.7,2.8,2.0,13,"00251845156-02(1:3,ntoi=2)",True,,0,0,False,3035.5,2,2,14162.0,1.96,,,,,1.0,3.436446954324687,0.45977721204501865,False,False,False,66.3
32811633,11.663,3219.0,0.221452,6,2822.28,1.27142,1469.5049,4.5,3617.0,1.45,65.9,121,2.2,77.2,44.3,2.3,0.5,0,,False,,0,0,False,8287.7,99,121,2756.0,6.1,,,,,0.8181818181818182,0.7455744981731109,6.03561416200044,False,False,False,65.9
433012333,11.0553,3676.0,0.523231,2,50.6,13.77412,4085.2642,4.2,31347.0,10.11,65.9,2,29.1,3.9,66.0,3.5,1.0,0,,False,,0,0,True,23546.8,2,2,32914.0,1.42,,,,,1.0,2.9265675939821296,1.4351283082052901,False,False,False,65.9
251845156,10.6211,3280.0,0.539546,5,2936.42,23.67141,1368.6498,1.58,14241.0,7.02,65.5,3,12.9,0.3,70.0,2.7,2.0,13,,False,,0,0,False,3035.5,2,2,15355.0,1.92,,,,,1.0,3.5779586845711036,0.4415925781405152,False,False,False,65.5
120334451,11.0992,3351.0,0.605213,5,2547.29,22.89726,1674.5588,4.8,6915.0,5.49,62.6,4,37.0,13.9,69.7,2.5,2.0,4,,False,,0,0,False,2665.5,4,4,3734.0,6.4,,,,,1.0,3.820102048692226,1.2565109357859254,False,False,False,62.6
422653412,11.0337,3391.0,0.408219,5,2577.17,5.99695,1414.3902,7.2,1971.0,1.98,62.4,20,0.1,-16.4,71.3,3.8,1.0,12,,False,,0,0,False,1933.4,20,20,1399.0,3.0,,,,,1.0,1.8798098156288143,3.8301747017910595,False,False,False,62.4
325220989,11.8288,3252.0,0.432769,9,2851.9,1.58638,1325.5814,7.92,1230.0,1.66,62.3,127,0.1,-2.2,19.6,3.2,1.0,11,,False,,0,0,False,2002.2,115,127,983.0,3.09,,,,,0.905511811023622,1.2546274886957385,6.312630698242808,False,False,False,62.3
24587624,11.5142,3594.0,0.602419,5,2852.46,0.54925,1438.5298,6.3,1103.0,2.18,61.4,202,3.6,-13.8,44.6,5.6,1.0,2,,False,,0,0,False,1890.2,144,202,556.0,11.91,,,,,0.7128712871287128,1.098324715121949,5.736008589500328,False,False,False,61.4
139879342,11.035,3731.0,0.454756,4,2907.31,26.29745,1339.5136,2.1,24740.0,7.8,61.3,2,0.0,4.5,63.3,4.3,2.0,0,,False,,0,0,False,4510.2,2,2,17500.0,1.53,,,,,1.0,3.306474151291466,0.6351176219477679,False,False,False,61.3
372362263,11.363,3356.0,0.529934,3,2168.02,19.56902,2045.7081,4.5,9135.0,5.53,60.9,2,0.0,-6.7,61.7,2.9,1.0,1,,False,,0,0,False,2751.6,2,2,9138.0,1.31,,,,,1.0,3.318021347859817,1.3562299720894142,False,False,False,60.9
271502836,11.5627,3208.0,0.499378,2,50.67,0.51827,4154.0003,3.15,2525.0,2.74,60.8,82,8.1,54.9,62.4,3.2,1.0,2,,False,,0,0,False,4822.1,58,82,1695.0,6.98,,,,,0.7073170731707317,0.9506338064884975,3.313578770815694,False,False,False,60.8
214517315,10.4482,3958.0,0.61702,3,2934.84,19.09971,1329.2558,1.58,22906.0,10.19,60.7,2,60.8,1.0,61.0,3.4,2.0,0,,False,,0,0,False,6205.0,2,2,35916.0,1.82,,,,,1.0,3.6426438617152894,0.43375088534073486,False,False,False,60.7
24587624,11.5142,3594.0,0.602419,5,2852.46,1.96278,1439.736,6.0,1608.0,2.64,60.0,57,3.2,58.0,35.0,4.0,0.5,2,,False,,0,0,False,1890.2,56,57,1277.0,3.37,,,,,0.9824561403508771,1.679182666652952,3.573166945535212,False,False,False,60.0
238813187,12.187,3072.0,0.407027,3,2878.97,0.67589,1325.7877,1.12,4362.0,2.93,59.8,106,2.6,60.0,54.5,5.1,1.0,4,"00238813187-03(1:2,ntoi=3);00238813187-02(1:2,ntoi=3)",True,,0,0,False,5457.6,88,104,3865.0,3.18,,,,,0.8461538461538461,0.9062522830286475,1.2358589555846624,False,False,False,59.8
138798618,10.7256,3823.0,0.573846,3,2607.68,35.8656,1456.2275,6.3,4159.0,4.04,59.4,3,9.5,-3.4,52.7,3.0,2.0,8,"00138798618-01(1:3,ntoi=1)",True,,0,0,False,1480.1,3,3,3740.0,1.58,,,,,1.0,4.281847872143639,1.4713273773656992,False,False,False,59.4
32811633,11.663,3219.0,0.221452,6,2822.28,1.90713,1469.5236,6.3,3373.0,1.4,59.2,79,0.8,-43.7,53.9,3.3,1.0,0,,False,,0,0,False,8287.7,69,79,2706.0,4.83,,,,,0.8734177215189873,0.8534697469433132,7.381632474453064,False,False,False,59.2
631919622,12.2624,3822.0,0.515363,6,2174.68,49.69114,2128.8337,4.2,28824.0,9.55,59.2,2,73.0,6.4,63.5,3.3,2.0,2,,False,,0,0,False,8796.6,2,2,47047.0,1.94,,,,,1.0,4.44334571117881,0.9452336759287967,False,False,False,59.2
213240679,11.9362,3247.0,0.524619,5,2575.96,1.47917,1629.8313,2.25,5032.0,4.06,59.1,78,1.9,61.8,44.1,4.6,0.5,13,"00213240679-02(1:2,ntoi=2);00213240679-01(1:2,ntoi=2);00213240679-01(1:2,ntoi=1);00213240679-01(1:2,ntoi=1);00213240679-01(1:2,ntoi=1);00213240679-01(1:2,ntoi=2);00213240679-02(1:2,ntoi=2)",True,,0,0,False,4852.2,76,77,4383.0,4.2,,,,,0.987012987012987,1.3935107848710064,1.6146269009380336,False,False,False,59.1
2054945742,12.4987,3726.0,0.445894,5,2142.47,59.83905,2085.427,2.25,127737.0,17.39,59.1,2,0.1,3.1,48.5,4.3,2.0,0,,False,,0,0,False,20272.9,2,2,128658.0,1.01,,,,,1.0,4.292308645108013,0.5241934320273888,False,False,False,59.1
422653412,11.0337,3391.0,0.408219,5,2577.17,0.66397,1411.4277,7.2,816.0,1.27,59.0,185,0.4,-8.9,38.7,6.8,1.0,12,,False,,0,0,False,1933.4,132,185,495.0,9.03,,,,,0.7135135135135136,0.9026511145853399,7.976503749521806,False,False,False,59.0
631919622,12.2624,3822.0,0.515363,6,2174.68,43.09807,2157.2837,4.2,27735.0,9.36,58.1,4,72.9,-8.9,95.8,5.7,2.0,2,,False,,0,0,False,8796.6,2,2,46783.0,1.95,,,,,1.0,4.237435088357518,0.9911656255312625,False,False,False,58.1
75160399,8.36522,3386.0,0.291681,8,2575.91,12.8668,1629.6729,0.6,2869.0,1.7,58.0,9,38.0,3.0,68.0,4.8,2.0,0,,False,,0,0,False,1246.8,7,9,817.0,9.84,,,,,0.7777777777777778,1.9377774795581344,0.3096330751747699,False,False,False,58.0
31373667,11.8902,3258.0,0.545087,6,2852.47,51.47901,1448.928,3.0,19691.0,8.34,57.9,2,1.4,-1.8,44.3,3.3,2.0,3,,False,,0,0,False,2616.2,2,2,19762.0,1.02,,,,,1.0,4.667262624754606,0.6427750570727168,False,False,False,57.9
118271813,12.2806,3201.0,0.239004,4,2547.33,3.27824,1657.6227,7.2,3753.0,1.6,57.7,28,2.5,-32.8,51.4,3.0,1.0,0,,False,,0,0,False,3769.4,28,28,2505.0,3.14,,,,,1.0,1.075702031158186,6.69330334186309,False,False,False,57.7
267023400,12.4315,3428.0,0.60939,2,374.25,0.53202,3830.7518,6.3,6459.0,5.34,57.6,88,2.4,-6.7,47.2,2.9,1.0,0,,False,,0,0,False,19976.3,49,88,2946.0,10.4,,,,,0.5568181818181818,1.0950849972421008,5.7529780938156705,False,False,False,57.6
251845156,10.6211,3280.0,0.539546,5,2936.42,16.37351,1365.6545,1.8,9349.0,5.69,57.4,3,36.7,10.2,70.9,2.8,2.0,13,,False,,0,0,False,3035.5,3,3,2942.0,9.46,,,,,1.0,3.164277345520495,0.5688502629354433,False,False,False,57.4
429152614,11.8471,2974.0,0.494235,4,2555.04,1.56501,1545.0634,6.3,3089.0,3.0,57.3,59,5.2,25.3,46.1,4.5,2.0,11,,False,,0,0,False,10122.4,49,59,1767.0,20.48,,,,,0.8305084745762712,1.3645925562739838,4.616762689371641,False,False,False,57.3
75160399,8.36522,3386.0,0.291681,8,2575.91,24.91675,1632.2719,0.75,2582.0,1.62,57.2,9,25.7,5.1,65.9,4.5,2.0,0,,False,,0,0,False,1246.8,6,9,78.0,159.08,,,,,0.6666666666666666,2.4153358033846004,0.31051582928925575,False,False,False,57.2
319325671,12.0246,3629.0,0.62504,4,2553.92,16.35799,1549.7341,3.15,11314.0,7.25,57.2,3,24.5,-2.7,68.1,3.0,2.0,1,,False,,0,0,False,2755.3,3,3,5113.0,5.15,,,,,1.0,3.4891808562729643,0.9027906920722742,False,False,False,57.2
314671211,11.9659,3199.0,0.232039,4,2547.35,0.97219,1657.647,4.2,2498.0,1.27,56.8,94,1.3,70.7,61.1,6.5,1.0,0,,False,,0,0,False,3701.7,87,94,1421.0,4.16,,,,,0.925531914893617,0.7033411070288708,5.971497980179336,False,False,False,56.8
268717977,11.5687,3229.0,0.280434,4,2904.62,2.4271,1386.6355,4.8,2029.0,1.38,56.7,43,1.2,-45.6,56.4,3.2,1.0,0,,False,,0,0,False,2485.4,43,43,1353.0,3.94,,,,,1.0,1.0825749207146498,4.433873266555384,False,False,False,56.7
138798618,10.7256,3823.0,0.573846,3,2607.68,28.4983,1445.1963,6.0,4367.0,4.14,56.7,3,13.9,-0.7,56.6,3.4,2.0,8,,False,,0,0,False,1480.1,3,3,4853.0,1.22,,,,,1.0,3.9659282345285694,1.512886680036766,False,False,False,56.7
71374255,12.3689,3079.0,0.360869,2,2821.64,0.82791,1411.7643,3.6,3841.0,2.44,56.4,52,0.9,68.8,24.9,3.5,1.0,0,,False,,0,0,False,6097.8,41,52,2251.0,4.48,,,,,0.7884615384615384,0.8948887619224913,4.022846361670822,False,False,False,56.4
160142472,12.2579,3341.0,0.543852,5,2879.66,28.32379,1436.3623,6.0,10834.0,6.18,55.7,3,3.0,-4.9,52.0,3.9,2.0,9,"00160142472-01(1:2,ntoi=1)",True,,0,0,False,3069.9,3,3,10233.0,1.38,,,,,1.0,3.818673868117165,1.5712260871752213,False,False,False,55.7
21948347,12.1467,3937.0,0.603061,3,1817.51,15.31341,2266.4226,2.1,48870.0,14.54,55.6,2,0.0,-0.5,39.6,2.6,2.0,0,,False,,0,0,False,8399.9,2,2,41114.0,1.24,,,,,1.0,3.3327783125433674,0.6301049163985383,False,False,False,55.6
120334442,12.4769,3139.0,0.402555,4,2547.29,13.13674,1669.0838,4.8,17505.0,5.81,55.4,5,6.6,-14.6,73.8,4.4,2.0,0,,False,,0,0,False,7369.4,4,5,13477.0,3.56,,,,,0.8,2.4187314168683995,1.9845113709295994,False,False,False,55.4
148563078,11.3541,3088.0,0.224442,4,2554.91,22.58636,1560.2261,1.2,16386.0,3.13,54.8,5,52.3,-2.2,56.8,3.1,2.0,2,,False,,0,0,False,6265.1,4,5,7799.0,6.35,,,,,0.8,1.9628771951647894,0.6113474663397148,False,False,False,54.8
148563078,11.3541,3088.0,0.224442,4,2554.91,23.43978,1555.5073,2.1,16677.0,3.16,54.7,3,35.6,13.9,73.8,4.7,2.0,2,,False,,0,0,False,6265.1,3,3,12124.0,3.49,,,,,1.0,1.987294471857823,1.056713048689163,False,False,False,54.7
148563078,11.3541,3088.0,0.224442,4,2554.91,21.2939,1560.2698,2.1,14403.0,2.94,54.5,4,50.7,-5.3,59.1,3.3,2.0,2,,False,,0,0,False,6265.1,3,4,10574.0,3.74,,,,,0.75,1.9246988380244212,1.0910797879191916,False,False,False,54.5
319867890,12.0859,3266.0,0.253161,4,2140.94,1.87453,2037.2825,3.15,3407.0,1.61,54.5,47,1.8,-38.7,65.1,3.7,1.0,0,,False,,0,0,False,3886.4,47,47,2245.0,3.96,,,,,1.0,0.9277628126306601,3.3952643467873145,False,False,False,54.5
144063051,11.9033,3777.0,0.596265,5,2170.75,13.32373,2074.65,4.2,25778.0,10.44,54.4,2,6.7,-0.3,55.1,5.4,1.0,1,,False,,0,0,False,7179.3,2,2,23952.0,1.16,,,,,1.0,3.157740569690418,1.3300649332354002,False,False,False,54.4
120334442,12.4769,3139.0,0.402555,4,2547.29,13.13676,1669.1088,6.0,16058.0,5.57,54.4,5,7.0,-15.5,51.5,2.5,2.0,0,,False,,0,0,False,7369.4,4,5,13477.0,3.55,,,,,0.8,2.418732644331828,2.480637954782097,False,False,False,54.4
419692115,10.7333,3136.0,0.203777,7,2523.81,0.69541,1601.6428,7.2,589.0,0.54,53.8,230,0.5,-18.5,20.4,3.7,1.0,1,,False,,0,0,False,1667.9,147,229,399.0,5.55,,,,,0.6419213973799127,0.5768444440968487,12.481701217167595,False,False,False,53.8
234506911,10.7682,3526.0,0.590838,10,2879.02,47.10366,1364.8624,2.34,6067.0,5.02,53.7,3,42.0,2.8,48.1,3.4,2.0,30,,False,,0,0,False,1332.0,2,3,8374.0,1.27,,,,,0.6666666666666666,4.781220704034634,0.4894147634777433,False,False,False,53.7
355766445,10.799,3524.0,0.602747,9,2879.02,72.60328,1325.4095,3.06,7343.0,5.64,53.6,2,4.4,-5.5,45.0,3.6,2.0,19,,False,,0,0,False,1443.7,2,2,7689.0,1.08,,,,,1.0,5.596936926804981,0.5467276190562336,False,False,False,53.6
79661385,10.9776,3384.0,0.403112,4,2573.53,5.80869,1663.8959,6.3,2321.0,2.12,53.6,12,3.0,-24.0,40.5,2.8,1.0,8,,False,,0,0,False,1970.8,12,12,2111.0,3.35,,,,,1.0,1.8443847029927247,3.415773287306889,False,False,False,53.6
238813187,12.187,3072.0,0.407027,3,2878.97,0.84473,1325.5627,1.12,4312.0,2.92,53.6,86,0.1,-30.1,48.5,4.4,1.0,4,,False,,0,0,False,5457.6,71,85,3870.0,3.12,,,,,0.8352941176470589,0.9761796414023931,1.147329807443016,False,False,False,53.6
355766445,10.799,3524.0,0.602747,9,2879.02,70.78906,1396.1452,4.5,6432.0,5.27,53.4,2,0.0,13.1,45.0,3.6,2.0,19,,False,,0,0,False,1443.7,2,2,7195.0,1.16,,,,,1.0,5.54992414691483,0.8108218924940664,False,False,False,53.4
276967501,11.7705,3379.0,0.535586,10,2522.58,3.91092,1630.5109,7.92,1525.0,2.28,53.1,59,3.6,16.7,38.6,3.1,1.0,21,"00276967501-01(3:1,ntoi=1)",True,,0,0,False,2335.2,56,59,1249.0,8.38,,,,,0.9491525423728814,1.9536829314714002,4.053881964375416,False,False,False,53.1
355766445,10.799,3524.0,0.602747,9,2879.02,69.05981,1325.4802,3.78,6860.0,5.45,53.1,2,6.2,1.5,45.0,3.6,2.0,19,,False,,0,0,False,1443.7,2,2,7417.0,1.12,,,,,1.0,5.504359516830312,0.6867283992700961,False,False,False,53.1
118053599,11.1269,3364.0,0.633757,6,2547.32,25.62948,1676.4602,4.8,4381.0,4.58,52.8,5,14.5,-1.1,66.8,3.5,2.0,8,,False,,0,0,False,2213.6,5,5,870.0,13.86,,,,,1.0,4.0901264842778025,1.1735578394582435,False,False,False,52.8
631919622,12.2624,3822.0,0.515363,6,2174.68,26.56841,2134.1837,4.2,22369.0,8.41,52.8,4,30.0,6.7,75.9,4.2,2.0,2,,False,,0,0,False,8796.6,4,4,7784.0,11.71,,,,,1.0,3.6063868096907497,1.1646005327864855,False,False,False,52.8
144063051,11.9033,3777.0,0.596265,5,2170.75,41.07549,2084.9375,4.8,26307.0,10.55,52.7,2,5.8,6.7,50.8,4.8,1.0,1,,False,,0,0,False,7179.3,2,2,23738.0,1.17,,,,,1.0,4.595810256749486,1.0444295416571294,False,False,False,52.7
144063051,11.9033,3777.0,0.596265,5,2170.75,80.57027,2084.9375,6.0,25934.0,10.48,52.6,2,0.0,1.7,50.8,4.8,2.0,1,,False,,0,0,False,7179.3,2,2,23227.0,1.2,,,,,1.0,5.7529788675819145,1.0429379523380577,False,False,False,52.6
290051427,11.5461,3742.0,0.612391,1,26.05,9.9703,4266.7832,0.5,78647.0,18.74,52.0,2,0.0,-10.6,52.0,3.7,1.0,0,,False,,0,0,False,23048.9,2,2,78856.0,1.23,,,,,1.0,2.9183020197835376,0.17133250657760468,False,False,False,52.0
120334451,11.0992,3351.0,0.605213,5,2547.29,14.83743,1668.6713,3.0,6694.0,5.4,52.0,5,56.2,1.5,72.8,2.7,2.0,4,,False,,0,0,False,2665.5,4,4,2916.0,10.23,,,,,1.0,3.3057247328993595,0.9075165787832501,False,False,False,52.0
44793998,12.0986,3244.0,0.463045,5,2879.66,0.53414,1411.2568,4.5,1588.0,2.01,52.0,204,2.3,-18.8,53.9,8.7,1.0,1,"00044793998-01(1:1,ntoi=1)",True,,0,0,False,2274.1,163,204,906.0,6.03,,,,,0.7990196078431373,0.9130799241271882,4.928374703125297,False,False,False,52.0
448744245,12.3176,3158.0,0.203424,5,2527.41,0.57327,1572.2235,6.3,2681.0,1.15,51.4,201,0.7,-12.2,43.3,7.5,1.0,0,,False,,0,0,False,6650.0,159,199,1427.0,12.39,,,,,0.7989949748743719,0.5402517208523474,11.661230787123788,False,False,False,51.4
12931952,12.4529,3171.0,0.222593,4,2906.03,0.70012,1354.5019,2.1,3038.0,1.34,51.3,118,0.5,57.0,50.1,7.6,1.0,1,"00012931952-01(1:2,ntoi=1)",True,,0,0,False,3313.4,117,118,2089.0,3.22,,,,,0.9915254237288136,0.6132065576214275,3.4246209110119583,False,False,False,51.3
118053599,11.1269,3364.0,0.633757,6,2547.32,18.72642,1669.8227,3.0,4942.0,4.86,51.2,6,8.5,4.7,75.4,4.4,2.0,8,,False,,0,0,False,2213.6,4,6,5141.0,2.55,,,,,0.6666666666666666,3.6839047561171845,0.8143533013491868,False,False,False,51.2
148563078,11.3541,3088.0,0.224442,4,2554.91,11.83029,1548.4261,2.4,9008.0,2.32,51.2,7,7.0,-1.4,61.7,3.6,2.0,2,,False,,0,0,False,6265.1,6,7,5413.0,7.3,,,,,0.8571428571428571,1.5822539103024478,1.5168235542810193,False,False,False,51.2
120334451,11.0992,3351.0,0.605213,5,2547.29,15.45089,1671.2213,4.2,4318.0,4.34,50.6,6,37.1,11.4,70.5,2.5,2.0,4,,False,,0,0,False,2665.5,6,6,2029.0,13.12,,,,,1.0,3.350669761358865,1.25348073642945,False,False,False,50.6
317024829,12.2038,3448.0,0.468331,2,302.06,40.94092,4023.9739,7.2,62270.0,12.75,50.5,2,0.0,8.0,42.2,3.6,2.0,0,,False,,0,0,False,46921.6,2,2,59098.0,1.28,,,,,1.0,3.9080738667569146,1.842339793330177,False,False,False,50.5
213240679,11.9362,3247.0,0.524619,5,2575.96,1.1094,1628.6875,2.25,3787.0,3.52,50.3,98,17.0,-27.6,50.1,5.4,0.5,13,,False,,0,0,False,4852.2,90,98,3216.0,4.6,,,,,0.9183673469387755,1.2660971311562712,1.7771148394793164,False,False,False,50.3
148563078,11.3541,3088.0,0.224442,4,2554.91,20.70344,1560.2511,1.2,15597.0,3.06,50.3,5,41.5,9.5,59.6,3.3,2.0,2,,False,,0,0,False,6265.1,3,5,799.0,61.94,,,,,0.6,1.9067417884670825,0.6293458334307211,False,False,False,50.3
95328477,10.39,3766.0,0.596088,3,2822.28,13.7549,1471.3243,6.3,3503.0,3.85,50.2,2,29.6,2.6,49.4,2.6,2.0,3,"00095328477-01(1:1,ntoi=1);00095328477-01(1:1,ntoi=1)",True,,0,0,True,1173.0,2,2,3378.0,1.61,,,,,1.0,3.190810597798574,1.974419918357592,False,False,False,50.2
355766445,10.799,3524.0,0.602747,9,2879.02,25.79039,1334.9715,7.92,2215.0,3.09,50.0,7,7.0,3.6,58.4,4.6,2.0,19,,False,,0,0,False,1443.7,7,7,1593.0,4.19,,,,,1.0,3.963853869644591,1.9980554935820898,False,False,False,50.0
259845346,11.2054,3344.0,0.522994,10,2907.31,0.99222,1325.7198,7.92,583.0,1.38,49.9,225,0.1,-21.6,18.5,3.4,0.5,25,,False,,0,0,False,1517.4,177,225,395.0,11.07,,,,,0.7866666666666666,1.217331211839957,6.5060354347024205,False,False,False,49.9
425871236,12.4392,3203.0,0.520683,5,320.57,1.30118,3831.3325,4.2,2782.0,3.0,49.8,78,0.2,54.6,26.5,5.4,0.5,1,"00425871236-01(1:2,ntoi=1)",True,,0,0,False,2987.6,77,78,2347.0,3.64,,,,,0.9871794871794872,1.3285248616014673,3.16140113097855,False,False,False,49.8
461837093,11.6354,3456.0,0.380742,4,2555.63,23.09968,1533.9314,3.0,38573.0,8.16,49.7,2,10.8,-0.9,47.2,3.1,2.0,0,,False,,0,0,False,20059.0,2,2,38570.0,1.22,,,,,1.0,2.812963777699553,1.0664908036794578,False,False,False,49.7
57574127,12.1446,3588.0,0.369016,2,50.8,26.03222,4099.1144,3.15,40394.0,8.09,49.7,2,8.3,-3.1,50.6,5.2,2.0,0,,False,,0,0,False,12394.4,2,2,38268.0,1.19,,,,,1.0,2.8668754607615488,1.0987571811589063,False,False,False,49.7
321100026,11.1278,3492.0,0.583714,3,354.63,39.67182,3940.7106,4.5,22445.0,9.54,49.5,3,15.6,-4.2,49.7,4.6,2.0,0,,False,,0,0,False,9641.3,3,3,20780.0,1.51,,,,,1.0,4.478876376239786,1.0047162774735812,False,False,False,49.5
259845346,11.2054,3344.0,0.522994,10,2907.31,0.99224,1325.6898,7.92,577.0,1.37,49.4,224,0.4,-21.5,39.0,5.2,0.5,25,,False,,0,0,False,1517.4,175,224,402.0,11.68,,,,,0.78125,1.2173393909603996,6.505991721627974,False,False,False,49.4
259845346,11.2054,3344.0,0.522994,10,2907.31,0.99224,1325.6898,7.92,577.0,1.37,49.4,224,0.5,-21.4,27.9,3.1,1.0,25,,False,,0,0,False,1517.4,175,224,396.0,11.86,,,,,0.78125,1.2173393909603996,6.505991721627974,False,False,False,49.4
41862482,12.3514,3143.0,0.282368,8,2904.61,20.30932,1389.1392,0.75,21459.0,4.51,49.1,7,54.5,-1.0,77.5,2.7,2.0,0,,False,,0,0,False,2480.3,4,6,381.0,243.46,,,,,0.6666666666666666,2.2079220669714306,0.33968590251410563,False,False,False,49.1
319325671,12.0246,3629.0,0.62504,4,2553.92,6.26228,1547.2966,3.15,4722.0,4.69,49.1,14,13.6,8.5,64.2,2.7,1.0,1,,False,,0,0,False,2755.3,12,14,1523.0,16.29,,,,,0.8571428571428571,2.533519952444842,1.2433294622212292,False,False,False,49.1
290051427,11.5461,3742.0,0.612391,1,26.05,0.71624,4264.9178,4.08,7900.0,5.94,49.0,33,1.8,12.7,49.8,3.4,1.0,0,,False,,0,0,False,23048.9,26,33,6684.0,3.17,,,,,0.7878787878787878,1.2131477139306923,3.3631518677807875,False,False,False,49.0
402683652,12.4254,3136.0,0.30821,6,2469.82,0.50616,1629.6297,3.0,2127.0,1.55,48.9,271,0.3,66.0,55.2,5.3,1.0,1,,False,,0,0,False,4939.4,188,271,1491.0,5.58,,,,,0.6937269372693727,0.6837049405043627,4.387857717960804,False,False,False,48.9
95328477,10.39,3766.0,0.596088,3,2822.28,12.86593,1471.3056,7.2,1816.0,2.77,48.9,6,22.2,-16.7,47.3,2.5,2.0,3,,False,,0,0,False,1173.0,6,6,1275.0,3.94,,,,,1.0,3.1205341624495664,2.307297284753365,False,False,False,48.9
32811633,11.663,3219.0,0.221452,6,2822.28,57.41127,1498.1424,4.2,21676.0,3.56,48.8,2,0.0,-1.1,55.0,3.4,2.0,0,,False,,0,0,False,8287.7,2,2,23568.0,1.53,,,,,1.0,2.6549748815874246,1.581935870326877,False,False,False,48.8
111267570,12.0632,3276.0,0.311473,5,2144.25,27.00887,2127.3682,1.8,24476.0,5.32,48.7,3,15.9,-2.3,47.9,4.5,1.0,0,,False,,0,0,True,8462.3,3,3,20049.0,1.66,,,,,1.0,2.5921335276648145,0.6944086717714627,False,False,False,48.7
327710327,11.5442,3491.0,0.350476,8,2879.03,67.49782,1344.7201,2.25,18725.0,5.23,48.6,3,17.0,-3.3,37.9,4.4,2.0,3,,False,,0,0,False,5360.2,3,3,23629.0,1.14,,,,,1.0,3.805488366028155,0.5912513148340954,False,False,False,48.6
402683652,12.4254,3136.0,0.30821,6,2469.82,0.75926,1629.6047,2.4,2710.0,1.75,48.6,179,1.6,-18.7,52.0,4.9,1.0,1,,False,,0,0,False,4939.4,135,179,2442.0,4.57,,,,,0.7541899441340782,0.7826536552339342,3.066490501833334,False,False,False,48.6
394137224,10.1543,3439.0,0.634621,8,2879.02,6.47646,1329.9243,6.3,908.0,2.09,48.5,24,7.8,-0.1,60.2,5.1,0.5,19,,False,,0,0,False,1011.7,18,24,512.0,9.7,,,,,0.75,2.5881959260229217,2.434127933150995,False,False,False,48.5
41862482,12.3514,3143.0,0.282368,8,2904.61,21.026,1388.4308,0.75,20417.0,4.4,48.3,6,32.5,-1.9,77.4,2.7,2.0,0,,False,,0,0,False,2480.3,5,6,925.0,100.42,,,,,0.8333333333333334,2.2335936480353027,0.3357817571963949,False,False,False,48.3
431259116,11.1688,3435.0,0.378057,4,1815.49,0.55963,2362.2397,6.3,1597.0,1.65,48.0,182,0.3,-12.1,32.2,8.0,1.0,0,,False,,0,0,False,2392.4,173,181,840.0,7.98,,,,,0.9558011049723757,0.810115258904791,7.776671196783876,False,False,False,48.0
394134586,10.2819,3461.0,0.352722,7,2879.02,33.2807,1354.2743,2.1,4982.0,2.72,47.9,3,54.9,-1.7,55.3,3.0,2.0,3,,False,,0,0,False,1116.5,3,3,1245.0,10.08,,,,,1.0,3.01921571760899,0.6955448687393079,False,False,False,47.9
290051427,11.5461,3742.0,0.612391,1,26.05,12.1927,4274.5311,0.5,72080.0,17.94,47.6,2,16.6,12.8,47.6,3.1,1.0,0,,False,,0,0,False,23048.9,2,2,72146.0,1.35,,,,,1.0,3.120763010187668,0.16021722840464336,False,False,False,47.6
259845346,11.2054,3344.0,0.522994,10,2907.31,1.99019,1327.3698,7.92,706.0,1.52,47.6,109,1.0,2.1,28.3,3.2,0.5,25,,False,,0,0,False,1517.4,100,108,593.0,5.33,,,,,0.9259259259259259,1.5352211503392412,5.158865873004616,False,False,False,47.6
327710327,11.5442,3491.0,0.350476,8,2879.03,79.89873,1362.6201,3.0,23370.0,5.85,47.4,2,8.1,0.6,37.1,4.3,2.0,3,,False,,0,0,False,5360.2,2,2,19592.0,1.3,,,,,1.0,4.025567456089706,0.7452365493122537,False,False,False,47.4
394134586,10.2819,3461.0,0.352722,7,2879.02,30.64036,1343.668,1.2,5087.0,2.74,47.3,5,55.8,-0.8,55.9,3.0,2.0,3,,False,,0,0,False,1116.5,4,5,578.0,27.33,,,,,0.8,2.9371623154672166,0.4085576046242834,False,False,False,47.3
446764692,10.7217,3285.0,0.411081,5,2528.39,25.2374,1561.9043,7.2,4367.0,2.96,47.3,3,3.8,2.6,45.8,3.8,1.0,17,"00446764692-01(1:1,ntoi=4);00446764692-04(1:1,ntoi=4)",True,,0,0,False,1612.9,3,3,4107.0,1.16,,,,,1.0,3.049121759789446,2.3613356786700406,False,False,False,47.3
290051427,11.5461,3742.0,0.612391,1,26.05,11.83785,4274.8915,0.5,97080.0,20.82,47.2,2,0.7,0.5,47.2,3.0,1.0,0,,False,,0,0,False,23048.9,1,1,97276.0,1.0,,,,,1.0,3.0901894432175774,0.16180237787602703,False,False,False,47.2
354134555,10.9773,3944.0,0.615476,4,2196.33,17.89935,2048.6715,1.2,10841.0,6.99,47.2,3,43.3,-0.3,48.8,2.8,2.0,0,,False,,0,0,False,1627.7,3,3,3372.0,6.21,,,,,1.0,3.55872800400079,0.337199133693538,False,False,False,47.2
118053599,11.1269,3364.0,0.633757,6,2547.32,24.14876,1662.7727,4.2,3499.0,4.09,46.9,7,17.0,0.6,58.8,2.8,2.0,8,,False,,0,0,False,2213.6,5,7,1235.0,10.2,,,,,0.7142857142857143,4.009791140721989,1.0474361014333937,False,False,False,46.9
101251974,12.3688,3148.0,0.378754,3,2553.74,0.67467,1545.635,4.5,2248.0,1.96,46.7,91,2.3,16.4,35.1,3.3,1.0,2,,False,,0,0,False,4678.5,65,91,1467.0,6.27,,,,,0.7142857142857143,0.863263898396372,5.212774457914145,False,False,False,46.7
279726713,12.3599,3301.0,0.303843,9,2633.97,1.91824,1355.8026,7.92,1340.0,1.21,46.6,109,0.5,-21.6,13.9,3.1,1.0,10,,False,,0,0,False,2399.7,98,109,980.0,3.4,,,,,0.8990825688073395,1.0558659025024273,7.500952517956505,False,False,False,46.6
146636926,11.4694,3334.0,0.370471,7,2874.19,65.00638,1392.6773,3.6,8298.0,3.68,46.5,2,19.0,-4.1,46.1,3.5,2.0,8,,False,,0,0,False,1912.4,2,2,8653.0,1.39,,,,,1.0,3.899687141904723,0.9231509782709525,False,False,False,46.5
24587624,11.5142,3594.0,0.602419,5,2852.46,2.94413,1440.7423,6.3,1454.0,2.51,46.4,38,1.8,-10.5,39.0,3.0,1.0,2,,False,,0,0,False,1890.2,37,38,1228.0,3.62,,,,,0.9736842105263158,1.922175609284662,3.2775361260278117,False,False,False,46.4
41862482,12.3514,3143.0,0.282368,8,2904.61,23.12651,1392.8006,0.75,18258.0,4.16,46.2,6,29.7,1.3,77.7,2.7,2.0,0,,False,,0,0,False,2480.3,5,6,1226.0,75.75,,,,,0.8333333333333334,2.3056248559586736,0.3252914272075505,False,False,False,46.2
231973225,11.7336,3901.0,0.589232,3,1871.43,28.10724,2199.9824,1.12,29765.0,11.09,46.2,3,14.4,-6.1,41.3,4.3,1.0,0,,False,,0,0,False,7499.5,3,3,44169.0,1.03,,,,,1.0,4.017956627165774,0.2787486535886368,False,False,False,46.2
120334442,12.4769,3139.0,0.402555,4,2547.29,13.71871,1668.4838,2.4,25049.0,6.95,46.1,3,28.7,1.9,51.5,2.5,2.0,0,,False,,0,0,True,7369.4,3,3,14971.0,4.8,,,,,1.0,2.4539339517068166,0.9780214330262217,False,False,False,46.1
441051650,10.8206,3326.0,0.360044,5,2936.46,46.40817,1391.8891,6.3,5005.0,2.78,46.0,2,10.8,8.4,41.5,3.5,2.0,7,"00441051650-01(2:1,ntoi=1);00441051650-01(2:1,ntoi=2)",True,,0,0,False,1403.4,2,2,4889.0,1.25,,,,,1.0,3.41961195817445,1.8423142967844914,False,False,False,46.0
441051650,10.8206,3326.0,0.360044,5,2936.46,35.57972,1387.2391,6.3,5005.0,2.78,46.0,2,0.0,3.9,38.9,3.2,2.0,7,,False,,0,0,False,1403.4,2,2,4889.0,1.25,,,,,1.0,3.1297731082509723,2.0129254684281768,False,False,False,46.0
120334442,12.4769,3139.0,0.402555,4,2547.29,14.62098,1671.2838,4.8,12006.0,4.81,46.0,7,22.7,-14.3,57.4,3.0,2.0,0,,False,,0,0,False,7369.4,7,7,7568.0,7.01,,,,,1.0,2.506593669626637,1.914949382567846,False,False,False,46.0
118053599,11.1269,3364.0,0.633757,6,2547.32,6.2437,1662.9477,4.2,1917.0,3.03,45.9,23,3.5,2.9,69.9,3.8,1.0,8,"00118053599-02(2:1,ntoi=2);00118053599-01(2:1,ntoi=1)",True,,0,0,False,2213.6,18,23,273.0,43.17,,,,,0.782608695652174,2.5544896619985806,1.6441640232413413,False,False,False,45.9
382432832,10.9424,3778.0,0.560021,7,2168.04,0.7091,2036.9162,7.2,758.0,1.68,45.8,206,1.0,-13.8,39.5,12.4,1.0,0,,False,,0,0,False,1541.3,192,205,430.0,5.04,,,,,0.9365853658536586,1.1391484694429372,6.32051062099124,False,False,False,45.8
146636926,11.4694,3334.0,0.370471,7,2874.19,63.01478,1415.3273,4.5,7740.0,3.56,45.8,2,0.0,4.8,46.1,3.5,2.0,8,,False,,0,0,False,1912.4,2,2,8709.0,1.44,,,,,1.0,3.859448474195849,1.1659697052796167,False,False,False,45.8
314671211,11.9659,3199.0,0.232039,4,2547.35,1.45827,1658.147,4.2,2376.0,1.23,45.7,62,0.1,-34.8,48.4,4.9,1.0,0,,False,,0,0,False,3701.7,58,62,1465.0,3.85,,,,,0.9354838709677419,0.805121822061079,5.216601866843171,False,False,False,45.7
214517315,10.4482,3958.0,0.61702,3,2934.84,17.80985,1329.6683,1.12,15891.0,8.49,45.7,3,66.2,0.6,58.6,3.2,2.0,0,,False,,0,0,False,6205.0,3,3,3584.0,15.61,,,,,1.0,3.558725925614288,0.3147193752513189,False,False,False,45.7
2054945742,12.4987,3726.0,0.445894,5,2142.47,26.06158,2087.152,2.25,107972.0,15.98,45.3,2,11.4,3.0,44.7,3.8,1.0,0,,False,,0,0,False,20272.9,2,2,100422.0,1.27,,,,,1.0,3.2535910159380523,0.6915435864489858,False,False,False,45.3
427346731,10.0714,3438.0,0.608717,3,2577.38,8.87478,1473.5783,3.15,1814.0,2.83,45.1,9,0.4,-8.2,47.8,3.5,1.0,9,,False,,0,0,False,1198.5,8,9,653.0,8.98,,,,,0.8888888888888888,2.796003944962802,1.1266078524942522,False,False,False,45.1
340703767,11.2855,3467.0,0.477742,4,2936.45,2.72091,1355.1012,6.3,1365.0,1.93,44.8,33,1.3,6.2,28.1,3.1,0.5,3,,False,,0,0,False,1440.2,32,33,1224.0,3.03,,,,,0.9696969696969697,1.6041388926872344,3.927340723873551,False,False,False,44.8
317024829,12.2038,3448.0,0.468331,2,302.06,0.70532,3989.0114,4.8,9502.0,4.98,44.8,90,4.2,2.7,56.1,3.2,1.0,0,,False,,0,0,False,46921.6,63,90,7396.0,8.38,,,,,0.7,1.0093434385658362,4.7555666551122195,False,False,False,44.8
2054945742,12.4987,3726.0,0.445894,5,2142.47,33.62236,2095.1302,6.3,96565.0,15.12,44.7,2,12.3,0.5,44.8,3.9,1.0,0,,False,,0,0,False,20272.9,2,2,99118.0,1.27,,,,,1.0,3.5419202440164796,1.7786961777704804,False,False,False,44.7
139879342,11.035,3731.0,0.454756,4,2907.31,17.23056,1336.6574,4.5,4159.0,3.2,44.3,7,10.5,5.6,31.4,3.5,2.0,0,,False,,0,0,False,4510.2,5,7,4753.0,2.76,,,,,0.7142857142857143,2.8718409466028385,1.56693914588938,False,False,False,44.3
461837093,11.6354,3456.0,0.380742,4,2555.63,21.70919,1535.0064,3.0,36543.0,7.94,44.2,2,0.0,6.0,47.7,3.1,2.0,0,,False,,0,0,False,20059.0,2,2,34989.0,1.34,,,,,1.0,2.7553494836183026,1.0887911017590497,False,False,False,44.2
321100026,11.1278,3492.0,0.583714,3,354.63,14.41385,3937.7544,4.2,12414.0,7.1,44.2,7,21.8,0.7,42.4,4.5,2.0,0,,False,,0,0,False,9641.3,6,7,6771.0,4.68,,,,,0.8571428571428571,3.195962684251839,1.3141580221494988,False,False,False,44.2
21948347,12.1467,3937.0,0.603061,3,1817.51,22.31479,2266.3914,1.2,40222.0,13.2,44.2,2,0.0,-0.3,42.4,2.9,2.0,0,,False,,0,0,False,8399.9,2,2,43334.0,1.64,,,,,1.0,3.778447489865103,0.3175907573729024,False,False,False,44.2
2054945742,12.4987,3726.0,0.445894,5,2142.47,32.26561,2087.6239,4.2,76225.0,13.43,44.1,2,0.0,1.6,43.7,3.7,1.0,0,,False,,0,0,False,20272.9,2,2,72026.0,1.09,,,,,1.0,3.49362274506104,1.2021904786192414,False,False,False,44.1
214517315,10.4482,3958.0,0.61702,3,2934.84,17.38952,1330.0808,1.58,12650.0,7.57,44.0,3,27.9,0.4,58.7,3.2,2.0,0,,False,,0,0,False,6205.0,3,3,2344.0,20.85,,,,,1.0,3.530506264516523,0.44752788456427495,False,False,False,44.0
201938513,10.8024,3494.0,0.575356,6,2633.96,35.55358,1367.2203,3.15,5955.0,4.84,43.5,2,14.9,-6.1,39.0,4.3,1.0,23,,False,,0,0,False,1359.6,2,2,6415.0,1.27,,,,,1.0,4.276881042029483,0.7365180300888726,False,False,False,43.5
355766445,10.799,3524.0,0.602747,9,2879.02,39.60797,1339.599,6.12,3192.0,3.72,43.3,3,13.3,5.2,49.0,3.5,2.0,19,,False,,0,0,False,1443.7,3,3,2059.0,3.09,,,,,1.0,4.5732596607099785,1.3382139773471549,False,False,False,43.3
31373667,11.8902,3258.0,0.545087,6,2852.47,32.44524,1457.5592,2.1,18381.0,8.06,43.2,2,10.0,-6.8,44.3,3.3,2.0,3,,False,,0,0,False,2616.2,1,1,19294.0,1.0,,,,,1.0,4.001619960398979,0.5247874662716899,False,False,False,43.2
41862482,12.3514,3143.0,0.282368,8,2904.61,18.42359,1391.1574,0.62,19142.0,4.26,43.1,7,30.9,0.4,80.9,2.9,2.0,0,,False,,0,0,False,2480.3,4,6,241.0,412.48,,,,,0.6666666666666666,2.137355185948325,0.2900781321120999,False,False,False,43.1
234508663,11.1966,3712.0,0.57303,6,2142.47,39.47102,2101.1872,1.12,17300.0,8.22,42.8,3,7.2,2.6,34.7,3.6,2.0,1,,False,,0,0,False,2021.3,2,2,16564.0,1.21,,,,,1.0,4.416578799149387,0.25358995071382107,False,False,False,42.8
138775756,10.9648,3240.0,0.308747,3,2607.67,0.87972,1438.4529,6.3,702.0,0.89,42.8,95,0.1,-5.3,46.7,7.5,1.0,1,"00138775756-01(1:1,ntoi=1)",True,,0,0,False,1026.4,88,94,485.0,5.8,,,,,0.9361702127659575,0.822984419705973,7.6550659394631015,False,False,False,42.8
276967501,11.7705,3379.0,0.535586,10,2522.58,53.9081,1645.3559,4.08,7067.0,4.91,42.5,3,22.4,-4.7,42.4,5.0,2.0,21,,False,,0,0,False,2335.2,2,3,10376.0,1.18,,,,,0.6666666666666666,4.684311636045572,0.8709924353889223,False,False,False,42.5
441051650,10.8206,3326.0,0.360044,5,2936.46,40.7697,1367.1766,6.3,5784.0,2.99,42.5,2,3.4,6.7,38.6,3.1,2.0,7,,False,,0,0,False,1403.4,2,2,5005.0,1.2,,,,,1.0,3.2750996447197767,1.9236055947662745,False,False,False,42.5
441051650,10.8206,3326.0,0.360044,5,2936.46,39.8831,1367.1766,6.3,5974.0,3.04,42.5,2,0.0,0.8,41.8,3.5,2.0,7,,False,,0,0,False,1403.4,2,2,5110.0,1.21,,,,,1.0,3.251184744769098,1.9377551552972212,False,False,False,42.5
394134586,10.2819,3461.0,0.352722,7,2879.02,29.82029,1332.4118,1.5,4631.0,2.62,42.4,4,30.7,0.1,56.4,3.1,2.0,3,,False,,0,0,False,1116.5,4,4,877.0,17.17,,,,,1.0,2.9107212318679965,0.5153361935101404,False,False,False,42.4
24587624,11.5142,3594.0,0.602419,5,2852.46,4.90691,1439.7673,6.3,1664.0,2.68,41.9,23,0.3,-10.1,35.3,2.5,1.0,2,,False,,0,0,False,1890.2,23,23,1382.0,3.05,,,,,1.0,2.2789953133236796,2.7643760227010294,False,False,False,41.9
41862482,12.3514,3143.0,0.282368,8,2904.61,16.69412,1393.7017,0.75,15264.0,3.81,41.8,7,37.4,-0.2,77.8,2.7,2.0,0,,False,,0,0,False,2480.3,5,7,290.0,320.19,,,,,0.7142857142857143,2.068266302335014,0.36262254969452984,False,False,False,41.8
234506911,10.7682,3526.0,0.590838,10,2879.02,36.4685,1342.0187,3.0,2765.0,3.39,41.7,7,6.2,7.8,53.9,4.1,2.0,30,,False,,0,0,False,1332.0,6,7,284.0,34.99,,,,,0.8571428571428571,4.390289986560851,0.6833261605004048,False,False,False,41.7
152970468,9.78832,3751.0,0.485889,7,2874.19,0.7347,1386.3206,4.2,277.0,0.88,41.7,229,0.6,56.1,27.9,8.4,1.0,3,"00152970468-01(1:2,ntoi=3);00152970468-03(1:1,ntoi=3);00152970468-02(1:1,ntoi=3)",True,,0,0,False,507.3,210,228,213.0,4.7,,,,,0.9210526315789473,1.0485834980667663,4.005403487412668,False,False,False,41.7
355766445,10.799,3524.0,0.602747,9,2879.02,37.43099,1331.364,4.68,2547.0,3.32,41.5,6,32.7,1.8,48.1,3.4,2.0,19,,False,,0,0,False,1443.7,5,6,1475.0,4.45,,,,,0.8333333333333334,4.487888966186735,1.0428065478581787,False,False,False,41.5
121007795,11.2707,3725.0,0.643344,4,2879.63,34.48483,1441.0977,6.3,5872.0,5.38,41.5,2,3.5,-8.9,34.1,2.9,2.0,5,,False,,0,0,False,2461.9,2,2,5858.0,1.11,,,,,1.0,4.56085740017771,1.3813192229501685,False,False,False,41.5
44796808,10.8608,3555.0,0.492865,5,2879.66,34.08661,1420.3694,6.3,4732.0,3.7,41.4,2,4.5,-0.3,39.0,4.1,2.0,4,,False,,0,0,False,1129.5,2,2,4342.0,1.15,,,,,1.0,3.8038339499793064,1.6562237160836826,False,False,False,41.4
44793998,12.0986,3244.0,0.463045,5,2879.66,0.64245,1411.1631,7.2,1209.0,1.76,41.4,172,1.6,-10.6,35.7,5.2,1.0,1,,False,,0,0,False,2274.1,138,172,601.0,4.5,,,,,0.8023255813953488,0.9710394433437235,7.41473484867636,False,False,False,41.4
44796808,10.8608,3555.0,0.492865,5,2879.66,35.18211,1419.2631,7.2,4710.0,3.69,41.3,2,0.0,-0.8,39.0,4.1,2.0,4,,False,,0,0,False,1129.5,2,2,4944.0,1.03,,,,,1.0,3.8441551467266653,1.8729733127787178,False,False,False,41.3
146636926,11.4694,3334.0,0.370471,7,2874.19,61.61426,1415.3273,4.5,5391.0,2.97,41.2,3,3.7,-1.3,46.6,3.5,2.0,8,,False,,0,0,False,1912.4,3,3,4847.0,2.48,,,,,1.0,3.83064157672974,1.1747379413768329,False,False,False,41.2
27973247,12.0723,3708.0,0.474189,2,2202.31,13.80935,2095.0176,3.15,18974.0,7.13,41.2,3,2.4,-4.3,41.2,4.5,2.0,0,,False,,0,0,True,8934.5,3,3,19843.0,1.04,,,,,1.0,2.7430497845498465,1.1483568463621365,False,False,False,41.2
234506911,10.7682,3526.0,0.590838,10,2879.02,34.88265,1353.1249,2.34,5463.0,4.76,41.1,2,0.0,8.2,53.5,4.0,2.0,30,,False,,0,0,False,1332.0,2,2,5487.0,1.94,,,,,1.0,4.32570664551987,0.5409520782976662,False,False,False,41.1
354134555,10.9773,3944.0,0.615476,4,2196.33,21.41023,2048.2132,0.75,9823.0,6.66,41.1,4,23.1,2.7,50.3,3.0,2.0,0,,False,,0,0,False,1627.7,4,4,2686.0,9.59,,,,,1.0,3.7776595859523194,0.19853562316439655,False,False,False,41.1
251848611,11.8102,3604.0,0.41192,3,2202.32,28.72113,2112.7639,3.0,26037.0,7.25,41.0,2,10.3,0.9,33.3,4.0,2.0,0,,False,,0,0,False,7225.5,2,2,24153.0,1.27,,,,,1.0,3.1877485299801123,0.941103092601447,False,False,False,41.0
201938513,10.8024,3494.0,0.575356,6,2633.96,66.09598,1402.7797,3.6,4359.0,4.14,40.9,3,13.8,1.7,39.9,4.5,2.0,23,,False,,0,0,False,1359.6,3,3,4296.0,1.62,,,,,1.0,5.258853514631088,0.6845598551060882,False,False,False,40.9
234290432,10.4378,3617.0,0.633033,6,2879.01,13.19013,1336.0559,6.0,1694.0,2.84,40.8,7,2.5,6.1,47.3,4.2,2.0,17,,False,,0,0,False,989.4,6,7,763.0,5.25,,,,,0.8571428571428571,3.2752331391323737,1.8319306580994814,False,False,False,40.8
321100026,11.1278,3492.0,0.583714,3,354.63,37.07191,3943.9044,3.0,19322.0,8.85,40.7,3,23.3,-2.8,40.3,4.1,2.0,0,,False,,0,0,False,9641.3,3,3,27146.0,1.44,,,,,1.0,4.378815914842759,0.6851167206712155,False,False,False,40.7
234506911,10.7682,3526.0,0.590838,10,2879.02,28.26259,1336.5799,2.34,3187.0,3.64,40.6,6,31.7,2.6,40.5,4.1,2.0,30,,False,,0,0,False,1332.0,5,6,756.0,13.74,,,,,0.8333333333333334,4.0326564612245095,0.5802626686651763,False,False,False,40.6
394137224,10.1543,3439.0,0.634621,8,2879.02,24.14868,1341.2493,4.5,1509.0,2.69,40.6,8,4.6,2.7,39.1,5.0,1.0,19,"00394137224-03(2:1,ntoi=3)",True,,0,0,False,1011.7,8,8,884.0,5.55,,,,,1.0,4.013430242893685,1.1212353841125933,False,False,False,40.6
306900946,11.705,3530.0,0.429551,6,379.89,0.95801,3666.5288,1.12,1733.0,1.95,40.5,152,0.6,41.7,32.6,12.2,1.0,11,"00306900946-02(1:2,ntoi=2);00306900946-01(1:2,ntoi=2);00306900946-01(1:2,ntoi=2);00306900946-02(1:2,ntoi=2);00306900946-01(1:2,ntoi=1);00306900946-01(1:2,ntoi=1);00306900946-01(1:2,ntoi=2);00306900946-02(1:2,ntoi=2);00306900946-01(1:2,ntoi=2);00306900946-02(1:2,ntoi=2);00306900946-01(1:2,ntoi=1)",True,,0,0,False,1442.2,148,152,1649.0,3.11,,,,,0.9736842105263158,1.0552162350457885,1.061393828869019,False,False,False,40.5
197598732,10.9903,3310.0,0.326131,5,2934.84,0.63756,1326.0265,6.3,573.0,0.85,40.5,168,2.0,-15.7,30.3,3.1,1.0,0,,False,,0,0,False,1101.5,129,168,361.0,3.21,,,,,0.7678571428571429,0.7667316120560934,8.216695256774019,False,False,False,40.5
427346731,10.0714,3438.0,0.608717,3,2577.38,16.85398,1475.7158,3.15,2769.0,3.49,40.5,3,0.0,-4.3,42.2,2.7,2.0,9,,False,,0,0,False,1198.5,3,3,3286.0,1.23,,,,,1.0,3.4624704254477123,0.9097550629887883,False,False,False,40.5
197598732,10.9903,3310.0,0.326131,5,2934.84,0.62455,1325.6328,7.2,563.0,0.84,40.4,170,0.7,-6.9,27.4,2.7,1.0,0,,False,,0,0,False,1101.5,135,170,315.0,5.67,,,,,0.7941176470588235,0.7614804414465365,9.455265832333938,False,False,False,40.4
251848611,11.8102,3604.0,0.41192,3,2202.32,26.74908,2100.1733,3.15,28922.0,7.64,40.4,2,5.7,-3.5,40.2,5.4,1.0,0,,False,,0,0,False,7225.5,2,2,24695.0,1.24,,,,,1.0,3.1130528695069737,1.0118684558347633,False,False,False,40.4
219396049,12.2533,3329.0,0.520868,8,2634.76,40.95576,1437.0173,6.3,8521.0,5.25,40.2,2,0.0,6.4,49.5,2.9,2.0,14,,False,,0,0,False,3350.6,2,2,8365.0,1.23,,,,,1.0,4.195641847830722,1.5015580996879647,False,False,False,40.2
44796808,10.8608,3555.0,0.492865,5,2879.66,33.50703,1420.9131,7.2,4506.0,3.61,40.0,2,0.0,2.6,39.0,4.1,2.0,4,,False,,0,0,False,1129.5,2,2,4832.0,1.06,,,,,1.0,3.7821515291375793,1.9036783546432292,False,False,False,40.0
317385747,11.1385,3398.0,0.392529,5,2528.75,0.77882,1571.5875,7.2,898.0,1.28,39.9,147,7.4,-16.8,51.6,3.4,1.0,8,,False,,0,0,False,2710.8,86,147,487.0,9.16,,,,,0.5850340136054422,0.9274029887369051,7.763615264822667,False,False,False,39.9
401721283,12.4179,3566.0,0.554651,5,2140.94,50.24661,2067.4105,3.15,35408.0,11.39,39.9,2,0.0,-3.8,38.4,4.8,2.0,1,,False,,0,0,False,6357.8,2,2,33241.0,1.09,,,,,1.0,4.683714521449746,0.6725431248155969,False,False,False,39.9
276967501,11.7705,3379.0,0.535586,10,2522.58,51.45734,1655.1859,3.6,7591.0,5.09,39.8,3,13.6,-4.2,44.2,3.9,2.0,21,,False,,0,0,False,2335.2,3,3,9702.0,1.16,,,,,1.0,4.612222133741863,0.7805348258626359,False,False,False,39.8
139879342,11.035,3731.0,0.454756,4,2907.31,15.05598,1332.7011,1.8,6418.0,3.97,39.8,6,3.8,4.4,36.5,4.6,2.0,0,,False,,0,0,False,4510.2,6,6,3978.0,4.87,,,,,1.0,2.745555721974493,0.6556049784724503,False,False,False,39.8
160142472,12.2579,3341.0,0.543852,5,2879.66,29.79461,1438.2623,6.0,6872.0,4.92,39.5,4,25.9,3.5,47.1,3.3,2.0,9,,False,,0,0,False,3069.9,4,4,4588.0,3.08,,,,,1.0,3.883661314477943,1.5449338946299296,False,False,False,39.5
415714808,11.0033,3505.0,0.505575,3,2554.46,1.91749,1544.62,6.0,956.0,1.71,39.5,37,0.4,-3.5,12.0,2.8,0.5,1,,False,,0,0,False,1055.4,37,37,638.0,3.73,,,,,1.0,1.4824374926376571,4.047388189922516,False,False,False,39.5
354134555,10.9773,3944.0,0.615476,4,2196.33,22.91134,2040.0652,1.2,6712.0,5.5,39.4,4,29.5,-0.3,48.6,2.8,2.0,0,,False,,0,0,False,1627.7,4,4,1365.0,15.34,,,,,1.0,3.863959263886953,0.31056228030542404,False,False,False,39.4
318269941,11.3574,3628.0,0.560664,5,2528.43,0.53025,1571.231,6.3,929.0,1.86,39.2,211,3.0,-3.0,25.1,3.8,1.0,6,"00318269941-02(3:1,ntoi=2)",True,,0,0,False,2548.2,140,211,672.0,9.5,,,,,0.6635071090047393,1.0347536503848176,6.0884056776770725,False,False,False,39.2
290674357,12.1656,3344.0,0.625836,6,2528.8,53.05204,1600.425,1.8,64443.0,17.33,39.0,2,16.4,2.2,45.4,6.3,2.0,2,,False,,0,0,False,5105.1,1,1,77088.0,1.0,,,,,1.0,5.169112899910555,0.3482222259125249,False,False,False,39.0
100510452,11.9548,3391.0,0.519953,7,2852.47,42.02038,1471.5428,4.2,9102.0,5.41,38.9,2,28.0,-2.7,47.1,3.8,2.0,12,,False,,0,0,False,2354.1,2,2,8876.0,1.75,,,,,1.0,4.226728427220507,0.9936763320187848,False,False,False,38.9
111267570,12.0632,3276.0,0.311473,5,2144.25,80.20682,2174.8714,1.8,21679.0,5.0,38.9,3,23.5,0.6,44.3,4.0,2.0,0,,False,,0,0,False,8462.3,3,3,6944.0,4.78,,,,,1.0,3.7258525513742864,0.483110905539208,False,False,False,38.9
121007795,11.2707,3725.0,0.643344,4,2879.63,14.97037,1424.4852,4.5,4895.0,4.91,38.3,3,4.0,-8.1,40.3,3.8,1.0,5,,False,,0,0,False,2461.9,3,3,4168.0,1.77,,,,,1.0,3.453408673413548,1.3030603747085459,False,False,False,38.3
314671211,11.9659,3199.0,0.232039,4,2547.35,0.63355,1657.2657,2.1,1859.0,1.09,38.2,144,0.7,40.4,24.8,6.0,1.0,0,,False,,0,0,False,3701.7,111,143,1853.0,3.55,,,,,0.7762237762237763,0.6097838470467711,3.4438432735967957,False,False,False,38.2
314671211,11.9659,3199.0,0.232039,4,2547.35,0.94949,1657.2657,2.1,2232.0,1.2,38.1,93,0.4,37.4,22.2,4.3,1.0,0,,False,,0,0,False,3701.7,77,93,2039.0,4.54,,,,,0.8279569892473119,0.6978237545948257,3.009355852638341,False,False,False,38.1
201938513,10.8024,3494.0,0.575356,6,2633.96,49.49675,1402.7672,2.4,4477.0,4.2,38.0,3,21.3,-2.4,41.3,4.7,2.0,23,"00201938513-01(2:1,ntoi=5)",True,,0,0,False,1359.6,3,3,5338.0,1.57,,,,,1.0,4.775567114225349,0.5025581135381672,False,False,False,38.0
394137224,10.1543,3439.0,0.634621,8,2879.02,38.71717,1345.7306,6.0,1695.0,2.85,37.9,5,1.3,-5.0,44.9,3.4,2.0,19,,False,,0,0,False,1011.7,3,5,1429.0,3.39,,,,,0.6,4.697344965051028,1.2773173025700533,False,False,False,37.9
111267570,12.0632,3276.0,0.311473,5,2144.25,78.02026,2151.5136,1.58,23188.0,5.17,37.8,2,25.1,0.3,44.3,4.0,2.0,0,,False,,0,0,False,8462.3,2,2,19150.0,1.84,,,,,1.0,3.6916826658775785,0.4279891158045693,False,False,False,37.8
327710327,11.5442,3491.0,0.350476,8,2879.03,46.76858,1326.7638,2.1,13116.0,4.38,37.7,3,16.1,0.0,38.0,4.4,1.0,3,,False,,0,0,False,5360.2,3,3,9817.0,2.11,,,,,1.0,3.367429749842641,0.6236210273126359,False,False,False,37.7
401721283,12.4179,3566.0,0.554651,5,2140.94,35.29543,2063.7167,2.25,32742.0,10.95,37.7,2,10.5,-0.9,38.4,4.8,2.0,1,,False,,0,0,False,6357.8,2,2,26158.0,1.43,,,,,1.0,4.163523177690775,0.5404077037582202,False,False,False,37.7
31373667,11.8902,3258.0,0.545087,6,2852.47,53.42227,1448.9092,2.1,8572.0,5.51,37.5,4,29.0,-1.8,44.3,3.3,2.0,3,,False,,0,0,False,2616.2,2,4,9440.0,2.14,,,,,0.5,4.725266308363499,0.4444193962746817,False,False,False,37.5
144063051,11.9033,3777.0,0.596265,5,2170.75,13.40463,2075.2516,1.58,15436.0,8.08,37.4,5,8.7,3.5,23.1,4.1,2.0,1,,False,,0,0,False,7179.3,5,5,7999.0,3.77,,,,,1.0,3.1641188112808916,0.49934913770206624,False,False,False,37.4
121549920,11.6808,3485.0,0.516722,3,2852.44,0.91448,1438.8819,4.8,1192.0,1.95,37.3,71,3.2,11.9,31.9,6.9,1.0,1,,False,,0,0,False,1659.7,65,71,919.0,4.8,,,,,0.9154929577464789,1.1751798409063177,4.084481228250276,False,False,False,37.3
234508664,10.7608,3889.0,0.61696,6,2142.47,42.19342,2083.5138,0.75,11425.0,7.19,37.1,2,0.0,-0.1,47.2,4.0,2.0,1,,False,,0,0,False,1304.7,2,2,10363.0,1.85,,,,,1.0,4.743816436386171,0.15810055259460007,False,False,False,37.1
201938513,10.8024,3494.0,0.575356,6,2633.96,36.28105,1387.4328,3.15,7806.0,5.55,37.1,2,0.0,-4.6,39.0,4.3,1.0,23,,False,,0,0,False,1359.6,2,2,5221.0,1.6,,,,,1.0,4.305854404381163,0.7315621254622328,False,False,False,37.1
382109014,12.3652,3457.0,0.386094,2,2498.9,16.49385,1603.5764,0.5,65011.0,10.74,37.0,3,13.2,0.4,50.6,3.1,2.0,0,,False,,0,0,False,39339.3,3,3,93693.0,2.49,,,,,1.0,2.5377237411849722,0.19702696234639336,False,False,False,37.0
251845153,10.4417,3334.0,0.557728,5,2936.46,2.56817,1355.9323,3.0,1086.0,2.01,36.8,41,14.9,2.2,45.7,3.0,2.0,14,,False,,0,0,False,2030.5,26,40,739.0,9.84,,,,,0.65,1.7446079572899993,1.7195840403365314,False,False,False,36.8
234508664,10.7608,3889.0,0.61696,6,2142.47,43.27437,2072.7388,0.75,11387.0,7.18,36.6,2,29.0,2.3,47.2,4.0,2.0,1,,False,,0,0,False,1304.7,2,2,10090.0,1.9,,,,,1.0,4.783985822693701,0.15677303984519342,False,False,False,36.6
276967501,11.7705,3379.0,0.535586,10,2522.58,31.25101,1656.3146,3.06,8227.0,5.3,36.4,3,9.3,3.1,43.3,5.1,1.0,21,"00276967501-01(1:2,ntoi=2)",True,,0,0,False,2335.2,2,3,11914.0,1.05,,,,,0.6666666666666666,3.9058520696226426,0.7834398091517165,False,False,False,36.4
290970527,9.43155,3488.0,0.43895,4,2196.3,0.70679,2036.541,7.2,238.0,0.74,36.4,126,6.6,-12.8,48.4,5.0,1.0,7,,False,,0,0,False,846.2,85,126,207.0,10.41,,,,,0.6746031746031746,0.9673458994203212,7.443045971781734,False,False,False,36.4
234508664,10.7608,3889.0,0.61696,6,2142.47,28.64993,2073.0888,0.75,11280.0,7.15,36.3,2,29.3,0.8,47.2,4.0,2.0,1,,False,,0,0,False,1304.7,2,2,9988.0,1.92,,,,,1.0,4.169533693622756,0.17987622960023433,False,False,False,36.3
64105291,11.6438,3862.0,0.565687,4,2879.66,33.50041,1421.3455,1.5,14137.0,7.34,36.3,2,9.7,2.3,34.0,3.4,1.0,2,,False,,0,0,False,1807.5,2,2,14037.0,1.3,,,,,1.0,4.145807507836011,0.3618112990448405,False,False,False,36.3
100510452,11.9548,3391.0,0.519953,7,2852.47,39.85133,1471.5428,4.2,7797.0,5.01,36.2,2,0.0,2.5,50.0,4.2,2.0,12,,False,,0,0,False,2354.1,2,2,8642.0,1.8,,,,,1.0,4.15271340341263,1.0113869154920518,False,False,False,36.2
404379938,12.0492,3709.0,0.486154,4,2114.86,51.70866,2077.7511,3.0,21606.0,7.8,36.2,2,0.0,0.2,27.9,3.3,2.0,1,,False,,0,0,False,6244.9,2,2,21689.0,1.01,,,,,1.0,4.330904734226579,0.6926959109239667,False,False,False,36.2
394137224,10.1543,3439.0,0.634621,8,2879.02,21.56287,1335.0993,6.3,1220.0,2.42,35.9,8,5.3,-1.4,47.5,3.7,1.0,19,"00394137224-01(1:2,ntoi=1)",True,,0,0,False,1011.7,7,8,787.0,6.47,,,,,0.875,3.8647384529512405,1.6301232481046974,False,False,False,35.9
314671211,11.9659,3199.0,0.232039,4,2547.35,2.43048,1657.647,4.2,2298.0,1.21,35.6,39,0.3,-26.0,38.3,3.6,1.0,0,,False,,0,0,False,3701.7,35,39,1598.0,3.54,,,,,0.8974358974358975,0.9545814002881657,4.399834313482453,False,False,False,35.6
394017574,12.0817,3568.0,0.351628,7,2196.3,52.00417,2047.5647,3.6,18770.0,5.26,35.5,3,4.2,1.2,37.1,5.8,1.0,2,,False,,0,0,False,12479.3,3,3,16204.0,2.17,,,,,1.0,3.4963104167371886,1.0296568584890058,False,False,False,35.5
111267570,12.0632,3276.0,0.311473,5,2144.25,33.18359,2122.6573,1.58,14957.0,4.16,35.4,5,14.8,0.4,22.2,5.4,2.0,0,,False,,0,0,False,8462.3,5,5,8828.0,3.98,,,,,1.0,2.776278442609185,0.5691071816683827,False,False,False,35.4
206605822,11.9402,3215.0,0.300518,4,2198.28,21.4689,2070.8691,4.5,9736.0,3.24,35.4,2,17.1,-7.6,37.1,3.1,2.0,7,,False,,0,0,False,3399.8,2,2,11484.0,1.44,,,,,1.0,2.344544885858408,1.9193490502752373,False,False,False,35.4
234506911,10.7682,3526.0,0.590838,10,2879.02,29.75041,1327.6324,3.06,1994.0,2.88,35.2,9,25.7,7.6,40.5,4.1,2.0,30,"00234506911-01(1:2,ntoi=1)",True,,0,0,False,1332.0,7,9,368.0,26.05,,,,,0.7777777777777778,4.102213177439181,0.7459388061130003,False,False,False,35.2
229141941,12.2161,3278.0,0.372439,6,2878.5,43.67026,1366.0806,4.2,9631.0,3.99,35.2,2,9.6,0.2,32.1,2.6,2.0,8,,False,,0,0,False,3054.2,2,2,9598.0,1.28,,,,,1.0,3.4274699392666315,1.2253936794260156,False,False,False,35.2
142350889,12.4666,3495.0,0.410145,5,2904.62,0.81673,1386.1899,6.3,2395.0,2.19,35.2,129,0.7,-12.8,32.7,13.1,1.0,0,,False,,0,0,False,5167.8,122,129,1700.0,3.33,,,,,0.9457364341085271,0.970195846731125,6.4935342912738205,False,False,False,35.2
362733392,11.5929,3286.0,0.535084,2,346.91,23.97627,3836.606,4.2,7821.0,5.16,35.2,2,0.0,2.7,29.2,2.8,2.0,1,,False,,0,0,False,2666.1,2,2,7812.0,1.11,,,,,1.0,3.573415176398517,1.175346214383348,False,False,False,35.2
165941376,10.8349,3369.0,0.56777,5,2874.19,26.38741,1402.6152,3.6,4126.0,3.98,35.1,3,8.2,-12.6,18.4,3.8,2.0,4,,False,,0,0,False,2087.1,3,3,3616.0,1.72,,,,,1.0,3.8381520602228814,0.9379513743889939,False,False,False,35.1
152479307,11.6588,3281.0,0.623724,7,2527.12,39.55923,1609.6932,4.2,7444.0,5.87,34.9,2,0.0,3.5,32.8,2.7,2.0,18,"00152479307-01(1:3,ntoi=1)",True,,0,0,False,2069.1,2,2,8671.0,1.29,,,,,1.0,4.676840305794429,0.8980422091377288,False,False,False,34.9
281670243,11.4104,3305.0,0.489856,9,2878.5,0.59442,1354.387,7.56,502.0,1.2,34.8,324,2.2,0.0,23.3,3.3,1.0,6,,False,,0,0,False,2288.7,196,324,567.0,10.97,,,,,0.6049382716049383,0.9823925335735265,7.695498226660918,False,False,False,34.8
251845153,10.4417,3334.0,0.557728,5,2936.46,0.63043,1354.5448,6.0,454.0,1.3,34.8,171,3.3,-0.1,45.8,3.0,1.0,14,,False,,0,0,False,2030.5,110,171,327.0,14.55,,,,,0.6432748538011696,1.0923677836716752,5.492655577806179,False,False,False,34.8
59336140,11.1187,3358.0,0.311008,4,2547.93,23.92459,1640.6354,3.15,5703.0,2.56,34.8,2,28.4,-1.5,44.8,4.3,2.0,1,,False,,0,0,False,1117.2,2,2,5354.0,1.87,,,,,1.0,2.4869716559081616,1.266600683814276,False,False,False,34.8
59336140,11.1187,3358.0,0.311008,4,2547.93,23.92459,1640.6354,3.15,5703.0,2.56,34.8,2,28.4,-1.5,44.8,4.3,2.0,1,,False,,0,0,False,1117.2,2,2,5354.0,1.87,,,,,1.0,2.4869716559081616,1.266600683814276,False,False,False,34.8
31373667,11.8902,3258.0,0.545087,6,2852.47,15.47206,1448.9092,2.1,5887.0,4.56,34.7,7,6.9,-1.4,44.3,3.3,1.0,3,,False,,0,0,False,2616.2,6,7,1849.0,10.94,,,,,0.8571428571428571,3.1263305223658797,0.6717140062371926,False,False,False,34.7
44796808,10.8608,3555.0,0.492865,5,2879.66,32.60792,1421.8131,7.2,2423.0,2.65,34.7,3,18.4,-1.6,32.2,3.0,2.0,4,,False,,0,0,False,1129.5,3,3,2042.0,2.23,,,,,1.0,3.748014928171341,1.9210168950722095,False,False,False,34.7
21628044,11.2065,3579.0,0.467117,3,1871.43,45.92669,2187.1879,6.0,10604.0,5.25,34.7,2,0.0,-1.4,28.1,3.4,2.0,0,,False,,0,0,False,3855.1,2,2,9520.0,1.36,,,,,1.0,4.053658182924026,1.4801445334673038,False,False,False,34.7
27973247,12.0723,3708.0,0.474189,2,2202.31,15.39604,2093.3583,6.3,11661.0,5.59,34.6,2,11.9,1.0,34.7,3.3,2.0,0,,False,,0,0,False,8934.5,2,2,12167.0,1.33,,,,,1.0,2.844323270339992,2.2149381069638188,False,False,False,34.6
304234457,11.4817,3719.0,0.480816,6,1817.61,29.43748,2306.2745,4.2,11150.0,5.54,34.5,2,127.7,-1.9,129.7,6.0,2.0,0,,False,,0,0,False,12495.7,2,2,82236.0,2.0,,,,,1.0,3.5630980862195196,1.178749475419645,False,False,False,34.5
1206529116,11.7845,3838.0,0.446324,6,1815.49,23.43388,2363.7827,2.4,8812.0,4.57,34.4,8,32.3,2.7,21.8,3.7,2.0,0,,False,,0,0,False,3633.0,4,8,588.0,82.02,,,,,0.5,3.142364223881683,0.7637561495132288,False,False,False,34.4
234506911,10.7682,3526.0,0.590838,10,2879.02,40.26029,1349.9224,3.06,2372.0,3.14,34.3,6,15.1,4.4,56.8,4.4,2.0,30,"00234506911-02(1:3,ntoi=3)",True,,0,0,False,1332.0,5,6,1057.0,8.32,,,,,0.8333333333333334,4.537460665372581,0.674386011398897,False,False,False,34.3
209450385,11.3766,3645.0,0.454664,6,2879.66,50.26559,1418.5511,4.2,12521.0,5.55,34.0,2,0.0,1.3,26.0,2.8,2.0,0,,False,,0,0,False,2476.4,2,2,10284.0,1.29,,,,,1.0,4.10291261940498,1.0236630388216994,False,False,False,34.0
165941376,10.8349,3369.0,0.56777,5,2874.19,43.08829,1425.259,6.0,7088.0,5.21,33.9,2,0.0,4.0,17.8,3.5,2.0,4,"00165941376-01(1:3,ntoi=1)",True,,0,0,False,2087.1,2,2,7400.0,1.07,,,,,1.0,4.519700683186969,1.3275215375035037,False,False,False,33.9
152088075,12.3115,3101.0,0.272309,4,2936.46,0.65764,1354.7078,3.6,1385.0,1.11,33.9,132,1.2,42.7,26.4,4.6,1.0,0,,False,,0,0,False,3819.8,96,132,1397.0,3.89,,,,,0.7272727272727273,0.6869298116250678,5.240710097416635,False,False,False,33.9
234506911,10.7682,3526.0,0.590838,10,2879.02,28.98721,1346.7274,2.34,2201.0,3.02,33.8,9,10.7,2.8,40.5,4.1,2.0,30,,False,,0,0,False,1332.0,6,9,412.0,25.21,,,,,0.6666666666666666,4.066830255603501,0.5753866901073188,False,False,False,33.8
276967501,11.7705,3379.0,0.535586,10,2522.58,45.33814,1650.0659,5.04,3576.0,3.49,33.8,6,28.4,-3.0,37.7,3.0,2.0,21,,False,,0,0,False,2335.2,5,6,1780.0,6.71,,,,,0.8333333333333334,4.421629386049281,1.139851299139124,False,False,False,33.8
160142472,12.2579,3341.0,0.543852,5,2879.66,18.77022,1424.8498,4.2,5483.0,4.39,33.6,5,10.4,-4.5,45.0,3.0,2.0,9,,False,,0,0,False,3069.9,5,5,4018.0,3.33,,,,,1.0,3.3292921106342943,1.2615294364181877,False,False,False,33.6
31373667,11.8902,3258.0,0.545087,6,2852.47,34.08613,1451.1467,2.1,8145.0,5.37,33.1,4,13.8,-4.4,44.3,3.3,2.0,3,,False,,0,0,False,2616.2,4,4,2972.0,6.49,,,,,1.0,4.067973130460334,0.5162275985245661,False,False,False,33.1
178947176,9.87578,3323.0,0.403006,5,2852.49,43.20558,1475.1819,2.25,3002.0,2.41,32.9,3,10.9,6.2,29.5,3.6,2.0,10,,False,,0,0,False,852.3,3,3,2881.0,1.73,,,,,1.0,3.59966911539289,0.6250574505247051,False,False,False,32.9
439414619,11.6374,3208.0,0.290613,5,2196.33,20.25439,2052.9944,3.15,7714.0,2.78,32.9,2,0.0,2.2,48.6,3.9,2.0,3,,False,,0,0,False,1490.5,2,2,9339.0,1.94,,,,,1.0,2.2486647322283373,1.4008313266328838,False,False,False,32.9
439414619,11.6374,3208.0,0.290613,5,2196.33,20.257,2052.8444,2.25,9199.0,3.04,32.8,2,0.0,-1.0,48.6,3.9,2.0,3,,False,,0,0,False,1490.5,2,2,10763.0,1.96,,,,,1.0,2.248761316440015,1.0005508292725107,False,False,False,32.8
60734281,10.1891,3466.0,0.464762,4,2553.62,5.28331,1575.6609,2.25,1163.0,1.73,32.7,17,7.6,-18.9,32.7,3.1,1.0,7,"00060734281-03(2:1,ntoi=4)",True,,0,0,False,1150.3,17,17,925.0,5.16,,,,,1.0,1.9648560265153707,1.1451220698293736,False,False,False,32.7
66555593,10.7935,3425.0,0.587984,3,2577.13,20.19127,1430.4629,6.3,2971.0,3.5,32.7,3,7.5,-0.9,28.7,3.9,1.0,1,,False,,0,0,False,1376.1,3,3,2764.0,1.46,,,,,1.0,3.5934078457559866,1.7532103981574616,False,False,False,32.7
429236863,12.3488,3350.0,0.585403,3,2527.94,22.44152,1589.9898,3.6,8819.0,6.0,32.6,3,9.8,0.2,29.0,3.4,2.0,9,,False,,0,0,False,3539.0,3,3,8278.0,1.54,,,,,1.0,3.7113252200911755,0.9700039167980972,False,False,False,32.6
27973247,12.0723,3708.0,0.474189,2,2202.31,13.14784,2095.027,3.6,14038.0,6.13,32.5,3,5.1,5.7,31.7,2.7,2.0,0,,False,,0,0,False,8934.5,3,3,16412.0,1.21,,,,,1.0,2.698531017424343,1.3340591517217686,False,False,False,32.5
429236863,12.3488,3350.0,0.585403,3,2527.94,23.33924,1583.6991,3.15,11586.0,6.87,32.4,2,6.3,1.3,29.0,3.4,2.0,9,,False,,0,0,False,3539.0,2,2,11270.0,1.2,,,,,1.0,3.7601672265953936,0.837728699330252,False,False,False,32.4
593228,9.22216,3356.0,0.466005,3,2822.06,12.9107,1438.3035,3.0,2830.0,2.7,32.1,3,6.9,-6.4,23.4,3.9,1.0,5,,False,,0,0,False,1277.7,3,3,3487.0,1.34,,,,,1.0,2.6512576923608084,1.1315384425452264,False,False,False,32.1
276967501,11.7705,3379.0,0.535586,10,2522.58,69.09616,1649.8646,4.5,4372.0,3.86,32.0,4,32.6,-1.6,37.5,4.2,2.0,21,,False,,0,0,False,2335.2,3,4,3055.0,3.98,,,,,0.75,5.088374594436702,0.8843688522696438,False,False,False,32.0
230974983,11.8951,3749.0,0.600117,3,2168.05,24.19549,2037.7467,1.58,25499.0,10.45,32.0,2,0.0,1.5,37.3,4.4,2.0,0,,False,,0,0,False,7709.9,2,2,22568.0,1.74,,,,,1.0,3.8691038582950266,0.40836329493006907,False,False,False,32.0
448744245,12.3176,3158.0,0.203424,5,2527.41,24.28657,1582.4985,2.1,17596.0,2.94,31.9,4,20.0,0.2,43.7,5.1,2.0,0,,False,,0,0,False,6650.0,4,4,4697.0,8.93,,,,,1.0,1.883353376704819,1.115032381057576,False,False,False,31.9
448744245,12.3176,3158.0,0.203424,5,2527.41,16.93882,1575.6048,2.4,12700.0,2.5,31.8,5,14.1,-2.8,33.7,3.2,2.0,0,,False,,0,0,False,6650.0,5,5,12014.0,3.27,,,,,1.0,1.6702089434430643,1.4369459638100743,False,False,False,31.8
404379938,12.0492,3709.0,0.486154,4,2114.86,25.22386,2052.5136,2.4,16224.0,6.76,31.8,3,8.5,0.9,27.9,3.3,1.0,1,,False,,0,0,False,6244.9,3,3,22276.0,1.03,,,,,1.0,3.409269909600035,0.7039630371423308,False,False,False,31.8
100510452,11.9548,3391.0,0.519953,7,2852.47,25.34892,1446.1928,4.5,4015.0,3.59,31.5,5,19.7,2.7,42.6,3.3,2.0,12,,False,,0,0,False,2354.1,5,5,1866.0,7.97,,,,,1.0,3.571391876986005,1.2600129459323497,False,False,False,31.5
13020091,11.9799,3364.0,0.439794,5,2852.43,0.77775,1438.7269,4.2,998.0,1.52,31.4,153,5.8,34.1,25.1,4.8,1.0,1,,False,,0,0,False,2537.2,100,150,544.0,11.3,,,,,0.6666666666666666,0.9999719871724063,4.200117657171804,False,False,False,31.4
259845346,11.2054,3344.0,0.522994,10,2907.31,2.97663,1325.7348,7.92,536.0,1.32,31.0,77,0.2,-17.0,24.0,4.7,1.0,25,,False,,0,0,False,1517.4,64,77,517.0,9.08,,,,,0.8311688311688312,1.7556895189720596,4.511048174757624,False,False,False,31.0
172889501,12.2328,3204.0,0.247532,4,2470.88,0.82691,1628.9903,6.0,1367.0,1.0,30.9,110,0.9,-19.4,10.7,2.5,1.0,0,,False,,0,0,False,2527.4,98,110,923.0,4.26,,,,,0.8909090909090909,0.6957426215041074,8.623878736980005,False,False,False,30.9
382109014,12.3652,3457.0,0.386094,2,2498.9,0.94173,1601.6909,0.5,12589.0,4.73,30.9,45,2.7,-13.1,50.3,3.0,1.0,0,,False,,0,0,False,39339.3,32,45,2354.0,70.77,,,,,0.7111111111111111,0.9771902632238689,0.5116710827126332,False,False,False,30.9
259784187,11.4119,3811.0,0.615082,4,2196.33,29.53654,2065.4835,2.1,15431.0,8.34,30.8,2,10.7,-10.4,30.7,4.8,1.0,0,,False,,0,0,False,5017.9,2,2,17413.0,1.33,,,,,1.0,4.20355607964541,0.49957701532012033,False,False,False,30.8
259784187,11.4119,3811.0,0.615082,4,2196.33,88.60958,2095.021,2.1,15431.0,8.34,30.8,2,10.7,-0.6,30.4,4.7,2.0,0,,False,,0,0,False,5017.9,2,2,17413.0,1.33,,,,,1.0,6.062576037378916,0.3463874081005194,False,False,False,30.8
33949202,10.0725,3442.0,0.497515,3,2936.45,20.08005,1365.4937,1.58,3608.0,3.26,30.8,2,6.7,0.2,30.4,4.9,2.0,1,,False,,0,0,False,695.6,2,2,3567.0,1.22,,,,,1.0,3.208736172098501,0.4924057059408179,False,False,False,30.8
152479307,11.6588,3281.0,0.623724,7,2527.12,47.46618,1609.8432,4.2,4592.0,4.61,30.7,3,15.7,7.2,37.2,3.3,2.0,18,"00152479307-03(1:2,ntoi=4)",True,,0,0,False,2069.1,3,3,6163.0,1.43,,,,,1.0,4.969713562970368,0.8451191294593818,False,False,False,30.7
234508663,11.1966,3712.0,0.57303,6,2142.47,49.37812,2079.7992,0.75,11614.0,6.74,30.7,3,7.3,-0.6,35.9,3.8,2.0,1,,False,,0,0,False,2021.3,3,3,6568.0,3.35,,,,,1.0,4.758879598871636,0.15760012087253275,False,False,False,30.7
304234457,11.4817,3719.0,0.480816,6,1817.61,29.92214,2307.1245,4.2,9546.0,5.13,30.7,2,127.4,0.5,129.7,6.0,2.0,0,,False,,0,0,False,12495.7,1,2,80970.0,2.01,,,,,0.5,3.5825460785858048,1.1723505875067302,False,False,False,30.7
117939905,11.1421,3657.0,0.545866,3,2822.14,25.32448,1438.1012,0.62,13724.0,6.98,30.7,3,17.5,-2.2,29.3,3.9,2.0,0,,False,,0,0,False,4373.6,3,3,9686.0,2.91,,,,,1.0,3.6879002792385616,0.16811734403187578,False,False,False,30.7
382109014,12.3652,3457.0,0.386094,2,2498.9,0.52621,1601.592,0.5,9429.0,4.09,30.6,79,5.2,-8.5,52.1,3.4,1.0,0,,False,,0,0,False,39339.3,53,79,1920.0,49.09,,,,,0.6708860759493671,0.804865591571295,0.6212217359470883,False,False,False,30.6
290674357,12.1656,3344.0,0.625836,6,2528.8,31.3805,1583.45,4.2,23101.0,10.38,30.5,2,0.0,0.0,10.8,4.0,2.0,2,"00290674357-01(1:3,ntoi=1)",True,,0,0,False,5105.1,2,2,27786.0,1.86,,,,,1.0,4.339122802607038,0.9679375742665199,False,False,False,30.5
404379938,12.0492,3709.0,0.486154,4,2114.86,42.54499,2048.3011,3.0,20270.0,7.55,30.5,2,0.0,0.0,27.9,3.3,2.0,1,,False,,0,0,False,6244.9,2,2,19675.0,1.09,,,,,1.0,4.058264461624984,0.7392322576234372,False,False,False,30.5
220484485,12.2207,3597.0,0.46435,4,2142.46,12.94758,2074.4963,2.25,32285.0,9.1,30.5,2,0.0,2.0,31.7,2.9,2.0,1,,False,,0,0,False,5740.7,1,2,17033.0,2.52,,,,,0.5,2.647492844415939,0.8498606539185455,False,False,False,30.5
382109014,12.3652,3457.0,0.386094,2,2498.9,2.14678,1603.3628,0.5,19301.0,5.85,30.5,19,2.4,-9.7,52.8,3.5,1.0,0,,False,,0,0,False,39339.3,15,19,3521.0,29.89,,,,,0.7894736842105263,1.2860746444037359,0.3887799220486269,False,False,False,30.5
404379938,12.0492,3709.0,0.486154,4,2114.86,26.88117,2063.1511,3.0,20309.0,7.56,30.4,2,0.0,-1.0,27.9,3.3,1.0,1,,False,,0,0,True,6244.9,2,2,19494.0,1.08,,,,,1.0,3.4823594100954502,0.8614848861673847,False,False,False,30.4
300951068,11.8973,3302.0,0.391964,3,2469.17,0.61037,1630.058,6.3,1081.0,1.41,30.4,95,0.4,-6.9,22.2,3.1,1.0,0,,False,,0,0,False,2249.0,70,95,496.0,7.16,,,,,0.7368421052631579,0.854220798229648,7.375142367238772,False,False,False,30.4
31635050,12.2614,3585.0,0.529357,3,2662.78,0.587,1325.9791,6.0,985.0,1.81,30.3,157,1.3,-12.5,31.6,9.9,1.0,0,,False,,0,0,False,1807.3,141,157,590.0,3.32,,,,,0.8980891719745223,1.0301965742303767,5.824131190188035,False,False,False,30.3
372917714,10.637,3460.0,0.61741,4,1871.43,17.76989,2186.9037,4.2,2221.0,3.17,30.2,4,5.4,4.1,30.2,3.4,1.0,6,,False,,0,0,False,1066.2,4,4,1771.0,3.47,,,,,1.0,3.5575606551760846,1.1805842280971925,False,False,False,30.2
304234457,11.4817,3719.0,0.480816,6,1817.61,28.06286,2304.5745,4.2,9025.0,4.98,30.1,3,58.9,-1.3,129.7,6.0,2.0,0,,False,,0,0,False,12495.7,2,3,26.0,6238.15,,,,,0.6666666666666666,3.5067505841883655,1.1976899694370726,False,False,False,30.1
234508663,11.1966,3712.0,0.57303,6,2142.47,50.76001,2072.5201,0.75,12617.0,7.02,30.0,3,24.2,-2.4,35.9,3.7,2.0,1,"00234508663-01(2:1,ntoi=1)",True,,0,0,False,2021.3,2,2,11950.0,1.84,,,,,1.0,4.802865593372347,0.15615677462116634,False,False,False,30.0
117939905,11.1421,3657.0,0.545866,3,2822.14,21.79497,1459.8689,2.25,10310.0,6.05,30.0,2,21.2,5.1,27.2,3.3,2.0,0,,False,,0,0,False,4373.6,2,2,17441.0,1.62,,,,,1.0,3.5079313223036066,0.6414036630918014,False,False,False,30.0
230974983,11.8951,3749.0,0.600117,3,2168.05,20.81241,2047.6795,1.8,18619.0,8.93,29.9,3,23.1,-1.7,31.1,3.2,2.0,0,,False,,0,0,False,7709.9,3,3,12924.0,2.82,,,,,1.0,3.6796488121502136,0.48917711767938116,False,False,False,29.9
448744245,12.3176,3158.0,0.203424,5,2527.41,18.16893,1580.0548,2.4,13516.0,2.58,29.8,4,19.8,1.9,35.5,3.5,2.0,0,,False,,0,0,False,6650.0,4,4,5623.0,7.46,,,,,1.0,1.7096985279163623,1.4037562534050487,False,False,False,29.8
147208702,12.0921,3850.0,0.583942,4,2554.06,21.8795,1555.9997,2.25,7496.0,5.52,29.8,3,20.2,-1.3,22.0,2.6,2.0,4,,False,,0,0,False,2512.1,2,3,10737.0,1.04,,,,,0.6666666666666666,3.673955573364831,0.6124189460296913,False,False,False,29.8
259845346,11.2054,3344.0,0.522994,10,2907.31,2.97657,1325.7798,6.0,579.0,1.37,29.6,76,1.8,-14.9,15.3,3.0,0.5,25,,False,,0,0,False,1517.4,59,76,578.0,3.7,,,,,0.7763157894736842,1.7556777224013365,3.4174837007064554,False,False,False,29.6
24452802,10.9122,3164.0,0.453104,6,2852.45,7.63459,1444.5354,6.3,906.0,1.49,29.6,19,5.5,-12.1,24.3,2.4,1.0,7,,False,,0,0,False,1155.7,18,19,854.0,3.79,,,,,0.9473684210526315,2.1840812867523067,2.8845080255085183,False,False,False,29.6
220537366,10.7946,3592.0,0.503087,4,1926.22,75.55765,2136.8657,6.3,3102.0,3.06,29.6,2,0.0,-4.3,28.3,4.7,2.0,3,,False,,0,0,False,1037.0,2,2,2885.0,1.12,,,,,1.0,5.0280143067135885,1.2529797283170037,False,False,False,29.6
276967501,11.7705,3379.0,0.535586,10,2522.58,36.82774,1657.6659,4.08,3797.0,3.6,29.5,5,23.4,-8.9,44.8,4.0,2.0,21,,False,,0,0,False,2335.2,5,5,2864.0,3.49,,,,,1.0,4.125590588199005,0.988949318352283,False,False,False,29.5
431259116,11.1688,3435.0,0.378057,4,1815.49,1.11821,2362.296,4.5,1311.0,1.49,29.5,90,0.8,35.2,15.2,2.9,0.5,0,,False,,0,0,False,2392.4,84,89,1148.0,5.28,,,,,0.9438202247191011,1.0203619938966009,4.410199543806225,False,False,False,29.5
220484485,12.2207,3597.0,0.46435,4,2142.46,20.60147,2070.2213,3.15,20678.0,7.28,29.4,2,23.6,1.3,34.7,3.4,2.0,1,,False,,0,0,False,5740.7,2,2,21457.0,1.78,,,,,1.0,3.0908030396013224,1.019152614915997,False,False,False,29.4
200806186,11.8548,3653.0,0.639988,5,2602.12,0.96042,1386.7139,4.5,719.0,1.87,29.3,134,1.0,12.0,24.1,7.5,1.0,2,,False,,0,0,False,1553.7,117,134,608.0,5.42,,,,,0.8731343283582089,1.3776637984571316,3.2663992514281235,False,False,False,29.3
372917714,10.637,3460.0,0.61741,4,1871.43,38.42753,2177.1287,4.2,3069.0,3.73,29.3,2,0.0,-2.0,38.1,4.7,2.0,6,,False,,0,0,False,1066.2,2,2,3402.0,1.8,,,,,1.0,4.600498467250687,0.9129445493566202,False,False,False,29.3
102840237,11.4114,3766.0,0.53777,4,1816.94,5.59857,2287.6105,3.15,4237.0,3.82,29.3,14,27.6,0.2,17.4,3.5,2.0,4,"00102840237-01(2:1,ntoi=1);00102840237-01(2:1,ntoi=1);00102840237-01(2:1,ntoi=1)",True,815.01(2:1),2,2,False,2734.3,10,14,6068.0,1.71,,,,,0.7142857142857143,2.207827027848106,1.4267422041074467,True,False,False,29.3
32535054,12.0699,3432.0,0.515668,2,2602.12,1.46652,1386.0755,6.3,1312.0,2.04,29.3,41,2.5,4.0,23.8,3.6,1.0,0,,False,,0,0,False,2191.8,31,41,972.0,5.58,,,,,0.7560975609756098,1.3736763207893972,4.586233237521078,False,False,False,29.3
401721283,12.4179,3566.0,0.554651,5,2140.94,32.54814,2048.4917,2.25,16998.0,7.89,29.2,3,14.8,-1.0,29.2,3.2,2.0,1,,False,,0,0,False,6357.8,3,3,6841.0,5.48,,,,,1.0,4.052567146623592,0.5552036323135556,False,False,False,29.2
391039604,10.33,2898.0,0.130686,7,2502.69,0.51598,1571.031,2.1,418.0,0.29,29.1,312,1.1,33.1,19.3,8.5,1.0,13,"00391039604-02(1:1,ntoi=3);00391039604-03(1:1,ntoi=3);00391039604-03(1:1,ntoi=5);00391039604-04(1:1,ntoi=5);00391039604-05(1:1,ntoi=5);00391039604-04(1:1,ntoi=4);00391039604-03(1:1,ntoi=4)",True,,0,0,False,869.3,282,312,373.0,3.59,,,,,0.9038461538461539,0.38836369731355486,5.407302522162658,False,False,False,29.1
60734281,10.1891,3466.0,0.464762,4,2553.62,22.29363,1583.5703,2.4,2336.0,2.45,29.1,3,7.6,1.9,17.6,3.7,2.0,7,,False,,0,0,False,1150.3,3,3,1526.0,2.82,,,,,1.0,3.1750870133632043,0.7558847961958072,False,False,False,29.1
27973247,12.0723,3708.0,0.474189,2,2202.31,12.13316,2095.027,2.4,15570.0,6.46,29.1,3,12.3,-1.8,33.8,3.1,2.0,0,,False,,0,0,False,8934.5,2,2,15347.0,1.42,,,,,1.0,2.6272450697811496,0.9135044262162878,False,False,False,29.1
382432832,10.9424,3778.0,0.560021,7,2168.04,1.4182,2037.6474,6.3,610.0,1.51,29.0,103,0.3,34.6,18.4,4.7,0.5,0,,False,,0,0,False,1541.3,95,102,508.0,5.13,,,,,0.9313725490196079,1.435237135606683,4.389518528822732,False,False,False,29.0
453465810,9.19995,3582.0,0.50961,5,2555.18,14.11943,1551.3871,4.8,590.0,1.35,29.0,10,15.5,-2.9,35.0,3.8,2.0,7,"00453465810-01(3:1,ntoi=1)",True,,0,0,False,658.4,7,10,401.0,5.91,,,,,0.7,2.899385593006025,1.655523160347726,False,False,False,29.0
372917714,10.637,3460.0,0.61741,4,1871.43,36.38794,2197.8162,4.8,2003.0,3.01,28.9,4,26.1,1.9,29.9,3.3,2.0,6,,False,,0,0,False,1066.2,4,4,1519.0,3.6,,,,,1.0,4.517622005789746,1.06250589222568,False,False,False,28.9
147208702,12.0921,3850.0,0.583942,4,2554.06,13.64926,1555.6716,1.8,10361.0,6.48,28.8,2,0.0,-3.3,23.2,2.9,2.0,4,,False,,0,0,True,2512.1,2,2,10591.0,1.17,,,,,1.0,3.139239653384579,0.5733872525658643,False,False,False,28.8
453465810,9.19995,3582.0,0.50961,5,2555.18,15.13753,1558.0246,4.2,763.0,1.54,28.7,7,4.3,-0.3,29.1,2.8,2.0,7,,False,,0,0,False,658.4,6,7,390.0,5.64,,,,,0.8571428571428571,2.967462644774326,1.4153505882866497,False,False,False,28.7
220537366,10.7946,3592.0,0.503087,4,1926.22,80.21951,2136.8844,6.0,3276.0,3.14,28.7,2,2.9,5.3,25.3,4.0,2.0,3,,False,,0,0,False,1037.0,2,2,2859.0,1.19,,,,,1.0,5.129366042878585,1.1697351972628605,False,False,False,28.7
593230,8.27496,3806.0,0.572561,3,2822.06,21.82816,1438.316,4.2,764.0,1.73,28.7,3,8.5,-2.5,21.9,2.9,2.0,2,,False,,0,0,False,479.7,3,3,547.0,2.4,,,,,1.0,3.6232239519826024,1.1591886274934207,False,False,False,28.7
80427281,11.1395,3479.0,0.584255,8,2906.02,22.74256,1359.713,6.3,1630.0,2.57,28.6,7,14.2,3.9,33.9,3.1,2.0,11,,False,,0,0,False,1354.6,7,7,248.0,21.65,,,,,1.0,3.7229714194025245,1.69219671340132,False,False,False,28.6
290674357,12.1656,3344.0,0.625836,6,2528.8,40.94964,1595.9375,2.4,33512.0,12.5,28.6,2,32.9,2.4,36.6,4.8,2.0,2,,False,,0,0,False,5105.1,1,2,30136.0,2.32,,,,,0.5,4.741677555965057,0.5061499799750799,False,False,False,28.6
220537366,10.7946,3592.0,0.503087,4,1926.22,76.87857,2136.8657,6.3,3064.0,3.04,28.3,2,0.0,0.1,25.0,3.9,2.0,3,,False,,0,0,False,1037.0,2,2,2685.0,1.2,,,,,1.0,5.057145584930641,1.2457620399090024,False,False,False,28.3
59336140,11.1187,3358.0,0.311008,4,2547.93,20.76576,1643.2229,3.15,3748.0,2.08,28.2,3,35.3,-1.0,32.1,2.6,2.0,1,,False,,0,0,False,1117.2,3,3,395.0,25.54,,,,,1.0,2.3723127579976895,1.3278181763262549,False,False,False,28.2
1042640023,12.4618,3799.0,0.487244,4,1791.48,0.52031,2334.2103,6.3,1996.0,2.37,28.1,185,1.9,0.0,19.6,4.2,1.0,0,,False,,0,0,False,5639.7,133,185,985.0,7.68,,,,,0.7189189189189189,0.9363970098095085,6.727915546506936,False,False,False,28.1
326700454,10.6757,3956.0,0.580712,1,26.06,6.86015,4212.123,1.17,10645.0,6.54,27.8,2,1.4,1.7,27.8,4.4,1.0,0,,False,,0,0,True,4489.1,2,2,11806.0,1.06,,,,,1.0,2.4867189179866087,0.47049949696256765,False,False,False,27.8
220484485,12.2207,3597.0,0.46435,4,2142.46,21.80124,2072.04,3.15,18915.0,6.97,27.8,2,25.1,4.4,29.3,2.5,2.0,1,,False,,0,0,False,5740.7,2,2,20782.0,1.83,,,,,1.0,3.1496743902647486,1.0001033788560043,False,False,False,27.8
59336140,11.1187,3358.0,0.311008,4,2547.93,22.23238,1642.1541,3.15,3579.0,2.03,27.7,3,35.7,0.7,32.2,2.6,2.0,1,,False,,0,0,False,1117.2,3,3,578.0,17.45,,,,,1.0,2.4268968610026564,1.2979537987859107,False,False,False,27.7
117939905,11.1421,3657.0,0.545866,3,2822.14,19.39873,1438.1132,0.62,9510.0,5.81,27.5,5,4.2,2.7,29.5,3.9,2.0,0,,False,,0,0,False,4373.6,5,5,6268.0,4.11,,,,,1.0,3.3743497096199198,0.18373910630319215,False,False,False,27.5
230974983,11.8951,3749.0,0.600117,3,2168.05,23.17526,2038.3279,1.58,18120.0,8.81,27.5,3,18.2,-0.7,31.0,3.2,2.0,0,,False,,0,0,False,7709.9,3,3,8292.0,5.02,,,,,1.0,3.813939375517037,0.414269825614574,False,False,False,27.5
162694692,12.4208,3740.0,0.540174,3,79.05,31.91037,4061.4392,0.75,43114.0,12.24,27.5,2,24.1,-0.8,26.7,5.0,1.0,0,,False,,0,0,False,5746.1,2,2,41910.0,1.9,,,,,1.0,3.955560442178097,0.1896065073365479,False,False,False,27.5
294419275,12.2922,3171.0,0.390811,3,2498.6,0.84923,1601.8864,6.3,2275.0,2.03,27.4,74,0.8,1.2,23.3,3.7,1.0,0,,False,,0,0,False,4775.8,50,74,1524.0,4.08,,,,,0.6756756756756757,0.9517610389974126,6.619308567869552,False,False,False,27.4
59336140,11.1187,3358.0,0.311008,4,2547.93,22.63144,1641.9104,3.15,3586.0,2.03,27.3,4,18.2,0.6,33.7,2.8,2.0,1,,False,,0,0,False,1117.2,3,3,354.0,28.01,,,,,1.0,2.441331363012124,1.290279577661886,False,False,False,27.3
20892891,11.5143,3516.0,0.490161,3,2936.46,24.06973,1366.3327,4.2,4307.0,3.51,27.3,2,0.0,3.9,18.7,3.6,2.0,1,,False,,0,0,False,1742.5,2,2,4326.0,1.07,,,,,1.0,3.37487637739285,1.244490028770942,False,False,False,27.3
259784187,11.4119,3811.0,0.615082,4,2196.33,37.00719,2060.6585,0.6,21370.0,9.81,27.2,2,0.0,-4.6,27.5,4.0,1.0,0,,False,,0,0,False,5017.9,2,2,20958.0,1.29,,,,,1.0,4.531677643832001,0.1324012975231482,False,False,False,27.2
64105291,11.6438,3862.0,0.565687,4,2879.66,63.31886,1419.5237,1.05,10076.0,6.2,27.2,2,20.5,0.0,34.0,3.4,2.0,2,,False,,0,0,False,1807.5,2,2,10236.0,1.78,,,,,1.0,5.125899912866484,0.20484207999543702,False,False,False,27.2
219398128,11.2735,3417.0,0.40943,10,2602.13,7.80135,1391.2233,4.5,924.0,1.36,27.1,30,3.1,20.3,11.8,3.4,0.5,15,"00219398128-01(2:1,ntoi=2)",True,,0,0,False,1332.8,30,30,718.0,3.11,,,,,1.0,2.0561335638136837,2.1885737771107983,False,False,False,27.1
48788704,9.8814,3411.0,0.340356,5,2196.32,58.06318,2081.0491,1.12,3298.0,2.13,27.1,3,10.0,-3.8,35.9,4.1,2.0,1,,False,,0,0,False,733.1,3,3,1091.0,6.69,,,,,1.0,3.5492030049965106,0.3155638035985212,False,False,False,27.1
71035969,12.4435,3574.0,0.447565,2,52.3,17.70883,4061.9925,3.6,15746.0,6.13,27.0,2,1.9,4.8,26.9,4.0,1.0,0,,False,,0,0,False,12401.0,2,2,15801.0,1.07,,,,,1.0,2.8675367662921505,1.255432900570951,False,False,False,27.0
304234452,11.4953,3561.0,0.490557,6,1817.61,29.46929,2304.362,4.8,8538.0,4.95,26.9,2,0.0,0.9,124.5,6.3,2.0,0,,False,,0,0,False,18062.5,2,2,102803.0,1.99,,,,,1.0,3.6123612066534387,1.3287707749599085,False,False,False,26.9
439414619,11.6374,3208.0,0.290613,5,2196.33,20.71403,2048.8881,3.15,5142.0,2.27,26.9,3,20.3,0.7,36.4,2.5,2.0,3,,False,,0,0,False,1490.5,3,3,537.0,33.81,,,,,1.0,2.2655475730077894,1.3903923437890966,False,False,False,26.9
220537366,10.7946,3592.0,0.503087,4,1926.22,46.94126,2089.9157,4.5,2745.0,2.88,26.9,3,10.4,1.7,24.6,3.8,2.0,3,,False,,0,0,False,1037.0,2,3,1710.0,2.17,,,,,0.6666666666666666,4.290309322124462,1.048875421824295,False,False,False,26.9
333772196,11.2807,3689.0,0.529529,4,2528.08,0.64335,1571.5612,1.5,946.0,1.78,26.8,125,1.1,-18.5,17.2,6.5,1.0,6,,False,,0,0,False,1414.7,114,124,891.0,4.58,,,,,0.9193548387096774,1.0623898075357274,1.4119111359693237,False,False,False,26.8
103834814,12.0571,3237.0,0.58094,2,49.88,0.50658,4101.3554,4.5,1196.0,2.19,26.8,85,2.9,-12.9,27.9,3.0,1.0,0,,False,,0,0,False,2683.3,50,85,389.0,11.1,,,,,0.5882352941176471,1.0435465521061356,4.312217783593731,False,False,False,26.8
71035969,12.4435,3574.0,0.447565,2,52.3,20.05348,4057.305,3.6,15760.0,6.13,26.8,2,1.9,-0.1,27.4,4.1,1.0,0,,False,,0,0,False,12401.0,2,2,15836.0,1.07,,,,,1.0,2.988883276466102,1.2044632282383574,False,False,False,26.8
64105291,11.6438,3862.0,0.565687,4,2879.66,71.69744,1472.6737,1.05,9716.0,6.08,26.7,2,0.0,-2.2,34.0,3.4,2.0,2,"00064105291-01(1:2,ntoi=1)",True,,0,0,False,1807.5,2,2,10144.0,1.8,,,,,1.0,5.342694103751868,0.19653006135287535,False,False,False,26.7
441054737,10.6226,3387.0,0.33885,3,2202.33,24.33591,2099.0771,2.4,6519.0,2.98,26.7,2,5.6,1.0,26.5,4.9,2.0,2,,False,,0,0,False,2808.1,2,2,6851.0,1.21,,,,,1.0,2.6482713622698175,0.9062515398508763,False,False,False,26.7
259542669,11.5669,3469.0,0.545593,7,2602.13,50.93927,1393.8566,4.8,3977.0,3.75,26.6,2,26.2,-1.6,29.1,3.2,2.0,9,,False,,0,0,False,1493.8,2,2,4148.0,1.94,,,,,1.0,4.653771540611206,1.0314214950417588,False,False,False,26.6
439414619,11.6374,3208.0,0.290613,5,2196.33,13.39453,2048.3631,2.25,6128.0,2.48,26.5,4,21.1,-0.1,48.6,3.9,2.0,3,,False,,0,0,False,1490.5,2,4,408.0,50.82,,,,,0.5,1.9591189806874492,1.1484754229732803,False,False,False,26.5
1042640023,12.4618,3799.0,0.487244,4,1791.48,0.55066,2334.4728,6.3,1885.0,2.31,26.5,176,1.7,-6.2,20.7,4.6,1.0,0,,False,,0,0,False,5639.7,133,176,1089.0,9.69,,,,,0.7556818181818182,0.9542609176743998,6.601967955843291,False,False,False,26.5
13020091,11.9799,3364.0,0.439794,5,2852.43,1.1647,1439.1269,4.2,972.0,1.5,26.4,103,4.1,-22.9,20.8,3.6,1.0,1,,False,,0,0,False,2537.2,69,102,858.0,6.28,,,,,0.6764705882352942,1.1440522315793635,3.671161057220178,False,False,False,26.4
259784187,11.4119,3811.0,0.615082,4,2196.33,45.58179,2081.8647,1.2,16739.0,8.68,26.4,2,0.0,-0.9,29.3,4.4,1.0,0,,False,,0,0,False,5017.9,2,2,19195.0,1.41,,,,,1.0,4.857663546635089,0.24703234147026132,False,False,False,26.4
321067332,12.2826,3699.0,0.442646,3,354.24,83.27852,3957.8265,4.2,10412.0,4.93,26.4,2,16.4,0.0,32.1,3.1,2.0,0,,False,,0,0,False,7502.1,2,2,8962.0,1.74,,,,,1.0,4.768959741080461,0.8806952098631983,False,False,False,26.4
74188694,10.0771,3352.0,0.359816,6,2575.9,49.81868,1652.9277,4.2,2478.0,1.95,26.3,2,0.0,4.0,20.7,3.9,2.0,14,"00074188694-03(1:1,ntoi=4)",True,,0,0,False,840.9,2,2,2351.0,1.18,,,,,1.0,3.499929908053267,1.2000240320058657,False,False,False,26.3
234508663,11.1966,3712.0,0.57303,6,2142.47,25.83294,2087.044,0.75,9418.0,6.07,26.3,3,13.7,-2.8,38.4,4.1,2.0,1,,False,,0,0,False,2021.3,3,3,2304.0,9.55,,,,,1.0,3.8345800811090225,0.19558856097304086,False,False,False,26.3
326700454,10.6757,3956.0,0.580712,1,26.06,7.23056,4211.3823,1.2,5592.0,4.74,26.2,3,3.7,1.2,24.6,3.4,1.0,0,,False,,0,0,False,4489.1,3,3,4722.0,2.34,,,,,1.0,2.5306930504204783,0.4741784072946414,False,False,False,26.2
293689266,9.06092,3842.0,0.629474,8,2577.39,7.40522,1470.2159,4.2,430.0,1.42,26.2,27,30.6,1.0,16.0,3.9,2.0,11,"00293689266-01(2:1,ntoi=1);00293689266-01(2:1,ntoi=1);00293689266-01(2:1,ntoi=2);00293689266-01(2:1,ntoi=2);00293689266-01(2:1,ntoi=1);00293689266-01(2:1,ntoi=1);00293689266-01(2:1,ntoi=1);00293689266-01(2:1,ntoi=1)",True,CTOI293689267.01(2:1),0,1,False,531.3,19,27,218.0,6.12,,,,,0.7037037037037037,2.691779493157152,1.5603061137351473,True,False,False,26.2
80427281,11.1395,3479.0,0.584255,8,2906.02,18.19607,1364.0255,6.3,1180.0,2.19,26.2,11,14.6,-0.5,30.6,2.6,2.0,11,,False,,0,0,False,1354.6,9,11,818.0,6.7,,,,,0.8181818181818182,3.456228540415924,1.822796127724197,False,False,False,26.2
80427281,11.1395,3479.0,0.584255,8,2906.02,15.48616,1359.0005,4.5,1484.0,2.46,26.2,10,5.5,3.7,31.7,2.8,2.0,11,"00080427281-01(1:3,ntoi=1)",True,,0,0,False,1354.6,8,10,1014.0,5.22,,,,,0.8,3.2753508912775287,1.3738985987680865,False,False,False,26.2
74188694,10.0771,3352.0,0.359816,6,2575.9,40.07246,1649.6277,4.2,1671.0,1.6,26.2,3,11.3,-2.0,20.1,3.7,2.0,14,"00074188694-01(1:2,ntoi=3)",True,,0,0,False,840.9,3,3,1400.0,1.98,,,,,1.0,3.25494716127435,1.2903435269147814,False,False,False,26.2
404379938,12.0492,3709.0,0.486154,4,2114.86,13.09054,2038.5167,3.15,8328.0,4.84,26.2,7,8.4,2.7,28.0,4.9,2.0,1,,False,,0,0,False,6244.9,6,7,6977.0,3.23,,,,,0.8571428571428571,2.7397444572544223,1.1497422658012078,False,False,False,26.2
290674357,12.1656,3344.0,0.625836,6,2528.8,37.62279,1573.1437,1.8,27127.0,11.25,26.0,2,33.4,2.2,30.7,3.7,2.0,2,,False,,0,0,False,5105.1,2,2,39596.0,1.95,,,,,1.0,4.609625617569531,0.39048724328919954,False,False,False,26.0
453465810,9.19995,3582.0,0.50961,5,2555.18,14.52555,1545.6996,4.2,631.0,1.4,26.0,8,11.0,0.8,28.3,2.7,2.0,7,,False,,0,0,False,658.4,8,8,256.0,8.33,,,,,1.0,2.9269217836613213,1.4349546419194605,False,False,False,26.0
332660818,10.8521,3660.0,0.646813,1,24.49,11.59869,4236.969,3.78,3269.0,4.03,25.8,2,0.0,-0.9,25.9,3.6,1.0,1,,False,,0,0,False,1741.1,2,2,3192.0,1.0,,,,,1.0,3.183198839009817,1.1874847256402703,False,False,False,25.8
259542669,11.5669,3469.0,0.545593,7,2602.13,54.60909,1393.8566,4.8,3873.0,3.7,25.8,2,26.9,-0.4,12.7,4.4,2.0,9,,False,,0,0,False,1493.8,2,2,4038.0,1.99,,,,,1.0,4.76294756385499,1.007779308012163,False,False,False,25.8
304234457,11.4817,3719.0,0.480816,6,1817.61,27.37973,2292.8495,4.2,5847.0,4.01,25.7,3,22.6,-0.9,129.7,6.0,2.0,0,,False,,0,0,True,12495.7,3,3,801.0,205.6,,,,,1.0,3.478061751854811,1.2075691289150308,False,False,False,25.7
102628186,11.0758,3735.0,0.500777,3,1790.8,26.64147,2294.6508,6.3,6050.0,4.25,25.6,2,0.0,-1.8,25.3,4.2,2.0,2,"00102628186-01(1:1,ntoi=1)",True,,0,0,False,2507.4,2,2,7412.0,1.35,,,,,1.0,3.5412555773414893,1.7790300254831,False,False,False,25.6
262531321,11.5677,3250.0,0.317125,9,2906.03,1.06334,1355.2346,7.92,409.0,0.7,25.5,185,0.4,-11.1,9.2,4.3,1.0,0,,False,,0,0,False,1215.9,173,185,295.0,3.52,,,,,0.9351351351351351,0.8924543236567806,8.874403753850677,False,False,False,25.5
22395594,9.14532,3510.0,0.286815,5,2553.66,23.96565,1589.4274,1.58,1312.0,1.13,25.5,5,21.7,4.2,29.3,3.6,2.0,2,,False,,0,0,False,892.8,5,5,773.0,4.9,,,,,1.0,2.3576134758068323,0.670169226725889,False,False,False,25.5
248348544,11.0541,3340.0,0.457145,4,2602.12,0.58382,1386.0938,1.12,717.0,1.34,25.5,173,2.2,-14.7,28.5,9.0,1.0,2,,False,,0,0,False,1114.0,149,173,622.0,6.76,,,,,0.861271676300578,0.9325467214760065,1.2010122111922696,False,False,False,25.5
147208702,12.0921,3850.0,0.583942,4,2554.06,7.148,1549.3278,2.1,4037.0,4.05,25.5,9,6.0,-2.3,27.2,3.9,1.0,4,,False,,0,0,False,2512.1,8,9,669.0,18.84,,,,,0.8888888888888888,2.5303637114087856,0.8299202168176923,False,False,False,25.5
220484485,12.2207,3597.0,0.46435,4,2142.46,16.4999,2073.1619,6.0,7951.0,4.52,25.5,5,15.8,3.4,31.3,2.8,2.0,1,,False,,0,0,False,5740.7,5,5,5302.0,4.68,,,,,1.0,2.8703335325414603,2.0903494078221145,False,False,False,25.5
152970468,9.78832,3751.0,0.485889,7,2874.19,1.83673,1387.0706,3.0,285.0,0.89,25.4,93,1.1,-22.5,18.5,4.9,1.0,3,,False,,0,0,False,507.3,88,93,252.0,4.09,,,,,0.946236559139785,1.4231415943402208,2.1080123101811403,False,False,False,25.4
22395594,9.14532,3510.0,0.286815,5,2553.66,12.33597,1571.6915,3.0,835.0,0.9,25.4,8,11.0,6.8,27.7,3.3,2.0,2,,False,,0,0,False,892.8,7,7,290.0,9.31,,,,,1.0,1.8894437588203277,1.587768879595044,False,False,False,25.4
21628044,11.2065,3579.0,0.467117,3,1871.43,21.11164,2187.5004,4.5,3503.0,3.02,25.4,5,9.4,1.2,20.3,4.2,2.0,0,,False,,0,0,False,3855.1,4,5,3536.0,3.45,,,,,0.8,3.1284753200243403,1.4384003515057262,False,False,False,25.4
326700454,10.6757,3956.0,0.580712,1,26.06,6.72991,4212.3911,0.78,8191.0,5.73,25.3,3,1.7,7.0,24.6,3.4,1.0,0,,False,,0,0,True,4489.1,3,3,11191.0,1.15,,,,,1.0,2.470881473889043,0.3156768174607418,False,False,False,25.3
234508663,11.1966,3712.0,0.57303,6,2142.47,25.0529,2074.2888,0.75,9281.0,6.02,25.3,3,15.6,1.3,32.7,3.3,2.0,1,,False,,0,0,False,2021.3,3,3,628.0,35.03,,,,,1.0,3.7955891968396314,0.19759778024041216,False,False,False,25.3
325220989,11.8288,3252.0,0.432769,9,2851.9,0.53205,1325.8439,6.12,404.0,0.95,25.2,379,7.7,-5.0,35.7,3.6,1.0,11,,False,,0,0,False,2002.2,194,379,52.0,49.17,,,,,0.5118733509234829,0.8716922922062562,7.020826104255504,False,False,False,25.2
138775756,10.9648,3240.0,0.308747,3,2607.67,2.63407,1439.8779,6.3,626.0,0.84,25.2,32,1.0,-7.4,24.9,3.3,1.0,1,"00138775756-01(1:3,ntoi=1)",True,,0,0,False,1026.4,32,32,505.0,3.51,,,,,1.0,1.186185367309525,5.3111429070226155,False,False,False,25.2
117939905,11.1421,3657.0,0.545866,3,2822.14,12.90551,1451.0038,0.62,9104.0,5.68,25.2,5,12.9,0.4,28.8,3.7,2.0,0,,False,,0,0,False,4373.6,5,5,6574.0,4.38,,,,,1.0,2.9457149187794753,0.21047522149797518,False,False,False,25.2
66555593,10.7935,3425.0,0.587984,3,2577.13,1.46348,1411.4566,6.0,494.0,1.43,25.1,60,4.4,-2.0,28.6,3.4,0.5,1,,False,,0,0,False,1376.1,44,60,331.0,7.25,,,,,0.7333333333333333,1.4982383067165206,4.004703372689329,False,False,False,25.1
273342620,11.1752,3312.0,0.340518,6,2528.27,43.31392,1603.7909,7.2,3275.0,2.13,24.9,2,30.9,-0.3,40.3,3.9,2.0,3,,False,,0,0,False,1142.3,2,2,4463.0,1.95,,,,,1.0,3.2199132657587946,2.236085076131164,False,False,False,24.9
188989616,12.1709,3333.0,0.310323,4,2852.44,32.41709,1441.0584,1.58,16088.0,4.29,24.9,2,19.6,0.2,31.8,3.8,2.0,0,,False,,0,0,False,2908.2,2,2,13682.0,1.92,,,,,1.0,2.7479507594503763,0.5749739126752109,False,False,False,24.9
71035969,12.4435,3574.0,0.447565,2,52.3,15.70289,4061.6518,1.05,28138.0,8.19,24.9,2,0.1,0.2,24.9,3.4,1.0,0,,False,,0,0,False,12401.0,2,2,27838.0,1.02,,,,,1.0,2.754898281564765,0.3811392990537591,False,False,False,24.9
273342620,11.1752,3312.0,0.340518,6,2528.27,40.96726,1603.7721,6.3,3530.0,2.21,24.8,2,0.0,-0.1,40.3,3.9,2.0,3,,False,,0,0,False,1142.3,2,2,5169.0,1.94,,,,,1.0,3.160680880805744,1.9932414051221639,False,False,False,24.8
448186109,9.98582,3509.0,0.462766,7,2524.03,49.32755,1627.9855,6.3,1786.0,2.13,24.7,2,6.9,-0.8,18.9,3.1,2.0,13,"00448186109-01(1:3,ntoi=1)",True,,0,0,False,764.3,2,2,1668.0,1.31,,,,,1.0,4.125523874266135,1.5270787885382602,False,False,False,24.7
431259116,11.1688,3435.0,0.378057,4,1815.49,1.67729,2362.8585,6.0,1140.0,1.39,24.7,62,0.3,-17.3,16.4,3.3,1.0,0,,False,,0,0,False,2392.4,60,62,989.0,5.56,,,,,0.967741935483871,1.1680171039058045,5.136911077702741,False,False,False,24.7
293969860,11.6113,3807.0,0.589743,12,1957.43,103.05591,2163.333,0.6,14530.0,7.76,24.6,2,16.0,0.8,29.3,4.6,2.0,2,"00293969860-01(1:2,ntoi=1)",True,,0,0,False,1740.7,2,2,11883.0,1.83,,,,,1.0,6.199278177097606,0.09678546160690428,False,False,False,24.6
273342620,11.1752,3312.0,0.340518,6,2528.27,40.96692,1603.7721,6.3,3467.0,2.19,24.6,2,0.0,-0.0,40.3,3.9,2.0,3,,False,,0,0,False,1142.3,2,2,5164.0,1.94,,,,,1.0,3.160672136957833,1.9932469193289342,False,False,False,24.6
321067332,12.2826,3699.0,0.442646,3,354.24,16.86831,3937.7765,4.2,6210.0,3.81,24.6,6,3.7,2.4,33.4,3.4,1.0,0,,False,,0,0,False,7502.1,5,6,3394.0,4.4,,,,,0.8333333333333334,2.80072100120418,1.4996138487890065,False,False,False,24.6
293969860,11.6113,3807.0,0.589743,12,1957.43,81.68898,2103.008,0.6,14180.0,7.66,24.4,2,0.0,1.9,24.1,3.5,2.0,2,,False,,0,0,False,1740.7,2,2,11982.0,1.81,,,,,1.0,5.737261541199189,0.1045795098744251,False,False,False,24.4
22395594,9.14532,3510.0,0.286815,5,2553.66,15.69492,1583.4227,2.25,1101.0,1.04,24.4,4,19.0,0.5,27.1,3.1,2.0,2,,False,,0,0,False,892.8,4,4,663.0,4.85,,,,,1.0,2.047367962842978,1.0989719683195818,False,False,False,24.4
102840237,11.4114,3766.0,0.53777,4,1816.94,3.7324,2283.8792,3.15,2801.0,3.11,24.3,23,3.3,-1.4,18.8,3.9,1.0,4,"00102840237-01(3:1,ntoi=1);00102840237-01(3:1,ntoi=1);00102840237-01(3:1,ntoi=1)",True,815.01(3:1),2,2,False,2734.3,15,23,404.0,25.74,,,,,0.6521739130434783,1.9287180060516096,1.633209204309005,True,False,False,24.3
117939905,11.1421,3657.0,0.545866,3,2822.14,24.14627,1438.1158,0.75,8800.0,5.59,24.3,4,6.6,-0.2,27.7,3.4,2.0,0,,False,,0,0,False,4373.6,4,4,4835.0,4.21,,,,,1.0,3.6297970322524575,0.20662312336912958,False,False,False,24.3
49672084,11.0413,3322.0,0.386807,3,2822.28,20.79371,1472.8329,3.15,3637.0,2.55,24.2,2,0.0,-2.6,21.1,2.6,2.0,2,,False,,0,0,False,1322.3,2,2,3729.0,1.56,,,,,1.0,2.7448282288641335,1.1476127966315528,False,False,False,24.2
139636101,12.3897,3916.0,0.6438,2,54.91,16.92498,4249.9246,3.0,29204.0,12.0,24.2,2,4.8,-1.4,24.3,5.1,1.0,0,,False,,0,0,False,12374.0,2,2,32102.0,1.08,,,,,1.0,3.599302352898604,0.8334948570197301,False,False,False,24.2
332660818,10.8521,3660.0,0.646813,1,24.49,9.96537,4240.3252,7.56,2576.0,3.58,24.1,3,0.0,4.7,23.2,2.9,1.0,1,"00332660818-01(2:1,ntoi=1)",True,,0,0,False,1741.1,3,3,2552.0,1.36,,,,,1.0,3.026160303922979,2.4982153094135673,False,False,False,24.1
259542669,11.5669,3469.0,0.545593,7,2602.13,60.9159,1393.8566,4.8,2520.0,2.99,24.0,4,12.2,-0.9,28.4,3.1,2.0,9,,False,,0,0,False,1493.8,4,4,1054.0,7.64,,,,,1.0,4.93966741165446,0.9717253409966561,False,False,False,24.0
448744245,12.3176,3158.0,0.203424,5,2527.41,15.38126,1584.9485,2.1,9132.0,2.12,24.0,7,22.4,5.0,35.0,3.5,2.0,0,,False,,0,0,False,6650.0,5,7,3939.0,10.65,,,,,0.7142857142857143,1.6173613415760624,1.2984111503206965,False,False,False,24.0
188989616,12.1709,3333.0,0.310323,4,2852.44,44.9934,1482.3834,1.12,16574.0,4.36,24.0,2,0.0,1.0,31.8,3.8,2.0,0,,False,,0,0,False,2908.2,2,2,15514.0,1.86,,,,,1.0,3.0652592260331977,0.36538508406984244,False,False,False,24.0
20892891,11.5143,3516.0,0.490161,3,2936.46,25.78755,1366.3327,4.2,3252.0,3.05,24.0,3,13.1,0.5,20.2,4.1,2.0,1,,False,,0,0,False,1742.5,3,3,4563.0,1.01,,,,,1.0,3.453325301556485,1.2162190449034656,False,False,False,24.0
259845346,11.2054,3344.0,0.522994,10,2907.31,4.96114,1329.6498,7.92,552.0,1.34,23.9,44,2.5,-17.8,21.8,4.0,1.0,25,,False,,0,0,False,1517.4,36,44,621.0,4.68,,,,,0.8181818181818182,2.081612685847363,3.8047423777954164,False,False,False,23.9
441054737,10.6226,3387.0,0.33885,3,2202.33,8.11975,2088.863,1.58,3563.0,2.21,23.9,9,7.3,-4.0,22.5,3.7,1.0,2,,False,,0,0,False,2808.1,8,9,1919.0,4.45,,,,,0.8888888888888888,1.8367956405906516,0.860193679190095,False,False,False,23.9
22395594,9.14532,3510.0,0.286815,5,2553.66,13.88383,1583.4415,1.8,1078.0,1.03,23.8,5,12.4,9.8,26.7,3.0,2.0,2,,False,,0,0,True,892.8,5,5,444.0,8.14,,,,,1.0,1.9653774259520722,0.9158546222377822,False,False,False,23.8
220537366,10.7946,3592.0,0.503087,4,1926.22,73.50844,2063.3657,4.5,2591.0,2.79,23.8,2,11.9,1.8,25.3,4.0,2.0,3,,False,,0,0,False,1037.0,2,2,2250.0,1.6,,,,,1.0,4.982141900004971,0.9032259799736956,False,False,False,23.8
321067332,12.2826,3699.0,0.442646,3,354.24,27.65678,3958.714,2.4,9918.0,4.81,23.7,4,12.4,0.1,32.1,3.1,2.0,0,,False,,0,0,True,7502.1,4,4,6281.0,3.24,,,,,1.0,3.302528152066702,0.7267159852969292,False,False,False,23.7
256911677,10.9325,3232.0,0.245323,6,1817.32,0.50565,2334.035,2.1,451.0,0.57,23.5,277,0.6,18.1,19.2,7.6,1.0,0,,False,,0,0,False,1200.0,212,277,390.0,11.43,,,,,0.7653429602888087,0.5870167259548925,3.577410842227634,False,False,False,23.5
382432832,10.9424,3778.0,0.560021,7,2168.04,2.12731,2038.3224,6.3,587.0,1.48,23.4,67,1.9,-18.1,20.1,5.4,1.0,0,,False,,0,0,False,1541.3,65,67,474.0,4.84,,,,,0.9701492537313433,1.6429389649351314,3.834591627844644,False,False,False,23.4
333772196,11.2807,3689.0,0.529529,4,2528.08,0.85779,1571.9924,1.8,869.0,1.7,23.4,94,0.3,24.4,15.6,5.9,1.0,6,"00333772196-01(1:2,ntoi=2);00333772196-02(1:2,ntoi=2);00333772196-02(1:2,ntoi=2);00333772196-01(1:2,ntoi=2);00333772196-01(1:2,ntoi=2);00333772196-02(1:2,ntoi=2)",True,,0,0,False,1414.7,90,94,769.0,3.06,,,,,0.9574468085106383,1.1693067409610007,1.5393736621416043,False,False,False,23.4
370133351,11.9278,3345.0,0.571704,3,131.17,14.44311,4105.5336,3.15,5383.0,4.58,23.4,3,11.2,-2.5,23.0,3.0,2.0,3,,False,,0,0,False,1953.6,3,3,3444.0,2.65,,,,,1.0,3.1541040848493656,0.9986988112189831,False,False,False,23.4
229147927,10.6086,3623.0,0.540657,9,2878.5,37.11417,1382.819,3.6,1892.0,2.57,23.3,3,26.5,0.5,16.5,3.2,2.0,12,,False,,0,0,False,976.1,3,3,535.0,9.75,,,,,1.0,4.162326063116094,0.8649010061707869,False,False,False,23.3
142350889,12.4666,3495.0,0.410145,5,2904.62,1.63348,1386.1899,6.3,1996.0,2.0,23.3,65,0.1,26.0,15.2,5.0,0.5,0,,False,,0,0,False,5167.8,64,65,1691.0,3.35,,,,,0.9846153846153847,1.22237515867587,5.153900547868163,False,False,False,23.3
158624542,8.7045,3850.0,0.63117,8,2906.03,43.27555,1394.0317,6.12,758.0,1.9,23.2,3,4.2,4.8,18.5,2.8,2.0,9,,False,,0,0,False,477.7,3,3,660.0,1.3,,,,,1.0,4.857208260799973,1.2599830337503477,False,False,False,23.2
224284991,11.4506,3283.0,0.272643,5,2144.36,36.02883,2100.2015,4.8,3873.0,1.85,23.2,2,0.0,0.2,22.8,4.1,1.0,1,,False,,0,0,False,1617.5,2,2,4600.0,1.22,,,,,1.0,2.6110864333327353,1.8383152463755792,False,False,False,23.2
332660818,10.8521,3660.0,0.646813,1,24.49,7.08851,4238.9152,6.12,1983.0,3.14,23.1,3,4.7,4.7,23.2,2.9,1.0,1,,False,,0,0,False,1741.1,3,3,1825.0,1.51,,,,,1.0,2.7013391087844383,2.265543033859939,False,False,False,23.1
74188694,10.0771,3352.0,0.359816,6,2575.9,50.41249,1643.2527,3.0,2197.0,1.84,23.0,2,6.8,-2.5,20.7,3.9,2.0,14,,False,,0,0,False,840.9,2,2,2330.0,1.27,,,,,1.0,3.5137807385290096,0.8537812183625049,False,False,False,23.0
139636101,12.3897,3916.0,0.6438,2,54.91,7.2707,4240.1402,3.15,24297.0,10.95,23.0,2,0.0,-1.7,23.4,4.8,1.0,0,,False,,0,0,False,12374.0,2,2,26894.0,1.34,,,,,1.0,2.715820219675348,1.159870589805298,False,False,False,23.0
33949202,10.0725,3442.0,0.497515,3,2936.45,20.68656,1364.35,1.58,2584.0,2.76,22.9,3,15.1,-0.6,24.0,3.3,2.0,1,,False,,0,0,False,695.6,2,2,2629.0,1.66,,,,,1.0,3.2407224612596055,0.4875456071563391,False,False,False,22.9
101140660,12.0349,3560.0,0.618906,2,324.15,25.97722,3954.4215,3.15,5999.0,5.23,22.9,2,6.6,-1.0,23.0,4.7,1.0,0,,False,,0,0,False,2007.4,2,2,6079.0,1.28,,,,,1.0,4.044103980540839,0.7789117231300106,False,False,False,22.9
300951068,11.8973,3302.0,0.391964,3,2469.17,0.58341,1629.7205,6.3,806.0,1.21,22.8,99,2.3,-5.6,19.6,2.5,1.0,0,,False,,0,0,False,2249.0,60,99,472.0,7.52,,,,,0.6060606060606061,0.8414539839856878,7.487040432275326,False,False,False,22.8
139636101,12.3897,3916.0,0.6438,2,54.91,14.87843,4239.1558,2.1,29619.0,12.09,22.8,3,5.0,-1.2,23.2,4.7,1.0,0,,False,,0,0,False,12374.0,3,3,30018.0,1.15,,,,,1.0,3.4479527914905312,0.6090570628411016,False,False,False,22.8
49672084,11.0413,3322.0,0.386807,3,2822.28,14.2858,1478.5329,2.25,3340.0,2.44,22.7,3,21.3,5.9,23.1,3.1,2.0,2,,False,,0,0,False,1322.3,2,3,4579.0,1.41,,,,,0.6666666666666666,2.4219919713961344,0.9289873899553056,False,False,False,22.7
71035969,12.4435,3574.0,0.447565,2,52.3,19.46018,4057.9237,4.8,11441.0,5.22,22.7,2,2.8,0.7,23.6,3.0,1.0,0,,False,,0,0,False,12401.0,2,2,11492.0,1.12,,,,,1.0,2.9591114537710044,1.6221085535264383,False,False,False,22.7
207108993,10.9633,3395.0,0.452657,8,2906.03,0.75403,1354.4897,3.15,294.0,0.85,22.6,257,0.5,26.2,17.8,9.4,1.0,2,"00207108993-01(1:1,ntoi=2);00207108993-02(1:1,ntoi=2)",True,,0,0,False,852.1,224,257,262.0,3.13,,,,,0.8715953307392996,1.0089059027322038,3.1221940435371915,False,False,False,22.6
391039604,10.33,2898.0,0.130686,7,2502.69,0.77398,1571.031,2.1,384.0,0.28,22.6,209,1.6,-14.2,14.9,6.0,1.0,13,,False,,0,0,False,869.3,185,209,334.0,4.16,,,,,0.8851674641148325,0.44456737025137505,4.723693506369083,False,False,False,22.6
49672084,11.0413,3322.0,0.386807,3,2822.28,11.9819,1478.5329,2.25,2553.0,2.13,22.6,5,15.9,3.4,21.0,2.5,2.0,2,,False,,0,0,False,1322.3,5,5,1188.0,5.35,,,,,1.0,2.284089272843072,0.9850753325413415,False,False,False,22.6
71035969,12.4435,3574.0,0.447565,2,52.3,17.138,4062.5612,4.2,12282.0,5.41,22.6,2,5.4,0.5,23.6,3.0,1.0,0,,False,,0,0,False,12401.0,2,2,12402.0,1.24,,,,,1.0,2.836388732565122,1.4807561290097497,False,False,False,22.6
20892891,11.5143,3516.0,0.490161,3,2936.46,19.31929,1366.3327,4.5,3983.0,3.37,22.4,2,4.7,-1.2,18.9,3.7,2.0,1,,False,,0,0,False,1742.5,2,2,3664.0,1.25,,,,,1.0,3.136398110060986,1.434766838292891,False,False,False,22.4
33174050,9.86849,3725.0,0.586767,2,2555.25,23.71582,1541.7215,3.0,1734.0,2.67,22.4,2,0.0,-3.8,20.6,3.9,2.0,0,,False,,0,0,False,614.4,2,2,1693.0,1.19,,,,,1.0,3.7861527368811156,0.7923610610783977,False,False,False,22.4
316295827,12.4661,3257.0,0.627524,2,2471.68,18.94217,1608.5516,3.15,17882.0,9.16,22.4,3,4.7,0.6,18.5,3.4,2.0,1,,False,,0,0,False,7602.1,3,3,21649.0,1.07,,,,,1.0,3.6737119211266758,0.8574433890379568,False,False,False,22.4
293969860,11.6113,3807.0,0.589743,12,1957.43,77.92819,2110.5361,0.95,10636.0,6.64,22.3,2,0.0,-0.3,23.9,3.4,2.0,2,"00293969860-01(2:1,ntoi=1)",True,,0,0,False,1740.7,1,2,8504.0,2.02,,,,,0.5,5.647830922538237,0.1682061685325829,False,False,False,22.3
158624542,8.7045,3850.0,0.63117,8,2906.03,51.08455,1382.3992,3.6,833.0,1.99,22.3,2,0.0,2.8,21.7,4.0,2.0,9,,False,,0,0,False,477.7,2,2,832.0,1.03,,,,,1.0,5.133367817969592,0.701293990155553,False,False,False,22.3
200806186,11.8548,3653.0,0.639988,5,2602.12,1.92377,1386.6326,6.0,643.0,1.77,22.3,68,0.4,18.8,11.3,3.6,0.5,2,,False,,0,0,False,1553.7,61,68,588.0,5.61,,,,,0.8970588235294118,1.7366297259374728,3.45496792458799,False,False,False,22.3
102840237,11.4114,3766.0,0.53777,4,1816.94,40.05219,2316.8792,3.15,8317.0,5.35,22.3,2,0.0,2.7,17.8,4.6,2.0,4,,False,,2,2,False,2734.3,2,2,8435.0,1.23,,,,,1.0,4.254169248575256,0.7404500892988571,True,False,False,22.3
20892891,11.5143,3516.0,0.490161,3,2936.46,27.1262,1366.3327,4.2,3616.0,3.22,22.3,2,6.4,2.5,22.3,4.9,2.0,1,,False,,0,0,True,1742.5,2,2,3592.0,1.29,,,,,1.0,3.5120750088615598,1.1958742308756758,False,False,False,22.3
332660818,10.8521,3660.0,0.646813,1,24.49,11.13724,4237.9027,3.12,3087.0,3.92,22.2,2,0.0,-4.6,22.4,2.7,1.0,1,,False,,0,0,False,1741.1,2,2,3037.0,1.18,,,,,1.0,3.140412135010644,0.9935001731832963,False,False,False,22.2
229859330,11.7039,3640.0,0.519287,3,2554.55,0.69762,1518.182,7.2,684.0,1.48,22.2,82,7.0,-5.1,16.9,2.7,1.0,1,,False,,0,0,False,1972.9,55,82,673.0,9.83,,,,,0.6707317073170732,1.0773402905046132,6.683125158744046,False,False,False,22.2
281573523,11.6167,3103.0,0.450927,5,2878.49,50.64174,1399.6501,6.3,4115.0,3.16,22.1,2,4.0,-0.7,19.5,3.5,2.0,3,,False,,0,0,False,1589.2,2,2,3366.0,1.32,,,,,1.0,4.0905527158224455,1.5401341671093276,False,False,False,22.1
248348544,11.0541,3340.0,0.457145,4,2602.12,0.77842,1386.3,1.58,615.0,1.24,22.1,127,0.2,23.4,25.1,7.6,1.0,2,"00248348544-01(1:2,ntoi=2);00248348544-02(1:2,ntoi=2)",True,,0,0,False,1114.0,111,127,460.0,7.54,,,,,0.8740157480314961,1.026397546699733,1.5393645523416477,False,False,False,22.1
281573523,11.6167,3103.0,0.450927,5,2878.49,47.37686,1397.9813,7.2,3450.0,2.89,22.0,2,0.0,-3.5,21.6,4.2,2.0,3,,False,,0,0,False,1589.2,2,2,3106.0,1.36,,,,,1.0,4.000686726745751,1.799691026009588,False,False,False,22.0
188989616,12.1709,3333.0,0.310323,4,2852.44,34.00039,1451.9803,1.58,11974.0,3.7,22.0,4,21.1,-0.6,31.8,3.8,2.0,0,,False,,0,0,False,2908.2,3,3,6287.0,4.19,,,,,1.0,2.791979575763838,0.5659067185574733,False,False,False,22.0
230974983,11.8951,3749.0,0.600117,3,2168.05,11.01455,2038.2608,2.1,8383.0,5.99,22.0,7,3.0,4.7,18.7,4.1,2.0,0,,False,,0,0,False,7709.9,6,7,4088.0,8.33,,,,,0.8571428571428571,2.976376269700163,0.7055559545270639,False,False,False,22.0
273342620,11.1752,3312.0,0.340518,6,2528.27,44.45824,1603.8799,1.58,4294.0,2.43,21.9,4,15.7,0.3,38.8,3.7,2.0,3,,False,,0,0,False,1142.3,3,4,546.0,25.44,,,,,0.75,3.2480230203738283,0.48644975423177617,False,False,False,21.9
22395594,9.14532,3510.0,0.286815,5,2553.66,6.70446,1572.4915,1.8,592.0,0.76,21.9,16,4.9,-4.5,27.5,3.2,1.0,2,,False,,0,0,False,892.8,12,16,321.0,11.26,,,,,0.75,1.5419281449878035,1.1673695728630973,False,False,False,21.9
102628186,11.0758,3735.0,0.500777,3,1790.8,25.30869,2306.6696,3.6,5435.0,4.03,21.9,3,7.8,4.3,24.4,4.0,2.0,2,,False,,0,0,False,2507.4,3,3,5009.0,2.41,,,,,1.0,3.481190306340289,1.0341290430009882,False,False,False,21.9
316295827,12.4661,3257.0,0.627524,2,2471.68,15.17384,1609.1235,4.5,18384.0,9.28,21.9,2,0.9,2.0,18.0,3.3,2.0,1,,False,,0,0,False,7602.1,2,2,18517.0,1.04,,,,,1.0,3.411879525330163,1.3189211303012058,False,False,False,21.9
281573523,11.6167,3103.0,0.450927,5,2878.49,48.47362,1381.5376,6.3,4381.0,3.26,21.8,2,1.3,3.3,19.7,3.5,2.0,3,,False,,0,0,False,1589.2,2,2,3765.0,1.18,,,,,1.0,4.031323084700839,1.5627623655144272,False,False,False,21.8
49616420,11.9985,3794.0,0.604122,5,2174.68,46.80507,2131.879,0.62,13315.0,7.61,21.8,3,21.5,1.0,29.7,3.8,2.0,0,,False,,0,0,False,2577.8,3,3,3859.0,7.45,,,,,1.0,4.842344627163657,0.12803714888899953,False,False,False,21.8
156831398,12.1166,3801.0,0.581638,4,1081.62,7.36146,2967.8496,6.0,1631.0,2.56,21.7,13,5.8,13.2,18.7,3.6,0.5,1,,False,,0,0,False,1890.7,13,13,898.0,6.04,,,,,1.0,2.5485791619133042,2.3542529459809276,False,False,False,21.7
172889501,12.2328,3204.0,0.247532,4,2470.88,1.6538,1629.0153,7.2,1140.0,0.91,21.7,57,0.1,24.7,14.4,2.2,0.5,0,,False,,0,0,False,2527.4,52,56,854.0,4.6,,,,,0.9285714285714286,0.8765772405680466,8.213765617886905,False,False,False,21.7
102628186,11.0758,3735.0,0.500777,3,1790.8,20.9292,2294.9446,6.0,5681.0,4.12,21.7,2,6.2,0.3,23.4,3.7,2.0,2,,False,,0,0,False,2507.4,2,2,7416.0,1.32,,,,,1.0,3.267548828336043,1.8362388185199432,False,False,False,21.7
129740457,12.494,3091.0,0.277166,7,2904.62,94.39235,1394.078,0.6,17551.0,4.01,21.5,2,15.1,1.3,26.2,4.3,2.0,6,,False,,0,0,False,2528.4,2,2,16040.0,1.79,,,,,1.0,3.6392665274533806,0.16486838638330154,False,False,False,21.5
220395392,12.0964,3280.0,0.402749,12,1926.23,53.73286,2112.9728,3.06,5719.0,3.32,21.4,5,4.3,0.8,21.1,5.1,1.0,4,,False,,0,0,False,4812.1,5,5,3649.0,4.51,,,,,1.0,3.8694086087965345,0.7908185227694842,False,False,False,21.4
158624542,8.7045,3850.0,0.63117,8,2906.03,45.60194,1398.2842,3.6,806.0,1.96,21.4,3,7.3,-0.9,19.6,3.2,2.0,9,,False,,0,0,False,477.7,3,3,672.0,1.87,,,,,1.0,4.942730892099362,0.7283423027853629,False,False,False,21.4
170882537,11.8997,3298.0,0.514585,5,2852.41,42.65801,1474.5337,6.0,3874.0,3.49,21.4,2,2.6,3.1,17.8,3.9,2.0,2,,False,,0,0,False,1673.8,2,2,3951.0,1.12,,,,,1.0,4.218712271722758,1.4222349412679507,False,False,False,21.4
114851071,10.9967,3417.0,0.50311,4,2936.46,22.91216,1368.7577,2.4,4258.0,3.58,21.4,2,0.0,1.6,15.1,2.8,2.0,7,,False,,0,0,False,1122.6,2,2,4203.0,1.04,,,,,1.0,3.3780982106789508,0.7104589181016242,False,False,False,21.4
231017428,9.60304,3530.0,0.48837,7,2878.5,41.53338,1377.1304,3.6,880.0,1.58,21.3,4,9.3,2.6,22.5,3.4,2.0,13,"00231017428-02(1:2,ntoi=3);00231017428-01(1:3,ntoi=1)",True,,0,0,False,629.0,4,4,653.0,3.17,,,,,1.0,4.0380656110394195,0.8915159749158561,False,False,False,21.3
33949202,10.0725,3442.0,0.497515,3,2936.45,23.86236,1372.5062,1.58,2502.0,2.71,21.3,2,0.0,-0.4,25.3,3.6,2.0,1,,False,,0,0,False,695.6,2,2,2441.0,1.79,,,,,1.0,3.3987316667497427,0.4648793005512487,False,False,False,21.3
231667327,12.3108,3725.0,0.576854,3,76.53,1.62462,4128.7005,7.2,1135.0,2.12,21.2,38,2.1,0.4,20.2,2.7,1.0,0,,False,,1,0,False,2826.3,28,38,1060.0,2.25,,,,,0.7368421052631579,1.5316851369440416,4.7007050119746925,False,False,False,21.2
327221844,11.3572,3907.0,0.582047,1,25.39,13.63137,4185.0297,2.34,10289.0,6.44,21.1,2,5.2,0.0,19.2,3.2,2.0,0,,False,,0,0,True,4099.6,2,2,8964.0,1.33,,,,,1.0,3.131075208343146,0.7473471073977316,False,False,False,21.1
170882537,11.8997,3298.0,0.514585,5,2852.41,29.44025,1463.7087,4.8,4251.0,3.66,21.1,2,3.0,-0.3,17.4,3.8,2.0,2,,False,,0,0,False,1673.8,2,2,4378.0,1.14,,,,,1.0,3.7281513958616532,1.2875013620230462,False,False,False,21.1
229147927,10.6086,3623.0,0.540657,9,2878.5,17.74685,1355.7515,3.0,957.0,1.83,21.0,13,7.4,1.5,32.6,2.9,2.0,12,,False,,0,0,False,976.1,10,13,377.0,16.2,,,,,0.7692307692307693,3.254842217040761,0.9217036648638353,False,False,False,21.0
448465432,9.30379,3432.0,0.413428,4,2498.55,0.73724,1601.6047,7.2,155.0,0.56,21.0,120,1.4,-6.5,11.2,4.3,0.5,2,,False,,0,0,False,448.5,109,120,89.0,8.28,,,,,0.9083333333333333,0.9426370709020954,7.638146453448583,False,False,False,21.0
74188694,10.0771,3352.0,0.359816,6,2575.9,13.03622,1630.1777,4.2,706.0,1.04,20.9,12,8.8,4.6,23.5,3.9,2.0,14,"00074188694-01(1:1,ntoi=1)",True,,0,0,False,840.9,10,12,467.0,6.32,,,,,0.8333333333333334,2.23861375827614,1.8761610771275876,False,False,False,20.9
448465432,9.30379,3432.0,0.413428,4,2498.55,0.73724,1601.6047,7.2,155.0,0.56,20.9,120,1.6,-7.3,15.6,6.9,1.0,2,,False,,0,0,False,448.5,109,120,92.0,5.37,,,,,0.9083333333333333,0.9426370709020954,7.638146453448583,False,False,False,20.9
441054737,10.6226,3387.0,0.33885,3,2202.33,16.5761,2101.2709,2.1,5329.0,2.7,20.9,2,9.8,1.5,21.6,3.4,2.0,2,,False,,0,0,False,2808.1,2,2,5735.0,1.44,,,,,1.0,2.3300973897658444,0.9012498830407397,False,False,False,20.9
293969860,11.6113,3807.0,0.589743,12,1957.43,92.90164,2173.4851,0.6,10176.0,6.49,20.8,3,11.0,1.1,23.6,3.4,2.0,2,,False,,0,0,False,1740.7,3,3,1501.0,14.45,,,,,1.0,5.9885905049236,0.10019052054180394,False,False,False,20.8
158624542,8.7045,3850.0,0.63117,8,2906.03,77.02355,1405.8777,0.95,1511.0,2.68,20.8,2,8.2,-0.6,22.6,4.4,2.0,9,,False,,0,0,False,477.7,2,2,1569.0,1.38,,,,,1.0,5.886362946273676,0.16138998031057383,False,False,False,20.8
101417914,11.3932,3632.0,0.504979,5,2580.68,41.16251,1541.9245,3.6,3822.0,3.41,20.8,3,13.1,0.5,23.2,4.6,2.0,1,,False,,0,0,False,1229.5,2,3,3696.0,1.48,,,,,0.6666666666666666,4.116781233101559,0.8744695907214338,False,False,False,20.8
231017428,9.60304,3530.0,0.48837,7,2878.5,34.93539,1371.6429,2.4,1219.0,1.86,20.7,3,6.5,0.8,21.3,3.1,2.0,13,,False,,0,0,False,629.0,3,3,686.0,3.46,,,,,1.0,3.8117944896308074,0.6296247099702516,False,False,False,20.7
101277769,11.488,3824.0,0.607927,4,2575.58,49.62228,1695.1024,4.5,3344.0,3.84,20.7,2,0.0,-0.8,12.9,3.4,2.0,0,,False,,0,0,False,1272.8,2,2,3420.0,1.11,,,,,1.0,4.9583230674232865,0.9075649042648072,False,False,False,20.7
259845346,11.2054,3344.0,0.522994,10,2907.31,1.7519,1325.6973,7.56,294.0,0.98,20.6,133,5.7,-6.1,29.7,3.4,1.0,25,,False,,0,0,False,1517.4,81,133,211.0,17.05,,,,,0.6090225563909775,1.471326992796278,5.138218789578591,False,False,False,20.6
354606420,11.8718,3325.0,0.365383,6,2878.5,40.61617,1354.7619,3.6,3797.0,2.46,20.6,3,6.7,2.2,16.3,4.0,2.0,5,,False,,0,0,False,1632.5,3,3,3851.0,1.28,,,,,1.0,3.303240349977519,1.0898389516295721,False,False,False,20.6
419942387,10.5549,3314.0,0.374834,4,2577.07,48.29135,1456.2778,4.5,2342.0,1.98,20.6,2,2.1,1.1,18.3,3.3,2.0,8,,False,,0,0,False,868.2,2,2,2287.0,1.08,,,,,1.0,3.5595141835947977,1.2642174656136345,False,False,False,20.6
78055893,11.2051,3617.0,0.620435,4,2852.44,42.73222,1460.0042,7.2,2447.0,3.35,20.6,2,0.0,7.8,18.2,4.0,2.0,4,,False,,0,0,False,1216.2,2,2,2236.0,1.24,,,,,1.0,4.78179520376132,1.505710657440231,False,False,False,20.6
138775756,10.9648,3240.0,0.308747,3,2607.67,4.40071,1439.8467,4.8,720.0,0.9,20.6,20,0.4,-8.5,12.9,3.2,2.0,1,,False,,0,0,False,1026.4,20,20,584.0,5.02,,,,,1.0,1.4075085499589577,3.4102812378226517,False,False,False,20.6
370133351,11.9278,3345.0,0.571704,3,131.17,13.02876,4106.9367,3.0,3299.0,3.58,20.6,5,9.5,-1.5,26.3,3.8,2.0,3,,False,,0,0,False,1953.6,5,5,1481.0,6.1,,,,,1.0,3.0475918905678934,0.984383771752646,False,False,False,20.6
5531389,11.4914,3612.0,0.55066,2,2554.97,22.13647,1553.6287,3.15,4109.0,3.85,20.6,3,10.7,-0.6,16.8,3.3,2.0,0,,False,,0,0,False,2683.7,3,3,2742.0,3.71,,,,,1.0,3.5467733509731465,0.8881311796074361,False,False,False,20.6
78055893,11.2051,3617.0,0.620435,4,2852.44,49.21086,1460.0042,7.2,2059.0,3.07,20.5,2,7.0,-0.3,16.1,3.2,2.0,4,,False,,0,0,False,1216.2,2,2,2064.0,1.34,,,,,1.0,5.012173989954741,1.436502406825868,False,False,False,20.5
120548601,11.7917,3863.0,0.617654,4,2171.9,72.26534,2130.1764,6.0,11552.0,7.24,20.5,2,6.8,0.3,19.6,4.7,2.0,0,,False,,0,0,False,4393.5,2,2,12735.0,1.31,,,,,1.0,5.680001926387487,1.0563376699092133,False,False,False,20.5
188989616,12.1709,3333.0,0.310323,4,2852.44,31.48788,1451.4928,1.58,9491.0,3.3,20.5,3,11.2,-2.0,31.8,3.8,2.0,0,,False,,0,0,False,2908.2,3,3,1774.0,13.67,,,,,1.0,2.7214398798983566,0.580575015333064,False,False,False,20.5
33174050,9.86849,3725.0,0.586767,2,2555.25,23.06293,1518.6715,4.2,1108.0,2.13,20.5,3,9.8,2.5,17.4,2.9,2.0,0,,False,,0,0,False,614.4,3,3,1152.0,1.54,,,,,1.0,3.751085024718486,1.1196760330206603,False,False,False,20.5
293689266,9.06092,3842.0,0.629474,8,2577.39,4.93675,1470.2159,4.2,273.0,1.13,20.4,42,3.8,0.2,17.8,4.6,1.0,11,"00293689266-01(3:1,ntoi=1);00293689266-01(3:1,ntoi=1);00293689266-01(3:1,ntoi=2);00293689266-01(3:1,ntoi=2);00293689266-01(3:1,ntoi=1);00293689266-01(3:1,ntoi=1);00293689266-01(3:1,ntoi=1);00293689266-01(3:1,ntoi=1)",True,CTOI293689267.01(3:1),0,1,False,531.3,24,42,26.0,51.24,,,,,0.5714285714285714,2.3514759249848853,1.7861122690537419,True,False,False,20.4
231017428,9.60304,3530.0,0.48837,7,2878.5,47.07101,1377.1304,3.6,985.0,1.67,20.4,3,0.0,-4.4,21.8,3.2,2.0,13,,False,,0,0,False,629.0,3,3,816.0,2.56,,,,,1.0,4.210097157676478,0.8550871548025779,False,False,False,20.4
33949202,10.0725,3442.0,0.497515,3,2936.45,23.15099,1370.6968,1.58,1972.0,2.41,20.3,4,18.3,0.7,24.2,3.4,2.0,1,,False,,0,0,False,695.6,2,4,647.0,6.75,,,,,0.5,3.3646167498085107,0.46959285930260025,False,False,False,20.3
158624542,8.7045,3850.0,0.63117,8,2906.03,72.48632,1376.0663,0.5,2167.0,3.21,20.2,2,5.5,-0.5,22.8,4.5,2.0,9,"00158624542-03(1:3,ntoi=3)",True,,0,0,False,477.7,2,2,2170.0,1.3,,,,,1.0,5.7684333215914485,0.08667864775839264,False,False,False,20.2
382432832,10.9424,3778.0,0.560021,7,2168.04,3.54781,2037.6474,4.5,736.0,1.66,20.2,41,0.0,-14.0,17.0,4.3,1.0,0,,False,,0,0,False,1541.3,40,41,636.0,4.46,,,,,0.975609756097561,1.9483394326784622,2.3096591510308166,False,False,False,20.2
232024540,11.2956,3725.0,0.547904,2,1871.43,39.41803,2213.734,1.05,7721.0,5.25,20.2,2,2.8,-0.1,19.5,3.7,2.0,0,,False,,0,0,False,1335.4,1,1,8124.0,1.0,,,,,1.0,4.28459305938157,0.2450641135453725,False,False,False,20.2
22247626,12.3024,2967.0,0.175375,5,2553.76,52.58826,1595.7349,3.15,7715.0,1.68,20.1,2,8.3,-0.1,19.0,3.3,2.0,1,,False,,0,0,False,2045.7,2,2,4847.0,1.89,,,,,1.0,2.207071234690772,1.4272307800891344,False,False,False,20.1
279726713,12.3599,3301.0,0.303843,9,2633.97,0.63428,1354.7376,7.92,432.0,0.69,20.0,335,0.6,0.0,15.0,3.8,1.0,10,,False,,0,0,False,2399.7,210,335,286.0,15.29,,,,,0.6268656716417911,0.7301321241294129,10.847351785053377,False,False,False,20.0
394134589,9.08798,3712.0,0.510027,8,2879.02,27.17602,1339.705,0.62,1832.0,2.38,20.0,4,13.3,-0.8,29.2,4.4,2.0,1,,False,,0,0,True,385.6,2,3,546.0,8.16,,,,,0.6666666666666666,3.608546922613105,0.17181431010769044,False,False,False,20.0
394134589,9.08798,3712.0,0.510027,8,2879.02,43.24831,1338.7988,0.62,1920.0,2.44,20.0,3,10.1,0.2,29.2,4.4,2.0,1,,False,,0,0,False,385.6,3,3,432.0,10.31,,,,,1.0,4.213019340642733,0.14716286583802238,False,False,False,20.0
78055893,11.2051,3617.0,0.620435,4,2852.44,33.97991,1460.0167,6.0,2533.0,3.41,20.0,2,4.2,-4.1,19.2,4.3,2.0,4,"00078055893-01(1:2,ntoi=1);00078055893-01(1:2,ntoi=2);00078055893-01(1:2,ntoi=1)",True,,0,0,False,1216.2,2,2,2316.0,1.25,,,,,1.0,4.430096926396868,1.3543721728183453,False,False,False,20.0
5531389,11.4914,3612.0,0.55066,2,2554.97,18.53316,1560.2849,3.15,5204.0,4.33,20.0,2,8.4,0.3,16.7,3.3,2.0,0,,False,,0,0,False,2683.7,2,2,6521.0,1.56,,,,,1.0,3.3428262665042827,0.9423163960279849,False,False,False,20.0
224284991,11.4506,3283.0,0.272643,5,2144.36,52.60027,2102.4328,4.5,3084.0,1.65,19.9,2,5.2,1.0,19.7,3.3,2.0,1,,False,,0,0,False,1617.5,2,2,2792.0,1.3,,,,,1.0,2.9621054807670775,1.5191896538521186,False,False,False,19.9
78055893,11.2051,3617.0,0.620435,4,2852.44,31.59555,1460.0167,6.0,2079.0,3.09,19.9,2,7.4,6.7,16.6,3.4,2.0,4,,False,,0,0,False,1216.2,2,2,2135.0,1.36,,,,,1.0,4.3239546141415985,1.3876186351209272,False,False,False,19.9
394134589,9.08798,3712.0,0.510027,8,2879.02,42.21257,1364.9446,0.62,1617.0,2.24,19.8,4,11.9,1.3,29.2,4.4,2.0,1,,False,,0,0,False,385.6,4,4,519.0,8.58,,,,,1.0,4.179115143059533,0.14835676423744037,False,False,False,19.8
304234452,11.4953,3561.0,0.490557,6,1817.61,28.65487,2295.9245,4.2,4798.0,3.71,19.8,3,17.6,0.6,124.5,6.3,2.0,0,,False,,0,0,False,18062.5,3,3,876.0,250.96,,,,,1.0,3.57877251279585,1.1735867493625147,False,False,False,19.8
251848611,11.8102,3604.0,0.41192,3,2202.32,9.80386,2090.3639,1.2,7702.0,3.94,19.8,6,11.9,-3.5,16.6,4.8,2.0,0,,False,,0,0,False,7225.5,5,6,4508.0,6.74,,,,,0.8333333333333334,2.2278327306963215,0.5386400798703291,False,False,False,19.8
209450385,11.3766,3645.0,0.454664,6,2879.66,41.61911,1443.3511,4.2,3471.0,2.92,19.7,5,15.1,-1.4,33.7,4.2,2.0,0,,False,,0,0,False,2476.4,5,5,1018.0,12.11,,,,,1.0,3.8527095483107474,1.0901418721900604,False,False,False,19.7
326691903,11.4452,3806.0,0.531395,4,2547.23,24.77987,1657.2541,1.2,4557.0,3.91,19.7,5,15.4,1.5,19.5,3.0,2.0,0,,False,,0,0,False,1563.6,4,5,2595.0,5.44,,,,,0.8,3.596275417588715,0.33367855924799944,False,False,False,19.7
161153432,10.6094,3715.0,0.600624,3,2170.75,51.43276,2084.4156,2.25,2937.0,3.55,19.7,2,6.7,0.0,17.1,4.2,2.0,0,,False,,0,0,False,848.2,2,2,3227.0,1.32,,,,,1.0,4.97763856699191,0.4520215700112034,False,False,False,19.7
157008880,12.1136,3737.0,0.546361,3,1843.93,29.32838,2229.1605,2.1,22307.0,8.9,19.7,2,0.0,-2.1,19.1,4.2,2.0,0,,False,,0,0,False,7382.1,1,1,22554.0,1.0,,,,,1.0,3.87517018207803,0.54191168421767,False,False,False,19.7
48620502,11.8349,3479.0,0.436145,2,2822.29,2.42283,1470.5362,4.5,1446.0,1.81,19.7,18,5.3,-4.0,16.4,2.8,0.5,0,,False,,0,0,False,1870.7,18,18,1377.0,4.25,,,,,1.0,1.4523452664153276,3.0984367863895623,False,False,False,19.7
229147927,10.6086,3623.0,0.540657,9,2878.5,17.174,1363.8328,2.34,1050.0,1.91,19.6,13,11.6,-1.8,34.4,3.2,2.0,12,,False,,0,0,False,976.1,9,13,151.0,41.01,,,,,0.6923076923076923,3.219437514675206,0.7268350416287149,False,False,False,19.6
197829751,11.5508,3260.0,0.354226,8,2633.97,48.2959,1401.5978,3.6,2765.0,2.03,19.6,3,6.7,0.2,22.5,4.4,2.0,25,,False,,0,0,False,1520.9,3,3,3140.0,1.31,,,,,1.0,3.427930476706766,1.0501963282109916,False,False,False,19.6
448465432,9.30379,3432.0,0.413428,4,2498.55,0.62412,1601.6234,3.6,166.0,0.58,19.6,140,0.0,25.0,15.9,7.2,1.0,2,"00448465432-01(1:1,ntoi=2);00448465432-02(1:1,ntoi=2)",True,,0,0,False,448.5,115,140,132.0,3.82,,,,,0.8214285714285714,0.8917249503124117,4.037119291928253,False,False,False,19.6
419942387,10.5549,3314.0,0.374834,4,2577.07,14.20259,1419.4528,3.6,2066.0,1.86,19.6,2,4.3,-1.8,18.1,3.2,1.0,8,,False,,0,0,False,868.2,2,2,2035.0,1.23,,,,,1.0,2.3671373735893075,1.5208242834429562,False,False,False,19.6
157008880,12.1136,3737.0,0.546361,3,1843.93,31.42315,2229.1605,2.1,21318.0,8.7,19.6,2,0.0,-3.4,20.1,4.5,2.0,0,,False,,0,0,False,7382.1,1,1,21495.0,1.0,,,,,1.0,3.965317752806626,0.5295918589408463,False,False,False,19.6
157008880,12.1136,3737.0,0.546361,3,1843.93,30.87187,2229.1605,2.1,21318.0,8.7,19.6,2,0.2,0.8,19.1,4.2,2.0,0,,False,,0,0,False,7382.1,1,1,21495.0,1.0,,,,,1.0,3.9419919564549994,0.5327255923394913,False,False,False,19.6
316830745,11.6146,3864.0,0.583813,7,2196.33,94.95789,2055.0273,4.2,3555.0,3.8,19.5,2,0.0,-2.6,17.1,4.4,2.0,0,,False,,0,0,False,1688.5,2,2,3380.0,1.24,,,,,1.0,5.9919450262302565,0.7009410102419394,False,False,False,19.5
101417914,11.3932,3632.0,0.504979,5,2580.68,35.94558,1541.8776,2.25,3339.0,3.18,19.5,3,12.9,-1.8,19.6,3.6,2.0,1,,False,,0,0,False,1229.5,3,3,3328.0,1.87,,,,,1.0,3.9349480630438163,0.5717991607389981,False,False,False,19.5
44793998,12.0986,3244.0,0.463045,5,2879.66,3.73606,1414.4912,3.15,1521.0,1.97,19.5,29,1.9,-8.7,11.5,2.4,0.5,1,,False,,0,0,False,2274.1,27,29,942.0,4.7,,,,,0.9310344827586207,1.7462042495609884,1.8039126870707929,False,False,False,19.5
248348544,11.0541,3340.0,0.457145,4,2602.12,0.97355,1386.2719,1.58,594.0,1.22,19.5,104,1.2,-12.1,21.1,5.9,1.0,2,,False,,0,0,False,1114.0,88,104,491.0,4.35,,,,,0.8461538461538461,1.1058520578205515,1.4287625445250918,False,False,False,19.5
77700653,11.3628,3626.0,0.46881,4,2116.32,28.69338,2186.4653,1.58,9170.0,4.9,19.5,3,8.6,5.0,26.7,3.2,2.0,0,,False,,0,0,False,6146.7,3,3,3954.0,4.53,,,,,1.0,3.473762388248195,0.45483824839176407,False,False,False,19.5
326691903,11.4452,3806.0,0.531395,4,2547.23,21.06304,1657.2668,1.58,4648.0,3.95,19.5,4,17.7,1.3,20.6,3.4,2.0,0,,False,,0,0,False,1563.6,4,4,3083.0,3.74,,,,,1.0,3.4066455890147265,0.46379934710407295,False,False,False,19.5
101277769,11.488,3824.0,0.607927,4,2575.58,40.66231,1664.0712,3.0,2992.0,3.63,19.5,3,3.8,-1.5,15.4,4.6,2.0,0,,False,,0,0,False,1272.8,3,3,3744.0,1.0,,,,,1.0,4.639878388770554,0.6465686702609723,False,False,False,19.5
370133351,11.9278,3345.0,0.571704,3,131.17,21.21382,4119.9711,3.15,4482.0,4.18,19.5,3,17.0,-1.5,20.4,2.5,2.0,3,,False,,0,0,False,1953.6,3,3,1019.0,8.91,,,,,1.0,3.5853267474787827,0.8785810114001725,False,False,False,19.5
327221844,11.3572,3907.0,0.582047,1,25.39,12.20908,4190.901,5.04,5303.0,4.62,19.4,2,3.6,-4.8,20.0,3.4,1.0,0,,False,,0,0,False,4099.6,2,2,5376.0,1.18,,,,,1.0,3.0181534085969814,1.6698952364859725,False,False,False,19.4
158624542,8.7045,3850.0,0.63117,8,2906.03,23.02452,1371.0461,2.25,469.0,1.49,19.4,8,4.4,2.2,21.2,3.9,1.0,9,"00158624542-01(2:1,ntoi=3)",True,,0,0,False,477.7,7,8,253.0,4.78,,,,,0.875,3.9358274886874227,0.5716713973026198,False,False,False,19.4
259726904,11.9686,3382.0,0.608082,2,53.27,18.53228,4062.3345,3.15,9095.0,6.33,19.4,2,2.1,-1.6,19.5,4.9,1.0,1,,False,,0,0,False,3188.8,2,2,8923.0,1.11,,,,,1.0,3.571297340753621,0.882032409918375,False,False,False,19.4
229147927,10.6086,3623.0,0.540657,9,2878.5,14.13366,1364.0503,3.06,923.0,1.79,19.3,11,5.9,-1.9,31.6,2.8,2.0,12,"00229147927-01(3:1,ntoi=2);00229147927-02(2:1,ntoi=2);00229147927-01(1:1,ntoi=1)",True,,0,0,False,976.1,10,11,470.0,12.96,,,,,0.9090909090909091,3.0169936361180323,1.0142547081860285,False,False,False,19.3
74188694,10.0771,3352.0,0.359816,6,2575.9,16.80624,1640.3527,4.2,703.0,1.04,19.3,9,3.1,-0.7,22.7,3.7,2.0,14,,False,,0,0,False,840.9,9,9,412.0,6.99,,,,,1.0,2.436419847036604,1.7238408253439665,False,False,False,19.3
77700653,11.3628,3626.0,0.46881,4,2116.32,36.65885,2191.5278,1.58,10456.0,5.23,19.3,3,14.6,4.9,18.6,4.2,2.0,0,,False,,0,0,False,6146.7,3,3,2401.0,7.46,,,,,1.0,3.769344377364882,0.4191710392629514,False,False,False,19.3
48620502,11.8349,3479.0,0.436145,2,2822.29,21.7084,1468.4675,3.0,4152.0,3.07,19.3,3,3.1,1.6,16.1,2.7,2.0,0,,False,,0,0,False,1870.7,3,3,4192.0,1.26,,,,,1.0,3.0165104291405553,0.9945266460937583,False,False,False,19.3
118278380,11.8911,3005.0,0.418649,6,2547.33,5.40274,1661.9902,6.3,1153.0,1.55,19.2,25,1.1,-5.4,20.4,2.8,0.5,2,,False,,0,0,False,2125.8,24,25,871.0,5.2,,,,,0.96,1.8463457122984075,3.412145384277736,False,False,False,19.2
161153432,10.6094,3715.0,0.600624,3,2170.75,26.35969,2084.3781,2.25,2795.0,3.46,19.2,2,0.0,-0.3,17.1,4.2,1.0,0,,False,,0,0,False,848.2,2,2,3146.0,1.35,,,,,1.0,3.98342686627769,0.5648402934286856,False,False,False,19.2
250383685,11.1311,3984.0,0.648279,2,2577.17,18.44975,1421.3526,4.2,2768.0,3.72,19.2,3,10.6,3.0,16.5,3.8,2.0,0,,False,,0,0,False,2029.4,3,3,4326.0,1.19,,,,,1.0,3.721457740021534,1.12859000246922,False,False,False,19.2
464452462,8.84557,3692.0,0.509342,8,2547.31,64.84793,1682.0518,2.04,1027.0,1.78,19.1,2,0.0,-1.8,16.1,4.5,2.0,1,,False,,0,0,False,338.0,2,2,1025.0,1.2,,,,,1.0,4.817776616552538,0.42343183637679016,False,False,False,19.1
166789074,12.2704,3664.0,0.496868,5,2171.89,52.67571,2114.4447,0.75,18917.0,7.46,19.1,2,7.1,-1.7,17.5,3.8,2.0,0,,False,,0,0,False,6456.4,2,2,18742.0,1.38,,,,,1.0,4.4215286669108504,0.16962459287276221,False,False,False,19.1
326691903,11.4452,3806.0,0.531395,4,2547.23,21.78927,1657.2668,1.58,4018.0,3.67,19.1,5,17.6,0.0,21.0,3.5,2.0,0,,False,,0,0,False,1563.6,5,5,1888.0,6.11,,,,,1.0,3.4453564775967513,0.4585882506712634,False,False,False,19.1
292303148,12.3463,3758.0,0.528779,4,105.1,56.95425,4094.3314,2.4,23607.0,8.86,19.1,2,0.2,-0.5,13.9,4.4,2.0,0,,False,,0,0,False,6112.5,2,2,23955.0,1.01,,,,,1.0,4.7304211298046,0.5073544054837962,False,False,False,19.1
102628186,11.0758,3735.0,0.500777,3,1790.8,17.18223,2293.2633,3.6,5443.0,4.03,19.1,2,4.1,-0.4,22.2,3.3,2.0,2,,False,,0,0,False,2507.4,2,2,5352.0,1.22,,,,,1.0,3.05959812536073,1.1766251162726007,False,False,False,19.1
206603521,11.0556,3605.0,0.521561,8,2170.75,46.13723,2075.3354,6.0,1590.0,2.27,19.0,3,0.0,4.8,22.0,3.4,2.0,6,,False,,0,0,False,1111.2,3,3,1523.0,1.78,,,,,1.0,4.36947111243623,1.3731639014440484,False,False,False,19.0
333772196,11.2807,3689.0,0.529529,4,2528.08,1.50205,1571.5487,2.1,846.0,1.68,19.0,55,0.0,-12.2,13.9,4.4,1.0,6,,False,,0,0,False,1414.7,51,55,793.0,3.59,,,,,0.9272727272727272,1.4093848222556014,1.4900117887172415,False,False,False,19.0
262531383,11.7922,3911.0,0.587697,3,80.21,27.027,4185.0854,2.25,6093.0,5.0,19.0,2,0.8,1.3,18.7,4.5,1.0,1,,False,,0,0,True,1429.5,2,2,5939.0,1.07,,,,,1.0,3.9589184619421647,0.5683370399339308,False,False,False,19.0
120548601,11.7917,3863.0,0.617654,4,2171.9,48.9068,2099.5967,1.58,16949.0,8.77,18.9,2,0.0,1.0,18.0,4.2,1.0,0,,False,,0,0,False,4393.5,2,2,15163.0,1.25,,,,,1.0,4.98687193430017,0.3168318779418843,False,False,False,18.9
339397736,12.1099,3242.0,0.474847,8,2547.28,2.52494,1659.2896,6.3,685.0,1.36,18.8,68,0.1,18.1,12.5,4.0,0.5,5,,False,,0,0,False,1922.4,64,68,623.0,3.9,,,,,0.9411764705882353,1.5583360366486776,4.0427737354702,False,False,False,18.8
5531389,11.4914,3612.0,0.55066,2,2554.97,23.85081,1547.2755,3.0,3906.0,3.75,18.8,3,12.5,0.3,15.9,3.0,2.0,0,,False,,0,0,False,2683.7,3,3,4240.0,2.64,,,,,1.0,3.6360654489514426,0.8250676568171046,False,False,False,18.8
304234452,11.4953,3561.0,0.490557,6,1817.61,28.93965,2307.2245,4.2,4335.0,3.52,18.7,3,15.8,-0.2,124.5,6.3,2.0,0,,False,,0,0,False,18062.5,3,3,776.0,277.75,,,,,1.0,3.5905890628186827,1.1697245010552442,False,False,False,18.7
281573523,11.6167,3103.0,0.450927,5,2878.49,41.23991,1366.3126,6.3,2095.0,2.25,18.7,4,10.2,-0.5,18.2,3.1,2.0,3,,False,,0,0,False,1589.2,4,4,1313.0,3.39,,,,,1.0,3.8198973316347278,1.6492589860534053,False,False,False,18.7
33174050,9.86849,3725.0,0.586767,2,2555.25,19.95139,1521.784,4.5,1019.0,2.04,18.7,3,12.9,3.3,16.5,2.6,2.0,0,,False,,0,0,False,614.4,2,3,1220.0,1.37,,,,,0.6666666666666666,3.5741803872373996,1.2590299068475939,False,False,False,18.7
327221844,11.3572,3907.0,0.582047,1,25.39,2.22984,4180.8072,3.06,2919.0,3.43,18.6,10,0.6,5.5,18.8,3.0,1.0,0,,False,,0,0,False,4099.6,9,10,2059.0,3.97,,,,,0.9,1.7123987338183255,1.7869669835463955,False,False,False,18.6
391039604,10.33,2898.0,0.130686,7,2502.69,1.28996,1571.281,1.5,467.0,0.31,18.5,124,0.7,-10.2,12.2,4.6,1.0,13,,False,,0,0,False,869.3,113,124,455.0,3.58,,,,,0.9112903225806451,0.5270919928574896,2.8458030482841283,False,False,False,18.5
304234452,11.4953,3561.0,0.490557,6,1817.61,27.37973,2292.8495,4.2,4242.0,3.49,18.5,3,16.5,-0.8,124.5,6.3,2.0,0,,False,,0,0,True,18062.5,3,3,804.0,270.57,,,,,1.0,3.524879967374917,1.1915299354513524,False,False,False,18.5
360914079,11.6542,3323.0,0.540425,5,2168.04,14.18939,2040.834,3.6,1929.0,2.59,18.5,7,8.4,-2.7,22.3,3.5,2.0,5,,False,,0,0,False,1502.6,6,7,1618.0,3.64,,,,,0.8571428571428571,3.020089569268414,1.1920176264414777,False,False,False,18.5
464452462,8.84557,3692.0,0.509342,8,2547.31,63.52222,1668.9068,3.0,878.0,1.65,18.4,2,4.3,1.8,16.2,4.5,2.0,1,,False,,0,0,False,338.0,2,2,877.0,1.23,,,,,1.0,4.7847197939716155,0.6269959640645567,False,False,False,18.4
5362024,8.7097,3588.0,0.467321,5,2555.41,18.87557,1535.1403,1.8,595.0,1.24,18.4,5,8.2,-0.5,17.7,2.7,2.0,0,,False,,0,0,False,314.6,5,5,108.0,13.93,,,,,1.0,3.014753795959356,0.5970636814231802,False,False,False,18.4
281573523,11.6167,3103.0,0.450927,5,2878.49,42.18602,1391.4563,7.2,2088.0,2.25,18.4,3,7.9,0.3,17.9,3.0,2.0,3,,False,,0,0,False,1589.2,3,3,1346.0,2.96,,,,,1.0,3.848888283110243,1.870670040384171,False,False,False,18.4
326691903,11.4452,3806.0,0.531395,4,2547.23,22.3677,1657.2668,1.58,3803.0,3.58,18.4,5,11.3,1.2,21.2,3.5,2.0,0,,False,,0,0,False,1563.6,4,5,1556.0,7.41,,,,,0.8,3.475578053927548,0.4546006377887368,False,False,False,18.4
467779161,12.0163,3982.0,0.609895,4,1791.92,0.70387,2308.1815,7.2,925.0,2.02,18.4,135,0.6,-7.5,13.2,7.0,1.0,0,,False,,0,0,False,3144.2,114,135,635.0,35.76,,,,,0.8444444444444444,1.2028435981455718,5.985815621499142,False,False,False,18.4
370133351,11.9278,3345.0,0.571704,3,131.17,22.35614,4119.9711,3.15,3341.0,3.61,18.4,4,6.8,-0.6,20.6,2.5,2.0,3,,False,,0,0,False,1953.6,4,4,1824.0,4.97,,,,,1.0,3.6485591225743477,0.8633545172696626,False,False,False,18.4
394134589,9.08798,3712.0,0.510027,8,2879.02,28.64648,1328.5384,0.62,1548.0,2.19,18.3,4,8.7,-3.0,29.2,4.4,2.0,1,,False,,0,0,False,385.6,4,4,302.0,14.72,,,,,1.0,3.6724917367516907,0.1688227079711249,False,False,False,18.3
197829751,11.5508,3260.0,0.354226,8,2633.97,3.04051,1354.9416,6.0,468.0,0.84,18.3,64,1.6,-0.4,21.8,3.3,1.0,25,,False,,0,0,False,1520.9,57,64,403.0,5.19,,,,,0.890625,1.3636745310951515,4.399876849779887,False,False,False,18.3
5362024,8.7097,3588.0,0.467321,5,2555.41,23.74747,1535.121,1.12,768.0,1.41,18.3,5,9.3,-0.9,20.6,3.6,2.0,0,,False,,0,0,False,314.6,4,5,312.0,6.36,,,,,0.8,3.2545499509207074,0.34413360276838084,False,False,False,18.3
5362024,8.7097,3588.0,0.467321,5,2555.41,22.96482,1535.1356,1.58,1015.0,1.62,18.3,2,0.0,0.6,18.0,2.8,2.0,0,,False,,0,0,False,314.6,2,2,986.0,1.69,,,,,1.0,3.2183962053018544,0.49092774761453317,False,False,False,18.3
152574751,10.723,3581.0,0.616715,5,2577.17,41.13171,1431.5431,6.3,1253.0,2.38,18.3,3,3.9,2.0,18.3,4.7,2.0,2,,False,,0,0,False,879.4,3,3,1576.0,1.03,,,,,1.0,4.70244318212466,1.3397291059141583,False,False,False,18.3
224284991,11.4506,3283.0,0.272643,5,2144.36,48.16649,2130.839,4.2,2156.0,1.38,18.3,3,9.6,-6.0,22.8,4.1,2.0,1,,False,,0,0,False,1617.5,3,3,1974.0,1.9,,,,,1.0,2.876423721903779,1.4601464895513392,False,False,False,18.3
120548601,11.7917,3863.0,0.617654,4,2171.9,24.04387,2109.9655,1.58,10078.0,6.76,18.3,3,8.7,0.5,19.6,4.8,1.0,0,,False,,0,0,False,4393.5,3,3,9873.0,1.69,,,,,1.0,3.9358625490143053,0.40143678299835295,False,False,False,18.3
1357038,12.4072,3927.0,0.623818,4,2116.33,40.82271,2187.2016,4.2,16866.0,8.84,18.2,2,0.0,3.7,18.7,3.5,2.0,0,,False,,0,0,False,5836.0,1,2,9439.0,2.64,,,,,0.5,4.726585365286357,0.8885907426630274,False,False,False,18.2
166789074,12.2704,3664.0,0.496868,5,2171.89,0.53716,2088.4687,4.2,879.0,1.61,18.1,241,2.1,-2.8,17.9,5.5,1.0,0,,False,,0,0,False,6456.4,156,241,730.0,17.92,,,,,0.6473029045643154,0.9588195210898078,4.380386410183035,False,False,False,18.1
316467276,12.1489,3298.0,0.374764,1,25.08,14.4531,4184.7435,6.12,4539.0,2.75,18.0,2,4.5,0.0,18.2,3.2,2.0,0,,False,,0,0,False,2776.5,2,2,4527.0,1.24,,,,,1.0,2.3806773515793065,2.5706969472112977,False,False,False,18.0
157008880,12.1136,3737.0,0.546361,3,1843.93,42.79467,2234.2792,2.4,14101.0,7.08,18.0,2,9.0,3.0,18.4,3.9,2.0,0,,False,,0,0,False,7382.1,2,2,14383.0,1.49,,,,,1.0,4.39532826043104,0.5460343022854537,False,False,False,18.0
101140660,12.0349,3560.0,0.618906,2,324.15,7.87267,3941.0527,2.25,3182.0,3.81,18.0,6,8.1,-2.4,19.2,3.5,1.0,0,,False,,0,0,False,2007.4,6,6,1975.0,4.64,,,,,1.0,2.71643158684395,0.8282925330779756,False,False,False,18.0
229147927,10.6086,3623.0,0.540657,9,2878.5,16.20564,1370.1815,3.0,822.0,1.69,17.9,12,8.0,-3.3,34.8,3.3,2.0,12,,False,,0,0,False,976.1,11,12,435.0,13.98,,,,,0.9166666666666666,3.157753631174414,0.9500424511852297,False,False,False,17.9
22247626,12.3024,2967.0,0.175375,5,2553.76,67.20685,1633.3318,3.0,5594.0,1.43,17.9,2,0.0,0.0,22.4,4.2,2.0,1,,False,,0,0,False,2045.7,2,2,5276.0,1.77,,,,,1.0,2.3951052176417087,1.2525545758502787,False,False,False,17.9
229147927,10.6086,3623.0,0.540657,9,2878.5,13.28851,1354.3003,3.78,662.0,1.52,17.8,17,8.5,-2.6,36.9,3.6,2.0,12,,False,,0,0,False,976.1,15,17,347.0,13.88,,,,,0.8823529411764706,2.9556178225796397,1.2789204243939922,False,False,False,17.8
157008880,12.1136,3737.0,0.546361,3,1843.93,30.25142,2204.023,2.1,11673.0,6.44,17.8,3,5.8,-1.4,19.1,4.2,2.0,0,,False,,0,0,False,7382.1,3,3,7232.0,2.97,,,,,1.0,3.915404869348447,0.5363430015730292,False,False,False,17.8
939256498,12.3744,3998.0,0.616673,3,79.07,19.4307,4061.4964,4.8,8707.0,6.28,17.8,2,0.0,-0.8,17.4,6.1,0.5,0,,False,,0,0,False,4550.3,2,2,9149.0,1.11,,,,,1.0,3.6621916284513407,1.310690561004262,False,False,False,17.8
145054162,12.2974,3560.0,0.639807,2,49.72,19.42202,4107.2265,2.4,9196.0,6.69,17.8,2,0.0,-0.7,17.7,4.6,1.0,0,,False,,0,0,False,2355.2,1,1,9321.0,1.0,,,,,1.0,3.7526588463409443,0.6395465450690079,False,False,False,17.8
464452462,8.84557,3692.0,0.509342,8,2547.31,38.6041,1668.9118,4.68,665.0,1.43,17.7,2,0.0,1.4,17.4,5.4,2.0,1,,False,,0,0,False,338.0,2,2,670.0,1.11,,,,,1.0,4.052836628710722,1.1547467684353192,False,False,False,17.7
209450385,11.3766,3645.0,0.454664,6,2879.66,18.42759,1420.6511,3.0,3741.0,3.03,17.7,5,13.1,1.0,26.0,2.8,2.0,0,,False,,0,0,False,2476.4,4,5,80.0,187.74,,,,,0.8,2.9364651654690976,1.0216365020358593,False,False,False,17.7
5362024,8.7097,3588.0,0.467321,5,2555.41,17.87643,1535.134,1.5,977.0,1.59,17.7,2,13.0,-0.2,21.1,3.7,2.0,0,,False,,0,0,False,314.6,2,2,953.0,1.75,,,,,1.0,2.9605933306869665,0.5066551979470767,False,False,False,17.7
49616420,11.9985,3794.0,0.604122,5,2174.68,35.46093,2148.7962,2.4,5691.0,4.97,17.7,2,0.0,2.3,14.2,4.6,1.0,0,,False,,0,0,False,2577.8,2,2,6388.0,1.82,,,,,1.0,4.414431364127896,0.5436713818913657,False,False,False,17.7
161153432,10.6094,3715.0,0.600624,3,2170.75,26.85798,2071.3843,1.8,2781.0,3.46,17.6,2,7.7,-0.5,17.1,4.2,2.0,0,,False,,0,0,True,848.2,2,2,3020.0,1.41,,,,,1.0,4.008370562546819,0.44906027821348055,False,False,False,17.6
106608272,11.7605,3498.0,0.544865,2,2554.27,14.42107,1555.9187,2.25,4971.0,4.19,17.6,2,10.0,1.9,17.4,2.9,2.0,0,,False,,0,0,False,1539.3,2,2,3729.0,1.83,,,,,1.0,3.0530463429327224,0.7369688328539012,False,False,False,17.6
207108993,10.9633,3395.0,0.452657,8,2906.03,1.12939,1354.9053,3.0,274.0,0.82,17.5,174,0.3,-13.1,14.8,7.3,1.0,2,,False,,0,0,False,852.1,154,174,253.0,5.5,,,,,0.8850574712643678,1.1543453749776258,2.5988755748756285,False,False,False,17.5
256911677,10.9325,3232.0,0.245323,6,1817.32,0.75881,2334.0163,2.4,376.0,0.52,17.5,184,1.3,-13.3,15.8,5.8,1.0,0,,False,,0,0,False,1200.0,133,184,301.0,12.5,,,,,0.7228260869565217,0.6720653226740684,3.5710814395997756,False,False,False,17.5
209450385,11.3766,3645.0,0.454664,6,2879.66,38.33924,1413.3761,3.6,3000.0,2.72,17.5,6,14.5,0.2,12.6,5.1,2.0,0,,False,,0,0,False,2476.4,5,6,785.0,16.96,,,,,0.8333333333333334,3.7487214638589577,0.9603274168825916,False,False,False,17.5
326691903,11.4452,3806.0,0.531395,4,2547.23,23.62199,1657.2668,1.58,3663.0,3.51,17.5,5,9.6,0.3,19.7,3.1,2.0,0,,False,,0,0,False,1563.6,5,5,774.0,14.91,,,,,1.0,3.539365638558241,0.44640767904488454,False,False,False,17.5
38503310,11.2606,3939.0,0.589747,3,1816.68,23.5025,2266.5038,2.4,5932.0,4.96,17.5,2,2.4,-1.1,13.3,2.7,2.0,0,,False,,0,0,False,1484.1,2,2,5383.0,1.19,,,,,1.0,3.7875363366037478,0.6336572871409228,False,False,False,17.5
220395392,12.0964,3280.0,0.402749,12,1926.23,31.17371,2087.129,4.08,2777.0,2.32,17.4,10,7.3,2.6,15.1,4.2,2.0,4,,False,,0,0,False,4812.1,9,10,1642.0,9.77,,,,,0.9,3.2272115723440478,1.2642493088968876,False,False,False,17.4
38503310,11.2606,3939.0,0.589747,3,1816.68,15.30625,2266.5163,4.2,4663.0,4.39,17.4,2,0.0,2.9,14.4,3.1,2.0,0,,False,,0,0,False,1484.1,2,2,3950.0,1.24,,,,,1.0,3.2830315405082597,1.2793054066577079,False,False,False,17.4
24270013,11.3482,3868.0,0.595608,2,1872.19,45.44071,2136.6794,4.5,2732.0,3.4,17.4,2,0.0,0.0,13.7,3.5,2.0,0,,False,,0,0,False,1153.3,2,2,2691.0,1.09,,,,,1.0,4.749672645834703,0.9474337150258855,False,False,False,17.4
161169317,12.3395,3725.0,0.509244,5,2170.75,26.49393,2087.0685,4.5,6282.0,4.4,17.3,2,3.7,3.6,17.4,5.6,1.0,0,,False,,0,0,False,2941.3,2,2,6242.0,1.21,,,,,1.0,3.5744374588381325,1.258939358100483,False,False,False,17.3
101277769,11.488,3824.0,0.607927,4,2575.58,14.55549,1664.043,3.15,1576.0,2.63,17.3,8,13.6,1.1,13.7,3.6,2.0,0,,False,,0,0,False,1272.8,6,8,1000.0,3.81,,,,,0.75,3.2944647034411556,0.956149263554028,False,False,False,17.3
38503310,11.2606,3939.0,0.589747,3,1816.68,23.50275,2266.4913,3.0,4979.0,4.54,17.3,3,3.8,-1.3,13.6,2.8,2.0,0,,False,,0,0,False,1484.1,2,2,4395.0,1.3,,,,,1.0,3.7875497661073725,0.7920688004802716,False,False,False,17.3
398445933,11.2389,3327.0,0.472768,7,2520.2,24.63164,1657.6322,6.0,1193.0,1.78,17.2,7,10.4,-2.0,19.0,3.7,2.0,2,,False,,0,0,False,1193.5,7,7,875.0,5.96,,,,,1.0,3.3200002689497587,1.8072287692609212,False,False,False,17.2
106608272,11.7605,3498.0,0.544865,2,2554.27,15.47433,1556.2374,2.25,4459.0,3.97,17.2,2,10.9,-0.8,16.9,2.7,2.0,0,,False,,0,0,False,1539.3,2,2,3992.0,1.71,,,,,1.0,3.1256344604007213,0.7198538499961186,False,False,False,17.2
293969860,11.6113,3807.0,0.589743,12,1957.43,56.49938,2096.8951,0.9,5226.0,4.65,17.1,5,15.3,-1.2,16.6,4.4,2.0,2,,False,,0,0,False,1740.7,5,5,1348.0,12.75,,,,,1.0,5.073777106258994,0.1773826443597144,False,False,False,17.1
418381079,11.7674,3717.0,0.544338,5,2497.85,37.53467,1603.6161,4.2,3626.0,3.58,17.1,2,0.0,1.9,14.5,3.7,2.0,2,,False,,0,0,False,1578.5,2,2,3671.0,1.07,,,,,1.0,4.1969287546328875,1.000731784013184,False,False,False,17.1
49616420,11.9985,3794.0,0.604122,5,2174.68,20.61576,2122.4806,0.75,6091.0,5.14,17.1,6,9.3,-1.6,30.8,4.0,2.0,0,,False,,0,0,False,2577.8,6,6,1801.0,14.18,,,,,1.0,3.6843242527670603,0.20356514479873017,False,False,False,17.1
101277769,11.488,3824.0,0.607927,4,2575.58,46.18746,1685.5118,3.15,2868.0,3.55,17.1,3,5.2,-3.5,12.9,3.4,2.0,0,,False,,0,0,False,1272.8,3,3,3160.0,1.26,,,,,1.0,4.841173069417337,0.6506687438834159,False,False,False,17.1
1357038,12.4072,3927.0,0.623818,4,2116.33,35.99026,2188.7266,4.2,11044.0,7.15,17.1,3,15.3,-2.0,17.7,3.2,2.0,0,,False,,0,0,False,5836.0,3,3,4447.0,5.66,,,,,1.0,4.532194680372925,0.9267033515105776,False,False,False,17.1
293969860,11.6113,3807.0,0.589743,12,1957.43,62.71181,2140.9688,0.9,5370.0,4.71,17.0,5,8.1,-0.1,16.6,4.4,2.0,2,,False,,0,0,False,1740.7,5,5,1572.0,12.3,,,,,1.0,5.253312898002684,0.17132046338648155,False,False,False,17.0
153713427,11.2165,3478.0,0.459172,5,2634.76,1.4938,1411.1432,6.3,313.0,0.89,17.0,92,5.2,-4.2,16.3,2.8,1.0,3,,False,,0,0,False,1252.8,67,91,262.0,9.82,,,,,0.7362637362637363,1.279251821023724,4.924753591484756,False,False,False,17.0
409970233,11.6419,3670.0,0.517054,3,1817.33,15.98961,2266.4532,2.4,6396.0,4.51,17.0,2,1.9,0.9,12.3,3.3,2.0,0,,False,,0,0,False,1741.5,2,2,7599.0,1.2,,,,,1.0,3.051486965555517,0.7865018029212144,False,False,False,17.0
250383685,11.1311,3984.0,0.648279,2,2577.17,0.50161,1411.1276,4.5,399.0,1.41,17.0,124,4.4,-3.2,17.8,5.0,1.0,0,,False,,0,0,False,2029.4,87,124,224.0,9.47,,,,,0.7016129032258065,1.1190212274307827,4.021371435760676,False,False,False,17.0
106608272,11.7605,3498.0,0.544865,2,2554.27,14.93462,1555.5249,2.25,4150.0,3.83,17.0,2,10.4,0.5,16.7,2.6,2.0,0,,False,,0,0,False,1539.3,2,2,4058.0,1.62,,,,,1.0,3.0888652336579274,0.7284228445717854,False,False,False,17.0
293969860,11.6113,3807.0,0.589743,12,1957.43,58.03898,2092.2788,0.9,5196.0,4.64,16.9,5,15.6,2.3,16.6,4.4,2.0,2,,False,,0,0,False,1740.7,5,5,1174.0,14.65,,,,,1.0,5.119451279414022,0.17580009084548118,False,False,False,16.9
316830745,11.6146,3864.0,0.583813,7,2196.33,68.28716,2055.0148,2.4,4150.0,4.1,16.9,2,0.0,-0.6,17.1,4.4,2.0,0,,False,,0,0,False,1688.5,2,2,4204.0,1.15,,,,,1.0,5.368304625671411,0.4470685192720101,False,False,False,16.9
360914079,11.6542,3323.0,0.540425,5,2168.04,22.33914,2053.0215,3.6,2360.0,2.86,16.9,5,13.6,0.4,22.1,3.4,2.0,5,,False,,0,0,False,1502.6,5,5,1713.0,3.27,,,,,1.0,3.5133444592584726,1.024664686809507,False,False,False,16.9
360914079,11.6542,3323.0,0.540425,5,2168.04,20.59007,2056.3403,3.6,2125.0,2.72,16.9,5,16.4,-2.2,18.9,2.6,2.0,5,,False,,0,0,False,1502.6,5,5,522.0,12.04,,,,,1.0,3.4191476532481464,1.0528939856048762,False,False,False,16.9
326476717,8.80389,3521.0,0.414776,2,2198.23,10.99102,2072.9068,2.1,1260.0,1.61,16.9,2,0.0,1.6,18.6,4.2,1.0,1,,False,,0,0,False,319.5,2,2,946.0,1.72,,,,,1.0,2.3250379150150104,0.9032110773068587,False,False,False,16.9
262531321,11.5677,3250.0,0.317125,9,2906.03,2.12656,1355.3846,7.92,346.0,0.64,16.8,91,0.3,19.6,8.8,3.9,0.5,0,,False,,0,0,False,1215.9,88,91,280.0,3.1,,,,,0.967032967032967,1.1244008391767533,7.043751413240447,False,False,False,16.8
5362024,8.7097,3588.0,0.467321,5,2555.41,20.44841,1535.1403,2.25,449.0,1.08,16.8,6,10.0,-2.1,17.8,2.7,2.0,0,,False,,0,0,False,314.6,6,6,95.0,14.51,,,,,1.0,3.0962665458112113,0.7266816234034876,False,False,False,16.8
143068296,12.065,3787.0,0.595015,2,1816.74,13.22584,2295.3162,2.4,7349.0,5.56,16.8,2,0.0,3.0,14.2,3.7,2.0,0,,False,,0,0,False,2985.2,2,2,7216.0,1.09,,,,,1.0,3.1455842742684155,0.7629743127954123,False,False,False,16.8
207108993,10.9633,3395.0,0.452657,8,2906.03,1.50589,1355.2491,3.6,273.0,0.82,16.7,131,0.3,14.0,11.1,4.9,0.5,2,"00207108993-01(1:2,ntoi=2);00207108993-02(1:2,ntoi=2)",True,,0,0,False,852.1,115,131,260.0,3.2,,,,,0.8778625954198473,1.2705317948312775,2.833459197672474,False,False,False,16.7
143068296,12.065,3787.0,0.595015,2,1816.74,21.9354,2295.3225,2.1,7801.0,5.73,16.7,2,0.0,-0.2,13.3,3.2,2.0,0,,False,,0,0,False,2985.2,2,2,7683.0,1.15,,,,,1.0,3.7234205350097644,0.5639975340562742,False,False,False,16.7
143068296,12.065,3787.0,0.595015,2,1816.74,20.43975,2295.3287,2.4,7229.0,5.52,16.7,2,0.0,0.7,12.7,2.9,2.0,0,,False,,0,0,False,2985.2,2,2,7118.0,1.15,,,,,1.0,3.636794514782617,0.6599218048324228,False,False,False,16.7
394134589,9.08798,3712.0,0.510027,8,2879.02,27.89638,1347.7571,0.62,1235.0,1.96,16.6,6,20.1,0.2,29.2,4.4,2.0,1,,False,,0,0,True,385.6,5,5,319.0,13.95,,,,,1.0,3.6401534291912916,0.17032249108734443,False,False,False,16.6
448465432,9.30379,3432.0,0.413428,4,2498.55,0.9362,1602.2516,3.15,174.0,0.59,16.6,94,2.0,-10.4,13.5,5.7,1.0,2,,False,,0,0,False,448.5,81,94,154.0,3.98,,,,,0.8617021276595744,1.0207775200565068,3.085883003992512,False,False,False,16.6
418101940,12.4313,3960.0,0.591236,2,1817.39,21.52252,2266.4508,2.1,9719.0,6.36,16.6,2,2.0,0.1,12.4,2.9,2.0,0,,False,,0,0,False,2223.4,1,1,10094.0,1.0,,,,,1.0,3.6842286950908587,0.5699971890448052,False,False,False,16.6
418101940,12.4313,3960.0,0.591236,2,1817.39,22.61226,2266.4508,2.1,9719.0,6.36,16.6,2,2.0,-1.3,12.3,2.8,2.0,0,,False,,0,0,False,2223.4,1,1,10094.0,1.0,,,,,1.0,3.7453884272440576,0.5606895094576955,False,False,False,16.6
418101940,12.4313,3960.0,0.591236,2,1817.39,21.26635,2266.4508,2.1,9719.0,6.36,16.6,2,0.0,-0.1,11.5,2.5,2.0,0,,False,,0,0,False,2223.4,1,1,10094.0,1.0,,,,,1.0,3.6695532407426046,0.5722767493012377,False,False,False,16.6
418101940,12.4313,3960.0,0.591236,2,1817.39,23.50498,2266.4508,2.1,9334.0,6.23,16.6,2,0.0,0.2,14.2,3.7,2.0,0,,False,,0,0,False,2223.4,2,2,7677.0,1.31,,,,,1.0,3.794042307675108,0.5534993628700008,False,False,False,16.6
418101940,12.4313,3960.0,0.591236,2,1817.39,16.1326,2266.4508,2.1,9167.0,6.18,16.6,2,0.0,1.7,13.2,3.2,2.0,0,,False,,0,0,False,2223.4,2,2,7590.0,1.33,,,,,1.0,3.3467016362431656,0.627483483217629,False,False,False,16.6
398445933,11.2389,3327.0,0.472768,7,2520.2,16.74944,1665.4447,3.0,1458.0,1.97,16.5,7,12.7,0.5,19.1,3.7,2.0,2,,False,,0,0,False,1193.5,6,7,1168.0,4.23,,,,,0.8571428571428571,2.919490769609977,1.027576463412069,False,False,False,16.5
166789074,12.2704,3664.0,0.496868,5,2171.89,14.39194,2091.4656,0.75,9786.0,5.36,16.5,6,4.8,1.6,20.9,5.1,1.0,0,,False,,0,0,False,6456.4,6,6,5145.0,5.01,,,,,1.0,2.8690762626639046,0.26140817856951404,False,False,False,16.5
120548601,11.7917,3863.0,0.617654,4,2171.9,78.49727,2112.7498,1.58,15563.0,8.41,16.5,2,7.5,0.0,17.9,4.1,2.0,0,,False,,0,0,False,4393.5,2,2,9935.0,1.91,,,,,1.0,5.838796207024497,0.2706037244627831,False,False,False,16.5
262531383,11.7922,3911.0,0.587697,3,80.21,40.02492,4185.0854,3.15,4254.0,4.18,16.5,2,8.7,-3.6,16.5,3.7,1.0,1,,False,,0,0,False,1429.5,2,2,3464.0,1.72,,,,,1.0,4.512536911938607,0.6980552317846294,False,False,False,16.5
271277100,12.282,3924.0,0.640609,3,1816.81,26.0032,2346.2022,3.0,7367.0,6.0,16.5,2,1.4,-0.3,13.4,3.8,2.0,0,,False,,0,0,False,1759.9,2,2,6703.0,1.14,,,,,1.0,4.139481220525009,0.724728496200186,False,False,False,16.5
166789074,12.2704,3664.0,0.496868,5,2171.89,51.18179,2123.0176,0.75,13129.0,6.21,16.4,3,11.3,-0.4,17.5,3.8,2.0,0,,False,,0,0,False,6456.4,3,3,11584.0,2.23,,,,,1.0,4.37932795325263,0.17125915391720262,False,False,False,16.4
102840237,11.4114,3766.0,0.53777,4,1816.94,10.23752,2288.5667,3.15,2928.0,3.17,16.3,9,5.5,-1.4,16.5,4.2,1.0,4,,False,,2,2,False,2734.3,6,9,740.0,11.45,,,,,0.6666666666666666,2.699837316659766,1.1667369661729006,True,False,False,16.3
467779161,12.0163,3982.0,0.609895,4,1791.92,37.09084,2319.019,2.4,8923.0,6.29,16.3,2,10.3,-1.1,19.7,5.0,2.0,0,,False,,0,0,False,3144.2,2,2,9403.0,1.6,,,,,1.0,4.509557189862826,0.5322030299105719,False,False,False,16.3
192543856,10.9065,3091.0,0.425228,3,2553.87,24.2306,1546.2201,4.8,1572.0,1.84,16.3,3,3.2,-0.6,13.8,3.0,2.0,2,,False,,0,0,False,1177.4,3,3,1180.0,2.36,,,,,1.0,3.0766464034161825,1.560140286082364,False,False,False,16.3
259726904,11.9686,3382.0,0.608082,2,53.27,26.65699,4072.7439,2.4,8620.0,6.16,16.3,2,6.0,-3.2,15.3,3.3,1.0,1,,False,,0,0,False,3188.8,2,2,8100.0,1.4,,,,,1.0,4.031377141811981,0.5953300610622784,False,False,False,16.3
114985772,11.1087,3261.0,0.284433,5,2907.3,21.59675,1331.34,1.8,1952.0,1.37,16.1,6,12.6,2.1,18.0,4.2,2.0,8,,False,,0,0,False,1236.8,5,6,868.0,6.34,,,,,0.8333333333333334,2.264597806538116,0.7948431261406433,False,False,False,16.1
161169317,12.3395,3725.0,0.509244,5,2170.75,39.67814,2090.2935,6.3,6703.0,4.55,16.1,2,2.2,2.0,15.9,4.9,1.0,0,,False,,0,0,False,2941.3,2,2,6091.0,1.18,,,,,1.0,4.089554588875771,1.5405100636477593,False,False,False,16.1
140072115,11.051,3425.0,0.598722,3,83.14,0.66315,4207.6424,1.58,535.0,1.51,16.0,93,3.7,-5.7,16.5,5.3,1.0,0,,False,,0,0,False,1788.9,68,93,462.0,7.88,,,,,0.7311827956989247,1.1647401053014743,1.3565257973074107,False,False,False,16.0
246861224,12.487,3160.0,0.420565,3,2936.46,19.90355,1370.3167,3.15,6602.0,3.73,16.0,2,0.0,0.1,15.3,3.3,2.0,2,,False,,0,0,False,2248.8,2,2,5833.0,1.32,,,,,1.0,2.86027129016281,1.1012941362707935,False,False,False,16.0
238172404,11.6493,3834.0,0.633525,7,2168.03,52.98397,2060.5993,1.58,5005.0,4.89,15.9,2,12.4,1.1,20.0,4.7,2.0,0,,False,,0,0,False,1366.6,2,2,5015.0,1.78,,,,,1.0,5.209135220218691,0.30331330119199096,False,False,False,15.9
38503310,11.2606,3939.0,0.589747,3,1816.68,22.45674,2266.5038,2.4,5903.0,4.94,15.9,2,4.6,-0.6,13.8,2.9,2.0,0,,False,,0,0,False,1484.1,1,1,6379.0,1.0,,,,,1.0,3.7305055564911753,0.6433444378132445,False,False,False,15.9
49005244,11.6681,3681.0,0.477186,2,53.05,25.29635,4067.8766,0.62,10975.0,5.45,15.8,2,8.3,-0.2,15.2,3.1,1.0,0,,False,,0,0,False,1928.5,2,2,9799.0,1.59,,,,,1.0,3.3704356793567465,0.18395247943682108,False,False,False,15.8
238172404,11.6493,3834.0,0.633525,7,2168.03,56.09934,2048.1868,1.58,4810.0,4.79,15.7,2,0.0,0.7,20.0,4.7,2.0,0,,False,,0,0,False,1366.6,2,2,4629.0,1.82,,,,,1.0,5.30929328457152,0.29759139593802114,False,False,False,15.7
308773532,11.8133,3331.0,0.371023,6,2553.95,24.55849,1554.2202,3.0,2476.0,2.01,15.7,5,6.0,1.7,18.1,4.1,2.0,5,,False,,0,0,False,1696.2,5,5,1682.0,3.56,,,,,1.0,2.8219072538802,1.0631107722888191,False,False,False,15.7
355767053,12.1769,3323.0,0.432961,11,2907.31,2.66381,1327.0366,7.92,456.0,1.01,15.6,90,0.9,0.4,11.3,6.5,1.0,7,,False,,0,0,False,1997.3,79,90,350.0,4.98,,,,,0.8777777777777778,1.4916784914435952,5.309455117459859,False,False,False,15.6
238172404,11.6493,3834.0,0.633525,7,2168.03,57.75015,2043.1993,1.58,4879.0,4.83,15.6,2,12.7,-0.1,20.0,4.7,2.0,0,,False,,0,0,False,1366.6,2,2,4966.0,1.8,,,,,1.0,5.360868709729778,0.2947283519800361,False,False,False,15.6
114985772,11.1087,3261.0,0.284433,5,2907.3,19.43479,1335.9493,1.05,2297.0,1.49,15.6,6,3.8,4.4,18.0,2.8,2.0,8,,False,,0,0,False,1236.8,5,6,990.0,7.58,,,,,0.8333333333333334,2.186359460604159,0.48025039748489134,False,False,False,15.6
143043428,11.356,3734.0,0.57457,4,2146.05,28.47634,2157.1411,3.15,3334.0,3.62,15.6,2,2.8,1.7,15.5,6.2,1.0,0,,False,,0,0,False,1568.6,2,2,3295.0,1.18,,,,,1.0,3.968243512122612,0.7938020916249331,False,False,False,15.6
24270013,11.3482,3868.0,0.595608,2,1872.19,28.73166,2136.6606,4.5,2372.0,3.16,15.6,2,0.3,-0.6,13.0,3.2,2.0,0,,False,,0,0,False,1153.3,2,2,2328.0,1.0,,,,,1.0,4.076638626469969,1.1038506015179046,False,False,False,15.6
238172404,11.6493,3834.0,0.633525,7,2168.03,54.64001,2048.9931,1.58,4850.0,4.81,15.5,2,12.8,2.2,20.0,4.7,2.0,0,,False,,0,0,False,1366.6,2,2,4911.0,1.82,,,,,1.0,5.2628507721119036,0.3002175186825542,False,False,False,15.5
370133351,11.9278,3345.0,0.571704,3,131.17,13.40245,4106.5836,3.15,2318.0,3.0,15.5,6,6.7,-4.4,20.5,2.5,2.0,3,,False,,0,0,False,1953.6,5,6,779.0,12.34,,,,,0.8333333333333334,3.0764546188145787,1.0239058885301418,False,False,False,15.5
939256498,12.3744,3998.0,0.616673,3,79.07,29.7636,4060.2464,4.8,7282.0,5.74,15.5,2,1.5,2.1,15.1,4.9,1.0,0,,False,,0,0,False,4550.3,2,2,7290.0,1.11,,,,,1.0,4.221564247315954,1.1370192939860648,False,False,False,15.5
145054162,12.2974,3560.0,0.639807,2,49.72,23.06645,4123.0077,2.1,6074.0,5.44,15.5,2,9.5,-1.5,15.3,3.6,1.0,0,,False,,0,0,False,2355.2,2,2,5899.0,1.63,,,,,1.0,3.974061091217811,0.5284267030118746,False,False,False,15.5
316976676,12.0093,3241.0,0.257512,12,2661.1,6.60596,1332.1963,7.92,576.0,0.67,15.4,41,1.8,14.1,11.1,2.9,0.5,0,,False,,0,0,False,1711.0,35,41,655.0,3.44,,,,,0.8536585365853658,1.4279683723565044,5.5463413289259496,False,False,False,15.4
77176282,12.3218,3442.0,0.422986,6,2879.66,34.14613,1420.2746,7.2,3147.0,2.59,15.4,2,1.8,-0.6,13.4,3.2,2.0,3,,False,,0,0,False,2014.5,2,2,3046.0,1.13,,,,,1.0,3.437210417498208,2.094721918491263,False,False,False,15.4
214870481,12.0443,3458.0,0.604275,4,2548.77,7.32848,1630.8734,6.0,1653.0,2.68,15.4,15,3.1,3.4,16.6,2.6,1.0,7,,False,,0,0,False,2972.7,15,15,1462.0,3.71,,,,,1.0,2.610373674945537,2.2985214942934116,False,False,False,15.4
219398128,11.2735,3417.0,0.40943,10,2602.13,30.13535,1407.2058,4.5,1077.0,1.47,15.3,7,8.6,-4.9,11.8,3.4,2.0,15,,False,,0,0,False,1332.8,7,7,636.0,5.01,,,,,1.0,3.2261667796930165,1.3948441935256037,False,False,False,15.3
201292296,10.9008,3379.0,0.476612,5,2907.3,5.15066,1328.2059,6.0,539.0,1.21,15.3,22,2.7,7.8,12.5,2.8,0.5,6,,False,,0,0,False,1255.8,21,22,530.0,4.1,,,,,0.9545454545454546,1.9812498044383495,3.02839146611343,False,False,False,15.3
289600366,11.0301,3516.0,0.191878,5,2555.36,22.9568,1531.8051,2.1,2523.0,1.05,15.3,2,0.0,-0.6,14.3,2.8,2.0,0,,False,,0,0,False,810.2,2,2,2460.0,1.75,,,,,1.0,1.7777152565783807,1.1812915438673401,False,False,False,15.3
289600366,11.0301,3516.0,0.191878,5,2555.36,21.60643,1531.8051,2.1,2471.0,1.04,15.3,2,0.0,1.4,14.9,3.1,2.0,0,,False,,0,0,False,810.2,2,2,2482.0,1.74,,,,,1.0,1.7421521759792586,1.2054056063268963,False,False,False,15.3
161153432,10.6094,3715.0,0.600624,3,2170.75,37.97357,2071.3812,1.5,2359.0,3.18,15.3,2,0.0,-0.6,14.6,3.2,2.0,0,,False,,0,0,False,848.2,2,2,2315.0,1.26,,,,,1.0,4.4988746356770575,0.33341671450559496,False,False,False,15.3
409970233,11.6419,3670.0,0.517054,3,1817.33,13.38386,2266.4625,2.25,4557.0,3.81,15.3,3,6.0,1.3,11.3,2.9,2.0,0,,False,,0,0,False,1741.5,3,3,6452.0,1.47,,,,,1.0,2.875804488510676,0.7823897657122136,False,False,False,15.3
143068296,12.065,3787.0,0.595015,2,1816.74,13.73053,2295.3225,2.1,5641.0,4.88,15.3,3,6.3,0.8,12.5,2.8,2.0,0,,False,,0,0,True,2985.2,3,3,6533.0,1.32,,,,,1.0,3.1850970556560525,0.6593205680407284,False,False,False,15.3
150249543,11.8487,3740.0,0.571884,12,1926.17,97.95865,2136.6533,3.6,2936.0,3.38,15.2,2,2.6,-2.0,11.2,5.6,2.0,4,,False,,0,0,False,1446.1,2,2,2968.0,1.18,,,,,1.0,5.971652423120205,0.6028482143505247,False,False,False,15.2
119624569,8.08651,3786.0,0.57976,5,2547.33,47.21604,1695.5149,2.1,706.0,1.68,15.2,2,2.9,1.1,12.8,3.5,2.0,0,,False,,0,0,False,212.3,2,2,619.0,1.27,,,,,1.0,4.7250199470304795,0.4444425681884754,False,False,False,15.2
49005244,11.6681,3681.0,0.477186,2,53.05,20.16962,4052.8355,1.2,7912.0,4.63,15.2,2,11.4,0.2,14.9,3.0,1.0,0,,False,,0,0,False,1928.5,2,2,6400.0,1.95,,,,,1.0,3.125354810724703,0.38395640580780827,False,False,False,15.2
143068296,12.065,3787.0,0.595015,2,1816.74,16.50205,2295.3162,2.4,5387.0,4.76,15.2,3,5.5,1.3,12.8,3.0,2.0,0,,False,,0,0,False,2985.2,3,3,6533.0,1.21,,,,,1.0,3.3864099878429075,0.7087151315451807,False,False,False,15.2
77176282,12.3218,3442.0,0.422986,6,2879.66,35.8751,1418.5496,7.2,3102.0,2.57,15.1,2,1.3,-0.2,13.4,3.2,2.0,3,,False,,0,0,False,2014.5,2,2,3015.0,1.1,,,,,1.0,3.4942716366334152,2.0605152514522023,False,False,False,15.1
156831398,12.1166,3801.0,0.581638,4,1081.62,12.35115,2970.159,3.15,1766.0,2.67,15.1,9,3.1,0.5,18.8,3.0,2.0,1,,False,,0,0,False,1890.7,8,9,1620.0,3.82,,,,,0.8888888888888888,3.0283956080138337,1.040154724721028,False,False,False,15.1
391039604,10.33,2898.0,0.130686,7,2502.69,1.80593,1571.2826,1.58,428.0,0.3,15.0,92,0.3,-9.6,9.0,4.0,1.0,13,,False,,0,0,False,869.3,78,92,438.0,3.49,,,,,0.8478260869565217,0.5896504601695992,2.6795535774627393,False,False,False,15.0
393794445,11.8298,3322.0,0.523606,5,2852.42,4.31578,1439.7522,4.5,764.0,1.58,15.0,31,4.4,-4.0,15.6,3.5,0.5,4,,False,,0,0,False,1716.1,25,31,663.0,5.94,,,,,0.8064516129032258,1.9886780017790715,2.262809764061502,False,False,False,15.0
166789074,12.2704,3664.0,0.496868,5,2171.89,33.37402,2118.9093,0.75,10426.0,5.53,15.0,4,5.4,0.7,17.5,3.8,2.0,0,,False,,0,0,False,6456.4,4,4,7079.0,3.64,,,,,1.0,3.797564448763764,0.19749500242034088,False,False,False,15.0
431259116,11.1688,3435.0,0.378057,4,1815.49,9.50486,2368.9897,4.5,1744.0,1.72,15.0,11,6.2,-9.2,14.6,3.4,0.5,0,,False,,0,0,False,2392.4,11,11,1448.0,4.2,,,,,1.0,2.0823883462770447,2.160980207195854,False,False,False,15.0
49005244,11.6681,3681.0,0.477186,2,53.05,17.78095,4057.6073,1.05,7513.0,4.51,15.0,2,10.7,-1.5,15.0,3.1,1.0,0,,False,,0,0,False,1928.5,2,2,7745.0,1.7,,,,,1.0,2.9967584825749105,0.35037858609740435,False,False,False,15.0
312268273,12.1822,3326.0,0.320868,2,1106.67,19.75423,3111.7486,3.0,7600.0,3.05,15.0,2,1.7,5.1,10.3,3.3,2.0,0,,False,,0,0,False,2877.7,2,2,7824.0,1.11,,,,,1.0,2.3822057443359808,1.259337069072606,False,False,False,15.0
312268273,12.1822,3326.0,0.320868,2,1106.67,21.72944,3111.7643,2.25,8381.0,3.2,15.0,2,0.0,2.6,11.0,3.8,2.0,0,,False,,0,0,False,2877.7,2,2,8640.0,1.12,,,,,1.0,2.4590955858423618,0.9149705334570245,False,False,False,15.0
418381079,11.7674,3717.0,0.544338,5,2497.85,17.08502,1603.5911,4.2,1473.0,2.28,14.9,8,6.1,2.2,13.3,3.1,1.0,2,,False,,0,0,False,1578.5,8,8,1185.0,3.16,,,,,1.0,3.228438814518551,1.3009383919906612,False,False,False,14.9
422677298,9.93769,3413.0,0.571464,2,2577.16,13.02931,1420.4934,3.15,1373.0,2.31,14.9,3,0.3,4.5,11.0,4.3,2.0,2,,False,,0,0,False,868.6,3,3,1331.0,1.2,,,,,1.0,3.0467817876385785,1.0338777830365795,False,False,False,14.9
142391974,12.1903,3975.0,0.613909,2,50.99,25.35715,4094.4409,3.0,4471.0,4.48,14.9,2,2.6,-0.3,15.3,5.9,1.0,0,,False,,0,0,False,1947.0,2,2,4610.0,1.17,,,,,1.0,3.990044819725034,0.7518712534679595,False,False,False,14.9
207108993,10.9633,3395.0,0.452657,8,2906.03,1.88511,1354.471,3.15,285.0,0.83,14.8,105,2.9,-10.2,12.3,5.7,1.0,2,,False,,0,0,False,852.1,93,105,275.0,3.2,,,,,0.8857142857142857,1.3693044524063949,2.300438003005276,False,False,False,14.8
142350889,12.4666,3495.0,0.410145,5,2904.62,4.08259,1388.5899,6.3,1984.0,1.99,14.8,26,0.3,-9.5,13.3,4.1,1.0,0,,False,,0,0,False,5167.8,23,26,2041.0,3.38,,,,,0.8846153846153846,1.6588680048999234,3.7977705166361733,False,False,False,14.8
312268273,12.1822,3326.0,0.320868,2,1106.67,20.12019,3111.7549,2.1,8500.0,3.23,14.8,2,0.0,3.0,12.0,3.7,2.0,0,,False,,0,0,False,2877.7,2,2,8617.0,1.06,,,,,1.0,2.3968264650787545,0.8761585498977702,False,False,False,14.8
398445933,11.2389,3327.0,0.472768,7,2520.2,18.0297,1664.1634,3.6,1114.0,1.72,14.7,8,3.5,2.2,17.7,3.2,2.0,2,,False,,0,0,False,1193.5,7,8,801.0,5.7,,,,,0.875,2.9920568627388207,1.2031856896946438,False,False,False,14.7
101140660,12.0349,3560.0,0.618906,2,324.15,16.99668,3946.4058,3.6,3729.0,4.12,14.7,2,0.0,2.2,6.8,4.2,2.0,0,,False,,0,0,False,2007.4,2,2,3790.0,1.92,,,,,1.0,3.5108541544061396,1.0253914978159893,False,False,False,14.7
384339667,12.1898,3590.0,0.513712,5,1789.34,76.84894,2383.6644,1.58,7497.0,4.85,14.6,2,11.6,-0.2,16.8,5.0,2.0,0,,False,,0,0,False,2662.8,2,2,8864.0,1.69,,,,,1.0,5.127441667820174,0.3081458751478502,False,False,False,14.6
224270730,9.80069,3491.0,0.457555,7,2906.03,22.21814,1354.3886,1.8,675.0,1.3,14.5,9,3.3,0.2,26.6,3.1,2.0,2,,False,,0,0,False,769.8,7,9,344.0,19.95,,,,,0.7777777777777778,3.138627175399761,0.5734991445012062,False,False,False,14.5
316830745,11.6146,3864.0,0.583813,7,2196.33,41.78199,2061.2804,3.15,2987.0,3.48,14.5,2,0.0,-0.4,13.6,5.0,2.0,0,,False,,0,0,False,1688.5,2,2,3097.0,1.31,,,,,1.0,4.557435264955426,0.6911782212732775,False,False,False,14.5
418381079,11.7674,3717.0,0.544338,5,2497.85,3.32388,1602.2974,4.5,668.0,1.53,14.5,35,1.5,-4.5,13.9,4.1,0.5,2,,False,,0,0,False,1578.5,34,35,567.0,4.29,,,,,0.9714285714285714,1.870692944759837,2.4055257238262144,False,False,False,14.5
231639448,11.6201,3481.0,0.581034,3,2907.31,19.93387,1329.0838,3.0,3443.0,3.72,14.5,4,10.5,-0.6,14.9,4.4,2.0,0,,False,,0,0,False,2489.9,4,4,4015.0,3.17,,,,,1.0,3.5498216371286038,0.8451128835945273,False,False,False,14.5
200325560,11.7836,3986.0,0.637781,3,1901.15,45.11941,2152.1095,1.58,4085.0,4.45,14.5,3,4.0,4.4,13.8,4.2,2.0,0,,False,,0,0,False,2084.0,3,3,3184.0,2.01,,,,,1.0,4.95956762213461,0.3185761583224394,False,False,False,14.5
939256498,12.3744,3998.0,0.616673,3,79.07,32.02444,4055.7214,4.8,6850.0,5.57,14.5,2,2.6,-0.2,14.5,4.6,1.0,0,,False,,0,0,False,4550.3,2,2,6736.0,1.21,,,,,1.0,4.32585639441259,1.1096068760395812,False,False,False,14.5
382067649,11.557,3551.0,0.628357,2,109.45,34.17427,3954.4349,3.6,2791.0,3.62,14.5,2,2.5,1.5,14.5,3.1,1.0,0,,False,,0,0,False,1297.4,2,2,2990.0,1.17,,,,,1.0,4.476229528573711,0.8042483025098783,False,False,False,14.5
382067649,11.557,3551.0,0.628357,2,109.45,26.58903,3940.6849,3.0,2701.0,3.56,14.5,2,2.8,4.5,14.4,3.1,1.0,0,,False,,0,0,False,1297.4,2,2,2616.0,1.2,,,,,1.0,4.116992701306245,0.7286872281916255,False,False,False,14.5
200325560,11.7836,3986.0,0.637781,3,1901.15,32.43585,2153.1548,1.8,3783.0,4.28,14.4,3,6.8,1.7,13.6,4.1,2.0,0,,False,,0,0,False,2084.0,3,3,4530.0,1.15,,,,,1.0,4.4428785327014735,0.40514274400059225,False,False,False,14.4
289600366,11.0301,3516.0,0.191878,5,2555.36,21.01627,1530.8551,2.1,2319.0,1.01,14.3,2,0.0,-0.5,13.9,2.7,2.0,0,,False,,0,0,False,810.2,2,2,2331.0,1.85,,,,,1.0,1.7261437593986677,1.2165846492018555,False,False,False,14.3
224284991,11.4506,3283.0,0.272643,5,2144.36,21.17638,2099.7265,4.8,1377.0,1.1,14.3,4,14.0,0.4,12.1,3.5,2.0,1,,False,,0,0,False,1617.5,4,4,826.0,4.26,,,,,1.0,2.187199690486697,2.19458699673275,False,False,False,14.3
384339667,12.1898,3590.0,0.513712,5,1789.34,25.69163,2378.4566,2.4,4970.0,3.95,14.3,3,11.6,1.7,18.2,5.6,2.0,0,,False,,0,0,False,2662.8,3,3,3454.0,3.49,,,,,1.0,3.5586503634963416,0.6744129810049734,False,False,False,14.3
259999047,8.42784,3409.0,0.422848,7,2529.13,18.17185,1555.5954,3.15,266.0,0.75,14.2,7,3.4,-1.2,13.9,3.9,1.0,12,,False,,0,0,False,285.0,7,7,144.0,4.18,,,,,1.0,2.7848225628140626,1.1311313123005315,False,False,False,14.2
77176282,12.3218,3442.0,0.422986,6,2879.66,2.98316,1412.7371,4.8,768.0,1.28,14.2,42,5.3,2.4,14.7,3.8,1.0,3,,False,,0,0,False,2014.5,32,42,621.0,6.44,,,,,0.7619047619047619,1.5251684236694116,3.14719340205828,False,False,False,14.2
114985772,11.1087,3261.0,0.284433,5,2907.3,13.36551,1335.1676,1.12,1826.0,1.33,14.2,8,5.8,0.2,17.9,2.7,2.0,8,,False,,0,0,False,1236.8,6,8,961.0,7.8,,,,,0.75,1.9298495829540967,0.5803561116331004,False,False,False,14.2
409970233,11.6419,3670.0,0.517054,3,1817.33,22.30655,2266.4532,2.4,4041.0,3.59,14.2,3,4.6,1.7,11.3,2.8,2.0,0,,False,,0,0,False,1741.5,3,3,6086.0,1.56,,,,,1.0,3.409649187741231,0.7038847306135658,False,False,False,14.2
246861224,12.487,3160.0,0.420565,3,2936.46,15.81073,1367.3823,3.0,5094.0,3.27,14.2,2,8.0,-0.6,14.6,3.0,2.0,2,,False,,0,0,False,2248.8,2,2,5039.0,1.57,,,,,1.0,2.6489942745579538,1.1325052790084342,False,False,False,14.2
224270730,9.80069,3491.0,0.457555,7,2906.03,23.71372,1366.3324,2.25,810.0,1.42,14.1,5,10.3,2.2,29.1,3.6,2.0,2,,False,,0,0,False,769.8,5,5,333.0,15.15,,,,,1.0,3.2075275373922842,0.7014748817493387,False,False,False,14.1
140072115,11.051,3425.0,0.598722,3,83.14,0.92826,4208.0456,1.58,540.0,1.52,14.1,68,0.0,-7.7,14.3,4.0,1.0,0,,False,,0,0,False,1788.9,52,67,463.0,7.85,,,,,0.7761194029850746,1.3029116996581223,1.2126685180696317,False,False,False,14.1
231639448,11.6201,3481.0,0.581034,3,2907.31,21.10788,1327.9838,2.4,4082.0,4.05,14.1,3,10.7,-1.1,13.6,3.7,2.0,0,,False,,0,0,False,2489.9,3,3,3155.0,3.43,,,,,1.0,3.6181857915363116,0.6633158544854437,False,False,False,14.1
464452462,8.84557,3692.0,0.509342,8,2547.31,93.83264,1672.5568,3.0,550.0,1.3,14.0,3,7.4,-2.7,16.1,4.5,2.0,1,,False,,0,0,False,338.0,3,3,544.0,1.73,,,,,1.0,5.449198127341277,0.5505397179352942,False,False,False,14.0
160635811,10.0646,3767.0,0.605571,4,2575.91,23.85292,1611.3187,3.6,1177.0,2.27,14.0,2,7.8,-0.9,12.2,2.8,2.0,2,,False,,0,0,False,610.4,2,2,1204.0,1.55,,,,,1.0,3.8740526977818743,0.9292594295532465,False,False,False,14.0
269768590,11.0669,3481.0,0.436163,3,1105.96,0.92459,3127.0419,4.2,336.0,0.87,14.0,70,0.1,16.3,11.2,6.5,1.0,0,,False,,0,0,False,954.6,64,70,268.0,6.53,,,,,0.9142857142857143,1.053474203699239,3.9868085855845754,False,False,False,14.0
37904598,11.2134,3236.0,0.462438,3,2607.63,42.46539,1469.3215,2.4,2559.0,2.55,14.0,2,4.2,0.7,12.5,4.4,2.0,3,,False,,0,0,False,1062.0,2,2,2518.0,1.31,,,,,1.0,3.922735350251072,0.6118179753947433,False,False,False,14.0
172255639,11.0912,3478.0,0.5065,5,2822.29,13.22954,1473.8671,4.2,1013.0,1.76,13.9,6,3.6,0.7,16.2,2.9,2.0,2,"00172255639-01(1:1,ntoi=1)",True,,0,0,False,1023.9,6,6,751.0,3.76,,,,,1.0,2.825592365025246,1.4864139824225757,False,False,False,13.9
214870481,12.0443,3458.0,0.604275,4,2548.77,12.16465,1628.9734,4.8,2401.0,3.23,13.9,7,3.9,-1.5,19.0,3.4,2.0,7,,False,,0,0,False,2972.7,6,7,1554.0,6.19,,,,,0.8571428571428571,3.0907550300184106,1.553018583932033,False,False,False,13.9
278708134,11.6344,3295.0,0.538779,2,2934.84,21.66681,1325.8014,4.5,5318.0,4.29,13.9,3,6.7,4.4,13.5,4.4,2.0,0,,False,,0,0,False,3995.5,3,3,6443.0,1.37,,,,,1.0,3.4706732266581497,1.2965784175345632,False,False,False,13.9
316976676,12.0093,3241.0,0.257512,12,2661.1,0.77289,1327.4788,6.12,231.0,0.43,13.8,349,0.5,-4.6,13.1,3.0,1.0,0,,False,,0,0,False,1711.0,208,348,178.0,18.22,,,,,0.5977011494252874,0.698413305734192,8.762719652894472,False,False,False,13.8
303301402,12.0897,3061.0,0.165067,8,2554.36,49.95909,1546.0324,3.15,4289.0,1.18,13.8,3,5.7,2.6,15.6,4.1,2.0,3,,False,,0,0,False,2130.4,3,3,2635.0,2.86,,,,,1.0,2.083786911918072,1.5116708824610603,False,False,False,13.8
140072115,11.051,3425.0,0.598722,3,83.14,0.53024,4207.9143,1.12,493.0,1.45,13.8,115,2.1,14.3,14.4,4.0,1.0,0,,False,,0,0,False,1788.9,79,113,471.0,8.95,,,,,0.6991150442477876,1.0810586779061597,1.0360214694074363,False,False,False,13.8
145015441,10.2525,3973.0,0.634034,2,49.92,20.86755,4104.546,4.2,1458.0,2.64,13.8,2,0.0,0.6,14.1,5.0,1.0,0,,False,,0,0,False,1202.8,2,2,1497.0,1.2,,,,,1.0,3.820385135378497,1.099365600893506,False,False,False,13.8
409858786,9.57692,3711.0,0.546095,8,2879.02,51.92019,1375.3252,2.1,1199.0,2.06,13.7,2,12.6,-0.7,18.9,4.0,2.0,1,,False,,0,0,False,564.6,2,2,1439.0,1.79,,,,,1.0,4.686326236297777,0.4481122086069303,False,False,False,13.7
398445933,11.2389,3327.0,0.472768,7,2520.2,22.69168,1659.5041,3.15,1107.0,1.72,13.7,8,10.5,-0.1,17.5,3.2,2.0,2,,False,,0,0,False,1193.5,7,8,208.0,24.21,,,,,0.875,3.2304465484405727,0.975097390644211,False,False,False,13.7
401283888,10.2017,3575.0,0.559671,5,2527.96,47.39576,1588.7808,6.3,905.0,1.84,13.7,2,0.4,-1.3,11.2,3.6,2.0,11,"00401283888-01(1:1,ntoi=2);00401283888-01(1:3,ntoi=1)",True,,0,0,False,686.5,2,2,909.0,1.03,,,,,1.0,4.62107829941821,1.3633181677084252,False,False,False,13.7
467779161,12.0163,3982.0,0.609895,4,1791.92,51.01596,2313.8346,1.8,7039.0,5.58,13.7,3,14.1,1.6,15.7,3.5,2.0,0,,False,,0,0,False,3144.2,3,3,2467.0,7.37,,,,,1.0,5.015108852975376,0.3589154398776592,False,False,False,13.7
200325560,11.7836,3986.0,0.637781,3,1901.15,31.81614,2156.6658,1.58,4397.0,4.61,13.7,2,4.9,0.0,13.6,4.1,2.0,0,,False,,0,0,False,2084.0,2,2,4361.0,1.36,,,,,1.0,4.4144016124814085,0.35791940532385225,False,False,False,13.7
66499720,11.8298,3704.0,0.506853,3,2936.45,13.35392,1366.3205,4.8,3026.0,3.04,13.7,2,0.6,-0.3,14.2,5.5,1.0,3,,False,,0,0,False,1353.5,2,2,2975.0,1.05,,,,,1.0,2.835736663872326,1.6926818562360386,False,False,False,13.7
257396673,12.1525,3476.0,0.411332,2,2602.13,40.26066,1400.6419,1.5,8739.0,4.2,13.7,2,2.8,2.0,12.2,3.5,2.0,0,,False,,0,0,False,4367.5,2,2,8530.0,1.21,,,,,1.0,3.564212499041633,0.4208503282010624,False,False,False,13.7
464452462,8.84557,3692.0,0.509342,8,2547.31,89.70755,1724.1718,2.04,707.0,1.48,13.6,2,9.0,0.6,16.1,4.5,2.0,1,,False,,0,0,False,338.0,2,2,698.0,1.66,,,,,1.0,5.368145585405077,0.38001949975916366,False,False,False,13.6
152970890,12.1788,3165.0,0.395873,7,2874.19,44.59153,1407.4018,2.1,3756.0,2.65,13.6,3,6.2,0.1,14.9,3.2,2.0,0,,False,,0,0,False,1792.1,3,3,1242.0,7.16,,,,,1.0,3.594702939771629,0.5841929180755651,False,False,False,13.6
256911677,10.9325,3232.0,0.245323,6,1817.32,28.5323,2348.7038,3.6,1484.0,1.03,13.6,5,5.2,2.9,14.3,3.8,2.0,0,,False,,0,0,False,1200.0,5,5,325.0,11.44,,,,,1.0,2.2515386123762857,1.5989066233248121,False,False,False,13.6
192543860,12.4746,3079.0,0.238938,4,2553.86,21.66086,1551.5951,1.2,14370.0,3.12,13.6,2,5.1,-0.9,15.1,3.4,2.0,0,,False,,0,0,False,3472.2,1,1,16850.0,1.0,,,,,1.0,2.018166572754148,0.5945990862203143,False,False,False,13.6
92227520,12.427,3686.0,0.436361,2,2174.68,14.18706,2122.6355,2.4,9542.0,4.65,13.6,3,5.0,-1.1,13.1,3.3,2.0,0,,False,,0,0,False,4309.9,3,3,6369.0,2.37,,,,,1.0,2.6186033234895985,0.9165191147782231,False,False,False,13.6
101277769,11.488,3824.0,0.607927,4,2575.58,12.47591,1668.2618,2.25,1543.0,2.61,13.5,7,4.6,-1.7,14.9,3.6,2.0,0,,False,,0,0,False,1272.8,6,7,966.0,4.31,,,,,0.8571428571428571,3.1294402201071727,0.7189784248132867,False,False,False,13.5
311864780,11.8546,3311.0,0.543738,3,2602.12,37.15849,1390.1912,3.15,4018.0,3.76,13.5,2,1.8,0.2,13.4,3.0,1.0,0,,False,,0,0,False,1484.9,2,2,3614.0,1.17,,,,,1.0,4.179786543196097,0.7536270016294504,False,False,False,13.5
271277100,12.282,3924.0,0.640609,3,1816.81,20.22178,2346.1897,3.0,3524.0,4.15,13.5,3,9.7,0.9,11.3,2.8,2.0,0,,False,,0,0,False,1759.9,3,3,3553.0,2.0,,,,,1.0,3.8066543586159614,0.7880936164350766,False,False,False,13.5
279788098,11.8088,3572.0,0.639588,2,302.06,20.91883,3990.6663,0.62,7344.0,5.98,13.5,2,6.6,-1.3,14.6,3.7,2.0,0,,False,,0,0,False,1745.4,2,2,6667.0,1.55,,,,,1.0,3.845808268250413,0.16121448516258424,False,False,False,13.5
53851254,12.1152,3615.0,0.55809,2,2934.84,0.58353,1325.4433,4.5,621.0,1.52,13.5,77,2.6,-5.0,13.4,2.5,1.0,1,,False,,0,0,False,2150.4,51,77,440.0,5.4,,,,,0.6623376623376623,1.0650390151561655,4.225197327010758,False,False,False,13.5
435881860,10.7012,3700.0,0.584506,7,2607.56,43.51942,1464.0353,6.3,1396.0,2.38,13.4,2,4.7,1.3,15.0,4.0,2.0,3,,False,,0,0,False,725.4,2,2,820.0,1.95,,,,,1.0,4.623405400847284,1.3626319679527699,False,False,False,13.4
71335815,11.1395,3890.0,0.613898,3,2907.3,20.91197,1338.5325,3.6,2061.0,3.04,13.4,2,3.4,2.4,13.9,3.4,2.0,0,,False,,0,0,False,1310.0,2,2,1993.0,1.24,,,,,1.0,3.741715434836645,0.9621255444716009,False,False,False,13.4
311864780,11.8546,3311.0,0.543738,3,2602.12,30.23788,1390.1912,3.15,4134.0,3.81,13.4,2,1.2,3.8,13.4,3.0,1.0,0,,False,,0,0,False,1484.9,1,1,4216.0,1.0,,,,,1.0,3.9022809221643815,0.8072202034734258,False,False,False,13.4
409858786,9.57692,3711.0,0.546095,8,2879.02,42.37491,1328.1439,3.0,1008.0,1.89,13.3,2,9.7,4.2,18.9,4.0,2.0,1,,False,,0,0,False,564.6,2,2,1212.0,1.63,,,,,1.0,4.379488165334458,0.6850115554019067,False,False,False,13.3
422677299,9.45163,3756.0,0.579638,4,2577.16,39.6442,1430.4653,6.0,773.0,1.76,13.3,2,0.0,1.2,13.1,4.8,2.0,1,,False,,0,0,False,567.3,2,2,781.0,1.16,,,,,1.0,4.456966943542359,1.3462069779748582,False,False,False,13.3
37904598,11.2134,3236.0,0.462438,3,2607.63,20.00542,1451.0606,1.12,3409.0,2.95,13.3,2,6.9,0.4,12.9,3.7,2.0,3,,False,,0,0,False,1062.0,2,2,3324.0,1.53,,,,,1.0,3.0522951599837187,0.3669369904599837,False,False,False,13.3
271277100,12.282,3924.0,0.640609,3,1816.81,24.32119,2346.1803,3.15,3346.0,4.04,13.3,3,8.8,0.6,14.0,4.1,2.0,0,,False,,0,0,False,1759.9,3,3,3407.0,1.93,,,,,1.0,4.0482307375773505,0.7781177023237332,False,False,False,13.3
176779069,11.2473,3985.0,0.621448,5,2146.05,81.36034,2192.0919,1.12,4225.0,4.41,13.2,2,2.6,-2.4,13.1,4.0,2.0,0,,False,,0,0,False,965.4,2,2,3496.0,1.32,,,,,1.0,5.933110116101103,0.18877114668082368,False,False,False,13.2
160635811,10.0646,3767.0,0.605571,4,2575.91,21.06994,1615.3031,3.15,945.0,2.03,13.2,3,3.6,-2.8,12.0,2.7,2.0,2,,False,,0,0,False,610.4,3,3,600.0,3.18,,,,,1.0,3.7171159325610392,0.8474311958921592,False,False,False,13.2
271277100,12.282,3924.0,0.640609,3,1816.81,24.1477,2346.1803,3.15,3099.0,3.89,13.2,3,8.8,-0.1,11.3,2.8,2.0,0,,False,,0,0,False,1759.9,3,3,2888.0,2.28,,,,,1.0,4.038582029763331,0.7799767286600332,False,False,False,13.2
939256498,12.3744,3998.0,0.616673,3,79.07,28.37806,4063.0339,4.2,6496.0,5.42,13.2,3,5.1,-1.7,13.2,3.9,1.0,0,,False,,0,0,False,4550.3,2,2,6083.0,1.42,,,,,1.0,4.155013930820176,1.010826935824724,False,False,False,13.2
41862291,12.4293,3412.0,0.395788,6,2936.46,0.91549,1354.8188,7.2,416.0,0.88,13.1,145,0.5,-4.6,11.2,9.4,1.0,0,,False,,0,0,False,1913.1,126,145,270.0,7.95,,,,,0.8689655172413793,0.9841649877347112,7.315846519365118,False,False,False,13.1
308841579,9.82584,3569.0,0.450915,5,2554.02,23.62616,1557.6452,2.4,1041.0,1.59,13.1,2,10.5,0.2,12.5,2.8,2.0,0,,False,,0,0,False,446.0,2,2,983.0,1.85,,,,,1.0,3.1725060772998033,0.7564997328681866,False,False,False,13.1
289600366,11.0301,3516.0,0.191878,5,2555.36,22.26095,1531.8051,2.1,1765.0,0.88,13.1,3,7.1,-0.5,14.4,2.9,2.0,0,,False,,0,0,False,810.2,3,3,522.0,8.72,,,,,1.0,1.7595690490979463,1.1934740504082961,False,False,False,13.1
192543860,12.4746,3079.0,0.238938,4,2553.86,22.75592,1560.9888,2.1,6101.0,2.04,13.1,3,6.2,-0.3,14.6,3.2,2.0,0,,False,,0,0,False,3472.2,3,3,2804.0,5.21,,,,,1.0,2.051618356738675,1.0235821848163975,False,False,False,13.1
140072115,11.051,3425.0,0.598722,3,83.14,0.79555,4207.9049,1.58,491.0,1.45,13.1,77,1.9,10.9,13.5,3.5,1.0,0,,False,,0,0,False,1788.9,57,76,411.0,5.35,,,,,0.75,1.237601798333143,1.276662656864279,False,False,False,13.1
303301402,12.0897,3061.0,0.165067,8,2554.36,47.7594,1579.0231,3.6,3924.0,1.13,13.0,2,9.1,0.0,15.6,4.1,2.0,3,,False,,0,0,False,2130.4,2,2,4115.0,1.67,,,,,1.0,2.0527438213431144,1.7537502549365915,False,False,False,13.0
77176282,12.3218,3442.0,0.422986,6,2879.66,33.24472,1421.1746,7.2,2213.0,2.17,13.0,4,6.5,-0.9,13.4,3.2,2.0,3,,False,,0,0,False,2014.5,3,3,2442.0,1.41,,,,,1.0,3.4066944480785573,2.113485699916804,False,False,False,13.0
422677298,9.93769,3413.0,0.571464,2,2577.16,24.66732,1433.5153,3.6,1400.0,2.33,13.0,2,1.4,-0.4,12.7,3.3,2.0,2,,False,,0,0,False,868.6,2,2,1362.0,1.09,,,,,1.0,3.769133624330292,0.9551266574263882,False,False,False,13.0
257396673,12.1525,3476.0,0.411332,2,2602.13,25.62063,1400.6231,1.2,8864.0,4.22,13.0,2,3.3,2.4,13.2,4.1,1.0,0,,False,,0,0,False,4367.5,2,2,8639.0,1.25,,,,,1.0,3.0657252232920076,0.3914245121783705,False,False,False,13.0
142391974,12.1903,3975.0,0.613909,2,50.99,19.38726,4081.0159,3.0,3902.0,4.18,13.0,2,0.0,0.2,13.2,4.7,1.0,0,,False,,0,0,False,1947.0,2,2,3935.0,1.02,,,,,1.0,3.6485175452558716,0.8222517674064272,False,False,False,13.0
449046160,12.1106,2985.0,0.153296,9,2549.71,0.52698,1601.8054,0.75,727.0,0.45,12.9,375,1.2,-5.6,9.8,8.7,1.0,7,,False,,0,0,False,2253.4,279,374,796.0,5.24,,,,,0.7459893048128342,0.43500430366352044,1.7241208734802114,False,False,False,12.9
308773532,11.8133,3331.0,0.371023,6,2553.95,12.34889,1550.1389,4.5,1150.0,1.37,12.9,11,10.1,-0.4,17.0,3.7,2.0,5,,False,,0,0,False,1696.2,8,11,408.0,15.36,,,,,0.7272727272727273,2.2439757355495593,2.0053692777109866,False,False,False,12.9
308841579,9.82584,3569.0,0.450915,5,2554.02,21.63509,1552.4671,2.25,866.0,1.45,12.8,3,6.5,0.8,12.4,2.8,2.0,0,,False,,0,0,False,446.0,3,3,381.0,4.8,,,,,1.0,3.0807584700734614,0.7303396296258007,False,False,False,12.8
369376579,11.1902,3477.0,0.48644,5,2849.23,2.8861,1413.7502,3.6,457.0,1.13,12.8,37,3.0,-3.7,13.1,3.2,1.0,6,,False,,0,0,False,1163.7,29,36,448.0,5.94,,,,,0.8055555555555556,1.6557633760202966,2.1742237158625684,False,False,False,12.8
152937679,11.8772,3718.0,0.514639,4,2198.28,30.04293,2073.1378,6.0,3997.0,3.55,12.8,2,0.0,2.6,11.4,5.0,2.0,0,,False,,0,0,False,3039.9,2,2,5192.0,1.4,,,,,1.0,3.7536823560576273,1.5984304026997127,False,False,False,12.8
424713521,11.9593,3687.0,0.531671,4,102.87,0.54195,4074.6654,2.25,693.0,1.53,12.8,163,0.4,14.3,13.6,11.7,1.0,0,,False,,0,0,False,2256.6,138,163,536.0,4.72,,,,,0.8466257668711656,1.0060587651411799,2.2364498754546,False,False,False,12.8
150249543,11.8487,3740.0,0.571884,12,1926.17,104.66791,2136.6533,3.6,2509.0,3.13,12.7,2,0.0,-1.3,11.1,5.5,2.0,4,,False,,0,0,False,1446.1,2,2,2506.0,1.39,,,,,1.0,6.10498745078476,0.5896818018089851,False,False,False,12.7
224270730,9.80069,3491.0,0.457555,7,2906.03,13.21446,1359.0949,3.6,371.0,0.96,12.7,12,3.5,0.1,27.2,3.2,2.0,2,"00224270730-01(2:1,ntoi=1)",True,,0,0,False,769.8,10,12,134.0,35.31,,,,,0.8333333333333334,2.6394917238412496,1.3638989535306911,False,False,False,12.7
384339667,12.1898,3590.0,0.513712,5,1789.34,74.41072,2365.3191,2.4,4459.0,3.74,12.7,3,4.9,0.0,14.2,3.8,2.0,0,,False,,0,0,False,2662.8,3,3,1952.0,6.17,,,,,1.0,5.072630984162773,0.4731272602901776,False,False,False,12.7
49005243,11.0235,3890.0,0.561278,3,2554.41,38.43034,1556.762,1.12,3616.0,3.68,12.7,2,8.2,0.0,13.4,3.5,2.0,1,,False,,0,0,False,1085.0,2,2,3417.0,1.7,,,,,1.0,4.3173611862625405,0.2594177210754895,False,False,False,12.7
96373171,11.9523,3715.0,0.553009,1,25.08,7.7235,4182.2333,7.56,2883.0,3.24,12.6,3,1.6,-2.2,12.8,2.3,1.0,0,,False,,0,0,False,3552.5,3,3,2302.0,1.86,,,,,1.0,2.504000880228002,3.0191682677490204,False,False,False,12.6
308841579,9.82584,3569.0,0.450915,5,2554.02,22.96618,1554.4733,2.25,1006.0,1.56,12.6,3,10.4,0.3,12.3,2.8,2.0,0,,False,,0,0,False,446.0,2,3,188.0,9.75,,,,,0.6666666666666666,3.142686094424759,0.7159480560249345,False,False,False,12.6
245936201,12.1367,3274.0,0.609745,5,2607.64,0.49789,1438.4678,7.2,351.0,1.25,12.6,273,2.7,0.0,11.1,3.1,1.0,5,,False,,0,0,False,2176.9,167,271,122.0,27.07,,,,,0.6162361623616236,1.0715643593998807,6.719148445766049,False,False,False,12.6
434479001,12.2323,3986.0,0.629455,5,1842.59,28.90851,2266.5485,3.6,4796.0,4.76,12.6,2,2.0,0.5,11.6,4.3,2.0,0,,False,,0,0,False,2521.2,2,2,5055.0,1.16,,,,,1.0,4.238315883710273,0.849393980716821,False,False,False,12.6
364979563,9.50937,3616.0,0.595978,3,2602.13,47.23526,1431.9984,1.8,1056.0,2.11,12.6,2,0.0,2.1,10.6,4.0,2.0,2,,False,,0,0,False,454.5,2,2,1052.0,1.0,,,,,1.0,4.813384440122495,0.3739572482505038,False,False,False,12.6
231639448,11.6201,3481.0,0.581034,3,2907.31,24.77371,1349.0598,0.5,9014.0,6.02,12.6,2,0.0,1.4,12.7,3.2,2.0,0,,False,,0,0,False,2489.9,2,2,10507.0,1.61,,,,,1.0,3.8165680309387615,0.131007752500881,False,False,False,12.6
279788098,11.8088,3572.0,0.639588,2,302.06,19.05031,3997.7783,0.5,6001.0,5.41,12.6,3,4.7,-0.9,14.6,3.7,2.0,0,,False,,0,0,False,1745.4,3,3,3026.0,3.78,,,,,1.0,3.7277133957546713,0.1341304834672719,False,False,False,12.6
142391974,12.1903,3975.0,0.613909,2,50.99,12.68948,4081.7346,3.6,2928.0,3.62,12.6,3,7.4,0.6,10.7,3.2,2.0,0,,False,,0,0,False,1947.0,3,3,3568.0,1.31,,,,,1.0,3.1678083754714996,1.1364323763630977,False,False,False,12.6
308841579,9.82584,3569.0,0.450915,5,2554.02,22.17998,1556.6702,2.4,988.0,1.55,12.5,2,11.3,0.0,12.6,2.9,2.0,0,,False,,0,0,False,446.0,2,2,926.0,1.97,,,,,1.0,3.1064077845118874,0.7725965702140146,False,False,False,12.5
160635811,10.0646,3767.0,0.605571,4,2575.91,19.87759,1619.2593,3.15,696.0,1.74,12.5,5,4.6,-0.9,12.4,2.9,2.0,2,,False,,0,0,False,610.4,5,5,433.0,4.4,,,,,1.0,3.645632744194578,0.8640475388027389,False,False,False,12.5
308243585,12.0915,3364.0,0.44085,4,2879.66,40.85171,1421.413,6.0,2622.0,2.46,12.5,3,6.0,0.0,10.7,4.5,2.0,0,,False,,0,0,False,1733.4,3,3,2360.0,2.61,,,,,1.0,3.750929811045382,1.5996033789626694,False,False,False,12.5
246861224,12.487,3160.0,0.420565,3,2936.46,17.38438,1358.6948,2.4,3785.0,2.82,12.5,4,5.0,0.9,13.8,2.7,2.0,2,,False,,0,0,False,2248.8,4,4,2229.0,3.92,,,,,1.0,2.734115022082727,0.8777977446507671,False,False,False,12.5
312268273,12.1822,3326.0,0.320868,2,1106.67,14.10998,3111.7643,2.25,5496.0,2.6,12.5,3,5.8,1.0,10.5,2.9,2.0,0,,False,,0,0,False,2877.7,3,3,7614.0,1.27,,,,,1.0,2.1294528655398586,1.056609440110608,False,False,False,12.5
429305307,12.2622,3696.0,0.589514,2,1817.02,12.0739,2293.9109,2.1,13050.0,7.35,12.5,2,5.2,3.7,13.3,3.0,1.0,0,,False,,0,0,False,5627.4,2,2,17060.0,1.4,,,,,1.0,3.032635639138363,0.6924669659941921,False,False,False,12.5
267080591,12.3543,3956.0,0.588324,7,2168.03,51.47859,2087.3008,4.2,3945.0,4.03,12.4,2,3.7,-0.3,11.5,4.6,2.0,0,,False,,0,0,False,2549.4,2,2,4170.0,1.29,,,,,1.0,4.9109052147262116,0.8552394754852044,False,False,False,12.4
188087958,11.768,3407.0,0.227206,5,2554.43,0.71671,1545.0505,7.2,302.0,0.43,12.4,157,0.6,-0.5,14.1,4.3,1.0,0,,False,,0,0,False,2213.2,107,157,169.0,15.34,,,,,0.6815286624203821,0.6265215004319372,11.492023809296516,False,False,False,12.4
299200024,10.8042,3675.0,0.459327,2,2602.12,4.80857,1388.8482,4.2,512.0,1.13,12.4,12,4.2,1.8,16.5,2.5,1.0,0,,False,,0,0,False,849.8,11,12,255.0,9.07,,,,,0.9166666666666666,1.8892738991038946,2.2230762844879774,False,False,False,12.4
303301402,12.0897,3061.0,0.165067,8,2554.36,49.14068,1558.3043,3.6,2381.0,0.88,12.3,5,3.5,-2.5,15.6,4.1,2.0,3,,False,,0,0,False,2130.4,5,5,1519.0,4.52,,,,,1.0,2.072345616742504,1.737161972846401,False,False,False,12.3
172255639,11.0912,3478.0,0.5065,5,2822.29,17.68703,1472.3265,3.15,1258.0,1.96,12.3,5,9.2,0.5,16.5,3.1,2.0,2,,False,,0,0,False,1023.9,5,5,513.0,6.71,,,,,1.0,3.112764259600047,1.011962274459145,False,False,False,12.3
22247626,12.3024,2967.0,0.175375,5,2553.76,14.28949,1576.4599,3.15,1982.0,0.85,12.3,9,11.3,2.2,8.7,4.3,2.0,1,,False,,0,0,False,2045.7,7,8,507.0,18.44,,,,,0.875,1.4295268811116453,2.2035262446764627,False,False,False,12.3
192543860,12.4746,3079.0,0.238938,4,2553.86,15.76415,1557.0326,2.4,4206.0,1.69,12.3,5,4.3,1.2,14.5,3.1,2.0,0,,False,,0,0,False,3472.2,5,5,2674.0,5.46,,,,,1.0,1.8153287941653071,1.322074550744691,False,False,False,12.3
408191403,10.0115,3316.0,0.535154,3,2852.49,23.4576,1453.9036,2.4,2568.0,2.96,12.3,2,0.0,2.0,13.0,3.1,2.0,1,,False,,0,0,False,1572.4,2,2,2553.0,1.44,,,,,1.0,3.547769017774125,0.6764814698973168,False,False,False,12.3
408191403,10.0115,3316.0,0.535154,3,2852.49,18.95826,1448.2943,3.15,1938.0,2.57,12.3,3,6.9,-3.2,14.4,3.7,2.0,1,,False,,0,0,False,1572.4,3,3,1539.0,2.59,,,,,1.0,3.304661414648211,0.9531990133807171,False,False,False,12.3
278708134,11.6344,3295.0,0.538779,2,2934.84,6.90355,1326.7576,3.6,3907.0,3.67,12.3,6,4.0,1.4,12.2,3.7,1.0,0,,False,,0,0,True,3995.5,6,6,3606.0,3.03,,,,,1.0,2.370497812140675,1.5186683495603082,False,False,False,12.3
92227520,12.427,3686.0,0.436361,2,2174.68,20.06361,2116.7605,2.4,9399.0,4.62,12.3,2,7.2,-0.5,12.5,3.0,2.0,0,,False,,0,0,False,4309.9,2,2,9138.0,1.6,,,,,1.0,2.939286626819823,0.8165246553707806,False,False,False,12.3
122506840,9.58783,3911.0,0.591584,7,2904.62,37.6136,1404.7719,2.4,723.0,1.73,12.2,3,8.4,-0.5,14.0,3.5,2.0,1,,False,,0,0,False,471.9,3,3,568.0,2.53,,,,,1.0,4.439501505898358,0.5406012357043556,False,False,False,12.2
456892725,10.5767,3802.0,0.587124,7,2607.68,49.58091,1475.9378,1.58,1800.0,2.72,12.2,2,0.0,0.1,12.8,3.8,2.0,1,,False,,0,0,False,668.2,2,2,1685.0,1.71,,,,,1.0,4.843206808960257,0.32623013270399565,False,False,False,12.2
245936201,12.1367,3274.0,0.609745,5,2607.64,21.71946,1447.0678,3.0,3031.0,3.66,12.2,3,0.7,-8.3,11.7,3.5,2.0,5,"00245936201-01(1:1,ntoi=1)",True,,0,0,False,2176.9,3,3,3253.0,1.1,,,,,1.0,3.772160244431826,0.7953002538607341,False,False,False,12.2
326205407,9.95143,3430.0,0.434838,3,2904.62,24.52761,1394.9901,1.58,1720.0,1.97,12.2,2,0.0,-1.0,11.1,3.8,2.0,0,,False,,0,0,False,455.4,1,1,1856.0,1.0,,,,,1.0,3.13553532399796,0.5039011960437503,False,False,False,12.2
246861224,12.487,3160.0,0.420565,3,2936.46,13.29216,1367.1198,3.6,3382.0,2.67,12.2,4,10.1,-0.1,15.9,3.5,2.0,2,,False,,0,0,False,2248.8,4,4,1345.0,5.4,,,,,1.0,2.500127932800846,1.439926314477431,False,False,False,12.2
47509857,11.2861,3782.0,0.580096,2,2171.89,21.81954,2090.5523,6.0,1447.0,2.41,12.2,3,4.0,-1.6,10.3,3.4,2.0,0,,False,,0,0,False,1255.3,3,3,1855.0,1.13,,,,,1.0,3.6544616164775516,1.6418287095824684,False,False,False,12.2
449046160,12.1106,2985.0,0.153296,9,2549.71,0.63238,1601.4908,0.75,738.0,0.45,12.1,316,1.1,10.2,9.5,8.3,1.0,7,"00449046160-01(1:3,ntoi=2);00449046160-02(1:3,ntoi=2);00449046160-01(1:3,ntoi=2);00449046160-02(1:3,ntoi=2);00449046160-01(1:3,ntoi=2);00449046160-02(1:3,ntoi=2);00449046160-01(1:2,ntoi=1)",True,,0,0,False,2253.4,233,316,765.0,5.58,,,,,0.7373417721518988,0.4622620255717265,1.6224564392292415,False,False,False,12.1
259999047,8.42784,3409.0,0.422848,7,2529.13,32.96387,1557.2642,3.15,378.0,0.9,12.1,3,5.4,1.6,13.3,3.5,2.0,12,,False,,0,0,False,285.0,3,3,303.0,1.99,,,,,1.0,3.3963351941382864,0.9274702936967367,False,False,False,12.1
435881860,10.7012,3700.0,0.584506,7,2607.56,45.41372,1463.9603,6.3,994.0,2.01,12.1,2,8.7,-0.7,15.0,4.0,2.0,3,,False,,0,0,False,725.4,2,2,952.0,1.75,,,,,1.0,4.689537025064078,1.3434161978738008,False,False,False,12.1
37904598,11.2134,3236.0,0.462438,3,2607.63,18.04613,1451.3699,1.12,2328.0,2.43,12.1,4,6.0,1.2,11.8,3.1,2.0,3,,False,,0,0,False,1062.0,4,4,1600.0,3.18,,,,,1.0,2.949207507102242,0.37976303712194925,False,False,False,12.1
63942370,12.2961,3900.0,0.627398,2,1872.18,44.48898,2157.5752,2.25,7492.0,5.92,12.1,2,0.6,-2.9,11.6,3.3,2.0,0,,False,,0,0,False,4596.8,2,2,7309.0,1.02,,,,,1.0,4.882638038937657,0.4608164647997428,False,False,False,12.1
172255639,11.0912,3478.0,0.5065,5,2822.29,13.53272,1477.3671,3.0,1475.0,2.12,12.0,3,5.9,1.8,16.9,3.2,2.0,2,,False,,0,0,True,1023.9,3,3,435.0,8.09,,,,,1.0,2.847014151356365,1.0537355420487637,False,False,False,12.0
77893078,11.9514,3107.0,0.379243,5,2852.43,44.61065,1472.9564,0.75,6046.0,3.22,12.0,2,0.0,0.0,13.0,4.1,2.0,2,,False,,0,0,False,1531.2,2,2,5633.0,1.54,,,,,1.0,3.4938119561101932,0.21466524513099622,False,False,False,12.0
245936201,12.1367,3274.0,0.609745,5,2607.64,6.29828,1444.1209,3.15,1109.0,2.22,12.0,23,3.5,-0.3,11.9,3.2,2.0,5,,False,,0,0,False,2176.9,19,23,944.0,4.04,,,,,0.8260869565217391,2.4967848119329665,1.2616225414962077,False,False,False,12.0
434479001,12.2323,3986.0,0.629455,5,1842.59,27.59507,2266.5579,3.15,3473.0,4.05,12.0,3,7.1,-0.8,11.3,4.1,2.0,0,,False,,0,0,True,2521.2,3,3,4706.0,1.18,,,,,1.0,4.173130050256914,0.7548290999955953,False,False,False,12.0
1357038,12.4072,3927.0,0.623818,4,2116.33,43.39327,2200.5032,0.62,19382.0,9.48,12.0,3,6.5,1.9,12.9,4.1,2.0,0,,False,,0,0,False,5836.0,3,3,9496.0,3.16,,,,,1.0,4.823782173373106,0.12852985017075413,False,False,False,12.0
20500669,12.4413,3164.0,0.288385,3,2554.52,14.4485,1557.524,3.0,4960.0,2.22,12.0,2,6.2,1.0,14.3,4.1,2.0,0,,False,,0,0,False,2085.2,2,2,3850.0,1.7,,,,,1.0,1.9989303393494042,1.500802674782762,False,False,False,12.0
89255038,10.3084,3906.0,0.586925,5,2879.66,32.81584,1436.6757,3.0,2209.0,3.01,11.9,2,2.0,-0.4,12.1,3.8,1.0,0,,False,,0,0,False,661.7,2,2,1964.0,1.22,,,,,1.0,4.219793591943349,0.7109352471001799,False,False,False,11.9
77840675,10.4724,3806.0,0.626352,3,2852.57,0.53465,1438.6236,1.2,306.0,1.19,11.9,123,0.2,4.4,11.7,4.8,1.0,0,,False,,0,0,False,1094.2,88,123,262.0,6.22,,,,,0.7154471544715447,1.117147359650885,1.074164468665089,False,False,False,11.9
120040579,10.1489,3949.0,0.619232,2,2547.32,2.76354,1657.7057,3.15,415.0,1.38,11.9,17,4.0,-2.2,11.8,4.0,1.0,1,,False,,0,0,False,931.6,16,17,342.0,3.87,,,,,0.9411764705882353,1.9168985985365778,1.643279411026129,False,False,False,11.9
299200024,10.8042,3675.0,0.459327,2,2602.12,0.96963,1386.867,6.3,205.0,0.72,11.9,60,1.2,4.5,17.5,2.9,1.0,0,,False,,0,0,False,849.8,41,60,62.0,27.7,,,,,0.6833333333333333,1.1078772010770706,5.686550814363888,False,False,False,11.9
120278665,11.9454,3777.0,0.587957,1,24.82,0.697,4179.7958,7.92,737.0,1.74,11.8,33,1.0,-3.7,9.8,3.3,1.0,0,,False,,0,0,False,2443.0,28,33,404.0,3.53,,,,,0.8484848484848485,1.1699921024931181,6.769276461886704,False,False,False,11.8
435881860,10.7012,3700.0,0.584506,7,2607.56,44.00927,1452.2603,6.3,683.0,1.67,11.8,4,3.5,-0.2,15.0,4.0,2.0,3,,False,,0,0,False,725.4,4,4,358.0,4.55,,,,,1.0,4.640687574489778,1.3575574521826446,False,False,False,11.8
152970890,12.1788,3165.0,0.395873,7,2874.19,34.46328,1407.2643,2.1,3332.0,2.49,11.8,3,8.6,-0.9,15.0,3.2,2.0,0,,False,,0,0,False,1792.1,2,3,1221.0,7.43,,,,,0.6666666666666666,3.29886405185021,0.6365827651558386,False,False,False,11.8
231019115,11.0956,3564.0,0.471878,6,2878.5,33.48851,1378.7336,3.15,1872.0,2.23,11.8,2,3.7,-0.2,9.3,3.2,2.0,1,,False,,0,0,False,839.2,2,2,1540.0,1.48,,,,,1.0,3.6733309304481545,0.8575323213843118,False,False,False,11.8
402042753,11.4476,3504.0,0.571603,4,2171.89,21.40891,2108.394,1.8,2384.0,3.05,11.8,3,6.0,1.0,14.7,4.4,2.0,1,,False,,0,0,False,1207.9,3,3,2714.0,1.58,,,,,1.0,3.5958603127870647,0.5005756184685782,False,False,False,11.8
37904598,11.2134,3236.0,0.462438,3,2607.63,22.25074,1456.9762,1.58,1899.0,2.2,11.8,4,5.8,0.8,11.7,3.1,2.0,3,,False,,0,0,False,1062.0,4,4,1428.0,3.09,,,,,1.0,3.1624630250767214,0.49961058436775535,False,False,False,11.8
409970232,11.4894,3719.0,0.532067,3,1817.3,15.98943,2266.465,1.8,4538.0,3.91,11.8,2,0.5,0.3,9.1,3.2,2.0,0,,False,,0,0,False,1455.0,2,2,5189.0,1.14,,,,,1.0,3.1102610182206,0.578729563035128,False,False,False,11.8
207108993,10.9633,3395.0,0.452657,8,2906.03,3.39361,1355.9803,3.6,279.0,0.82,11.7,57,0.5,-8.4,5.7,3.8,1.0,2,,False,,0,0,True,852.1,53,57,224.0,3.43,,,,,0.9298245614035088,1.6657446670333655,2.161195572915432,False,False,False,11.7
47509857,11.2861,3782.0,0.580096,2,2171.89,17.24444,2095.121,6.3,1368.0,2.34,11.7,3,3.6,2.2,10.3,3.3,2.0,0,,False,,0,0,False,1255.3,3,3,1684.0,1.24,,,,,1.0,3.3787643750857765,1.8645869615693642,False,False,False,11.7
246861678,12.2851,3326.0,0.473678,2,2202.33,0.50031,2088.4454,1.5,857.0,1.51,11.7,83,3.4,-8.0,15.5,5.7,1.0,0,,False,,0,0,False,2208.6,55,83,748.0,5.35,,,,,0.6626506024096386,0.907006009937684,1.6537927903069327,False,False,False,11.7
92227520,12.427,3686.0,0.436361,2,2174.68,14.98643,2121.8418,2.1,8483.0,4.38,11.7,3,6.8,1.7,12.2,2.9,2.0,0,,False,,0,0,False,4309.9,3,3,5839.0,2.84,,,,,1.0,2.666889221185842,0.7874342823532158,False,False,False,11.7
89255038,10.3084,3906.0,0.586925,5,2879.66,34.18689,1422.6757,4.2,1431.0,2.42,11.6,2,0.3,1.1,11.6,3.5,1.0,0,,False,,0,0,False,661.7,2,2,1499.0,1.02,,,,,1.0,4.277761471909163,0.9818219242891871,False,False,False,11.6
197644539,12.3976,3186.0,0.314253,4,2934.84,19.53668,1338.7204,4.2,3094.0,1.91,11.6,3,8.2,-0.1,12.8,3.3,2.0,1,,False,,0,0,False,2111.6,3,3,4876.0,1.05,,,,,1.0,2.3406950494586547,1.7943388229796773,False,False,False,11.6
142391974,12.1903,3975.0,0.613909,2,50.99,18.08562,4076.3659,3.0,3807.0,4.13,11.6,2,5.2,0.6,11.6,3.8,1.0,0,,False,,0,0,False,1947.0,2,2,3824.0,1.45,,,,,1.0,3.5649662940105524,0.8415226828484342,False,False,False,11.6
303301402,12.0897,3061.0,0.165067,8,2554.36,26.64676,1549.3137,3.15,2561.0,0.91,11.5,6,6.6,-0.4,15.6,4.1,2.0,3,,False,,0,0,False,2130.4,4,5,1110.0,6.57,,,,,0.8,1.6899088084957863,1.864005906214468,False,False,False,11.5
119624569,8.08651,3786.0,0.57976,5,2547.33,25.94276,1681.5024,2.1,329.0,1.15,11.5,3,4.3,-0.1,14.7,4.5,2.0,0,,False,,0,0,False,212.3,3,3,157.0,4.54,,,,,1.0,3.8700138465072804,0.5426337174207445,False,False,False,11.5
178271163,10.4821,3770.0,0.533417,5,2879.65,48.99064,1421.354,3.15,1501.0,2.25,11.5,2,2.1,-0.2,9.3,3.6,2.0,0,,False,,0,0,False,605.4,2,2,1384.0,1.22,,,,,1.0,4.525055394078801,0.696124074883567,False,False,False,11.5
176779069,11.2473,3985.0,0.621448,5,2146.05,68.50206,2171.032,0.75,3718.0,4.13,11.5,2,0.0,0.1,13.1,4.0,2.0,0,,False,,0,0,False,965.4,2,2,3257.0,1.67,,,,,1.0,5.6024677822847995,0.13386957839749233,False,False,False,11.5
192543860,12.4746,3079.0,0.238938,4,2553.86,15.12068,1555.7513,2.1,4234.0,1.7,11.5,5,4.8,0.2,13.7,2.8,2.0,0,,False,,0,0,False,3472.2,5,5,2058.0,7.1,,,,,1.0,1.7902851843038465,1.172997474598767,False,False,False,11.5
257431831,12.4168,3880.0,0.555391,3,2146.05,0.51949,2144.7695,2.1,902.0,1.82,11.5,119,0.7,-8.3,10.5,7.1,1.0,0,,False,,0,0,False,2946.7,98,119,668.0,5.52,,,,,0.8235294117647058,1.0212527756062724,2.0562979608582443,False,False,False,11.5
183821379,12.1825,3478.0,0.408466,1,24.76,10.68471,4240.7832,0.5,17419.0,5.88,11.4,2,3.8,-3.1,11.3,3.8,1.0,0,,False,,0,0,False,7209.5,2,2,18636.0,1.31,,,,,1.0,2.2798160952262565,0.21931593563487775,False,False,False,11.4
456892725,10.5767,3802.0,0.587124,7,2607.68,47.8802,1463.7644,1.5,1451.0,2.44,11.4,3,8.9,-0.9,12.5,3.7,2.0,1,,False,,0,0,False,668.2,3,3,748.0,3.93,,,,,1.0,4.787184528747709,0.3133365741371137,False,False,False,11.4
119624569,8.08651,3786.0,0.57976,5,2547.33,38.86364,1671.8149,2.1,314.0,1.12,11.4,4,9.7,0.0,14.7,4.5,2.0,0,,False,,0,0,False,212.3,4,4,233.0,3.05,,,,,1.0,4.428142800619942,0.47423944858011335,False,False,False,11.4
257431831,12.4168,3880.0,0.555391,3,2146.05,0.69236,2144.782,2.1,1006.0,1.92,11.4,90,2.0,11.2,10.1,6.7,1.0,0,,False,,0,0,False,2946.7,79,90,978.0,4.56,,,,,0.8777777777777778,1.1238754269357838,1.8685344920527303,False,False,False,11.4
20500669,12.4413,3164.0,0.288385,3,2554.52,18.39662,1560.524,4.2,2438.0,1.55,11.4,4,3.6,-0.3,12.3,3.2,2.0,0,,False,,0,0,False,2085.2,4,4,1815.0,3.13,,,,,1.0,2.166553501684117,1.9385627895804252,False,False,False,11.4
287222160,11.5073,3286.0,0.337983,2,1872.19,44.80458,2148.8569,3.15,2005.0,1.65,11.4,2,4.3,-0.6,11.2,4.3,2.0,1,,False,,0,0,False,1196.6,2,2,2015.0,1.37,,,,,1.0,3.240253600690523,0.9721461305771593,False,False,False,11.4
178364643,12.1812,3451.0,0.569816,2,54.91,0.85773,4236.475,4.2,688.0,1.63,11.4,45,0.8,13.6,12.0,6.2,1.0,0,,False,,0,0,False,1855.2,38,45,512.0,3.02,,,,,0.8444444444444444,1.2278583102809584,3.420590116003659,False,False,False,11.4
63727253,12.3776,3729.0,0.393327,2,2202.32,23.27679,2088.5708,4.2,11400.0,4.58,11.4,2,1.9,1.4,11.1,3.8,2.0,0,,False,,0,0,False,10641.7,2,2,11423.0,1.17,,,,,1.0,2.881941515763066,1.4573508785753224,False,False,False,11.4
449046160,12.1106,2985.0,0.153296,9,2549.71,0.73777,1601.7033,0.75,748.0,0.46,11.3,267,0.7,-5.7,9.0,7.7,1.0,7,,False,,0,0,False,2253.4,202,267,770.0,4.97,,,,,0.7565543071161048,0.4866340645323835,1.5411991363997302,False,False,False,11.3
435881860,10.7012,3700.0,0.584506,7,2607.56,45.97466,1451.0603,6.3,751.0,1.75,11.3,3,5.6,-1.6,15.0,4.0,2.0,3,,False,,0,0,False,725.4,3,3,311.0,5.37,,,,,1.0,4.708766103595889,1.3379301204170986,False,False,False,11.3
146247923,10.6728,3499.0,0.411699,7,2904.62,48.16999,1420.1375,1.05,2433.0,2.22,11.3,2,7.1,-0.3,12.8,3.7,2.0,0,,False,,0,0,False,1083.6,2,2,2616.0,1.59,,,,,1.0,3.786055890532222,0.277333465315642,False,False,False,11.3
209451163,10.4999,3827.0,0.563785,6,2174.68,52.9913,2124.7835,4.2,902.0,1.85,11.3,3,3.6,-0.5,10.4,4.8,2.0,0,,False,,0,0,False,656.2,3,3,1024.0,1.23,,,,,1.0,4.819686941301701,0.8714258936630569,False,False,False,11.3
364979563,9.50937,3616.0,0.595978,3,2602.13,38.11489,1416.3359,2.4,815.0,1.86,11.3,2,0.0,-0.0,11.4,4.6,2.0,2,,False,,0,0,False,454.5,2,2,814.0,1.04,,,,,1.0,4.481189777213764,0.5355720510217333,False,False,False,11.3
308984536,12.1623,3259.0,0.245879,5,2553.96,23.69643,1555.4994,0.62,7608.0,2.34,11.2,2,8.8,-0.5,11.8,3.3,2.0,0,,False,,0,0,False,2027.3,2,2,7787.0,1.77,,,,,1.0,2.11958201993682,0.2925105016782888,False,False,False,11.2
97468763,10.7898,3360.0,0.379418,4,2174.62,50.07762,2125.7209,3.6,1273.0,1.48,11.2,2,1.1,-3.3,10.7,4.8,2.0,2,,False,,0,0,False,871.2,2,2,1261.0,1.09,,,,,1.0,3.6321865098250306,0.9911385305413237,False,False,False,11.2
308243585,12.0915,3364.0,0.44085,4,2879.66,37.09124,1421.3443,1.5,4536.0,3.24,11.2,2,0.0,1.6,9.9,3.9,2.0,0,,False,,0,0,False,1733.4,2,2,4605.0,1.24,,,,,1.0,3.6321126380599553,0.4129827870099329,False,False,False,11.2
178320743,12.2987,3636.0,0.515865,4,2879.66,33.51032,1420.9698,6.3,2434.0,2.78,11.2,2,0.0,-1.4,9.8,4.8,2.0,0,,False,,0,0,False,1982.1,2,2,2416.0,1.07,,,,,1.0,3.8990475166194467,1.6157792315037565,False,False,False,11.2
269768590,11.0669,3481.0,0.436163,3,1105.96,1.3904,3127.5044,4.8,306.0,0.83,11.2,45,0.4,-9.6,9.4,4.9,1.0,0,,False,,0,0,False,954.6,40,45,271.0,5.16,,,,,0.8888888888888888,1.2069448555180127,3.97698368575412,False,False,False,11.2
20500669,12.4413,3164.0,0.288385,3,2554.52,16.88166,1556.6146,3.15,3000.0,1.72,11.2,3,8.2,-0.3,11.6,2.9,2.0,0,,False,,0,0,False,2085.2,3,3,1410.0,4.25,,,,,1.0,2.1053701215005103,1.4961739828220681,False,False,False,11.2
238809900,12.4612,3774.0,0.534938,7,2167.98,46.65832,2080.077,4.2,5755.0,4.43,11.1,2,1.1,0.5,11.1,5.3,1.0,1,,False,,0,0,False,2270.9,2,2,5319.0,1.15,,,,,1.0,4.460535083405785,0.9415910695613549,False,False,False,11.1
297223601,11.9961,3710.0,0.630591,6,1791.64,0.52543,2307.7237,6.3,363.0,1.31,11.1,281,1.5,-0.8,9.1,6.8,1.0,2,,False,,0,0,False,2365.9,175,281,194.0,11.69,,,,,0.6227758007117438,1.1156939925424068,5.646709619403585,False,False,False,11.1
341116983,11.1946,3284.0,0.306745,5,2547.29,23.93253,1679.3953,2.4,1641.0,1.36,11.1,3,7.5,0.6,12.9,4.8,2.0,2,,False,,0,0,False,1035.5,3,3,843.0,3.75,,,,,1.0,2.4644659733528917,0.9738418083065735,False,False,False,11.1
77893078,11.9514,3107.0,0.379243,5,2852.43,40.01289,1477.9329,0.62,6299.0,3.28,11.1,2,7.0,0.0,13.0,4.1,2.0,2,,False,,0,0,False,1531.2,2,2,5738.0,1.69,,,,,1.0,3.369405778598315,0.18400870679871695,False,False,False,11.1
402042753,11.4476,3504.0,0.571603,4,2171.89,14.97541,2093.3877,3.0,1654.0,2.54,11.1,3,6.7,-1.0,11.6,2.8,2.0,1,,False,,0,0,False,1207.9,3,3,1150.0,2.78,,,,,1.0,3.1920096881419044,0.9398467715009741,False,False,False,11.1
37904598,11.2134,3236.0,0.462438,3,2607.63,18.84053,1456.4778,1.2,2379.0,2.46,11.1,3,5.5,2.6,12.6,3.5,2.0,3,,False,,0,0,False,1062.0,3,3,1017.0,5.0,,,,,1.0,2.9918628104649874,0.4010879094464559,False,False,False,11.1
92227520,12.427,3686.0,0.436361,2,2174.68,15.30839,2121.523,2.4,8348.0,4.35,11.1,3,8.1,1.1,12.3,2.9,2.0,0,,False,,0,0,False,4309.9,2,2,8102.0,1.78,,,,,1.0,2.6858520477838668,0.8935711860898193,False,False,False,11.1
146247923,10.6728,3499.0,0.411699,7,2904.62,51.07826,1419.2406,1.5,1644.0,1.82,11.0,3,3.8,2.9,12.8,3.7,2.0,0,,False,,0,0,False,1083.6,3,3,963.0,3.28,,,,,1.0,3.860766476772477,0.3885238874260973,False,False,False,11.0
146247923,10.6728,3499.0,0.411699,7,2904.62,45.64225,1417.1812,1.05,2430.0,2.21,11.0,2,7.3,0.9,14.4,4.5,2.0,0,,False,,0,0,False,1083.6,2,2,2536.0,1.64,,,,,1.0,3.7186375516119488,0.28236147928556465,False,False,False,11.0
308984536,12.1623,3259.0,0.245879,5,2553.96,21.59895,1553.6244,0.62,6161.0,2.11,11.0,3,6.8,2.0,11.9,3.3,2.0,0,,False,,0,0,False,2027.3,3,3,3816.0,3.61,,,,,1.0,2.0551023971618996,0.30168813040957043,False,False,False,11.0
192543856,10.9065,3091.0,0.425228,3,2553.87,1.23603,1545.0701,3.6,318.0,0.83,11.0,48,0.1,2.2,13.3,3.5,2.0,2,,False,,0,0,False,1177.4,33,48,305.0,7.71,,,,,0.6875,1.1410356156888517,3.155028599021121,False,False,False,11.0
20500669,12.4413,3164.0,0.288385,3,2554.52,15.14753,1556.5771,3.15,3594.0,1.89,11.0,2,8.5,2.2,11.4,2.8,2.0,0,,False,,0,0,False,2085.2,2,2,3472.0,1.8,,,,,1.0,2.030660616513722,1.5512193295046919,False,False,False,11.0
145015441,10.2525,3973.0,0.634034,2,49.92,22.81695,4123.4772,2.1,1526.0,2.7,11.0,2,5.3,-2.6,11.6,3.4,1.0,0,,False,,0,0,False,1202.8,2,2,1575.0,1.47,,,,,1.0,3.935825688103156,0.5335602149118754,False,False,False,11.0
122506840,9.58783,3911.0,0.591584,7,2904.62,31.98172,1404.7719,2.25,589.0,1.57,10.9,4,5.5,1.3,14.2,3.6,2.0,1,,False,,0,0,False,471.9,4,4,308.0,4.67,,,,,1.0,4.205844185576023,0.5349698896874006,False,False,False,10.9
206485185,10.2392,3938.0,0.60236,5,2602.13,44.07704,1421.3354,2.25,1163.0,2.24,10.9,2,0.0,-1.6,9.7,3.9,2.0,0,,False,,0,0,False,538.4,2,2,1223.0,1.36,,,,,1.0,4.7371432477606525,0.474969804019252,False,False,False,10.9
140122311,10.7275,3829.0,0.540982,4,2879.66,21.46634,1421.3347,1.8,2482.0,2.94,10.9,2,0.0,-0.5,10.1,3.4,2.0,0,,False,,0,0,False,775.1,1,1,2523.0,1.0,,,,,1.0,3.469361105545243,0.5188275147037809,False,False,False,10.9
409970232,11.4894,3719.0,0.532067,3,1817.3,18.07628,2266.4556,2.25,4051.0,3.69,10.9,2,0.4,-0.3,8.4,2.7,2.0,0,,False,,0,0,False,1455.0,1,1,4054.0,1.0,,,,,1.0,3.2400784816463553,0.694427623511368,False,False,False,10.9
98672442,12.4363,3772.0,0.552628,1,25.79,11.74157,4268.7991,4.08,3094.0,3.35,10.8,2,2.5,2.7,11.0,3.0,1.0,0,,False,,0,0,False,2391.5,2,2,3001.0,1.22,,,,,1.0,2.8778773087288614,1.417711584724266,False,False,False,10.8
201289286,11.5771,3206.0,0.295999,11,2907.31,62.10545,1387.3706,4.5,2439.0,1.59,10.8,2,0.0,-0.6,8.8,3.8,2.0,1,,False,,0,0,False,1379.4,2,2,2368.0,1.24,,,,,1.0,3.3070824878199003,1.3607159835213232,False,False,False,10.8
355767053,12.1769,3323.0,0.432961,11,2907.31,44.17915,1368.6266,3.12,2604.0,2.41,10.8,3,3.7,0.1,11.9,5.1,2.0,7,,False,,0,0,False,1997.3,3,3,2287.0,2.21,,,,,1.0,3.804053340347758,0.8201777737729558,False,False,False,10.8
448695766,12.2394,3574.0,0.549512,5,2553.33,14.39393,1580.2266,3.15,1765.0,2.52,10.8,7,3.7,-0.2,12.7,3.4,2.0,1,,False,,0,0,False,2018.7,5,7,1660.0,2.88,,,,,0.7142857142857143,3.068453479124713,1.026575772267712,False,False,False,10.8
424713521,11.9593,3687.0,0.531671,4,102.87,0.81288,4074.9467,2.25,680.0,1.51,10.8,111,1.2,-8.2,10.9,8.6,1.0,0,,False,,0,0,False,2256.6,95,111,606.0,3.73,,,,,0.8558558558558559,1.1516285467990253,1.9537549726896926,False,False,False,10.8
308243585,12.0915,3364.0,0.44085,4,2879.66,43.59376,1450.2662,2.25,3706.0,2.93,10.8,2,4.1,1.7,10.4,4.3,2.0,0,,False,,0,0,False,1733.4,2,2,4139.0,1.38,,,,,1.0,3.8330424920253185,0.5870010584753877,False,False,False,10.8
125877373,12.2598,3564.0,0.47128,2,2549.69,22.14459,1621.6036,2.25,4942.0,3.61,10.8,2,0.0,-0.4,9.1,3.8,2.0,0,,False,,0,0,False,2815.2,2,2,4886.0,1.26,,,,,1.0,3.1975463496967995,0.7036645458519628,False,False,False,10.8
172255639,11.0912,3478.0,0.5065,5,2822.29,11.91361,1479.189,3.15,848.0,1.61,10.7,7,6.5,-3.4,14.9,2.5,2.0,2,,False,,0,0,False,1023.9,7,7,458.0,7.52,,,,,1.0,2.7286157828403557,1.1544314959290471,False,False,False,10.7
308243585,12.0915,3364.0,0.44085,4,2879.66,19.99251,1421.3349,0.9,5195.0,3.47,10.7,2,2.9,-0.2,9.8,3.9,0.5,0,,False,,0,0,False,1733.4,2,2,5172.0,1.27,,,,,1.0,2.9559106216054376,0.30447470008791566,False,False,False,10.7
284155980,11.2869,3875.0,0.59259,3,2602.12,22.69399,1402.9984,2.4,1858.0,2.79,10.7,3,4.8,0.4,10.7,5.5,1.0,0,,False,,0,0,False,1101.7,3,3,2011.0,1.89,,,,,1.0,3.755618410687083,0.639042559055121,False,False,False,10.7
409970232,11.4894,3719.0,0.532067,3,1817.3,22.27135,2266.4587,2.4,2765.0,3.05,10.7,2,4.9,-0.1,8.6,2.9,2.0,0,,False,,0,0,False,1455.0,2,2,2747.0,1.47,,,,,1.0,3.4735057669285885,0.6909445848198994,False,False,False,10.7
287222160,11.5073,3286.0,0.337983,2,1872.19,39.74228,2152.6444,3.15,2260.0,1.75,10.7,2,4.1,-1.2,10.9,4.1,2.0,1,,False,,0,0,False,1196.6,2,2,1866.0,1.54,,,,,1.0,3.113310654882237,1.011784672069338,False,False,False,10.7
355767053,12.1769,3323.0,0.432961,11,2907.31,50.60823,1349.9978,3.06,1979.0,2.1,10.6,5,6.6,3.3,10.2,4.2,2.0,7,,False,,0,0,False,1997.3,4,5,989.0,5.1,,,,,0.8,3.9802882889285467,0.7687885343661177,False,False,False,10.6
435881860,10.7012,3700.0,0.584506,7,2607.56,47.22682,1469.4728,6.3,717.0,1.71,10.6,3,10.3,1.6,15.0,4.0,2.0,3,,False,,0,0,False,725.4,3,3,258.0,6.38,,,,,1.0,4.751132886767334,1.3259995352995722,False,False,False,10.6
144284277,11.2601,3556.0,0.462328,5,2906.03,44.90397,1395.7447,4.8,1945.0,2.22,10.6,2,2.8,0.6,10.5,4.2,1.0,0,,False,,0,0,False,1253.9,2,2,1868.0,1.26,,,,,1.0,3.9957962779124654,1.2012624433665264,False,False,False,10.6
231290860,12.1949,3213.0,0.265497,5,2874.19,49.82949,1421.5519,6.3,2662.0,1.49,10.6,2,0.0,1.2,10.3,4.1,2.0,0,,False,,0,0,False,1771.1,2,2,2431.0,1.15,,,,,1.0,2.858096272308043,2.2042644472967536,False,False,False,10.6
448695766,12.2394,3574.0,0.549512,5,2553.33,12.29628,1579.3922,4.5,1241.0,2.11,10.6,9,3.6,1.2,13.8,3.9,1.0,1,,False,,0,0,False,2018.7,8,9,1007.0,3.9,,,,,0.8888888888888888,2.9115058197289145,1.5455919646483782,False,False,False,10.6
402106928,11.6491,3319.0,0.303175,4,1816.26,0.57999,2309.1978,4.8,239.0,0.51,10.6,155,0.1,-1.7,5.3,3.5,0.5,0,,False,,0,0,False,1152.2,125,154,172.0,3.2,,,,,0.8116883116883117,0.7076373053780992,6.783135885459433,False,False,False,10.6
101125732,11.7012,3398.0,0.413198,4,2602.12,33.49112,1395.6097,0.5,4591.0,3.05,10.6,3,3.8,2.1,13.8,4.2,2.0,1,,False,,0,0,False,1911.4,3,3,2452.0,4.65,,,,,1.0,3.362200886230698,0.1487121135586104,False,False,False,10.6
201662069,12.2604,3853.0,0.552619,4,2168.04,22.24568,2057.6044,3.0,2932.0,3.26,10.6,3,6.4,-0.1,13.0,3.5,2.0,0,,False,,0,0,False,2017.5,3,3,1922.0,2.89,,,,,1.0,3.56101714248233,0.8424559276085782,False,False,False,10.6
201662069,12.2604,3853.0,0.552619,4,2168.04,22.42228,2048.9669,2.4,3248.0,3.44,10.6,3,7.6,0.7,13.0,3.5,2.0,0,,False,,0,0,False,2017.5,3,3,1522.0,3.94,,,,,1.0,3.5704155034716067,0.6721906729528869,False,False,False,10.6
63942370,12.2961,3900.0,0.627398,2,1872.18,0.67257,2116.5721,4.8,747.0,1.87,10.6,98,2.4,0.4,12.1,3.6,0.5,0,,False,,0,0,False,4596.8,68,97,478.0,10.71,,,,,0.7010309278350515,1.207302809322584,3.975804547902339,False,False,False,10.6
210844914,11.9214,3968.0,0.635126,1,24.26,11.65566,4153.6796,5.04,5246.0,5.02,10.5,2,0.0,1.2,10.3,3.3,1.0,0,,False,,0,0,False,4426.1,2,2,5159.0,1.15,,,,,1.0,3.1498788132832214,1.6000615575259682,False,False,False,10.5
98672442,12.4363,3772.0,0.552628,1,25.79,10.35209,4268.8104,2.34,4016.0,3.82,10.5,2,0.0,3.3,10.4,2.7,1.0,0,,False,,0,0,False,2391.5,2,2,3775.0,1.3,,,,,1.0,2.759558239084839,0.8479618102845408,False,False,False,10.5
150249543,11.8487,3740.0,0.571884,12,1926.17,32.64521,2071.377,2.34,1280.0,2.23,10.5,8,3.2,1.0,10.7,5.1,1.0,4,,False,,0,0,False,1446.1,7,8,911.0,4.45,,,,,0.875,4.140188172499597,0.5651917020446074,False,False,False,10.5
449046160,12.1106,2985.0,0.153296,9,2549.71,0.84317,1601.6989,0.78,724.0,0.45,10.5,235,0.8,9.9,9.1,7.8,1.0,7,,False,,0,0,False,2253.4,186,235,692.0,5.67,,,,,0.7914893617021277,0.5087845223238612,1.5330655037173078,False,False,False,10.5
146247923,10.6728,3499.0,0.411699,7,2904.62,49.75855,1425.6906,1.5,1936.0,1.98,10.5,2,0.0,-1.8,12.8,3.7,2.0,0,,False,,0,0,False,1083.6,2,2,1922.0,1.29,,,,,1.0,3.82722569895748,0.3919288063958688,False,False,False,10.5
402106928,11.6491,3319.0,0.303175,4,1816.26,0.58,2309.1728,4.8,236.0,0.51,10.5,155,0.1,-0.7,8.8,8.0,1.0,0,,False,,0,0,False,1152.2,121,155,154.0,3.8,,,,,0.7806451612903226,0.7076413723059108,6.783096901695817,False,False,False,10.5
197644539,12.3976,3186.0,0.314253,4,2934.84,20.08979,1337.7704,4.2,2887.0,1.84,10.5,3,5.7,0.2,12.8,3.3,2.0,1,,False,,0,0,False,2111.6,3,3,1433.0,3.35,,,,,1.0,2.362579227923848,1.7777181608808155,False,False,False,10.5
29919288,11.482,3376.0,0.310381,3,2602.13,12.86669,1388.5482,3.0,1175.0,1.16,10.5,6,4.7,-1.7,10.5,2.7,2.0,2,,False,,0,0,False,1156.6,6,6,583.0,4.79,,,,,1.0,2.019733141856113,1.4853447407626497,False,False,False,10.5
79019928,11.2932,3499.0,0.429577,2,53.11,16.22251,4193.4175,1.58,3474.0,2.76,10.5,2,5.2,-0.9,10.2,4.7,1.0,0,,False,,0,0,False,1634.6,2,2,4243.0,1.47,,,,,1.0,2.709827576367543,0.5830629276117822,False,False,False,10.5
423750380,11.8466,3939.0,0.58792,2,1872.19,14.16244,2122.4286,6.3,1929.0,2.82,10.5,2,1.9,1.4,10.6,4.6,2.0,0,,False,,0,0,False,1682.3,2,2,1938.0,1.19,,,,,1.0,3.192516456413082,1.9733649257608834,False,False,False,10.5
66356448,12.4014,3659.0,0.486344,2,55.14,18.51793,4239.988,0.5,36565.0,10.15,10.5,2,3.5,-1.4,10.5,4.6,1.0,1,,False,,0,0,False,11558.3,2,2,36966.0,1.33,,,,,1.0,3.076343418160687,0.16253061899667387,False,False,False,10.5
210844914,11.9214,3968.0,0.635126,1,24.26,0.65279,4153.5896,5.04,1534.0,2.71,10.4,33,0.6,-3.3,10.5,3.4,1.0,0,,False,,0,0,False,4426.1,28,33,971.0,4.29,,,,,0.8484848484848485,1.2051452299389047,4.182068579614678,False,False,False,10.4
146247923,10.6728,3499.0,0.411699,7,2904.62,38.14172,1417.6562,1.05,2222.0,2.12,10.4,2,0.0,-0.5,13.3,3.9,2.0,0,,False,,0,0,False,1083.6,2,2,2204.0,1.73,,,,,1.0,3.5026353517516737,0.2997742826625938,False,False,False,10.4
115349383,11.2769,3717.0,0.510855,7,2904.61,80.88079,1430.1095,2.4,2855.0,2.98,10.4,2,5.8,0.4,11.3,4.8,2.0,0,,False,,0,0,False,1685.3,2,2,2769.0,1.58,,,,,1.0,5.196231856948962,0.4618731546380982,False,False,False,10.4
398570754,10.6739,3269.0,0.231166,5,2602.12,14.50211,1396.7298,2.1,2447.0,1.25,10.4,5,13.6,0.4,13.4,2.6,2.0,0,,False,,0,0,False,1601.5,4,5,1023.0,7.37,,,,,0.8,1.7270357639656726,1.2159562898558138,False,False,False,10.4
308984536,12.1623,3259.0,0.245879,5,2553.96,22.20809,1555.7338,0.62,5617.0,2.01,10.4,3,10.0,-0.4,11.2,2.9,2.0,0,,False,,0,0,False,2027.3,3,3,2142.0,6.43,,,,,1.0,2.074243107869122,0.29890421120257615,False,False,False,10.4
206358152,12.3284,3297.0,0.362758,5,2907.25,0.90004,1326.0438,7.2,346.0,0.74,10.4,128,0.7,-2.5,6.3,5.8,1.0,3,,False,,0,0,False,1974.1,85,127,309.0,4.57,,,,,0.6692913385826772,0.9233653293509446,7.797563728173605,False,False,False,10.4
152937679,11.8772,3718.0,0.514639,4,2198.28,21.86014,2083.5956,1.12,6842.0,4.64,10.4,2,6.7,0.4,11.1,4.1,2.0,0,,False,,0,0,False,3039.9,2,2,6776.0,1.65,,,,,1.0,3.3761966661987515,0.33173422958829124,False,False,False,10.4
71335815,11.1395,3890.0,0.613898,3,2907.3,4.3485,1326.8512,6.3,400.0,1.34,10.4,17,0.8,-0.2,12.1,2.6,1.0,0,,False,,0,0,False,1310.0,12,17,164.0,11.71,,,,,0.7058823529411765,2.2167613009979714,2.841983932669603,False,False,False,10.4
256097445,10.2304,3470.0,0.374096,9,2548.24,40.0569,1654.9197,1.17,2498.0,2.04,10.3,2,0.6,0.7,10.1,4.2,1.0,0,,False,,0,0,False,743.3,1,1,2535.0,1.0,,,,,1.0,3.340074207730512,0.3502916184592745,False,False,False,10.3
424881692,11.2482,3228.0,0.561349,5,2547.3,20.36674,1668.0719,4.5,1259.0,2.17,10.3,3,6.8,-1.6,11.1,3.0,2.0,0,,False,,0,0,False,1023.5,3,3,931.0,2.4,,,,,1.0,3.4941169421861242,1.2878790476842301,False,False,False,10.3
144284277,11.2601,3556.0,0.462328,5,2906.03,46.10982,1367.1009,4.5,1916.0,2.21,10.3,3,3.0,-2.3,10.4,4.2,1.0,0,,False,,0,0,False,1253.9,3,3,1533.0,1.54,,,,,1.0,4.031248471106864,1.1162794931279516,False,False,False,10.3
406323142,11.7913,3949.0,0.551498,5,131.14,0.57862,4101.9804,4.5,226.0,0.9,10.3,188,0.3,-1.3,10.8,7.4,1.0,0,,False,,0,0,False,1251.6,140,188,175.0,13.86,,,,,0.7446808510638298,1.053663822651025,4.270811907234292,False,False,False,10.3
97468763,10.7898,3360.0,0.379418,4,2174.62,1.69351,2117.3209,3.0,243.0,0.65,10.3,63,0.4,1.2,10.8,3.4,1.0,2,,False,,0,0,False,871.2,45,63,155.0,6.61,,,,,0.7142857142857143,1.1745806340999825,2.554103067005474,False,False,False,10.3
120040579,10.1489,3949.0,0.619232,2,2547.32,0.79059,1657.6776,3.6,194.0,0.94,10.3,60,1.7,6.5,10.7,3.2,1.0,1,,False,,0,0,False,931.6,40,60,173.0,7.6,,,,,0.6666666666666666,1.2630706991389617,2.850196748649247,False,False,False,10.3
183821379,12.1825,3478.0,0.408466,1,24.76,11.41026,4240.1007,4.08,7992.0,3.98,10.2,2,2.2,-3.2,10.4,3.1,1.0,0,,False,,0,0,False,7209.5,2,2,9183.0,1.21,,,,,1.0,2.3302941729396642,1.750851908475179,False,False,False,10.2
98672442,12.4363,3772.0,0.552628,1,25.79,2.92053,4265.9116,6.12,1283.0,2.16,10.2,8,3.7,-2.1,10.3,2.6,1.0,0,,False,,0,0,False,2391.5,7,8,802.0,3.87,,,,,0.875,1.8098841425795982,3.3814319138004407,False,False,False,10.2
256097445,10.2304,3470.0,0.374096,9,2548.24,54.87442,1683.9259,1.89,2411.0,2.0,10.2,2,1.6,1.4,10.1,4.2,2.0,0,,False,,0,0,False,743.3,1,1,2535.0,1.0,,,,,1.0,3.709542217413471,0.5094968298589221,False,False,False,10.2
115349383,11.2769,3717.0,0.510855,7,2904.61,110.74508,1411.422,2.4,2783.0,2.94,10.2,2,0.0,-2.2,11.1,4.7,2.0,0,,False,,0,0,False,1685.3,2,2,2697.0,1.67,,,,,1.0,5.770076087212424,0.4159390558677124,False,False,False,10.2
178805087,9.81041,3432.0,0.36937,5,2852.47,45.05006,1453.2709,3.15,759.0,1.11,10.2,2,0.0,1.8,8.1,3.2,2.0,1,,False,,0,0,False,492.4,2,2,760.0,1.21,,,,,1.0,3.444142920021167,0.9145961921872396,False,False,False,10.2
229149668,11.2942,3931.0,0.589745,5,2144.36,50.35298,2122.4696,0.5,4061.0,4.1,10.2,2,3.9,-1.6,10.3,4.8,2.0,0,,False,,0,0,False,1075.6,2,2,3839.0,1.41,,,,,1.0,4.882694269738841,0.10240247952832471,False,False,False,10.2
435929135,11.5483,3541.0,0.503725,5,2607.68,14.37393,1451.3144,4.5,998.0,1.74,10.2,7,3.6,2.3,11.0,3.3,2.0,6,,False,,0,0,False,1332.8,6,7,736.0,3.42,,,,,0.8571428571428571,2.8942040010024472,1.5548316561104065,False,False,False,10.2
308984536,12.1623,3259.0,0.245879,5,2553.96,23.26031,1545.3223,0.62,5083.0,1.91,10.2,4,4.3,-1.5,12.2,3.4,2.0,0,,False,,0,0,False,2027.3,4,4,2649.0,5.2,,,,,1.0,2.106498167291588,0.29432733891108,False,False,False,10.2
287301013,9.39388,3713.0,0.62031,4,2554.87,24.05999,1560.4474,3.15,477.0,1.48,10.2,3,3.3,0.2,10.1,4.2,2.0,0,,False,,0,0,False,381.2,3,3,364.0,2.25,,,,,1.0,3.948019567633586,0.797868385917876,False,False,False,10.2
422677299,9.45163,3756.0,0.579638,4,2577.16,1.5268,1412.1028,4.2,120.0,0.69,10.2,65,0.4,-2.4,12.4,3.6,1.0,1,,False,,0,0,False,567.3,42,65,58.0,21.55,,,,,0.6461538461538462,1.505128493060853,2.790459432110553,False,False,False,10.2
197644539,12.3976,3186.0,0.314253,4,2934.84,21.03877,1344.7766,4.5,2759.0,1.8,10.2,3,10.0,-1.9,13.0,3.4,2.0,1,,False,,0,0,False,2111.6,3,3,5022.0,1.18,,,,,1.0,2.3992087181279302,1.8756183928471586,False,False,False,10.2
197644539,12.3976,3186.0,0.314253,4,2934.84,19.40583,1343.6891,3.6,3162.0,1.93,10.2,2,0.0,-2.7,11.9,2.9,2.0,1,,False,,0,0,False,2111.6,2,2,3239.0,1.75,,,,,1.0,2.3354576142161654,1.5414537939316209,False,False,False,10.2
89240252,12.3128,3110.0,0.368542,3,2879.66,20.21246,1418.9118,1.58,4632.0,2.74,10.2,2,1.2,1.8,10.2,4.8,1.0,0,,False,,0,0,False,2138.4,2,2,4556.0,1.13,,,,,1.0,2.6327281115248464,0.6001379303405857,False,False,False,10.2
63727253,12.3776,3729.0,0.393327,2,2202.32,13.10796,2088.5833,3.6,14910.0,5.24,10.2,2,0.0,4.9,11.7,4.3,2.0,0,,False,,0,0,False,10641.7,2,2,14963.0,1.01,,,,,1.0,2.3798842576732584,1.5126786054375654,False,False,False,10.2
355767053,12.1769,3323.0,0.432961,11,2907.31,46.55588,1364.2478,4.5,1517.0,1.84,10.1,5,3.6,1.0,10.5,4.4,2.0,7,,False,,0,0,False,1997.3,5,5,1150.0,3.02,,,,,1.0,3.8710815998518355,1.1624658080501935,False,False,False,10.1
398570754,10.6739,3269.0,0.231166,5,2602.12,18.31208,1403.8548,2.1,2087.0,1.15,10.1,5,3.3,-0.9,13.7,2.7,2.0,0,,False,,0,0,False,1601.5,3,5,1148.0,6.57,,,,,0.6,1.8666812211741737,1.1249912283786008,False,False,False,10.1
176779069,11.2473,3985.0,0.621448,5,2146.05,38.49002,2147.631,0.75,2631.0,3.48,10.1,3,4.5,1.1,13.1,4.0,2.0,0,,False,,0,0,False,965.4,3,3,950.0,5.74,,,,,1.0,4.623038775304942,0.16223095596911338,False,False,False,10.1
117798466,11.8706,3653.0,0.515383,5,2852.44,20.53159,1440.2476,3.15,1306.0,2.03,10.1,6,5.0,1.9,10.4,3.2,2.0,0,,False,,0,0,False,1454.7,6,6,945.0,3.79,,,,,1.0,3.309552040891695,0.9517904420536905,False,False,False,10.1
139526229,11.9765,3998.0,0.58284,5,2174.68,44.14655,2157.4342,3.0,4745.0,4.38,10.1,2,0.0,1.3,8.3,3.5,2.0,0,,False,,0,0,False,1387.5,2,2,4211.0,1.18,,,,,1.0,4.636676364125746,0.6470151816527863,False,False,False,10.1
97468763,10.7898,3360.0,0.379418,4,2174.62,0.56435,2116.1959,3.6,143.0,0.49,10.1,192,1.7,-1.0,11.0,3.6,1.0,2,,False,,0,0,False,871.2,117,192,85.0,13.92,,,,,0.609375,0.8143349806309287,4.420785162895496,False,False,False,10.1
101125732,11.7012,3398.0,0.413198,4,2602.12,13.32525,1395.8154,0.62,3433.0,2.64,10.1,4,4.0,0.9,14.0,4.3,2.0,1,,False,,0,0,False,1911.4,4,4,2382.0,4.79,,,,,1.0,2.472894316565905,0.25071835696601485,False,False,False,10.1
409970232,11.4894,3719.0,0.532067,3,1817.3,13.37963,2266.4931,3.15,2149.0,2.69,10.1,3,4.4,0.4,8.4,2.7,2.0,0,,False,,0,0,False,1455.0,3,3,1680.0,1.93,,,,,1.0,2.9308969195779335,1.0747563242359335,False,False,False,10.1
89240252,12.3128,3110.0,0.368542,3,2879.66,19.79282,1418.729,3.15,3772.0,2.47,10.1,2,2.3,1.2,10.2,4.9,1.0,0,,False,,0,0,False,2138.4,2,2,3994.0,1.22,,,,,1.0,2.6143807952667872,1.2048742117838862,False,False,False,10.1
422677298,9.93769,3413.0,0.571464,2,2577.16,1.52941,1412.0778,4.2,234.0,0.95,10.1,41,2.9,1.6,12.9,3.4,1.0,2,,False,,0,0,False,868.6,25,41,156.0,16.07,,,,,0.6097560975609756,1.4917939917230392,2.815402142187845,False,False,False,10.1
262820393,12.0137,3577.0,0.447588,2,1872.19,23.79305,2118.8479,2.4,3234.0,2.78,10.1,2,5.0,-2.6,9.5,3.2,2.0,1,,False,,0,0,False,1662.7,2,2,3239.0,1.5,,,,,1.0,3.1642973635097698,0.758462219030506,False,False,False,10.1
246861678,12.2851,3326.0,0.473678,2,2202.33,0.6674,2088.4407,1.58,820.0,1.48,10.1,63,0.1,8.9,12.5,3.9,1.0,0,,False,,0,0,False,2208.6,40,63,487.0,9.54,,,,,0.6349206349206349,0.998448888173948,1.5824545639883925,False,False,False,10.1
423750384,12.3556,3745.0,0.510425,2,1872.19,14.1601,2122.4286,6.3,3026.0,3.06,10.1,2,1.2,0.1,10.1,4.4,2.0,0,,False,,0,0,False,2677.4,2,2,3020.0,1.12,,,,,1.0,2.905260140975305,2.168480512690017,False,False,False,10.1
231290860,12.1949,3213.0,0.265497,5,2874.19,38.50036,1421.5207,4.2,3013.0,1.59,10.0,2,2.1,-1.4,8.8,3.1,2.0,0,,False,,0,0,False,1771.1,2,2,2567.0,1.3,,,,,1.0,2.6226256408825175,1.6014485386433932,False,False,False,10.0
152937679,11.8772,3718.0,0.514639,4,2198.28,22.84483,2081.0456,1.58,3371.0,3.26,10.0,5,9.5,2.6,10.4,3.7,2.0,0,,False,,0,0,False,3039.9,4,5,1271.0,7.72,,,,,0.8,3.4261475889064137,0.4611593514289668,False,False,False,10.0
241537483,10.4094,3984.0,0.597699,3,2602.13,14.25456,1395.4638,3.15,998.0,2.06,10.0,2,3.6,1.7,10.7,3.9,2.0,1,,False,,0,0,False,620.3,2,2,994.0,1.35,,,,,1.0,3.234803608877779,0.9737840007829102,False,False,False,10.0
269768590,11.0669,3481.0,0.436163,3,1105.96,2.31747,3127.9044,4.8,339.0,0.88,10.0,27,0.7,-6.4,7.6,3.3,1.0,0,,False,,0,0,False,954.6,26,27,321.0,3.0,,,,,0.9629629629629629,1.4310194892436545,3.354252011296487,False,False,False,10.0
408131016,12.3838,3610.0,0.432686,2,2577.17,23.97182,1413.2023,2.4,4935.0,3.32,10.0,2,2.9,2.6,9.7,4.1,2.0,0,,False,,0,0,False,2451.5,2,2,4724.0,1.31,,,,,1.0,3.1013957847214138,0.7738451221940971,False,False,False,10.0
256097445,10.2304,3470.0,0.374096,9,2548.24,94.99562,1723.4959,1.17,1861.0,1.76,9.9,2,0.0,0.1,10.3,4.3,2.0,0,,False,,0,0,False,743.3,2,2,1750.0,1.45,,,,,1.0,4.454150264646243,0.2626763648470947,False,False,False,9.9
398570754,10.6739,3269.0,0.231166,5,2602.12,16.46213,1395.5423,2.1,1893.0,1.1,9.9,6,6.5,1.6,13.3,2.6,2.0,0,,False,,0,0,False,1601.5,5,6,787.0,9.58,,,,,0.8333333333333334,1.8015774690576256,1.1656451282655496,False,False,False,9.9
386563542,12.2651,3366.0,0.331486,5,2553.69,21.63281,1552.526,1.8,2790.0,1.91,9.9,4,3.4,0.6,10.3,3.0,2.0,0,,False,,0,0,False,1781.5,4,4,1358.0,5.66,,,,,1.0,2.5093201078208964,0.7173257785604433,False,False,False,9.9
33937232,10.9272,3209.0,0.224818,4,2822.29,13.79517,1476.4431,4.2,1041.0,0.79,9.9,6,0.2,1.9,10.3,4.1,2.0,0,,False,,0,0,True,1221.9,6,6,483.0,4.03,,,,,1.0,1.6672652542422741,2.519095260525167,False,False,False,9.9
201662069,12.2604,3853.0,0.552619,4,2168.04,22.70678,2057.72,3.15,2638.0,3.1,9.9,3,4.9,1.4,12.6,3.3,2.0,0,,False,,0,0,False,2017.5,3,3,1000.0,5.53,,,,,1.0,3.585452883892393,0.8785501028758012,False,False,False,9.9
38503310,11.2606,3939.0,0.589747,3,1816.68,24.33425,2266.5028,0.75,4643.0,4.38,9.9,2,0.0,-0.9,7.2,4.4,2.0,0,,False,,0,0,False,1484.1,2,2,4496.0,1.52,,,,,1.0,3.8316995038441397,0.19573559963341725,False,False,False,9.9
79019928,11.2932,3499.0,0.429577,2,53.11,25.5656,4200.2847,0.75,4279.0,3.07,9.9,2,4.4,0.4,9.2,3.8,1.0,0,,False,,0,0,False,1634.6,2,2,4164.0,1.5,,,,,1.0,3.153462259422566,0.23783382780592827,False,False,False,9.9
379773579,11.3759,3488.0,0.423353,2,2497.9,25.08673,1615.6919,4.2,2645.0,2.38,9.9,2,2.3,-0.0,9.9,4.5,2.0,0,,False,,0,0,False,1779.7,2,2,2698.0,1.2,,,,,1.0,3.10330699507079,1.353394945028374,False,False,False,9.9
122556837,11.4677,3436.0,0.360708,2,55.1,19.28136,4239.5291,0.6,7329.0,3.37,9.9,2,1.7,0.3,9.6,4.5,1.0,0,,False,,0,0,False,1800.9,1,1,10902.0,1.0,,,,,1.0,2.5548066119469497,0.2348514354058118,False,False,False,9.9
122556837,11.4677,3436.0,0.360708,2,55.1,25.06367,4239.5312,0.5,7784.0,3.47,9.9,2,0.0,0.2,9.7,4.5,1.0,0,,False,,0,0,False,1800.9,2,2,8520.0,1.28,,,,,1.0,2.7882199583757945,0.1793258808359087,False,False,False,9.9
423750380,11.8466,3939.0,0.58792,2,1872.19,20.73542,2136.6599,3.0,2210.0,3.02,9.9,3,3.3,0.8,8.5,3.0,2.0,0,,False,,0,0,False,1682.3,3,3,2009.0,1.62,,,,,1.0,3.6251395473508006,0.8275543495125192,False,False,False,9.9
120278665,11.9454,3777.0,0.587957,1,24.82,12.03884,4186.6227,2.25,3429.0,3.76,9.8,2,4.1,0.9,9.9,3.5,1.0,0,,False,,0,0,False,2443.0,2,2,3479.0,1.41,,,,,1.0,3.0243604614534867,0.7439589389813229,False,False,False,9.8
341116983,11.1946,3284.0,0.306745,5,2547.29,21.33997,1659.2328,2.4,919.0,1.01,9.8,8,5.0,-1.1,10.3,3.3,2.0,2,,False,,0,0,False,1035.5,7,8,295.0,11.03,,,,,0.875,2.3720539211965774,1.0117813842905077,False,False,False,9.8
386563542,12.2651,3366.0,0.331486,5,2553.69,23.65443,1556.7776,1.58,4128.0,2.32,9.8,2,8.9,0.2,10.2,3.0,2.0,0,,False,,0,0,False,1781.5,2,2,4296.0,1.87,,,,,1.0,2.585170851792623,0.6111781737382611,False,False,False,9.8
4068716,11.2521,3312.0,0.29602,3,2607.62,36.77834,1464.3008,1.58,2277.0,1.54,9.8,2,2.5,-0.7,8.7,3.8,2.0,2,,False,,0,0,False,1080.9,2,2,2253.0,1.26,,,,,1.0,2.777280242872066,0.5689018974786917,False,False,False,9.8
29919288,11.482,3376.0,0.310381,3,2602.13,8.99316,1388.5732,4.2,694.0,0.89,9.8,10,3.0,2.9,11.1,3.0,2.0,2,,False,,0,0,False,1156.6,10,10,388.0,6.58,,,,,1.0,1.792431163779685,2.3431862181772685,False,False,False,9.8
231019115,11.0956,3564.0,0.471878,6,2878.5,34.88942,1378.768,4.8,1107.0,1.71,9.7,2,7.1,-0.3,9.6,3.4,2.0,1,,False,,0,0,False,839.2,2,2,1065.0,1.77,,,,,1.0,3.7238544452877735,1.2889870080915753,False,False,False,9.7
91611340,11.1888,3468.0,0.337274,6,2904.62,0.92463,1386.4996,3.15,200.0,0.52,9.7,132,0.7,8.9,7.6,7.2,1.0,0,,False,,0,0,False,922.4,99,132,182.0,3.95,,,,,0.75,0.8875364464646013,3.549150023694982,False,False,False,9.7
229149668,11.2942,3931.0,0.589745,5,2144.36,40.38598,2127.2613,0.5,3175.0,3.63,9.7,3,5.4,0.3,9.5,4.2,2.0,0,,False,,0,0,False,1075.6,3,3,1942.0,2.79,,,,,1.0,4.5365741556533825,0.11021532611274756,False,False,False,9.7
33937232,10.9272,3209.0,0.224818,4,2822.29,7.67495,1469.2431,4.2,700.0,0.65,9.7,11,1.1,0.8,9.2,3.3,1.0,0,,False,,0,0,False,1221.9,11,11,512.0,3.84,,,,,1.0,1.3712633403015242,3.062869017614422,False,False,False,9.7
450020925,11.6348,3460.0,0.44263,3,2607.68,20.71425,1445.1828,3.0,2065.0,2.19,9.7,2,0.0,0.7,9.7,3.1,2.0,0,,False,,0,0,False,1244.6,2,2,1975.0,1.68,,,,,1.0,2.999106782064405,1.000297827986965,False,False,False,9.7
257431831,12.4168,3880.0,0.555391,3,2146.05,0.86517,2145.132,1.5,1100.0,2.01,9.7,71,1.7,-6.6,6.3,4.2,0.5,0,,False,,0,0,False,2946.7,62,70,983.0,4.28,,,,,0.8857142857142857,1.210527527595866,1.2391291943430915,False,False,False,9.7
379773579,11.3759,3488.0,0.423353,2,2497.9,13.44136,1612.6294,4.5,2969.0,2.52,9.7,2,1.5,-0.1,8.8,3.5,2.0,0,,False,,0,0,True,1779.7,2,2,2879.0,1.13,,,,,1.0,2.520525677510952,1.785341859498056,False,False,False,9.7
48543298,11.4259,3850.0,0.583861,2,2822.28,3.5212,1470.0799,6.0,793.0,1.79,9.7,11,0.6,3.5,10.2,3.7,2.0,1,,False,,0,0,False,1830.0,10,11,566.0,3.5,,,,,0.9090909090909091,1.9982270617211682,3.002661766992543,False,False,False,9.7
47489401,12.3948,3527.0,0.625574,2,810.08,48.72571,3262.5889,2.1,4246.0,4.45,9.7,2,2.8,-1.0,9.5,4.2,2.0,1,,False,,0,0,False,2155.3,2,2,4058.0,1.31,,,,,1.0,5.023196255303852,0.4180605123247313,False,False,False,9.7
120278665,11.9454,3777.0,0.587957,1,24.82,12.76144,4185.8989,2.25,3280.0,3.67,9.6,2,4.5,0.0,9.5,3.1,2.0,0,,False,,0,0,False,2443.0,2,2,3384.0,1.45,,,,,1.0,3.0836984218284362,0.7296433347933854,False,False,False,9.6
456892725,10.5767,3802.0,0.587124,7,2607.68,35.41474,1454.6941,1.58,861.0,1.88,9.6,6,5.1,2.3,12.7,3.8,2.0,1,,False,,0,0,False,668.2,6,6,382.0,7.52,,,,,1.0,4.3293517125755665,0.3649507143091512,False,False,False,9.6
115349383,11.2769,3717.0,0.510855,7,2904.61,103.55439,1487.6345,2.4,2628.0,2.86,9.6,2,0.0,1.2,11.1,4.7,2.0,0,,False,,0,0,False,1685.3,2,2,2537.0,1.77,,,,,1.0,5.642387359160147,0.4253518674331556,False,False,False,9.6
294769705,11.8286,3971.0,0.601578,6,1815.42,75.8893,2411.3213,1.58,4559.0,4.43,9.6,2,3.1,1.0,8.7,4.7,2.0,1,,False,,0,0,False,2130.2,2,2,4691.0,1.32,,,,,1.0,5.672786515257294,0.27852273230281044,False,False,False,9.6
231888176,10.8214,3366.0,0.310152,5,2575.19,23.10397,1637.1884,1.58,1477.0,1.3,9.6,5,3.5,0.3,11.7,3.1,2.0,6,,False,,0,0,False,1051.3,5,5,454.0,11.61,,,,,1.0,2.4536929892602033,0.6439273401014914,False,False,False,9.6
169304560,9.33302,3378.0,0.298027,4,2852.57,23.85278,1454.303,0.5,1096.0,1.08,9.6,3,5.7,1.3,11.0,3.3,2.0,0,,False,,0,0,False,376.2,3,3,539.0,5.93,,,,,1.0,2.414858578961766,0.20705146229100005,False,False,False,9.6
382523882,11.8943,3471.0,0.437415,4,106.53,29.43562,4166.149,0.5,6773.0,3.93,9.6,2,1.9,-0.0,9.6,4.4,1.0,0,,False,,0,0,False,1655.1,2,2,5989.0,1.26,,,,,1.0,3.345249167081148,0.14946569747935048,False,False,False,9.6
197591675,11.2348,3986.0,0.603452,3,2934.84,31.54148,1347.2203,3.0,1684.0,2.7,9.6,2,1.8,-0.1,8.5,3.6,2.0,0,,False,,0,0,False,1073.9,2,2,1582.0,1.25,,,,,1.0,4.242261841055535,0.7071699278358446,False,False,False,9.6
124983670,10.544,3638.0,0.516472,2,2088.83,24.79909,2207.8181,2.4,1415.0,2.12,9.6,2,2.7,2.1,8.4,3.3,2.0,0,,False,,0,0,False,988.2,2,2,1477.0,1.24,,,,,1.0,3.5295396366450658,0.6799753642322806,False,False,False,9.6
271277137,12.4689,3825.0,0.610663,2,1816.77,13.22785,2347.3147,2.4,3164.0,3.75,9.6,2,3.0,-0.6,9.7,4.4,2.0,0,,False,,0,0,False,1866.0,2,2,3285.0,1.31,,,,,1.0,3.2006568813173537,0.7498460750382551,False,False,False,9.6
210844914,11.9214,3968.0,0.635126,1,24.26,8.68588,4159.1521,2.04,6100.0,5.41,9.5,3,3.0,1.0,9.4,2.7,1.0,0,,False,,0,0,False,4426.1,3,3,6567.0,1.32,,,,,1.0,2.8557454719426336,0.7143493774367367,False,False,False,9.5
150249543,11.8487,3740.0,0.571884,12,1926.17,9.7226,2064.0383,3.6,508.0,1.41,9.5,28,3.4,-0.6,8.3,3.4,0.5,4,,False,,0,0,False,1446.1,23,28,346.0,6.01,,,,,0.8214285714285714,2.7648679719442066,1.3020513227141703,False,False,False,9.5
423211395,11.9417,3367.0,0.318649,9,2520.19,0.58075,1657.188,1.2,314.0,0.62,9.5,345,0.3,-6.3,7.4,6.7,1.0,5,,False,,0,0,False,1510.5,240,343,298.0,6.45,,,,,0.6997084548104956,0.7318348275591239,1.6397142562924196,False,False,False,9.5
449046160,12.1106,2985.0,0.153296,9,2549.71,0.94856,1601.8089,0.78,691.0,0.44,9.5,210,1.1,-5.2,8.5,7.0,1.0,7,"00449046160-01(1:3,ntoi=1)",True,,0,0,False,2253.4,153,210,727.0,6.12,,,,,0.7285714285714285,0.5291560649634747,1.4740452801081285,False,False,False,9.5
389727431,11.8197,3397.0,0.409951,8,2905.98,11.55063,1361.4815,4.5,691.0,1.18,9.5,15,0.1,-5.4,10.5,3.5,1.0,2,,False,,0,0,False,1563.2,13,15,596.0,4.13,,,,,0.8666666666666667,2.3454786544183723,1.918584929998394,False,False,False,9.5
247463344,8.79728,3243.0,0.249006,7,2577.39,44.10771,1510.11,3.15,430.0,0.56,9.5,2,7.9,-0.6,10.6,4.0,2.0,0,,False,,0,0,False,275.0,2,2,461.0,1.76,,,,,1.0,2.6293778824579936,1.198002014474739,False,False,False,9.5
206485185,10.2392,3938.0,0.60236,5,2602.13,49.57052,1421.3495,1.58,1081.0,2.16,9.5,2,5.1,1.2,10.6,4.5,2.0,0,,False,,0,0,False,538.4,2,2,1085.0,1.53,,,,,1.0,4.926292583786356,0.3207280065337917,False,False,False,9.5
268813663,11.7477,3332.0,0.276053,5,2547.31,33.12575,1683.384,0.6,5587.0,2.25,9.5,2,4.4,1.1,9.3,3.9,2.0,2,,False,,0,0,False,1373.6,2,2,4889.0,1.53,,,,,1.0,2.5601093444056646,0.2343649896482415,False,False,False,9.5
139526229,11.9765,3998.0,0.58284,5,2174.68,39.93961,2130.2217,2.4,3770.0,3.9,9.5,2,0.0,1.6,8.5,3.7,2.0,0,,False,,0,0,False,1387.5,2,2,3748.0,1.35,,,,,1.0,4.484449457690921,0.5351827515602727,False,False,False,9.5
386563542,12.2651,3366.0,0.331486,5,2553.69,22.198,1556.0698,1.5,3276.0,2.07,9.5,3,5.5,0.1,10.1,2.9,2.0,0,,False,,0,0,False,1781.5,3,3,1345.0,5.98,,,,,1.0,2.5309857720849993,0.5926544576204061,False,False,False,9.5
33937232,10.9272,3209.0,0.224818,4,2822.29,14.58106,1477.7368,3.6,1335.0,0.9,9.5,3,4.9,1.4,9.0,3.2,2.0,0,,False,,0,0,False,1221.9,3,3,1421.0,1.54,,,,,1.0,1.6983428988523879,2.119713281948309,False,False,False,9.5
382523882,11.8943,3471.0,0.437415,4,106.53,44.47189,4195.5813,0.5,7293.0,4.08,9.5,2,1.0,-0.2,9.5,4.3,1.0,0,,False,,0,0,False,1655.1,1,1,7563.0,1.0,,,,,1.0,3.8385388245229843,0.13025789834550783,False,False,False,9.5
318570818,11.0258,3606.0,0.573319,3,102.86,51.8123,4133.0248,3.0,2077.0,2.85,9.5,2,2.4,0.0,9.4,4.0,2.0,0,,False,,0,0,False,859.5,2,2,1958.0,1.18,,,,,1.0,4.837453547356363,0.6201609939261289,False,False,False,9.5
246861678,12.2851,3326.0,0.473678,2,2202.33,0.83501,2088.9329,0.9,1152.0,1.75,9.5,45,2.1,-4.0,11.7,3.4,1.0,0,,False,,0,0,False,2208.6,37,45,1110.0,3.57,,,,,0.8222222222222222,1.075872968180073,0.8365299869206897,False,False,False,9.5
466177968,12.1137,3511.0,0.462375,1,24.76,13.48248,4184.4544,2.34,3436.0,2.96,9.4,2,2.3,0.0,9.4,4.2,2.0,0,,False,,0,0,True,2427.3,2,2,3443.0,1.24,,,,,1.0,2.675846019317641,0.8744897812157052,False,False,False,9.4
245860141,10.7049,3921.0,0.611688,7,2607.68,44.52272,1468.8831,3.0,946.0,2.05,9.4,3,6.3,-1.5,9.2,3.3,2.0,1,,False,,0,0,False,708.9,2,3,1094.0,1.72,,,,,0.6666666666666666,4.802000091385998,0.624739679905777,False,False,False,9.4
267080591,12.3543,3956.0,0.588324,7,2168.03,38.88231,2059.4133,2.4,3415.0,3.75,9.4,3,5.7,0.7,10.9,4.2,2.0,0,,False,,0,0,False,2549.4,3,3,2242.0,2.82,,,,,1.0,4.4723593389947425,0.5366295098594316,False,False,False,9.4
206485185,10.2392,3938.0,0.60236,5,2602.13,38.55989,1421.3495,1.58,919.0,1.99,9.4,3,4.3,1.5,9.4,3.7,2.0,0,,False,,0,0,False,538.4,3,3,682.0,2.44,,,,,1.0,4.530620014621268,0.3487381406741255,False,False,False,9.4
178271163,10.4821,3770.0,0.533417,5,2879.65,45.34877,1421.3634,2.25,1114.0,1.94,9.4,2,0.0,0.1,9.4,3.7,2.0,0,,False,,0,0,False,605.4,2,2,1068.0,1.67,,,,,1.0,4.410028198463399,0.5102008193017847,False,False,False,9.4
341116983,11.1946,3284.0,0.306745,5,2547.29,18.6141,1660.7828,2.4,955.0,1.03,9.4,8,4.0,0.4,10.5,3.4,2.0,2,,False,,0,0,False,1035.5,7,7,706.0,4.41,,,,,1.0,2.26642126584071,1.0589381754277443,False,False,False,9.4
424881692,11.2482,3228.0,0.561349,5,2547.3,19.03767,1674.2782,3.6,1007.0,1.94,9.4,4,3.2,0.8,10.9,2.9,2.0,0,,False,,0,0,False,1023.5,4,4,566.0,4.61,,,,,1.0,3.416395918818264,1.0537420385530858,False,False,False,9.4
308984536,12.1623,3259.0,0.245879,5,2553.96,15.62302,1547.7338,0.62,3958.0,1.69,9.4,5,3.0,1.2,11.2,2.9,2.0,0,,False,,0,0,False,2027.3,5,5,1958.0,7.04,,,,,1.0,1.8447785873004983,0.33608369279007,False,False,False,9.4
386563542,12.2651,3366.0,0.331486,5,2553.69,22.46405,1547.562,1.58,3199.0,2.05,9.4,3,3.5,0.8,10.5,3.1,2.0,0,,False,,0,0,False,1781.5,3,3,1441.0,5.33,,,,,1.0,2.541057195286305,0.6217884441684041,False,False,False,9.4
382523882,11.8943,3471.0,0.437415,4,106.53,36.59307,4158.9927,0.5,6934.0,3.97,9.4,2,1.9,0.8,9.4,4.1,1.0,0,,False,,0,0,False,1655.1,1,1,7563.0,1.0,,,,,1.0,3.5969717266246435,0.13900581878334478,False,False,False,9.4
197591675,11.2348,3986.0,0.603452,3,2934.84,30.53476,1347.2203,3.0,1650.0,2.67,9.4,2,0.0,0.1,8.7,3.8,2.0,0,,False,,0,0,False,1073.9,2,2,1551.0,1.23,,,,,1.0,4.196639058195478,0.7148577607934614,False,False,False,9.4
4068716,11.2521,3312.0,0.29602,3,2607.62,32.41651,1441.107,1.58,2428.0,1.59,9.4,2,2.4,0.0,8.7,3.8,2.0,2,,False,,0,0,False,1080.9,2,2,2509.0,1.18,,,,,1.0,2.662835975130479,0.5933523561933176,False,False,False,9.4
4068716,11.2521,3312.0,0.29602,3,2607.62,36.02709,1444.0883,1.58,2020.0,1.45,9.4,3,3.6,-1.0,8.9,3.9,2.0,2,,False,,0,0,False,1080.9,3,3,1729.0,1.72,,,,,1.0,2.758240038443748,0.5728290424249901,False,False,False,9.4
439402367,12.0545,3445.0,0.307816,3,2602.13,20.30476,1395.8296,6.3,3527.0,1.99,9.4,2,1.8,3.5,9.6,3.6,1.0,0,,False,,0,0,False,2181.8,2,2,3714.0,1.14,,,,,1.0,2.3384874369159325,2.69404911078275,False,False,False,9.4
48543298,11.4259,3850.0,0.583861,2,2822.28,4.38357,1471.8487,6.3,766.0,1.76,9.4,10,2.1,-2.2,9.5,3.1,1.0,1,,False,,0,0,False,1830.0,10,10,519.0,3.66,,,,,1.0,2.149598022479777,2.930780515294817,False,False,False,9.4
63727253,12.3776,3729.0,0.393327,2,2202.32,0.93636,2088.5208,3.0,2604.0,2.19,9.4,45,0.2,0.2,10.9,3.7,1.0,0,,False,,0,0,False,10641.7,34,45,1539.0,7.07,,,,,0.7555555555555555,0.9874726703637816,3.0380587635856395,False,False,False,9.4
355767053,12.1769,3323.0,0.432961,11,2907.31,34.59674,1348.0103,2.34,2715.0,2.46,9.3,3,3.5,0.7,9.8,3.5,2.0,7,,False,,0,0,False,1997.3,3,3,1503.0,3.13,,,,,1.0,3.5063279904419162,0.6673648347726536,False,False,False,9.3
449046160,12.1106,2985.0,0.153296,9,2549.71,1.15936,1601.4908,0.75,752.0,0.46,9.3,174,0.6,-4.2,6.0,4.9,1.0,7,,False,,0,0,False,2253.4,133,173,704.0,6.07,,,,,0.7687861271676301,0.5657635273509574,1.3256421874907396,False,False,False,9.3
409700387,12.0628,3957.0,0.637247,8,2196.32,65.73258,2042.7905,0.5,5836.0,5.31,9.3,3,3.7,0.6,10.7,4.6,2.0,0,,False,,0,0,False,1878.8,3,3,2904.0,4.06,,,,,1.0,5.61919003826269,0.0889807955586758,False,False,False,9.3
339397736,12.1099,3242.0,0.474847,8,2547.28,2.72991,1658.6333,4.5,403.0,1.04,9.3,64,2.5,-0.5,9.6,3.2,1.0,5,,False,,0,0,False,1922.4,47,64,369.0,5.65,,,,,0.734375,1.599411457748822,2.8135349276125403,False,False,False,9.3
456892725,10.5767,3802.0,0.587124,7,2607.68,36.33703,1463.3644,1.5,843.0,1.86,9.3,6,5.8,0.1,12.2,3.6,2.0,1,,False,,0,0,False,668.2,6,6,464.0,6.35,,,,,1.0,4.366612552020616,0.34351570745746307,False,False,False,9.3
393001368,10.8968,3543.0,0.410113,6,2549.86,38.03328,1628.0988,4.5,1694.0,1.84,9.3,2,0.7,1.2,9.5,4.6,1.0,0,,False,,0,0,False,1397.3,2,2,1714.0,1.07,,,,,1.0,3.4903199928273745,1.2892800686606165,False,False,False,9.3
231888176,10.8214,3366.0,0.310152,5,2575.19,17.98178,1630.3306,1.5,1274.0,1.21,9.3,7,4.3,-0.1,11.3,2.9,2.0,6,,False,,0,0,False,1051.3,7,7,973.0,5.46,,,,,1.0,2.2570208863188017,0.6645928751002824,False,False,False,9.3
20325775,12.0132,3066.0,0.207213,5,2554.51,2.64309,1546.3512,6.3,380.0,0.44,9.3,43,0.4,-2.8,6.8,3.3,1.0,0,,False,,0,0,False,1551.9,36,43,343.0,4.06,,,,,0.8372093023255814,0.9103120189969729,6.920703965813451,False,False,False,9.3
386563542,12.2651,3366.0,0.331486,5,2553.69,23.13216,1549.3198,1.5,2651.0,1.86,9.3,5,3.5,-0.2,10.8,3.3,2.0,0,,False,,0,0,False,1781.5,5,5,1305.0,5.77,,,,,1.0,2.5660029458115794,0.5845667490165635,False,False,False,9.3
299120888,11.0217,3904.0,0.617111,3,2602.13,41.14393,1416.5108,4.8,1724.0,2.8,9.3,2,1.6,0.3,6.9,4.5,2.0,1,,False,,0,0,False,861.7,2,2,1815.0,1.24,,,,,1.0,4.704921806053795,1.0202082410432132,False,False,False,9.3
358108300,12.3629,3411.0,0.542359,11,2720.37,72.59962,1374.1096,2.04,3651.0,3.58,9.2,2,2.4,-0.2,8.5,3.7,2.0,3,,False,,0,0,False,2134.7,2,2,3368.0,1.29,,,,,1.0,5.216481170374333,0.3910682188571209,False,False,False,9.2
238809900,12.4612,3774.0,0.534938,7,2167.98,90.13079,2080.527,3.0,3484.0,3.44,9.2,2,0.9,2.2,10.8,5.1,2.0,1,,False,,0,0,False,2270.9,2,2,3462.0,1.1,,,,,1.0,5.555224992520307,0.5400321326389614,False,False,False,9.2
341116983,11.1946,3284.0,0.306745,5,2547.29,21.98945,1658.314,2.1,1015.0,1.07,9.2,6,6.4,1.7,10.4,3.3,2.0,2,,False,,0,0,False,1035.5,6,6,457.0,7.03,,,,,1.0,2.3958782478167295,0.8765053073601082,False,False,False,9.2
139526229,11.9765,3998.0,0.58284,5,2174.68,26.626,2130.2561,2.25,3907.0,3.97,9.2,2,0.0,0.8,8.3,3.5,2.0,0,,False,,0,0,False,1387.5,2,2,3800.0,1.36,,,,,1.0,3.917507497025946,0.5743447847153151,False,False,False,9.2
301083701,11.2631,3462.0,0.540374,2,1871.43,0.69832,2174.5456,6.3,191.0,0.81,9.2,95,0.7,2.7,7.9,3.6,1.0,1,,False,,0,0,False,1046.7,65,95,77.0,10.95,,,,,0.6842105263157895,1.106681756583329,5.692693461804287,False,False,False,9.2
79019928,11.2932,3499.0,0.429577,2,53.11,21.33639,4183.1831,1.12,3604.0,2.81,9.2,2,0.0,0.5,9.2,3.8,1.0,0,,False,,0,0,False,1634.6,2,2,3894.0,1.6,,,,,1.0,2.9689937830438295,0.37723218094844563,False,False,False,9.2
128082634,12.0531,3770.0,0.584621,2,1816.77,14.45484,2345.9809,6.0,3514.0,3.78,9.2,2,1.6,2.5,8.8,2.7,2.0,0,,False,,0,0,False,3407.6,2,2,3283.0,1.19,,,,,1.0,3.202302329530709,1.8736519486838359,False,False,False,9.2
256097445,10.2304,3470.0,0.374096,9,2548.24,53.85801,1674.7759,1.17,1642.0,1.65,9.1,2,5.2,0.3,10.8,4.7,2.0,0,,False,,0,0,False,743.3,2,2,1588.0,1.6,,,,,1.0,3.686496036120545,0.3173745444281666,False,False,False,9.1
401703809,12.4121,3680.0,0.422961,6,2114.81,42.85831,2054.8525,3.0,6129.0,3.61,9.1,2,0.0,-1.6,9.6,4.6,2.0,0,,False,,0,0,False,4294.1,2,2,6154.0,1.19,,,,,1.0,3.707548640891025,0.809159984285201,False,False,False,9.1
206485185,10.2392,3938.0,0.60236,5,2602.13,46.50868,1421.3448,1.8,715.0,1.76,9.1,4,6.3,1.0,9.7,3.9,2.0,0,,False,,0,0,False,538.4,4,4,529.0,3.15,,,,,1.0,4.822701493890099,0.3732347942912137,False,False,False,9.1
201662069,12.2604,3853.0,0.552619,4,2168.04,14.50258,2045.4544,3.0,2019.0,2.71,9.1,6,4.2,0.3,13.0,3.5,2.0,0,,False,,0,0,False,2017.5,6,6,775.0,7.28,,,,,1.0,3.0877390651385292,0.9715846892215962,False,False,False,9.1
395326726,10.9082,3646.0,0.501605,3,2497.87,15.33575,1609.6381,3.15,1151.0,1.86,9.1,3,5.2,-0.7,9.2,3.1,2.0,0,,False,,0,0,False,831.7,3,3,1017.0,1.83,,,,,1.0,2.9490663158517143,1.0681346781075196,False,False,False,9.1
423238651,10.9694,3919.0,0.587523,3,2140.92,3.18644,2037.3655,7.2,274.0,1.06,9.1,20,1.6,-2.2,7.5,3.1,1.0,0,,False,,0,0,False,955.5,19,20,240.0,3.14,,,,,0.95,1.940856639536111,3.7097021249961513,False,False,False,9.1
197591675,11.2348,3986.0,0.603452,3,2934.84,29.59033,1347.2203,3.0,1609.0,2.64,9.1,2,1.4,0.9,8.9,3.9,2.0,0,,False,,0,0,False,1073.9,2,2,1513.0,1.22,,,,,1.0,4.152918269914663,0.7223835878815997,False,False,False,9.1
197591675,11.2348,3986.0,0.603452,3,2934.84,22.60093,1347.2078,2.4,1790.0,2.79,9.1,2,1.5,-0.8,8.5,3.6,1.0,0,,False,,0,0,False,1073.9,2,2,1676.0,1.24,,,,,1.0,3.796169114199452,0.6322163022250181,False,False,False,9.1
197591675,11.2348,3986.0,0.603452,3,2934.84,33.37555,1347.2203,3.0,1597.0,2.63,9.1,2,0.0,0.5,8.8,3.9,2.0,0,,False,,0,0,False,1073.9,2,2,1503.0,1.21,,,,,1.0,4.322943821851907,0.6939715443063124,False,False,False,9.1
143951327,11.2772,3843.0,0.573226,3,2170.75,50.51516,2071.6876,6.0,1217.0,2.18,9.1,2,0.0,0.0,7.6,3.6,2.0,0,,False,,0,0,False,1044.6,2,2,1207.0,1.07,,,,,1.0,4.79622400879994,1.2509841052026376,False,False,False,9.1
439402367,12.0545,3445.0,0.307816,3,2602.13,23.75141,1395.1921,2.1,2509.0,1.68,9.1,3,3.3,0.0,9.4,3.4,1.0,0,,False,,0,0,False,2181.8,3,3,2654.0,1.51,,,,,1.0,2.463951867433247,0.8522893761669202,False,False,False,9.1
24926306,11.5537,3651.0,0.475542,2,2602.13,23.47844,1408.222,0.75,4944.0,3.65,9.1,2,4.4,-0.3,9.1,4.2,1.0,0,,False,,0,0,False,1754.4,2,2,6200.0,1.47,,,,,1.0,3.2801267536553955,0.22864970055324688,False,False,False,9.1
423211395,11.9417,3367.0,0.318649,9,2520.19,0.77474,1657.3655,1.56,304.0,0.61,9.0,259,0.5,8.6,6.5,4.7,1.0,5,"00423211395-01(1:2,ntoi=1);00423211395-01(1:2,ntoi=1);00423211395-02(1:2,ntoi=3);00423211395-03(1:2,ntoi=3);00423211395-01(1:2,ntoi=3)",True,,0,0,False,1510.5,175,258,286.0,6.46,,,,,0.6782945736434108,0.8056294378592387,1.9363741277197055,False,False,False,9.0
247463344,8.79728,3243.0,0.249006,7,2577.39,34.66352,1493.8162,3.15,411.0,0.55,9.0,2,8.8,-0.1,10.0,3.5,2.0,0,,False,,0,0,False,275.0,2,2,456.0,1.86,,,,,1.0,2.4264558261896774,1.298189716046272,False,False,False,9.0
201793372,11.0664,3321.0,0.309874,7,2633.96,0.607,1354.6676,3.0,123.0,0.37,9.0,282,0.0,-1.3,6.4,5.4,1.0,0,,False,,0,0,False,830.1,193,282,104.0,7.16,,,,,0.6843971631205674,0.7290007076410314,4.115222342798103,False,False,False,9.0
401703809,12.4121,3680.0,0.422961,6,2114.81,12.3549,2036.94,4.8,2112.0,2.12,9.0,11,6.3,1.3,9.2,4.3,2.0,0,,False,,0,0,False,4294.1,9,11,1455.0,4.57,,,,,0.8181818181818182,2.449184985389491,1.95983563047879,False,False,False,9.0
44678687,10.9337,3349.0,0.282376,5,2879.66,50.69556,1421.3758,4.2,1540.0,1.21,9.0,2,0.0,0.7,8.4,4.2,2.0,0,,False,,0,0,False,784.2,1,1,1517.0,1.0,,,,,1.0,2.995137676384155,1.4022727679985654,False,False,False,9.0
243472478,9.91546,3957.0,0.635355,4,1817.18,49.42255,2366.8652,2.25,1014.0,2.21,9.0,2,0.0,0.7,7.9,4.0,2.0,0,,False,,0,0,False,628.2,2,2,996.0,1.34,,,,,1.0,5.099500576007982,0.44121967758681124,False,False,False,9.0
143043428,11.356,3734.0,0.57457,4,2146.05,16.72858,2149.8286,3.15,919.0,1.9,9.0,7,3.7,2.3,8.6,3.4,2.0,0,,False,,0,0,False,1568.6,5,7,711.0,5.05,,,,,0.7142857142857143,3.323456133356705,0.9478085082526684,False,False,False,9.0
4068716,11.2521,3312.0,0.29602,3,2607.62,34.94168,1451.2648,1.8,2452.0,1.6,9.0,2,0.0,0.0,8.7,3.8,2.0,2,,False,,0,0,False,1080.9,2,2,2155.0,1.32,,,,,1.0,2.730257387635937,0.659278501782052,False,False,False,9.0
278514473,11.3861,3844.0,0.583626,2,2196.33,0.99242,2036.6349,4.5,307.0,1.11,9.0,47,1.3,-0.1,10.9,4.5,1.0,0,,False,,0,0,False,1120.9,34,47,157.0,9.16,,,,,0.723404255319149,1.3097745597603196,3.435705760557352,False,False,False,9.0
125877373,12.2598,3564.0,0.47128,2,2549.69,3.76919,1601.8504,3.6,1496.0,1.99,9.0,10,3.2,-0.1,8.5,3.3,2.0,0,,False,,0,0,False,2815.2,9,10,1091.0,3.97,,,,,0.9,1.7720541027981835,2.0315406816955397,False,False,False,9.0
307218058,10.3363,3868.0,0.53022,8,2691.55,92.65216,1442.6782,4.2,600.0,1.42,8.9,3,5.0,-0.9,9.5,5.2,2.0,0,,False,,0,0,False,607.0,3,3,530.0,1.95,,,,,1.0,5.573536895944236,0.7535609933893621,False,False,False,8.9
467939527,11.8663,3180.0,0.314669,8,2520.13,26.92739,1661.7953,4.2,1506.0,1.33,8.9,5,3.9,1.5,27.2,3.9,2.0,1,,False,,0,0,True,2895.6,5,5,800.0,30.16,,,,,1.0,2.60720804461041,1.610918625647152,False,False,False,8.9
467939527,11.8663,3180.0,0.314669,8,2520.13,27.14753,1682.9828,2.4,3183.0,1.94,8.9,2,0.0,-0.2,26.6,3.8,2.0,1,,False,,0,0,True,2895.6,2,2,14846.0,1.96,,,,,1.0,2.614293689467018,0.9180299863284653,False,False,False,8.9
209451163,10.4999,3827.0,0.563785,6,2174.68,32.39337,2133.071,2.4,667.0,1.59,8.9,5,5.3,-2.8,10.1,4.0,2.0,0,,False,,0,0,False,656.2,5,5,377.0,3.82,,,,,1.0,4.090433618850796,0.5867348608078079,False,False,False,8.9
41862291,12.4293,3412.0,0.395788,6,2936.46,1.83099,1354.8188,7.2,358.0,0.82,8.9,73,0.8,9.9,5.8,3.1,0.5,0,,False,,0,0,False,1913.1,64,73,314.0,6.84,,,,,0.8767123287671232,1.239972442001294,5.806580659469597,False,False,False,8.9
65483825,10.7712,3395.0,0.529214,5,2879.66,41.49515,1418.6125,1.12,3384.0,3.36,8.9,2,0.2,-1.4,8.9,4.7,1.0,0,,False,,0,0,False,1141.2,1,1,3463.0,1.0,,,,,1.0,4.258875619946675,0.26298020885005874,False,False,False,8.9
406323142,11.7913,3949.0,0.551498,5,131.14,52.05112,4145.9116,4.2,1876.0,2.61,8.9,2,2.9,-1.1,9.4,6.0,1.0,0,,False,,0,0,False,1251.6,2,2,1928.0,1.36,,,,,1.0,4.7211479977302115,0.8896141366505003,False,False,False,8.9
287301013,9.39388,3713.0,0.62031,4,2554.87,0.5354,1544.7255,4.5,57.0,0.51,8.9,175,0.9,-0.5,11.4,4.1,1.0,0,,False,,0,0,False,381.2,115,174,36.0,10.27,,,,,0.6609195402298851,1.1104702752103346,4.052337194840855,False,False,False,8.9
178320743,12.2987,3636.0,0.515865,4,2879.66,3.00897,1412.3073,6.3,538.0,1.31,8.9,30,0.1,0.8,9.3,4.4,1.0,0,,False,,0,0,False,1982.1,23,30,211.0,11.01,,,,,0.7666666666666667,1.7459760767996941,3.608296862547884,False,False,False,8.9
270410803,12.4185,3672.0,0.487402,4,2906.03,19.95241,1361.6476,0.75,9638.0,5.22,8.9,2,0.0,-0.6,8.1,3.2,2.0,0,,False,,0,0,False,2954.6,2,2,7923.0,1.61,,,,,1.0,3.158384154420408,0.23746319742337735,False,False,False,8.9
395326726,10.9082,3646.0,0.501605,3,2497.87,16.12451,1610.885,4.5,997.0,1.73,8.9,3,6.0,-1.0,9.0,2.9,2.0,0,,False,,0,0,False,831.7,3,3,940.0,1.96,,,,,1.0,2.998783002893787,1.5006087455002772,False,False,False,8.9
318570818,11.0258,3606.0,0.573319,3,102.86,20.26084,4112.7623,3.0,2381.0,3.05,8.9,2,1.3,-0.4,8.9,3.7,1.0,0,,False,,0,0,False,859.5,2,2,1971.0,1.18,,,,,1.0,3.5374610456566455,0.8480658758584637,False,False,False,8.9
124983670,10.544,3638.0,0.516472,2,2088.83,21.65465,2208.9618,2.1,1123.0,1.89,8.9,3,4.3,1.7,8.5,3.4,2.0,0,,False,,0,0,False,988.2,3,3,1007.0,1.98,,,,,1.0,3.3735711292640578,0.6224857634639865,False,False,False,8.9
47489401,12.3948,3527.0,0.625574,2,810.08,23.19949,3253.4139,1.8,5193.0,4.92,8.9,2,0.0,0.0,9.2,4.0,1.0,1,,False,,0,0,False,2155.3,2,2,3687.0,1.57,,,,,1.0,3.9224152330054527,0.4589009304404508,False,False,False,8.9
219938265,11.6383,3769.0,0.606751,1,24.97,6.58501,4185.0664,1.53,3752.0,4.05,8.8,2,0.0,0.3,8.8,4.8,1.0,0,,False,,0,0,False,1754.6,2,2,3478.0,1.03,,,,,1.0,2.5258105571818343,0.6057461418274745,False,False,False,8.8
358108300,12.3629,3411.0,0.542359,11,2720.37,43.16078,1325.9984,4.5,1373.0,2.19,8.8,7,4.2,2.3,9.4,3.0,2.0,3,,False,,0,0,False,2134.7,7,7,972.0,3.78,,,,,1.0,4.386276009057172,1.0259272309147898,False,False,False,8.8
115349383,11.2769,3717.0,0.510855,7,2904.61,78.839,1420.6595,1.2,3264.0,3.18,8.8,3,5.4,-0.7,11.0,4.6,2.0,0,,False,,0,0,False,1685.3,2,2,3262.0,1.6,,,,,1.0,5.152133352138566,0.23291322603323136,False,False,False,8.8
424881692,11.2482,3228.0,0.561349,5,2547.3,16.19821,1666.2532,3.0,1174.0,2.1,8.8,3,3.5,1.1,12.1,3.5,2.0,0,,False,,0,0,False,1023.5,3,3,526.0,5.41,,,,,1.0,3.237322292906945,0.9266917929589759,False,False,False,8.8
435929135,11.5483,3541.0,0.503725,5,2607.68,26.9142,1463.4238,0.75,2973.0,3.0,8.8,3,4.7,-2.4,10.3,2.9,2.0,6,,False,,0,0,True,1332.8,3,3,2236.0,2.85,,,,,1.0,3.5672300912064725,0.21024716119344647,False,False,False,8.8
169304560,9.33302,3378.0,0.298027,4,2852.57,19.14685,1454.2978,0.5,684.0,0.85,8.8,6,3.2,-0.9,10.7,3.2,2.0,0,,False,,0,0,False,376.2,6,6,285.0,8.46,,,,,1.0,2.244283998958675,0.22278820337889274,False,False,False,8.8
140122311,10.7275,3829.0,0.540982,4,2879.66,23.41332,1421.3128,2.4,1355.0,2.17,8.8,2,0.0,-0.1,5.9,3.8,2.0,0,,False,,0,0,False,775.1,2,2,1607.0,1.67,,,,,1.0,3.5712301358827143,0.6720373397069754,False,False,False,8.8
365779699,9.92544,3322.0,0.25667,3,2577.37,28.47332,1490.1123,3.6,942.0,0.86,8.8,2,1.1,-1.3,8.9,4.6,2.0,0,,False,,0,0,False,485.6,2,2,818.0,1.25,,,,,1.0,2.318841534606153,1.5524993606824655,False,False,False,8.8
33625968,11.8812,3984.0,0.612938,3,2174.68,44.32221,2136.8097,3.0,2047.0,3.03,8.8,2,1.2,-1.7,7.7,3.3,2.0,0,,False,,0,0,False,1555.5,2,2,2017.0,1.15,,,,,1.0,4.801310518847526,0.6248294061014199,False,False,False,8.8
48543298,11.4259,3850.0,0.583861,2,2822.28,4.22694,1470.4612,6.3,703.0,1.69,8.8,10,1.5,-2.2,9.4,3.1,1.0,1,,False,,0,0,False,1830.0,10,10,572.0,3.11,,,,,1.0,2.123684348275413,2.9665425585097243,False,False,False,8.8
466177968,12.1137,3511.0,0.462375,1,24.76,15.47221,4182.4444,3.06,2723.0,2.63,8.7,2,3.4,2.0,8.4,3.4,2.0,0,,False,,0,0,False,2427.3,2,2,2724.0,1.39,,,,,1.0,2.801487188190133,1.0922769923416555,False,False,False,8.7
247463344,8.79728,3243.0,0.249006,7,2577.39,37.45738,1477.1475,3.15,315.0,0.48,8.7,3,9.0,2.0,10.3,3.7,2.0,0,,False,,0,0,False,275.0,3,3,110.0,7.38,,,,,1.0,2.4899691570658185,1.2650759111056469,False,False,False,8.7
152970468,9.78832,3751.0,0.485889,7,2874.19,4.79218,1388.0712,1.12,238.0,0.82,8.7,37,0.8,-4.8,5.8,3.5,1.0,3,,False,,0,0,False,507.3,27,37,227.0,5.75,,,,,0.7297297297297297,1.9591937180760999,0.5716637357840367,False,False,False,8.7
393001368,10.8968,3543.0,0.410113,6,2549.86,67.85756,1616.6145,3.15,2005.0,2.0,8.7,2,2.8,2.1,8.6,3.8,2.0,0,,False,,0,0,False,1397.3,2,2,1941.0,1.34,,,,,1.0,4.233277430448153,0.7441043143885157,False,False,False,8.7
231019115,11.0956,3564.0,0.471878,6,2878.5,32.72652,1378.7805,4.5,976.0,1.61,8.7,4,6.3,1.4,9.9,3.6,2.0,1,,False,,0,0,False,839.2,3,3,209.0,9.02,,,,,1.0,3.6452561915369524,1.2344811348095293,False,False,False,8.7
65483825,10.7712,3395.0,0.529214,5,2879.66,39.71196,1420.7313,1.58,2921.0,3.12,8.7,2,1.4,0.7,8.6,4.4,1.0,0,,False,,0,0,False,1141.2,2,2,2617.0,1.24,,,,,1.0,4.196974055861173,0.37646170287697944,False,False,False,8.7
248376572,11.9633,3504.0,0.375921,5,2602.13,18.27042,1395.9735,2.4,2034.0,1.85,8.7,3,5.2,4.2,10.1,4.0,2.0,3,,False,,0,0,False,1508.6,3,3,1372.0,2.7,,,,,1.0,2.5794207899350106,0.9304414422667613,False,False,False,8.7
306344182,10.8053,3554.0,0.54177,4,2904.62,1.99647,1386.6233,4.2,195.0,0.83,8.7,50,1.8,1.8,11.4,4.5,1.0,2,,False,,0,0,False,795.8,32,50,110.0,8.5,,,,,0.64,1.573400167439583,2.6693781320963765,False,False,False,8.7
218925860,11.9872,3734.0,0.549727,3,2196.33,22.03478,2037.61,2.1,3347.0,3.47,8.7,2,6.7,0.5,8.5,3.6,2.0,1,,False,,0,0,False,1940.8,2,2,3671.0,1.71,,,,,1.0,3.5373327280326654,0.5936676477612393,False,False,False,8.7
148612264,12.2802,3273.0,0.299788,3,2554.6,23.3849,1545.1941,3.6,3022.0,1.8,8.7,2,1.8,0.6,7.0,3.8,2.0,0,,False,,0,0,False,1815.5,2,2,3475.0,1.22,,,,,1.0,2.40840560682884,1.4947648310535775,False,False,False,8.7
89240252,12.3128,3110.0,0.368542,3,2879.66,20.65108,1419.0009,1.8,3811.0,2.48,8.7,2,2.1,-0.2,8.4,3.3,1.0,0,,False,,0,0,False,2138.4,2,2,3786.0,1.25,,,,,1.0,2.651635812899793,0.6788262517964503,False,False,False,8.7
124983670,10.544,3638.0,0.516472,2,2088.83,23.86352,2213.8806,2.4,1538.0,2.21,8.7,2,2.4,-0.4,8.5,3.5,2.0,0,,False,,0,0,False,988.2,2,2,1312.0,1.39,,,,,1.0,3.4845843631697977,0.6887478533642987,False,False,False,8.7
24926306,11.5537,3651.0,0.475542,2,2602.13,0.79087,1386.1855,4.8,298.0,0.9,8.7,77,1.2,0.6,8.6,3.7,1.0,0,,False,,0,0,False,1754.4,54,77,242.0,6.96,,,,,0.7012987012987013,1.0593413253109907,4.5311174833955095,False,False,False,8.7
49066805,11.6718,3798.0,0.542293,2,52.64,18.08021,4062.6572,3.15,3102.0,3.3,8.7,2,2.1,1.2,8.9,4.4,1.0,0,,False,,1,1,False,1846.3,2,2,2830.0,1.27,,,,,1.0,3.281699290806085,0.9598685683435255,True,False,False,8.7
219229275,11.5831,3371.0,0.513173,7,2602.13,68.07592,1405.7445,3.0,1751.0,2.34,8.6,2,1.3,-0.9,7.6,3.4,2.0,6,,False,,0,0,False,1164.4,2,2,1793.0,1.14,,,,,1.0,4.9209467559231115,0.6096387847295932,False,False,False,8.6
245865916,12.401,3244.0,0.376803,6,2607.68,47.36055,1450.2362,3.15,3143.0,2.3,8.6,2,0.0,-1.1,8.6,4.3,2.0,5,,False,,0,0,False,2300.5,2,2,3105.0,1.25,,,,,1.0,3.5488701376255527,0.8876064431333559,False,False,False,8.6
231888176,10.8214,3366.0,0.310152,5,2575.19,16.70682,1640.2728,1.58,1907.0,1.48,8.6,3,8.6,1.6,13.0,3.7,2.0,6,,False,,0,0,False,1051.3,3,3,935.0,5.11,,,,,1.0,2.2023649286395672,0.7174106250302438,False,False,False,8.6
231888176,10.8214,3366.0,0.310152,5,2575.19,10.64661,1635.9181,2.25,785.0,0.95,8.6,10,3.7,1.5,12.9,3.7,2.0,6,,False,,0,0,False,1051.3,10,10,424.0,11.28,,,,,1.0,1.8952294658122328,1.1871913351852221,False,False,False,8.6
406323142,11.7913,3949.0,0.551498,5,131.14,59.75884,4138.1772,3.15,2200.0,2.82,8.6,2,2.0,-1.7,8.6,5.2,1.0,0,,False,,0,0,False,1251.6,2,2,2096.0,1.25,,,,,1.0,4.943542909173234,0.6371948333157709,False,False,False,8.6
126603751,11.8704,3474.0,0.494142,4,1105.96,20.53387,3136.8215,0.5,7756.0,4.75,8.6,2,1.6,0.2,8.5,4.3,1.0,0,,False,,0,0,False,1430.3,1,1,9656.0,1.0,,,,,1.0,3.2181015352424334,0.15537110763111234,False,False,False,8.6
406430692,11.157,3839.0,0.619647,2,1872.12,21.63194,2137.0227,2.4,1853.0,2.91,8.6,2,0.0,-0.9,7.8,3.5,2.0,0,,False,,0,0,False,880.1,2,2,1600.0,1.28,,,,,1.0,3.8077610302800036,0.6302916545746349,False,False,False,8.6
262820393,12.0137,3577.0,0.447588,2,1872.19,19.53852,2118.8573,2.25,2328.0,2.36,8.6,3,4.1,-1.2,9.5,3.2,2.0,1,,False,,0,0,False,1662.7,3,3,1348.0,3.51,,,,,1.0,2.9631784385927484,0.7593197799686184,False,False,False,8.6
197591673,12.1548,3484.0,0.48255,2,53.63,16.79445,4217.4806,4.2,3633.0,3.17,8.6,2,0.0,0.1,8.9,4.2,1.0,0,,False,,0,0,False,2657.1,2,2,3454.0,1.1,,,,,1.0,2.96227315290563,1.4178300862904254,False,False,False,8.6
307218058,10.3363,3868.0,0.53022,8,2691.55,90.58176,1444.7407,3.6,685.0,1.51,8.5,3,4.8,2.0,8.8,4.5,2.0,0,,False,,0,0,False,607.0,3,3,602.0,1.78,,,,,1.0,5.531708451007104,0.6507935173887524,False,False,False,8.5
62020444,9.38922,3158.0,0.21187,6,2575.57,43.867,1697.557,0.75,1005.0,0.73,8.5,2,0.0,1.6,8.6,3.9,2.0,1,,False,,0,0,False,390.7,2,2,962.0,1.41,,,,,1.0,2.35667982157636,0.31824433388593804,False,False,False,8.5
355509155,11.6867,3286.0,0.390586,6,2878.5,2.50917,1356.0747,3.6,337.0,0.78,8.5,52,0.6,2.5,12.0,4.4,1.0,5,,False,,0,0,False,1390.4,39,52,287.0,6.72,,,,,0.75,1.3651994496640438,2.636977330225198,False,False,False,8.5
299120888,11.0217,3904.0,0.617111,3,2602.13,25.36096,1405.9733,4.5,653.0,1.72,8.5,5,6.8,0.8,8.7,4.5,2.0,1,,False,,0,0,False,861.7,5,5,735.0,3.07,,,,,1.0,4.004107379326866,1.12384598455911,False,False,False,8.5
448808985,10.8796,3474.0,0.480913,2,2607.61,26.92004,1463.6843,6.0,1289.0,1.88,8.5,2,0.0,0.0,7.8,3.9,2.0,0,,False,,0,0,True,821.6,2,2,1143.0,1.16,,,,,1.0,3.4589520292419498,1.7346294337926786,False,False,False,8.5
448808985,10.8796,3474.0,0.480913,2,2607.61,28.43246,1463.6843,6.0,1289.0,1.88,8.5,2,0.5,-1.2,7.8,3.9,2.0,0,,False,,0,0,False,821.6,2,2,1143.0,1.16,,,,,1.0,3.5225523090581095,1.7033104049501913,False,False,False,8.5
25003158,11.7144,3212.0,0.225864,2,1872.19,3.05957,2116.635,3.6,527.0,0.57,8.5,22,0.4,-0.8,8.2,4.8,1.0,1,,False,,0,0,False,1304.0,20,22,420.0,3.24,,,,,0.9090909090909091,1.0123400890259828,3.5561171971997267,False,False,False,8.5
150249543,11.8487,3740.0,0.571884,12,1926.17,50.63177,2085.9758,6.12,779.0,1.74,8.4,6,4.6,0.7,8.7,3.9,2.0,4,,False,,0,0,False,1446.1,5,6,224.0,10.99,,,,,0.8333333333333334,4.79241730917485,1.2770173390959836,False,False,False,8.4
307218058,10.3363,3868.0,0.53022,8,2691.55,60.0093,1355.3282,3.0,653.0,1.48,8.4,3,3.8,0.2,8.6,4.3,2.0,0,,False,,0,0,False,607.0,3,3,455.0,2.3,,,,,1.0,4.8222740148311285,0.6221131339225768,False,False,False,8.4
403956193,11.4952,3292.0,0.322928,7,2553.94,0.51184,1571.6014,1.8,203.0,0.5,8.4,292,1.0,-7.4,9.0,6.4,1.0,0,,False,,0,0,False,1221.3,200,292,170.0,9.19,,,,,0.684931506849315,0.7079297609207886,2.542625129446147,False,False,False,8.4
33549589,11.497,3347.0,0.296142,6,2822.27,29.32797,1494.8062,1.58,4002.0,2.04,8.4,2,2.5,-1.5,9.4,4.9,2.0,0,,False,,0,0,False,1275.7,2,2,2897.0,1.6,,,,,1.0,2.5761370589676025,0.6133214048142266,False,False,False,8.4
355509155,11.6867,3286.0,0.390586,6,2878.5,0.63423,1354.7435,4.5,173.0,0.56,8.4,211,1.2,-1.0,10.5,3.4,1.0,5,,False,,0,0,False,1390.4,131,210,113.0,14.35,,,,,0.6238095238095238,0.8631805967593865,5.213277519089536,False,False,False,8.4
178271163,10.4821,3770.0,0.533417,5,2879.65,31.63089,1421.3822,3.6,500.0,1.3,8.4,5,4.4,0.3,9.0,3.4,2.0,0,,False,,0,0,False,605.4,5,5,247.0,5.75,,,,,1.0,3.9110196653091758,0.9204760671320764,False,False,False,8.4
44678687,10.9337,3349.0,0.282376,5,2879.66,32.6567,1421.4102,3.15,1111.0,1.03,8.4,2,3.3,1.3,8.4,4.1,2.0,0,,False,,0,0,False,784.2,2,2,1081.0,1.4,,,,,1.0,2.586728893812029,1.2177542097803242,False,False,False,8.4
200230413,11.98,3063.0,0.23142,5,2547.28,0.98562,1657.6027,4.5,296.0,0.43,8.4,106,0.0,-3.6,6.1,2.7,0.5,0,,False,,0,0,False,1709.7,72,106,208.0,6.38,,,,,0.6792452830188679,0.7053078584066487,6.380192629876389,False,False,False,8.4
290521044,12.2374,3365.0,0.30844,4,2196.33,5.12294,2041.4535,4.2,800.0,0.95,8.4,19,0.5,0.9,8.5,3.3,1.0,0,,False,,0,0,False,2419.1,16,19,791.0,3.35,,,,,0.8421052631578947,1.479659704357163,2.838490490504157,False,False,False,8.4
197644539,12.3976,3186.0,0.314253,4,2934.84,13.32092,1335.1298,2.25,1940.0,1.51,8.4,7,3.6,0.8,12.5,3.2,2.0,1,,False,,0,0,False,2111.6,7,7,1014.0,6.22,,,,,1.0,2.060183900246148,1.092135512626408,False,False,False,8.4
448808985,10.8796,3474.0,0.480913,2,2607.61,12.977,1450.6843,4.8,1331.0,1.91,8.4,2,0.6,-2.4,7.8,3.9,0.5,0,,False,,0,0,False,821.6,2,2,1171.0,1.18,,,,,1.0,2.712131483903551,1.7698256992656547,False,False,False,8.4
24926308,11.2662,3555.0,0.531492,2,2602.12,0.74371,1386.498,3.0,261.0,0.94,8.4,82,1.0,1.9,8.8,3.9,1.0,0,,False,,0,0,False,1433.1,56,81,251.0,4.84,,,,,0.691358024691358,1.1177396463291842,2.6839881808365895,False,False,False,8.4
49066805,11.6718,3798.0,0.542293,2,52.64,18.54706,4061.7041,2.1,2866.0,3.17,8.4,2,3.9,1.8,8.4,3.9,1.0,0,,False,,1,1,False,1846.3,2,2,2985.0,1.45,,,,,1.0,3.3097052487280383,0.6344975888130995,True,False,False,8.4
284041308,12.2218,3551.0,0.387684,2,52.28,17.17413,4052.8058,3.6,3948.0,2.66,8.4,2,0.2,0.1,8.3,5.1,1.0,0,,False,,0,0,False,2246.0,2,2,3876.0,1.02,,,,,1.0,2.5792006396740703,1.3957812915457894,False,False,False,8.4
358108300,12.3629,3411.0,0.542359,11,2720.37,89.39061,1409.6571,4.08,2596.0,3.01,8.3,2,4.5,0.6,8.7,3.8,2.0,3,,False,,0,0,False,2134.7,2,2,2449.0,1.58,,,,,1.0,5.591094446184934,0.7297319047765282,False,False,False,8.3
245860141,10.7049,3921.0,0.611688,7,2607.68,38.44113,1455.0331,4.2,601.0,1.64,8.3,4,4.7,-2.1,11.1,4.6,2.0,1,,False,,0,0,False,708.9,4,4,367.0,4.26,,,,,1.0,4.57256951181879,0.9185207549375021,False,False,False,8.3
255780375,11.1224,3581.0,0.555534,7,2577.39,62.33839,1473.0778,4.8,1064.0,1.98,8.3,4,3.1,0.5,9.2,4.0,2.0,0,,False,,0,0,False,1407.9,4,4,655.0,3.81,,,,,1.0,5.038105418520722,0.9527390956041896,False,False,False,8.3
255780375,11.1224,3581.0,0.555534,7,2577.39,35.98447,1499.4278,4.8,1079.0,1.99,8.3,4,5.2,1.0,9.3,4.2,2.0,0,,False,,0,0,False,1407.9,4,4,686.0,3.76,,,,,1.0,4.19488854873203,1.1442497087201218,False,False,False,8.3
267080591,12.3543,3956.0,0.588324,7,2168.03,49.11992,2081.2289,2.25,3035.0,3.54,8.3,3,5.2,-2.2,6.3,3.9,2.0,0,,False,,0,0,False,2549.4,3,3,2053.0,2.99,,,,,1.0,4.834726240666997,0.46538312367601414,False,False,False,8.3
375091818,12.4768,3211.0,0.315662,7,2607.53,73.68067,1499.4936,1.8,3648.0,2.08,8.3,2,0.0,1.0,8.8,4.7,2.0,1,,False,,0,0,False,2004.2,2,2,3427.0,1.29,,,,,1.0,3.654329344742784,0.4925664411144355,False,False,False,8.3
424713521,11.9593,3687.0,0.531671,4,102.87,1.35465,4075.2279,3.15,569.0,1.38,8.3,66,1.5,-5.2,8.7,6.1,1.0,0,,False,,0,0,False,2256.6,57,66,511.0,3.64,,,,,0.8636363636363636,1.3653562291504455,2.3070902177375343,False,False,False,8.3
423750380,11.8466,3939.0,0.58792,2,1872.19,15.09159,2121.5849,1.8,2878.0,3.44,8.3,2,3.3,1.6,8.3,2.8,2.0,0,,False,,0,0,False,1682.3,2,2,2886.0,1.4,,,,,1.0,3.260859720950583,0.5520016664425161,False,False,False,8.3
73794653,12.0318,3286.0,0.277391,2,1790.97,12.6189,2319.8637,2.4,4971.0,2.13,8.3,2,0.0,-0.7,7.8,5.0,1.0,0,,False,,0,0,False,2725.2,2,2,5059.0,1.34,,,,,1.0,1.8618457785385136,1.289043393209463,False,False,False,8.3
408131016,12.3838,3610.0,0.432686,2,2577.17,19.21713,1413.1992,2.25,3245.0,2.69,8.3,3,6.0,-0.6,9.0,3.5,2.0,0,,False,,0,0,False,2451.5,3,3,1952.0,3.35,,,,,1.0,2.881064839110529,0.7809612506654457,False,False,False,8.3
231055581,9.26953,3284.0,0.287941,8,2878.49,17.16335,1370.3053,3.6,177.0,0.42,8.2,11,3.2,-1.3,8.7,4.7,1.0,0,,False,,0,0,False,365.8,10,11,120.0,4.04,,,,,0.9090909090909091,2.1148422886749656,1.7022545932990332,False,False,False,8.2
393001369,10.9041,3537.0,0.414303,6,2549.86,67.28225,1637.877,1.8,2622.0,2.31,8.2,2,3.1,2.0,8.1,4.4,2.0,0,,False,,0,0,False,1381.7,2,2,2697.0,1.36,,,,,1.0,4.2499828889954285,0.4235311169512655,False,False,False,8.2
272649679,11.8019,3162.0,0.291077,6,2526.98,41.06716,1597.0387,6.3,2060.0,1.44,8.2,2,0.0,0.6,6.9,3.9,2.0,1,,False,,0,0,False,1658.0,2,2,2241.0,1.17,,,,,1.0,2.8491267979268504,2.2112037992075875,False,False,False,8.2
245865916,12.401,3244.0,0.376803,6,2607.68,46.15085,1450.0581,3.0,3786.0,2.53,8.2,2,1.4,-1.1,8.7,4.4,2.0,5,,False,,0,0,False,2300.5,2,2,3382.0,1.22,,,,,1.0,3.5183936646016822,0.8526618354798653,False,False,False,8.2
190138951,11.1031,2824.0,0.130355,5,2548.82,0.99179,1628.7581,1.58,394.0,0.28,8.2,115,0.7,4.0,7.1,5.3,1.0,0,,False,,0,0,False,1542.1,88,114,380.0,4.11,,,,,0.7719298245614035,0.48205878116679196,3.277608585773944,False,False,False,8.2
415809914,12.4029,3052.0,0.231057,4,2552.69,1.39087,1573.1866,6.3,379.0,0.49,8.2,65,0.1,0.2,7.2,4.8,1.0,0,,False,,0,0,False,2003.0,52,65,326.0,6.31,,,,,0.8,0.790284069351751,7.971817026715118,False,False,False,8.2
218925860,11.9872,3734.0,0.549727,3,2196.33,19.78308,2039.8506,2.25,1947.0,2.65,8.2,5,4.3,0.1,8.2,3.4,2.0,1,,False,,0,0,False,1940.8,4,5,1266.0,4.25,,,,,0.8,3.412486760346278,0.6593432174288302,False,False,False,8.2
176475682,12.2808,3706.0,0.47787,3,2577.39,27.59171,1482.8188,2.4,3268.0,2.98,8.2,2,4.8,-1.5,8.9,4.8,2.0,0,,False,,0,0,True,1886.3,2,2,3695.0,1.53,,,,,1.0,3.4727565912494183,0.6910936418773119,False,False,False,8.2
176475682,12.2808,3706.0,0.47787,3,2577.39,26.15448,1482.8375,2.1,3377.0,3.03,8.2,2,0.0,-0.2,8.9,4.8,1.0,0,,False,,0,0,False,1886.3,2,2,3828.0,1.54,,,,,1.0,3.411380547164925,0.6155865553449422,False,False,False,8.2
62347919,12.0625,3635.0,0.51333,2,53.29,20.82948,4197.9392,4.2,3217.0,3.18,8.2,2,0.2,0.4,8.1,4.1,1.0,0,,False,,0,0,False,1900.6,1,1,3239.0,1.0,,,,,1.0,3.3166440719550057,1.2663402852041032,False,False,False,8.2
256097445,10.2304,3470.0,0.374096,9,2548.24,83.13444,1687.4884,1.17,1213.0,1.42,8.1,3,4.5,-1.1,10.1,4.2,2.0,0,,False,,0,0,False,743.3,3,3,701.0,3.61,,,,,1.0,4.26046820846155,0.27461770461666835,False,False,False,8.1
234509975,11.4201,3476.0,0.419224,7,2879.01,43.51528,1347.3179,4.2,1298.0,1.65,8.1,2,0.0,3.1,8.2,4.2,2.0,5,,False,,0,0,False,1086.8,2,2,1390.0,1.14,,,,,1.0,3.7044151053556895,1.1337822248721032,False,False,False,8.1
234509975,11.4201,3476.0,0.419224,7,2879.01,16.65983,1330.6679,3.0,642.0,1.16,8.1,10,3.3,1.8,7.6,3.6,2.0,5,,False,,0,0,False,1086.8,9,10,558.0,3.1,,,,,0.9,2.6898573001239354,1.115300800478068,False,False,False,8.1
62020444,9.38922,3158.0,0.21187,6,2575.57,41.79959,1690.0023,1.12,788.0,0.65,8.1,2,0.0,-1.3,8.6,3.9,2.0,1,,False,,0,0,False,390.7,2,2,822.0,1.46,,,,,1.0,2.319059789801775,0.4829543442240158,False,False,False,8.1
121158260,11.5586,3192.0,0.408703,4,2849.23,35.91878,1421.4512,3.0,1332.0,1.63,8.1,3,4.7,-0.6,7.3,3.7,2.0,0,,False,,0,0,False,1215.4,3,3,822.0,2.97,,,,,1.0,3.416546768989314,0.878079594059666,False,False,False,8.1
211948433,11.2895,3730.0,0.507969,2,2548.82,0.75343,1628.7915,4.8,345.0,1.03,8.1,56,0.7,0.8,7.1,3.8,1.0,0,,False,,0,0,False,1483.3,44,56,238.0,4.51,,,,,0.7857142857142857,1.089216144359454,4.406838830710486,False,False,False,8.1
49066805,11.6718,3798.0,0.542293,2,52.64,24.43052,4049.9416,2.1,2818.0,3.14,8.1,2,0.0,0.0,8.2,3.7,1.0,0,,False,,1,1,False,1846.3,2,2,2786.0,1.45,,,,,1.0,3.6280661484355665,0.5788207585204935,True,False,False,8.1
219938265,11.6383,3769.0,0.606751,1,24.97,12.54884,4185.1133,6.12,1748.0,2.77,8.0,2,0.1,-0.1,7.1,3.2,1.0,0,,False,,0,0,False,1754.6,2,2,1639.0,1.02,,,,,1.0,3.1314812947265294,1.9543466570616883,False,False,False,8.0
466177968,12.1137,3511.0,0.462375,1,24.76,6.91393,4184.0944,3.06,2576.0,2.56,8.0,2,0.0,-0.4,8.1,3.0,1.0,0,,False,,0,0,True,2427.3,2,2,2577.0,1.45,,,,,1.0,2.1418029692744316,1.4287028470394836,False,False,False,8.0
435905591,10.3328,3880.0,0.614692,7,2607.56,49.00189,1469.0134,3.15,866.0,1.97,8.0,2,0.7,-0.0,7.3,3.5,2.0,1,,False,,0,0,False,579.5,2,2,916.0,1.12,,,,,1.0,4.974135500187771,0.6332758727383059,False,False,False,8.0
255780375,11.1224,3581.0,0.555534,7,2577.39,64.15949,1471.2528,4.8,1047.0,1.96,8.0,4,4.6,-0.5,9.0,3.9,2.0,0,,False,,0,0,False,1407.9,4,4,495.0,5.22,,,,,1.0,5.086694918698339,0.9436382713568159,False,False,False,8.0
219229275,11.5831,3371.0,0.513173,7,2602.13,64.38618,1406.1143,0.5,4698.0,3.84,8.0,2,0.0,-0.5,7.7,3.6,2.0,6,,False,,0,0,False,1164.4,2,2,4501.0,1.26,,,,,1.0,4.8303846185735,0.10351142600061917,False,False,False,8.0
65483825,10.7712,3395.0,0.529214,5,2879.66,27.62688,1422.3328,2.1,1161.0,1.97,8.0,6,3.9,-0.4,5.6,3.9,2.0,0,,False,,0,0,True,1141.2,6,6,939.0,3.46,,,,,1.0,3.718831128315733,0.5646935629881895,False,False,False,8.0
230946697,12.3059,3668.0,0.535695,4,2168.05,31.60404,2048.892,6.0,3369.0,3.39,8.0,2,1.1,0.6,6.8,4.5,2.0,0,,False,,0,0,False,2257.3,2,2,3734.0,1.11,,,,,1.0,3.921036546155145,1.530207619687561,False,False,False,8.0
415809914,12.4029,3052.0,0.231057,4,2552.69,20.36346,1588.4116,2.1,3288.0,1.45,8.0,2,3.4,0.8,7.3,3.3,2.0,0,,False,,0,0,False,2003.0,2,2,3279.0,1.42,,,,,1.0,1.9333251688394038,1.086211483638137,False,False,False,8.0
450084323,12.4741,3332.0,0.39006,4,2607.68,40.73917,1475.5767,2.1,2901.0,2.29,8.0,3,4.3,-1.2,8.8,4.1,2.0,1,,False,,0,0,False,2281.6,3,3,2463.0,2.48,,,,,1.0,3.4538220980540233,0.6080220522021667,False,False,False,8.0
33997020,11.7791,3336.0,0.383139,3,2822.29,18.84893,1479.2276,0.75,3924.0,2.62,8.0,2,0.0,2.3,8.9,3.6,2.0,0,,False,,0,0,False,1499.9,2,2,3944.0,1.53,,,,,1.0,2.639620153104218,0.28413179037066866,False,False,False,8.0
33869474,12.3318,3189.0,0.242132,3,2822.29,3.92231,1468.4744,4.5,855.0,0.77,8.0,18,1.7,-0.3,8.3,3.4,1.0,0,,False,,0,0,False,2357.6,17,18,597.0,4.1,,,,,0.9444444444444444,1.1519237308111538,3.906508633892993,False,False,False,8.0
51104452,10.1641,3501.0,0.455763,2,2580.31,23.77609,1504.2122,4.5,1124.0,1.67,8.0,2,1.3,1.7,8.0,3.9,2.0,0,,False,,0,0,False,535.7,2,2,898.0,1.33,,,,,1.0,3.201949534612611,1.4053937925490865,False,False,False,8.0
322736687,10.426,3224.0,0.282965,2,52.93,21.19152,4225.7776,1.5,1290.0,1.11,8.0,2,0.5,-0.4,8.4,3.5,1.0,0,,False,,0,0,False,703.3,2,2,1317.0,1.05,,,,,1.0,2.2425947996468847,0.668868045282272,False,False,False,8.0
403956193,11.4952,3292.0,0.322928,7,2553.94,0.85201,1571.8139,2.1,225.0,0.53,7.9,174,0.5,-2.2,9.3,6.8,1.0,0,,False,,0,0,False,1221.3,123,173,191.0,8.04,,,,,0.7109826589595376,0.8389968429459099,2.5029891562242588,False,False,False,7.9
220524896,11.6249,3370.0,0.374704,6,1926.22,56.05137,2071.5969,3.0,1620.0,1.65,7.9,2,0.0,2.2,8.0,3.6,2.0,0,,False,,0,0,False,1210.9,2,2,1604.0,1.1,,,,,1.0,3.739922398198853,0.8021556814774553,False,False,False,7.9
190138951,11.1031,2824.0,0.130355,5,2548.82,0.66059,1629.0909,1.8,299.0,0.25,7.9,173,0.2,5.7,6.8,4.9,1.0,0,,False,,0,0,False,1542.1,118,172,324.0,4.17,,,,,0.686046511627907,0.4209890064926132,4.275646091085239,False,False,False,7.9
178952975,10.0414,3475.0,0.469718,4,2852.47,27.85851,1441.0286,4.2,540.0,1.19,7.9,3,5.4,0.4,9.2,3.3,2.0,0,,False,,0,0,True,586.8,3,3,344.0,3.02,,,,,1.0,3.4441790782067545,1.2194487872525988,False,False,False,7.9
248355949,10.7059,3912.0,0.596163,4,2602.12,1.76386,1387.436,4.8,152.0,0.8,7.9,58,2.1,1.4,8.0,3.1,1.0,0,,False,,0,0,False,725.7,45,58,96.0,9.9,,,,,0.7758620689655172,1.6091863636473325,2.982873897290844,False,False,False,7.9
176475682,12.2808,3706.0,0.47787,3,2577.39,28.91388,1478.1625,2.1,4062.0,3.32,7.9,2,4.3,-1.4,8.9,4.8,2.0,0,,False,,0,0,False,1886.3,2,2,3348.0,1.69,,,,,1.0,3.527363879896822,0.5953454396832534,False,False,False,7.9
33869474,12.3318,3189.0,0.242132,3,2822.29,3.92232,1468.4744,4.5,846.0,0.77,7.9,18,1.8,-0.3,7.7,2.9,0.5,0,,False,,0,0,False,2357.6,17,18,599.0,4.09,,,,,0.9444444444444444,1.1519247097604226,3.9065053139939243,False,False,False,7.9
326476717,8.80389,3521.0,0.414776,2,2198.23,1.73224,2063.638,2.4,139.0,0.53,7.9,21,2.4,1.9,5.7,3.7,2.0,1,,False,,0,0,False,319.5,15,21,83.0,17.42,,,,,0.7142857142857143,1.2558951820031656,1.9109875046832931,False,False,False,7.9
197591673,12.1548,3484.0,0.48255,2,53.63,15.26454,4217.4806,4.2,3759.0,3.23,7.9,2,0.3,0.6,8.3,3.7,1.0,0,,False,,0,0,False,2657.1,2,2,3248.0,1.17,,,,,1.0,2.8694439621438756,1.4636982131067697,False,False,False,7.9
429305307,12.2622,3696.0,0.589514,2,1817.02,0.55224,2282.7984,4.5,831.0,1.85,7.9,82,1.1,-0.2,6.4,3.0,1.0,0,,False,,0,0,False,5627.4,50,82,330.0,48.18,,,,,0.6097560975609756,1.0845435513029045,4.149210969530891,False,False,False,7.9
375091818,12.4768,3211.0,0.315662,7,2607.53,65.88257,1499.5123,3.6,2007.0,1.54,7.8,3,3.4,-0.2,8.1,3.9,2.0,1,,False,,0,0,False,2004.2,3,3,2257.0,1.28,,,,,1.0,3.5205728919110517,1.0225608474891805,False,False,False,7.8
62020444,9.38922,3158.0,0.21187,6,2575.57,47.46052,1682.5674,0.75,918.0,0.7,7.8,2,4.1,-0.3,8.6,3.9,2.0,1,,False,,0,0,False,390.7,2,2,871.0,1.56,,,,,1.0,2.4193503799076908,0.31000057132221415,False,False,False,7.8
244943765,12.198,3440.0,0.619849,6,2523.83,37.72808,1610.7931,1.8,4357.0,4.46,7.8,2,0.0,2.1,7.9,4.3,1.0,2,,False,,0,0,False,2094.7,2,2,4486.0,1.13,,,,,1.0,4.584448855401345,0.39263171141701375,False,False,False,7.8
341116983,11.1946,3284.0,0.306745,5,2547.29,12.94945,1668.7953,2.25,708.0,0.89,7.8,9,5.5,1.2,10.4,4.9,2.0,2,,False,,0,0,False,1035.5,8,9,389.0,8.74,,,,,0.8888888888888888,2.00821587857205,1.1203974751956804,False,False,False,7.8
209828429,11.6952,3486.0,0.299168,5,1817.35,71.26165,2369.7411,1.8,3415.0,1.91,7.8,2,3.7,0.3,7.2,4.8,2.0,0,,False,,0,0,False,1799.7,2,2,3498.0,1.46,,,,,1.0,3.4868800738000716,0.5162207939197416,False,False,False,7.8
268813663,11.7477,3332.0,0.276053,5,2547.31,40.7634,1676.1028,0.75,2341.0,1.46,7.8,5,5.6,1.1,9.4,4.0,2.0,2,,False,,0,0,False,1373.6,5,5,1756.0,3.98,,,,,1.0,2.743426998806337,0.27338070243032686,False,False,False,7.8
270410803,12.4185,3672.0,0.487402,4,2906.03,17.77288,1366.6611,0.75,6484.0,4.28,7.8,3,5.1,-0.1,8.3,3.3,2.0,0,,False,,0,0,False,2954.6,2,3,4849.0,2.64,,,,,0.6666666666666666,3.038918839455376,0.2467982988760609,False,False,False,7.8
322736687,10.426,3224.0,0.282965,2,52.93,26.39305,4225.7588,3.0,832.0,0.89,7.8,2,0.7,-0.3,8.1,3.3,1.0,0,,False,,0,0,False,703.3,2,2,823.0,1.09,,,,,1.0,2.412829504066862,1.2433534963591306,False,False,False,7.8
168726017,11.6203,3131.0,0.252479,6,2879.66,0.97944,1411.5629,4.8,181.0,0.37,7.7,135,0.4,7.1,7.7,6.5,1.0,0,,False,,0,0,False,1271.1,95,135,112.0,9.16,,,,,0.7037037037037037,0.7459065379280079,6.435122573578083,False,False,False,7.7
220524896,11.6249,3370.0,0.374704,6,1926.22,0.86175,2062.0594,4.8,148.0,0.5,7.7,168,0.9,5.1,8.3,3.8,1.0,0,,False,,0,0,False,1210.9,109,168,102.0,14.58,,,,,0.6488095238095238,0.9299528810192417,5.1615518355501315,False,False,False,7.7
20325775,12.0132,3066.0,0.207213,5,2554.51,2.62966,1546.0949,3.0,460.0,0.49,7.7,39,0.2,-1.5,6.8,3.8,1.0,0,,False,,0,0,False,1551.9,28,39,385.0,5.05,,,,,0.717948717948718,0.9087675822858464,3.301174093880003,False,False,False,7.7
283824622,12.3176,3268.0,0.340414,5,2607.43,43.02496,1468.6696,2.25,3879.0,2.31,7.7,2,0.0,-0.3,6.3,3.6,2.0,1,,False,,0,0,False,2114.2,2,2,4272.0,1.18,,,,,1.0,3.2120827685747706,0.7004800816506808,False,False,False,7.7
126603751,11.8704,3474.0,0.494142,4,1105.96,49.70461,3166.686,0.5,4451.0,3.6,7.7,2,4.3,-0.9,8.5,4.3,2.0,0,,False,,0,0,False,1430.3,2,2,4221.0,1.5,,,,,1.0,4.320908104339674,0.11571641606953605,False,False,False,7.7
408438072,11.9355,3038.0,0.201625,4,2554.35,2.0118,1546.287,3.15,420.0,0.45,7.7,45,0.1,-2.0,5.9,3.1,1.0,0,,False,,0,0,False,1598.4,37,45,361.0,5.31,,,,,0.8222222222222222,0.8161427910806454,3.859618726557789,False,False,False,7.7
47176598,11.3611,3269.0,0.320436,3,2555.34,23.89324,1525.6949,0.5,3075.0,1.94,7.7,2,2.2,-0.0,6.3,3.6,2.0,0,,False,,0,0,False,983.6,2,2,3106.0,1.29,,,,,1.0,2.5358730624295975,0.19717075251430544,False,False,False,7.7
47176598,11.3611,3269.0,0.320436,3,2555.34,21.785,1525.6949,0.5,3075.0,1.94,7.7,2,0.0,0.4,6.5,3.8,2.0,0,,False,,0,0,False,983.6,2,2,3106.0,1.29,,,,,1.0,2.458980114435898,0.20333633324834854,False,False,False,7.7
437262491,12.4616,3829.0,0.595726,3,1842.93,20.69883,2293.0118,3.15,3277.0,3.72,7.7,2,0.7,0.6,7.6,4.1,1.0,0,,False,,0,0,False,2159.7,2,2,3080.0,1.13,,,,,1.0,3.6550046169672723,0.8618320166757277,False,False,False,7.7
51104452,10.1641,3501.0,0.455763,2,2580.31,19.90203,1504.6497,2.1,906.0,1.5,7.7,2,3.7,-1.0,7.6,3.6,2.0,0,,False,,0,0,False,535.7,2,2,921.0,1.47,,,,,1.0,3.017635611863789,0.6959090725679011,False,False,False,7.7
278514473,11.3861,3844.0,0.583626,2,2196.33,0.92799,2036.9661,4.8,250.0,1.01,7.7,51,1.4,-0.1,9.4,3.5,1.0,0,,False,,0,0,False,1120.9,36,51,132.0,10.23,,,,,0.7058823529411765,1.2807935942395536,3.7476764574622243,False,False,False,7.7
125877372,11.4948,3798.0,0.572796,2,2549.69,17.96464,1605.8098,1.05,2988.0,3.42,7.7,2,3.9,2.1,7.7,3.8,2.0,0,,False,,0,0,False,1286.5,2,2,2964.0,1.52,,,,,1.0,3.396365738821841,0.3091539842126168,False,False,False,7.7
332286707,9.02141,3727.0,0.53071,7,2549.86,1.43267,1602.0363,4.5,47.0,0.4,7.6,115,0.5,1.4,7.9,3.6,1.0,0,,False,,0,0,False,358.5,71,115,32.0,18.02,,,,,0.6173913043478261,1.3894039534922358,3.2387989027160535,False,False,False,7.6
152970468,9.78832,3751.0,0.485889,7,2874.19,3.27643,1386.3519,1.5,152.0,0.65,7.6,52,0.1,-4.2,5.8,3.5,2.0,3,,False,,0,0,False,507.3,37,52,144.0,6.81,,,,,0.7115384615384616,1.7259702412256261,0.8690763978264406,False,False,False,7.6
375091818,12.4768,3211.0,0.315662,7,2607.53,64.61165,1499.4936,1.8,3187.0,1.94,7.6,2,3.3,0.6,8.1,3.9,2.0,1,,False,,0,0,False,2004.2,2,2,3037.0,1.46,,,,,1.0,3.49778765415194,0.5146109992878973,False,False,False,7.6
62020444,9.38922,3158.0,0.21187,6,2575.57,46.26421,1699.708,0.75,746.0,0.63,7.6,3,4.9,-0.7,8.6,3.9,2.0,1,,False,,0,0,False,390.7,3,3,380.0,3.57,,,,,1.0,2.3988494267971388,0.3126498860753316,False,False,False,7.6
418096656,9.79122,3266.0,0.30505,5,2555.42,20.34821,1535.4329,1.5,762.0,0.92,7.6,2,0.0,-0.2,7.1,3.6,2.0,0,,False,,0,0,False,447.0,2,2,763.0,1.11,,,,,1.0,2.326114296909983,0.6448522336123399,False,False,False,7.6
243472478,9.91546,3957.0,0.635355,4,1817.18,38.70375,2365.7027,2.25,881.0,2.06,7.6,2,4.4,-0.3,8.5,4.6,2.0,0,,False,,0,0,False,628.2,2,2,831.0,1.61,,,,,1.0,4.700423013759201,0.47868032162504126,False,False,False,7.6
178952975,10.0414,3475.0,0.469718,4,2852.47,23.71772,1446.6161,2.4,737.0,1.39,7.6,3,5.1,-0.1,6.3,4.3,2.0,0,,False,,0,0,False,586.8,2,3,378.0,3.38,,,,,0.6666666666666666,3.2643050880110107,0.7352253956943575,False,False,False,7.6
218925869,11.5226,3929.0,0.613414,3,2196.32,24.24153,2059.6788,4.2,1318.0,2.43,7.6,3,3.1,-0.8,6.8,4.7,2.0,0,,False,,0,0,False,1323.7,3,3,1823.0,1.31,,,,,1.0,3.92853619447231,1.0691004975109193,False,False,False,7.6
244256833,11.8457,3201.0,0.246413,3,2607.63,25.81013,1451.3394,4.8,1504.0,1.04,7.6,2,2.5,0.7,7.0,4.3,2.0,0,,False,,0,0,False,1440.0,2,2,1460.0,1.33,,,,,1.0,2.1839738573211815,2.197828506009492,False,False,False,7.6
218925860,11.9872,3734.0,0.549727,3,2196.33,22.69914,2036.9288,2.4,1865.0,2.59,7.6,4,5.6,0.6,8.3,3.5,2.0,1,,False,,0,0,False,1940.8,4,4,913.0,5.85,,,,,1.0,3.5725321064188305,0.6717924229954094,False,False,False,7.6
229084959,12.1284,3296.0,0.251452,3,2607.6,28.90967,1450.184,4.2,2307.0,1.32,7.6,2,3.5,-0.3,8.2,4.5,2.0,0,,False,,0,0,False,1550.5,2,2,1911.0,1.59,,,,,1.0,2.2989316972735243,1.826935530525372,False,False,False,7.6
176475682,12.2808,3706.0,0.47787,3,2577.39,28.21166,1482.8313,2.4,2431.0,2.57,7.6,3,5.9,-0.5,8.9,4.8,2.0,0,,False,,0,0,False,1886.3,3,3,1675.0,3.38,,,,,1.0,3.498573635594604,0.6859938506316747,False,False,False,7.6
33869471,12.3581,3187.0,0.238336,3,2822.29,3.93515,1469.9744,6.3,764.0,0.72,7.6,18,1.8,-1.5,8.1,3.9,1.0,0,,False,,0,0,False,2476.7,16,18,680.0,4.61,,,,,0.8888888888888888,1.1410950515834757,5.5210124618958,False,False,False,7.6
125877372,11.4948,3798.0,0.572796,2,2549.69,21.80693,1601.9661,1.05,2317.0,3.01,7.6,3,4.8,-0.4,7.6,3.7,2.0,0,,False,,0,0,False,1286.5,3,3,1386.0,3.25,,,,,1.0,3.6230399387600833,0.2898118755928875,False,False,False,7.6
125877372,11.4948,3798.0,0.572796,2,2549.69,18.45018,1605.3223,1.05,2754.0,3.28,7.6,3,4.0,0.8,7.7,3.8,2.0,0,,False,,0,0,False,1286.5,3,3,1636.0,2.75,,,,,1.0,3.4266926064514447,0.3064179138867495,False,False,False,7.6
424993541,11.9103,3536.0,0.530845,2,302.06,14.98761,3992.8588,0.62,5262.0,4.2,7.6,2,0.9,0.6,7.5,4.0,1.0,0,,False,,0,0,False,2061.8,2,2,5428.0,1.13,,,,,1.0,3.039234724921066,0.20399872208491646,False,False,False,7.6
467558608,12.1119,3411.0,0.378217,2,53.2,0.55519,4046.7584,2.4,823.0,1.18,7.6,78,1.2,7.1,7.1,6.1,1.0,0,,False,,0,0,False,3224.6,63,78,741.0,6.37,,,,,0.8076923076923077,0.8081950807993736,2.969580064291156,False,False,False,7.6
435905591,10.3328,3880.0,0.614692,7,2607.56,45.61878,1480.8071,2.25,842.0,1.95,7.5,2,0.0,-2.3,7.3,3.5,2.0,1,,False,,0,0,False,579.5,2,2,842.0,1.18,,,,,1.0,4.8569230577467195,0.4632562577682353,False,False,False,7.5
144538915,11.1711,3297.0,0.317436,4,2879.65,18.78785,1424.5011,3.0,1602.0,1.39,7.5,2,0.0,0.3,7.5,4.4,1.0,1,"00144538915-01(1:3,ntoi=1)",True,,0,0,False,985.8,2,2,1688.0,1.09,,,,,1.0,2.325973562108729,1.2897825017753848,False,False,False,7.5
302457612,9.82884,3867.0,0.62378,3,2577.17,0.75682,1411.1773,4.2,68.0,0.56,7.5,114,0.3,2.4,8.8,4.8,1.0,0,,False,,0,0,False,449.7,81,114,52.0,11.01,,,,,0.7105263157894737,1.2509120944159513,3.3575500778581673,False,False,False,7.5
302457612,9.82884,3867.0,0.62378,3,2577.17,0.71585,1411.2273,4.2,67.0,0.56,7.5,120,0.6,0.8,6.9,2.7,1.0,0,,False,,0,0,False,449.7,81,120,50.0,31.18,,,,,0.675,1.2279196081204962,3.4204193598868344,False,False,False,7.5
231290300,11.6233,3898.0,0.61674,3,2602.12,24.52456,1396.9456,4.2,1096.0,2.23,7.5,3,3.9,0.3,8.3,3.7,2.0,0,,False,,0,0,False,1243.6,3,3,748.0,2.9,,,,,1.0,3.9580090216081767,1.0611395722118644,False,False,False,7.5
135454073,12.1314,3229.0,0.335841,3,2527.44,14.72249,1582.7592,4.5,2207.0,1.72,7.5,2,0.0,0.7,5.8,3.1,2.0,0,,False,,0,0,False,1779.2,2,2,2364.0,1.14,,,,,1.0,2.2265093655963826,2.0211008628722524,False,False,False,7.5
176475682,12.2808,3706.0,0.47787,3,2577.39,13.37441,1479.2875,2.1,3040.0,2.87,7.5,2,0.0,2.0,8.9,4.8,1.0,0,,False,,0,0,False,1886.3,2,2,3392.0,1.57,,,,,1.0,2.7279705834836547,0.7698030223325474,False,False,False,7.5
284041309,12.2349,3556.0,0.382898,2,52.27,17.17086,4052.8152,3.15,3789.0,2.57,7.5,2,0.1,0.9,7.5,4.6,1.0,0,,False,,0,0,False,2373.8,2,2,3996.0,1.06,,,,,1.0,2.557767364327269,1.2315428071889942,False,False,False,7.5
227026062,11.5169,3975.0,0.597744,1,24.4,11.75495,4159.1819,1.53,3167.0,3.67,7.4,2,2.6,-0.2,7.4,4.8,1.0,0,,False,,0,0,False,1916.6,2,2,3477.0,1.36,,,,,1.0,3.0336027293825802,0.5043508120496042,False,False,False,7.4
201289286,11.5771,3206.0,0.295999,11,2907.31,4.65932,1328.8893,6.12,224.0,0.48,7.4,54,0.9,1.3,8.8,3.6,1.0,1,,False,,0,0,False,1379.4,38,54,219.0,8.63,,,,,0.7037037037037037,1.3947915344190391,4.387752469797655,False,False,False,7.4
358108300,12.3629,3411.0,0.542359,11,2720.37,22.10897,1326.7871,3.12,1085.0,1.95,7.4,12,4.5,-1.4,10.4,3.7,2.0,3,,False,,0,0,False,2134.7,10,11,933.0,4.43,,,,,0.9090909090909091,3.509584459683816,0.8889941347304363,False,False,False,7.4
403956193,11.4952,3292.0,0.322928,7,2553.94,0.68211,1571.4576,2.4,181.0,0.47,7.4,218,0.7,4.7,7.6,4.8,1.0,0,,False,,0,0,False,1221.3,153,218,152.0,8.78,,,,,0.7018348623853211,0.7790468360425526,3.0806876929141502,False,False,False,7.4
456894306,12.1873,3301.0,0.401378,7,2607.68,23.84026,1459.5784,1.58,1817.0,1.87,7.4,6,3.6,-0.1,8.1,3.5,2.0,9,,False,,0,0,False,1812.1,6,6,1164.0,4.05,,,,,1.0,2.9445188094937134,0.5365902214330458,False,False,False,7.4
7586735,11.1269,3986.0,0.60915,6,2879.65,30.56227,1436.3906,3.15,1997.0,2.97,7.4,2,0.0,-1.2,7.1,4.4,2.0,0,,False,,0,0,False,1143.4,2,2,1796.0,1.17,,,,,1.0,4.224282905751888,0.745688693271675,False,False,False,7.4
41862291,12.4293,3412.0,0.395788,6,2936.46,2.74386,1354.8001,6.3,375.0,0.84,7.4,47,0.3,-4.5,7.0,4.5,1.0,0,,False,,0,0,False,1913.1,43,47,340.0,3.02,,,,,0.9148936170212766,1.4189617608168117,4.439865945628771,False,False,False,7.4
119624569,8.08651,3786.0,0.57976,5,2547.33,0.71794,1657.4087,1.5,38.0,0.39,7.4,153,1.7,-1.1,7.0,4.6,1.0,0,,False,,0,0,False,212.3,104,151,39.0,8.33,,,,,0.6887417218543046,1.170585597693716,1.2814099224826405,False,False,False,7.4
318570817,11.5941,3436.0,0.501517,5,2879.0,52.08256,1372.5976,0.62,3758.0,3.35,7.4,2,1.0,0.7,6.9,3.6,2.0,0,,False,,0,0,False,1278.0,2,2,3842.0,1.14,,,,,1.0,4.432303670932338,0.1398821123349571,False,False,False,7.4
248376572,11.9633,3504.0,0.375921,5,2602.13,36.11868,1407.6703,3.15,1562.0,1.62,7.4,3,5.2,-2.5,9.5,3.6,2.0,3,,False,,0,0,False,1508.6,3,3,1206.0,2.75,,,,,1.0,3.2373026959656377,0.973032272800923,False,False,False,7.4
287187481,10.5723,3597.0,0.533219,3,2602.13,37.70945,1394.1981,3.0,906.0,1.75,7.4,2,0.0,1.5,7.2,3.2,2.0,1,,False,,0,0,False,703.6,2,2,972.0,1.35,,,,,1.0,4.145994969395426,0.7235898794246399,False,False,False,7.4
317551218,11.983,3736.0,0.593543,3,2822.28,24.19806,1477.4137,1.12,3383.0,3.77,7.4,2,0.0,-0.0,7.4,4.9,2.0,2,,False,,0,0,False,1523.2,2,2,3307.0,1.35,,,,,1.0,3.8409318550614913,0.29159590491669096,False,False,False,7.4
135454073,12.1314,3229.0,0.335841,3,2527.44,16.35843,1582.7405,4.2,2139.0,1.69,7.4,2,1.1,-0.4,6.1,3.6,2.0,0,,False,,0,0,False,1779.2,2,2,2324.0,1.16,,,,,1.0,2.306099156465447,1.8212573332871476,False,False,False,7.4
332286707,9.02141,3727.0,0.53071,7,2549.86,0.89857,1602.03,2.4,49.0,0.4,7.3,180,1.5,-0.7,7.8,4.3,1.0,0,,False,,0,0,False,358.5,116,180,36.0,10.88,,,,,0.6444444444444445,1.1893155932460464,2.017967319716699,False,False,False,7.3
91611340,11.1888,3468.0,0.337274,6,2904.62,1.38602,1386.5215,4.2,159.0,0.46,7.3,87,1.4,-6.5,5.9,4.4,1.0,0,,False,,0,0,False,922.4,69,87,130.0,5.92,,,,,0.7931034482758621,1.0157496981196998,4.134876936488202,False,False,False,7.3
33549589,11.497,3347.0,0.296142,6,2822.27,33.23486,1500.764,2.25,1925.0,1.42,7.3,2,6.9,2.2,10.3,5.7,2.0,0,,False,,0,0,False,1275.7,2,2,2568.0,1.75,,,,,1.0,2.6857953358640554,0.8377406759015559,False,False,False,7.3
88466267,12.1812,3174.0,0.218588,6,2879.66,39.2958,1427.8606,2.25,1615.0,0.96,7.3,5,4.3,-0.7,8.8,3.5,2.0,0,,False,,0,0,False,1788.4,5,5,1049.0,5.08,,,,,1.0,2.3195721366643527,0.9700064785377184,False,False,False,7.3
44678687,10.9337,3349.0,0.282376,5,2879.66,32.04175,1421.3914,3.15,716.0,0.82,7.3,4,3.3,-0.2,7.7,3.5,2.0,0,,False,,0,0,False,784.2,4,4,438.0,3.43,,,,,1.0,2.5703892201408944,1.2254953356158778,False,False,False,7.3
284864375,10.91,3879.0,0.605169,4,1871.43,44.35363,2183.5378,2.25,1121.0,2.21,7.3,2,1.8,0.9,6.5,3.3,2.0,1,,False,,0,0,False,784.2,2,2,1128.0,1.24,,,,,1.0,4.761777871360503,0.47251259104976795,False,False,False,7.3
47176598,11.3611,3269.0,0.320436,3,2555.34,20.94232,1533.4137,0.75,2437.0,1.73,7.3,2,0.0,0.1,6.3,3.6,2.0,0,,False,,0,0,False,983.6,2,2,2369.0,1.26,,,,,1.0,2.4268564725140576,0.30904176184059673,False,False,False,7.3
218925869,11.5226,3929.0,0.613414,3,2196.32,24.79306,2059.6413,3.0,1351.0,2.46,7.3,3,4.8,0.5,6.4,4.9,2.0,0,,False,,0,0,False,1323.7,3,3,1778.0,1.33,,,,,1.0,3.9581063613704677,0.7579381972346165,False,False,False,7.3
229856792,11.7778,3789.0,0.551269,3,1817.4,15.43099,2267.1298,1.5,2327.0,2.9,7.3,3,3.0,-0.2,6.8,3.3,2.0,0,,False,,0,0,False,1652.1,3,3,2019.0,1.79,,,,,1.0,3.1471342643628804,0.4766240884558087,False,False,False,7.3
148612264,12.2802,3273.0,0.299788,3,2554.6,19.99461,1554.7895,1.12,3805.0,2.02,7.3,2,2.0,0.6,6.3,3.8,2.0,0,,False,,0,0,False,1815.5,2,2,4031.0,1.25,,,,,1.0,2.285890571874849,0.4899622115687694,False,False,False,7.3
33869471,12.3581,3187.0,0.238336,3,2822.29,19.97727,1482.4338,2.25,3220.0,1.48,7.3,2,1.6,2.4,7.0,2.8,2.0,0,,False,,0,0,False,2476.7,2,2,3195.0,1.22,,,,,1.0,1.961161857012526,1.1472790947645017,False,False,False,7.3
73794653,12.0318,3286.0,0.277391,2,1790.97,21.88621,2326.3387,2.4,3175.0,1.71,7.3,3,4.4,1.0,6.6,3.6,2.0,0,,False,,0,0,False,2725.2,3,3,2666.0,2.36,,,,,1.0,2.236969479833631,1.0728800824669695,False,False,False,7.3
219938265,11.6383,3769.0,0.606751,1,24.97,7.91117,4185.0739,1.17,3304.0,3.8,7.2,2,0.0,0.2,7.0,3.1,1.0,0,,False,,0,0,False,1754.6,2,2,3296.0,1.25,,,,,1.0,2.685110730852571,0.4357362199466925,False,False,False,7.2
358108300,12.3629,3411.0,0.542359,11,2720.37,67.04235,1373.4171,1.2,2458.0,2.93,7.2,5,3.8,-0.5,8.6,3.7,2.0,3,,False,,0,0,False,2134.7,5,5,1523.0,3.53,,,,,1.0,5.079831083840037,0.23622832731927662,False,False,False,7.2
447382925,11.3234,3249.0,0.20576,8,2548.75,88.21699,1643.3921,2.1,1680.0,0.92,7.2,2,0.0,-0.7,6.8,4.5,2.0,3,,False,,0,0,False,1211.7,2,2,1683.0,1.0,,,,,1.0,2.917200907425329,0.7198681430047352,False,False,False,7.2
219154196,11.0027,3977.0,0.592632,7,1983.81,57.00766,2086.0037,3.15,1550.0,2.55,7.2,2,0.0,0.8,8.5,6.1,2.0,0,,False,,0,0,False,1001.7,2,2,1659.0,1.18,,,,,1.0,5.10555271177226,0.6169753164504219,False,False,False,7.2
168726017,11.6203,3131.0,0.252479,6,2879.66,33.8251,1413.4316,6.3,910.0,0.83,7.2,3,2.5,-0.2,6.5,3.6,2.0,0,,False,,0,0,False,1271.1,3,3,867.0,1.57,,,,,1.0,2.4290595653843274,2.593596340649312,False,False,False,7.2
3921746,11.642,3323.0,0.314433,6,2602.12,21.90264,1390.9408,1.58,1344.0,1.26,7.2,6,3.3,0.7,7.7,3.6,2.0,0,,False,,0,0,False,1367.2,6,6,856.0,4.82,,,,,1.0,2.4325355460945275,0.6495280213013593,False,False,False,7.2
20325775,12.0132,3066.0,0.207213,5,2554.51,4.6002,1548.5574,3.0,519.0,0.52,7.2,26,0.1,1.4,6.8,3.8,0.5,0,,False,,0,0,True,1551.9,20,26,387.0,4.73,,,,,0.7692307692307693,1.094994314440464,2.7397402529281476,False,False,False,7.2
126603751,11.8704,3474.0,0.494142,4,1105.96,39.24939,3156.061,0.5,3432.0,3.16,7.2,3,5.3,0.0,8.5,4.3,2.0,0,,False,,0,0,False,1430.3,3,3,2144.0,2.95,,,,,1.0,3.9938073352777814,0.12519382083943803,False,False,False,7.2
333640820,11.9291,3619.0,0.477127,4,1872.18,37.43473,2147.8264,3.15,1701.0,2.15,7.2,2,2.1,-4.7,7.3,4.7,2.0,0,,False,,0,0,False,1401.3,2,2,1712.0,1.28,,,,,1.0,3.8405125739002686,0.8202030170157698,False,False,False,7.2
123253999,11.9656,3532.0,0.492345,4,2555.29,1.38143,1518.6017,2.1,423.0,1.1,7.2,55,3.2,0.6,6.6,4.3,0.5,0,,False,,0,0,False,1557.5,41,55,436.0,4.19,,,,,0.7454545454545455,1.3056625362565968,1.60837884344971,False,False,False,7.2
461108807,12.3434,3895.0,0.542724,4,1792.01,0.8993,2282.4114,4.8,540.0,1.38,7.2,107,1.4,4.6,5.5,4.2,1.0,0,,False,,0,0,False,3530.5,79,107,464.0,6.86,,,,,0.7383177570093458,1.2075242000567676,3.9750756132045586,False,False,False,7.2
229856792,11.7778,3789.0,0.551269,3,1817.4,20.48863,2270.2423,2.1,2909.0,3.24,7.2,2,0.0,-0.3,6.9,3.4,2.0,0,,False,,0,0,False,1652.1,2,2,2393.0,1.32,,,,,1.0,3.4590351983404024,0.6071057042170462,False,False,False,7.2
244256833,11.8457,3201.0,0.246413,3,2607.63,11.36547,1438.3519,4.2,704.0,0.71,7.2,9,1.0,-1.5,6.5,3.7,1.0,0,,False,,0,0,False,1440.0,9,9,421.0,4.72,,,,,1.0,1.6615490690751866,2.527761640128815,False,False,False,7.2
178244081,12.0448,3754.0,0.543632,3,2146.05,14.17823,2150.7946,6.3,1679.0,2.43,7.2,2,0.8,0.0,8.1,3.9,2.0,0,,False,,0,0,False,2272.7,2,2,1612.0,1.13,,,,,1.0,3.031230589798266,2.078363823987167,False,False,False,7.2
125877372,11.4948,3798.0,0.572796,2,2549.69,20.77529,1602.9973,1.05,2170.0,2.91,7.2,3,5.2,0.3,7.4,3.5,2.0,0,,False,,0,0,False,1286.5,3,3,1398.0,3.22,,,,,1.0,3.5649817419150818,0.2945316627164401,False,False,False,7.2
6665299,11.8466,3774.0,0.619004,1,24.88,8.48005,4184.8095,1.53,2761.0,3.55,7.1,2,0.0,-0.7,6.9,4.3,1.0,0,,False,,0,0,False,1609.9,2,2,2779.0,1.25,,,,,1.0,2.7848602224013654,0.5493992077924441,False,False,False,7.1
45310059,11.6781,3469.0,0.373367,7,2529.1,41.18045,1566.3451,1.12,2581.0,2.07,7.1,2,1.7,2.1,6.1,3.8,2.0,0,,False,,0,0,False,1301.6,2,2,2614.0,1.24,,,,,1.0,3.3666342980163164,0.3326764658281789,False,False,False,7.1
456894306,12.1873,3301.0,0.401378,7,2607.68,12.82097,1442.1956,3.0,842.0,1.27,7.1,14,3.0,1.4,8.4,3.9,1.0,9,"00456894306-01(3:1,ntoi=1)",True,,0,0,False,1812.1,12,14,692.0,5.99,,,,,0.8571428571428571,2.3945153849128276,1.2528631133055823,False,False,False,7.1
209828429,11.6952,3486.0,0.299168,5,1817.35,62.23712,2346.3911,2.4,2654.0,1.68,7.1,2,4.1,0.0,7.3,4.9,2.0,0,,False,,0,0,False,1799.7,2,2,2760.0,1.57,,,,,1.0,3.332996686961733,0.7200727229608419,False,False,False,7.1
20325775,12.0132,3066.0,0.207213,5,2554.51,2.19997,1544.6199,4.8,299.0,0.39,7.1,52,0.3,-1.8,7.0,3.5,1.0,0,,False,,0,0,False,1551.9,41,52,228.0,5.44,,,,,0.7884615384615384,0.8562985576598771,5.605521528749984,False,False,False,7.1
100918678,12.4752,3800.0,0.56113,5,2174.67,97.0341,2149.2307,0.5,6941.0,5.1,7.1,2,2.1,-0.6,7.0,4.0,2.0,0,,False,,0,0,False,2476.3,2,2,7001.0,1.29,,,,,1.0,5.877943585600977,0.08506376298418976,False,False,False,7.1
144538915,11.1711,3297.0,0.317436,4,2879.65,44.79814,1413.1761,3.0,1154.0,1.18,7.1,2,0.0,0.1,6.9,3.7,2.0,1,,False,,0,0,False,985.8,2,2,1186.0,1.29,,,,,1.0,3.1074136816169715,0.9654330923969293,False,False,False,7.1
389527914,11.8887,3292.0,0.275045,4,2907.3,25.91937,1342.6894,2.1,2209.0,1.41,7.1,2,2.7,-0.5,6.2,3.2,2.0,3,,False,,0,0,False,1444.0,2,2,2177.0,1.39,,,,,1.0,2.353345061612942,0.8923468276091635,False,False,False,7.1
131043744,11.9782,3113.0,0.207893,4,2553.55,3.49911,1572.5857,3.15,609.0,0.56,7.1,25,0.9,-3.6,6.1,3.2,0.5,0,,False,,0,0,False,1886.3,21,25,596.0,3.15,,,,,0.84,1.0017378187902046,3.1445353673521526,False,False,False,7.1
441358309,10.9771,3905.0,0.63534,2,2196.33,0.52739,2036.841,7.2,153.0,0.86,7.1,90,1.6,0.0,7.4,3.2,1.0,0,,False,,0,0,False,912.8,56,90,50.0,18.41,,,,,0.6222222222222222,1.1226810446162634,6.413219528847561,False,False,False,7.1
406430692,11.157,3839.0,0.619647,2,1872.12,20.12864,2116.8915,2.1,1047.0,2.19,7.1,3,5.1,1.4,7.5,3.3,2.0,0,,False,,0,0,False,880.1,3,3,645.0,3.28,,,,,1.0,3.7174289136411143,0.5649065654743377,False,False,False,7.1
308775024,11.9492,3688.0,0.532775,2,50.57,23.10321,4070.8928,1.8,2351.0,2.82,7.1,2,1.6,0.2,7.0,3.6,1.0,0,,False,,0,0,False,1723.1,2,2,2372.0,1.22,,,,,1.0,3.5193432587333984,0.5114590614408595,False,False,False,7.1
318570817,11.5941,3436.0,0.501517,5,2879.0,47.10963,1353.5039,0.62,3390.0,3.19,7.0,2,1.6,0.7,6.9,3.7,1.0,0,,False,,0,0,False,1278.0,2,2,3590.0,1.22,,,,,1.0,4.286491475869234,0.14464043693782772,False,False,False,7.0
406349525,12.1172,3515.0,0.465901,3,2904.61,18.63218,1388.8749,1.8,2813.0,2.7,7.0,2,0.0,-0.3,6.6,3.4,2.0,0,,False,,0,0,False,1697.5,2,2,2705.0,1.38,,,,,1.0,2.9956560383958193,0.600870052145207,False,False,False,7.0
152109597,10.743,3793.0,0.562213,2,52.74,26.67197,4067.466,2.1,1341.0,2.25,7.0,2,1.7,1.8,6.5,4.1,2.0,0,,False,,0,0,False,712.4,2,2,1109.0,1.36,,,,,1.0,3.826724947854996,0.5487721298540462,False,False,False,7.0
284041308,12.2218,3551.0,0.387684,2,52.28,24.86119,4069.9621,2.4,2952.0,2.3,7.0,2,3.8,-0.6,6.9,3.6,1.0,0,,False,,0,0,False,2246.0,2,2,3038.0,1.53,,,,,1.0,2.9176566542011746,0.8225779399177098,False,False,False,7.0
284041309,12.2349,3556.0,0.382898,2,52.27,24.18339,4069.9871,4.2,3066.0,2.31,7.0,2,1.2,1.5,7.0,4.0,1.0,0,,False,,0,0,False,2373.8,2,2,2628.0,1.25,,,,,1.0,2.8670554063936695,1.4649176261588113,False,False,False,7.0
