tic,Tmag,Teff,rad,nsec,baseline,P,t0,dur_h,depth_ppm,rp_re,snr,ntr,oe_sig,sec_sig,block_snr,block_sde,alias,n_tce_same_star,tce_match,has_tce_match,nearby_toi_match,n_nearby_toi,n_toi_ctoi_within_1arcmin,sys13_7,rms10_ppm,matches_known_planet,n_pos_transits,n_transits_measured,median_transit_ppm,max_over_median,snr_comb,chi2_depths,snr_wo_max,n_transits_sig,frac_pos,tmax_h,dur_ratio,claimed_nearby,pass_phys,consistent,rank_snr
275083922,10.9613,3691.0,0.494532,3,1496.77,2.92632,1546.4177,3.0,1715.0,2.23,28.3,23,1.9,0.7,23.2,8.5,1.0,10,"00275083922-01(1:1,ntoi=2);00275083922-01(1:1,ntoi=3);00275083922-01(1:1,ntoi=2);00275083922-01(1:1,ntoi=1);00275083922-01(1:1,ntoi=2)",True,,0,1,False,1328.5,False,23,23,2046.0,1.4,33.3,1.5,31.9,23,1.0,1.6818160724256936,1.7837860210677388,True,True,True,31.9
51961435,12.4792,3703.0,0.52238,1,27.33,2.44652,2882.6481,1.5,6265.0,4.51,21.8,12,0.9,1.7,21.9,8.0,1.0,1,"00051961435-01(1:1,ntoi=1)",True,CTOI51961435.01(1:1),0,1,False,3002.9,True,12,12,7387.0,1.27,31.9,2.0,28.3,12,1.0,1.6432951678512924,0.9128001039285842,True,True,True,28.3
289584752,12.163,3677.0,0.517214,3,952.68,6.45996,1817.9104,3.15,2208.0,2.65,16.3,12,0.1,3.8,14.4,5.6,1.0,4,"00289584752-01(1:3,ntoi=1);00289584752-01(1:3,ntoi=1);00289584752-01(1:3,ntoi=1);00289584752-01(1:3,ntoi=1)",True,CTOI289584752.01(1:3),0,1,False,1993.9,True,12,12,2557.0,1.42,21.1,1.4,19.6,12,1.0,2.2563081818218094,1.396085882849832,True,True,True,19.6
284441182,11.4752,3624.0,0.49012,6,1871.15,2.5271,1766.4697,1.2,1532.0,2.09,15.4,37,0.9,0.0,11.2,10.0,1.0,9,"00284441182-01(1:1,ntoi=1);00284441182-01(1:1,ntoi=1);00284441182-01(1:1,ntoi=2);00284441182-01(1:1,ntoi=1);00284441182-01(1:1,ntoi=2);00284441182-01(1:1,ntoi=1);00284441182-01(1:1,ntoi=1)",True,1470.01(1:1),1,1,False,1307.5,True,35,35,1584.0,1.89,19.6,0.9,18.5,29,1.0,1.5920280665460107,0.7537555557066676,True,True,True,18.5
275083922,10.9613,3691.0,0.494532,3,1496.77,8.79659,1546.3677,3.0,1638.0,2.18,17.0,9,0.9,-1.6,14.8,4.6,1.0,10,"00275083922-01(1:3,ntoi=2);00275083922-01(1:3,ntoi=3);00275083922-01(1:3,ntoi=2);00275083922-01(1:3,ntoi=1);00275083922-01(1:3,ntoi=2)",True,,0,1,False,1328.5,False,9,9,1988.0,1.3,19.4,1.0,17.6,9,1.0,2.4272211262526424,1.2359813317180803,True,True,True,17.6
36724087,10.5848,3331.0,0.374139,5,2554.86,12.25225,1546.8468,1.2,2584.0,2.08,22.2,7,2.0,-2.0,20.3,4.5,1.0,12,"00036724087-02(1:1,ntoi=2);00036724087-02(1:1,ntoi=2);00036724087-01(1:1,ntoi=2);00036724087-02(1:1,ntoi=2);00036724087-01(1:1,ntoi=2);00036724087-02(1:1,ntoi=2)",True,732.02(1:1),2,2,False,1050.9,True,6,6,2497.0,1.22,20.3,2.6,16.9,6,1.0,2.2506202978430716,0.5331863402947378,True,True,True,16.9
275248683,11.4407,3427.0,0.387661,5,1495.98,1.59404,1518.7938,1.8,1000.0,1.34,13.0,43,0.2,1.2,12.3,3.9,1.0,5,"00275248683-01(1:3,ntoi=1);00275248683-01(1:3,ntoi=1);00275248683-01(1:3,ntoi=1);00275248683-01(1:3,ntoi=1);00275248683-01(1:3,ntoi=1)",True,717.01(1:3),1,1,False,1167.7,True,32,35,993.0,2.27,16.3,1.9,15.0,16,0.9142857142857143,1.167730902898938,1.5414510273997453,True,True,True,15.0
51961435,12.4792,3703.0,0.52238,1,27.33,7.34005,2887.5356,2.1,6202.0,4.49,13.5,4,0.4,1.4,13.5,4.1,1.0,1,"00051961435-01(1:3,ntoi=1)",True,CTOI51961435.01(1:3),0,1,False,3002.9,True,4,4,6917.0,1.18,18.5,0.7,14.6,4,1.0,2.3700944910584183,0.886040623242071,True,True,True,14.6
286763141,9.72334,3548.0,0.467725,6,2528.37,7.34932,1551.8598,1.58,385.0,1.0,12.4,21,2.6,-2.0,8.1,6.4,1.0,3,"00286763141-01(1:1,ntoi=2)",True,,1,1,False,436.5,False,20,20,480.0,1.52,15.2,1.6,14.0,16,1.0,2.2026782781633854,0.7173085673307767,True,True,True,14.0
329148988,11.3078,3546.0,0.460014,9,1871.47,13.63499,1747.1932,2.1,974.0,1.57,10.8,13,0.8,0.5,8.1,6.9,1.0,5,"00329148988-01(2:1,ntoi=1);00329148988-01(2:1,ntoi=1);00329148988-01(1:1,ntoi=1);00329148988-01(1:1,ntoi=2)",True,2285.01(2:1),2,3,True,1056.1,True,13,13,1156.0,1.51,13.5,2.4,12.4,11,1.0,2.676746651339696,0.7845344642343953,True,True,True,12.4
348054109,12.0575,3256.0,0.365717,5,1495.86,7.60375,2010.8283,4.5,1905.0,1.74,13.8,13,1.8,-0.6,11.3,2.8,1.0,5,,False,,1,1,False,2551.0,False,13,13,2130.0,1.77,13.5,3.3,12.0,11,1.0,1.8908090380407887,2.379933620722901,True,True,True,12.0
275248683,11.4407,3427.0,0.387661,5,1495.98,3.71944,1520.9078,1.58,1281.0,1.51,10.5,15,1.4,0.1,10.9,3.2,1.0,5,,False,,1,1,False,1167.7,False,12,14,1540.0,1.42,13.3,3.3,11.4,10,0.8571428571428571,1.5488245394160869,1.0201284650330156,True,True,True,11.4
165827520,12.295,3230.0,0.307821,4,2549.67,7.74918,1604.8653,1.12,4438.0,2.24,13.4,5,0.2,-0.5,10.2,7.6,1.0,5,"00165827520-01(1:1,ntoi=1);00165827520-01(1:1,ntoi=1);00165827520-01(1:1,ntoi=1);00165827520-01(1:1,ntoi=1);00165827520-01(2:1,ntoi=1)",True,3494.01(1:1),1,1,False,1926.8,True,5,5,4895.0,1.12,13.3,0.4,11.2,5,1.0,1.6962598144350634,0.6602762091448912,True,True,True,11.2
77156829,10.4276,3563.0,0.33819,6,2879.66,0.86023,1411.473,0.62,454.0,0.79,10.6,74,0.2,0.1,8.7,8.0,1.0,13,"00077156829-01(1:1,ntoi=2);00077156829-01(1:1,ntoi=3);00077156829-01(1:1,ntoi=1);00077156829-02(1:1,ntoi=2);00077156829-01(1:1,ntoi=2);00077156829-02(1:1,ntoi=2)",True,696.01(1:1),3,3,False,582.4,True,60,65,457.0,2.8,11.6,1.3,11.1,18,0.9230769230769231,0.8680012086627922,0.7142847196666317,True,True,True,11.1
284441182,11.4752,3624.0,0.49012,6,1871.15,7.58128,1766.4697,1.2,1578.0,2.12,9.3,12,0.2,-0.1,7.4,5.0,1.0,9,"00284441182-01(1:3,ntoi=1);00284441182-01(1:3,ntoi=1);00284441182-01(1:3,ntoi=2);00284441182-01(1:3,ntoi=1);00284441182-01(1:3,ntoi=2);00284441182-01(1:3,ntoi=1);00284441182-01(1:3,ntoi=1)",True,1470.01(1:3),1,1,False,1307.5,True,12,12,1718.0,1.74,12.4,1.2,11.0,11,1.0,2.2960997757991315,0.5226253722281531,True,True,True,11.0
277634430,12.0874,3306.0,0.241857,7,1523.93,2.32627,1571.4398,1.5,639.0,0.67,9.3,70,0.6,-2.1,8.0,5.4,1.0,12,"00277634430-01(1:1,ntoi=1);00277634430-01(1:1,ntoi=2);00277634430-01(1:1,ntoi=2);00277634430-01(1:1,ntoi=1);00277634430-01(1:1,ntoi=1);00277634430-01(1:1,ntoi=1);00277634430-01(1:1,ntoi=1);00277634430-01(1:1,ntoi=1);00277634430-01(1:1,ntoi=1);00277634430-01(1:1,ntoi=1)",True,771.01(1:1),1,1,False,1621.4,True,61,69,659.0,2.95,10.9,1.4,10.5,22,0.8840579710144928,0.9670912228602562,1.5510429259854308,True,True,True,10.5
29960109,11.2003,3450.0,0.446984,2,758.83,2.49204,1411.6396,0.75,2378.0,2.38,12.0,9,1.4,0.0,11.8,8.5,1.0,3,"00029960109-01(1:1,ntoi=1);00029960109-01(1:1,ntoi=1);00029960109-01(1:1,ntoi=1)",True,393.01(1:1);1201.01(1:1),2,2,False,1287.8,True,9,9,2169.0,1.4,11.1,1.8,10.1,9,1.0,1.49023450694725,0.5032764954130456,True,True,True,10.1
119081096,12.4268,3817.0,0.503498,2,761.52,1.25742,1518.5781,2.4,805.0,1.56,7.3,26,1.7,-2.3,6.9,3.4,1.0,1,,False,,1,1,False,1788.7,False,22,25,1000.0,2.37,10.6,2.3,9.6,12,0.88,1.2843998567933463,1.868576975702784,True,True,True,9.6
286763141,9.72334,3548.0,0.467725,6,2528.37,4.89955,1546.9613,1.5,243.0,0.8,8.9,27,0.5,3.9,6.8,4.6,2.0,3,,False,,1,1,False,436.5,False,24,27,231.0,2.9,10.2,3.8,9.3,13,0.8888888888888888,1.9242171502731142,0.7795377978972369,True,True,True,9.3
422217860,11.8706,3687.0,0.621449,3,1245.25,4.99218,2555.0604,1.58,1423.0,2.56,7.9,8,0.3,1.3,6.1,4.7,1.0,4,,False,,1,1,False,1507.1,False,8,8,1502.0,1.33,10.1,0.4,9.1,8,1.0,2.3401410506526195,0.6751729770986963,True,True,True,9.1
277634430,12.0874,3306.0,0.241857,7,1523.93,4.1846,1571.4601,1.58,773.0,0.73,8.1,36,0.2,-2.4,5.8,4.1,1.0,12,,False,,1,1,False,1621.4,False,34,35,925.0,2.68,9.8,1.1,9.1,12,0.9714285714285714,1.1761572373725333,1.3433578009770428,True,True,True,9.1
328081248,11.1798,3521.0,0.343358,2,763.06,14.01036,2780.5903,1.58,2191.0,1.75,11.6,4,1.6,0.5,8.9,4.4,2.0,5,"00328081248-02(1:1,ntoi=2)",True,,1,2,False,1062.5,False,4,4,2443.0,1.21,12.3,2.1,8.6,4,1.0,2.2225737086726873,0.7108875596947334,True,True,True,8.6
468983280,11.6923,3547.0,0.415961,5,1793.74,8.96664,1497.4753,1.2,1043.0,1.47,7.4,13,1.6,-0.4,5.5,4.1,1.0,3,,False,,2,2,False,1267.0,False,13,13,1068.0,1.86,9.8,1.0,8.2,10,1.0,2.1766400421683945,0.5513084280139153,True,True,True,8.2
383313006,11.7958,3719.0,0.556904,2,50.14,4.25509,3833.5128,1.0,1156.0,2.07,7.0,11,0.0,-0.5,6.4,6.8,1.0,0,,False,,1,1,False,1280.0,True,11,11,1422.0,1.36,9.7,0.9,8.1,9,1.0,2.062361387266073,0.48488107185018114,True,True,True,8.1
305436012,11.5034,3403.0,0.474954,2,49.23,2.31607,1766.9703,2.25,661.0,1.33,7.5,16,0.3,3.7,6.0,2.5,0.5,1,"00305436012-01(1:2,ntoi=1)",True,CTOI305436012.01(1:2),0,1,False,1291.0,True,14,16,860.0,1.95,9.1,3.5,8.0,8,0.875,1.5143510191085796,1.4857849808985892,True,True,True,8.0
284441182,11.4752,3624.0,0.49012,6,1871.15,12.63583,1771.4978,2.25,1555.0,2.11,7.8,9,0.5,0.3,7.2,4.6,1.0,9,,False,,1,1,False,1307.5,False,9,9,1458.0,1.77,8.9,1.1,7.9,7,1.0,2.722353399619292,0.8264907856249125,True,True,True,7.9
119584412,9.85623,3815.0,0.545591,2,764.19,6.6888,1900.0799,2.4,369.0,1.14,7.8,6,1.1,0.9,7.2,4.0,1.0,3,,False,,1,1,False,492.7,False,6,6,404.0,2.03,8.9,2.9,7.0,4,1.0,2.3653885811000923,1.0146324452466118,True,True,True,7.0
240968774,10.5977,3834.0,0.490737,4,1871.09,10.21795,1770.9581,1.2,623.0,1.34,7.1,9,0.8,0.3,6.7,4.4,1.0,5,,False,,1,1,False,695.7,False,9,9,633.0,2.68,8.5,3.0,6.9,7,1.0,2.5384118558858786,0.4727365250904932,True,True,True,6.9
384888319,10.1406,3611.0,0.492759,3,784.83,14.21153,2449.6015,2.25,413.0,1.09,7.1,6,0.0,1.4,6.3,4.3,2.0,5,,False,,1,1,False,526.1,False,6,6,448.0,1.5,8.7,0.6,6.8,6,1.0,2.8412641801884093,0.7919010191621106,True,True,True,6.8
176963071,12.1277,3517.0,0.49517,2,1133.35,8.85405,2665.4845,1.5,2245.0,2.56,7.2,4,0.5,0.3,6.2,3.8,1.0,6,,False,,0,1,False,1777.3,False,4,4,2386.0,1.27,8.2,1.0,6.6,4,1.0,2.4345862640272236,0.6161211135393257,True,True,True,6.6
384888319,10.1406,3611.0,0.492759,3,784.83,5.65587,2452.5703,1.5,374.0,1.04,7.1,11,0.2,2.3,6.3,4.0,1.0,5,,False,,1,1,False,526.1,False,11,11,369.0,2.34,7.6,1.4,6.5,8,1.0,2.089927129930078,0.7177283736443887,True,True,True,6.5
260657291,12.0365,3814.0,0.547515,26,2607.48,4.06079,1329.1723,0.5,1497.0,2.31,7.7,46,0.5,-0.9,6.1,5.1,1.0,32,,False,,0,1,False,1415.2,False,13,13,2234.0,1.35,9.8,1.3,6.2,6,1.0,2.0075936756284234,0.2490543809087705,True,True,True,6.2
308794367,9.80434,3586.0,0.44624,4,1467.57,1.94989,2308.2615,3.15,1893.0,2.12,115.9,53,2.9,2.4,80.8,7.0,1.0,6,"00308794367-01(1:1,ntoi=1);00308794367-01(1:1,ntoi=1);00308794367-01(1:1,ntoi=1);00308794367-01(1:1,ntoi=1);00308794367-01(1:1,ntoi=1);00308794367-01(1:1,ntoi=1)",True,CTOI308794367.01(1:1),0,1,False,748.6,True,53,53,1830.0,1.59,129.5,16.1,126.7,53,1.0,1.371694285326228,2.296430067324251,True,True,False,126.7
308794367,9.80434,3586.0,0.44624,4,1467.57,0.64998,2307.5865,2.25,1085.0,1.6,78.7,132,2.8,-2.8,54.2,6.5,1.0,6,"00308794367-01(3:1,ntoi=1);00308794367-01(3:1,ntoi=1);00308794367-01(3:1,ntoi=1);00308794367-01(3:1,ntoi=1);00308794367-01(3:1,ntoi=1);00308794367-01(3:1,ntoi=1)",True,CTOI308794367.01(3:1),0,1,False,748.6,True,83,106,1126.0,2.88,86.9,74.8,84.8,58,0.7830188679245284,0.9510878269686754,2.365712120584322,True,True,False,84.8
308794367,9.80434,3586.0,0.44624,4,1467.57,5.84972,2308.2428,2.25,2166.0,2.27,67.2,18,0.3,-3.1,45.6,5.3,1.0,6,"00308794367-01(1:3,ntoi=1);00308794367-01(1:3,ntoi=1);00308794367-01(1:3,ntoi=1);00308794367-01(1:3,ntoi=1);00308794367-01(1:3,ntoi=1);00308794367-01(1:3,ntoi=1)",True,CTOI308794367.01(1:3),0,1,False,748.6,True,18,18,2048.0,1.61,72.6,13.3,69.2,18,1.0,1.9783311301617488,1.1373222438328812,True,True,False,69.2
78740218,11.9019,3455.0,0.490046,3,759.09,2.55967,1469.6268,3.15,3589.0,3.2,39.3,26,1.7,-0.0,36.2,7.2,1.0,5,"00078740218-01(1:1,ntoi=1);00078740218-01(1:1,ntoi=1);00078740218-01(1:1,ntoi=1);00078740218-01(1:1,ntoi=1)",True,CTOI78740218.01(1:1),0,1,False,2213.1,True,26,26,2806.0,3.62,49.6,49.2,45.8,26,1.0,1.5986774627968605,1.9703786869486015,True,True,False,45.8
211380233,12.1074,3416.0,0.288607,3,1853.79,13.91662,1339.0676,3.15,5279.0,2.29,27.5,5,2.5,0.2,14.5,3.5,2.0,5,"00211380233-01(1:3,ntoi=1);00211380233-01(1:3,ntoi=1);00211380233-01(1:3,ntoi=1);00211380233-01(1:1,ntoi=1);00211380233-01(1:3,ntoi=1)",True,,0,1,True,1833.1,True,4,4,5737.0,1.45,34.4,24.7,24.6,4,1.0,1.97510773854937,1.594849707952406,True,True,False,24.6
59465088,12.3479,3715.0,0.564469,2,759.09,3.50768,1468.5693,3.0,5898.0,4.73,30.0,7,0.2,1.1,31.8,5.7,1.0,3,"00059465088-01(2:1,ntoi=2);00059465088-02(2:1,ntoi=2);00059465088-01(1:1,ntoi=1)",True,CTOI59465088.01(1:1),0,1,False,2350.9,True,7,7,6194.0,1.74,30.5,15.9,24.4,7,1.0,1.9512294708839533,1.5374921529044603,True,True,False,24.4
307210830,9.41242,3429.0,0.31416,27,2691.5,3.14756,1355.7626,1.8,160.0,0.43,16.8,155,0.9,3.6,10.3,7.3,1.0,104,"00307210830-04(1:3,ntoi=4);00307210830-04(1:3,ntoi=4);00307210830-04(1:3,ntoi=5);00307210830-05(1:3,ntoi=5);00307210830-05(1:3,ntoi=5);00307210830-04(1:3,ntoi=5);00307210830-05(1:3,ntoi=5);00307210830-04(1:3,ntoi=5);00307210830-04(1:3,ntoi=4);00307210830-03(1:3,ntoi=4);00307210830-03(1:3,ntoi=3);00307210830-03(1:3,ntoi=3)",True,CTOI307210830.04(1:3),3,4,False,353.5,True,133,151,164.0,3.67,19.8,2.2,19.3,52,0.8807947019867549,1.2734060006395318,1.4135318972079616,True,True,False,19.3
51961435,12.4792,3703.0,0.52238,1,27.33,0.81554,2882.6497,1.58,2222.0,2.69,12.8,33,1.0,0.7,12.6,3.7,1.0,1,"00051961435-01(3:1,ntoi=1)",True,CTOI51961435.01(3:1),0,1,False,3002.9,True,22,33,696.0,13.34,20.5,20.5,17.1,13,0.6666666666666666,1.1394127555577502,1.3866792277804363,True,True,False,17.1
59465088,12.3479,3715.0,0.564469,2,759.09,10.52271,1468.5693,4.2,5316.0,4.49,21.1,3,0.6,0.1,22.0,3.3,1.0,3,"00059465088-01(1:3,ntoi=1)",True,CTOI59465088.01(1:3),0,1,False,2350.9,True,3,3,6391.0,1.44,24.2,37.9,15.7,3,1.0,2.814130448520815,1.4924681271288034,True,True,False,15.7
387294150,11.4353,3944.0,0.628984,7,2196.33,16.82243,2038.2964,2.1,1279.0,2.45,12.2,10,0.5,0.7,12.0,9.4,1.0,2,"00387294150-01(1:1,ntoi=1)",True,6904.01(1:1),1,1,False,1119.5,True,10,10,1451.0,1.63,14.2,5.1,12.6,7,1.0,3.536694953126405,0.5937747043022809,True,True,False,12.6
375517114,12.2754,3201.0,0.228159,1,26.02,3.24692,2770.5048,1.5,4828.0,1.73,11.4,3,0.5,0.7,11.4,3.3,1.0,1,"00375517114-01(1:3,ntoi=1)",True,CTOI375517114.01(1:3),0,1,False,2373.0,True,3,3,5369.0,1.06,14.8,0.3,11.8,3,1.0,1.0395783504193288,1.4428926875929589,True,True,False,11.8
434116397,10.3224,3844.0,0.590924,2,758.88,0.59066,2825.8291,1.05,364.0,1.23,9.5,41,0.1,0.6,9.4,7.8,1.0,3,"00434116397-01(1:1,ntoi=1);00434116397-01(1:1,ntoi=1);00434116397-01(1:1,ntoi=1)",True,5955.01(1:1);CTOI434116397.01(1:1),1,2,False,584.4,True,37,41,384.0,3.32,12.2,2.6,11.0,14,0.9024390243902439,1.1109006827016792,0.9451790032628566,True,True,False,11.0
389323171,12.2454,3673.0,0.587151,21,1896.18,1.62407,2037.9827,3.6,333.0,1.17,9.2,202,2.2,2.5,7.6,7.6,0.5,3,"00389323171-01(1:1,ntoi=1);00389323171-01(1:1,ntoi=1);00389323171-01(1:1,ntoi=1)",True,CTOI389323171.01(1:1),0,1,False,2008.5,True,144,198,389.0,7.19,9.8,1.5,9.6,30,0.7272727272727273,1.5496837485611652,2.323054625398564,True,True,False,9.6
236387002,10.3978,3606.0,0.4983,5,1496.31,25.89252,1956.6277,3.15,1725.0,2.26,16.0,3,0.0,2.1,15.7,2.9,2.0,11,,False,,1,1,False,823.0,False,3,3,1948.0,1.59,16.6,40.9,9.2,3,1.0,3.4961789924623012,0.9009836186280344,True,True,False,9.2
274662200,10.9313,3526.0,0.53023,6,1872.8,1.22925,1711.7747,2.4,248.0,0.91,9.5,113,1.5,0.5,6.7,5.2,0.5,11,"00274662200-01(1:1,ntoi=1);00274662200-01(1:1,ntoi=1);00274662200-01(1:1,ntoi=1);00274662200-01(1:1,ntoi=1);00274662200-01(1:1,ntoi=1);00274662200-01(1:1,ntoi=1);00274662200-01(1:1,ntoi=1);00274662200-01(1:1,ntoi=1);00274662200-01(1:1,ntoi=1);00274662200-01(1:1,ntoi=1);00274662200-01(1:1,ntoi=1)",True,1285.01(1:1),1,1,False,961.9,True,93,113,258.0,3.43,9.2,1.4,8.9,17,0.8230088495575221,1.3194650681939863,1.8189189375698989,True,True,False,8.9
289164482,10.3543,3943.0,0.63072,8,1849.61,15.99088,1688.021,4.5,394.0,1.37,11.4,13,1.1,2.4,14.4,4.1,1.0,11,,False,,2,2,False,683.2,False,11,13,386.0,3.56,10.6,10.1,8.9,8,0.8461538461538461,3.4838288971863878,1.2916822647731905,True,True,False,8.9
100608026,10.8835,3996.0,0.6194,6,2852.44,2.75342,1438.7692,2.4,214.0,0.99,8.1,54,1.7,-1.5,9.2,4.8,1.0,8,"00100608026-01(3:1,ntoi=1);00100608026-01(3:1,ntoi=1);00100608026-01(3:1,ntoi=1);00100608026-01(3:1,ntoi=1);00100608026-01(3:1,ntoi=1);00100608026-01(3:1,ntoi=1)",True,475.01(3:1),1,1,False,704.8,True,35,54,139.0,12.64,10.5,7.9,8.8,13,0.6481481481481481,1.914902130148795,1.2533277613584937,True,True,False,8.8
119081096,12.4268,3817.0,0.503498,2,761.52,1.25539,1518.5531,3.0,739.0,1.49,7.1,23,0.7,-2.9,6.7,3.2,0.5,1,,False,,1,1,False,1788.7,False,20,23,754.0,3.21,9.7,2.5,8.6,10,0.8695652173913043,1.2837082989272883,2.3369795166915295,True,True,False,8.6
286763141,9.72334,3548.0,0.467725,6,2528.37,2.22004,1546.6113,1.2,156.0,0.64,7.7,64,1.1,-0.7,7.1,4.0,1.0,3,,False,,1,1,False,436.5,False,47,64,174.0,4.73,9.5,2.1,8.6,13,0.734375,1.4779359603981033,0.8119431640845675,True,True,False,8.6
274662200,10.9313,3526.0,0.53023,6,1872.8,1.22929,1711.7247,2.4,241.0,0.9,9.4,113,1.4,-0.6,6.4,4.8,2.0,11,"00274662200-01(1:1,ntoi=1);00274662200-01(1:1,ntoi=1);00274662200-01(1:1,ntoi=1);00274662200-01(1:1,ntoi=1);00274662200-01(1:1,ntoi=1);00274662200-01(1:1,ntoi=1);00274662200-01(1:1,ntoi=1);00274662200-01(1:1,ntoi=1);00274662200-01(1:1,ntoi=1);00274662200-01(1:1,ntoi=1);00274662200-01(1:1,ntoi=1)",True,1285.01(1:1),1,1,False,961.9,True,89,113,235.0,4.08,8.7,1.6,8.4,17,0.7876106194690266,1.3194793799098739,1.8188992086893623,True,True,False,8.4
166184426,11.1825,3327.0,0.31097,2,758.92,5.45023,1605.225,2.1,1219.0,1.18,9.3,7,1.6,0.8,10.2,3.5,1.0,2,"00166184426-01(3:1,ntoi=1);00166184426-01(3:1,ntoi=1)",True,1955.01(3:1);4336.01(3:1);CTOI166184426.01(3:1),2,4,False,1210.1,True,7,7,869.0,4.51,11.9,20.9,7.8,4,1.0,1.5187707801484631,1.3826971307643412,True,True,False,7.8
48353358,12.1042,3759.27,0.460619,12,1875.68,6.71493,1688.1892,4.8,404.0,1.01,8.1,43,0.8,-0.8,6.5,3.9,1.0,9,,False,,1,1,True,1632.3,False,39,43,415.0,12.9,7.9,1.5,7.7,9,0.9069767441860465,2.1156802050763064,2.2687738858089275,True,True,False,7.7
200593988,12.3069,3601.0,0.466652,3,1817.1,5.13206,1470.8474,3.15,1738.0,2.12,11.0,12,1.9,1.9,10.9,3.5,1.0,4,"00200593988-01(3:1,ntoi=1)",True,,1,1,False,2338.3,False,10,12,1176.0,5.18,12.0,18.4,7.6,6,0.8333333333333334,1.9511962684203905,1.6143942313656188,True,True,False,7.6
261135533,10.4458,3423.0,0.369077,3,1845.51,16.49075,1740.3571,2.25,778.0,1.12,8.9,5,2.9,-0.7,9.3,3.5,2.0,8,,False,,1,2,False,638.9,False,5,5,710.0,2.66,12.1,11.2,7.3,4,1.0,2.4624443126620394,0.9137262468963713,True,True,False,7.3
22760643,10.8345,3219.0,0.270406,3,1496.46,19.14409,1586.504,4.2,970.0,0.92,10.7,3,2.7,1.0,10.2,4.1,2.0,8,,False,,0,1,False,803.8,False,3,3,1064.0,1.32,11.6,4.8,7.3,3,1.0,2.1032815830758533,1.9968795589689383,True,True,False,7.3
307809773,7.89863,3807.0,0.465559,5,811.21,13.63518,2484.8333,3.6,176.0,0.67,8.6,3,0.3,-0.8,8.0,3.8,1.0,14,,False,,2,2,True,180.5,False,3,3,213.0,1.09,9.1,0.3,7.2,3,1.0,2.698226502141015,1.3342097103943784,True,True,False,7.2
100608026,10.8835,3996.0,0.6194,6,2852.44,24.78157,1449.7005,2.1,618.0,1.68,8.1,7,1.1,0.0,9.0,4.7,1.0,8,"00100608026-01(1:3,ntoi=1);00100608026-01(1:3,ntoi=1);00100608026-01(1:3,ntoi=1);00100608026-01(1:3,ntoi=1);00100608026-01(1:3,ntoi=1);00100608026-01(1:3,ntoi=1)",True,475.01(1:3),1,1,False,704.8,True,7,7,750.0,2.44,11.4,12.5,7.1,4,1.0,3.9831992702778414,0.5272143966459197,True,True,False,7.1
381897917,10.3154,3614.0,0.531248,5,2547.23,1.78912,1658.1123,2.25,154.0,0.72,7.3,62,0.7,-2.9,11.8,3.0,1.0,4,,False,,1,1,False,636.5,False,43,62,135.0,8.45,7.3,3.1,6.8,17,0.6935483870967742,1.497222423922947,1.5027827289045423,True,True,False,6.8
166145361,11.9686,3075.0,0.202097,5,2549.66,15.93365,1604.7563,3.0,1777.0,0.93,12.6,8,0.1,-0.9,16.9,2.9,2.0,6,"00166145361-01(1:2,ntoi=1)",True,,1,1,False,1807.6,False,8,8,1027.0,4.72,8.9,9.4,6.7,5,1.0,1.6293709270762204,1.841201380328583,True,True,False,6.7
387294150,11.4353,3944.0,0.628984,7,2196.33,50.47189,2054.9277,2.4,1364.0,2.53,8.3,4,1.0,-0.7,8.7,5.7,1.0,2,"00387294150-01(1:3,ntoi=1)",True,6904.01(1:3),1,1,False,1119.5,True,4,4,1244.0,1.86,9.4,6.0,6.7,3,1.0,5.100951747805807,0.47050043181301776,True,True,False,6.7
262530407,9.49275,3639.0,0.517786,8,2906.02,22.14863,1372.2061,4.2,356.0,1.07,12.1,8,1.5,-1.4,14.4,3.4,1.0,12,,False,,1,1,False,424.4,False,8,8,197.0,5.71,10.4,23.2,6.6,5,1.0,3.4047935683132646,1.233554961771348,True,True,False,6.6
391947345,11.7646,3738.0,0.542077,33,2580.51,47.97446,1343.2236,2.25,941.0,1.81,8.5,14,1.6,2.2,7.1,4.3,2.0,12,,False,,0,1,False,1711.6,False,11,14,984.0,8.3,8.2,10.3,6.6,9,0.7857142857142857,4.542054206181227,0.49537057416399877,True,True,False,6.6
206660104,9.63865,3673.0,0.51404,4,2579.04,13.18242,1356.0406,6.3,174.0,0.74,7.3,8,0.8,0.3,7.2,3.8,2.0,0,,False,,0,1,False,392.0,True,8,8,182.0,2.38,8.1,5.9,6.5,5,1.0,2.8501734186631236,2.210391816423234,True,True,False,6.5
396562848,11.0548,3414.0,0.260187,10,1871.96,13.44837,1796.2413,3.0,414.0,0.58,7.0,15,2.1,-2.4,8.5,3.7,2.0,16,,False,,1,1,True,918.9,False,14,15,316.0,6.07,7.9,3.7,6.5,7,0.9333333333333333,1.8223085221434818,1.646263496848088,True,True,False,6.5
4070275,11.3993,3500.0,0.465777,3,2607.68,28.50549,1458.7586,2.25,1730.0,2.11,9.6,3,0.0,0.9,11.5,5.1,2.0,2,,False,,1,1,False,1164.4,False,3,3,2023.0,1.61,10.7,15.3,6.4,2,1.0,3.451197584845326,0.6519476050516648,True,True,False,6.4
381897917,10.3154,3614.0,0.531248,5,2547.23,2.97819,1659.4623,3.15,175.0,0.77,7.6,37,2.4,-2.6,9.7,2.0,1.0,4,,False,,1,1,False,636.5,False,30,37,161.0,8.74,7.4,5.3,6.4,11,0.8108108108108109,1.7744235785398885,1.7752243816507587,True,True,False,6.4
166145361,11.9686,3075.0,0.202097,5,2549.66,17.07403,1606.6813,2.4,2090.0,1.01,13.0,8,0.6,-0.3,17.5,3.1,2.0,6,,False,,1,1,False,1807.6,False,8,8,1304.0,5.74,9.0,17.1,6.4,4,1.0,1.6673504276040758,1.4394094728177302,True,True,False,6.4
278661431,12.4856,3328.0,0.275375,4,1853.69,14.84849,1338.3454,4.2,2209.0,1.41,9.6,4,0.8,2.4,11.7,3.5,2.0,4,,False,,0,1,False,2318.6,False,3,4,2269.0,2.23,11.1,29.6,6.3,3,0.75,1.9560745280209362,2.1471574522517614,True,True,False,6.3
435878153,12.0398,3392.0,0.380156,2,1117.19,0.74462,1765.0254,2.1,553.0,0.98,7.2,57,0.6,1.9,8.3,3.3,1.0,1,,False,,1,1,False,2033.2,False,41,56,536.0,7.66,7.3,3.0,6.2,11,0.7321428571428571,0.8943230533390929,2.3481447695654567,True,True,False,6.2
166145361,11.9686,3075.0,0.202097,5,2549.66,20.09644,1603.6501,1.8,3871.0,1.37,16.0,4,2.9,0.5,19.4,3.8,2.0,6,,False,,1,1,False,1807.6,False,4,4,3210.0,2.71,15.0,47.1,6.2,3,1.0,1.7604400847824027,1.0224716055715621,True,True,False,6.2
234994474,9.22978,3746.0,0.597007,7,2907.31,47.69562,1331.4344,2.25,404.0,1.31,7.7,4,0.2,-0.6,7.8,4.4,1.0,10,,False,,1,1,False,341.7,False,3,3,492.0,1.85,9.8,8.4,6.2,3,1.0,4.834527954460878,0.46540221117635644,True,True,False,6.2
275248683,11.4407,3427.0,0.387661,5,1495.98,43.88293,1527.3032,2.1,2188.0,1.98,9.6,3,1.8,-0.7,9.0,3.9,2.0,5,,False,,1,1,False,1167.7,False,2,2,2666.0,1.33,12.3,16.6,6.1,2,1.0,3.5259399170449157,0.5955858719680075,True,True,False,6.1
77951245,12.4258,3160.0,0.422267,6,2852.45,52.85356,1487.3183,6.0,1384.0,1.71,7.0,4,1.1,-1.4,6.7,3.8,2.0,7,,False,,1,1,False,2043.6,False,4,4,1647.0,2.1,8.9,11.0,6.0,4,1.0,3.971529604493202,1.5107529333816074,True,True,False,6.0
417931300,11.1806,3700.0,0.542573,7,1683.85,10.09998,1687.0414,1.2,1108.0,1.97,11.0,15,0.9,1.2,18.7,3.2,1.0,4,,False,,1,1,False,1366.3,False,12,15,750.0,9.29,13.2,26.2,5.8,6,0.8,2.703671464916536,0.4438409087684937,True,True,False,5.8
286763141,9.72334,3548.0,0.467725,6,2528.37,39.66471,1566.4926,4.8,278.0,0.85,7.0,5,0.2,0.9,6.8,3.6,2.0,3,,False,,1,1,False,436.5,False,5,5,294.0,2.19,7.4,4.2,5.7,4,1.0,3.863700412261656,1.2423323466713279,True,True,False,5.7
359271092,7.66874,3745.0,0.525276,7,2202.62,36.44963,1560.3931,2.25,169.0,0.74,8.5,4,0.4,2.1,8.7,3.7,2.0,10,,False,,1,1,False,175.3,False,4,4,180.0,1.61,7.7,3.8,5.7,4,1.0,4.058489009528074,0.554393518059972,True,True,False,5.7
232650365,11.9589,3340.0,0.410465,30,1979.21,109.43344,1792.8455,0.5,3672.0,2.71,7.7,5,2.3,1.1,10.1,5.9,2.0,15,,False,,2,2,False,1800.9,False,5,5,3546.0,3.59,10.4,21.9,5.7,3,1.0,4.967170472954681,0.1006609301457252,True,True,False,5.7
354944123,11.0318,3883.0,0.598175,9,2520.2,52.72508,1688.0881,4.5,1041.0,2.11,9.6,3,0.0,0.2,11.5,4.5,2.0,11,,False,,2,2,False,838.2,False,3,3,967.0,3.02,16.0,66.7,5.6,3,1.0,5.005331916825151,0.8990412773373719,True,True,False,5.6
443823169,11.6627,3261.0,0.296806,9,2225.2,23.46503,1508.1223,2.25,1143.0,1.09,8.9,8,2.1,-1.3,11.3,3.3,2.0,4,,False,,1,1,False,1377.6,False,7,8,610.0,8.08,9.1,23.5,5.6,4,0.875,2.3951374938874483,0.9394032725645818,True,True,False,5.6
100103200,8.69367,3850.0,0.517124,6,2579.03,14.25666,1357.381,3.0,381.0,1.1,14.5,8,1.8,2.8,17.7,5.0,1.0,2,,False,,0,3,False,576.8,False,7,8,272.0,5.11,10.0,20.3,5.5,4,0.875,2.9372710231463675,1.0213562100192028,True,True,False,5.5
318022259,10.3595,3691.0,0.532243,3,1119.87,17.28005,1858.6949,2.25,579.0,1.4,7.1,4,2.3,1.5,7.2,3.4,2.0,9,,False,,3,3,False,597.4,False,4,4,580.0,2.04,8.6,5.4,5.4,4,1.0,3.192492834634248,0.7047784025043158,True,True,False,5.4
396562848,11.0548,3414.0,0.260187,10,1871.96,24.46911,1799.9538,4.2,444.0,0.6,7.1,9,0.2,1.0,8.3,3.3,2.0,16,,False,,1,1,False,918.9,False,8,9,286.0,5.86,7.4,9.2,5.4,4,0.8888888888888888,2.224699792115963,1.8878951734900304,True,True,False,5.4
435878153,12.0398,3392.0,0.380156,2,1117.19,9.86114,1766.1442,3.0,1929.0,1.82,8.1,4,0.3,-3.1,8.0,3.1,1.0,1,,False,,1,1,False,2033.2,False,4,4,1612.0,2.32,8.9,5.2,5.3,3,1.0,2.1158842303250234,1.417846948809277,True,True,False,5.3
337385330,10.1857,3973.0,0.605852,5,785.1,26.23791,2505.5269,3.15,462.0,1.42,7.5,4,2.9,-0.3,8.4,3.6,1.0,2,,False,,1,2,False,551.7,False,4,4,635.0,1.45,8.2,7.7,5.3,3,1.0,4.000329246097855,0.7874351850095055,True,True,False,5.3
328081248,11.1798,3521.0,0.343358,2,763.06,17.01267,2777.5794,1.5,1890.0,1.63,8.7,3,2.9,0.2,7.7,3.4,2.0,5,,False,,1,2,False,1062.5,False,3,3,2043.0,1.4,9.7,6.3,5.2,3,1.0,2.371176599620219,0.6325973359555962,True,True,False,5.2
435878153,12.0398,3392.0,0.380156,2,1117.19,17.1534,1768.6817,2.4,3403.0,2.42,8.4,3,1.0,-0.3,7.9,2.9,2.0,1,,False,,1,1,False,2033.2,False,3,3,3968.0,1.02,9.8,0.0,5.2,3,1.0,2.5446785671950667,0.9431446591879217,True,True,False,5.2
321688498,11.1079,3863.0,0.566304,12,1871.15,82.22758,1800.9666,1.12,3636.0,3.73,14.0,3,2.6,0.3,15.9,4.1,2.0,5,,False,,1,1,False,1248.7,False,3,3,2471.0,2.61,16.7,24.5,5.2,3,1.0,5.596466173841588,0.20012628776976907,True,True,False,5.2
240968774,10.5977,3834.0,0.490737,4,1871.09,13.89986,1777.4987,1.8,1014.0,1.7,7.0,3,1.7,-1.3,6.6,4.3,1.0,5,,False,,1,1,True,695.7,False,3,3,919.0,1.86,8.0,4.8,5.1,3,1.0,2.8126194247070635,0.6399728253983282,True,True,False,5.1
443823169,11.6627,3261.0,0.296806,9,2225.2,21.93935,1497.9786,3.15,1047.0,1.05,9.4,8,1.6,1.1,11.0,3.2,2.0,4,,False,,1,1,False,1377.6,False,8,8,529.0,8.13,9.0,21.1,5.1,4,1.0,2.3420598924911826,1.3449698746386176,True,True,False,5.1
417931300,11.1806,3700.0,0.542573,7,1683.85,2.01455,1685.507,2.25,318.0,1.06,9.3,75,0.3,0.6,17.4,2.7,1.0,4,,False,,1,1,False,1366.3,False,46,75,175.0,35.66,6.1,5.3,5.0,15,0.6133333333333333,1.579694464943022,1.424326064269115,True,True,False,5.0
92444219,12.0598,3329.0,0.377615,4,2907.31,21.89423,1328.8254,1.12,2731.0,2.15,7.1,3,1.5,1.0,7.3,4.1,2.0,3,,False,,0,1,False,1724.7,False,3,3,2158.0,1.96,7.1,2.9,4.9,3,1.0,2.7480060066255043,0.40756825032392757,True,True,False,4.9
260657291,12.0365,3814.0,0.547515,26,2607.48,1.10749,1325.8493,0.5,793.0,1.68,7.7,169,1.8,-0.1,5.8,5.0,2.0,32,"00260657291-01(1:3,ntoi=1);00260657291-01(1:3,ntoi=1);00260657291-01(1:3,ntoi=1);00260657291-01(1:3,ntoi=1);00260657291-01(1:3,ntoi=1);00260657291-01(1:3,ntoi=1);00260657291-01(1:3,ntoi=1);00260657291-01(1:3,ntoi=1);00260657291-01(1:3,ntoi=1);00260657291-01(1:3,ntoi=1);00260657291-01(1:3,ntoi=1);00260657291-01(1:3,ntoi=1);00260657291-01(1:3,ntoi=1);00260657291-01(1:3,ntoi=1);00260657291-01(1:3,ntoi=1);00260657291-01(1:3,ntoi=1);00260657291-01(1:3,ntoi=1);00260657291-01(1:3,ntoi=1);00260657291-01(1:3,ntoi=1);00260657291-01(1:3,ntoi=1);00260657291-01(1:3,ntoi=1);00260657291-01(1:3,ntoi=1);00260657291-01(1:3,ntoi=1);00260657291-01(1:3,ntoi=1);00260657291-01(1:3,ntoi=1);00260657291-01(1:3,ntoi=1);00260657291-01(1:3,ntoi=1);00260657291-01(1:3,ntoi=1);00260657291-01(1:3,ntoi=1);00260657291-01(1:3,ntoi=1);00260657291-01(1:3,ntoi=1)",True,CTOI260657291.01(1:3),0,1,False,1415.2,True,31,39,752.0,4.02,7.0,3.6,4.9,8,0.7948717948717948,1.301923840419072,0.38404704213654817,True,True,False,4.9
119584412,9.85623,3815.0,0.545591,2,764.19,2.88319,1900.0674,1.8,239.0,0.92,7.1,16,1.6,0.7,7.1,3.8,1.0,3,,False,,1,1,False,492.7,False,13,16,210.0,4.52,6.3,3.1,4.8,5,0.8125,1.7868064579671936,1.0073838674434927,True,True,False,4.8
100103200,8.69367,3850.0,0.517124,6,2579.03,29.8165,1366.2747,2.25,560.0,1.34,14.4,5,0.7,-1.0,15.1,3.7,2.0,2,,False,,0,3,False,576.8,False,5,5,496.0,2.43,5.9,5.0,4.8,4,1.0,3.7562715212373377,0.5989982319645617,True,True,False,4.8
307809773,7.89863,3807.0,0.465559,5,811.21,13.31533,2476.4005,1.58,154.0,0.63,8.1,8,1.7,0.6,7.6,3.4,1.0,14,,False,,2,2,False,180.5,False,8,8,137.0,4.27,10.1,13.2,4.7,3,1.0,2.676961282188635,0.5902214613683993,True,True,False,4.7
417931300,11.1806,3700.0,0.542573,7,1683.85,8.62685,1688.557,1.05,1073.0,1.94,10.1,15,2.7,1.3,17.0,2.6,1.0,4,,False,,1,1,False,1366.3,False,12,15,625.0,11.25,12.3,25.5,4.5,4,0.8,2.5652586561574036,0.4093154495277424,True,True,False,4.5
435878153,12.0398,3392.0,0.380156,2,1117.19,10.07053,1765.7192,4.2,1800.0,1.76,7.8,3,0.0,-1.8,8.2,3.2,1.0,1,,False,,1,1,False,2033.2,False,3,3,2032.0,1.59,7.7,6.8,4.3,3,1.0,2.1307555881614455,1.9711317540760427,True,True,False,4.3
307809773,7.89863,3807.0,0.465559,5,811.21,21.56978,2480.4203,0.62,235.0,0.78,7.5,7,0.4,0.6,7.3,4.1,1.0,14,,False,,2,2,False,180.5,False,7,7,138.0,2.82,5.5,1.6,4.2,2,1.0,3.143933492692364,0.19720518943581464,True,True,False,4.2
100103200,8.69367,3850.0,0.517124,6,2579.03,12.02613,1359.7685,2.4,392.0,1.12,13.7,9,1.1,-1.0,14.1,4.3,1.0,2,,False,,0,3,False,576.8,False,7,9,414.0,3.34,7.0,11.6,4.2,5,0.7777777777777778,2.7753220625409107,0.8647645015305757,True,True,False,4.2
362249359,10.1461,3920.0,0.603336,8,2230.76,51.74808,1585.4148,1.8,749.0,1.8,7.6,4,0.0,-0.1,8.8,4.3,2.0,6,,False,,1,1,False,590.0,False,3,3,744.0,1.85,8.9,10.0,4.2,2,1.0,5.002793006910933,0.35979901577248014,True,True,False,4.2
307809773,7.89863,3807.0,0.465559,5,811.21,22.07516,2484.8146,1.8,166.0,0.65,7.7,6,0.0,-3.3,7.7,3.5,1.0,14,,False,,2,2,False,180.5,False,5,6,184.0,2.94,8.5,15.0,4.1,4,0.8333333333333334,3.168298306044372,0.5681283219342134,True,True,False,4.1
278661431,12.4856,3328.0,0.275375,4,1853.69,19.22821,1339.5954,4.2,2729.0,1.57,10.5,3,0.8,1.8,11.0,3.1,2.0,4,,False,,0,1,False,2318.6,False,3,3,2924.0,1.8,10.7,38.6,4.0,2,1.0,2.1320837149773815,1.9699038881522326,True,True,False,4.0
234994474,9.22978,3746.0,0.597007,7,2907.31,39.49795,1349.2844,3.15,633.0,1.64,8.0,3,1.4,1.9,7.6,4.2,1.0,10,,False,,1,1,False,341.7,False,3,3,860.0,1.23,9.5,4.5,3.9,3,1.0,4.539967683667473,0.693837537948149,True,True,False,3.9
229781583,12.1819,3692.0,0.524555,39,1979.26,115.59884,1786.6982,4.5,1005.0,1.81,7.4,8,2.9,-0.3,9.4,6.8,2.0,18,,False,,1,1,False,1598.7,False,7,7,522.0,12.74,7.0,25.3,3.8,3,1.0,5.957354901802945,0.7553687960806417,True,True,False,3.8
236934937,11.9959,3869.0,0.475701,25,1951.25,111.05434,1766.9077,0.62,3764.0,3.18,9.5,5,2.8,0.4,14.3,5.7,2.0,7,,False,,1,1,False,1576.3,False,5,5,1426.0,7.76,5.5,10.3,3.7,3,1.0,5.507352172991699,0.11257678472796921,True,True,False,3.7
296739893,10.2139,3586.0,0.547453,5,2555.3,21.7543,1521.0013,0.75,1046.0,1.93,9.3,5,1.3,1.9,10.6,3.7,2.0,7,,False,,1,1,False,594.0,False,5,5,696.0,4.67,8.8,18.8,3.6,3,1.0,3.512539567712258,0.213520726398103,True,True,False,3.6
354944123,11.0318,3883.0,0.598175,9,2520.2,28.65469,1678.9381,6.3,516.0,1.48,8.0,5,2.9,0.3,11.5,4.5,2.0,11,,False,,2,2,False,838.2,False,5,5,244.0,9.51,9.8,37.1,3.6,2,1.0,4.084689393626255,1.5423449356591257,True,True,False,3.6
364074068,12.0948,3756.0,0.562607,20,1897.79,69.39857,1791.4164,2.25,2391.0,3.0,10.6,5,2.0,-1.4,16.7,4.9,2.0,8,,False,,1,1,False,1595.5,False,5,5,1120.0,8.1,14.3,69.7,3.6,3,1.0,5.2657700351703145,0.42728793414299315,True,True,False,3.6
296739893,10.2139,3586.0,0.547453,5,2555.3,24.49786,1535.1289,0.62,1802.0,2.54,11.0,3,0.0,0.2,11.2,4.1,2.0,7,,False,,1,1,False,594.0,False,3,3,869.0,4.45,10.8,39.1,3.5,2,1.0,3.6543956912349667,0.1696586939085617,True,True,False,3.5
100103201,8.89152,3789.0,0.493565,6,2579.03,27.62262,1368.2434,4.8,1071.0,1.76,24.7,3,0.0,2.5,27.8,4.0,2.0,3,,False,,0,3,True,911.0,False,3,3,1560.0,1.8,8.9,36.1,3.5,2,1.0,3.5497095619533496,1.3522233062241393,True,True,False,3.5
233738446,11.6268,3355.0,0.269357,24,1271.96,91.14701,2427.1825,2.25,6071.0,2.29,30.8,3,0.0,-2.3,8.2,6.6,2.0,21,,False,,0,1,False,1365.9,False,3,3,696.0,18.78,8.0,157.1,2.1,2,1.0,3.529186536828313,0.6375406843816421,True,True,False,2.1
153065527,11.2828,3324.0,0.388609,8,2904.61,39.49621,1421.4114,3.15,1177.0,1.45,8.1,3,0.5,-0.2,10.5,4.1,2.0,8,"00153065527-01(1:3,ntoi=1);00153065527-01(1:3,ntoi=2);00153065527-01(1:3,ntoi=1);00153065527-01(1:3,ntoi=1);00153065527-01(1:3,ntoi=1);00153065527-01(1:3,ntoi=1);00153065527-01(1:3,ntoi=1)",True,406.01(1:3),2,3,False,954.2,True,3,3,1087.0,2.5,8.9,32.7,1.9,2,1.0,3.4098504976732484,0.9237941669728451,True,True,False,1.9
278661431,12.4856,3328.0,0.275375,4,1853.69,15.49031,1338.4954,4.2,4413.0,2.0,11.0,3,0.0,-0.0,10.6,2.9,2.0,4,,False,,0,1,False,2318.6,False,2,3,232.0,25.04,12.4,16.3,-0.0,1,0.6666666666666666,1.9838614445374239,2.1170833333974652,True,True,False,-0.0
272230783,10.9674,3348.0,0.272974,8,1845.45,0.67406,1764.9398,1.58,1562.0,1.18,61.7,171,0.4,23.7,41.2,11.9,1.0,18,"00272230783-01(1:1,ntoi=2);00272230783-02(1:1,ntoi=2);00272230783-01(1:1,ntoi=2);00272230783-02(1:1,ntoi=2);00272230783-01(1:1,ntoi=2);00272230783-02(1:1,ntoi=2);00272230783-01(1:1,ntoi=2);00272230783-02(1:1,ntoi=2);00272230783-01(1:1,ntoi=2);00272230783-02(1:1,ntoi=2);00272230783-01(1:1,ntoi=1);00272230783-01(1:1,ntoi=1);00272230783-01(1:1,ntoi=1);00272230783-01(1:1,ntoi=1);00272230783-01(1:1,ntoi=1);00272230783-01(1:1,ntoi=1);00272230783-01(1:1,ntoi=1);00272230783-01(1:1,ntoi=1)",True,CTOI272230783.01(1:1),0,1,False,1015.4,True,171,171,1617.0,1.58,73.1,1.7,72.5,168,1.0,0.6937271131560696,2.2775526140413995,True,False,True,72.5
272230783,10.9674,3348.0,0.272974,8,1845.45,1.34811,1764.9398,1.58,1520.0,1.16,43.5,87,2.3,43.6,22.2,5.7,0.5,18,"00272230783-01(1:2,ntoi=2);00272230783-02(1:2,ntoi=2);00272230783-01(1:2,ntoi=2);00272230783-02(1:2,ntoi=2);00272230783-01(1:2,ntoi=2);00272230783-02(1:2,ntoi=2);00272230783-01(1:2,ntoi=2);00272230783-02(1:2,ntoi=2);00272230783-01(1:2,ntoi=2);00272230783-02(1:2,ntoi=2);00272230783-01(1:2,ntoi=1);00272230783-01(1:2,ntoi=1);00272230783-01(1:2,ntoi=1);00272230783-01(1:2,ntoi=1);00272230783-01(1:2,ntoi=1);00272230783-01(1:2,ntoi=1);00272230783-01(1:2,ntoi=1);00272230783-01(1:2,ntoi=1)",True,CTOI272230783.01(1:2),0,1,False,1015.4,True,87,87,1645.0,1.63,52.3,1.9,51.5,85,1.0,0.8740392316063127,1.807699177411373,True,False,True,51.5
272230783,10.9674,3348.0,0.272974,8,1845.45,2.02216,1765.6133,1.5,1551.0,1.17,35.5,59,0.0,10.9,23.6,6.1,1.0,18,"00272230783-01(1:3,ntoi=2);00272230783-02(1:3,ntoi=2);00272230783-01(1:3,ntoi=2);00272230783-02(1:3,ntoi=2);00272230783-01(1:3,ntoi=2);00272230783-02(1:3,ntoi=2);00272230783-01(1:3,ntoi=2);00272230783-02(1:3,ntoi=2);00272230783-01(1:3,ntoi=2);00272230783-02(1:3,ntoi=2);00272230783-01(1:3,ntoi=1);00272230783-01(1:3,ntoi=1);00272230783-01(1:3,ntoi=1);00272230783-01(1:3,ntoi=1);00272230783-01(1:3,ntoi=1);00272230783-01(1:3,ntoi=1);00272230783-01(1:3,ntoi=1);00272230783-01(1:3,ntoi=1)",True,CTOI272230783.01(1:3),0,1,False,1015.4,True,59,59,1701.0,1.47,41.4,2.0,40.3,58,1.0,1.0005243323374569,1.4992139136643006,True,False,True,40.3
289584752,12.163,3677.0,0.517214,3,952.68,2.15336,1817.901,3.6,2082.0,2.57,24.8,30,0.5,5.5,21.7,9.5,1.0,4,"00289584752-01(1:1,ntoi=1);00289584752-01(1:1,ntoi=1);00289584752-01(1:1,ntoi=1);00289584752-01(1:1,ntoi=1)",True,CTOI289584752.01(1:1),0,1,False,1993.9,True,30,30,2277.0,1.47,29.8,1.8,29.0,30,1.0,1.5644464031903855,2.3011334825267884,True,False,True,29.0
202185707,11.8206,3468.0,0.454049,3,2220.44,0.55487,1468.4752,1.5,2410.0,2.43,44.5,115,0.8,-33.1,29.1,5.5,1.0,3,"00202185707-01(3:1,ntoi=1);00202185707-01(3:1,ntoi=1);00202185707-01(3:1,ntoi=1)",True,4325.01(3:1),1,1,False,3104.4,True,108,114,2644.0,2.43,29.3,2.0,28.6,80,0.9473684210526315,0.9127262154190774,1.6434281985768058,True,False,True,28.6
272230783,10.9674,3348.0,0.272974,8,1845.45,4.71836,1766.9633,1.5,1612.0,1.2,24.1,25,0.3,6.1,6.5,4.8,1.0,18,,False,,0,1,False,1015.4,False,25,25,1708.0,1.59,29.2,2.1,27.6,25,1.0,1.327046602081475,1.1303295586208104,True,False,True,27.6
272230783,10.9674,3348.0,0.272974,8,1845.45,6.06653,1767.632,1.5,1576.0,1.18,22.3,21,1.6,5.5,6.7,3.3,1.0,18,,False,,0,1,False,1015.4,False,21,21,1827.0,1.37,26.7,2.8,24.9,20,1.0,1.4430097528085108,1.0394940138696704,True,False,True,24.9
202185707,11.8206,3468.0,0.454049,3,2220.44,0.73852,1469.0517,1.58,2501.0,2.48,41.0,84,1.8,43.6,27.2,5.0,1.0,3,,False,,1,1,False,3104.4,False,81,84,2873.0,2.18,24.5,2.6,24.0,60,0.9642857142857143,1.003993412717804,1.5737155044901636,True,False,True,24.0
202185707,11.8206,3468.0,0.454049,3,2220.44,0.92478,1469.033,1.58,2637.0,2.54,39.2,69,1.2,-32.8,26.5,4.8,1.0,3,,False,,1,1,False,3104.4,False,65,66,2696.0,2.4,23.7,2.0,23.0,51,0.9848484848484849,1.0821552879583183,1.4600492346906662,True,False,True,23.0
275083922,10.9613,3691.0,0.494532,3,1496.77,5.85265,1549.3552,3.6,1650.0,2.19,20.9,11,1.3,19.5,14.7,4.5,0.5,10,"00275083922-01(1:2,ntoi=2);00275083922-01(1:2,ntoi=3);00275083922-01(1:2,ntoi=2);00275083922-01(1:2,ntoi=1);00275083922-01(1:2,ntoi=2)",True,,0,1,False,1328.5,False,11,11,1997.0,1.28,24.6,2.4,22.9,11,1.0,2.1189566785373755,1.6989493161723934,True,False,True,22.9
375517114,12.2754,3201.0,0.228159,1,26.02,1.08229,2770.5048,2.1,3545.0,1.48,17.4,10,1.2,1.7,17.7,6.7,1.0,1,"00375517114-01(1:1,ntoi=1)",True,CTOI375517114.01(1:1),0,1,False,2373.0,True,10,10,4149.0,1.31,21.7,3.4,19.1,10,1.0,0.7207996698811476,2.913430857073323,True,False,True,19.1
348054109,12.0575,3256.0,0.365717,5,1495.86,3.05414,2010.7783,6.0,1272.0,1.42,17.4,29,0.2,16.6,12.1,3.2,0.5,5,,False,,1,1,False,2551.0,False,29,29,1502.0,1.75,20.0,1.6,18.9,24,1.0,1.3950872621160697,4.300806238384826,True,False,True,18.9
202185707,11.8206,3468.0,0.454049,3,2220.44,1.29502,1469.5861,1.58,2528.0,2.49,32.1,50,2.9,-27.3,18.3,3.4,1.0,3,,False,,1,1,False,3104.4,False,48,49,2428.0,2.93,18.4,2.5,17.5,34,0.9795918367346939,1.210697377197859,1.3050329750089047,True,False,True,17.5
22760643,10.8345,3219.0,0.270406,3,1496.46,7.57809,1578.904,4.2,1142.0,1.0,17.4,6,0.1,-3.7,13.1,6.5,1.0,8,"00022760643-02(1:1,ntoi=2);00022760643-01(1:1,ntoi=2);00022760643-01(1:1,ntoi=2);00022760643-02(1:1,ntoi=2);00022760643-01(1:1,ntoi=1);00022760643-01(2:1,ntoi=2);00022760643-02(1:1,ntoi=2);00022760643-01(1:1,ntoi=1)",True,CTOI22760643.01(1:1),0,1,False,803.8,True,6,6,1311.0,1.16,19.7,0.5,17.2,6,1.0,1.5443264018010623,2.7196323232587183,True,False,True,17.2
52280468,12.3123,3364.0,0.502513,3,2221.45,2.27199,1470.4229,6.3,1023.0,1.75,13.5,26,0.1,12.1,9.7,4.4,0.5,5,,False,,1,1,False,2007.9,False,26,26,1196.0,1.63,17.6,1.0,16.8,25,1.0,1.5623390940486936,4.0324152573523495,True,False,True,16.8
67646988,12.4368,3138.0,0.306378,2,765.34,7.71507,1874.2707,4.8,2331.0,1.61,13.9,6,2.7,-5.7,11.3,3.1,1.0,3,,False,,1,1,False,2351.7,False,6,6,2720.0,1.43,16.0,3.2,14.0,5,1.0,1.6884698191992122,2.842810659343907,True,False,True,14.0
52280468,12.3123,3364.0,0.502513,3,2221.45,5.70675,1472.5417,7.2,987.0,1.72,9.3,12,0.7,-3.6,6.1,2.5,1.0,5,,False,,1,1,False,2007.9,False,12,12,1302.0,1.42,12.9,0.3,11.9,11,1.0,2.1237469954906807,3.3902343430209196,True,False,True,11.9
305436012,11.5034,3403.0,0.474954,2,49.23,1.15618,1765.8734,3.15,518.0,1.18,9.1,31,1.3,-0.4,9.2,5.9,1.0,1,"00305436012-01(1:1,ntoi=1)",True,CTOI305436012.01(1:1),0,1,False,1291.0,True,26,30,559.0,2.7,11.5,3.2,10.5,16,0.8666666666666667,1.2012990803388894,2.6221613348038,True,False,True,10.5
345324572,12.3024,3122.0,0.437286,5,1687.32,5.87297,1767.1613,4.2,5065.0,3.4,23.0,17,4.5,-9.9,25.4,4.1,2.0,7,,False,,0,1,False,9896.6,False,16,17,5324.0,2.19,10.5,3.8,9.2,10,0.9411764705882353,1.9543601727842521,2.1490409283241423,True,False,True,9.2
29960109,11.2003,3450.0,0.446984,2,758.83,4.98413,1411.6333,0.9,2606.0,2.49,10.1,5,0.8,6.3,7.4,3.8,0.5,3,"00029960109-01(1:2,ntoi=1);00029960109-01(1:2,ntoi=1);00029960109-01(1:2,ntoi=1)",True,393.01(1:2);1201.01(1:2),2,2,False,1287.8,True,5,5,2928.0,1.04,10.1,0.1,8.7,5,1.0,1.8775841031453118,0.4793393800535104,True,False,True,8.7
305436012,11.5034,3403.0,0.474954,2,49.23,1.16986,1765.414,4.5,485.0,1.14,8.5,30,0.7,1.3,7.5,4.1,2.0,1,"00305436012-01(1:1,ntoi=1)",True,CTOI305436012.01(1:1),0,1,False,1291.0,True,24,29,518.0,2.26,9.4,2.7,8.7,13,0.8275862068965517,1.206018466298442,3.7312861500467505,True,False,True,8.7
447061717,10.2565,3567.0,0.465271,7,2529.49,23.58154,1553.4203,3.15,188.0,0.7,47.3,9,9.9,-2.7,47.3,2.9,1.0,13,,False,,1,1,False,584.3,False,7,9,143.0,1.71,9.9,1.7,6.7,2,0.7777777777777778,3.2374495139085098,0.9729881459053445,True,False,True,6.7
234284556,11.8868,3249.0,0.427784,10,2907.3,2.21324,1325.6198,6.3,11676.0,5.04,439.1,101,8.0,489.6,184.3,3.4,0.5,22,"00234284556-01(1:2,ntoi=1);00234284556-01(1:2,ntoi=4);00234284556-01(1:2,ntoi=2)",True,CTOI234284556.01(1:2),0,1,False,8298.3,True,101,101,14292.0,1.77,250.7,48.2,247.0,101,1.0,1.3911292714696477,4.528694873442217,True,False,False,247.0
234284556,11.8868,3249.0,0.427784,10,2907.3,3.31978,1326.7635,7.2,10784.0,4.85,352.4,64,4.0,-190.8,219.6,4.3,1.0,22,"00234284556-01(1:3,ntoi=1);00234284556-01(1:3,ntoi=4);00234284556-01(1:3,ntoi=2)",True,CTOI234284556.01(1:3),0,1,False,8298.3,True,63,63,13630.0,1.69,204.4,40.9,199.8,63,1.0,1.5924326989151794,4.5213841720939865,True,False,False,199.8
95112238,12.2745,3374.0,0.557113,3,624.79,1.36189,3666.6173,0.75,18237.0,8.21,137.1,61,9.6,3.4,82.8,12.8,1.0,4,"00095112238-01(1:1,ntoi=1);00095112238-01(1:1,ntoi=2);00095112238-01(1:1,ntoi=1)",True,CTOI95112238.01(1:1),0,1,False,3690.4,True,57,57,18154.0,1.37,157.5,8.4,154.3,57,1.0,1.4110784719629241,0.5315083568362357,True,False,False,154.3
234284556,11.8868,3249.0,0.427784,10,2907.3,5.53304,1328.9573,6.3,11033.0,4.9,274.3,39,5.2,-152.2,89.2,2.9,1.0,22,,False,,0,1,False,8298.3,False,39,39,14515.0,1.68,156.6,42.7,150.7,39,1.0,1.8880460761189806,3.3367829735120234,True,False,False,150.7
141708335,12.055,3325.0,0.423791,40,2607.7,4.76038,1328.6612,2.1,4234.0,3.01,127.6,181,0.0,8.8,68.3,20.4,1.0,44,"00141708335-01(1:1,ntoi=1);00141708335-01(1:1,ntoi=1);00141708335-01(1:1,ntoi=1);00141708335-01(1:1,ntoi=1);00141708335-01(1:1,ntoi=1);00141708335-01(1:1,ntoi=1);00141708335-01(1:1,ntoi=1);00141708335-01(1:1,ntoi=1);00141708335-02(1:1,ntoi=2);00141708335-01(1:1,ntoi=2);00141708335-01(1:1,ntoi=1);00141708335-01(1:1,ntoi=3);00141708335-02(1:1,ntoi=3);00141708335-01(1:1,ntoi=1);00141708335-01(1:1,ntoi=1);00141708335-01(1:1,ntoi=1);00141708335-01(1:1,ntoi=1);00141708335-01(1:1,ntoi=1);00141708335-01(1:1,ntoi=1);00141708335-01(1:1,ntoi=1);00141708335-01(3:1,ntoi=1);00141708335-01(1:1,ntoi=1);00141708335-01(1:1,ntoi=1);00141708335-01(1:1,ntoi=1);00141708335-01(3:1,ntoi=1);00141708335-01(1:1,ntoi=1);00141708335-01(1:1,ntoi=1);00141708335-01(1:1,ntoi=1);00141708335-01(1:1,ntoi=1);00141708335-01(1:1,ntoi=1);00141708335-01(1:1,ntoi=1);00141708335-01(1:1,ntoi=1);00141708335-01(1:1,ntoi=1);00141708335-01(1:1,ntoi=1);00141708335-01(1:1,ntoi=1);00141708335-01(1:1,ntoi=1);00141708335-01(1:1,ntoi=1);00141708335-01(3:1,ntoi=1);00141708335-01(1:1,ntoi=1);00141708335-01(1:1,ntoi=1);00141708335-01(1:1,ntoi=1);00141708335-01(1:1,ntoi=1)",True,CTOI141708335.01(1:1),0,1,False,1640.6,True,181,181,4457.0,2.61,148.0,41.6,146.2,174,1.0,1.7845278123137969,1.1767818834256025,True,False,False,146.2
459837008,12.2591,3022.0,0.242745,12,1846.52,0.69572,1816.7446,6.3,2320.0,1.28,106.3,385,1.9,-14.7,77.0,9.3,1.0,14,,False,,3,3,False,2990.5,False,313,381,2564.0,4.14,147.3,63.1,145.8,279,0.821522309711286,0.6483158692501166,9.717485409214154,True,False,False,145.8
231279823,8.70466,3592.0,0.460762,6,2579.01,5.96846,1355.6704,3.15,1944.0,2.22,153.6,20,0.6,18.8,96.9,6.2,1.0,16,"00231279823-01(1:1,ntoi=1);00231279823-02(1:1,ntoi=2);00231279823-01(1:1,ntoi=2);00231279823-02(1:1,ntoi=2);00231279823-01(1:1,ntoi=2);00231279823-02(1:2,ntoi=2);00231279823-01(1:1,ntoi=2);00231279823-01(1:1,ntoi=2);00231279823-02(1:1,ntoi=2);00231279823-01(1:1,ntoi=1);00231279823-01(1:1,ntoi=2);00231279823-02(1:1,ntoi=2);00231279823-01(1:1,ntoi=1);00231279823-01(1:1,ntoi=2);00231279823-02(1:1,ntoi=2);00231279823-01(1:1,ntoi=1)",True,CTOI231279823.01(1:1),0,1,False,406.9,True,20,20,1773.0,1.79,148.6,168.9,139.1,20,1.0,2.0346052449155647,1.5482118744517066,True,False,False,139.1
299798795,11.556,3392.0,0.404403,10,2581.49,1.22957,1326.0434,7.2,2227.0,2.08,147.1,185,1.2,62.2,113.6,10.1,1.0,25,,False,,2,2,False,2277.0,False,152,185,2506.0,2.03,127.5,35.3,125.2,145,0.8216216216216217,1.1015451244729388,6.536273312856808,True,False,False,125.2
95112238,12.2745,3374.0,0.557113,3,624.79,2.72374,3666.6225,0.75,19656.0,8.52,105.0,31,2.1,89.8,46.5,6.4,0.5,4,"00095112238-01(1:2,ntoi=1);00095112238-01(1:2,ntoi=2);00095112238-01(1:2,ntoi=1)",True,CTOI95112238.01(1:2),0,1,False,3690.4,True,30,30,20201.0,1.2,118.0,7.0,114.4,30,1.0,1.7778387669927944,0.4218605274698905,True,False,False,114.4
200322593,11.5045,3130.0,0.197117,6,2634.76,0.72633,1411.5924,4.5,1986.0,0.96,114.4,205,0.5,14.8,94.0,12.5,1.0,14,"00200322593-03(2:1,ntoi=4);00200322593-04(2:1,ntoi=4);00200322593-06(2:1,ntoi=6);00200322593-03(3:1,ntoi=6);00200322593-05(2:1,ntoi=6)",True,,1,1,False,1707.6,False,202,204,2282.0,1.79,111.2,11.4,110.3,199,0.9901960784313726,0.5724475162642074,7.860982661549483,True,False,False,110.3
233738446,11.6268,3355.0,0.269357,24,1271.96,14.3667,2400.3357,4.8,7577.0,2.56,116.8,21,10.0,1.2,116.7,14.7,1.0,21,"00233738446-01(1:1,ntoi=1);00233738446-01(1:1,ntoi=1);00233738446-01(1:1,ntoi=1);00233738446-01(1:1,ntoi=1);00233738446-01(1:1,ntoi=1);00233738446-01(1:1,ntoi=1);00233738446-01(1:1,ntoi=1);00233738446-01(1:1,ntoi=1);00233738446-01(1:1,ntoi=1);00233738446-01(1:2,ntoi=1);00233738446-01(1:1,ntoi=1);00233738446-01(1:1,ntoi=1);00233738446-01(1:1,ntoi=1);00233738446-01(1:1,ntoi=1);00233738446-01(1:1,ntoi=1);00233738446-01(1:1,ntoi=1);00233738446-01(1:1,ntoi=1);00233738446-01(1:1,ntoi=1);00233738446-01(1:1,ntoi=1);00233738446-01(1:1,ntoi=1)",True,CTOI233738446.01(1:1),0,1,False,1365.9,True,20,20,6835.0,1.78,119.8,83.6,107.6,20,1.0,1.9063946591615144,2.5178417160018554,True,False,False,107.6
141708335,12.055,3325.0,0.423791,40,2607.7,9.52082,1328.655,2.4,3955.0,2.91,90.9,92,4.9,90.7,39.5,11.2,0.5,44,"00141708335-01(1:2,ntoi=1);00141708335-01(1:2,ntoi=1);00141708335-01(1:2,ntoi=1);00141708335-01(1:2,ntoi=1);00141708335-01(1:2,ntoi=1);00141708335-01(1:2,ntoi=1);00141708335-01(1:2,ntoi=1);00141708335-01(1:2,ntoi=1);00141708335-02(1:2,ntoi=2);00141708335-01(1:2,ntoi=2);00141708335-01(1:2,ntoi=1);00141708335-01(1:2,ntoi=3);00141708335-02(1:2,ntoi=3);00141708335-01(1:2,ntoi=1);00141708335-01(1:2,ntoi=1);00141708335-01(1:2,ntoi=1);00141708335-01(1:2,ntoi=1);00141708335-01(1:2,ntoi=1);00141708335-01(1:2,ntoi=1);00141708335-01(1:2,ntoi=1);00141708335-01(1:2,ntoi=1);00141708335-01(1:2,ntoi=1);00141708335-01(1:2,ntoi=1);00141708335-01(1:2,ntoi=1);00141708335-01(1:2,ntoi=1);00141708335-01(1:2,ntoi=1);00141708335-01(1:2,ntoi=1);00141708335-01(1:2,ntoi=1);00141708335-01(1:2,ntoi=1);00141708335-01(1:2,ntoi=1);00141708335-01(2:1,ntoi=1);00141708335-01(1:2,ntoi=1);00141708335-01(1:2,ntoi=1);00141708335-01(1:2,ntoi=1);00141708335-01(1:2,ntoi=1);00141708335-01(1:2,ntoi=1);00141708335-01(1:2,ntoi=1);00141708335-01(1:2,ntoi=1);00141708335-01(1:2,ntoi=1);00141708335-01(1:2,ntoi=1)",True,CTOI141708335.01(1:2),0,1,False,1640.6,True,92,92,4262.0,2.53,105.5,43.7,103.3,86,1.0,2.248368877924133,1.0674405003399017,True,False,False,103.3
95112238,12.2745,3374.0,0.557113,3,624.79,4.08567,3667.9819,0.75,17981.0,8.15,80.4,20,5.9,1.7,52.1,7.4,1.0,4,"00095112238-01(1:3,ntoi=1);00095112238-01(1:3,ntoi=2);00095112238-01(1:3,ntoi=1)",True,CTOI95112238.01(1:3),0,1,False,3690.4,True,20,20,18299.0,1.31,100.2,9.6,94.9,20,1.0,2.035127319858562,0.36852731162398417,True,False,False,94.9
141708335,12.055,3325.0,0.423791,40,2607.7,14.2812,1338.18,2.4,4161.0,2.98,77.1,58,1.7,4.3,47.2,7.5,1.0,44,"00141708335-01(1:3,ntoi=1);00141708335-01(1:3,ntoi=1);00141708335-01(1:3,ntoi=1);00141708335-01(1:3,ntoi=1);00141708335-01(1:3,ntoi=1);00141708335-01(1:3,ntoi=1);00141708335-01(1:3,ntoi=1);00141708335-01(1:3,ntoi=1);00141708335-02(1:3,ntoi=2);00141708335-01(1:3,ntoi=2);00141708335-01(1:3,ntoi=1);00141708335-01(1:3,ntoi=3);00141708335-02(1:3,ntoi=3);00141708335-01(1:3,ntoi=1);00141708335-01(1:3,ntoi=1);00141708335-01(1:3,ntoi=1);00141708335-01(1:3,ntoi=1);00141708335-01(1:3,ntoi=1);00141708335-01(1:3,ntoi=1);00141708335-01(1:3,ntoi=1);00141708335-01(1:1,ntoi=1);00141708335-01(1:3,ntoi=1);00141708335-01(1:3,ntoi=1);00141708335-01(1:3,ntoi=1);00141708335-01(1:1,ntoi=1);00141708335-01(1:3,ntoi=1);00141708335-01(1:3,ntoi=1);00141708335-01(1:3,ntoi=1);00141708335-01(1:3,ntoi=1);00141708335-01(1:3,ntoi=1);00141708335-01(1:3,ntoi=1);00141708335-01(1:3,ntoi=1);00141708335-01(1:3,ntoi=1);00141708335-01(1:3,ntoi=1);00141708335-01(1:3,ntoi=1);00141708335-01(1:3,ntoi=1);00141708335-01(1:3,ntoi=1);00141708335-01(1:1,ntoi=1);00141708335-01(1:3,ntoi=1);00141708335-01(1:3,ntoi=1);00141708335-01(1:3,ntoi=1);00141708335-01(1:3,ntoi=1)",True,CTOI141708335.01(1:3),0,1,False,1640.6,True,58,58,4750.0,2.05,89.4,42.0,86.6,55,1.0,2.573738074888527,0.9324958213177726,True,False,False,86.6
308794367,9.80434,3586.0,0.44624,4,1467.57,3.8998,2308.2428,2.25,2190.0,2.28,82.6,27,0.9,79.3,47.8,3.6,0.5,6,"00308794367-01(1:2,ntoi=1);00308794367-01(1:2,ntoi=1);00308794367-01(1:2,ntoi=1);00308794367-01(1:2,ntoi=1);00308794367-01(1:2,ntoi=1);00308794367-01(1:2,ntoi=1)",True,CTOI308794367.01(1:2),0,1,False,748.6,True,27,27,2162.0,1.55,89.7,14.8,86.1,27,1.0,1.7282294584979674,1.3019104546195572,True,False,False,86.1
144355325,11.6426,3244.0,0.257425,4,1488.73,0.58548,2229.5978,4.5,2866.0,1.5,86.1,157,12.4,-5.4,97.3,7.1,1.0,0,,False,CTOI144355325.01(2:1),0,1,False,3241.1,True,155,156,2505.0,4.08,89.5,39.7,85.5,136,0.9935897435897436,0.6365210878684806,7.069679364542593,True,False,False,85.5
141708335,12.055,3325.0,0.423791,40,2607.7,1.5868,1325.48,2.4,1300.0,1.67,72.2,556,1.6,5.9,37.5,10.1,1.0,44,"00141708335-01(3:1,ntoi=1);00141708335-01(3:1,ntoi=1);00141708335-01(3:1,ntoi=1);00141708335-01(3:1,ntoi=1);00141708335-01(3:1,ntoi=1);00141708335-01(3:1,ntoi=1);00141708335-01(3:1,ntoi=1);00141708335-01(3:1,ntoi=1);00141708335-02(3:1,ntoi=2);00141708335-01(3:1,ntoi=2);00141708335-01(3:1,ntoi=1);00141708335-01(3:1,ntoi=3);00141708335-02(3:1,ntoi=3);00141708335-01(3:1,ntoi=1);00141708335-01(3:1,ntoi=1);00141708335-01(3:1,ntoi=1);00141708335-01(3:1,ntoi=1);00141708335-01(3:1,ntoi=1);00141708335-01(3:1,ntoi=1);00141708335-01(3:1,ntoi=1);00141708335-01(3:1,ntoi=1);00141708335-01(3:1,ntoi=1);00141708335-01(3:1,ntoi=1);00141708335-01(3:1,ntoi=1);00141708335-01(3:1,ntoi=1);00141708335-01(3:1,ntoi=1);00141708335-01(3:1,ntoi=1);00141708335-01(3:1,ntoi=1);00141708335-01(3:1,ntoi=1);00141708335-01(3:1,ntoi=1);00141708335-01(3:1,ntoi=1);00141708335-01(3:1,ntoi=1);00141708335-01(3:1,ntoi=1);00141708335-01(3:1,ntoi=1);00141708335-01(3:1,ntoi=1);00141708335-01(3:1,ntoi=1);00141708335-01(3:1,ntoi=1);00141708335-01(3:1,ntoi=1);00141708335-01(3:1,ntoi=1)",True,CTOI141708335.01(3:1),0,1,False,1640.6,True,377,556,321.0,33.56,84.4,41.6,83.4,192,0.6780575539568345,1.2373242108639315,1.9396694729865978,True,False,False,83.4
231279823,8.70466,3592.0,0.460762,6,2579.01,11.93684,1361.6516,2.25,2337.0,2.43,110.1,10,5.3,108.2,52.2,5.1,0.5,16,"00231279823-01(1:2,ntoi=1);00231279823-02(1:2,ntoi=2);00231279823-01(1:2,ntoi=2);00231279823-02(1:2,ntoi=2);00231279823-01(1:2,ntoi=2);00231279823-01(1:2,ntoi=2);00231279823-01(1:2,ntoi=2);00231279823-02(1:2,ntoi=2);00231279823-01(1:2,ntoi=1);00231279823-01(1:2,ntoi=2);00231279823-02(1:2,ntoi=2);00231279823-01(1:2,ntoi=1);00231279823-01(1:2,ntoi=2);00231279823-02(1:2,ntoi=2);00231279823-01(1:2,ntoi=1)",True,CTOI231279823.01(1:2),0,1,False,406.9,True,10,10,2135.0,1.72,93.9,126.7,82.3,10,1.0,2.563436249642075,0.8777280887379825,True,False,False,82.3
299798795,11.556,3392.0,0.404403,10,2581.49,2.45915,1327.2622,6.3,2068.0,2.01,97.8,92,3.0,107.8,61.9,4.9,0.5,25,,False,,2,2,False,2277.0,False,75,92,2454.0,2.03,84.8,30.3,82.0,70,0.8152173913043478,1.3878617709565946,4.539356967558574,True,False,False,82.0
233738446,11.6268,3355.0,0.269357,24,1271.96,28.73064,2400.4482,4.2,8232.0,2.67,90.8,11,2.8,74.0,68.2,8.1,0.5,21,"00233738446-01(1:2,ntoi=1);00233738446-01(1:2,ntoi=1);00233738446-01(1:2,ntoi=1);00233738446-01(1:2,ntoi=1);00233738446-01(1:2,ntoi=1);00233738446-01(1:2,ntoi=1);00233738446-01(1:2,ntoi=1);00233738446-01(1:2,ntoi=1);00233738446-01(1:2,ntoi=1);00233738446-01(1:2,ntoi=1);00233738446-01(1:2,ntoi=1);00233738446-01(1:2,ntoi=1);00233738446-01(1:2,ntoi=1);00233738446-01(1:2,ntoi=1);00233738446-01(1:2,ntoi=1);00233738446-01(1:2,ntoi=1);00233738446-01(1:2,ntoi=1);00233738446-01(1:2,ntoi=1);00233738446-01(1:2,ntoi=1)",True,CTOI233738446.01(1:2),0,1,False,1365.9,True,11,11,8169.0,1.51,97.4,88.7,79.5,11,1.0,2.401829852601371,1.7486667490001713,True,False,False,79.5
231279823,8.70466,3592.0,0.460762,6,2579.01,17.90531,1361.6516,2.25,2694.0,2.61,106.0,7,2.1,8.6,75.5,4.8,1.0,16,"00231279823-01(1:3,ntoi=1);00231279823-02(1:3,ntoi=2);00231279823-01(1:3,ntoi=2);00231279823-02(1:3,ntoi=2);00231279823-01(1:3,ntoi=2);00231279823-01(1:3,ntoi=2);00231279823-01(1:3,ntoi=2);00231279823-02(1:3,ntoi=2);00231279823-01(1:3,ntoi=1);00231279823-01(1:3,ntoi=2);00231279823-02(1:3,ntoi=2);00231279823-01(1:3,ntoi=1);00231279823-01(1:3,ntoi=2);00231279823-02(1:3,ntoi=2);00231279823-01(1:3,ntoi=1)",True,CTOI231279823.01(1:3),0,1,False,406.9,True,7,7,2441.0,1.5,88.9,147.6,77.9,7,1.0,2.9344047162554623,0.7667653979479634,True,False,False,77.9
200322593,11.5045,3130.0,0.197117,6,2634.76,1.45266,1411.5987,4.2,1734.0,0.9,74.5,105,2.0,83.9,41.8,4.9,0.5,14,"00200322593-03(1:1,ntoi=4);00200322593-04(1:1,ntoi=4);00200322593-06(1:1,ntoi=6);00200322593-05(1:1,ntoi=6)",True,,1,1,False,1707.6,False,105,105,2214.0,1.8,75.6,8.7,74.4,103,1.0,0.7212386757013128,5.823315001675464,True,False,False,74.4
459837008,12.2591,3022.0,0.242745,12,1846.52,1.39138,1816.7758,4.8,2145.0,1.23,71.7,192,5.2,79.0,38.2,3.9,0.5,14,,False,,3,3,False,2990.5,False,172,191,2571.0,3.3,72.9,22.0,72.2,149,0.900523560209424,0.8168150697396728,5.876483157356302,True,False,False,72.2
299798795,11.556,3392.0,0.404403,10,2581.49,3.68883,1325.9872,6.3,1969.0,1.96,77.8,60,4.5,3.9,65.2,5.3,1.0,25,,False,,2,2,False,2277.0,False,51,60,2175.0,2.13,66.1,30.8,62.4,42,0.85,1.5887202099937552,3.965455943954262,True,False,False,62.4
200322593,11.5045,3130.0,0.197117,6,2634.76,2.17899,1413.0487,4.2,1663.0,0.88,59.8,69,1.5,-6.3,48.1,5.8,1.0,14,"00200322593-03(1:1,ntoi=6)",True,,1,1,False,1707.6,False,69,69,2208.0,1.73,62.7,7.8,61.5,69,1.0,0.8256121843555965,5.087134225469513,True,False,False,61.5
459837008,12.2591,3022.0,0.242745,12,1846.52,2.08707,1817.4758,4.8,2045.0,1.2,58.2,128,4.5,-24.7,42.0,4.4,1.0,14,,False,,3,3,False,2990.5,False,115,127,2671.0,2.9,61.5,22.4,60.3,101,0.905511811023622,0.9350198438631966,5.13358088761835,True,False,False,60.3
233738446,11.6268,3355.0,0.269357,24,1271.96,43.0948,2400.4732,4.2,7859.0,2.61,75.0,7,6.1,0.9,74.7,9.0,1.0,21,"00233738446-01(1:3,ntoi=1);00233738446-01(1:3,ntoi=1);00233738446-01(1:3,ntoi=1);00233738446-01(1:3,ntoi=1);00233738446-01(1:3,ntoi=1);00233738446-01(1:3,ntoi=1);00233738446-01(1:3,ntoi=1);00233738446-01(1:3,ntoi=1);00233738446-01(1:3,ntoi=1);00233738446-01(1:3,ntoi=1);00233738446-01(1:3,ntoi=1);00233738446-01(1:3,ntoi=1);00233738446-01(1:3,ntoi=1);00233738446-01(1:3,ntoi=1);00233738446-01(1:3,ntoi=1);00233738446-01(1:3,ntoi=1);00233738446-01(1:3,ntoi=1);00233738446-01(1:3,ntoi=1);00233738446-01(1:3,ntoi=1)",True,CTOI233738446.01(1:3),0,1,False,1365.9,True,6,6,7067.0,1.78,75.1,125.7,52.7,6,1.0,2.749384171925411,1.5276148174879154,True,False,False,52.7
459837008,12.2591,3022.0,0.242745,12,1846.52,0.98745,1816.6258,4.8,1334.0,0.97,50.8,271,1.5,66.4,34.8,6.6,1.0,14,,False,,3,3,False,2990.5,False,174,270,982.0,8.76,51.5,28.4,50.0,132,0.6444444444444445,0.7285849469675904,6.588113053910677,True,False,False,50.0
144355325,11.6426,3244.0,0.257425,4,1488.73,1.16999,2229.629,4.2,2971.0,1.53,70.8,80,0.8,58.2,54.1,4.1,0.5,0,,False,CTOI144355325.01(1:1),0,1,False,3241.1,True,79,80,4199.0,1.64,48.0,17.6,47.1,75,0.9875,0.8017448118112267,5.2385745914735065,True,False,False,47.1
200322593,11.5045,3130.0,0.197117,6,2634.76,3.63164,1412.3424,4.5,1600.0,0.86,47.4,41,3.5,-9.6,37.8,4.3,1.0,14,,False,,1,1,False,1707.6,False,41,41,2425.0,1.46,48.8,11.1,46.8,41,1.0,0.9788705850822941,4.597134767944511,True,False,False,46.8
231279823,8.70466,3592.0,0.460762,6,2579.01,23.48625,1356.0922,4.5,897.0,1.51,51.0,7,9.3,-0.5,56.3,2.9,2.0,16,,False,,0,1,False,406.9,False,4,7,882.0,2.57,57.3,177.7,42.8,4,0.5714285714285714,3.2121608923577547,1.4009260901924996,True,False,False,42.8
459837008,12.2591,3022.0,0.242745,12,1846.52,3.46523,1817.5758,4.8,2218.0,1.25,49.0,76,3.9,-36.0,42.4,3.4,1.0,14,"00459837008-01(1:1,ntoi=2);00459837008-01(1:1,ntoi=3);00459837008-01(1:1,ntoi=1);00459837008-01(1:1,ntoi=3);00459837008-01(1:1,ntoi=2);00459837008-01(1:1,ntoi=3)",True,2267.01(1:1),3,3,True,2990.5,True,63,76,2790.0,2.9,41.9,23.2,40.3,54,0.8289473684210527,1.1071824114389075,4.3353289850060595,True,False,False,40.3
211380233,12.1074,3416.0,0.288607,3,1853.79,4.63879,1329.8145,3.6,4629.0,2.14,38.3,10,1.5,0.4,35.5,5.9,1.0,5,"00211380233-01(1:1,ntoi=1);00211380233-01(1:1,ntoi=1);00211380233-01(1:1,ntoi=1);00211380233-01(3:1,ntoi=1);00211380233-01(1:1,ntoi=1)",True,,0,1,True,1833.1,True,10,10,4373.0,1.87,44.5,30.6,38.1,10,1.0,1.3694550181252336,2.628782948218594,True,False,False,38.1
206544316,11.6337,3237.0,0.461172,11,2907.28,0.64405,1325.9551,3.0,46506.0,10.85,1702.9,300,1.3,2122.1,1125.8,8.7,1.0,41,"00206544316-01(1:2,ntoi=3);00206544316-02(1:2,ntoi=3);00206544316-03(1:2,ntoi=3);00206544316-01(1:2,ntoi=2);00206544316-02(1:2,ntoi=2);00206544316-02(1:2,ntoi=4);00206544316-04(1:2,ntoi=4);00206544316-01(1:2,ntoi=4);00206544316-03(1:2,ntoi=4);00206544316-02(1:2,ntoi=4);00206544316-04(1:2,ntoi=4);00206544316-03(1:2,ntoi=4);00206544316-01(1:2,ntoi=4);00206544316-01(1:2,ntoi=5);00206544316-02(1:2,ntoi=5);00206544316-03(1:2,ntoi=5);00206544316-05(1:2,ntoi=5);00206544316-01(1:2,ntoi=2);00206544316-02(1:2,ntoi=2);00206544316-01(1:2,ntoi=1);00206544316-01(1:2,ntoi=2);00206544316-02(1:2,ntoi=2);00206544316-01(1:2,ntoi=3);00206544316-02(1:2,ntoi=3);00206544316-03(1:2,ntoi=3);00206544316-01(1:2,ntoi=2);00206544316-02(1:2,ntoi=2);00206544316-01(1:2,ntoi=3);00206544316-02(1:2,ntoi=3);00206544316-03(1:2,ntoi=3);00206544316-01(1:2,ntoi=3);00206544316-02(1:2,ntoi=3);00206544316-03(1:2,ntoi=3);00206544316-01(1:2,ntoi=2);00206544316-02(1:2,ntoi=2);00206544316-01(1:2,ntoi=3);00206544316-02(1:2,ntoi=3);00206544316-03(1:2,ntoi=3);00206544316-01(1:2,ntoi=2);00206544316-02(1:2,ntoi=2)",True,CTOI206544316.01(1:2);CTOI206544316.02(1:2);CTOI206544316.03(1:2),0,4,False,41382.8,True,260,277,29366.0,4.41,40.4,14.2,37.3,187,0.9386281588447654,0.9692224008375165,3.0952648199295276,True,False,False,37.3
4918918,10.7818,3466.0,0.420908,2,765.18,3.89599,1872.3082,4.2,3072.0,2.55,41.7,5,1.9,1.2,41.8,4.9,1.0,4,"00004918918-01(1:1,ntoi=2);00004918918-01(2:1,ntoi=1);00004918918-01(1:1,ntoi=1)",True,CTOI4918918.01(1:1);CTOI4918918.03(1:2);CTOI4918918.04(2:1),1,6,False,948.2,True,5,5,3170.0,1.17,42.4,4.4,35.9,5,1.0,1.6616479854263018,2.5276111648415562,True,False,False,35.9
78740218,11.9019,3455.0,0.490046,3,759.09,5.11942,1469.63,3.0,3761.0,3.28,29.9,14,0.2,26.0,10.9,3.7,0.5,5,"00078740218-01(1:2,ntoi=1);00078740218-01(1:2,ntoi=1);00078740218-01(1:2,ntoi=1);00078740218-01(1:2,ntoi=1)",True,CTOI78740218.01(1:2),0,1,False,2213.1,True,14,14,3025.0,3.36,35.4,43.9,31.5,14,1.0,2.0142178793316026,1.4894118609430271,True,False,False,31.5
307210830,9.41242,3429.0,0.31416,27,2691.5,1.04918,1354.7173,1.58,163.0,0.44,27.6,459,0.5,10.3,16.2,10.1,1.0,104,"00307210830-04(1:1,ntoi=4);00307210830-04(1:1,ntoi=4);00307210830-04(1:1,ntoi=5);00307210830-05(1:1,ntoi=5);00307210830-05(1:1,ntoi=5);00307210830-04(1:1,ntoi=5);00307210830-05(1:1,ntoi=5);00307210830-04(1:1,ntoi=5);00307210830-04(1:1,ntoi=4);00307210830-03(1:1,ntoi=4);00307210830-03(1:1,ntoi=3);00307210830-03(1:1,ntoi=3)",True,CTOI307210830.04(1:1),3,4,False,353.5,True,368,432,170.0,3.54,31.1,1.8,30.8,142,0.8518518518518519,0.8829285372808536,1.7894993006635742,True,False,False,30.8
55727842,12.1172,3235.0,0.298092,4,1469.8,47.72105,1550.5776,0.75,34200.0,6.01,30.0,2,1.7,1.0,27.3,3.4,2.0,5,,False,,0,1,False,3494.1,False,1,1,32943.0,1.0,,,,0,1.0,3.043302841849562,0.24644277581792973,True,False,False,30.0
13684720,12.4647,3275.0,0.476997,7,1875.68,0.55961,1683.9202,2.1,3141.0,2.92,39.0,261,1.2,-30.7,27.5,7.1,1.0,21,"00013684720-02(1:1,ntoi=4);00013684720-03(1:1,ntoi=4);00013684720-04(1:1,ntoi=4);00013684720-02(1:1,ntoi=2);00013684720-02(1:1,ntoi=3);00013684720-03(1:1,ntoi=3)",True,,1,1,False,5285.6,False,236,260,2717.0,4.25,30.4,2.4,29.9,124,0.9076923076923077,0.9459043324164748,2.220097665305317,True,False,False,29.9
200322593,11.5045,3130.0,0.197117,6,2634.76,0.71045,1411.6237,4.2,533.0,0.5,30.5,211,2.1,12.6,34.2,3.7,1.0,14,,False,,1,1,False,1707.6,False,127,211,448.0,9.36,29.6,20.4,28.5,93,0.6018957345971564,0.5682448661905969,7.391179841458109,True,False,False,28.5
13684720,12.4647,3275.0,0.476997,7,1875.68,0.74615,1684.1077,2.1,3193.0,2.94,35.3,196,0.9,35.9,24.5,6.1,1.0,21,"00013684720-03(1:1,ntoi=4);00013684720-02(1:1,ntoi=4);00013684720-04(1:1,ntoi=4)",True,,1,1,False,5285.6,False,179,194,2773.0,4.23,28.8,2.6,28.4,98,0.9226804123711341,1.0411039803547733,2.0170895891536125,True,False,False,28.4
144355325,11.6426,3244.0,0.257425,4,1488.73,1.75363,2230.2165,4.8,2271.0,1.34,48.0,54,8.9,-18.2,49.5,3.1,1.0,0,,False,,0,1,False,3241.1,False,51,54,1743.0,4.09,27.7,14.1,26.5,40,0.9444444444444444,0.9175324452558326,5.2314226323207915,True,False,False,26.5
144355325,11.6426,3244.0,0.257425,4,1488.73,2.92506,2230.779,4.2,2481.0,1.4,37.9,31,7.8,-13.8,15.3,3.0,1.0,0,,False,,0,1,False,3241.1,False,30,30,2309.0,3.21,27.1,18.4,25.6,25,1.0,1.0881456609251692,3.85977737247884,True,False,False,25.6
13684720,12.4647,3275.0,0.476997,7,1875.68,1.30574,1683.5577,1.5,3614.0,3.13,26.5,112,0.9,-23.0,18.7,4.2,1.0,21,,False,,1,1,False,5285.6,False,109,112,3907.0,3.89,25.8,2.8,25.3,67,0.9732142857142857,1.254597146026313,1.195602911062688,True,False,False,25.3
78740218,11.9019,3455.0,0.490046,3,759.09,7.67895,1472.1925,3.0,3906.0,3.34,24.4,9,3.1,0.2,24.3,4.3,1.0,5,"00078740218-01(1:3,ntoi=1);00078740218-01(1:3,ntoi=1);00078740218-01(1:3,ntoi=1);00078740218-01(1:3,ntoi=1)",True,CTOI78740218.01(1:3),0,1,False,2213.1,True,9,9,3120.0,3.14,31.4,48.5,25.2,9,1.0,2.305685878583217,1.3011312719855062,True,False,False,25.2
231279823,8.70466,3592.0,0.460762,6,2579.01,13.67432,1355.6329,3.15,810.0,1.43,43.6,9,3.1,3.3,24.8,3.1,2.0,16,,False,,0,1,True,406.9,False,7,9,64.0,49.8,41.4,494.0,25.2,4,0.7777777777777778,2.682221525131568,1.1743996424178598,True,False,False,25.2
275248683,11.4407,3427.0,0.387661,5,1495.98,0.53134,1518.2688,2.25,763.0,1.17,20.0,164,1.4,2.4,20.4,7.9,1.0,5,"00275248683-01(1:1,ntoi=1);00275248683-01(1:1,ntoi=1);00275248683-01(1:1,ntoi=1);00275248683-01(1:1,ntoi=1);00275248683-01(1:1,ntoi=1)",True,717.01(1:1),1,1,False,1167.7,True,110,134,700.0,3.03,24.9,2.3,24.0,48,0.8208955223880597,0.80965600072411,2.7789579747296735,True,False,False,24.0
391947345,11.7646,3738.0,0.542077,33,2580.51,0.72543,1326.9955,2.1,386.0,1.16,25.1,896,1.8,26.4,19.0,11.3,1.0,12,"00391947345-01(1:1,ntoi=2);00391947345-02(1:2,ntoi=2);00391947345-01(1:1,ntoi=3);00391947345-02(1:1,ntoi=3)",True,,0,1,False,1711.6,False,625,894,372.0,8.5,23.9,2.7,23.6,206,0.6991051454138703,1.1231750610416533,1.8696996335125367,True,False,False,23.6
13684720,12.4647,3275.0,0.476997,7,1875.68,0.93268,1683.5452,2.1,2917.0,2.81,29.3,161,1.1,-25.0,20.6,4.8,1.0,21,,False,,1,1,False,5285.6,False,142,159,2797.0,3.31,23.8,2.5,23.5,75,0.8930817610062893,1.1214922595099615,1.8725051218076172,True,False,False,23.5
289584752,12.163,3677.0,0.517214,3,952.68,1.07666,1816.8323,3.0,1219.0,1.97,19.6,65,14.9,0.4,12.9,4.8,2.0,4,"00289584752-01(2:1,ntoi=1);00289584752-01(2:1,ntoi=1);00289584752-01(2:1,ntoi=1);00289584752-01(2:1,ntoi=1)",True,CTOI289584752.01(2:1),0,1,False,1993.9,True,57,65,982.0,3.92,24.2,8.1,23.3,33,0.8769230769230769,1.2416942445768873,2.4160537210368265,True,False,False,23.3
348054109,12.0575,3256.0,0.365717,5,1495.86,0.58394,2010.6127,2.25,1148.0,1.35,20.7,167,1.2,22.3,16.4,5.5,1.0,5,,False,,1,1,False,2551.0,False,131,162,1040.0,6.95,24.0,4.3,23.2,67,0.808641975308642,0.8037009251349914,2.79954884912206,True,False,False,23.2
307210830,9.41242,3429.0,0.31416,27,2691.5,2.09837,1354.7095,1.2,196.0,0.48,20.9,220,0.2,18.4,8.9,4.2,0.5,104,"00307210830-04(1:2,ntoi=4);00307210830-04(1:2,ntoi=4);00307210830-04(1:2,ntoi=5);00307210830-05(1:2,ntoi=5);00307210830-05(1:2,ntoi=5);00307210830-04(1:2,ntoi=5);00307210830-05(1:2,ntoi=5);00307210830-04(1:2,ntoi=5);00307210830-04(1:2,ntoi=4);00307210830-03(1:2,ntoi=4);00307210830-03(1:2,ntoi=3);00307210830-03(1:2,ntoi=3)",True,CTOI307210830.04(1:2),3,4,False,353.5,True,184,208,203.0,3.99,23.4,1.8,23.0,82,0.8846153846153846,1.1124220167967005,1.0787273012228638,True,False,False,23.0
4918918,10.7818,3466.0,0.420908,2,765.18,11.71836,1880.0832,4.2,3412.0,2.68,32.5,2,0.4,-0.1,32.6,3.4,1.0,4,"00004918918-01(1:3,ntoi=2);00004918918-01(1:3,ntoi=1)",True,CTOI4918918.01(1:3),1,6,False,948.2,True,2,2,3532.0,1.01,32.6,0.1,22.8,2,1.0,2.398586359009615,1.7510313873936127,True,False,False,22.8
391947345,11.7646,3738.0,0.542077,33,2580.51,0.54408,1326.808,2.1,354.0,1.11,26.0,1187,3.2,-21.1,19.1,11.3,1.0,12,"00391947345-01(1:1,ntoi=1);00391947345-01(1:1,ntoi=2);00391947345-02(1:1,ntoi=2);00391947345-02(1:1,ntoi=2);00391947345-01(1:1,ntoi=2);00391947345-03(1:1,ntoi=3)",True,,0,1,False,1711.6,False,807,1186,312.0,10.7,23.0,2.4,22.7,238,0.6804384485666105,1.0204769554110191,2.057861266601733,True,False,False,22.7
71268730,12.456,3865.0,0.633426,6,948.71,9.95243,2397.3831,6.0,7295.0,5.9,61.3,12,7.1,-6.8,73.7,2.7,1.0,15,"00071268730-02(3:1,ntoi=2)",True,,1,2,False,5781.0,False,11,12,5383.0,5.85,28.4,77.5,22.1,10,0.9166666666666666,2.982968004141276,2.011419496176344,True,False,False,22.1
391947345,11.7646,3738.0,0.542077,33,2580.51,0.9068,1327.1643,2.4,327.0,1.07,20.5,722,2.8,-15.5,16.9,9.6,1.0,12,"00391947345-01(1:1,ntoi=2);00391947345-02(1:1,ntoi=2)",True,,0,1,False,1711.6,False,501,721,372.0,10.74,21.9,2.6,21.6,170,0.694868238557559,1.209909216695953,1.983619900469866,True,False,False,21.6
151728428,10.9951,3827.0,0.638238,1,24.84,14.78331,3813.5183,6.3,5649.0,5.23,44.3,2,4.1,10.0,38.0,3.5,2.0,1,,False,,1,1,False,1921.9,False,2,2,6373.0,1.07,34.7,4.6,20.6,2,1.0,3.420744421430939,1.8417043847329095,True,False,False,20.6
345324572,12.3024,3122.0,0.437286,5,1687.32,39.77724,1803.5212,0.62,35224.0,8.95,20.3,3,6.7,0.7,20.9,2.5,2.0,7,,False,,0,1,False,9896.6,False,1,1,18308.0,1.0,,,,0,1.0,3.6976876673972985,0.16767235520365112,True,False,False,20.3
238027971,10.5178,3640.0,0.543755,12,1035.4,0.49762,1354.6263,7.2,60.0,0.46,8.8,536,0.8,0.0,21.0,5.6,1.0,7,,False,,0,1,False,689.5,False,279,493,44.0,56.62,19.0,18.4,18.6,166,0.565922920892495,0.9926048935936876,7.25364145035864,True,False,False,18.6
211380233,12.1074,3416.0,0.288607,3,1853.79,1.54628,1326.7113,3.15,1322.0,1.14,19.7,39,0.1,0.6,13.4,3.0,1.0,5,"00211380233-01(3:1,ntoi=1);00211380233-01(3:1,ntoi=1);00211380233-01(3:1,ntoi=1);00211380233-01(3:1,ntoi=1)",True,,0,1,False,1833.1,True,26,39,269.0,31.79,22.2,47.0,18.1,10,0.6666666666666666,0.9495304880681779,3.317429023694313,True,False,False,18.1
275083922,10.9613,3691.0,0.494532,3,1496.77,0.97609,1544.4521,3.15,579.0,1.3,16.4,72,3.6,0.9,10.5,3.2,1.0,10,"00275083922-01(3:1,ntoi=2);00275083922-01(3:1,ntoi=3);00275083922-01(3:1,ntoi=2);00275083922-01(3:1,ntoi=1);00275083922-01(3:1,ntoi=2)",True,,0,1,False,1328.5,False,46,72,217.0,12.82,18.5,13.3,17.3,29,0.6388888888888888,1.166365095494823,2.7006981023070074,True,False,False,17.3
289584752,12.163,3677.0,0.517214,3,952.68,0.71837,1816.4323,3.0,768.0,1.56,14.5,98,1.9,3.5,8.1,3.6,1.0,4,"00289584752-01(3:1,ntoi=1);00289584752-01(3:1,ntoi=1);00289584752-01(3:1,ntoi=1);00289584752-01(3:1,ntoi=1)",True,CTOI289584752.01(3:1),0,1,False,1993.9,True,64,98,319.0,12.49,17.7,8.5,16.8,34,0.6530612244897959,1.0850203186370044,2.7649251801741195,True,False,False,16.8
206544316,11.6337,3237.0,0.461172,11,2907.28,0.96609,1325.9551,3.0,43003.0,10.43,1327.0,202,10.6,-1155.8,887.9,6.5,1.0,41,"00206544316-01(1:3,ntoi=3);00206544316-02(1:3,ntoi=3);00206544316-03(1:3,ntoi=3);00206544316-01(1:3,ntoi=2);00206544316-02(1:3,ntoi=2);00206544316-02(1:3,ntoi=4);00206544316-04(1:3,ntoi=4);00206544316-01(1:3,ntoi=4);00206544316-03(1:3,ntoi=4);00206544316-02(1:3,ntoi=4);00206544316-04(1:3,ntoi=4);00206544316-03(1:3,ntoi=4);00206544316-01(1:3,ntoi=4);00206544316-01(1:3,ntoi=5);00206544316-02(1:3,ntoi=5);00206544316-03(1:3,ntoi=5);00206544316-05(1:3,ntoi=5);00206544316-01(1:3,ntoi=2);00206544316-02(1:3,ntoi=2);00206544316-01(1:3,ntoi=1);00206544316-01(1:3,ntoi=2);00206544316-02(1:3,ntoi=2);00206544316-01(1:3,ntoi=3);00206544316-02(1:3,ntoi=3);00206544316-03(1:3,ntoi=3);00206544316-01(1:3,ntoi=2);00206544316-02(1:3,ntoi=2);00206544316-01(1:3,ntoi=3);00206544316-02(1:3,ntoi=3);00206544316-03(1:3,ntoi=3);00206544316-01(1:3,ntoi=3);00206544316-02(1:3,ntoi=3);00206544316-03(1:3,ntoi=3);00206544316-01(1:3,ntoi=2);00206544316-02(1:3,ntoi=2);00206544316-01(1:3,ntoi=3);00206544316-02(1:3,ntoi=3);00206544316-03(1:3,ntoi=3);00206544316-01(1:3,ntoi=2);00206544316-02(1:3,ntoi=2)",True,CTOI206544316.01(1:3);CTOI206544316.02(1:3);CTOI206544316.03(1:3),0,4,False,41382.8,True,176,186,20884.0,5.42,16.5,4.4,16.3,101,0.946236559139785,1.1094884286289046,2.703948885440267,True,False,False,16.3
4918918,10.7818,3466.0,0.420908,2,765.18,1.30002,1871.0082,4.2,786.0,1.29,20.0,26,0.8,0.4,26.8,2.4,1.0,4,"00004918918-01(3:1,ntoi=2);00004918918-01(3:1,ntoi=1)",True,CTOI4918918.01(3:1),1,6,False,948.2,True,17,24,68.0,50.63,21.3,54.6,16.2,6,0.7083333333333334,1.1525234186112092,3.644177577806619,True,False,False,16.2
445522339,12.4802,3808.0,0.567062,3,81.3,3.52595,3668.2401,7.2,1493.0,2.39,19.5,22,2.0,4.7,19.5,5.2,1.0,5,,False,,1,1,False,2379.8,False,21,22,1376.0,3.33,17.6,4.5,15.8,20,0.9545454545454546,1.9605926673488614,3.6723589350846306,True,False,False,15.8
413248763,8.74094,3490.0,0.360144,5,2555.74,21.56602,1535.1327,2.1,1074.0,1.29,15.8,2,0.0,0.6,13.3,2.9,2.0,8,,False,,1,1,False,269.5,False,1,1,1431.0,1.0,,,,0,1.0,2.649206128949805,0.7926902995775869,True,False,False,15.8
151728428,10.9951,3827.0,0.638238,1,24.84,2.43798,3803.862,7.2,1772.0,2.93,35.2,10,5.3,-22.5,34.4,3.0,1.0,1,,False,,1,1,False,1921.9,False,9,10,1242.0,4.31,21.6,58.0,15.6,9,0.9,1.875887454329587,3.8381833533681626,True,False,False,15.6
321688498,11.1079,3863.0,0.566304,12,1871.15,84.54171,1839.226,1.58,5056.0,4.39,15.6,2,2.9,-0.2,15.9,4.1,2.0,5,,False,,1,1,False,1248.7,False,1,1,6186.0,1.0,,,,0,1.0,5.648481657632062,0.27972118805859103,True,False,False,15.6
277634430,12.0874,3306.0,0.241857,7,1523.93,1.39488,1571.4711,2.4,497.0,0.59,11.2,113,0.3,-3.0,9.2,6.7,1.0,12,"00277634430-02(1:3,ntoi=2);00277634430-02(1:3,ntoi=2)",True,,1,1,False,1621.4,False,97,113,611.0,3.65,15.8,1.7,15.4,37,0.8584070796460177,0.8155044793554715,2.9429636019863725,True,False,False,15.4
277634430,12.0874,3306.0,0.241857,7,1523.93,0.92994,1571.8961,1.8,533.0,0.61,12.6,169,1.5,12.3,11.1,9.0,1.0,12,"00277634430-02(1:2,ntoi=2);00277634430-02(1:2,ntoi=2)",True,,1,1,False,1621.4,False,135,167,614.0,4.53,15.6,1.7,15.2,43,0.8083832335329342,0.7124138893456002,2.5266211494745283,True,False,False,15.2
119081096,12.4268,3817.0,0.503498,2,761.52,0.83407,1518.5781,4.2,771.0,1.53,11.7,45,0.7,4.7,11.4,7.7,1.0,1,"00119081096-01(1:1,ntoi=1)",True,716.01(1:1),1,1,False,1788.7,True,40,45,751.0,3.2,15.9,2.5,15.0,25,0.8888888888888888,1.120145127547347,3.749514144828945,True,False,False,15.0
211380233,12.1074,3416.0,0.288607,3,1853.79,19.28818,1343.6988,3.15,5604.0,2.36,22.6,3,7.6,-1.7,22.2,2.9,2.0,5,,False,,0,1,False,1833.1,False,3,3,5204.0,1.58,28.0,34.7,14.5,3,1.0,2.202131678340136,1.4304321721461828,True,False,False,14.5
348054109,12.0575,3256.0,0.365717,5,1495.86,0.8752,2011.2408,3.0,1045.0,1.29,17.3,113,2.0,-11.0,15.0,4.8,1.0,5,"00348054109-02(1:2,ntoi=2);00348054109-01(1:2,ntoi=1);00348054109-01(1:2,ntoi=1);00348054109-01(1:2,ntoi=1)",True,5976.01(1:2),1,1,False,2551.0,True,82,112,813.0,8.63,14.9,4.1,14.5,39,0.7321428571428571,0.9197592468535926,3.2617231196780136,True,False,False,14.5
337385330,10.1857,3973.0,0.605852,5,785.1,0.55043,2500.6894,3.15,133.0,0.76,12.9,185,0.9,13.2,11.2,6.0,1.0,2,,False,,1,2,False,551.7,False,132,185,135.0,7.01,14.2,3.6,13.9,56,0.7135135135135136,1.103282399515654,2.8551166966706476,True,False,False,13.9
337217173,11.5546,3236.0,0.253923,5,1848.27,25.78126,1422.8026,3.0,3793.0,1.71,22.8,4,6.1,0.4,18.3,4.4,2.0,8,"00337217173-02(1:2,ntoi=2)",True,,1,2,False,1407.3,False,4,4,3487.0,1.63,19.2,19.3,13.7,3,1.0,2.2272947867972905,1.346925435188492,True,False,False,13.7
381897917,10.3154,3614.0,0.531248,5,2547.23,0.59556,1657.3904,6.3,114.0,0.62,12.1,193,0.5,-2.7,21.1,7.4,1.0,4,,False,,1,1,False,636.5,False,131,192,77.0,12.75,14.0,6.8,13.5,55,0.6822916666666666,1.0376439059405518,6.0714470194758094,True,False,False,13.5
206544316,11.6337,3237.0,0.461172,11,2907.28,1.61014,1326.9176,3.0,41047.0,10.19,1030.0,123,13.3,-853.1,702.3,4.8,1.0,41,,False,,0,4,False,41382.8,False,106,112,19682.0,5.65,13.8,4.2,13.5,59,0.9464285714285714,1.3154412644946805,2.280603536602931,True,False,False,13.5
198211976,11.2076,3621.0,0.520283,42,1979.26,0.80356,1684.1182,6.3,68.0,0.47,9.8,1110,0.6,0.1,8.5,8.3,1.0,4,"00198211976-01(1:2,ntoi=1);00198211976-01(1:1,ntoi=1);00198211976-01(2:1,ntoi=1);00198211976-01(2:1,ntoi=1)",True,2283.01(1:2),1,1,False,928.5,True,676,1104,69.0,23.22,13.7,2.4,13.5,143,0.6123188405797102,1.1307696789199122,5.571426363340083,True,False,False,13.5
238027971,10.5178,3640.0,0.543755,12,1035.4,0.50036,1354.5701,6.3,54.0,0.44,8.1,528,1.7,0.0,16.5,3.8,1.0,7,,False,,0,1,False,689.5,False,309,527,59.0,43.39,14.1,12.9,13.2,152,0.5863377609108159,0.9944233901760213,6.335329661629185,True,False,False,13.2
337217173,11.5546,3236.0,0.253923,5,1848.27,49.76043,1412.1526,4.2,4565.0,1.87,25.6,2,0.4,-4.8,19.1,4.7,2.0,8,,False,,1,2,False,1407.3,False,2,2,4490.0,1.03,22.5,0.3,13.0,2,1.0,2.773135108932311,1.5145313282687654,True,False,False,13.0
59465088,12.3479,3715.0,0.564469,2,759.09,1.16656,1468.5943,4.2,1099.0,2.04,14.5,38,2.3,1.1,19.6,2.8,1.0,3,"00059465088-01(3:1,ntoi=1)",True,CTOI59465088.01(3:1),0,1,False,2350.9,True,29,38,220.0,39.17,15.2,28.6,12.8,7,0.7631578947368421,1.3518776402024812,3.106790048965477,True,False,False,12.8
420112589,12.295,3248.0,0.275364,40,1979.26,4.67096,1686.5854,6.0,264.0,0.49,8.8,191,0.3,-6.4,9.0,5.9,1.0,20,,False,,2,2,False,2347.2,False,144,191,369.0,4.88,12.8,2.0,12.5,41,0.7539267015706806,1.3302965084521783,4.510272681224352,True,False,False,12.5
151728428,10.9951,3827.0,0.638238,1,24.84,2.57805,3805.8495,7.2,1778.0,2.94,33.3,8,11.6,-9.3,33.5,2.8,1.0,1,,False,,1,1,False,1921.9,False,8,8,1139.0,4.73,20.7,49.9,12.4,8,1.0,1.9111459073129515,3.7673732667136415,True,False,False,12.4
278661431,12.4856,3328.0,0.275375,4,1853.69,17.67757,1326.2704,4.2,3483.0,1.77,15.3,6,3.5,1.1,11.4,7.6,1.0,4,"00278661431-01(1:1,ntoi=1);00278661431-01(1:1,ntoi=1);00278661431-01(1:1,ntoi=1);00278661431-01(1:2,ntoi=1)",True,CTOI278661431.01(1:1),0,1,False,2318.6,True,5,5,3149.0,1.84,17.5,8.0,12.4,5,1.0,2.073156826189505,2.0258959413696007,True,False,False,12.4
420112587,12.4989,3212.0,0.254522,40,1979.26,6.53905,1689.4354,6.0,352.0,0.52,8.1,132,1.8,-4.8,8.4,6.2,2.0,22,,False,,2,2,False,2793.8,False,108,132,543.0,4.46,12.7,2.1,12.3,36,0.8181818181818182,1.4120933188263247,4.2490109683310155,True,False,False,12.3
337385330,10.1857,3973.0,0.605852,5,785.1,0.82591,2500.4269,2.25,157.0,0.83,11.4,125,0.1,-6.8,10.0,5.0,1.0,2,,False,,1,2,False,551.7,False,95,124,172.0,6.01,12.5,2.5,12.1,35,0.7661290322580645,1.263078180400636,1.781362416763721,True,False,False,12.1
100608026,10.8835,3996.0,0.6194,6,2852.44,8.26038,1441.488,2.1,517.0,1.54,10.6,18,3.2,0.6,12.2,7.5,1.0,8,"00100608026-01(1:1,ntoi=1);00100608026-01(1:1,ntoi=1);00100608026-01(2:1,ntoi=1);00100608026-01(1:1,ntoi=1);00100608026-01(2:1,ntoi=1);00100608026-01(1:1,ntoi=1);00100608026-01(1:1,ntoi=1);00100608026-01(1:1,ntoi=1)",True,475.01(1:1),1,1,False,704.8,True,14,18,387.0,4.71,14.1,12.4,11.5,9,0.7777777777777778,2.761780148075355,0.7603791349805523,True,False,False,11.5
447061717,10.2565,3567.0,0.465271,7,2529.49,9.55834,1552.9297,2.1,209.0,0.73,56.0,17,3.5,2.6,55.9,4.1,1.0,13,"00447061717-01(1:1,ntoi=1)",True,,1,1,False,584.3,False,13,17,160.0,3.12,14.6,1.6,11.4,6,0.7647058823529411,2.395924388809446,0.8764884275181601,True,False,False,11.4
289164482,10.3543,3943.0,0.63072,8,1849.61,1.00199,1684.2148,3.6,139.0,0.81,12.9,193,0.6,0.2,14.1,4.5,2.0,11,,False,,2,2,False,683.2,False,131,193,99.0,17.66,12.2,5.7,11.4,37,0.6787564766839378,1.3837378636425057,2.6016488343561543,True,False,False,11.4
71268730,12.456,3865.0,0.633426,6,948.71,18.29138,2403.5831,4.8,13082.0,7.9,52.2,5,19.7,-9.7,73.7,2.7,2.0,15,,False,,1,2,False,5781.0,False,4,5,4483.0,7.33,25.3,142.8,11.1,3,0.8,3.6538807993532925,1.313671754384971,True,False,False,11.1
11996814,11.6484,3975.0,0.627144,4,951.97,0.67393,1791.3999,1.2,610.0,1.69,7.0,102,1.0,-4.0,6.0,4.0,0.5,6,,False,,1,1,False,1524.5,False,67,80,842.0,6.14,11.6,2.9,11.0,29,0.8375,1.2077899316541543,0.9935502594863617,True,False,False,11.0
11996814,11.6484,3975.0,0.627144,4,951.97,0.89773,1791.603,0.75,812.0,1.95,7.9,47,0.2,4.6,6.8,5.2,1.0,6,"00011996814-01(1:2,ntoi=1);00011996814-01(1:2,ntoi=1);00011996814-01(1:2,ntoi=1);00011996814-01(1:2,ntoi=1);00011996814-01(1:2,ntoi=1);00011996814-01(1:2,ntoi=1)",True,2022.01(1:2),1,1,False,1524.5,True,43,47,1031.0,3.56,11.8,2.4,10.8,18,0.9148936170212766,1.3289288242347652,0.5643643108063904,True,False,False,10.8
389323171,12.2454,3673.0,0.587151,21,1896.18,1.62405,2038.0389,6.0,262.0,1.04,8.9,229,1.8,2.1,8.8,9.7,2.0,3,"00389323171-01(1:1,ntoi=1);00389323171-01(1:1,ntoi=1);00389323171-01(1:1,ntoi=1)",True,CTOI389323171.01(1:1),0,1,False,2008.5,True,169,223,264.0,8.72,10.9,1.2,10.7,25,0.757847533632287,1.549677387217504,3.8717736023580978,True,False,False,10.7
239332587,8.72762,3573.0,0.425169,7,1164.18,0.8159,2420.7319,1.58,57.0,0.35,9.4,222,0.8,7.7,6.9,4.4,1.0,13,"00239332587-02(1:2,ntoi=3);00239332587-03(1:2,ntoi=3)",True,,1,1,False,268.6,False,146,217,62.0,5.56,10.8,1.8,10.5,42,0.6728110599078341,0.9934095548596722,1.5904819842639715,True,False,False,10.5
420112589,12.295,3248.0,0.275364,40,1979.26,6.53644,1687.6104,4.8,314.0,0.53,7.9,135,1.6,1.5,7.8,5.4,2.0,20,,False,,2,2,False,2347.2,False,100,134,382.0,6.8,10.4,1.9,10.0,26,0.746268656716418,1.4879676689539145,3.2258765429860063,True,False,False,10.0
337217173,11.5546,3236.0,0.253923,5,1848.27,38.55009,1441.4464,4.5,4130.0,1.78,19.7,2,3.0,-0.3,19.7,5.0,2.0,8,"00337217173-02(1:3,ntoi=2)",True,,1,2,False,1407.3,False,2,2,4370.0,1.03,16.6,0.2,9.9,2,1.0,2.546936514413664,1.7668284916147408,True,False,False,9.9
380887434,9.16764,3702.0,0.485948,3,784.9,38.55464,2459.6766,1.0,1293.0,1.91,9.7,2,1.2,-2.3,9.3,4.0,2.0,6,,False,,1,1,False,349.2,False,0,0,,,,,,0,0.0,3.9260911438933808,0.2547062621191039,True,False,False,9.7
151728428,10.9951,3827.0,0.638238,1,24.84,9.45312,3804.0683,6.3,3354.0,4.03,33.7,3,17.1,7.6,34.2,2.9,1.0,1,,False,,1,1,False,1921.9,False,3,3,4633.0,1.29,27.0,96.2,9.6,3,1.0,2.9470564612957046,2.1377262644062607,True,False,False,9.6
380887434,9.16764,3702.0,0.485948,3,784.9,20.44952,2457.3453,1.5,1245.0,1.87,9.3,2,2.0,-1.5,9.3,4.0,1.0,6,,False,,1,1,False,349.2,False,1,1,1295.0,1.0,,,,0,1.0,3.1780632250199767,0.4719855754256026,True,False,False,9.3
200593988,12.3069,3601.0,0.466652,3,1817.1,15.38769,1470.8474,3.15,4795.0,3.53,14.5,2,1.9,1.0,14.0,5.2,2.0,4,"00200593988-01(1:2,ntoi=1);00200593988-01(1:1,ntoi=1);00200593988-01(1:2,ntoi=1)",True,526.01(1:2),1,1,False,2338.3,True,2,2,5353.0,1.14,16.5,4.9,9.3,2,1.0,2.813594617536769,1.1195642685575455,True,False,False,9.3
239332587,8.72762,3573.0,0.425169,7,1164.18,0.61194,2420.5054,2.1,48.0,0.32,10.5,298,0.1,-7.6,7.2,5.1,1.0,13,,False,,1,1,False,268.6,False,192,298,41.0,11.77,9.5,2.1,9.2,42,0.6442953020134228,0.90257985442755,2.326663939704148,True,False,False,9.2
239332587,8.72762,3573.0,0.425169,7,1164.18,1.01874,2420.971,2.25,52.0,0.33,9.2,179,1.0,-4.2,7.2,4.7,1.0,13,,False,,1,1,False,268.6,False,123,179,52.0,10.82,9.5,2.0,9.1,30,0.6871508379888268,1.0697208843449497,2.103352409893167,True,False,False,9.1
11996814,11.6484,3975.0,0.627144,4,951.97,0.89804,1791.6749,4.8,539.0,1.59,7.9,103,0.5,5.9,5.2,4.1,0.5,6,"00011996814-01(1:2,ntoi=1);00011996814-01(1:2,ntoi=1);00011996814-01(1:2,ntoi=1);00011996814-01(1:2,ntoi=1);00011996814-01(1:2,ntoi=1);00011996814-01(1:2,ntoi=1)",True,2022.01(1:2),1,1,False,1524.5,True,75,103,382.0,7.56,9.4,1.7,8.8,23,0.7281553398058253,1.3290817731633524,3.611515932970401,True,False,False,8.8
289164482,10.3543,3943.0,0.63072,8,1849.61,15.04916,1690.8773,4.2,375.0,1.33,11.0,15,3.1,-2.9,13.3,3.5,1.0,11,,False,,2,2,False,683.2,False,12,15,283.0,5.14,11.0,10.8,8.8,6,0.8,3.4140518739785306,1.2302097785953008,True,False,False,8.8
337217173,11.5546,3236.0,0.253923,5,1848.27,24.23092,1412.1308,3.15,1977.0,1.23,17.0,6,8.0,1.1,19.3,4.0,2.0,8,"00337217173-01(2:1,ntoi=3)",True,,1,2,False,1407.3,False,5,6,923.0,6.09,16.6,62.6,8.4,3,0.8333333333333334,2.1817230613050773,1.4438129457712714,True,False,False,8.4
289164482,10.3543,3943.0,0.63072,8,1849.61,34.50866,1705.6273,3.0,1063.0,2.24,12.7,4,4.2,0.2,14.8,4.3,2.0,11,,False,,2,2,False,683.2,False,4,4,1211.0,1.27,13.6,7.5,8.3,3,1.0,4.502033555219606,0.6663655353083351,True,False,False,8.3
36724087,10.5848,3331.0,0.374139,5,2554.86,2.61874,1546.0343,1.8,520.0,0.93,13.1,40,4.6,-2.0,17.7,3.6,0.5,12,,False,,2,2,False,1050.9,False,32,39,306.0,16.53,9.9,8.9,8.2,13,0.8205128205128205,1.3456364484093417,1.3376569890981738,True,False,False,8.2
345324572,12.3024,3122.0,0.437286,5,1687.32,3.11316,1766.1238,4.8,2968.0,2.6,17.4,29,3.0,0.5,22.8,3.3,1.0,7,,False,,0,1,False,9896.6,False,22,28,2344.0,7.0,8.8,5.7,7.9,11,0.7857142857142857,1.5816819437869403,3.0347441335187813,True,False,False,7.9
260657291,12.0365,3814.0,0.547515,26,2607.48,0.73828,1325.4978,0.62,510.0,1.35,8.9,261,0.8,5.9,6.7,6.1,1.0,32,"00260657291-01(1:2,ntoi=1);00260657291-01(1:2,ntoi=1);00260657291-01(1:2,ntoi=1);00260657291-01(1:2,ntoi=1);00260657291-01(1:2,ntoi=1);00260657291-01(1:2,ntoi=1);00260657291-01(1:2,ntoi=1);00260657291-01(1:2,ntoi=1);00260657291-01(1:2,ntoi=1);00260657291-01(1:2,ntoi=1);00260657291-01(1:2,ntoi=1);00260657291-01(1:2,ntoi=1);00260657291-01(1:2,ntoi=1);00260657291-01(1:2,ntoi=1);00260657291-01(1:2,ntoi=1);00260657291-01(1:2,ntoi=1);00260657291-01(1:2,ntoi=1);00260657291-01(1:1,ntoi=1);00260657291-01(1:2,ntoi=1);00260657291-01(1:2,ntoi=1);00260657291-01(1:2,ntoi=1);00260657291-01(1:2,ntoi=1);00260657291-01(1:2,ntoi=1);00260657291-01(1:2,ntoi=1);00260657291-01(1:2,ntoi=1);00260657291-01(1:2,ntoi=1);00260657291-01(1:2,ntoi=1);00260657291-01(1:2,ntoi=1);00260657291-01(1:2,ntoi=1);00260657291-01(1:2,ntoi=1);00260657291-01(1:2,ntoi=1);00260657291-01(1:2,ntoi=1)",True,CTOI260657291.01(1:2),0,1,False,1415.2,True,148,217,472.0,7.16,8.1,1.9,7.9,29,0.6820276497695853,1.1373112709271975,0.5451453932172347,True,False,False,7.9
279251651,10.5886,3726.0,0.555239,32,2578.74,0.8077,1354.8704,4.5,49.0,0.42,7.6,854,1.2,6.5,7.3,6.0,1.0,35,"00279251651-01(1:2,ntoi=1);00279251651-01(1:2,ntoi=1);00279251651-01(1:2,ntoi=1);00279251651-01(1:2,ntoi=1);00279251651-01(1:2,ntoi=1);00279251651-01(1:2,ntoi=1);00279251651-01(1:2,ntoi=1);00279251651-01(1:2,ntoi=1);00279251651-01(1:2,ntoi=1);00279251651-01(1:2,ntoi=1);00279251651-01(1:2,ntoi=1);00279251651-01(1:2,ntoi=1);00279251651-01(1:2,ntoi=1);00279251651-01(1:2,ntoi=1);00279251651-01(1:2,ntoi=1);00279251651-01(1:2,ntoi=1);00279251651-01(1:2,ntoi=1);00279251651-01(1:2,ntoi=1);00279251651-01(1:2,ntoi=1);00279251651-01(1:2,ntoi=1);00279251651-01(1:2,ntoi=1);00279251651-01(1:2,ntoi=1);00279251651-01(1:2,ntoi=1);00279251651-01(1:2,ntoi=1);00279251651-01(1:2,ntoi=1);00279251651-01(1:2,ntoi=1);00279251651-01(1:2,ntoi=1);00279251651-01(1:2,ntoi=1);00279251651-01(1:2,ntoi=1);00279251651-01(1:2,ntoi=1);00279251651-01(1:2,ntoi=1);00279251651-01(1:2,ntoi=1);00279251651-01(1:2,ntoi=1);00279251651-01(1:2,ntoi=1);00279251651-01(1:2,ntoi=1)",True,419.01(1:2),1,1,False,643.8,True,508,854,48.0,16.57,8.0,1.8,7.9,82,0.594847775175644,1.182891643921781,3.8042368657543446,True,False,False,7.9
100103201,8.89152,3789.0,0.493565,6,2579.03,29.19713,1382.5309,4.5,1786.0,2.28,32.3,2,7.2,10.3,27.7,4.0,2.0,3,,False,CTOI100103201.01(1:2),0,3,False,911.0,True,2,2,2327.0,1.21,12.9,5.8,7.8,2,1.0,3.6159125501716005,1.2444991236821927,True,False,False,7.8
447061717,10.2565,3567.0,0.465271,7,2529.49,14.83544,1551.386,4.8,181.0,0.68,52.3,8,10.4,14.3,51.3,3.4,1.0,13,"00447061717-02(3:1,ntoi=2)",True,,1,1,False,584.3,False,6,8,83.0,3.16,11.7,2.4,7.8,2,0.75,2.7740381361844277,1.7303294923703525,True,False,False,7.8
22760643,10.8345,3219.0,0.270406,3,1496.46,23.71338,1594.054,4.2,1184.0,1.01,11.0,2,1.4,-1.6,8.9,3.4,2.0,8,,False,,0,1,False,803.8,False,2,2,1408.0,1.12,11.6,1.9,7.7,2,1.0,2.258830605828146,1.8593691749896275,True,False,False,7.7
22760643,10.8345,3219.0,0.270406,3,1496.46,22.73469,1586.479,4.2,1204.0,1.02,10.9,2,0.0,-1.6,9.2,3.4,2.0,8,"00022760643-02(1:3,ntoi=2);00022760643-01(1:3,ntoi=2);00022760643-01(1:3,ntoi=2);00022760643-02(1:3,ntoi=2);00022760643-01(1:3,ntoi=1);00022760643-02(1:3,ntoi=2);00022760643-01(1:3,ntoi=1)",True,CTOI22760643.01(1:3),0,1,False,803.8,True,2,2,1315.0,1.09,12.3,1.1,7.6,2,1.0,2.2273178052978224,1.8856761213016044,True,False,False,7.6
22760643,10.8345,3219.0,0.270406,3,1496.46,22.73433,1586.479,4.2,1191.0,1.02,10.8,2,0.0,-1.8,9.3,3.7,2.0,8,"00022760643-02(1:3,ntoi=2);00022760643-01(1:3,ntoi=2);00022760643-01(1:3,ntoi=2);00022760643-02(1:3,ntoi=2);00022760643-01(1:3,ntoi=1);00022760643-02(1:3,ntoi=2);00022760643-01(1:3,ntoi=1)",True,CTOI22760643.01(1:3),0,1,False,803.8,True,2,2,1302.0,1.08,12.2,0.9,7.6,2,1.0,2.2273060488345755,1.8856860745282962,True,False,False,7.6
381897917,10.3154,3614.0,0.531248,5,2547.23,1.19509,1657.9154,3.6,114.0,0.62,8.2,99,1.7,7.4,10.3,2.3,0.5,4,,False,,1,1,False,636.5,False,66,98,90.0,9.48,8.1,3.2,7.6,21,0.673469387755102,1.3088002527843856,2.7506107156850246,True,False,False,7.6
262530407,9.49275,3639.0,0.517786,8,2906.02,53.37026,1369.5686,2.4,525.0,1.29,10.6,5,5.1,1.7,13.7,3.1,2.0,12,,False,,1,1,False,424.4,False,5,5,555.0,2.25,9.6,4.1,7.6,5,1.0,4.564658263857655,0.5257786807399962,True,False,False,7.6
261135533,10.4458,3423.0,0.369077,3,1845.51,26.82643,1745.3681,1.58,1508.0,1.56,11.1,3,3.3,1.0,9.7,3.7,2.0,8,,False,,1,2,False,638.9,False,3,3,1438.0,1.63,13.0,10.0,7.5,2,1.0,2.896057914151719,0.5455692002149743,True,False,False,7.5
166145361,11.9686,3075.0,0.202097,5,2549.66,6.76471,1607.1438,4.2,933.0,0.67,11.3,17,5.6,0.5,18.4,3.4,2.0,6,,False,,1,1,True,1807.6,False,13,17,285.0,16.19,9.4,11.3,7.5,7,0.7647058823529411,1.2246103706759326,3.4296622832630264,True,False,False,7.5
236387002,10.3978,3606.0,0.4983,5,1496.31,21.19187,1970.484,3.15,1930.0,2.39,15.1,3,4.3,2.8,15.0,2.7,1.0,11,,False,,1,1,False,823.0,True,2,2,2222.0,1.37,16.1,35.3,7.4,2,1.0,3.2703330185254114,0.9632046590228693,True,False,False,7.4
236387002,10.3978,3606.0,0.4983,5,1496.31,12.92947,1957.6121,4.5,1709.0,2.25,15.9,2,2.8,-0.1,17.6,3.6,1.0,11,,False,,1,1,False,823.0,False,2,2,1898.0,1.12,12.7,2.3,7.3,2,1.0,2.7737189890912233,1.622370549323157,True,False,False,7.3
413248763,8.74094,3490.0,0.360144,5,2555.74,21.2788,1535.1327,2.1,400.0,0.79,12.1,5,8.4,1.1,13.4,2.9,2.0,8,,False,,1,1,False,269.5,False,5,5,263.0,5.45,10.3,20.9,7.2,4,1.0,2.637392665658792,0.7962409342165373,True,False,False,7.2
238027971,10.5178,3640.0,0.543755,12,1035.4,0.99591,1355.0388,7.2,57.0,0.45,7.9,268,1.0,3.7,13.5,2.6,0.5,7,,False,,0,1,False,689.5,False,162,268,36.0,62.2,7.6,5.4,7.2,34,0.6044776119402985,1.250884374064493,5.755927685470298,True,False,False,7.2
439456714,11.7315,3668.0,0.523113,4,2904.62,45.20019,1391.0012,3.15,2949.0,3.1,12.7,3,10.5,0.5,14.8,5.0,2.0,5,,False,,1,1,False,1900.0,False,3,3,4025.0,2.36,16.7,109.2,6.7,3,1.0,4.348292223009409,0.7244223337455266,True,False,False,6.7
262530407,9.49275,3639.0,0.517786,8,2906.02,66.44348,1394.4561,4.2,628.0,1.42,14.5,4,3.5,-1.7,17.4,4.7,2.0,12,,False,,1,1,False,424.4,False,3,4,893.0,1.34,12.4,35.8,6.7,3,0.75,4.910502691285655,0.8553095811256684,True,False,False,6.7
4070275,11.3993,3500.0,0.465777,3,2607.68,43.0526,1441.1055,3.15,2461.0,2.52,11.3,2,0.0,1.2,9.9,3.9,2.0,2,,False,,1,1,False,1164.4,False,2,2,2583.0,1.33,13.2,19.2,6.6,2,1.0,3.9596802275881524,0.7955187840808726,True,False,False,6.6
439456714,11.7315,3668.0,0.523113,4,2904.62,28.75934,1407.8231,3.0,3678.0,3.46,14.1,3,8.0,0.8,13.9,4.4,2.0,5,,False,,1,1,False,1900.0,False,3,3,5033.0,1.78,17.1,72.6,6.6,3,1.0,3.739942636587389,0.8021513406786983,True,False,False,6.6
308183430,9.47246,3863.0,0.625641,17,2691.55,36.63404,1377.9063,2.25,1709.0,2.82,51.1,9,39.9,1.6,107.5,3.9,2.0,21,,False,,0,1,False,926.6,False,7,9,324.0,38.42,9.9,119.8,6.6,5,0.7777777777777778,4.5679362413868585,0.49256379272861384,True,False,False,6.6
391947345,11.7646,3738.0,0.542077,33,2580.51,60.61284,1353.3018,2.4,1312.0,2.14,10.5,10,3.3,-2.5,12.0,6.3,2.0,12,,False,,0,1,False,1711.6,False,9,10,1224.0,5.7,9.9,18.5,6.6,7,0.9,4.910252502520675,0.4887732349340409,True,False,False,6.6
359271092,7.66874,3745.0,0.525276,7,2202.62,17.81569,1544.2774,2.25,116.0,0.62,8.9,9,0.2,1.1,8.8,3.9,1.0,10,,False,,1,1,False,175.3,False,8,9,114.0,3.28,7.8,5.9,6.5,5,0.8888888888888888,3.1969380103187994,0.7037984448674466,True,False,False,6.5
443823169,11.6627,3261.0,0.296806,9,2225.2,19.1987,1505.9848,3.15,870.0,0.96,9.7,12,3.5,-3.9,11.5,3.4,2.0,4,,False,,1,1,False,1377.6,False,11,12,274.0,15.3,9.5,18.6,6.4,4,0.9166666666666666,2.24016849680052,1.4061442273199227,True,False,False,6.4
447061717,10.2565,3567.0,0.465271,7,2529.49,2.45267,1545.2672,2.1,110.0,0.53,48.8,65,11.9,-17.1,48.1,3.0,1.0,13,,False,,1,1,False,584.3,False,40,65,48.0,8.73,9.5,2.1,6.3,8,0.6153846153846154,1.5225047506871636,1.3793060409513935,True,False,False,6.3
308183430,9.47246,3863.0,0.625641,17,2691.55,35.81492,1378.1313,2.25,1757.0,2.86,52.7,9,32.1,-5.3,107.5,3.9,2.0,21,"00308183430-03(2:1,ntoi=5)",True,,0,1,False,926.6,False,7,9,429.0,28.94,10.0,117.3,6.2,6,0.7777777777777778,4.5336336540927284,0.4962906515326436,True,False,False,6.2
337385330,10.1857,3973.0,0.605852,5,785.1,40.48776,2531.755,2.4,950.0,2.04,9.2,2,1.2,-0.1,7.9,3.2,2.0,2,,False,,1,2,False,551.7,False,2,2,1140.0,1.07,10.0,0.5,6.1,2,1.0,4.622680819760954,0.5191792584382038,True,False,False,6.1
100608026,10.8835,3996.0,0.6194,6,2852.44,38.54646,1460.9005,2.1,819.0,1.93,8.2,4,4.6,1.6,9.2,4.9,2.0,8,,False,,1,1,False,704.8,False,4,4,995.0,1.78,11.3,25.3,6.1,2,1.0,4.61512988459049,0.45502511359684894,True,False,False,6.1
34068865,8.03194,3536.0,0.457751,7,2529.68,24.59297,1544.0371,2.1,352.0,0.94,17.2,7,7.2,-2.6,26.8,4.6,2.0,11,,False,,1,1,False,259.0,False,6,7,254.0,5.42,12.7,58.2,6.0,4,0.8571428571428571,3.2476171177571342,0.6466279502339548,True,False,False,6.0
34068865,8.03194,3536.0,0.457751,7,2529.68,23.86847,1544.0246,1.5,375.0,0.97,16.2,8,13.8,-2.9,22.2,3.4,2.0,11,,False,,1,1,False,259.0,False,7,8,92.0,15.55,10.9,47.0,6.0,2,0.875,3.2154075130949153,0.4665038549207749,True,False,False,6.0
380887434,9.16764,3702.0,0.485948,3,784.9,37.71687,2460.5177,1.12,1019.0,1.69,10.8,2,3.1,0.4,9.3,4.0,2.0,6,,False,,1,1,False,349.2,False,2,2,1063.0,1.39,9.4,15.5,5.8,2,1.0,3.897445416963582,0.287367719153991,True,False,False,5.8
4070275,11.3993,3500.0,0.465777,3,2607.68,49.67627,1441.0961,3.6,2276.0,2.42,10.7,2,0.0,1.2,10.3,4.2,2.0,2,,False,,1,1,False,1164.4,False,2,2,2363.0,1.37,11.9,21.1,5.7,2,1.0,4.153140720692689,0.8668138746330675,True,False,False,5.7
34068865,8.03194,3536.0,0.457751,7,2529.68,21.52865,1544.0371,2.1,285.0,0.84,15.0,8,16.7,3.0,19.4,2.7,2.0,11,,False,,1,1,False,259.0,False,7,8,86.0,15.99,11.6,61.0,5.7,3,0.875,3.1067055572382096,0.6759572033169606,True,False,False,5.7
413248763,8.74094,3490.0,0.360144,5,2555.74,18.57352,1535.1515,1.2,443.0,0.83,10.8,5,4.7,-1.0,16.2,4.1,2.0,8,,False,,1,1,False,269.5,False,5,5,292.0,3.9,6.6,4.6,5.6,4,1.0,2.520521980859207,0.4760918607783529,True,False,False,5.6
362249359,10.1461,3920.0,0.603336,8,2230.76,13.93145,1557.6086,2.4,409.0,1.33,7.9,11,3.6,1.3,8.7,4.3,2.0,6,,False,,1,1,True,590.0,False,9,10,229.0,6.15,8.3,6.9,5.5,4,0.9,3.230327545196605,0.7429587143782753,True,False,False,5.5
236387002,10.3978,3606.0,0.4983,5,1496.31,21.83522,1969.1621,3.6,1814.0,2.32,14.8,2,0.0,2.0,15.0,2.7,2.0,11,,False,,1,1,False,823.0,True,2,2,1845.0,1.43,11.5,27.8,5.4,2,1.0,3.3030976231723734,1.0898860435564344,True,False,False,5.4
443823169,11.6627,3261.0,0.296806,9,2225.2,24.84286,1502.8348,2.25,1037.0,1.04,8.5,9,3.6,-3.9,10.4,2.8,2.0,4,,False,,1,1,False,1377.6,False,9,9,711.0,7.45,8.9,15.6,5.4,5,1.0,2.4411283179099126,0.92170492779603,True,False,False,5.4
200593988,12.3069,3601.0,0.466652,3,1817.1,14.71752,1470.8474,3.15,2124.0,2.35,9.2,6,4.5,-0.5,9.7,2.8,2.0,4,,False,,1,1,False,2338.3,False,6,6,921.0,6.61,11.5,21.7,5.3,2,1.0,2.7721406411924447,1.13630598433311,True,False,False,5.3
112115898,11.7735,3190.0,0.226654,5,2226.08,47.42668,1531.3984,3.6,1624.0,1.0,7.4,3,3.3,-0.1,7.1,4.8,2.0,5,,False,,1,1,False,1596.6,False,3,3,1296.0,4.01,10.3,37.9,5.3,3,1.0,2.530024891210157,1.4229109019864443,True,False,False,5.3
387294150,11.4353,3944.0,0.628984,7,2196.33,28.04198,2049.1589,2.1,1206.0,2.38,7.7,4,3.3,-0.6,9.1,6.2,1.0,2,,False,,1,1,False,1119.5,False,4,4,1357.0,1.84,8.1,17.2,5.3,2,1.0,4.19344467653248,0.500781615589709,True,False,False,5.3
165827520,12.295,3230.0,0.307821,4,2549.67,19.23463,1611.3595,1.05,3192.0,1.9,8.0,4,3.0,0.4,7.0,3.5,2.0,5,,False,,1,1,False,1926.8,False,3,4,2995.0,2.0,8.2,12.2,5.2,2,0.75,2.2966865973752584,0.4571803576508786,True,False,False,5.2
166145361,11.9686,3075.0,0.202097,5,2549.66,16.63666,1607.1094,2.25,2192.0,1.03,12.8,8,5.1,-0.4,17.4,3.1,2.0,6,,False,,1,1,False,1807.6,False,7,8,947.0,7.51,8.1,17.8,5.1,3,0.875,1.6529900988461457,1.361169677646945,True,False,False,5.1
359271092,7.66874,3745.0,0.525276,7,2202.62,18.82469,1544.2728,1.58,126.0,0.64,7.9,9,1.3,-0.1,8.6,3.7,1.0,10,,False,,1,1,False,175.3,False,7,9,129.0,2.56,6.3,3.9,5.1,5,0.7777777777777778,3.256186543494717,0.48523018533952234,True,False,False,5.1
328081248,11.1798,3521.0,0.343358,2,763.06,25.51847,2794.6044,1.5,2200.0,1.76,8.9,2,0.0,-0.8,7.7,3.4,2.0,5,"00328081248-01(1:2,ntoi=2)",True,,1,2,False,1062.5,False,2,2,2465.0,1.16,9.9,2.3,5.0,2,1.0,2.714300656702168,0.5526285366715697,True,False,False,5.0
36724087,10.5848,3331.0,0.374139,5,2554.86,18.30695,1554.6406,2.1,2217.0,1.92,16.0,4,13.4,-1.3,15.8,2.9,2.0,12,,False,,2,2,False,1050.9,False,3,4,1620.0,3.22,12.6,55.5,5.0,3,0.75,2.572975277132087,0.8161757396832514,True,False,False,5.0
77951245,12.4258,3160.0,0.422267,6,2852.45,42.04168,1459.687,3.6,1990.0,2.05,7.3,3,4.3,-0.6,7.3,4.5,2.0,7,,False,,1,1,False,2043.6,False,3,3,2889.0,1.36,9.5,16.7,5.0,2,1.0,3.679818597645748,0.9783090944491628,True,False,False,5.0
435878153,12.0398,3392.0,0.380156,2,1117.19,13.33729,1772.5145,1.58,4265.0,2.71,9.0,2,1.0,-0.9,7.9,2.9,2.0,1,,False,,1,1,False,2033.2,False,2,2,5110.0,1.14,8.6,1.2,4.9,2,1.0,2.3399436109858454,0.6752299468166789,True,False,False,4.9
146776480,10.4767,3821.0,0.494575,6,2199.76,41.36583,1521.5125,1.12,925.0,1.64,7.5,5,3.4,-0.2,7.9,4.1,2.0,9,"00146776480-01(1:2,ntoi=2);00146776480-01(1:2,ntoi=1);00146776480-01(1:2,ntoi=1)",True,2605.01(1:2),1,1,False,695.8,True,5,5,764.0,3.46,8.1,14.0,4.9,3,1.0,4.066714161472623,0.2754066195777158,True,False,False,4.9
359271092,7.66874,3745.0,0.525276,7,2202.62,16.06914,1544.2821,1.58,97.0,0.56,7.3,13,2.2,1.9,8.8,3.9,2.0,10,,False,,1,1,False,175.3,False,11,13,83.0,4.04,5.8,2.3,4.9,5,0.8461538461538461,3.0888551609424515,0.511516376675273,True,False,False,4.9
364074068,12.0948,3756.0,0.562607,20,1897.79,74.58248,1791.4023,1.58,4617.0,4.17,13.4,3,6.1,0.3,16.7,4.9,2.0,8,,False,,1,1,False,1595.5,False,3,3,2098.0,4.74,11.3,54.4,4.9,3,1.0,5.393748037704522,0.29293174040669845,True,False,False,4.9
232650365,11.9589,3340.0,0.410465,30,1979.21,89.83804,1747.0174,0.5,2787.0,2.36,7.4,8,4.8,-0.1,7.3,4.3,2.0,15,,False,,2,2,False,1800.9,False,8,8,1505.0,8.59,8.3,17.0,4.9,3,1.0,4.65099426731411,0.10750389513783332,True,False,False,4.9
92444219,12.0598,3329.0,0.377615,4,2907.31,23.91733,1326.7895,2.1,2059.0,1.87,7.0,3,3.1,0.5,7.3,4.1,2.0,3,"00092444219-01(1:1,ntoi=1);00092444219-01(1:1,ntoi=1)",True,,0,1,False,1724.7,False,3,3,1809.0,2.04,7.8,5.2,4.8,3,1.0,2.8301667056347277,0.7420057609394527,True,False,False,4.8
417931300,11.1806,3700.0,0.542573,7,1683.85,16.95394,1692.0508,1.05,1824.0,2.53,11.3,7,5.2,0.8,17.0,2.6,2.0,4,,False,,1,1,False,1366.3,False,6,7,885.0,7.95,16.4,42.2,4.7,2,0.8571428571428571,3.213196560813503,0.3267773944505174,True,False,False,4.7
296739893,10.2139,3586.0,0.547453,5,2555.3,16.14327,1528.3086,1.0,978.0,1.87,9.8,5,3.2,-1.1,10.8,3.8,2.0,7,,False,,1,1,False,594.0,False,5,5,784.0,4.09,9.1,25.3,4.6,3,1.0,3.18007008087841,0.3144584787652782,True,False,False,4.6
112115898,11.7735,3190.0,0.226654,5,2226.08,26.5344,1516.2984,2.1,2877.0,1.33,8.0,2,0.0,2.0,7.2,4.9,2.0,5,,False,,1,1,False,1596.6,False,2,2,4276.0,1.52,11.5,42.1,4.6,2,1.0,2.084748371267812,1.0073158127582147,True,False,False,4.6
321688498,11.1079,3863.0,0.566304,12,1871.15,60.99734,1798.5854,1.58,2155.0,2.87,11.3,4,4.5,-1.8,15.9,4.1,2.0,5,,False,,1,1,False,1248.7,False,3,4,993.0,6.63,14.6,78.4,4.6,3,0.75,5.066153514830028,0.3118736918206099,True,False,False,4.6
308183430,9.47246,3863.0,0.625641,17,2691.55,86.5196,1432.45,2.25,3263.0,3.9,79.5,6,7.5,0.1,135.6,5.7,2.0,21,,False,,0,1,False,926.6,False,4,6,379.0,32.77,9.2,275.5,4.6,2,0.6666666666666666,6.0831696629235275,0.369872965029002,True,False,False,4.6
173103335,10.5459,3920.0,0.550856,3,758.76,17.78775,2537.0763,1.58,1100.0,1.99,10.0,5,3.2,-0.1,12.2,3.7,2.0,6,,False,,1,1,False,677.5,False,4,4,662.0,3.64,6.5,7.5,4.5,4,1.0,3.298177483683934,0.4790524487588225,True,False,False,4.5
146776480,10.4767,3821.0,0.494575,6,2199.76,48.60605,1537.0078,0.75,1463.0,2.06,7.7,3,4.2,-0.2,8.2,4.3,2.0,9,,False,,1,1,False,695.8,False,3,3,1162.0,2.79,16.6,42.4,4.5,3,1.0,4.2913424915001,0.1747704830098114,True,False,False,4.5
359271092,7.66874,3745.0,0.525276,7,2202.62,28.12506,1546.2087,4.5,104.0,0.59,8.4,6,1.7,1.8,9.4,5.9,2.0,10,,False,,1,1,False,175.3,False,5,6,151.0,1.5,7.0,7.3,4.5,4,0.8333333333333334,3.7224695342198793,1.2088749037789153,True,False,False,4.5
34068865,8.03194,3536.0,0.457751,7,2529.68,18.93034,1544.0183,1.2,353.0,0.94,15.7,10,7.5,2.9,20.5,2.9,2.0,11,,False,,1,1,False,259.0,False,8,10,105.0,11.83,10.4,31.8,4.5,4,0.8,2.9763269255804707,0.40318151533906676,True,False,False,4.5
153065527,11.2828,3324.0,0.388609,8,2904.61,50.57503,1421.4114,3.15,1679.0,1.74,10.2,2,0.0,1.2,10.5,4.1,2.0,8,,False,,2,3,False,954.2,False,2,2,1933.0,1.41,11.7,20.5,4.5,2,1.0,3.702788560454121,0.85071020085837,True,False,False,4.5
447061717,10.2565,3567.0,0.465271,7,2529.49,4.49433,1548.1141,2.25,98.0,0.5,32.1,31,2.9,8.8,6.3,5.0,2.0,13,,False,,1,1,True,584.3,False,20,31,54.0,10.37,5.7,2.1,4.4,5,0.6451612903225806,1.8630904341542822,1.207670845576183,True,False,False,4.4
337385330,10.1857,3973.0,0.605852,5,785.1,33.73569,2531.7581,2.25,836.0,1.91,8.0,2,2.5,1.5,7.0,3.8,2.0,2,,False,,1,2,False,551.7,False,2,2,982.0,1.3,8.6,6.5,4.3,2,1.0,4.349932558645848,0.5172493986206614,True,False,False,4.3
100103200,8.69367,3850.0,0.517124,6,2579.03,38.43049,1372.8653,1.8,743.0,1.54,15.4,4,5.1,-2.3,15.0,3.6,2.0,2,,False,,0,3,False,576.8,False,4,4,791.0,1.69,5.7,3.7,4.3,4,1.0,4.087866748208616,0.44032746438929193,True,False,False,4.3
443823169,11.6627,3261.0,0.296806,9,2225.2,17.17069,1498.8192,2.4,806.0,0.92,7.3,11,3.8,-0.4,10.2,2.7,2.0,4,,False,,1,1,False,1377.6,False,9,11,585.0,7.9,7.8,12.9,4.3,4,0.8181818181818182,2.158337354876543,1.1119670400817763,True,False,False,4.3
236934937,11.9959,3869.0,0.475701,25,1951.25,107.3925,1718.1083,0.5,4607.0,3.52,9.6,4,5.1,0.3,14.3,5.7,2.0,7,,False,,1,1,False,1576.3,False,4,4,1928.0,6.98,8.0,33.6,4.3,3,1.0,5.446142339062242,0.09180810358439764,True,False,False,4.3
36724087,10.5848,3331.0,0.374139,5,2554.86,23.73952,1553.8968,2.4,1675.0,1.67,14.4,4,6.1,0.6,20.3,4.5,2.0,12,,False,,2,2,False,1050.9,False,4,4,1426.0,1.53,7.1,4.3,4.2,3,1.0,2.805784161201427,0.8553758457929025,True,False,False,4.2
153065527,11.2828,3324.0,0.388609,8,2904.61,41.86066,1421.3926,2.25,1331.0,1.55,8.3,4,4.6,0.3,9.9,3.8,2.0,8,,False,,2,3,False,954.2,False,4,4,1751.0,1.72,9.3,21.9,4.2,2,1.0,3.4765799466955563,0.6471877634048357,True,False,False,4.2
55488511,11.6434,3841.0,0.573953,2,731.55,16.99227,1447.8458,1.5,3601.0,3.76,12.3,2,0.0,0.1,12.3,2.8,2.0,1,,False,,1,1,False,1203.4,False,2,2,3799.0,1.67,8.8,61.3,4.1,2,1.0,3.338435431033467,0.44931226947098707,True,False,False,4.1
165827520,12.295,3230.0,0.307821,4,2549.67,14.11619,1614.1033,1.05,4307.0,2.2,7.7,2,2.4,-0.3,7.1,3.6,2.0,5,,False,,1,1,False,1926.8,False,2,2,4068.0,1.3,8.1,6.0,4.1,2,1.0,2.0716336443960723,0.5068463735566038,True,False,False,4.1
236934937,11.9959,3869.0,0.475701,25,1951.25,81.15025,1758.4702,0.62,3827.0,3.21,9.7,5,3.5,-0.1,14.3,5.7,2.0,7,,False,,1,1,False,1576.3,False,5,5,2023.0,5.58,6.1,10.8,4.1,3,1.0,4.960524789612635,0.12498677585449895,True,False,False,4.1
271596225,11.7144,3607.0,0.473702,43,2720.36,107.14559,1409.2358,1.5,1047.0,1.67,7.5,9,3.6,1.4,8.3,5.3,2.0,21,,False,,3,3,False,1168.5,False,9,9,360.0,11.54,5.4,4.7,4.0,3,1.0,5.426709075727769,0.27641061628107216,True,False,False,4.0
296739893,10.2139,3586.0,0.547453,5,2555.3,25.58651,1539.5013,0.75,1310.0,2.16,9.8,4,5.5,0.3,10.3,3.5,2.0,7,,False,,1,1,False,594.0,False,4,4,1005.0,3.24,8.6,28.6,4.0,3,1.0,3.7077451152710967,0.2022792766716821,True,False,False,4.0
173103335,10.5459,3920.0,0.550856,3,758.76,22.42429,2544.1591,1.8,1675.0,2.46,11.2,2,5.9,-1.0,12.2,3.7,2.0,6,,False,,1,1,False,677.5,False,2,2,1488.0,1.45,6.5,10.6,3.9,2,1.0,3.5629242075623724,0.50520300043977,True,False,False,3.9
417931300,11.1806,3700.0,0.542573,7,1683.85,14.69216,1693.3258,1.05,1707.0,2.45,10.5,7,3.7,2.3,18.0,2.9,2.0,4,,False,,1,1,False,1366.3,False,7,7,869.0,8.13,16.2,42.4,3.9,2,1.0,3.0634370645053948,0.3427522674338104,True,False,False,3.9
354944123,11.0318,3883.0,0.598175,9,2520.2,49.26738,1682.9131,6.3,831.0,1.88,9.1,3,6.7,1.2,11.6,4.6,2.0,11,,False,,2,2,False,838.2,False,3,3,958.0,2.33,12.2,47.2,3.9,2,1.0,4.893432725104117,1.2874397900026213,True,False,False,3.9
271596225,11.7144,3607.0,0.473702,43,2720.36,119.30446,1431.267,1.2,1579.0,2.05,8.1,6,4.4,0.4,8.6,5.6,2.0,21,,False,,3,3,False,1168.5,False,6,6,919.0,4.17,5.4,4.0,3.8,3,1.0,5.624673694780022,0.21334570947887338,True,False,False,3.8
328081248,11.1798,3521.0,0.343358,2,763.06,17.7142,2782.8497,1.58,1850.0,1.61,7.8,2,3.1,0.8,7.6,3.3,2.0,5,,False,,1,2,False,1062.5,False,2,2,2033.0,1.41,9.3,14.1,3.8,2,1.0,2.4033310035680704,0.6574208869499357,True,False,False,3.8
279251651,10.5886,3726.0,0.555239,32,2578.74,110.11878,1385.5017,1.2,933.0,1.85,7.1,5,3.8,-1.2,7.4,5.2,2.0,35,,False,,1,1,False,643.8,False,3,3,907.0,1.49,5.3,2.9,3.8,2,1.0,6.088104056366932,0.19710569807771952,True,False,False,3.8
100103200,8.69367,3850.0,0.517124,6,2579.03,26.64972,1368.6372,1.8,1302.0,2.04,15.2,2,0.9,1.3,15.4,3.9,2.0,2,"00100103200-01(1:1,ntoi=2)",True,,0,3,False,576.8,False,2,2,1333.0,1.0,5.8,0.0,3.7,2,1.0,3.618281126762449,0.4974737829756741,True,False,False,3.7
234994474,9.22978,3746.0,0.597007,7,2907.31,65.25655,1387.1376,1.5,608.0,1.61,7.8,2,1.8,-0.2,7.2,3.7,2.0,10,,False,,1,1,False,341.7,False,2,2,818.0,1.46,11.8,23.4,3.7,2,1.0,5.367053767904613,0.279482946299162,True,False,False,3.7
235678745,11.0788,3746.0,0.463205,40,1952.36,109.10466,1791.4414,4.5,668.0,1.31,7.7,5,9.0,1.3,7.6,5.2,2.0,18,,False,,3,3,False,843.8,False,5,5,31.0,91.1,8.5,34.5,3.7,2,1.0,5.378628555450624,0.8366445002861864,True,False,False,3.7
173103335,10.5459,3920.0,0.550856,3,758.76,18.04972,2544.1263,1.58,1017.0,1.92,9.0,4,4.4,-1.3,11.2,3.2,2.0,6,,False,,1,1,False,677.5,False,4,4,640.0,3.87,5.3,10.5,3.5,3,1.0,3.314290000686908,0.476723521379401,True,False,False,3.5
146776480,10.4767,3821.0,0.494575,6,2199.76,47.535,1553.0703,0.75,1750.0,2.26,7.6,2,3.6,0.4,8.2,4.3,2.0,9,,False,,1,1,False,695.8,False,2,2,2036.0,1.59,16.8,65.6,3.5,2,1.0,4.259587722119598,0.1760733782063761,True,False,False,3.5
362249359,10.1461,3920.0,0.603336,8,2230.76,43.12547,1568.0961,2.4,772.0,1.83,7.8,4,4.0,0.2,8.7,4.2,2.0,6,,False,,1,1,False,590.0,False,4,4,601.0,2.03,8.2,4.7,3.5,2,1.0,4.707883791062188,0.5097831863556926,True,False,False,3.5
200593988,12.3069,3601.0,0.466652,3,1817.1,31.37756,1470.8474,3.15,5186.0,3.67,12.0,2,1.3,-2.5,6.5,4.1,2.0,4,,False,,1,1,False,2338.3,False,2,2,5294.0,1.15,14.2,1.3,3.4,2,1.0,3.5678788945663618,0.882877500353848,True,False,False,3.4
408636441,9.92838,3960.0,0.627046,10,1897.18,76.67168,1792.4428,2.25,932.0,2.09,9.2,2,2.3,-0.2,7.3,4.7,2.0,8,,False,,2,3,False,480.2,True,2,2,908.0,1.36,8.5,8.4,3.4,2,1.0,5.851756169626099,0.38449995775264245,True,False,False,3.4
377293776,10.0306,3407.0,0.473603,39,1979.26,118.07525,1781.3681,2.1,821.0,1.48,13.9,6,8.9,0.7,20.3,5.9,2.0,17,,False,,1,1,False,511.7,False,5,6,368.0,10.58,5.8,30.0,3.4,4,0.8333333333333334,5.604508709920103,0.37469832035106915,True,False,False,3.4
353475866,10.6714,3474.0,0.46126,6,1496.35,47.83931,1844.3631,0.75,2365.0,2.45,7.8,2,0.0,0.3,7.1,5.2,2.0,6,,False,,1,1,False,733.0,False,2,2,2157.0,1.11,7.9,0.5,3.3,2,1.0,4.0747452249399005,0.18406058749625553,True,False,False,3.3
166184426,11.1825,3327.0,0.31097,2,758.92,22.107,1622.375,1.5,3010.0,1.86,10.5,2,5.7,1.4,9.9,3.3,2.0,2,,False,,2,4,False,1210.1,False,2,2,3177.0,1.52,11.2,29.3,3.2,2,1.0,2.4221287623411922,0.6192899499488719,True,False,False,3.2
100103201,8.89152,3789.0,0.493565,6,2579.03,26.98572,1359.0559,4.2,979.0,1.69,23.8,4,14.7,-4.9,27.8,4.0,2.0,3,,False,,0,3,True,911.0,False,3,4,909.0,2.98,7.3,31.9,3.2,2,0.75,3.522215041711633,1.1924314530094662,True,False,False,3.2
321688498,11.1079,3863.0,0.566304,12,1871.15,78.16306,1804.0979,1.58,2258.0,2.94,11.6,3,11.1,-1.7,15.9,4.1,2.0,5,,False,,1,1,False,1248.7,False,3,3,1158.0,5.34,15.3,98.7,3.2,2,1.0,5.50269233365574,0.28713217170735755,True,False,False,3.2
336961891,11.9847,3266.0,0.242091,4,811.52,33.9546,2469.4256,2.4,5518.0,1.96,19.8,3,19.9,1.6,26.2,3.9,2.0,3,,False,,1,1,False,1698.6,False,2,3,1294.0,9.34,16.4,170.4,3.1,2,0.6666666666666666,2.364977045460651,1.0148090040055875,True,False,False,3.1
353475866,10.6714,3474.0,0.46126,6,1496.35,31.41569,1822.9699,0.62,2096.0,2.3,7.6,2,2.5,0.2,7.9,6.2,1.0,6,,False,,1,1,False,733.0,False,2,2,2202.0,1.3,8.2,4.5,3.1,2,1.0,3.54177546185461,0.17505344612539162,True,False,False,3.1
262530407,9.49275,3639.0,0.517786,8,2906.02,31.57295,1375.078,1.8,932.0,1.72,11.6,2,7.7,2.1,14.0,3.2,2.0,12,,False,,1,1,False,424.4,False,2,2,868.0,1.55,13.0,35.4,3.1,2,1.0,3.8318945609191895,0.4697415263869418,True,False,False,3.1
165827520,12.295,3230.0,0.307821,4,2549.67,22.17974,1612.2689,1.2,3413.0,1.96,7.7,3,3.4,-1.4,7.3,3.8,2.0,5,,False,,1,1,False,1926.8,False,3,3,2677.0,2.19,6.2,8.0,3.0,2,1.0,2.4083851504714016,0.4982591757656037,True,False,False,3.0
296739893,10.2139,3586.0,0.547453,5,2555.3,18.12865,1528.244,0.75,1451.0,2.28,10.6,4,4.3,0.1,10.4,3.6,2.0,7,,False,,1,1,False,594.0,False,4,4,874.0,3.72,9.1,22.0,3.0,2,1.0,3.3054303379113392,0.22689935146959284,True,False,False,3.0
234994474,9.22978,3746.0,0.597007,7,2907.31,54.88531,1339.0751,4.5,697.0,1.72,7.1,2,1.0,-0.3,7.1,3.6,2.0,10,,False,,1,1,False,341.7,False,2,2,765.0,1.29,8.0,4.2,3.0,2,1.0,5.0661722307354005,0.8882445750066386,True,False,False,3.0
236934937,11.9959,3869.0,0.475701,25,1951.25,83.44354,1791.4676,0.5,2926.0,2.81,8.1,7,3.4,0.8,14.3,5.7,2.0,7,,False,,1,1,False,1576.3,False,6,7,1217.0,11.06,6.1,20.3,3.0,1,0.8571428571428571,5.006819215958227,0.09986380143432197,True,False,False,3.0
336961891,11.9847,3266.0,0.242091,4,811.52,32.9576,2459.3975,2.25,6495.0,2.13,20.5,3,17.9,-1.6,22.1,3.1,2.0,3,,False,,1,1,False,1698.6,False,2,2,6836.0,1.81,16.3,242.8,2.9,2,1.0,2.341599318869293,0.9608817280859457,True,False,False,2.9
34068865,8.03194,3536.0,0.457751,7,2529.68,23.11229,1544.0371,2.1,313.0,0.88,16.2,8,4.1,-1.8,21.1,3.1,2.0,11,,False,,1,1,False,259.0,False,7,8,67.0,20.67,10.2,50.2,2.8,2,0.875,3.1810865681686846,0.660151792476665,True,False,False,2.8
153065527,11.2828,3324.0,0.388609,8,2904.61,45.35411,1421.402,2.1,1683.0,1.74,8.9,2,0.0,-1.1,9.6,3.6,2.0,8,,False,,2,3,False,954.2,False,2,2,1839.0,1.59,8.8,29.8,2.8,2,1.0,3.57071959365897,0.5881167492763268,True,False,False,2.8
198162530,12.1898,3717.0,0.569914,31,1979.26,65.15513,1740.6869,2.4,1215.0,2.17,7.2,10,6.5,-0.3,12.4,6.6,2.0,7,,False,,2,2,False,1660.4,False,6,10,395.0,31.16,6.8,34.5,2.8,2,0.6,5.200726910614072,0.46147395186274487,True,False,False,2.8
353475866,10.6714,3474.0,0.46126,6,1496.35,50.20601,1861.4387,0.62,2179.0,2.35,7.4,2,2.4,-0.6,7.1,5.2,2.0,6,,False,,1,1,False,733.0,False,2,2,2051.0,1.39,7.9,7.2,2.6,2,1.0,4.140861707056163,0.14972728959856346,True,False,False,2.6
362249359,10.1461,3920.0,0.603336,8,2230.76,41.1796,1551.8898,1.5,1027.0,2.11,7.7,2,0.0,2.0,9.0,4.5,2.0,6,,False,,1,1,False,590.0,False,2,2,987.0,1.46,8.9,12.1,2.6,2,1.0,4.6359829321782104,0.32355597980927575,True,False,False,2.6
271596225,11.7144,3607.0,0.473702,43,2720.36,109.16632,1393.0858,2.1,1176.0,1.77,8.2,6,4.9,1.1,10.0,7.1,2.0,21,,False,,3,3,False,1168.5,False,5,6,681.0,6.72,6.6,30.1,2.5,3,0.8333333333333334,5.460612133403746,0.38457226931644634,True,False,False,2.5
100103201,8.89152,3789.0,0.493565,6,2579.03,28.26033,1378.6184,2.4,1564.0,2.13,25.6,3,14.3,-0.1,27.8,4.0,2.0,3,,False,,0,3,False,911.0,False,3,3,2401.0,1.39,8.2,51.1,2.5,2,1.0,3.576818807097306,0.6709873016876889,True,False,False,2.5
353475866,10.6714,3474.0,0.46126,6,1496.35,37.4038,1840.8423,0.75,1959.0,2.23,7.9,2,0.0,0.2,7.1,5.2,1.0,6,,False,,1,1,False,733.0,False,2,2,1647.0,1.46,6.9,9.5,2.5,2,1.0,3.753854187881923,0.19979465436380747,True,False,False,2.5
364074068,12.0948,3756.0,0.562607,20,1897.79,58.13652,1791.4023,1.58,3145.0,3.44,10.6,4,9.2,-0.2,16.7,4.9,2.0,8,,False,,1,1,False,1595.5,False,4,4,1037.0,9.6,8.5,49.8,2.5,2,1.0,4.963957549429669,0.3182944221957606,True,False,False,2.5
377293776,10.0306,3407.0,0.473603,39,1979.26,104.25474,1766.3431,2.1,857.0,1.51,14.2,7,5.9,0.8,19.5,5.5,2.0,17,,False,,1,1,False,511.7,False,5,6,111.0,35.08,4.9,29.1,2.5,2,0.8333333333333334,5.376708937292678,0.3905734947700941,True,False,False,2.5
377293776,10.0306,3407.0,0.473603,39,1979.26,78.18342,1714.3806,1.8,839.0,1.5,14.0,9,9.4,0.4,19.9,5.7,2.0,17,,False,,1,1,False,511.7,False,6,8,309.0,12.23,4.7,18.7,2.5,3,0.75,4.884905259216842,0.36848206965810837,True,False,False,2.5
318022259,10.3595,3691.0,0.532243,3,1119.87,15.92658,1853.2012,3.15,964.0,1.8,7.4,2,0.1,-2.0,7.4,3.7,2.0,9,,False,,3,3,False,597.4,False,2,2,1015.0,1.05,8.4,0.1,2.4,2,1.0,3.106865425217619,1.0138836315317261,True,False,False,2.4
232650365,11.9589,3340.0,0.410465,30,1979.21,106.7163,1729.6059,0.5,6747.0,3.68,8.9,2,5.1,0.6,10.1,5.9,2.0,15,,False,,2,2,False,1800.9,False,2,2,7232.0,1.7,7.5,43.0,2.4,2,1.0,4.925715238943847,0.10150810100569437,True,False,False,2.4
377293776,10.0306,3407.0,0.473603,39,1979.26,115.07527,1708.2993,2.4,792.0,1.45,14.2,6,13.8,0.7,16.8,4.5,2.0,17,,False,,1,1,False,511.7,False,4,6,189.0,20.82,6.1,42.5,2.4,3,0.6666666666666666,5.556635698245626,0.4319160244314275,True,False,False,2.4
4918918,10.7818,3466.0,0.420908,2,765.18,3.28829,1873.5249,0.75,1428.0,1.74,9.6,6,10.9,-1.2,5.2,3.4,2.0,4,,False,,1,6,False,948.2,False,5,6,775.0,2.56,4.0,5.2,2.3,3,0.8333333333333334,1.5703258675986909,0.4776078745661142,True,False,False,2.3
173103335,10.5459,3920.0,0.550856,3,758.76,21.9387,2538.2388,1.58,1525.0,2.35,10.0,2,6.8,2.4,12.2,3.7,2.0,6,,False,,1,1,False,677.5,False,2,2,1448.0,1.67,5.6,23.8,2.3,2,1.0,3.5370183529534502,0.4467039303544134,True,False,False,2.3
261135533,10.4458,3423.0,0.369077,3,1845.51,20.26712,1750.8243,1.58,1714.0,1.67,9.4,2,0.0,-0.7,9.8,3.8,2.0,8,,False,,1,2,False,638.9,False,2,2,1551.0,1.51,10.7,15.7,2.2,2,1.0,2.6376487533954545,0.5990183484309882,True,False,False,2.2
198162530,12.1898,3717.0,0.569914,31,1979.26,96.90132,1690.5025,3.15,2159.0,2.89,9.8,5,4.6,0.0,12.0,6.2,2.0,7,,False,,2,2,False,1660.4,False,4,5,810.0,14.66,10.2,96.0,2.1,2,0.8,5.936417118821967,0.5306230908223463,True,False,False,2.1
364074068,12.0948,3756.0,0.562607,20,1897.79,72.52203,1791.407,1.8,5008.0,4.34,13.3,2,10.0,-1.8,16.7,4.9,2.0,8,,False,,1,1,False,1595.5,False,2,2,5470.0,1.79,15.4,126.9,2.0,1,1.0,5.3436134256567405,0.33685071441686043,True,False,False,2.0
36724087,10.5848,3331.0,0.374139,5,2554.86,24.93212,1556.2343,2.4,3002.0,2.24,16.9,3,10.9,4.6,20.3,4.5,2.0,12,,False,,2,2,False,1050.9,True,3,3,1666.0,3.02,15.7,43.8,1.9,2,1.0,2.8520032600576672,0.8415137645920756,True,False,False,1.9
233738446,11.6268,3355.0,0.269357,24,1271.96,81.04651,2467.345,2.25,3115.0,1.64,22.5,6,20.0,-0.9,7.6,5.7,2.0,21,,False,,0,1,False,1365.9,False,6,6,325.0,40.37,6.5,69.2,1.9,1,1.0,3.3936879859991738,0.6629955403332556,True,False,False,1.9
380887434,9.16764,3702.0,0.485948,3,784.9,31.15698,2467.0828,1.0,763.0,1.46,9.4,3,5.3,1.7,9.3,4.0,2.0,6,,False,,1,1,False,349.2,False,2,2,448.0,1.47,4.8,5.1,1.8,1,1.0,3.656957770278336,0.27345133928737947,True,False,False,1.8
413248763,8.74094,3490.0,0.360144,5,2555.74,18.81189,1535.1327,2.1,596.0,0.96,12.2,2,10.7,-1.3,13.2,2.9,2.0,8,,False,,1,1,False,269.5,False,2,2,775.0,1.85,7.0,88.0,1.8,1,1.0,2.531258856587521,0.8296267268496924,True,False,False,1.8
237920046,12.1249,3694.0,0.5204,22,2662.77,94.43337,1330.1848,1.8,2779.0,2.99,7.6,2,0.0,0.5,9.5,5.1,2.0,7,,False,,1,1,False,1505.8,False,2,2,3048.0,1.71,7.6,31.8,1.7,1,1.0,5.539556319291702,0.32493577034887,True,False,False,1.7
198162530,12.1898,3717.0,0.569914,31,1979.26,117.48171,1789.9489,1.12,4186.0,4.02,9.7,3,13.9,0.8,14.2,7.9,2.0,7,,False,,2,2,False,1660.4,False,2,3,1206.0,8.46,3.1,13.8,1.6,2,0.6666666666666666,6.330012935472042,0.17693486749825724,True,False,False,1.6
332477926,11.7229,3849.0,0.593295,40,1979.26,119.59477,1787.888,4.8,1695.0,2.66,7.9,2,0.0,0.1,6.6,5.0,2.0,14,,False,,1,1,False,1250.6,False,2,2,1405.0,1.56,7.0,11.1,1.6,1,1.0,6.540728900188913,0.7338631631501137,True,False,False,1.6
236934937,11.9959,3869.0,0.475701,25,1951.25,94.31886,1751.715,0.62,5216.0,3.75,9.9,3,4.7,0.7,14.3,5.7,2.0,7,,False,,1,1,False,1576.3,False,3,3,1433.0,7.87,4.5,23.5,1.5,1,1.0,5.215514829533591,0.11887608803049744,True,False,False,1.5
173103335,10.5459,3920.0,0.550856,3,758.76,21.3456,2537.0669,1.58,1658.0,2.45,10.3,2,7.1,1.5,12.2,3.7,2.0,6,,False,,1,1,False,677.5,False,2,2,1347.0,1.79,4.7,24.0,1.2,1,1.0,3.5048529853559205,0.45080350205888875,True,False,False,1.2
413248763,8.74094,3490.0,0.360144,5,2555.74,22.91403,1535.1327,2.1,1013.0,1.25,15.4,2,0.0,-1.3,13.4,2.9,2.0,8,,False,,1,1,False,269.5,False,2,2,819.0,1.75,10.1,32.1,1.2,1,1.0,2.7032916878111624,0.7768307095637009,True,False,False,1.2
354944123,11.0318,3883.0,0.598175,9,2520.2,43.03098,1691.6506,6.3,839.0,1.89,8.3,2,0.0,1.8,12.4,5.0,2.0,11,,False,,2,2,False,838.2,False,2,2,1243.0,1.86,11.1,108.3,1.2,1,1.0,4.677576279856779,1.3468513655522678,True,False,False,1.2
321688498,11.1079,3863.0,0.566304,12,1871.15,57.01611,1792.0463,0.9,4510.0,4.15,12.3,3,5.0,-1.0,15.9,4.1,2.0,5,,False,,1,1,False,1248.7,False,2,2,3405.0,1.7,5.8,13.0,1.0,1,1.0,4.95344381571437,0.18169177515344542,True,False,False,1.0
198162530,12.1898,3717.0,0.569914,31,1979.26,109.77368,1788.0895,1.12,7456.0,5.37,12.0,2,0.0,1.3,14.2,7.9,2.0,7,,False,,2,2,False,1660.4,False,2,2,5376.0,1.9,2.8,25.4,0.8,1,1.0,6.188431464618822,0.1809828558986856,True,False,False,0.8
377293776,10.0306,3407.0,0.473603,39,1979.26,108.57157,1697.2712,1.8,1161.0,1.76,14.8,4,22.4,-1.0,17.2,4.7,2.0,17,,False,,1,1,False,511.7,False,3,4,135.0,28.08,3.7,39.3,0.7,1,0.75,5.449917940817315,0.33028020229788213,True,False,False,0.7
336961891,11.9847,3266.0,0.242091,4,811.52,29.98562,2470.76,2.25,10156.0,2.66,24.4,2,0.0,-2.6,27.9,4.3,2.0,3,,False,,1,1,False,1698.6,False,1,2,5816.0,2.1,19.6,155.8,-0.7,1,0.5,2.268985573517967,0.991632571956581,True,False,False,-0.7
308183430,9.47246,3863.0,0.625641,17,2691.55,89.12048,1385.65,3.15,5461.0,5.04,92.1,2,98.5,15.2,112.5,4.5,2.0,21,"00308183430-02(3:1,ntoi=4)",True,,0,1,False,926.6,False,1,2,5505.0,2.06,70.6,5006.0,-2.6,1,0.5,6.143524586621676,0.5127349871537155,True,False,False,-2.6
308183430,9.47246,3863.0,0.625641,17,2691.55,34.95928,1381.675,2.25,2197.0,3.2,67.8,9,44.8,-2.5,107.5,3.9,2.0,21,,False,,0,1,False,926.6,False,3,9,-218.0,,-0.3,155.2,-3.7,2,0.3333333333333333,4.4972385170102385,0.5003070198499943,True,False,False,-3.7
