tic,Tmag,Teff,rad,nsec,baseline,P,t0,dur_h,depth_ppm,rp_re,snr,ntr,oe_sig,sec_sig,block_snr,block_sde,alias,n_tce_same_star,tce_match,has_tce_match,nearby_toi_match,n_nearby_toi,n_toi_ctoi_within_1arcmin,same_star_tois,deep_or_fp_toi_same_star,harmonic_of_same_star_toi,archive_planet_match,sys13_7,rms10_ppm,matches_known_planet,n_pos_transits,n_transits_measured,median_transit_ppm,max_over_median,snr_comb,chi2_depths,snr_wo_max,n_transits_sig,frac_pos,tmax_h,dur_ratio,claimed_nearby,pass_phys,consistent,rank_snr
341729521,9.7727,5786.0,0.926261,4,103.27,25.24389,2235.2707,1.58,12800.0,11.43,190.0,4,0.4,-1.4,189.3,6.9,1.0,12,"00341729521-02(1:3,ntoi=2);00341729521-01(1:3,ntoi=2);00341729521-01(1:3,ntoi=2);00341729521-02(1:3,ntoi=2);00341729521-01(1:3,ntoi=2);00341729521-02(1:3,ntoi=2);00341729521-01(1:3,ntoi=2);00341729521-02(2:3,ntoi=2);00341729521-01(1:3,ntoi=2);00341729521-02(2:3,ntoi=2)",True,997.01(1:3),1,1,"TOI997.01:P=8.413,d=19.1mmag,FP",True,997.01,,False,1197.6,True,4,4,12839.0,1.01,193.2,0.4,156.3,4,1.0,5.241021879764917,0.30146792672250206,True,True,True,156.3
100100827,8.8287,6400.0,1.35,10,2906.03,0.94145,1354.9372,2.1,444.0,3.1,90.4,223,1.4,0.0,55.2,15.2,1.0,29,"00100100827-01(1:1,ntoi=2);00100100827-02(1:1,ntoi=2);00100100827-02(1:1,ntoi=2);00100100827-01(1:1,ntoi=2);00100100827-01(1:1,ntoi=2);00100100827-02(1:1,ntoi=2);00100100827-02(1:1,ntoi=3);00100100827-01(1:1,ntoi=3);00100100827-03(1:3,ntoi=3);00100100827-01(1:1,ntoi=2);00100100827-02(1:1,ntoi=2);00100100827-01(1:1,ntoi=2);00100100827-02(1:1,ntoi=2);00100100827-01(1:1,ntoi=2);00100100827-02(1:1,ntoi=2);00100100827-01(1:1,ntoi=2);00100100827-02(1:1,ntoi=2);00100100827-01(1:1,ntoi=2);00100100827-02(1:1,ntoi=2);00100100827-01(1:1,ntoi=2);00100100827-02(1:1,ntoi=2);00100100827-01(1:1,ntoi=2);00100100827-02(1:1,ntoi=2);00100100827-01(1:1,ntoi=2);00100100827-02(1:1,ntoi=2);00100100827-01(1:1,ntoi=2);00100100827-02(1:1,ntoi=2);00100100827-01(1:1,ntoi=2);00100100827-02(1:1,ntoi=2)",True,185.01(1:1),1,1,"TOI185.01:P=0.9415,d=12.5mmag,KP",True,185.01,"WASP-18 b(P=0.9415,Transit,1:1)",False,339.6,True,222,223,493.0,1.78,96.0,2.6,95.4,219,0.9955156950672646,2.250936410651204,0.932945057915902,True,True,True,95.4
300871545,10.0433,6380.0,1.449560046195984,29,2607.72,4.81708,1329.7853,2.1,885.0,4.71,78.2,133,1.6,0.0,50.6,22.7,2.0,72,"00300871545-01(1:1,ntoi=2);00300871545-02(1:1,ntoi=2);00300871545-01(1:1,ntoi=2);00300871545-02(1:1,ntoi=2);00300871545-01(1:1,ntoi=2);00300871545-02(1:2,ntoi=2);00300871545-01(1:1,ntoi=2);00300871545-02(1:1,ntoi=2);00300871545-01(1:1,ntoi=2);00300871545-02(1:1,ntoi=2);00300871545-01(1:1,ntoi=2);00300871545-02(1:2,ntoi=2);00300871545-02(1:1,ntoi=2);00300871545-01(1:1,ntoi=2);00300871545-02(1:2,ntoi=2);00300871545-01(1:1,ntoi=2);00300871545-01(1:1,ntoi=2);00300871545-02(1:2,ntoi=2);00300871545-01(1:1,ntoi=2);00300871545-02(1:1,ntoi=2);00300871545-01(1:1,ntoi=2);00300871545-02(1:1,ntoi=2);00300871545-01(1:1,ntoi=2);00300871545-02(1:1,ntoi=2);00300871545-01(1:1,ntoi=2);00300871545-02(1:1,ntoi=2);00300871545-01(1:1,ntoi=2);00300871545-02(1:1,ntoi=2);00300871545-01(1:1,ntoi=2);00300871545-02(1:1,ntoi=2);00300871545-01(1:1,ntoi=2);00300871545-02(1:1,ntoi=2);00300871545-01(1:1,ntoi=2);00300871545-02(1:1,ntoi=2);00300871545-01(1:1,ntoi=2);00300871545-02(1:1,ntoi=2);00300871545-01(1:1,ntoi=2);00300871545-02(1:1,ntoi=2);00300871545-01(1:1,ntoi=2);00300871545-02(1:1,ntoi=2);00300871545-01(1:1,ntoi=2);00300871545-02(1:1,ntoi=2);00300871545-01(1:1,ntoi=1);00300871545-01(1:1,ntoi=2);00300871545-02(1:1,ntoi=2);00300871545-01(1:1,ntoi=2);00300871545-02(1:1,ntoi=2);00300871545-01(3:1,ntoi=1);00300871545-01(3:1,ntoi=2);00300871545-02(1:2,ntoi=2);00300871545-01(1:1,ntoi=2);00300871545-02(1:1,ntoi=2);00300871545-01(1:1,ntoi=2);00300871545-02(1:1,ntoi=2);00300871545-01(1:1,ntoi=2);00300871545-02(1:1,ntoi=2);00300871545-01(1:1,ntoi=2);00300871545-02(1:1,ntoi=2);00300871545-01(1:1,ntoi=2);00300871545-02(1:1,ntoi=2);00300871545-01(1:1,ntoi=2);00300871545-02(1:1,ntoi=2);00300871545-01(1:1,ntoi=2);00300871545-02(1:1,ntoi=2);00300871545-01(1:1,ntoi=2);00300871545-02(1:1,ntoi=2);00300871545-01(1:1,ntoi=2);00300871545-02(1:1,ntoi=2);00300871545-01(1:1,ntoi=2);00300871545-02(1:1,ntoi=2);00300871545-01(1:1,ntoi=2);00300871545-02(1:1,ntoi=2)",True,184.01(1:1),1,1,"TOI184.01:P=4.817,d=27.5mmag,FP",True,184.01,,False,482.6,True,132,133,947.0,1.63,87.8,2.5,87.0,131,0.9924812030075187,4.067183064015533,0.5163278777834672,True,True,True,87.0
300871545,10.0433,6380.0,1.449560046195984,29,2607.72,4.8171,1329.7791,2.4,821.0,4.53,77.5,133,1.4,0.0,35.3,15.2,0.5,72,"00300871545-01(1:1,ntoi=2);00300871545-02(1:1,ntoi=2);00300871545-01(1:1,ntoi=2);00300871545-02(1:1,ntoi=2);00300871545-01(1:1,ntoi=2);00300871545-02(1:2,ntoi=2);00300871545-01(1:1,ntoi=2);00300871545-02(1:1,ntoi=2);00300871545-01(1:1,ntoi=2);00300871545-02(1:1,ntoi=2);00300871545-01(1:1,ntoi=2);00300871545-02(1:2,ntoi=2);00300871545-02(1:1,ntoi=2);00300871545-01(1:1,ntoi=2);00300871545-02(1:2,ntoi=2);00300871545-01(1:1,ntoi=2);00300871545-01(1:1,ntoi=2);00300871545-02(1:2,ntoi=2);00300871545-01(1:1,ntoi=2);00300871545-02(1:1,ntoi=2);00300871545-01(1:1,ntoi=2);00300871545-02(1:1,ntoi=2);00300871545-01(1:1,ntoi=2);00300871545-02(1:1,ntoi=2);00300871545-01(1:1,ntoi=2);00300871545-02(1:1,ntoi=2);00300871545-01(1:1,ntoi=2);00300871545-02(1:1,ntoi=2);00300871545-01(1:1,ntoi=2);00300871545-02(1:1,ntoi=2);00300871545-01(1:1,ntoi=2);00300871545-02(1:1,ntoi=2);00300871545-01(1:1,ntoi=2);00300871545-02(1:1,ntoi=2);00300871545-01(1:1,ntoi=2);00300871545-02(1:1,ntoi=2);00300871545-01(1:1,ntoi=2);00300871545-02(1:1,ntoi=2);00300871545-01(1:1,ntoi=2);00300871545-02(1:1,ntoi=2);00300871545-01(1:1,ntoi=2);00300871545-02(1:1,ntoi=2);00300871545-01(1:1,ntoi=1);00300871545-01(1:1,ntoi=2);00300871545-02(1:1,ntoi=2);00300871545-01(1:1,ntoi=2);00300871545-02(1:1,ntoi=2);00300871545-01(3:1,ntoi=1);00300871545-01(3:1,ntoi=2);00300871545-02(1:2,ntoi=2);00300871545-01(1:1,ntoi=2);00300871545-02(1:1,ntoi=2);00300871545-01(1:1,ntoi=2);00300871545-02(1:1,ntoi=2);00300871545-01(1:1,ntoi=2);00300871545-02(1:1,ntoi=2);00300871545-01(1:1,ntoi=2);00300871545-02(1:1,ntoi=2);00300871545-01(1:1,ntoi=2);00300871545-02(1:1,ntoi=2);00300871545-01(1:1,ntoi=2);00300871545-02(1:1,ntoi=2);00300871545-01(1:1,ntoi=2);00300871545-02(1:1,ntoi=2);00300871545-01(1:1,ntoi=2);00300871545-02(1:1,ntoi=2);00300871545-01(1:1,ntoi=2);00300871545-02(1:1,ntoi=2);00300871545-01(1:1,ntoi=2);00300871545-02(1:1,ntoi=2);00300871545-01(1:1,ntoi=2);00300871545-02(1:1,ntoi=2)",True,184.01(1:1),1,1,"TOI184.01:P=4.817,d=27.5mmag,FP",True,184.01,,False,482.6,True,132,133,881.0,1.77,87.1,2.5,86.2,131,0.9924812030075187,4.067188692843835,0.5900881865212617,True,True,True,86.2
386435344,8.77728,6529.0,1.88186,5,2555.33,16.59474,1533.9219,2.1,3260.0,11.72,105.5,5,2.7,-0.8,56.1,4.6,2.0,10,"00386435344-02(1:1,ntoi=2);00386435344-02(1:1,ntoi=2);00386435344-02(1:1,ntoi=2);00386435344-01(1:1,ntoi=2);00386435344-01(1:1,ntoi=1);00386435344-01(1:1,ntoi=2);00386435344-02(1:1,ntoi=2)",True,,1,1,"TOI575.01:P=19.37,d=3.5mmag,FP",True,,,False,373.7,False,5,5,3164.0,1.12,98.0,1.7,80.5,5,1.0,7.310100015797601,0.2872737712838078,False,True,True,80.5
70914192,10.361,5271.7,1.02,3,2852.29,3.04763,1439.5658,0.75,4768.0,7.68,65.3,13,1.3,-3.5,63.0,5.8,1.0,3,,False,427.01(1:5),1,1,"TOI427.01:P=0.609,d=6.64mmag,APC",True,427.01,,False,1096.5,True,13,13,4754.0,1.11,76.2,1.7,68.7,13,1.0,2.7622468598040717,0.27151809308354075,True,True,True,68.7
100100827,8.8287,6400.0,1.35,10,2906.03,2.82436,1356.8122,2.1,421.0,3.02,51.2,76,1.6,0.0,31.9,8.0,2.0,29,"00100100827-01(1:3,ntoi=2);00100100827-02(1:3,ntoi=2);00100100827-02(1:3,ntoi=2);00100100827-01(1:3,ntoi=2);00100100827-01(1:3,ntoi=2);00100100827-02(1:3,ntoi=2);00100100827-02(1:3,ntoi=3);00100100827-01(1:3,ntoi=3);00100100827-01(1:3,ntoi=2);00100100827-02(1:3,ntoi=2);00100100827-01(1:3,ntoi=2);00100100827-02(1:3,ntoi=2);00100100827-01(1:3,ntoi=2);00100100827-02(1:3,ntoi=2);00100100827-01(1:3,ntoi=2);00100100827-02(1:3,ntoi=2);00100100827-01(1:3,ntoi=2);00100100827-02(1:3,ntoi=2);00100100827-01(1:3,ntoi=2);00100100827-02(1:3,ntoi=2);00100100827-01(1:3,ntoi=2);00100100827-02(1:3,ntoi=2);00100100827-01(1:3,ntoi=2);00100100827-02(1:3,ntoi=2);00100100827-01(1:3,ntoi=2);00100100827-02(1:3,ntoi=2);00100100827-01(1:3,ntoi=2);00100100827-02(1:3,ntoi=2)",True,185.01(1:3),1,1,"TOI185.01:P=0.9415,d=12.5mmag,KP",True,185.01,"WASP-18 b(P=0.9415,Transit,1:3)",False,339.6,True,75,76,525.0,1.55,54.8,2.5,54.1,73,0.9868421052631579,3.2464159025027666,0.646867210815793,True,True,True,54.1
300871545,10.0433,6380.0,1.449560046195984,29,2607.72,14.45118,1329.7916,2.4,807.0,4.49,47.0,49,0.4,0.0,31.7,13.4,2.0,72,"00300871545-01(1:3,ntoi=2);00300871545-02(1:3,ntoi=2);00300871545-01(1:3,ntoi=2);00300871545-02(1:3,ntoi=2);00300871545-01(1:3,ntoi=2);00300871545-01(1:3,ntoi=2);00300871545-02(1:3,ntoi=2);00300871545-01(1:3,ntoi=2);00300871545-02(1:3,ntoi=2);00300871545-01(1:3,ntoi=2);00300871545-02(1:3,ntoi=2);00300871545-01(1:3,ntoi=2);00300871545-01(1:3,ntoi=2);00300871545-01(1:3,ntoi=2);00300871545-01(1:3,ntoi=2);00300871545-02(1:3,ntoi=2);00300871545-01(1:3,ntoi=2);00300871545-02(1:3,ntoi=2);00300871545-01(1:3,ntoi=2);00300871545-02(1:3,ntoi=2);00300871545-01(1:3,ntoi=2);00300871545-02(1:3,ntoi=2);00300871545-01(1:3,ntoi=2);00300871545-02(1:3,ntoi=2);00300871545-01(1:3,ntoi=2);00300871545-02(1:3,ntoi=2);00300871545-01(1:3,ntoi=2);00300871545-02(1:3,ntoi=2);00300871545-01(1:3,ntoi=2);00300871545-02(1:3,ntoi=2);00300871545-01(1:3,ntoi=2);00300871545-02(1:3,ntoi=2);00300871545-01(1:3,ntoi=2);00300871545-02(1:3,ntoi=2);00300871545-01(1:3,ntoi=2);00300871545-02(1:3,ntoi=2);00300871545-01(1:3,ntoi=2);00300871545-02(1:3,ntoi=2);00300871545-01(1:3,ntoi=1);00300871545-01(1:3,ntoi=2);00300871545-02(1:3,ntoi=2);00300871545-01(1:3,ntoi=2);00300871545-02(1:3,ntoi=2);00300871545-01(1:1,ntoi=1);00300871545-01(1:1,ntoi=2);00300871545-01(1:3,ntoi=2);00300871545-02(1:3,ntoi=2);00300871545-01(1:3,ntoi=2);00300871545-02(1:3,ntoi=2);00300871545-01(1:3,ntoi=2);00300871545-02(1:3,ntoi=2);00300871545-01(1:3,ntoi=2);00300871545-02(1:3,ntoi=2);00300871545-01(1:3,ntoi=2);00300871545-02(1:3,ntoi=2);00300871545-01(1:3,ntoi=2);00300871545-02(1:3,ntoi=2);00300871545-01(1:3,ntoi=2);00300871545-02(1:3,ntoi=2);00300871545-01(1:3,ntoi=2);00300871545-02(1:3,ntoi=2);00300871545-01(1:3,ntoi=2);00300871545-02(1:3,ntoi=2);00300871545-01(1:3,ntoi=2);00300871545-02(1:3,ntoi=2);00300871545-01(1:3,ntoi=2);00300871545-02(1:3,ntoi=2)",True,184.01(1:3),1,1,"TOI184.01:P=4.817,d=27.5mmag,FP",True,184.01,,False,482.6,True,49,49,860.0,1.53,54.4,2.8,53.2,49,1.0,5.865884908240303,0.40914542946939136,True,True,True,53.2
176831592,9.1013,6497.8,1.65,2,758.83,1.26701,1411.5337,1.12,2643.0,9.25,88.7,17,0.0,3.7,72.7,7.4,1.0,3,"00176831592-01(1:1,ntoi=1);00176831592-01(1:1,ntoi=1);00176831592-01(1:1,ntoi=1)",True,463.01(2:1),1,1,"TOI463.01:P=2.534,d=4.43mmag,FP",True,463.01,,False,706.8,True,17,17,2700.0,1.26,50.5,2.9,47.7,17,1.0,2.8409108430154344,0.3942397568560075,True,True,True,47.7
450649506,10.2089,5801.2,1.62,4,1083.96,1.05889,3041.781,2.1,922.0,5.37,41.4,73,2.8,3.8,40.8,12.5,1.0,4,"00450649506-01(1:1,ntoi=1);00450649506-01(1:1,ntoi=1);00450649506-01(1:1,ntoi=1);00450649506-01(1:1,ntoi=1)",True,4371.01(1:1),1,1,"TOI4371.01:P=1.06,d=1.14mmag,PC",False,4371.01,,False,672.4,True,69,69,930.0,1.8,46.9,2.2,46.1,65,1.0,2.6434346963456528,0.7944209867953577,True,True,True,46.1
320525204,8.88797,5941.5,1.34,28,1271.96,13.74315,2395.4192,2.1,428.0,3.02,42.6,52,0.4,-2.6,30.9,24.2,1.0,49,"00320525204-01(1:1,ntoi=2);00320525204-02(1:1,ntoi=2);00320525204-01(1:1,ntoi=2);00320525204-02(1:1,ntoi=2);00320525204-02(1:1,ntoi=2);00320525204-01(1:1,ntoi=2);00320525204-01(1:1,ntoi=2);00320525204-02(1:1,ntoi=2);00320525204-01(1:1,ntoi=2);00320525204-02(1:1,ntoi=2);00320525204-01(1:1,ntoi=2);00320525204-02(1:1,ntoi=2);00320525204-01(1:1,ntoi=2);00320525204-02(1:1,ntoi=2);00320525204-01(1:1,ntoi=2);00320525204-02(1:1,ntoi=2);00320525204-01(1:1,ntoi=1);00320525204-01(1:1,ntoi=2);00320525204-02(1:1,ntoi=2);00320525204-01(1:1,ntoi=2);00320525204-02(1:1,ntoi=2);00320525204-01(1:1,ntoi=1);00320525204-01(1:1,ntoi=2);00320525204-02(1:1,ntoi=2);00320525204-01(1:1,ntoi=1);00320525204-01(1:1,ntoi=2);00320525204-02(1:1,ntoi=2);00320525204-01(1:1,ntoi=2);00320525204-02(1:1,ntoi=2);00320525204-01(1:1,ntoi=2);00320525204-02(1:1,ntoi=2);00320525204-01(1:1,ntoi=2);00320525204-02(1:1,ntoi=2);00320525204-01(1:1,ntoi=1);00320525204-01(1:1,ntoi=1);00320525204-01(1:1,ntoi=2);00320525204-02(1:1,ntoi=2);00320525204-01(1:1,ntoi=2);00320525204-02(1:1,ntoi=2);00320525204-01(1:1,ntoi=2);00320525204-02(1:1,ntoi=2);00320525204-01(1:1,ntoi=1);00320525204-01(1:1,ntoi=2);00320525204-02(1:1,ntoi=2);00320525204-01(1:1,ntoi=2);00320525204-02(1:1,ntoi=2);00320525204-01(1:1,ntoi=1);00320525204-01(1:1,ntoi=1);00320525204-01(1:1,ntoi=1)",True,1140.01(1:1);1344.01(1:1),2,2,"TOI1140.01:P=13.74,d=6.19mmag,FP",True,1140.01,,True,267.8,True,52,52,473.0,1.46,47.4,2.0,46.0,52,1.0,5.474026831449655,0.3836298331486017,True,True,True,46.0
123627908,10.1083,6127.0,1.74,3,625.07,5.90299,3667.6575,2.1,1622.0,7.64,41.5,14,0.5,-0.5,28.3,8.0,1.0,3,"00123627908-01(1:1,ntoi=1);00123627908-01(1:1,ntoi=1);00123627908-01(1:1,ntoi=1)",True,2515.01(1:1),1,1,"TOI2515.01:P=5.902,d=2.66mmag,FP",True,2515.01,,False,545.8,True,14,14,1674.0,1.22,48.6,2.3,45.6,14,1.0,4.915848334117265,0.4271897457505868,True,True,True,45.6
100100827,8.8287,6400.0,1.35,10,2906.03,4.70726,1355.8747,2.1,418.0,3.01,41.3,48,0.9,0.0,15.2,3.1,1.0,29,,False,185.01(1:5),1,1,"TOI185.01:P=0.9415,d=12.5mmag,KP",True,185.01,"WASP-18 b(P=0.9415,Transit,1:5)",False,339.6,True,48,48,509.0,1.6,45.3,2.2,44.1,48,1.0,3.8490498453266535,0.5455891932783691,True,True,True,44.1
392476080,9.78569,6647.0,1.7,2,760.76,0.67247,2719.0694,1.8,759.0,5.11,38.0,48,1.9,0.0,29.7,8.8,1.0,6,"00392476080-01(1:1,ntoi=2);00392476080-02(1:1,ntoi=2);00392476080-01(1:1,ntoi=2);00392476080-02(1:1,ntoi=2);00392476080-01(1:1,ntoi=2);00392476080-02(1:1,ntoi=2)",True,2109.01(1:1),1,1,"TOI2109.01:P=0.6725,d=7.34mmag,CP",True,2109.01,"TOI-2109 b(P=0.6725,Transit,1:1)",False,549.0,True,48,48,814.0,1.64,41.9,3.1,40.4,48,1.0,2.3463810712746107,0.7671388173201537,True,True,True,40.4
233390838,9.53591,6477.6,1.69,13,1898.76,6.44748,1714.8343,1.58,674.0,4.79,37.8,45,0.9,0.0,15.4,7.1,0.5,36,"00233390838-01(2:1,ntoi=3);00233390838-02(3:1,ntoi=3);00233390838-03(1:1,ntoi=3);00233390838-01(2:1,ntoi=3);00233390838-03(1:1,ntoi=3);00233390838-01(1:1,ntoi=2);00233390838-02(1:1,ntoi=2);00233390838-02(1:1,ntoi=2);00233390838-01(1:1,ntoi=2);00233390838-01(1:1,ntoi=2);00233390838-02(1:1,ntoi=2);00233390838-01(1:1,ntoi=2);00233390838-02(1:2,ntoi=2);00233390838-02(1:2,ntoi=2);00233390838-01(1:1,ntoi=2);00233390838-01(2:1,ntoi=1);00233390838-01(2:1,ntoi=2);00233390838-02(1:1,ntoi=2);00233390838-01(2:1,ntoi=2);00233390838-02(1:1,ntoi=2);00233390838-01(1:1,ntoi=2);00233390838-02(1:1,ntoi=2);00233390838-01(1:1,ntoi=1);00233390838-01(1:1,ntoi=2);00233390838-02(1:1,ntoi=2);00233390838-01(1:1,ntoi=2);00233390838-02(2:1,ntoi=2);00233390838-01(1:1,ntoi=2);00233390838-02(2:1,ntoi=2);00233390838-01(3:1,ntoi=2);00233390838-02(1:1,ntoi=2);00233390838-01(2:1,ntoi=1);00233390838-01(1:1,ntoi=1);00233390838-01(1:1,ntoi=1);00233390838-01(1:1,ntoi=1)",True,1341.01(1:1),1,1,"TOI1341.01:P=6.447,d=10.1mmag,FP",True,1341.01,,False,382.4,True,45,45,718.0,1.7,41.1,2.6,39.9,44,1.0,4.965116368969559,0.31822013475343924,True,True,True,39.9
233390838,9.53591,6477.6,1.69,13,1898.76,3.22374,1711.6093,1.58,674.0,4.79,37.8,45,0.0,-1.5,20.4,12.3,1.0,36,"00233390838-03(2:1,ntoi=3);00233390838-03(2:1,ntoi=3);00233390838-01(2:1,ntoi=2);00233390838-02(2:1,ntoi=2);00233390838-02(2:1,ntoi=2);00233390838-01(2:1,ntoi=2);00233390838-01(2:1,ntoi=2);00233390838-02(2:1,ntoi=2);00233390838-01(2:1,ntoi=2);00233390838-02(1:1,ntoi=2);00233390838-02(1:1,ntoi=2);00233390838-01(2:1,ntoi=2);00233390838-02(2:1,ntoi=2);00233390838-02(2:1,ntoi=2);00233390838-01(2:1,ntoi=2);00233390838-02(2:1,ntoi=2);00233390838-01(2:1,ntoi=1);00233390838-01(2:1,ntoi=2);00233390838-02(2:1,ntoi=2);00233390838-01(2:1,ntoi=2);00233390838-01(2:1,ntoi=2);00233390838-02(2:1,ntoi=2);00233390838-01(2:1,ntoi=1);00233390838-01(2:1,ntoi=1);00233390838-01(2:1,ntoi=1)",True,1341.01(2:1),1,1,"TOI1341.01:P=6.447,d=10.1mmag,FP",True,1341.01,,False,382.4,True,45,45,689.0,1.77,40.9,2.6,39.7,45,1.0,3.940815473623401,0.40093224627624136,True,True,True,39.7
427761355,8.75127,9918.0,1.82240998744965,5,782.48,0.95132,2854.411,1.8,250.0,3.15,27.4,64,0.0,0.2,20.7,12.0,0.5,18,"00427761355-01(2:1,ntoi=2);00427761355-02(2:1,ntoi=2);00427761355-02(2:1,ntoi=2);00427761355-01(2:1,ntoi=2);00427761355-02(2:1,ntoi=4);00427761355-04(2:1,ntoi=4);00427761355-01(2:1,ntoi=4);00427761355-03(2:1,ntoi=4);00427761355-01(2:1,ntoi=2);00427761355-02(2:1,ntoi=2);00427761355-01(2:1,ntoi=2);00427761355-02(1:1,ntoi=2);00427761355-01(2:1,ntoi=2);00427761355-02(2:1,ntoi=2);00427761355-01(2:1,ntoi=2);00427761355-02(2:1,ntoi=2);00427761355-01(2:1,ntoi=2);00427761355-02(2:1,ntoi=2)",True,1518.01(2:1),1,1,"TOI1518.01:P=1.903,d=9.8mmag,CP",True,1518.01,"TOI-1518 b(P=1.903,Transit,2:1)",False,250.9,True,63,64,310.0,1.64,33.6,2.5,32.9,58,0.984375,2.7589758201437524,0.6524160113538848,True,True,True,32.9
240148934,10.3135,6582.0,1.48,3,76.25,2.02371,2474.7706,1.12,1128.0,5.42,28.1,32,1.5,0.7,28.1,13.4,1.0,4,"00240148934-01(1:1,ntoi=1);00240148934-01(1:1,ntoi=1);00240148934-01(1:1,ntoi=1);00240148934-01(1:1,ntoi=1)",True,1707.01(1:1),1,1,"TOI1707.01:P=2.024,d=1.86mmag,FP",True,1707.01,,False,578.0,True,32,32,1265.0,1.4,34.6,3.4,32.8,31,1.0,3.088627473468441,0.3626206169636482,True,True,True,32.8
387259626,10.1543,6458.8,1.35,12,1897.93,1.81157,1765.1179,2.4,454.0,3.14,28.6,74,0.0,-2.0,16.4,12.5,0.5,21,"00387259626-01(2:1,ntoi=1);00387259626-01(2:1,ntoi=2);00387259626-02(2:1,ntoi=2);00387259626-01(2:1,ntoi=2);00387259626-02(2:1,ntoi=2);00387259626-02(1:1,ntoi=2);00387259626-01(2:1,ntoi=2);00387259626-02(2:1,ntoi=2);00387259626-01(2:1,ntoi=2);00387259626-01(2:1,ntoi=1);00387259626-01(2:1,ntoi=1);00387259626-01(2:1,ntoi=1);00387259626-01(2:1,ntoi=1);00387259626-01(2:1,ntoi=1);00387259626-01(2:1,ntoi=1);00387259626-01(2:1,ntoi=1);00387259626-01(2:1,ntoi=1);00387259626-01(2:1,ntoi=1);00387259626-01(2:1,ntoi=1);00387259626-01(2:1,ntoi=1)",True,1455.01(2:1),1,1,"TOI1455.01:P=3.623,d=19.4mmag,APC",True,1455.01,,False,519.5,True,74,74,452.0,2.12,30.4,2.1,29.7,60,1.0,2.7997280366611625,0.8572261193134096,True,True,True,29.7
372264750,8.65269,9218.0,1.85274994373322,5,756.78,2.17027,2854.3576,2.1,231.0,3.07,25.5,51,0.7,-2.1,20.9,10.8,1.0,15,"00372264750-01(1:1,ntoi=2);00372264750-02(1:1,ntoi=2);00372264750-01(1:1,ntoi=2);00372264750-02(1:1,ntoi=2);00372264750-02(1:1,ntoi=3);00372264750-01(1:1,ntoi=3);00372264750-03(1:1,ntoi=3);00372264750-01(1:1,ntoi=2);00372264750-02(1:1,ntoi=2);00372264750-01(1:1,ntoi=2);00372264750-02(1:1,ntoi=2);00372264750-01(1:1,ntoi=1);00372264750-01(1:1,ntoi=1);00372264750-01(1:1,ntoi=2);00372264750-02(1:1,ntoi=2)",True,1355.01(1:1),1,1,"TOI1355.01:P=2.17,d=5.61mmag,CP",True,1355.01,,False,247.0,True,51,51,266.0,1.81,29.9,1.6,29.2,47,1.0,3.672181081854586,0.5718672236444896,True,True,True,29.2
450649506,10.2089,5801.2,1.62,4,1083.96,3.17675,3042.8185,2.1,990.0,5.56,25.3,20,1.9,1.4,24.8,6.9,1.0,4,"00450649506-01(1:3,ntoi=1);00450649506-01(1:3,ntoi=1);00450649506-01(1:3,ntoi=1);00450649506-01(1:3,ntoi=1)",True,4371.01(1:3),1,1,"TOI4371.01:P=1.06,d=1.14mmag,PC",False,4371.01,,False,672.4,True,20,20,1098.0,1.54,29.1,2.2,27.5,20,1.0,3.812524558772747,0.5508161239690456,True,True,True,27.5
142937186,9.0138,4072.0,0.68,4,2146.05,1.30602,2144.8026,0.75,484.0,1.63,24.6,45,0.2,0.5,23.9,15.1,1.0,4,"00142937186-01(1:1,ntoi=1);00142937186-01(1:1,ntoi=1);00142937186-01(1:1,ntoi=1);00142937186-01(1:1,ntoi=1)",True,2427.01(1:1),1,1,"TOI2427.01:P=1.306,d=0.608mmag,CP",False,2427.01,"TOI-2427 b(P=1.306,Transit,1:1);TOI-2427 c(P=5.15,Radial Velocity,4:1)",False,308.0,True,44,44,466.0,2.24,28.4,2.0,27.3,39,1.0,1.589269364137919,0.4719149672949424,True,True,True,27.3
320525204,8.88797,5941.5,1.34,28,1271.96,41.22901,2409.1802,1.58,508.0,3.3,26.7,19,0.9,-1.5,18.0,14.3,1.0,49,"00320525204-01(1:3,ntoi=2);00320525204-02(1:3,ntoi=2);00320525204-01(1:3,ntoi=2);00320525204-02(1:3,ntoi=2);00320525204-02(1:3,ntoi=2);00320525204-01(1:3,ntoi=2);00320525204-01(1:3,ntoi=2);00320525204-02(1:3,ntoi=2);00320525204-01(1:3,ntoi=2);00320525204-02(1:3,ntoi=2);00320525204-01(1:3,ntoi=2);00320525204-02(1:3,ntoi=2);00320525204-01(1:3,ntoi=2);00320525204-02(1:3,ntoi=2);00320525204-01(1:3,ntoi=2);00320525204-02(1:3,ntoi=2);00320525204-01(1:3,ntoi=1);00320525204-01(1:3,ntoi=2);00320525204-02(1:3,ntoi=2);00320525204-01(1:3,ntoi=2);00320525204-02(1:3,ntoi=2);00320525204-01(1:3,ntoi=1);00320525204-01(1:3,ntoi=2);00320525204-02(1:3,ntoi=2);00320525204-01(1:3,ntoi=1);00320525204-01(1:3,ntoi=2);00320525204-02(1:3,ntoi=2);00320525204-01(1:3,ntoi=2);00320525204-02(1:3,ntoi=2);00320525204-01(1:3,ntoi=2);00320525204-02(1:3,ntoi=2);00320525204-01(1:3,ntoi=2);00320525204-02(1:3,ntoi=2);00320525204-01(1:3,ntoi=1);00320525204-01(1:3,ntoi=1);00320525204-01(1:3,ntoi=2);00320525204-02(1:3,ntoi=2);00320525204-01(1:3,ntoi=2);00320525204-02(1:3,ntoi=2);00320525204-01(1:3,ntoi=2);00320525204-02(1:3,ntoi=2);00320525204-01(1:3,ntoi=1);00320525204-01(1:3,ntoi=2);00320525204-02(1:3,ntoi=2);00320525204-01(1:3,ntoi=2);00320525204-02(1:3,ntoi=2);00320525204-01(1:3,ntoi=1);00320525204-01(1:3,ntoi=1);00320525204-01(1:3,ntoi=1)",True,1140.01(1:3);1344.01(1:3),2,2,"TOI1140.01:P=13.74,d=6.19mmag,FP",True,1140.01,,False,267.8,True,19,19,522.0,1.38,28.6,1.0,26.8,19,1.0,7.894884760617022,0.2001295836364451,True,True,True,26.8
362709886,9.550201,6203.0,1.8589099645614624,7,1815.49,2.36297,2363.2013,2.1,453.0,4.32,23.2,34,0.0,0.4,15.9,7.2,0.5,13,"00362709886-03(1:1,ntoi=3);00362709886-02(2:1,ntoi=3);00362709886-02(2:1,ntoi=2);00362709886-01(2:1,ntoi=2);00362709886-01(2:1,ntoi=1);00362709886-01(2:1,ntoi=1);00362709886-01(2:1,ntoi=1);00362709886-01(2:1,ntoi=1);00362709886-01(2:1,ntoi=1);00362709886-01(2:1,ntoi=2);00362709886-02(2:1,ntoi=2)",True,4420.01(2:1),1,1,"TOI4420.01:P=4.726,d=6.87mmag,FP",True,4420.01,,False,433.1,True,34,34,506.0,2.73,26.5,3.3,25.4,32,1.0,3.7861684622922804,0.5546504390691019,True,True,True,25.4
123627908,10.1083,6127.0,1.74,3,625.07,17.70914,3667.645,2.1,1534.0,7.43,25.0,5,0.5,-0.6,18.3,4.4,1.0,3,"00123627908-01(1:3,ntoi=1);00123627908-01(1:3,ntoi=1);00123627908-01(1:3,ntoi=1)",True,2515.01(1:3),1,1,"TOI2515.01:P=5.902,d=2.66mmag,FP",True,2515.01,,False,545.8,True,5,5,1636.0,1.06,29.0,0.8,25.2,5,1.0,7.089902834305234,0.2961958787134474,True,True,True,25.2
238197709,10.3001,6104.0,1.86397,29,2417.21,13.72562,1641.8363,1.8,528.0,4.67,21.7,43,0.2,0.7,10.8,11.2,1.0,27,"00238197709-01(1:1,ntoi=1);00238197709-01(1:1,ntoi=1);00238197709-01(1:1,ntoi=2);00238197709-02(1:1,ntoi=2);00238197709-01(1:1,ntoi=2);00238197709-02(1:1,ntoi=2);00238197709-01(1:1,ntoi=2);00238197709-02(1:1,ntoi=2);00238197709-01(1:1,ntoi=2);00238197709-02(1:1,ntoi=2);00238197709-01(1:1,ntoi=1);00238197709-01(1:1,ntoi=1);00238197709-01(1:1,ntoi=1);00238197709-01(1:1,ntoi=1);00238197709-01(1:1,ntoi=1);00238197709-01(1:1,ntoi=1);00238197709-01(1:2,ntoi=1);00238197709-01(1:1,ntoi=1);00238197709-01(1:1,ntoi=1);00238197709-01(1:1,ntoi=1);00238197709-01(1:1,ntoi=1);00238197709-01(1:1,ntoi=1);00238197709-01(1:1,ntoi=1);00238197709-01(1:1,ntoi=1);00238197709-01(1:1,ntoi=1);00238197709-01(1:1,ntoi=1);00238197709-01(1:1,ntoi=1)",True,646.01(1:1),1,1,"TOI646.01:P=13.73,d=5.38mmag,FP",True,646.01,,True,530.4,True,42,43,612.0,1.72,24.9,2.0,24.2,38,0.9767441860465116,6.818333345349993,0.26399413299843644,True,True,True,24.2
438295981,9.52621,6565.2,1.9,4,348.68,3.97186,2202.9703,1.8,495.0,4.61,20.9,23,0.6,-1.6,17.7,11.7,1.0,5,"00438295981-01(1:1,ntoi=1);00438295981-01(1:1,ntoi=1);00438295981-01(1:1,ntoi=1);00438295981-01(1:1,ntoi=1);00438295981-01(1:1,ntoi=1)",True,888.01(1:1),1,1,"TOI888.01:P=3.966,d=0.9mmag,FP",True,888.01,,False,389.0,True,23,23,548.0,1.56,23.9,2.9,22.8,21,1.0,4.56781674267485,0.39406134295701734,True,True,True,22.8
233390838,9.53591,6477.6,1.69,13,1898.76,9.67115,1711.6171,1.5,694.0,4.86,22.8,16,0.0,-0.5,12.9,6.0,0.5,36,"00233390838-02(2:1,ntoi=3);00233390838-03(2:3,ntoi=3);00233390838-03(2:3,ntoi=3);00233390838-01(2:3,ntoi=2);00233390838-02(2:3,ntoi=2);00233390838-02(2:3,ntoi=2);00233390838-01(2:3,ntoi=2);00233390838-01(2:3,ntoi=2);00233390838-02(2:3,ntoi=2);00233390838-01(2:3,ntoi=2);00233390838-02(1:3,ntoi=2);00233390838-02(1:3,ntoi=2);00233390838-01(2:3,ntoi=2);00233390838-02(2:3,ntoi=2);00233390838-02(2:3,ntoi=2);00233390838-01(2:3,ntoi=2);00233390838-02(2:3,ntoi=2);00233390838-01(2:3,ntoi=1);00233390838-01(2:3,ntoi=2);00233390838-02(2:3,ntoi=2);00233390838-01(2:3,ntoi=2);00233390838-01(2:3,ntoi=2);00233390838-01(2:1,ntoi=2);00233390838-02(2:3,ntoi=2);00233390838-01(2:3,ntoi=1);00233390838-01(2:3,ntoi=1);00233390838-01(2:3,ntoi=1)",True,1341.01(2:3),1,1,"TOI1341.01:P=6.447,d=10.1mmag,FP",True,1341.01,,False,382.4,True,16,16,707.0,1.47,24.8,2.9,22.8,16,1.0,5.683625710790551,0.26391604168307575,True,True,True,22.8
146523262,10.2994,6808.4,1.01507,3,2116.33,3.76009,2174.8554,3.15,609.0,2.73,19.9,17,1.9,1.6,15.9,8.5,1.0,3,"00146523262-01(1:1,ntoi=1);00146523262-01(1:1,ntoi=1);00146523262-01(1:1,ntoi=1)",True,2465.01(1:1),1,1,"TOI2465.01:P=3.759,d=0.969mmag,PC",False,2465.01,,False,569.2,True,17,17,727.0,1.58,22.5,2.1,21.3,17,1.0,2.953056133962224,1.0666915416110052,True,True,True,21.3
250386181,9.89377,6321.46,1.08,2,730.6,1.47033,1412.3641,0.5,1709.0,4.87,19.9,13,1.3,-0.5,19.4,10.5,1.0,3,"00250386181-01(1:1,ntoi=1);00250386181-01(1:1,ntoi=1);00250386181-01(1:1,ntoi=1)",True,390.01(1:1),1,1,"TOI390.01:P=1.47,d=2.94mmag,FP",True,390.01,,False,453.9,True,13,13,1605.0,1.64,24.0,2.8,21.1,13,1.0,2.25058664366388,0.22216429721008948,True,True,True,21.1
310231275,9.1021,5951.67,1.52424,3,761.53,4.9672,1959.6558,7.2,336.0,3.05,22.3,14,0.7,3.1,20.0,4.0,1.0,2,,False,2265.01(1:6),1,1,"TOI2265.01:P=0.8294,d=0.276mmag,PC",False,2265.01,,False,401.5,True,13,14,407.0,1.24,22.6,3.1,21.0,12,0.9285714285714286,4.2489447047449795,1.6945384090217626,True,True,True,21.0
131081852,9.957501,6072.0,1.2612600326538086,4,2553.72,13.27362,1583.5826,4.8,735.0,3.73,22.2,6,0.3,-0.6,13.4,5.5,2.0,9,"00131081852-01(1:1,ntoi=2);00131081852-02(1:1,ntoi=2);00131081852-02(1:1,ntoi=2);00131081852-01(1:1,ntoi=2);00131081852-01(1:1,ntoi=1);00131081852-01(1:1,ntoi=2);00131081852-02(1:1,ntoi=2);00131081852-01(1:1,ntoi=2);00131081852-02(1:1,ntoi=2)",True,758.01(1:1),1,1,"TOI758.01:P=13.27,d=23.2mmag,FP",True,758.01,,False,468.3,True,6,6,830.0,1.17,23.8,1.0,21.0,6,1.0,5.196861906802423,0.923634317417026,True,True,True,21.0
312221462,10.3703,8158.9,1.58,6,838.27,30.44085,2485.517,4.2,1347.0,6.33,22.3,4,0.2,-1.1,17.3,7.4,1.0,8,"00312221462-01(1:1,ntoi=2);00312221462-02(1:1,ntoi=2);00312221462-01(1:1,ntoi=2);00312221462-02(1:1,ntoi=2);00312221462-01(1:1,ntoi=2);00312221462-02(1:1,ntoi=2)",True,5133.01(1:1),1,1,"TOI5133.01:P=30.44,d=1.63mmag,FP",True,5133.01,,False,682.8,True,4,4,1587.0,1.12,23.2,1.6,19.6,4,1.0,7.964012695802686,0.5273723385967914,True,True,True,19.6
427761355,8.75127,9918.0,1.82240998744965,5,782.48,5.70783,2857.2704,1.8,280.0,3.33,18.4,22,0.5,0.0,14.0,7.2,1.0,18,"00427761355-01(1:3,ntoi=2);00427761355-02(1:3,ntoi=2);00427761355-02(1:3,ntoi=2);00427761355-01(1:3,ntoi=2);00427761355-02(1:3,ntoi=4);00427761355-04(1:3,ntoi=4);00427761355-01(1:3,ntoi=4);00427761355-03(1:3,ntoi=4);00427761355-01(1:3,ntoi=2);00427761355-02(1:3,ntoi=2);00427761355-01(1:3,ntoi=2);00427761355-01(1:3,ntoi=2);00427761355-02(1:3,ntoi=2);00427761355-01(1:3,ntoi=2);00427761355-02(1:3,ntoi=2);00427761355-01(1:3,ntoi=2);00427761355-02(1:3,ntoi=2)",True,1518.01(1:3),1,1,"TOI1518.01:P=1.903,d=9.8mmag,CP",True,1518.01,"TOI-1518 b(P=1.903,Transit,1:3)",False,250.9,True,22,22,336.0,1.43,20.5,1.8,19.3,21,1.0,5.0133654281103075,0.35904025465753364,True,True,True,19.3
372264750,8.65269,9218.0,1.85274994373322,5,756.78,6.51081,2856.5326,2.1,239.0,3.12,16.3,19,1.4,-2.9,14.0,6.4,1.0,15,"00372264750-01(1:3,ntoi=2);00372264750-02(1:3,ntoi=2);00372264750-01(1:3,ntoi=2);00372264750-02(1:3,ntoi=2);00372264750-02(1:3,ntoi=3);00372264750-01(1:3,ntoi=3);00372264750-03(1:3,ntoi=3);00372264750-01(1:3,ntoi=2);00372264750-02(1:3,ntoi=2);00372264750-01(1:3,ntoi=2);00372264750-02(1:3,ntoi=2);00372264750-01(1:3,ntoi=1);00372264750-01(1:3,ntoi=1);00372264750-01(1:3,ntoi=2);00372264750-02(1:3,ntoi=2)",True,1355.01(1:3),1,1,"TOI1355.01:P=2.17,d=5.61mmag,CP",True,1355.01,,False,247.0,True,19,19,277.0,1.73,19.7,1.7,18.3,19,1.0,5.296201587395772,0.3965105869455026,True,True,True,18.3
240148934,10.3135,6582.0,1.48,3,76.25,6.07207,2474.7612,1.12,1166.0,5.51,16.3,11,1.8,1.2,16.6,6.9,1.0,4,"00240148934-01(1:3,ntoi=1);00240148934-01(1:3,ntoi=1);00240148934-01(1:3,ntoi=1);00240148934-01(1:3,ntoi=1)",True,1707.01(1:3),1,1,"TOI1707.01:P=2.024,d=1.86mmag,FP",True,1707.01,,False,578.0,True,11,11,1258.0,1.35,20.9,2.1,17.7,11,1.0,4.454801536725749,0.251414118174879,True,True,True,17.7
232967666,10.3874,5807.0,1.14,5,765.34,15.20084,1871.5117,1.2,1577.0,4.94,20.6,7,0.1,0.5,15.3,8.4,1.0,9,"00232967666-01(1:1,ntoi=2);00232967666-02(1:1,ntoi=2);00232967666-01(1:1,ntoi=2);00232967666-02(1:1,ntoi=2);00232967666-01(1:1,ntoi=1);00232967666-01(1:2,ntoi=2);00232967666-02(1:1,ntoi=2)",True,1167.01(1:1),1,1,"TOI1167.01:P=15.2,d=2.14mmag,FP",True,1167.01,,False,561.4,True,7,7,1581.0,1.12,19.6,0.3,17.5,7,1.0,5.082773116014265,0.23609159264244287,True,True,True,17.5
67418624,8.6344,6011.0,1.73,3,1845.18,1.10319,1791.6157,1.05,440.0,3.96,20.7,22,1.6,1.3,20.0,8.3,1.0,5,"00067418624-01(1:1,ntoi=1);00067418624-01(1:1,ntoi=1);00067418624-01(1:1,ntoi=1);00067418624-01(1:1,ntoi=1);00067418624-01(1:1,ntoi=1)",True,1598.01(1:1),1,1,"TOI1598.01:P=1.102,d=0.63mmag,PC",False,1598.01,,False,246.4,True,17,17,428.0,1.84,18.6,2.1,17.0,16,1.0,2.7997707257644953,0.3750307088853823,True,True,True,17.0
190271688,10.163,5394.6,1.1891499757766724,4,1791.48,12.64678,2335.4383,3.15,820.0,3.71,16.4,9,1.5,-0.8,11.7,7.5,1.0,7,"00190271688-01(1:1,ntoi=2);00190271688-02(1:1,ntoi=2);00190271688-01(1:1,ntoi=2);00190271688-02(1:1,ntoi=2);00190271688-01(1:1,ntoi=1)",True,1963.01(1:1),1,1,"TOI1963.01:P=12.65,d=29.8mmag,FP",True,1963.01,,False,672.1,True,9,9,952.0,1.55,19.3,3.3,16.9,9,1.0,4.9169150255354825,0.6406456047421616,True,True,True,16.9
142937186,9.0138,4072.0,0.68,4,2146.05,3.91804,2147.4276,0.75,524.0,1.7,16.0,17,0.2,-1.2,15.3,8.6,1.0,4,"00142937186-01(1:3,ntoi=1);00142937186-01(1:3,ntoi=1);00142937186-01(1:3,ntoi=1);00142937186-01(1:3,ntoi=1)",True,2427.01(1:3),1,1,"TOI2427.01:P=1.306,d=0.608mmag,CP",False,2427.01,"TOI-2427 b(P=1.306,Transit,1:3);TOI-2427 c(P=5.15,Radial Velocity,4:3)",False,308.0,True,17,17,518.0,1.6,17.8,1.2,16.8,14,1.0,2.29211915742539,0.3272081198616364,True,True,True,16.8
387259626,10.1543,6458.8,1.35,12,1897.93,5.43474,1766.9179,2.4,445.0,3.11,16.7,27,0.0,-1.7,9.9,4.2,0.5,21,"00387259626-01(2:3,ntoi=1);00387259626-01(2:3,ntoi=2);00387259626-02(2:3,ntoi=2);00387259626-01(2:3,ntoi=2);00387259626-02(2:3,ntoi=2);00387259626-02(1:3,ntoi=2);00387259626-01(2:3,ntoi=2);00387259626-02(2:3,ntoi=2);00387259626-01(2:3,ntoi=2);00387259626-01(2:3,ntoi=1);00387259626-01(2:3,ntoi=1);00387259626-01(2:3,ntoi=1);00387259626-01(2:3,ntoi=1);00387259626-01(2:3,ntoi=1);00387259626-01(2:3,ntoi=1);00387259626-01(2:3,ntoi=1);00387259626-01(2:3,ntoi=1);00387259626-01(2:3,ntoi=1);00387259626-01(2:3,ntoi=1);00387259626-01(2:3,ntoi=1)",True,1455.01(2:3),1,1,"TOI1455.01:P=3.623,d=19.4mmag,APC",True,1455.01,,False,519.5,True,25,26,441.0,2.32,17.8,2.5,16.6,22,0.9615384615384616,4.037913987685824,0.5943663008472025,True,True,True,16.6
449050248,9.87405,5772.0,1.54,2,1871.43,1.48422,2174.4786,3.0,478.0,3.67,16.4,22,0.0,-1.9,13.3,7.8,1.0,3,"00449050248-01(2:1,ntoi=2);00449050248-02(2:1,ntoi=2);00449050248-01(2:1,ntoi=1)",True,951.01(2:1);953.01(2:1),2,2,"TOI953.01:P=2.968,d=14.2mmag,FP",True,953.01,,False,589.2,True,22,22,591.0,1.28,17.0,1.9,16.1,19,1.0,2.8601459883026443,1.048897508123476,True,True,True,16.1
449050248,9.87405,5772.0,1.54,2,1871.43,2.96838,2175.9817,3.15,466.0,3.63,16.4,22,1.5,0.0,9.7,4.7,0.5,3,"00449050248-01(1:1,ntoi=2);00449050248-02(1:1,ntoi=2);00449050248-01(1:1,ntoi=1)",True,951.01(1:1);953.01(1:1),2,2,"TOI953.01:P=2.968,d=14.2mmag,FP",True,953.01,,False,589.2,True,22,22,482.0,1.92,17.2,2.5,16.1,17,1.0,3.603533857133859,0.8741419187068257,True,True,True,16.1
50309953,9.7906,5317.0,0.91,5,2581.39,7.0408,1326.4748,2.1,379.0,1.93,13.4,17,0.2,0.0,11.0,9.3,1.0,8,"00050309953-01(1:1,ntoi=1);00050309953-01(1:1,ntoi=1);00050309953-02(1:1,ntoi=2);00050309953-01(1:1,ntoi=2);00050309953-01(1:1,ntoi=1);00050309953-01(1:2,ntoi=1);00050309953-01(1:2,ntoi=1);00050309953-01(1:1,ntoi=1)",True,1109.01(1:1);CTOI50309953.01(1:1),1,2,"TOI1109.01:P=7.041,d=1.72mmag,FP",True,1109.01,,False,417.0,True,17,17,472.0,1.42,17.3,1.6,16.1,16,1.0,3.384100288002514,0.6205489853374109,True,True,True,16.1
50309953,9.7906,5317.0,0.91,5,2581.39,3.52041,1326.4654,2.25,362.0,1.89,13.3,17,0.0,1.5,5.6,3.6,2.0,8,"00050309953-01(2:1,ntoi=1);00050309953-01(2:1,ntoi=1);00050309953-02(2:1,ntoi=2);00050309953-01(2:1,ntoi=2);00050309953-01(2:1,ntoi=1);00050309953-01(1:1,ntoi=1);00050309953-01(1:1,ntoi=1);00050309953-01(2:1,ntoi=1)",True,1109.01(2:1);CTOI50309953.01(2:1),1,2,"TOI1109.01:P=7.041,d=1.72mmag,FP",True,1109.01,,False,417.0,True,17,17,448.0,1.41,17.2,1.8,15.9,15,1.0,2.6859647218039164,0.837687845166068,True,True,True,15.9
66783360,10.2107,6483.0,1.38,3,730.81,1.38133,2854.3653,3.6,296.0,2.59,16.4,50,0.9,0.0,7.1,2.9,1.0,6,"00066783360-01(1:1,ntoi=1);00066783360-02(1:1,ntoi=2);00066783360-01(1:1,ntoi=2);00066783360-01(1:1,ntoi=1);00066783360-01(1:1,ntoi=1);00066783360-01(1:1,ntoi=1)",True,1399.01(1:1),1,1,"TOI1399.01:P=1.381,d=1.71mmag,FP",True,1399.01,,False,563.3,True,49,50,264.0,2.66,16.9,2.5,15.8,25,0.98,2.5955346615980304,1.3869974665580216,True,True,True,15.8
459942762,8.2482,5997.7,1.0,2,761.81,0.58647,1438.8803,0.75,191.0,1.51,13.9,40,1.0,-2.2,13.7,8.9,1.0,3,"00459942762-01(1:1,ntoi=1);00459942762-01(1:1,ntoi=1);00459942762-01(1:1,ntoi=1)",True,430.01(1:1),1,1,"TOI430.01:P=0.5864,d=0.481mmag,FP",True,430.01,,False,202.4,True,36,39,172.0,2.76,17.2,3.1,15.7,23,0.9230769230769231,1.5738266478779963,0.4765454956625822,True,True,True,15.7
66783360,10.2107,6483.0,1.38,3,730.81,1.38129,2854.3778,3.0,318.0,2.69,16.3,50,1.3,0.0,11.9,5.0,1.0,6,"00066783360-01(1:1,ntoi=1);00066783360-02(1:1,ntoi=2);00066783360-01(1:1,ntoi=2);00066783360-01(1:1,ntoi=1);00066783360-01(1:1,ntoi=1);00066783360-01(1:1,ntoi=1)",True,1399.01(1:1),1,1,"TOI1399.01:P=1.381,d=1.71mmag,FP",True,1399.01,,False,563.3,True,49,50,285.0,2.74,15.6,2.1,14.9,28,0.98,2.595509607872365,1.155842379046021,True,True,True,14.9
238197709,10.3001,6104.0,1.86397,29,2417.21,41.17715,1655.5613,2.25,518.0,4.63,12.9,13,0.2,0.7,7.4,6.0,1.0,27,"00238197709-01(1:3,ntoi=1);00238197709-01(1:3,ntoi=1);00238197709-01(1:3,ntoi=2);00238197709-02(1:3,ntoi=2);00238197709-01(1:3,ntoi=2);00238197709-02(1:3,ntoi=2);00238197709-01(1:3,ntoi=2);00238197709-02(1:3,ntoi=2);00238197709-01(1:3,ntoi=2);00238197709-02(1:3,ntoi=2);00238197709-01(1:3,ntoi=1);00238197709-01(1:3,ntoi=1);00238197709-01(1:3,ntoi=1);00238197709-01(1:3,ntoi=1);00238197709-01(1:3,ntoi=1);00238197709-01(1:3,ntoi=1);00238197709-01(1:3,ntoi=1);00238197709-01(1:3,ntoi=1);00238197709-01(1:3,ntoi=1);00238197709-01(1:3,ntoi=1);00238197709-01(1:3,ntoi=1);00238197709-01(1:3,ntoi=1);00238197709-01(1:3,ntoi=1);00238197709-01(1:3,ntoi=1);00238197709-01(1:3,ntoi=1);00238197709-01(1:3,ntoi=1)",True,646.01(1:3),1,1,"TOI646.01:P=13.73,d=5.38mmag,FP",True,646.01,,False,530.4,True,13,13,664.0,1.45,15.9,1.7,14.9,13,1.0,9.833761423142615,0.22880359845876333,True,True,True,14.9
155114483,9.25068,8728.0,1.7,3,1819.48,2.39287,1767.0343,4.2,182.0,2.5,13.6,28,1.0,-3.6,11.5,3.2,1.0,6,,False,,1,1,"TOI1370.01:P=5.265,d=3.75mmag,FP",True,,,False,365.0,False,27,28,209.0,2.57,16.1,2.1,14.8,22,0.9642857142857143,3.582178942237849,1.172470741334934,False,True,True,14.8
362709886,9.550201,6203.0,1.8589099645614624,7,1815.49,7.08913,2367.8731,2.25,433.0,4.22,14.5,13,0.0,-0.0,12.5,4.9,0.5,13,"00362709886-03(1:3,ntoi=3);00362709886-02(2:3,ntoi=3);00362709886-02(2:3,ntoi=2);00362709886-01(2:3,ntoi=2);00362709886-01(2:3,ntoi=1);00362709886-01(2:1,ntoi=1);00362709886-01(2:3,ntoi=1);00362709886-01(2:3,ntoi=1);00362709886-01(2:3,ntoi=1);00362709886-01(2:3,ntoi=1);00362709886-01(2:3,ntoi=2);00362709886-02(2:3,ntoi=2)",True,4420.01(2:3),1,1,"TOI4420.01:P=4.726,d=6.87mmag,FP",True,4420.01,,False,433.1,True,13,13,499.0,1.4,16.1,1.5,14.8,12,1.0,5.460656326063761,0.41203838250371666,True,True,True,14.8
131419878,8.8154,6482.3,1.52,5,2226.06,3.16001,1494.1165,2.4,245.0,2.6,14.1,22,0.6,-2.4,11.2,8.2,1.0,5,"00131419878-01(1:1,ntoi=1);00131419878-01(1:1,ntoi=1);00131419878-01(1:1,ntoi=1);00131419878-01(1:1,ntoi=1);00131419878-01(1:1,ntoi=1)",True,720.01(1:1);CTOI131419878.01(1:1),1,2,"TOI720.01:P=3.16,d=0.221mmag,FP",True,720.01,,False,256.7,True,21,22,305.0,1.47,15.1,2.5,14.1,18,0.9545454545454546,3.6475409108397967,0.6579775412162362,True,True,True,14.1
152800085,9.5103,6580.0,1.62,2,1105.52,2.13496,3155.1498,1.58,514.0,4.01,13.6,9,0.0,0.3,10.4,5.0,0.5,3,"00152800085-01(2:1,ntoi=2);00152800085-01(2:1,ntoi=1)",True,2325.01(2:1),1,1,"TOI2325.01:P=4.27,d=2.43mmag,APC",False,2325.01,,False,363.1,True,9,9,659.0,1.16,16.0,1.9,14.0,9,1.0,3.3395007955393403,0.4731246065610908,True,True,True,14.0
259606227,9.4738,6802.0,1.9,3,104.92,1.06393,4046.5471,3.15,154.0,2.57,12.9,61,0.8,0.7,13.3,10.7,1.0,1,,False,,1,1,"TOI6555.01:P=10.13,d=0.689mmag,PC",False,,,False,386.8,False,56,61,181.0,2.25,14.2,2.1,13.7,32,0.9180327868852459,2.9445236463949684,1.0697825449140475,False,True,True,13.7
190990336,8.9544,6118.1,1.66,3,2202.75,8.32092,1547.9143,4.8,347.0,3.37,16.1,6,0.0,1.0,11.7,4.8,1.0,9,"00190990336-01(2:3,ntoi=2);00190990336-02(1:3,ntoi=2);00190990336-02(1:3,ntoi=2);00190990336-01(2:3,ntoi=2);00190990336-01(2:3,ntoi=1);00190990336-01(2:3,ntoi=2);00190990336-02(2:3,ntoi=2);00190990336-01(2:3,ntoi=2);00190990336-02(2:3,ntoi=2)",True,585.01(2:3),1,1,"TOI585.01:P=5.547,d=12.6mmag,APC",True,585.01,,False,318.8,True,6,6,375.0,1.25,15.6,2.0,13.5,6,1.0,5.341593092031087,0.8986083210196095,True,True,True,13.5
119700084,10.1188,5427.0,0.890109002590179,3,1845.51,6.11577,1741.0917,0.5,1381.0,3.61,13.9,8,1.7,3.5,10.0,7.5,1.0,5,"00119700084-01(1:1,ntoi=1);00119700084-01(1:1,ntoi=1);00119700084-01(1:1,ntoi=1);00119700084-01(1:1,ntoi=1);00119700084-01(1:1,ntoi=1)",True,1413.01(1:1),1,1,"TOI1413.01:P=6.118,d=1.96mmag,PC",False,1413.01,,False,505.8,True,8,8,1504.0,1.29,15.7,1.8,13.5,7,1.0,3.1816627089574196,0.1571505359736394,True,True,True,13.5
73038411,10.339,6368.0,1.52,3,1487.59,1.97182,2230.4068,1.5,330.0,3.01,10.0,33,1.9,0.7,8.5,3.9,1.0,4,,False,,1,1,"TOI978.01:P=13.17,d=6.2mmag,PC",True,,,False,611.4,False,32,33,481.0,2.21,14.1,2.1,13.3,20,0.9696969696969697,3.1169256418054485,0.48124343419727517,False,True,True,13.3
176778112,9.6114,5600.0,0.98,3,758.82,1.33925,1411.5296,1.05,821.0,3.06,12.8,11,0.7,1.3,12.8,11.3,1.0,4,"00176778112-01(1:1,ntoi=1);00176778112-01(1:1,ntoi=1);00176778112-01(1:1,ntoi=1);00176778112-01(1:1,ntoi=1)",True,408.01(1:1),1,1,"TOI408.01:P=1.337,d=0.76mmag,FP",True,408.01,,False,365.3,True,9,9,849.0,1.33,14.9,1.0,12.9,8,1.0,2.044778308961063,0.5135030997729516,True,True,True,12.9
270341214,8.8784,6409.0,1.46862995624542,9,2581.55,19.14555,1331.8748,4.5,172.0,2.1,12.6,13,0.4,1.6,9.0,5.1,1.0,14,"00270341214-01(1:1,ntoi=1)",True,,2,2,"TOI173.01:P=29.75,d=6.92mmag,PC;TOI173.02:P=9.17,d=0.332mmag,PC",True,,,False,267.2,False,13,13,184.0,2.07,13.9,2.8,12.8,12,1.0,6.498889677800484,0.6924259716812121,False,True,True,12.8
438295981,9.52621,6565.2,1.9,4,348.68,11.91562,2202.9703,1.8,561.0,4.91,13.3,7,0.8,-0.9,10.7,5.7,1.0,5,"00438295981-01(1:3,ntoi=1);00438295981-01(1:3,ntoi=1);00438295981-01(1:3,ntoi=1);00438295981-01(1:3,ntoi=1);00438295981-01(1:3,ntoi=1)",True,888.01(1:3),1,1,"TOI888.01:P=3.966,d=0.9mmag,FP",True,888.01,,False,389.0,True,7,7,642.0,1.26,14.1,1.7,12.6,7,1.0,6.587939106142194,0.273226569189413,True,True,True,12.6
279177746,10.1503,9706.0,1.87,6,787.06,4.43503,2799.6539,2.1,352.0,3.83,12.0,37,1.2,-2.0,9.6,5.5,1.0,8,"00279177746-01(1:1,ntoi=1);00279177746-01(1:1,ntoi=1);00279177746-01(1:1,ntoi=2);00279177746-02(1:2,ntoi=2);00279177746-01(1:1,ntoi=1);00279177746-01(1:1,ntoi=1);00279177746-01(1:1,ntoi=1);00279177746-01(1:1,ntoi=1)",True,1353.01(1:1),1,1,"TOI1353.01:P=4.435,d=2.27mmag,FP",True,1353.01,,False,685.9,True,33,37,432.0,2.64,13.6,3.7,12.6,23,0.8918918918918919,4.688870291716958,0.4478690749261541,True,True,True,12.6
276360911,9.62426,7184.0,1.88,3,216.4,1.76025,3369.3181,1.8,538.0,4.76,23.4,37,1.4,0.6,23.4,4.4,1.0,0,,False,,1,1,"TOI1382.01:P=0.4448,d=1.75mmag,FA",True,,,False,1113.4,True,32,37,815.0,2.68,12.9,2.6,12.3,17,0.8648648648648649,3.4581060779678836,0.5205161320724289,True,True,True,12.3
155114483,9.25068,8728.0,1.7,3,1819.48,5.26517,1769.053,2.1,345.0,3.45,12.4,11,1.0,0.0,9.2,3.9,2.0,6,"00155114483-01(1:1,ntoi=1);00155114483-02(1:1,ntoi=2);00155114483-01(1:1,ntoi=2);00155114483-01(1:1,ntoi=1);00155114483-01(1:1,ntoi=1);00155114483-01(1:1,ntoi=1)",True,1370.01(1:1),1,1,"TOI1370.01:P=5.265,d=3.75mmag,FP",True,1370.01,,False,365.0,True,10,11,370.0,1.77,13.8,3.6,12.2,10,0.9090909090909091,4.6592038014904,0.45072078609831273,True,True,True,12.2
67535663,10.2696,6758.0,1.45,2,53.05,0.58952,4046.6465,2.1,252.0,2.51,11.1,69,0.2,3.4,11.3,7.3,1.0,0,,False,,1,1,"TOI4299.01:P=6.602,d=0.652mmag,PC",False,,,False,630.8,False,60,69,301.0,2.92,12.3,2.3,11.8,26,0.8695652173913043,2.019698191916993,1.0397593107744425,False,True,True,11.8
146282666,9.1259,5857.0,1.22058999538422,6,2904.61,9.99508,1389.3094,4.8,175.0,1.76,11.5,13,1.9,1.3,10.2,7.9,1.0,5,,False,,1,1,"TOI4298.01:P=722.3,d=0.522mmag,PC",False,,,False,300.1,False,13,13,154.0,2.4,13.1,2.0,11.8,12,1.0,4.6257652523694075,1.0376661456266822,False,True,True,11.8
234388232,9.3422,5638.7,0.87,3,452.73,10.38892,3237.9902,4.5,323.0,1.71,12.1,6,1.8,-0.0,11.3,3.6,0.5,6,"00234388232-02(1:1,ntoi=3);00234388232-03(1:1,ntoi=3);00234388232-02(1:1,ntoi=3);00234388232-03(1:1,ntoi=3)",True,5088.01(1:1),2,2,"TOI5088.01:P=10.39,d=0.893mmag,PC;TOI5088.02:P=13.42,d=0.597mmag,PC",False,5088.01,,False,348.1,True,6,6,390.0,1.14,13.5,0.6,11.7,6,1.0,3.7389064283805533,1.203560475823168,True,True,True,11.7
124573851,10.1755,5581.9,0.99,4,2200.55,9.52919,1550.9957,2.4,456.0,2.31,10.6,10,1.1,0.4,7.5,5.7,1.0,8,"00124573851-02(1:1,ntoi=2)",True,,1,1,"TOI669.01:P=3.945,d=0.913mmag,CP",False,,,False,491.3,False,10,10,464.0,1.87,13.0,1.8,11.7,10,1.0,3.9595918273756627,0.6061230815274895,False,True,True,11.7
234388232,9.3422,5638.7,0.87,3,452.73,10.38902,3237.9902,4.5,320.0,1.7,12.0,6,1.7,-0.1,11.8,3.8,0.5,6,"00234388232-02(1:1,ntoi=3);00234388232-03(1:1,ntoi=3);00234388232-02(1:1,ntoi=3);00234388232-03(1:1,ntoi=3)",True,5088.01(1:1),2,2,"TOI5088.01:P=10.39,d=0.893mmag,PC;TOI5088.02:P=13.42,d=0.597mmag,PC",False,5088.01,,False,348.1,True,6,6,390.0,1.14,13.5,0.7,11.6,6,1.0,3.738918424797351,1.2035566141681466,True,True,True,11.6
274942910,9.9809,4349.3,0.67,3,216.47,1.619,3368.7507,3.15,261.0,1.18,10.6,25,1.1,-3.9,9.2,4.4,1.0,5,"00274942910-02(2:3,ntoi=2);00274942910-01(2:3,ntoi=2);00274942910-01(2:3,ntoi=1);00274942910-01(2:3,ntoi=1);00274942910-01(2:3,ntoi=1)",True,1325.01(2:3),1,1,"TOI1325.01:P=1.079,d=1.7mmag,FP",True,1325.01,,False,490.8,True,22,22,302.0,2.09,12.6,1.7,11.6,18,1.0,1.6904686147991352,1.8633886322546658,True,True,True,11.6
356235833,9.1597,5477.0,0.95,3,759.23,1.26914,1984.3795,0.75,844.0,3.01,11.9,4,0.2,1.9,8.6,2.6,0.5,7,"00356235833-01(1:1,ntoi=1);00356235833-01(1:1,ntoi=1);00356235833-01(1:1,ntoi=1);00356235833-01(1:1,ntoi=1);00356235833-01(1:1,ntoi=3);00356235833-02(2:1,ntoi=3)",True,2111.01(1:1),1,1,"TOI2111.01:P=1.268,d=0.584mmag,FP",True,2111.01,,False,325.0,True,4,4,914.0,1.0,13.8,0.8,11.3,4,1.0,1.9672544736924893,0.38124198472008963,True,True,True,11.3
66783360,10.2107,6483.0,1.38,3,730.81,6.90657,2854.3466,6.3,296.0,2.59,10.2,10,2.3,-1.2,8.5,2.8,1.0,6,,False,1399.01(1:5),1,1,"TOI1399.01:P=1.381,d=1.71mmag,FP",True,1399.01,,True,563.3,True,10,10,368.0,1.58,13.0,3.5,11.3,7,1.0,4.438284703690216,1.419467298878294,True,True,True,11.3
408310006,8.86849,6313.0,1.25,5,2555.74,22.10516,1540.0015,4.2,342.0,2.52,12.6,4,0.3,0.5,8.1,4.1,2.0,11,,False,,1,1,"TOI576.01:P=5.444,d=3.5mmag,CP",True,,"WASP-166 b(P=5.444,Transit,1:4)",False,265.3,True,4,4,419.0,1.07,14.7,2.5,11.3,3,1.0,6.123215209184568,0.685914157271522,True,True,True,11.3
457138169,9.22437,6273.0,1.44877994060516,2,736.29,1.09244,1870.6235,0.5,341.0,2.92,9.6,45,0.3,2.9,8.1,7.5,1.0,3,"00457138169-01(1:1,ntoi=1);00457138169-01(1:1,ntoi=1);00457138169-01(1:1,ntoi=1)",True,1770.01(1:1),1,1,"TOI1770.01:P=1.092,d=0.95mmag,FP",True,1770.01,,False,318.2,True,25,25,321.0,2.89,13.1,2.4,11.1,11,1.0,2.4793762762418274,0.2016636219323219,True,True,True,11.1
135083444,10.0721,6071.0,1.16271,2,764.16,2.79135,1902.3709,1.05,956.0,3.92,11.3,5,0.4,-0.4,10.9,7.4,1.0,3,"00135083444-01(1:1,ntoi=1);00135083444-01(1:1,ntoi=1);00135083444-01(1:1,ntoi=1)",True,1795.01(1:1),1,1,"TOI1795.01:P=2.792,d=1.11mmag,FP",True,1795.01,,False,491.0,True,5,5,1046.0,1.13,12.9,0.6,11.1,5,1.0,2.927255725481094,0.358697735513843,True,True,True,11.1
250386181,9.89377,6321.46,1.08,2,730.6,4.41128,1413.8328,0.5,1729.0,4.9,12.6,5,0.1,1.2,12.1,5.5,1.0,3,"00250386181-01(1:3,ntoi=1);00250386181-01(1:3,ntoi=1);00250386181-01(1:3,ntoi=1)",True,390.01(1:3),1,1,"TOI390.01:P=1.47,d=2.94mmag,FP",True,390.01,,False,453.9,True,5,5,1761.0,1.06,13.3,0.2,11.0,5,1.0,3.245978752138615,0.15403674459377614,True,True,True,11.0
159851831,10.4514,4579.0,0.8,4,1522.47,14.1021,1996.5449,6.0,608.0,2.15,10.9,4,0.2,1.8,10.1,4.0,1.0,1,,False,,1,1,"TOI5741.01:P=24,d=1.35mmag,PC",False,,,False,651.1,False,4,4,724.0,1.3,13.7,2.4,11.0,4,1.0,3.914679533945387,1.5326925098139348,False,True,True,11.0
450649506,10.2089,5801.2,1.62,4,1083.96,8.12415,3046.6717,2.25,689.0,4.64,9.9,6,1.2,-0.1,6.6,3.7,1.0,4,,False,,1,1,"TOI4371.01:P=1.06,d=1.14mmag,PC",False,,,False,672.4,False,6,6,950.0,1.21,12.6,2.9,10.9,5,1.0,5.213678914206919,0.4315570707411428,False,True,True,10.9
66783360,10.2107,6483.0,1.38,3,730.81,4.14391,2857.1653,4.8,268.0,2.47,9.8,15,0.2,-3.0,8.6,2.8,1.0,6,"00066783360-01(1:3,ntoi=1);00066783360-02(1:3,ntoi=2);00066783360-01(1:3,ntoi=2);00066783360-01(1:3,ntoi=1);00066783360-01(1:3,ntoi=1);00066783360-01(1:3,ntoi=1)",True,1399.01(1:3),1,1,"TOI1399.01:P=1.381,d=1.71mmag,FP",True,1399.01,,False,563.3,True,14,15,311.0,1.91,11.9,2.8,10.8,10,0.9333333333333333,3.743384661335202,1.2822620260157611,True,True,True,10.8
313506357,9.5621,6023.1,1.39,2,1117.22,2.6039,1765.5093,7.2,192.0,2.1,11.5,17,0.5,2.9,11.2,3.5,1.0,3,,False,,1,1,"TOI1383.01:P=1.533,d=1.36mmag,FP",True,,,False,429.1,True,16,17,174.0,2.63,12.5,3.9,10.7,11,0.9411764705882353,3.2217580924667537,2.234804660485011,True,True,True,10.7
66783360,10.2107,6483.0,1.38,3,730.81,4.14394,2857.1653,4.8,267.0,2.46,9.8,15,0.1,-3.2,7.2,3.9,0.5,6,"00066783360-01(1:3,ntoi=1);00066783360-02(1:3,ntoi=2);00066783360-01(1:3,ntoi=2);00066783360-01(1:3,ntoi=1);00066783360-01(1:3,ntoi=1);00066783360-01(1:3,ntoi=1)",True,1399.01(1:3),1,1,"TOI1399.01:P=1.381,d=1.71mmag,FP",True,1399.01,,False,563.3,True,14,15,280.0,2.11,11.8,2.6,10.7,10,0.9333333333333333,3.7433936947737374,1.2822589317018462,True,True,True,10.7
274138511,10.4215,5280.0,0.945062,2,762.22,2.77561,1492.4421,2.1,565.0,2.45,9.5,8,1.3,2.4,9.5,7.6,1.0,3,"00274138511-01(1:1,ntoi=1);00274138511-01(1:1,ntoi=1);00274138511-01(1:1,ntoi=1)",True,506.01(1:1),1,1,"TOI506.01:P=2.774,d=0.753mmag,FP",True,506.01,,False,579.4,True,8,8,693.0,1.23,11.9,0.6,10.6,8,1.0,2.54468859002287,0.8252483263506623,True,True,True,10.6
295541511,10.4055,5731.0,1.02,5,1815.44,4.57866,2366.1199,1.8,407.0,2.24,10.7,22,1.2,0.1,9.9,8.6,1.0,2,,False,,1,1,"TOI1117.01:P=2.228,d=0.684mmag,PC",False,,"TOI-1117 c(P=4.579,Radial Velocity,1:1)",True,589.4,False,22,22,461.0,2.07,11.7,1.5,10.6,14,1.0,3.1636459411670526,0.5689637947715444,False,True,True,10.6
469810663,10.0094,6009.6,1.35,5,2519.31,12.69091,1662.1576,4.2,336.0,2.7,10.7,10,1.7,3.7,9.2,4.5,1.0,1,,False,,2,2,"TOI7060.01:P=5.85,d=0.477mmag,PC;TOI7060.02:P=1065,d=1.41mmag,PC",False,,,False,553.5,False,10,10,393.0,1.52,12.0,1.9,10.5,9,1.0,5.357083237624337,0.7840087252149064,False,True,True,10.5
459942762,8.2482,5997.7,1.0,2,761.81,1.76079,1439.4585,0.75,228.0,1.65,9.3,17,1.3,-3.1,8.9,4.5,1.0,3,"00459942762-01(1:3,ntoi=1);00459942762-01(1:3,ntoi=1);00459942762-01(1:3,ntoi=1)",True,430.01(1:3),1,1,"TOI430.01:P=0.5864,d=0.481mmag,FP",True,430.01,,False,202.4,True,13,13,267.0,2.05,11.8,3.3,10.4,9,1.0,2.270444106951552,0.33033184904384166,True,True,True,10.4
356235833,9.1597,5477.0,0.95,3,759.23,1.26915,1984.3826,1.2,579.0,2.49,10.9,12,0.1,1.6,7.2,1.7,1.0,7,"00356235833-01(1:1,ntoi=1);00356235833-01(1:1,ntoi=1);00356235833-01(1:1,ntoi=1);00356235833-01(1:1,ntoi=1);00356235833-01(1:1,ntoi=3);00356235833-02(2:1,ntoi=3)",True,2111.01(1:1),1,1,"TOI2111.01:P=1.268,d=0.584mmag,FP",True,2111.01,,False,325.0,True,5,6,628.0,1.13,12.4,2.3,10.4,5,0.8333333333333334,1.967259640575331,0.6099855734594628,True,True,True,10.4
356235833,9.1597,5477.0,0.95,3,759.23,1.26695,1984.417,1.0,740.0,2.82,12.0,4,0.0,0.9,11.9,4.8,2.0,7,"00356235833-01(1:1,ntoi=1);00356235833-01(1:1,ntoi=1);00356235833-01(1:1,ntoi=1);00356235833-01(1:1,ntoi=1);00356235833-01(1:1,ntoi=3);00356235833-02(2:1,ntoi=3)",True,2111.01(1:1),1,1,"TOI2111.01:P=1.268,d=0.584mmag,FP",True,2111.01,,False,325.0,True,4,4,739.0,1.05,12.3,0.1,10.3,4,1.0,1.9661222718941727,0.5086153665491997,True,True,True,10.3
449197831,8.71008,6092.0,1.32975,2,1871.27,14.95169,2188.3094,2.1,310.0,2.56,10.7,5,0.7,-0.3,10.5,5.5,1.0,2,,False,2458.01(1:4),1,1,"TOI2458.01:P=3.737,d=0.337mmag,CP",False,2458.01,"TOI-2458 b(P=3.737,Transit,1:4)",False,254.1,True,5,5,296.0,1.56,13.3,2.7,10.2,5,1.0,5.601251261093843,0.3749162289123771,True,True,True,10.2
313506357,9.5621,6023.1,1.39,2,1117.22,12.39773,1768.003,6.3,341.0,2.8,11.0,4,1.8,-1.9,8.4,3.2,1.0,3,,False,,1,1,"TOI1383.01:P=1.533,d=1.36mmag,FP",True,,,False,429.1,False,4,4,413.0,1.3,13.2,1.7,10.1,4,1.0,5.419994995265065,1.162362696921992,False,True,True,10.1
365690646,10.094,6962.64,1.67983,2,731.51,2.46097,1470.4692,4.8,219.0,2.71,9.6,17,1.4,0.0,8.2,3.2,1.0,2,,False,,1,1,"TOI524.01:P=12.98,d=1.28mmag,FA",True,,,False,498.0,False,16,17,278.0,1.95,11.2,3.1,10.1,11,0.9411764705882353,3.5871864950566428,1.3380960277963485,False,True,True,10.1
50309953,9.7906,5317.0,0.91,5,2581.39,21.12246,1326.4748,2.1,416.0,2.02,8.9,6,0.1,0.0,7.9,5.5,1.0,8,"00050309953-01(1:3,ntoi=1);00050309953-01(1:3,ntoi=1);00050309953-02(1:3,ntoi=2);00050309953-01(1:3,ntoi=2);00050309953-01(1:3,ntoi=1);00050309953-01(1:3,ntoi=1)",True,1109.01(1:3);CTOI50309953.01(1:3),1,2,"TOI1109.01:P=7.041,d=1.72mmag,FP",True,1109.01,,False,417.0,True,6,6,500.0,1.23,12.0,1.0,10.1,6,1.0,4.880721807610546,0.43026422787003643,True,True,True,10.1
39516274,9.2576,4674.0,0.704768002033234,6,1522.48,14.21602,1990.6229,3.15,228.0,1.16,9.7,11,0.7,0.9,8.0,6.0,1.0,3,"00039516274-02(1:1,ntoi=2)",True,5997.01(2:5),1,1,"TOI5997.01:P=5.655,d=0.387mmag,CP",False,5997.01,"TOI-5997 b(P=5.655,Transit,2:5)",False,323.7,True,10,11,298.0,1.57,11.6,2.9,10.1,9,0.9090909090909091,3.607157354745195,0.8732638169655097,True,True,True,10.1
82452140,10.0011,5717.0,1.01496005058289,6,1523.67,14.67821,1970.5202,3.15,347.0,2.06,9.3,10,0.2,0.7,6.2,4.6,1.0,6,,False,,1,2,"TOI2289.01:P=63.4,d=0.925mmag,PC",False,,,False,475.8,False,9,9,404.0,1.58,11.5,2.1,10.0,8,1.0,4.649418349757499,0.6775041011666105,False,True,True,10.0
190990336,8.9544,6118.1,1.66,3,2202.75,8.35287,1545.1018,4.2,365.0,3.46,12.8,4,0.2,-0.3,12.1,3.1,2.0,9,"00190990336-01(2:3,ntoi=2);00190990336-02(1:3,ntoi=2);00190990336-02(1:3,ntoi=2);00190990336-01(2:3,ntoi=2);00190990336-01(2:3,ntoi=1);00190990336-01(2:3,ntoi=2);00190990336-02(2:3,ntoi=2);00190990336-01(2:3,ntoi=2);00190990336-02(2:3,ntoi=2)",True,585.01(2:3),1,1,"TOI585.01:P=5.547,d=12.6mmag,APC",True,585.01,,False,318.8,True,4,4,389.0,1.31,12.5,3.0,9.9,4,1.0,5.34842110024079,0.7852784814963266,True,True,True,9.9
161738745,9.6235,4935.7,1.94,3,79.06,3.00874,4049.2133,3.15,187.0,2.9,8.7,21,0.7,1.0,9.1,4.0,1.0,3,,False,6544.01(6:5),1,1,"TOI6544.01:P=3.625,d=0.812mmag,PC",False,6544.01,,False,438.9,True,19,21,218.0,2.14,10.8,2.4,9.9,12,0.9047619047619048,4.222188973807545,0.7460585065095626,True,True,True,9.9
308050066,9.99028,6655.0,1.91,5,2554.04,6.7869,1544.6139,4.2,188.0,2.86,9.1,19,0.7,0.3,7.8,2.5,1.0,10,,False,,1,1,"TOI679.01:P=11.18,d=8.58mmag,FP",True,,,True,457.5,True,18,19,242.0,1.96,11.0,2.9,9.9,12,0.9473684210526315,5.4800899739052165,0.7664107742754815,True,True,True,9.9
420529106,10.3012,4504.0,0.72,3,105.01,21.95236,4049.7315,3.0,674.0,2.04,8.9,4,2.5,0.4,9.6,6.7,1.0,1,,False,,1,1,"TOI6558.01:P=9.533,d=1.28mmag,PC",False,,,False,649.4,False,4,4,879.0,1.26,12.5,3.2,9.8,4,1.0,4.229188380763095,0.7093559638170325,False,True,True,9.8
178284730,10.3074,5260.0,0.844379007816315,5,2879.65,14.45778,1421.0073,6.3,640.0,2.33,11.6,5,1.3,0.4,9.9,3.6,1.0,7,,False,,1,1,"TOI418.01:P=2.236,d=20.9mmag,KP",True,,,False,651.1,False,5,5,724.0,1.39,12.1,2.1,9.8,5,1.0,4.091982645465929,1.5395959723779955,False,True,True,9.8
63303499,10.194,5952.0,1.25,2,52.12,1.92595,2203.2871,6.3,206.0,1.96,8.9,24,0.4,0.0,9.1,7.2,2.0,3,"00063303499-01(1:1,ntoi=1);00063303499-01(1:1,ntoi=1);00063303499-01(1:1,ntoi=1)",True,644.01(1:1),2,1,"TOI644.01:P=1.927,d=0.636mmag,FP",True,644.01,,False,642.1,True,24,24,207.0,1.81,10.0,0.4,9.5,11,1.0,2.7145424574831285,2.3208331049060984,True,True,True,9.5
119973835,9.1641,5212.0,0.86,4,1468.47,6.29797,1986.0522,1.8,303.0,1.63,9.4,9,1.2,2.0,6.3,4.2,1.0,5,,False,6078.02(4:1),2,4,"TOI6078.01:P=9.67,d=0.743mmag,PC;TOI6078.02:P=25.09,d=0.766mmag,PC",False,6078.02,,False,305.8,True,9,9,360.0,1.63,10.9,2.1,9.5,8,1.0,3.140080563599089,0.5732337000732494,True,True,True,9.5
23740089,10.4985,5595.0,1.14,4,782.13,9.86259,2647.6953,2.1,603.0,3.06,8.5,6,1.6,0.0,7.6,5.9,1.0,9,"00023740089-01(1:1,ntoi=1);00023740089-01(1:1,ntoi=1);00023740089-01(1:1,ntoi=1)",True,1849.01(1:1),1,1,"TOI1849.01:P=9.863,d=4.65mmag,APC",True,1849.01,,False,599.9,True,6,6,820.0,1.28,11.2,3.0,9.5,5,1.0,4.400228078780337,0.47724798860473655,True,True,True,9.5
335630746,8.69009,6780.0,1.68,3,2227.53,5.86976,1574.9844,3.0,167.0,2.37,9.4,10,0.1,-0.0,7.1,4.0,1.0,5,,False,,1,1,"TOI778.01:P=4.634,d=8.35mmag,CP",True,,"TOI-778 b(P=4.634,Transit,4:5)",False,252.3,True,9,10,218.0,1.5,11.3,2.6,9.4,7,0.9,4.793152681888901,0.6258928515537607,True,True,True,9.4
23740089,10.4985,5595.0,1.14,4,782.13,3.28762,2644.3953,2.1,348.0,2.32,7.5,14,1.3,-1.0,7.8,6.1,1.0,9,"00023740089-01(3:1,ntoi=1);00023740089-01(3:1,ntoi=1);00023740089-01(3:1,ntoi=1)",True,1849.01(3:1),1,1,"TOI1849.01:P=9.863,d=4.65mmag,APC",True,1849.01,,False,599.9,True,14,14,408.0,2.23,10.4,3.5,9.1,8,1.0,3.0509755889767316,0.6883044255048663,True,True,True,9.1
116668723,9.82614,6148.7,1.34,2,50.02,3.38863,3238.4814,0.62,572.0,3.5,9.0,13,0.1,-0.5,8.9,8.9,1.0,0,,False,5122.01(1:1),1,1,"TOI5122.01:P=3.389,d=0.694mmag,PC",False,5122.01,,True,437.8,True,13,13,559.0,1.72,10.2,1.7,9.0,8,1.0,3.4325711134927586,0.1806226235380536,True,True,True,9.0
161738745,9.6235,4935.7,1.94,3,79.06,7.69172,4049.3352,6.3,195.0,2.96,8.6,9,2.7,-1.0,8.8,3.7,1.0,3,,False,,1,1,"TOI6544.01:P=3.625,d=0.812mmag,PC",False,,,False,438.9,False,8,9,304.0,1.31,10.2,3.5,8.9,8,0.8888888888888888,5.773208859574479,1.0912475459036743,False,True,True,8.9
354594208,9.76119,5904.0,1.25,2,1117.22,2.60176,1766.9787,0.75,507.0,3.07,8.8,10,1.7,1.5,8.7,6.2,1.0,2,"00354594208-01(1:3,ntoi=1);00354594208-01(1:3,ntoi=1)",True,1492.01(1:3),1,1,"TOI1492.01:P=0.8667,d=0.72mmag,FP",True,1492.01,,False,402.1,True,10,10,524.0,1.67,10.9,2.3,8.7,6,1.0,3.0008022735572424,0.24993316174441815,True,True,True,8.7
29119552,10.2061,6157.0,1.6,2,381.98,7.62892,2585.6659,1.8,718.0,4.68,9.3,4,1.0,0.0,7.2,4.9,2.0,4,"00029119552-01(1:1,ntoi=2);00029119552-02(1:2,ntoi=2);00029119552-01(1:1,ntoi=1);00029119552-01(1:1,ntoi=1)",True,1709.01(1:1),1,1,"TOI1709.01:P=7.629,d=11.8mmag,PC",True,1709.01,,False,505.7,True,4,4,780.0,1.26,10.8,1.3,8.7,4,1.0,5.0634046492092395,0.3554920305018697,True,True,True,8.7
259606227,9.4738,6802.0,1.9,3,104.92,3.19188,4048.6658,3.15,168.0,2.68,8.5,20,0.3,-1.1,8.9,5.8,1.0,1,,False,,1,1,"TOI6555.01:P=10.13,d=0.689mmag,PC",False,,,False,386.8,False,20,20,181.0,2.47,9.6,1.4,8.7,9,1.0,4.246777878974792,0.7417388169970491,False,True,True,8.7
387259626,10.1543,6458.8,1.35,12,1897.93,19.92738,1781.4179,2.4,519.0,3.36,10.1,7,0.0,-3.4,7.1,3.3,2.0,21,,False,,1,1,"TOI1455.01:P=3.623,d=19.4mmag,APC",True,,,False,519.5,False,7,7,483.0,1.98,10.7,2.7,8.7,7,1.0,6.2265508695076495,0.3854461402946467,False,True,True,8.7
279177746,10.1503,9706.0,1.87,6,787.06,13.30583,2808.4789,2.1,449.0,4.33,9.2,13,0.8,-1.6,8.1,3.9,1.0,8,"00279177746-01(1:3,ntoi=1);00279177746-01(1:3,ntoi=1);00279177746-01(1:3,ntoi=2);00279177746-01(1:3,ntoi=1);00279177746-01(1:3,ntoi=1);00279177746-01(1:3,ntoi=1);00279177746-01(1:3,ntoi=1)",True,1353.01(1:3),1,1,"TOI1353.01:P=4.435,d=2.27mmag,FP",True,1353.01,,False,685.9,True,13,13,452.0,2.61,10.1,2.2,8.6,9,1.0,6.762646533342928,0.31052931565268765,True,True,True,8.6
238898571,9.954701,5867.0,0.85030198097229,11,2607.67,22.92385,1444.0705,2.4,269.0,1.52,7.3,13,1.5,-0.2,8.5,4.6,2.0,6,,False,,1,1,"TOI863.01:P=0.5251,d=0.301mmag,PC",False,,,False,458.4,False,11,12,370.0,2.04,9.8,2.9,8.6,9,0.9166666666666666,4.793870234783331,0.500639333661161,False,True,True,8.6
309787037,10.0119,6762.0,1.75,3,76.64,15.37981,2262.8265,6.3,329.0,3.47,8.8,4,1.2,1.3,9.5,3.3,1.0,5,,False,,1,1,"TOI1046.01:P=1.304,d=0.993mmag,FP",True,,,False,493.1,False,4,4,380.0,1.45,10.8,1.4,8.5,4,1.0,6.7902221544118815,0.92780469574278,False,True,True,8.5
146282666,9.1259,5857.0,1.22058999538422,6,2904.61,49.97522,1389.3344,4.8,220.0,1.98,9.1,5,1.2,0.8,7.9,5.1,1.0,5,,False,,1,1,"TOI4298.01:P=722.3,d=0.522mmag,PC",False,,,False,300.1,False,5,5,248.0,1.66,10.5,2.5,8.5,5,1.0,7.909937819904035,0.6068315717882893,False,True,True,8.5
52368076,10.1985,5154.0,0.85,7,2607.66,9.15562,1334.3702,1.2,843.0,2.69,8.5,4,0.2,-0.1,9.0,5.7,1.0,26,"00052368076-02(1:1,ntoi=2);00052368076-02(1:1,ntoi=3);00052368076-02(1:1,ntoi=3);00052368076-02(1:1,ntoi=4);00052368076-02(1:1,ntoi=4);00052368076-02(1:1,ntoi=2);00052368076-01(1:2,ntoi=1)",True,125.02(1:1),4,4,"TOI125.01:P=4.652,d=1.06mmag,CP;TOI125.02:P=9.155,d=1.2mmag,CP;TOI125.03:P=19.98,d=0.987mmag,CP;TOI125.04:P=0,d=0.802mmag,PC",False,125.02,"TOI-125 b(P=4.654,Transit,1:2);TOI-125 c(P=9.151,Transit,1:1)",False,490.1,True,4,4,992.0,1.08,10.9,0.6,8.5,4,1.0,3.529529620178718,0.33998864696855496,True,True,True,8.5
63303499,10.194,5952.0,1.25,2,52.12,1.92539,2203.3184,4.8,230.0,2.07,8.8,24,0.2,0.0,6.6,4.1,0.5,3,"00063303499-01(1:1,ntoi=1);00063303499-01(1:1,ntoi=1);00063303499-01(1:1,ntoi=1)",True,644.01(1:1),2,1,"TOI644.01:P=1.927,d=0.636mmag,FP",True,644.01,,False,642.1,True,24,24,204.0,1.97,8.9,0.6,8.4,8,1.0,2.714279333460323,1.7684252098993356,True,True,True,8.4
9151337,10.4309,4571.0,0.72,2,1119.87,6.55855,1847.8953,2.25,883.0,2.33,11.1,5,0.5,1.4,11.4,3.8,1.0,1,,False,,1,1,"TOI5572.01:P=5.859,d=1.24mmag,PC",False,,,False,661.0,False,4,4,975.0,1.35,10.1,3.3,8.3,4,1.0,2.827261002990129,0.7958232358527868,False,True,True,8.3
122220263,9.03609,6277.0,1.65,4,1112.57,18.69167,1697.8827,6.3,182.0,2.43,9.0,5,0.2,0.0,8.5,5.5,1.0,8,"00122220263-01(1:1,ntoi=2);00122220263-02(1:1,ntoi=2);00122220263-01(1:1,ntoi=2);00122220263-02(1:2,ntoi=2);00122220263-01(1:1,ntoi=1);00122220263-01(1:1,ntoi=1)",True,1134.01(1:1),1,1,"TOI1134.01:P=18.69,d=12.1mmag,FP",True,1134.01,,False,303.3,True,5,5,219.0,1.22,9.6,0.6,8.3,5,1.0,6.967553174669551,0.9041911618132413,True,True,True,8.3
146282666,9.1259,5857.0,1.22058999538422,6,2904.61,28.89663,1398.3031,6.3,215.0,1.95,9.2,4,0.7,0.5,9.4,6.9,1.0,5,,False,,1,1,"TOI4298.01:P=722.3,d=0.522mmag,PC",False,,,False,300.1,False,4,4,229.0,1.34,9.9,0.6,8.3,4,1.0,6.589774655737211,0.9560266214133852,False,True,True,8.3
188876052,9.7758,6401.79,1.43110001087189,2,758.67,9.71394,2832.1656,3.15,277.0,2.6,7.1,6,1.9,1.6,7.3,2.6,2.0,3,,False,,1,1,"TOI5960.01:P=3.076,d=10.4mmag,KP",True,,,False,422.1,False,6,6,373.0,1.68,9.7,3.8,8.1,5,1.0,5.094717289137642,0.6182874968776109,False,True,True,8.1
154840461,8.40534,6528.3,1.69,13,1979.27,46.71686,1727.5399,3.6,164.0,2.36,8.9,6,1.3,-2.2,11.1,3.8,2.0,22,,False,,1,1,"TOI1153.01:P=6.036,d=1.07mmag,APC",False,,,False,226.8,False,6,6,258.0,1.26,9.7,3.0,8.1,5,1.0,9.607800544721755,0.3746955386139583,False,True,True,8.1
302659412,9.4845,5844.8,1.79,5,814.6,14.51922,2289.7578,3.0,198.0,2.75,7.4,9,1.3,-0.3,6.7,5.7,1.0,4,"00302659412-01(1:1,ntoi=1);00302659412-01(1:1,ntoi=2);00302659412-02(1:1,ntoi=2);00302659412-01(1:1,ntoi=1)",True,1957.01(1:1),1,1,"TOI1957.01:P=14.52,d=0.466mmag,FP",True,1957.01,,False,337.3,True,9,9,273.0,1.39,9.1,1.5,8.0,8,1.0,6.762252917903338,0.44363912980204845,True,True,True,8.0
283621618,8.2942,6602.0,1.51,2,733.73,6.77704,2827.325,4.2,153.0,2.04,8.7,7,1.4,1.7,7.5,2.6,1.0,3,,False,,1,1,"TOI5806.01:P=3.186,d=5.17mmag,CP",True,,,True,213.2,False,5,6,186.0,1.39,10.1,3.4,7.9,4,0.8333333333333334,4.683166608627697,0.8968290797646257,False,True,True,7.9
9151337,10.4309,4571.0,0.72,2,1119.87,3.02777,1843.4797,4.2,309.0,1.38,9.4,13,1.3,0.6,10.5,3.2,1.0,1,,False,,1,1,"TOI5572.01:P=5.859,d=1.24mmag,PC",False,,,False,661.0,False,13,13,359.0,2.23,8.9,3.8,7.9,8,1.0,2.185097996504185,1.9221105903347784,False,True,True,7.9
269238073,9.68805,6153.0,1.5,6,782.48,7.94995,2857.9364,2.25,229.0,2.48,8.0,16,1.3,-0.4,8.3,4.1,1.0,5,,False,,1,1,"TOI1520.01:P=6.146,d=0.758mmag,FP",True,,,False,450.3,False,15,16,288.0,1.54,8.6,1.3,7.9,9,0.9375,4.917268608047073,0.4575710987839655,False,True,True,7.9
354594208,9.76119,5904.0,1.25,2,1117.22,4.33287,1766.9777,1.2,430.0,2.83,7.4,7,1.0,0.4,7.3,4.6,1.0,2,,False,1492.01(1:5),1,1,"TOI1492.01:P=0.8667,d=0.72mmag,FP",True,1492.01,,False,402.1,True,6,7,504.0,1.43,9.7,1.4,7.8,5,0.8571428571428571,3.556915290238522,0.3373709807746165,True,True,True,7.8
272625214,10.4641,6651.0,1.44,2,56.48,3.98308,2854.7584,6.3,244.0,2.45,7.7,14,2.9,-2.9,8.0,4.0,1.0,3,,False,,1,1,"TOI1613.01:P=5.247,d=1.28mmag,FP",True,,,False,689.5,True,13,14,311.0,1.73,9.0,2.2,7.8,10,0.9285714285714286,3.8006361820162806,1.6576172246662606,True,True,True,7.8
379931600,9.5967,4884.5,1.3,4,1142.31,14.08564,2399.9638,3.0,500.0,3.17,9.5,4,0.2,-0.7,9.0,3.4,2.0,7,,False,,1,1,"TOI1158.01:P=2.926,d=7.32mmag,FP",True,,,False,513.0,False,4,4,576.0,1.2,10.5,0.7,7.8,4,1.0,5.408739399857393,0.554657893127389,False,True,True,7.8
29191624,8.737001,5859.45,0.98,2,765.34,6.40988,1871.8016,2.25,203.0,1.52,8.1,7,0.4,0.1,6.5,4.2,1.0,2,,False,,1,1,"TOI1777.01:P=14.65,d=0.358mmag,CP",False,,,False,253.3,False,7,7,245.0,1.47,9.0,1.6,7.7,6,1.0,3.445950046731912,0.652940399450615,False,True,True,7.7
39903405,8.27468,6412.8,1.7,6,1523.67,21.86644,1971.855,3.0,161.0,2.35,8.7,6,1.4,0.1,8.6,3.4,2.0,10,,False,,1,1,"TOI2020.01:P=5.633,d=6.15mmag,KP",True,,,False,216.4,False,6,6,193.0,1.43,9.4,1.7,7.7,5,1.0,7.489168510088405,0.40057851495246793,False,True,True,7.7
198512478,8.1319,5464.0,0.9,8,1711.22,25.32377,1689.4666,2.1,164.0,1.26,8.5,7,0.4,0.0,7.1,4.2,1.0,2,,False,,1,1,"TOI5392.01:P=17.53,d=0.332mmag,PC",False,,,False,209.0,False,7,7,186.0,1.32,8.8,1.4,7.7,6,1.0,5.146904228264981,0.40801225491384535,False,True,True,7.7
345996087,10.2835,7274.6,1.72,2,216.47,0.95656,3367.9602,0.5,861.0,5.5,16.0,40,1.3,1.7,13.2,5.1,1.0,3,,False,,1,1,"TOI1329.01:P=2.022,d=1.15mmag,FP",True,,,False,1175.2,False,40,40,857.0,2.29,7.9,0.9,7.5,9,1.0,2.6594877692202354,0.18800612876915035,False,True,True,7.5
34077285,9.2563,4935.0,0.82,3,2088.82,2.57315,2202.3162,1.05,538.0,2.08,9.3,8,0.3,0.4,9.1,6.6,1.0,10,"00034077285-02(1:1,ntoi=3);00034077285-02(1:1,ntoi=3);00034077285-02(1:1,ntoi=2);00034077285-02(1:1,ntoi=2)",True,880.01(5:2);880.02(1:1),3,3,"TOI880.01:P=6.387,d=3.82mmag,PC;TOI880.02:P=2.574,d=0.803mmag,CP;TOI880.03:P=14.33,d=1.08mmag,PC",True,880.01;880.02,"TOI-880 c(P=6.387,Transit,5:2);TOI-880.02(P=2.576,Transit,1:1)",False,364.1,True,8,8,602.0,1.4,10.7,1.9,7.5,6,1.0,2.257213107676923,0.46517539545950903,True,True,True,7.5
270619211,9.7548,6718.0,1.557289958000183,5,1849.61,6.52729,1686.1506,4.2,151.0,2.09,7.9,19,2.4,-1.4,7.8,4.2,0.5,1,,False,,1,1,"TOI7910.01:P=77.48,d=1.48mmag,PC",False,,,False,441.4,False,15,19,198.0,2.32,8.6,2.8,7.4,12,0.7894736842105263,4.720980995966562,0.8896456061967483,False,True,True,7.4
172033454,9.4526,6061.0,1.38,3,77.11,8.20738,3242.0101,3.15,213.0,2.2,7.4,8,1.0,-1.5,7.6,7.1,1.0,0,,False,6065.01(1:1),1,1,"TOI6065.01:P=8.207,d=0.453mmag,FP",True,6065.01,,False,343.0,True,8,8,258.0,1.26,8.5,1.8,7.3,6,1.0,4.701060772270199,0.6700615355965345,True,True,True,7.3
162130054,9.948,6527.0,1.75,2,758.91,5.00937,2826.0158,1.8,336.0,3.5,7.7,10,0.5,0.0,5.9,4.3,2.0,3,"00162130054-01(1:1,ntoi=1);00162130054-01(1:1,ntoi=1);00162130054-01(1:1,ntoi=1)",True,1371.01(1:1),1,1,"TOI1371.01:P=5.01,d=10.2mmag,APC",True,1371.01,,False,456.4,True,10,10,303.0,2.04,8.7,1.3,7.2,7,1.0,4.6719124608756095,0.3852811916049138,True,True,True,7.2
345996087,10.2835,7274.6,1.72,2,216.47,2.09621,3368.7779,0.5,1133.0,6.32,15.1,20,0.7,1.5,12.7,4.7,1.0,3,,False,,1,1,"TOI1329.01:P=2.022,d=1.15mmag,FP",True,,,False,1175.2,False,20,20,1284.0,1.6,7.7,0.4,7.2,8,1.0,3.4543965250807895,0.1447430821475558,False,True,True,7.2
191284318,10.374,6140.0,1.24,3,1845.45,5.56675,1766.9335,3.0,314.0,2.4,7.1,12,0.4,0.1,6.5,3.7,1.0,5,"00191284318-01(1:2,ntoi=1);00191284318-01(1:2,ntoi=1);00191284318-01(1:2,ntoi=1);00191284318-01(1:2,ntoi=1);00191284318-01(1:2,ntoi=1)",True,1458.01(1:2),1,1,"TOI1458.01:P=2.776,d=14.9mmag,KP",True,1458.01,"HAT-P-16 b(P=2.776,Transit,1:2)",False,594.3,True,11,12,395.0,1.48,8.3,1.9,7.1,8,0.9166666666666666,3.8461243675740975,0.7800059783017933,True,True,True,7.1
290403522,10.2912,6477.7,1.47,8,2168.04,40.89022,2056.2827,4.5,445.0,3.38,8.2,4,1.6,-0.9,9.1,3.8,2.0,5,,False,,1,2,"TOI6798.01:P=22.38,d=7.44mmag,PC",True,,,False,551.6,False,4,4,549.0,1.42,10.3,3.3,7.1,4,1.0,8.374515028070403,0.5373445488982372,False,True,True,7.1
67535663,10.2696,6758.0,1.45,2,53.05,5.30389,4050.1793,1.58,597.0,3.87,7.6,7,1.3,1.3,7.6,3.5,1.0,0,,False,4299.01(5:4),1,1,"TOI4299.01:P=6.602,d=0.652mmag,PC",False,4299.01,,False,630.8,True,7,7,575.0,1.4,8.4,0.9,7.0,5,1.0,4.200669030937709,0.37613056119474836,True,True,True,7.0
236817690,9.09554,6461.0,1.53,26,1951.25,84.95063,1730.9558,4.5,159.0,2.1,7.1,6,0.6,0.3,7.7,4.5,2.0,4,,False,,1,1,"TOI7624.01:P=16.78,d=0.218mmag,PC",False,,,False,295.7,True,6,6,224.0,1.25,8.9,2.8,7.0,4,1.0,10.974669469899016,0.41003512792275526,True,True,True,7.0
179739873,10.1115,5996.0,1.39,2,1816.83,5.6418,2335.2425,2.25,397.0,3.02,7.9,8,1.2,-1.0,7.3,3.4,1.0,1,,False,,1,1,"TOI6556.01:P=12.96,d=2.64mmag,PC",False,,,False,551.3,False,8,8,416.0,1.93,8.5,2.2,6.9,6,1.0,4.16892475259341,0.5397075105757946,False,True,True,6.9
437329044,10.1919,6617.0,1.41,3,1490.21,4.50682,2310.0624,4.5,203.0,2.19,7.0,12,1.3,-1.0,7.1,3.1,1.0,2,,False,,1,1,"TOI1982.01:P=17.17,d=3.93mmag,PC",True,,,True,516.9,False,10,12,214.0,2.96,8.3,3.8,6.9,8,0.8333333333333334,3.905210425975977,1.1523066644674789,False,True,True,6.9
142387023,8.9754,5182.0,0.82,7,1524.13,17.72814,1871.1618,2.1,192.0,1.24,7.8,10,0.2,1.7,9.5,3.7,2.0,5,,False,,1,2,"TOI1824.01:P=22.81,d=1.06mmag,CP",False,,,False,289.6,False,10,10,185.0,2.55,7.9,3.4,6.9,6,1.0,4.295086551525141,0.488930775854636,False,True,True,6.9
133505138,9.5115,6529.0,1.32,3,2529.6,9.85821,1548.8233,4.8,229.0,2.18,7.1,6,0.3,1.0,7.2,3.9,2.0,0,,False,,1,1,"TOI4359.01:P=2.436,d=0.38mmag,FP",True,,,False,433.0,True,6,6,341.0,1.47,8.2,2.7,6.8,5,1.0,4.851286648467574,0.9894282378709214,True,True,True,6.8
42883782,9.6069,5664.0,0.86,3,1849.61,3.17045,1685.4719,1.8,215.0,1.38,7.2,16,1.4,-1.4,7.1,5.0,1.0,1,,False,5788.02(2:1),2,2,"TOI5788.01:P=16.21,d=0.576mmag,CP;TOI5788.02:P=6.335,d=0.358mmag,CP",False,5788.02,"TOI-5788 b(P=6.341,Transit,2:1)",False,390.7,True,15,16,206.0,2.63,7.6,1.4,6.8,6,0.9375,2.4979336453867362,0.7205956024189424,True,True,True,6.8
11111899,9.6996,7812.5,1.79,5,1139.0,26.13393,2428.729,4.2,617.0,4.85,10.7,4,1.3,-1.2,9.8,4.4,1.0,8,,False,,1,1,"TOI1313.01:P=0.6193,d=2.01mmag,FP",True,,,False,526.8,False,4,4,655.0,1.32,10.7,2.1,6.8,3,1.0,8.225807763160114,0.5105881538844136,False,True,True,6.8
426032475,9.0529,6289.7,1.86,7,2607.82,12.82971,1335.0856,1.5,224.0,3.04,7.6,11,1.2,-0.9,7.1,4.3,2.0,1,,False,,2,2,"TOI6729.01:P=7.837,d=0.161mmag,CP;TOI6729.02:P=3.864,d=0.118mmag,CP",False,,"TOI-6729 c(P=7.837,Transit,3:5)",False,291.1,True,11,11,258.0,1.84,7.3,1.1,6.7,8,1.0,6.657163194530231,0.2253212000619806,True,True,True,6.7
261646133,10.4225,5703.4,1.61,7,2249.75,36.30586,1686.6778,0.75,924.0,5.34,7.1,4,0.3,1.3,6.0,4.6,1.0,2,,False,,1,2,"TOI6724.01:P=42.86,d=0.986mmag,PC",False,,,False,559.3,True,4,4,1012.0,1.25,9.3,3.6,6.7,3,1.0,8.552330079808169,0.08769539914867537,True,True,True,6.7
229951289,10.2572,6011.0,0.98,25,1952.48,57.62217,1711.0242,3.6,330.0,1.94,7.8,9,1.0,-1.7,9.3,5.5,1.0,1,,False,,1,1,"TOI1609.01:P=13.31,d=0.815mmag,FA",True,,,False,615.5,False,8,9,332.0,2.45,8.0,3.9,6.7,6,0.8888888888888888,7.165099311384563,0.5024354644017274,False,True,True,6.7
219778329,8.1529,5809.0,1.15024995803833,38,1979.26,54.76998,1708.5561,0.6,162.0,1.6,7.0,15,0.1,1.1,8.0,5.5,1.0,9,,False,,1,1,"TOI2091.01:P=177.2,d=0.32mmag,PC",False,,,False,207.0,False,14,15,200.0,1.49,8.2,1.9,6.7,8,0.9333333333333333,7.838819040711273,0.0765421419838718,False,True,True,6.7
230267547,10.4288,6446.3,1.84,2,50.13,1.11197,2719.3088,3.0,286.0,3.4,7.3,15,0.0,1.3,7.5,5.5,1.0,3,"00230267547-01(2:1,ntoi=1);00230267547-01(2:1,ntoi=1);00230267547-01(2:1,ntoi=1)",True,2150.01(2:1),1,1,"TOI2150.01:P=2.226,d=1.38mmag,FP",True,2150.01,,False,611.3,True,14,15,297.0,2.0,7.7,1.3,6.6,7,0.9333333333333333,2.9249460915969774,1.0256599287824975,True,True,True,6.6
142381532,9.7722,4760.0,0.82,9,1711.22,27.96705,1696.3599,2.4,319.0,1.6,7.5,7,0.6,2.0,7.6,3.7,2.0,9,"00142381532-01(1:2,ntoi=1)",True,,1,1,"TOI1823.01:P=38.81,d=10.5mmag,CP",True,,,False,464.9,False,7,7,410.0,2.14,8.1,3.6,6.6,5,1.0,4.999958679067619,0.48000396684229124,False,True,True,6.6
144645881,9.326,6606.0,1.75209999084473,4,1842.97,24.89139,2335.5249,2.25,399.0,3.82,8.9,4,2.7,2.4,8.9,4.4,2.0,4,,False,,1,1,"TOI4333.01:P=8.902,d=1.55mmag,PC",False,,,False,349.4,False,4,4,391.0,1.56,9.1,2.2,6.5,4,1.0,7.978671821748326,0.2820018231439138,False,True,True,6.5
267414551,9.7472,6105.1,1.48,5,1792.43,13.58806,2320.3242,2.25,567.0,3.85,7.2,5,0.0,0.9,7.8,3.4,2.0,0,,False,,1,1,"TOI1972.01:P=4.763,d=0.923mmag,PC",False,,,True,602.8,False,5,5,757.0,1.27,8.6,0.8,6.5,4,1.0,5.826869025277399,0.386142195789768,False,True,True,6.5
424388628,9.4287,4193.0,0.725063979625702,35,1979.26,14.73088,1696.4382,0.75,189.0,1.09,7.0,43,1.2,-1.3,7.1,5.8,1.0,6,,False,,1,1,"TOI6075.01:P=832.9,d=0.645mmag,PC",False,,,False,377.6,False,33,43,215.0,2.91,7.3,1.3,6.5,6,0.7674418604651163,3.7199355154974847,0.20161639815406826,False,True,True,6.5
424865156,10.0274,6532.23,1.99,10,1875.68,41.89037,1712.3129,2.4,385.0,4.26,7.3,6,2.4,0.0,7.8,4.0,2.0,16,,False,,1,1,"TOI1265.01:P=2.205,d=7.49mmag,KP",True,,,False,490.1,False,6,6,368.0,2.65,7.8,2.9,6.4,5,1.0,10.331143891276675,0.23230728612990204,False,True,True,6.4
305943739,7.948,5821.4,1.42,2,1142.31,11.472,2401.4933,1.0,276.0,2.57,8.3,4,1.7,0.9,7.6,3.5,1.0,2,,False,,1,1,"TOI4498.01:P=5.308,d=0.221mmag,FP",True,,,False,177.7,False,4,4,219.0,1.89,7.4,1.2,6.3,4,1.0,5.357311548912416,0.1866607888807604,False,True,True,6.3
459942762,8.2482,5997.7,1.0,2,761.81,9.58825,1438.3595,0.75,292.0,1.87,7.6,5,1.3,0.8,6.9,4.5,1.0,3,,False,,1,1,"TOI430.01:P=0.5864,d=0.481mmag,FP",True,,,False,202.4,False,5,5,293.0,1.11,9.0,0.3,6.3,4,1.0,3.994429346248407,0.1877614885601631,False,True,True,6.3
33091633,10.2763,6184.6,0.52,2,1486.99,8.80176,2204.6977,1.05,1092.0,1.87,10.7,5,1.1,-1.1,9.1,3.9,1.0,3,,False,,1,1,"TOI984.01:P=7.521,d=56.4mmag,FP",True,,,False,674.8,False,5,5,932.0,1.36,7.7,0.9,6.3,5,1.0,2.5103466531164806,0.4182689266028152,False,True,True,6.3
142937186,9.0138,4072.0,0.68,4,2146.05,22.19137,2158.913,1.8,373.0,1.43,8.5,4,0.3,-0.3,7.1,3.4,2.0,4,,False,,1,1,"TOI2427.01:P=1.306,d=0.608mmag,CP",False,,,False,308.0,False,4,4,442.0,1.22,8.0,1.5,6.3,4,1.0,4.085785918731282,0.44055171656153147,False,True,True,6.3
270619211,9.7548,6718.0,1.557289958000183,5,1849.61,20.05178,1700.3256,4.2,258.0,2.73,7.7,6,0.9,-0.7,7.5,3.9,1.0,1,,False,,1,1,"TOI7910.01:P=77.48,d=1.48mmag,PC",False,,,False,441.4,False,6,6,321.0,1.39,7.8,3.0,6.3,5,1.0,6.862867167891692,0.6119891143529537,False,True,True,6.3
144441148,8.70842,5961.28,1.99038,2,1493.07,5.68135,1930.4218,1.12,311.0,3.83,7.4,5,0.6,0.1,6.8,3.2,1.0,3,,False,,1,1,"TOI1837.01:P=5.818,d=1.16mmag,FP",True,,,False,301.0,False,5,5,340.0,1.31,7.5,0.5,6.2,4,1.0,5.308634294856024,0.21097704942404133,False,True,True,6.2
99224131,9.93225,6955.0,1.96,4,1139.04,16.08833,2435.7194,3.6,442.0,4.49,7.5,4,1.6,-1.1,7.5,3.8,1.0,6,,False,4486.01(1:6),1,1,"TOI4486.01:P=2.692,d=7.92mmag,KP",True,4486.01,"HAT-P-49 b(P=2.692,Transit,1:6)",False,556.5,True,4,4,509.0,1.61,8.1,2.4,6.2,4,1.0,7.433887712473127,0.4842688158928811,True,True,True,6.2
426032475,9.0529,6289.7,1.86,7,2607.82,37.60579,1332.2293,3.6,183.0,2.75,7.0,6,0.1,-1.0,6.6,3.7,1.0,1,,False,,2,2,"TOI6729.01:P=7.837,d=0.161mmag,CP;TOI6729.02:P=3.864,d=0.118mmag,CP",False,,,False,291.1,False,6,6,213.0,1.36,8.1,1.7,6.2,5,1.0,9.527270493667734,0.3778626840072114,False,True,True,6.2
179739873,10.1115,5996.0,1.39,2,1816.83,10.11415,2335.8019,3.0,401.0,3.04,7.2,5,2.2,0.9,7.0,3.0,1.0,1,,False,,1,1,"TOI6556.01:P=12.96,d=2.64mmag,PC",False,,,False,551.3,False,5,5,495.0,1.73,7.5,2.4,6.1,4,1.0,5.064399504282619,0.5923703288935053,False,True,True,6.1
313675203,9.462,5603.0,0.91,5,2523.74,52.43007,1603.18,3.0,367.0,1.9,7.0,4,1.2,1.0,6.5,4.7,2.0,5,,False,,1,1,"TOI4367.01:P=2.503,d=0.877mmag,FP",True,,,False,411.9,False,4,4,515.0,1.16,8.1,2.1,6.1,4,1.0,6.608395621088027,0.45396797831333086,False,True,True,6.1
368628986,9.57157,6317.08,1.37829995155334,4,811.51,19.71657,2450.0249,3.0,267.0,2.46,7.6,6,1.2,0.7,7.3,4.5,1.0,4,,False,,1,1,"TOI6983.01:P=31.16,d=0.366mmag,PC",False,,,False,370.1,False,6,6,269.0,2.18,7.8,3.8,6.0,5,1.0,6.2909259950229535,0.47687733131393384,False,True,True,6.0
301160638,10.1862,5992.0,1.08,7,2548.25,16.0104,1642.5381,3.15,12944.0,13.41,254.4,8,2.8,-2.0,230.5,8.9,1.0,13,"00301160638-02(1:1,ntoi=2);00301160638-01(1:1,ntoi=2);00301160638-01(1:1,ntoi=2);00301160638-02(1:1,ntoi=2);00301160638-01(1:1,ntoi=1);00301160638-01(1:1,ntoi=1);00301160638-01(1:1,ntoi=2);00301160638-01(1:1,ntoi=1);00301160638-01(1:1,ntoi=2);00301160638-02(1:1,ntoi=2);00301160638-01(1:1,ntoi=1);00301160638-01(1:1,ntoi=1)",True,3487.01(1:1),1,1,"TOI3487.01:P=16.01,d=15.7mmag,APC",True,3487.01,,False,1332.3,True,8,8,13162.0,1.08,268.7,41.3,235.2,8,1.0,4.988364636931001,0.6314694753224734,True,True,False,235.2
323295479,9.9486,5490.0,1.0611300468444824,10,2279.59,61.87635,1622.9276,4.8,7056.0,9.72,150.8,3,0.0,-0.0,90.0,4.1,2.0,8,"00323295479-01(3:2,ntoi=1);00323295479-01(1:1,ntoi=1)",True,,1,2,"TOI1861.01:P=742.5,d=9.76mmag,PC",True,,,False,583.7,False,3,3,7050.0,1.03,148.6,3.8,117.5,3,1.0,7.736815931469646,0.6204102621177671,False,True,False,117.5
120602501,8.48216,5705.0,1.73363995552063,3,1845.51,14.86282,1750.4541,3.15,2844.0,10.09,118.3,4,2.1,0.6,75.4,4.7,2.0,8,"00120602501-01(1:1,ntoi=2);00120602501-02(1:1,ntoi=2);00120602501-02(1:1,ntoi=2);00120602501-01(1:1,ntoi=2);00120602501-01(1:1,ntoi=1);00120602501-01(1:1,ntoi=2);00120602501-02(1:1,ntoi=2)",True,1366.01(1:1),1,1,"TOI1366.01:P=14.86,d=9.01mmag,FP",True,1366.01,,False,348.5,True,4,4,2832.0,1.12,106.5,27.1,83.1,4,1.0,6.671364022531155,0.4721673093180832,True,True,False,83.1
451599528,7.5622,6058.6,1.3920300006866455,8,2252.48,41.07937,1652.1632,4.8,1891.0,6.6,137.9,3,0.0,-1.0,116.8,4.0,2.0,11,,False,,1,1,"TOI1104.01:P=341.3,d=9.36mmag,FP",True,,,False,208.5,False,2,3,2818.0,1.02,101.6,3435.5,55.0,2,0.6666666666666666,8.088139174746601,0.5934615980628675,False,True,False,55.0
241173474,10.388,6259.0,1.24,2,381.99,11.47064,2587.2074,4.2,3853.0,8.4,60.8,3,0.3,-0.0,50.9,5.5,1.0,2,"00241173474-01(1:1,ntoi=1);00241173474-01(1:1,ntoi=1)",True,1708.01(1:1),1,1,"TOI1708.01:P=11.44,d=6mmag,APC",True,1708.01,,False,737.5,True,3,3,3842.0,1.02,58.9,0.2,47.3,3,1.0,4.894240435195161,0.8581515468257789,True,True,False,47.3
178155732,5.9053,6308.31,1.284500002861023,7,2879.65,3.58487,1412.8387,2.4,161.0,1.78,50.2,24,0.9,-2.5,44.6,10.5,1.0,18,"00178155732-01(1:1,ntoi=3);00178155732-01(1:1,ntoi=2);00178155732-01(2:1,ntoi=3);00178155732-01(2:1,ntoi=1);00178155732-01(1:1,ntoi=3);00178155732-01(1:1,ntoi=2);00178155732-01(1:1,ntoi=2);00178155732-01(1:1,ntoi=2)",True,396.01(5:3);396.02(1:1),3,3,"TOI396.01:P=5.974,d=0.253mmag,CP;TOI396.02:P=3.585,d=0.195mmag,CP;TOI396.03:P=11.23,d=0.23mmag,CP",False,396.01;396.02,"HR 858 b(P=3.585,Transit,1:1);HR 858 c(P=5.974,Transit,5:3)",False,93.3,True,23,23,179.0,1.46,41.5,4.0,39.1,23,1.0,3.4003386415605865,0.7058120537366593,True,True,False,39.1
451599528,7.5622,6058.6,1.3920300006866455,8,2252.48,27.38685,1652.1382,4.8,950.0,4.68,97.6,6,0.6,0.0,116.8,4.0,2.0,11,,False,,1,1,"TOI1104.01:P=341.3,d=9.36mmag,FP",True,,,True,208.5,False,5,6,31.0,90.41,71.5,2424.0,36.8,2,0.8333333333333334,7.065692265329951,0.6793389550168657,False,True,False,36.8
254113311,10.1429,4236.0,0.7409605038166045,4,2168.05,4.07891,2037.902,1.8,1539.0,3.17,39.0,18,1.9,-0.3,28.4,6.4,1.0,13,"00254113311-02(1:1,ntoi=2);00254113311-02(1:1,ntoi=3);00254113311-03(1:1,ntoi=3);00254113311-02(1:1,ntoi=2);00254113311-02(1:1,ntoi=2);00254113311-02(1:1,ntoi=2);00254113311-02(1:1,ntoi=2)",True,1130.02(1:1),2,2,"TOI1130.01:P=8.35,d=18.3mmag,CP;TOI1130.02:P=4.069,d=2.88mmag,CP",True,1130.02,"TOI-1130 b(P=4.075,Transit,1:1)",False,654.8,True,15,17,1809.0,1.28,40.7,23.6,36.4,13,0.8823529411764706,2.4599127732374653,0.7317332628957567,True,True,False,36.4
176831592,9.1013,6497.8,1.65,2,758.83,3.79444,1412.8228,1.8,2109.0,8.27,57.9,7,0.0,2.2,49.6,4.5,1.0,3,"00176831592-01(1:3,ntoi=1);00176831592-01(1:3,ntoi=1);00176831592-01(1:3,ntoi=1)",True,463.01(2:3),1,1,"TOI463.01:P=2.534,d=4.43mmag,FP",True,463.01,,False,706.8,True,7,7,2168.0,1.28,35.5,5.3,31.4,7,1.0,4.094933186347465,0.4395676115061443,True,True,False,31.4
22529346,10.056,6459.0,1.52,6,2226.08,0.63746,1492.0039,2.4,296.0,2.85,23.2,110,0.0,3.6,13.2,8.4,0.5,12,"00022529346-02(2:1,ntoi=2);00022529346-01(2:1,ntoi=2);00022529346-01(2:1,ntoi=2);00022529346-02(2:1,ntoi=2);00022529346-02(2:1,ntoi=2);00022529346-01(2:1,ntoi=2);00022529346-01(2:1,ntoi=1);00022529346-01(2:1,ntoi=1);00022529346-01(2:1,ntoi=1);00022529346-01(2:1,ntoi=1);00022529346-01(2:1,ntoi=1);00022529346-01(2:1,ntoi=1)",True,495.01(2:1),1,1,"TOI495.01:P=1.275,d=20.5mmag,KP",True,495.01,"WASP-121 b(P=1.275,Transit,2:1)",False,536.6,True,107,110,360.0,3.91,28.7,3.4,28.2,72,0.9727272727272728,2.139217776245979,1.1219054117115914,True,True,False,28.2
320525204,8.88797,5941.5,1.34,28,1271.96,4.58102,2390.852,1.58,191.0,2.02,26.6,133,1.9,-0.7,19.0,13.6,1.0,49,"00320525204-01(3:1,ntoi=2);00320525204-02(3:1,ntoi=2);00320525204-01(3:1,ntoi=2);00320525204-02(3:1,ntoi=2);00320525204-02(3:1,ntoi=2);00320525204-01(3:1,ntoi=2);00320525204-01(3:1,ntoi=2);00320525204-02(3:1,ntoi=2);00320525204-01(3:1,ntoi=2);00320525204-02(3:1,ntoi=2);00320525204-01(3:1,ntoi=2);00320525204-02(3:1,ntoi=2);00320525204-01(3:1,ntoi=2);00320525204-02(3:1,ntoi=2);00320525204-01(3:1,ntoi=2);00320525204-02(3:1,ntoi=2);00320525204-01(3:1,ntoi=1);00320525204-01(3:1,ntoi=2);00320525204-02(3:1,ntoi=2);00320525204-01(3:1,ntoi=2);00320525204-02(3:1,ntoi=2);00320525204-01(3:1,ntoi=1);00320525204-01(3:1,ntoi=2);00320525204-02(3:1,ntoi=2);00320525204-01(3:1,ntoi=1);00320525204-01(3:1,ntoi=2);00320525204-02(3:1,ntoi=2);00320525204-01(3:1,ntoi=2);00320525204-02(3:1,ntoi=2);00320525204-01(3:1,ntoi=2);00320525204-02(3:1,ntoi=2);00320525204-01(3:1,ntoi=2);00320525204-02(3:1,ntoi=2);00320525204-01(3:1,ntoi=1);00320525204-01(3:1,ntoi=1);00320525204-01(3:1,ntoi=2);00320525204-02(3:1,ntoi=2);00320525204-01(3:1,ntoi=2);00320525204-02(3:1,ntoi=2);00320525204-01(3:1,ntoi=2);00320525204-02(3:1,ntoi=2);00320525204-01(3:1,ntoi=1);00320525204-01(3:1,ntoi=2);00320525204-02(3:1,ntoi=2);00320525204-01(3:1,ntoi=2);00320525204-02(3:1,ntoi=2);00320525204-01(3:1,ntoi=1);00320525204-01(3:1,ntoi=1);00320525204-01(3:1,ntoi=1)",True,1140.01(3:1);1344.01(3:1),2,2,"TOI1140.01:P=13.74,d=6.19mmag,FP",True,1140.01,,True,267.8,True,94,133,102.0,7.03,28.9,11.6,28.0,58,0.706766917293233,3.795469934494504,0.4162857372786516,True,True,False,28.0
142090065,9.01249,7072.0,1.505810022354126,11,1846.53,23.07923,1817.1131,6.3,828.0,4.73,61.7,13,2.4,-2.8,51.5,3.2,2.0,21,,False,,1,1,"TOI1715.01:P=2.827,d=1.05mmag,FP",True,,,False,707.3,False,12,13,859.0,2.38,31.8,46.1,26.3,11,0.9230769230769231,7.03280951602767,0.8958013132080987,False,True,False,26.3
317507345,9.68708,7170.0,1.51,7,1688.66,1.9701,1792.7914,1.58,782.0,4.61,39.0,40,0.0,-0.2,27.2,5.1,0.5,14,"00317507345-01(2:1,ntoi=1);00317507345-01(2:1,ntoi=2);00317507345-02(1:1,ntoi=2);00317507345-02(1:1,ntoi=2);00317507345-01(2:1,ntoi=2);00317507345-02(2:1,ntoi=2);00317507345-01(2:1,ntoi=2);00317507345-01(2:1,ntoi=1);00317507345-01(2:1,ntoi=1);00317507345-01(2:1,ntoi=1);00317507345-01(2:1,ntoi=1);00317507345-01(2:1,ntoi=1);00317507345-01(2:1,ntoi=1);00317507345-01(2:1,ntoi=1)",True,1615.01(2:1),1,1,"TOI1615.01:P=3.94,d=14.6mmag,FP",True,1615.01,,False,727.4,True,38,40,751.0,2.74,26.8,5.3,24.9,30,0.95,3.1023373100239775,0.5092934268929604,True,True,False,24.9
155114483,9.25068,8728.0,1.7,3,1819.48,0.79761,1765.453,4.5,173.0,2.44,21.6,85,1.0,1.9,20.9,7.9,1.0,6,,False,,1,1,"TOI1370.01:P=5.265,d=3.75mmag,FP",True,,,False,365.0,False,76,84,191.0,2.85,24.4,4.7,23.5,54,0.9047619047619048,2.4837303165708557,1.8117909057908075,False,True,False,23.5
210904767,8.9498,6920.0,1.42,3,2170.74,0.82154,1628.6603,4.5,151.0,1.9,21.7,78,0.1,3.1,16.8,4.9,1.0,2,,False,,1,1,"TOI7038.01:P=8.6,d=0.694mmag,PC",False,,,False,362.2,False,62,77,172.0,3.36,22.9,8.2,21.8,45,0.8051948051948052,2.224727184025,2.022719923733998,False,True,False,21.8
190990336,8.9544,6118.1,1.66,3,2202.75,2.7736,1545.1518,4.2,347.0,3.38,22.6,14,0.0,-2.2,15.4,6.5,0.5,9,"00190990336-01(2:1,ntoi=2);00190990336-02(1:1,ntoi=2);00190990336-02(1:1,ntoi=2);00190990336-01(2:1,ntoi=2);00190990336-01(2:1,ntoi=1);00190990336-01(2:1,ntoi=2);00190990336-02(2:1,ntoi=2);00190990336-01(2:1,ntoi=2);00190990336-02(2:1,ntoi=2)",True,585.01(2:1),1,1,"TOI585.01:P=5.547,d=12.6mmag,APC",True,585.01,,False,318.8,True,13,14,420.0,1.4,23.0,7.0,21.4,13,0.9285714285714286,3.7036359892085002,1.1340207332032048,True,True,False,21.4
1400770435,8.88797,5941.5,1.4,12,351.57,13.74395,1694.5162,1.8,536.0,3.54,20.6,11,0.9,-0.1,20.7,18.8,1.0,22,"01400770435-01(1:1,ntoi=1);01400770435-01(1:1,ntoi=1);01400770435-01(1:1,ntoi=2);01400770435-02(1:1,ntoi=2);01400770435-01(1:1,ntoi=2);01400770435-02(1:1,ntoi=2);01400770435-01(1:1,ntoi=2);01400770435-02(1:1,ntoi=2);01400770435-01(1:1,ntoi=1);01400770435-01(1:1,ntoi=1);01400770435-01(1:1,ntoi=1);01400770435-01(1:1,ntoi=1);01400770435-01(1:1,ntoi=2);01400770435-02(1:1,ntoi=2);01400770435-01(1:1,ntoi=2);01400770435-02(1:1,ntoi=2);01400770435-01(1:1,ntoi=2);01400770435-02(1:1,ntoi=2);01400770435-01(1:1,ntoi=1);01400770435-01(1:1,ntoi=1);01400770435-01(1:1,ntoi=1);01400770435-01(1:2,ntoi=1)",True,1140.01(1:1);1344.01(1:1),2,2,"TOI1344.01:P=13.74,d=5.49mmag,FP",True,1344.01,,True,400.8,True,11,11,589.0,2.47,22.3,5.6,20.8,11,1.0,5.636344199152209,0.31935594002061607,True,True,False,20.8
224225541,9.3258,5862.0,0.955756008625031,5,2906.03,11.30952,1362.7514,6.3,528.0,2.4,31.5,11,0.2,1.4,27.3,2.8,1.0,4,,False,,1,1,"TOI251.01:P=4.938,d=0.918mmag,CP",False,,,False,552.7,False,11,11,465.0,2.51,21.9,15.4,18.4,10,1.0,4.0950044340135054,1.53845987263691,False,True,False,18.4
240148934,10.3135,6582.0,1.48,3,76.25,0.67448,2474.7784,1.2,348.0,3.01,15.5,95,0.2,0.2,15.9,6.5,1.0,4,"00240148934-01(3:1,ntoi=1);00240148934-01(3:1,ntoi=1);00240148934-01(3:1,ntoi=1);00240148934-01(3:1,ntoi=1)",True,1707.01(3:1),1,1,"TOI1707.01:P=2.024,d=1.86mmag,FP",True,1707.01,,False,578.0,True,61,95,130.0,13.18,19.4,10.4,17.9,33,0.6421052631578947,2.1414394367720018,0.5603707391365108,True,True,False,17.9
167754523,9.1536,4913.8,0.73,21,2607.65,5.09946,1326.3095,2.1,156.0,1.0,15.1,66,0.4,2.2,12.4,9.3,1.0,5,"00167754523-01(1:3,ntoi=1);00167754523-01(1:3,ntoi=1);00167754523-01(1:3,ntoi=1);00167754523-01(1:3,ntoi=1);00167754523-01(1:3,ntoi=1)",True,409.01(4:3),1,1,"TOI409.01:P=6.799,d=0.228mmag,FP",True,409.01,,False,311.7,True,62,66,181.0,3.74,18.2,2.6,17.7,36,0.9393939393939394,2.6238052534483005,0.8003642790333252,True,True,False,17.7
447283466,7.9059,4634.0,0.68,6,2230.99,25.69511,1544.093,4.8,727.0,2.0,51.4,5,0.0,-3.8,46.6,3.5,2.0,9,,False,,1,1,"TOI1028.01:P=1.016,d=0.261mmag,FP",True,,,False,271.5,False,5,5,759.0,2.62,27.1,179.0,17.6,4,1.0,4.290399462731879,1.1187769441271644,False,True,False,17.6
308034948,8.6014,5824.0,1.1512,7,2554.19,8.12387,1571.8515,7.2,193.0,1.75,20.2,20,0.2,-3.0,18.6,3.9,1.0,4,,False,,1,1,"TOI1206.01:P=0.8315,d=0.27mmag,FP",True,,,False,329.9,False,17,20,282.0,2.14,18.5,12.3,16.4,15,0.85,4.151736699297429,1.7342140221027043,False,True,False,16.4
453464017,10.248,6190.4,1.48,2,52.2,2.06121,2310.0402,7.2,657.0,4.14,34.9,22,1.5,1.8,34.7,3.4,1.0,4,,False,,1,1,"TOI1993.01:P=3.942,d=14mmag,FP",True,,,False,1086.0,False,18,22,708.0,2.3,18.2,14.3,16.3,16,0.8181818181818182,3.1075885877285203,2.3169090105530383,False,True,False,16.3
1400770435,8.88797,5941.5,1.4,12,351.57,41.23249,1721.999,1.58,606.0,3.76,15.5,6,1.5,0.4,15.5,12.9,1.0,22,"01400770435-01(1:3,ntoi=1);01400770435-01(1:3,ntoi=1);01400770435-01(1:3,ntoi=2);01400770435-02(1:3,ntoi=2);01400770435-01(1:3,ntoi=2);01400770435-02(1:3,ntoi=2);01400770435-01(1:3,ntoi=2);01400770435-02(1:3,ntoi=2);01400770435-01(1:3,ntoi=1);01400770435-01(1:3,ntoi=1);01400770435-01(1:3,ntoi=1);01400770435-01(1:3,ntoi=1);01400770435-01(1:3,ntoi=2);01400770435-02(1:3,ntoi=2);01400770435-01(1:3,ntoi=2);01400770435-02(1:3,ntoi=2);01400770435-01(1:3,ntoi=2);01400770435-02(1:3,ntoi=2);01400770435-01(1:3,ntoi=1);01400770435-01(1:3,ntoi=1);01400770435-01(1:3,ntoi=1)",True,1140.01(1:3);1344.01(1:3),2,2,"TOI1344.01:P=13.74,d=5.49mmag,FP",True,1344.01,,False,400.8,True,6,6,687.0,1.79,17.1,6.4,15.3,6,1.0,8.129057058586941,0.19436448638664722,True,True,False,15.3
438295981,9.52621,6565.2,1.9,4,348.68,1.32393,2202.9766,1.5,226.0,3.12,13.9,64,1.4,-2.9,12.0,6.8,1.0,5,"00438295981-01(3:1,ntoi=1);00438295981-01(3:1,ntoi=1);00438295981-01(3:1,ntoi=1);00438295981-01(3:1,ntoi=1);00438295981-01(3:1,ntoi=1)",True,888.01(3:1),1,1,"TOI888.01:P=3.966,d=0.9mmag,FP",True,888.01,,False,389.0,True,45,63,133.0,6.88,15.5,6.5,14.5,23,0.7142857142857143,3.1671286316737066,0.4736151178069794,True,True,False,14.5
365690646,10.094,6962.64,1.67983,2,731.51,0.81976,1468.4942,4.8,187.0,2.51,13.3,56,0.0,2.9,12.5,6.4,1.0,2,,False,,1,1,"TOI524.01:P=12.98,d=1.28mmag,FA",True,,,False,498.0,False,45,56,193.0,3.19,15.3,4.2,14.4,28,0.8035714285714286,2.48664672789698,1.930310383919907,False,True,False,14.4
287959034,9.50835,6153.0,1.128350019454956,2,1105.69,6.59937,2693.3863,6.3,395.0,2.45,13.9,6,2.9,-0.4,11.4,3.3,1.0,7,,False,,1,2,"TOI5677.01:P=3.848,d=2.8mmag,APC",False,,,False,430.1,False,6,6,524.0,1.32,17.9,7.3,14.2,5,1.0,3.8224194936542735,1.64817074903967,False,True,False,14.2
210904767,8.9498,6920.0,1.42,3,2170.74,2.46742,1629.454,4.2,173.0,2.04,14.9,25,0.6,-1.0,13.1,2.4,1.0,2,,False,,1,1,"TOI7038.01:P=8.6,d=0.694mmag,PC",False,,,False,362.2,False,22,24,218.0,2.39,15.6,5.6,14.1,19,0.9166666666666666,3.209826442885826,1.3084819614807426,False,True,False,14.1
469782185,10.2398,5159.8,1.27,2,754.31,1.20938,3127.3276,0.5,1636.0,5.6,12.7,16,0.4,-1.3,12.1,10.7,1.0,3,"00469782185-01(1:1,ntoi=1);00469782185-01(1:1,ntoi=1);00469782185-01(1:1,ntoi=1)",True,1123.01(1:1),1,1,"TOI1123.01:P=1.209,d=13mmag,APC",True,1123.01,,False,545.9,True,1,1,2047.0,1.0,,,,0,1.0,2.349263342427433,0.21283267438352096,True,True,False,12.7
308050066,9.99028,6655.0,1.91,5,2554.04,2.91631,1546.6571,4.5,168.0,2.7,11.4,39,0.4,2.2,7.7,3.6,2.0,10,"00308050066-02(2:3,ntoi=3);00308050066-03(2:3,ntoi=3)",True,,1,1,"TOI679.01:P=11.18,d=8.58mmag,FP",True,,,False,457.5,False,37,39,183.0,3.14,13.5,2.2,12.7,19,0.9487179487179487,4.135313455607683,1.0881883678969448,False,True,False,12.7
146523262,10.2994,6808.4,1.01507,3,2116.33,1.25338,2174.8179,3.15,205.0,1.58,12.5,65,2.8,2.5,10.8,4.8,1.0,3,"00146523262-01(3:1,ntoi=1);00146523262-01(3:1,ntoi=1);00146523262-01(3:1,ntoi=1)",True,2465.01(3:1),1,1,"TOI2465.01:P=3.759,d=0.969mmag,PC",False,2465.01,,False,569.2,True,49,65,104.0,10.61,13.5,6.0,12.6,18,0.7538461538461538,2.0475438399675094,1.5384285984567658,True,True,False,12.6
287959034,9.50835,6153.0,1.128350019454956,2,1105.69,3.95024,2693.3675,7.2,313.0,2.18,13.7,7,1.3,-3.2,12.3,3.8,1.0,7,,False,,1,2,"TOI5677.01:P=3.848,d=2.8mmag,APC",False,,,False,430.1,False,7,7,326.0,2.1,16.7,8.2,12.4,7,1.0,3.221405149816032,2.2350495095009015,False,True,False,12.4
186000935,9.76577,5992.0,1.18,2,375.93,8.874,2421.0835,3.15,538.0,2.99,12.6,6,2.4,-1.7,11.1,7.3,1.0,6,"00186000935-02(1:2,ntoi=2);00186000935-01(1:1,ntoi=2);00186000935-01(1:1,ntoi=2);00186000935-02(1:1,ntoi=2);00186000935-01(1:1,ntoi=2);00186000935-02(1:1,ntoi=2)",True,1304.01(1:1),1,1,"TOI1304.01:P=8.874,d=2.12mmag,FP",True,1304.01,,False,467.3,True,6,6,660.0,1.35,14.6,4.4,12.4,6,1.0,4.346797817726372,0.7246713861763262,True,True,False,12.4
142276270,8.9361,5729.0,0.98,7,1683.92,25.01516,1695.0566,2.25,995.0,3.37,24.6,4,2.3,0.6,19.6,3.5,2.0,34,"00142276270-01(1:2,ntoi=2);00142276270-01(1:2,ntoi=3);00142276270-01(1:2,ntoi=3);00142276270-03(3:2,ntoi=3);00142276270-01(1:2,ntoi=4);00142276270-01(1:2,ntoi=4);00142276270-01(1:2,ntoi=4);00142276270-01(1:2,ntoi=4);00142276270-01(1:2,ntoi=2);00142276270-01(1:2,ntoi=2);00142276270-01(1:2,ntoi=1)",True,1136.01(1:2);1136.02(1:4);1136.04(3:4);CTOI142276270.04(3:4);CTOI142276270.05(1:6),4,7,"TOI1136.01:P=12.52,d=2.52mmag,CP;TOI1136.02:P=6.259,d=0.883mmag,CP;TOI1136.03:P=26.32,d=0.869mmag,CP;TOI1136.04:P=18.8,d=0.511mmag,CP",False,1136.01;1136.02;1136.04,"TOI-1136 d(P=12.52,Transit,1:2);TOI-1136 c(P=6.257,Transit,1:4);TOI-1136 e(P=18.8,Transit,3:4);TOI-1136 b(P=4.173,Transit,1:6)",False,364.8,True,3,3,1570.0,1.16,16.4,16.9,12.2,3,1.0,5.425337660248468,0.41472073092994455,True,True,False,12.2
47384844,8.72924,6084.0,1.41,3,1740.93,11.84781,1544.629,4.2,496.0,3.43,17.7,3,0.0,2.7,15.4,2.7,1.0,0,,False,,1,1,"TOI1022.01:P=3.096,d=0.413mmag,FA",True,,,False,299.6,False,3,3,551.0,1.62,16.1,7.2,12.1,3,1.0,5.389730659402739,0.7792597191610725,False,True,False,12.1
441546821,7.7897,6613.0,1.4926999807357793,6,1791.4,57.31675,2384.4971,4.5,267.0,2.66,15.3,3,0.9,1.1,15.1,3.0,2.0,2,,False,,2,4,"TOI6697.01:P=0,d=2.86mmag,CP;TOI6697.02:P=0,d=6.88mmag,CP",True,,"HD 114082 b(P=225.6,Transit,4:1)",False,210.6,True,3,3,339.0,1.15,15.4,1.9,11.8,3,1.0,9.468557723446105,0.4752571755312924,True,True,False,11.8
142868621,10.208,5926.0,0.987496018409729,4,2849.23,18.6505,1420.3759,4.2,765.0,2.98,13.2,3,1.3,-0.6,13.1,7.0,1.0,3,"00142868621-01(1:1,ntoi=1);00142868621-01(1:2,ntoi=1);00142868621-01(1:1,ntoi=1)",True,2446.01(1:1),1,1,"TOI2446.01:P=18.69,d=1.32mmag,PC",False,2446.01,,False,520.3,True,3,3,943.0,1.02,16.0,2.5,11.7,3,1.0,4.944571818347568,0.8494163204213713,True,True,False,11.7
450649506,10.2089,5801.2,1.62,4,1083.96,3.87991,3044.2717,2.25,423.0,3.64,10.6,21,0.1,-3.4,7.0,4.1,1.0,4,,False,,1,1,"TOI4371.01:P=1.06,d=1.14mmag,PC",False,,,False,672.4,False,18,20,435.0,3.1,13.4,7.0,11.7,11,0.9,4.075293147683361,0.5521075217077411,False,True,False,11.7
179034327,9.0567,5229.0,0.794471025466919,6,2879.66,8.92966,1415.3724,2.25,400.0,1.73,19.0,14,2.0,-2.2,22.6,4.2,1.0,4,"00179034327-01(2:1,ntoi=1);00179034327-01(2:1,ntoi=1);00179034327-01(2:1,ntoi=1)",True,444.01(2:1),1,1,"TOI444.01:P=17.96,d=1.38mmag,CP",False,444.01,"TOI-444 b(P=17.96,Transit,2:1)",False,427.3,True,12,14,339.0,5.08,12.8,16.1,11.4,10,0.8571428571428571,3.346097903188397,0.6724250351001512,True,True,False,11.4
392681545,7.4961,6111.67,1.61211001873016,2,750.86,8.38672,2919.9286,2.25,402.0,3.53,11.0,3,1.4,1.2,11.3,2.4,1.0,4,"00392681545-02(3:2,ntoi=2);00392681545-02(3:2,ntoi=2)",True,6054.02(3:2),2,2,"TOI6054.01:P=7.49,d=0.245mmag,CP;TOI6054.02:P=12.58,d=0.309mmag,CP",False,6054.02,"TOI-6054.02(P=12.56,Transit,3:2)",False,202.0,True,1,1,454.0,1.0,,,,0,1.0,5.2521299131218075,0.42839762862275144,True,True,False,11.0
160074939,8.7435,6467.0,1.57943,2,729.52,5.65978,1359.0015,4.5,172.0,2.26,10.1,7,0.2,-2.7,8.5,3.1,1.0,0,,False,,1,1,"TOI230.01:P=13.34,d=0.641mmag,FA",True,,,False,262.8,False,7,7,276.0,1.45,12.7,7.7,10.9,5,1.0,4.544384459020424,0.9902331197061633,False,True,False,10.9
309787037,10.0119,6762.0,1.75,3,76.64,1.62294,2256.2828,3.6,174.0,2.52,9.9,38,0.3,2.8,10.1,3.7,1.0,5,,False,1046.01(4:5),1,1,"TOI1046.01:P=1.304,d=0.993mmag,FP",True,1046.01,,False,493.1,True,31,38,156.0,4.63,11.8,4.0,10.6,15,0.8157894736842105,3.208739652992426,1.1219358344148271,True,True,False,10.6
396234347,8.9553,4540.4,0.79,2,1845.34,22.63841,1765.1876,3.15,562.0,2.04,15.4,3,1.0,-1.1,15.6,3.8,2.0,0,,False,,1,1,"TOI6026.01:P=1.276,d=0.25mmag,PC",False,,,False,325.5,False,3,3,701.0,1.49,14.1,21.1,10.5,3,1.0,4.545430222547662,0.6930037082902267,False,True,False,10.5
232967666,10.3874,5807.0,1.14,5,765.34,3.04025,1872.1929,2.25,209.0,1.8,8.9,41,1.7,-0.2,9.8,4.3,1.0,9,,False,1167.01(5:1),1,1,"TOI1167.01:P=15.2,d=2.14mmag,FP",True,1167.01,,False,561.4,True,28,41,82.0,17.09,12.3,9.6,10.5,14,0.6829268292682927,2.972450474130163,0.7569512156997079,True,True,False,10.5
22529346,10.056,6459.0,1.52,6,2226.08,16.57399,1495.1914,2.4,419.0,3.4,10.4,10,2.3,0.0,12.1,3.3,2.0,12,,False,,1,1,"TOI495.01:P=1.275,d=20.5mmag,KP",True,,,False,536.6,False,10,10,463.0,3.04,12.3,3.4,10.5,10,1.0,6.337428075317195,0.37870252277062366,False,True,False,10.5
47384844,8.72924,6084.0,1.41,3,1740.93,22.05385,1546.304,4.2,581.0,3.71,16.7,3,1.9,0.6,16.3,3.1,2.0,0,,False,,1,1,"TOI1022.01:P=3.096,d=0.413mmag,FA",True,,,False,299.6,False,3,3,638.0,1.06,14.9,0.1,10.4,3,1.0,6.630035308371457,0.6334807892647032,False,True,False,10.4
387260717,9.97595,7257.0,1.02,22,1923.96,91.63808,1823.9056,4.5,426.0,2.3,12.3,8,0.4,0.0,14.2,3.9,2.0,8,,False,,1,1,"TOI1621.01:P=6.454,d=0.217mmag,PC",False,,,False,497.2,False,8,8,349.0,3.47,13.7,17.8,10.4,5,1.0,8.58948387963872,0.5238964369753579,False,True,False,10.4
287959034,9.50835,6153.0,1.128350019454956,2,1105.69,9.8692,2699.9863,6.3,451.0,2.62,12.3,3,0.6,-3.2,11.1,3.2,1.0,7,,False,,1,2,"TOI5677.01:P=3.848,d=2.8mmag,APC",False,,,False,430.1,False,3,3,541.0,1.16,13.7,0.6,10.3,3,1.0,4.371174772330346,1.441260148159522,False,True,False,10.3
49899799,8.28222,6084.8,1.82,2,758.83,22.97915,1433.5428,3.15,287.0,3.36,11.6,3,1.1,-0.2,9.3,4.4,2.0,4,,False,,1,1,"TOI416.01:P=7.011,d=9.78mmag,FP",True,,,False,218.4,False,3,3,313.0,1.23,12.9,0.9,10.2,3,1.0,7.968328062498844,0.3953150491914071,False,True,False,10.2
190721237,9.5986,6332.0,1.39270997047424,3,1490.82,14.16714,2266.6016,3.0,750.0,4.16,14.6,4,1.6,-0.1,15.5,5.9,1.0,6,"00190721237-01(2:1,ntoi=2);00190721237-01(3:1,ntoi=2)",True,,1,1,"TOI2670.01:P=12.93,d=4.47mmag,PC",True,,,False,492.9,False,4,4,1091.0,1.21,16.1,25.5,10.2,3,1.0,5.673827732766065,0.528743582163264,False,True,False,10.2
120826158,9.00568,6156.0,1.34,7,1849.41,5.18342,1687.8371,1.05,854.0,4.27,18.1,7,0.4,3.5,17.7,6.7,1.0,16,"00120826158-01(1:1,ntoi=1);00120826158-01(1:1,ntoi=2);00120826158-02(1:2,ntoi=2);00120826158-02(1:2,ntoi=2);00120826158-01(1:1,ntoi=2);00120826158-01(1:1,ntoi=2);00120826158-02(1:2,ntoi=2);00120826158-01(1:1,ntoi=2);00120826158-02(1:2,ntoi=2);00120826158-01(1:1,ntoi=2);00120826158-02(1:2,ntoi=2);00120826158-01(1:1,ntoi=1);00120826158-01(1:1,ntoi=2);00120826158-02(1:2,ntoi=2);00120826158-01(1:1,ntoi=1);00120826158-01(1:1,ntoi=1)",True,4495.01(1:1);4495.02(1:2),2,2,"TOI4495.01:P=5.183,d=0.728mmag,CP;TOI4495.02:P=2.569,d=0.315mmag,PC",False,4495.01;4495.02,"TOI-4495 c(P=5.186,Transit,1:1);TOI-4495 b(P=2.567,Transit,1:2)",False,309.2,True,5,5,604.0,1.83,14.1,5.0,10.2,5,1.0,3.9550346524440205,0.26548439957438824,True,True,False,10.2
86951294,9.2564,5598.0,0.98,3,811.2,13.22039,2481.8723,1.2,972.0,3.33,15.0,4,1.4,-0.8,13.8,4.8,1.0,5,,False,,1,1,"TOI4596.01:P=4.119,d=0.784mmag,PC",False,,,False,368.7,False,4,4,1104.0,1.32,13.7,11.1,10.1,3,1.0,4.386388559362394,0.2735735751085472,False,True,False,10.1
72668830,10.4161,4985.0,0.8990809917449951,6,2904.62,2.00055,1386.8426,1.58,224.0,1.47,9.5,69,1.6,0.9,7.6,7.2,1.0,7,,False,,3,3,"TOI4296.01:P=19.97,d=1.13mmag,FA;TOI4296.02:P=5.096,d=0.88mmag,PC;TOI4296.03:P=12.49,d=0.978mmag,PC",True,,,False,585.7,True,54,68,281.0,3.4,10.6,2.2,10.1,23,0.7941176470588235,2.2069405855895714,0.7159232152948568,True,True,False,10.1
80682484,9.0397,5910.0,1.05,7,1816.78,52.03614,2305.1555,4.8,260.0,1.85,9.8,4,0.0,0.3,7.1,4.4,2.0,10,,False,,1,1,"TOI2810.01:P=8.404,d=0.532mmag,PC",False,,,False,288.8,False,4,4,321.0,1.56,13.4,4.0,10.1,4,1.0,7.251639143233733,0.6619193130257622,False,True,False,10.1
384045439,10.0478,5113.0,0.68,2,188.52,21.66067,3398.1218,6.3,568.0,1.77,11.5,3,1.9,-0.5,8.5,4.9,2.0,4,"00384045439-01(1:1,ntoi=1)",True,1496.01(1:2),1,1,"TOI1496.01:P=10.83,d=6.41mmag,FP",True,1496.01,,False,519.0,True,3,3,689.0,1.25,13.3,3.4,10.0,3,1.0,4.052952660844391,1.554422300774532,True,True,False,10.0
251039147,8.1954,5975.0,1.07392001152039,3,1380.64,22.26559,2447.8787,3.6,246.0,1.84,14.1,5,1.9,0.9,8.8,4.3,2.0,4,,False,,1,1,"TOI4537.01:P=6.663,d=1.03mmag,PC",False,,,False,234.1,False,5,5,286.0,1.59,12.4,4.5,10.0,5,1.0,5.547121179354848,0.6489852814822938,False,True,False,10.0
26469462,10.3657,6247.5,1.16,4,1486.97,1.99103,2203.4826,3.0,235.0,1.94,11.3,42,1.1,3.8,14.5,3.5,1.0,3,,False,,1,1,"TOI5117.01:P=11.7,d=1.01mmag,PC",False,,,False,629.1,False,33,42,186.0,9.61,11.2,9.3,9.9,16,0.7857142857142857,2.61139692344009,1.1488104213770725,False,True,False,9.9
173612049,10.473,5999.0,0.96,4,1871.47,26.08566,1738.932,2.1,1814.0,4.46,14.1,3,0.6,-0.0,12.4,3.6,2.0,5,,False,1537.01(1:4),1,1,"TOI1537.01:P=6.49,d=1.17mmag,PC",False,1537.01,,False,748.3,True,2,2,2809.0,1.15,15.5,5.3,9.9,2,1.0,5.426540631763272,0.3869868747887062,True,True,False,9.9
6764171,10.2692,6055.0,1.13355994224548,3,1077.67,10.78956,3133.8918,4.2,442.0,2.6,10.2,6,1.1,0.4,9.8,5.6,1.0,4,"00006764171-02(1:1,ntoi=2);00006764171-01(1:1,ntoi=1);00006764171-01(2:1,ntoi=1)",True,6685.01(1:1),1,1,"TOI6685.01:P=10.77,d=1.03mmag,PC",False,6685.01,,False,525.3,True,5,6,742.0,1.07,12.6,16.2,9.8,4,0.8333333333333334,4.516886721865642,0.9298439962349209,True,True,False,9.8
69679391,7.55216,8894.8,1.62,7,1849.61,45.43368,1693.4113,3.15,219.0,2.62,14.0,4,0.0,-1.3,14.9,4.2,2.0,22,,False,,1,1,"TOI1151.01:P=3.474,d=17.2mmag,KP",True,,,False,170.3,False,4,4,232.0,2.06,12.5,13.0,9.8,4,1.0,9.254314943193949,0.3403817591400059,False,True,False,9.8
131081852,9.957501,6072.0,1.2612600326538086,4,2553.72,22.59392,1575.0701,4.2,609.0,3.4,12.3,3,1.8,1.6,9.9,3.2,2.0,9,,False,,1,1,"TOI758.01:P=13.27,d=23.2mmag,FP",True,,,False,468.3,False,3,3,862.0,1.1,14.2,14.9,9.7,3,1.0,6.205001804665592,0.6768732922594778,False,True,False,9.7
49899799,8.28222,6084.8,1.82,2,758.83,12.07416,1421.4397,3.6,263.0,3.22,11.4,3,0.8,-0.3,10.7,4.2,1.0,4,,False,,1,1,"TOI416.01:P=7.011,d=9.78mmag,FP",True,,,False,218.4,False,3,3,303.0,1.09,12.1,0.2,9.6,3,1.0,6.429958869379453,0.5598791645688134,False,True,False,9.6
308301091,9.82897,6665.4,1.37318003177643,5,1495.86,13.30569,2022.2847,4.5,420.0,3.07,11.9,5,1.4,2.2,11.7,2.9,1.0,2,,False,,1,2,"TOI6076.01:P=720.6,d=1.58mmag,PC",False,,,False,473.1,False,5,5,459.0,2.19,12.4,13.9,9.6,4,1.0,5.5043462752533925,0.8175357753619602,False,True,False,9.6
354518617,8.2731,4036.3,0.6605380046367646,2,759.08,7.46483,1474.9442,2.25,346.0,1.34,15.1,5,1.5,-1.9,14.2,3.4,1.0,5,,False,,2,4,"TOI2540.01:P=12.72,d=1.24mmag,CP;TOI2540.02:P=22.08,d=1.11mmag,APC",False,,,False,246.9,True,5,5,373.0,1.53,11.7,6.9,9.5,5,1.0,2.7870631429040635,0.8073014081968539,True,True,False,9.5
308301091,9.82897,6665.4,1.37318003177643,5,1495.86,13.30632,2022.2472,4.5,436.0,3.13,12.3,5,1.4,3.0,11.7,2.9,0.5,2,,False,,1,2,"TOI6076.01:P=720.6,d=1.58mmag,PC",False,,,False,473.1,False,5,5,465.0,2.13,13.0,13.7,9.5,4,1.0,5.504433147446779,0.8175228728297511,False,True,False,9.5
119700084,10.1188,5427.0,0.890109002590179,3,1845.51,2.0386,1739.05,0.5,482.0,2.13,9.0,29,2.4,2.6,7.3,4.3,1.0,5,"00119700084-01(3:1,ntoi=1);00119700084-01(3:1,ntoi=1);00119700084-01(3:1,ntoi=1);00119700084-01(3:1,ntoi=1);00119700084-01(3:1,ntoi=1)",True,1413.01(3:1),1,1,"TOI1413.01:P=6.118,d=1.96mmag,PC",False,1413.01,,False,505.8,True,24,28,334.0,6.22,10.5,5.0,9.4,10,0.8571428571428571,2.2060453175671966,0.2266499223830065,True,True,False,9.4
173612049,10.473,5999.0,0.96,4,1871.47,11.257,1738.9883,6.0,550.0,2.46,12.6,7,2.0,-0.9,12.5,3.6,1.0,5,,False,,1,1,"TOI1537.01:P=6.49,d=1.17mmag,PC",False,,,False,748.3,False,7,7,476.0,3.5,11.8,16.1,9.4,6,1.0,4.100750420304985,1.4631468353428254,False,True,False,9.4
408310006,8.86849,6313.0,1.25,5,2555.74,20.84214,1519.139,4.5,274.0,2.26,11.0,4,2.4,-1.8,8.2,3.8,2.0,11,,False,,1,1,"TOI576.01:P=5.444,d=3.5mmag,CP",True,,,False,265.3,False,3,4,380.0,1.14,12.8,14.0,9.4,3,0.75,6.004300308880288,0.7494628463777127,False,True,False,9.4
89643259,10.4813,7166.8,1.87,6,789.13,2.21528,2770.1782,4.5,188.0,2.79,8.0,66,0.4,0.5,5.6,3.7,0.5,10,"00089643259-01(1:1,ntoi=1);00089643259-01(1:1,ntoi=1);00089643259-01(1:1,ntoi=2);00089643259-02(1:1,ntoi=2);00089643259-01(1:1,ntoi=1);00089643259-01(1:1,ntoi=1);00089643259-01(1:1,ntoi=1);00089643259-01(1:1,ntoi=1);00089643259-01(1:1,ntoi=1);00089643259-01(1:1,ntoi=1)",True,1193.01(1:1),1,1,"TOI1193.01:P=2.222,d=4.78mmag,FP",True,1193.01,,False,828.4,True,59,65,202.0,5.46,9.8,1.3,9.4,17,0.9076923076923077,3.7203080954748855,1.2095772405176537,True,True,False,9.4
159851831,10.4514,4579.0,0.8,4,1522.47,24.01357,1998.4136,4.5,742.0,2.38,10.7,3,2.5,0.8,9.9,4.7,2.0,1,"00159851831-01(1:1,ntoi=1)",True,5741.01(1:1),1,1,"TOI5741.01:P=24,d=1.35mmag,PC",False,5741.01,,False,651.1,True,3,3,1010.0,1.14,13.0,7.8,9.3,3,1.0,4.674701256724395,0.9626283590907347,True,True,False,9.3
408310006,8.86849,6313.0,1.25,5,2555.74,19.71484,1520.3015,4.5,220.0,2.02,10.3,5,1.4,2.0,8.2,3.8,2.0,11,,False,,1,1,"TOI576.01:P=5.444,d=3.5mmag,CP",True,,,False,265.3,False,5,5,364.0,1.12,12.2,14.2,9.3,4,1.0,5.894035151751416,0.7634837397708466,False,True,False,9.3
262880065,10.446,5270.9,0.813543975353241,4,1493.85,48.7819,1959.7083,4.2,734.0,2.4,9.4,3,1.1,0.7,6.7,4.9,2.0,4,,False,,1,1,"TOI2256.01:P=13.96,d=0.883mmag,PC",False,,,False,571.6,False,3,3,879.0,1.23,12.9,1.7,9.2,3,1.0,5.9870821892303505,0.7015103296151539,False,True,False,9.2
153949511,9.76775,5544.0,0.858824,7,1683.92,37.81042,1706.381,3.15,623.0,2.34,11.7,3,0.2,-0.2,13.1,3.2,2.0,9,,False,,2,3,"TOI1277.01:P=0,d=1.53mmag,FA;TOI1277.02:P=14.86,d=1.22mmag,PC",True,,,False,451.1,True,3,3,777.0,1.46,12.3,13.0,9.2,3,1.0,5.701838465258393,0.5524533918652937,True,True,False,9.2
142394656,10.1495,5091.2,0.9,8,1683.21,12.37732,1715.8455,6.0,291.0,1.67,12.6,15,0.8,-1.1,15.0,4.1,2.0,11,,False,,1,1,"TOI1268.01:P=8.158,d=11.2mmag,CP",True,,"TOI-1268 b(P=8.158,Transit,2:3)",False,551.2,True,14,15,274.0,4.27,12.1,12.5,9.2,11,0.9333333333333333,4.054265384619405,1.479922854276411,True,True,False,9.2
190990336,8.9544,6118.1,1.66,3,2202.75,18.71084,1547.3706,3.6,402.0,3.63,12.8,4,1.7,-2.0,11.3,2.6,2.0,9,,False,,1,1,"TOI585.01:P=5.547,d=12.6mmag,APC",True,,,False,318.8,False,4,4,463.0,1.53,12.6,5.4,9.1,4,1.0,6.998067294349972,0.5144277482022117,False,True,False,9.1
232967666,10.3874,5807.0,1.14,5,765.34,45.60067,1901.9351,1.12,1554.0,4.9,13.2,3,0.8,0.9,10.4,4.8,2.0,9,"00232967666-01(1:3,ntoi=2);00232967666-02(1:3,ntoi=2);00232967666-01(1:3,ntoi=2);00232967666-02(1:3,ntoi=2);00232967666-01(1:3,ntoi=1);00232967666-02(1:3,ntoi=2)",True,1167.01(1:3),1,1,"TOI1167.01:P=15.2,d=2.14mmag,FP",True,1167.01,,False,561.4,True,3,3,1678.0,1.05,11.6,1.3,9.1,3,1.0,7.330528211733521,0.15278571579702616,True,True,False,9.1
39903405,8.27468,6412.8,1.7,6,1523.67,42.2985,1996.2363,3.6,263.0,3.01,10.4,3,2.1,2.9,8.5,3.3,2.0,10,,False,,1,1,"TOI2020.01:P=5.633,d=6.15mmag,KP",True,,,False,216.4,False,3,3,287.0,1.67,11.9,4.6,9.0,3,1.0,9.331452086649632,0.3857920467866374,False,True,False,9.0
449050248,9.87405,5772.0,1.54,2,1871.43,1.77987,2174.8036,3.0,174.0,2.22,7.5,36,1.5,0.1,8.3,3.3,1.0,3,,False,951.01(5:3);953.01(5:3),2,2,"TOI953.01:P=2.968,d=14.2mmag,FP",True,953.01,,False,589.2,True,29,36,198.0,4.36,9.9,3.5,8.9,13,0.8055555555555556,3.0386793108050907,0.9872710125522122,True,True,False,8.9
469782185,10.2398,5159.8,1.27,2,754.31,3.628,3129.7755,0.5,2051.0,6.27,8.8,5,1.1,0.4,8.4,6.2,1.0,3,"00469782185-01(1:3,ntoi=1);00469782185-01(1:3,ntoi=1);00469782185-01(1:3,ntoi=1)",True,1123.01(1:3),1,1,"TOI1123.01:P=1.209,d=13mmag,APC",True,1123.01,,False,545.9,True,0,0,,,,,,0,0.0,3.38818046482785,0.14757183248956737,True,True,False,8.8
469782185,10.2398,5159.8,1.27,2,754.31,8.46562,3127.3328,0.5,2645.0,7.13,8.8,3,0.1,0.4,8.0,5.7,1.0,3,,False,,1,1,"TOI1123.01:P=1.209,d=13mmag,APC",True,,,False,545.9,False,0,0,,,,,,0,0.0,4.493972026288375,0.11126014961267036,False,True,False,8.8
59859387,10.2761,6564.4,1.47,5,1515.93,5.63072,2205.9401,3.6,233.0,2.45,8.5,21,0.9,0.1,7.4,3.4,1.0,8,,False,1881.01(1:5);CTOI59859387.01(1:5),1,2,"TOI1881.01:P=1.12,d=2.07mmag,FP",True,1881.01,,False,566.8,True,17,20,266.0,2.73,9.8,4.4,8.8,12,0.85,4.324552373139181,0.8324560993550345,True,True,False,8.8
29191596,8.676,5502.5,0.99,2,765.34,6.70419,1877.2391,6.3,165.0,1.39,11.4,9,0.1,2.5,12.8,2.5,2.0,0,,False,,1,1,"TOI1792.01:P=8.816,d=0.185mmag,PC",False,,,False,293.8,True,7,9,196.0,2.79,11.5,23.4,8.7,5,0.7777777777777778,3.5216581392468966,1.7889300298033042,True,True,False,8.7
166836920,8.93,6180.0,1.7092700004577637,6,2846.66,19.9831,1403.0208,4.2,272.0,3.08,10.6,6,1.3,1.2,9.2,4.5,1.0,9,,False,,1,1,"TOI267.01:P=5.753,d=5.77mmag,KP",True,,,False,292.5,False,5,6,441.0,1.21,11.3,8.6,8.7,4,0.8333333333333334,7.294066103057466,0.5758105205873414,False,True,False,8.7
134404603,9.836,5759.0,1.19,6,1517.75,7.21915,2231.2662,4.8,428.0,2.69,19.9,20,2.6,-2.3,22.6,3.1,1.0,16,,False,,1,1,"TOI609.01:P=4.97,d=13.8mmag,APC",True,,,False,660.1,False,9,20,-15.0,,14.4,51.0,8.7,8,0.45,4.0807027140615135,1.1762679950832713,False,True,False,8.7
301235044,10.0298,4477.0,0.72,3,1380.23,2.55539,2449.9877,3.15,314.0,1.39,10.5,23,2.1,1.0,12.4,2.7,1.0,5,,False,,1,1,"TOI6835.01:P=0.2803,d=0.551mmag,KP",False,,"K2-141 c(P=7.748,Transit,3:1)",False,518.3,True,18,22,164.0,8.65,11.6,9.0,8.6,8,0.8181818181818182,2.0649792339728603,1.5254390689148207,True,True,False,8.6
362709886,9.550201,6203.0,1.8589099645614624,7,1815.49,23.32336,2373.7575,2.4,423.0,4.17,10.8,7,2.7,-1.2,10.8,3.7,2.0,13,,False,,1,1,"TOI4420.01:P=4.726,d=6.87mmag,FP",True,,,False,433.1,True,7,7,291.0,3.8,10.7,12.8,8.6,4,1.0,8.121649372659949,0.29550647779491224,True,True,False,8.6
160074939,8.7435,6467.0,1.57943,2,729.52,7.94749,1360.1265,6.3,161.0,2.19,9.3,5,2.9,-0.3,8.5,3.1,2.0,0,,False,230.01(5:3),1,1,"TOI230.01:P=13.34,d=0.641mmag,FA",True,230.01,,False,262.8,True,5,5,221.0,1.27,10.5,5.4,8.5,4,1.0,5.088837066771369,1.2380038734462877,True,True,False,8.5
189013224,9.59689,5731.0,0.989260017871857,4,2852.57,4.76765,1441.8779,3.15,575.0,2.59,22.7,19,0.5,0.6,27.7,2.8,1.0,1,,False,,2,2,"TOI426.01:P=1.321,d=0.51mmag,CP",False,,,False,760.5,False,12,18,259.0,15.7,17.3,76.6,8.5,6,0.6666666666666666,3.1418350996455056,1.0025987679478836,False,True,False,8.5
148914726,10.1313,4927.9,0.78,7,1683.92,21.18794,1703.2721,3.0,486.0,1.88,11.8,8,1.6,-2.5,13.7,3.0,2.0,14,,False,,1,1,"TOI1179.01:P=1.262,d=3.09mmag,APC",True,,,False,628.9,False,7,8,571.0,2.47,10.9,11.6,8.5,6,0.875,4.408602480062417,0.6804877540144029,False,True,False,8.5
192415680,9.2063,5359.0,0.85,3,1845.17,8.92322,1799.113,4.2,263.0,1.5,9.7,5,1.0,0.7,9.0,3.4,1.0,2,,False,,1,2,"TOI6041.01:P=1094,d=2.56mmag,PC",False,,,False,325.2,False,5,5,295.0,1.63,10.8,6.4,8.4,4,1.0,3.49940959292015,1.2002024594369445,False,True,False,8.4
308300731,10.4748,5250.0,0.87,3,1495.85,20.25369,2022.0479,3.6,984.0,2.98,10.7,3,0.1,-2.1,9.5,4.2,1.0,4,"00308300731-02(1:1,ntoi=2)",True,,1,1,"TOI5743.01:P=7.66,d=10.8mmag,PC",True,,,False,810.1,False,3,3,1186.0,1.14,11.2,0.5,8.4,3,1.0,4.67077752639434,0.7707496192350358,False,True,False,8.4
49899799,8.28222,6084.8,1.82,2,758.83,7.01128,1416.7272,4.2,166.0,2.56,11.0,6,0.2,0.0,10.1,5.1,1.0,4,"00049899799-01(1:1,ntoi=1);00049899799-01(1:1,ntoi=1);00049899799-01(2:1,ntoi=2);00049899799-02(1:1,ntoi=2)",True,416.01(1:1),1,1,"TOI416.01:P=7.011,d=9.78mmag,FP",True,416.01,,False,218.4,True,6,6,201.0,1.36,10.5,4.3,8.3,5,1.0,5.364406208162004,0.7829384720362252,True,True,False,8.3
313506357,9.5621,6023.1,1.39,2,1117.22,7.81153,1770.7405,6.3,267.0,2.48,9.6,6,1.0,0.9,9.6,2.5,1.0,3,,False,,1,1,"TOI1383.01:P=1.533,d=1.36mmag,FP",True,,,False,429.1,True,6,6,316.0,1.48,10.5,4.2,8.3,5,1.0,4.646545517610543,1.355845966885037,True,True,False,8.3
146523262,10.2994,6808.4,1.01507,3,2116.33,18.80005,2182.4211,1.8,807.0,3.15,10.0,4,2.4,1.4,8.0,3.8,2.0,3,,False,2465.01(1:5),1,1,"TOI2465.01:P=3.759,d=0.969mmag,PC",False,2465.01,,False,569.2,True,4,4,859.0,1.71,11.5,4.2,8.3,4,1.0,5.049619145708972,0.35646252678869667,True,True,False,8.3
119973835,9.1641,5212.0,0.86,4,1468.47,4.19872,1986.0428,1.8,183.0,1.27,7.8,17,1.8,1.5,6.3,3.4,0.5,5,,False,6078.02(6:1),2,4,"TOI6078.01:P=9.67,d=0.743mmag,PC;TOI6078.02:P=25.09,d=0.766mmag,PC",False,6078.02,,False,305.8,True,15,17,247.0,2.46,9.5,4.7,8.3,9,0.8823529411764706,2.7431290083194932,0.6561849605107429,True,True,False,8.3
157081737,10.0956,5260.0,0.8,4,2249.41,23.33491,1471.5376,2.25,1082.0,2.87,17.0,4,1.7,-2.2,16.6,3.5,1.0,1,,False,,1,1,"TOI6095.01:P=2.161,d=0.575mmag,PC",False,,,False,617.7,False,4,4,757.0,4.24,16.4,69.5,8.3,3,1.0,4.6302417018577025,0.4859357555993839,False,True,False,8.3
22529346,10.056,6459.0,1.52,6,2226.08,10.83682,1500.9289,3.0,440.0,3.48,10.3,8,0.0,-0.4,11.4,2.9,1.0,12,,False,,1,1,"TOI495.01:P=1.275,d=20.5mmag,KP",True,,,False,536.6,False,8,8,478.0,2.97,11.3,9.0,8.3,7,1.0,5.500531286470133,0.5454018609764506,False,True,False,8.3
298600443,10.2521,5961.0,1.02,25,1979.26,14.74785,1684.8885,4.8,183.0,1.5,11.4,39,1.1,0.7,17.9,4.0,2.0,10,,False,,1,1,"TOI5391.01:P=13.64,d=0.449mmag,APC",False,,,False,588.5,False,31,39,128.0,12.25,10.2,7.8,8.3,12,0.7948717948717948,4.672162928013209,1.0273614328002796,False,True,False,8.3
152800085,9.5103,6580.0,1.62,2,1105.52,6.40486,3157.2831,1.12,689.0,4.64,10.1,4,0.0,-1.8,7.3,3.5,1.0,3,"00152800085-01(2:3,ntoi=2);00152800085-01(2:3,ntoi=1)",True,2325.01(2:3),1,1,"TOI2325.01:P=4.27,d=2.43mmag,APC",False,2325.01,,False,363.1,True,4,4,758.0,1.34,11.7,4.2,8.2,4,1.0,4.816388574148596,0.2325393773275415,True,True,False,8.2
190721237,9.5986,6332.0,1.39270997047424,3,1490.82,12.56289,2266.5891,4.8,400.0,3.04,11.9,6,1.4,-1.3,11.9,5.1,2.0,6,,False,,1,1,"TOI2670.01:P=12.93,d=4.47mmag,PC",True,,,False,492.9,False,6,6,382.0,2.36,11.2,13.2,8.2,4,1.0,5.451030385315332,0.8805674635259493,False,True,False,8.2
262880065,10.446,5270.9,0.813543975353241,4,1493.85,23.22916,1936.5083,4.2,577.0,2.13,8.5,3,2.4,1.1,6.7,4.8,1.0,4,,False,2256.01(3:5),1,1,"TOI2256.01:P=13.96,d=0.883mmag,PC",False,2256.01,,False,571.6,True,3,3,853.0,1.25,12.0,11.4,8.2,3,1.0,4.675271305514636,0.8983435881134774,True,True,False,8.2
408310006,8.86849,6313.0,1.25,5,2555.74,13.76335,1526.2453,4.5,162.0,1.74,8.9,7,0.9,-0.3,7.9,3.5,2.0,11,,False,,1,1,"TOI576.01:P=5.444,d=3.5mmag,CP",True,,"WASP-166 b(P=5.444,Transit,2:5)",True,265.3,True,6,7,138.0,3.0,11.0,15.2,8.2,4,0.8571428571428571,5.228651393789592,0.8606425751284436,True,True,False,8.2
418301643,9.62005,6675.0,1.49,12,1897.93,30.33576,1786.4055,4.2,216.0,2.39,8.3,8,1.7,-0.9,8.5,4.1,1.0,4,,False,6247.01(4:5),1,1,"TOI6247.01:P=24.09,d=0.566mmag,PC",False,6247.01,,False,390.8,True,8,8,317.0,1.9,10.6,8.2,8.2,5,1.0,7.649812071468676,0.5490330952919277,True,True,False,8.2
258777137,9.9478,5095.6,1.06,40,1979.26,112.52755,1686.0574,3.15,1361.0,4.27,23.7,8,1.3,2.8,27.8,5.6,2.0,58,,False,,3,3,"TOI1183.01:P=5.929,d=11.2mmag,FP",True,,,False,834.7,False,6,8,427.0,9.55,16.3,51.8,8.2,4,0.75,9.436953721903876,0.3337941557018145,False,True,False,8.2
40292751,9.77301,6280.0,1.33,2,220.1,1.57261,3313.9568,3.0,263.0,2.35,10.5,25,0.5,-1.7,11.6,3.1,1.0,3,,False,,1,3,"TOI5786.01:P=12.78,d=3.27mmag,CP",True,,,False,662.5,False,20,24,206.0,5.47,9.4,5.8,8.1,10,0.8333333333333334,2.6443345475642346,1.1345009286980643,False,True,False,8.1
306485267,10.3991,5142.48,0.864650011062622,3,811.47,7.18448,2450.9688,2.1,481.0,2.07,7.9,7,0.6,1.3,7.8,3.7,1.0,1,"00306485267-01(2:1,ntoi=1)",True,4637.01(2:1),1,1,"TOI4637.01:P=14.35,d=1.14mmag,PC",False,4637.01,,False,587.8,True,7,7,609.0,1.5,10.2,4.0,8.1,4,1.0,3.2928122971945313,0.637752720308168,True,True,False,8.1
173612049,10.473,5999.0,0.96,4,1871.47,18.46553,1738.9633,3.0,1549.0,4.12,15.0,3,2.6,1.1,12.5,3.6,1.0,5,,False,,1,1,"TOI1537.01:P=6.49,d=1.17mmag,PC",False,,,False,748.3,False,3,3,2203.0,1.23,12.0,6.8,8.1,3,1.0,4.836260754685856,0.6203139475251201,False,True,False,8.1
116608612,9.17041,8170.0,1.78,5,838.27,1.72796,2474.4137,2.1,159.0,2.45,10.5,32,0.0,-3.1,9.1,8.3,0.5,8,"00116608612-01(2:1,ntoi=1);00116608612-01(2:1,ntoi=1);00116608612-01(2:1,ntoi=1);00116608612-01(2:1,ntoi=1);00116608612-01(2:1,ntoi=1);00116608612-01(2:1,ntoi=1);00116608612-01(2:1,ntoi=1)",True,1649.01(2:1),1,1,"TOI1649.01:P=3.456,d=7mmag,FP",True,1649.01,,False,310.6,True,29,32,128.0,3.53,8.7,1.3,8.1,11,0.90625,3.3138500826086323,0.6337039840821342,True,True,False,8.1
161477033,10.0614,5465.0,0.879477024078369,5,2634.76,11.92648,1419.2802,1.8,736.0,2.6,9.6,5,0.7,-3.2,10.2,5.2,1.0,6,"00161477033-02(1:1,ntoi=2);00161477033-01(1:1,ntoi=2)",True,553.02(1:1),3,3,"TOI553.01:P=14.06,d=0.933mmag,FA;TOI553.02:P=11.92,d=0.739mmag,PC;TOI553.03:P=40.89,d=1.03mmag,PC",True,553.02,,False,462.9,True,3,3,964.0,1.06,11.6,2.3,8.1,3,1.0,3.9433202976457684,0.45646811928380043,True,True,False,8.1
59859387,10.2761,6564.4,1.47,5,1515.93,16.47098,2217.1901,3.6,335.0,2.94,7.0,7,1.7,0.3,6.3,3.1,2.0,8,,False,,1,2,"TOI1881.01:P=1.12,d=2.07mmag,FP",True,,,False,566.8,False,7,7,415.0,2.49,10.5,7.3,8.1,4,1.0,6.184809544466052,0.582071278689762,False,True,False,8.1
69679391,7.55216,8894.8,1.62,7,1849.61,49.56766,1693.3082,3.6,190.0,2.44,13.0,4,0.7,0.5,14.9,4.2,2.0,22,,False,,1,1,"TOI1151.01:P=3.474,d=17.2mmag,KP",True,,,False,170.3,False,4,4,190.0,2.14,10.8,12.9,8.1,4,1.0,9.526889093169832,0.3778778114023568,False,True,False,8.1
22843856,9.8203,6019.0,1.24,7,1468.48,10.87312,1791.4536,3.15,328.0,2.45,11.9,14,0.7,-2.8,12.7,3.3,1.0,12,,False,,1,1,"TOI1644.01:P=1.85,d=6.26mmag,FP",True,,,False,455.6,False,14,14,200.0,8.82,10.6,15.3,8.1,8,1.0,4.8077382060553,0.65519374495737,False,True,False,8.1
86951294,9.2564,5598.0,0.98,3,811.2,13.39698,2484.9536,6.0,484.0,2.35,12.4,3,0.4,-0.3,11.7,3.7,1.0,5,,False,,1,1,"TOI4596.01:P=4.119,d=0.784mmag,PC",False,,,False,368.7,False,3,3,593.0,1.07,14.7,0.8,8.0,3,1.0,4.40583248593345,1.361831167924851,False,True,False,8.0
190271688,10.163,5394.6,1.1891499757766724,4,1791.48,22.99483,2335.4476,3.6,611.0,3.21,9.9,5,0.3,-0.7,8.5,3.7,2.0,7,,False,,1,1,"TOI1963.01:P=12.65,d=29.8mmag,FP",True,,,False,672.1,False,5,5,754.0,1.8,11.6,16.9,8.0,3,1.0,6.001264698435068,0.5998735568085776,False,True,False,8.0
173612049,10.473,5999.0,0.96,4,1871.47,2.18893,1739.9164,3.15,249.0,1.65,10.2,37,0.3,0.1,13.6,3.7,0.5,5,,False,,1,1,"TOI1537.01:P=6.49,d=1.17mmag,PC",False,,,False,748.3,True,31,37,155.0,10.09,9.3,4.8,8.0,12,0.8378378378378378,2.3757445438366833,1.3259001302021054,True,True,False,8.0
11111899,9.6996,7812.5,1.79,5,1139.0,3.70355,2422.579,7.2,164.0,2.5,9.9,32,2.8,3.8,11.3,3.2,2.0,8,,False,1313.01(1:6),1,1,"TOI1313.01:P=0.6193,d=2.01mmag,FP",True,1313.01,,False,526.8,True,23,32,165.0,3.68,8.9,3.6,8.0,13,0.71875,4.288608336120377,1.6788662978054483,True,True,False,8.0
320079492,9.9666,5343.0,1.499079942703247,6,1791.92,1.6369,2308.1514,0.62,221.0,2.43,7.5,84,1.9,2.0,6.5,4.2,2.0,9,,False,,1,1,"TOI1967.01:P=0.4262,d=0.908mmag,APC",False,,,False,531.2,False,63,81,210.0,5.83,8.9,2.3,8.0,19,0.7777777777777778,2.9024552948367535,0.21361224791401015,False,True,False,8.0
279741379,6.9934,4628.53,0.71,15,2662.78,69.16428,1347.8568,3.15,659.0,1.99,50.9,4,0.0,0.6,72.7,4.6,2.0,19,"00279741379-03(3:2,ntoi=3)",True,,2,2,"TOI186.01:P=35.61,d=1.52mmag,CP;TOI186.02:P=7.79,d=0.184mmag,CP",False,,,False,238.5,False,4,4,480.0,4.87,9.2,52.3,8.0,4,1.0,6.142443163369026,0.5128252579991767,False,True,False,8.0
396234347,8.9553,4540.4,0.79,2,1845.34,16.96603,1768.9845,3.6,579.0,2.07,14.9,3,1.4,0.5,14.7,3.4,2.0,0,,False,,1,1,"TOI6026.01:P=1.276,d=0.25mmag,PC",False,,,False,325.5,False,3,3,638.0,1.01,11.1,3.6,7.9,3,1.0,4.128761202688558,0.8719322390589602,False,True,False,7.9
219824470,10.388,5907.0,1.72,2,754.1,13.78817,2643.9305,4.8,723.0,5.04,9.1,3,1.3,-2.5,9.0,4.7,2.0,3,,False,1848.01(2:5);6972.01(2:5);CTOI219824470.01(2:5),2,3,"TOI6972.01:P=5.481,d=2.43mmag,PC",False,6972.01,,True,777.4,True,3,3,977.0,1.09,10.3,1.2,7.9,3,1.0,6.4723620346179125,0.7416148809857732,True,True,False,7.9
121490076,8.9988,4760.0,0.76,4,2198.28,6.47662,2068.3001,3.0,810.0,2.36,31.7,8,1.6,0.4,28.7,4.0,1.0,5,,False,,1,1,"TOI6726.01:P=14.25,d=1.18mmag,KP",False,,,False,445.5,False,7,8,286.0,13.77,10.7,73.9,7.9,5,0.875,2.918771930808281,1.0278295362286922,False,True,False,7.9
344926234,9.1299,5872.0,1.02918,5,1767.41,17.48228,1535.3649,6.0,336.0,2.06,14.5,7,1.4,0.2,12.4,4.5,1.0,0,,False,,1,1,"TOI634.01:P=0.4936,d=0.268mmag,FA",True,,,False,327.7,False,7,7,296.0,2.01,11.3,9.7,7.9,4,1.0,4.974337063386582,1.2061908800195247,False,True,False,7.9
270619211,9.7548,6718.0,1.557289958000183,5,1849.61,15.2338,1694.4756,4.2,278.0,2.83,8.3,6,1.3,-1.0,7.6,4.1,2.0,1,,False,,1,1,"TOI7910.01:P=77.48,d=1.48mmag,PC",False,,,False,441.4,True,6,6,410.0,1.4,9.4,4.9,7.9,5,1.0,6.262158166598819,0.6706952919844815,True,True,False,7.9
166836920,8.93,6180.0,1.7092700004577637,6,2846.66,12.41809,1390.227,2.1,185.0,2.54,8.8,12,1.5,-1.4,9.6,3.7,2.0,9,,False,,1,1,"TOI267.01:P=5.753,d=5.77mmag,KP",True,,,False,292.5,False,12,12,144.0,3.84,9.5,4.7,7.8,5,1.0,6.224440816954354,0.3373797039374115,False,True,False,7.8
238898571,9.954701,5867.0,0.85030198097229,11,2607.67,14.26653,1442.0455,3.0,196.0,1.3,7.2,19,1.4,-0.1,9.6,5.0,1.0,6,,False,,1,1,"TOI863.01:P=0.5251,d=0.301mmag,PC",False,,,False,458.4,False,16,19,170.0,7.74,9.9,6.2,7.8,8,0.8421052631578947,4.092888113599672,0.7329787467269699,False,True,False,7.8
194736418,9.3229,6305.0,1.62,2,1871.96,10.01046,1790.8155,2.25,664.0,4.56,7.7,3,0.0,-0.6,7.1,3.7,1.0,3,,False,,1,1,"TOI6038.01:P=5.827,d=1.16mmag,CP",False,,,False,385.8,False,1,1,892.0,1.0,,,,0,1.0,5.589457375016121,0.4025435474393453,False,True,False,7.7
252479260,9.007,5357.7,1.04,3,1496.84,14.09623,1874.8076,4.2,254.0,1.81,7.9,4,0.5,0.7,7.2,4.2,2.0,5,,False,,1,1,"TOI1771.01:P=3.212,d=15.8mmag,KP",True,,,False,307.2,False,3,3,307.0,1.13,10.0,0.2,7.7,3,1.0,4.662278144452974,0.9008471545175877,False,True,False,7.7
92352620,9.6433,6153.0,1.71,5,2907.31,25.9928,1347.4489,3.15,1048.0,6.04,14.4,4,1.9,-1.1,13.2,4.2,2.0,11,,False,,1,2,"TOI107.01:P=3.95,d=15.2mmag,KP",True,,,False,574.6,False,3,4,952.0,1.65,11.4,10.6,7.7,3,0.75,7.9644671012377275,0.39550668738533307,False,True,False,7.7
92352620,9.6433,6153.0,1.71,5,2907.31,12.47651,1337.0614,3.15,526.0,4.28,10.7,5,2.3,0.2,13.2,4.2,1.0,11,,False,,1,2,"TOI107.01:P=3.95,d=15.2mmag,KP",True,,,False,574.6,False,5,5,376.0,4.25,10.2,18.3,7.7,3,1.0,6.235961242179979,0.5051346340470225,False,True,False,7.7
378291076,9.53523,6594.0,1.49,6,782.47,38.81791,2855.4467,4.8,269.0,2.67,8.7,6,2.8,-0.4,8.6,3.6,2.0,2,,False,,1,1,"TOI1620.01:P=1.598,d=0.321mmag,PC",False,,,False,395.0,False,6,6,318.0,1.54,10.1,5.3,7.7,3,1.0,8.305067933422624,0.5779603536634599,False,True,False,7.7
142381532,9.7722,4760.0,0.82,9,1711.22,16.83974,1696.1099,3.0,226.0,1.34,7.4,11,0.6,-0.1,7.6,4.2,1.0,9,,False,,1,1,"TOI1823.01:P=38.81,d=10.5mmag,CP",True,,,False,464.9,False,11,11,308.0,3.02,8.7,5.6,7.7,6,1.0,4.222107851132132,0.7105455629693516,False,True,False,7.7
190081497,10.3364,6187.0,1.34,2,49.71,1.05858,2964.8008,2.4,277.0,2.43,8.9,41,0.2,-1.2,8.9,4.2,1.0,2,,False,2671.01(3:1),1,1,"TOI2671.01:P=3.163,d=1.23mmag,FP",True,2671.01,,False,817.5,True,31,41,304.0,3.03,8.3,3.0,7.6,15,0.7560975609756098,2.3290888399927314,1.030445880290032,True,True,False,7.6
440887364,8.6486,4476.0,0.69,3,2198.02,8.51651,1601.9724,3.15,216.0,1.11,11.3,9,0.5,2.7,13.2,2.6,2.0,9,"00440887364-01(1:1,ntoi=2);00440887364-01(1:1,ntoi=2);00440887364-01(1:1,ntoi=2);00440887364-01(1:1,ntoi=2)",True,836.01(1:1),2,2,"TOI836.01:P=8.595,d=1.24mmag,CP;TOI836.02:P=3.817,d=0.63mmag,CP",False,836.01,"TOI-836.01(P=8.595,Transit,1:1)",False,282.5,True,8,9,265.0,3.03,9.7,12.6,7.6,6,0.8888888888888888,2.998206730489214,1.050628019731654,True,True,False,7.6
287256467,8.8975,5674.0,0.94,4,1495.83,19.15471,1990.7109,2.25,462.0,2.21,9.1,3,0.2,0.2,10.0,2.5,2.0,7,,False,,1,1,"TOI2141.01:P=18.26,d=1.05mmag,CP",False,,,False,290.2,False,3,3,569.0,1.07,10.8,0.2,7.6,3,1.0,4.82746043972197,0.46608357087429286,False,True,False,7.6
70420766,10.2356,6223.0,1.23310005664825,4,2198.29,3.13642,2063.1505,2.4,203.0,1.92,7.1,25,1.8,1.3,7.1,3.3,1.0,7,"00070420766-01(3:1,ntoi=1);00070420766-01(3:1,ntoi=1);00070420766-01(3:1,ntoi=1);00070420766-01(3:1,ntoi=1);00070420766-01(3:1,ntoi=1)",True,2304.01(3:1),1,1,"TOI2304.01:P=9.407,d=1.05mmag,PC",False,2304.01,,False,513.5,True,20,25,99.0,11.3,9.1,7.3,7.6,6,0.8,3.164841105749009,0.7583319098201622,True,True,False,7.6
310981412,10.2728,6149.0,0.93,7,952.43,13.91236,1695.8152,4.5,316.0,1.8,9.8,11,1.8,-1.5,9.7,4.6,0.5,0,,False,,1,1,"TOI1790.01:P=9.625,d=0.586mmag,FA",True,,,True,559.8,False,9,11,218.0,3.73,9.6,6.6,7.6,6,0.8181818181818182,4.308543963409213,1.0444363660245197,False,True,False,7.6
304100538,9.5268,5551.0,0.906282007694244,9,2607.82,11.91551,1336.4547,2.4,273.0,1.64,11.9,18,1.1,2.2,16.2,3.1,2.0,5,,False,,1,1,"TOI1116.01:P=5.01,d=0.445mmag,PC",False,,,False,398.5,False,14,17,185.0,5.18,9.2,8.2,7.6,8,0.8235294117647058,4.021808718432354,0.5967464312761964,False,True,False,7.6
238164799,8.4592,6688.0,1.5731899738311768,10,2278.46,36.65038,1503.315,3.0,195.0,2.4,10.6,7,2.9,-0.5,12.7,3.8,2.0,4,,False,,1,1,"TOI4362.01:P=7.548,d=0.26mmag,PC",False,,,False,236.8,False,7,7,154.0,3.66,10.5,7.8,7.6,7,1.0,8.448025859987101,0.35511254933641745,False,True,False,7.6
250386181,9.89377,6321.46,1.08,2,730.6,10.29233,1415.3068,0.5,2165.0,5.48,12.3,3,1.0,-1.1,11.4,4.9,1.0,3,,False,,1,1,"TOI390.01:P=1.47,d=2.94mmag,FP",True,,,False,453.9,False,2,2,2531.0,1.04,11.3,0.2,7.5,2,1.0,4.30522015882434,0.1161380792513382,False,True,False,7.5
47720259,10.2807,4742.0,0.75,2,624.71,3.69859,3666.1119,3.6,342.0,1.51,8.4,9,2.0,-1.9,9.3,3.1,2.0,0,,False,,1,1,"TOI2519.01:P=6.955,d=0.82mmag,PC",False,,,False,699.6,False,8,9,418.0,3.33,8.6,5.8,7.5,6,0.8888888888888888,2.4002760955255105,1.4998274601455068,False,True,False,7.5
301235044,10.0298,4477.0,0.72,3,1380.23,12.75437,2452.5659,1.8,954.0,2.43,11.2,4,0.6,0.2,12.0,2.5,2.0,5,,False,,1,1,"TOI6835.01:P=0.2803,d=0.551mmag,KP",False,,"K2-141 c(P=7.748,Transit,3:5)",False,518.3,True,4,4,1085.0,1.38,11.4,7.8,7.5,3,1.0,3.5289835084786647,0.510061890534585,True,True,False,7.5
308300731,10.4748,5250.0,0.87,3,1495.85,1.40861,2010.7979,1.8,325.0,1.71,8.7,39,1.8,1.8,8.1,3.0,2.0,4,,False,,1,1,"TOI5743.01:P=7.66,d=10.8mmag,PC",True,,,False,810.1,False,31,39,340.0,3.58,8.2,2.9,7.5,12,0.7948717948717948,1.9208113716133064,0.9371039898041441,False,True,False,7.5
267414551,9.7472,6105.1,1.48,5,1792.43,6.48711,2309.4211,2.25,281.0,2.71,7.3,17,0.4,-0.1,7.4,3.0,0.5,0,,False,,1,1,"TOI1972.01:P=4.763,d=0.923mmag,PC",False,,,False,602.8,False,15,17,311.0,4.1,8.8,3.9,7.5,7,0.8823529411764706,4.554071641493676,0.49406337386076543,False,True,False,7.5
320079492,9.9666,5343.0,1.499079942703247,6,1791.92,0.69224,2308.0342,0.5,156.0,2.04,7.3,198,0.9,-3.0,7.2,5.2,1.0,9,,False,,1,1,"TOI1967.01:P=0.4262,d=0.908mmag,APC",False,,,False,531.2,False,123,190,169.0,7.2,7.9,2.5,7.5,34,0.6473684210526316,2.178597762343916,0.22950542254392964,False,True,False,7.5
339733013,10.0793,5834.2,1.27,9,271.25,61.51937,1451.7714,3.0,517.0,3.15,8.3,3,0.5,0.4,6.7,5.0,2.0,3,,False,,1,1,"TOI417.01:P=5.622,d=1.07mmag,FP",True,,,False,464.7,False,3,3,566.0,1.26,10.4,0.9,7.5,3,1.0,8.704584945155181,0.344645955999286,False,True,False,7.5
154459165,10.4259,4869.0,0.79,3,1488.68,21.50604,2234.5866,4.2,1130.0,2.9,14.2,3,2.0,0.6,14.2,2.8,2.0,2,,False,,1,1,"TOI611.01:P=3.147,d=1.56mmag,FP",True,,,False,838.4,False,3,3,1156.0,1.33,10.0,4.1,7.4,3,1.0,4.468343015319964,0.939945744004,False,True,False,7.4
58542531,9.794,4402.0,0.695095002651215,5,1443.03,38.52557,1827.8595,3.6,548.0,1.78,11.5,4,2.6,-1.4,14.1,4.9,2.0,8,,False,,1,1,"TOI1683.01:P=3.058,d=1.21mmag,CP",False,,,False,444.2,False,4,4,503.0,2.84,11.3,23.5,7.4,4,1.0,4.982960323477882,0.722462104110707,False,True,False,7.4
293687315,9.823,6840.0,1.91,5,1491.95,10.75971,1936.5423,2.4,385.0,4.09,8.2,6,0.9,1.5,8.4,3.6,1.0,7,,False,,1,1,"TOI1300.01:P=2.872,d=9.34mmag,KP",True,,,False,455.3,False,5,6,431.0,2.44,11.1,9.2,7.4,5,0.8333333333333334,6.389949034052103,0.3755898501240582,False,True,False,7.4
161477033,10.0614,5465.0,0.879477024078369,5,2634.76,35.7619,1420.5646,2.25,651.0,2.45,9.1,3,0.6,1.3,7.7,3.1,2.0,6,"00161477033-02(1:3,ntoi=2);00161477033-01(1:3,ntoi=2)",True,553.02(1:3),3,3,"TOI553.01:P=14.06,d=0.933mmag,FA;TOI553.02:P=11.92,d=0.739mmag,PC;TOI553.03:P=40.89,d=1.03mmag,PC",True,553.02,,False,462.9,True,3,3,660.0,1.54,10.5,4.3,7.4,3,1.0,5.686322507315324,0.39568631520731135,True,True,False,7.4
178284730,10.3074,5260.0,0.844379007816315,5,2879.65,10.24345,1413.201,3.0,528.0,2.12,11.7,10,2.6,-1.9,11.5,3.5,0.5,7,,False,,1,1,"TOI418.01:P=2.236,d=20.9mmag,KP",True,,,False,651.1,False,10,10,464.0,3.46,9.5,5.9,7.4,7,1.0,3.6479482027772834,0.8223800978632365,False,True,False,7.4
183532609,9.1468,5600.0,1.0,6,2936.45,9.42991,1362.4825,4.2,151.0,1.34,9.3,15,1.5,3.6,11.2,2.8,2.0,9,,False,,1,1,"TOI191.01:P=8.159,d=16.8mmag,KP",True,,,False,336.9,False,13,15,131.0,4.38,9.2,6.0,7.4,7,0.8666666666666667,3.9723192353525048,1.0573168346141977,False,True,False,7.4
79748331,10.0059,4803.0,0.737188994884491,6,2574.62,11.15721,1665.2683,3.15,339.0,1.48,9.8,10,2.7,0.6,10.7,4.0,1.0,15,,False,,2,2,"TOI1064.01:P=6.444,d=1.22mmag,CP;TOI1064.02:P=12.23,d=1.31mmag,CP",False,,,False,509.2,False,10,10,350.0,3.97,9.2,10.9,7.4,6,1.0,3.4285676677522168,0.9187510077831286,False,True,False,7.4
383721338,10.4895,6490.0,1.46589994430542,6,1115.47,5.02992,2391.0816,4.5,171.0,2.09,7.2,27,0.6,-0.1,6.6,3.8,1.0,7,,False,4553.01(4:1),1,2,"TOI4553.01:P=20.31,d=5.65mmag,PC",True,4553.01,,False,638.5,True,23,27,193.0,3.45,8.0,2.7,7.4,10,0.8518518518518519,4.15717402927702,1.0824661099844792,True,True,False,7.4
219776325,10.3727,5740.2,1.19,42,1979.26,103.36256,1768.7001,3.0,676.0,3.37,15.9,10,0.0,0.1,18.5,6.2,2.0,18,,False,,1,1,"TOI1610.01:P=2.529,d=0.42mmag,PC",False,,,False,633.1,False,7,10,264.0,9.93,10.8,32.2,7.4,5,0.7,9.908943542408617,0.3027567961367933,False,True,False,7.4
86951294,9.2564,5598.0,0.98,3,811.2,4.40544,2477.7051,1.58,329.0,1.94,11.2,13,1.8,-0.5,11.7,3.7,1.0,5,,False,,1,1,"TOI4596.01:P=4.119,d=0.784mmag,PC",False,,,False,368.7,False,13,13,181.0,7.16,9.2,8.5,7.3,6,1.0,3.0410398279893696,0.5195591275911179,False,True,False,7.3
437329044,10.1919,6617.0,1.41,3,1490.21,13.40722,2314.6374,6.3,311.0,2.71,8.8,6,0.4,0.5,8.0,4.0,2.0,2,,False,,1,1,"TOI1982.01:P=17.17,d=3.93mmag,PC",True,,,False,516.9,False,6,6,376.0,1.37,9.5,5.1,7.3,4,1.0,5.6165196294922675,1.1216910855111744,False,True,False,7.3
27064468,9.56225,6223.0,1.24,4,759.08,6.96161,2531.3191,6.0,269.0,2.22,12.0,10,2.7,-0.9,12.7,4.3,1.0,10,,False,,2,3,"TOI5126.01:P=5.459,d=1.34mmag,CP;TOI5126.02:P=17.91,d=0.837mmag,CP",False,,,True,422.5,True,10,10,145.0,3.52,10.1,4.1,7.3,5,1.0,4.1437414285178,1.447966796071582,True,True,False,7.3
64837857,10.0252,6500.6,1.37,4,756.77,20.90261,2857.1649,4.8,339.0,2.75,9.4,7,1.6,-0.1,10.3,3.4,2.0,16,,False,,4,8,"TOI6650.01:P=20.33,d=11.5mmag,PC;TOI6650.02:P=30.51,d=1.93mmag,PC;TOI6650.03:P=8.997,d=1.07mmag,FP;TOI6650.04:P=0,d=1.56mmag,PC",True,,,False,517.2,False,6,7,387.0,2.46,10.1,13.8,7.3,5,0.8571428571428571,6.388842442727032,0.7513098097237085,False,True,False,7.3
146172354,10.2855,5771.0,1.18,4,1816.56,14.7923,2296.0895,3.0,569.0,3.07,7.1,3,0.2,-0.9,7.2,5.2,2.0,7,,False,,1,1,"TOI1036.01:P=3.78,d=3mmag,PC",True,,,False,584.3,False,3,3,726.0,1.23,9.3,1.0,7.3,3,1.0,5.153965822152734,0.5820760368851157,False,True,False,7.3
469810663,10.0094,6009.6,1.35,5,2519.31,13.42167,1668.7638,3.6,605.0,3.62,10.2,3,1.8,-0.7,8.7,4.0,1.0,1,,False,,2,2,"TOI7060.01:P=5.85,d=0.477mmag,PC;TOI7060.02:P=1065,d=1.41mmag,PC",False,,,False,553.5,False,3,3,783.0,1.15,10.1,3.0,7.3,3,1.0,5.45799322036669,0.6595830838643177,False,True,False,7.3
233390838,9.53591,6477.6,1.69,13,1898.76,9.31318,1720.5421,1.2,194.0,2.57,7.7,28,0.2,2.1,7.4,3.6,1.0,36,,False,,1,1,"TOI1341.01:P=6.447,d=10.1mmag,FP",True,,,False,382.4,False,24,28,144.0,5.93,8.5,4.4,7.3,7,0.8571428571428571,5.612617284556777,0.21380399538408268,False,True,False,7.3
317132251,9.95471,6720.0,1.6098599433898926,2,302.06,14.35554,3995.563,1.58,603.0,4.31,8.2,5,0.2,0.8,7.7,4.6,1.0,2,,False,,1,2,"TOI7717.01:P=25.21,d=4.96mmag,PC",True,,,False,463.5,False,5,5,608.0,1.86,10.3,6.9,7.2,4,1.0,6.276827615139986,0.25171951451860336,False,True,False,7.2
67418624,8.6344,6011.0,1.73,3,1845.18,3.30952,1792.7407,1.05,447.0,3.99,12.0,8,2.7,0.7,11.9,3.8,1.0,5,"00067418624-01(1:3,ntoi=1);00067418624-01(1:3,ntoi=1);00067418624-01(1:3,ntoi=1);00067418624-01(1:3,ntoi=1);00067418624-01(1:3,ntoi=1)",True,1598.01(1:3),1,1,"TOI1598.01:P=1.102,d=0.63mmag,PC",False,1598.01,,False,246.4,True,6,6,341.0,2.31,10.3,4.2,7.2,5,1.0,4.037947791283226,0.2600330797408153,True,True,False,7.2
301235044,10.0298,4477.0,0.72,3,1380.23,2.56388,2449.9659,3.0,250.0,1.24,8.9,23,2.2,0.9,11.8,2.4,1.0,5,,False,,1,1,"TOI6835.01:P=0.2803,d=0.551mmag,KP",False,,"K2-141 c(P=7.748,Transit,3:1)",False,518.3,True,18,23,137.0,10.01,9.8,9.8,7.2,9,0.782608695652174,2.0672635941909823,1.4511937463756486,True,True,False,7.2
233964642,9.5498,6090.2,1.57,6,1844.91,28.34792,2080.1003,3.15,312.0,3.02,8.7,5,0.6,1.1,9.1,5.6,1.0,8,,False,,1,1,"TOI334.01:P=17.92,d=10.8mmag,APC",True,,,False,361.3,False,5,5,260.0,2.6,9.5,8.9,7.2,4,1.0,7.744293343774598,0.4067511211377587,False,True,False,7.2
170634116,9.6757,6600.0,1.48531997203827,6,2879.66,35.95281,1421.7002,3.6,450.0,3.44,9.3,3,1.9,1.7,8.4,4.4,2.0,10,,False,,1,1,"TOI413.01:P=3.662,d=13.4mmag,KP",True,,,False,396.3,False,3,3,500.0,1.52,9.7,4.5,7.2,3,1.0,8.078534569238917,0.4456253753877491,False,True,False,7.2
22843856,9.8203,6019.0,1.24,7,1468.48,19.59075,1791.5005,4.5,373.0,2.61,11.5,8,0.9,-0.0,14.0,3.9,2.0,12,,False,,1,1,"TOI1644.01:P=1.85,d=6.26mmag,FP",True,,,False,455.6,False,6,8,322.0,3.51,11.1,13.8,7.2,6,0.75,5.850232214798494,0.769200235952514,False,True,False,7.2
310981412,10.2728,6149.0,0.93,7,952.43,40.24403,1700.887,3.15,600.0,2.48,10.0,4,2.0,-1.9,10.1,4.9,2.0,0,,False,,1,1,"TOI1790.01:P=9.625,d=0.586mmag,FA",True,,,False,559.8,False,4,4,701.0,1.62,10.5,11.3,7.2,4,1.0,6.138996904839154,0.5131131435360338,False,True,False,7.2
67535663,10.2696,6758.0,1.45,2,53.05,4.70628,4047.8652,2.4,477.0,3.45,7.7,8,1.6,1.8,7.6,3.6,1.0,0,,False,,1,1,"TOI4299.01:P=6.602,d=0.652mmag,PC",False,,,False,630.8,False,6,7,501.0,1.9,9.0,4.5,7.1,5,0.8571428571428571,4.036573668058093,0.5945636565465154,False,True,False,7.1
9151337,10.4309,4571.0,0.72,2,1119.87,11.20692,1845.2047,3.6,765.0,2.17,10.6,3,0.0,-0.5,11.2,3.7,1.0,1,,False,,1,1,"TOI5572.01:P=5.859,d=1.24mmag,PC",False,,,False,661.0,False,3,3,888.0,1.33,9.6,1.4,7.1,3,1.0,3.3800675700335514,1.0650674654898291,False,True,False,7.1
161738745,9.6235,4935.7,1.94,3,79.06,17.87735,4051.4071,3.15,403.0,4.25,8.8,4,1.2,-1.2,8.7,3.7,1.0,3,,False,,1,1,"TOI6544.01:P=3.625,d=0.812mmag,PC",False,,,False,438.9,True,4,4,528.0,1.24,10.0,7.0,7.1,3,1.0,7.647341683285456,0.41190784071867115,True,True,False,7.1
6764171,10.2692,6055.0,1.13355994224548,3,1077.67,4.31637,3127.2793,3.6,235.0,1.89,7.6,14,1.5,2.3,8.2,4.1,1.0,4,,False,6685.01(5:2),1,1,"TOI6685.01:P=10.77,d=1.03mmag,PC",False,6685.01,,False,525.3,True,13,14,146.0,6.02,9.1,7.4,7.1,5,0.9285714285714286,3.3282109319599407,1.0816622124007045,True,True,False,7.1
101011575,8.5925,4695.0,0.63,4,2198.92,20.09199,1528.9784,4.8,585.0,1.66,22.3,3,0.0,0.7,26.7,4.4,2.0,11,,False,,2,3,"TOI560.01:P=6.398,d=1.8mmag,CP;TOI560.02:P=18.88,d=1.3mmag,CP",False,,,False,341.0,False,3,3,364.0,3.52,10.0,35.6,7.1,3,1.0,3.756438745865909,1.2778060084921032,False,True,False,7.1
99224131,9.93225,6955.0,1.96,4,1139.04,20.58078,2422.8663,3.15,345.0,3.97,7.1,6,2.2,-0.0,7.2,3.4,1.0,6,,False,,1,1,"TOI4486.01:P=2.692,d=7.92mmag,KP",True,,,False,556.5,False,6,6,437.0,1.94,8.6,4.0,7.1,5,1.0,8.069865288035457,0.390341088428112,False,True,False,7.1
131743355,9.3761,10902.0,1.72,5,1488.73,24.82641,2244.2599,4.5,225.0,2.81,7.3,5,2.1,-0.5,7.6,5.2,1.0,7,,False,,1,1,"TOI583.01:P=6.56,d=4.41mmag,PC",True,,,False,346.2,False,5,5,286.0,2.31,9.1,7.3,7.1,4,1.0,7.874057219439055,0.5714969900003569,False,True,False,7.1
387259626,10.1543,6458.8,1.35,12,1897.93,9.41971,1773.5429,2.4,177.0,1.96,7.0,28,0.9,-1.1,7.9,4.6,2.0,21,,False,,1,1,"TOI1455.01:P=3.623,d=19.4mmag,APC",True,,,False,519.5,False,22,28,133.0,5.42,8.1,3.5,7.1,11,0.7857142857142857,4.850389896157588,0.49480558292875526,False,True,False,7.1
186000935,9.76577,5992.0,1.18,2,375.93,5.91561,2421.0742,2.4,308.0,2.26,7.7,9,0.4,1.1,7.1,3.3,2.0,6,"00186000935-01(3:2,ntoi=2);00186000935-01(3:2,ntoi=2);00186000935-02(3:2,ntoi=2);00186000935-01(3:2,ntoi=2);00186000935-02(3:2,ntoi=2)",True,1304.01(3:2),1,1,"TOI1304.01:P=8.874,d=2.12mmag,FP",True,1304.01,,False,467.3,True,8,9,136.0,6.4,9.0,10.4,7.0,4,0.8888888888888888,3.797194213345596,0.6320456276808214,True,True,False,7.0
252479260,9.007,5357.7,1.04,3,1496.84,1.3066,1870.6024,0.75,174.0,1.5,8.4,43,0.6,-0.0,7.2,4.2,0.5,5,,False,,1,1,"TOI1771.01:P=3.212,d=15.8mmag,KP",True,,"HAT-P-22 b(P=3.212,Transit,5:2)",False,307.2,True,36,42,160.0,3.16,7.6,1.3,7.0,9,0.8571428571428571,2.1099787016622313,0.35545382491735744,True,True,False,7.0
241225337,9.75149,5566.0,0.98869001865387,3,1469.93,15.77144,1855.3479,1.8,718.0,2.89,11.6,4,1.8,1.8,11.2,2.8,2.0,4,,False,,1,1,"TOI1727.01:P=1.831,d=0.505mmag,PC",False,,,False,476.4,False,4,4,725.0,1.38,9.2,4.5,7.0,4,1.0,4.679565278004538,0.384651114594037,False,True,False,7.0
119700084,10.1188,5427.0,0.890109002590179,3,1845.51,18.34727,1747.2115,0.5,1552.0,3.83,9.5,3,0.3,1.3,6.7,3.7,2.0,5,"00119700084-01(1:3,ntoi=1);00119700084-01(1:3,ntoi=1);00119700084-01(1:3,ntoi=1);00119700084-01(1:3,ntoi=1);00119700084-01(1:3,ntoi=1)",True,1413.01(1:3),1,1,"TOI1413.01:P=6.118,d=1.96mmag,PC",False,1413.01,,False,505.8,True,3,3,1721.0,1.0,9.9,0.1,7.0,3,1.0,4.588748340122852,0.10896217507247602,True,True,False,7.0
306485267,10.3991,5142.48,0.864650011062622,3,811.47,12.08656,2449.9094,3.15,547.0,2.21,8.1,4,2.1,-1.4,7.1,3.5,0.5,1,,False,,1,1,"TOI4637.01:P=14.35,d=1.14mmag,PC",False,,,False,587.8,True,4,4,644.0,1.88,9.9,7.4,7.0,4,1.0,3.916241203285561,0.8043426940499178,True,True,False,7.0
262880065,10.446,5270.9,0.813543975353241,4,1493.85,20.90616,1938.8208,4.8,486.0,1.96,8.0,4,0.4,-1.4,6.6,4.7,1.0,4,"00262880065-01(2:3,ntoi=1);00262880065-01(2:3,ntoi=1);00262880065-01(2:3,ntoi=1);00262880065-01(2:3,ntoi=1)",True,2256.01(2:3),1,1,"TOI2256.01:P=13.96,d=0.883mmag,PC",False,2256.01,,False,571.6,True,4,4,655.0,1.57,10.8,16.2,7.0,3,1.0,4.513918770060346,1.063377576007162,True,True,False,7.0
71582156,9.16067,5874.0,1.10649001598358,5,1119.87,11.61701,1847.7811,2.25,230.0,1.83,8.1,9,1.1,-1.1,12.6,3.8,1.0,3,,False,,1,2,"TOI5726.01:P=5.491,d=0.487mmag,CP",False,,,False,325.8,False,7,9,135.0,8.06,11.8,22.6,7.0,5,0.7777777777777778,4.555521298867632,0.4939061530805012,False,True,False,7.0
102840239,9.36,4953.9,0.76,5,1816.95,26.51737,2295.931,3.0,425.0,1.71,9.9,4,0.0,1.9,11.8,5.4,2.0,7,,False,,2,2,"TOI815.01:P=11.2,d=1.41mmag,CP;TOI815.02:P=734.5,d=1.09mmag,CP",False,,"TOI-815 c(P=34.98,Transit,4:3)",False,375.6,True,4,4,494.0,1.68,9.2,6.4,7.0,4,1.0,4.669397412895693,0.642481188625059,True,True,False,7.0
262746281,9.74179,5900.8,1.63,5,1029.49,13.66417,2266.3607,2.4,381.0,3.47,7.1,6,0.6,1.2,8.2,3.2,2.0,7,"00262746281-02(2:1,ntoi=2);00262746281-02(2:1,ntoi=2)",True,,1,1,"TOI603.01:P=16.18,d=2.44mmag,CP",False,,"TOI-603 b(P=16.18,Transit,6:5)",True,443.6,True,6,6,495.0,2.77,7.9,4.9,7.0,5,1.0,6.225789736138028,0.38549326297819436,True,True,False,7.0
166836920,8.93,6180.0,1.7092700004577637,6,2846.66,23.22525,1402.4708,4.2,180.0,2.5,8.9,7,0.9,0.5,9.6,4.9,1.0,9,,False,267.01(1:4),1,1,"TOI267.01:P=5.753,d=5.77mmag,KP",True,267.01,"WASP-99 b(P=5.753,Transit,1:4)",False,292.5,True,7,7,146.0,3.31,10.1,8.6,7.0,3,1.0,7.66894353397137,0.5476634403937287,True,True,False,7.0
169081296,9.85155,5740.0,0.952085018157959,7,1875.68,23.42921,1702.5043,2.25,368.0,1.99,7.1,7,0.5,0.4,6.9,4.7,2.0,2,,False,,1,1,"TOI7458.01:P=16.24,d=0.744mmag,KP",False,,,False,517.3,False,6,7,332.0,3.32,8.9,7.7,7.0,5,0.8571428571428571,5.206885127479292,0.432120153395673,False,True,False,7.0
290403522,10.2912,6477.7,1.47,8,2168.04,23.09598,2049.8515,4.5,306.0,2.8,7.7,7,0.3,0.8,9.1,3.8,1.0,5,,False,,1,2,"TOI6798.01:P=22.38,d=7.44mmag,PC",True,,,False,551.6,False,5,7,247.0,5.17,9.1,14.4,7.0,4,0.7142857142857143,6.922537474789783,0.6500506521471235,False,True,False,7.0
339961200,9.7333,5330.0,0.882830023765564,29,2602.07,38.45927,1401.1755,3.15,455.0,2.05,22.4,21,0.3,-0.1,43.2,4.5,1.0,15,,False,,1,1,"TOI724.01:P=3.213,d=0.554mmag,PC",False,,,False,502.2,False,15,21,27.0,153.3,13.5,89.5,7.0,7,0.7142857142857143,5.840634586164906,0.5393249575074619,False,True,False,7.0
426471754,8.9496,5647.1,0.88,2,50.22,17.46932,3209.9483,4.2,289.0,1.63,9.0,3,1.6,-0.8,9.4,6.0,1.0,2,,False,,1,1,"TOI6871.01:P=12.47,d=1.22mmag,PC",False,,,False,280.0,False,3,3,317.0,1.24,9.5,1.3,6.9,3,1.0,4.480110669017377,0.9374768415980194,False,True,False,6.9
152800085,9.5103,6580.0,1.62,2,1105.52,11.42959,3156.0295,1.5,776.0,4.92,10.6,3,1.3,1.0,9.2,4.0,1.0,3,,False,,1,1,"TOI2325.01:P=4.27,d=2.43mmag,APC",False,,,False,363.1,False,3,3,776.0,1.28,9.8,1.3,6.9,3,1.0,5.842004057898031,0.2567612047396804,False,True,False,6.9
425206121,9.654,7346.0,1.67,2,2196.85,10.67455,1498.6922,2.1,423.0,3.75,7.8,4,1.9,-2.6,8.1,5.5,1.0,3,,False,,1,1,"TOI508.01:P=4.612,d=13mmag,KP",True,,,False,383.8,False,4,4,526.0,1.89,10.6,11.6,6.9,4,1.0,5.827323567953367,0.36037127087788395,False,True,False,6.9
40292751,9.77301,6280.0,1.33,2,220.1,1.55999,3314.0318,4.2,235.0,2.22,10.8,27,1.2,-0.4,11.0,2.8,0.5,3,,False,,1,3,"TOI5786.01:P=12.78,d=3.27mmag,CP",True,,,False,662.5,False,20,26,242.0,4.58,8.7,5.8,6.9,12,0.7692307692307693,2.63724205599579,1.5925728131216732,False,True,False,6.9
188876052,9.7758,6401.79,1.43110001087189,2,758.67,3.88427,2826.5781,3.15,195.0,2.18,7.1,12,1.3,0.4,7.2,2.5,1.0,3,,False,,1,1,"TOI5960.01:P=3.076,d=10.4mmag,KP",True,,"HAT-P-8 b(P=3.076,Transit,4:5)",False,422.1,True,11,12,95.0,6.76,8.3,5.9,6.9,5,0.9166666666666666,3.7533991752493723,0.8392392743014648,True,True,False,6.9
192415680,9.2063,5359.0,0.85,3,1845.17,8.6086,1796.388,3.0,190.0,1.28,7.8,9,0.2,-1.0,8.1,2.7,2.0,2,,False,,1,2,"TOI6041.01:P=1094,d=2.56mmag,PC",False,,"TOI-6041 b(P=26.05,Transit,3:1)",False,325.2,True,8,9,205.0,2.24,8.4,5.7,6.9,5,0.8888888888888888,3.457788461472702,0.8676065738047706,True,True,False,6.9
241225337,9.75149,5566.0,0.98869001865387,3,1469.93,12.90079,1847.0511,3.15,559.0,2.55,12.6,5,2.4,0.4,11.4,2.9,2.0,4,,False,,1,1,"TOI1727.01:P=1.831,d=0.505mmag,PC",False,,,False,476.4,False,5,5,645.0,1.92,11.5,16.4,6.9,3,1.0,4.376435133027432,0.7197638955569219,False,True,False,6.9
190271688,10.163,5394.6,1.1891499757766724,4,1791.48,26.16751,2335.4195,3.15,960.0,4.02,11.0,3,0.3,2.2,8.4,3.6,2.0,7,,False,,1,1,"TOI1963.01:P=12.65,d=29.8mmag,FP",True,,,False,672.1,False,3,3,1062.0,1.51,12.4,17.1,6.9,2,1.0,6.265467975533285,0.5027557418377655,False,True,False,6.9
73723286,9.1116,6157.0,1.47641003131866,5,2554.84,25.10519,1558.8175,2.4,433.0,3.35,13.2,6,0.2,-2.6,14.4,3.9,2.0,8,,False,,1,1,"TOI665.01:P=14.07,d=18.1mmag,FP",True,,,False,341.4,False,5,6,380.0,3.16,10.1,22.5,6.9,4,0.8333333333333334,7.138398516723061,0.3362098647725455,False,True,False,6.9
102840239,9.36,4953.9,0.76,5,1816.95,46.30304,2293.3435,4.8,691.0,2.18,12.6,3,2.6,1.0,10.0,4.1,2.0,7,,False,,2,2,"TOI815.01:P=11.2,d=1.41mmag,CP;TOI815.02:P=734.5,d=1.09mmag,CP",False,,"TOI-815 c(P=34.98,Transit,3:4)",False,375.6,True,3,3,592.0,1.7,14.1,10.2,6.9,3,1.0,5.622815810281167,0.8536648117164588,True,True,False,6.9
327579226,10.1786,6659.0,1.41,6,782.48,30.43654,2879.6213,2.1,655.0,3.94,7.4,3,1.5,-0.3,6.7,3.5,2.0,9,,False,,1,1,"TOI1532.01:P=8.905,d=7.3mmag,PC",True,,,False,576.6,False,3,3,797.0,1.03,8.9,1.2,6.9,3,1.0,7.381638895773117,0.28448966816874566,False,True,False,6.9
142394656,10.1495,5091.2,0.9,8,1683.21,26.52435,1715.7455,3.6,594.0,2.39,12.8,5,1.2,0.1,14.9,3.9,2.0,11,,False,,1,1,"TOI1268.01:P=8.158,d=11.2mmag,CP",True,,,False,551.2,False,5,5,302.0,5.48,11.0,33.1,6.9,3,1.0,5.226988568722371,0.6887330922324832,False,True,False,6.9
154872375,9.02855,5962.7,1.15,11,1979.27,14.73949,1697.1337,2.4,422.0,2.58,17.8,10,2.1,-3.3,29.8,3.5,2.0,20,,False,,1,1,"TOI1135.01:P=8.028,d=6.14mmag,CP",True,,,False,374.6,False,7,10,213.0,12.67,20.6,125.6,6.9,6,0.7,5.060199893967927,0.47428956371090186,False,True,False,6.9
256783784,9.4653,5587.0,0.91,4,1872.8,14.07272,1720.2975,3.15,577.0,2.38,12.0,4,0.8,-0.6,10.6,3.1,2.0,6,,False,,1,1,"TOI1432.01:P=6.11,d=0.554mmag,CP",False,,,False,373.1,False,4,4,484.0,2.24,10.9,10.6,6.8,3,1.0,4.262802755344042,0.7389504466400697,False,True,False,6.8
73723286,9.1116,6157.0,1.47641003131866,5,2554.84,21.25297,1557.7706,2.25,784.0,4.51,16.5,3,0.0,0.9,12.7,3.8,2.0,8,"00073723286-01(2:3,ntoi=2);00073723286-01(2:3,ntoi=1);00073723286-01(2:3,ntoi=1);00073723286-01(2:3,ntoi=1);00073723286-01(2:3,ntoi=1);00073723286-01(2:3,ntoi=1);00073723286-01(1:3,ntoi=1)",True,665.01(2:3),1,1,"TOI665.01:P=14.07,d=18.1mmag,FP",True,665.01,,False,341.4,True,3,3,1052.0,1.15,11.0,49.5,6.8,3,1.0,6.752835369058813,0.3331933738988216,True,True,False,6.8
219508169,10.408,5175.0,0.84,6,1523.67,8.04436,1957.5361,6.3,383.0,1.79,13.9,17,1.5,0.7,19.5,4.3,1.0,15,,False,,3,4,"TOI2016.01:P=6.816,d=1.5mmag,PC;TOI2016.02:P=2.459,d=1.28mmag,PC;TOI2016.03:P=25.34,d=1.44mmag,PC",False,,,False,910.5,True,14,17,214.0,7.39,7.9,6.5,6.8,8,0.8235294117647058,3.3539633866539074,1.8783747088799367,True,True,False,6.8
278683844,9.2789,5332.0,0.82,44,2720.37,81.20439,1405.2017,3.0,183.0,1.21,7.9,11,0.8,-1.0,10.8,5.3,2.0,54,,False,,2,2,"TOI119.01:P=5.541,d=0.649mmag,PC;TOI119.02:P=10.69,d=0.541mmag,PC",False,,,False,325.8,False,9,10,190.0,3.51,8.4,6.1,6.8,7,0.9,7.133084438560518,0.42057542229310985,False,True,False,6.8
47720259,10.2807,4742.0,0.75,2,624.71,7.63104,3673.3025,2.25,647.0,2.08,9.2,6,0.0,-0.7,10.1,3.7,1.0,0,,False,,1,1,"TOI2519.01:P=6.955,d=0.82mmag,PC",False,,,False,699.6,False,5,6,754.0,2.27,8.9,8.7,6.7,5,0.8333333333333334,3.055697646003268,0.7363293953323266,False,True,False,6.7
256783784,9.4653,5587.0,0.91,4,1872.8,6.78899,1711.8257,2.4,255.0,1.59,9.7,14,0.7,1.7,14.3,5.1,1.0,6,,False,,1,1,"TOI1432.01:P=6.11,d=0.554mmag,CP",False,,,True,373.1,False,13,14,147.0,6.81,8.6,7.3,6.7,5,0.9285714285714286,3.343266104112789,0.7178608956814982,False,True,False,6.7
190271688,10.163,5394.6,1.1891499757766724,4,1791.48,18.50878,2335.4195,3.15,665.0,3.35,10.0,5,0.3,-0.9,8.2,3.4,2.0,7,,False,,1,1,"TOI1963.01:P=12.65,d=29.8mmag,FP",True,,,False,672.1,False,5,5,668.0,2.41,11.2,20.7,6.7,3,1.0,5.5824560512191885,0.5642677651375422,False,True,False,6.7
321578632,10.2596,5413.7,0.85,4,1846.53,25.29787,1840.8335,1.8,568.0,2.21,7.1,5,0.0,0.3,7.2,3.5,2.0,4,,False,6059.01(1:4);CTOI321578632.01(1:4),1,2,"TOI6059.01:P=6.367,d=0.845mmag,PC",False,6059.01,,False,571.4,True,5,5,804.0,1.59,9.8,6.6,6.7,3,1.0,4.952778396569097,0.3634323718676574,True,True,False,6.7
165625229,9.77081,5888.0,0.98,8,1684.68,15.33669,1739.09,2.1,576.0,2.57,17.4,11,1.2,1.8,23.2,3.3,2.0,1,,False,,1,1,"TOI5705.01:P=10.6,d=1mmag,PC",False,,,False,604.1,False,10,11,199.0,12.62,8.4,18.9,6.7,5,0.9090909090909091,4.608959489586905,0.4556342933246785,False,True,False,6.7
40292751,9.77301,6280.0,1.33,2,220.1,2.53733,3313.2818,3.0,344.0,2.69,10.2,13,1.0,0.6,12.1,3.5,1.0,3,,False,5786.01(5:1),1,3,"TOI5786.01:P=12.78,d=3.27mmag,CP",True,5786.01,"TOI-5786 b(P=12.78,Transit,5:1)",False,662.5,True,10,13,330.0,3.22,8.2,8.8,6.6,7,0.7692307692307693,3.101475628309384,0.9672815006562866,True,True,False,6.6
179739873,10.1115,5996.0,1.39,2,1816.83,1.33871,2335.2237,2.25,171.0,1.98,7.0,33,0.2,1.5,7.4,3.5,1.0,1,,False,,1,1,"TOI6556.01:P=12.96,d=2.64mmag,PC",False,,,False,551.3,False,25,33,153.0,4.41,7.6,2.4,6.6,11,0.7575757575757576,2.580954391013666,0.8717705387720222,False,True,False,6.6
292202337,9.046,6294.0,0.9688860177993774,3,2198.02,12.93326,1610.1004,1.5,383.0,2.07,8.1,4,2.4,-1.2,7.4,4.5,1.0,2,,False,,1,2,"TOI4630.01:P=721.6,d=2.37mmag,PC",False,,,False,294.6,False,4,4,375.0,2.2,10.1,7.4,6.6,4,1.0,4.321416135470036,0.3471084369052198,False,True,False,6.6
379929661,9.6129,7668.6,1.91,3,1487.53,5.61061,2230.1168,1.58,261.0,3.37,7.3,12,0.8,-0.8,7.2,3.8,1.0,6,,False,,1,1,"TOI625.01:P=4.787,d=9.15mmag,CP",True,,,False,383.6,False,11,12,244.0,3.08,8.3,3.8,6.6,6,0.9166666666666666,5.143205762428299,0.30720139791841095,False,True,False,6.6
161738745,9.6235,4935.7,1.94,3,79.06,14.29907,4051.4289,3.0,330.0,3.84,8.2,6,0.5,-2.0,8.7,3.6,1.0,3,,False,,1,1,"TOI6544.01:P=3.625,d=0.812mmag,PC",False,,,False,438.9,True,6,6,424.0,1.57,9.4,7.7,6.6,4,1.0,7.098698180002974,0.4226126993891636,True,True,False,6.6
80682484,9.0397,5910.0,1.05,7,1816.78,40.47299,2305.1555,6.0,233.0,1.75,8.5,3,0.0,0.9,7.1,4.4,2.0,10,,False,,1,1,"TOI2810.01:P=8.404,d=0.532mmag,PC",False,,,False,288.8,False,3,3,246.0,1.09,8.7,0.2,6.6,3,1.0,6.668931500869813,0.8996943512191472,False,True,False,6.6
154923406,9.6446,5011.0,0.78667801618576,14,1979.27,15.06391,1691.8962,3.0,158.0,1.08,7.9,21,1.4,-1.8,13.6,3.2,2.0,8,,False,,1,1,"TOI4590.01:P=25.92,d=0.64mmag,PC",False,,,False,414.1,False,16,21,203.0,4.63,7.8,4.6,6.6,11,0.7619047619047619,3.9571775881326454,0.7581160898608221,False,True,False,6.6
18310799,10.1192,4230.6,0.77,3,758.63,1.17278,2501.7851,1.5,183.0,1.13,7.3,48,1.9,-1.5,6.4,3.1,0.5,2,,False,,1,1,"TOI5087.01:P=17.31,d=2.07mmag,KP",False,,,False,522.8,False,39,48,141.0,5.51,7.2,1.9,6.5,12,0.8125,1.6657415845032755,0.9004998217939671,False,True,False,6.5
20178111,10.2767,5890.0,0.94,3,759.09,6.35357,1470.3412,3.0,457.0,2.19,10.2,9,0.7,1.2,7.6,3.0,0.5,5,,False,,1,1,"TOI467.01:P=1.734,d=1.34mmag,FP",True,,,False,584.8,False,8,9,176.0,12.14,8.3,16.6,6.5,4,0.8888888888888888,3.341689823633176,0.8977493897797847,False,True,False,6.5
308300731,10.4748,5250.0,0.87,3,1495.85,2.05677,2011.7917,4.5,214.0,1.39,7.3,27,0.8,-1.9,8.6,3.4,2.0,4,,False,,1,1,"TOI5743.01:P=7.66,d=10.8mmag,PC",True,,,False,810.1,False,19,27,202.0,6.55,7.7,5.3,6.5,8,0.7037037037037037,2.179129493920652,2.065044786257139,False,True,False,6.5
327579226,10.1786,6659.0,1.41,6,782.48,13.67479,2857.9651,4.5,270.0,2.53,7.1,9,0.6,1.4,6.7,3.4,1.0,9,,False,,1,1,"TOI1532.01:P=8.905,d=7.3mmag,PC",True,,,True,576.6,False,8,8,225.0,3.74,8.7,5.9,6.5,4,1.0,5.653637049820601,0.795947804987374,False,True,False,6.5
83092282,8.5615,7056.0,1.40719997882843,8,2229.09,52.02674,1532.435,4.5,252.0,2.44,9.9,3,0.0,0.7,8.3,3.9,2.0,13,,False,,1,1,"TOI622.01:P=6.403,d=4.15mmag,CP",True,,,False,243.4,False,3,3,294.0,1.34,10.3,5.1,6.5,3,1.0,8.814297645858886,0.5105341549379354,False,True,False,6.5
387260717,9.97595,7257.0,1.02,22,1923.96,51.47275,1774.8369,6.0,251.0,1.76,10.3,10,2.7,-1.7,13.7,3.7,2.0,8,,False,,1,1,"TOI1621.01:P=6.454,d=0.217mmag,PC",False,,,False,497.2,False,8,10,220.0,4.55,10.1,15.6,6.5,7,0.8,7.0870832186662325,0.8466106316060984,False,True,False,6.5
192415680,9.2063,5359.0,0.85,3,1845.17,5.62339,1791.1318,1.8,220.0,1.37,7.8,12,0.8,-2.0,8.8,3.3,1.0,2,,False,,1,2,"TOI6041.01:P=1094,d=2.56mmag,PC",False,,,False,325.2,False,12,12,208.0,3.13,7.7,3.6,6.4,6,1.0,3.0002237588264262,0.5999552515723333,False,True,False,6.4
404421005,9.66562,5673.0,0.9753829836845398,3,2227.55,14.54808,1577.7531,6.3,314.0,1.88,8.1,3,0.4,0.5,7.1,3.3,2.0,4,,False,,1,1,"TOI4628.01:P=6.327,d=0.566mmag,KP",False,,,False,408.3,False,3,3,376.0,1.14,8.8,0.3,6.4,3,1.0,4.514333474857898,1.395554855459213,False,True,False,6.4
308300731,10.4748,5250.0,0.87,3,1495.85,14.22846,2020.8354,6.0,761.0,2.62,9.4,3,1.3,-1.4,8.0,2.9,1.0,4,,False,,1,1,"TOI5743.01:P=7.66,d=10.8mmag,PC",True,,,False,810.1,False,3,3,1070.0,1.01,9.8,2.4,6.3,3,1.0,4.152156952032922,1.4450320807507921,False,True,False,6.3
144645881,9.326,6606.0,1.75209999084473,4,1842.97,8.30646,2335.503,2.4,202.0,2.72,8.2,13,1.6,0.3,8.4,4.0,1.0,4,,False,,1,1,"TOI4333.01:P=8.902,d=1.55mmag,PC",False,,,False,349.4,False,11,13,225.0,3.01,8.1,6.2,6.3,7,0.8461538461538461,5.534174874187581,0.4336689849093937,False,True,False,6.3
423360793,7.848,5988.0,1.255499958992,6,2602.12,16.5552,1396.9923,1.8,171.0,1.79,8.5,5,0.0,-0.2,8.8,3.6,1.0,5,,False,,1,2,"TOI6676.01:P=22.7,d=0.336mmag,PC",False,,,False,169.9,False,5,5,161.0,2.49,9.7,6.4,6.3,5,1.0,5.576960559846653,0.3227564514190313,False,True,False,6.3
378291076,9.53523,6594.0,1.49,6,782.47,27.01365,2867.2388,1.12,794.0,4.58,9.0,3,0.1,-1.8,8.2,3.3,1.0,2,,False,,1,1,"TOI1620.01:P=1.598,d=0.321mmag,PC",False,,,True,395.0,False,3,3,723.0,1.65,9.4,4.8,6.3,3,1.0,7.359701990029379,0.15218007488853896,False,True,False,6.3
298070500,9.74007,6269.0,1.17,7,1683.92,27.55856,1710.0649,1.8,338.0,2.35,7.1,7,0.3,-0.0,7.2,4.4,1.0,1,,False,,1,2,"TOI5395.01:P=6.581,d=0.29mmag,PC",False,,,True,406.1,False,6,7,301.0,2.54,7.6,4.4,6.3,5,0.8571428571428571,6.305957539694927,0.28544435776316396,False,True,False,6.3
138168780,9.88278,6724.0,1.42,9,1663.37,41.26276,1818.6571,4.2,256.0,2.48,7.6,7,0.8,-2.7,8.5,3.8,2.0,16,,False,,1,1,"TOI1651.01:P=3.765,d=16.1mmag,KP",True,,,False,489.2,False,6,7,348.0,1.63,8.8,5.0,6.3,5,0.8571428571428571,8.208301148301805,0.5116771331993499,False,True,False,6.3
233617847,9.80972,5780.0,1.34,38,1979.26,72.09322,1710.1706,2.25,282.0,2.46,7.0,13,1.8,0.8,6.7,4.7,2.0,16,,False,,2,3,"TOI1440.01:P=15.52,d=0.471mmag,PC;TOI1440.02:P=4.627,d=0.165mmag,PC",False,,,False,568.8,False,12,13,297.0,3.44,7.9,3.9,6.3,6,0.9230769230769231,9.51136761301244,0.2365590408809128,False,True,False,6.3
86280613,9.5173,6505.0,1.83,2,758.88,14.09483,2586.2303,4.5,299.0,3.45,7.6,3,1.4,0.1,7.0,4.4,2.0,2,,False,,1,1,"TOI1786.01:P=9.574,d=3.03mmag,FP",True,,,False,373.7,True,3,3,359.0,1.2,8.4,1.1,6.2,3,1.0,6.795096591519389,0.6622422417977426,True,True,False,6.2
357501308,8.962,4218.9,0.622511982917786,4,1496.31,6.29292,1956.4689,4.2,171.0,0.89,8.8,8,2.4,-1.3,9.8,3.2,1.0,4,,False,,1,1,"TOI2018.01:P=7.436,d=1.42mmag,CP",False,,"TOI-2018 b(P=7.436,Transit,6:5)",False,320.2,True,8,8,174.0,2.74,8.4,7.5,6.2,5,1.0,2.5307981485642603,1.6595555052000848,True,True,False,6.2
281731203,9.9623,5287.7,1.73,5,1740.97,11.68435,1553.8399,3.15,307.0,3.31,7.4,7,1.1,2.0,8.3,4.5,1.0,8,"00281731203-01(1:1,ntoi=1);00281731203-01(1:1,ntoi=1);00281731203-01(1:1,ntoi=1);00281731203-01(1:1,ntoi=1);00281731203-01(1:1,ntoi=1);00281731203-01(1:1,ntoi=1);00281731203-01(1:1,ntoi=1);00281731203-01(1:1,ntoi=1)",True,685.01(1:1),1,1,"TOI685.01:P=11.63,d=3.78mmag,KP",True,685.01,"K2-261 b(P=11.63,Transit,1:1)",False,460.8,True,7,7,268.0,3.35,8.0,4.1,6.2,6,1.0,6.1485666055917685,0.5123145282569201,True,True,False,6.2
423360793,7.848,5988.0,1.255499958992,6,2602.12,20.88955,1397.9798,1.5,210.0,1.99,8.8,5,1.5,0.2,9.1,3.9,1.0,5,,False,,1,2,"TOI6676.01:P=22.7,d=0.336mmag,PC",False,,,False,169.9,False,5,5,250.0,1.85,10.1,10.2,6.2,4,1.0,6.0264624857149744,0.2489022380136896,False,True,False,6.2
279177746,10.1503,9706.0,1.87,6,787.06,3.91241,2797.9992,1.12,295.0,3.5,7.5,40,0.2,1.8,7.9,4.5,1.0,8,,False,,1,1,"TOI1353.01:P=4.435,d=2.27mmag,FP",True,,,False,685.9,False,33,40,228.0,5.99,7.3,2.2,6.2,9,0.825,4.496944059702491,0.24905802365575727,False,True,False,6.2
142387023,8.9754,5182.0,0.82,7,1524.13,53.25629,1916.1524,2.25,359.0,1.69,8.7,3,1.5,2.4,8.9,3.3,2.0,5,,False,,1,2,"TOI1824.01:P=22.81,d=1.06mmag,CP",False,,,False,289.6,False,3,3,344.0,1.68,8.4,4.5,6.2,3,1.0,6.197375799281633,0.3630568926061912,False,True,False,6.2
425997655,8.7513,4813.0,0.69,15,2662.74,50.83606,1362.3733,3.15,165.0,0.97,7.6,7,0.8,-0.4,9.0,5.2,1.0,44,,False,,5,6,"TOI174.01:P=17.67,d=0.82mmag,CP;TOI174.02:P=29.8,d=0.667mmag,CP;TOI174.03:P=12.16,d=0.288mmag,CP;TOI174.04:P=3.977,d=0.154mmag,CP;TOI174.05:P=7.908,d=0.231mmag,CP",False,,,False,243.8,False,7,7,186.0,2.49,7.5,5.6,6.2,5,1.0,5.438740224632216,0.5791782416327877,False,True,False,6.2
278683844,9.2789,5332.0,0.82,44,2720.37,79.07678,1345.2955,2.1,201.0,1.27,7.4,11,2.6,-1.5,10.8,5.3,2.0,54,,False,,2,2,"TOI119.01:P=5.541,d=0.649mmag,PC;TOI119.02:P=10.69,d=0.541mmag,PC",False,,,False,325.8,False,11,11,205.0,4.64,7.5,3.7,6.2,6,1.0,7.070235087591088,0.29701982663712173,False,True,False,6.2
152800085,9.5103,6580.0,1.62,2,1105.52,14.06599,3156.0279,1.12,933.0,5.4,10.5,3,0.2,1.3,7.0,3.2,2.0,3,"00152800085-02(1:1,ntoi=2)",True,,1,1,"TOI2325.01:P=4.27,d=2.43mmag,APC",False,,,False,363.1,False,2,2,1020.0,1.0,10.5,0.0,6.1,2,1.0,6.260491138566071,0.1788997021496511,False,True,False,6.1
179319057,10.0032,6231.8,1.52,2,1816.84,14.18382,2339.313,2.4,546.0,3.87,7.9,3,0.4,2.4,6.3,3.4,2.0,2,,False,,1,1,"TOI1961.01:P=6.702,d=1.03mmag,PC",False,,,False,482.3,False,3,3,574.0,1.22,8.4,0.6,6.1,3,1.0,6.016839448366859,0.3988805120355053,False,True,False,6.1
154459165,10.4259,4869.0,0.79,3,1488.68,18.12528,2242.5491,2.4,1073.0,2.82,12.6,4,2.2,1.7,14.0,2.7,2.0,2,,False,,1,1,"TOI611.01:P=3.147,d=1.56mmag,FP",True,,,False,838.4,False,4,4,1144.0,1.71,8.1,15.6,6.1,3,1.0,4.220733483270773,0.5686215463526894,False,True,False,6.1
368628986,9.57157,6317.08,1.37829995155334,4,811.51,19.90468,2462.1624,2.4,315.0,2.67,7.3,5,2.7,1.4,6.9,3.9,2.0,4,,False,,1,1,"TOI6983.01:P=31.16,d=0.366mmag,PC",False,,,False,370.1,False,5,5,399.0,1.87,7.7,5.6,6.1,3,1.0,6.310869329730268,0.3802962594540961,False,True,False,6.1
99224131,9.93225,6955.0,1.96,4,1139.04,34.16527,2420.3538,3.15,540.0,4.97,7.6,3,0.0,-0.4,7.5,3.8,2.0,6,,False,,1,1,"TOI4486.01:P=2.692,d=7.92mmag,KP",True,,,False,556.5,False,3,3,689.0,1.23,8.4,1.8,6.1,3,1.0,9.555218605030985,0.3296627874470053,False,True,False,6.1
70420766,10.2356,6223.0,1.23310005664825,4,2198.29,24.19343,2078.0974,2.25,613.0,3.33,7.5,3,0.0,0.5,6.8,3.1,2.0,7,,False,,1,1,"TOI2304.01:P=9.407,d=1.05mmag,PC",False,,,False,513.5,False,3,3,1024.0,1.01,9.1,12.8,6.1,2,1.0,6.253257614724131,0.3598124591416279,False,True,False,6.1
23740089,10.4985,5595.0,1.14,4,782.13,10.42649,2647.6797,1.8,604.0,3.06,7.3,5,1.3,-0.7,6.5,3.7,0.5,9,,False,,1,1,"TOI1849.01:P=9.863,d=4.65mmag,APC",True,,,False,599.9,False,5,5,856.0,1.09,8.0,4.2,6.1,4,1.0,4.482540669960763,0.4015579851985495,False,True,False,6.1
131743355,9.3761,10902.0,1.72,5,1488.73,41.38033,2244.2411,2.4,390.0,3.71,7.2,3,0.7,1.8,6.8,3.7,2.0,7,,False,,1,1,"TOI583.01:P=6.56,d=4.41mmag,PC",True,,,False,346.2,False,3,3,414.0,1.51,9.3,3.5,6.1,3,1.0,9.335951248885367,0.2570707511231423,False,True,False,6.1
281731203,9.9623,5287.7,1.73,5,1740.97,7.55966,1548.4399,3.15,209.0,2.73,7.4,14,1.5,-0.2,8.5,4.7,1.0,8,,False,,1,1,"TOI685.01:P=11.63,d=3.78mmag,KP",True,,,False,460.8,False,13,14,188.0,5.17,7.5,4.8,6.1,5,0.9285714285714286,5.317895315801878,0.5923396029703559,False,True,False,6.1
366989877,8.4362,6122.0,1.17,6,2575.58,6.98847,1660.7741,0.5,211.0,1.86,7.7,20,0.1,1.5,6.7,3.8,1.0,6,,False,,1,1,"TOI1054.01:P=15.51,d=0.557mmag,CP",False,,,False,227.9,False,17,19,205.0,3.06,7.2,1.3,6.1,7,0.8947368421052632,3.991409042811924,0.125269045251186,False,True,False,6.1
82452140,10.0011,5717.0,1.01496005058289,6,1523.67,15.63655,1968.5514,3.15,292.0,1.89,7.4,8,2.4,-0.5,8.8,5.3,1.0,6,,False,,1,2,"TOI2289.01:P=63.4,d=0.925mmag,PC",False,,,False,475.8,True,7,8,295.0,2.87,9.2,9.0,6.1,6,0.875,4.748479553643025,0.6633702355490455,True,True,False,6.1
83092282,8.5615,7056.0,1.40719997882843,8,2229.09,54.97926,1546.1662,4.2,247.0,2.41,10.1,4,2.4,-0.3,8.7,4.2,2.0,13,,False,,1,1,"TOI622.01:P=6.403,d=4.15mmag,CP",True,,,False,243.4,False,3,4,262.0,1.8,9.3,9.9,6.1,3,0.75,8.977976631801019,0.4678114203508974,False,True,False,6.1
154089169,10.2549,5029.5,0.76,10,1711.22,19.13997,1686.9666,1.8,393.0,1.64,7.8,10,0.4,-1.0,9.5,4.4,1.0,11,,False,,1,1,"TOI1174.01:P=8.953,d=1.23mmag,CP",False,,,False,535.5,False,10,10,394.0,3.3,7.0,3.6,6.1,6,1.0,4.188557095186847,0.42974226185633596,False,True,False,6.1
252479260,9.007,5357.7,1.04,3,1496.84,17.47835,1886.7357,3.15,292.0,1.94,7.8,3,0.0,1.3,7.0,3.6,2.0,5,,False,,1,1,"TOI1771.01:P=3.212,d=15.8mmag,KP",True,,,False,307.2,False,3,3,358.0,1.5,8.6,5.3,6.0,2,1.0,5.008765093330646,0.6288975308892686,False,True,False,6.0
431156009,9.44275,6294.0,1.58,4,730.66,9.39363,2857.8672,4.5,196.0,2.42,7.6,10,1.6,-3.6,7.4,3.3,0.5,6,,False,,1,1,"TOI1394.01:P=2.958,d=1.06mmag,FP",True,,,False,376.5,False,10,10,148.0,3.05,8.0,2.6,6.0,3,1.0,5.381758044592342,0.83615799200071,False,True,False,6.0
20318757,10.2103,4272.0,0.68,4,1817.11,18.81237,2299.7112,4.2,397.0,1.48,8.3,5,2.9,2.0,9.2,3.0,2.0,16,,False,,3,4,"TOI1027.01:P=3.283,d=1.69mmag,PC;TOI1027.02:P=11.03,d=1.84mmag,PC;TOI1027.03:P=5.011,d=1.31mmag,PC",False,,,False,519.4,False,4,5,206.0,5.89,9.7,17.9,6.0,3,0.8,3.866892271095582,1.0861435244509774,False,True,False,6.0
167905035,8.6282,5816.0,1.10194003582001,6,2555.15,23.23628,1547.9973,4.8,174.0,1.59,7.7,4,1.3,1.5,7.4,4.4,2.0,3,,False,,1,1,"TOI4191.01:P=742.9,d=0.451mmag,PC",False,,,False,233.9,False,4,4,196.0,1.62,9.1,7.8,6.0,2,1.0,5.72403748547813,0.8385689318383377,False,True,False,6.0
79748331,10.0059,4803.0,0.737188994884491,6,2574.62,52.78942,1664.0339,3.0,632.0,2.02,10.1,3,0.0,-0.2,10.6,3.8,2.0,15,,False,,2,2,"TOI1064.01:P=6.444,d=1.22mmag,CP;TOI1064.02:P=12.23,d=1.31mmag,CP",False,,,False,509.2,False,3,3,865.0,1.51,9.5,19.3,6.0,2,1.0,5.755854667116838,0.5212084344552654,False,True,False,6.0
346929661,10.1976,6178.0,1.23,6,782.48,8.72086,2857.4274,4.2,215.0,1.97,7.2,15,0.1,-0.2,7.6,3.7,1.0,4,,False,,1,1,"TOI2043.01:P=12.01,d=1.27mmag,PC",False,,,False,584.8,False,13,15,250.0,2.89,6.9,3.9,6.0,8,0.8666666666666667,4.442882283388258,0.945332271283355,False,True,False,6.0
169081296,9.85155,5740.0,0.952085018157959,7,1875.68,17.77915,1684.7199,1.5,354.0,1.95,7.1,11,0.1,0.9,7.3,3.2,1.0,2,,False,,1,1,"TOI7458.01:P=16.24,d=0.744mmag,KP",False,,,False,517.3,False,10,11,317.0,3.57,7.2,3.4,6.0,6,0.9090909090909091,4.749294633173734,0.3158363748423878,False,True,False,6.0
278683844,9.2789,5332.0,0.82,44,2720.37,51.85365,1373.5939,1.58,218.0,1.32,8.1,14,0.8,0.3,12.0,6.3,1.0,54,"00278683844-03(3:1,ntoi=3)",True,,2,2,"TOI119.01:P=5.541,d=0.649mmag,PC;TOI119.02:P=10.69,d=0.541mmag,PC",False,,,False,325.8,False,11,14,169.0,6.81,8.3,12.4,6.0,6,0.7857142857142857,6.1424831377653994,0.2572249633516772,False,True,False,6.0
449197831,8.71008,6092.0,1.32975,2,1871.27,11.21219,2184.8266,1.58,357.0,2.74,8.4,3,1.1,1.3,8.4,3.6,1.0,2,"00449197831-01(1:3,ntoi=1);00449197831-01(1:3,ntoi=1)",True,2458.01(1:3),1,1,"TOI2458.01:P=3.737,d=0.337mmag,CP",False,2458.01,"TOI-2458 c(P=16.55,Radial Velocity,3:2);TOI-2458 b(P=3.737,Transit,1:3)",False,254.1,True,3,3,344.0,1.26,7.7,0.7,5.9,3,1.0,5.088835859211311,0.3104835847947501,True,True,False,5.9
440100539,8.7282,5861.6,1.21,2,1117.22,11.04286,1769.0069,0.62,470.0,2.86,7.5,4,0.1,-0.6,6.2,3.4,1.0,0,,False,,1,1,"TOI1548.01:P=12.6,d=0.869mmag,FA",True,,,False,275.7,False,4,4,525.0,1.11,7.5,0.6,5.9,4,1.0,4.754363644604791,0.130406516275542,False,True,False,5.9
262781201,9.34567,6613.8,1.42,2,1767.42,7.84584,1522.7193,3.0,251.0,2.46,7.3,5,1.9,0.7,7.0,4.2,1.0,1,,False,6096.01(1:6),1,1,"TOI6096.01:P=1.315,d=0.309mmag,FP",True,6096.01,,False,334.4,True,5,5,299.0,1.39,8.1,2.9,5.9,4,1.0,4.720054421976436,0.6355858919829583,True,True,False,5.9
188876052,9.7758,6401.79,1.43110001087189,2,758.67,11.41363,2834.3437,2.4,476.0,3.41,7.6,4,0.3,1.5,7.4,2.6,1.0,3,,False,,1,1,"TOI5960.01:P=3.076,d=10.4mmag,KP",True,,,False,422.1,False,4,4,574.0,1.11,8.0,1.4,5.9,3,1.0,5.376044818182183,0.44642484971163593,False,True,False,5.9
420529106,10.3012,4504.0,0.72,3,105.01,18.5998,4053.0909,3.15,675.0,2.04,7.6,3,0.0,-1.8,7.9,4.8,1.0,1,,False,,1,1,"TOI6558.01:P=9.533,d=1.28mmag,PC",False,,,False,649.4,False,3,3,959.0,1.07,9.9,6.7,5.9,3,1.0,4.001898318646066,0.7871264457977827,False,True,False,5.9
357501308,8.962,4218.9,0.622511982917786,4,1496.31,12.01913,1963.2939,1.8,452.0,1.44,9.2,3,1.0,-2.7,10.1,3.4,1.0,4,,False,,1,1,"TOI2018.01:P=7.436,d=1.42mmag,CP",False,,,False,320.2,False,3,3,444.0,1.29,7.3,0.4,5.9,3,1.0,3.1400106086331947,0.5732464709039682,False,True,False,5.9
431156009,9.44275,6294.0,1.58,4,730.66,43.12817,2858.3172,3.6,332.0,3.14,7.4,3,1.4,-1.8,7.6,3.4,2.0,6,,False,,1,1,"TOI1394.01:P=2.958,d=1.06mmag,FP",True,,,False,376.5,False,3,3,316.0,1.49,8.2,1.3,5.9,3,1.0,8.944718874026167,0.4024721235738044,False,True,False,5.9
64837857,10.0252,6500.6,1.37,4,756.77,13.82194,2864.2149,4.8,532.0,3.45,10.4,4,2.8,0.4,10.8,3.7,2.0,16,,False,,4,8,"TOI6650.01:P=20.33,d=11.5mmag,PC;TOI6650.02:P=30.51,d=1.93mmag,PC;TOI6650.03:P=8.997,d=1.07mmag,FP;TOI6650.04:P=0,d=1.56mmag,PC",True,,,True,517.2,True,4,4,454.0,2.36,10.8,13.8,5.9,3,1.0,5.566023128088171,0.8623751446122204,True,True,False,5.9
293687315,9.823,6840.0,1.91,5,1491.95,21.31461,1947.2923,2.4,447.0,4.4,8.3,5,1.2,0.8,7.9,3.5,2.0,7,,False,,1,1,"TOI1300.01:P=2.872,d=9.34mmag,KP",True,,,False,455.3,False,5,5,477.0,1.93,8.3,5.8,5.9,3,1.0,8.025208708160903,0.2990576428946227,False,True,False,5.9
274151135,10.2809,4664.0,0.76,7,1844.59,39.0097,2055.3643,3.6,482.0,1.82,9.1,6,2.0,0.8,10.6,5.6,2.0,8,,False,,1,1,"TOI1105.01:P=10.87,d=1.79mmag,PC",False,,,False,563.7,False,6,6,222.0,6.79,9.7,21.2,5.9,4,1.0,5.310575151177636,0.6778926759376881,False,True,False,5.9
154923406,9.6446,5011.0,0.78667801618576,14,1979.27,13.94225,1688.7587,2.4,226.0,1.29,9.5,18,2.7,-1.9,14.6,3.7,2.0,8,,False,,1,1,"TOI4590.01:P=25.92,d=0.64mmag,PC",False,,,True,414.1,False,12,18,101.0,15.11,9.5,16.7,5.9,4,0.6666666666666666,3.856416436953826,0.6223394281287096,False,True,False,5.9
177258735,7.5412,6283.39,1.3560899496078491,41,2720.36,117.05974,1365.6232,0.5,220.0,2.2,7.6,7,1.5,-0.5,10.6,6.4,2.0,7,,False,,1,1,"TOI801.01:P=0.7757,d=0.0479mmag,PC",False,,,False,155.4,False,7,7,179.0,4.96,7.3,5.9,5.9,4,1.0,11.268596044108413,0.04437109982848451,False,True,False,5.9
177077336,10.0686,4907.96,0.76,43,2691.55,100.11344,1365.4008,3.15,285.0,1.4,9.0,12,1.9,0.2,11.4,5.1,2.0,12,,False,,1,1,"TOI723.01:P=1.418,d=0.222mmag,PC",False,,,False,474.6,False,10,12,134.0,10.41,9.5,20.7,5.9,3,0.8333333333333334,7.270788032156358,0.43324052166953053,False,True,False,5.9
178959058,9.783,6793.0,1.68,2,1109.61,3.14364,3043.4552,3.0,194.0,2.55,7.7,15,2.8,-0.9,7.0,3.5,1.0,0,,False,,1,1,"TOI4332.01:P=5.447,d=0.915mmag,FP",True,,,False,450.3,False,13,15,211.0,2.73,6.9,3.2,5.8,8,0.8666666666666667,3.892471283095807,0.7707185954147886,False,True,False,5.8
176778112,9.6114,5600.0,0.98,3,758.82,4.01756,1414.2358,0.75,991.0,3.37,9.3,4,0.1,-0.7,9.6,7.4,1.0,4,"00176778112-01(1:3,ntoi=1);00176778112-01(1:3,ntoi=1);00176778112-01(1:3,ntoi=1);00176778112-01(1:3,ntoi=1)",True,408.01(1:3),1,1,"TOI408.01:P=1.337,d=0.76mmag,FP",True,408.01,,False,365.3,True,3,3,940.0,1.15,8.0,0.6,5.8,3,1.0,2.9490341492516525,0.25432055447385044,True,True,False,5.8
321578632,10.2596,5413.7,0.85,4,1846.53,19.73809,1821.096,2.4,605.0,2.28,7.1,3,0.7,1.4,7.4,3.6,2.0,4,,False,,1,2,"TOI6059.01:P=6.367,d=0.845mmag,PC",False,,,False,571.4,False,3,3,732.0,1.9,9.6,12.8,5.8,3,1.0,4.559556686920972,0.5263669617014233,False,True,False,5.8
121338379,9.58094,6218.0,1.3227299451828,5,2581.37,13.4227,1501.806,0.5,585.0,3.49,7.3,7,1.0,-0.5,5.4,3.7,2.0,9,,False,,1,1,"TOI498.01:P=0.275,d=0.764mmag,APC",False,,,False,425.3,False,7,7,619.0,1.33,6.9,0.6,5.8,5,1.0,5.38438012305323,0.09286120009604251,False,True,False,5.8
393414358,10.439,5570.0,1.79224002361298,6,2577.39,14.31507,1476.2164,0.9,845.0,5.68,8.8,7,0.4,0.2,12.7,5.6,1.0,9,,False,,1,1,"TOI483.01:P=4.378,d=7.71mmag,KP",True,,,False,570.5,False,7,7,587.0,4.17,8.8,9.3,5.8,5,1.0,6.736023088667742,0.13360999333777565,False,True,False,5.8
164458714,9.03131,6304.0,1.43,11,1875.68,51.12278,1703.3582,2.25,255.0,2.49,7.5,5,2.3,0.3,8.2,3.5,2.0,4,,False,,1,1,"TOI4589.01:P=17.83,d=0.314mmag,KP",False,,,False,315.9,False,5,5,294.0,1.88,8.5,5.1,5.8,4,1.0,8.857350003321093,0.25402631703120626,False,True,False,5.8
184952758,9.0349,5653.0,0.97,2,761.81,12.04227,1523.0734,1.2,552.0,2.49,8.3,3,2.4,1.3,7.3,3.3,2.0,3,,False,,1,1,"TOI719.01:P=4.11,d=0.471mmag,FP",True,,,False,302.3,False,3,3,444.0,2.81,9.0,15.8,5.7,3,1.0,4.223043649257623,0.28415524433685413,False,True,False,5.7
47720259,10.2807,4742.0,0.75,2,624.71,14.47011,3675.9744,4.5,612.0,2.02,8.6,3,1.6,0.6,9.2,3.0,2.0,0,,False,,1,1,"TOI2519.01:P=6.955,d=0.82mmag,PC",False,,,False,699.6,False,3,3,634.0,2.16,7.0,4.7,5.7,3,1.0,3.782158692923296,1.1897967180541207,False,True,False,5.7
149282072,10.4787,5025.0,0.79,2,1495.86,12.64181,2021.1975,4.5,776.0,2.4,9.1,3,1.4,-0.2,8.8,2.8,1.0,2,,False,,1,1,"TOI4461.01:P=3.701,d=1.13mmag,FP",True,,,False,782.6,False,3,3,717.0,1.76,10.1,7.9,5.7,3,1.0,3.743082860261879,1.202217575190191,False,True,False,5.7
357416482,8.2057,6362.6,1.34,3,1496.22,9.059,1956.9812,3.15,182.0,1.97,10.1,6,0.6,-1.6,8.6,3.4,1.0,5,,False,,1,1,"TOI2017.01:P=5.498,d=14.1mmag,FP",True,,,False,234.5,True,6,6,198.0,1.73,8.3,5.3,5.7,4,1.0,4.763998098714686,0.6612093318949606,True,True,False,5.7
34077285,9.2563,4935.0,0.82,3,2088.82,9.60267,2204.6006,1.8,382.0,1.75,8.0,5,0.1,-0.1,8.5,3.9,2.0,10,"00034077285-03(3:2,ntoi=3);00034077285-01(2:3,ntoi=3);00034077285-01(2:3,ntoi=3);00034077285-03(3:2,ntoi=3);00034077285-01(2:3,ntoi=2);00034077285-01(2:3,ntoi=2)",True,880.01(2:3);880.03(3:2),3,3,"TOI880.01:P=6.387,d=3.82mmag,PC;TOI880.02:P=2.574,d=0.803mmag,CP;TOI880.03:P=14.33,d=1.08mmag,PC",True,880.01;880.03,"TOI-880 c(P=6.387,Transit,2:3)",False,364.1,True,5,5,331.0,2.83,7.4,6.4,5.7,4,1.0,3.50118342455465,0.5141118821071078,True,True,False,5.7
381714186,10.2173,5382.69,0.848098993301392,3,761.12,17.90294,1931.4593,3.6,390.0,1.83,7.0,5,1.9,0.4,7.4,3.3,2.0,4,,False,,1,2,"TOI1839.01:P=1.424,d=0.783mmag,CP",False,,,False,562.4,False,5,5,490.0,1.95,8.9,8.4,5.7,3,1.0,4.407044588685534,0.8168739679290953,False,True,False,5.7
306485267,10.3991,5142.48,0.864650011062622,3,811.47,15.78942,2450.9125,3.6,397.0,1.88,7.6,6,1.8,0.2,7.4,3.8,1.0,1,,False,,1,1,"TOI4637.01:P=14.35,d=1.14mmag,PC",False,,,False,587.8,False,6,6,481.0,2.42,7.9,10.3,5.7,3,1.0,4.2811185478783305,0.8409017315776307,False,True,False,5.7
31374837,8.1705,4891.0,0.726631999015808,5,2852.49,22.23197,1445.3844,1.2,297.0,1.37,9.4,5,0.5,0.6,10.8,4.0,1.0,10,,False,,2,2,"TOI431.01:P=12.46,d=2.26mmag,CP;TOI431.02:P=0.4901,d=0.316mmag,CP",False,,,False,205.1,False,5,5,253.0,1.99,8.6,5.1,5.7,4,1.0,4.273108851884449,0.2808259844517646,False,True,False,5.7
31374837,8.1705,4891.0,0.726631999015808,5,2852.49,20.72835,1453.9156,3.0,185.0,1.08,9.0,6,1.9,-0.5,12.0,4.8,1.0,10,,False,431.01(3:5),2,2,"TOI431.01:P=12.46,d=2.26mmag,CP;TOI431.02:P=0.4901,d=0.316mmag,CP",False,431.01,"TOI-431 d(P=12.46,Transit,3:5)",False,205.1,True,5,6,155.0,3.38,9.3,15.4,5.7,4,0.8333333333333334,4.174516844912347,0.7186460401174861,True,True,False,5.7
255930614,7.6262,6084.0,1.46,6,1523.67,35.15581,1958.0706,3.15,165.0,2.05,9.4,4,2.8,0.4,8.9,3.4,2.0,10,,False,,1,1,"TOI2024.01:P=2.876,d=3.43mmag,KP",True,,,False,155.3,False,4,4,240.0,1.12,8.2,6.5,5.7,3,1.0,7.927006861253598,0.39737571256521537,False,True,False,5.7
423360793,7.848,5988.0,1.255499958992,6,2602.12,34.0089,1395.8298,0.9,275.0,2.27,8.2,4,0.6,-1.0,8.8,3.6,2.0,5,"00423360793-01(2:3,ntoi=1);00423360793-01(2:3,ntoi=2)",True,6676.01(2:3),1,2,"TOI6676.01:P=22.7,d=0.336mmag,PC",False,6676.01,,False,169.9,True,4,4,249.0,1.5,7.0,1.5,5.7,4,1.0,7.089522050671653,0.1269479089799481,True,True,False,5.7
368435330,8.6259,5922.0,1.05,2,735.53,12.71116,1901.5162,4.2,413.0,2.33,11.7,3,0.8,-0.2,10.9,3.2,1.0,4,,False,,2,3,"TOI1797.01:P=3.645,d=0.847mmag,CP;TOI1797.02:P=1.038,d=0.228mmag,CP",False,,,False,259.7,False,3,3,369.0,1.5,11.1,4.9,5.6,3,1.0,4.5331096255871515,0.9265163093107405,False,True,False,5.6
262584907,7.13,5872.1,1.19,3,1380.59,5.90064,2453.4492,0.5,240.0,2.01,10.1,7,0.4,-2.7,11.2,3.5,1.0,0,,False,,1,1,"TOI6837.01:P=0.9494,d=0.148mmag,PC",False,,,False,142.3,False,7,7,158.0,2.48,8.2,3.9,5.6,3,1.0,3.8153932580380148,0.1310480902451231,False,True,False,5.6
292202337,9.046,6294.0,0.9688860177993774,3,2198.02,13.20066,1608.3238,1.12,424.0,2.18,7.9,4,2.6,2.1,8.0,5.2,2.0,2,,False,,1,2,"TOI4630.01:P=721.6,d=2.37mmag,PC",False,,,False,294.6,False,4,4,353.0,2.97,9.5,14.7,5.6,3,1.0,4.350995507318624,0.2574123549693618,False,True,False,5.6
301235044,10.0298,4477.0,0.72,3,1380.23,11.34827,2449.9909,3.0,803.0,2.23,9.7,3,0.5,-0.5,11.8,2.4,2.0,5,,False,,1,1,"TOI6835.01:P=0.2803,d=0.551mmag,KP",False,,,False,518.3,False,3,3,961.0,1.64,9.9,7.3,5.6,3,1.0,3.39421888114581,0.88385578686878,False,True,False,5.6
357501308,8.962,4218.9,0.622511982917786,4,1496.31,7.43109,1960.5001,3.6,230.0,1.03,8.7,5,0.2,0.4,9.7,3.1,1.0,4,"00357501308-01(1:1,ntoi=1);00357501308-01(1:1,ntoi=1);00357501308-01(1:1,ntoi=1);00357501308-01(2:3,ntoi=1)",True,2018.01(1:1),1,1,"TOI2018.01:P=7.436,d=1.42mmag,CP",False,2018.01,"TOI-2018 b(P=7.436,Transit,1:1)",False,320.2,True,5,5,192.0,2.99,8.9,10.9,5.6,3,1.0,2.6750030296563696,1.3457928683028277,True,True,False,5.6
354519019,9.4951,5824.0,0.923281013965607,5,2251.71,5.77804,1441.7214,6.0,175.0,1.33,13.4,21,2.3,0.9,13.1,3.6,1.0,2,"00354519019-01(3:1,ntoi=1);00354519019-01(3:1,ntoi=1)",True,2507.01(3:1),1,1,"TOI2507.01:P=17.31,d=0.714mmag,PC",False,2507.01,,False,413.9,True,18,21,119.0,10.41,7.1,7.2,5.6,8,0.8571428571428571,3.199074927016114,1.8755421916911474,True,True,False,5.6
167905035,8.6282,5816.0,1.10194003582001,6,2555.15,10.19435,1554.0645,1.12,168.0,1.56,7.1,13,1.8,1.5,6.8,3.7,1.0,3,,False,,1,1,"TOI4191.01:P=742.9,d=0.451mmag,PC",False,,,False,233.9,False,12,13,133.0,3.23,7.6,1.7,5.6,6,0.9230769230769231,4.349441048037348,0.2575043523133603,False,True,False,5.6
304100538,9.5268,5551.0,0.906282007694244,9,2607.82,17.70442,1331.5172,3.0,291.0,1.69,10.8,10,0.3,-0.9,20.4,4.6,2.0,5,,False,,1,1,"TOI1116.01:P=5.01,d=0.445mmag,PC",False,,,False,398.5,False,8,10,238.0,7.55,10.7,29.9,5.6,5,0.8,4.589278715353167,0.6536974949818745,False,True,False,5.6
458478250,9.76703,5787.0,0.96,19,1926.78,71.67566,1726.3331,2.25,318.0,1.87,7.1,6,2.1,-2.2,8.7,4.7,2.0,28,,False,,1,1,"TOI1165.01:P=2.255,d=22.8mmag,KP",True,,,False,407.0,False,5,6,363.0,2.59,8.0,8.5,5.6,4,0.8333333333333334,7.600573263334664,0.29603030219497395,False,True,False,5.6
150151262,9.9059,4504.0,0.72,30,2659.5,39.52685,1422.8826,1.12,412.0,1.59,10.7,18,2.5,1.3,18.0,4.2,2.0,34,,False,,4,4,"TOI712.01:P=9.531,d=0.989mmag,CP;TOI712.02:P=51.7,d=1.45mmag,CP;TOI712.03:P=53.75,d=1.69mmag,FA;TOI712.04:P=84.84,d=1.11mmag,CP",True,,"TOI-712 c(P=51.7,Transit,4:3)",False,513.4,True,14,18,354.0,6.47,7.1,5.7,5.6,9,0.7777777777777778,5.145102449289605,0.21768274024449033,True,True,False,5.6
368435330,8.6259,5922.0,1.05,2,735.53,20.22677,1901.5412,4.2,324.0,2.06,11.1,3,1.1,-0.8,12.3,4.0,2.0,4,,False,,2,3,"TOI1797.01:P=3.645,d=0.847mmag,CP;TOI1797.02:P=1.038,d=0.228mmag,CP",False,,,False,259.7,False,2,3,315.0,1.67,10.5,15.7,5.5,2,0.6666666666666666,5.292286401494129,0.7936078438261103,False,True,False,5.5
252479260,9.007,5357.7,1.04,3,1496.84,25.31326,1886.7326,3.0,283.0,1.91,7.3,3,2.9,-1.0,7.1,3.7,2.0,5,,False,,1,1,"TOI1771.01:P=3.212,d=15.8mmag,KP",True,,,False,307.2,False,3,3,338.0,1.65,8.1,6.7,5.5,2,1.0,5.66691302059463,0.5293887499415351,False,True,False,5.5
6764171,10.2692,6055.0,1.13355994224548,3,1077.67,16.89633,3137.6106,1.8,672.0,3.2,7.9,4,0.4,-0.8,7.8,3.8,2.0,4,,False,,1,1,"TOI6685.01:P=10.77,d=1.03mmag,PC",False,,,False,525.3,False,4,4,791.0,2.02,8.5,10.3,5.5,4,1.0,5.245280873136278,0.343165608007515,False,True,False,5.5
356473034,10.4467,5267.0,1.08,3,1119.86,20.3227,1845.2528,0.5,1943.0,5.19,9.9,4,1.3,-2.1,8.8,3.6,2.0,6,,False,,1,1,"TOI1720.01:P=2.616,d=14.6mmag,KP",True,,,False,1017.7,False,4,4,1895.0,1.34,8.1,1.2,5.5,4,1.0,5.401129618214,0.09257322733264375,False,True,False,5.5
142937186,9.0138,4072.0,0.68,4,2146.05,18.4369,2156.2318,4.5,308.0,1.3,8.3,3,1.1,2.8,8.1,4.6,2.0,4,,False,,1,1,"TOI2427.01:P=1.306,d=0.608mmag,CP",False,,,False,308.0,False,3,3,332.0,1.42,9.7,2.3,5.5,3,1.0,3.840993178473994,1.1715719843553136,False,True,False,5.5
76989773,9.683,5569.0,0.96,5,2906.03,22.83324,1357.267,3.15,297.0,1.8,7.5,6,1.8,-0.4,7.9,3.6,2.0,8,,False,,1,1,"TOI182.01:P=1.769,d=9.54mmag,APC",True,,,False,420.9,False,6,6,252.0,3.73,8.2,7.3,5.5,4,1.0,5.190927499553259,0.6068279705835027,False,True,False,5.5
293687315,9.823,6840.0,1.91,5,1491.95,57.64494,1980.2548,2.4,465.0,4.49,8.3,4,1.5,-0.2,8.1,3.6,2.0,7,,False,,1,1,"TOI1300.01:P=2.872,d=9.34mmag,KP",True,,,False,455.3,False,4,4,559.0,1.94,10.2,16.0,5.5,3,1.0,11.181093246333935,0.21464806232493533,False,True,False,5.5
408618999,8.3302,5656.0,1.41,8,1871.96,21.12232,1791.442,1.8,164.0,1.97,8.6,10,0.3,0.9,10.9,4.4,1.0,11,"00408618999-01(1:3,ntoi=1);00408618999-01(1:3,ntoi=1);00408618999-01(1:3,ntoi=1);00408618999-01(1:3,ntoi=1);00408618999-01(1:3,ntoi=1);00408618999-01(1:3,ntoi=1);00408618999-01(1:3,ntoi=1);00408618999-01(1:3,ntoi=1);00408618999-01(1:3,ntoi=1);00408618999-01(1:3,ntoi=1);00408618999-01(2:3,ntoi=1)",True,1736.01(1:3),1,1,"TOI1736.01:P=7.073,d=0.477mmag,CP",False,1736.01,"TOI-1736 b(P=7.073,Transit,1:3)",False,213.7,True,10,10,86.0,8.92,8.7,12.6,5.5,3,1.0,6.53534082966793,0.27542557410758034,True,True,False,5.5
290403522,10.2912,6477.7,1.47,8,2168.04,41.7078,2039.239,1.8,764.0,4.43,8.4,3,0.0,-0.3,9.1,3.8,2.0,5,,False,,1,2,"TOI6798.01:P=22.38,d=7.44mmag,PC",True,,,False,551.6,False,3,3,600.0,2.25,7.9,5.5,5.5,3,1.0,8.429961890292667,0.21352409695620922,False,True,False,5.5
48018596,9.00772,5660.0,1.47,12,1951.25,57.91457,1748.4374,3.0,234.0,2.45,7.7,5,2.2,2.2,9.1,5.1,2.0,5,,False,,1,2,"TOI2295.01:P=60.07,d=1.08mmag,PC",False,,,False,305.5,False,5,5,201.0,3.0,7.5,6.7,5.5,4,1.0,9.404790576770528,0.31898636928820984,False,True,False,5.5
233684822,9.89947,5779.0,1.45,33,1979.26,111.56302,1700.9091,3.15,532.0,3.65,12.1,6,0.2,-0.4,13.1,6.7,2.0,32,,False,,1,1,"TOI1253.01:P=4.676,d=0.802mmag,FP",True,,,False,469.8,False,5,6,325.0,5.77,9.8,33.5,5.5,3,0.8333333333333334,11.595613099333688,0.2716544587177548,False,True,False,5.5
167719618,9.0803,5334.0,0.796253979206085,43,2720.36,86.57161,1351.9849,1.5,267.0,1.42,10.0,12,2.1,-0.0,11.8,5.1,2.0,12,,False,,1,1,"TOI4503.01:P=710.7,d=0.751mmag,PC",False,,,False,301.5,False,9,12,209.0,6.85,8.9,14.5,5.5,7,0.75,7.145531464409328,0.20992140437296286,False,True,False,5.5
28294709,9.67952,6404.0,1.31,2,1871.15,10.16085,1765.3217,1.2,571.0,3.42,7.2,4,0.0,0.6,6.1,2.8,1.0,0,,False,,1,1,"TOI4607.01:P=5.511,d=0.565mmag,PC",False,,,False,418.6,False,4,4,532.0,1.09,7.5,0.0,5.4,4,1.0,4.875649802361323,0.24612103999323917,False,True,False,5.4
425206121,9.654,7346.0,1.67,2,2196.85,23.05357,1498.5922,2.1,569.0,4.35,7.4,3,1.8,-0.1,6.5,3.4,2.0,3,,False,508.01(1:5),1,1,"TOI508.01:P=4.612,d=13mmag,KP",True,508.01,"KELT-19 A b(P=4.612,Transit,1:5)",False,383.8,True,3,3,451.0,2.21,10.0,8.4,5.4,2,1.0,7.532376230787254,0.2787964827641803,True,True,False,5.4
49687222,9.8343,6101.0,1.01859,3,1116.03,15.1654,1365.3675,3.15,399.0,2.22,8.0,4,2.5,0.4,7.8,2.9,2.0,3,,False,254.01(4:3),1,1,"TOI254.01:P=20.19,d=1.09mmag,FA",True,254.01,,False,414.9,True,4,4,380.0,2.53,9.6,12.5,5.4,4,1.0,4.71149993396715,0.6685768957122016,True,True,False,5.4
287256467,8.8975,5674.0,0.94,4,1495.83,12.8794,1990.7297,1.8,344.0,1.9,8.7,6,1.4,-1.6,11.8,3.4,2.0,7,,False,,1,1,"TOI2141.01:P=18.26,d=1.05mmag,CP",False,,,False,290.2,False,5,6,351.0,2.37,8.0,14.4,5.4,3,0.8333333333333334,4.2292050317057095,0.42561190259296316,False,True,False,5.4
20318757,10.2103,4272.0,0.68,4,1817.11,7.06266,2285.5674,4.5,228.0,1.12,7.3,11,0.7,0.9,9.2,3.0,1.0,16,,False,,3,4,"TOI1027.01:P=3.283,d=1.69mmag,PC;TOI1027.02:P=11.03,d=1.84mmag,PC;TOI1027.03:P=5.011,d=1.31mmag,PC",False,,,False,519.4,False,10,11,116.0,10.13,7.8,8.6,5.4,5,0.9090909090909091,2.7895683204636175,1.6131528190182896,False,True,False,5.4
438260486,7.564,4544.0,0.75,5,811.48,22.37491,2468.588,1.58,185.0,1.11,10.0,5,2.2,-0.7,10.2,3.9,1.0,4,,False,,1,1,"TOI5084.01:P=5.832,d=0.298mmag,PC",False,,,False,166.0,False,5,5,172.0,3.27,10.5,18.5,5.4,3,1.0,4.373571544999216,0.36126081024250933,False,True,False,5.4
344926234,9.1299,5872.0,1.02918,5,1767.41,19.16362,1535.4462,4.5,369.0,2.16,12.3,5,1.5,1.3,12.6,3.3,2.0,0,,False,,1,1,"TOI634.01:P=0.4936,d=0.268mmag,FA",True,,,False,327.7,False,4,5,306.0,1.95,10.7,16.5,5.4,3,0.8,5.128948868699297,0.8773727551589341,False,True,False,5.4
303317324,9.4961,4159.0,0.7210839986801147,5,2936.45,23.79638,1354.2518,1.5,356.0,1.48,7.5,6,0.7,0.3,7.2,3.0,2.0,4,"00303317324-01(2:3,ntoi=1)",True,4310.01(5:4),1,2,"TOI4310.01:P=29.57,d=1.52mmag,CP",False,4310.01,"TOI-4310 b(P=29.57,Transit,5:4)",False,373.9,True,6,6,312.0,1.25,6.1,0.3,5.4,5,1.0,4.348797293610561,0.34492295196280226,True,True,False,5.4
142378043,9.8916,6311.5,1.61,5,1816.31,16.2205,2319.8195,0.75,619.0,4.37,7.8,6,0.3,-1.1,6.9,4.2,1.0,7,,False,,1,1,"TOI1997.01:P=1.836,d=1.17mmag,PC",False,,,False,426.1,False,6,6,567.0,2.09,6.9,1.8,5.4,4,1.0,6.538030724362764,0.11471344073151317,False,True,False,5.4
269238073,9.68805,6153.0,1.5,6,782.48,42.98216,2875.6083,1.8,665.0,4.22,8.4,3,1.1,-3.3,7.9,3.6,2.0,5,,False,,1,1,"TOI1520.01:P=6.146,d=0.758mmag,FP",True,,,False,450.3,False,3,3,505.0,1.56,7.8,1.5,5.4,3,1.0,8.63041896041777,0.20856461409990087,False,True,False,5.4
300293197,9.4906,5873.97,1.0887099504470823,42,2720.36,87.2732,1342.2289,3.0,360.0,2.25,14.2,10,0.5,-0.4,18.5,4.8,2.0,57,,False,,1,1,"TOI211.01:P=6.564,d=2.33mmag,APC",False,,,False,387.7,False,8,10,199.0,9.86,12.1,48.5,5.4,5,0.8,8.826260116601201,0.3398948093946764,False,True,False,5.4
278683844,9.2789,5332.0,0.82,44,2720.37,106.2421,1419.0142,2.4,226.0,1.35,7.8,8,0.8,-3.0,10.8,5.3,2.0,54,,False,,2,2,"TOI119.01:P=5.541,d=0.649mmag,PC;TOI119.02:P=10.69,d=0.541mmag,PC",False,,,False,325.8,False,7,8,167.0,4.96,8.6,18.7,5.4,3,0.875,7.801589188654915,0.30762963057450965,False,True,False,5.4
241442273,8.4492,5387.2,0.84,2,1109.92,18.66166,3043.822,1.12,341.0,1.69,7.3,3,1.2,-1.2,6.5,4.7,2.0,0,,False,,1,1,"TOI4626.01:P=17.48,d=0.858mmag,PC",False,,,False,219.6,False,3,3,350.0,1.24,8.1,1.2,5.3,3,1.0,4.439948257676173,0.2522551919526642,False,True,False,5.3
395171208,9.03527,6696.0,1.8,2,569.3,13.84688,2832.0676,6.0,327.0,3.55,7.9,4,1.0,-1.0,6.3,3.9,1.0,3,,False,,1,1,"TOI1333.01:P=4.72,d=7.31mmag,CP",True,,,True,431.0,False,4,4,360.0,1.2,7.5,0.2,5.3,3,1.0,6.680986696038537,0.8980709396648964,False,True,False,5.3
179739873,10.1115,5996.0,1.39,2,1816.83,7.1723,2338.7956,4.5,293.0,2.59,7.1,6,0.8,1.3,7.0,3.1,1.0,1,,False,,1,1,"TOI6556.01:P=12.96,d=2.64mmag,PC",False,,,False,551.3,False,6,6,332.0,1.64,6.8,2.4,5.3,5,1.0,4.516177226687693,0.9964179380312853,False,True,False,5.3
47720259,10.2807,4742.0,0.75,2,624.71,2.80302,3667.5244,4.2,285.0,1.38,9.0,15,1.2,3.0,9.8,3.5,1.0,0,,False,2519.01(5:2),1,1,"TOI2519.01:P=6.955,d=0.82mmag,PC",False,2519.01,,False,699.6,True,12,15,276.0,2.42,6.4,4.2,5.3,6,0.8,2.1883890605268546,1.919219975898093,True,True,False,5.3
47720259,10.2807,4742.0,0.75,2,624.71,11.34002,3675.1155,0.62,1214.0,2.85,7.9,4,0.5,-2.1,8.9,2.8,1.0,0,,False,,1,1,"TOI2519.01:P=6.955,d=0.82mmag,PC",False,,,False,699.6,False,4,4,1020.0,2.45,8.8,11.2,5.3,2,1.0,3.4870144182698506,0.17780253409666857,False,True,False,5.3
252479260,9.007,5357.7,1.04,3,1496.84,4.5701,1874.1857,0.75,274.0,1.88,7.2,12,1.0,-2.2,7.1,4.1,1.0,5,,False,,1,1,"TOI1771.01:P=3.212,d=15.8mmag,KP",True,,,True,307.2,False,11,12,269.0,1.55,6.3,1.0,5.3,3,0.9166666666666666,3.2028683503448208,0.2341651038885988,False,True,False,5.3
88684250,10.0998,8388.0,1.86,4,1842.51,16.87047,2232.7532,3.0,339.0,3.74,7.1,6,1.7,1.6,8.6,3.7,2.0,6,,False,,1,1,"TOI990.01:P=4.587,d=3.61mmag,PC",True,,,False,489.6,False,6,6,309.0,3.74,8.1,8.1,5.3,4,1.0,7.293332009965135,0.41133462673864224,False,True,False,5.3
451645081,9.9222,4498.94,0.668361008167267,5,2502.12,21.73177,1584.7421,4.2,738.0,1.98,13.1,3,0.0,-0.2,15.7,3.7,2.0,8,,False,,1,1,"TOI783.01:P=8.113,d=1.33mmag,CP",False,,,False,511.5,False,3,3,413.0,4.27,12.5,54.1,5.3,3,1.0,4.010951380698391,1.0471331116630718,False,True,False,5.3
161477033,10.0614,5465.0,0.879477024078369,5,2634.76,17.17963,1418.4552,3.6,294.0,1.64,7.4,8,1.2,0.5,7.7,3.2,1.0,6,,False,,3,3,"TOI553.01:P=14.06,d=0.933mmag,FA;TOI553.02:P=11.92,d=0.739mmag,PC;TOI553.03:P=40.89,d=1.03mmag,PC",True,,,False,462.9,True,7,7,246.0,3.5,8.1,6.5,5.3,4,1.0,4.4534429667452065,0.8083633330171636,True,True,False,5.3
322202434,10.2505,5521.0,0.94,5,270.44,32.75919,1758.311,4.8,462.0,2.2,7.1,3,1.3,-0.2,6.7,4.8,1.0,2,,False,,1,1,"TOI1617.01:P=1.401,d=1.66mmag,FP",True,,,False,556.8,False,3,3,560.0,1.19,7.9,1.5,5.3,3,1.0,5.773040196220949,0.8314509923457827,False,True,False,5.3
80682484,9.0397,5910.0,1.05,7,1816.78,38.34268,2305.1555,6.0,170.0,1.49,7.2,4,1.8,-0.3,6.9,3.4,2.0,10,,False,,1,1,"TOI2810.01:P=8.404,d=0.532mmag,PC",False,,,False,288.8,False,3,4,239.0,1.15,7.6,7.2,5.3,3,0.75,6.549809192637437,0.9160572199178761,False,True,False,5.3
48018596,9.00772,5660.0,1.47,12,1951.25,40.04376,1741.8249,2.4,270.0,2.64,8.1,6,1.5,0.6,9.3,5.3,1.0,5,"00048018596-01(3:2,ntoi=1)",True,2295.01(3:2),1,2,"TOI2295.01:P=60.07,d=1.08mmag,PC",False,2295.01,"TOI-2295 b(P=30.03,Transit,3:4)",False,305.5,True,5,5,252.0,2.26,6.6,2.4,5.3,5,1.0,8.31632526815414,0.28858900086440403,True,True,False,5.3
154840461,8.40534,6528.3,1.69,13,1979.27,37.6196,1697.3336,4.8,169.0,2.4,10.3,5,2.0,-0.5,11.6,4.1,2.0,22,,False,,1,1,"TOI1153.01:P=6.036,d=1.07mmag,APC",False,,,False,226.8,False,5,5,128.0,3.52,8.9,13.6,5.3,3,1.0,8.938627136193817,0.5369952149099153,False,True,False,5.3
167342439,10.0906,5409.22,1.0210100412368788,37,2720.36,84.39072,1338.0811,0.5,712.0,2.97,7.3,8,2.9,0.1,6.1,4.6,2.0,13,,False,,2,2,"TOI707.01:P=52.8,d=0.588mmag,PC;TOI707.02:P=17.48,d=0.177mmag,PC",False,,,False,468.2,False,8,8,529.0,3.49,6.4,1.3,5.3,6,1.0,8.36231520432391,0.05979205372950598,False,True,False,5.3
71512186,8.7784,7064.0,1.62231004238129,3,2221.45,24.41974,1488.7811,3.6,216.0,2.6,7.3,3,0.0,-0.1,6.3,2.9,2.0,4,,False,,1,1,"TOI525.01:P=14.86,d=0.604mmag,PC",False,,,False,250.0,True,3,3,246.0,1.42,7.7,3.7,5.2,3,1.0,7.531437508819903,0.4779963978701434,True,True,False,5.2
256783784,9.4653,5587.0,0.91,4,1872.8,19.55001,1724.4132,3.6,337.0,1.82,8.7,4,0.9,-0.9,6.8,3.8,2.0,6,,False,,1,1,"TOI1432.01:P=6.11,d=0.554mmag,CP",False,,,False,373.1,False,4,4,325.0,2.83,8.3,16.5,5.2,2,1.0,4.756471332007313,0.7568635967118797,False,True,False,5.2
317548889,6.7799,6212.63,1.50004005432129,5,2822.28,21.23117,1476.4654,0.5,238.0,2.53,10.4,5,1.6,0.2,11.3,4.3,1.0,7,,False,,1,1,"TOI480.01:P=6.866,d=0.363mmag,CP",False,,,False,120.9,False,5,5,196.0,2.57,6.2,4.8,5.2,4,1.0,6.822363269228333,0.07328838706892168,False,True,False,5.2
16884216,8.5049,4958.0,0.695992,5,1496.32,7.2171,1958.406,2.4,165.0,0.97,7.7,8,0.0,1.8,8.8,2.5,1.0,1,,False,,1,1,"TOI2023.01:P=11.19,d=0.617mmag,APC",False,,,False,242.8,False,8,8,123.0,4.86,8.3,9.7,5.2,3,1.0,2.853636820836961,0.8410320411046872,False,True,False,5.2
71582156,9.16067,5874.0,1.10649001598358,5,1119.87,18.65893,1861.1405,3.6,212.0,1.76,7.6,6,0.5,1.1,11.5,3.2,2.0,3,,False,,1,2,"TOI5726.01:P=5.491,d=0.487mmag,CP",False,,,False,325.8,False,5,6,130.0,8.2,9.8,31.8,5.2,3,0.8333333333333334,5.3350136985279,0.6747873957649545,False,True,False,5.2
232967666,10.3874,5807.0,1.14,5,765.34,50.0149,1881.3195,1.58,763.0,3.43,8.8,4,1.5,-0.5,10.9,5.5,2.0,9,,False,,1,1,"TOI1167.01:P=15.2,d=2.14mmag,FP",True,,,False,561.4,False,4,4,743.0,2.16,10.8,21.8,5.2,2,1.0,7.559817820953811,0.20899974541987756,False,True,False,5.2
403224672,7.384,5795.29,1.13,8,2907.2,20.59229,1327.8879,0.6,155.0,1.53,7.4,9,2.3,0.8,8.2,3.3,2.0,11,,False,,1,1,"TOI141.01:P=1.008,d=0.248mmag,CP",False,,,False,159.8,False,9,9,199.0,1.98,6.0,1.4,5.2,5,1.0,5.5910769770299815,0.1073138507062237,False,True,False,5.2
21535395,7.6586,5723.87,0.945408,2,765.24,9.35505,1872.7637,1.0,182.0,1.39,7.1,5,0.6,-1.4,6.7,4.4,1.0,2,,False,,1,1,"TOI1776.01:P=2.801,d=0.222mmag,CP",False,,,False,172.3,False,5,5,207.0,1.59,6.4,1.5,5.1,4,1.0,3.816247331889139,0.26203752352313464,False,True,False,5.1
395171208,9.03527,6696.0,1.8,2,569.3,9.51257,2829.1832,2.25,358.0,3.72,7.4,5,0.8,-1.7,7.2,2.9,1.0,3,"00395171208-01(1:2,ntoi=1);00395171208-01(1:2,ntoi=1);00395171208-01(1:2,ntoi=1)",True,1333.01(1:2),1,1,"TOI1333.01:P=4.72,d=7.31mmag,CP",True,1333.01,"TOI-1333 b(P=4.72,Transit,1:2)",False,431.0,True,4,4,385.0,1.3,6.2,0.3,5.1,4,1.0,5.895073885089172,0.38167460558740146,True,True,False,5.1
28294709,9.67952,6404.0,1.31,2,1871.15,7.22899,1771.7279,1.5,431.0,2.97,7.3,5,0.3,-0.0,7.1,4.5,1.0,0,,False,,1,1,"TOI4607.01:P=5.511,d=0.565mmag,PC",False,,,False,418.6,True,5,5,409.0,1.48,6.5,0.6,5.1,5,1.0,4.352596071948324,0.34462191648501966,True,True,False,5.1
37749396,8.4991,4111.0,0.6181730031967163,3,1846.82,16.88988,1390.1312,4.5,170.0,0.88,7.4,3,2.7,2.2,7.4,2.7,2.0,3,,False,260.01(4:5),1,1,"TOI260.01:P=13.48,d=0.77mmag,CP",False,260.01,"TOI-260 b(P=13.48,Transit,4:5)",False,221.1,True,3,3,200.0,1.38,7.9,4.3,5.1,3,1.0,3.5007183560647452,1.2854504539629903,True,True,False,5.1
379929661,9.6129,7668.6,1.91,3,1487.53,13.10411,2235.034,2.4,319.0,3.72,7.2,5,2.4,-0.4,7.2,3.7,2.0,6,,False,,1,1,"TOI625.01:P=4.787,d=9.15mmag,CP",True,,,False,383.6,False,5,5,328.0,2.66,7.1,8.2,5.1,3,1.0,6.823906206108934,0.35170471684553034,False,True,False,5.1
431156009,9.44275,6294.0,1.58,4,730.66,36.71698,2868.2172,6.3,240.0,2.67,7.0,3,0.1,-1.4,7.5,3.4,2.0,6,,False,,1,1,"TOI1394.01:P=2.958,d=1.06mmag,FP",True,,,False,376.5,False,3,3,269.0,1.86,8.6,9.7,5.1,3,1.0,8.477517005795361,0.7431421247156712,False,True,False,5.1
88684250,10.0998,8388.0,1.86,4,1842.51,18.68209,2240.7782,3.0,383.0,3.97,7.3,6,1.5,1.9,9.2,4.3,2.0,6,,False,,1,1,"TOI990.01:P=4.587,d=3.61mmag,PC",True,,,False,489.6,True,6,6,472.0,2.35,7.8,9.9,5.1,4,1.0,7.545570424277027,0.3975842555716976,True,True,False,5.1
389352124,9.0532,6562.0,1.47,5,2196.33,35.48099,2065.0409,3.6,263.0,2.6,7.5,3,0.6,0.4,7.4,3.3,2.0,7,,False,,1,1,"TOI2197.01:P=4.955,d=7.35mmag,KP",True,,,False,313.9,False,3,3,340.0,1.0,7.8,1.0,5.1,3,1.0,7.987638965469602,0.4506963841959715,False,True,False,5.1
7422496,8.7601,5744.0,0.879320979118347,7,2607.67,28.56374,1459.987,0.5,432.0,1.99,8.2,7,1.4,0.7,9.2,4.0,1.0,3,,False,,1,2,"TOI4189.01:P=46.96,d=0.823mmag,PC",False,,"HD 35843 c(P=46.96,Transit,5:3)",False,266.4,True,7,7,299.0,3.58,6.2,3.9,5.1,5,1.0,5.275273016068066,0.09478182427279865,True,True,False,5.1
83092282,8.5615,7056.0,1.40719997882843,8,2229.09,42.41141,1547.1787,4.8,240.0,2.38,9.3,3,2.2,-2.5,8.4,3.9,2.0,13,,False,,1,1,"TOI622.01:P=6.403,d=4.15mmag,CP",True,,,False,243.4,False,3,3,218.0,1.82,9.7,7.1,5.1,3,1.0,8.233915599576799,0.5829547245112285,False,True,False,5.1
83092282,8.5615,7056.0,1.40719997882843,8,2229.09,28.60263,1530.4662,3.0,199.0,2.16,8.4,5,0.4,1.2,8.6,4.3,2.0,13,,False,,1,1,"TOI622.01:P=6.403,d=4.15mmag,CP",True,,,False,243.4,False,4,5,246.0,2.23,9.1,17.8,5.1,3,0.8,7.220725411310425,0.4154707219998769,False,True,False,5.1
207084429,7.1995,5883.0,1.77,9,2906.03,52.38127,1402.3261,1.58,210.0,2.8,9.6,3,0.0,0.9,10.5,3.8,2.0,13,,False,,1,1,"TOI381.01:P=4.896,d=0.391mmag,FP",True,,,False,153.5,False,3,3,158.0,2.26,5.9,2.8,5.1,3,1.0,10.293960075635646,0.15348806371802798,False,True,False,5.1
304100538,9.5268,5551.0,0.906282007694244,9,2607.82,15.53676,1332.9235,3.6,252.0,1.57,12.0,14,1.4,-1.9,16.3,3.2,2.0,5,,False,,1,1,"TOI1116.01:P=5.01,d=0.445mmag,PC",False,,,False,398.5,False,12,14,172.0,11.49,10.2,27.4,5.1,6,0.8571428571428571,4.393770329403817,0.8193418704451213,False,True,False,5.1
229605578,10.0308,6102.0,1.2054200172424316,16,1979.26,75.48386,1687.6036,4.5,383.0,2.57,8.2,4,0.0,0.8,8.5,4.5,2.0,3,,False,,1,1,"TOI7626.01:P=5.071,d=0.25mmag,PC",False,,,False,519.2,False,4,4,427.0,2.5,9.0,15.5,5.1,3,1.0,9.000195162957338,0.4999891578485908,False,True,False,5.1
292202337,9.046,6294.0,0.9688860177993774,3,2198.02,24.8817,1612.7957,1.58,398.0,2.11,7.4,3,2.2,-0.0,7.0,4.0,2.0,2,,False,,1,2,"TOI4630.01:P=721.6,d=2.37mmag,PC",False,,,False,294.6,False,3,3,291.0,2.82,9.0,11.9,5.0,3,1.0,5.374648946300567,0.2939726884092648,False,True,False,5.0
146523262,10.2994,6808.4,1.01507,3,2116.33,11.79299,2185.1398,1.2,620.0,2.76,7.6,6,2.0,1.2,5.2,3.9,1.0,3,,False,,1,1,"TOI2465.01:P=3.759,d=0.969mmag,PC",False,,,False,569.2,False,6,6,498.0,2.62,6.7,3.1,5.0,4,1.0,4.32261874541761,0.27760949338225005,False,True,False,5.0
349071261,10.3099,6408.3,1.27487003803253,3,784.98,10.55745,2481.624,3.15,431.0,2.89,8.0,7,0.9,-0.8,7.9,3.8,1.0,5,,False,,1,1,"TOI4601.01:P=2.788,d=8.81mmag,PC",True,,,False,628.9,False,7,7,300.0,4.97,6.9,8.3,5.0,5,1.0,4.84959250799524,0.6495391096894798,False,True,False,5.0
303317324,9.4961,4159.0,0.7210839986801147,5,2936.45,26.69515,1354.2861,3.15,327.0,1.42,8.1,4,0.1,1.6,8.5,4.4,2.0,4,,False,,1,2,"TOI4310.01:P=29.57,d=1.52mmag,CP",False,,,False,373.9,False,4,4,281.0,2.15,7.6,6.0,5.0,3,1.0,4.5186598968060085,0.6971093359397464,False,True,False,5.0
364107753,7.0514,6059.06,1.31,6,2522.62,13.59461,1639.7916,1.5,165.0,1.84,9.5,4,0.7,-1.6,9.6,5.2,2.0,9,,False,,1,1,"TOI909.01:P=3.904,d=0.277mmag,FP",True,,,True,135.7,False,4,4,180.0,1.93,7.9,6.3,5.0,3,1.0,5.372520428184612,0.27919856612008337,False,True,False,5.0
63698669,9.9312,5256.0,0.795284986495972,6,2936.45,9.80303,1357.4573,3.0,247.0,1.36,8.1,13,0.4,-0.3,11.5,4.2,1.0,2,,False,,1,2,"TOI1892.01:P=1838,d=0.852mmag,PC",False,,,False,440.9,False,11,12,96.0,12.79,7.4,11.7,5.0,4,0.9166666666666666,3.454169092410535,0.8685156747512938,False,True,False,5.0
279177746,10.1503,9706.0,1.87,6,787.06,23.14903,2807.7753,0.62,1012.0,6.49,8.1,7,0.9,0.5,8.5,4.3,1.0,8,,False,,1,1,"TOI1353.01:P=4.435,d=2.27mmag,FP",True,,,False,685.9,False,7,7,728.0,3.12,6.9,4.3,5.0,4,1.0,8.133552937462353,0.07622745001687274,False,True,False,5.0
346929661,10.1976,6178.0,1.23,6,782.48,15.19158,2859.5868,3.15,300.0,2.32,7.2,11,0.2,2.0,7.7,3.5,1.0,4,,False,,1,1,"TOI2043.01:P=12.01,d=1.27mmag,PC",False,,,False,584.8,True,10,11,298.0,3.63,7.9,6.0,5.0,5,0.9090909090909091,5.345799712654259,0.5892476653293814,True,True,False,5.0
366443426,8.4642,6352.33,1.309415011405945,8,2225.2,55.80481,1510.044,1.2,274.0,2.36,7.0,4,1.8,0.4,6.0,3.7,2.0,10,,False,,2,2,"TOI4304.01:P=15.57,d=0.413mmag,KP;TOI4304.03:P=31.72,d=0.318mmag,KP",False,,"HIP 41378 d(P=278.4,Transit,5:1)",False,217.7,True,4,4,231.0,2.07,6.9,2.6,5.0,4,1.0,8.599708206350677,0.1395396182295847,True,True,False,5.0
270341214,8.8784,6409.0,1.46862995624542,9,2581.55,11.52389,1336.1841,0.75,257.0,2.57,8.3,14,1.8,-3.2,9.3,3.3,1.0,14,,False,173.02(4:5),2,2,"TOI173.01:P=29.75,d=6.92mmag,PC;TOI173.02:P=9.17,d=0.332mmag,PC",True,173.02,,False,267.2,True,11,14,184.0,6.63,8.8,11.1,5.0,6,0.7857142857142857,5.487184760527396,0.13668211163494964,True,True,False,5.0
317597583,8.9943,5504.0,0.83,11,1897.93,52.83079,1802.8808,3.0,379.0,1.76,8.7,3,0.0,-0.8,8.9,4.5,2.0,17,,False,,1,1,"TOI1630.01:P=12.06,d=0.877mmag,CP",False,,,False,314.3,False,3,3,237.0,3.67,9.4,21.7,5.0,3,1.0,6.2309756954154505,0.48146552749472327,False,True,False,5.0
238898571,9.954701,5867.0,0.85030198097229,11,2607.67,48.54796,1478.7205,2.4,401.0,1.86,7.9,6,2.8,-0.4,8.7,4.2,2.0,6,,False,,1,1,"TOI863.01:P=0.5251,d=0.301mmag,PC",False,,,False,458.4,False,6,6,279.0,4.33,8.9,9.6,5.0,5,1.0,6.1562193139731445,0.38984965895425044,False,True,False,5.0
280830734,9.4668,6340.3,1.660889983177185,13,2607.82,65.96104,1354.5042,2.4,275.0,3.0,7.3,6,1.9,0.4,8.7,5.3,2.0,8,,False,,1,1,"TOI188.01:P=1.162,d=0.263mmag,FP",True,,,False,344.5,False,5,6,371.0,1.98,7.1,9.9,5.0,5,0.8333333333333334,10.654458188975745,0.22525781766015088,False,True,False,5.0
159418353,9.812,4814.0,0.78,17,1979.26,8.3426,1688.9018,0.75,236.0,1.31,8.1,45,2.9,-2.3,19.9,2.6,1.0,9,"00159418353-01(1:1,ntoi=1);00159418353-01(1:1,ntoi=1);00159418353-01(1:1,ntoi=1);00159418353-01(1:1,ntoi=1);00159418353-01(1:1,ntoi=1);00159418353-01(1:1,ntoi=1);00159418353-01(1:1,ntoi=1);00159418353-01(1:1,ntoi=2)",True,1739.01(1:1),1,1,"TOI1739.01:P=8.303,d=0.62mmag,CP",False,1739.01,"TOI-1739 b(P=8.303,Transit,1:1)",False,477.6,True,29,45,173.0,18.36,5.1,2.5,5.0,10,0.6444444444444445,3.231259491862987,0.23210763539377227,True,True,False,5.0
349488688,8.40302,6329.0,1.3961900472641,3,1495.83,8.32636,1987.6923,0.9,241.0,2.36,7.2,7,0.4,0.9,6.1,3.5,1.0,5,"00349488688-01(1:1,ntoi=1)",True,,2,4,"TOI2319.01:P=0,d=0.929mmag,CP;TOI2319.02:P=11.62,d=0.528mmag,KP",False,,,False,244.3,False,7,7,273.0,1.36,6.5,1.1,4.9,4,1.0,4.760541775801863,0.18905411240686038,False,True,False,4.9
157667414,10.1658,4271.0,0.677846014499664,4,1495.86,5.89591,2013.7164,1.2,405.0,1.49,7.3,14,2.3,0.3,7.5,3.6,1.0,7,,False,,1,1,"TOI4576.01:P=10.48,d=1.92mmag,PC",False,,,False,624.7,False,12,14,360.0,3.75,6.5,3.0,4.9,6,0.8571428571428571,2.6210739478018548,0.4578276019287329,False,True,False,4.9
317548889,6.7799,6212.63,1.50004005432129,5,2822.28,22.80046,1484.1674,0.6,185.0,2.23,9.7,6,1.1,1.9,10.2,5.8,2.0,7,,False,,1,1,"TOI480.01:P=6.866,d=0.363mmag,CP",False,,,False,120.9,False,6,6,179.0,2.31,6.5,5.9,4.9,5,1.0,6.98647432798659,0.08588022682578325,False,True,False,4.9
101230735,9.6652,5687.9,1.14,5,2575.58,10.87235,1658.5089,0.62,433.0,2.59,7.1,10,1.6,-1.0,6.1,4.0,1.0,3,,False,,1,1,"TOI1060.01:P=2.069,d=0.545mmag,APC",False,,,False,403.2,False,9,10,375.0,2.97,6.0,2.8,4.9,5,0.9,4.545545435190738,0.136397272635332,False,True,False,4.9
467666275,8.004,6711.0,1.7756799459457395,7,2528.82,27.19408,1572.5203,1.12,272.0,3.19,7.0,3,0.5,-0.1,6.7,3.8,2.0,5,,False,,1,1,"TOI1204.01:P=1.381,d=0.128mmag,PC",False,,,True,187.5,False,3,3,264.0,1.35,6.7,0.9,4.9,3,1.0,8.291050191553909,0.13508542031755444,False,True,False,4.9
199376584,8.0417,6125.0,1.27,7,1875.68,37.32961,1687.5985,2.25,191.0,1.92,7.3,4,0.0,-1.4,7.5,3.6,2.0,14,"00199376584-01(1:2,ntoi=1);00199376584-01(1:2,ntoi=1);00199376584-01(1:2,ntoi=2);00199376584-01(1:2,ntoi=2);00199376584-01(1:2,ntoi=1)",True,1456.01(1:2),1,1,"TOI1456.01:P=18.71,d=6.61mmag,CP",True,1456.01,"HD 332231 b(P=18.71,Transit,1:2)",False,194.4,True,3,3,299.0,1.03,7.7,7.1,4.9,3,1.0,7.369339968502313,0.3053190665129909,True,True,False,4.9
186812530,9.19813,7887.0,1.68,7,1793.73,21.44246,1511.7551,1.58,301.0,3.18,7.4,6,2.3,1.1,8.5,3.5,2.0,11,,False,,1,1,"TOI503.01:P=3.677,d=4.3mmag,CP",True,,,False,305.6,False,6,6,198.0,4.96,8.1,10.8,4.9,3,1.0,7.381976948551704,0.21403480544733833,False,True,False,4.9
263003176,7.4371,6295.7,1.1374200582504272,9,2581.55,44.4678,1346.362,0.62,308.0,2.18,10.6,5,1.3,-0.4,10.1,4.7,2.0,14,,False,,1,1,"TOI130.01:P=14.34,d=0.394mmag,CP",False,,,False,152.7,False,4,5,185.0,2.95,7.8,8.0,4.9,4,0.8,7.2583420480350105,0.08541895599530851,False,True,False,4.9
194736418,9.3229,6305.0,1.62,2,1871.96,18.64162,1790.8343,3.15,417.0,3.61,8.2,3,2.2,-0.9,6.8,3.3,2.0,3,,False,,1,1,"TOI6038.01:P=5.827,d=1.16mmag,CP",False,,,False,385.8,False,3,3,397.0,2.32,9.2,8.0,4.8,3,1.0,6.876691168683652,0.45806913859168963,False,True,False,4.8
317132251,9.95471,6720.0,1.6098599433898926,2,302.06,20.52897,4003.7427,1.8,590.0,4.27,7.1,3,1.2,-1.1,6.8,3.6,1.0,2,,False,,1,2,"TOI7717.01:P=25.21,d=4.96mmag,PC",True,,,False,463.5,True,3,3,494.0,2.11,8.1,4.9,4.8,3,1.0,7.071682335076139,0.2545363203140289,True,True,False,4.8
271478281,7.4259,4669.0,0.69,4,1844.71,35.88399,2070.0163,1.2,215.0,1.1,7.7,3,1.8,-1.4,6.9,3.7,1.0,6,,False,,1,1,"TOI2194.01:P=15.34,d=0.742mmag,CP",False,,,False,140.0,False,3,3,227.0,1.14,6.6,0.4,4.8,3,1.0,4.842555388711911,0.24780305100840413,False,True,False,4.8
88114177,8.5727,5788.42,1.10258996486664,4,1414.93,19.19952,1876.5209,2.4,203.0,1.71,8.0,5,2.4,0.4,9.0,4.3,2.0,3,,False,,1,1,"TOI5531.01:P=4.535,d=0.212mmag,CP",False,,,False,244.2,False,5,5,168.0,2.76,6.3,3.3,4.8,3,1.0,5.373382724640022,0.4466460185303072,False,True,False,4.8
368628986,9.57157,6317.08,1.37829995155334,4,811.51,18.89891,2463.5811,1.5,428.0,3.11,7.1,4,0.9,-0.7,8.0,5.3,1.0,4,"00368628986-01(3:2,ntoi=1)",True,,1,1,"TOI6983.01:P=31.16,d=0.366mmag,PC",False,,,False,370.1,True,4,4,425.0,2.39,8.0,8.4,4.8,3,1.0,6.202732330181934,0.24182891025316952,True,True,False,4.8
255930614,7.6262,6084.0,1.46,6,1523.67,26.06968,1974.7175,3.0,175.0,2.11,8.6,4,1.1,1.7,9.4,3.7,2.0,10,,False,,1,1,"TOI2024.01:P=2.876,d=3.43mmag,KP",True,,,False,155.3,False,4,4,142.0,1.63,7.5,1.8,4.8,2,1.0,7.17500318166241,0.4181182814897256,False,True,False,4.8
144065872,9.4995,5630.0,1.2382400035858154,6,2934.84,18.91876,1328.3682,1.12,346.0,2.51,7.2,8,1.1,0.2,7.9,3.4,2.0,8,,False,,1,1,"TOI105.01:P=2.185,d=12.6mmag,KP",True,,,False,384.5,False,8,8,316.0,3.99,6.5,4.7,4.8,3,1.0,5.777089161792092,0.1938692598700638,False,True,False,4.8
458478250,9.76703,5787.0,0.96,19,1926.78,68.39165,1717.4269,3.15,297.0,1.8,7.2,5,1.5,0.8,7.9,3.9,2.0,28,,False,,1,1,"TOI1165.01:P=2.255,d=22.8mmag,KP",True,,,False,407.0,False,5,5,252.0,2.85,7.1,6.1,4.8,4,1.0,7.482673746818905,0.42097251685457404,False,True,False,4.8
224596152,10.2713,5773.0,0.988897979259491,40,1979.26,82.03302,1709.4001,3.0,307.0,1.89,7.0,8,1.8,0.8,8.4,6.5,2.0,12,,False,,1,1,"TOI1734.01:P=28.87,d=0.635mmag,PC",False,,,False,541.2,False,7,8,264.0,5.76,8.2,13.9,4.8,4,0.875,8.109091241820222,0.3699551417708058,False,True,False,4.8
167719618,9.0803,5334.0,0.796253979206085,43,2720.36,104.98744,1373.6662,1.5,249.0,1.37,8.6,10,1.7,1.8,12.1,5.3,2.0,12,,False,,1,1,"TOI4503.01:P=710.7,d=0.751mmag,PC",False,,,False,301.5,False,8,10,224.0,3.93,5.8,6.5,4.8,6,0.8,7.6200031904747165,0.19685031128006023,False,True,False,4.8
262781201,9.34567,6613.8,1.42,2,1767.42,4.30189,1521.5151,0.75,414.0,3.15,7.1,7,0.8,2.0,6.6,3.7,1.0,1,,False,,1,1,"TOI6096.01:P=1.315,d=0.309mmag,FP",True,,,False,334.4,False,7,7,337.0,1.89,6.4,1.4,4.7,5,1.0,3.8632572119612383,0.194136698348193,False,True,False,4.7
224328450,10.4488,5901.0,1.74,2,45.01,10.53206,3441.7754,4.2,612.0,4.69,7.1,3,2.1,-1.1,7.1,3.8,1.0,0,,False,,1,1,"TOI5699.01:P=22.02,d=4.06mmag,PC",True,,,False,571.8,False,2,2,690.0,1.26,7.4,3.8,4.7,2,1.0,5.9622781731581735,0.7044287230522309,False,True,False,4.7
49687222,9.8343,6101.0,1.01859,3,1116.03,14.1712,1356.405,3.15,331.0,2.02,7.6,5,2.1,-0.4,8.7,3.6,2.0,3,,False,,1,1,"TOI254.01:P=20.19,d=1.09mmag,FA",True,,,False,414.9,False,5,5,273.0,3.54,8.5,12.5,4.7,4,1.0,4.6062069038768545,0.6838598581728439,False,True,False,4.7
102840239,9.36,4953.9,0.76,5,1816.95,25.65335,2303.406,4.2,314.0,1.47,8.7,4,0.0,-1.3,7.1,3.2,2.0,7,,False,,2,2,"TOI815.01:P=11.2,d=1.41mmag,CP;TOI815.02:P=734.5,d=1.09mmag,CP",False,,,False,375.6,False,4,4,271.0,3.57,10.3,26.3,4.7,3,1.0,4.61812181484122,0.909460635382656,False,True,False,4.7
178266267,10.0286,5595.7,0.91,5,784.98,12.64222,2500.793,2.1,457.0,2.12,7.5,5,1.9,1.8,8.4,4.1,1.0,3,,False,,1,1,"TOI5539.01:P=7.112,d=0.54mmag,PC",False,,,False,493.1,False,5,5,287.0,5.55,7.4,11.4,4.7,4,1.0,4.113173257062047,0.5105547149988002,False,True,False,4.7
279177746,10.1503,9706.0,1.87,6,787.06,42.77251,2832.4602,1.8,877.0,6.04,7.8,3,1.2,2.8,8.7,4.5,2.0,8,,False,,1,1,"TOI1353.01:P=4.435,d=2.27mmag,FP",True,,,False,685.9,False,3,3,846.0,1.11,6.6,1.5,4.7,3,1.0,9.980622065659794,0.18034948003824713,False,True,False,4.7
341405597,10.4012,4716.0,0.75,6,2547.3,38.83053,1660.9108,3.15,527.0,1.88,7.2,4,1.4,0.7,7.3,4.5,2.0,5,,False,,1,1,"TOI6699.01:P=5.322,d=1.04mmag,PC",False,,,False,577.3,False,4,4,531.0,1.84,7.2,3.5,4.7,4,1.0,5.25581708566388,0.5993359260146537,False,True,False,4.7
193023697,8.5953,5039.0,0.74,7,2555.15,36.00484,1573.7193,3.15,352.0,1.51,11.7,3,0.0,-0.7,12.3,4.6,2.0,2,,False,,1,1,"TOI6266.01:P=2.79,d=0.284mmag,PC",False,,,False,241.6,False,2,3,466.0,1.39,9.5,42.4,4.7,2,0.6666666666666666,5.079446638830178,0.620146292298773,False,True,False,4.7
142387023,8.9754,5182.0,0.82,7,1524.13,21.66203,1872.8555,4.2,166.0,1.15,8.0,7,0.7,1.9,9.0,3.3,1.0,5,,False,,1,2,"TOI1824.01:P=22.81,d=1.06mmag,CP",False,,,False,289.6,False,6,7,133.0,3.84,6.9,11.4,4.7,4,0.8571428571428571,4.59181003963942,0.9146719841942356,False,True,False,4.7
424865156,10.0274,6532.23,1.99,10,1875.68,33.50561,1704.3004,4.2,282.0,3.64,7.0,6,1.1,-1.4,8.0,4.3,2.0,16,,False,,1,1,"TOI1265.01:P=2.205,d=7.49mmag,KP",True,,,False,490.1,False,5,6,290.0,2.8,7.5,9.1,4.7,4,0.8333333333333334,9.589946580227688,0.43795864396778345,False,True,False,4.7
159418353,9.812,4814.0,0.78,17,1979.26,7.53678,1689.0466,1.2,206.0,1.22,8.8,45,1.4,0.2,19.8,2.6,1.0,9,,False,,1,1,"TOI1739.01:P=8.303,d=0.62mmag,CP",False,,,False,477.6,False,31,45,132.0,21.38,5.1,2.8,4.7,9,0.6888888888888889,3.1236807551307955,0.3841621772740196,False,True,False,4.7
309792357,10.0391,5350.0,0.88,42,2720.37,81.94035,1396.6264,0.5,656.0,2.46,7.9,10,2.7,-0.6,12.1,6.5,2.0,21,,False,,1,1,"TOI199.01:P=104.9,d=12.9mmag,CP",True,,,False,461.5,False,10,10,414.0,7.11,5.8,4.1,4.7,4,1.0,7.499448843913372,0.06667156619193489,False,True,False,4.7
381714186,10.2173,5382.69,0.848098993301392,3,761.12,7.10501,1932.7999,2.25,874.0,2.74,8.2,3,0.0,1.9,9.6,5.4,1.0,4,,False,1839.01(1:5),1,2,"TOI1839.01:P=1.424,d=0.783mmag,CP",False,1839.01,"TOI-1839 b(P=1.424,Transit,1:5)",False,562.4,True,2,2,1091.0,1.25,9.6,5.1,4.6,2,1.0,3.238626687663183,0.6947389177551296,True,True,False,4.6
131743355,9.3761,10902.0,1.72,5,1488.73,39.32854,2266.5349,2.25,370.0,3.61,7.1,3,0.3,1.1,6.6,3.5,2.0,7,"00131743355-01(1:3,ntoi=1);00131743355-01(1:3,ntoi=1);00131743355-01(1:3,ntoi=1)",True,583.01(1:6),1,1,"TOI583.01:P=6.56,d=4.41mmag,PC",True,583.01,,False,346.2,True,3,3,355.0,1.57,6.9,2.3,4.6,3,1.0,9.17902459206631,0.24512408452906187,True,True,False,4.6
451645081,9.9222,4498.94,0.668361008167267,5,2502.12,24.75932,1576.9421,3.0,712.0,1.95,12.0,4,0.0,2.7,14.0,3.0,2.0,8,,False,,1,1,"TOI783.01:P=8.113,d=1.33mmag,CP",False,,"TOI-783 b(P=8.113,Transit,1:3)",False,511.5,True,4,4,545.0,3.56,10.2,44.7,4.6,3,1.0,4.1891759534259405,0.7161312948783105,True,True,False,4.6
263003176,7.4371,6295.7,1.1374200582504272,9,2581.55,38.50491,1333.7531,0.75,235.0,1.9,8.8,5,1.2,-1.1,11.3,5.8,2.0,14,,False,,1,1,"TOI130.01:P=14.34,d=0.394mmag,CP",False,,,False,152.7,False,5,5,174.0,4.29,8.3,12.0,4.6,3,1.0,6.918218166011149,0.10840941728098595,False,True,False,4.6
237928815,10.2036,5384.0,0.8811519999999999,14,2633.8,22.68123,1376.4664,4.8,190.0,1.32,7.1,12,1.6,-0.2,8.8,3.1,2.0,17,"00237928815-02(2:1,ntoi=2);00237928815-02(1:1,ntoi=2);00237928815-02(1:1,ntoi=2);00237928815-02(1:1,ntoi=2);00237928815-02(1:1,ntoi=2);00237928815-02(1:1,ntoi=2);00237928815-01(1:2,ntoi=1)",True,703.02(1:1),2,2,"TOI703.01:P=8.673,d=0.787mmag,PC;TOI703.02:P=22.57,d=0.945mmag,PC",False,703.02,,False,498.0,True,11,12,100.0,10.52,7.3,11.3,4.6,2,0.9166666666666666,4.891751450113455,0.9812436402280154,True,True,False,4.6
233071822,10.4302,4435.0,0.7,36,1979.26,103.56915,1784.7805,0.5,798.0,2.16,7.2,9,1.0,-0.3,9.1,6.7,2.0,13,,False,,1,1,"TOI1747.01:P=2.755,d=0.428mmag,PC",False,,,False,588.4,False,7,9,512.0,5.33,8.1,10.1,4.6,4,0.7777777777777778,6.961194868273555,0.07182674949652787,False,True,False,4.6
352413427,8.297,5958.0,0.99,3,1845.45,16.94575,1765.5182,1.8,281.0,1.81,8.7,3,0.6,3.0,8.2,2.9,2.0,5,,False,,1,1,"TOI1473.01:P=5.254,d=0.616mmag,CP",False,,,False,212.4,False,3,3,249.0,1.38,6.5,0.9,4.5,3,1.0,4.7971727210769375,0.3752210113451805,False,True,False,4.5
440801822,8.9362,6858.5,1.57,4,376.76,39.55759,2224.4638,2.1,283.0,2.88,7.1,3,0.0,2.5,6.8,4.8,2.0,6,,False,,1,1,"TOI1008.01:P=2.048,d=0.525mmag,FP",True,,,False,255.3,False,3,3,315.0,1.79,8.6,5.8,4.5,3,1.0,8.654022179287175,0.24266173075292205,False,True,False,4.5
31374837,8.1705,4891.0,0.726631999015808,5,2852.49,28.43792,1464.8406,4.2,314.0,1.41,9.8,3,2.2,-0.6,10.7,3.9,1.0,10,,False,,2,2,"TOI431.01:P=12.46,d=2.26mmag,CP;TOI431.02:P=0.4901,d=0.316mmag,CP",False,,,False,205.1,False,3,3,378.0,1.24,9.8,5.4,4.5,3,1.0,4.638567878016306,0.9054518787803402,False,True,False,4.5
408310006,8.86849,6313.0,1.25,5,2555.74,10.15398,1525.05,1.58,194.0,1.9,7.2,11,0.2,-0.4,7.9,4.0,1.0,11,"00408310006-02(3:2,ntoi=2);00408310006-03(3:2,ntoi=3)",True,,1,1,"TOI576.01:P=5.444,d=3.5mmag,CP",True,,,False,265.3,False,9,11,81.0,5.46,6.3,4.9,4.5,5,0.8181818181818182,4.7245495041154255,0.33442341933843756,False,True,False,4.5
92352620,9.6433,6153.0,1.71,5,2907.31,25.59787,1339.7051,3.15,667.0,4.82,11.2,5,2.3,-0.8,13.6,4.4,2.0,11,"00092352620-02(2:3,ntoi=2)",True,,1,2,"TOI107.01:P=3.95,d=15.2mmag,KP",True,,,False,574.6,False,5,5,585.0,2.8,8.5,16.5,4.5,3,1.0,7.923924167689081,0.3975303061132979,False,True,False,4.5
267263253,9.2205,6888.0,1.59,7,2581.55,33.85511,1357.1128,2.1,771.0,4.82,13.6,3,0.0,-1.2,14.6,3.7,2.0,12,,False,,1,1,"TOI135.01:P=4.127,d=11.8mmag,CP",True,,,False,335.6,False,3,3,698.0,1.93,13.0,32.8,4.5,3,1.0,8.286054522514998,0.2534378689271048,False,True,False,4.5
198512478,8.1319,5464.0,0.9,8,1711.22,32.4461,1690.2666,1.5,175.0,1.3,7.1,6,1.7,1.3,6.8,3.7,2.0,2,,False,,1,1,"TOI5392.01:P=17.53,d=0.332mmag,PC",False,,,False,209.0,False,6,6,155.0,2.2,5.7,3.3,4.5,3,1.0,5.590158662837766,0.26832869878482946,False,True,False,4.5
166739520,9.6411,6038.0,1.2752699851989746,10,2906.03,50.55146,1394.7317,1.58,833.0,4.02,7.5,3,0.0,1.0,7.1,3.7,2.0,14,,False,190.01(1:5),1,1,"TOI190.01:P=10.02,d=8.99mmag,KP",True,190.01,"WASP-117 b(P=10.02,Transit,1:5)",False,375.4,True,3,3,861.0,1.27,10.0,2.7,4.5,3,1.0,8.175624828662015,0.19325740027365904,True,True,False,4.5
237211410,9.29735,7020.0,1.84504997730255,40,1979.26,109.16356,1791.4353,3.0,337.0,3.7,11.5,7,2.8,1.5,15.6,6.9,2.0,14,,False,,1,1,"TOI2282.01:P=12.55,d=0.219mmag,PC",False,,,False,336.3,False,6,7,207.0,6.07,6.5,13.8,4.5,4,0.8571428571428571,13.517808211241817,0.22192946912097106,False,True,False,4.5
224596152,10.2713,5773.0,0.988897979259491,40,1979.26,108.94111,1791.4189,2.1,375.0,2.09,7.1,8,1.9,0.8,8.0,5.9,2.0,12,,False,,1,1,"TOI1734.01:P=28.87,d=0.635mmag,PC",False,,,False,541.2,False,8,8,235.0,7.13,6.7,7.6,4.5,3,1.0,8.913327944639963,0.23560223667780975,False,True,False,4.5
177258735,7.5412,6283.39,1.3560899496078491,41,2720.36,79.5539,1391.0998,0.62,180.0,1.98,8.9,11,1.8,-1.2,10.7,6.5,2.0,7,,False,,1,1,"TOI801.01:P=0.7757,d=0.0479mmag,PC",False,,,False,155.4,False,9,11,94.0,5.9,6.9,5.5,4.5,5,0.8181818181818182,9.907280304819917,0.06258024209715439,False,True,False,4.5
53498154,10.0326,5342.0,0.83,3,1493.63,15.96835,1905.8308,6.3,502.0,2.03,9.5,3,1.7,-2.0,10.0,2.7,2.0,6,,False,5624.04(4:3);CTOI53498154.04(4:3),4,8,"TOI5624.01:P=13.73,d=2.28mmag,CP;TOI5624.02:P=3.39,d=0.953mmag,CP;TOI5624.03:P=7.885,d=0.865mmag,CP;TOI5624.04:P=21.49,d=1.07mmag,CP",False,5624.04,"TOI-5624 e(P=21.49,Transit,4:3);TOI-5624 c(P=7.885,Transit,1:2)",False,529.0,True,3,3,460.0,1.6,9.1,3.0,4.4,2,1.0,4.181643805440324,1.5065845617466727,True,True,False,4.4
356473034,10.4467,5267.0,1.08,3,1119.86,3.35947,1844.5116,1.58,442.0,2.48,8.2,18,0.9,2.2,8.9,3.0,1.0,6,,False,,1,1,"TOI1720.01:P=2.616,d=14.6mmag,KP",True,,,True,1017.7,False,15,17,444.0,3.83,5.8,3.3,4.4,4,0.8823529411764706,2.9642469845937454,0.5330190123197651,False,True,False,4.4
88684250,10.0998,8388.0,1.86,4,1842.51,23.29226,2231.5282,3.0,456.0,4.33,7.4,4,2.6,-1.1,8.2,3.4,2.0,6,,False,,1,1,"TOI990.01:P=4.587,d=3.61mmag,PC",True,,,False,489.6,True,4,4,349.0,3.15,7.7,9.3,4.4,3,1.0,8.12121110726206,0.3694030311953562,True,True,False,4.4
406672232,8.5325,5098.0,0.82,5,1875.68,30.12617,1693.0462,6.3,156.0,1.12,7.2,3,0.0,0.9,6.5,3.8,2.0,8,,False,,1,1,"TOI1263.01:P=1.021,d=0.346mmag,PC",False,,,False,237.4,False,3,3,179.0,1.85,7.3,8.7,4.4,3,1.0,5.125451989055513,1.2291598894014664,False,True,False,4.4
19519368,10.0854,4985.0,0.8,5,2580.76,19.57131,1508.6248,2.1,906.0,2.63,9.0,4,0.6,-0.3,10.1,4.2,2.0,7,,False,,1,1,"TOI494.01:P=1.702,d=0.619mmag,PC",False,,,False,496.5,False,2,2,1184.0,1.62,12.1,73.5,4.4,2,1.0,4.3665816364106504,0.4809253953914874,False,True,False,4.4
70513361,8.1345,5302.58,0.848675012588501,6,2874.19,51.6259,1406.6237,1.12,258.0,1.49,7.8,4,0.5,0.0,9.1,3.9,2.0,4,,False,,1,1,"TOI262.01:P=11.15,d=0.615mmag,CP",False,,,False,214.6,False,4,4,223.0,1.64,7.0,4.1,4.4,3,1.0,6.275646172581775,0.17846767794100105,False,True,False,4.4
346929661,10.1976,6178.0,1.23,6,782.48,38.92275,2889.3399,6.0,537.0,3.11,7.9,3,0.0,-2.8,8.3,4.1,2.0,4,,False,,1,1,"TOI2043.01:P=12.01,d=1.27mmag,PC",False,,,False,584.8,False,3,3,491.0,1.22,6.7,0.2,4.4,2,1.0,7.3149754667911395,0.8202351501025635,False,True,False,4.4
277103955,9.2927,4779.8,0.78,26,2607.82,76.17353,1378.5638,1.58,435.0,1.78,8.9,6,2.9,-0.7,11.4,3.5,2.0,9,,False,,1,1,"TOI284.01:P=1.309,d=0.227mmag,FP",True,,,False,343.4,False,6,6,280.0,4.41,10.2,14.7,4.4,3,1.0,6.753663058350587,0.23394711674968804,False,True,False,4.4
149389419,9.2546,6855.0,1.5925600528717,36,2691.55,92.95329,1418.3778,3.0,244.0,2.71,7.7,5,0.7,0.9,9.5,5.3,2.0,6,,False,,1,1,"TOI4356.01:P=579.6,d=0.613mmag,PC",False,,,False,323.7,False,5,5,224.0,3.82,8.3,17.4,4.4,3,1.0,11.615210759790154,0.2582820115830769,False,True,False,4.4
82308728,6.9859,5120.0,0.77,2,763.71,19.49891,1906.6849,1.5,200.0,1.19,10.7,3,0.0,-1.5,11.5,3.4,2.0,1,,False,,1,1,"TOI1821.01:P=9.489,d=1.02mmag,KP",False,,,False,155.8,False,3,3,192.0,1.45,6.3,2.3,4.3,3,1.0,4.25146775016319,0.3528193292639756,False,True,False,4.3
4897275,7.6474,5853.7,1.09271,2,765.34,5.3136,1874.6812,0.5,216.0,1.75,8.0,8,0.3,-1.0,7.9,3.4,1.0,3,,False,,1,1,"TOI1774.01:P=16.71,d=0.668mmag,CP",False,,,False,182.9,False,8,8,175.0,2.91,5.6,1.9,4.3,3,1.0,3.480763571694141,0.14364664238216052,False,True,False,4.3
194736418,9.3229,6305.0,1.62,2,1871.96,11.01567,1790.8155,2.25,445.0,3.73,7.5,3,0.0,-0.3,7.1,3.6,1.0,3,,False,,1,1,"TOI6038.01:P=5.827,d=1.16mmag,CP",False,,,False,385.8,False,3,3,475.0,1.88,7.7,7.0,4.3,3,1.0,5.770612906683406,0.38990658988650856,False,True,False,4.3
249945230,9.4397,4582.0,0.74,3,1845.11,23.35431,1814.1184,4.8,1329.0,2.94,33.5,3,1.6,0.8,39.4,3.7,2.0,1,,False,,1,1,"TOI1563.01:P=1098,d=4.89mmag,PC",True,,,False,462.6,False,3,3,2066.0,1.26,20.0,284.0,4.3,3,1.0,4.396952635686247,1.0916651594203146,False,True,False,4.3
80682484,9.0397,5910.0,1.05,7,1816.78,39.2798,2308.8555,3.6,250.0,1.81,7.2,3,2.3,0.9,7.0,4.3,2.0,10,,False,,1,1,"TOI2810.01:P=8.404,d=0.532mmag,PC",False,,,False,288.8,False,3,3,284.0,1.37,7.5,6.1,4.3,2,1.0,6.60274080896271,0.5452281263431208,False,True,False,4.3
207084429,7.1995,5883.0,1.77,9,2906.03,46.09502,1373.0246,1.8,176.0,2.56,10.1,4,0.4,-0.1,10.3,3.6,1.0,13,,False,,1,1,"TOI381.01:P=4.896,d=0.391mmag,FP",True,,,False,153.5,False,4,4,143.0,2.89,6.2,3.5,4.3,4,1.0,9.864501446901963,0.1824724756429841,False,True,False,4.3
56815340,8.56338,6498.0,1.2426999807357788,2,1245.44,16.70325,2562.8415,0.5,547.0,3.17,7.2,3,2.1,-3.4,5.8,3.1,2.0,3,,False,,2,2,"TOI7513.01:P=9.58,d=0.385mmag,KP;TOI7513.02:P=1221,d=1.09mmag,KP",False,,"HD 106315 c(P=21.06,Transit,5:4)",False,242.6,True,3,3,537.0,1.74,7.8,3.9,4.2,2,1.0,5.555453056927302,0.09000166050841368,True,True,False,4.2
9151337,10.4309,4571.0,0.72,2,1119.87,14.15675,1853.4557,0.75,1113.0,2.62,7.2,3,1.9,0.9,5.7,3.4,2.0,1,,False,,1,1,"TOI5572.01:P=5.859,d=1.24mmag,PC",False,,,False,661.0,False,3,3,843.0,1.16,6.0,0.1,4.2,3,1.0,3.653853629683695,0.20526273792333755,False,True,False,4.2
306485267,10.3991,5142.48,0.864650011062622,3,811.47,21.18469,2461.3063,2.1,863.0,2.77,7.7,3,0.2,1.1,8.0,3.9,2.0,1,,False,,1,1,"TOI4637.01:P=14.35,d=1.14mmag,PC",False,,,False,587.8,True,2,2,929.0,1.14,7.8,1.1,4.2,2,1.0,4.721817883429449,0.44474396341494926,True,True,False,4.2
69747919,7.7275,6073.5,1.4713100194931,5,2579.04,22.44307,1354.4506,1.58,276.0,2.67,10.4,3,0.0,1.0,11.6,2.9,2.0,5,,False,,1,1,"TOI1407.01:P=9.978,d=0.195mmag,KP",False,,,False,161.0,False,3,3,163.0,3.96,9.3,32.0,4.2,3,1.0,6.860753939996187,0.23029538937245111,False,True,False,4.2
303317324,9.4961,4159.0,0.7210839986801147,5,2936.45,19.23973,1373.4486,2.25,332.0,1.43,7.5,6,2.6,2.9,7.5,3.3,2.0,4,,False,,1,2,"TOI4310.01:P=29.57,d=1.52mmag,CP",False,,,False,373.9,False,5,6,257.0,2.75,5.4,3.3,4.2,3,0.8333333333333334,4.051338433160731,0.5553720176975239,False,True,False,4.2
341405597,10.4012,4716.0,0.75,6,2547.3,95.55561,1661.6202,3.0,556.0,1.93,7.2,3,1.2,0.3,7.1,4.2,2.0,5,,False,,1,1,"TOI6699.01:P=5.322,d=1.04mmag,PC",False,,,False,577.3,False,3,3,532.0,2.02,7.2,6.9,4.2,2,1.0,7.095797275702227,0.422785471940235,False,True,False,4.2
407126408,9.6181,4948.0,0.7325350046157837,8,2522.68,51.01085,1638.5888,3.0,377.0,1.55,7.1,3,0.7,-0.3,7.6,4.7,2.0,13,,False,,2,2,"TOI913.01:P=11.1,d=1.22mmag,CP;TOI913.02:P=1470,d=1.03mmag,PC",False,,,False,392.4,False,3,3,356.0,2.05,7.8,9.6,4.2,3,1.0,5.666497947751303,0.529427527842046,False,True,False,4.2
376867898,8.47427,6298.0,1.8,38,1979.26,110.58691,1774.3878,0.5,472.0,4.27,8.9,5,2.4,-1.4,8.4,5.7,2.0,3,"00376867898-02(3:1,ntoi=2)",True,,1,1,"TOI7064.01:P=61.56,d=0.198mmag,PC",False,,,False,236.4,False,4,5,287.0,5.82,10.5,41.2,4.2,4,0.8,13.35440486262157,0.037440829834317776,False,True,False,4.2
229938290,9.2742,5406.0,0.984511,40,1979.25,33.5976,1705.3377,3.6,347.0,2.0,25.6,29,1.4,1.2,42.7,6.3,1.0,5,,False,,1,1,"TOI1783.01:P=1.42,d=0.505mmag,PC",False,,,False,462.9,False,15,29,0.0,10446.0,8.3,50.3,4.2,7,0.5172413793103449,6.004240704292457,0.5995762290852772,False,True,False,4.2
199688472,9.84566,5672.9,1.46,42,1979.26,115.79508,1740.5511,0.5,1239.0,5.61,10.3,4,0.0,2.2,12.7,7.8,2.0,53,,False,,1,1,"TOI1292.01:P=1.441,d=14.1mmag,FP",True,,,False,459.5,False,4,4,526.0,8.95,17.4,133.4,4.2,3,1.0,11.794337928409933,0.04239322317496189,False,True,False,4.2
420814525,7.1274,6052.0,1.19,2,733.77,9.13765,2829.6164,1.05,228.0,1.96,9.6,3,2.0,-1.5,9.5,3.5,1.0,3,,False,,1,1,"TOI5972.01:P=3.525,d=19.5mmag,KP",True,,,False,136.6,False,3,3,152.0,2.3,7.8,5.7,4.1,3,1.0,4.41419086862977,0.23786918854415903,False,True,False,4.1
253864764,8.8688,4794.0,0.77,2,754.33,14.96268,3132.6798,3.6,496.0,1.87,15.8,4,2.4,3.3,15.0,3.1,2.0,3,,False,,1,1,"TOI6678.01:P=3.427,d=0.917mmag,PC",False,,,False,395.0,False,3,4,411.0,2.11,7.2,21.1,4.1,2,0.75,3.89229044514861,0.9249052841077356,False,True,False,4.1
269217040,10.2748,5883.0,1.15599000453949,3,1077.67,10.482,3136.7732,1.2,928.0,3.84,7.5,3,0.0,1.1,7.6,4.4,1.0,4,,False,6686.01(2:5),1,1,"TOI6686.01:P=4.166,d=16.9mmag,KP",True,6686.01,"KELT-10 b(P=4.166,Transit,2:5)",False,548.6,True,3,3,791.0,2.23,8.0,7.3,4.1,3,1.0,4.532373918578175,0.26476191540181776,True,True,False,4.1
287256467,8.8975,5674.0,0.94,4,1495.83,21.38606,1997.7563,1.58,463.0,2.21,9.2,4,1.3,1.7,10.0,2.5,2.0,7,,False,,1,1,"TOI2141.01:P=18.26,d=1.05mmag,CP",False,,,False,290.2,False,4,4,385.0,2.58,8.1,19.9,4.1,2,1.0,5.008070762968838,0.31549074978792013,False,True,False,4.1
287256467,8.8975,5674.0,0.94,4,1495.83,8.22534,1984.6125,1.58,270.0,1.68,7.7,9,0.9,1.6,10.0,2.5,1.0,7,,False,,1,1,"TOI2141.01:P=18.26,d=1.05mmag,CP",False,,"TOI-2141 c(P=5.462,Radial Velocity,2:3)",False,290.2,False,7,9,167.0,5.5,6.3,10.3,4.1,4,0.7777777777777778,3.6420408785398286,0.4338226979575956,False,True,False,4.1
230982885,9.9696,5640.0,1.13,6,2878.5,23.38378,1368.5431,3.6,523.0,2.82,7.2,4,1.3,0.7,7.3,3.8,1.0,10,,False,,1,1,"TOI195.01:P=2.073,d=16.1mmag,KP",True,,,False,453.9,False,4,4,304.0,3.0,7.2,3.4,4.1,2,1.0,5.833092030571541,0.6171683870462203,False,True,False,4.1
7422496,8.7601,5744.0,0.879320979118347,7,2607.67,35.58741,1440.7135,0.62,336.0,1.76,7.7,8,1.9,1.2,9.7,4.5,2.0,3,,False,,1,2,"TOI4189.01:P=46.96,d=0.823mmag,PC",False,,"HD 35843 c(P=46.96,Transit,4:3)",False,266.4,True,8,8,247.0,2.87,5.3,1.3,4.1,4,1.0,5.676387624098555,0.10922439429045507,True,True,False,4.1
237332812,9.3391,5461.0,0.834551990032196,8,2907.3,48.7546,1366.0418,0.75,637.0,2.3,7.2,3,0.0,0.6,6.7,4.1,1.0,1,,False,,1,1,"TOI4352.01:P=11.89,d=0.394mmag,PC",False,,,False,348.3,False,3,3,622.0,1.36,5.8,1.0,4.1,3,1.0,6.088576371879826,0.1231815048693296,False,True,False,4.1
317597583,8.9943,5504.0,0.83,11,1897.93,45.80962,1767.0808,3.0,203.0,1.29,7.5,6,2.4,0.0,8.8,4.5,2.0,17,,False,,1,1,"TOI1630.01:P=12.06,d=0.877mmag,CP",False,,,False,314.3,False,6,6,108.0,7.94,7.4,14.6,4.1,3,1.0,5.94172551725646,0.5049038349696813,False,True,False,4.1
292202337,9.046,6294.0,0.9688860177993774,3,2198.02,23.81613,1619.8754,1.2,521.0,2.41,8.4,3,2.3,0.7,7.4,4.5,2.0,2,,False,,1,2,"TOI4630.01:P=721.6,d=2.37mmag,PC",False,,,False,294.6,False,3,3,303.0,3.39,8.9,15.7,4.0,3,1.0,5.296802954752183,0.22655175400160668,False,True,False,4.0
49687222,9.8343,6101.0,1.01859,3,1116.03,13.58694,1359.6113,3.15,395.0,2.21,7.6,4,2.4,-1.6,9.1,3.9,2.0,3,,False,254.01(3:2),1,1,"TOI254.01:P=20.19,d=1.09mmag,FA",True,254.01,,True,414.9,True,4,4,329.0,2.9,8.5,14.0,4.0,3,1.0,4.54201382712136,0.693524969296804,True,True,False,4.0
219501568,7.97758,6690.0,1.74489998817444,5,1523.67,23.28327,1959.9362,1.8,209.0,2.75,8.1,4,1.7,-1.1,9.8,4.5,2.0,6,,False,,1,1,"TOI2259.01:P=16.59,d=0.698mmag,PC",False,,,False,188.1,False,4,4,224.0,1.31,6.8,4.9,4.0,3,1.0,7.781619275229175,0.23131432370764357,False,True,False,4.0
71582156,9.16067,5874.0,1.10649001598358,5,1119.87,24.41157,1863.9624,2.25,347.0,2.25,7.7,4,2.6,-0.4,10.5,2.7,2.0,3,,False,,1,2,"TOI5726.01:P=5.491,d=0.487mmag,CP",False,,,False,325.8,False,4,4,212.0,5.39,9.3,32.3,4.0,3,1.0,5.834968701965217,0.38560618144227576,False,True,False,4.0
76989773,9.683,5569.0,0.96,5,2906.03,17.98247,1355.4858,3.15,336.0,1.92,7.2,7,2.5,0.8,7.9,3.6,2.0,8,,False,,1,1,"TOI182.01:P=1.769,d=9.54mmag,APC",True,,,False,420.9,False,6,6,360.0,2.49,6.8,6.9,4.0,3,1.0,4.793715225643252,0.6571103730045441,False,True,False,4.0
405454160,10.4397,5383.0,0.983025014400482,5,2555.35,20.30406,1535.5514,1.05,819.0,3.07,8.4,5,0.0,-0.7,7.6,3.6,2.0,4,,False,,1,1,"TOI563.01:P=731.9,d=3.58mmag,PC",True,,,False,555.7,False,4,5,812.0,2.1,7.5,11.2,4.0,3,0.8,5.071218263708839,0.20705083973886818,False,True,False,4.0
376637093,10.377,6485.0,1.24,6,782.48,56.29765,2874.9138,0.9,1082.0,4.45,7.6,3,1.7,-1.5,8.6,3.2,2.0,9,,False,,1,1,"TOI1516.01:P=2.056,d=19.1mmag,CP",True,,,False,564.9,False,3,3,789.0,2.03,6.9,5.4,4.0,3,1.0,8.317372900380603,0.10820724413580352,False,True,False,4.0
154089169,10.2549,5029.5,0.76,10,1711.22,41.88598,1722.4604,3.6,455.0,1.77,7.3,3,2.7,1.8,8.6,3.6,2.0,11,,False,,1,1,"TOI1174.01:P=8.953,d=1.23mmag,CP",False,,,False,535.5,False,3,3,385.0,2.79,6.5,10.3,4.0,3,1.0,5.438013097037311,0.6620064968143088,False,True,False,4.0
149603524,9.7109,6280.0,1.21,38,2720.37,114.37002,1406.29,3.0,318.0,2.35,8.7,7,2.6,0.3,12.2,5.0,2.0,54,"00149603524-02(1:2,ntoi=2)",True,,1,1,"TOI102.01:P=4.412,d=16.1mmag,KP",True,,,False,410.5,False,6,7,303.0,3.97,6.6,15.0,4.0,4,0.8571428571428571,10.36340824411955,0.2894800561101386,False,True,False,4.0
144441148,8.70842,5961.28,1.99038,2,1493.07,11.51475,1935.951,1.12,346.0,4.04,7.1,4,0.7,-1.5,6.6,2.9,1.0,3,,False,,1,1,"TOI1837.01:P=5.818,d=1.16mmag,FP",True,,,False,301.0,True,4,4,401.0,1.19,5.6,1.0,3.9,2,1.0,6.7181618829076895,0.16671226736132957,True,True,False,3.9
449197831,8.71008,6092.0,1.32975,2,1871.27,11.63968,2176.6792,0.75,339.0,2.67,7.0,5,2.0,1.2,5.5,3.7,1.0,2,,False,,1,1,"TOI2458.01:P=3.737,d=0.337mmag,CP",False,,,False,254.1,False,4,4,291.0,1.38,5.3,1.7,3.9,3,1.0,5.152705329554963,0.1455546071494015,False,True,False,3.9
53617134,9.46221,7014.0,1.95,3,753.5,14.53784,2896.4527,4.2,615.0,5.28,8.1,3,0.6,0.7,8.1,4.1,2.0,3,,False,,1,1,"TOI2033.01:P=18.82,d=2.08mmag,PC",False,,,False,441.8,False,2,2,672.0,1.15,8.9,1.3,3.9,2,1.0,7.162500465499044,0.5863873964449882,False,True,False,3.9
88114177,8.5727,5788.42,1.10258996486664,4,1414.93,25.71449,1876.5553,3.15,211.0,1.75,7.4,3,0.0,-1.7,8.3,3.7,2.0,3,,False,,1,1,"TOI5531.01:P=4.535,d=0.212mmag,CP",False,,,False,244.2,False,3,3,183.0,2.65,6.8,8.1,3.9,2,1.0,5.923025778014338,0.5318227740443872,False,True,False,3.9
157667414,10.1658,4271.0,0.677846014499664,4,1495.86,22.72423,2016.5101,1.2,788.0,2.08,7.8,4,0.9,0.3,7.6,3.6,2.0,7,,False,,1,1,"TOI4576.01:P=10.48,d=1.92mmag,PC",False,,,False,624.7,False,4,4,670.0,2.25,6.6,6.5,3.9,3,1.0,4.1095290113604905,0.2920042653751046,False,True,False,3.9
20318757,10.2103,4272.0,0.68,4,1817.11,12.76634,2286.9549,4.5,299.0,1.28,7.6,7,2.5,0.7,9.2,3.0,2.0,16,,False,,3,4,"TOI1027.01:P=3.283,d=1.69mmag,PC;TOI1027.02:P=11.03,d=1.84mmag,PC;TOI1027.03:P=5.011,d=1.31mmag,PC",False,,,False,519.4,True,4,7,226.0,5.22,7.4,17.2,3.9,4,0.5714285714285714,3.398101691127252,1.3242687856428497,True,True,False,3.9
31374837,8.1705,4891.0,0.726631999015808,5,2852.49,23.83601,1453.0245,0.62,320.0,1.42,7.0,4,2.7,0.2,7.0,4.0,2.0,10,,False,,2,2,"TOI431.01:P=12.46,d=2.26mmag,CP;TOI431.02:P=0.4901,d=0.316mmag,CP",False,,"TOI-431 c(P=4.849,Radial Velocity,1:5)",False,205.1,False,4,4,211.0,2.92,5.9,4.2,3.9,2,1.0,4.373500291282171,0.1417628806921231,False,True,False,3.9
73723286,9.1116,6157.0,1.47641003131866,5,2554.84,23.76705,1557.7519,3.15,359.0,3.05,11.6,5,2.1,-1.7,13.2,4.1,2.0,8,,False,,1,1,"TOI665.01:P=14.07,d=18.1mmag,FP",True,,,False,341.4,True,3,5,51.0,20.75,9.5,53.6,3.9,2,0.6,7.009247232523575,0.44940631932394964,True,True,False,3.9
469810663,10.0094,6009.6,1.35,5,2519.31,17.27427,1664.9482,1.05,662.0,3.79,8.6,6,0.8,0.9,9.0,4.3,1.0,1,,False,,2,2,"TOI7060.01:P=5.85,d=0.477mmag,PC;TOI7060.02:P=1065,d=1.41mmag,PC",False,,,False,553.5,True,6,6,475.0,3.85,8.5,10.1,3.9,3,1.0,5.936958878068847,0.1768582234717348,True,True,False,3.9
99896567,6.8456,5865.0,1.01593005657196,6,1875.68,29.15011,1699.1358,0.5,222.0,1.65,9.3,5,0.6,-2.4,11.4,3.4,2.0,8,,False,,1,1,"TOI6074.01:P=12.13,d=0.186mmag,PC",False,,,False,131.4,False,5,5,164.0,2.74,6.2,3.0,3.9,3,1.0,5.847868069194402,0.08550124491246938,False,True,False,3.9
74534430,9.8445,4253.9,0.617519021034241,7,2229.0,27.20247,1531.9261,0.75,951.0,2.08,9.8,5,2.5,-0.0,14.1,4.3,2.0,4,,False,687.01(4:3),1,1,"TOI687.01:P=36.3,d=1.44mmag,PC",False,687.01,,True,495.3,True,5,5,350.0,8.45,8.3,22.3,3.9,2,1.0,4.100573810734004,0.18290123153904397,True,True,False,3.9
308994098,8.9914,6988.0,1.46080005168915,22,2607.75,99.45957,1386.7284,3.0,204.0,2.28,7.2,5,0.5,0.6,9.0,4.3,2.0,18,"00308994098-01(1:1,ntoi=1);00308994098-01(1:1,ntoi=1);00308994098-01(1:1,ntoi=2);00308994098-01(2:1,ntoi=2);00308994098-01(2:1,ntoi=2);00308994098-01(2:1,ntoi=3);00308994098-02(2:1,ntoi=3)",True,790.01(2:1),3,4,"TOI790.01:P=199.6,d=1.92mmag,PC;TOI790.02:P=41.02,d=0.249mmag,PC;TOI790.03:P=0,d=1.77mmag,PC",False,790.01,,False,271.6,True,5,5,205.0,2.8,7.1,9.3,3.9,3,1.0,11.215474961880103,0.26748755716513106,True,True,False,3.9
149603524,9.7109,6280.0,1.21,38,2720.37,104.87339,1338.49,3.0,583.0,3.19,9.2,3,0.0,0.2,12.1,4.9,2.0,54,,False,,1,1,"TOI102.01:P=4.412,d=16.1mmag,KP",True,,,False,410.5,False,2,2,783.0,1.58,10.4,44.7,3.9,2,1.0,10.068241940443073,0.29796661798017726,False,True,False,3.9
404421005,9.66562,5673.0,0.9753829836845398,3,2227.55,13.51805,1577.7719,1.2,509.0,2.4,7.2,4,1.2,-0.5,6.7,2.9,2.0,4,,False,,1,1,"TOI4628.01:P=6.327,d=0.566mmag,KP",False,,,True,408.3,False,4,4,442.0,2.05,5.9,4.7,3.8,2,1.0,4.405174264068008,0.27240693059253607,False,True,False,3.8
269217040,10.2748,5883.0,1.15599000453949,3,1077.67,23.82832,3142.3044,1.2,857.0,3.69,7.4,3,2.8,-1.6,7.1,3.9,2.0,4,,False,,1,1,"TOI6686.01:P=4.166,d=16.9mmag,KP",True,,,False,548.6,False,3,3,659.0,2.55,9.7,11.1,3.8,3,1.0,5.959486238055523,0.20135963941608817,False,True,False,3.8
356473034,10.4467,5267.0,1.08,3,1119.86,9.772,1842.8944,1.05,930.0,3.59,8.5,6,0.7,0.6,9.0,3.1,2.0,6,,False,,1,1,"TOI1720.01:P=2.616,d=14.6mmag,KP",True,,,False,1017.7,False,6,6,719.0,1.83,4.5,0.5,3.8,2,1.0,4.231411711896274,0.24814413521804304,False,True,False,3.8
320004517,8.0888,5783.54,0.974668979644775,5,2547.3,19.01514,1668.9618,0.75,381.0,2.08,8.4,5,2.0,1.6,7.3,3.3,2.0,6,,False,,1,1,"TOI1055.01:P=17.47,d=1.3mmag,CP",False,,,False,187.2,False,5,5,242.0,1.86,7.5,1.6,3.8,3,1.0,4.933398899191828,0.15202500655741874,False,True,False,3.8
344926234,9.1299,5872.0,1.02918,5,1767.41,18.31131,1535.4555,3.15,687.0,2.94,12.5,3,1.5,-0.4,12.5,3.2,2.0,0,,False,,1,1,"TOI634.01:P=0.4936,d=0.268mmag,FA",True,,,False,327.7,False,3,3,485.0,1.35,7.7,0.7,3.8,2,1.0,5.051755516370434,0.6235456149436146,False,True,False,3.8
70513361,8.1345,5302.58,0.848675012588501,6,2874.19,27.61991,1395.2597,2.4,165.0,1.19,7.3,5,0.5,0.1,8.7,3.6,2.0,4,,False,262.01(2:5),1,1,"TOI262.01:P=11.15,d=0.615mmag,CP",False,262.01,"TOI-262 b(P=11.15,Transit,2:5)",True,214.6,True,3,4,236.0,1.63,7.2,9.3,3.8,3,0.75,5.09459882051514,0.4710871423939372,True,True,False,3.8
166086403,8.19888,7531.0,1.52,10,1683.21,31.29606,1728.4504,0.75,297.0,2.86,7.1,4,0.6,-0.2,7.1,4.8,1.0,3,,False,,1,1,"TOI5387.01:P=2.804,d=0.076mmag,PC",False,,,False,198.2,False,4,4,338.0,1.51,6.3,3.5,3.8,3,1.0,7.833104274041065,0.09574748066172215,False,True,False,3.8
365673804,8.3412,6439.0,1.26,14,1924.47,76.91537,1742.2887,2.25,860.0,4.03,28.8,3,0.0,0.4,44.9,4.2,2.0,12,,False,,1,1,"TOI1735.01:P=10.39,d=0.413mmag,PC",False,,,False,216.4,False,3,3,258.0,10.41,21.8,456.9,3.8,2,1.0,9.328096608067757,0.24120676430966662,False,True,False,3.8
425997655,8.7513,4813.0,0.69,15,2662.74,60.04577,1353.1296,2.25,272.0,1.24,7.3,3,0.0,-1.4,8.6,4.8,2.0,44,"00425997655-02(1:2,ntoi=2);00425997655-02(1:2,ntoi=4);00425997655-02(1:2,ntoi=4);00425997655-02(1:2,ntoi=4);00425997655-02(1:2,ntoi=5);00425997655-02(1:2,ntoi=5);00425997655-02(1:2,ntoi=5);00425997655-02(1:2,ntoi=5)",True,174.02(1:2),5,6,"TOI174.01:P=17.67,d=0.82mmag,CP;TOI174.02:P=29.8,d=0.667mmag,CP;TOI174.03:P=12.16,d=0.288mmag,CP;TOI174.04:P=3.977,d=0.154mmag,CP;TOI174.05:P=7.908,d=0.231mmag,CP",False,174.02,"HD 23472 c(P=29.8,Transit,1:2);HD 23472 f(P=12.16,Transit,1:5)",False,243.8,True,3,3,167.0,3.99,6.6,12.7,3.8,3,1.0,5.749126005326046,0.39136383476646336,True,True,False,3.8
194736418,9.3229,6305.0,1.62,2,1871.96,21.12073,1790.8155,2.25,400.0,3.53,7.4,3,2.5,-1.0,6.8,3.3,2.0,3,,False,,1,1,"TOI6038.01:P=5.827,d=1.16mmag,CP",False,,,False,385.8,False,3,3,283.0,3.15,6.9,10.3,3.7,3,1.0,7.168934492592146,0.3138541720983761,False,True,False,3.7
97486178,9.97008,5716.0,1.02,3,2879.66,15.92791,1413.3205,1.2,907.0,3.35,7.8,3,0.5,-2.1,7.3,3.3,2.0,3,,False,,1,1,"TOI2426.01:P=4.082,d=0.5mmag,CP",False,,,False,462.9,False,3,3,589.0,2.32,7.8,5.7,3.7,2,1.0,4.793595009533332,0.25033403898608086,False,True,False,3.7
200723869,7.0286,6382.7,1.76557004451752,4,2602.12,26.56655,1403.9142,1.5,270.0,3.16,12.3,3,2.3,0.1,12.1,4.2,2.0,5,"00200723869-01(1:1,ntoi=1)",True,,1,1,"TOI257.01:P=18.39,d=1.29mmag,CP",False,,,False,156.5,False,3,3,266.0,1.4,5.7,2.8,3.7,3,1.0,8.195522526920604,0.18302676797883344,False,True,False,3.7
158241252,7.9147,5834.0,1.01733005046844,4,1495.86,11.39327,2021.1129,0.5,350.0,2.08,7.1,4,0.6,-2.0,6.9,3.6,1.0,11,,False,,2,3,"TOI4443.01:P=1.85,d=0.212mmag,CP;TOI4443.02:P=10.31,d=0.404mmag,CP",False,,,False,190.0,False,3,3,374.0,1.17,5.3,3.1,3.7,2,1.0,4.279558879759051,0.11683447150706129,False,True,False,3.7
393414358,10.439,5570.0,1.79224002361298,6,2577.39,38.344,1469.5601,0.9,1191.0,6.75,8.5,3,0.0,1.1,10.2,4.0,2.0,9,,False,,1,1,"TOI483.01:P=4.378,d=7.71mmag,KP",True,,,False,570.5,False,3,3,551.0,4.93,7.6,23.1,3.7,3,1.0,9.354879844919875,0.0962064735111206,False,True,False,3.7
126733133,10.027,5973.0,1.31,7,2255.81,26.6674,1519.7207,2.1,551.0,3.36,8.0,4,2.4,2.8,11.7,4.6,2.0,10,,False,,1,1,"TOI570.01:P=1.469,d=1.7mmag,FP",True,,,False,484.9,False,4,4,320.0,5.62,14.4,45.6,3.7,3,1.0,6.725367944170322,0.31225057386195804,False,True,False,3.7
295593712,10.0819,5343.0,0.82,7,2520.19,23.06797,1662.0341,0.5,1650.0,3.63,15.7,7,2.1,2.3,26.0,4.2,2.0,1,,False,4418.01(1:3),2,2,"TOI4418.01:P=7.625,d=0.903mmag,PC;TOI4418.02:P=25.71,d=1.55mmag,PC",False,4418.01,,False,605.5,True,7,7,321.0,21.37,11.2,71.8,3.7,2,1.0,4.689076537706529,0.1066308037370093,True,True,False,3.7
445805961,8.9134,5675.0,0.98,9,1663.37,24.05844,1837.3914,2.25,222.0,1.59,8.5,9,0.2,0.1,11.5,3.0,2.0,14,"00445805961-01(1:1,ntoi=1);00445805961-01(1:1,ntoi=1);00445805961-01(1:1,ntoi=1);00445805961-01(1:1,ntoi=1);00445805961-01(1:1,ntoi=1);00445805961-01(1:1,ntoi=1);00445805961-01(1:1,ntoi=1)",True,1710.01(1:1),1,1,"TOI1710.01:P=24.28,d=3.09mmag,CP",True,1710.01,"TOI-1710 b(P=24.28,Transit,1:1)",False,275.8,True,9,9,151.0,6.26,8.9,16.4,3.7,2,1.0,5.355271567482762,0.4201467603738365,True,True,False,3.7
144441148,8.70842,5961.28,1.99038,2,1493.07,5.83578,1934.8827,0.5,407.0,4.38,7.2,6,1.9,0.1,6.7,3.0,1.0,3,"00144441148-01(1:1,ntoi=1);00144441148-01(1:1,ntoi=1)",True,1837.01(1:1),1,1,"TOI1837.01:P=5.818,d=1.16mmag,FP",True,1837.01,,False,301.0,True,6,6,269.0,2.51,4.7,0.5,3.6,3,1.0,5.356304569663701,0.0933479404498077,True,True,False,3.6
200723869,7.0286,6382.7,1.76557004451752,4,2602.12,19.81892,1390.5423,0.75,215.0,2.83,10.5,5,2.0,-2.8,11.3,3.6,1.0,5,,False,,1,1,"TOI257.01:P=18.39,d=1.29mmag,CP",False,,,False,156.5,False,5,5,124.0,3.91,5.2,2.7,3.6,2,1.0,7.43289943128771,0.10090275092960144,False,True,False,3.6
200807066,8.9043,5908.0,1.24840998649597,4,783.78,24.2347,1409.2951,3.0,262.0,2.2,7.6,3,1.1,-0.0,8.8,4.3,2.0,2,,False,,1,1,"TOI869.01:P=26.26,d=0.273mmag,FA",True,,,False,266.2,False,3,3,381.0,1.45,9.1,18.6,3.6,2,1.0,6.308493589501163,0.47554934588389136,False,True,False,3.6
75589027,8.64885,6224.0,1.2,5,811.2,21.54791,2486.3575,3.6,563.0,3.11,12.3,3,2.7,1.0,12.4,4.9,1.0,0,,False,,1,1,"TOI5130.01:P=2.167,d=0.306mmag,PC",False,,,False,285.8,False,3,3,444.0,1.57,11.1,3.0,3.6,2,1.0,5.908322267052458,0.6093100269894328,False,True,False,3.6
203189770,10.4219,8324.0,1.71,5,1138.72,29.03826,2425.7035,0.62,1539.0,7.32,8.3,3,0.0,-0.9,9.4,4.6,2.0,8,,False,,1,1,"TOI1198.01:P=3.613,d=12.9mmag,KP",True,,,False,626.2,False,3,3,1131.0,2.54,8.3,18.8,3.6,2,1.0,8.264106350007804,0.07502323587588082,False,True,False,3.6
405454160,10.4397,5383.0,0.983025014400482,5,2555.35,23.09837,1534.0452,0.75,961.0,3.32,7.2,4,1.8,1.4,8.3,4.4,2.0,4,,False,,1,1,"TOI563.01:P=731.9,d=3.58mmag,PC",True,,,False,555.7,False,4,4,724.0,2.43,6.4,7.5,3.6,2,1.0,5.293933132115549,0.14167160432196219,False,True,False,3.6
70513361,8.1345,5302.58,0.848675012588501,6,2874.19,36.26524,1406.8018,0.62,299.0,1.6,7.0,4,0.7,0.9,8.8,3.7,2.0,4,,False,,1,1,"TOI262.01:P=11.15,d=0.615mmag,CP",False,,,False,214.6,False,4,4,235.0,1.9,4.2,0.9,3.6,4,1.0,5.578696774509825,0.11113706750166155,False,True,False,3.6
233964642,9.5498,6090.2,1.57,6,1844.91,35.99371,2072.4316,3.15,539.0,3.98,8.2,3,2.6,-2.2,7.7,4.1,1.0,8,"00233964642-01(1:2,ntoi=1);00233964642-01(1:2,ntoi=2);00233964642-01(1:2,ntoi=1)",True,334.01(1:2),1,1,"TOI334.01:P=17.92,d=10.8mmag,APC",True,334.01,,False,361.3,True,3,3,684.0,1.27,7.8,4.9,3.6,2,1.0,8.38591134374957,0.3756300145419316,True,True,False,3.6
367858035,10.0907,5169.0,0.81,11,1871.96,49.51152,1791.4348,1.5,596.0,2.16,7.1,4,2.9,-0.8,7.7,4.9,2.0,6,,False,,1,1,"TOI1758.01:P=20.71,d=1.98mmag,CP",False,,,False,500.5,False,4,4,501.0,2.69,4.8,7.1,3.6,2,1.0,5.999297421214556,0.2500292775443571,False,True,False,3.6
154923406,9.6446,5011.0,0.78667801618576,14,1979.27,15.39698,1687.3337,3.0,179.0,1.15,8.4,19,2.7,-1.8,13.0,3.0,2.0,8,,False,,1,1,"TOI4590.01:P=25.92,d=0.64mmag,PC",False,,,False,414.1,True,15,18,80.0,16.8,7.7,12.8,3.6,2,0.8333333333333334,3.986130246995405,0.7526096274102652,True,True,False,3.6
229951289,10.2572,6011.0,0.98,25,1952.48,80.99479,1732.5679,4.5,465.0,2.3,8.1,4,2.8,-2.1,9.2,5.3,2.0,1,,False,,1,1,"TOI1609.01:P=13.31,d=0.815mmag,FA",True,,,False,615.5,True,4,4,274.0,5.4,8.7,27.1,3.6,3,1.0,8.026225779986785,0.5606620251352323,True,True,False,3.6
269701147,8.2929,5555.7,0.9204350113868712,28,1951.25,108.06119,1791.4883,0.75,329.0,1.82,7.1,4,1.4,0.8,7.0,5.1,2.0,60,,False,,3,3,"TOI1339.01:P=8.88,d=1.34mmag,CP;TOI1339.02:P=28.58,d=1.17mmag,CP;TOI1339.03:P=38.35,d=1.12mmag,CP",False,,,False,207.6,False,4,4,288.0,2.49,6.5,9.7,3.6,2,1.0,8.474100870209691,0.08850496489091725,False,True,False,3.6
309792357,10.0391,5350.0,0.88,42,2720.37,107.21247,1363.6785,0.5,611.0,2.37,7.5,10,2.5,-0.6,11.1,5.7,2.0,21,,False,,1,1,"TOI199.01:P=104.9,d=12.9mmag,CP",True,,,False,461.5,False,8,10,242.0,12.45,4.9,5.8,3.6,3,0.8,8.202479921678334,0.06095717450993693,False,True,False,3.6
459942762,8.2482,5997.7,1.0,2,761.81,12.75981,1438.3439,0.5,450.0,2.31,7.0,3,2.4,-0.1,6.8,4.3,2.0,3,,False,,1,1,"TOI430.01:P=0.5864,d=0.481mmag,FP",True,,,False,202.4,False,3,3,336.0,1.52,8.7,4.0,3.5,3,1.0,4.393625436575221,0.11380123481571612,False,True,False,3.5
286132427,8.1075,5914.0,1.00635,4,2555.36,25.33075,1536.1374,2.25,1085.0,3.62,18.8,3,1.2,3.4,18.7,4.5,2.0,0,,False,,1,1,"TOI635.01:P=0.4934,d=0.211mmag,FA",True,,,False,284.9,False,2,2,1028.0,1.16,7.1,0.8,3.5,2,1.0,5.545282521805449,0.4057502915590744,False,True,False,3.5
453211454,7.9259,5560.26,0.9611620116233826,5,2225.2,40.47524,1505.4541,0.62,385.0,2.06,8.3,3,1.0,0.9,8.8,4.3,2.0,15,,False,,2,2,"TOI509.01:P=9.059,d=0.95mmag,CP;TOI509.02:P=21.4,d=1.04mmag,CP",False,,,False,182.7,False,3,3,335.0,1.31,5.7,1.4,3.5,2,1.0,6.287372193168669,0.0986103543661118,False,True,False,3.5
199376584,8.0417,6125.0,1.27,7,1875.68,28.33121,1686.7558,1.0,185.0,1.88,7.0,7,1.0,0.9,7.3,3.3,2.0,14,"00199376584-01(2:3,ntoi=1);00199376584-01(2:3,ntoi=1);00199376584-01(2:3,ntoi=2);00199376584-01(2:3,ntoi=2);00199376584-01(2:3,ntoi=1);00199376584-01(1:2,ntoi=1)",True,1456.01(2:3),1,1,"TOI1456.01:P=18.71,d=6.61mmag,CP",True,1456.01,"HD 332231 b(P=18.71,Transit,2:3)",False,194.4,True,7,7,91.0,4.81,4.7,2.8,3.5,3,1.0,6.7220099204535675,0.14876502888774745,True,True,False,3.5
120896927,8.3157,5175.2,0.841841995716095,7,2904.62,22.24817,1400.1039,1.12,218.0,1.36,7.2,7,1.3,0.1,8.2,4.5,2.0,15,,False,,2,2,"TOI402.01:P=4.756,d=0.391mmag,CP;TOI402.02:P=17.18,d=0.61mmag,CP",False,,,False,215.1,False,6,7,176.0,3.4,4.8,2.4,3.5,2,0.8571428571428571,4.714765715239359,0.23755157045871153,False,True,False,3.5
340458804,10.3607,7923.0,1.51839995384216,18,1951.79,0.66092,2037.0425,0.5,245.0,2.59,19.0,631,0.2,1.3,11.9,8.0,1.0,8,,False,,1,1,"TOI4510.01:P=194.2,d=0.881mmag,PC",False,,,False,1107.9,False,375,627,85.0,17.02,3.7,0.5,3.5,6,0.5980861244019139,2.1636252776937988,0.23109362104187856,False,True,False,3.5
309792357,10.0391,5350.0,0.88,42,2720.37,117.60992,1349.3607,0.5,810.0,2.73,8.0,7,0.6,-0.2,12.1,6.5,2.0,21,"00309792357-01(3:2,ntoi=1)",True,,1,1,"TOI199.01:P=104.9,d=12.9mmag,CP",True,,,False,461.5,False,6,7,706.0,4.27,5.0,9.1,3.5,3,0.8571428571428571,8.459500627586989,0.05910514367354818,False,True,False,3.5
287256467,8.8975,5674.0,0.94,4,1495.83,10.95799,1990.7016,1.8,276.0,1.7,7.3,7,0.6,-0.0,10.0,2.5,2.0,7,,False,2141.01(5:3),1,1,"TOI2141.01:P=18.26,d=1.05mmag,CP",False,2141.01,"TOI-2141 c(P=5.462,Radial Velocity,1:2);TOI-2141 b(P=18.26,Transit,5:3)",False,290.2,True,4,7,65.0,15.15,6.6,20.6,3.4,2,0.5714285714285714,4.007471997267887,0.4491609676192769,True,True,False,3.4
303586471,7.7158,6034.49,1.07903003692627,5,2936.45,16.61698,1367.358,4.2,175.0,1.56,11.0,4,2.6,2.9,10.9,3.0,2.0,4,,False,,1,2,"TOI4326.01:P=1826,d=0.638mmag,PC",False,,,False,178.0,False,4,4,100.0,3.77,8.7,16.8,3.4,3,1.0,5.047558363513673,0.8320854752982636,False,True,False,3.4
453211454,7.9259,5560.26,0.9611620116233826,5,2225.2,44.81349,1505.4567,0.75,381.0,2.05,9.4,3,2.7,0.4,8.8,4.3,2.0,15,,False,,2,2,"TOI509.01:P=9.059,d=0.95mmag,CP;TOI509.02:P=21.4,d=1.04mmag,CP",False,,"HD 63935 b(P=9.059,Transit,1:5)",False,182.7,True,3,3,461.0,1.3,5.5,8.3,3.4,2,1.0,6.504425567529575,0.11530610846621697,True,True,False,3.4
303204165,9.59055,5991.0,0.968041002750397,5,1162.44,32.03712,2455.6273,2.4,503.0,2.37,7.2,3,2.9,-0.1,7.0,3.1,2.0,10,,False,,2,2,"TOI4647.01:P=8.835,d=0.702mmag,PC;TOI4647.02:P=11.07,d=0.642mmag,PC",False,,,False,377.2,False,2,2,527.0,1.39,7.4,8.7,3.4,2,1.0,5.843709503263189,0.4106980332714716,False,True,False,3.4
376867898,8.47427,6298.0,1.8,38,1979.26,107.34274,1718.9503,0.5,330.0,3.57,7.8,8,1.0,1.0,9.6,7.2,2.0,3,,False,,1,1,"TOI7064.01:P=61.56,d=0.198mmag,PC",False,,,False,236.4,False,7,8,210.0,8.09,7.5,19.2,3.4,3,0.875,13.222518693548016,0.03781427817107017,False,True,False,3.4
170634116,9.6757,6600.0,1.48531997203827,6,2879.66,31.39441,1421.6815,4.5,362.0,3.08,7.3,3,2.4,0.7,8.0,4.0,2.0,10,,False,,1,1,"TOI413.01:P=3.662,d=13.4mmag,KP",True,,,False,396.3,False,3,3,300.0,2.74,8.3,14.2,3.3,2,1.0,7.721572433130468,0.5827828514166534,False,True,False,3.3
7422496,8.7601,5744.0,0.879320979118347,7,2607.67,27.71593,1453.1432,0.75,359.0,1.82,7.4,6,0.1,-0.5,9.4,4.2,1.0,3,"00007422496-01(2:3,ntoi=1)",True,,1,2,"TOI4189.01:P=46.96,d=0.823mmag,PC",False,,"HD 35843 c(P=46.96,Transit,5:3)",True,266.4,True,6,6,326.0,2.46,4.3,3.6,3.3,4,1.0,5.222555563152962,0.14360785460886696,True,True,False,3.3
413343957,10.3593,6311.0,1.41,3,1108.52,12.72298,3077.5695,3.6,1518.0,5.99,14.3,3,0.9,-0.9,16.6,4.3,2.0,2,,False,,1,1,"TOI4365.01:P=3.378,d=1.34mmag,PC",False,,,False,814.2,False,3,3,1689.0,1.59,9.4,34.9,3.2,2,1.0,5.519299787701559,0.652256651835028,False,True,False,3.2
356473034,10.4467,5267.0,1.08,3,1119.86,8.51454,1845.2663,1.5,840.0,3.41,8.7,7,0.2,2.7,8.8,2.9,2.0,6,,False,,1,1,"TOI1720.01:P=2.616,d=14.6mmag,KP",True,,,False,1017.7,False,6,6,842.0,1.53,4.9,1.6,3.2,3,1.0,4.041518096021101,0.37114766391291404,False,True,False,3.2
33692729,8.7615,6114.0,1.00528001785278,4,2822.29,20.76888,1472.8901,1.8,435.0,2.29,8.7,3,0.0,0.5,8.3,3.0,2.0,6,,False,,1,1,"TOI469.01:P=13.63,d=1.28mmag,CP",False,,"TOI-469.01(P=13.63,Transit,2:3)",False,265.6,True,2,2,444.0,1.47,8.7,15.7,3.2,2,1.0,5.186455863560858,0.3470578073644642,True,True,False,3.2
31374837,8.1705,4891.0,0.726631999015808,5,2852.49,19.54541,1444.2901,0.62,492.0,1.76,9.4,3,1.5,0.8,10.0,3.5,1.0,10,,False,,2,2,"TOI431.01:P=12.46,d=2.26mmag,CP;TOI431.02:P=0.4901,d=0.316mmag,CP",False,,"TOI-431 c(P=4.849,Radial Velocity,1:4)",False,205.1,False,3,3,416.0,1.42,7.3,5.2,3.2,3,1.0,4.0935449956907375,0.15145796629881242,False,True,False,3.2
162631539,6.9014,6060.54,1.37495994567871,9,1549.98,45.29608,1943.1477,2.1,268.0,2.46,17.4,3,0.0,1.2,24.5,4.0,2.0,4,,False,,1,2,"TOI5724.01:P=697.4,d=0.487mmag,PC",False,,,False,141.9,False,3,3,124.0,5.27,9.5,62.8,3.2,3,1.0,8.28746800791694,0.25339464333302886,False,True,False,3.2
207468071,9.29416,6351.0,1.619879961013794,13,1733.12,85.35537,2008.6302,4.8,406.0,3.56,7.2,3,1.1,-0.4,7.0,3.4,2.0,15,,False,,2,2,"TOI1836.01:P=20.38,d=2.58mmag,CP;TOI1836.02:P=1.773,d=0.236mmag,FP",True,,,False,345.3,False,3,3,418.0,1.18,6.4,1.5,3.2,2,1.0,11.41844941879604,0.4203723136084191,False,True,False,3.2
300293197,9.4906,5873.97,1.0887099504470823,42,2720.36,98.72715,1358.9242,1.58,541.0,2.76,15.6,10,1.1,1.5,19.1,5.1,2.0,57,,False,,1,1,"TOI211.01:P=6.564,d=2.33mmag,APC",False,,,False,387.7,False,7,10,217.0,15.95,5.8,24.8,3.2,4,0.7,9.19662805218078,0.1718020986643401,False,True,False,3.2
392681545,7.4961,6111.67,1.61211001873016,2,750.86,6.61088,2913.9442,0.5,307.0,3.08,9.3,5,0.8,0.7,10.8,2.1,1.0,4,,False,,2,2,"TOI6054.01:P=7.49,d=0.245mmag,CP;TOI6054.02:P=12.58,d=0.309mmag,CP",False,,,False,202.0,False,4,5,219.0,2.35,4.9,3.9,3.1,3,0.8,4.851669067906106,0.10305731759561068,False,True,False,3.1
69747919,7.7275,6073.5,1.4713100194931,5,2579.04,23.02464,1359.5517,0.62,437.0,3.36,10.7,3,2.4,0.1,14.0,4.1,2.0,5,,False,,1,1,"TOI1407.01:P=9.978,d=0.195mmag,KP",False,,,False,161.0,False,3,3,341.0,2.34,6.8,17.4,3.1,2,1.0,6.919510486942344,0.08960171404754547,False,True,False,3.1
263003176,7.4371,6295.7,1.1374200582504272,9,2581.55,66.63246,1348.9896,0.5,454.0,2.64,9.1,3,1.7,0.3,10.0,4.7,2.0,14,,False,,1,1,"TOI130.01:P=14.34,d=0.394mmag,CP",False,,,False,152.7,False,2,2,492.0,1.21,5.4,1.3,3.1,2,1.0,8.305851553672987,0.060198523507067926,False,True,False,3.1
233071822,10.4302,4435.0,0.7,36,1979.26,110.48603,1784.5982,0.5,1120.0,2.56,7.6,6,2.8,1.4,8.8,6.4,2.0,13,,False,,1,1,"TOI1747.01:P=2.755,d=0.428mmag,PC",False,,,False,588.4,False,5,6,772.0,3.61,6.9,17.2,3.1,5,0.8333333333333334,7.112835698894762,0.07029545193595477,False,True,False,3.1
167415965,8.0089,5346.2,0.8,40,2720.36,79.31353,1393.9433,0.62,231.0,1.33,9.2,11,0.6,-0.6,13.2,7.6,2.0,35,,False,,2,2,"TOI214.01:P=18.55,d=0.463mmag,PC;TOI214.02:P=9.696,d=0.0863mmag,PC",False,,,False,187.3,False,9,11,131.0,5.04,4.4,3.0,3.1,2,0.8181818181818182,6.961733248610085,0.08905828158868101,False,True,False,3.1
392681545,7.4961,6111.67,1.61211001873016,2,750.86,7.82958,2912.9911,0.5,388.0,3.46,10.5,4,0.6,-0.9,10.9,2.2,1.0,4,,False,,2,2,"TOI6054.01:P=7.49,d=0.245mmag,CP;TOI6054.02:P=12.58,d=0.309mmag,CP",False,,,False,202.0,False,4,4,351.0,1.46,4.1,1.5,3.0,2,1.0,5.133153293759948,0.09740601368905515,False,True,False,3.0
194736418,9.3229,6305.0,1.62,2,1871.96,11.3614,1790.8155,2.25,541.0,4.11,7.9,3,1.4,0.3,7.3,3.8,1.0,3,,False,,1,1,"TOI6038.01:P=5.827,d=1.16mmag,CP",False,,,False,385.8,False,2,2,623.0,1.43,7.3,9.9,3.0,2,1.0,5.830362895992164,0.38591079837357417,False,True,False,3.0
317548889,6.7799,6212.63,1.50004005432129,5,2822.28,14.3034,1478.2831,0.5,199.0,2.31,9.6,7,2.6,-2.6,10.6,3.8,1.0,7,,False,,1,1,"TOI480.01:P=6.866,d=0.363mmag,CP",False,,,False,120.9,False,6,7,109.0,5.04,5.3,6.1,3.0,3,0.8571428571428571,5.980763453941933,0.08360136692422586,False,True,False,3.0
453211454,7.9259,5560.26,0.9611620116233826,5,2225.2,42.62763,1505.4515,0.75,377.0,2.04,8.9,3,2.3,0.6,8.8,4.3,2.0,15,"00453211454-03(1:3,ntoi=3);00453211454-02(1:2,ntoi=3);00453211454-02(1:2,ntoi=2);00453211454-02(1:2,ntoi=2);00453211454-02(1:2,ntoi=2)",True,509.02(1:2),2,2,"TOI509.01:P=9.059,d=0.95mmag,CP;TOI509.02:P=21.4,d=1.04mmag,CP",False,509.02,"HD 63935 c(P=21.4,Radial Velocity,1:2)",False,182.7,True,3,3,439.0,1.37,5.1,8.4,3.0,2,1.0,6.396902848029178,0.11724423800356254,True,True,False,3.0
255930614,7.6262,6084.0,1.46,6,1523.67,27.82698,1967.08,2.4,166.0,2.05,8.1,3,0.1,0.3,9.1,3.5,2.0,10,,False,,1,1,"TOI2024.01:P=2.876,d=3.43mmag,KP",True,,,True,155.3,False,3,3,166.0,1.89,6.2,7.1,3.0,2,1.0,7.332727677842619,0.32729975875854567,False,True,False,3.0
270341214,8.8784,6409.0,1.46862995624542,9,2581.55,14.04276,1330.8383,1.0,206.0,2.3,7.0,12,2.7,-0.4,9.2,3.3,2.0,14,"00270341214-02(1:1,ntoi=2)",True,,2,2,"TOI173.01:P=29.75,d=6.92mmag,PC;TOI173.02:P=9.17,d=0.332mmag,PC",True,,,False,267.2,False,9,12,114.0,9.37,5.1,6.5,3.0,3,0.75,5.860941323632999,0.1706210563766801,False,True,False,3.0
309792357,10.0391,5350.0,0.88,42,2720.37,112.83981,1341.4701,0.75,506.0,2.16,7.6,10,2.4,0.6,10.6,5.3,2.0,21,,False,,1,1,"TOI199.01:P=104.9,d=12.9mmag,CP",True,,,False,461.5,False,8,10,231.0,10.58,5.2,9.0,3.0,3,0.8,8.343549705384733,0.08988979828525111,False,True,False,3.0
97486178,9.97008,5716.0,1.02,3,2879.66,22.66936,1413.3137,1.12,745.0,3.04,7.5,3,2.0,0.7,6.9,3.0,2.0,3,,False,,1,1,"TOI2426.01:P=4.082,d=0.5mmag,CP",False,,,False,462.9,False,3,3,683.0,1.89,6.9,7.1,2.9,2,1.0,5.392061392446471,0.20771276854691686,False,True,False,2.9
281781375,9.2182,5605.0,1.03654003143311,11,2907.31,70.62581,1382.0585,3.15,488.0,2.5,9.4,3,0.0,-0.7,11.9,4.3,2.0,4,,False,,1,1,"TOI204.01:P=43.83,d=0.703mmag,PC",False,,,False,371.6,False,3,3,388.0,2.71,7.4,22.9,2.9,2,1.0,7.960130007010025,0.3957221800681619,False,True,False,2.9
372757221,9.9002,6389.0,1.4,7,948.71,35.42787,2398.0719,3.0,779.0,4.26,11.3,3,0.0,0.5,13.4,3.3,2.0,9,,False,,1,1,"TOI1187.01:P=2.594,d=0.985mmag,PC",False,,,False,482.2,False,3,3,266.0,7.09,11.0,55.2,2.8,2,1.0,7.728146245080856,0.3881914116091643,False,True,False,2.8
408618999,8.3302,5656.0,1.41,8,1871.96,36.30285,1791.4326,1.8,296.0,2.65,8.5,3,0.0,-1.4,10.1,3.8,2.0,11,,False,,1,1,"TOI1736.01:P=7.073,d=0.477mmag,CP",False,,,False,213.7,False,3,3,124.0,6.29,8.1,36.1,2.8,2,1.0,7.828308693735629,0.22993472414295524,False,True,False,2.8
177258735,7.5412,6283.39,1.3560899496078491,41,2720.36,105.15513,1417.2118,0.5,225.0,2.22,7.1,6,2.9,1.5,10.3,6.1,2.0,7,,False,,1,1,"TOI801.01:P=0.7757,d=0.0479mmag,PC",False,,,False,155.4,False,6,6,125.0,7.2,5.2,8.7,2.8,2,1.0,10.872867954073577,0.045986027064062004,False,True,False,2.8
453211454,7.9259,5560.26,0.9611620116233826,5,2225.2,21.84443,1505.4359,1.8,244.0,1.64,10.3,4,0.7,-0.3,9.1,4.1,2.0,15,,False,,2,2,"TOI509.01:P=9.059,d=0.95mmag,CP;TOI509.02:P=21.4,d=1.04mmag,CP",False,,,False,182.7,False,4,4,180.0,2.5,6.9,9.3,2.7,2,1.0,5.119013380817281,0.35163025882003446,False,True,False,2.7
320004517,8.0888,5783.54,0.974668979644775,5,2547.3,19.74812,1670.218,0.75,281.0,1.78,7.1,4,1.7,0.1,8.1,4.2,2.0,6,"00320004517-01(2:3,ntoi=1)",True,,1,1,"TOI1055.01:P=17.47,d=1.3mmag,CP",False,,,False,187.2,False,4,4,149.0,3.03,6.3,5.8,2.6,2,1.0,4.995990946194364,0.15012036812662832,False,True,False,2.6
219508169,10.408,5175.0,0.84,6,1523.67,24.15176,1972.4423,4.2,1294.0,3.3,14.8,3,0.0,-0.9,17.1,3.3,2.0,15,,False,,3,4,"TOI2016.01:P=6.816,d=1.5mmag,PC;TOI2016.02:P=2.459,d=1.28mmag,PC;TOI2016.03:P=25.34,d=1.44mmag,PC",False,,,False,910.5,False,3,3,951.0,2.22,7.0,20.8,2.6,2,1.0,4.838500008978584,0.8680376133525373,False,True,False,2.6
74534430,9.8445,4253.9,0.617519021034241,7,2229.0,28.42484,1527.348,0.75,877.0,2.0,9.2,5,1.3,0.1,14.1,4.3,2.0,4,,False,,1,1,"TOI687.01:P=36.3,d=1.44mmag,PC",False,,,False,495.3,False,4,5,332.0,8.9,7.2,25.3,2.6,2,0.8,4.161097224334285,0.18024092194096453,False,True,False,2.6
238898571,9.954701,5867.0,0.85030198097229,11,2607.67,43.08834,1438.9642,1.5,915.0,2.81,7.7,3,0.0,2.8,9.1,4.5,2.0,6,,False,,1,1,"TOI863.01:P=0.5251,d=0.301mmag,PC",False,,,False,458.4,False,2,2,1141.0,1.53,13.0,25.9,2.6,2,1.0,5.91621128618824,0.2535406406971709,False,True,False,2.6
206466531,10.0081,6000.2,1.33,4,783.67,31.82199,1390.3497,4.5,537.0,3.36,9.6,4,1.7,1.3,13.0,3.9,2.0,2,,False,,1,1,"TOI410.01:P=1.427,d=0.489mmag,FP",True,,,False,455.5,False,4,4,416.0,3.44,8.6,32.6,2.5,2,1.0,7.205849151920552,0.6244926732612255,False,True,False,2.5
408618999,8.3302,5656.0,1.41,8,1871.96,50.24692,1791.4373,1.58,332.0,2.8,9.0,3,0.0,-1.0,10.1,3.9,2.0,11,,False,,1,1,"TOI1736.01:P=7.073,d=0.477mmag,CP",False,,,False,213.7,False,3,3,135.0,6.34,9.8,39.1,2.5,1,1.0,8.72417129996194,0.18110602665572292,False,True,False,2.5
160491359,10.3366,4884.0,0.799715995788574,32,1979.1,111.20817,1782.6017,3.15,647.0,2.22,7.8,4,0.0,1.1,9.1,5.7,2.0,13,,False,,2,3,"TOI2103.01:P=2.662,d=0.24mmag,PC;TOI2103.02:P=20.29,d=0.347mmag,PC",False,,,False,534.3,False,4,4,377.0,3.54,7.8,14.1,2.5,2,1.0,7.790124178939622,0.40435812416391703,False,True,False,2.5
347538174,10.223,6300.0,1.4226800203323364,4,780.48,11.77366,2704.1869,1.05,1801.0,6.59,21.5,5,2.5,0.3,22.5,3.0,1.0,13,,False,,1,1,"TOI2108.01:P=6.803,d=17.9mmag,APC",True,,,False,1083.1,False,4,5,2038.0,1.73,8.0,22.6,2.4,3,0.8,5.410660433942304,0.19406133739480508,False,True,False,2.4
141412823,10.4078,5788.7,1.78,9,242.06,96.00912,2980.1164,4.2,829.0,5.59,11.4,3,1.9,0.0,11.9,5.7,2.0,5,,False,,1,1,"TOI4421.01:P=21.7,d=0.441mmag,FP",True,,,False,531.8,False,3,3,374.0,4.45,10.8,37.7,2.4,2,1.0,12.645202598889977,0.3321417721190711,False,True,False,2.4
340458804,10.3607,7923.0,1.51839995384216,18,1951.79,100.29163,2078.1644,0.75,1042.0,5.35,8.8,5,0.0,1.7,11.0,5.7,2.0,8,"00340458804-01(2:3,ntoi=2);00340458804-02(2:3,ntoi=2)",True,,1,1,"TOI4510.01:P=194.2,d=0.881mmag,PC",False,,,False,1107.9,False,5,5,672.0,3.3,3.5,3.0,2.4,2,1.0,11.540394236702872,0.06498911428993585,False,True,False,2.4
144441148,8.70842,5961.28,1.99038,2,1493.07,9.84426,1934.8827,0.5,638.0,5.49,7.4,3,0.8,-3.4,6.8,3.1,1.0,3,,False,,1,1,"TOI1837.01:P=5.818,d=1.16mmag,FP",True,,,False,301.0,True,2,2,513.0,1.32,3.1,1.0,2.2,2,1.0,6.376171433579791,0.07841696309587518,True,True,False,2.2
86951294,9.2564,5598.0,0.98,3,811.2,21.2001,2481.8723,1.2,657.0,2.74,9.6,3,2.3,-0.8,9.3,3.7,2.0,5,,False,,1,1,"TOI4596.01:P=4.119,d=0.784mmag,PC",False,,,False,368.7,False,3,3,606.0,2.13,6.7,22.3,2.2,2,1.0,5.1341865853563915,0.23372738408506857,False,True,False,2.2
317548889,6.7799,6212.63,1.50004005432129,5,2822.28,40.36561,1481.1737,0.75,205.0,2.34,9.3,4,1.4,-1.4,10.0,3.4,2.0,7,,False,,1,1,"TOI480.01:P=6.866,d=0.363mmag,CP",False,,,False,120.9,False,4,4,160.0,2.96,5.6,6.5,2.2,2,1.0,8.451764185225622,0.08873886960914759,False,True,False,2.2
277683130,9.5739,5722.0,1.11,11,2907.31,19.28973,1329.93,0.75,463.0,2.61,8.5,11,1.0,-0.3,14.4,3.9,2.0,13,,False,,1,1,"TOI138.01:P=6.198,d=4.24mmag,APC",True,,,False,401.1,False,7,10,99.0,16.54,6.5,15.2,1.9,3,0.7,5.40587081183705,0.13873805462715658,False,True,False,1.9
167415965,8.0089,5346.2,0.8,40,2720.36,105.78466,1402.1126,0.5,231.0,1.33,7.6,9,0.4,-1.8,11.2,5.8,2.0,35,,False,,2,2,"TOI214.01:P=18.55,d=0.463mmag,PC;TOI214.02:P=9.696,d=0.0863mmag,PC",False,,,False,187.3,False,7,9,107.0,8.88,11.1,28.5,1.9,3,0.7777777777777778,7.6631827656332465,0.06524704098698116,False,True,False,1.9
317060587,9.0197,5958.2,1.58,8,2851.92,50.51979,1349.0133,0.9,658.0,4.42,7.7,3,2.9,0.3,8.3,4.4,2.0,4,,False,,1,1,"TOI1052.01:P=9.14,d=0.389mmag,CP",False,,,False,286.5,False,2,2,514.0,1.34,9.6,3.0,1.8,1,1.0,9.429026671266596,0.09544993681506932,False,True,False,1.8
122629761,9.47632,5936.0,1.0,2,376.82,20.63182,3291.999,4.2,1731.0,4.54,25.1,3,2.6,0.0,25.1,2.9,2.0,0,,False,6062.01(2:5),1,1,"TOI6062.01:P=8.213,d=0.975mmag,PC",False,6062.01,,False,568.0,True,2,2,1442.0,1.35,10.1,3.0,1.7,1,1.0,5.15688532610764,0.8144451028873495,True,True,False,1.7
301289516,9.0684,4199.0,0.63,3,1380.21,9.30809,2454.845,0.75,686.0,1.8,7.7,3,1.2,0.0,7.6,4.9,1.0,5,,False,,1,1,"TOI4517.01:P=1.209,d=0.726mmag,KP",False,,"GJ 9827 d(P=6.202,Transit,2:3)",False,310.6,True,2,2,615.0,1.56,4.9,8.0,1.6,1,1.0,2.906623975920886,0.2580313126889358,True,True,False,1.6
406976746,9.0689,5552.0,0.7917420268058777,7,2496.7,45.46216,1656.9511,3.6,897.0,2.59,25.5,4,0.0,-0.0,36.8,5.0,2.0,9,,False,,1,1,"TOI1063.01:P=10.07,d=0.937mmag,PC",False,,,False,485.0,False,3,4,377.0,6.4,6.4,58.1,1.5,2,0.75,5.743114150182241,0.6268376190791479,False,True,False,1.5
264171144,9.13648,6683.0,1.5259200334549,39,1979.26,92.18084,1700.1564,0.62,1823.0,7.11,31.1,8,2.5,-1.2,26.2,4.7,2.0,11,,False,,1,1,"TOI2281.01:P=210.7,d=0.372mmag,PC",False,,,False,396.5,False,4,7,217.0,28.99,13.1,128.0,1.5,2,0.5714285714285714,11.25752787512348,0.05507425847641522,False,True,False,1.5
277103955,9.2927,4779.8,0.78,26,2607.82,78.52786,1384.1138,1.58,650.0,2.17,8.7,3,0.0,0.0,11.4,3.5,2.0,9,,False,,1,1,"TOI284.01:P=1.309,d=0.227mmag,FP",True,,,False,343.4,False,2,2,764.0,1.79,10.8,59.4,1.4,1,1.0,6.822537790997365,0.2315853789897476,False,True,False,1.4
320847025,7.5621,4747.13,0.750708997249603,6,2575.56,26.37766,1665.3158,0.5,419.0,1.68,9.4,3,0.8,2.1,9.8,4.0,1.0,4,,False,,1,1,"TOI6978.01:P=9.126,d=0.184mmag,PC",False,,,False,175.1,False,2,3,534.0,1.28,2.9,12.8,1.2,2,0.6666666666666666,4.6231160644912,0.10815216252958766,False,True,False,1.2
75589027,8.64885,6224.0,1.2,5,811.2,30.08934,2479.7575,3.6,536.0,3.03,11.0,3,0.1,-0.3,11.8,4.5,2.0,0,,False,,1,1,"TOI5130.01:P=2.167,d=0.306mmag,PC",False,,,False,285.8,False,2,2,393.0,1.76,9.9,20.3,0.8,1,1.0,6.603892756756885,0.5451330196597453,False,True,False,0.8
116483514,9.1043,4184.0,0.69,7,1713.46,23.87962,1738.9462,1.8,358.0,1.42,8.5,5,0.5,-0.3,9.1,4.2,2.0,10,,False,,1,1,"TOI1411.01:P=1.452,d=0.427mmag,CP",False,,,False,317.4,False,3,4,70.0,10.9,3.8,12.0,0.8,1,0.75,4.227823272275438,0.42575100331268817,False,True,False,0.8
142019343,9.6256,5364.0,0.89,41,2662.78,116.26317,1343.1936,1.58,3350.0,5.62,36.9,3,0.0,-1.1,48.0,5.2,2.0,18,"00142019343-03(1:1,ntoi=3)",True,,1,1,"TOI4413.01:P=4.472,d=0.184mmag,PC",False,,,False,487.3,False,2,2,2617.0,1.94,4.3,90.3,0.8,1,1.0,8.490807962336376,0.18608358674564096,False,True,False,0.8
260304296,9.109901,6725.0,1.551949977874756,30,2720.37,0.51259,1325.7767,1.2,4146.0,10.9,903.8,663,0.0,-48.1,551.5,27.3,0.5,48,"00260304296-01(1:1,ntoi=1);00260304296-01(1:1,ntoi=1);00260304296-01(1:1,ntoi=1);00260304296-01(2:1,ntoi=1);00260304296-01(3:1,ntoi=2);00260304296-02(1:1,ntoi=2);00260304296-01(2:1,ntoi=2);00260304296-02(2:1,ntoi=2);00260304296-02(2:1,ntoi=2);00260304296-01(1:1,ntoi=2);00260304296-03(2:1,ntoi=5);00260304296-02(2:1,ntoi=5);00260304296-01(1:1,ntoi=5);00260304296-05(2:1,ntoi=5);00260304296-04(2:1,ntoi=4);00260304296-01(1:1,ntoi=4);00260304296-03(2:1,ntoi=4);00260304296-01(1:1,ntoi=1);00260304296-01(1:1,ntoi=1);00260304296-01(1:1,ntoi=1);00260304296-01(1:1,ntoi=1);00260304296-01(1:1,ntoi=1);00260304296-01(1:1,ntoi=1);00260304296-01(1:1,ntoi=1);00260304296-01(1:1,ntoi=1);00260304296-01(1:1,ntoi=1);00260304296-01(1:1,ntoi=1);00260304296-01(1:1,ntoi=1);00260304296-01(1:1,ntoi=1);00260304296-01(1:1,ntoi=1);00260304296-01(1:1,ntoi=1);00260304296-01(1:1,ntoi=1);00260304296-01(1:1,ntoi=1);00260304296-01(1:1,ntoi=1);00260304296-01(1:1,ntoi=1);00260304296-01(1:1,ntoi=1);00260304296-01(1:1,ntoi=1);00260304296-01(1:1,ntoi=1);00260304296-01(1:1,ntoi=1);00260304296-01(1:1,ntoi=1);00260304296-01(1:1,ntoi=1);00260304296-01(1:1,ntoi=1);00260304296-01(1:1,ntoi=1);00260304296-01(1:1,ntoi=1);00260304296-01(1:1,ntoi=1);00260304296-01(1:1,ntoi=1)",True,187.01(2:1),1,1,"TOI187.01:P=1.025,d=7.7mmag,FP",True,187.01,,False,1217.4,True,663,663,4059.0,1.34,513.3,3.7,511.8,662,1.0,2.017050708701518,0.594928027750231,True,False,True,511.8
70914192,10.361,5271.7,1.02,3,2852.29,0.60953,1438.9252,0.75,4811.0,7.72,141.0,60,2.0,-4.8,138.3,14.4,1.0,3,"00070914192-01(1:1,ntoi=1);00070914192-01(1:1,ntoi=1);00070914192-01(1:1,ntoi=1)",True,427.01(1:1),1,1,"TOI427.01:P=0.609,d=6.64mmag,APC",True,427.01,,False,1096.5,True,60,60,4761.0,1.15,158.5,2.6,155.1,60,1.0,1.6153752966832815,0.46428839263539184,True,False,True,155.1
70914192,10.361,5271.7,1.02,3,2852.29,1.21906,1439.5398,0.75,4739.0,7.66,99.7,30,2.1,99.5,73.4,7.0,0.5,3,"00070914192-01(1:2,ntoi=1);00070914192-01(1:2,ntoi=1);00070914192-01(1:2,ntoi=1)",True,427.01(1:2),1,1,"TOI427.01:P=0.609,d=6.64mmag,APC",True,427.01,,False,1096.5,True,30,30,4725.0,1.16,112.0,2.3,107.8,30,1.0,2.035245339771442,0.3685059414430228,True,False,True,107.8
70914192,10.361,5271.7,1.02,3,2852.29,1.8286,1439.5294,0.75,4719.0,7.64,80.9,20,0.7,-4.8,78.7,7.6,1.0,3,"00070914192-01(1:3,ntoi=1);00070914192-01(1:3,ntoi=1);00070914192-01(1:3,ntoi=1)",True,427.01(1:3),1,1,"TOI427.01:P=0.609,d=6.64mmag,APC",True,427.01,,False,1096.5,True,20,20,4798.0,1.16,89.9,1.8,84.8,20,1.0,2.3297785744602417,0.32191900475939367,True,False,True,84.8
100100827,8.8287,6400.0,1.35,10,2906.03,1.8829,1355.8747,2.1,426.0,3.04,63.4,111,0.5,65.7,27.9,6.8,0.5,29,"00100100827-01(1:2,ntoi=2);00100100827-02(1:2,ntoi=2);00100100827-02(1:2,ntoi=2);00100100827-01(1:2,ntoi=2);00100100827-01(1:2,ntoi=2);00100100827-02(1:2,ntoi=2);00100100827-02(1:2,ntoi=3);00100100827-01(1:2,ntoi=3);00100100827-01(1:2,ntoi=2);00100100827-02(1:2,ntoi=2);00100100827-01(1:2,ntoi=2);00100100827-02(1:2,ntoi=2);00100100827-01(1:2,ntoi=2);00100100827-02(1:2,ntoi=2);00100100827-01(1:2,ntoi=2);00100100827-02(1:2,ntoi=2);00100100827-01(1:2,ntoi=2);00100100827-02(1:2,ntoi=2);00100100827-01(1:2,ntoi=2);00100100827-02(1:2,ntoi=2);00100100827-01(1:2,ntoi=2);00100100827-02(1:2,ntoi=2);00100100827-01(1:2,ntoi=2);00100100827-02(1:2,ntoi=2);00100100827-01(1:2,ntoi=2);00100100827-02(1:2,ntoi=2);00100100827-01(1:2,ntoi=2);00100100827-02(1:2,ntoi=2)",True,185.01(1:2),1,1,"TOI185.01:P=0.9415,d=12.5mmag,KP",True,185.01,"WASP-18 b(P=0.9415,Transit,1:2)",False,339.6,True,111,111,524.0,1.63,69.6,2.9,68.9,109,1.0,2.836002165754263,0.7404789831821177,True,False,True,68.9
358516596,10.2025,5703.0,1.38951003551483,6,1522.52,0.59094,2010.9171,1.58,3281.0,8.68,194.6,179,7.8,-151.0,111.7,9.7,1.0,19,"00358516596-02(2:3,ntoi=2);00358516596-02(2:3,ntoi=3);00358516596-03(2:3,ntoi=3);00358516596-02(2:3,ntoi=3);00358516596-03(2:3,ntoi=3);00358516596-02(2:3,ntoi=2);00358516596-02(2:3,ntoi=3);00358516596-03(2:3,ntoi=3);00358516596-02(2:3,ntoi=3);00358516596-03(2:3,ntoi=3)",True,,1,1,"TOI2132.01:P=3.244,d=16.4mmag,KP",True,,,False,2470.3,False,177,177,3569.0,1.29,65.8,0.3,64.0,176,1.0,1.964704388106752,0.8041922283904173,False,False,True,64.0
23229805,8.5608,6138.0,1.07688999176025,6,1495.86,0.56695,2010.4666,1.58,730.0,3.17,147.6,240,4.1,-109.1,80.7,10.3,1.0,21,"00023229805-02(2:3,ntoi=4);00023229805-02(2:3,ntoi=4);00023229805-02(2:3,ntoi=4);00023229805-03(1:1,ntoi=4);00023229805-04(1:1,ntoi=4);00023229805-02(1:1,ntoi=4)",True,,1,1,"TOI4451.01:P=8.852,d=1.12mmag,PC",False,,,False,584.3,False,240,240,757.0,1.54,63.0,0.4,62.7,237,1.0,1.6349486151887314,0.9663912280311096,False,False,True,62.7
358516596,10.2025,5703.0,1.38951003551483,6,1522.52,0.78793,2010.514,1.58,3263.0,8.66,169.7,134,0.6,184.1,96.8,8.2,1.0,19,"00358516596-02(1:2,ntoi=2);00358516596-02(1:2,ntoi=3);00358516596-03(1:2,ntoi=3);00358516596-02(1:2,ntoi=3);00358516596-03(1:2,ntoi=3);00358516596-02(1:2,ntoi=2);00358516596-02(1:2,ntoi=3);00358516596-03(1:2,ntoi=3);00358516596-02(1:2,ntoi=3);00358516596-03(1:2,ntoi=3)",True,,1,1,"TOI2132.01:P=3.244,d=16.4mmag,KP",True,,,False,2470.3,False,133,133,3743.0,1.35,60.3,0.4,59.2,133,1.0,2.162446133292141,0.7306540383480369,False,False,True,59.2
23229805,8.5608,6138.0,1.07688999176025,6,1495.86,0.75594,2010.6448,1.58,744.0,3.21,131.0,175,1.2,142.5,72.5,9.1,1.0,21,"00023229805-02(1:2,ntoi=4);00023229805-03(1:1,ntoi=4);00023229805-04(1:1,ntoi=4);00023229805-02(1:2,ntoi=4);00023229805-04(1:1,ntoi=4);00023229805-03(1:1,ntoi=4);00023229805-04(1:1,ntoi=4);00023229805-02(1:2,ntoi=4);00023229805-03(1:1,ntoi=4)",True,,1,1,"TOI4451.01:P=8.852,d=1.12mmag,PC",False,,,False,584.3,False,174,174,800.0,1.29,58.6,0.3,58.2,173,1.0,1.799499084313,0.8780221194739875,False,False,True,58.2
149833117,9.52339,6578.0,1.36,4,1469.93,0.60876,1842.8127,3.15,1079.0,4.87,126.6,132,0.4,157.1,80.8,7.4,1.0,7,,False,,1,1,"TOI1717.01:P=4.052,d=9.79mmag,PC",True,,,False,948.6,False,131,131,1136.0,1.84,58.7,3.9,57.0,129,1.0,1.9560634390806924,1.6103772183791911,False,False,True,57.0
15445551,10.349,6271.0,1.56802999973297,6,2553.68,1.18634,1572.5688,4.2,618.0,4.25,42.8,99,1.0,48.1,20.7,4.1,0.5,15,"00015445551-02(1:2,ntoi=2);00015445551-02(1:2,ntoi=2);00015445551-02(1:2,ntoi=2);00015445551-02(1:2,ntoi=2);00015445551-02(1:2,ntoi=2);00015445551-02(1:2,ntoi=2);00015445551-02(1:2,ntoi=2)",True,,1,1,"TOI747.01:P=1.683,d=8.86mmag,KP",True,,,False,750.4,False,98,98,768.0,2.05,53.3,2.8,52.5,93,1.0,2.6864634126973677,1.563393709420726,False,False,True,52.5
358516596,10.2025,5703.0,1.38951003551483,6,1522.52,0.98491,2010.7203,1.58,3110.0,8.45,148.4,110,4.8,-117.4,85.4,7.0,1.0,19,,False,,1,1,"TOI2132.01:P=3.244,d=16.4mmag,KP",True,,,False,2470.3,False,109,109,3642.0,1.32,53.7,0.4,51.6,107,1.0,2.3294225115199074,0.6782796990182248,False,False,True,51.6
121338379,9.58094,6218.0,1.3227299451828,5,2581.37,0.55011,1491.8893,0.5,837.0,4.17,43.7,154,0.9,29.4,24.6,10.9,1.0,9,"00121338379-01(1:2,ntoi=2);00121338379-02(1:2,ntoi=2);00121338379-01(1:2,ntoi=1);00121338379-01(1:2,ntoi=1);00121338379-01(1:2,ntoi=1);00121338379-01(1:2,ntoi=1);00121338379-01(1:2,ntoi=1);00121338379-01(1:2,ntoi=1);00121338379-01(1:2,ntoi=1)",True,498.01(1:2),1,1,"TOI498.01:P=0.275,d=0.764mmag,APC",False,498.01,,False,425.3,True,137,138,885.0,1.7,50.9,2.0,50.2,122,0.9927536231884058,1.8564030117861932,0.2693380676639337,True,False,True,50.2
176831592,9.1013,6497.8,1.65,2,758.83,2.53404,1412.7993,1.12,2683.0,9.32,89.6,17,8.3,0.0,53.8,5.0,0.5,3,"00176831592-01(1:2,ntoi=1);00176831592-01(1:2,ntoi=1);00176831592-01(1:2,ntoi=1)",True,463.01(1:1),1,1,"TOI463.01:P=2.534,d=4.43mmag,FP",True,463.01,,False,706.8,True,17,17,2703.0,1.34,52.8,3.5,49.7,17,1.0,3.5793327886845665,0.31290747916502315,True,False,True,49.7
23229805,8.5608,6138.0,1.07688999176025,6,1495.86,0.94492,2010.4573,1.58,709.0,3.13,112.5,142,4.6,-88.1,63.5,7.8,1.0,21,,False,,1,1,"TOI4451.01:P=8.852,d=1.12mmag,PC",False,,,False,584.3,False,141,141,766.0,1.54,48.9,0.4,48.5,138,1.0,1.9384482068989481,0.8150849707393631,False,False,True,48.5
358516596,10.2025,5703.0,1.38951003551483,6,1522.52,1.37887,2011.7046,1.58,3084.0,8.42,124.8,78,3.0,-100.3,73.0,5.7,1.0,19,,False,,1,1,"TOI2132.01:P=3.244,d=16.4mmag,KP",True,,,False,2470.3,False,78,78,3630.0,1.25,45.7,0.5,43.2,76,1.0,2.6058966852373118,0.6063172070293009,False,False,True,43.2
15445551,10.349,6271.0,1.56802999973297,6,2553.68,1.77949,1571.9938,4.2,602.0,4.2,35.2,67,0.7,-12.8,26.0,7.0,1.0,15,"00015445551-02(1:3,ntoi=2);00015445551-02(1:3,ntoi=2);00015445551-02(1:3,ntoi=2);00015445551-02(1:3,ntoi=2);00015445551-02(1:3,ntoi=2);00015445551-02(1:3,ntoi=2);00015445551-02(1:3,ntoi=2)",True,,1,1,"TOI747.01:P=1.683,d=8.86mmag,KP",True,,,False,750.4,False,65,67,728.0,2.11,43.9,2.9,43.0,65,0.9701492537313433,3.0752214096721304,1.3657553198576975,False,False,True,43.0
23229805,8.5608,6138.0,1.07688999176025,6,1495.86,1.32289,2010.4573,1.58,710.0,3.13,96.1,101,4.5,-75.9,53.4,6.3,1.0,21,,False,,1,1,"TOI4451.01:P=8.852,d=1.12mmag,PC",False,,,False,584.3,False,101,101,798.0,1.32,42.2,0.3,41.8,101,1.0,2.1685216666762632,0.7286069695682118,False,False,True,41.8
370745311,10.2355,5622.0,0.93,3,78.51,0.64896,2282.0116,1.12,681.0,2.65,33.0,102,0.8,30.7,32.9,5.9,1.0,11,"00370745311-02(1:2,ntoi=3);00370745311-03(1:2,ntoi=3);00370745311-02(1:2,ntoi=2);00370745311-02(1:2,ntoi=3);00370745311-03(1:1,ntoi=3)",True,,1,1,"TOI1047.01:P=0.6263,d=2.04mmag,FP",True,,,False,726.9,False,102,102,852.0,2.24,38.5,1.5,37.9,91,1.0,1.550968233193567,0.722129554964405,False,False,True,37.9
432549364,10.2242,6596.04,1.46,3,1845.44,1.21748,1764.9461,6.0,464.0,3.43,33.7,56,0.4,7.6,15.4,3.3,0.5,6,"00432549364-01(1:1,ntoi=1);00432549364-02(1:1,ntoi=2);00432549364-01(1:1,ntoi=2);00432549364-01(1:1,ntoi=1);00432549364-01(1:1,ntoi=1);00432549364-01(1:1,ntoi=1)",True,1476.01(1:1),1,1,"TOI1476.01:P=1.217,d=7.59mmag,KP",True,1476.01,"KELT-1 b(P=1.218,Transit,1:1)",False,608.1,True,55,56,525.0,1.48,38.2,2.6,37.3,53,0.9821428571428571,2.583831229826969,2.322133090868246,True,False,True,37.3
160708862,9.8787,9364.0,1.76,4,1841.86,0.55429,2335.6655,1.58,798.0,5.43,64.6,150,4.7,-50.2,45.2,9.3,1.0,6,,False,1337.01(6:1),1,1,"TOI1337.01:P=3.345,d=14.9mmag,KP",True,1337.01,"WASP-178 b(P=3.345,Transit,6:1)",False,783.4,True,149,149,777.0,2.53,37.2,2.5,36.7,134,1.0,2.251450589808815,0.701769786621952,True,False,True,36.7
121338379,9.58094,6218.0,1.3227299451828,5,2581.37,0.82517,1492.1654,0.5,707.0,3.84,29.9,104,6.2,-1.6,17.8,7.2,1.0,9,"00121338379-01(1:3,ntoi=2);00121338379-02(1:3,ntoi=2);00121338379-01(1:3,ntoi=1);00121338379-01(1:3,ntoi=1);00121338379-01(1:3,ntoi=1);00121338379-01(1:3,ntoi=1);00121338379-01(1:3,ntoi=1);00121338379-01(1:3,ntoi=1);00121338379-01(1:3,ntoi=1)",True,498.01(1:3),1,1,"TOI498.01:P=0.275,d=0.764mmag,APC",False,498.01,,False,425.3,True,86,88,768.0,1.96,37.6,2.7,36.6,70,0.9772727272727273,2.12505525967571,0.23528799908775153,True,False,True,36.6
450649506,10.2089,5801.2,1.62,4,1083.96,2.11775,3042.856,2.1,935.0,5.4,31.5,42,1.0,27.2,21.7,5.8,0.5,4,"00450649506-01(1:2,ntoi=1);00450649506-01(1:2,ntoi=1);00450649506-01(1:2,ntoi=1);00450649506-01(1:2,ntoi=1)",True,4371.01(1:2),1,1,"TOI4371.01:P=1.06,d=1.14mmag,PC",False,4371.01,,False,672.4,True,40,40,1084.0,1.39,37.7,1.9,36.5,36,1.0,3.3305032914104435,0.6305353324273899,True,False,True,36.5
149833117,9.52339,6578.0,1.36,4,1469.93,0.9139,1843.1127,3.15,963.0,4.6,96.0,89,3.4,-79.6,61.2,5.2,1.0,7,,False,,1,1,"TOI1717.01:P=4.052,d=9.79mmag,PC",True,,,False,948.6,False,88,89,857.0,1.77,35.3,2.5,34.7,78,0.9887640449438202,2.2397547108625253,1.4064040069758088,False,False,True,34.7
15445551,10.349,6271.0,1.56802999973297,6,2553.68,2.96581,1573.7688,4.2,581.0,4.12,26.5,38,1.9,-11.1,18.4,3.5,1.0,15,,False,,1,1,"TOI747.01:P=1.683,d=8.86mmag,KP",True,,,False,750.4,False,38,38,752.0,2.58,34.5,3.1,33.4,36,1.0,3.6460754153662935,1.1519235126896183,False,False,True,33.4
121338379,9.58094,6218.0,1.3227299451828,5,2581.37,1.10023,1491.8946,0.5,857.0,4.23,31.6,77,0.3,29.1,12.6,5.4,0.5,9,,False,498.01(1:4),1,1,"TOI498.01:P=0.275,d=0.764mmag,APC",False,498.01,,False,425.3,True,57,57,893.0,1.61,33.9,1.4,32.9,53,1.0,2.3389283178390476,0.21377311830657278,True,False,True,32.9
123627908,10.1083,6127.0,1.74,3,625.07,11.80633,3673.545,2.1,1635.0,7.68,30.5,7,0.8,28.5,17.8,4.2,0.5,3,"00123627908-01(1:2,ntoi=1);00123627908-01(1:2,ntoi=1);00123627908-01(1:2,ntoi=1)",True,2515.01(1:2),1,1,"TOI2515.01:P=5.902,d=2.66mmag,FP",True,2515.01,,False,545.8,True,7,7,1653.0,1.28,35.6,2.5,31.7,7,1.0,6.193641998591051,0.33905737536617625,True,False,True,31.7
160708862,9.8787,9364.0,1.76,4,1841.86,0.73906,2335.6608,1.8,774.0,5.34,59.1,118,1.0,65.1,40.5,6.8,1.0,6,"00160708862-02(1:1,ntoi=2)",True,,1,1,"TOI1337.01:P=3.345,d=14.9mmag,KP",True,,,False,783.4,False,116,117,651.0,2.45,31.4,2.6,31.1,101,0.9914529914529915,2.4780494684204544,0.7263777511057303,False,False,True,31.1
392476080,9.78569,6647.0,1.7,2,760.76,1.34496,2719.0647,1.58,796.0,5.23,27.4,24,2.3,27.7,15.9,3.6,0.5,6,"00392476080-01(1:2,ntoi=2);00392476080-02(1:2,ntoi=2);00392476080-01(1:2,ntoi=2);00392476080-02(1:2,ntoi=2);00392476080-01(1:2,ntoi=2);00392476080-02(1:2,ntoi=2)",True,2109.01(1:2),1,1,"TOI2109.01:P=0.6725,d=7.34mmag,CP",True,2109.01,"TOI-2109 b(P=0.6725,Transit,1:2)",False,549.0,True,24,24,930.0,1.44,32.8,2.5,30.0,23,1.0,2.9562695564150627,0.5344573523653899,True,False,True,30.0
160708862,9.8787,9364.0,1.76,4,1841.86,0.92382,2335.853,1.58,743.0,5.24,48.6,95,5.1,-36.9,34.0,6.6,1.0,6,,False,,1,1,"TOI1337.01:P=3.345,d=14.9mmag,KP",True,,,False,783.4,False,93,94,784.0,2.18,28.9,3.1,28.3,78,0.9893617021276596,2.6693930533380468,0.5918948496641314,False,False,True,28.3
20178111,10.2767,5890.0,0.94,3,759.09,1.73411,1468.6272,1.12,1727.0,4.26,27.6,12,0.5,5.5,27.1,6.9,1.0,5,"00020178111-02(1:2,ntoi=2);00020178111-01(1:1,ntoi=2);00020178111-01(1:1,ntoi=1);00020178111-01(1:1,ntoi=1);00020178111-01(1:1,ntoi=1)",True,467.01(1:1),1,1,"TOI467.01:P=1.734,d=1.34mmag,FP",True,467.01,,False,584.8,True,12,12,1984.0,1.13,30.3,1.0,28.1,12,1.0,2.1676329495792253,0.5166926440278606,True,False,True,28.1
149833117,9.52339,6578.0,1.36,4,1469.93,1.52189,1842.8127,3.15,930.0,4.53,76.8,55,2.0,-65.2,51.7,4.2,1.0,7,,False,,1,1,"TOI1717.01:P=4.052,d=9.79mmag,PC",True,,,False,948.6,False,55,55,898.0,1.72,28.4,2.5,27.9,50,1.0,2.654780714464196,1.1865386782560503,False,False,True,27.9
121338379,9.58094,6218.0,1.3227299451828,5,2581.37,1.37528,1492.9935,0.5,737.0,3.92,24.3,63,4.9,-2.8,14.4,5.3,1.0,9,,False,498.01(1:5),1,1,"TOI498.01:P=0.275,d=0.764mmag,APC",False,498.01,,False,425.3,True,46,46,864.0,1.71,28.7,2.8,27.7,41,1.0,2.5195295727033087,0.19844974451461947,True,False,True,27.7
411731278,8.239,8044.0,1.89253997802734,7,2549.86,0.92024,1601.867,0.5,3564.0,12.33,414.5,169,6.9,2.0,340.4,11.5,1.0,6,,False,,1,1,"TOI6706.01:P=7.576,d=3.98mmag,PC",True,,,False,3330.7,False,165,169,4552.0,2.03,27.7,1.4,27.3,106,0.9763313609467456,2.7981567386293804,0.17868906094406803,False,False,True,27.3
160708862,9.8787,9364.0,1.76,4,1841.86,1.29335,2336.0358,1.5,755.0,5.28,40.3,64,3.2,-32.3,28.9,5.3,1.0,6,,False,,1,1,"TOI1337.01:P=3.345,d=14.9mmag,KP",True,,,False,783.4,False,64,64,799.0,2.21,27.6,2.8,26.8,59,1.0,2.986222030108833,0.5023069232214232,False,False,True,26.8
370745311,10.2355,5622.0,0.93,3,78.51,0.8112,2282.6601,1.2,541.0,2.36,24.2,82,3.7,-20.0,24.0,3.8,1.0,11,,False,,1,1,"TOI1047.01:P=0.6263,d=2.04mmag,FP",True,,,False,726.9,False,78,81,671.0,2.08,26.8,1.6,26.0,57,0.9629629629629629,1.6707298823648409,0.7182489597309742,False,False,True,26.0
459850897,10.2726,8405.0,1.7878899574279783,6,1792.43,0.87056,2307.9418,0.5,1921.0,8.55,44.0,147,3.4,35.6,29.8,6.1,1.0,11,,False,,1,1,"TOI3503.01:P=1.188,d=3.04mmag,FP",True,,,False,2483.9,False,139,145,2567.0,2.61,26.3,2.2,25.4,77,0.9586206896551724,2.644651110479803,0.18906085495310873,False,False,True,25.4
392476080,9.78569,6647.0,1.7,2,760.76,1.00825,2719.0741,1.58,817.0,5.3,23.3,16,0.2,-8.5,18.6,4.6,1.0,6,"00392476080-01(2:3,ntoi=2);00392476080-02(2:3,ntoi=2);00392476080-01(2:3,ntoi=2);00392476080-02(2:3,ntoi=2);00392476080-01(2:3,ntoi=2);00392476080-02(2:3,ntoi=2)",True,2109.01(2:3),1,1,"TOI2109.01:P=0.6725,d=7.34mmag,CP",True,2109.01,"TOI-2109 b(P=0.6725,Transit,2:3)",False,549.0,True,16,16,933.0,1.5,26.4,2.8,25.1,16,1.0,2.685531918600336,0.5883378220369376,True,False,True,25.1
370745311,10.2355,5622.0,0.93,3,78.51,0.97331,2282.3397,1.58,622.0,2.53,29.1,71,0.2,21.8,29.4,5.1,1.0,11,"00370745311-02(1:3,ntoi=3);00370745311-03(1:3,ntoi=3);00370745311-02(1:3,ntoi=2);00370745311-02(1:3,ntoi=3);00370745311-03(2:3,ntoi=3);00370745311-02(1:2,ntoi=3);00370745311-03(1:2,ntoi=3)",True,,1,1,"TOI1047.01:P=0.6263,d=2.04mmag,FP",True,,,False,726.9,False,70,71,628.0,2.1,24.5,2.0,23.7,48,0.9859154929577465,1.7753363889595803,0.8899721820752768,False,False,True,23.7
149833117,9.52339,6578.0,1.36,4,1469.93,2.13242,1844.3314,3.15,916.0,4.49,63.3,39,2.3,-54.7,39.8,3.1,1.0,7,,False,,1,1,"TOI1717.01:P=4.052,d=9.79mmag,PC",True,,,False,948.6,False,38,38,886.0,1.56,24.4,2.6,23.0,34,1.0,2.9706978504674133,1.0603569122670538,False,False,True,23.0
387259626,10.1543,6458.8,1.35,12,1897.93,7.24628,1766.9304,2.4,470.0,3.19,20.5,35,2.3,19.8,10.7,6.8,0.5,21,"00387259626-01(1:2,ntoi=1);00387259626-01(1:2,ntoi=2);00387259626-02(1:2,ntoi=2);00387259626-01(1:2,ntoi=2);00387259626-02(1:2,ntoi=2);00387259626-01(1:2,ntoi=2);00387259626-02(1:2,ntoi=2);00387259626-01(1:2,ntoi=2);00387259626-01(1:2,ntoi=1);00387259626-01(1:2,ntoi=1);00387259626-01(1:2,ntoi=1);00387259626-01(1:2,ntoi=1);00387259626-01(1:2,ntoi=1);00387259626-01(1:2,ntoi=1);00387259626-01(1:2,ntoi=1);00387259626-01(1:1,ntoi=1);00387259626-01(1:2,ntoi=1);00387259626-01(1:2,ntoi=1);00387259626-01(1:2,ntoi=1);00387259626-01(1:2,ntoi=1)",True,1455.01(1:2),1,1,"TOI1455.01:P=3.623,d=19.4mmag,APC",True,1455.01,,False,519.5,True,35,35,491.0,1.95,22.7,2.6,21.8,30,1.0,4.444291230620792,0.5400186161213294,True,False,True,21.8
432549364,10.2242,6596.04,1.46,3,1845.44,1.82321,1765.5461,6.0,414.0,3.24,20.2,31,1.8,-9.9,13.2,2.6,1.0,6,"00432549364-01(2:3,ntoi=1);00432549364-02(2:3,ntoi=2);00432549364-01(2:3,ntoi=2);00432549364-01(2:3,ntoi=1);00432549364-01(2:3,ntoi=1);00432549364-01(2:3,ntoi=1)",True,1476.01(2:3),1,1,"TOI1476.01:P=1.217,d=7.59mmag,KP",True,1476.01,"KELT-1 b(P=1.218,Transit,2:3)",False,608.1,True,26,29,501.0,1.98,22.7,2.8,21.1,21,0.896551724137931,2.9561225154978232,2.02968583627515,True,False,True,21.1
430677414,8.41718,7960.5,1.77,7,1845.43,0.5308,1739.0332,0.5,572.0,4.62,70.2,227,1.2,-63.4,44.6,7.6,1.0,18,,False,,1,1,"TOI1507.01:P=0.4674,d=0.301mmag,FP",True,,,False,795.9,False,217,223,658.0,2.24,21.6,0.8,20.9,48,0.9730941704035875,2.2275841016981426,0.22445841646061201,False,False,True,20.9
20178111,10.2767,5890.0,0.94,3,759.09,3.46802,1468.6319,1.05,1707.0,4.24,21.5,7,0.1,17.3,15.8,3.2,0.5,5,"00020178111-01(1:2,ntoi=2);00020178111-01(1:2,ntoi=1);00020178111-01(1:2,ntoi=1);00020178111-01(1:2,ntoi=1)",True,467.01(1:2),1,1,"TOI467.01:P=1.734,d=1.34mmag,FP",True,467.01,,True,584.8,True,7,7,1939.0,1.09,23.4,1.0,20.7,7,1.0,2.730993884011241,0.38447541246697214,True,False,True,20.7
178155732,5.9053,6308.31,1.284500002861023,7,2879.65,10.75462,1420.0012,2.4,166.0,1.8,30.6,8,3.6,-0.8,26.2,5.3,1.0,18,"00178155732-01(1:3,ntoi=3);00178155732-01(1:3,ntoi=2);00178155732-01(2:3,ntoi=3);00178155732-01(2:3,ntoi=1);00178155732-01(1:3,ntoi=3);00178155732-01(1:3,ntoi=2);00178155732-01(1:3,ntoi=2);00178155732-01(1:3,ntoi=2)",True,396.02(1:3),3,3,"TOI396.01:P=5.974,d=0.253mmag,CP;TOI396.02:P=3.585,d=0.195mmag,CP;TOI396.03:P=11.23,d=0.23mmag,CP",False,396.02,"HR 858 b(P=3.585,Transit,1:3)",False,93.3,True,8,8,183.0,1.38,24.7,2.9,20.7,8,1.0,4.9041384647007416,0.489382593349442,True,False,True,20.7
274942910,9.9809,4349.3,0.67,3,216.47,1.07911,3368.2413,4.2,235.0,1.12,17.5,65,0.5,1.0,14.4,8.5,1.0,5,"00274942910-02(1:1,ntoi=2);00274942910-01(1:1,ntoi=2);00274942910-01(1:1,ntoi=1);00274942910-01(1:1,ntoi=1);00274942910-01(1:1,ntoi=1)",True,1325.01(1:1),1,1,"TOI1325.01:P=1.079,d=1.7mmag,FP",True,1325.01,,False,490.8,True,64,65,250.0,2.17,21.1,1.6,20.5,40,0.9846153846153847,1.4766584950859225,2.84425953189374,True,False,True,20.5
430677414,8.41718,7960.5,1.77,7,1845.43,0.57163,1738.7884,0.5,578.0,4.64,68.8,214,0.6,65.6,49.2,8.7,1.0,18,,False,,1,1,"TOI1507.01:P=0.4674,d=0.301mmag,FP",True,,,False,795.9,True,207,209,712.0,2.15,20.5,0.6,20.2,32,0.9904306220095693,2.283295615176016,0.21898171952712994,True,False,True,20.2
430677414,8.41718,7960.5,1.77,7,1845.43,0.61246,1738.7884,0.5,573.0,4.62,65.8,201,0.1,-59.6,42.7,7.2,1.0,18,"00430677414-02(1:3,ntoi=3);00430677414-03(1:3,ntoi=3);00430677414-02(3:1,ntoi=3)",True,,1,1,"TOI1507.01:P=0.4674,d=0.301mmag,FP",True,,,False,795.9,True,186,192,713.0,2.67,19.7,0.8,19.3,42,0.96875,2.336413542891798,0.21400321082762855,True,False,True,19.3
430677414,8.41718,7960.5,1.77,7,1845.43,0.65329,1738.8718,0.5,577.0,4.64,64.1,186,0.3,57.8,44.1,7.5,1.0,18,,False,,1,1,"TOI1507.01:P=0.4674,d=0.301mmag,FP",True,,,False,795.9,False,173,179,682.0,2.36,19.7,0.9,19.2,44,0.9664804469273743,2.387220169153466,0.20944863253953883,False,False,True,19.2
142937186,9.0138,4072.0,0.68,4,2146.05,2.61203,2144.8183,0.75,483.0,1.63,17.5,22,1.2,17.7,13.5,7.2,0.5,4,"00142937186-01(1:2,ntoi=1);00142937186-01(1:2,ntoi=1);00142937186-01(1:2,ntoi=1);00142937186-01(1:2,ntoi=1)",True,2427.01(1:2),1,1,"TOI2427.01:P=1.306,d=0.608mmag,CP",False,2427.01,"TOI-2427 b(P=1.306,Transit,1:2);TOI-2427 c(P=5.15,Radial Velocity,2:1)",False,308.0,True,22,22,482.0,2.17,20.7,3.0,19.1,19,1.0,2.002351370539673,0.37455963575356915,True,False,True,19.1
308050066,9.99028,6655.0,1.91,5,2554.04,1.9443,1545.5883,4.8,176.0,2.76,15.0,58,0.5,12.4,8.1,2.7,0.5,10,"00308050066-02(1:1,ntoi=3);00308050066-03(1:1,ntoi=3)",True,,1,1,"TOI679.01:P=11.18,d=8.58mmag,FP",True,,,False,457.5,False,57,58,229.0,1.93,19.1,1.4,18.6,37,0.9827586206896551,3.6125868569888624,1.3286877769357943,False,False,True,18.6
146523262,10.2994,6808.4,1.01507,3,2116.33,7.52032,2174.8148,3.0,669.0,2.86,17.0,11,0.6,10.6,10.9,4.9,0.5,3,"00146523262-01(1:2,ntoi=1);00146523262-01(1:2,ntoi=1);00146523262-01(1:2,ntoi=1)",True,2465.01(1:2),1,1,"TOI2465.01:P=3.759,d=0.969mmag,PC",False,2465.01,,False,569.2,True,11,11,775.0,1.49,19.9,1.9,18.3,11,1.0,3.7206406729431714,0.8063127465697685,True,False,True,18.3
430677414,8.41718,7960.5,1.77,7,1845.43,0.69412,1738.9916,0.5,568.0,4.6,61.7,177,3.1,-56.5,42.4,7.1,1.0,18,"00430677414-01(2:3,ntoi=1);00430677414-01(2:3,ntoi=1);00430677414-01(2:3,ntoi=3);00430677414-01(2:3,ntoi=3);00430677414-01(2:3,ntoi=2);00430677414-01(2:3,ntoi=1);00430677414-01(2:3,ntoi=3)",True,1507.01(2:3),1,1,"TOI1507.01:P=0.4674,d=0.301mmag,FP",True,1507.01,,False,795.9,True,166,169,666.0,2.8,18.4,0.8,18.1,36,0.9822485207100592,2.4359516145794626,0.20525859257935997,True,False,True,18.1
20178111,10.2767,5890.0,0.94,3,759.09,5.20291,1468.6272,1.12,1618.0,4.13,16.8,5,1.7,5.8,16.4,3.4,1.0,5,"00020178111-01(1:3,ntoi=2);00020178111-01(1:3,ntoi=1);00020178111-01(1:3,ntoi=1);00020178111-01(1:3,ntoi=1)",True,467.01(1:3),1,1,"TOI467.01:P=1.734,d=1.34mmag,FP",True,467.01,,False,584.8,True,5,5,1760.0,1.23,20.5,1.2,17.6,5,1.0,3.1263838667689634,0.35824135734089846,True,False,True,17.6
411731278,8.239,8044.0,1.89253997802734,7,2549.86,1.32277,1602.3617,0.5,3194.0,11.67,311.9,119,19.4,-69.6,250.1,7.9,1.0,6,,False,,1,1,"TOI6706.01:P=7.576,d=3.98mmag,PC",True,,,False,3330.7,False,111,119,3956.0,2.27,17.7,2.3,17.4,57,0.9327731092436975,3.157910237130527,0.15833255616990907,False,False,True,17.4
375506058,7.79824,7400.0,1.94,9,1898.66,1.32511,1712.6802,2.1,83.0,1.92,17.5,80,0.0,-0.2,11.9,10.1,1.0,19,"00375506058-01(2:1,ntoi=1);00375506058-01(2:1,ntoi=1);00375506058-02(2:1,ntoi=2);00375506058-01(2:1,ntoi=2);00375506058-01(2:1,ntoi=2);00375506058-02(2:1,ntoi=2);00375506058-02(1:1,ntoi=2);00375506058-01(2:1,ntoi=2);00375506058-01(2:1,ntoi=2);00375506058-02(1:1,ntoi=2);00375506058-01(2:1,ntoi=1);00375506058-01(2:1,ntoi=1);00375506058-01(2:1,ntoi=1);00375506058-01(2:1,ntoi=1);00375506058-01(2:1,ntoi=1);00375506058-01(2:1,ntoi=1);00375506058-01(2:1,ntoi=1);00375506058-01(2:1,ntoi=1);00375506058-01(2:1,ntoi=1)",True,1431.01(2:1),1,1,"TOI1431.01:P=2.65,d=7.02mmag,CP",True,1431.01,"TOI-1431 b(P=2.65,Transit,2:1)",False,168.5,True,76,80,103.0,2.17,18.1,1.7,17.4,41,0.95,3.2123788491969103,0.6537211513906577,True,False,True,17.4
375506058,7.79824,7400.0,1.94,9,1898.66,2.6502,1714.0177,2.1,81.0,1.91,17.3,80,1.9,0.0,8.8,6.2,0.5,19,"00375506058-01(1:1,ntoi=1);00375506058-01(1:1,ntoi=1);00375506058-02(1:1,ntoi=2);00375506058-01(1:1,ntoi=2);00375506058-01(1:1,ntoi=2);00375506058-02(1:1,ntoi=2);00375506058-02(1:2,ntoi=2);00375506058-01(1:1,ntoi=2);00375506058-01(1:1,ntoi=2);00375506058-02(1:2,ntoi=2);00375506058-01(1:1,ntoi=1);00375506058-01(1:1,ntoi=1);00375506058-01(1:1,ntoi=1);00375506058-01(1:1,ntoi=1);00375506058-01(1:1,ntoi=1);00375506058-01(1:1,ntoi=1);00375506058-01(1:1,ntoi=1);00375506058-01(1:1,ntoi=1);00375506058-01(1:1,ntoi=1)",True,1431.01(1:1),1,1,"TOI1431.01:P=2.65,d=7.02mmag,CP",True,1431.01,"TOI-1431 b(P=2.65,Transit,1:1)",False,168.5,True,75,80,92.0,2.4,17.7,1.7,17.1,41,0.9375,4.047333551163062,0.5188601269091186,True,False,True,17.1
466113537,8.9718,7119.5,1.98082995414734,5,1085.33,0.72102,3014.7958,0.5,1211.0,7.52,76.8,151,2.7,52.1,59.4,7.8,1.0,9,,False,,1,1,"TOI1954.01:P=4.906,d=1.85mmag,PC",False,,,False,1561.8,False,133,151,1374.0,2.66,17.2,1.9,17.0,54,0.8807947019867549,2.6592277107788997,0.18802451477671603,False,False,True,17.0
155114483,9.25068,8728.0,1.7,3,1819.48,1.59702,1765.0218,3.6,175.0,2.45,15.1,43,1.2,14.5,10.9,3.0,0.5,6,,False,,1,1,"TOI1370.01:P=5.265,d=3.75mmag,FP",True,,,False,365.0,False,41,43,212.0,2.55,17.8,2.5,16.9,27,0.9534883720930233,3.130480671031424,1.1499831426251483,False,False,True,16.9
453464017,10.248,6190.4,1.48,2,52.2,10.31431,2314.0527,7.2,1120.0,5.4,30.6,5,4.9,-11.3,31.2,2.8,1.0,4,,False,,1,1,"TOI1993.01:P=3.942,d=14mmag,FP",True,,,False,1086.0,False,5,5,1487.0,1.32,20.0,3.6,16.8,5,1.0,5.315321004095303,1.3545748214364863,False,False,True,16.8
238197709,10.3001,6104.0,1.86397,29,2417.21,27.45118,1655.5613,2.4,442.0,4.27,14.9,22,0.2,14.5,8.4,5.8,0.5,27,"00238197709-01(1:2,ntoi=1);00238197709-01(1:2,ntoi=1);00238197709-01(1:2,ntoi=2);00238197709-02(1:2,ntoi=2);00238197709-01(1:2,ntoi=2);00238197709-02(1:2,ntoi=2);00238197709-01(1:2,ntoi=2);00238197709-02(1:2,ntoi=2);00238197709-01(1:2,ntoi=2);00238197709-02(1:2,ntoi=2);00238197709-01(1:2,ntoi=1);00238197709-01(1:2,ntoi=1);00238197709-01(1:2,ntoi=1);00238197709-01(1:2,ntoi=1);00238197709-01(1:2,ntoi=1);00238197709-01(1:2,ntoi=1);00238197709-01(1:2,ntoi=1);00238197709-01(1:2,ntoi=1);00238197709-01(1:2,ntoi=1);00238197709-01(1:2,ntoi=1);00238197709-01(1:2,ntoi=1);00238197709-01(1:2,ntoi=1);00238197709-01(1:2,ntoi=1);00238197709-01(1:2,ntoi=1);00238197709-01(1:2,ntoi=1);00238197709-01(1:2,ntoi=1)",True,646.01(1:2),1,1,"TOI646.01:P=13.73,d=5.38mmag,FP",True,646.01,,True,530.4,True,22,22,543.0,1.59,17.6,2.2,16.6,18,1.0,8.590555448223402,0.2793765798341177,True,False,True,16.6
263748033,9.944,7995.0,1.83,4,757.21,0.60226,3098.3074,0.5,1033.0,6.42,25.4,129,0.3,-22.0,22.0,10.4,1.0,13,,False,,1,1,"TOI4422.01:P=4.908,d=9.69mmag,PC",True,,,False,1282.5,False,126,128,992.0,2.32,16.7,0.6,16.4,28,0.984375,2.375583829810106,0.21047457628130423,False,False,True,16.4
263748033,9.944,7995.0,1.83,4,757.21,0.50957,3098.1251,0.5,998.0,6.31,26.9,156,2.2,-22.3,23.5,11.3,1.0,13,,False,,1,1,"TOI4422.01:P=4.908,d=9.69mmag,PC",True,,,False,1282.5,False,150,155,900.0,2.61,16.9,0.8,16.2,28,0.967741935483871,2.24686495825066,0.22253228800598884,False,False,True,16.2
436166416,10.3544,7172.0,1.75,2,52.48,2.08918,3507.0383,7.2,566.0,4.54,25.0,21,1.0,-21.5,24.0,3.2,1.0,4,,False,,1,1,"TOI4497.01:P=3.6,d=8.52mmag,PC",True,,,False,841.1,False,21,21,464.0,2.2,16.4,1.6,15.6,18,1.0,3.4905372713635026,2.062719701940749,False,False,True,15.6
263748033,9.944,7995.0,1.83,4,757.21,0.55586,3097.8438,0.5,999.0,6.31,25.9,144,0.1,23.9,23.4,11.3,1.0,13,,False,,1,1,"TOI4422.01:P=4.908,d=9.69mmag,PC",True,,,False,1282.5,False,135,142,1018.0,2.46,15.6,1.1,15.2,38,0.9507042253521126,2.3129389064142374,0.21617518673467814,False,False,True,15.2
363260203,9.0211,9158.0,1.74,2,50.55,1.20419,2282.3709,6.0,120.0,2.08,13.7,37,0.2,2.9,10.0,4.4,0.5,3,"00363260203-01(1:1,ntoi=1);00363260203-01(1:1,ntoi=1);00363260203-01(1:1,ntoi=1)",True,1037.01(1:1),1,1,"TOI1037.01:P=1.203,d=0.424mmag,FP",True,1037.01,,False,300.2,True,36,36,127.0,2.32,15.7,1.3,14.9,25,1.0,2.8938285588784014,2.0733778376717305,True,False,True,14.9
33091633,10.2763,6184.6,0.52,2,1486.99,0.85172,2201.8654,0.75,491.0,1.26,12.6,47,0.7,-10.0,9.0,3.9,1.0,3,,False,,1,1,"TOI984.01:P=7.521,d=56.4mmag,FP",True,,,False,674.8,False,47,47,579.0,2.24,14.9,1.1,14.4,24,1.0,1.1525049647655299,0.6507564157457516,False,False,True,14.4
354594208,9.76119,5904.0,1.25,2,1117.22,0.86658,1765.2308,1.05,380.0,2.66,12.9,30,0.2,4.1,12.4,10.5,1.0,2,"00354594208-01(1:1,ntoi=1);00354594208-01(1:1,ntoi=1)",True,1492.01(1:1),1,1,"TOI1492.01:P=0.8667,d=0.72mmag,FP",True,1492.01,,False,402.1,True,29,30,404.0,1.9,15.3,1.4,14.3,21,0.9666666666666667,2.0801014811209395,0.5047830644465331,True,False,True,14.3
33091633,10.2763,6184.6,0.52,2,1486.99,0.66241,2202.0477,0.75,481.0,1.24,13.6,58,0.9,-10.0,9.9,4.5,1.0,3,,False,,1,1,"TOI984.01:P=7.521,d=56.4mmag,FP",True,,,False,674.8,False,55,58,544.0,1.9,14.9,0.9,14.3,31,0.9482758620689655,1.059870529611097,0.7076336015071584,False,False,True,14.3
263748033,9.944,7995.0,1.83,4,757.21,0.69483,3097.9845,0.5,1036.0,6.42,24.0,114,2.0,-20.7,20.7,9.6,1.0,13,"00263748033-03(1:3,ntoi=3);00263748033-06(1:3,ntoi=6);00263748033-04(1:3,ntoi=6);00263748033-03(1:3,ntoi=6);00263748033-02(1:3,ntoi=6);00263748033-05(1:3,ntoi=6)",True,,1,1,"TOI4422.01:P=4.908,d=9.69mmag,PC",True,,,False,1282.5,False,106,114,1020.0,2.29,14.6,0.9,14.3,26,0.9298245614035088,2.491543884353189,0.20067878520622617,False,False,True,14.3
295599256,9.941,7860.0,1.91,4,102.81,0.52822,4074.8785,0.5,874.0,6.16,40.0,156,0.8,-35.6,39.2,8.1,1.0,4,,False,,1,1,"TOI1108.01:P=7.144,d=12.7mmag,FP",True,,,False,1682.7,False,139,156,1109.0,2.54,14.1,0.9,13.8,28,0.8910256410256411,2.3397465692613433,0.2136983580054355,False,False,True,13.8
295599256,9.941,7860.0,1.91,4,102.81,0.66904,4074.915,0.5,919.0,6.32,37.8,127,1.5,-34.8,37.6,7.6,1.0,4,,False,,1,1,"TOI1108.01:P=7.144,d=12.7mmag,FP",True,,,False,1682.7,False,114,124,1146.0,2.6,14.1,0.9,13.8,24,0.9193548387096774,2.531519245808589,0.19750985532811768,False,False,True,13.8
263748033,9.944,7995.0,1.83,4,757.21,0.9265,3097.9376,0.5,1150.0,6.77,22.9,83,1.1,22.4,21.0,9.8,1.0,13,,False,,1,1,"TOI4422.01:P=4.908,d=9.69mmag,PC",True,,,False,1282.5,False,81,82,1080.0,2.15,14.4,0.6,13.8,21,0.9878048780487805,2.7423580806970937,0.18232484062508078,False,False,True,13.8
295599256,9.941,7860.0,1.91,4,102.81,0.5634,4074.7744,0.5,910.0,6.29,40.6,149,2.6,36.0,41.2,8.6,1.0,4,,False,,1,1,"TOI1108.01:P=7.144,d=12.7mmag,FP",True,,,False,1682.7,False,138,148,1178.0,2.56,13.8,0.7,13.4,22,0.9324324324324325,2.3905774565691327,0.20915448634639988,False,False,True,13.4
155114483,9.25068,8728.0,1.7,3,1819.48,4.01571,1766.6343,4.2,186.0,2.53,11.5,18,1.6,-4.1,10.2,2.6,1.0,6,,False,,1,1,"TOI1370.01:P=5.265,d=3.75mmag,FP",True,,,False,365.0,True,18,18,187.0,2.73,12.8,3.2,11.6,10,1.0,4.256915429569839,0.9866298895264665,True,False,True,11.6
288185138,10.402,6105.0,1.24,6,378.11,1.67015,2392.0351,7.2,114.0,1.45,10.3,90,0.6,4.4,6.0,3.5,0.5,12,"00288185138-01(1:2,ntoi=2);00288185138-02(1:1,ntoi=2);00288185138-01(1:2,ntoi=2);00288185138-02(1:1,ntoi=2);00288185138-01(1:2,ntoi=2);00288185138-02(1:1,ntoi=2);00288185138-01(1:2,ntoi=1);00288185138-01(1:2,ntoi=1);00288185138-01(1:2,ntoi=1);00288185138-01(1:2,ntoi=1);00288185138-01(1:2,ntoi=1);00288185138-01(1:2,ntoi=1)",True,1200.01(1:2),1,1,"TOI1200.01:P=0.8352,d=2.24mmag,FP",True,1200.01,,False,546.7,True,79,90,126.0,2.9,11.8,1.1,11.5,19,0.8777777777777778,2.574786618784105,2.7963482284213774,True,False,True,11.5
33091633,10.2763,6184.6,0.52,2,1486.99,0.5677,2202.1477,1.05,360.0,1.08,12.9,70,0.7,13.5,9.7,4.4,1.0,3,,False,,1,1,"TOI984.01:P=7.521,d=56.4mmag,FP",True,,,False,674.8,False,61,68,338.0,2.79,11.6,1.1,11.2,19,0.8970588235294118,1.0067388334312477,1.0429715881936392,False,False,True,11.2
365690646,10.094,6962.64,1.67983,2,731.51,1.6414,1468.488,3.6,217.0,2.7,10.5,29,0.6,7.6,7.2,2.5,0.5,2,,False,,1,1,"TOI524.01:P=12.98,d=1.28mmag,FA",True,,,False,498.0,False,26,29,212.0,2.9,12.0,2.6,10.9,16,0.896551724137931,3.134175603600705,1.1486274080699663,False,False,True,10.9
316916655,9.19901,6805.0,1.44,2,2607.67,1.52034,1438.7001,7.2,91.0,1.49,11.2,43,0.1,11.6,9.2,3.5,0.5,2,,False,,1,1,"TOI441.01:P=2.874,d=2.71mmag,FP",True,,,False,343.8,False,38,43,87.0,2.56,11.3,2.0,10.7,18,0.8837209302325582,2.7569582921338154,2.611573784247343,False,False,True,10.7
103195323,10.1041,7437.0,1.95,8,1678.99,0.89035,1984.0871,0.5,1080.0,6.99,42.5,147,1.4,23.6,28.7,6.7,1.0,17,,False,,1,2,"TOI2143.01:P=5.59,d=4.18mmag,PC",True,,,False,1991.8,False,129,146,1282.0,2.73,11.0,1.0,10.7,16,0.8835616438356164,2.823264859495323,0.17709992681642284,False,False,True,10.7
335630746,8.69009,6780.0,1.68,3,2227.53,1.28613,1571.7969,6.0,67.0,1.5,10.2,44,1.5,1.8,7.8,4.1,1.0,5,,False,,1,1,"TOI778.01:P=4.634,d=8.35mmag,CP",True,,,False,252.3,False,38,43,67.0,2.94,11.3,2.3,10.5,15,0.8837209302325582,2.8896335523471466,2.0763878503301614,False,False,True,10.5
143350972,7.6818,5759.2,1.02,3,761.9,3.2427,1440.8392,4.5,61.0,0.87,9.3,21,0.5,-1.0,8.6,4.0,1.0,5,"00143350972-01(1:3,ntoi=1);00143350972-01(1:3,ntoi=1);00143350972-01(1:3,ntoi=1);00143350972-01(1:3,ntoi=1);00143350972-01(1:3,ntoi=1)",True,440.01(1:3),1,1,"TOI440.01:P=1.082,d=0.371mmag,FP",True,440.01,,False,156.2,True,20,21,79.0,1.69,11.0,1.3,10.2,15,0.9523809523809523,2.8199668242427425,1.5957634541351045,True,False,True,10.2
354594208,9.76119,5904.0,1.25,2,1117.22,1.73318,1766.0855,1.12,376.0,2.64,9.5,15,0.1,8.9,7.1,4.3,0.5,2,"00354594208-01(1:2,ntoi=1);00354594208-01(1:2,ntoi=1)",True,1492.01(1:2),1,1,"TOI1492.01:P=0.8667,d=0.72mmag,FP",True,1492.01,,False,402.1,True,15,15,406.0,1.68,11.6,1.3,9.9,10,1.0,2.620773722811246,0.4273547121796539,True,False,True,9.9
459942762,8.2482,5997.7,1.0,2,761.81,1.17299,1439.4272,1.0,193.0,1.52,10.7,20,0.2,8.6,7.7,3.5,0.5,3,"00459942762-01(1:2,ntoi=1);00459942762-01(1:2,ntoi=1);00459942762-01(1:2,ntoi=1)",True,430.01(1:2),1,1,"TOI430.01:P=0.5864,d=0.481mmag,FP",True,430.01,,False,202.4,True,19,20,161.0,2.2,10.9,1.8,9.8,10,0.95,1.9829254977470065,0.5043053816879135,True,False,True,9.8
393911494,9.85649,5590.0,0.976212,6,1523.18,1.89977,1902.0424,4.5,93.0,1.02,7.2,49,1.8,-5.4,6.8,4.1,1.0,9,"00393911494-01(1:3,ntoi=1);00393911494-01(1:3,ntoi=1);00393911494-01(1:3,ntoi=1);00393911494-01(1:3,ntoi=1);00393911494-01(1:3,ntoi=1);00393911494-01(1:3,ntoi=1);00393911494-01(1:3,ntoi=1);00393911494-01(1:3,ntoi=1);00393911494-01(1:3,ntoi=1)",True,2106.01(1:3),1,1,"TOI2106.01:P=0.6333,d=1.29mmag,FP",True,2106.01,,False,435.2,True,43,49,115.0,2.9,10.0,1.6,9.6,16,0.8775510204081632,2.2915960432171634,1.9636968798752445,True,False,True,9.6
68573534,7.82403,7712.0,1.57,2,50.07,0.56358,2474.4368,0.5,2076.0,7.81,205.4,74,0.1,-140.4,182.5,6.7,1.0,3,,False,,1,1,"TOI4597.01:P=4.666,d=7.52mmag,PC",True,,,False,3146.6,False,65,74,1971.0,2.93,10.0,1.0,9.5,13,0.8783783783783784,2.0979409166997565,0.2383289233838594,False,False,True,9.5
453668803,9.5687,5904.0,1.71105003356934,5,1082.37,2.59383,3071.3445,6.3,105.0,1.92,9.7,43,0.4,-0.6,9.9,4.4,1.0,5,,False,,1,1,"TOI6564.01:P=3.985,d=9.6mmag,PC",True,,,False,409.1,False,34,43,118.0,2.8,10.2,2.8,9.3,16,0.7906976744186046,3.6957047638518437,1.7046816243605543,False,False,True,9.3
363260203,9.0211,9158.0,1.74,2,50.55,1.80513,2282.9959,4.8,126.0,2.13,8.8,24,1.4,-3.5,9.1,3.7,1.0,3,"00363260203-01(2:3,ntoi=1);00363260203-01(2:3,ntoi=1);00363260203-01(2:3,ntoi=1)",True,1037.01(2:3),1,1,"TOI1037.01:P=1.203,d=0.424mmag,FP",True,1037.01,,False,300.2,True,21,24,125.0,2.71,10.6,1.7,9.2,9,0.875,3.3119005518693183,1.4493188804509125,True,False,True,9.2
449050248,9.87405,5772.0,1.54,2,1871.43,7.4149,2174.5098,3.6,512.0,3.8,10.6,6,0.9,-4.8,8.6,3.8,0.5,3,,False,951.01(2:5);953.01(2:5),2,2,"TOI953.01:P=2.968,d=14.2mmag,FP",True,953.01,,False,589.2,True,6,6,540.0,1.52,11.1,1.3,9.2,6,1.0,4.889418454325866,0.7362838819440654,True,False,True,9.2
219501568,7.97758,6690.0,1.74489998817444,5,1523.67,10.76294,1963.4331,3.15,133.0,2.2,10.7,9,0.5,1.5,8.9,5.5,1.0,6,,False,,1,1,"TOI2259.01:P=16.59,d=0.698mmag,PC",False,,,False,188.1,False,9,9,149.0,1.79,10.9,1.9,9.2,8,1.0,6.016800709772661,0.5235340427486121,False,False,True,9.2
143350972,7.6818,5759.2,1.02,3,761.9,2.16834,1438.5517,3.6,59.0,0.85,9.3,31,2.7,6.5,8.2,3.6,0.5,5,"00143350972-01(1:2,ntoi=1);00143350972-01(1:2,ntoi=1);00143350972-01(1:2,ntoi=1);00143350972-01(1:2,ntoi=1);00143350972-01(1:2,ntoi=1)",True,440.01(1:2),1,1,"TOI440.01:P=1.082,d=0.371mmag,FP",True,440.01,,False,156.2,True,30,31,69.0,2.68,9.9,1.7,9.1,13,0.967741935483871,2.465949635586892,1.459883830572722,True,False,True,9.1
378291076,9.53523,6594.0,1.49,6,782.47,6.82457,2857.4654,4.5,144.0,1.95,8.2,19,0.5,1.1,8.1,3.2,1.0,2,,False,,1,1,"TOI1620.01:P=1.598,d=0.321mmag,PC",False,,,True,395.0,False,17,19,169.0,2.29,10.1,2.8,9.1,10,0.8947368421052632,4.652548444126709,0.9672118526096631,False,False,True,9.1
22529346,10.056,6459.0,1.52,6,2226.08,19.10755,1492.6352,2.1,959.0,5.14,12.4,4,3.4,2.8,11.8,3.2,2.0,12,,False,,1,1,"TOI495.01:P=1.275,d=20.5mmag,KP",True,,,False,536.6,False,4,4,1022.0,1.42,11.9,3.7,8.8,4,1.0,6.645163754107957,0.3160193003072056,False,False,True,8.8
302814895,9.96017,6521.0,1.86,2,220.11,1.56087,3313.213,6.3,140.0,2.4,7.8,28,0.6,1.4,7.8,4.4,1.0,0,,False,,1,1,"TOI5784.01:P=8.68,d=0.945mmag,FP",True,,,False,529.8,False,27,28,134.0,2.92,9.2,1.3,8.7,10,0.9642857142857143,3.298672257783586,1.9098593335953415,False,False,True,8.7
68573534,7.82403,7712.0,1.57,2,50.07,0.81996,2474.5878,0.5,2122.0,7.89,174.3,51,3.4,156.6,163.5,5.7,1.0,3,,False,,1,1,"TOI4597.01:P=4.666,d=7.52mmag,PC",True,,,False,3146.6,False,48,51,2156.0,2.49,8.7,0.8,8.4,11,0.9411764705882353,2.37723592401947,0.21032830395503685,False,False,True,8.4
188646744,6.8806,6815.9,1.65,4,787.06,4.84051,2797.4604,4.8,37.0,1.1,9.5,21,1.3,1.4,9.2,3.6,1.0,4,,False,,1,1,"TOI5807.01:P=14.24,d=0.244mmag,CP",False,,"TOI-5807 b(P=14.24,Transit,3:1)",False,120.8,True,19,21,40.0,2.62,9.5,2.9,8.4,10,0.9047619047619048,4.4411417065124565,1.0808031621601526,True,False,True,8.4
188646744,6.8806,6815.9,1.65,4,787.06,5.91226,2799.5354,4.5,41.0,1.16,9.3,18,1.5,1.3,9.2,3.6,1.0,4,,False,,1,1,"TOI5807.01:P=14.24,d=0.244mmag,CP",False,,,False,120.8,False,17,18,61.0,1.67,9.4,1.4,8.4,11,0.9444444444444444,4.747322820787847,0.9479026748076083,False,False,True,8.4
283621618,8.2942,6602.0,1.51,2,733.73,7.63379,2827.2688,6.3,120.0,1.8,8.7,6,0.5,-1.6,7.4,2.5,1.0,3,,False,,1,1,"TOI5806.01:P=3.186,d=5.17mmag,CP",True,,,False,213.2,False,6,6,151.0,1.22,9.6,1.4,8.3,5,1.0,4.87273726480376,1.2929077965080311,False,False,True,8.3
164767175,9.45661,5784.0,0.9189170002937316,4,2904.62,5.83928,1387.251,3.15,144.0,1.2,7.9,19,0.9,-0.5,7.0,5.7,1.0,6,,False,,2,2,"TOI266.01:P=10.75,d=0.637mmag,CP;TOI266.02:P=19.61,d=0.642mmag,CP",False,,,False,343.7,False,19,19,143.0,2.47,8.8,1.6,8.0,8,1.0,3.2002132453371686,0.9843094064402329,False,False,True,8.0
164767175,9.45661,5784.0,0.9189170002937316,4,2904.62,5.83931,1387.2479,3.0,145.0,1.21,7.7,19,0.4,-0.4,6.3,3.6,0.5,6,,False,,2,2,"TOI266.01:P=10.75,d=0.637mmag,CP;TOI266.02:P=19.61,d=0.642mmag,CP",False,,,False,343.7,False,19,19,139.0,2.98,8.9,1.6,8.0,8,1.0,3.2002187258206605,0.9374359245494019,False,False,True,8.0
262781201,9.34567,6613.8,1.42,2,1767.42,1.31046,1518.8818,7.2,84.0,1.42,7.6,27,1.4,0.5,6.0,2.8,1.0,1,"00262781201-01(1:1,ntoi=1)",True,6096.01(1:1),1,1,"TOI6096.01:P=1.315,d=0.309mmag,FP",True,6096.01,,False,334.4,True,23,27,90.0,2.83,8.7,3.3,7.9,10,0.8518518518518519,2.59941196327016,2.7698572222242617,True,False,True,7.9
68573534,7.82403,7712.0,1.57,2,50.07,1.04081,2475.1243,0.5,2206.0,8.04,165.6,42,8.0,-58.7,165.6,5.8,1.0,3,,False,,1,1,"TOI4597.01:P=4.666,d=7.52mmag,PC",True,,,False,3146.6,False,38,42,2848.0,2.42,8.5,1.2,7.7,12,0.9047619047619048,2.5739407625990323,0.19425466477912484,False,False,True,7.7
457138169,9.22437,6273.0,1.44877994060516,2,736.29,2.18488,1871.7173,0.5,391.0,3.13,7.5,21,0.2,6.1,5.7,3.7,0.5,3,"00457138169-01(1:2,ntoi=1);00457138169-01(1:2,ntoi=1);00457138169-01(1:2,ntoi=1)",True,1770.01(1:2),1,1,"TOI1770.01:P=1.092,d=0.95mmag,FP",True,1770.01,,False,318.2,True,11,11,321.0,2.89,10.6,2.8,7.7,5,1.0,3.123818361047044,0.16006052279954255,True,False,True,7.7
276360911,9.62426,7184.0,1.88,3,216.4,4.53092,3371.5905,0.62,1283.0,7.35,20.2,12,2.1,4.9,21.2,3.6,1.0,0,,False,,1,1,"TOI1382.01:P=0.4448,d=1.75mmag,FA",True,,,True,1113.4,False,11,12,1491.0,1.69,8.6,3.7,7.6,8,0.9166666666666666,4.739243155944816,0.1308225764323326,False,False,True,7.6
80275202,10.4989,7889.0,1.61,2,50.73,0.5893,2229.6619,0.5,997.0,5.54,22.2,64,1.0,-16.8,22.4,9.4,1.0,3,,False,,1,1,"TOI610.01:P=3.665,d=4.2mmag,FP",True,,,False,1822.3,False,57,64,1142.0,2.14,7.8,0.6,7.4,4,0.890625,2.1653978026641205,0.23090445523905248,False,False,True,7.4
467666275,8.004,6711.0,1.7756799459457395,7,2528.82,19.22813,1586.0249,3.6,97.0,1.9,7.8,9,0.2,-1.5,6.6,3.7,1.0,5,,False,,1,1,"TOI1204.01:P=1.381,d=0.128mmag,PC",False,,,False,187.5,False,9,9,106.0,1.88,8.7,1.5,7.3,6,1.0,7.386359430468707,0.48738489290813725,False,False,True,7.3
333657795,8.1359,5640.0,1.11,4,811.45,15.73027,2456.6612,4.2,108.0,1.26,7.3,6,2.5,-2.1,7.3,4.1,1.0,6,,False,,1,1,"TOI4524.01:P=0.9261,d=0.24mmag,CP",False,,,False,193.8,False,6,6,136.0,1.56,8.4,1.6,7.0,5,1.0,5.050515080725906,0.8315983484592107,False,False,True,7.0
219501568,7.97758,6690.0,1.74489998817444,5,1523.67,16.86289,1968.7674,3.6,107.0,1.97,7.4,6,2.5,0.5,8.4,3.3,2.0,6,,False,,1,1,"TOI2259.01:P=16.59,d=0.698mmag,PC",False,,,False,188.1,True,6,6,132.0,1.97,8.6,2.7,6.9,5,1.0,6.988210678720482,0.5151533297303436,True,False,True,6.9
176778112,9.6114,5600.0,0.98,3,758.82,2.67852,1412.8608,1.05,781.0,2.99,9.2,6,1.2,8.8,7.5,4.9,0.5,4,"00176778112-01(1:2,ntoi=1);00176778112-01(1:2,ntoi=1);00176778112-01(1:2,ntoi=1);00176778112-01(1:2,ntoi=1)",True,408.01(1:2),1,1,"TOI408.01:P=1.337,d=0.76mmag,FP",True,408.01,,False,365.3,True,5,5,778.0,1.24,8.5,0.7,6.8,4,1.0,2.5762656460064997,0.40756666597158475,True,False,True,6.8
219857012,8.2865,5707.0,1.16,39,1951.25,53.50769,1744.0911,0.75,146.0,1.53,7.0,18,0.0,1.1,6.9,4.6,1.0,14,,False,1742.01(2:5),1,1,"TOI1742.01:P=21.27,d=0.38mmag,CP",False,1742.01,"TOI-1742 b(P=21.27,Transit,2:5)",False,209.9,True,16,18,169.0,2.18,7.8,1.5,6.8,6,0.8888888888888888,7.822021780937187,0.09588313878488582,True,False,True,6.8
271478281,7.4259,4669.0,0.69,4,1844.71,7.88299,2039.0038,3.0,60.0,0.58,7.1,12,1.8,-0.5,6.9,3.7,0.5,6,,False,,1,1,"TOI2194.01:P=15.34,d=0.742mmag,CP",False,,,False,140.0,False,12,12,61.0,2.43,7.5,1.5,6.6,5,1.0,2.9219403541543096,1.0267150031774974,False,False,True,6.6
141186075,6.6418,6079.16,1.09843003749847,42,2720.36,23.44814,1348.0404,0.5,65.0,0.97,8.2,36,0.0,0.7,11.6,5.3,0.5,11,,False,4307.02(1:5);CTOI141186075.03(1:5),2,5,"TOI4307.01:P=32.7,d=0.118mmag,CP;TOI4307.02:P=4.655,d=0.0267mmag,PC",False,4307.02,,False,110.7,True,30,35,70.0,2.85,7.2,1.2,6.6,9,0.8571428571428571,5.729182990497282,0.08727247861157965,True,False,True,6.6
184952758,9.0349,5653.0,0.97,2,761.81,2.05495,1519.9171,6.0,136.0,1.23,7.7,8,0.0,-1.2,6.0,3.6,1.0,3,"00184952758-01(2:1,ntoi=1);00184952758-01(2:1,ntoi=1);00184952758-01(2:1,ntoi=1)",True,719.01(2:1),1,1,"TOI719.01:P=4.11,d=0.471mmag,FP",True,719.01,,False,302.3,True,8,8,139.0,1.54,7.8,1.1,6.4,6,1.0,2.34237560638213,2.5615020851703547,True,False,True,6.4
267489265,9.2293,7851.0,1.86,3,1112.44,2.96877,1712.8668,4.8,115.0,2.17,8.2,22,1.8,-3.4,8.7,3.5,1.0,5,,False,,1,1,"TOI1132.01:P=1.55,d=0.446mmag,FP",True,,,False,402.9,False,19,21,136.0,2.05,7.0,1.5,6.4,7,0.9047619047619048,4.087042066218748,1.174443502716591,False,False,True,6.4
206361691,8.3408,6002.0,1.39489996433258,9,2906.03,6.87982,1354.2898,0.62,125.0,1.7,7.3,32,1.6,-0.1,6.3,3.6,1.0,3,,False,,1,2,"TOI6668.01:P=718.7,d=0.521mmag,PC",False,,,True,219.8,False,28,32,134.0,2.8,7.1,1.1,6.3,6,0.875,4.464395839314437,0.13887657419177432,False,False,True,6.3
159510109,8.8523,5894.7,1.11790001392365,22,1979.1,16.94838,1687.6031,6.3,8563.0,11.29,1091.9,27,15.1,1.1,504.1,7.4,1.0,58,"00159510109-01(1:1,ntoi=1);00159510109-01(1:1,ntoi=2);00159510109-02(1:1,ntoi=2);00159510109-01(1:1,ntoi=2);00159510109-02(1:1,ntoi=2);00159510109-01(1:1,ntoi=2);00159510109-02(1:1,ntoi=2);00159510109-01(1:1,ntoi=2);00159510109-02(1:1,ntoi=2);00159510109-01(1:1,ntoi=2);00159510109-02(1:1,ntoi=2);00159510109-01(1:1,ntoi=2);00159510109-02(1:1,ntoi=2);00159510109-02(1:1,ntoi=2);00159510109-01(1:1,ntoi=2);00159510109-01(1:1,ntoi=3);00159510109-02(1:1,ntoi=3);00159510109-01(1:1,ntoi=4);00159510109-02(1:1,ntoi=4);00159510109-02(1:1,ntoi=4);00159510109-01(1:1,ntoi=4);00159510109-01(1:1,ntoi=2);00159510109-02(1:2,ntoi=2);00159510109-01(1:1,ntoi=2);00159510109-01(1:1,ntoi=2);00159510109-02(1:1,ntoi=2);00159510109-01(1:1,ntoi=1);00159510109-01(1:1,ntoi=2);00159510109-01(1:1,ntoi=1);00159510109-01(1:1,ntoi=2);00159510109-01(1:1,ntoi=1);00159510109-01(1:1,ntoi=1);00159510109-01(1:1,ntoi=1);00159510109-01(1:1,ntoi=2);00159510109-02(1:1,ntoi=2);00159510109-01(1:2,ntoi=2);00159510109-01(1:1,ntoi=1);00159510109-01(1:2,ntoi=2)",True,1141.01(1:1),1,1,"TOI1141.01:P=16.95,d=185mmag,FP",True,1141.01,,False,1151.4,True,27,27,8718.0,1.04,944.8,173.5,917.3,27,1.0,5.202191470139136,1.2110280900198205,True,False,False,917.3
264979636,10.1432,5596.0,1.13674,4,1793.63,13.07039,1495.8522,1.05,13145.0,14.22,625.6,2,65.8,54.2,481.4,3.4,2.0,1,,False,,1,2,"TOI518.01:P=17.88,d=1.06mmag,PC",False,,,False,924.8,False,1,1,292.0,1.0,,,,0,1.0,4.8240511542514,0.21765938345712668,False,False,False,625.6
461662295,9.92871,5326.0,0.97,3,1119.86,18.45528,1856.6288,4.2,70113.0,28.02,1208.5,2,8.2,-0.3,896.8,3.2,2.0,8,,False,,1,1,"TOI1711.01:P=10.26,d=6.25mmag,FP",True,,,False,5555.4,False,2,2,70203.0,1.0,1027.0,0.0,565.7,2,1.0,4.868886638695782,0.862620206973035,False,False,False,565.7
461662295,9.92871,5326.0,0.97,3,1119.86,17.56266,1856.6288,4.2,69798.0,27.96,1190.8,2,0.0,-4.8,896.8,3.2,2.0,8,,False,,1,1,"TOI1711.01:P=10.26,d=6.25mmag,FP",True,,,False,5555.4,False,2,2,69848.0,1.01,1018.0,23.2,565.7,2,1.0,4.789088707317074,0.8769935694828482,False,False,False,565.7
461662295,9.92871,5326.0,0.97,3,1119.86,18.45501,1856.6538,4.2,68980.0,27.79,1183.1,2,66.4,0.3,896.8,3.2,2.0,8,,False,,1,1,"TOI1711.01:P=10.26,d=6.25mmag,FP",True,,,False,5555.4,False,2,2,68518.0,1.06,1022.0,3071.3,548.1,2,1.0,4.868862894708456,0.8626244137136446,False,False,False,548.1
159510109,8.8523,5894.7,1.11790001392365,22,1979.1,50.8466,1687.6031,6.3,8612.0,11.32,669.7,10,5.5,-7.1,322.5,4.3,1.0,58,"00159510109-01(1:3,ntoi=1);00159510109-01(1:3,ntoi=2);00159510109-02(1:3,ntoi=2);00159510109-01(1:3,ntoi=2);00159510109-02(1:3,ntoi=2);00159510109-01(1:3,ntoi=2);00159510109-02(1:3,ntoi=2);00159510109-01(1:3,ntoi=2);00159510109-02(1:3,ntoi=2);00159510109-01(1:3,ntoi=2);00159510109-02(1:3,ntoi=2);00159510109-01(1:3,ntoi=2);00159510109-02(1:3,ntoi=2);00159510109-02(1:3,ntoi=2);00159510109-01(1:3,ntoi=2);00159510109-01(1:3,ntoi=3);00159510109-02(1:3,ntoi=3);00159510109-01(1:3,ntoi=4);00159510109-02(1:3,ntoi=4);00159510109-02(1:3,ntoi=4);00159510109-01(1:3,ntoi=4);00159510109-01(1:3,ntoi=2);00159510109-01(1:3,ntoi=2);00159510109-01(1:3,ntoi=2);00159510109-02(1:3,ntoi=2);00159510109-01(1:3,ntoi=1);00159510109-01(1:3,ntoi=2);00159510109-01(1:3,ntoi=1);00159510109-01(1:3,ntoi=2);00159510109-01(1:3,ntoi=1);00159510109-01(1:3,ntoi=1);00159510109-01(1:3,ntoi=1);00159510109-01(1:3,ntoi=2);00159510109-02(1:3,ntoi=2);00159510109-01(1:3,ntoi=1)",True,1141.01(1:3),1,1,"TOI1141.01:P=16.95,d=185mmag,FP",True,1141.01,,False,1151.4,True,10,10,8758.0,1.02,591.5,23.6,546.5,10,1.0,7.50293022574247,0.8396719428876961,True,False,False,546.5
159510109,8.8523,5894.7,1.11790001392365,22,1979.1,5.64964,1687.6031,6.3,2888.0,6.55,623.0,87,8.7,-0.6,324.2,4.3,1.0,58,"00159510109-01(3:1,ntoi=1);00159510109-01(3:1,ntoi=2);00159510109-02(3:1,ntoi=2);00159510109-01(3:1,ntoi=2);00159510109-02(3:1,ntoi=2);00159510109-01(3:1,ntoi=2);00159510109-02(3:1,ntoi=2);00159510109-01(3:1,ntoi=2);00159510109-02(3:1,ntoi=2);00159510109-01(3:1,ntoi=2);00159510109-02(3:1,ntoi=2);00159510109-01(3:1,ntoi=2);00159510109-02(3:1,ntoi=2);00159510109-02(3:1,ntoi=2);00159510109-01(3:1,ntoi=2);00159510109-01(3:1,ntoi=3);00159510109-02(3:1,ntoi=3);00159510109-01(3:1,ntoi=4);00159510109-02(3:1,ntoi=4);00159510109-02(3:1,ntoi=4);00159510109-01(3:1,ntoi=4);00159510109-01(3:1,ntoi=2);00159510109-02(3:2,ntoi=2);00159510109-01(3:1,ntoi=2);00159510109-01(3:1,ntoi=2);00159510109-02(3:1,ntoi=2);00159510109-01(3:1,ntoi=1);00159510109-01(3:1,ntoi=2);00159510109-01(3:1,ntoi=1);00159510109-01(3:1,ntoi=2);00159510109-01(3:1,ntoi=1);00159510109-01(3:1,ntoi=1);00159510109-01(3:1,ntoi=1);00159510109-01(3:1,ntoi=2);00159510109-02(3:1,ntoi=2);00159510109-01(3:2,ntoi=2);00159510109-01(3:1,ntoi=1);00159510109-01(3:2,ntoi=2)",True,1141.01(3:1),1,1,"TOI1141.01:P=16.95,d=185mmag,FP",True,1141.01,,False,1151.4,True,55,86,32.0,283.04,528.7,7196.8,503.7,35,0.6395348837209303,3.607036414810809,1.7465861930674293,True,False,False,503.7
159510109,8.8523,5894.7,1.11790001392365,22,1979.1,11.29911,1693.2656,6.3,2880.0,6.54,477.3,47,35.0,402.8,247.6,3.8,0.5,58,"00159510109-01(3:2,ntoi=1);00159510109-01(3:2,ntoi=2);00159510109-02(3:2,ntoi=2);00159510109-01(3:2,ntoi=2);00159510109-02(3:2,ntoi=2);00159510109-01(3:2,ntoi=2);00159510109-02(3:2,ntoi=2);00159510109-01(3:2,ntoi=2);00159510109-02(3:2,ntoi=2);00159510109-01(3:2,ntoi=2);00159510109-02(3:2,ntoi=2);00159510109-01(3:2,ntoi=2);00159510109-02(3:2,ntoi=2);00159510109-02(3:2,ntoi=2);00159510109-01(3:2,ntoi=2);00159510109-01(3:2,ntoi=3);00159510109-02(3:2,ntoi=3);00159510109-01(3:2,ntoi=4);00159510109-02(3:2,ntoi=4);00159510109-02(3:2,ntoi=4);00159510109-01(3:2,ntoi=4);00159510109-01(3:2,ntoi=2);00159510109-01(3:2,ntoi=2);00159510109-01(3:2,ntoi=2);00159510109-02(3:2,ntoi=2);00159510109-01(3:2,ntoi=1);00159510109-01(3:2,ntoi=2);00159510109-01(3:2,ntoi=1);00159510109-01(3:2,ntoi=2);00159510109-01(3:2,ntoi=1);00159510109-01(3:2,ntoi=1);00159510109-01(3:2,ntoi=1);00159510109-01(3:2,ntoi=2);00159510109-02(3:2,ntoi=2);00159510109-01(3:2,ntoi=1)",True,1141.01(3:2),1,1,"TOI1141.01:P=16.95,d=185mmag,FP",True,1141.01,,False,1151.4,True,31,47,39.0,230.11,403.7,7716.8,370.0,20,0.6595744680851063,4.544558315256224,1.3862733324051983,True,False,False,370.0
461662295,9.92871,5326.0,0.97,3,1119.86,21.35028,1856.6288,4.2,49322.0,23.5,1010.6,3,359.1,-2.5,896.8,3.2,2.0,8,"00461662295-01(2:3,ntoi=1)",True,,1,1,"TOI1711.01:P=10.26,d=6.25mmag,FP",True,,,False,5555.4,False,2,3,70206.0,1.03,790.3,223160.8,312.0,2,0.6666666666666666,5.111212946751618,0.8217227581310753,False,False,False,312.0
461662295,9.92871,5326.0,0.97,3,1119.86,16.75193,1856.6288,4.2,47628.0,23.1,994.0,3,354.0,-0.8,896.8,3.2,2.0,8,,False,,1,1,"TOI1711.01:P=10.26,d=6.25mmag,FP",True,,,False,5555.4,True,3,3,70035.0,1.0,778.8,220563.6,307.6,2,1.0,4.7142332506970686,0.8909190056259878,True,False,False,307.6
260304296,9.109901,6725.0,1.551949977874756,30,2720.37,1.53777,1325.7799,1.05,4308.0,11.11,520.1,223,0.0,-57.9,317.8,15.3,0.5,48,"00260304296-01(1:3,ntoi=1);00260304296-01(1:3,ntoi=1);00260304296-01(1:3,ntoi=1);00260304296-01(2:3,ntoi=1);00260304296-01(1:1,ntoi=2);00260304296-02(1:3,ntoi=2);00260304296-01(2:3,ntoi=2);00260304296-02(2:3,ntoi=2);00260304296-02(2:3,ntoi=2);00260304296-01(1:3,ntoi=2);00260304296-03(2:3,ntoi=5);00260304296-02(2:3,ntoi=5);00260304296-01(1:3,ntoi=5);00260304296-05(2:3,ntoi=5);00260304296-04(2:3,ntoi=4);00260304296-01(1:3,ntoi=4);00260304296-03(2:3,ntoi=4);00260304296-01(1:3,ntoi=1);00260304296-01(1:3,ntoi=1);00260304296-01(1:3,ntoi=1);00260304296-01(1:3,ntoi=1);00260304296-01(1:3,ntoi=1);00260304296-01(1:3,ntoi=1);00260304296-01(1:3,ntoi=1);00260304296-01(1:3,ntoi=1);00260304296-01(1:3,ntoi=1);00260304296-01(1:3,ntoi=1);00260304296-01(1:3,ntoi=1);00260304296-01(1:3,ntoi=1);00260304296-01(1:3,ntoi=1);00260304296-01(1:3,ntoi=1);00260304296-01(1:3,ntoi=1);00260304296-01(1:3,ntoi=1);00260304296-01(1:3,ntoi=1);00260304296-01(1:3,ntoi=1);00260304296-01(1:3,ntoi=1);00260304296-01(1:3,ntoi=1);00260304296-01(1:3,ntoi=1);00260304296-01(1:3,ntoi=1);00260304296-01(1:3,ntoi=1);00260304296-01(1:3,ntoi=1);00260304296-01(1:3,ntoi=1);00260304296-01(1:3,ntoi=1);00260304296-01(1:3,ntoi=1);00260304296-01(1:3,ntoi=1);00260304296-01(1:3,ntoi=1)",True,187.01(2:3),1,1,"TOI187.01:P=1.025,d=7.7mmag,FP",True,187.01,,False,1217.4,True,223,223,4331.0,1.26,303.9,4.1,301.9,222,1.0,2.9090905179130178,0.3609375485343338,True,False,False,301.9
207081058,9.9358,6053.0,1.23,6,2934.84,14.77507,1336.1326,4.8,12386.0,14.93,352.0,7,6.3,-4.6,212.3,5.1,1.0,7,"00207081058-01(1:1,ntoi=1);00207081058-01(1:1,ntoi=1);00207081058-01(1:1,ntoi=1);00207081058-01(1:1,ntoi=1);00207081058-01(1:1,ntoi=1)",True,121.01(1:1),1,1,"TOI121.01:P=14.77,d=16.5mmag,APC",True,121.01,,False,1378.1,True,7,7,12435.0,1.04,338.4,54.5,296.5,7,1.0,5.2964907403175685,0.9062604345669449,True,False,False,296.5
164173105,8.51017,7164.0,1.5583100318908691,3,1845.48,0.58373,1738.895,6.3,16289.0,21.7,3810.4,125,8.4,-1418.4,1616.4,5.3,1.0,5,,False,,1,1,"TOI1417.01:P=3.073,d=11.4mmag,CP",True,,,False,12130.7,False,121,124,20504.0,2.01,326.2,330.6,271.7,119,0.9758064516129032,2.1121019441595625,2.982810568126656,False,False,False,271.7
341729521,9.7727,5786.0,0.926261,4,103.27,8.41382,2235.2801,1.58,12450.0,11.28,284.2,9,4.1,-1.7,283.2,11.0,1.0,12,"00341729521-02(1:1,ntoi=2);00341729521-01(1:1,ntoi=2);00341729521-01(1:1,ntoi=2);00341729521-02(1:1,ntoi=2);00341729521-01(1:1,ntoi=2);00341729521-02(1:1,ntoi=2);00341729521-01(1:1,ntoi=2);00341729521-02(2:1,ntoi=2);00341729521-01(1:1,ntoi=2);00341729521-02(2:1,ntoi=2)",True,997.01(1:1),1,1,"TOI997.01:P=8.413,d=19.1mmag,FP",True,997.01,,False,1197.6,True,9,9,12379.0,1.05,284.2,5.3,260.1,9,1.0,3.633805004169629,0.43480593983084415,True,False,False,260.1
164173105,8.51017,7164.0,1.5583100318908691,3,1845.48,0.58467,1738.895,6.3,16190.0,21.63,3787.5,125,25.1,-1361.1,2633.9,7.4,1.0,5,,False,,1,1,"TOI1417.01:P=3.073,d=11.4mmag,CP",True,,,False,12130.7,False,121,124,20294.0,2.03,290.3,351.7,260.0,118,0.9758064516129032,2.1132350656792926,2.981211178215465,False,False,False,260.0
179580045,10.4653,7546.0,1.66,19,1081.58,0.50428,2964.2931,4.8,962.0,5.62,171.8,951,0.8,-43.7,113.8,16.0,1.0,6,"00179580045-02(2:1,ntoi=3);00179580045-03(2:1,ntoi=3);00179580045-02(2:1,ntoi=3);00179580045-03(2:1,ntoi=3)",True,,1,1,"TOI2248.01:P=62.16,d=4.04mmag,PC",True,,,False,1127.9,False,814,949,1039.0,3.81,214.1,45.4,212.9,724,0.8577449947312961,2.0981551568782457,2.28772404379365,False,False,False,212.9
179580045,10.4653,7546.0,1.66,19,1081.58,0.53883,2964.2355,6.3,497.0,4.04,89.5,903,0.3,-14.5,59.8,8.2,1.0,6,,False,,1,1,"TOI2248.01:P=62.16,d=4.04mmag,PC",True,,,False,1127.9,False,635,901,595.0,6.41,164.1,98.6,162.1,552,0.704772475027747,2.1450180048276826,2.937038283977529,False,False,False,162.1
311183180,9.1073,5076.0,0.6802744999999999,2,731.63,13.25011,1447.3853,2.1,17633.0,9.86,395.8,3,4.5,1.7,267.7,4.0,2.0,6,"00311183180-01(1:1,ntoi=2);00311183180-02(1:1,ntoi=2);00311183180-01(1:1,ntoi=2);00311183180-02(1:1,ntoi=2);00311183180-01(1:1,ntoi=2);00311183180-02(1:1,ntoi=2)",True,550.01(1:1),2,2,"TOI550.01:P=13.25,d=30mmag,FP;TOI550.02:P=10.04,d=23.5mmag,FP",True,550.01,,False,1534.2,True,3,3,17008.0,1.04,206.6,11.3,161.3,3,1.0,3.441419245811841,0.6102133596642346,True,False,False,161.3
159510109,8.8523,5894.7,1.11790001392365,22,1979.1,26.63379,1706.9531,6.3,2507.0,6.11,246.9,17,61.9,-11.9,231.0,3.2,1.0,58,"00159510109-01(1:1,ntoi=2)",True,,1,1,"TOI1141.01:P=16.95,d=185mmag,FP",True,,,False,1151.4,False,12,17,15.0,577.71,206.9,7282.6,157.6,5,0.7058823529411765,6.048131968477828,1.0416439378034208,False,False,False,157.6
207081058,9.9358,6053.0,1.23,6,2934.84,45.96672,1350.9076,4.8,12305.0,14.89,202.5,2,0.0,-2.0,147.9,3.1,2.0,7,,False,,1,1,"TOI121.01:P=14.77,d=16.5mmag,APC",True,,,False,1378.1,False,2,2,12414.0,1.0,185.9,0.1,130.4,2,1.0,7.73201830348299,0.6207952195143894,False,False,False,130.4
311183180,9.1073,5076.0,0.6802744999999999,2,731.63,25.08007,1460.6478,2.1,17086.0,9.7,320.4,2,0.0,-1.4,228.1,3.2,2.0,6,,False,550.02(2:5),2,2,"TOI550.01:P=13.25,d=30mmag,FP;TOI550.02:P=10.04,d=23.5mmag,FP",True,550.02,,False,1534.2,True,2,2,16866.0,1.0,222.1,0.1,129.2,2,1.0,4.257036135386966,0.4933009571010159,True,False,False,129.2
179580045,10.4653,7546.0,1.66,19,1081.58,0.52751,2964.2806,4.2,661.0,4.66,113.5,914,8.1,-51.4,75.6,10.2,1.0,6,,False,,1,1,"TOI2248.01:P=62.16,d=4.04mmag,PC",True,,,False,1127.9,False,687,914,794.0,4.84,129.7,33.6,129.0,588,0.7516411378555798,2.1298903786011794,1.9719324722985885,False,False,False,129.0
341729521,9.7727,5786.0,0.926261,4,103.27,42.06641,2243.6989,1.58,12169.0,11.15,158.6,3,5.3,-1.4,161.7,5.7,1.0,12,,False,997.01(1:5),1,1,"TOI997.01:P=8.413,d=19.1mmag,FP",True,997.01,,False,1197.6,True,3,3,11982.0,1.07,156.1,11.9,122.7,3,1.0,6.213586709143621,0.2542814760555198,True,False,False,122.7
301160638,10.1862,5992.0,1.08,7,2548.25,5.33679,1631.8787,2.4,3927.0,7.38,137.4,26,9.3,-2.8,134.3,4.6,1.0,13,"00301160638-02(3:1,ntoi=2);00301160638-01(3:1,ntoi=2);00301160638-01(3:1,ntoi=2);00301160638-02(3:1,ntoi=2);00301160638-01(3:1,ntoi=1);00301160638-01(3:1,ntoi=1);00301160638-01(3:1,ntoi=2);00301160638-01(3:1,ntoi=1);00301160638-01(3:1,ntoi=2);00301160638-02(3:1,ntoi=2);00301160638-01(3:1,ntoi=1);00301160638-01(3:1,ntoi=1)",True,3487.01(3:1),1,1,"TOI3487.01:P=16.01,d=15.7mmag,APC",True,3487.01,,False,1332.3,True,20,26,316.0,45.86,157.7,1824.2,122.7,13,0.7692307692307693,3.4587367012791823,0.6938949701237396,True,False,False,122.7
323295479,9.9486,5490.0,1.0611300468444824,10,2279.59,67.50073,1622.9276,4.8,7063.0,9.73,151.0,3,3.0,1.0,90.0,4.1,2.0,8,"00323295479-01(1:2,ntoi=1)",True,,1,2,"TOI1861.01:P=742.5,d=9.76mmag,PC",True,,,False,583.7,False,3,3,7078.0,1.03,143.8,4.0,111.4,3,1.0,7.964469595160455,0.6026766682512895,False,False,False,111.4
167656187,5.6801,6597.0,1.40426003932953,40,2691.55,0.49675,1354.6456,6.3,27.0,0.8,92.5,1857,2.3,0.0,78.9,5.6,1.0,6,,False,,1,1,"TOI6902.01:P=36.44,d=0.417mmag,PC",False,,,False,158.4,False,1051,1852,35.0,19.63,105.9,173.3,101.3,935,0.5674946004319654,1.8673222736651667,3.3738150553061232,False,False,False,101.3
207081058,9.9358,6053.0,1.23,6,2934.84,36.9372,1336.1576,4.8,8308.0,12.23,173.9,3,122.3,-3.1,147.9,3.1,2.0,7,,False,121.01(2:5),1,1,"TOI121.01:P=14.77,d=16.5mmag,APC",True,121.01,,False,1378.1,True,2,3,12138.0,1.04,169.1,6224.0,99.2,2,0.6666666666666666,7.188413072430159,0.667741259668218,True,False,False,99.2
123898871,9.84786,7210.5,1.7,4,2088.68,0.5476,2202.2148,7.2,490.0,4.11,66.6,195,0.5,0.0,41.6,2.4,1.0,6,,False,,1,1,"TOI630.01:P=4.909,d=14.3mmag,APC",True,,,False,799.9,False,135,193,475.0,8.24,103.2,177.5,97.2,118,0.6994818652849741,2.1910992730261474,3.2860218104385632,False,False,False,97.2
323295479,9.9486,5490.0,1.0611300468444824,10,2279.59,32.28327,1622.9276,4.8,5388.0,8.5,132.3,4,27.6,0.3,90.0,4.1,1.0,8,,False,,1,2,"TOI1861.01:P=742.5,d=9.76mmag,PC",True,,,False,583.7,False,4,4,7075.0,1.03,124.4,2262.5,91.2,3,1.0,6.228448457962793,0.7706574169147076,False,False,False,91.2
123898871,9.84786,7210.5,1.7,4,2088.68,0.54947,2202.1586,6.3,552.0,4.36,75.3,192,5.6,-14.1,95.6,7.4,1.0,6,,False,,1,1,"TOI630.01:P=4.909,d=14.3mmag,APC",True,,,False,799.9,False,147,190,507.0,6.45,94.8,117.9,90.0,125,0.7736842105263158,2.1935905686476924,2.872003595403782,False,False,False,90.0
15445551,10.349,6271.0,1.56802999973297,6,2553.68,0.59316,1571.9875,4.5,710.0,4.56,64.1,200,1.5,-8.2,46.1,13.8,1.0,15,"00015445551-02(1:1,ntoi=2);00015445551-02(1:1,ntoi=2);00015445551-02(1:1,ntoi=2);00015445551-02(1:1,ntoi=2);00015445551-02(1:1,ntoi=2);00015445551-02(1:1,ntoi=2);00015445551-02(1:1,ntoi=2)",True,,1,1,"TOI747.01:P=1.683,d=8.86mmag,KP",True,,,False,750.4,False,196,196,766.0,2.65,88.7,5.3,87.9,187,1.0,2.1322354414110194,2.1104611210392874,False,False,False,87.9
219345200,8.3643,5709.6,1.49810004234314,7,2634.76,59.91896,1434.9486,4.2,3513.0,9.69,130.9,2,1.1,-0.1,94.9,4.0,2.0,6,"00219345200-01(2:3,ntoi=1)",True,,1,1,"TOI706.01:P=719,d=5.28mmag,PC",True,,,False,262.9,False,2,2,3519.0,1.01,127.7,0.9,86.9,2,1.0,9.632897233942252,0.4360058970836913,False,False,False,86.9
207081058,9.9358,6053.0,1.23,6,2934.84,37.41755,1336.1326,4.8,8193.0,12.15,172.9,3,65.1,-1.0,147.9,3.1,2.0,7,,False,,1,1,"TOI121.01:P=14.77,d=16.5mmag,APC",True,,,False,1378.1,True,3,3,12070.0,1.04,156.8,7774.8,86.1,2,1.0,7.219439548390327,0.6648715551708201,True,False,False,86.1
307610438,8.8098,5808.0,1.14478003978729,4,2575.91,23.74561,1611.1688,4.2,4069.0,7.97,84.7,2,0.0,17.5,85.2,3.9,2.0,9,,False,,1,1,"TOI831.01:P=1.562,d=4.84mmag,APC",True,,,False,586.9,False,1,1,4680.0,1.0,,,,0,1.0,5.914037898427422,0.710174684730513,False,False,False,84.7
436873727,7.1323,6798.4,1.75449001789093,8,1845.18,0.50967,1791.0223,3.15,185.0,2.61,118.6,329,13.2,54.8,93.5,13.4,1.0,24,"00436873727-02(2:1,ntoi=4);00436873727-03(1:1,ntoi=4);00436873727-04(2:1,ntoi=4);00436873727-02(2:1,ntoi=5);00436873727-03(2:1,ntoi=5);00436873727-04(2:1,ntoi=5);00436873727-05(2:1,ntoi=5);00436873727-02(2:1,ntoi=4);00436873727-03(2:1,ntoi=4);00436873727-04(2:1,ntoi=4);00436873727-05(1:1,ntoi=5);00436873727-02(2:1,ntoi=5);00436873727-04(2:1,ntoi=5);00436873727-03(2:1,ntoi=5);00436873727-02(2:1,ntoi=3);00436873727-03(1:1,ntoi=3)",True,,1,2,"TOI4641.01:P=22.09,d=2.86mmag,CP",False,,,False,229.8,False,283,327,203.0,3.38,84.2,13.7,83.3,246,0.8654434250764526,2.18476762785147,1.4418009310664095,False,False,False,83.3
301160638,10.1862,5992.0,1.08,7,2548.25,48.03352,1674.4506,2.25,13873.0,13.88,166.2,4,3.1,-2.0,149.1,5.3,1.0,13,"00301160638-02(1:3,ntoi=2);00301160638-01(1:3,ntoi=2);00301160638-01(1:3,ntoi=2);00301160638-02(1:3,ntoi=2);00301160638-01(1:3,ntoi=1);00301160638-01(1:3,ntoi=1);00301160638-01(1:3,ntoi=2);00301160638-01(1:3,ntoi=1);00301160638-01(1:3,ntoi=2);00301160638-02(1:3,ntoi=2);00301160638-01(1:3,ntoi=1);00301160638-01(1:3,ntoi=1)",True,3487.01(1:3),1,1,"TOI3487.01:P=16.01,d=15.7mmag,APC",True,3487.01,,False,1332.3,True,4,4,13856.0,1.04,109.1,32.6,81.3,4,1.0,7.194582587845579,0.312735307785766,True,False,False,81.3
271900960,8.2606,6457.7,1.38,34,2581.52,0.54613,1325.7046,7.2,48.0,1.04,42.6,1402,1.5,0.0,39.0,6.8,1.0,12,,False,,1,1,"TOI389.01:P=13.46,d=2.8mmag,FP",True,,,False,257.5,False,815,1393,52.0,13.46,78.6,64.5,77.3,664,0.5850681981335247,1.9049914445664926,3.7795445331453763,False,False,False,77.3
277447970,10.2202,7050.0,1.66,6,784.87,0.70325,2825.9859,6.3,771.0,5.03,88.0,208,1.2,-41.4,65.3,4.4,1.0,9,,False,,1,1,"TOI1361.01:P=2.237,d=4.66mmag,PC",True,,,False,1313.6,False,142,207,1184.0,3.24,78.1,120.6,75.4,126,0.6859903381642513,2.3441402914758567,2.6875524570389757,False,False,False,75.4
311183180,9.1073,5076.0,0.6802744999999999,2,731.63,18.62157,1442.0228,2.1,11718.0,8.03,265.9,3,86.3,7.9,226.8,3.1,2.0,6,,False,,2,2,"TOI550.01:P=13.25,d=30mmag,FP;TOI550.02:P=10.04,d=23.5mmag,FP",True,,,False,1534.2,False,3,3,16709.0,1.06,166.3,8820.3,75.0,2,1.0,3.8548118602569557,0.5447736688918503,False,False,False,75.0
126737992,8.2938,7511.0,1.92067003250122,8,2257.22,0.79577,1518.4159,4.2,365.0,4.0,129.9,238,10.6,150.8,77.0,7.2,1.0,20,"00126737992-01(2:1,ntoi=1);00126737992-01(2:1,ntoi=1);00126737992-01(2:1,ntoi=3);00126737992-01(2:1,ntoi=6);00126737992-03(3:2,ntoi=6);00126737992-01(2:1,ntoi=1);00126737992-01(2:1,ntoi=1);00126737992-01(2:1,ntoi=2);00126737992-01(2:1,ntoi=1);00126737992-01(2:1,ntoi=1);00126737992-01(2:1,ntoi=1)",True,4180.01(2:1),1,1,"TOI4180.01:P=1.595,d=0.514mmag,APC",False,4180.01,,False,458.6,True,214,237,375.0,3.89,75.9,10.9,74.8,184,0.9029535864978903,2.6921917458456917,1.5600671855862422,True,False,False,74.8
202426247,7.7885,5668.0,0.93,13,1739.98,76.84031,1711.5111,2.4,2819.0,5.39,74.3,2,0.0,-2.6,85.2,3.5,2.0,9,,False,,1,1,"TOI1860.01:P=1.066,d=0.164mmag,CP",False,,,False,372.2,False,1,1,2549.0,1.0,,,,0,1.0,7.615994629949247,0.3151262726160816,False,False,False,74.3
9216075,8.7302,6971.2,1.57506000995636,4,2579.03,0.51613,1354.4206,6.0,257.0,2.75,60.6,173,11.4,-11.0,38.1,3.8,1.0,2,,False,,1,1,"TOI6903.01:P=4.968,d=0.587mmag,APC",False,,,False,523.9,False,131,172,316.0,5.0,83.6,68.8,73.4,114,0.7616279069767442,2.0417037751603524,2.93872209719981,False,False,False,73.4
284738182,10.1939,7126.0,1.5,5,1515.98,0.56372,2202.0859,6.3,379.0,3.19,43.8,216,0.9,-7.6,29.6,7.4,1.0,8,,False,,1,1,"TOI612.01:P=0.9136,d=1.49mmag,PC",False,,,False,639.8,False,181,216,441.0,3.41,75.0,22.7,73.3,150,0.8379629629629629,2.03527742024287,3.0954011169878846,False,False,False,73.3
9216075,8.7302,6971.2,1.57506000995636,4,2579.03,0.51613,1354.4206,6.0,254.0,2.74,59.9,174,10.7,-10.1,38.6,3.1,0.5,2,,False,,1,1,"TOI6903.01:P=4.968,d=0.587mmag,APC",False,,,False,523.9,False,131,172,361.0,4.53,82.1,69.7,72.6,112,0.7616279069767442,2.0417037751603524,2.93872209719981,False,False,False,72.6
311183180,9.1073,5076.0,0.6802744999999999,2,731.63,21.53088,1439.1228,2.1,11943.0,8.11,270.7,3,178.1,-4.9,235.9,3.3,2.0,6,,False,,2,2,"TOI550.01:P=13.25,d=30mmag,FP;TOI550.02:P=10.04,d=23.5mmag,FP",True,,,False,1534.2,False,3,3,16602.0,1.07,149.5,9343.4,72.0,3,1.0,4.045929851726423,0.5190401408229847,False,False,False,72.0
388624270,9.9138,5690.0,0.853898,3,76.78,14.26103,2241.5768,4.5,5436.0,6.87,99.9,3,6.6,-1.2,99.6,6.5,1.0,5,"00388624270-01(1:1,ntoi=2);00388624270-02(1:1,ntoi=2);00388624270-01(1:1,ntoi=1);00388624270-01(1:1,ntoi=1)",True,1026.01(1:1),1,1,"TOI1026.01:P=14.26,d=0.992mmag,FP",True,1026.01,,False,684.1,True,3,3,5891.0,1.02,97.6,105.0,70.2,3,1.0,4.103891996230992,1.0965200848688983,True,False,False,70.2
271900960,8.2606,6457.7,1.38,34,2581.52,0.54214,1325.7984,6.3,48.0,1.04,42.6,1404,0.4,-6.5,44.0,7.2,1.0,12,,False,,1,1,"TOI389.01:P=13.46,d=2.8mmag,FP",True,,,False,257.5,False,840,1400,59.0,11.74,64.4,46.2,63.2,655,0.6,1.9003408412253688,3.3151947605028913,False,False,False,63.2
271900960,8.2606,6457.7,1.38,34,2581.52,0.54216,1325.7984,6.3,48.0,1.04,42.8,1403,0.5,-8.0,26.4,3.1,1.0,12,,False,,1,1,"TOI389.01:P=13.46,d=2.8mmag,FP",True,,,False,257.5,False,827,1398,51.0,13.69,64.6,47.4,63.1,641,0.5915593705293276,1.9003642093279909,3.3151539947323116,False,False,False,63.1
279741379,6.9934,4628.53,0.71,15,2662.78,98.02316,1413.9881,2.25,1925.0,3.4,62.1,2,0.0,3.0,72.7,4.6,2.0,19,,False,,2,2,"TOI186.01:P=35.61,d=1.52mmag,CP;TOI186.02:P=7.79,d=0.184mmag,CP",False,,,False,238.5,False,1,1,2182.0,1.0,,,,0,1.0,6.8995922569169625,0.3261062271823868,False,False,False,62.1
104024556,10.3182,7000.0,1.94,5,2579.78,0.57596,1571.5976,7.2,405.0,4.26,41.4,191,3.0,0.0,22.2,3.3,1.0,7,,False,,1,1,"TOI748.01:P=2.022,d=11mmag,KP",True,,,False,859.8,False,139,186,395.0,5.98,64.2,53.8,61.7,113,0.7473118279569892,2.433362933498931,2.9588681165810007,False,False,False,61.7
207081058,9.9358,6053.0,1.23,6,2934.84,36.19868,1336.1326,4.8,12398.0,14.94,173.8,2,0.0,-2.0,147.9,3.1,2.0,7,,False,,1,1,"TOI121.01:P=14.77,d=16.5mmag,APC",True,,,False,1378.1,True,2,2,12280.0,1.02,162.0,5.6,60.9,2,1.0,7.140181963733187,0.6722517751480885,True,False,False,60.9
277447970,10.2202,7050.0,1.66,6,784.87,1.44565,2826.6609,6.3,1349.0,6.65,122.4,102,0.3,147.4,51.1,3.2,0.5,9,,False,,1,1,"TOI1361.01:P=2.237,d=4.66mmag,PC",True,,,False,1313.6,False,96,101,1394.0,2.22,62.1,13.5,60.9,93,0.9504950495049505,2.9805842775102067,2.1136795384503015,False,False,False,60.9
104024556,10.3182,7000.0,1.94,5,2579.78,0.5487,1571.8789,6.3,388.0,4.17,39.6,201,8.2,-8.9,20.3,2.7,0.5,7,,False,,1,1,"TOI748.01:P=2.022,d=11mmag,KP",True,,,False,859.8,False,150,198,467.0,6.05,63.0,41.8,60.5,118,0.7575757575757576,2.394350731055747,2.6311934664735293,False,False,False,60.5
167656187,5.6801,6597.0,1.40426003932953,40,2691.55,0.51199,1354.4206,6.3,21.0,0.7,72.3,1803,3.5,0.0,66.4,5.1,1.0,6,,False,,1,1,"TOI6902.01:P=36.44,d=0.417mmag,PC",False,,,False,158.4,False,995,1797,24.0,26.87,63.0,153.3,60.5,853,0.55370061213133,1.8862263687068805,3.3400020827399532,False,False,False,60.5
129979528,7.87611,7398.5,1.60241997241974,3,1844.95,0.52489,1790.9751,6.3,873.0,5.17,247.7,126,19.0,0.0,176.2,7.1,1.0,5,,False,,1,2,"TOI1599.01:P=1.22,d=13.3mmag,KP",True,,,False,1328.7,False,110,122,1105.0,2.78,68.0,35.3,60.3,94,0.9016393442622951,2.0768985981180212,3.0333690848983847,False,False,False,60.3
126737992,8.2938,7511.0,1.92067003250122,8,2257.22,1.19301,1518.8221,4.5,384.0,4.11,119.6,157,2.5,-114.6,68.4,6.2,1.0,20,"00126737992-03(1:1,ntoi=6);00126737992-05(3:2,ntoi=6)",True,4180.01(4:3),1,1,"TOI4180.01:P=1.595,d=0.514mmag,APC",False,4180.01,,False,458.6,True,140,157,349.0,3.18,61.2,11.2,60.2,117,0.89171974522293,3.0812350460244278,1.4604533353617855,True,False,False,60.2
184679932,9.25319,6198.0,1.30937,3,1845.18,2.17193,1791.4927,0.5,6711.0,11.7,58.7,7,4.7,10.3,58.8,7.2,1.0,8,"00184679932-01(1:1,ntoi=2);00184679932-02(1:1,ntoi=2);00184679932-02(1:1,ntoi=2);00184679932-01(1:1,ntoi=2);00184679932-01(1:1,ntoi=1);00184679932-01(1:1,ntoi=2);00184679932-02(1:1,ntoi=2);00184679932-01(1:1,ntoi=1)",True,1645.01(1:1),1,1,"TOI1645.01:P=2.172,d=19.6mmag,FP",True,1645.01,,False,588.8,True,0,0,,,,,,0,0.0,2.9142836931327594,0.17156874643954667,True,False,False,58.7
123898871,9.84786,7210.5,1.7,4,2088.68,0.58263,2202.1773,7.2,373.0,3.58,51.0,181,3.4,0.0,33.8,5.8,1.0,6,,False,,1,1,"TOI630.01:P=4.909,d=14.3mmag,APC",True,,,False,799.9,False,120,176,389.0,8.93,63.7,150.0,58.3,104,0.6818181818181818,2.236858553523815,3.2187998604818104,False,False,False,58.3
104024556,10.3182,7000.0,1.94,5,2579.78,0.5487,1571.8789,6.3,394.0,4.2,40.3,202,8.5,-8.2,30.9,5.5,1.0,7,,False,,1,1,"TOI748.01:P=2.022,d=11mmag,KP",True,,,False,859.8,False,149,198,421.0,6.64,60.6,39.9,58.2,124,0.7525252525252525,2.394350731055747,2.6311934664735293,False,False,False,58.2
23389848,10.142,5660.0,1.95,2,378.11,14.39318,2398.3778,7.2,10925.0,22.24,221.0,3,66.0,-1.2,169.7,2.8,2.0,4,,False,,1,1,"TOI2151.01:P=15.65,d=6.54mmag,FP",True,,,False,2271.6,False,2,3,15844.0,1.01,196.0,8500.0,57.0,2,0.6666666666666666,7.138664207078399,1.0085920546396878,False,False,False,57.0
150299840,10.4223,7182.7,1.96747994422913,30,1983.81,2.38711,2062.1636,6.3,941.0,6.58,159.0,289,6.8,-135.9,94.2,5.2,1.0,13,,False,,1,2,"TOI4505.01:P=19.47,d=7.7mmag,PC",True,,,False,1700.8,False,224,288,1144.0,4.62,58.2,31.0,57.0,197,0.7777777777777778,3.9455357310633588,1.5967413374056787,False,False,False,57.0
386435344,8.77728,6529.0,1.88186,5,2555.33,2.76581,1520.0844,2.1,787.0,5.76,68.7,37,9.9,0.1,50.6,4.0,1.0,10,,False,,1,1,"TOI575.01:P=19.37,d=3.5mmag,FP",True,,,False,373.7,False,25,37,41.0,81.78,64.6,270.6,56.7,12,0.6756756756756757,4.022912769176099,0.5220098273296849,False,False,False,56.7
150299840,10.4223,7182.7,1.96747994422913,30,1983.81,3.97854,2065.3511,6.3,1047.0,6.95,141.6,168,7.6,-116.6,102.8,5.8,1.0,13,,False,,1,2,"TOI4505.01:P=19.47,d=7.7mmag,PC",True,,,False,1700.8,False,136,168,1356.0,3.41,57.4,32.7,55.9,126,0.8095238095238095,4.677959019927928,1.3467411692069637,False,False,False,55.9
301160638,10.1862,5992.0,1.08,7,2548.25,9.60615,1636.1912,3.0,3454.0,6.92,106.0,16,17.9,-0.4,94.8,4.4,1.0,13,,False,3487.01(5:3),1,1,"TOI3487.01:P=16.01,d=15.7mmag,APC",True,3487.01,,False,1332.3,True,12,16,1353.0,8.79,96.5,1037.6,55.7,8,0.75,4.207336541755548,0.7130401787987761,True,False,False,55.7
432549364,10.2242,6596.04,1.46,3,1845.44,0.60672,1764.9461,7.2,455.0,3.4,36.2,112,1.8,-4.0,22.3,5.7,1.0,6,"00432549364-01(2:1,ntoi=1);00432549364-02(2:1,ntoi=2);00432549364-01(2:1,ntoi=2);00432549364-01(2:1,ntoi=1);00432549364-01(2:1,ntoi=1);00432549364-01(2:1,ntoi=1)",True,1476.01(2:1),1,1,"TOI1476.01:P=1.217,d=7.59mmag,KP",True,1476.01,"KELT-1 b(P=1.218,Transit,2:1)",False,608.1,True,104,109,512.0,2.6,55.9,4.8,54.3,83,0.9541284403669725,2.0485172953220983,3.5147372279656097,True,False,False,54.3
311183180,9.1073,5076.0,0.6802744999999999,2,731.63,7.91951,1444.8103,2.1,11193.0,7.85,260.0,4,72.5,1.8,235.9,3.3,1.0,6,,False,550.01(5:3),2,2,"TOI550.01:P=13.25,d=30mmag,FP;TOI550.02:P=10.04,d=23.5mmag,FP",True,550.01,,False,1534.2,True,3,4,8488.0,2.03,149.8,7739.4,52.5,2,0.75,2.8988819207199685,0.7244172261691992,True,False,False,52.5
104024556,10.3182,7000.0,1.94,5,2579.78,0.57596,1571.5976,6.0,399.0,4.23,40.5,190,3.7,-15.6,21.8,3.2,0.5,7,,False,,1,1,"TOI748.01:P=2.022,d=11mmag,KP",True,,,False,859.8,False,138,187,410.0,5.43,53.4,38.5,51.5,111,0.7379679144385026,2.433362933498931,2.465723430484167,False,False,False,51.5
44797824,9.7976,5181.0,1.19843995571136,5,2879.63,4.47718,1412.4757,7.2,3378.0,7.6,264.6,28,8.1,-52.4,238.1,3.5,1.0,18,,False,865.01(1:6),1,1,"TOI865.01:P=0.7456,d=0.852mmag,APC",False,865.01,,True,3225.0,True,28,28,3893.0,2.24,54.4,26.5,51.0,28,1.0,3.496396409860199,2.059263068596929,True,False,False,51.0
126737992,8.2938,7511.0,1.92067003250122,8,2257.22,1.59154,1519.2159,3.6,380.0,4.09,97.7,119,10.7,87.5,49.7,4.7,0.5,20,"00126737992-01(1:1,ntoi=1);00126737992-01(1:1,ntoi=1);00126737992-01(1:1,ntoi=3);00126737992-01(1:1,ntoi=6);00126737992-01(1:1,ntoi=1);00126737992-01(2:1,ntoi=1);00126737992-01(1:1,ntoi=1);00126737992-01(1:1,ntoi=2);00126737992-01(1:1,ntoi=1);00126737992-01(1:1,ntoi=1);00126737992-01(1:1,ntoi=1)",True,4180.01(1:1),1,1,"TOI4180.01:P=1.595,d=0.514mmag,APC",False,4180.01,,False,458.6,True,104,119,398.0,3.65,51.1,11.5,49.7,90,0.8739495798319328,3.391949050944216,1.0613366963745723,True,False,False,49.7
384159646,9.7556,6762.0,1.37387001514435,8,2522.68,56.10577,1630.3887,4.8,4221.0,9.74,78.8,2,0.0,-0.1,52.9,4.5,2.0,5,,False,,1,2,"TOI1895.01:P=748.1,d=5.04mmag,PC",True,,,False,488.1,False,2,2,4249.0,1.03,73.9,3.9,49.4,2,1.0,8.895586077304346,0.5395934521106401,False,False,False,49.4
179580045,10.4653,7546.0,1.66,19,1081.58,1.51285,2965.3056,4.2,731.0,4.9,85.7,316,2.0,-51.7,60.1,7.8,1.0,6,"00179580045-02(2:3,ntoi=3);00179580045-03(2:3,ntoi=3);00179580045-02(2:3,ntoi=3);00179580045-03(2:3,ntoi=3)",True,,1,1,"TOI2248.01:P=62.16,d=4.04mmag,PC",True,,,False,1127.9,False,267,314,731.0,3.95,49.5,10.8,49.0,218,0.8503184713375797,3.0260700409426105,1.387938792947342,False,False,False,49.0
126737992,8.2938,7511.0,1.92067003250122,8,2257.22,1.98727,1519.6409,4.2,384.0,4.11,93.8,96,0.0,-40.7,57.2,4.9,1.0,20,"00126737992-03(1:3,ntoi=3)",True,4180.01(4:5),1,1,"TOI4180.01:P=1.595,d=0.514mmag,APC",False,4180.01,,False,458.6,True,90,96,379.0,3.09,49.9,10.6,48.1,74,0.9375,3.652546551507241,1.1498826752165143,True,False,False,48.1
323295479,9.9486,5490.0,1.0611300468444824,10,2279.59,65.5158,1622.9276,4.8,3609.0,6.96,90.5,4,89.4,2.0,90.0,4.1,2.0,8,,False,,1,2,"TOI1861.01:P=742.5,d=9.76mmag,PC",True,,,False,583.7,False,4,4,3620.0,2.02,88.0,2484.5,47.7,2,1.0,7.885623750894847,0.6087026406066235,False,False,False,47.7
284738182,10.1939,7126.0,1.5,5,1515.98,0.58897,2202.3109,4.5,319.0,2.92,34.4,201,2.1,-11.5,26.8,6.5,1.0,8,,False,,1,1,"TOI612.01:P=0.9136,d=1.49mmag,PC",False,,,False,639.8,False,148,201,352.0,4.3,48.6,20.9,47.5,117,0.736318407960199,2.0652225481939834,2.178941927558948,False,False,False,47.5
184679932,9.25319,6198.0,1.30937,3,1845.18,4.3439,1793.649,0.5,6367.0,11.4,46.9,5,14.7,33.5,45.5,5.1,0.5,8,"00184679932-01(1:2,ntoi=2);00184679932-02(1:2,ntoi=2);00184679932-02(1:2,ntoi=2);00184679932-01(1:2,ntoi=2);00184679932-01(1:2,ntoi=1);00184679932-01(1:2,ntoi=2);00184679932-02(1:2,ntoi=2);00184679932-01(1:2,ntoi=1)",True,1645.01(1:2),1,1,"TOI1645.01:P=2.172,d=19.6mmag,FP",True,1645.01,,False,588.8,True,0,0,,,,,,0,0.0,3.671778640676171,0.1361737863118903,True,False,False,46.9
384159646,9.7556,6762.0,1.37387001514435,8,2522.68,54.85934,1630.3887,4.8,4121.0,9.62,76.8,2,0.4,0.4,52.9,4.5,2.0,5,,False,,1,2,"TOI1895.01:P=748.1,d=5.04mmag,PC",True,,,False,488.1,False,2,2,4134.0,1.0,72.3,0.0,46.9,2,1.0,8.829218207908237,0.5436494927377251,False,False,False,46.9
387260717,9.97595,7257.0,1.02,22,1923.96,0.62095,1739.3369,6.0,110.0,1.17,28.9,729,1.3,-15.5,22.2,7.9,1.0,8,"00387260717-01(2:1,ntoi=2);00387260717-01(2:1,ntoi=2);00387260717-01(2:1,ntoi=4)",True,,1,1,"TOI1621.01:P=6.454,d=0.217mmag,PC",False,,,False,497.2,False,566,723,136.0,8.66,47.5,6.6,46.8,322,0.7828492392807745,1.6254013607727442,3.6913959498271214,False,False,False,46.8
179582003,10.2301,6115.26,1.97584998607635,42,2691.55,0.55211,1354.6858,6.3,81.0,1.93,24.6,1807,0.8,-8.4,15.3,12.8,1.0,20,,False,,1,2,"TOI4507.01:P=104.6,d=6.66mmag,CP",True,,,False,614.4,False,1253,1802,104.0,7.88,46.3,4.6,46.0,581,0.695338512763596,2.4287686246911413,2.593907025952771,False,False,False,46.0
184679932,9.25319,6198.0,1.30937,3,1845.18,6.51626,1795.7062,0.5,8050.0,12.82,45.9,3,4.2,1.9,43.9,4.8,1.0,8,"00184679932-01(1:3,ntoi=2);00184679932-02(1:3,ntoi=2);00184679932-02(1:3,ntoi=2);00184679932-01(1:3,ntoi=2);00184679932-01(1:3,ntoi=1);00184679932-01(1:3,ntoi=2);00184679932-02(1:3,ntoi=2);00184679932-01(1:3,ntoi=1)",True,1645.01(1:3),1,1,"TOI1645.01:P=2.172,d=19.6mmag,FP",True,1645.01,,False,588.8,True,0,0,,,,,,0,0.0,4.203225462320711,0.11895626453593494,True,False,False,45.9
126737992,8.2938,7511.0,1.92067003250122,8,2257.22,2.38208,1520.1159,4.2,381.0,4.09,85.8,79,9.6,76.6,51.8,4.3,0.5,20,"00126737992-01(2:3,ntoi=1);00126737992-01(2:3,ntoi=1);00126737992-01(2:3,ntoi=3);00126737992-01(2:3,ntoi=6);00126737992-03(1:2,ntoi=6);00126737992-01(2:3,ntoi=1);00126737992-01(2:3,ntoi=1);00126737992-01(2:3,ntoi=2);00126737992-01(2:3,ntoi=1);00126737992-01(2:3,ntoi=1);00126737992-01(2:3,ntoi=1)",True,4180.01(2:3),1,1,"TOI4180.01:P=1.595,d=0.514mmag,APC",False,4180.01,,False,458.6,True,74,79,366.0,2.86,47.5,10.4,45.7,65,0.9367088607594937,3.8799748914571066,1.0824812318367116,True,False,False,45.7
432549364,10.2242,6596.04,1.46,3,1845.44,0.6047,1765.0023,6.3,407.0,3.21,31.6,102,3.5,-8.9,13.7,2.7,1.0,6,"00432549364-01(2:1,ntoi=1);00432549364-02(2:1,ntoi=2);00432549364-01(2:1,ntoi=2);00432549364-01(2:1,ntoi=1);00432549364-01(2:1,ntoi=1);00432549364-01(2:1,ntoi=1)",True,1476.01(2:1),1,1,"TOI1476.01:P=1.217,d=7.59mmag,KP",True,1476.01,"KELT-1 b(P=1.218,Transit,2:1)",False,608.1,True,93,101,427.0,4.36,46.3,6.3,44.4,75,0.9207920792079208,2.04624133838606,3.0788157202263466,True,False,False,44.4
76193403,10.4557,5329.0,0.82,4,1495.86,21.40094,2013.6647,3.0,6497.0,7.21,44.0,2,9.8,-5.1,46.9,3.6,2.0,0,,False,,1,1,"TOI5700.01:P=1.781,d=0.586mmag,PC",False,,,False,1095.0,False,1,1,6784.0,1.0,,,,0,1.0,4.573287232145172,0.6559832889815677,False,False,False,44.0
427320001,7.1776,7184.0,1.58045995235443,7,917.2,0.73772,2719.4336,6.3,69.0,1.43,44.8,214,0.9,-25.1,51.9,4.0,1.0,13,,False,,2,3,"TOI2112.01:P=14.01,d=0.816mmag,PC;TOI2112.02:P=155.8,d=1.26mmag,PC",False,,,False,263.3,False,133,214,78.0,9.28,45.9,101.7,43.2,115,0.6214953271028038,2.3051249794045354,2.7330405319834017,False,False,False,43.2
184679932,9.25319,6198.0,1.30937,3,1845.18,1.0891,1791.6687,7.2,407.0,2.88,51.8,60,8.8,-6.7,34.6,2.7,0.5,8,"00184679932-01(2:1,ntoi=2);00184679932-02(2:1,ntoi=2);00184679932-02(2:1,ntoi=2);00184679932-01(2:1,ntoi=2);00184679932-01(2:1,ntoi=1);00184679932-01(2:1,ntoi=2);00184679932-02(2:1,ntoi=2);00184679932-01(2:1,ntoi=1)",True,1645.01(2:1),1,1,"TOI1645.01:P=2.172,d=19.6mmag,FP",True,1645.01,,False,588.8,True,52,60,349.0,3.63,43.4,26.7,41.4,41,0.8666666666666667,2.3152921761269862,3.109758705289688,True,False,False,41.4
436873727,7.1323,6798.4,1.75449001789093,8,1845.18,1.52901,1791.0036,2.25,182.0,2.58,64.2,112,4.6,22.1,51.4,6.6,1.0,24,"00436873727-02(2:3,ntoi=4);00436873727-03(1:3,ntoi=4);00436873727-04(2:3,ntoi=4);00436873727-02(2:3,ntoi=5);00436873727-03(2:3,ntoi=5);00436873727-04(2:3,ntoi=5);00436873727-05(2:3,ntoi=5);00436873727-02(2:3,ntoi=4);00436873727-03(2:3,ntoi=4);00436873727-04(2:3,ntoi=4);00436873727-05(1:3,ntoi=5);00436873727-02(2:3,ntoi=5);00436873727-04(2:3,ntoi=5);00436873727-03(2:3,ntoi=5);00436873727-02(2:3,ntoi=3);00436873727-03(1:3,ntoi=3)",True,,1,2,"TOI4641.01:P=22.09,d=2.86mmag,CP",False,,,False,229.8,False,100,111,212.0,2.46,42.4,7.3,41.4,82,0.9009009009009009,3.150980172490319,0.7140635220886693,False,False,False,41.4
427320001,7.1776,7184.0,1.58045995235443,7,917.2,1.44974,2719.0399,7.2,213.0,2.52,117.6,108,1.3,149.0,83.3,3.6,0.5,13,,False,,2,3,"TOI2112.01:P=14.01,d=0.816mmag,PC;TOI2112.02:P=155.8,d=1.26mmag,PC",False,,,False,263.3,False,95,108,234.0,2.26,41.7,23.0,41.0,86,0.8796296296296297,2.8873138782963585,2.4936672296426305,False,False,False,41.0
254113311,10.1429,4236.0,0.7409605038166045,4,2168.05,8.34975,2041.9186,0.5,9428.0,7.85,56.7,5,3.1,-0.4,54.7,6.3,1.0,13,"00254113311-01(1:1,ntoi=2);00254113311-01(1:1,ntoi=3);00254113311-01(1:1,ntoi=2);00254113311-01(1:1,ntoi=2);00254113311-01(1:1,ntoi=2);00254113311-01(1:1,ntoi=2)",True,1130.01(1:1),2,2,"TOI1130.01:P=8.35,d=18.3mmag,CP;TOI1130.02:P=4.069,d=2.88mmag,CP",True,1130.01,"TOI-1130 c(P=8.35,Transit,1:1)",False,654.8,True,3,3,10248.0,1.01,75.1,2.0,40.8,3,1.0,3.1234135556537153,0.16008126720681803,True,False,False,40.8
323295479,9.9486,5490.0,1.0611300468444824,10,2279.59,15.15304,1607.7901,4.2,1767.0,4.87,72.5,13,15.5,0.4,90.0,4.1,0.5,8,"00323295479-01(2:3,ntoi=1)",True,,1,2,"TOI1861.01:P=742.5,d=9.76mmag,PC",True,,,False,583.7,False,11,13,34.0,224.5,61.8,1201.9,40.6,3,0.8461538461538461,4.8404673159619485,0.8676848175691756,False,False,False,40.6
81419525,9.5518,11159.0,1.58,6,1517.75,30.86464,2254.5281,4.2,3172.0,9.71,40.0,2,6.8,-7.3,41.1,3.6,2.0,15,"00081419525-03(3:2,ntoi=4)",True,,1,1,"TOI580.01:P=1.55,d=3.91mmag,PC",True,,,False,602.3,False,1,1,3296.0,1.0,,,,0,1.0,8.000800177888522,0.5249474935778755,False,False,False,40.0
120602501,8.48216,5705.0,1.73363995552063,3,1845.51,20.08463,1750.8854,3.15,2830.0,10.06,82.7,2,4.3,-2.5,54.4,4.0,2.0,8,,False,,1,1,"TOI1366.01:P=14.86,d=9.01mmag,FP",True,,,False,348.5,True,2,2,2864.0,1.04,76.8,9.7,39.9,2,1.0,7.375681892605425,0.4270791563228979,True,False,False,39.9
121490076,8.9988,4760.0,0.76,4,2198.28,25.91796,2086.9094,2.25,3578.0,4.96,38.9,2,0.0,7.8,37.4,4.9,2.0,5,,False,,1,1,"TOI6726.01:P=14.25,d=1.18mmag,KP",False,,,False,445.5,False,1,1,3994.0,1.0,,,,0,1.0,4.6339459150977405,0.4855473156623025,False,False,False,38.9
148914726,10.1313,4927.9,0.78,7,1683.92,0.68117,1684.0783,6.3,198.0,1.2,29.2,243,1.4,-6.9,22.6,7.4,1.0,14,,False,,1,1,"TOI1179.01:P=1.262,d=3.09mmag,APC",True,,,False,628.9,False,183,241,242.0,9.15,39.6,12.5,38.4,138,0.7593360995850622,1.4018123011484909,4.494182277355159,False,False,False,38.4
277447970,10.2202,7050.0,1.66,6,784.87,2.16837,2826.6796,7.2,1231.0,6.35,100.8,68,3.7,-76.4,61.0,4.2,1.0,9,,False,,1,1,"TOI1361.01:P=2.237,d=4.66mmag,PC",True,,,False,1313.6,False,66,68,1035.0,2.28,38.2,8.5,37.2,60,0.9705882352941176,3.411862203082827,2.1102845224799403,False,False,False,37.2
460205581,9.9322,6513.0,1.01,7,2203.96,13.47619,1579.5619,6.0,1329.0,4.02,58.8,13,14.9,-23.4,54.3,3.6,1.0,12,,False,,1,1,"TOI837.01:P=8.325,d=4.94mmag,CP",True,,,True,952.0,False,12,13,1901.0,1.46,43.3,41.6,37.2,11,0.9230769230769231,4.504136930229467,1.3321087020536753,False,False,False,37.2
436166416,10.3544,7172.0,1.75,2,52.48,0.66519,3507.1602,3.15,733.0,5.17,37.2,64,1.4,11.5,37.3,5.9,1.0,4,"00436166416-02(1:1,ntoi=2)",True,,1,1,"TOI4497.01:P=3.6,d=8.52mmag,PC",True,,,False,841.1,False,52,63,928.0,2.03,38.1,13.2,36.9,43,0.8253968253968254,2.383502236214002,1.3215846631650392,False,False,False,36.9
20182165,7.0166,6327.16,1.21,5,1493.07,6.3178,1932.85,7.2,597.0,3.23,131.7,13,22.1,22.4,129.3,2.8,2.0,8,,False,,1,1,"TOI1830.01:P=9.782,d=22mmag,FP",True,,,False,534.0,False,11,13,782.0,1.6,44.3,40.3,36.8,11,0.8461538461538461,3.94687917898236,1.8242260969985926,False,False,False,36.8
128790976,7.2235,6690.0,1.49,5,2575.58,1.40756,1657.6026,6.3,143.0,1.95,61.7,77,0.7,19.9,65.5,5.5,2.0,8,,False,1124.01(5:2),1,1,"TOI1124.01:P=3.519,d=6.13mmag,APC",True,1124.01,,False,267.9,True,59,77,124.0,4.94,38.9,24.0,36.7,48,0.7662337662337663,2.7488736513920387,2.2918477889333544,True,False,False,36.7
128790976,7.2235,6690.0,1.49,5,2575.58,1.40757,1657.5839,7.2,136.0,1.89,61.0,77,2.2,23.4,42.5,2.9,0.5,8,,False,1124.01(5:2),1,1,"TOI1124.01:P=3.519,d=6.13mmag,APC",True,1124.01,,False,267.9,True,61,77,99.0,5.44,38.8,23.3,36.6,46,0.7922077922077922,2.7488801611610523,2.619248413127954,True,False,False,36.6
120602501,8.48216,5705.0,1.73363995552063,3,1845.51,4.95424,1740.5541,3.15,738.0,5.14,59.7,15,6.2,-0.4,57.4,3.1,1.0,8,"00120602501-01(3:1,ntoi=2);00120602501-02(3:1,ntoi=2);00120602501-02(3:1,ntoi=2);00120602501-01(3:1,ntoi=2);00120602501-01(3:1,ntoi=1);00120602501-01(3:1,ntoi=2);00120602501-02(3:1,ntoi=2)",True,1366.01(3:1),1,1,"TOI1366.01:P=14.86,d=9.01mmag,FP",True,1366.01,,False,348.5,True,10,15,40.0,81.17,54.9,597.8,36.2,5,0.6666666666666666,4.625655086164442,0.680984626247167,True,False,False,36.2
451599528,7.5622,6058.6,1.3920300006866455,8,2252.48,28.07978,1652.1382,4.8,951.0,4.68,97.7,6,32.6,1.4,116.8,4.0,2.0,11,,False,,1,1,"TOI1104.01:P=341.3,d=9.36mmag,FP",True,,,False,208.5,False,4,6,35.0,81.65,73.0,2278.7,36.1,2,0.6666666666666666,7.12478764083668,0.6737042901444744,False,False,False,36.1
120602501,8.48216,5705.0,1.73363995552063,3,1845.51,13.74134,1750.9979,3.15,1620.0,7.61,62.0,4,6.7,1.1,62.9,3.6,2.0,8,,False,,1,1,"TOI1366.01:P=14.86,d=9.01mmag,FP",True,,,True,348.5,False,3,4,1286.0,2.25,65.0,689.6,36.0,2,0.75,6.4991604812241714,0.4846779840412051,False,False,False,36.0
384984325,10.3622,5416.1,0.95,3,1845.11,12.73925,1801.4318,4.5,3933.0,6.5,71.0,4,21.5,3.1,85.2,3.0,2.0,3,"00384984325-01(2:3,ntoi=1);00384984325-01(1:1,ntoi=2)",True,6109.01(2:3),2,2,"TOI6109.01:P=8.539,d=1.88mmag,CP;TOI6109.02:P=5.695,d=1.6mmag,CP",False,6109.01,"TOI-6109 c(P=8.539,Transit,2:3)",False,1510.6,True,4,4,4631.0,1.46,57.2,214.0,35.5,4,1.0,4.24364114007462,1.0604101175060416,True,False,False,35.5
167656187,5.6801,6597.0,1.40426003932953,40,2691.55,0.98917,1354.3643,4.8,31.0,0.86,85.8,923,7.6,104.3,89.3,6.8,1.0,6,,False,,1,1,"TOI6902.01:P=36.44,d=0.417mmag,PC",False,,,False,158.4,False,556,917,35.0,13.94,36.6,26.5,35.5,402,0.6063249727371864,2.3492557460460546,2.0432002808032723,False,False,False,35.5
96475638,8.5861,6193.0,1.16,3,374.24,7.40377,3833.2076,7.2,1184.0,4.36,51.7,10,2.0,5.2,45.3,2.7,1.0,1,,False,,1,1,"TOI6657.01:P=4.061,d=0.566mmag,PC",False,,,False,1031.6,False,9,10,1630.0,1.31,40.7,15.0,35.3,9,0.9,4.045739600432322,1.779649881379073,False,False,False,35.3
458856474,5.666,8719.5,1.0,6,1792.01,0.53391,2281.9616,4.5,264.0,1.77,189.9,266,21.9,-75.6,154.8,4.4,0.5,8,,False,,1,1,"TOI1978.01:P=6.081,d=16.8mmag,FP",True,,,False,1194.0,False,172,264,298.0,15.84,38.3,64.0,34.3,136,0.6515151515151515,1.525331757564596,2.9501778729008272,False,False,False,34.3
241173474,10.388,6259.0,1.24,2,381.99,20.91545,2587.2074,4.2,3935.0,8.49,50.8,2,1.6,-1.5,38.4,3.2,2.0,2,,False,,1,1,"TOI1708.01:P=11.44,d=6mmag,APC",True,,,False,737.5,False,2,2,3964.0,1.04,50.2,3.6,33.8,2,1.0,5.979228562489682,0.7024317528766902,False,False,False,33.8
386435344,8.77728,6529.0,1.88186,5,2555.33,26.85332,1532.7094,2.1,2250.0,9.74,57.8,3,19.5,-1.0,49.7,4.0,2.0,10,,False,,1,1,"TOI575.01:P=19.37,d=3.5mmag,FP",True,,,True,373.7,False,3,3,3243.0,1.01,55.7,765.8,33.6,2,1.0,8.582210527594075,0.2446922029292972,False,False,False,33.6
277447970,10.2202,7050.0,1.66,6,784.87,3.61383,2827.4109,6.3,1253.0,6.41,75.6,40,7.4,-67.8,46.2,3.0,1.0,9,,False,,1,1,"TOI1361.01:P=2.237,d=4.66mmag,PC",True,,,False,1313.6,False,40,40,1210.0,2.45,33.5,8.6,32.5,37,1.0,4.045165168219767,1.5574147749256333,False,False,False,32.5
283884522,9.1993,5745.0,1.01,2,1845.44,10.20617,1773.1964,3.6,1992.0,4.92,32.1,2,0.0,8.2,20.8,4.2,2.0,0,,False,,1,1,"TOI6652.01:P=3.839,d=0.38mmag,PC",False,,,False,780.4,False,1,1,2352.0,1.0,,,,0,1.0,4.105601649553154,0.8768507778614657,False,False,False,32.1
241173474,10.388,6259.0,1.24,2,381.99,22.22482,2587.1824,4.2,3964.0,8.52,50.7,2,0.0,0.3,38.4,3.2,2.0,2,,False,,1,1,"TOI1708.01:P=11.44,d=6mmag,APC",True,,,False,737.5,False,2,2,3980.0,1.06,49.7,8.2,32.1,2,1.0,6.101484348507905,0.6883570882267516,False,False,False,32.1
451599528,7.5622,6058.6,1.3920300006866455,8,2252.48,26.72632,1652.1632,4.8,825.0,4.36,91.3,7,40.3,-2.1,99.3,3.2,2.0,11,"00451599528-01(2:3,ntoi=1)",True,,1,1,"TOI1104.01:P=341.3,d=9.36mmag,FP",True,,,False,208.5,False,5,7,24.0,118.63,66.5,2128.4,32.1,2,0.7142857142857143,7.008424709634352,0.684890000088255,False,False,False,32.1
9216075,8.7302,6971.2,1.57506000995636,4,2579.03,0.69847,1354.3081,3.0,250.0,2.72,45.7,127,1.9,50.0,42.5,3.6,1.0,2,,False,,1,1,"TOI6903.01:P=4.968,d=0.587mmag,APC",False,,,False,523.9,False,83,127,302.0,4.85,33.5,29.4,32.0,69,0.6535433070866141,2.2583380398017425,1.328410515665479,False,False,False,32.0
301160638,10.1862,5992.0,1.08,7,2548.25,16.34284,1639.3787,2.25,3696.0,7.16,64.0,6,13.5,-3.2,79.3,3.4,2.0,13,,False,,1,1,"TOI3487.01:P=16.01,d=15.7mmag,APC",True,,,False,1332.3,False,4,6,137.0,100.81,52.0,1159.9,31.5,2,0.6666666666666666,5.022654529087849,0.4479702888123218,False,False,False,31.5
179582003,10.2301,6115.26,1.97584998607635,42,2691.55,0.5831,1354.6483,6.3,55.0,1.59,16.6,1698,0.2,-8.7,9.7,7.4,1.0,20,,False,,1,2,"TOI4507.01:P=104.6,d=6.66mmag,CP",True,,,False,614.4,False,1087,1694,70.0,16.59,31.8,4.6,31.5,446,0.6416765053128689,2.473386313713207,2.5471152504850862,False,False,False,31.5
241173474,10.388,6259.0,1.24,2,381.99,21.50758,2598.6574,4.2,3918.0,8.47,50.1,2,0.0,0.6,38.4,3.2,2.0,2,,False,,1,1,"TOI1708.01:P=11.44,d=6mmag,APC",True,,,False,737.5,False,2,2,3931.0,1.07,49.0,11.3,30.8,2,1.0,6.035129587541991,0.6959254045960911,False,False,False,30.8
241173474,10.388,6259.0,1.24,2,381.99,20.2423,2598.6574,4.2,3837.0,8.38,49.6,2,2.1,-0.4,38.4,3.2,2.0,2,,False,,1,1,"TOI1708.01:P=11.44,d=6mmag,APC",True,,,False,737.5,False,2,2,3853.0,1.05,48.4,5.8,30.8,2,1.0,5.914381977592071,0.7101333691182982,False,False,False,30.8
128790976,7.2235,6690.0,1.49,5,2575.58,2.10789,1658.2589,4.8,148.0,1.98,46.2,49,8.7,-24.8,41.4,2.9,0.5,8,,False,1124.01(5:3),1,1,"TOI1124.01:P=3.519,d=6.13mmag,APC",True,1124.01,,False,267.9,True,39,49,186.0,3.97,33.6,26.4,30.8,33,0.7959183673469388,3.144959961464398,1.526251544952884,True,False,False,30.8
9216075,8.7302,6971.2,1.57506000995636,4,2579.03,0.97875,1355.1956,7.2,186.0,2.34,40.5,92,6.0,-14.7,37.6,3.3,1.0,2,,False,,1,1,"TOI6903.01:P=4.968,d=0.587mmag,APC",False,,,False,523.9,True,65,92,270.0,4.51,32.4,26.3,30.7,57,0.7065217391304348,2.5271457446407593,2.8490640143208283,True,False,False,30.7
164173105,8.51017,7164.0,1.5583100318908691,3,1845.48,1.16935,1739.4575,6.3,11734.0,18.42,2287.9,62,87.9,3103.2,1141.0,2.5,0.5,5,,False,,1,1,"TOI1417.01:P=3.073,d=11.4mmag,CP",True,,,False,12130.7,False,58,62,12558.0,2.2,32.5,28.6,30.6,55,0.9354838709677419,2.6625169323817963,2.366182135173967,False,False,False,30.6
178155732,5.9053,6308.31,1.284500002861023,7,2879.65,7.16972,1412.8418,2.25,168.0,1.82,40.8,15,0.1,28.6,27.6,5.7,0.5,18,"00178155732-01(1:2,ntoi=3);00178155732-01(1:2,ntoi=2);00178155732-01(1:1,ntoi=3);00178155732-01(1:1,ntoi=1);00178155732-01(1:2,ntoi=3);00178155732-01(1:2,ntoi=2);00178155732-01(1:2,ntoi=2);00178155732-01(1:2,ntoi=2)",True,396.01(5:6);396.02(1:2),3,3,"TOI396.01:P=5.974,d=0.253mmag,CP;TOI396.02:P=3.585,d=0.195mmag,CP;TOI396.03:P=11.23,d=0.23mmag,CP",False,396.01;396.02,"HR 858 b(P=3.585,Transit,1:2);HR 858 c(P=5.974,Transit,5:6)",False,93.3,True,15,15,185.0,1.43,32.2,4.9,29.4,15,1.0,4.284154247714242,0.5251911742441253,True,False,False,29.4
371443216,8.0552,8004.2,1.84,4,1493.06,0.58058,2282.3894,4.5,76.0,1.75,22.1,155,2.5,-6.2,20.4,6.8,1.0,8,,False,,1,2,"TOI1924.01:P=2.824,d=9.78mmag,KP",True,,,False,203.0,False,117,150,75.0,14.34,29.8,9.1,29.3,75,0.78,2.3552709004842516,1.9106082442893448,False,False,False,29.3
5972036,9.9853,6850.0,1.49,2,355.43,0.49871,3718.3989,7.2,122.0,1.8,10.1,98,1.3,0.0,9.9,4.9,1.0,1,,False,,1,1,"TOI6976.01:P=1.735,d=1.09mmag,PC",False,,,False,490.9,False,58,76,136.0,6.1,32.6,20.6,29.2,42,0.7631578947368421,1.9451294017773157,3.701553219760686,False,False,False,29.2
70914192,10.361,5271.7,1.02,3,2852.29,1.01592,1438.4364,1.8,526.0,2.55,20.3,63,1.7,-6.0,5.1,3.3,0.5,3,,False,427.01(3:5),1,1,"TOI427.01:P=0.609,d=6.64mmag,APC",True,427.01,,False,1096.5,True,28,61,-45.0,,32.6,37.5,29.0,15,0.45901639344262296,1.9152622345474233,0.9398190845784312,True,False,False,29.0
167656187,5.6801,6597.0,1.40426003932953,40,2691.55,1.48408,1354.7018,4.2,42.0,1.0,94.1,616,8.4,-30.2,69.1,4.7,0.5,6,,False,,1,1,"TOI6902.01:P=36.44,d=0.417mmag,PC",False,,,False,158.4,False,369,613,42.0,11.43,30.3,23.6,28.9,276,0.601957585644372,2.6894228459325116,1.5616733554383568,False,False,False,28.9
5972036,9.9853,6850.0,1.49,2,355.43,0.49871,3718.3989,7.2,122.0,1.8,10.1,98,1.3,0.0,10.0,4.9,1.0,1,,False,,1,1,"TOI6976.01:P=1.735,d=1.09mmag,PC",False,,,False,490.9,False,57,76,147.0,5.58,37.7,26.5,28.5,42,0.75,1.9451294017773157,3.701553219760686,False,False,False,28.5
438412198,10.0769,6635.0,1.57,3,453.39,24.62741,3246.7778,2.1,3736.0,10.47,28.4,2,0.0,0.2,27.3,3.7,1.0,2,,False,,1,1,"TOI5118.01:P=1.575,d=0.33mmag,PC",False,,,False,546.5,False,1,1,4040.0,1.0,,,,0,1.0,7.3894873358262565,0.28418750916841357,False,False,False,28.4
451599528,7.5622,6058.6,1.3920300006866455,8,2252.48,28.80917,1652.1507,4.2,862.0,4.46,90.1,8,13.9,-1.1,116.8,4.0,2.0,11,,False,,1,1,"TOI1104.01:P=341.3,d=9.36mmag,FP",True,,,False,208.5,False,6,8,51.0,60.64,58.9,1703.4,28.4,2,0.75,7.185951354643715,0.5844737589666358,False,False,False,28.4
384159646,9.7556,6762.0,1.37387001514435,8,2522.68,52.52416,1630.4012,4.2,2229.0,7.08,55.7,4,30.8,2.5,54.2,4.4,2.0,5,,False,,1,2,"TOI1895.01:P=748.1,d=5.04mmag,PC",True,,,False,488.1,False,4,4,2280.0,2.02,53.3,914.7,27.9,3,1.0,8.702120564349435,0.4826409803153525,False,False,False,27.9
309402106,8.488401,7053.0,1.59688,18,2607.75,72.08146,1343.9504,0.75,4926.0,12.23,76.1,2,0.0,-0.6,44.2,3.8,2.0,25,"00309402106-01(1:1,ntoi=3);00309402106-01(1:1,ntoi=3);00309402106-05(1:3,ntoi=5)",True,710.01(3:1),1,1,"TOI710.01:P=216.2,d=5.49mmag,FP",True,710.01,,False,340.7,True,2,2,4638.0,1.03,44.0,1.4,27.8,2,1.0,10.690491519255877,0.07015580140998087,True,False,False,27.8
120602501,8.48216,5705.0,1.73363995552063,3,1845.51,20.80744,1753.4635,3.0,1960.0,8.37,69.6,3,31.4,-1.1,60.2,3.4,2.0,8,,False,,1,1,"TOI1366.01:P=14.86,d=9.01mmag,FP",True,,,False,348.5,False,3,3,2742.0,1.18,53.2,807.4,27.5,2,1.0,7.463120425369493,0.40197663028484126,False,False,False,27.5
386435344,8.77728,6529.0,1.88186,5,2555.33,23.07724,1538.5719,2.1,1357.0,7.56,44.9,6,29.9,0.3,49.2,3.8,2.0,10,,False,575.01(5:6),1,1,"TOI575.01:P=19.37,d=3.5mmag,FP",True,575.01,,False,373.7,True,4,6,100.0,32.87,49.8,481.0,27.4,2,0.6666666666666666,8.15945447595609,0.2573701472553324,True,False,False,27.4
284738182,10.1939,7126.0,1.5,5,1515.98,0.61759,2202.0172,6.0,146.0,1.98,16.6,198,0.1,-3.7,12.9,2.5,1.0,8,,False,,1,1,"TOI612.01:P=0.9136,d=1.49mmag,PC",False,,,False,639.8,True,114,196,83.0,19.2,29.2,29.4,27.3,91,0.5816326530612245,2.0981468684725653,2.859666351368412,True,False,False,27.3
392476080,9.78569,6647.0,1.7,2,760.76,0.61448,2719.06,6.3,239.0,2.87,16.7,52,1.2,-1.1,13.1,3.0,1.0,6,,False,,1,1,"TOI2109.01:P=0.6725,d=7.34mmag,CP",True,,,False,549.0,False,40,51,234.0,4.38,29.6,12.8,27.1,29,0.7843137254901961,2.2768975632400577,2.7669228961864274,False,False,False,27.1
427320001,7.1776,7184.0,1.58045995235443,7,917.2,2.17462,2720.4836,6.3,209.0,2.49,93.4,72,2.9,-78.8,93.3,4.1,1.0,13,,False,,2,3,"TOI2112.01:P=14.01,d=0.816mmag,PC;TOI2112.02:P=155.8,d=1.26mmag,PC",False,,,False,263.3,False,62,72,216.0,2.38,27.8,17.6,27.1,56,0.8611111111111112,3.3051543854713494,1.9061136834313275,False,False,False,27.1
149833117,9.52339,6578.0,1.36,4,1469.93,0.60506,1842.8689,3.15,520.0,3.38,61.4,135,0.1,81.6,22.3,3.5,1.0,7,,False,,1,1,"TOI1717.01:P=4.052,d=9.79mmag,PC",True,,,False,948.6,False,107,134,625.0,3.05,28.9,9.0,27.0,87,0.7985074626865671,1.9520924448692907,1.613653087116435,False,False,False,27.0
123627908,10.1083,6127.0,1.74,3,625.07,1.96772,3665.6809,1.58,663.0,4.89,24.8,41,3.8,-0.0,14.7,3.5,1.0,3,"00123627908-01(3:1,ntoi=1);00123627908-01(3:1,ntoi=1);00123627908-01(3:1,ntoi=1)",True,2515.01(3:1),1,1,"TOI2515.01:P=5.902,d=2.66mmag,FP",True,2515.01,,False,545.8,True,27,41,231.0,9.51,29.4,35.5,26.9,16,0.6585365853658537,3.408491585172622,0.4635481592130677,True,False,False,26.9
167754523,9.1536,4913.8,0.73,21,2607.65,1.6998,1326.322,1.5,176.0,1.06,24.1,191,1.6,5.0,20.1,17.5,1.0,5,"00167754523-01(1:1,ntoi=1);00167754523-01(1:1,ntoi=1);00167754523-01(1:1,ntoi=1);00167754523-01(1:1,ntoi=1);00167754523-01(1:1,ntoi=1)",True,409.01(4:1),1,1,"TOI409.01:P=6.799,d=0.228mmag,FP",True,409.01,,False,311.7,True,172,190,193.0,4.0,26.8,2.1,26.5,92,0.9052631578947369,1.8192378191014065,0.8245211177178086,True,False,False,26.5
210904767,8.9498,6920.0,1.42,3,2170.74,0.86463,1629.129,7.2,152.0,1.91,24.9,74,1.3,-3.3,17.3,4.8,1.0,2,,False,,1,1,"TOI7038.01:P=8.6,d=0.694mmag,PC",False,,,False,362.2,False,57,74,167.0,3.42,27.5,13.7,26.4,47,0.7702702702702703,2.2629621513632046,3.1816705355247468,False,False,False,26.4
210904767,8.9498,6920.0,1.42,3,2170.74,0.86358,1629.1478,6.3,160.0,1.96,25.2,74,1.4,-5.2,13.2,2.4,1.0,2,,False,,1,1,"TOI7038.01:P=8.6,d=0.694mmag,PC",False,,,False,362.2,False,58,74,200.0,2.56,27.2,11.3,26.2,47,0.7837837837837838,2.262045739043601,2.7850895723548263,False,False,False,26.2
232568235,9.75874,5432.0,0.9,6,1493.81,35.37773,1940.4455,0.75,3396.0,5.72,25.8,2,0.0,2.2,25.3,4.4,1.0,5,,False,,1,1,"TOI2260.01:P=0.3525,d=0.331mmag,CP",False,,,False,731.4,False,1,1,4220.0,1.0,,,,0,1.0,5.7536921500748495,0.13035108247670904,False,False,False,25.8
167656187,5.6801,6597.0,1.40426003932953,40,2691.55,1.49408,1355.2831,4.5,34.0,0.89,76.0,609,1.3,-25.9,96.8,7.3,1.0,6,,False,,1,1,"TOI6902.01:P=36.44,d=0.417mmag,PC",False,,,False,158.4,False,356,609,26.0,16.46,26.5,21.2,25.8,260,0.5845648604269293,2.6954499351084853,1.6694800899052447,False,False,False,25.8
164173105,8.51017,7164.0,1.5583100318908691,3,1845.48,1.75399,1740.0575,6.3,10783.0,17.65,1835.7,41,156.7,-1486.0,1280.8,2.9,1.0,5,,False,,1,1,"TOI1417.01:P=3.073,d=11.4mmag,CP",True,,,False,12130.7,False,40,41,10107.0,1.62,26.5,12.2,25.4,39,0.975609756097561,3.0478007812210017,2.0670642381934528,False,False,False,25.4
19451711,7.3645,7381.0,1.862190008163452,5,2581.57,16.68103,1504.0921,1.8,1396.0,7.59,25.4,2,0.0,2.4,34.8,3.9,2.0,5,,False,,1,1,"TOI522.01:P=0.397,d=0.12mmag,FA",True,,,False,195.2,False,1,1,1305.0,1.0,,,,0,1.0,7.271632296446526,0.24753726902274983,False,False,False,25.4
128790976,7.2235,6690.0,1.49,5,2575.58,1.35568,1658.1839,4.8,110.0,1.71,41.3,79,3.8,-5.8,42.5,3.1,1.0,8,,False,,1,1,"TOI1124.01:P=3.519,d=6.13mmag,APC",True,,,False,267.9,False,52,78,87.0,7.17,26.6,22.3,24.6,38,0.6666666666666666,2.71467724533225,1.7681659977271171,False,False,False,24.6
271900960,8.2606,6457.7,1.38,34,2581.52,1.63953,1325.6109,6.3,51.0,1.08,33.6,463,2.0,-3.7,34.3,6.9,1.0,12,,False,,1,1,"TOI389.01:P=13.46,d=2.8mmag,FP",True,,,False,257.5,False,274,459,43.0,11.68,25.1,14.0,24.4,177,0.5969498910675382,2.7481101798226857,2.2924845030800367,False,False,False,24.4
128790976,7.2235,6690.0,1.49,5,2575.58,7.03782,1663.1839,4.8,194.0,2.26,38.4,18,0.3,8.9,27.8,3.6,2.0,8,"00128790976-01(1:2,ntoi=1);00128790976-01(1:2,ntoi=1);00128790976-01(1:2,ntoi=1);00128790976-01(1:2,ntoi=1);00128790976-01(1:2,ntoi=1);00128790976-01(1:2,ntoi=1);00128790976-01(1:2,ntoi=1);00128790976-01(1:1,ntoi=1)",True,1124.01(1:2),1,1,"TOI1124.01:P=3.519,d=6.13mmag,APC",True,1124.01,,False,267.9,True,16,18,234.0,2.55,27.6,24.5,24.2,13,0.8888888888888888,4.700512276959429,1.0211652937336704,True,False,False,24.2
271900960,8.2606,6457.7,1.38,34,2581.52,1.61291,1326.6984,6.3,52.0,1.09,34.3,472,0.2,-11.0,29.8,4.7,2.0,12,,False,,1,1,"TOI389.01:P=13.46,d=2.8mmag,FP",True,,,False,257.5,False,294,470,48.0,10.56,24.7,12.3,24.1,182,0.625531914893617,2.7331558483186447,2.3050277223948172,False,False,False,24.1
320525204,8.88797,5941.5,1.34,28,1271.96,2.74865,2392.6692,2.1,123.0,1.62,22.7,213,0.8,-1.4,19.1,13.7,1.0,49,,False,1140.01(5:1);1344.01(5:1),2,2,"TOI1140.01:P=13.74,d=6.19mmag,FP",True,1140.01,,False,267.8,True,118,188,34.0,19.55,25.0,10.2,24.0,59,0.6276595744680851,3.2012380753299854,0.6559961960291039,True,False,False,24.0
210904767,8.9498,6920.0,1.42,3,2170.74,0.82627,1628.584,6.3,148.0,1.88,23.5,78,0.4,2.6,17.8,4.2,1.0,2,,False,,1,1,"TOI7038.01:P=8.6,d=0.694mmag,PC",False,,,False,362.2,False,61,77,172.0,3.15,24.9,11.1,23.7,50,0.7922077922077922,2.2289886233898675,2.826393968049464,False,False,False,23.7
64282927,9.0331,4996.0,0.78,4,242.43,0.51788,3367.9736,6.3,100.0,0.85,18.8,180,2.2,0.0,24.8,2.8,1.0,3,,False,,2,2,"TOI5949.01:P=1.883,d=0.366mmag,PC;TOI5949.02:P=3.375,d=0.187mmag,PC",False,,,False,455.7,False,105,180,33.0,101.81,26.9,41.1,23.5,64,0.5833333333333334,1.279423751894581,4.924091795756417,False,False,False,23.5
387260717,9.97595,7257.0,1.02,22,1923.96,1.24176,1738.8619,4.8,105.0,1.14,20.8,358,3.0,20.0,13.6,3.8,0.5,8,"00387260717-01(1:1,ntoi=2);00387260717-01(1:1,ntoi=2);00387260717-01(1:1,ntoi=4);00387260717-04(2:1,ntoi=4)",True,,1,1,"TOI1621.01:P=6.454,d=0.217mmag,PC",False,,,False,497.2,False,261,356,103.0,8.66,24.1,4.2,23.5,117,0.7331460674157303,2.0478004333305675,2.3439784081856168,False,False,False,23.5
467158766,10.3463,5610.2,0.9613540172576904,3,1496.85,24.12364,1847.8158,4.8,2299.0,5.03,23.2,2,1.0,-2.1,21.4,3.3,2.0,2,,False,,1,1,"TOI5714.01:P=7.778,d=0.826mmag,PC",False,,,False,596.3,False,1,1,2388.0,1.0,,,,0,1.0,5.291898072110285,0.9070469488626928,False,False,False,23.2
308050066,9.99028,6655.0,1.91,5,2554.04,0.97208,1544.7446,6.3,157.0,2.61,19.3,114,0.9,6.5,12.6,5.7,1.0,10,"00308050066-02(2:1,ntoi=3);00308050066-03(2:1,ntoi=3)",True,,1,1,"TOI679.01:P=11.18,d=8.58mmag,FP",True,,,False,457.5,False,109,114,146.0,3.89,23.7,2.0,23.1,58,0.956140350877193,2.8672432663009104,2.1972324685682354,False,False,False,23.1
304042899,9.5369,6746.0,1.52880001068115,3,761.49,12.53663,1573.7437,4.5,2992.0,9.12,46.4,2,7.0,-0.4,46.1,4.1,1.0,5,"00304042899-02(1:1,ntoi=2);00304042899-01(1:1,ntoi=1);00304042899-01(1:1,ntoi=1);00304042899-01(1:1,ntoi=1)",True,775.01(1:1),1,1,"TOI775.01:P=12.45,d=7.68mmag,FP",True,775.01,,False,570.1,True,2,2,3122.0,1.15,39.2,32.3,22.9,2,1.0,5.79654237279233,0.7763248693086401,True,False,False,22.9
284738182,10.1939,7126.0,1.5,5,1515.98,1.68989,2202.6484,4.5,333.0,2.98,24.3,71,1.6,-15.9,16.3,3.9,1.0,8,,False,,1,1,"TOI612.01:P=0.9136,d=1.49mmag,PC",False,,,False,639.8,False,64,71,329.0,3.75,23.7,5.2,22.9,47,0.9014084507042254,2.9346430132218995,1.5334062711292162,False,False,False,22.9
308034948,8.6014,5824.0,1.1512,7,2554.19,1.06367,1571.4015,7.2,94.0,1.22,22.5,146,0.5,-0.4,17.4,3.4,1.0,4,,False,,1,1,"TOI1206.01:P=0.8315,d=0.27mmag,FP",True,,,False,329.9,False,96,146,102.0,5.74,24.7,23.0,22.9,72,0.6575342465753424,2.108196646338059,3.415241178998369,False,False,False,22.9
11111899,9.6996,7812.5,1.79,5,1139.0,0.61726,2420.7415,7.2,126.0,2.19,16.0,195,0.8,-2.2,17.1,6.5,1.0,8,"00011111899-01(1:1,ntoi=1);00011111899-01(1:1,ntoi=1);00011111899-01(1:1,ntoi=1);00011111899-01(1:1,ntoi=1);00011111899-01(1:1,ntoi=1);00011111899-01(1:1,ntoi=1);00011111899-01(1:1,ntoi=1);00011111899-01(1:1,ntoi=1)",True,1313.01(1:1),1,1,"TOI1313.01:P=0.6193,d=2.01mmag,FP",True,1313.01,,False,526.8,True,142,195,158.0,7.2,23.4,6.9,22.4,83,0.7282051282051282,2.3601142449992376,3.0506997766128587,True,False,False,22.4
316916655,9.19901,6805.0,1.44,2,2607.67,0.76017,1438.7001,7.2,107.0,1.62,16.0,86,1.3,-3.0,11.4,5.4,1.0,2,,False,,1,1,"TOI441.01:P=2.874,d=2.71mmag,FP",True,,,False,343.8,False,71,86,115.0,3.44,22.8,5.9,22.0,46,0.8255813953488372,2.1881992465828346,3.290376784126839,False,False,False,22.0
372264750,8.65269,9218.0,1.85274994373322,5,756.78,0.72341,2853.6326,2.1,131.0,2.32,19.7,114,1.0,-0.8,15.1,7.1,1.0,15,"00372264750-01(3:1,ntoi=2);00372264750-02(3:1,ntoi=2);00372264750-01(3:1,ntoi=2);00372264750-02(3:1,ntoi=2);00372264750-02(3:1,ntoi=3);00372264750-01(3:1,ntoi=3);00372264750-03(3:1,ntoi=3);00372264750-01(3:1,ntoi=2);00372264750-02(3:1,ntoi=2);00372264750-01(3:1,ntoi=2);00372264750-02(3:1,ntoi=2);00372264750-01(3:1,ntoi=1);00372264750-01(3:1,ntoi=1);00372264750-01(3:1,ntoi=2);00372264750-02(3:1,ntoi=2)",True,1355.01(3:1),1,1,"TOI1355.01:P=2.17,d=5.61mmag,CP",True,1355.01,,False,247.0,True,81,99,153.0,3.1,22.7,5.0,22.0,53,0.8181818181818182,2.5461325118756863,0.8247803247494652,True,False,False,22.0
459850897,10.2726,8405.0,1.7878899574279783,6,1792.43,0.50783,2307.7152,0.62,1648.0,7.92,54.0,250,0.4,-50.3,34.6,7.5,1.0,11,,False,,1,1,"TOI3503.01:P=1.188,d=3.04mmag,FP",True,,,False,2483.9,False,217,246,1851.0,3.15,22.6,2.0,22.0,85,0.8821138211382114,2.2097421599803884,0.2805757211083408,False,False,False,22.0
427320001,7.1776,7184.0,1.58045995235443,7,917.2,3.62823,2721.0836,6.3,205.0,2.47,73.7,44,0.8,-54.8,78.4,3.3,1.0,13,,False,,2,3,"TOI2112.01:P=14.01,d=0.816mmag,PC;TOI2112.02:P=155.8,d=1.26mmag,PC",False,,,False,263.3,False,39,44,193.0,4.65,24.4,22.4,21.7,35,0.8863636363636364,3.9200856957297074,1.607107723910939,False,False,False,21.7
123898871,9.84786,7210.5,1.7,4,2088.68,1.09892,2202.1961,6.3,421.0,3.81,48.8,95,3.2,54.2,42.6,2.5,0.5,6,,False,,1,1,"TOI630.01:P=4.909,d=14.3mmag,APC",True,,,False,799.9,False,73,95,349.0,5.93,22.5,13.4,21.6,53,0.7684210526315789,2.7637341660262464,2.27952459301043,False,False,False,21.6
19451711,7.3645,7381.0,1.862190008163452,5,2581.57,17.48614,1502.8171,1.2,1164.0,6.93,21.6,2,24.0,1.8,34.8,3.9,2.0,5,,False,,1,1,"TOI522.01:P=0.397,d=0.12mmag,FA",True,,,False,195.2,False,1,1,186.0,1.0,,,,0,1.0,7.386787503132109,0.16245221613471103,False,False,False,21.6
316916655,9.19901,6805.0,1.44,2,2607.67,0.76039,1438.7001,7.2,105.0,1.61,15.9,87,1.1,-3.2,13.1,6.6,1.0,2,,False,,1,1,"TOI441.01:P=2.874,d=2.71mmag,FP",True,,,False,343.8,False,72,86,115.0,3.34,22.2,5.8,21.4,43,0.8372093023255814,2.1884103210358536,3.2900594238616003,False,False,False,21.4
284738182,10.1939,7126.0,1.5,5,1515.98,0.89262,2202.5797,4.2,223.0,2.44,20.4,134,3.6,18.6,16.0,3.1,1.0,8,,False,,1,1,"TOI612.01:P=0.9136,d=1.49mmag,PC",False,,,False,639.8,False,87,134,204.0,6.16,21.9,15.1,21.1,61,0.6492537313432836,2.3722366131142434,1.770481062800178,False,False,False,21.1
167754523,9.1536,4913.8,0.73,21,2607.65,3.39963,1328.0095,2.1,142.0,0.95,19.2,132,0.2,14.0,13.5,10.4,0.5,5,"00167754523-01(1:2,ntoi=1);00167754523-01(1:2,ntoi=1);00167754523-01(1:2,ntoi=1);00167754523-01(1:2,ntoi=1);00167754523-01(1:2,ntoi=1)",True,409.01(2:1),1,1,"TOI409.01:P=6.799,d=0.228mmag,FP",True,409.01,,True,311.7,True,119,132,145.0,3.5,21.6,2.5,21.1,58,0.9015151515151515,2.292102765282968,0.9161892877611654,True,False,False,21.1
64282927,9.0331,4996.0,0.78,4,242.43,24.8412,3388.0267,3.15,1348.0,3.12,21.0,2,6.5,-3.8,24.7,2.8,2.0,3,,False,,2,2,"TOI5949.01:P=1.883,d=0.366mmag,PC;TOI5949.02:P=3.375,d=0.187mmag,PC",False,,,False,455.7,False,1,1,1613.0,1.0,,,,0,1.0,4.648671806035842,0.6776129035201056,False,False,False,21.0
266688542,10.1894,6854.0,1.79,4,758.91,0.58894,2825.4989,6.3,157.0,2.44,15.2,159,0.7,-4.3,7.3,4.1,0.5,6,,False,1324.01(5:1),1,1,"TOI1324.01:P=2.942,d=1.52mmag,FP",True,1324.01,,False,596.2,True,109,155,173.0,6.82,21.4,8.6,21.0,73,0.7032258064516129,2.3234535719524905,2.711480907580976,True,False,False,21.0
459850897,10.2726,8405.0,1.7878899574279783,6,1792.43,0.58038,2307.8611,0.62,1676.0,7.99,51.3,216,1.8,50.5,31.4,6.6,1.0,11,,False,,1,1,"TOI3503.01:P=1.188,d=3.04mmag,FP",True,,,False,2483.9,False,189,213,1768.0,3.25,21.2,1.6,20.8,62,0.8873239436619719,2.3103243922141123,0.26836058264779844,False,False,False,20.8
133505138,9.5115,6529.0,1.32,3,2529.6,0.67319,1544.4858,7.2,118.0,1.56,13.5,97,0.1,-2.6,12.4,5.9,1.0,0,,False,,1,1,"TOI4359.01:P=2.436,d=0.38mmag,FP",True,,,False,433.0,False,74,96,123.0,5.42,21.9,8.8,20.6,45,0.7708333333333334,1.982912118007848,3.631023248389621,False,False,False,20.6
178155732,5.9053,6308.31,1.284500002861023,7,2879.65,1.19483,1411.9262,2.4,42.0,0.9,27.1,121,9.9,-0.4,20.5,4.6,1.0,18,"00178155732-01(3:1,ntoi=3);00178155732-01(3:1,ntoi=2);00178155732-01(3:1,ntoi=3);00178155732-01(3:1,ntoi=2);00178155732-01(3:1,ntoi=2);00178155732-01(3:1,ntoi=2)",True,396.01(5:1);396.02(3:1),3,3,"TOI396.01:P=5.974,d=0.253mmag,CP;TOI396.02:P=3.585,d=0.195mmag,CP;TOI396.03:P=11.23,d=0.23mmag,CP",False,396.01;396.02,"HR 858 b(P=3.585,Transit,3:1);HR 858 c(P=5.974,Transit,5:1)",False,93.3,True,76,120,16.0,16.5,22.0,16.0,20.6,31,0.6333333333333333,2.3575798258664538,1.0179931019378976,True,False,False,20.6
184679932,9.25319,6198.0,1.30937,3,1845.18,12.34287,1798.0812,4.5,987.0,4.49,32.6,4,4.9,-5.8,21.1,2.8,1.0,8,,False,,1,1,"TOI1645.01:P=2.172,d=19.6mmag,FP",True,,,False,588.8,False,4,4,1359.0,1.15,26.1,10.1,20.5,4,1.0,5.200621772141188,0.8652811523625319,False,False,False,20.5
441546821,7.7897,6613.0,1.4926999807357793,6,1791.4,0.52038,2334.3596,4.5,36.0,0.97,15.5,282,1.8,-6.4,16.5,4.5,1.0,2,,False,,2,4,"TOI6697.01:P=0,d=2.86mmag,CP;TOI6697.02:P=0,d=6.88mmag,CP",True,,,False,210.6,False,167,281,33.0,15.09,21.2,19.1,20.5,115,0.594306049822064,1.975286873762202,2.27815010557385,False,False,False,20.5
130181866,6.2683,5694.11,0.902931988239288,6,1442.79,20.35571,1854.6795,3.0,517.0,2.24,75.5,6,23.8,-13.4,125.1,2.9,2.0,20,"00130181866-02(1:1,ntoi=2);00130181866-02(1:2,ntoi=6);00130181866-05(2:1,ntoi=6);00130181866-02(1:1,ntoi=2);00130181866-02(1:1,ntoi=2);00130181866-02(1:1,ntoi=2);00130181866-01(1:1,ntoi=2);00130181866-01(1:1,ntoi=2)",True,1726.02(1:1),2,2,"TOI1726.01:P=7.108,d=0.545mmag,CP;TOI1726.02:P=20.54,d=0.868mmag,CP",False,1726.02,"HD 63433 c(P=20.54,Transit,1:1)",False,247.1,True,5,6,308.0,6.85,24.6,253.9,20.4,5,0.8333333333333334,4.795939969429454,0.6255290973454143,True,False,False,20.4
266688542,10.1894,6854.0,1.79,4,758.91,0.58891,2825.4989,6.3,155.0,2.43,15.1,159,0.8,-4.0,11.5,7.1,1.0,6,,False,1324.01(5:1),1,1,"TOI1324.01:P=2.942,d=1.52mmag,FP",True,1324.01,,False,596.2,True,107,155,159.0,7.18,20.8,8.0,20.2,68,0.6903225806451613,2.3234141198347107,2.7115269491640115,True,False,False,20.2
393911494,9.85649,5590.0,0.976212,6,1523.18,0.63329,1900.7299,6.3,97.0,1.05,12.2,153,2.2,-3.6,10.1,8.0,1.0,9,"00393911494-01(1:1,ntoi=1);00393911494-01(1:1,ntoi=1);00393911494-01(1:1,ntoi=1);00393911494-01(1:1,ntoi=1);00393911494-01(1:1,ntoi=1);00393911494-01(1:1,ntoi=1);00393911494-01(1:1,ntoi=1);00393911494-01(1:1,ntoi=1);00393911494-01(1:1,ntoi=1)",True,2106.01(1:1),1,1,"TOI2106.01:P=0.6333,d=1.29mmag,FP",True,2106.01,,False,435.2,True,124,152,109.0,8.56,21.0,5.7,20.1,52,0.8157894736842105,1.588931831215533,3.9649278063619002,True,False,False,20.1
144006874,9.5951,4403.0,0.71,2,376.77,21.90784,3292.1833,3.15,1734.0,3.23,19.9,2,0.0,0.0,19.9,2.8,2.0,1,,False,,1,1,"TOI6058.01:P=2.367,d=0.643mmag,PC",False,,,False,435.1,False,1,1,1948.0,1.0,,,,0,1.0,4.187103664711354,0.7523100100310393,False,False,False,19.9
144006874,9.5951,4403.0,0.71,2,376.77,20.61935,3292.1833,3.15,1734.0,3.23,19.9,2,0.8,0.0,19.9,2.8,2.0,1,,False,,1,1,"TOI6058.01:P=2.367,d=0.643mmag,PC",False,,,False,435.1,False,1,1,1948.0,1.0,,,,0,1.0,4.103352719445381,0.7676649353277536,False,False,False,19.9
144006874,9.5951,4403.0,0.71,2,376.77,10.62448,3292.1833,3.15,1734.0,3.23,19.9,2,0.8,0.3,19.9,2.8,1.0,1,,False,,1,1,"TOI6058.01:P=2.367,d=0.643mmag,PC",False,,,False,435.1,False,1,1,1948.0,1.0,,,,0,1.0,3.2896504569406715,0.9575485423850945,False,False,False,19.9
20897611,10.459,5503.0,1.06,3,2202.33,19.07133,2102.4019,4.8,7198.0,9.81,63.4,3,9.0,1.3,56.3,4.0,2.0,4,,False,,1,1,"TOI2383.01:P=3.135,d=9.39mmag,APC",True,,,False,2139.1,True,3,3,8072.0,1.24,27.0,13.7,19.9,3,1.0,5.2224288416900055,0.9191125710861183,True,False,False,19.9
175193677,6.3687,6061.77,1.22567999362946,4,759.15,12.99322,2538.642,4.2,292.0,2.29,44.4,5,8.2,-2.3,48.8,5.3,2.0,3,,False,5140.01(6:5),1,1,"TOI5140.01:P=15.61,d=0.565mmag,PC",False,5140.01,"HD 73344 b(P=15.61,Transit,6:5);HD 73344 c(P=65.94,Radial Velocity,5:1)",False,123.5,True,4,5,441.0,1.46,30.8,157.5,19.9,4,0.8,5.062502952944179,0.8296291457089271,True,False,False,19.9
198457103,8.07023,7269.0,1.93752002716064,42,1979.2,0.94401,1684.0622,6.3,35.0,1.25,28.7,984,1.0,40.3,28.9,12.0,1.0,19,"00198457103-01(1:2,ntoi=2);00198457103-02(1:2,ntoi=2);00198457103-01(1:2,ntoi=2);00198457103-02(1:2,ntoi=2);00198457103-01(1:2,ntoi=2);00198457103-02(1:2,ntoi=2);00198457103-01(1:2,ntoi=2);00198457103-02(1:2,ntoi=2);00198457103-01(1:2,ntoi=2);00198457103-02(1:2,ntoi=2);00198457103-02(1:2,ntoi=2);00198457103-01(1:2,ntoi=2);00198457103-01(1:2,ntoi=3);00198457103-02(1:2,ntoi=3);00198457103-03(1:2,ntoi=3);00198457103-01(1:2,ntoi=2);00198457103-02(1:2,ntoi=2);00198457103-01(1:2,ntoi=2);00198457103-02(1:2,ntoi=2)",True,1488.01(1:2),1,1,"TOI1488.01:P=0.4721,d=0.0491mmag,FA",True,1488.01,,False,206.7,True,622,978,23.0,16.4,20.0,3.3,19.7,222,0.6359918200408998,2.866583691932055,2.197738031417408,True,False,False,19.7
386435344,8.77728,6529.0,1.88186,5,2555.33,21.79603,1528.2219,2.1,1566.0,8.12,47.6,4,26.8,2.4,49.7,4.0,2.0,10,,False,,1,1,"TOI575.01:P=19.37,d=3.5mmag,FP",True,,,False,373.7,False,3,4,1620.0,2.03,41.9,706.5,19.6,2,0.75,8.005570758843232,0.2623173366721251,False,False,False,19.6
456260074,9.0449,4813.0,0.751037001609802,3,1469.93,21.7151,1859.6909,4.8,994.0,2.58,19.5,2,0.0,-0.3,18.5,2.6,2.0,6,,False,,2,3,"TOI6249.01:P=1092,d=1.84mmag,PC;TOI6249.02:P=15.57,d=0.847mmag,PC",False,,,False,315.6,False,1,1,1086.0,1.0,,,,0,1.0,4.33414191920915,1.1074856544789504,False,False,False,19.5
105840719,9.5373,5432.0,0.8437020182609558,4,1468.48,18.388,2000.232,4.2,1483.0,3.54,34.7,4,2.8,4.3,32.3,4.3,1.0,7,,False,,1,1,"TOI2123.01:P=10.31,d=2.31mmag,PC",False,,,False,548.2,False,3,4,1753.0,1.43,29.4,174.6,19.4,3,0.75,4.431109861445735,0.9478437979034149,False,False,False,19.4
189013224,9.59689,5731.0,0.989260017871857,4,2852.57,14.34114,1439.8717,3.15,2117.0,4.97,41.0,5,14.3,-2.3,32.4,3.6,2.0,1,,False,,2,2,"TOI426.01:P=1.321,d=0.51mmag,CP",False,,,False,760.5,False,4,4,2572.0,1.41,32.7,181.8,19.4,3,1.0,4.53533972312556,0.6945455450532725,False,False,False,19.4
157667414,10.1658,4271.0,0.677846014499664,4,1495.86,0.49959,2010.5101,6.3,112.0,0.78,11.1,180,1.7,0.0,10.0,4.1,0.5,7,,False,,1,1,"TOI4576.01:P=10.48,d=1.92mmag,PC",False,,,False,624.7,False,122,177,118.0,9.64,21.0,9.3,19.4,72,0.6892655367231638,1.1512427393537001,5.472347216310591,False,False,False,19.4
352764091,8.593,5891.0,1.21036994457245,18,1924.47,9.62198,1711.6356,4.2,137.0,1.55,19.2,41,3.2,1.9,20.1,11.6,1.0,28,"00352764091-01(1:1,ntoi=1);00352764091-01(1:1,ntoi=1);00352764091-01(1:1,ntoi=1);00352764091-01(1:1,ntoi=1);00352764091-01(1:1,ntoi=1);00352764091-01(1:1,ntoi=1);00352764091-01(1:1,ntoi=5);00352764091-02(2:1,ntoi=5);00352764091-01(1:1,ntoi=5);00352764091-03(3:1,ntoi=5);00352764091-01(1:1,ntoi=1);00352764091-01(1:1,ntoi=1);00352764091-01(1:1,ntoi=1);00352764091-01(2:1,ntoi=1);00352764091-01(1:1,ntoi=1);00352764091-01(1:1,ntoi=1);00352764091-01(1:1,ntoi=1);00352764091-01(1:1,ntoi=1);00352764091-01(1:1,ntoi=1);00352764091-01(1:1,ntoi=1);00352764091-01(2:1,ntoi=1)",True,1287.01(1:1),1,1,"TOI1287.01:P=9.6,d=0.413mmag,PC",False,1287.01,,False,250.8,True,32,41,156.0,2.91,20.4,12.0,19.4,21,0.7804878048780488,4.541944934079948,0.9247139850784619,True,False,False,19.4
189013222,10.2892,5136.1,0.84,3,2116.21,22.16191,2185.6274,2.4,4963.0,6.46,38.1,3,22.9,-3.4,34.1,3.3,2.0,0,,False,,2,2,"TOI949.01:P=1.323,d=0.782mmag,FP",True,,,False,1598.5,False,3,3,7304.0,1.06,39.1,87.4,19.2,2,1.0,4.7017934542037985,0.5104435197709926,False,False,False,19.2
317507345,9.68708,7170.0,1.51,7,1688.66,0.63462,1791.0007,1.58,398.0,3.29,45.8,228,1.2,46.1,35.6,6.6,1.0,14,,False,,1,1,"TOI1615.01:P=3.94,d=14.6mmag,FP",True,,,False,727.4,False,179,228,343.0,4.81,19.8,6.3,19.1,94,0.7850877192982456,2.1266572964216928,0.742949981954546,False,False,False,19.1
367366318,8.14847,6767.9,1.77,8,1846.53,1.23809,1817.4343,7.2,53.0,1.4,18.6,143,1.0,8.8,19.2,6.9,2.0,14,,False,,1,1,"TOI1682.01:P=2.735,d=10mmag,KP",True,,,False,219.5,False,111,143,50.0,6.43,20.0,5.9,19.1,59,0.7762237762237763,2.9542089545890975,2.4372006552940166,False,False,False,19.1
372264750,8.65269,9218.0,1.85274994373322,5,756.78,1.08514,2854.3576,1.5,130.0,2.3,16.8,101,18.7,5.8,8.2,4.1,2.0,15,"00372264750-01(2:1,ntoi=2);00372264750-02(2:1,ntoi=2);00372264750-01(2:1,ntoi=2);00372264750-02(2:1,ntoi=2);00372264750-02(2:1,ntoi=3);00372264750-01(2:1,ntoi=3);00372264750-03(2:1,ntoi=3);00372264750-01(2:1,ntoi=2);00372264750-02(2:1,ntoi=2);00372264750-01(2:1,ntoi=2);00372264750-02(2:1,ntoi=2);00372264750-01(2:1,ntoi=1);00372264750-01(2:1,ntoi=1);00372264750-01(2:1,ntoi=2);00372264750-02(2:1,ntoi=2)",True,1355.01(2:1),1,1,"TOI1355.01:P=2.17,d=5.61mmag,CP",True,1355.01,,False,247.0,True,72,101,142.0,3.49,19.6,5.5,19.0,47,0.7128712871287128,2.9146165327436315,0.51464746156092,True,False,False,19.0
335499997,8.98207,5967.0,1.76279997825623,4,2229.32,0.86571,1544.757,4.5,114.0,2.05,18.1,110,0.7,7.2,17.8,6.6,1.0,10,"00335499997-01(1:2,ntoi=2);00335499997-01(1:2,ntoi=2);00335499997-01(1:2,ntoi=2);00335499997-01(1:2,ntoi=1);00335499997-01(1:2,ntoi=1);00335499997-01(1:2,ntoi=1);00335499997-01(1:2,ntoi=1)",True,680.01(1:2),1,1,"TOI680.01:P=0.4336,d=0.806mmag,APC",False,680.01,,False,299.6,True,86,110,141.0,2.98,19.6,4.6,18.9,56,0.7818181818181819,2.614976536453748,1.7208567408802036,True,False,False,18.9
427761355,8.75127,9918.0,1.82240998744965,5,782.48,0.6342,2854.0954,2.1,89.0,1.88,16.9,188,1.3,-1.0,11.2,6.1,1.0,18,"00427761355-01(3:1,ntoi=2);00427761355-02(3:1,ntoi=2);00427761355-02(3:1,ntoi=2);00427761355-01(3:1,ntoi=2);00427761355-02(3:1,ntoi=4);00427761355-04(3:1,ntoi=4);00427761355-01(3:1,ntoi=4);00427761355-03(3:1,ntoi=4);00427761355-01(3:1,ntoi=2);00427761355-02(3:1,ntoi=2);00427761355-01(3:1,ntoi=2);00427761355-02(3:2,ntoi=2);00427761355-01(3:1,ntoi=2);00427761355-02(3:1,ntoi=2);00427761355-01(3:1,ntoi=2);00427761355-02(3:1,ntoi=2);00427761355-01(3:1,ntoi=2);00427761355-02(3:1,ntoi=2)",True,1518.01(3:1),1,1,"TOI1518.01:P=1.903,d=9.8mmag,CP",True,1518.01,"TOI-1518 b(P=1.903,Transit,3:1)",False,250.9,True,131,187,68.0,7.18,19.5,5.9,18.9,67,0.7005347593582888,2.4101704889117705,0.8713076563094849,True,False,False,18.9
459850897,10.2726,8405.0,1.7878899574279783,6,1792.43,0.65292,2307.6475,0.62,1679.0,7.99,48.8,194,4.0,-43.3,31.7,6.7,1.0,11,,False,,1,1,"TOI3503.01:P=1.188,d=3.04mmag,FP",True,,,False,2483.9,False,174,192,1834.0,3.14,19.3,1.4,18.9,56,0.90625,2.4028249968546187,0.2580296113165135,False,False,False,18.9
148914726,10.1313,4927.9,0.78,7,1683.92,1.36219,1684.1158,6.3,177.0,1.13,21.0,123,0.7,19.2,16.0,4.3,0.5,14,,False,,1,1,"TOI1179.01:P=1.262,d=3.09mmag,APC",True,,,False,628.9,False,91,122,166.0,6.76,19.8,6.6,18.9,49,0.7459016393442623,1.7661080025456286,3.567165762750251,False,False,False,18.9
466113537,8.9718,7119.5,1.98082995414734,5,1085.33,0.60064,3014.6864,0.5,1069.0,7.06,74.4,182,3.1,58.1,55.6,7.1,1.0,9,,False,,1,1,"TOI1954.01:P=4.906,d=1.85mmag,PC",False,,,False,1561.8,False,158,182,1144.0,3.61,19.5,1.9,18.8,65,0.8681318681318682,2.5021375138215496,0.19982914497626592,False,False,False,18.8
367366318,8.14847,6767.9,1.77,8,1846.53,1.23813,1817.3968,7.2,53.0,1.4,18.6,143,0.9,8.5,12.3,4.4,2.0,14,,False,,1,1,"TOI1682.01:P=2.735,d=10mmag,KP",True,,,False,219.5,False,109,143,47.0,6.56,19.6,6.0,18.8,56,0.7622377622377622,2.9542407689390555,2.4371744089719902,False,False,False,18.8
238164799,8.4592,6688.0,1.5731899738311768,10,2278.46,13.13676,1471.7712,6.3,169.0,2.23,21.0,19,3.1,-3.5,14.2,5.4,1.0,4,"00238164799-02(1:1,ntoi=2)",True,,1,1,"TOI4362.01:P=7.548,d=0.26mmag,PC",False,,,False,236.8,False,19,19,156.0,2.79,19.9,5.8,18.7,17,1.0,6.001021221115244,1.0498213167173558,False,False,False,18.7
317507345,9.68708,7170.0,1.51,7,1688.66,0.79328,1790.9914,1.58,388.0,3.25,40.5,187,0.9,-33.9,32.7,5.8,1.0,14,,False,1615.01(5:1),1,1,"TOI1615.01:P=3.94,d=14.6mmag,FP",True,1615.01,,False,727.4,True,143,186,304.0,5.84,19.0,4.9,18.5,77,0.7688172043010753,2.290876939710518,0.6896922189978714,True,False,False,18.5
341815767,8.98018,6610.0,1.47,30,1979.26,4.73802,1687.832,6.3,72.0,1.36,18.0,144,4.9,-1.4,21.5,4.9,1.0,0,,False,,1,1,"TOI1819.01:P=3.094,d=0.163mmag,FA",True,,,False,350.2,False,100,144,117.0,6.11,19.5,11.6,18.5,68,0.6944444444444444,4.082743979524663,1.5430798579570701,False,False,False,18.5
391903064,8.7843,6365.0,1.02,43,2720.31,104.18536,1349.329,6.3,1528.0,4.35,123.9,11,60.0,-1.5,166.2,4.6,2.0,31,,False,,2,2,"TOI3353.01:P=4.666,d=0.558mmag,CP;TOI3353.02:P=8.818,d=0.807mmag,PC",False,,,False,934.3,False,10,11,762.0,11.51,40.1,273.1,18.5,9,0.9090909090909091,8.964869543501297,0.7027430761183712,False,False,False,18.5
247906954,9.02342,6710.0,1.55,2,49.82,0.93168,3236.1717,6.3,146.0,2.04,17.8,46,0.3,-2.0,18.4,6.6,1.0,0,,False,,1,1,"TOI5125.01:P=5.91,d=0.472mmag,PC",False,,,False,330.3,False,38,46,167.0,2.61,19.6,10.4,18.4,32,0.8260869565217391,2.4595275053919345,2.561467593344142,False,False,False,18.4
410214986,7.8541,5414.0,0.951985001564026,10,2879.02,67.04426,1382.462,6.3,2948.0,5.64,197.4,4,113.8,-16.1,246.4,3.2,2.0,39,,False,,1,1,"TOI200.01:P=8.138,d=4.88mmag,CP",True,,,False,1204.5,False,4,4,2121.0,3.02,26.7,42.9,18.4,4,1.0,7.391777720786154,0.8522983560888195,False,False,False,18.4
384984325,10.3622,5416.1,0.95,3,1845.11,17.03801,1806.6068,4.5,7105.0,8.74,81.1,3,27.9,13.8,79.9,2.7,2.0,3,"00384984325-01(1:2,ntoi=1)",True,6109.01(1:2);6109.02(1:3),2,2,"TOI6109.01:P=8.539,d=1.88mmag,CP;TOI6109.02:P=5.695,d=1.6mmag,CP",False,6109.01;6109.02,"TOI-6109 c(P=8.539,Transit,1:2);TOI-6109 b(P=5.69,Transit,1:3)",False,1510.6,True,2,3,5952.0,1.57,32.4,130.6,18.2,2,0.6666666666666666,4.675524321502786,0.9624589009845274,True,False,False,18.2
198457103,8.07023,7269.0,1.93752002716064,42,1979.2,2.36029,1685.3559,3.0,51.0,1.51,18.4,315,0.7,-2.2,18.9,6.8,1.0,19,,False,1488.01(1:5),1,1,"TOI1488.01:P=0.4721,d=0.0491mmag,FA",True,1488.01,,False,206.7,True,202,293,53.0,10.7,19.0,4.8,18.1,91,0.689419795221843,3.8906982503867167,0.7710698201028091,True,False,False,18.1
276360911,9.62426,7184.0,1.88,3,216.4,0.50358,3368.2806,1.5,467.0,4.43,32.5,125,2.1,33.6,25.3,5.0,1.0,0,,False,,1,1,"TOI1382.01:P=0.4448,d=1.75mmag,FA",True,,,False,1113.4,False,103,122,572.0,4.51,18.7,3.1,18.0,44,0.8442622950819673,2.278608350903475,0.6582965428899817,False,False,False,18.0
148914726,10.1313,4927.9,0.78,7,1683.92,2.72447,1685.4658,4.5,201.0,1.21,15.3,61,1.3,13.1,13.5,3.1,0.5,14,,False,,1,1,"TOI1179.01:P=1.262,d=3.09mmag,APC",True,,,False,628.9,False,53,60,224.0,5.33,18.8,5.0,17.6,27,0.8833333333333333,2.2251811512375617,2.022307261364887,False,False,False,17.6
253434221,10.0865,4979.2,1.909690022468567,6,1791.26,67.88866,2376.116,4.5,4957.0,14.67,47.4,2,26.6,-0.6,44.9,6.8,2.0,5,,False,,1,1,"TOI4338.01:P=7.5,d=3.29mmag,APC",True,,,False,849.6,False,2,2,7648.0,1.5,45.3,544.4,17.5,2,1.0,11.80635829553161,0.3811505535710474,False,False,False,17.5
317507345,9.68708,7170.0,1.51,7,1688.66,0.95194,1790.9914,1.58,409.0,3.33,38.5,149,0.7,37.9,31.4,5.5,1.0,14,,False,,1,1,"TOI1615.01:P=3.94,d=14.6mmag,FP",True,,,False,727.4,False,117,148,349.0,5.35,17.9,5.6,17.4,66,0.7905405405405406,2.434423420702507,0.6490243178584176,False,False,False,17.4
103195323,10.1041,7437.0,1.95,8,1678.99,0.68502,1984.285,0.5,1171.0,7.28,52.5,192,2.0,25.9,34.5,8.8,1.0,17,"00103195323-02(1:3,ntoi=2);00103195323-04(1:1,ntoi=4);00103195323-03(1:3,ntoi=4);00103195323-02(1:3,ntoi=4)",True,,1,2,"TOI2143.01:P=5.59,d=4.18mmag,PC",True,,,False,1991.8,False,181,191,1432.0,3.28,17.7,1.3,17.3,45,0.9476439790575916,2.587016023976759,0.19327286548128927,False,False,False,17.3
20897611,10.459,5503.0,1.06,3,2202.33,18.12699,2102.4394,4.2,5970.0,8.94,56.9,3,21.9,-10.1,30.5,3.1,2.0,4,,False,,1,1,"TOI2383.01:P=3.135,d=9.39mmag,APC",True,,,False,2139.1,False,3,3,6703.0,1.85,23.7,43.0,17.2,3,1.0,5.134767329019127,0.8179533230773105,False,False,False,17.2
317507345,9.68708,7170.0,1.51,7,1688.66,1.11057,1791.0101,1.58,413.0,3.35,36.9,133,5.2,-31.0,27.9,4.6,1.0,14,,False,,1,1,"TOI1615.01:P=3.94,d=14.6mmag,FP",True,,,False,727.4,False,110,133,381.0,4.15,18.4,5.7,17.1,66,0.8270676691729323,2.5627617777661933,0.6165223836673543,False,False,False,17.1
189013224,9.59689,5731.0,0.989260017871857,4,2852.57,25.09915,1457.7404,3.15,1666.0,4.41,31.6,4,5.7,2.4,26.8,2.6,2.0,1,,False,,2,2,"TOI426.01:P=1.321,d=0.51mmag,CP",False,,,False,760.5,False,4,4,1606.0,2.36,27.1,114.1,17.0,4,1.0,5.465563402505453,0.5763358263406143,False,False,False,17.0
131081852,9.957501,6072.0,1.2612600326538086,4,2553.72,0.53439,1571.9638,6.3,74.0,1.18,9.2,158,0.4,-0.6,10.7,3.7,1.0,9,,False,,1,1,"TOI758.01:P=13.27,d=23.2mmag,FP",True,,,False,468.3,False,102,158,52.0,16.88,18.0,11.3,17.0,51,0.6455696202531646,1.7811376781194153,3.537065145155848,False,False,False,17.0
134404603,9.836,5759.0,1.19,6,1517.75,36.19178,2249.0287,4.2,1283.0,4.65,28.2,5,6.0,-0.6,25.6,3.8,2.0,16,,False,,1,1,"TOI609.01:P=4.97,d=13.8mmag,APC",True,,,False,660.1,False,5,5,831.0,3.52,24.0,99.9,16.9,4,1.0,6.984086067719237,0.6013671594645134,False,False,False,16.9
1400770435,8.88797,5941.5,1.4,12,351.57,27.48824,1694.5115,1.58,603.0,3.75,17.0,7,1.1,11.9,12.3,9.5,0.5,22,"01400770435-01(1:2,ntoi=1);01400770435-01(1:2,ntoi=1);01400770435-01(1:2,ntoi=2);01400770435-02(1:2,ntoi=2);01400770435-01(1:2,ntoi=2);01400770435-02(1:2,ntoi=2);01400770435-01(1:2,ntoi=2);01400770435-02(1:2,ntoi=2);01400770435-01(1:2,ntoi=1);01400770435-01(1:2,ntoi=1);01400770435-01(1:2,ntoi=1);01400770435-01(1:2,ntoi=1);01400770435-01(1:2,ntoi=2);01400770435-02(1:2,ntoi=2);01400770435-01(1:2,ntoi=2);01400770435-02(1:2,ntoi=2);01400770435-01(1:2,ntoi=2);01400770435-02(1:2,ntoi=2);01400770435-01(1:2,ntoi=1);01400770435-01(1:2,ntoi=1);01400770435-01(1:2,ntoi=1)",True,1140.01(1:2);1344.01(1:2),2,2,"TOI1344.01:P=13.74,d=5.49mmag,FP",True,1344.01,,True,400.8,True,7,7,657.0,2.32,18.6,4.2,16.9,7,1.0,7.101377979891135,0.22249202964186138,True,False,False,16.9
27491137,8.3745,5149.6,0.77,4,1684.69,0.51956,1738.9825,7.2,262.0,1.36,57.6,117,8.4,0.0,124.5,2.6,1.0,8,,False,,3,3,"TOI2076.01:P=10.36,d=1mmag,CP;TOI2076.02:P=35.13,d=2.25mmag,CP;TOI2076.03:P=21.02,d=2.25mmag,CP",False,,,False,1067.6,False,54,86,55.0,79.76,18.5,57.8,16.7,35,0.627906976744186,1.2698351568503847,5.670027295399826,False,False,False,16.7
441546821,7.7897,6613.0,1.4926999807357793,6,1791.4,6.82532,2339.3659,3.6,136.0,1.9,17.1,21,1.3,-2.2,15.1,3.0,1.0,2,,False,,2,4,"TOI6697.01:P=0,d=2.86mmag,CP;TOI6697.02:P=0,d=6.88mmag,CP",True,,,True,210.6,False,20,21,169.0,2.26,18.5,4.9,16.7,17,0.9523809523809523,4.658337869598299,0.7728078342051299,False,False,False,16.7
123898871,9.84786,7210.5,1.7,4,2088.68,1.6484,2202.1586,6.3,384.0,3.63,39.7,66,5.2,-25.9,48.8,3.1,1.0,6,"00123898871-01(3:1,ntoi=2);00123898871-01(3:1,ntoi=1);00123898871-01(3:1,ntoi=1);00123898871-01(3:1,ntoi=1);00123898871-01(3:1,ntoi=1)",True,630.01(3:1),1,1,"TOI630.01:P=4.909,d=14.3mmag,APC",True,630.01,,False,799.9,True,50,66,348.0,3.53,17.6,9.1,16.6,41,0.7575757575757576,3.163698657561385,1.9913400996465673,True,False,False,16.6
207141131,8.1796,5058.0,0.8026329874992371,6,2633.97,46.38928,1356.1921,6.0,404.0,1.76,26.6,4,3.7,0.7,27.2,3.6,2.0,9,,False,,1,1,"TOI179.01:P=4.137,d=1.1mmag,CP",False,,,False,299.0,False,4,4,488.0,1.26,21.7,15.4,16.6,4,1.0,5.8347937345082705,1.028313985550965,False,False,False,16.6
411731278,8.239,8044.0,1.89253997802734,7,2549.86,0.57511,1601.5076,0.5,2368.0,10.05,342.2,270,12.7,279.1,284.4,9.3,1.0,6,,False,,1,1,"TOI6706.01:P=7.576,d=3.98mmag,PC",True,,,False,3330.7,False,213,266,2781.0,3.52,17.0,3.9,16.6,112,0.8007518796992481,2.392334896507686,0.20900083877466177,False,False,False,16.6
459850897,10.2726,8405.0,1.7878899574279783,6,1792.43,0.72547,2307.5043,0.75,1554.0,7.69,46.9,177,1.7,47.2,30.1,6.2,1.0,11,,False,,1,1,"TOI3503.01:P=1.188,d=3.04mmag,FP",True,,,False,2483.9,True,150,175,1527.0,3.85,17.3,1.6,16.5,51,0.8571428571428571,2.4887157904403683,0.30136024486238766,True,False,False,16.5
302814895,9.96017,6521.0,1.86,2,220.11,0.51879,3313.3067,7.2,104.0,2.07,7.6,84,0.4,0.0,8.0,4.6,1.0,0,,False,,1,1,"TOI5784.01:P=8.68,d=0.945mmag,FP",True,,,False,529.8,False,50,69,162.0,4.23,17.4,8.7,16.4,33,0.7246376811594203,2.2849715070035646,3.1510239746673427,False,False,False,16.4
453668803,9.5687,5904.0,1.71105003356934,5,1082.37,0.86534,3069.5257,7.2,89.0,1.76,12.8,126,0.3,-4.3,14.0,7.5,1.0,5,,False,,1,1,"TOI6564.01:P=3.985,d=9.6mmag,PC",True,,,False,409.1,False,87,126,80.0,7.26,17.2,5.7,16.4,49,0.6904761904761905,2.5631795327330615,2.80901119412529,False,False,False,16.4
22529346,10.056,6459.0,1.52,6,2226.08,3.18454,1492.6539,2.4,415.0,3.38,14.7,22,4.9,-1.1,12.0,3.3,0.5,12,,False,495.01(2:5),1,1,"TOI495.01:P=1.275,d=20.5mmag,KP",True,495.01,"WASP-121 b(P=1.275,Transit,2:5)",False,536.6,True,22,22,472.0,2.93,17.6,4.3,16.4,18,1.0,3.656954768540889,0.6562837529865295,True,False,False,16.4
288185138,10.402,6105.0,1.24,6,378.11,0.83554,2391.0226,7.2,94.0,1.31,11.3,176,2.8,-4.2,8.6,7.5,1.0,12,"00288185138-01(1:1,ntoi=2);00288185138-02(2:1,ntoi=2);00288185138-01(1:1,ntoi=2);00288185138-02(2:1,ntoi=2);00288185138-01(1:1,ntoi=2);00288185138-02(2:1,ntoi=2);00288185138-01(1:1,ntoi=1);00288185138-01(1:1,ntoi=1);00288185138-01(1:1,ntoi=1);00288185138-01(1:1,ntoi=1);00288185138-01(1:1,ntoi=1);00288185138-01(1:1,ntoi=1)",True,1200.01(1:1),1,1,"TOI1200.01:P=0.8352,d=2.24mmag,FP",True,1200.01,,False,546.7,True,147,176,99.0,4.38,16.7,2.0,16.4,44,0.8352272727272727,2.0439887418313907,3.522524294115672,True,False,False,16.4
347332255,7.6621,5297.0,0.782479,2,733.91,18.83545,1936.0189,4.2,588.0,2.07,16.0,2,1.8,1.4,15.9,3.1,2.0,4,,False,,2,4,"TOI1835.01:P=5.642,d=0.591mmag,PC;TOI1835.02:P=0,d=0.963mmag,PC",False,,"HD 110067 e(P=30.79,Transit,5:3)",False,206.6,True,1,1,709.0,1.0,,,,0,1.0,4.247976329270538,0.9887060742452921,True,False,False,16.0
189013222,10.2892,5136.1,0.84,3,2116.21,20.22517,2185.6274,3.0,3452.0,5.38,32.0,4,1.0,-4.2,34.1,3.3,2.0,0,,False,,2,2,"TOI949.01:P=1.323,d=0.782mmag,FP",True,,,False,1598.5,False,3,4,3612.0,1.94,30.5,91.5,16.0,3,0.75,4.5606339054323355,0.657803292745465,False,False,False,16.0
453668803,9.5687,5904.0,1.71105003356934,5,1082.37,0.6477,3069.3382,7.2,73.0,1.59,11.0,170,1.8,-1.5,10.9,5.2,1.0,5,,False,,1,1,"TOI6564.01:P=3.985,d=9.6mmag,PC",True,,,False,409.1,False,116,167,70.0,6.37,16.7,6.7,15.7,59,0.6946107784431138,2.3272412125568733,3.0937918945194194,False,False,False,15.7
367366318,8.14847,6767.9,1.77,8,1846.53,1.38244,1817.0968,7.2,49.0,1.36,16.8,125,0.2,-3.3,14.6,4.6,1.0,14,,False,,1,1,"TOI1682.01:P=2.735,d=10mmag,KP",True,,"KELT-7 b(P=2.735,Transit,2:1)",False,219.5,True,89,125,45.0,8.7,16.6,5.5,15.7,50,0.712,3.0648265559695536,2.349235713184523,True,False,False,15.7
229510866,10.079,6122.0,1.93,32,1706.77,1.05159,1956.7875,4.2,79.0,1.87,14.0,345,0.0,2.3,7.3,6.0,2.0,44,"00229510866-01(2:1,ntoi=1);00229510866-01(2:1,ntoi=1);00229510866-01(2:1,ntoi=1);00229510866-01(2:1,ntoi=1);00229510866-01(2:1,ntoi=3);00229510866-03(2:1,ntoi=3);00229510866-01(2:1,ntoi=2);00229510866-02(2:1,ntoi=2);00229510866-01(2:1,ntoi=3);00229510866-02(2:1,ntoi=3);00229510866-01(2:1,ntoi=1);00229510866-01(2:1,ntoi=1);00229510866-01(2:1,ntoi=1);00229510866-01(2:1,ntoi=1);00229510866-01(2:1,ntoi=1);00229510866-01(2:1,ntoi=1);00229510866-01(2:1,ntoi=1);00229510866-01(2:1,ntoi=1);00229510866-01(2:1,ntoi=1);00229510866-01(2:1,ntoi=1);00229510866-01(2:1,ntoi=1);00229510866-01(2:1,ntoi=1);00229510866-01(2:1,ntoi=1);00229510866-01(2:1,ntoi=1);00229510866-01(2:1,ntoi=1);00229510866-01(2:1,ntoi=1);00229510866-01(2:1,ntoi=1);00229510866-01(2:1,ntoi=1);00229510866-01(2:1,ntoi=1);00229510866-01(2:1,ntoi=1);00229510866-01(2:1,ntoi=1);00229510866-01(2:1,ntoi=1);00229510866-01(2:1,ntoi=1);00229510866-01(2:1,ntoi=1);00229510866-01(2:1,ntoi=1);00229510866-01(2:1,ntoi=1);00229510866-01(2:1,ntoi=1);00229510866-01(2:1,ntoi=1);00229510866-01(2:1,ntoi=1);00229510866-01(2:1,ntoi=1);00229510866-01(2:1,ntoi=1);00229510866-01(2:1,ntoi=1)",True,1181.01(2:1),1,1,"TOI1181.01:P=2.103,d=7.78mmag,CP",True,1181.01,"TOI-1181 b(P=2.103,Transit,2:1)",False,483.1,True,261,344,75.0,6.83,15.9,1.5,15.6,59,0.7587209302325582,2.9638893249473446,1.4170569611517514,True,False,False,15.6
229510866,10.079,6122.0,1.93,32,1706.77,1.05159,1956.7875,4.2,79.0,1.87,14.0,345,0.0,2.3,10.3,9.5,0.5,44,"00229510866-01(2:1,ntoi=1);00229510866-01(2:1,ntoi=1);00229510866-01(2:1,ntoi=1);00229510866-01(2:1,ntoi=1);00229510866-01(2:1,ntoi=3);00229510866-03(2:1,ntoi=3);00229510866-01(2:1,ntoi=2);00229510866-02(2:1,ntoi=2);00229510866-01(2:1,ntoi=3);00229510866-02(2:1,ntoi=3);00229510866-01(2:1,ntoi=1);00229510866-01(2:1,ntoi=1);00229510866-01(2:1,ntoi=1);00229510866-01(2:1,ntoi=1);00229510866-01(2:1,ntoi=1);00229510866-01(2:1,ntoi=1);00229510866-01(2:1,ntoi=1);00229510866-01(2:1,ntoi=1);00229510866-01(2:1,ntoi=1);00229510866-01(2:1,ntoi=1);00229510866-01(2:1,ntoi=1);00229510866-01(2:1,ntoi=1);00229510866-01(2:1,ntoi=1);00229510866-01(2:1,ntoi=1);00229510866-01(2:1,ntoi=1);00229510866-01(2:1,ntoi=1);00229510866-01(2:1,ntoi=1);00229510866-01(2:1,ntoi=1);00229510866-01(2:1,ntoi=1);00229510866-01(2:1,ntoi=1);00229510866-01(2:1,ntoi=1);00229510866-01(2:1,ntoi=1);00229510866-01(2:1,ntoi=1);00229510866-01(2:1,ntoi=1);00229510866-01(2:1,ntoi=1);00229510866-01(2:1,ntoi=1);00229510866-01(2:1,ntoi=1);00229510866-01(2:1,ntoi=1);00229510866-01(2:1,ntoi=1);00229510866-01(2:1,ntoi=1);00229510866-01(2:1,ntoi=1);00229510866-01(2:1,ntoi=1)",True,1181.01(2:1),1,1,"TOI1181.01:P=2.103,d=7.78mmag,CP",True,1181.01,"TOI-1181 b(P=2.103,Transit,2:1)",False,483.1,True,261,344,75.0,6.87,15.8,1.5,15.6,58,0.7587209302325582,2.9638893249473446,1.4170569611517514,True,False,False,15.6
313671132,10.0778,5878.0,1.22,2,51.26,25.28599,4082.6631,4.2,2468.0,6.61,24.1,2,0.4,1.4,24.1,6.2,1.0,0,,False,,1,1,"TOI6559.01:P=733.4,d=3.26mmag,PC",True,,,False,766.4,False,2,2,2708.0,1.01,22.7,0.1,15.5,2,1.0,6.300980976485616,0.6665628757924862,False,False,False,15.5
219508169,10.408,5175.0,0.84,6,1523.67,25.3317,1975.2673,3.0,2133.0,4.23,15.5,2,0.0,-2.5,16.7,3.2,2.0,15,,False,2016.03(1:1),3,4,"TOI2016.01:P=6.816,d=1.5mmag,PC;TOI2016.02:P=2.459,d=1.28mmag,PC;TOI2016.03:P=25.34,d=1.44mmag,PC",False,2016.03,,False,910.5,True,1,1,2263.0,1.0,,,,0,1.0,4.916045910800259,0.6102465384648218,True,False,False,15.5
198457103,8.07023,7269.0,1.93752002716064,42,1979.2,1.41601,1684.0997,6.3,32.0,1.2,23.0,661,0.4,-13.9,22.1,8.5,1.0,19,"00198457103-01(1:3,ntoi=2);00198457103-02(1:3,ntoi=2);00198457103-01(1:3,ntoi=2);00198457103-02(1:3,ntoi=2);00198457103-01(1:3,ntoi=2);00198457103-02(1:3,ntoi=2);00198457103-01(1:3,ntoi=2);00198457103-02(1:3,ntoi=2);00198457103-01(1:3,ntoi=2);00198457103-02(1:3,ntoi=2);00198457103-02(1:3,ntoi=2);00198457103-01(1:3,ntoi=2);00198457103-01(1:3,ntoi=3);00198457103-02(1:3,ntoi=3);00198457103-03(1:3,ntoi=3);00198457103-01(1:3,ntoi=2);00198457103-02(1:3,ntoi=2);00198457103-01(1:3,ntoi=2);00198457103-02(1:3,ntoi=2)",True,1488.01(1:3),1,1,"TOI1488.01:P=0.4721,d=0.0491mmag,FA",True,1488.01,,False,206.7,True,443,658,22.0,15.17,15.8,2.5,15.5,121,0.6732522796352584,3.281415317351394,1.9199032706061319,True,False,False,15.5
208297760,9.3456,4846.0,0.76,4,1079.54,48.5104,3127.3683,2.25,1925.0,3.64,15.4,2,0.0,-0.3,14.7,4.7,2.0,6,,False,,1,1,"TOI4417.01:P=5.257,d=1.57mmag,PC",False,,,False,478.4,False,1,1,2334.0,1.0,,,,0,1.0,5.710782773067593,0.39399152260021864,False,False,False,15.4
267489265,9.2293,7851.0,1.86,3,1112.44,0.59378,1712.2418,4.8,108.0,2.11,14.5,113,2.0,-5.1,12.8,7.0,1.0,5,,False,,1,1,"TOI1132.01:P=1.55,d=0.446mmag,FP",True,,,False,402.9,False,89,110,120.0,3.97,15.8,3.4,15.3,37,0.8090909090909091,2.390151586262355,2.0082408277318056,False,False,False,15.3
17005768,9.9176,5766.0,1.1282000541687,3,1845.45,21.03528,1780.7342,3.0,868.0,3.63,16.7,4,3.3,3.7,14.7,3.0,2.0,10,,False,,1,1,"TOI1460.01:P=6.842,d=8.75mmag,FP",True,,,False,513.3,False,4,4,1276.0,1.23,19.0,23.0,15.2,4,1.0,5.624904291604163,0.5333424080615657,False,False,False,15.2
466113537,8.9718,7119.5,1.98082995414734,5,1085.33,0.6607,3015.0458,0.5,1000.0,6.83,65.8,163,10.7,-54.8,49.5,6.0,0.5,9,,False,,1,1,"TOI1954.01:P=4.906,d=1.85mmag,PC",False,,,False,1561.8,False,139,161,1232.0,3.1,15.6,1.9,15.2,46,0.8633540372670807,2.5829015892112883,0.19358073961798886,False,False,False,15.2
460205581,9.9322,6513.0,1.01,7,2203.96,52.88736,1599.7307,3.6,3595.0,6.61,49.3,2,0.0,0.3,50.6,3.2,2.0,12,,False,,1,1,"TOI837.01:P=8.325,d=4.94mmag,CP",True,,,False,952.0,False,2,2,3721.0,1.18,21.9,15.3,15.2,2,1.0,7.104603401814447,0.5067137173456572,False,False,False,15.2
20897611,10.459,5503.0,1.06,3,2202.33,15.75412,2102.4144,4.2,5453.0,8.54,56.2,3,4.7,-0.8,49.3,3.1,2.0,4,,False,2383.01(1:5),1,1,"TOI2383.01:P=3.135,d=9.39mmag,APC",True,2383.01,,False,2139.1,True,3,3,6207.0,1.28,21.8,6.5,15.1,3,1.0,4.900159922025811,0.8571148833574492,True,False,False,15.1
20897611,10.459,5503.0,1.06,3,2202.33,6.10012,2090.1707,4.5,2094.0,5.29,46.1,12,10.3,7.6,49.1,3.1,1.0,4,,False,,1,1,"TOI2383.01:P=3.135,d=9.39mmag,APC",True,,,False,2139.1,False,10,12,2572.0,4.01,17.9,35.2,15.1,8,0.8333333333333334,3.5715631245695696,1.259952531440228,False,False,False,15.1
453464017,10.248,6190.4,1.48,2,52.2,13.1735,2308.4089,6.3,1317.0,5.86,29.7,4,2.8,-9.4,29.8,2.6,1.0,4,,False,,1,1,"TOI1993.01:P=3.942,d=14mmag,FP",True,,,False,1086.0,False,4,4,1620.0,2.04,21.6,32.8,15.0,4,1.0,5.766998381758486,1.092422709867137,False,False,False,15.0
457939414,10.1574,5579.5,1.10456001758575,3,1492.77,12.97315,2294.2464,6.0,4284.0,7.89,52.8,3,9.0,9.0,49.9,3.0,2.0,6,,False,,1,1,"TOI1990.01:P=3.79,d=4.73mmag,FP",True,,,False,1199.6,False,3,3,4978.0,1.17,41.4,52.2,15.0,3,1.0,4.720807805679736,1.270968920357493,False,False,False,15.0
272625214,10.4641,6651.0,1.44,2,56.48,0.7973,2853.9334,6.3,208.0,2.27,12.0,66,1.3,-4.6,12.3,8.1,1.0,3,,False,,1,1,"TOI1613.01:P=5.247,d=1.28mmag,FP",True,,,False,689.5,False,53,66,211.0,3.64,15.9,5.0,14.9,33,0.803030303030303,2.223261479701333,2.8336747870278964,False,False,False,14.9
129979528,7.87611,7398.5,1.60241997241974,3,1844.95,1.57691,1792.0251,4.5,684.0,4.57,125.2,40,31.6,-77.4,98.2,2.9,1.0,5,,False,,1,2,"TOI1599.01:P=1.22,d=13.3mmag,KP",True,,,False,1328.7,False,33,39,663.0,3.44,15.9,5.6,14.8,21,0.8461538461538461,2.9968257797249747,1.5015887911952543,False,False,False,14.8
336740528,10.4209,5958.7,1.93,3,76.38,0.53128,3560.0645,6.0,94.0,2.04,8.1,131,0.0,-2.8,7.1,5.2,1.0,4,,False,,1,1,"TOI1352.01:P=5.296,d=5.55mmag,APC",True,,,False,550.4,False,92,128,113.0,5.51,15.4,5.0,14.7,49,0.71875,2.360592315967266,2.5417349533061855,False,False,False,14.7
411731278,8.239,8044.0,1.89253997802734,7,2549.86,0.5176,1601.5076,0.5,2209.0,9.71,338.6,302,11.3,-314.0,261.1,8.4,1.0,6,,False,,1,1,"TOI6706.01:P=7.576,d=3.98mmag,PC",True,,,False,3330.7,False,234,300,2248.0,4.36,15.0,3.2,14.7,98,0.78,2.309775434491356,0.21647126059685834,False,False,False,14.7
121490076,8.9988,4760.0,0.76,4,2198.28,20.06325,2081.2657,2.25,2504.0,4.15,43.5,2,0.0,-1.1,42.4,5.8,1.0,5,,False,,1,1,"TOI6726.01:P=14.25,d=1.18mmag,KP",False,,,False,445.5,False,2,2,2977.0,1.34,19.7,46.0,14.6,2,1.0,4.254851923573781,0.5288080620465296,False,False,False,14.6
105840719,9.5373,5432.0,0.8437020182609558,4,1468.48,11.14478,1985.682,4.2,1194.0,3.18,29.6,5,6.0,1.4,27.2,3.3,1.0,7,,False,,1,1,"TOI2123.01:P=10.31,d=2.31mmag,PC",False,,,False,548.2,False,5,5,896.0,2.88,23.2,166.7,14.6,3,1.0,3.749944608119418,1.1200165439527074,False,False,False,14.6
376645976,9.80675,5699.0,0.98,3,1463.44,13.7819,1941.0748,3.15,2482.0,5.33,37.4,2,12.9,5.2,39.9,3.9,2.0,3,,False,,1,2,"TOI5626.01:P=716.2,d=10.6mmag,PC",True,,,True,675.2,False,2,2,2786.0,1.33,23.3,67.8,14.5,2,1.0,4.44763059733241,0.7082422721638123,False,False,False,14.5
363260203,9.0211,9158.0,1.74,2,50.55,0.60187,2282.3896,4.5,135.0,2.21,14.5,73,1.4,-2.8,14.1,7.4,1.0,3,"00363260203-01(2:1,ntoi=1);00363260203-01(2:1,ntoi=1);00363260203-01(2:1,ntoi=1)",True,1037.01(2:1),1,1,"TOI1037.01:P=1.203,d=0.424mmag,FP",True,1037.01,,False,300.2,True,64,73,126.0,3.01,15.2,1.7,14.4,24,0.8767123287671232,2.2965471084712195,1.9594633976376776,True,False,False,14.4
411731278,8.239,8044.0,1.89253997802734,7,2549.86,0.63263,1601.6795,0.5,2267.0,9.83,313.1,243,13.0,-271.2,156.8,4.6,1.0,6,,False,,1,1,"TOI6706.01:P=7.576,d=3.98mmag,PC",True,,,False,3330.7,False,195,242,2429.0,4.02,15.3,3.3,14.4,82,0.8057851239669421,2.4695714542081775,0.20246427741460746,False,False,False,14.4
166053959,7.90653,6768.0,1.47,8,1683.14,0.86835,1711.6024,6.3,31.0,0.9,14.4,204,2.9,-7.4,13.7,3.7,1.0,1,,False,,1,1,"TOI5383.01:P=2.811,d=0.0977mmag,PC",False,,,False,194.8,False,127,204,40.0,6.06,14.9,9.9,14.4,82,0.6225490196078431,2.3190927599653812,2.716579564542319,False,False,False,14.4
208297760,9.3456,4846.0,0.76,4,1079.54,18.92507,3105.2058,3.15,1404.0,3.11,19.1,2,3.5,0.7,14.7,4.7,1.0,6,,False,,1,1,"TOI4417.01:P=5.257,d=1.57mmag,PC",False,,,False,478.4,False,2,2,1725.0,1.24,20.6,26.1,14.3,2,1.0,4.1728219453373026,0.7548848336363356,False,False,False,14.3
166053959,7.90653,6768.0,1.47,8,1683.14,1.75232,1712.2461,6.0,41.0,1.03,14.4,106,2.8,11.8,11.7,2.7,0.5,1,,False,,1,1,"TOI5383.01:P=2.811,d=0.0977mmag,PC",False,,,False,194.8,False,80,104,46.0,5.39,15.0,5.4,14.3,39,0.7692307692307693,2.930607498181163,2.0473570765528337,False,False,False,14.3
198457103,8.07023,7269.0,1.93752002716064,42,1979.2,1.88865,1685.0497,0.75,59.0,1.62,14.4,413,1.8,9.7,6.6,3.9,0.5,19,,False,1488.01(1:4),1,1,"TOI1488.01:P=0.4721,d=0.0491mmag,FA",True,1488.01,,False,206.7,True,270,383,58.0,6.82,14.8,1.8,14.2,66,0.7049608355091384,3.6120708074941055,0.2076371256188958,True,False,False,14.2
276360911,9.62426,7184.0,1.88,3,216.4,0.75648,3368.4931,2.1,429.0,4.25,29.4,90,1.7,-13.0,23.9,5.2,1.0,0,,False,,1,1,"TOI1382.01:P=0.4448,d=1.75mmag,FA",True,,,False,1113.4,False,73,89,460.0,4.13,14.8,2.7,14.1,32,0.8202247191011236,2.6096324479407746,0.8047110242122723,False,False,False,14.1
17005768,9.9176,5766.0,1.1282000541687,3,1845.45,12.51193,1775.553,2.1,1444.0,4.68,20.1,3,3.5,-1.7,19.5,4.8,1.0,10,"00017005768-02(1:1,ntoi=2)",True,,1,1,"TOI1460.01:P=6.842,d=8.75mmag,FP",True,,,False,513.3,False,3,3,1598.0,1.2,18.8,13.7,14.1,3,1.0,4.730501016944858,0.44392760776875634,False,False,False,14.1
9216075,8.7302,6971.2,1.57506000995636,4,2579.03,16.98774,1368.4206,4.8,948.0,5.29,37.5,3,3.8,0.3,37.7,3.0,2.0,2,,False,,1,1,"TOI6903.01:P=4.968,d=0.587mmag,APC",False,,,False,523.9,False,3,3,1044.0,1.07,18.7,4.2,14.1,3,1.0,6.543120210312577,0.7335949586307073,False,False,False,14.1
295599256,9.941,7860.0,1.91,4,102.81,0.59861,4074.8108,0.5,902.0,6.26,39.2,139,2.1,-32.9,38.6,7.9,1.0,4,,False,,1,1,"TOI1108.01:P=7.144,d=12.7mmag,FP",True,,,False,1682.7,False,132,139,1109.0,3.22,14.5,0.7,14.1,24,0.9496402877697842,2.439374772150571,0.2049705546307656,False,False,False,14.1
238164799,8.4592,6688.0,1.5731899738311768,10,2278.46,0.65471,1468.5087,6.3,24.0,0.84,10.0,340,0.1,-2.5,11.9,4.0,1.0,4,,False,,1,1,"TOI4362.01:P=7.548,d=0.26mmag,PC",False,,,False,236.8,False,189,339,24.0,21.18,14.8,16.7,14.1,133,0.5575221238938053,2.208405052618816,2.8527375412989593,False,False,False,14.1
441546821,7.7897,6613.0,1.4926999807357793,6,1791.4,0.75441,2334.1346,6.3,35.0,0.96,15.0,198,1.3,-0.8,15.0,3.0,1.0,2,,False,,2,4,"TOI6697.01:P=0,d=2.86mmag,CP;TOI6697.02:P=0,d=6.88mmag,CP",True,,,False,210.6,False,120,197,37.0,12.78,15.7,24.3,14.0,81,0.6091370558375635,2.235591540999251,2.8180460895750503,False,False,False,14.0
103195323,10.1041,7437.0,1.95,8,1678.99,0.54801,1984.0454,0.5,936.0,6.51,46.9,244,3.9,45.4,27.7,6.3,1.0,17,,False,,1,2,"TOI2143.01:P=5.59,d=4.18mmag,PC",True,,,False,1991.8,False,207,240,1182.0,3.75,14.4,1.2,14.0,35,0.8625,2.4015641732127477,0.208197642843378,False,False,False,14.0
203377303,8.7028,5860.0,1.21150994300842,3,1490.55,23.31416,2320.5188,2.4,812.0,3.77,13.9,2,0.0,0.3,11.4,3.5,2.0,8,,False,,1,1,"TOI3493.01:P=8.159,d=0.822mmag,PC",False,,,False,249.2,False,1,1,860.0,1.0,,,,0,1.0,6.104257892932408,0.3931681855674467,False,False,False,13.9
290348383,7.3661,4867.0,0.8,7,2520.2,12.83749,1662.8693,3.6,435.0,1.82,47.5,9,10.6,-1.0,66.0,3.3,1.0,7,"00290348383-01(1:2,ntoi=1);00290348383-01(1:2,ntoi=1);00290348383-01(1:2,ntoi=1);00290348383-01(1:2,ntoi=1);00290348383-01(1:2,ntoi=1);00290348383-01(1:2,ntoi=1);00290348383-01(1:1,ntoi=1)",True,1099.01(1:2);1113.01(1:2),2,2,"TOI1099.01:P=6.441,d=0.993mmag,CP",False,1099.01,"HD 207496 b(P=6.441,Transit,1:2)",False,262.4,True,6,9,31.0,67.09,27.2,326.5,13.9,3,0.6666666666666666,3.793979600605658,0.9488717333707615,True,False,False,13.9
313506357,9.5621,6023.1,1.39,2,1117.22,0.86364,1765.6218,7.2,133.0,1.75,12.0,51,1.6,-2.9,13.9,5.1,1.0,3,,False,,1,1,"TOI1383.01:P=1.533,d=1.36mmag,FP",True,,,False,429.1,False,36,50,195.0,2.84,14.6,9.6,13.8,30,0.72,2.230124336951059,3.228519540683353,False,False,False,13.8
9989136,8.5446,4645.0,0.693765997886658,3,1119.81,21.40267,1858.5733,3.6,2297.0,3.63,69.4,2,0.0,-1.8,55.8,3.7,2.0,3,,False,,1,2,"TOI5734.01:P=6.184,d=1.14mmag,CP",False,,,False,485.8,False,2,2,2508.0,1.22,33.4,39.2,13.8,2,1.0,4.091095520511207,0.8799598987486263,False,False,False,13.8
9989136,8.5446,4645.0,0.693765997886658,3,1119.81,25.98931,1858.5546,4.2,2107.0,3.47,68.8,2,0.0,-11.5,47.5,2.9,2.0,3,,False,,1,2,"TOI5734.01:P=6.184,d=1.14mmag,CP",False,,,False,485.8,False,2,2,2281.0,1.21,29.1,32.4,13.8,2,1.0,4.3646412321085695,0.9622784042598088,False,False,False,13.8
458856474,5.666,8719.5,1.0,6,1792.01,14.60448,2288.4366,4.8,1049.0,3.53,198.8,12,16.7,-73.0,210.0,3.1,1.0,8,,False,,1,1,"TOI1978.01:P=6.081,d=16.8mmag,FP",True,,,False,1194.0,False,11,12,1248.0,1.93,17.1,22.5,13.8,8,0.9166666666666666,4.595897420852057,1.0444097333900249,False,False,False,13.8
238164799,8.4592,6688.0,1.5731899738311768,10,2278.46,0.72346,1468.5087,4.5,33.0,0.99,12.6,302,0.0,-4.4,11.7,4.0,1.0,4,,False,,1,1,"TOI4362.01:P=7.548,d=0.26mmag,PC",False,,,False,236.8,False,178,300,30.0,17.79,14.7,10.5,13.8,102,0.5933333333333334,2.283147215326877,1.9709635759758652,False,False,False,13.8
352413427,8.297,5958.0,0.99,3,1845.45,0.5199,1765.265,6.3,38.0,0.66,9.5,125,2.4,0.0,7.6,3.5,1.0,5,,False,,1,1,"TOI1473.01:P=5.254,d=0.616mmag,CP",False,,,False,212.4,False,79,123,43.0,7.13,15.1,8.4,13.7,41,0.6422764227642277,1.5017755505109514,4.195034336426999,False,False,False,13.7
313506357,9.5621,6023.1,1.39,2,1117.22,0.86296,1765.6218,7.2,131.0,1.73,11.8,51,0.3,-3.3,9.0,2.2,1.0,3,,False,,1,1,"TOI1383.01:P=1.533,d=1.36mmag,FP",True,,,False,429.1,False,36,50,167.0,3.51,14.3,9.1,13.6,30,0.72,2.2295388759054373,3.229367326943788,False,False,False,13.6
129979528,7.87611,7398.5,1.60241997241974,3,1844.95,2.1086,1790.9689,4.8,762.0,4.83,124.9,31,31.3,118.1,84.5,2.3,0.5,5,,False,,1,2,"TOI1599.01:P=1.22,d=13.3mmag,KP",True,,,False,1328.7,False,28,30,742.0,3.29,26.5,14.7,13.6,18,0.9333333333333333,3.301595984256747,1.453842330463269,False,False,False,13.6
129979528,7.87611,7398.5,1.60241997241974,3,1844.95,3.66365,1792.0564,4.2,808.0,4.97,115.5,20,2.9,-42.0,87.9,2.4,2.0,5,"00129979528-01(1:3,ntoi=1);00129979528-01(1:3,ntoi=1);00129979528-01(1:3,ntoi=1);00129979528-01(1:3,ntoi=1);00129979528-01(1:3,ntoi=1)",True,1599.01(1:3);CTOI129979519.01(1:3),1,2,"TOI1599.01:P=1.22,d=13.3mmag,KP",True,1599.01,"WASP-33 b(P=1.22,Transit,1:3)",False,1328.7,True,19,20,1065.0,1.74,14.9,6.3,13.6,14,0.95,3.969147022590571,1.0581618609982244,True,False,False,13.6
103195323,10.1041,7437.0,1.95,8,1678.99,0.61652,1983.8371,0.5,920.0,6.45,44.2,222,0.5,41.4,27.6,6.3,1.0,17,,False,,1,2,"TOI2143.01:P=5.59,d=4.18mmag,PC",True,,,False,1991.8,False,195,220,1230.0,3.61,13.8,1.1,13.6,28,0.8863636363636364,2.4977392098581257,0.2001810269168976,False,False,False,13.6
79605791,9.5378,6238.0,1.96,2,757.21,0.85241,3098.3241,3.0,185.0,2.91,11.4,51,3.0,6.7,10.2,5.1,1.0,3,,False,,1,1,"TOI4416.01:P=9.331,d=6mmag,PC",True,,,False,461.5,False,47,51,244.0,3.48,13.8,2.6,13.5,30,0.9215686274509803,2.792084259292154,1.0744661412046914,False,False,False,13.5
75878355,7.7945,4406.0,0.77,8,1495.86,0.5188,2010.5022,6.0,21.0,0.38,11.6,390,2.9,-1.2,17.2,3.6,0.5,15,,False,,2,3,"TOI2134.01:P=9.229,d=1.75mmag,CP;TOI2134.02:P=95.85,d=6.51mmag,CP",True,,,False,173.5,False,221,387,14.0,25.58,14.2,9.3,13.5,117,0.5710594315245479,1.2692156931601086,4.727328879034837,False,False,False,13.5
73232401,10.2429,5567.0,0.9381189942359924,3,2553.69,20.43832,1572.7712,3.15,1610.0,4.11,13.4,2,0.9,-1.8,13.4,3.9,2.0,1,,False,,1,2,"TOI7851.01:P=11,d=1.74mmag,PC",False,,,False,525.8,False,1,1,1771.0,1.0,,,,0,1.0,4.926388355983144,0.6394136581161524,False,False,False,13.4
233541860,9.9592,4154.0,0.71,29,1952.48,0.53315,1683.8177,6.3,29.0,0.42,7.9,1211,0.4,-0.4,7.2,6.0,1.0,31,"00233541860-01(1:2,ntoi=1);00233541860-01(1:2,ntoi=1);00233541860-01(1:2,ntoi=1);00233541860-01(1:2,ntoi=1);00233541860-01(1:2,ntoi=1);00233541860-01(1:2,ntoi=1);00233541860-01(1:2,ntoi=1);00233541860-01(1:2,ntoi=1);00233541860-01(1:2,ntoi=1);00233541860-01(1:2,ntoi=1);00233541860-01(1:2,ntoi=1);00233541860-01(1:2,ntoi=1);00233541860-01(1:2,ntoi=1);00233541860-01(1:2,ntoi=1);00233541860-01(1:2,ntoi=1);00233541860-01(1:2,ntoi=1);00233541860-01(1:2,ntoi=1);00233541860-01(1:2,ntoi=1);00233541860-01(1:2,ntoi=1);00233541860-01(1:2,ntoi=1);00233541860-01(1:2,ntoi=1);00233541860-01(1:1,ntoi=1);00233541860-01(1:2,ntoi=1);00233541860-01(1:2,ntoi=1);00233541860-01(1:2,ntoi=1);00233541860-01(1:2,ntoi=1);00233541860-01(1:2,ntoi=1);00233541860-01(1:2,ntoi=1);00233541860-01(1:2,ntoi=1);00233541860-01(1:2,ntoi=1);00233541860-01(1:2,ntoi=1)",True,1486.01(1:2),1,1,"TOI1486.01:P=0.2666,d=0.25mmag,FP",True,1486.01,,False,451.6,True,661,1185,26.0,35.36,13.9,4.2,13.4,228,0.5578059071729958,1.2133804622305504,5.192106017941599,True,False,False,13.4
28294709,9.67952,6404.0,1.31,2,1871.15,0.51088,1765.1529,6.3,82.0,1.29,7.2,69,0.1,0.0,6.6,3.4,1.0,0,,False,,1,1,"TOI4607.01:P=5.511,d=0.565mmag,PC",False,,,False,418.6,False,48,69,76.0,6.63,14.3,7.7,13.3,28,0.6956521739130435,1.7995425703049777,3.5008896727196106,False,False,False,13.3
379931600,9.5967,4884.5,1.3,4,1142.31,0.98619,2391.1013,4.2,162.0,1.8,13.9,79,0.6,10.1,9.2,3.8,1.0,7,,False,,1,1,"TOI1158.01:P=2.926,d=7.32mmag,FP",True,,,False,513.0,True,60,79,178.0,5.05,14.0,4.7,13.3,33,0.759493670886076,2.229242908206036,1.8840477116869754,True,False,False,13.3
466113537,8.9718,7119.5,1.98082995414734,5,1085.33,0.8409,3015.0458,0.5,1082.0,7.11,63.4,129,2.4,51.1,49.6,6.1,1.0,9,,False,,1,1,"TOI1954.01:P=4.906,d=1.85mmag,PC",False,,,False,1561.8,False,106,126,1136.0,3.21,14.0,1.9,13.3,46,0.8412698412698413,2.799118006575388,0.1786276958761487,False,False,False,13.3
257605131,10.2666,5481.0,0.856226027011871,5,2879.58,2.02538,1412.9638,7.2,236.0,1.43,15.4,49,2.7,2.4,10.8,3.8,2.0,6,,False,CTOI257605131.03(3:2),3,5,"TOI451.01:P=16.36,d=2.26mmag,CP;TOI451.02:P=1.859,d=0.54mmag,CP;TOI451.03:P=9.191,d=1.02mmag,CP",False,,,False,675.1,True,37,49,148.0,25.44,14.9,24.2,13.3,22,0.7551020408163265,2.145043397951627,3.3565754459212895,True,False,False,13.3
125735470,9.08995,5626.5,1.55,3,759.01,49.32044,2513.487,3.0,1793.0,7.16,30.6,2,7.5,1.1,24.1,3.4,2.0,4,,False,,1,1,"TOI1606.01:P=4.713,d=2.11mmag,APC",False,,,False,459.8,False,2,2,1965.0,1.26,23.1,39.3,13.2,2,1.0,9.235032048825058,0.32484998255979847,False,False,False,13.2
9989136,8.5446,4645.0,0.693765997886658,3,1119.81,22.74015,1858.5796,4.2,2111.0,3.48,68.4,2,0.0,-4.8,49.6,3.1,2.0,3,,False,,1,2,"TOI5734.01:P=6.184,d=1.14mmag,CP",False,,,False,485.8,False,2,2,2177.0,1.23,26.8,33.9,13.1,2,1.0,4.174598790562548,1.0060847067495147,False,False,False,13.1
73232401,10.2429,5567.0,0.9381189942359924,3,2553.69,22.71449,1593.2087,3.15,1551.0,4.03,13.1,2,0.0,-1.5,13.4,3.9,2.0,1,,False,,1,2,"TOI7851.01:P=11,d=1.74mmag,PC",False,,,False,525.8,False,1,1,1775.0,1.0,,,,0,1.0,5.102870851818444,0.6172995734112054,False,False,False,13.1
383721338,10.4895,6490.0,1.46589994430542,6,1115.47,0.50375,2391.0441,6.3,67.0,1.31,7.6,283,1.9,0.0,7.8,5.5,1.0,7,,False,,1,2,"TOI4553.01:P=20.31,d=5.65mmag,PC",True,,,False,638.5,False,169,281,69.0,12.8,14.0,10.0,13.1,97,0.6014234875444839,1.9305580544418062,3.26330512853785,False,False,False,13.1
418301643,9.62005,6675.0,1.49,12,1897.93,0.75659,1765.393,6.0,39.0,1.01,9.3,356,0.1,-6.8,8.6,4.8,1.0,4,,False,,1,1,"TOI6247.01:P=24.09,d=0.566mmag,PC",False,,,False,390.8,False,207,354,41.0,14.05,13.6,5.8,13.1,101,0.5847457627118644,2.235043629419238,2.684511354062051,False,False,False,13.1
9989136,8.5446,4645.0,0.693765997886658,3,1119.81,24.25651,1858.5546,4.2,2060.0,3.44,67.7,2,0.0,2.2,49.7,3.1,2.0,3,,False,,1,2,"TOI5734.01:P=6.184,d=1.14mmag,CP",False,,"TOI-5734 b(P=6.184,Transit,1:4)",False,485.8,True,2,2,2221.0,1.24,28.5,41.4,13.0,2,1.0,4.26539975497056,0.9846673796765829,True,False,False,13.0
105840719,9.5373,5432.0,0.8437020182609558,4,1468.48,17.9403,1999.2882,3.6,1113.0,3.07,24.9,4,15.3,5.2,23.4,4.1,2.0,7,,False,,1,1,"TOI2123.01:P=10.31,d=2.31mmag,PC",False,,,False,548.2,False,4,4,1198.0,2.17,23.0,162.1,13.0,2,1.0,4.394851985856003,0.8191402148663748,False,False,False,13.0
466113537,8.9718,7119.5,1.98082995414734,5,1085.33,0.54057,3014.6265,0.62,875.0,6.39,70.9,203,8.0,-68.2,51.5,6.4,1.0,9,,False,,1,1,"TOI1954.01:P=4.906,d=1.85mmag,PC",False,,,False,1561.8,False,162,200,866.0,3.56,13.3,1.5,13.0,48,0.81,2.4157782705588104,0.2566460703600018,False,False,False,13.0
304142124,7.8436,5175.0,0.87,6,2502.69,0.52916,1571.1689,1.5,43.0,0.62,12.6,268,0.7,1.6,8.4,6.9,1.0,5,"00304142124-02(1:1,ntoi=2)",True,,1,2,"TOI1793.01:P=55.09,d=2.73mmag,CP",False,,,False,165.7,False,196,267,42.0,5.41,13.3,1.6,13.0,45,0.7340823970037453,1.385958198050376,1.082283724076272,False,False,False,13.0
154927364,10.249,5821.7,1.86,3,378.11,0.51735,2390.9661,4.5,161.0,2.58,15.4,147,2.2,-4.9,19.8,2.9,1.0,7,,False,,1,1,"TOI1647.01:P=6.974,d=10mmag,FP",True,,,False,657.5,False,93,147,106.0,22.42,14.1,16.9,12.9,49,0.6326530612244898,2.282855424059479,1.9712155016798618,False,False,False,12.9
208297760,9.3456,4846.0,0.76,4,1079.54,39.49033,3119.3433,3.15,1357.0,3.05,18.3,2,0.0,0.8,14.7,4.7,2.0,6,,False,,1,1,"TOI4417.01:P=5.257,d=1.57mmag,PC",False,,,False,478.4,False,2,2,1772.0,1.24,19.5,24.0,12.8,2,1.0,5.332296332427767,0.5907398620822375,False,False,False,12.8
138168780,9.88278,6724.0,1.42,9,1663.37,0.55784,1816.3634,6.3,41.0,1.0,7.6,380,0.9,-0.9,8.5,3.8,1.0,16,,False,,1,1,"TOI1651.01:P=3.765,d=16.1mmag,KP",True,,,False,489.2,False,218,376,34.0,25.89,13.3,8.6,12.6,104,0.5797872340425532,1.9554065893648498,3.221836335350772,False,False,False,12.6
347332255,7.6621,5297.0,0.782479,2,733.91,13.80991,1935.9939,3.0,557.0,2.01,20.9,3,4.1,3.6,18.1,3.9,2.0,4,,False,CTOI347332255.04(1:1),2,4,"TOI1835.01:P=5.642,d=0.591mmag,PC;TOI1835.02:P=0,d=0.963mmag,PC",False,,"HD 110067 b(P=9.114,Transit,2:3);HD 110067 c(P=13.67,Transit,1:1);HD 110067 d(P=20.52,Transit,3:2);HD 110067 f(P=41.06,Transit,3:1);HD 110067 g(P=54.77,Transit,4:1)",True,206.6,True,3,3,664.0,1.26,20.9,3.2,12.5,3,1.0,3.830484453391849,0.7831907521106202,True,False,False,12.5
360630575,8.7215,5876.0,0.9816074872016904,3,1765.53,12.38433,2340.3209,6.3,303.0,1.86,19.3,7,4.9,-4.3,18.7,3.4,1.0,5,,False,,2,2,"TOI1097.01:P=9.189,d=0.5mmag,CP;TOI1097.02:P=13.9,d=0.703mmag,CP",False,,"HD 109833 b(P=9.189,Transit,3:4)",False,321.8,True,7,7,274.0,2.9,16.7,21.5,12.5,7,1.0,4.296594559725907,1.4662775163970547,True,False,False,12.5
133505138,9.5115,6529.0,1.32,3,2529.6,2.01881,1545.8546,6.3,150.0,1.76,11.5,32,1.4,0.6,11.0,4.8,1.0,0,,False,4359.01(6:5),1,1,"TOI4359.01:P=2.436,d=0.38mmag,FP",True,4359.01,,False,433.0,True,28,32,185.0,4.61,13.2,3.8,12.5,19,0.875,2.859495367203351,2.2031859440155475,True,False,False,12.5
104024556,10.3182,7000.0,1.94,5,2579.78,24.70179,1580.6851,4.2,1327.0,7.71,23.2,4,7.6,-11.8,20.8,2.9,1.0,7,,False,,1,1,"TOI748.01:P=2.022,d=11mmag,KP",True,,,False,859.8,False,4,4,1601.0,1.83,20.3,25.8,12.5,4,1.0,8.517632975448686,0.49309473795197845,False,False,False,12.5
393911494,9.85649,5590.0,0.976212,6,1523.18,1.26653,1900.8049,6.3,103.0,1.08,11.0,75,0.9,8.0,7.0,4.3,0.5,9,"00393911494-01(1:2,ntoi=1);00393911494-01(1:2,ntoi=1);00393911494-01(1:2,ntoi=1);00393911494-01(1:2,ntoi=1);00393911494-01(1:2,ntoi=1);00393911494-01(1:2,ntoi=1);00393911494-01(1:2,ntoi=1);00393911494-01(1:2,ntoi=1);00393911494-01(1:2,ntoi=1)",True,2106.01(1:2),1,1,"TOI2106.01:P=0.6333,d=1.29mmag,FP",True,2106.01,,False,435.2,True,67,75,100.0,3.04,13.0,1.2,12.5,23,0.8933333333333333,2.0019023176808024,3.147006696759575,True,False,False,12.5
119700084,10.1188,5427.0,0.890109002590179,3,1845.51,3.05789,1741.0917,0.5,762.0,2.68,11.8,19,8.3,1.1,6.6,4.0,2.0,5,"00119700084-01(2:1,ntoi=1);00119700084-01(2:1,ntoi=1);00119700084-01(2:1,ntoi=1);00119700084-01(2:1,ntoi=1);00119700084-01(2:1,ntoi=1)",True,1413.01(2:1),1,1,"TOI1413.01:P=6.118,d=1.96mmag,PC",False,1413.01,,False,505.8,True,18,19,606.0,3.21,14.0,5.8,12.4,10,0.9473684210526315,2.525288741982919,0.19799716035932893,True,False,False,12.4
189013222,10.2892,5136.1,0.84,3,2116.21,17.80517,2185.6399,2.4,3794.0,5.64,33.4,4,18.6,-2.4,34.1,3.3,2.0,0,,False,,2,2,"TOI949.01:P=1.323,d=0.782mmag,FP",True,,,False,1598.5,False,3,4,4649.0,1.64,35.7,60.5,12.4,3,0.75,4.370956921405182,0.5490788500446818,False,False,False,12.4
379931600,9.5967,4884.5,1.3,4,1142.31,0.98361,2391.1263,4.2,154.0,1.76,13.7,81,1.1,9.2,9.1,3.1,0.5,7,"00379931600-01(3:1,ntoi=1);00379931600-01(3:1,ntoi=1);00379931600-01(3:1,ntoi=1);00379931600-01(3:1,ntoi=1);00379931600-01(3:1,ntoi=1);00379931600-01(3:1,ntoi=1);00379931600-01(3:1,ntoi=1)",True,1158.01(3:1),1,1,"TOI1158.01:P=2.926,d=7.32mmag,FP",True,1158.01,,False,513.0,True,59,81,132.0,8.04,13.1,4.5,12.4,33,0.7283950617283951,2.2272972150117534,1.885693553465803,True,False,False,12.4
99896567,6.8456,5865.0,1.01593005657196,6,1875.68,0.51357,1683.614,6.0,13.0,0.4,9.9,269,0.0,0.3,11.8,3.7,1.0,8,,False,,1,1,"TOI6074.01:P=12.13,d=0.186mmag,PC",False,,,False,131.4,False,164,268,14.0,13.12,13.2,8.3,12.4,83,0.6119402985074627,1.5216591519744918,3.9430643795717666,False,False,False,12.4
441546821,7.7897,6613.0,1.4926999807357793,6,1791.4,20.0366,2343.5659,7.2,146.0,1.97,17.1,8,1.9,1.8,16.3,3.5,1.0,2,,False,,2,4,"TOI6697.01:P=0,d=2.86mmag,CP;TOI6697.02:P=0,d=6.88mmag,CP",True,,,False,210.6,False,8,8,147.0,1.91,16.0,6.7,12.4,8,1.0,6.670084281424052,1.0794466300900791,False,False,False,12.4
118339710,10.3541,6118.81,1.56228995323181,4,1488.61,16.83847,2232.643,6.3,1039.0,5.5,23.2,5,12.2,1.9,16.6,2.4,2.0,4,,False,,1,2,"TOI6695.01:P=0,d=2.52mmag,PC",False,,,False,582.2,False,4,5,1109.0,1.89,21.5,98.5,12.3,4,0.8,6.488588957724172,0.9709352897905991,False,False,False,12.3
118339710,10.3541,6118.81,1.56228995323181,4,1488.61,16.83814,2232.6805,6.3,1008.0,5.41,23.1,5,12.6,1.9,17.0,2.5,2.0,4,,False,,1,2,"TOI6695.01:P=0,d=2.52mmag,PC",False,,,False,582.2,False,5,5,929.0,2.27,21.0,93.7,12.3,3,1.0,6.488546569701505,0.9709416326636338,False,False,False,12.3
134404603,9.836,5759.0,1.19,6,1517.75,46.23399,2263.4412,6.0,964.0,4.03,24.2,4,12.8,3.3,22.6,3.1,2.0,16,,False,,1,1,"TOI609.01:P=4.97,d=13.8mmag,APC",True,,,False,660.1,False,4,4,1003.0,2.13,22.1,67.5,12.2,4,1.0,7.57809525330318,0.7917556852277211,False,False,False,12.2
281979481,10.4929,5181.0,0.8072980046272278,9,1003.56,0.60301,1386.5949,1.12,128.0,1.0,8.6,287,1.1,7.5,8.7,7.6,1.0,14,"00281979481-02(1:2,ntoi=3);00281979481-03(1:2,ntoi=3);00281979481-02(1:2,ntoi=2)",True,,1,1,"TOI274.01:P=0.5418,d=0.584mmag,FP",True,,,False,585.8,False,193,276,152.0,7.61,12.5,1.9,12.2,43,0.6992753623188406,1.3772276021187329,0.8132279648454528,False,False,False,12.2
308919449,9.8146,5614.1,1.02,23,2607.75,79.45153,1392.5942,3.15,1088.0,3.67,26.2,6,4.0,1.5,32.0,6.7,2.0,7,,False,,1,1,"TOI1942.01:P=1.656,d=0.267mmag,FP",True,,,False,469.8,False,4,5,1188.0,2.01,19.2,101.7,12.2,4,0.8,8.190476403694353,0.38459301324391554,False,False,False,12.2
326386495,9.8496,4926.2,0.69,3,1106.71,13.12916,3108.3424,6.3,1197.0,2.6,17.3,4,7.6,-0.9,20.2,4.5,2.0,0,,False,,1,1,"TOI4424.01:P=17.74,d=0.956mmag,PC",False,,,False,569.6,True,3,3,1045.0,4.0,18.8,117.1,12.1,3,1.0,3.4635383561656545,1.818949106997758,True,False,False,12.1
125735470,9.08995,5626.5,1.55,3,759.01,25.51061,2513.487,4.2,1088.0,5.58,26.7,3,15.4,7.9,29.9,4.6,2.0,4,,False,,1,1,"TOI1606.01:P=4.713,d=2.11mmag,APC",False,,,False,459.8,False,3,3,1062.0,1.97,20.9,61.7,12.0,3,1.0,7.41315431427338,0.5665604440357147,False,False,False,12.0
26826078,10.2832,4604.0,0.68,5,785.11,34.36413,2531.7056,6.3,1745.0,3.1,22.1,2,0.5,-3.0,17.0,4.2,1.0,7,,False,,1,1,"TOI5096.01:P=2.875,d=26mmag,KP",True,,,False,695.3,False,2,2,1881.0,1.0,19.4,0.0,12.0,2,1.0,4.726968268264961,1.3327781449889915,False,False,False,12.0
32498058,8.83419,7607.0,1.56284999847412,6,2852.49,0.5387,1438.3866,0.5,589.0,4.14,64.1,274,0.6,43.7,43.7,7.2,1.0,2,,False,,1,1,"TOI4347.01:P=35.36,d=0.671mmag,PC",False,,,False,1267.4,False,215,274,631.0,3.89,12.2,1.0,12.0,24,0.7846715328467153,2.060323820381551,0.24268029862772011,False,False,False,12.0
375506058,7.79824,7400.0,1.94,9,1898.66,0.88342,1712.2146,1.8,38.0,1.3,12.5,240,0.8,1.6,8.0,5.1,1.0,19,"00375506058-01(3:1,ntoi=1);00375506058-01(3:1,ntoi=1);00375506058-02(3:1,ntoi=2);00375506058-01(3:1,ntoi=2);00375506058-01(3:1,ntoi=2);00375506058-02(3:1,ntoi=2);00375506058-02(3:2,ntoi=2);00375506058-01(3:1,ntoi=2);00375506058-01(3:1,ntoi=2);00375506058-02(3:2,ntoi=2);00375506058-01(3:1,ntoi=1);00375506058-01(3:1,ntoi=1);00375506058-01(3:1,ntoi=1);00375506058-01(3:1,ntoi=1);00375506058-01(3:1,ntoi=1);00375506058-01(3:1,ntoi=1);00375506058-01(3:1,ntoi=1);00375506058-01(3:1,ntoi=1);00375506058-01(3:1,ntoi=1)",True,1431.01(3:1),1,1,"TOI1431.01:P=2.65,d=7.02mmag,CP",True,1431.01,"TOI-1431 b(P=2.65,Transit,3:1)",False,168.5,True,168,240,34.0,7.39,12.5,2.6,12.0,53,0.7,2.8062855263519366,0.6414172695890752,True,False,False,12.0
26826078,10.2832,4604.0,0.68,5,785.11,65.60174,2531.7056,4.5,1898.0,3.23,21.9,2,0.7,-4.7,17.0,4.2,2.0,7,,False,,1,1,"TOI5096.01:P=2.875,d=26mmag,KP",True,,,False,695.3,False,2,2,2076.0,1.01,18.6,0.1,11.9,2,1.0,5.8638927976671384,0.767408299447469,False,False,False,11.9
125735470,9.08995,5626.5,1.55,3,759.01,38.93869,2513.462,3.0,1512.0,6.58,28.2,3,11.3,0.0,28.0,4.2,2.0,4,,False,,1,1,"TOI1606.01:P=4.713,d=2.11mmag,APC",False,,,False,459.8,False,3,3,1325.0,1.87,20.9,46.4,11.8,3,1.0,8.535386762571287,0.35147792167489894,False,False,False,11.8
27491137,8.3745,5149.6,0.77,4,1684.69,0.53253,1739.0575,7.2,263.0,1.36,58.1,119,7.9,0.0,131.7,3.0,1.0,8,,False,,3,3,"TOI2076.01:P=10.36,d=1mmag,CP;TOI2076.02:P=35.13,d=2.25mmag,CP;TOI2076.03:P=21.02,d=2.25mmag,CP",False,,,False,1067.6,False,72,113,54.0,90.3,16.8,91.9,11.8,49,0.6371681415929203,1.2803149117183485,5.623616451000064,False,False,False,11.8
312221462,10.3703,8158.9,1.58,6,838.27,73.05989,2546.392,3.0,1651.0,7.0,16.8,2,0.0,0.3,11.1,4.2,2.0,8,,False,,1,1,"TOI5133.01:P=30.44,d=1.63mmag,FP",True,,,False,682.8,False,2,2,1923.0,1.05,17.0,0.8,11.8,2,1.0,10.662835027985667,0.28135106584001374,False,False,False,11.8
166053959,7.90653,6768.0,1.47,8,1683.14,3.44605,1711.8836,4.5,50.0,1.13,11.2,48,1.3,4.5,11.4,2.6,0.5,1,,False,,1,1,"TOI5383.01:P=2.811,d=0.0977mmag,PC",False,,,True,194.8,True,36,48,73.0,3.93,12.6,6.8,11.8,25,0.75,3.671642390889613,1.2256095558668179,True,False,False,11.8
103195323,10.1041,7437.0,1.95,8,1678.99,0.58237,1984.1444,0.5,915.0,6.43,44.3,229,3.4,-31.7,26.0,6.3,1.0,17,,False,,1,2,"TOI2143.01:P=5.59,d=4.18mmag,PC",True,,,False,1991.8,False,201,226,1010.0,3.99,12.1,1.2,11.8,24,0.8893805309734514,2.4507425994323797,0.20401979388443559,False,False,False,11.8
459970307,9.3188,5704.0,0.93,41,1979.26,119.52529,1800.0371,3.0,902.0,3.05,31.9,7,21.5,-3.0,35.1,6.0,2.0,11,,False,,1,1,"TOI1154.01:P=21.75,d=0.716mmag,CP",False,,,False,448.1,False,6,7,569.0,4.96,14.4,51.0,11.8,4,0.8571428571428571,8.824366320785643,0.3399677541642341,False,False,False,11.8
295599256,9.941,7860.0,1.91,4,102.81,0.63379,4074.4947,0.5,1086.0,6.87,39.3,130,2.0,31.9,40.4,8.4,1.0,4,,False,,1,1,"TOI1108.01:P=7.144,d=12.7mmag,FP",True,,,False,1682.7,False,114,129,993.0,3.06,12.0,0.8,11.7,16,0.8837209302325582,2.486254981989571,0.2011056804800793,False,False,False,11.7
232967666,10.3874,5807.0,1.14,5,765.34,7.60005,1871.5398,1.05,930.0,3.79,15.6,15,11.7,1.4,11.1,5.3,2.0,9,"00232967666-01(2:1,ntoi=2);00232967666-02(2:1,ntoi=2);00232967666-01(2:1,ntoi=2);00232967666-02(2:1,ntoi=2);00232967666-01(2:1,ntoi=1);00232967666-01(1:1,ntoi=2);00232967666-02(2:1,ntoi=2)",True,1167.01(2:1),1,1,"TOI1167.01:P=15.2,d=2.14mmag,FP",True,1167.01,,False,561.4,True,13,15,554.0,3.92,13.6,11.9,11.7,7,0.8666666666666667,4.034134230918013,0.2602788950235453,True,False,False,11.7
32498058,8.83419,7607.0,1.56284999847412,6,2852.49,0.67329,1438.7043,0.5,640.0,4.31,63.1,222,1.9,-59.4,41.6,6.2,1.0,2,,False,,1,1,"TOI4347.01:P=35.36,d=0.671mmag,PC",False,,,False,1267.4,False,187,222,680.0,3.16,11.9,1.1,11.7,24,0.8423423423423423,2.219323166222993,0.22529391285133868,False,False,False,11.7
312221462,10.3703,8158.9,1.58,6,838.27,69.18749,2515.942,3.6,1495.0,6.67,15.9,2,1.1,0.8,12.8,4.8,2.0,8,,False,,1,1,"TOI5133.01:P=30.44,d=1.63mmag,FP",True,,,False,682.8,False,2,2,1757.0,1.07,16.7,1.2,11.7,2,1.0,10.471017300476335,0.34380613618470796,False,False,False,11.7
384984325,10.3622,5416.1,0.95,3,1845.11,25.04174,1801.6193,4.5,8304.0,9.44,81.5,2,15.1,-11.7,82.3,2.8,2.0,3,"00384984325-01(1:2,ntoi=2)",True,,2,2,"TOI6109.01:P=8.539,d=1.88mmag,CP;TOI6109.02:P=5.695,d=1.6mmag,CP",False,,,False,1510.6,False,2,2,7290.0,1.27,26.6,46.1,11.6,2,1.0,5.315925243195862,0.8465130328459363,False,False,False,11.6
308300731,10.4748,5250.0,0.87,3,1495.85,0.51974,2010.5542,6.3,139.0,1.12,8.1,105,0.2,0.0,8.2,3.1,1.0,4,,False,,1,1,"TOI5743.01:P=7.66,d=10.8mmag,PC",True,,,False,810.1,False,69,104,105.0,11.03,12.7,7.9,11.6,35,0.6634615384615384,1.3776847247269006,4.572889491279548,False,False,False,11.6
32498058,8.83419,7607.0,1.56284999847412,6,2852.49,0.51584,1438.5949,0.5,578.0,4.1,64.0,286,10.0,65.0,40.0,5.9,0.5,2,,False,,1,1,"TOI4347.01:P=35.36,d=0.671mmag,PC",False,,,False,1267.4,False,227,285,608.0,3.58,11.9,1.0,11.6,19,0.7964912280701755,2.0307579576909633,0.24621348797693052,False,False,False,11.6
362709886,9.550201,6203.0,1.8589099645614624,7,1815.49,1.28827,2362.9888,6.3,73.0,1.73,10.9,125,0.9,-3.3,9.7,4.3,1.0,13,,False,,1,1,"TOI4420.01:P=4.726,d=6.87mmag,FP",True,,,False,433.1,False,82,124,80.0,10.56,12.3,5.5,11.6,39,0.6612903225806451,3.0930207162335734,2.036843777649062,False,False,False,11.6
11111899,9.6996,7812.5,1.79,5,1139.0,1.23878,2421.2665,7.2,123.0,2.17,12.2,97,1.2,10.6,10.8,2.9,0.5,8,"00011111899-01(1:2,ntoi=1);00011111899-01(1:2,ntoi=1);00011111899-01(1:2,ntoi=1);00011111899-01(1:2,ntoi=1);00011111899-01(1:2,ntoi=1);00011111899-01(1:2,ntoi=1);00011111899-01(1:2,ntoi=1);00011111899-01(1:2,ntoi=1)",True,1313.01(1:2),1,1,"TOI1313.01:P=0.6193,d=2.01mmag,FP",True,1313.01,,False,526.8,True,74,97,115.0,6.16,11.9,2.8,11.5,35,0.7628865979381443,2.976974009432879,2.418563271693332,True,False,False,11.5
32498058,8.83419,7607.0,1.56284999847412,6,2852.49,0.56742,1438.4387,0.5,595.0,4.16,63.4,263,0.3,-58.8,38.3,5.5,1.0,2,,False,,1,1,"TOI4347.01:P=35.36,d=0.671mmag,PC",False,,,False,1267.4,False,202,261,589.0,4.27,11.7,1.1,11.5,24,0.7739463601532567,2.0963061331043185,0.23851478183655084,False,False,False,11.5
148479278,9.3777,7450.0,1.5294899940490725,7,2249.43,0.52353,1468.6343,4.5,60.0,1.29,10.7,310,0.4,-0.8,6.4,4.1,1.0,6,"00148479278-01(1:1,ntoi=1);00148479278-01(1:1,ntoi=1);00148479278-01(2:1,ntoi=2);00148479278-02(2:1,ntoi=2);00148479278-01(1:1,ntoi=2)",True,520.01(1:1),1,1,"TOI520.01:P=0.5236,d=0.09mmag,PC",False,520.01,,False,337.3,True,194,305,46.0,13.42,12.5,4.1,11.5,71,0.6360655737704918,2.0116538151352623,2.2369654093278584,True,False,False,11.5
362709886,9.550201,6203.0,1.8589099645614624,7,1815.49,23.62943,2365.5825,2.4,466.0,4.38,13.1,9,4.2,-0.4,10.6,3.6,2.0,13,,False,4420.01(1:5),1,1,"TOI4420.01:P=4.726,d=6.87mmag,FP",True,4420.01,,False,433.1,True,9,9,524.0,2.63,13.9,8.9,11.5,8,1.0,8.157021609043227,0.29422503887194024,True,False,False,11.5
328350926,8.300901,5624.7,1.44028997421265,2,758.75,15.18615,1421.3398,2.4,1814.0,6.69,50.7,3,11.1,3.3,42.7,3.6,2.0,3,,False,,1,1,"TOI392.01:P=0.8491,d=5.34mmag,APC",True,,,False,379.0,False,3,3,1958.0,1.22,20.7,33.1,11.4,3,1.0,5.938236373549031,0.4041604020160656,False,False,False,11.4
427765233,8.7622,5626.0,1.0,5,782.48,31.62332,2857.6174,3.15,679.0,2.84,15.5,2,1.6,-0.0,11.3,4.2,2.0,2,"00427765233-01(1:1,ntoi=1);00427765233-01(1:1,ntoi=1)",True,6973.01(1:1);CTOI427765233.01(1:1),1,2,"TOI6973.01:P=31.65,d=1.02mmag,PC",False,6973.01,,False,274.9,True,2,2,811.0,1.0,17.4,0.0,11.4,2,1.0,5.945806639149659,0.5297851395400403,True,False,False,11.4
447283466,7.9059,4634.0,0.68,6,2230.99,23.20778,1549.143,6.0,406.0,1.49,38.1,7,5.9,-3.1,46.6,3.5,2.0,9,,False,,1,1,"TOI1028.01:P=1.016,d=0.261mmag,FP",True,,,False,271.5,False,6,7,130.0,12.87,18.2,161.7,11.4,4,0.8571428571428571,4.147236181763169,1.4467466372867968,False,False,False,11.4
229510866,10.079,6122.0,1.93,32,1706.77,3.15483,1957.8156,3.15,107.0,2.18,9.7,110,0.0,0.3,7.3,5.4,0.5,44,"00229510866-01(2:3,ntoi=1);00229510866-01(2:3,ntoi=1);00229510866-01(2:3,ntoi=1);00229510866-01(2:3,ntoi=1);00229510866-01(2:3,ntoi=3);00229510866-03(2:3,ntoi=3);00229510866-01(2:3,ntoi=2);00229510866-02(2:3,ntoi=2);00229510866-01(2:3,ntoi=3);00229510866-02(2:3,ntoi=3);00229510866-01(2:3,ntoi=1);00229510866-01(2:3,ntoi=1);00229510866-01(2:3,ntoi=1);00229510866-01(2:3,ntoi=1);00229510866-01(2:3,ntoi=1);00229510866-01(2:3,ntoi=1);00229510866-01(2:3,ntoi=1);00229510866-01(2:3,ntoi=1);00229510866-01(2:3,ntoi=1);00229510866-01(2:3,ntoi=1);00229510866-01(2:3,ntoi=1);00229510866-01(2:3,ntoi=1);00229510866-01(2:3,ntoi=1);00229510866-01(2:3,ntoi=1);00229510866-01(2:3,ntoi=1);00229510866-01(2:3,ntoi=1);00229510866-01(2:3,ntoi=1);00229510866-01(2:3,ntoi=1);00229510866-01(2:3,ntoi=1);00229510866-01(2:3,ntoi=1);00229510866-01(2:3,ntoi=1);00229510866-01(2:3,ntoi=1);00229510866-01(2:3,ntoi=1);00229510866-01(2:3,ntoi=1);00229510866-01(2:3,ntoi=1);00229510866-01(2:3,ntoi=1);00229510866-01(2:3,ntoi=1);00229510866-01(2:3,ntoi=1);00229510866-01(2:3,ntoi=1);00229510866-01(2:3,ntoi=1);00229510866-01(2:3,ntoi=1);00229510866-01(2:3,ntoi=1)",True,1181.01(2:3),1,1,"TOI1181.01:P=2.103,d=7.78mmag,CP",True,1181.01,"TOI-1181 b(P=2.103,Transit,2:3)",False,483.1,True,81,109,130.0,4.19,11.7,1.9,11.4,30,0.7431192660550459,4.27469520488539,0.7368946437163478,True,False,False,11.4
189013222,10.2892,5136.1,0.84,3,2116.21,16.53338,2185.6399,2.4,4642.0,6.24,37.8,4,14.3,-2.5,34.1,3.3,2.0,0,,False,,2,2,"TOI949.01:P=1.323,d=0.782mmag,FP",True,,,False,1598.5,False,4,4,4649.0,1.64,34.1,98.2,11.3,3,1.0,4.264306057227462,0.5628113854380368,False,False,False,11.3
467158766,10.3463,5610.2,0.9613540172576904,3,1496.85,20.72547,1847.8533,3.0,2084.0,4.79,23.1,2,8.7,-0.0,19.8,2.9,2.0,2,,False,,1,1,"TOI5714.01:P=7.778,d=0.826mmag,PC",False,,,False,596.3,False,2,2,2243.0,1.3,19.0,34.3,11.3,2,1.0,5.030741325264947,0.5963335830712788,False,False,False,11.3
189013224,9.59689,5731.0,0.989260017871857,4,2852.57,25.8141,1451.3373,3.6,2393.0,5.28,34.9,2,0.0,0.3,32.5,3.6,2.0,1,,False,,2,2,"TOI426.01:P=1.321,d=0.51mmag,CP",False,,,False,760.5,False,2,2,2470.0,1.28,28.4,50.7,11.3,2,1.0,5.516973882431988,0.6525316372193973,False,False,False,11.3
245947683,10.2098,6706.0,1.51,4,785.04,16.00571,2480.5101,3.15,2641.0,8.47,26.3,3,6.6,-2.7,27.0,4.7,1.0,0,,False,,1,1,"TOI950.01:P=1.143,d=2.47mmag,FA",True,,,False,967.8,False,3,3,2188.0,1.52,17.7,11.0,11.3,3,1.0,6.236648104208574,0.5050790019520802,False,False,False,11.3
303523128,9.7119,4595.0,0.68,5,811.52,39.04084,2453.883,3.15,1838.0,3.18,28.0,2,3.4,-1.7,28.6,5.6,2.0,4,"00303523128-01(1:1,ntoi=1);00303523128-01(1:1,ntoi=1)",True,,1,1,"TOI5078.01:P=1.511,d=0.443mmag,PC",False,,,False,479.9,False,2,2,2009.0,1.11,20.8,4.8,11.3,2,1.0,4.932350761121465,0.6386407116114724,False,False,False,11.3
129979528,7.87611,7398.5,1.60241997241974,3,1844.95,1.20155,1791.7814,4.2,532.0,4.03,111.3,53,0.4,-61.5,86.7,2.3,1.0,5,,False,,1,2,"TOI1599.01:P=1.22,d=13.3mmag,KP",True,,"WASP-33 b(P=1.22,Transit,1:1)",False,1328.7,True,39,53,422.0,5.74,12.5,8.4,11.2,24,0.7358490566037735,2.737199652364231,1.5344149252584804,True,False,False,11.2
70420766,10.2356,6223.0,1.23310005664825,4,2198.29,9.4089,2063.2255,2.4,570.0,3.21,10.9,9,3.5,-0.1,10.3,6.6,1.0,7,"00070420766-01(1:1,ntoi=1);00070420766-01(2:1,ntoi=2);00070420766-01(1:1,ntoi=1);00070420766-01(1:1,ntoi=1);00070420766-01(1:1,ntoi=1);00070420766-01(1:1,ntoi=1)",True,2304.01(1:1),1,1,"TOI2304.01:P=9.407,d=1.05mmag,PC",False,2304.01,,False,513.5,True,7,9,680.0,1.69,13.9,10.7,11.2,6,0.7777777777777778,4.564432511366697,0.5258046852534981,True,False,False,11.2
281979481,10.4929,5181.0,0.8072980046272278,9,1003.56,0.90453,1386.2777,1.05,147.0,1.07,8.0,197,0.0,3.4,7.2,5.5,1.0,14,"00281979481-02(1:3,ntoi=3);00281979481-03(1:3,ntoi=3);00281979481-02(1:3,ntoi=2)",True,274.01(3:5),1,1,"TOI274.01:P=0.5418,d=0.584mmag,FP",True,274.01,,False,585.8,True,139,186,201.0,6.41,11.6,1.6,11.2,29,0.7473118279569892,1.5765407661269024,0.6660151279053453,True,False,False,11.2
449197831,8.71008,6092.0,1.32975,2,1871.27,3.73723,2177.4438,1.8,265.0,2.36,12.4,11,3.9,0.4,12.0,6.8,1.0,2,"00449197831-01(1:1,ntoi=1);00449197831-01(1:1,ntoi=1)",True,2458.01(1:1),1,1,"TOI2458.01:P=3.737,d=0.337mmag,CP",False,2458.01,"TOI-2458 b(P=3.737,Transit,1:1)",False,254.1,True,9,10,306.0,1.62,14.3,6.3,11.1,9,0.9,3.528349266631381,0.5101535772048194,True,False,False,11.1
247906954,9.02342,6710.0,1.55,2,49.82,3.73018,3238.9936,3.15,260.0,2.73,13.0,12,3.6,2.1,13.0,3.8,1.0,0,,False,,1,1,"TOI5125.01:P=5.91,d=0.472mmag,PC",False,,,False,330.3,False,11,11,304.0,1.78,12.7,4.5,11.1,9,1.0,3.905464452437316,0.8065621998003728,False,False,False,11.1
376645976,9.80675,5699.0,0.98,3,1463.44,21.93553,1942.0123,3.15,2629.0,5.48,35.7,2,12.1,-1.2,35.5,3.2,2.0,3,,False,,1,2,"TOI5626.01:P=716.2,d=10.6mmag,PC",True,,,False,675.2,False,2,2,2605.0,1.43,20.6,93.0,11.1,2,1.0,5.1928812166515605,0.6065996637664596,False,False,False,11.1
20897611,10.459,5503.0,1.06,3,2202.33,23.69823,2108.4144,3.0,3320.0,6.66,42.8,5,6.5,-0.8,48.4,3.0,2.0,4,,False,,1,1,"TOI2383.01:P=3.135,d=9.39mmag,APC",True,,,False,2139.1,False,4,5,3696.0,2.46,19.3,69.3,11.1,4,0.8,5.614583015764058,0.5343228502592096,False,False,False,11.1
316916655,9.19901,6805.0,1.44,2,2607.67,0.72631,1438.5689,4.5,78.0,1.39,10.5,87,0.2,-0.5,9.5,3.8,1.0,2,,False,,1,1,"TOI441.01:P=2.874,d=2.71mmag,FP",True,,,False,343.8,True,59,87,83.0,4.81,11.6,4.4,11.0,31,0.6781609195402298,2.155215143700759,2.087958602718877,True,False,False,11.0
388076005,9.39435,5932.2,1.0,2,191.41,1.71309,1792.323,6.3,175.0,1.44,10.3,25,0.1,-3.4,6.6,3.5,1.0,3,"00388076005-01(1:1,ntoi=1);00388076005-01(1:1,ntoi=1);00388076005-01(1:1,ntoi=1)",True,1622.01(1:1),1,1,"TOI1622.01:P=1.713,d=0.369mmag,FP",True,1622.01,,False,1214.0,True,25,25,338.0,4.44,12.0,3.5,11.0,20,1.0,2.2497539379312115,2.800306244065625,True,False,False,11.0
346338552,9.76031,6051.2,1.18,3,784.87,12.93688,2834.3872,2.1,2977.0,7.02,29.4,3,13.2,-2.2,34.5,5.5,1.0,6,,False,,1,1,"TOI1388.01:P=4.465,d=15.8mmag,KP",True,,,False,825.8,False,3,3,3183.0,1.56,17.5,82.5,11.0,3,1.0,4.928780551906396,0.4260688780691898,False,False,False,11.0
131081852,9.957501,6072.0,1.2612600326538086,4,2553.72,16.59211,1583.5701,4.2,446.0,2.91,12.6,6,10.9,-3.2,9.8,3.2,2.0,9,,False,758.01(4:5),1,1,"TOI758.01:P=13.27,d=23.2mmag,FP",True,758.01,,False,468.3,True,5,6,524.0,2.01,15.0,30.3,11.0,4,0.8333333333333334,5.5981593453114735,0.7502465973065864,True,False,False,11.0
157667414,10.1658,4271.0,0.677846014499664,4,1495.86,1.96318,2012.2351,6.3,150.0,0.9,10.2,47,1.0,3.7,9.9,4.0,2.0,7,,False,,1,1,"TOI4576.01:P=10.48,d=1.92mmag,PC",False,,,False,624.7,False,42,47,161.0,4.81,11.7,3.5,11.0,18,0.8936170212765957,1.816696441985178,3.467833070183004,False,False,False,11.0
32498058,8.83419,7607.0,1.56284999847412,6,2852.49,0.92851,1438.3345,0.5,692.0,4.48,57.6,158,0.2,45.1,41.4,6.2,1.0,2,,False,,1,1,"TOI4347.01:P=35.36,d=0.671mmag,PC",False,,,False,1267.4,False,132,157,648.0,3.8,11.3,0.9,11.0,20,0.8407643312101911,2.470294246898259,0.20240503762975118,False,False,False,11.0
142276270,8.9361,5729.0,0.98,7,1683.92,25.01485,1695.066,1.8,1089.0,3.53,23.9,3,3.3,1.4,19.6,3.5,2.0,34,"00142276270-01(1:2,ntoi=2);00142276270-01(1:2,ntoi=3);00142276270-01(1:2,ntoi=3);00142276270-03(3:2,ntoi=3);00142276270-01(1:2,ntoi=4);00142276270-01(1:2,ntoi=4);00142276270-01(1:2,ntoi=4);00142276270-01(1:2,ntoi=4);00142276270-01(1:2,ntoi=2);00142276270-01(1:2,ntoi=2);00142276270-01(1:2,ntoi=1)",True,1136.01(1:2);1136.02(1:4);1136.04(3:4);CTOI142276270.04(3:4);CTOI142276270.05(1:6),4,7,"TOI1136.01:P=12.52,d=2.52mmag,CP;TOI1136.02:P=6.259,d=0.883mmag,CP;TOI1136.03:P=26.32,d=0.869mmag,CP;TOI1136.04:P=18.8,d=0.511mmag,CP",False,1136.01;1136.02;1136.04,"TOI-1136 d(P=12.52,Transit,1:2);TOI-1136 c(P=6.257,Transit,1:4);TOI-1136 e(P=18.8,Transit,3:4);TOI-1136 b(P=4.173,Transit,1:6)",False,364.8,True,3,3,1627.0,1.11,14.0,9.9,11.0,3,1.0,5.425315249017009,0.3317779552674169,True,False,False,11.0
193641523,10.0732,4452.0,0.729635000228882,8,2549.86,93.17625,1611.5616,2.1,2226.0,3.76,11.0,2,1.8,0.1,11.1,5.5,2.0,12,,False,,1,1,"TOI824.01:P=1.393,d=1.71mmag,CP",False,,,False,626.3,False,1,1,2663.0,1.0,,,,0,1.0,6.908447725409394,0.30397566623775163,False,False,False,11.0
304100538,9.5268,5551.0,0.906282007694244,9,2607.82,1.00139,1325.4252,3.15,81.0,0.89,12.4,203,0.0,-0.6,18.1,3.8,1.0,5,,False,1116.01(5:1),1,1,"TOI1116.01:P=5.01,d=0.445mmag,PC",False,1116.01,,False,398.5,True,122,202,45.0,51.35,12.1,7.3,11.0,48,0.6039603960396039,1.7616445427746141,1.7881019260779516,True,False,False,11.0
388076005,9.39435,5932.2,1.0,2,191.41,1.71298,1792.323,6.3,174.0,1.44,10.3,25,0.2,-2.9,9.5,6.1,1.0,3,"00388076005-01(1:1,ntoi=1);00388076005-01(1:1,ntoi=1);00388076005-01(1:1,ntoi=1)",True,1622.01(1:1),1,1,"TOI1622.01:P=1.713,d=0.369mmag,FP",True,1622.01,,False,1214.0,True,25,25,321.0,5.21,12.0,3.4,10.9,21,1.0,2.249705783576561,2.800366183876862,True,False,False,10.9
431156009,9.44275,6294.0,1.58,4,730.66,0.98606,2853.9297,6.3,71.0,1.45,9.5,92,0.3,6.9,7.8,3.7,1.0,6,"00431156009-01(3:1,ntoi=1);00431156009-01(3:1,ntoi=1);00431156009-01(3:1,ntoi=1);00431156009-01(3:1,ntoi=1);00431156009-01(3:1,ntoi=1);00431156009-01(3:1,ntoi=1)",True,1394.01(3:1),1,1,"TOI1394.01:P=2.958,d=1.06mmag,FP",True,1394.01,,False,376.5,True,68,92,79.0,5.88,11.7,3.1,10.9,26,0.7391304347826086,2.538716072896068,2.481569352028093,True,False,False,10.9
154927364,10.249,5821.7,1.86,3,378.11,0.99611,2390.8536,4.5,186.0,2.77,14.5,76,3.8,2.5,20.3,3.0,1.0,7,,False,,1,1,"TOI1647.01:P=6.974,d=10mmag,FP",True,,,False,657.5,False,49,76,95.0,14.97,12.2,9.5,10.9,23,0.6447368421052632,2.840006649191249,1.58450333251208,False,False,False,10.9
332715376,10.1075,5737.0,0.969790995121002,3,2577.17,31.79843,1419.7433,3.15,1376.0,3.92,10.8,2,1.0,0.9,10.7,4.6,2.0,1,"00332715376-01(1:3,ntoi=1)",True,4354.01(1:3),1,1,"TOI4354.01:P=10.63,d=0.842mmag,PC",False,4354.01,,False,491.2,True,1,1,1421.0,1.0,,,,0,1.0,5.836183675042345,0.5397362686631251,True,False,False,10.8
266688542,10.1894,6854.0,1.79,4,758.91,1.77257,2826.0239,4.5,167.0,2.52,9.9,52,0.5,-5.3,7.2,3.2,1.0,6,,False,1324.01(5:3),1,1,"TOI1324.01:P=2.942,d=1.52mmag,FP",True,1324.01,,False,596.2,True,41,52,184.0,5.47,11.5,3.5,10.8,21,0.7884615384615384,3.3546311826502104,1.3414291333346906,True,False,False,10.8
22903436,8.1532,4526.0,0.72,5,1492.5,16.65314,1934.1891,4.5,229.0,1.19,13.8,5,5.2,0.1,17.7,2.7,2.0,2,,False,,1,2,"TOI7032.01:P=17.75,d=1.31mmag,PC",False,,,False,262.9,False,5,5,357.0,1.49,14.8,15.7,10.8,4,1.0,3.857109805461418,1.166676663865854,False,False,False,10.8
26826078,10.2832,4604.0,0.68,5,785.11,71.21871,2541.0806,4.5,1491.0,2.87,18.2,2,0.0,0.2,17.0,4.2,2.0,7,,False,,1,1,"TOI5096.01:P=2.875,d=26mmag,KP",True,,,False,695.3,False,2,2,1725.0,1.05,15.4,0.6,10.8,2,1.0,6.026691164850101,0.7466783807084175,False,False,False,10.8
383721338,10.4895,6490.0,1.46589994430542,6,1115.47,0.503,2391.1004,4.5,70.0,1.34,7.6,280,2.1,-1.8,6.4,3.9,1.0,7,,False,,1,2,"TOI4553.01:P=20.31,d=5.65mmag,PC",True,,,False,638.5,False,174,279,75.0,12.52,11.2,5.5,10.8,79,0.6236559139784946,1.9295994852403051,2.332090174370868,False,False,False,10.8
368435330,8.6259,5922.0,1.05,2,735.53,23.26678,1901.5162,3.0,550.0,2.69,10.7,2,0.4,1.0,10.9,3.2,2.0,4,,False,,2,3,"TOI1797.01:P=3.645,d=0.847mmag,CP;TOI1797.02:P=1.038,d=0.228mmag,CP",False,,,False,259.7,False,1,1,562.0,1.0,,,,0,1.0,5.545149437293489,0.5410133728450534,False,False,False,10.7
37749396,8.4991,4111.0,0.6181730031967163,3,1846.82,0.52588,1386.4937,6.3,40.0,0.43,8.4,105,0.4,-1.6,8.8,3.9,1.0,3,,False,,1,1,"TOI260.01:P=13.48,d=0.77mmag,CP",False,,,False,221.1,False,63,104,33.0,9.81,11.6,8.7,10.7,38,0.6057692307692307,1.1013124155233192,5.720447632478909,False,False,False,10.7
441587756,10.1684,6525.0,1.56,3,400.0,0.69389,2939.9431,6.0,93.0,1.64,7.4,75,1.6,-1.5,6.9,3.4,1.0,0,,False,,1,1,"TOI5380.01:P=3.772,d=0.51mmag,PC",False,,,False,499.1,False,50,73,123.0,4.21,11.7,5.6,10.7,28,0.684931506849315,2.2390041703483345,2.6797627621508835,False,False,False,10.7
73038411,10.339,6368.0,1.52,3,1487.59,0.56143,2229.3287,3.15,150.0,2.03,11.2,119,0.0,12.4,8.5,3.6,1.0,4,,False,,1,1,"TOI978.01:P=13.17,d=6.2mmag,PC",True,,,False,611.4,False,88,118,152.0,6.03,11.2,3.5,10.7,32,0.7457627118644068,2.050544622168899,1.5361772506409477,False,False,False,10.7
232025086,8.7542,6437.0,1.4178800582885742,9,2607.67,1.98763,1439.4737,2.25,56.0,1.16,8.8,110,0.4,1.1,6.9,5.7,2.0,8,"00232025086-01(3:1,ntoi=1);00232025086-01(3:1,ntoi=2);00232025086-01(3:1,ntoi=2);00232025086-02(1:1,ntoi=2)",True,874.01(3:1),1,1,"TOI874.01:P=5.905,d=0.218mmag,PC",False,874.01,,False,251.9,True,90,109,67.0,3.93,11.1,1.6,10.7,27,0.8256880733944955,2.983640346807211,0.7541123387769313,True,False,False,10.7
233059608,6.895,6603.0,1.58365,36,1926.77,99.38855,1771.2,3.0,1243.0,6.09,108.7,6,59.3,7.3,105.0,4.9,2.0,9,,False,,1,1,"TOI1250.01:P=1.442,d=0.594mmag,FA",True,,,False,873.2,False,6,6,738.0,8.57,17.0,32.8,10.7,4,1.0,11.832955074202664,0.2535292309644933,False,False,False,10.7
453464017,10.248,6190.4,1.48,2,52.2,23.48533,2321.5339,4.5,2399.0,7.91,31.9,2,3.7,-1.4,32.0,2.9,1.0,4,,False,1993.01(1:6),1,1,"TOI1993.01:P=3.942,d=14mmag,FP",True,1993.01,,False,1086.0,True,2,2,2907.0,1.13,16.0,4.3,10.6,2,1.0,6.992755228007777,0.6435231683752274,True,False,False,10.6
191284318,10.374,6140.0,1.24,3,1845.45,0.69286,1765.1335,7.2,91.0,1.29,7.2,99,0.8,-0.1,7.1,4.6,1.0,5,,False,1458.01(4:1),1,1,"TOI1458.01:P=2.776,d=14.9mmag,KP",True,1458.01,"HAT-P-16 b(P=2.776,Transit,4:1)",False,594.3,True,66,98,74.0,11.18,11.5,4.3,10.6,30,0.673469387755102,1.920309574583471,3.7493954596157923,True,False,False,10.6
26469462,10.3657,6247.5,1.16,4,1486.97,23.1413,2207.7576,2.4,1151.0,4.29,14.0,4,5.3,1.4,14.5,5.1,2.0,3,,False,,1,1,"TOI5117.01:P=11.7,d=1.01mmag,PC",False,,,False,629.1,True,4,4,1463.0,2.05,20.3,55.4,10.6,4,1.0,5.915292224960662,0.40572805344641455,True,False,False,10.6
62483237,9.3636,4356.0,0.700726985931396,5,2934.82,12.2379,1326.4076,4.8,595.0,1.86,25.5,7,4.0,2.2,30.1,2.7,2.0,8,,False,,1,1,"TOI139.01:P=11.07,d=1.25mmag,CP",False,,,False,505.0,False,7,7,400.0,5.72,14.5,42.3,10.6,6,1.0,3.4182972275976775,1.4042079083255612,False,False,False,10.6
123482865,9.4727,6845.0,1.47,5,2226.08,44.50637,1535.3287,4.2,1495.0,6.2,36.6,3,3.7,3.2,34.6,4.0,2.0,7,,False,,1,1,"TOI569.01:P=6.556,d=3.23mmag,CP",True,,,False,678.7,False,3,3,1540.0,1.38,16.6,5.9,10.6,3,1.0,8.614443796855683,0.48755324186258225,False,False,False,10.6
418301643,9.62005,6675.0,1.49,12,1897.93,0.72174,1765.4868,6.3,32.0,0.92,7.9,368,0.6,-2.7,8.6,4.3,1.0,4,,False,,1,1,"TOI6247.01:P=24.09,d=0.566mmag,PC",False,,,False,390.8,False,203,367,24.0,25.68,11.1,6.7,10.6,100,0.553133514986376,2.2001860058779235,2.8633942690159775,False,False,False,10.6
309402106,8.488401,7053.0,1.59688,18,2607.75,13.54162,1333.5192,1.05,361.0,3.31,25.0,32,5.8,-3.6,44.4,2.6,2.0,25,"00309402106-01(1:1,ntoi=1)",True,,1,1,"TOI710.01:P=216.2,d=5.49mmag,FP",True,,,True,340.7,False,30,32,203.0,20.76,13.4,20.4,10.6,15,0.9375,6.122752288756578,0.17149150422566523,False,False,False,10.6
160074939,8.7435,6467.0,1.57943,2,729.52,2.5829,1354.3328,4.2,112.0,1.82,9.7,17,2.0,-1.1,8.3,3.0,1.0,0,,False,,1,1,"TOI230.01:P=13.34,d=0.641mmag,FA",True,,,False,262.8,False,15,17,147.0,2.18,12.3,4.9,10.5,9,0.8823529411764706,3.498735245386834,1.200433786905654,False,False,False,10.5
447283466,7.9059,4634.0,0.68,6,2230.99,7.19466,1545.1555,3.0,334.0,1.36,34.4,17,12.7,2.8,46.7,3.4,1.0,9,,False,,1,1,"TOI1028.01:P=1.016,d=0.261mmag,FP",True,,,False,271.5,False,11,17,54.0,35.1,18.2,77.6,10.5,5,0.6470588235294118,2.8068400252120114,1.068817593112881,False,False,False,10.5
193023697,8.5953,5039.0,0.74,7,2555.15,41.35465,1571.4131,2.25,574.0,1.93,10.5,2,4.2,1.2,11.9,4.3,2.0,2,,False,,1,1,"TOI6266.01:P=2.79,d=0.284mmag,PC",False,,,False,241.6,False,1,1,616.0,1.0,,,,0,1.0,5.319500944911779,0.42297200870923335,False,False,False,10.5
418301643,9.62005,6675.0,1.49,12,1897.93,0.74484,1764.8169,6.3,31.0,0.9,7.3,360,0.7,-4.5,7.9,3.6,1.0,4,,False,,1,1,"TOI6247.01:P=24.09,d=0.566mmag,PC",False,,,False,390.8,False,209,358,34.0,16.57,11.1,6.7,10.5,93,0.5837988826815642,2.2234129804525438,2.8334817037533555,False,False,False,10.5
441587756,10.1684,6525.0,1.56,3,400.0,0.73103,2939.8056,7.2,97.0,1.68,7.9,72,0.6,-0.5,8.1,4.7,1.0,0,,False,,1,1,"TOI5380.01:P=3.772,d=0.51mmag,PC",False,,,False,499.1,False,51,72,125.0,4.05,11.0,5.8,10.4,27,0.7083333333333334,2.278258991147316,3.160307949174,False,False,False,10.4
48031665,9.06584,7800.0,1.57457995414734,12,1875.68,0.50874,1683.6621,0.5,186.0,2.35,25.6,523,1.6,-23.2,16.3,12.0,1.0,16,,False,,1,1,"TOI4588.01:P=13.12,d=0.362mmag,PC",False,,,False,512.8,False,389,522,151.0,7.19,10.6,0.6,10.4,6,0.7452107279693486,2.0314995697723996,0.24612360614775705,False,False,False,10.4
48031665,9.06584,7800.0,1.57457995414734,12,1875.68,0.83792,1683.7246,0.5,194.0,2.39,21.0,322,2.2,17.1,13.1,8.8,1.0,16,,False,,1,1,"TOI4588.01:P=13.12,d=0.362mmag,PC",False,,,False,512.8,False,248,320,185.0,3.67,10.7,0.8,10.4,9,0.775,2.399121770266099,0.20840959646018403,False,False,False,10.4
230075227,9.7807,5284.0,0.85,41,1979.26,86.55177,1696.8115,3.6,907.0,2.79,27.8,7,11.5,1.9,29.0,4.5,2.0,26,,False,,1,1,"TOI2077.01:P=6.116,d=0.35mmag,PC",False,,,False,537.3,False,7,7,180.0,22.19,20.6,195.0,10.4,3,1.0,7.462990619411879,0.4823803463769727,False,False,False,10.4
276360911,9.62426,7184.0,1.88,3,216.4,1.25888,3368.0524,2.25,442.0,4.31,25.0,55,0.6,-10.3,20.1,3.8,1.0,0,,False,,1,1,"TOI1382.01:P=0.4448,d=1.75mmag,FA",True,,,False,1113.4,False,43,54,454.0,4.16,11.4,2.5,10.3,16,0.7962962962962963,3.0924900062847858,0.7275690448238747,False,False,False,10.3
188646744,6.8806,6815.9,1.65,4,787.06,0.53645,2797.2552,6.3,13.0,0.64,7.9,194,0.5,1.1,10.3,4.6,1.0,4,,False,,1,1,"TOI5807.01:P=14.24,d=0.244mmag,CP",False,,,False,120.8,False,124,192,15.0,12.34,11.2,9.3,10.3,68,0.6458333333333334,2.13324469049321,2.953247711374089,False,False,False,10.3
157081737,10.0956,5260.0,0.8,4,2249.41,12.47721,1478.3282,6.0,834.0,2.52,20.5,4,5.3,0.6,18.0,4.1,1.0,1,,False,,1,1,"TOI6095.01:P=2.161,d=0.575mmag,PC",False,,,False,617.7,False,4,4,1082.0,1.11,14.0,22.4,10.3,3,1.0,3.758150028915124,1.5965301953983027,False,False,False,10.3
198384408,6.3196,5470.16,1.1485,37,1979.26,118.43309,1799.1222,3.15,151.0,1.54,22.4,6,6.2,-0.6,21.9,4.7,2.0,10,"00198384408-01(2:3,ntoi=1)",True,,1,1,"TOI1689.01:P=9.124,d=0.308mmag,FA",True,,,False,112.2,False,5,6,147.0,2.62,14.1,37.7,10.3,5,0.8333333333333334,10.126358858260513,0.3110693630445861,False,False,False,10.3
354518617,8.2731,4036.3,0.6605380046367646,2,759.08,2.28943,1469.2911,3.6,123.0,0.8,14.0,22,1.3,-0.6,13.6,3.1,1.0,5,,False,,2,4,"TOI2540.01:P=12.72,d=1.24mmag,CP;TOI2540.02:P=22.08,d=1.11mmag,APC",False,,,False,246.9,False,18,22,74.0,6.49,12.9,12.5,10.2,10,0.8181818181818182,1.8795301235132231,1.9153723342677103,False,False,False,10.2
437011608,7.6253,5670.0,0.93,4,784.99,19.84658,2512.1054,3.6,547.0,2.37,27.2,2,8.7,-2.7,25.9,3.2,1.0,6,,False,,1,2,"TOI5082.01:P=4.24,d=0.915mmag,CP",False,,,False,222.0,False,2,2,625.0,1.2,15.1,9.7,10.2,2,1.0,4.8501907545148475,0.7422388483687791,False,False,False,10.2
335499997,8.98207,5967.0,1.76279997825623,4,2229.32,18.60926,1560.1258,2.4,529.0,4.43,14.5,5,3.3,0.8,15.7,3.4,2.0,10,,False,,1,1,"TOI680.01:P=0.4336,d=0.806mmag,APC",False,,,False,299.6,False,5,5,489.0,2.02,14.1,9.8,10.2,5,1.0,7.270875131770462,0.3300840623040102,False,False,False,10.2
328350926,8.300901,5624.7,1.44028997421265,2,758.75,17.7173,1421.3336,2.1,1949.0,6.94,49.7,2,0.0,-0.2,42.7,3.6,2.0,3,,False,,1,1,"TOI392.01:P=0.8491,d=5.34mmag,APC",True,,,False,379.0,False,2,2,2144.0,1.13,19.0,6.0,10.1,2,1.0,6.251354086861909,0.33592722005836184,False,False,False,10.1
178959058,9.783,6793.0,1.68,2,1109.61,0.9338,3041.9052,7.2,92.0,1.76,8.4,49,0.7,-3.8,6.8,3.5,1.0,0,,False,,1,1,"TOI4332.01:P=5.447,d=0.915mmag,FP",True,,,False,450.3,False,36,49,110.0,3.65,10.7,3.8,10.1,19,0.7346938775510204,2.5971623893634694,2.7722563785334295,False,False,False,10.1
251039147,8.1954,5975.0,1.07392001152039,3,1380.64,22.26638,2447.8662,3.0,263.0,1.9,13.8,5,3.4,0.1,12.1,3.9,2.0,4,,False,,1,1,"TOI4537.01:P=6.663,d=1.03mmag,PC",False,,,False,234.1,False,5,5,340.0,1.29,12.3,4.9,10.1,4,1.0,5.547186783932801,0.5408146718061445,False,False,False,10.1
73038411,10.339,6368.0,1.52,3,1487.59,0.8441,2229.5912,2.25,189.0,2.28,10.6,80,0.1,-5.7,9.0,4.4,1.0,4,,False,,1,1,"TOI978.01:P=13.17,d=6.2mmag,PC",True,,,False,611.4,False,58,80,207.0,4.35,10.6,3.2,10.1,26,0.725,2.3491026028624584,0.9578125694715511,False,False,False,10.1
437011608,7.6253,5670.0,0.93,4,784.99,36.71549,2531.9617,4.5,502.0,2.27,27.1,2,0.0,7.3,26.0,3.2,2.0,6,,False,,1,2,"TOI5082.01:P=4.24,d=0.915mmag,CP",False,,,False,222.0,False,2,2,597.0,1.24,18.0,20.0,10.1,2,1.0,5.954062227546244,0.755786524900751,False,False,False,10.1
438260486,7.564,4544.0,0.75,5,811.48,12.97945,2448.3989,3.6,126.0,0.92,12.6,10,3.5,2.1,11.3,4.7,0.5,4,,False,,1,1,"TOI5084.01:P=5.832,d=0.298mmag,PC",False,,,False,166.0,False,9,10,138.0,3.86,12.2,8.7,10.1,8,0.9,3.647549823891836,0.9869639001007253,False,False,False,10.1
126733133,10.027,5973.0,1.31,7,2255.81,28.18961,1533.4894,1.2,1623.0,5.76,10.1,2,0.0,-2.1,11.6,4.5,2.0,10,,False,,1,1,"TOI570.01:P=1.469,d=1.7mmag,FP",True,,,False,484.9,False,1,1,1483.0,1.0,,,,0,1.0,6.85097180655834,0.17515763221376224,False,False,False,10.1
267489265,9.2293,7851.0,1.86,3,1112.44,0.55025,1712.222,0.5,186.0,2.77,10.0,102,0.2,-7.8,8.4,4.7,1.0,5,"00267489265-02(2:3,ntoi=2)",True,,1,1,"TOI1132.01:P=1.55,d=0.446mmag,FP",True,,,False,402.9,False,87,101,217.0,3.58,10.3,1.2,10.0,20,0.8613861386138614,2.3302558517159646,0.21456871340192438,False,False,False,10.0
460205581,9.9322,6513.0,1.01,7,2203.96,51.38009,1582.8932,4.5,3394.0,6.42,51.4,2,4.0,-2.7,50.6,3.2,2.0,12,,False,,1,1,"TOI837.01:P=8.325,d=4.94mmag,CP",True,,,False,952.0,False,2,2,3022.0,1.01,23.2,0.0,10.0,2,1.0,7.036459031882028,0.6395262133426212,False,False,False,10.0
165625229,9.77081,5888.0,0.98,8,1684.68,2.31994,1739.1087,3.0,218.0,1.58,17.2,65,3.1,1.1,22.2,3.0,1.0,1,,False,,1,1,"TOI5705.01:P=10.6,d=1mmag,PC",False,,,False,604.1,False,46,65,88.0,18.35,11.0,10.4,10.0,25,0.7076923076923077,2.4557525036420413,1.2216214767370914,False,False,False,10.0
158075010,8.38689,6594.0,1.59978,4,1684.69,0.60361,1739.3202,4.2,39.0,1.1,9.0,117,0.9,-1.6,8.4,3.5,1.0,2,,False,,1,1,"TOI2074.01:P=177.6,d=0.495mmag,PC",False,,,False,225.5,False,83,117,36.0,12.74,11.1,4.7,9.9,32,0.7094017094017094,2.1735382038466886,1.932333184927192,False,False,False,9.9
189013224,9.59689,5731.0,0.989260017871857,4,2852.57,24.6189,1447.0529,2.25,2827.0,5.74,32.0,3,3.5,1.2,34.8,4.1,2.0,1,,False,,2,2,"TOI426.01:P=1.321,d=0.51mmag,CP",False,,,False,760.5,False,2,2,2846.0,1.51,25.8,187.2,9.9,2,1.0,5.430479101553041,0.414328083751677,False,False,False,9.9
26469462,10.3657,6247.5,1.16,4,1486.97,18.88697,2215.5951,2.4,1127.0,4.25,15.3,4,7.3,-1.2,13.8,4.7,2.0,3,,False,,1,1,"TOI5117.01:P=11.7,d=1.01mmag,PC",False,,,False,629.1,False,4,4,1230.0,1.46,13.9,15.6,9.9,4,1.0,5.527995960400628,0.4341537181271865,False,False,False,9.9
173612049,10.473,5999.0,0.96,4,1871.47,6.50487,1738.9508,3.6,583.0,2.53,12.0,12,3.1,-1.5,14.8,4.3,1.0,5,"00173612049-01(3:2,ntoi=1);00173612049-02(1:1,ntoi=2);00173612049-01(3:1,ntoi=2);00173612049-01(3:1,ntoi=1)",True,1537.01(1:1),1,1,"TOI1537.01:P=6.49,d=1.17mmag,PC",False,1537.01,,False,748.3,True,10,11,595.0,3.75,11.4,7.9,9.9,7,0.9090909090909091,3.4156129901507106,1.0539835778763547,True,False,False,9.9
151681127,9.1379,7949.0,1.82,5,2554.84,1.07628,1544.8988,6.3,50.0,1.41,9.4,111,0.6,0.9,8.0,3.8,1.0,7,,False,,1,1,"TOI671.01:P=10.2,d=17.6mmag,APC",True,,,False,330.3,False,77,111,56.0,5.54,10.4,2.7,9.9,29,0.6936936936936937,2.8723077897174623,2.1933582544855703,False,False,False,9.9
123482865,9.4727,6845.0,1.47,5,2226.08,48.74612,1535.3287,4.2,1855.0,6.91,37.8,2,11.6,0.2,34.6,4.0,2.0,7,,False,,1,1,"TOI569.01:P=6.556,d=3.23mmag,CP",True,,,False,678.7,False,2,2,2089.0,1.26,32.6,39.0,9.9,2,1.0,8.879732200066016,0.4729872371566313,False,False,False,9.9
310981412,10.2728,6149.0,0.93,7,952.43,1.00266,1683.7214,7.2,64.0,0.81,8.5,172,0.5,-0.2,10.8,3.7,2.0,0,,False,,1,1,"TOI1790.01:P=9.625,d=0.586mmag,FA",True,,,False,559.8,False,115,170,51.0,16.4,10.5,4.5,9.9,44,0.6764705882352942,1.7930049543681081,4.015605189745518,False,False,False,9.9
115623434,10.2455,4962.0,0.79,8,1523.67,35.13516,1972.4417,4.5,1210.0,3.0,21.9,5,10.0,-0.6,26.3,4.4,2.0,5,,False,,1,1,"TOI2279.01:P=3.143,d=0.872mmag,PC",False,,,False,871.6,False,5,5,768.0,3.88,14.9,20.6,9.9,4,1.0,5.262680445470559,0.8550775686699776,False,False,False,9.9
233390838,9.53591,6477.6,1.69,13,1898.76,17.7305,1724.5046,1.5,353.0,3.47,9.8,11,9.3,-0.2,7.4,3.6,2.0,36,,False,,1,1,"TOI1341.01:P=6.447,d=10.1mmag,FP",True,,,False,382.4,False,9,11,278.0,3.42,12.6,9.6,9.9,6,0.8181818181818182,6.956216519199724,0.2156344610406933,False,False,False,9.9
79605791,9.5378,6238.0,1.96,2,757.21,1.28317,3098.6866,3.6,179.0,2.86,9.7,33,2.5,-4.3,7.5,5.1,1.0,3,,False,,1,1,"TOI4416.01:P=9.331,d=6mmag,PC",True,,,False,461.5,False,30,33,206.0,4.06,10.2,2.2,9.8,17,0.9090909090909091,3.199929479662871,1.125024792852397,False,False,False,9.8
245947683,10.2098,6706.0,1.51,4,785.04,19.65137,2486.0226,2.25,3027.0,9.06,24.6,2,4.8,2.7,25.0,4.1,1.0,0,,False,,1,1,"TOI950.01:P=1.143,d=2.47mmag,FA",True,,,False,967.8,False,2,2,3248.0,1.06,14.1,0.8,9.8,2,1.0,6.678165891725811,0.3369188541404355,False,False,False,9.8
203189770,10.4219,8324.0,1.71,5,1138.72,46.4433,2460.9639,0.62,2795.0,9.86,9.8,2,0.0,2.1,10.3,5.3,2.0,8,,False,,1,1,"TOI1198.01:P=3.613,d=12.9mmag,KP",True,,,False,626.2,False,1,1,2844.0,1.0,,,,0,1.0,9.664514852914118,0.06415221140801008,False,False,False,9.8
367366318,8.14847,6767.9,1.77,8,1846.53,13.74401,1819.8718,3.6,127.0,2.18,12.1,14,0.9,-2.1,11.7,3.1,0.5,14,,False,1682.01(1:5),1,1,"TOI1682.01:P=2.735,d=10mmag,KP",True,1682.01,"KELT-7 b(P=2.735,Transit,1:5)",True,219.5,True,11,13,156.0,3.79,15.4,18.6,9.8,10,0.8461538461538461,6.590144830116516,0.5462702403061377,True,False,False,9.8
298600443,10.2521,5961.0,1.02,25,1979.26,57.45907,1704.2198,4.5,452.0,2.37,12.6,9,11.7,-0.0,15.4,3.9,2.0,10,,False,,1,1,"TOI5391.01:P=13.64,d=0.449mmag,APC",False,,,False,588.5,False,8,9,178.0,11.15,13.7,29.7,9.8,4,0.8888888888888888,7.35181560989614,0.6120936975000617,False,False,False,9.8
347332255,7.6621,5297.0,0.782479,2,733.91,13.04265,1935.9939,3.0,576.0,2.05,18.9,2,0.0,0.3,16.0,3.1,2.0,4,,False,,2,4,"TOI1835.01:P=5.642,d=0.591mmag,PC;TOI1835.02:P=0,d=0.963mmag,PC",False,,,False,206.6,False,2,2,741.0,1.13,19.4,5.1,9.7,2,1.0,3.75818972910145,0.7982566651091544,False,False,False,9.7
105840719,9.5373,5432.0,0.8437020182609558,4,1468.48,25.11254,1995.7695,6.0,1968.0,4.08,29.6,2,0.0,1.4,27.0,3.2,2.0,7,,False,,1,1,"TOI2123.01:P=10.31,d=2.31mmag,PC",False,,,False,548.2,False,2,2,2050.0,1.22,27.6,23.6,9.7,2,1.0,4.9162191390687475,1.2204500715435047,False,False,False,9.7
19519368,10.0854,4985.0,0.8,5,2580.76,15.35228,1493.2873,2.1,1407.0,3.27,9.7,2,2.0,-0.8,10.1,4.2,2.0,7,,False,,1,1,"TOI494.01:P=1.702,d=0.619mmag,PC",False,,,False,496.5,False,1,1,1908.0,1.0,,,,0,1.0,4.02710153477179,0.5214668619272854,False,False,False,9.7
238164799,8.4592,6688.0,1.5731899738311768,10,2278.46,4.35774,1471.9775,4.8,54.0,1.26,9.8,49,2.3,2.2,11.9,4.1,2.0,4,"00238164799-02(3:1,ntoi=2)",True,,1,1,"TOI4362.01:P=7.548,d=0.26mmag,PC",False,,,False,236.8,False,35,49,58.0,6.34,10.5,7.3,9.7,22,0.7142857142857143,4.154156422465548,1.1554692485920246,False,False,False,9.7
287959034,9.50835,6153.0,1.128350019454956,2,1105.69,11.56697,2699.9675,6.0,488.0,2.72,11.6,3,0.7,-4.2,10.5,2.8,1.0,7,"00287959034-01(1:3,ntoi=5);00287959034-01(1:3,ntoi=1);00287959034-01(1:3,ntoi=1)",True,5677.01(1:3);CTOI287959034.01(1:3),1,2,"TOI5677.01:P=3.848,d=2.8mmag,APC",False,5677.01,,False,430.1,True,3,3,572.0,1.7,13.4,3.7,9.6,3,1.0,4.608688878186835,1.3018887060045023,True,False,False,9.6
267489265,9.2293,7851.0,1.86,3,1112.44,0.69698,1712.1126,0.5,202.0,2.88,10.0,84,0.7,-6.7,9.0,5.3,1.0,5,,False,,1,1,"TOI1132.01:P=1.55,d=0.446mmag,FP",True,,,False,402.9,False,73,83,245.0,3.22,10.0,0.9,9.6,15,0.8795180722891566,2.521295191404855,0.19831077364701677,False,False,False,9.6
235037761,9.8567,4174.0,0.9,4,2879.02,27.34609,1349.331,7.2,1329.0,3.58,23.8,2,0.0,-2.8,19.4,3.9,2.0,6,"00235037761-01(1:2,ntoi=1)",True,,1,1,"TOI131.01:P=6.241,d=6.66mmag,APC",True,,,True,607.1,False,2,2,1426.0,1.11,20.8,4.2,9.6,2,1.0,5.280418937367215,1.363528175586363,False,False,False,9.6
235037761,9.8567,4174.0,0.9,4,2879.02,43.75351,1349.331,7.2,1335.0,3.59,23.5,2,2.6,-2.9,19.4,3.9,2.0,6,"00235037761-02(1:2,ntoi=2)",True,,1,1,"TOI131.01:P=6.241,d=6.66mmag,APC",True,,,False,607.1,False,2,2,1437.0,1.12,20.6,4.7,9.6,2,1.0,6.176004445192057,1.1658022697190755,False,False,False,9.6
157081737,10.0956,5260.0,0.8,4,2249.41,39.88315,1478.3157,4.5,1326.0,3.18,18.5,2,0.0,0.6,16.8,3.6,2.0,1,,False,,1,1,"TOI6095.01:P=2.161,d=0.575mmag,PC",False,,,False,617.7,False,2,2,1568.0,1.16,14.3,5.1,9.6,2,1.0,5.5360257645003905,0.8128574886439517,False,False,False,9.6
378291076,9.53523,6594.0,1.49,6,782.47,0.73446,2854.0154,3.6,64.0,1.3,8.6,171,0.4,2.3,8.5,4.1,1.0,2,,False,,1,1,"TOI1620.01:P=1.598,d=0.321mmag,PC",False,,,False,395.0,False,108,170,68.0,11.27,10.1,4.1,9.6,48,0.6352941176470588,2.213036222403465,1.6267243904802537,False,False,False,9.6
320079492,9.9666,5343.0,1.499079942703247,6,1791.92,0.6321,2307.8488,1.2,120.0,1.79,8.8,227,1.0,6.1,6.5,4.3,1.0,9,,False,,1,1,"TOI1967.01:P=0.4262,d=0.908mmag,APC",False,,,False,531.2,True,156,222,111.0,7.72,9.8,1.5,9.6,34,0.7027027027027027,2.113586792505001,0.5677552510525354,True,False,False,9.6
89643259,10.4813,7166.8,1.87,6,789.13,0.55551,2770.1032,4.5,109.0,2.13,8.4,258,0.2,-2.7,6.9,5.2,1.0,10,,False,1193.01(4:1),1,1,"TOI1193.01:P=2.222,d=4.78mmag,FP",True,1193.01,,False,828.4,True,174,258,124.0,8.26,10.0,2.8,9.6,58,0.6744186046511628,2.34602872566184,1.9181350811169209,True,False,False,9.6
150151262,9.9059,4504.0,0.72,30,2659.5,81.96083,1432.7331,4.2,413.0,1.6,14.6,9,3.7,0.3,19.8,6.3,2.0,34,,False,,4,4,"TOI712.01:P=9.531,d=0.989mmag,CP;TOI712.02:P=51.7,d=1.45mmag,CP;TOI712.03:P=53.75,d=1.69mmag,FA;TOI712.04:P=84.84,d=1.11mmag,CP",True,,,False,513.4,True,8,9,270.0,5.66,14.2,34.9,9.6,6,0.8888888888888888,6.560930050843244,0.6401531440592321,True,False,False,9.6
367855829,9.9558,5697.0,1.29609,37,1979.26,108.2684,1705.6603,4.5,1002.0,4.48,23.3,5,4.0,-4.1,20.4,5.0,2.0,10,,False,,1,1,"TOI2253.01:P=85.42,d=1.23mmag,FA",True,,,False,562.6,True,5,5,415.0,6.77,14.6,69.6,9.6,5,1.0,10.652845788168264,0.4224223357291053,True,False,False,9.6
267489265,9.2293,7851.0,1.86,3,1112.44,0.51349,1711.8574,0.5,171.0,2.66,9.8,116,0.4,7.9,8.5,4.8,1.0,5,"00267489265-01(3:1,ntoi=2);00267489265-01(3:1,ntoi=1);00267489265-01(3:1,ntoi=1);00267489265-01(3:1,ntoi=1)",True,1132.01(3:1),1,1,"TOI1132.01:P=1.55,d=0.446mmag,FP",True,1132.01,,False,402.9,True,93,113,210.0,3.56,9.8,1.1,9.5,16,0.8230088495575221,2.2771637076033637,0.21957138976460888,True,False,False,9.5
118339710,10.3541,6118.81,1.56228995323181,4,1488.61,24.13546,2249.4805,6.3,1213.0,5.94,23.0,3,18.8,-1.1,16.8,2.5,2.0,4,,False,,1,2,"TOI6695.01:P=0,d=2.52mmag,PC",False,,,False,582.2,False,2,3,1907.0,1.11,20.0,187.7,9.5,2,0.6666666666666666,7.315902587391336,0.8611377645812011,False,False,False,9.5
304142124,7.8436,5175.0,0.87,6,2502.69,1.05833,1571.6939,1.5,43.0,0.63,9.3,132,1.5,8.3,6.4,4.7,0.5,5,"00304142124-02(1:2,ntoi=2)",True,,1,2,"TOI1793.01:P=55.09,d=2.73mmag,CP",False,,,False,165.7,False,92,132,36.0,6.27,9.8,1.8,9.5,24,0.696969696969697,1.7462034078859348,0.8590064555056593,False,False,False,9.5
357416482,8.2057,6362.6,1.34,3,1496.22,1.39311,1956.9218,6.0,67.0,1.2,11.0,37,0.4,-0.2,8.7,3.5,0.5,5,,False,,1,1,"TOI2017.01:P=5.498,d=14.1mmag,FP",True,,,False,234.5,True,30,36,61.0,4.69,10.6,3.9,9.4,14,0.8333333333333334,2.552348439839364,2.350776213132412,True,False,False,9.4
357416482,8.2057,6362.6,1.34,3,1496.22,1.39125,1956.8968,7.2,60.0,1.13,10.8,35,1.0,3.6,8.6,3.4,1.0,5,,False,,1,1,"TOI2017.01:P=5.498,d=14.1mmag,FP",True,,,False,234.5,True,29,35,58.0,6.02,10.4,3.7,9.4,14,0.8285714285714286,2.551212017860112,2.8221880226321474,True,False,False,9.4
357416482,8.2057,6362.6,1.34,3,1496.22,1.39125,1956.8968,7.2,60.0,1.13,10.8,35,1.0,3.6,9.2,4.0,1.0,5,,False,,1,1,"TOI2017.01:P=5.498,d=14.1mmag,FP",True,,,False,234.5,True,29,35,58.0,6.02,10.4,3.7,9.4,14,0.8285714285714286,2.551212017860112,2.8221880226321474,True,False,False,9.4
19519368,10.0854,4985.0,0.8,5,2580.76,22.9219,1505.2248,2.1,1430.0,3.3,9.4,2,3.9,-0.7,10.1,4.2,2.0,7,,False,,1,1,"TOI494.01:P=1.702,d=0.619mmag,PC",False,,,False,496.5,False,1,1,1999.0,1.0,,,,0,1.0,4.602761691817851,0.4562478226350688,False,False,False,9.4
350575997,9.7688,8127.0,1.75,7,1815.4,99.70608,2406.2329,3.0,1267.0,6.8,9.4,2,0.0,-0.1,9.1,4.5,2.0,9,,False,,1,1,"TOI4386.01:P=2.013,d=0.906mmag,PC",False,,,False,666.0,False,1,1,1529.0,1.0,,,,0,1.0,12.661180702866906,0.23694472659415577,False,False,False,9.4
126733133,10.027,5973.0,1.31,7,2255.81,27.7984,1543.6644,1.2,1596.0,5.71,9.4,2,4.5,-0.3,11.6,4.5,2.0,10,,False,,1,1,"TOI570.01:P=1.469,d=1.7mmag,FP",True,,,True,484.9,False,1,1,1532.0,1.0,,,,0,1.0,6.819131902277433,0.1759754785794989,False,False,False,9.4
288631580,9.56906,5977.0,1.0078399825096152,21,1979.26,65.19755,1723.022,2.4,854.0,3.21,21.5,7,13.0,-2.5,37.0,4.4,2.0,15,,False,,2,2,"TOI1659.01:P=5.878,d=0.448mmag,CP;TOI1659.02:P=3.399,d=0.186mmag,PC",False,,,False,523.2,False,7,7,543.0,6.33,12.5,32.7,9.4,6,1.0,7.606994607023002,0.31549910628098105,False,False,False,9.4
457939414,10.1574,5579.5,1.10456001758575,3,1492.77,24.64628,2294.3776,6.3,4275.0,7.88,45.7,2,3.9,4.5,25.7,3.0,2.0,6,,False,,1,1,"TOI1990.01:P=3.79,d=4.73mmag,FP",True,,,False,1199.6,False,2,2,4083.0,1.18,36.9,13.7,9.3,2,1.0,5.846800820304367,1.077512334287461,False,False,False,9.3
148782377,8.39816,6383.0,1.41048002243042,4,1684.69,1.19803,1738.964,6.3,45.0,1.03,9.0,56,0.5,0.3,8.9,3.0,2.0,5,,False,,1,1,"TOI1415.01:P=14.42,d=1.15mmag,PC",False,,,False,224.0,False,39,56,56.0,5.21,10.6,5.0,9.3,22,0.6964285714285714,2.51155186708033,2.5084092757852248,False,False,False,9.3
148782377,8.39816,6383.0,1.41048002243042,4,1684.69,1.19802,1738.964,6.3,45.0,1.03,8.9,56,0.6,0.3,8.1,2.3,0.5,5,,False,,1,1,"TOI1415.01:P=14.42,d=1.15mmag,PC",False,,,False,224.0,False,40,56,53.0,5.31,10.5,4.8,9.3,22,0.7142857142857143,2.5115448790559483,2.5084162550852267,False,False,False,9.3
270619211,9.7548,6718.0,1.557289958000183,5,1849.61,0.58446,1684.0068,6.3,45.0,1.14,7.0,211,1.1,-2.7,8.0,4.5,1.0,1,,False,,1,1,"TOI7910.01:P=77.48,d=1.48mmag,PC",False,,,False,441.4,False,124,210,44.0,12.43,9.9,7.6,9.3,63,0.5904761904761905,2.1120598171903753,2.9828700630177916,False,False,False,9.3
183532609,9.1468,5600.0,1.0,6,2936.45,0.63489,1354.7637,3.6,51.0,0.78,9.6,199,0.6,0.8,13.1,4.1,0.5,9,,False,,1,1,"TOI191.01:P=8.159,d=16.8mmag,KP",True,,,False,336.9,False,126,199,37.0,20.76,9.8,5.2,9.3,43,0.6331658291457286,1.6159991310473056,2.2277239701650657,False,False,False,9.3
350575997,9.7688,8127.0,1.75,7,1815.4,76.53809,2417.4142,2.1,1254.0,6.76,9.3,2,0.9,0.1,9.1,4.5,2.0,9,,False,,1,1,"TOI4386.01:P=2.013,d=0.906mmag,PC",False,,,False,666.0,False,1,1,1575.0,1.0,,,,0,1.0,11.592920738169296,0.18114503216482986,False,False,False,9.3
350575997,9.7688,8127.0,1.75,7,1815.4,45.93239,2401.7267,3.6,1259.0,6.77,9.3,2,0.8,-0.8,9.3,4.6,1.0,9,,False,,1,1,"TOI4386.01:P=2.013,d=0.906mmag,PC",False,,,False,666.0,False,1,1,1454.0,1.0,,,,0,1.0,9.77852478850524,0.36815369167257606,False,False,False,9.3
354518617,8.2731,4036.3,0.6605380046367646,2,759.08,6.75516,1471.5692,3.15,333.0,1.32,15.4,4,2.8,6.2,14.7,3.7,1.0,5,"00354518617-02(2:1,ntoi=2)",True,,2,4,"TOI2540.01:P=12.72,d=1.24mmag,CP;TOI2540.02:P=22.08,d=1.11mmag,APC",False,,,True,246.9,False,4,4,449.0,1.16,12.1,14.6,9.2,4,1.0,2.6957857967140164,1.168490465317994,False,False,False,9.2
190081497,10.3364,6187.0,1.34,2,49.71,0.63511,2964.1696,2.1,277.0,2.43,10.4,70,0.0,-4.7,10.4,5.7,1.0,2,,False,2671.01(5:1),1,1,"TOI2671.01:P=3.163,d=1.23mmag,FP",True,2671.01,,False,817.5,True,56,70,216.0,7.81,10.3,3.8,9.2,20,0.8,1.9643904309166822,1.069033918588188,True,False,False,9.2
154927364,10.249,5821.7,1.86,3,378.11,18.78309,2402.4474,4.2,1052.0,6.58,18.5,4,8.5,7.7,20.6,3.1,2.0,7,,False,,1,1,"TOI1647.01:P=6.974,d=10mmag,FP",True,,,False,657.5,False,4,4,1065.0,1.95,15.8,42.4,9.2,3,1.0,7.559143733458459,0.5556184864444186,False,False,False,9.2
26469462,10.3657,6247.5,1.16,4,1486.97,2.61344,2202.5295,3.15,277.0,2.11,11.9,32,4.8,0.2,12.7,2.6,1.0,3,,False,,1,1,"TOI5117.01:P=11.7,d=1.01mmag,PC",False,,,False,629.1,False,25,32,195.0,9.48,11.0,10.0,9.2,14,0.78125,2.859243427516239,1.1016900378910146,False,False,False,9.2
428673146,7.0276,4944.24,0.757602989673615,5,2553.44,14.05475,1582.9177,3.6,159.0,1.04,18.0,6,4.6,2.7,16.9,2.5,2.0,3,,False,,1,1,"TOI6713.01:P=2.154,d=0.15mmag,PC",False,,"HD 104067 c(P=13.9,Radial Velocity,1:1);HD 104067 b(P=55.85,Radial Velocity,4:1)",False,158.2,False,6,6,146.0,3.16,13.1,25.4,9.2,4,1.0,3.7708893490952335,0.9546819507880189,False,False,False,9.2
214361331,9.6877,7062.0,1.3843599557876587,6,2575.77,8.04181,1628.9046,6.0,161.0,1.91,8.6,17,1.0,-7.1,7.2,3.0,1.0,13,,False,901.01(2:5),1,1,"TOI901.01:P=3.231,d=3.06mmag,PC",True,901.01,,False,444.3,True,17,17,177.0,3.35,10.4,2.7,9.2,10,1.0,4.679063246853544,1.282307950001472,True,False,False,9.2
153949511,9.76775,5544.0,0.858824,7,1683.92,0.99525,1683.5466,4.2,80.0,0.84,11.1,151,1.3,-0.6,13.8,3.5,1.0,9,,False,,2,3,"TOI1277.01:P=0,d=1.53mmag,FA;TOI1277.02:P=14.86,d=1.22mmag,PC",True,,,False,451.1,False,97,151,61.0,14.72,9.9,4.8,9.2,38,0.6423841059602649,1.6961143858162757,2.4762480851070072,False,False,False,9.2
350575997,9.7688,8127.0,1.75,7,1815.4,74.13879,2396.0642,2.1,1241.0,6.72,9.2,2,1.2,1.5,9.2,4.5,2.0,9,,False,,1,1,"TOI4386.01:P=2.013,d=0.906mmag,PC",False,,,False,666.0,False,1,1,1578.0,1.0,,,,0,1.0,11.470494941732015,0.183078412105808,False,False,False,9.2
308919449,9.8146,5614.1,1.02,23,2607.75,106.71073,1385.6411,3.0,1271.0,3.97,23.6,3,19.8,1.8,27.7,5.5,2.0,7,,False,,1,1,"TOI1942.01:P=1.656,d=0.267mmag,FP",True,,,False,469.8,False,3,3,770.0,3.31,17.9,86.8,9.2,3,1.0,9.03672581553079,0.33197864594321425,False,False,False,9.2
68573534,7.82403,7712.0,1.57,2,50.07,0.69382,2474.4315,0.5,1847.0,7.36,163.8,59,25.8,162.2,163.8,5.7,1.0,3,,False,,1,1,"TOI4597.01:P=4.666,d=7.52mmag,PC",True,,,False,3146.6,False,55,59,1773.0,3.99,9.5,1.0,9.1,12,0.9322033898305084,2.2484867560045014,0.22237177900415395,False,False,False,9.1
426471754,8.9496,5647.1,0.88,2,50.22,0.51364,3209.3983,4.2,51.0,0.69,7.2,84,1.8,-0.6,7.2,3.6,1.0,2,,False,,1,1,"TOI6871.01:P=12.47,d=1.22mmag,PC",False,,,False,280.0,False,58,84,64.0,5.54,10.3,4.3,9.1,25,0.6904761904761905,1.3827691695954658,3.0373833119440503,False,False,False,9.1
360630575,8.7215,5876.0,0.9816074872016904,3,1765.53,22.45918,2342.6397,6.0,431.0,2.22,19.5,4,4.5,-0.3,16.1,2.6,2.0,5,,False,,2,2,"TOI1097.01:P=9.189,d=0.5mmag,CP;TOI1097.02:P=13.9,d=0.703mmag,CP",False,,,False,321.8,False,4,4,333.0,2.14,12.6,10.6,9.1,4,1.0,5.2396004106468475,1.1451254923577805,False,False,False,9.1
63898957,9.03971,5890.3,1.2970049887084962,3,2904.62,21.39654,1394.6855,3.6,715.0,3.79,16.7,2,4.1,-0.8,15.4,3.4,2.0,7,,False,,2,2,"TOI261.01:P=3.364,d=0.458mmag,CP;TOI261.02:P=13.04,d=0.679mmag,CP",False,,"TOI-261.02(P=13.04,Transit,3:5)",False,287.3,True,2,2,724.0,1.08,14.0,1.3,9.1,2,1.0,6.207983801270681,0.5798984203636508,True,False,False,9.1
138168780,9.88278,6724.0,1.42,9,1663.37,6.67262,1822.1696,2.4,238.0,2.39,9.8,25,3.8,-0.7,8.4,3.8,1.0,16,,False,,1,1,"TOI1651.01:P=3.765,d=16.1mmag,KP",True,,,False,489.2,False,21,25,203.0,4.01,10.1,4.4,9.1,12,0.84,4.47197452852907,0.536675686475659,False,False,False,9.1
230088370,10.1772,6557.7,1.5743499994277954,41,1979.26,11.92386,1685.0176,3.6,98.0,1.7,7.5,70,2.0,2.1,7.5,5.4,1.0,42,,False,,1,1,"TOI1176.01:P=14.01,d=6.45mmag,PC",True,,,False,507.1,False,48,70,130.0,3.78,9.7,2.8,9.1,20,0.6857142857142857,5.813193451685761,0.6192809563143027,False,False,False,9.1
437011608,7.6253,5670.0,0.93,4,784.99,13.22294,2512.5742,6.3,402.0,2.03,31.4,4,4.2,-2.3,31.4,4.3,1.0,6,,False,,1,2,"TOI5082.01:P=4.24,d=0.915mmag,CP",False,,,False,222.0,False,4,4,403.0,1.63,16.6,30.7,9.0,3,1.0,4.236165661496911,1.4871939634612408,False,False,False,9.0
148782377,8.39816,6383.0,1.41048002243042,4,1684.69,1.19807,1738.9452,7.2,42.0,1.0,8.7,56,0.2,0.1,8.7,2.8,2.0,5,,False,,1,1,"TOI1415.01:P=14.42,d=1.15mmag,PC",False,,,False,224.0,False,42,56,53.0,4.81,10.1,5.0,9.0,20,0.75,2.511579818789002,2.866721553556516,False,False,False,9.0
438260486,7.564,4544.0,0.75,5,811.48,12.97929,2448.4114,3.0,130.0,0.93,12.1,10,3.0,1.4,10.1,4.1,2.0,4,,False,,1,1,"TOI5084.01:P=5.832,d=0.298mmag,PC",False,,,False,166.0,False,9,10,149.0,3.8,12.4,11.5,9.0,8,0.9,3.6475348358307094,0.8224732963562673,False,False,False,9.0
26826078,10.2832,4604.0,0.68,5,785.11,33.62966,2513.4244,3.6,1658.0,3.02,18.5,2,3.1,-1.7,17.0,4.2,1.0,7,,False,,1,1,"TOI5096.01:P=2.875,d=26mmag,KP",True,,,False,695.3,False,2,2,1819.0,1.12,14.3,2.7,9.0,2,1.0,4.693048704523717,0.767091975101365,False,False,False,9.0
138168780,9.88278,6724.0,1.42,9,1663.37,0.58668,1816.4071,4.2,54.0,1.13,9.0,346,1.3,-1.1,10.1,5.3,1.0,16,,False,,1,1,"TOI1651.01:P=3.765,d=16.1mmag,KP",True,,,False,489.2,False,203,342,62.0,9.82,9.4,6.0,9.0,88,0.5935672514619883,1.9885397864446346,2.112102573270257,False,False,False,9.0
367855829,9.9558,5697.0,1.29609,37,1979.26,90.44868,1767.5353,3.6,438.0,2.96,14.9,12,3.5,2.5,20.2,6.4,2.0,10,,False,,1,1,"TOI2253.01:P=85.42,d=1.23mmag,FA",True,,,False,562.6,False,9,12,412.0,6.76,12.5,26.0,9.0,8,0.75,10.033038489056862,0.3588145310043968,False,False,False,9.0
440887364,8.6486,4476.0,0.69,3,2198.02,9.14763,1604.5505,2.1,376.0,1.46,13.6,7,4.8,2.7,14.1,3.1,1.0,9,,False,,2,2,"TOI836.01:P=8.595,d=1.24mmag,CP;TOI836.02:P=3.817,d=0.63mmag,CP",False,,,False,282.5,False,4,6,474.0,1.98,11.5,16.8,8.9,4,0.6666666666666666,3.0705102481005238,0.6839254164024042,False,False,False,8.9
63898957,9.03971,5890.3,1.2970049887084962,3,2904.62,23.48984,1393.9824,3.15,764.0,3.91,16.5,2,0.0,0.5,15.4,3.4,2.0,7,,False,,2,2,"TOI261.01:P=3.364,d=0.458mmag,CP;TOI261.02:P=13.04,d=0.679mmag,CP",False,,,False,287.3,False,2,2,785.0,1.09,14.0,1.4,8.9,2,1.0,6.404168418364915,0.491867139372366,False,False,False,8.9
356453768,10.4879,5986.5,1.56,3,76.66,13.41025,2266.5481,4.2,1063.0,5.55,8.9,2,0.5,-0.5,9.0,4.6,1.0,5,,False,,1,1,"TOI2002.01:P=2.333,d=3.04mmag,FP",True,,,False,624.2,False,1,1,1405.0,1.0,,,,0,1.0,6.008558829355512,0.6990028922543643,False,False,False,8.9
423360793,7.848,5988.0,1.255499958992,6,2602.12,50.45089,1423.9611,2.4,339.0,2.52,8.9,2,0.0,0.3,8.8,3.7,2.0,5,,False,,1,2,"TOI6676.01:P=22.7,d=0.336mmag,PC",False,,,False,169.9,False,1,1,409.0,1.0,,,,0,1.0,8.085540185719955,0.29682617918821197,False,False,False,8.9
207141131,8.1796,5058.0,0.8026329874992371,6,2633.97,51.451,1381.4171,6.0,636.0,2.21,26.3,2,0.0,1.3,26.0,3.3,2.0,9,,False,,1,1,"TOI179.01:P=4.137,d=1.1mmag,CP",False,,,False,299.0,False,2,2,693.0,1.29,14.0,13.6,8.9,2,1.0,6.039730643720419,0.993421785496059,False,False,False,8.9
253864764,8.8688,4794.0,0.77,2,754.33,12.05819,3133.2173,4.2,707.0,2.23,18.9,2,2.3,-0.5,15.0,3.7,1.0,3,,False,,1,1,"TOI6678.01:P=3.427,d=0.917mmag,PC",False,,,False,395.0,False,2,2,782.0,1.18,12.8,5.3,8.8,2,1.0,3.6221198673013566,1.1595419682036063,False,False,False,8.8
5972036,9.9853,6850.0,1.49,2,355.43,1.53888,3719.2052,4.5,147.0,1.97,8.2,30,0.7,1.4,8.2,3.4,1.0,1,,False,,1,1,"TOI6976.01:P=1.735,d=1.09mmag,PC",False,,,False,490.9,False,27,30,147.0,4.13,10.1,2.7,8.8,11,0.9,2.831831389731986,1.589077660596839,False,False,False,8.8
63898957,9.03971,5890.3,1.2970049887084962,3,2904.62,22.05186,1394.4511,3.15,767.0,3.92,16.8,2,0.0,-0.8,13.9,2.8,2.0,7,,False,,2,2,"TOI261.01:P=3.364,d=0.458mmag,CP;TOI261.02:P=13.04,d=0.679mmag,CP",False,,"TOI-261.02(P=13.04,Transit,3:5)",False,287.3,True,2,2,783.0,1.08,13.9,1.2,8.8,2,1.0,6.270725652509816,0.5023342073240333,True,False,False,8.8
33692729,8.7615,6114.0,1.00528001785278,4,2822.29,23.17372,1472.8869,1.5,665.0,2.83,8.8,2,0.9,4.4,8.6,3.2,2.0,6,,False,,1,1,"TOI469.01:P=13.63,d=1.28mmag,CP",False,,,False,265.6,False,1,1,681.0,1.0,,,,0,1.0,5.379372012972009,0.27884295720445557,False,False,False,8.8
26469462,10.3657,6247.5,1.16,4,1486.97,7.86006,2207.742,3.15,530.0,2.91,13.0,11,5.0,-1.5,13.5,3.0,1.0,3,"00026469462-02(3:2,ntoi=2)",True,5117.01(3:2),1,1,"TOI5117.01:P=11.7,d=1.01mmag,PC",False,5117.01,,False,629.1,True,10,11,263.0,6.98,11.8,18.2,8.8,7,0.9090909090909091,4.1272005612642815,0.763229204212713,True,False,False,8.8
438260486,7.564,4544.0,0.75,5,811.48,12.7974,2449.3427,2.1,122.0,0.91,10.4,10,1.2,-0.7,10.0,3.7,1.0,4,,False,,1,1,"TOI5084.01:P=5.832,d=0.298mmag,PC",False,,,False,166.0,False,10,10,103.0,5.4,12.2,15.5,8.8,6,1.0,3.630415932459469,0.5784461172131673,False,False,False,8.8
310009611,9.529,5776.0,0.97,6,2529.55,14.53239,1552.9938,4.5,492.0,2.35,17.6,7,5.4,3.2,22.8,3.7,2.0,7,,False,,1,1,"TOI740.01:P=2.131,d=0.52mmag,PC",False,,,False,454.8,False,7,7,301.0,5.57,13.0,36.2,8.8,5,1.0,4.496091403354666,1.0008693321142044,False,False,False,8.8
198384408,6.3196,5470.16,1.1485,37,1979.26,106.56475,1721.4753,4.2,191.0,1.73,24.3,4,7.4,1.1,22.1,4.8,2.0,10,"00198384408-01(2:1,ntoi=1)",True,,1,1,"TOI1689.01:P=9.124,d=0.308mmag,FA",True,,,False,112.2,False,4,4,135.0,3.84,11.3,26.2,8.8,4,1.0,9.77612660397559,0.42961800415841744,False,False,False,8.8
229455001,9.01932,6179.0,1.14,38,1979.26,0.54769,1683.7273,1.05,22.0,0.58,7.3,1498,0.7,6.7,7.8,6.7,1.0,20,"00229455001-02(1:2,ntoi=2);00229455001-02(1:2,ntoi=2);00229455001-02(1:2,ntoi=2);00229455001-02(1:2,ntoi=2);00229455001-02(1:2,ntoi=2)",True,,1,1,"TOI1744.01:P=22.34,d=0.513mmag,CP",False,,,False,286.7,False,840,1493,25.0,20.67,9.0,1.5,8.8,112,0.5626255860683188,1.6787645846518637,0.6254599421501051,False,False,False,8.8
219776325,10.3727,5740.2,1.19,42,1979.26,13.41917,1695.4876,3.0,196.0,1.82,11.2,62,3.2,-0.3,18.2,5.1,1.0,18,,False,,1,1,"TOI1610.01:P=2.529,d=0.42mmag,PC",False,,,False,633.1,False,44,62,130.0,18.65,9.6,8.8,8.8,17,0.7096774193548387,5.017431898616692,0.5979154397346381,False,False,False,8.8
354518617,8.2731,4036.3,0.6605380046367646,2,759.08,16.23383,1474.6817,2.25,466.0,1.56,15.2,3,0.4,5.0,14.0,3.3,2.0,5,,False,,2,4,"TOI2540.01:P=12.72,d=1.24mmag,CP;TOI2540.02:P=22.08,d=1.11mmag,APC",False,,,False,246.9,True,3,3,469.0,1.16,11.4,0.7,8.7,3,1.0,3.6108864540917107,0.6231156887944762,True,False,False,8.7
388076005,9.39435,5932.2,1.0,2,191.41,3.42469,1792.3605,6.3,164.0,1.4,7.2,13,0.6,6.4,6.2,2.8,0.5,3,"00388076005-01(1:2,ntoi=1);00388076005-01(1:2,ntoi=1);00388076005-01(1:2,ntoi=1)",True,1622.01(1:2),1,1,"TOI1622.01:P=1.713,d=0.369mmag,FP",True,1622.01,,True,1214.0,True,13,13,444.0,2.88,9.1,4.1,8.7,12,1.0,2.8341013866961116,2.2229268259680373,True,False,False,8.7
175193677,6.3687,6061.77,1.22567999362946,4,759.15,39.6638,2565.292,4.2,373.0,2.58,36.3,2,16.8,-1.2,36.1,3.4,2.0,3,,False,,1,1,"TOI5140.01:P=15.61,d=0.565mmag,PC",False,,"HD 73344 b(P=15.61,Transit,2:5);HD 73344 c(P=65.94,Radial Velocity,5:3)",False,123.5,True,2,2,406.0,1.55,23.4,188.5,8.7,2,1.0,7.343861290796511,0.5719062266690049,True,False,False,8.7
27491137,8.3745,5149.6,0.77,4,1684.69,0.53252,1739.095,7.2,266.0,1.37,58.8,117,7.9,0.0,129.1,2.8,1.0,8,,False,,3,3,"TOI2076.01:P=10.36,d=1mmag,CP;TOI2076.02:P=35.13,d=2.25mmag,CP;TOI2076.03:P=21.02,d=2.25mmag,CP",False,,,False,1067.6,False,65,112,57.0,86.81,13.5,92.5,8.7,53,0.5803571428571429,1.2803068976288403,5.623651652064498,False,False,False,8.7
379931600,9.5967,4884.5,1.3,4,1142.31,8.37201,2398.0888,2.4,437.0,2.96,9.9,7,3.5,-1.2,9.2,3.2,1.0,7,,False,,1,1,"TOI1158.01:P=2.926,d=7.32mmag,FP",True,,,False,513.0,False,7,7,513.0,2.12,11.1,6.8,8.7,4,1.0,4.547580983099035,0.5277531085030782,False,False,False,8.7
378291076,9.53523,6594.0,1.49,6,782.47,5.60995,2856.7342,3.6,132.0,1.87,7.5,23,1.1,-2.7,8.2,4.0,1.0,2,,False,,1,1,"TOI1620.01:P=1.598,d=0.321mmag,PC",False,,,False,395.0,False,18,23,201.0,2.11,10.1,6.1,8.7,12,0.782608695652174,4.358316878459766,0.8260069426783498,False,False,False,8.7
64071894,9.6438,5164.0,0.829518973827362,6,2879.65,38.68111,1421.3643,3.6,655.0,2.32,15.3,5,7.0,-1.6,17.3,3.1,2.0,3,,False,,1,1,"TOI458.01:P=17.53,d=1.23mmag,PC",False,,,False,484.4,False,5,5,533.0,1.96,13.1,6.1,8.7,4,1.0,5.613824345060918,0.6412740724898714,False,False,False,8.7
193023697,8.5953,5039.0,0.74,7,2555.15,52.98574,1583.3193,3.15,495.0,1.8,10.9,2,0.0,1.6,12.3,4.6,2.0,2,,False,,1,1,"TOI6266.01:P=2.79,d=0.284mmag,PC",False,,,False,241.6,False,2,2,669.0,1.17,13.2,5.4,8.7,2,1.0,5.777621783785286,0.5452070277151709,False,False,False,8.7
201793781,8.4642,5711.7,1.1214799880981443,8,2878.5,16.59712,1361.5176,4.8,104.0,1.25,9.9,14,2.0,0.4,9.7,3.2,1.0,8,,False,,1,1,"TOI248.01:P=5.991,d=0.423mmag,CP",False,,,False,233.8,False,11,14,89.0,5.15,11.9,13.0,8.7,7,0.7857142857142857,5.177024547758974,0.9271735058853101,False,False,False,8.7
340458804,10.3607,7923.0,1.51839995384216,18,1951.79,0.5635,2036.9436,0.75,164.0,2.12,16.7,739,0.8,-14.4,10.1,6.2,1.0,8,,False,,1,1,"TOI4510.01:P=194.2,d=0.881mmag,PC",False,,,False,1107.9,False,500,736,169.0,10.35,8.8,0.5,8.7,7,0.6793478260869565,2.0516206203461103,0.36556466266822485,False,False,False,8.7
198384408,6.3196,5470.16,1.1485,37,1979.26,18.81884,1700.7784,3.15,40.0,0.79,15.2,41,0.3,-1.4,21.3,6.3,0.5,10,,False,,1,1,"TOI1689.01:P=9.124,d=0.308mmag,FA",True,,,False,112.2,False,32,41,26.0,12.95,10.6,10.4,8.7,14,0.7804878048780488,5.48478881583539,0.5743156401766076,False,False,False,8.7
283722336,4.6278,4884.29,0.7502990067005157,5,1845.45,0.54758,1765.2634,3.6,9.0,0.24,14.9,205,0.6,0.8,15.7,3.9,1.0,18,,False,,2,2,"TOI1469.01:P=3.093,d=0.276mmag,KP;TOI1469.02:P=6.765,d=0.292mmag,KP",False,,,False,59.1,False,117,204,5.0,24.65,9.3,5.4,8.6,44,0.5735294117647058,1.270126763893649,2.834362759953177,False,False,False,8.6
22903436,8.1532,4526.0,0.72,5,1492.5,0.99145,1931.2453,3.6,66.0,0.64,14.1,78,2.6,3.1,18.6,3.0,1.0,2,,False,,1,2,"TOI7032.01:P=17.75,d=1.31mmag,PC",False,,,False,262.9,False,55,78,30.0,19.39,10.2,7.1,8.6,20,0.7051282051282052,1.506099152063326,2.3902808756435934,False,False,False,8.6
303523128,9.7119,4595.0,0.68,5,811.52,63.15666,2453.883,2.25,1728.0,3.08,22.1,2,1.5,-2.5,25.0,4.6,2.0,4,,False,,1,1,"TOI5078.01:P=1.511,d=0.443mmag,PC",False,,,False,479.9,False,2,2,1713.0,1.09,13.2,1.2,8.6,2,1.0,5.790116304170587,0.38859323056763784,False,False,False,8.6
178284730,10.3074,5260.0,0.844379007816315,5,2879.65,51.92852,1413.1979,3.15,1289.0,3.31,13.4,2,1.8,3.1,11.2,3.3,2.0,7,,False,,1,1,"TOI418.01:P=2.236,d=20.9mmag,KP",True,,,False,651.1,False,2,2,1371.0,1.16,12.2,3.8,8.6,2,1.0,6.266646941415017,0.5026611566677356,False,False,False,8.6
383721338,10.4895,6490.0,1.46589994430542,6,1115.47,1.65151,2392.3754,3.0,116.0,1.72,7.0,88,0.1,-2.4,6.4,3.9,1.0,7,,False,,1,2,"TOI4553.01:P=20.31,d=5.65mmag,PC",True,,,False,638.5,False,66,88,173.0,4.04,8.9,2.3,8.6,19,0.75,2.8679500436452505,1.0460433251434569,False,False,False,8.6
467666275,8.004,6711.0,1.7756799459457395,7,2528.82,1.38117,1572.0562,3.6,36.0,1.16,9.6,118,1.1,0.2,7.5,4.9,2.0,5,"00467666275-01(1:1,ntoi=1);00467666275-01(1:1,ntoi=1);00467666275-01(1:1,ntoi=1);00467666275-01(1:1,ntoi=1);00467666275-01(1:1,ntoi=1)",True,1204.01(1:1),1,1,"TOI1204.01:P=1.381,d=0.128mmag,PC",False,1204.01,,False,187.5,True,79,118,28.0,7.42,9.1,2.2,8.6,24,0.6694915254237288,3.070438946481732,1.1724707974164628,True,False,False,8.6
352764091,8.593,5891.0,1.21036994457245,18,1924.47,24.05421,1721.2981,3.0,127.0,1.49,9.7,17,2.1,0.7,18.8,3.4,2.0,28,,False,1287.01(2:5),1,1,"TOI1287.01:P=9.6,d=0.413mmag,PC",False,1287.01,,False,250.8,True,14,17,91.0,26.18,9.2,14.4,8.6,6,0.8235294117647058,6.164304459413515,0.4866729117214023,True,False,False,8.6
68573534,7.82403,7712.0,1.57,2,50.07,0.72538,2474.4003,0.5,1756.0,7.18,154.8,59,2.9,-39.8,153.8,5.2,1.0,3,,False,,1,1,"TOI4597.01:P=4.666,d=7.52mmag,PC",True,,,False,3146.6,False,49,58,1858.0,3.11,8.8,1.0,8.5,9,0.8448275862068966,2.2820750421226577,0.21909884240043578,False,False,False,8.5
316916655,9.19901,6805.0,1.44,2,2607.67,3.82474,1440.1126,4.2,132.0,1.81,8.5,16,1.6,-3.7,8.5,3.0,1.0,2,,False,441.01(3:4),1,1,"TOI441.01:P=2.874,d=2.71mmag,FP",True,441.01,,False,343.8,True,12,16,232.0,1.4,9.6,5.0,8.5,11,0.75,3.749591258432588,1.1201220907890885,True,False,False,8.5
6764171,10.2692,6055.0,1.13355994224548,3,1077.67,24.0676,3145.5543,3.0,792.0,3.48,9.0,2,0.2,1.1,7.2,3.5,2.0,4,,False,,1,1,"TOI6685.01:P=10.77,d=1.03mmag,PC",False,,,False,525.3,False,2,2,1039.0,1.1,11.9,1.4,8.5,2,1.0,5.901769123542542,0.5083221551369748,False,False,False,8.5
189013222,10.2892,5136.1,0.84,3,2116.21,25.09888,2185.6462,2.1,5028.0,6.5,35.4,3,16.1,0.2,34.1,3.3,2.0,0,,False,,2,2,"TOI949.01:P=1.323,d=0.782mmag,FP",True,,,False,1598.5,False,3,3,7936.0,1.02,33.9,75.2,8.5,2,1.0,4.900938643359506,0.42848934720808657,False,False,False,8.5
207141131,8.1796,5058.0,0.8026329874992371,6,2633.97,39.74586,1364.8859,3.6,600.0,2.14,28.1,4,4.6,1.3,26.2,3.3,2.0,9,,False,,1,1,"TOI179.01:P=4.137,d=1.1mmag,CP",False,,,False,299.0,False,3,4,498.0,2.04,13.5,24.3,8.5,3,0.75,5.541792536524661,0.6496093053417717,False,False,False,8.5
310009611,9.529,5776.0,0.97,6,2529.55,19.69487,1551.275,6.0,357.0,2.0,14.7,8,12.0,2.5,19.4,2.8,2.0,7,,False,,1,1,"TOI740.01:P=2.131,d=0.52mmag,PC",False,,,False,454.8,False,7,8,422.0,3.36,12.7,35.1,8.5,6,0.875,4.9755430666806975,1.205898515918734,False,False,False,8.5
178155732,5.9053,6308.31,1.284500002861023,7,2879.65,3.98293,1413.0387,3.6,27.0,0.72,12.6,40,4.3,3.8,11.0,3.3,1.0,18,"00178155732-02(3:2,ntoi=3);00178155732-02(3:2,ntoi=2);00178155732-02(3:2,ntoi=3);00178155732-02(3:2,ntoi=3);00178155732-02(3:2,ntoi=2);00178155732-02(3:2,ntoi=2)",True,396.01(3:2),3,3,"TOI396.01:P=5.974,d=0.253mmag,CP;TOI396.02:P=3.585,d=0.195mmag,CP;TOI396.03:P=11.23,d=0.23mmag,CP",False,396.01,"HR 858 c(P=5.974,Transit,3:2)",False,93.3,True,26,40,18.0,10.23,10.2,9.2,8.5,14,0.65,3.5218046157826746,1.0222032147572582,True,False,False,8.5
120826158,9.00568,6156.0,1.34,7,1849.41,2.57223,1683.5684,2.25,146.0,1.77,11.7,42,0.4,-1.0,6.0,3.7,2.0,16,"00120826158-01(2:1,ntoi=1);00120826158-01(2:1,ntoi=2);00120826158-02(1:1,ntoi=2);00120826158-02(1:1,ntoi=2);00120826158-01(2:1,ntoi=2);00120826158-01(2:1,ntoi=2);00120826158-02(1:1,ntoi=2);00120826158-01(2:1,ntoi=2);00120826158-02(1:1,ntoi=2);00120826158-01(2:1,ntoi=2);00120826158-02(1:1,ntoi=2);00120826158-01(2:1,ntoi=1);00120826158-01(2:1,ntoi=2);00120826158-02(1:1,ntoi=2);00120826158-01(2:1,ntoi=1);00120826158-01(2:1,ntoi=1)",True,4495.01(2:1);4495.02(1:1),2,2,"TOI4495.01:P=5.183,d=0.728mmag,CP;TOI4495.02:P=2.569,d=0.315mmag,PC",False,4495.01;4495.02,"TOI-4495 c(P=5.186,Transit,2:1);TOI-4495 b(P=2.567,Transit,1:1)",False,309.2,True,31,41,99.0,13.13,10.1,7.5,8.5,14,0.7560975609756098,3.131228486200029,0.7185678112971363,True,False,False,8.5
410214986,7.8541,5414.0,0.951985001564026,10,2879.02,37.28639,1327.2432,7.2,2764.0,5.46,213.0,5,7.6,-12.0,244.7,3.2,1.0,39,"00410214986-01(1:2,ntoi=1)",True,,1,1,"TOI200.01:P=8.138,d=4.88mmag,CP",True,,,False,1204.5,False,3,5,2972.0,2.27,24.3,228.6,8.5,3,0.6,6.078715402153487,1.1844607821990283,False,False,False,8.5
367855829,9.9558,5697.0,1.29609,37,1979.26,106.12232,1739.9822,3.15,595.0,3.45,17.0,9,10.7,0.9,22.1,5.7,2.0,10,,False,2253.01(4:5),1,1,"TOI2253.01:P=85.42,d=1.23mmag,FA",True,2253.01,,False,562.6,True,9,9,161.0,18.28,11.8,43.9,8.5,4,1.0,10.581989164523097,0.2976756024812999,True,False,False,8.5
6764171,10.2692,6055.0,1.13355994224548,3,1077.67,23.11651,3138.6699,3.15,833.0,3.57,9.8,2,0.0,0.1,7.6,3.5,2.0,4,,False,,1,1,"TOI6685.01:P=10.77,d=1.03mmag,PC",False,,,False,525.3,False,2,2,909.0,1.1,12.0,1.5,8.4,2,1.0,5.822981049824562,0.5409600294156728,False,False,False,8.4
73038411,10.339,6368.0,1.52,3,1487.59,1.40464,2229.3287,3.15,199.0,2.34,10.1,48,3.0,-4.8,9.0,4.1,1.0,4,,False,,1,1,"TOI978.01:P=13.17,d=6.2mmag,PC",True,,,False,611.4,False,38,48,208.0,3.6,9.3,2.5,8.4,14,0.7916666666666666,2.7837209412600123,1.1315789428857752,False,False,False,8.4
68893269,10.3535,5086.0,0.877821981906891,3,785.02,4.20538,2477.481,1.12,974.0,2.99,8.4,4,3.2,0.3,8.7,5.8,1.0,5,"00068893269-01(1:1,ntoi=1);00068893269-01(1:1,ntoi=1);00068893269-01(1:1,ntoi=1);00068893269-01(1:1,ntoi=1);00068893269-01(1:1,ntoi=1)",True,5544.01(1:1),1,1,"TOI5544.01:P=4.205,d=1.39mmag,PC",False,5544.01,,False,586.2,True,4,4,1095.0,1.38,12.3,5.1,8.4,4,1.0,2.7823665508251305,0.402535028919125,True,False,False,8.4
175193677,6.3687,6061.77,1.22567999362946,4,759.15,36.42,2550.842,4.2,348.0,2.49,33.9,2,19.3,1.0,34.0,3.1,2.0,3,,False,,1,1,"TOI5140.01:P=15.61,d=0.565mmag,PC",False,,,False,123.5,False,2,2,398.0,1.58,22.9,214.7,8.4,2,1.0,7.137941857263679,0.5884049049413335,False,False,False,8.4
427765233,8.7622,5626.0,1.0,5,782.48,3.80032,2856.4642,3.0,101.0,1.1,9.2,31,2.4,1.4,14.0,5.2,0.5,2,,False,,1,2,"TOI6973.01:P=31.65,d=1.02mmag,PC",False,,,False,274.9,False,24,31,96.0,10.88,10.7,11.7,8.4,13,0.7741935483870968,2.9341457502010635,1.022444096307903,False,False,False,8.4
62483237,9.3636,4356.0,0.700726985931396,5,2934.82,20.94715,1339.6701,4.2,1419.0,2.88,30.7,2,0.0,0.5,36.6,3.8,2.0,8,,False,,1,1,"TOI139.01:P=11.07,d=1.25mmag,CP",False,,,False,505.0,False,2,2,1612.0,1.6,15.7,137.9,8.4,2,1.0,4.088988008758791,1.0271490136443093,False,False,False,8.4
153949511,9.76775,5544.0,0.858824,7,1683.92,15.00988,1692.4685,2.25,670.0,2.42,13.3,5,3.1,-2.8,14.0,3.6,1.0,9,,False,,2,3,"TOI1277.01:P=0,d=1.53mmag,FA;TOI1277.02:P=14.86,d=1.22mmag,PC",True,,,False,451.1,True,5,5,661.0,2.39,13.6,13.9,8.4,5,1.0,4.19054152954446,0.5369234463223634,True,False,False,8.4
304339227,8.6577,6324.0,1.12576997280121,8,2520.19,51.05142,1673.258,4.8,389.0,2.42,13.3,2,0.2,2.7,13.0,7.5,1.0,4,,False,,1,2,"TOI4629.01:P=714.7,d=0.496mmag,PC",False,,,False,254.9,False,2,2,446.0,1.03,12.3,0.1,8.4,2,1.0,7.548210621791316,0.6359123029957104,False,False,False,8.4
328350926,8.300901,5624.7,1.44028997421265,2,758.75,18.60333,1421.3398,2.4,1642.0,6.37,47.2,3,18.3,7.7,42.7,3.6,2.0,3,,False,,1,1,"TOI392.01:P=0.8491,d=5.34mmag,APC",True,,,False,379.0,False,3,3,1958.0,1.22,17.5,83.8,8.3,2,1.0,6.353872304070594,0.37772241637000564,False,False,False,8.3
366074071,10.2955,6293.8,1.76,2,569.78,0.60104,2882.8333,6.3,372.0,3.7,18.6,72,4.7,-1.2,24.2,2.9,1.0,3,,False,,2,3,"TOI7035.01:P=4.181,d=7.64mmag,PC",True,,,False,1429.7,False,43,71,129.0,72.0,8.8,14.2,8.3,27,0.6056338028169014,2.313047392324442,2.723679601596474,False,False,False,8.3
11111899,9.6996,7812.5,1.79,5,1139.0,5.55551,2422.5603,4.5,307.0,3.42,10.3,21,2.7,-4.9,10.3,2.6,0.5,8,,False,,1,1,"TOI1313.01:P=0.6193,d=2.01mmag,FP",True,,,False,526.8,False,20,21,242.0,3.4,9.7,2.7,8.3,8,0.9523809523809523,4.909285537211147,0.9166303255109393,False,False,False,8.3
257605131,10.2666,5481.0,0.856226027011871,5,2879.58,28.59249,1438.2107,3.15,3314.0,5.38,29.9,2,8.7,3.1,29.8,3.2,2.0,6,,False,,3,5,"TOI451.01:P=16.36,d=2.26mmag,CP;TOI451.02:P=1.859,d=0.54mmag,CP;TOI451.03:P=9.191,d=1.02mmag,CP",False,,,False,675.1,False,2,2,3445.0,1.32,21.0,36.8,8.3,2,1.0,5.184233690428436,0.607611498265557,False,False,False,8.3
183532609,9.1468,5600.0,1.0,6,2936.45,2.49942,1356.1575,3.0,96.0,1.07,9.5,55,0.1,-0.8,11.9,3.2,0.5,9,,False,,1,1,"TOI191.01:P=8.159,d=16.8mmag,KP",True,,,False,336.9,False,38,54,68.0,7.67,9.2,5.2,8.3,14,0.7037037037037037,2.5516515899476326,1.1757091022217374,False,False,False,8.3
201793781,8.4642,5711.7,1.1214799880981443,8,2878.5,10.82114,1354.3926,4.8,75.0,1.06,8.2,18,3.7,-0.8,9.5,3.1,1.0,8,,False,,1,1,"TOI248.01:P=5.991,d=0.423mmag,CP",False,,,False,233.8,False,15,18,75.0,3.34,9.7,4.8,8.3,9,0.8333333333333334,4.489110732113245,1.0692540875997514,False,False,False,8.3
83092282,8.5615,7056.0,1.40719997882843,8,2229.09,6.29799,1523.8662,7.2,56.0,1.15,8.7,30,2.6,-2.0,8.7,4.2,0.5,13,,False,,1,1,"TOI622.01:P=6.403,d=4.15mmag,CP",True,,"TOI-622 b(P=6.403,Transit,1:1)",False,243.4,True,23,30,34.0,12.11,9.4,6.9,8.3,10,0.7666666666666667,4.360264445164839,1.6512759926715421,True,False,False,8.3
115623434,10.2455,4962.0,0.79,8,1523.67,38.9258,1968.9261,3.15,1882.0,3.74,23.4,3,12.3,0.2,25.0,4.0,2.0,5,,False,,1,1,"TOI2279.01:P=3.143,d=0.872mmag,PC",False,,,False,871.6,False,3,3,1945.0,2.06,11.4,46.9,8.3,2,1.0,5.4455138947434625,0.5784578023096563,False,False,False,8.3
48031665,9.06584,7800.0,1.57457995414734,12,1875.68,0.53866,1683.4776,0.5,207.0,2.47,24.2,500,0.5,18.5,13.8,9.6,1.0,16,"00048031665-02(1:2,ntoi=6)",True,,1,1,"TOI4588.01:P=13.12,d=0.362mmag,PC",False,,,False,512.8,False,341,496,111.0,7.93,8.4,0.8,8.3,13,0.6875,2.0705688767051225,0.24147953039632541,False,False,False,8.3
328350926,8.300901,5624.7,1.44028997421265,2,758.75,16.9122,1421.3461,2.1,1705.0,6.49,46.3,3,14.5,3.8,42.7,3.6,2.0,3,,False,,1,1,"TOI392.01:P=0.8491,d=5.34mmag,APC",True,,,False,379.0,False,2,3,1911.0,1.13,14.6,48.6,8.2,2,0.6666666666666666,6.155192234417643,0.3411753719498065,False,False,False,8.2
67395329,8.6781,5450.0,0.86894702911377,1,23.49,9.37286,3236.9031,2.25,771.0,2.63,8.2,2,1.3,-1.6,8.2,4.6,1.0,1,"00067395329-01(2:1,ntoi=1)",True,6873.01(2:1),1,1,"TOI6873.01:P=18.82,d=1.07mmag,PC",False,6873.01,,False,275.7,True,1,1,878.0,1.0,,,,0,1.0,3.6098947450667667,0.6232868709191091,True,False,False,8.2
4646810,8.8723,4884.0,0.74413001537323,2,758.83,22.93223,1430.8336,1.5,817.0,2.32,14.1,2,0.0,0.5,10.7,3.0,2.0,2,,False,,1,1,"TOI461.01:P=10.92,d=0.71mmag,CP",False,,,False,274.6,False,2,2,920.0,1.08,13.7,1.2,8.2,2,1.0,4.386548532989558,0.3419544976464007,False,False,False,8.2
4646810,8.8723,4884.0,0.74413001537323,2,758.83,23.67199,1430.8336,1.5,817.0,2.32,14.1,2,1.0,0.9,10.7,3.0,2.0,2,,False,,1,1,"TOI461.01:P=10.92,d=0.71mmag,CP",False,,,False,274.6,False,2,2,920.0,1.08,13.7,1.2,8.2,2,1.0,4.433218110163858,0.3383546585630451,False,False,False,8.2
350293646,10.0471,5238.0,0.84,3,1487.66,12.5464,2229.2881,3.0,2931.0,4.96,42.7,4,12.0,1.9,60.5,3.7,2.0,7,,False,,2,2,"TOI2548.01:P=8.523,d=20.8mmag,KP;TOI2548.02:P=1.447,d=0.596mmag,CP",True,,"WASP-84 b(P=8.523,Transit,2:3)",False,642.0,True,4,4,1801.0,3.86,26.9,345.1,8.2,3,1.0,3.889563456592081,0.771294782430034,True,False,False,8.2
158075010,8.38689,6594.0,1.59978,4,1684.69,23.1914,1750.2827,4.8,240.0,2.71,12.2,4,4.5,-1.0,11.1,2.4,2.0,2,,False,,1,1,"TOI2074.01:P=177.6,d=0.495mmag,PC",False,,,False,225.5,False,4,4,239.0,1.68,11.8,9.6,8.2,3,1.0,7.334279532214811,0.654461011325879,False,False,False,8.2
159851831,10.4514,4579.0,0.8,4,1522.47,1.00594,1984.4355,3.15,142.0,1.04,8.7,95,0.8,2.6,9.5,3.6,2.0,1,,False,,1,1,"TOI5741.01:P=24,d=1.35mmag,PC",False,,,False,651.1,False,59,95,71.0,24.93,9.1,6.7,8.2,29,0.6210526315789474,1.6235249901997861,1.9402226753604639,False,False,False,8.2
117979455,8.96,5999.0,1.34654998779297,5,2852.57,32.21211,1447.9438,3.6,1363.0,5.42,35.3,5,4.6,9.1,37.1,3.5,2.0,2,,False,,2,2,"TOI422.01:P=0.6333,d=1.16mmag,APC",False,,,False,1409.5,False,5,5,2054.0,1.73,11.5,11.3,8.2,4,1.0,7.295073502624579,0.4934837186636726,False,False,False,8.2
117979455,8.96,5999.0,1.34654998779297,5,2852.57,2.00817,1438.4469,1.8,444.0,3.09,31.2,66,2.5,9.0,36.1,3.6,2.0,2,,False,,2,2,"TOI422.01:P=0.6333,d=1.16mmag,APC",False,,,False,1409.5,False,47,66,454.0,6.59,9.0,3.5,8.2,19,0.7121212121212122,2.892611482543399,0.6222750655809837,False,False,False,8.2
178284730,10.3074,5260.0,0.844379007816315,5,2879.65,26.15982,1425.6667,3.15,975.0,2.88,12.5,3,1.4,-4.2,12.1,3.8,2.0,7,,False,,1,1,"TOI418.01:P=2.236,d=20.9mmag,KP",True,,,False,651.1,False,3,3,1228.0,1.14,10.9,5.0,8.2,3,1.0,4.9862972301855635,0.6317312937004306,False,False,False,8.2
138588540,8.0621,5393.86,0.7355110049247742,6,1683.92,18.84495,1696.5936,3.15,227.0,1.21,14.1,6,6.5,0.8,13.3,3.2,2.0,11,,False,,1,1,"TOI1434.01:P=29.87,d=0.774mmag,PC",False,,,False,214.0,False,6,6,198.0,4.16,13.3,33.3,8.2,4,1.0,4.076925173433149,0.7726411121122951,False,False,False,8.2
154872375,9.02855,5962.7,1.15,11,1979.27,6.86214,1688.5774,3.6,190.0,1.73,18.1,35,3.4,6.7,31.7,3.8,1.0,20,,False,,1,1,"TOI1135.01:P=8.028,d=6.14mmag,CP",True,,,True,374.6,False,24,35,60.0,40.25,14.9,53.9,8.2,12,0.6857142857142857,3.9218716722387086,0.9179290657271875,False,False,False,8.2
418301643,9.62005,6675.0,1.49,12,1897.93,13.92483,1778.4055,4.2,135.0,1.89,8.0,20,1.0,-2.5,8.2,3.9,0.5,4,,False,,1,1,"TOI6247.01:P=24.09,d=0.566mmag,PC",False,,,True,390.8,False,18,20,125.0,4.73,9.9,6.4,8.2,10,0.9,5.901047451613184,0.7117380489546539,False,False,False,8.2
258777137,9.9478,5095.6,1.06,40,1979.26,105.43996,1756.798,4.2,732.0,3.13,18.3,9,7.5,-0.6,25.7,5.0,2.0,58,,False,,3,3,"TOI1183.01:P=5.929,d=11.2mmag,FP",True,,,False,834.7,False,7,9,552.0,5.8,13.0,37.6,8.2,6,0.7777777777777778,9.234511965522191,0.4548155891379041,False,False,False,8.2
4646810,8.8723,4884.0,0.74413001537323,2,758.83,22.23716,1430.8336,1.5,817.0,2.32,14.1,2,1.0,1.6,10.7,3.0,2.0,2,,False,,1,1,"TOI461.01:P=10.92,d=0.71mmag,CP",False,,"HD 15906 b(P=10.92,Transit,1:2)",False,274.6,True,2,2,925.0,1.08,13.7,1.0,8.1,2,1.0,4.341774691447976,0.3454808474872177,True,False,False,8.1
47384844,8.72924,6084.0,1.41,3,1740.93,15.82916,1546.304,4.2,578.0,3.7,17.5,2,1.9,-1.1,16.7,3.2,2.0,0,,False,,1,1,"TOI1022.01:P=3.096,d=0.413mmag,FA",True,,,False,299.6,False,2,2,570.0,1.18,13.2,6.0,8.1,2,1.0,5.936179053137852,0.7075258280458856,False,False,False,8.1
259606227,9.4738,6802.0,1.9,3,104.92,0.70961,4046.8471,3.15,83.0,1.88,8.1,91,0.6,7.6,8.5,5.4,1.0,1,,False,,1,1,"TOI6555.01:P=10.13,d=0.689mmag,PC",False,,,False,386.8,False,72,91,76.0,6.21,8.6,2.1,8.1,18,0.7912087912087912,2.5726691398121195,1.2244092919892693,False,False,False,8.1
144645881,9.326,6606.0,1.75209999084473,4,1842.97,0.59389,2334.9155,2.25,69.0,1.59,8.9,156,0.5,-4.2,9.1,4.6,1.0,4,,False,,1,1,"TOI4333.01:P=8.902,d=1.55mmag,PC",False,,,False,349.4,False,105,156,78.0,10.56,8.5,2.5,8.1,27,0.6730769230769231,2.2969395009405917,0.9795643285679183,False,False,False,8.1
266688542,10.1894,6854.0,1.79,4,758.91,1.18164,2825.4989,2.25,178.0,2.6,9.2,75,0.8,8.1,7.2,3.2,0.5,6,,False,1324.01(5:2),1,1,"TOI1324.01:P=2.942,d=1.52mmag,FP",True,1324.01,,False,596.2,True,54,74,201.0,3.99,8.6,2.5,8.1,22,0.7297297297297297,2.9304796463327993,0.7677923997239322,True,False,False,8.1
138588540,8.0621,5393.86,0.7355110049247742,6,1683.92,12.11807,1691.2092,3.0,133.0,0.93,11.3,11,2.5,1.8,13.7,3.4,1.0,11,,False,,1,1,"TOI1434.01:P=29.87,d=0.774mmag,PC",False,,,False,214.0,True,9,11,92.0,6.36,12.8,19.9,8.1,5,0.8181818181818182,3.5189429803606553,0.8525287328448076,True,False,False,8.1
183532609,9.1468,5600.0,1.0,6,2936.45,20.30574,1356.1325,3.6,244.0,1.7,10.6,9,2.2,-5.2,11.1,2.8,2.0,9,,False,191.01(2:5),1,1,"TOI191.01:P=8.159,d=16.8mmag,KP",True,191.01,"WASP-8 b(P=8.159,Transit,2:5)",False,336.9,True,8,9,211.0,3.17,10.4,11.5,8.1,6,0.8888888888888888,5.12957323207921,0.7018127702098882,True,False,False,8.1
89643259,10.4813,7166.8,1.87,6,789.13,0.74066,2770.6844,6.0,114.0,2.18,8.6,194,0.7,-4.4,6.2,4.2,1.0,10,"00089643259-01(3:1,ntoi=1);00089643259-01(3:1,ntoi=1);00089643259-01(3:1,ntoi=2);00089643259-02(3:1,ntoi=2);00089643259-01(3:1,ntoi=1);00089643259-01(3:1,ntoi=1);00089643259-01(3:1,ntoi=1);00089643259-01(3:1,ntoi=1);00089643259-01(3:1,ntoi=1);00089643259-01(3:1,ntoi=1)",True,1193.01(3:1),1,1,"TOI1193.01:P=2.222,d=4.78mmag,FP",True,1193.01,,False,828.4,True,133,194,102.0,10.08,8.3,2.4,8.1,45,0.6855670103092784,2.582115483953962,2.32367608547557,True,False,False,8.1
274151135,10.2809,4664.0,0.76,7,1844.59,49.38925,2071.8018,4.2,1026.0,2.66,11.7,2,0.0,-0.8,10.2,5.3,2.0,8,,False,,1,1,"TOI1105.01:P=10.87,d=1.79mmag,PC",False,,,False,563.7,False,2,2,1274.0,1.27,14.8,16.4,8.1,2,1.0,5.745063491131342,0.7310624167136782,False,False,False,8.1
236817690,9.09554,6461.0,1.53,26,1951.25,29.02686,1729.9996,7.2,73.0,1.42,7.7,22,0.5,1.2,7.9,4.9,1.0,4,,False,,1,1,"TOI7624.01:P=16.78,d=0.218mmag,PC",False,,,False,295.7,False,16,22,106.0,2.22,8.9,2.7,8.1,13,0.7272727272727273,7.672482985162411,0.9384185033611503,False,False,False,8.1
198456933,8.9072,5482.02,0.87704199552536,42,1979.25,0.92502,1683.5947,2.4,22.0,0.45,9.4,975,0.5,-2.7,11.4,6.1,1.0,7,,False,,1,1,"TOI2276.01:P=76.87,d=0.371mmag,PC",False,,,False,276.2,False,564,972,17.0,38.8,8.4,2.3,8.1,92,0.5802469135802469,1.6785679546323273,1.4297901931088006,False,False,False,8.1
421951960,9.10478,6407.0,1.24512004852295,3,2503.05,11.79069,1332.519,1.58,754.0,3.73,11.8,2,0.6,-1.1,12.1,6.0,1.0,5,"00421951960-02(1:1,ntoi=2);00421951960-01(2:1,ntoi=2);00421951960-01(1:1,ntoi=1)",True,4183.01(1:1),1,1,"TOI4183.01:P=11.79,d=0.719mmag,PC",False,4183.01,,False,291.6,True,2,2,789.0,1.01,11.4,0.0,8.0,2,1.0,4.9529299425291216,0.31900309883914946,True,False,False,8.0
428673146,7.0276,4944.24,0.757602989673615,5,2553.44,8.49833,1577.3115,4.5,68.0,0.68,13.7,15,9.7,2.9,17.1,2.6,2.0,3,,False,,1,1,"TOI6713.01:P=2.154,d=0.15mmag,PC",False,,"HD 104067 c(P=13.9,Radial Velocity,5:3)",False,158.2,True,13,15,55.0,7.03,10.4,12.9,8.0,8,0.8666666666666667,3.1887020745279697,1.4112324998772876,True,False,False,8.0
22903436,8.1532,4526.0,0.72,5,1492.5,17.7178,1932.2953,4.8,201.0,1.11,14.9,6,3.0,1.9,17.8,2.7,2.0,2,"00022903436-01(1:1,ntoi=1)",True,7032.01(1:1);CTOI22903436.01(1:1),1,2,"TOI7032.01:P=17.75,d=1.31mmag,PC",False,7032.01,,False,262.9,True,5,6,256.0,2.09,10.9,23.7,8.0,4,0.8333333333333334,3.937614751124514,1.2190120932041926,True,False,False,8.0
406672232,8.5325,5098.0,0.82,5,1875.68,2.06565,1683.99,6.0,40.0,0.57,7.8,62,1.5,2.7,6.8,4.2,1.0,8,,False,,1,1,"TOI1263.01:P=1.021,d=0.346mmag,PC",False,,,False,237.4,True,47,62,36.0,8.84,8.7,2.3,8.0,17,0.7580645161290323,2.0978275025889817,2.8601016969199082,True,False,False,8.0
151681127,9.1379,7949.0,1.82,5,2554.84,3.21242,1547.105,6.0,68.0,1.64,7.8,36,1.1,1.1,7.8,3.6,1.0,7,,False,,1,1,"TOI671.01:P=10.2,d=17.6mmag,APC",True,,,False,330.3,False,26,35,65.0,5.05,8.8,2.9,8.0,12,0.7428571428571429,4.13555048028698,1.4508346660499811,False,False,False,8.0
138588540,8.0621,5393.86,0.7355110049247742,6,1683.92,13.05941,1689.1967,3.0,176.0,1.07,13.1,9,0.4,-6.8,14.0,3.6,1.0,11,,False,,1,1,"TOI1434.01:P=29.87,d=0.774mmag,PC",False,,,False,214.0,False,8,9,133.0,4.74,13.7,23.6,8.0,6,0.8888888888888888,3.6077984117717903,0.8315320474146723,False,False,False,8.0
317597583,8.9943,5504.0,0.83,11,1897.93,0.50785,1765.2058,4.5,23.0,0.43,7.0,494,2.3,-2.0,8.7,6.2,1.0,17,,False,,1,1,"TOI1630.01:P=12.06,d=0.877mmag,CP",False,,,False,314.3,False,285,493,20.0,19.66,8.4,3.8,8.0,98,0.5780933062880325,1.3248666698780383,3.3965681998885606,False,False,False,8.0
294981566,10.1207,6734.0,1.59,39,2602.13,0.7382,1386.77,4.2,25.0,0.86,7.0,1091,0.6,-0.2,7.2,5.5,1.0,7,,False,,1,1,"TOI1219.01:P=1.914,d=0.257mmag,PC",False,,,False,481.4,False,622,1077,28.0,44.11,8.2,2.5,8.0,134,0.5775301764159703,2.3148937223689074,1.814338152726079,False,False,False,8.0
198456933,8.9072,5482.02,0.87704199552536,42,1979.25,0.61936,1683.9854,2.25,19.0,0.42,9.5,1448,1.1,6.9,13.8,8.1,1.0,7,,False,,1,1,"TOI2276.01:P=76.87,d=0.371mmag,PC",False,,,False,276.2,False,791,1446,10.0,66.56,8.2,2.5,8.0,155,0.5470262793914247,1.4684853047036364,1.5321910221322137,False,False,False,8.0
283621618,8.2942,6602.0,1.51,2,733.73,2.79543,2825.7407,3.15,100.0,1.65,8.8,18,0.9,-0.8,7.9,3.0,1.0,3,,False,,1,1,"TOI5806.01:P=3.186,d=5.17mmag,CP",True,,,False,213.2,False,14,17,121.0,2.85,9.6,4.9,7.9,9,0.8235294117647058,3.486121073056758,0.9035830752825705,False,False,False,7.9
160074939,8.7435,6467.0,1.57943,2,729.52,1.02481,1354.9328,4.2,71.0,1.45,8.9,42,0.4,0.0,8.3,3.0,1.0,0,,False,,1,1,"TOI230.01:P=13.34,d=0.641mmag,FA",True,,,False,262.8,False,27,42,80.0,4.26,9.2,5.5,7.9,14,0.6428571428571429,2.5709265391791623,1.6336522790499348,False,False,False,7.9
241225337,9.75149,5566.0,0.98869001865387,3,1469.93,22.67137,1855.4042,4.5,784.0,3.02,13.8,2,0.0,-0.1,11.2,2.8,2.0,4,,False,,1,1,"TOI1727.01:P=1.831,d=0.505mmag,PC",False,,,False,476.4,False,2,2,803.0,1.16,12.0,3.9,7.9,2,1.0,5.28130175313612,0.852062656205514,False,False,False,7.9
158075010,8.38689,6594.0,1.59978,4,1684.69,6.04116,1741.5827,4.8,99.0,1.73,9.6,13,0.1,0.1,8.6,3.6,1.0,2,,False,,1,1,"TOI2074.01:P=177.6,d=0.495mmag,PC",False,,,False,225.5,False,10,13,97.0,3.94,10.0,8.0,7.9,9,0.7692307692307693,4.684054240171106,1.024753291461599,False,False,False,7.9
39903405,8.27468,6412.8,1.7,6,1523.67,12.08259,1958.0706,3.15,136.0,2.16,8.7,9,2.4,-3.4,8.9,3.6,1.0,10,,False,,1,1,"TOI2020.01:P=5.633,d=6.15mmag,KP",True,,,False,216.4,False,7,8,169.0,1.69,9.8,4.7,7.9,5,0.875,6.1455523315884495,0.5125658085781551,False,False,False,7.9
202563254,8.86193,7947.0,1.83,6,1139.04,0.56832,2420.1367,0.5,500.0,4.46,48.0,222,1.8,-21.0,35.6,6.9,1.0,16,,False,,1,1,"TOI1139.01:P=4.478,d=1.14mmag,PC",False,,,False,1400.1,False,178,222,555.0,3.24,8.0,0.6,7.9,1,0.8018018018018018,2.3300934216218305,0.2145836709207915,False,False,False,7.9
75878355,7.7945,4406.0,0.77,8,1495.86,0.99904,2010.8085,4.5,23.0,0.4,9.9,200,0.3,3.1,16.7,3.5,2.0,15,,False,,2,3,"TOI2134.01:P=9.229,d=1.75mmag,CP;TOI2134.02:P=95.85,d=6.51mmag,CP",True,,,False,173.5,False,128,199,11.0,40.41,8.5,4.3,7.9,34,0.6432160804020101,1.5790518948976284,2.8498113421989464,False,False,False,7.9
258777137,9.9478,5095.6,1.06,40,1979.26,42.1615,1714.9793,3.6,603.0,2.84,17.8,16,4.2,-0.9,27.1,5.4,1.0,58,,False,,3,3,"TOI1183.01:P=5.929,d=11.2mmag,FP",True,,,False,834.7,False,10,16,357.0,10.81,13.1,34.6,7.9,8,0.625,6.803267624150112,0.5291574870905839,False,False,False,7.9
160074939,8.7435,6467.0,1.57943,2,729.52,2.40918,1354.989,6.3,87.0,1.61,9.4,20,1.0,-0.5,9.2,3.6,1.0,0,,False,,1,1,"TOI230.01:P=13.34,d=0.641mmag,FA",True,,,False,262.8,False,15,20,78.0,4.08,9.0,7.1,7.8,9,0.75,3.418468892955914,1.8429303285402887,False,False,False,7.8
178959058,9.783,6793.0,1.68,2,1109.61,1.0459,3042.3927,3.6,126.0,2.06,8.6,42,2.4,0.2,6.8,3.3,2.0,0,,False,,1,1,"TOI4332.01:P=5.447,d=0.915mmag,FP",True,,,False,450.3,False,33,42,124.0,3.7,8.6,2.7,7.8,16,0.7857142857142857,2.6971879008884825,1.3347234721074204,False,False,False,7.8
178959058,9.783,6793.0,1.68,2,1109.61,1.04387,3042.4177,4.2,118.0,1.99,8.6,43,1.7,-0.2,7.5,4.1,1.0,0,,False,,1,1,"TOI4332.01:P=5.447,d=0.915mmag,FP",True,,,False,450.3,False,35,42,101.0,4.27,8.5,2.7,7.8,13,0.8333333333333334,2.69544176913063,1.5581861378347046,False,False,False,7.8
384045439,10.0478,5113.0,0.68,2,188.52,14.43993,3398.103,7.2,606.0,1.83,10.5,2,0.0,2.4,6.9,3.2,2.0,4,"00384045439-01(3:2,ntoi=1)",True,1496.01(3:4),1,1,"TOI1496.01:P=10.83,d=6.41mmag,FP",True,1496.01,,False,519.0,True,2,2,722.0,1.12,11.6,2.0,7.8,2,1.0,3.540538042213205,2.03358922123013,True,False,False,7.8
272625214,10.4641,6651.0,1.44,2,56.48,2.39283,2853.9334,6.3,187.0,2.15,7.3,22,1.2,-4.9,7.7,3.7,1.0,3,,False,,1,1,"TOI1613.01:P=5.247,d=1.28mmag,FP",True,,,False,689.5,False,20,22,179.0,3.26,8.7,2.7,7.8,9,0.9090909090909091,3.2069134351451902,1.964505786454062,False,False,False,7.8
352413427,8.297,5958.0,0.99,3,1845.45,1.70525,1765.4713,4.5,59.0,0.83,9.5,37,0.8,-1.1,8.9,3.5,0.5,5,,False,,1,1,"TOI1473.01:P=5.254,d=0.616mmag,CP",False,,,False,212.4,False,29,37,58.0,4.86,9.1,3.9,7.8,14,0.7837837837837838,2.2313161551568435,2.0167469274132004,False,False,False,7.8
335630746,8.69009,6780.0,1.68,3,2227.53,0.85423,1571.9407,4.5,48.0,1.27,7.6,64,2.2,1.4,8.3,4.7,1.0,5,,False,,1,1,"TOI778.01:P=4.634,d=8.35mmag,CP",True,,,False,252.3,False,47,63,54.0,6.66,8.2,3.7,7.8,19,0.746031746031746,2.5211929749652056,1.784869323643147,False,False,False,7.8
249945230,9.4397,4582.0,0.74,3,1845.11,22.62111,1803.4559,4.2,1185.0,2.78,30.4,3,25.2,-3.2,32.6,2.7,2.0,1,,False,,1,1,"TOI1563.01:P=1098,d=4.89mmag,PC",True,,,False,462.6,False,3,3,680.0,4.02,21.3,172.2,7.8,3,1.0,4.3504489588493165,0.9654176016607928,False,False,False,7.8
208297760,9.3456,4846.0,0.76,4,1079.54,9.24983,3100.8402,3.0,381.0,1.62,11.3,10,3.4,-0.9,13.4,3.6,2.0,6,,False,,1,1,"TOI4417.01:P=5.257,d=1.57mmag,PC",False,,,False,478.4,False,10,10,244.0,8.5,11.6,28.9,7.8,6,1.0,3.2869664597441837,0.9126956531930911,False,False,False,7.8
431156009,9.44275,6294.0,1.58,4,730.66,2.95812,2854.9422,6.3,120.0,1.89,10.3,30,0.4,0.0,7.8,3.7,1.0,6,"00431156009-01(1:1,ntoi=1);00431156009-01(1:1,ntoi=1);00431156009-01(1:1,ntoi=1);00431156009-01(1:1,ntoi=1);00431156009-01(1:1,ntoi=1);00431156009-01(1:1,ntoi=1)",True,1394.01(1:1),1,1,"TOI1394.01:P=2.958,d=1.06mmag,FP",True,1394.01,,False,376.5,True,27,30,91.0,5.53,8.1,2.0,7.8,10,0.9,3.6614374102693974,1.7206357214601313,True,False,False,7.8
235037761,9.8567,4174.0,0.9,4,2879.02,42.80588,1368.1372,6.3,1383.0,3.65,20.6,2,1.4,-1.4,19.4,3.9,2.0,6,,False,,1,1,"TOI131.01:P=6.241,d=6.66mmag,APC",True,,,False,607.1,False,2,2,1550.0,1.05,19.5,0.4,7.8,2,1.0,6.131091207999223,1.0275495480772496,False,False,False,7.8
157667414,10.1658,4271.0,0.677846014499664,4,1495.86,1.02753,2010.9914,4.2,118.0,0.8,8.8,86,0.5,1.6,8.8,3.2,1.0,7,,False,,1,1,"TOI4576.01:P=10.48,d=1.92mmag,PC",False,,,False,624.7,False,63,85,74.0,11.16,8.3,3.5,7.8,22,0.7411764705882353,1.4640654616958173,2.8687241860996897,False,False,False,7.8
389352124,9.0532,6562.0,1.47,5,2196.33,1.98623,2037.1784,3.6,63.0,1.28,7.1,53,1.0,1.3,6.6,2.9,1.0,7,,False,2197.01(5:2),1,1,"TOI2197.01:P=4.955,d=7.35mmag,KP",True,2197.01,"WASP-7 b(P=4.955,Transit,5:2)",False,313.9,True,42,53,79.0,6.22,8.4,2.4,7.8,16,0.7924528301886793,3.055599025978196,1.1781650568001225,True,False,False,7.8
73723286,9.1116,6157.0,1.47641003131866,5,2554.84,22.55454,1557.7519,3.15,520.0,3.67,15.3,4,7.4,2.7,12.7,3.8,2.0,8,,False,,1,1,"TOI665.01:P=14.07,d=18.1mmag,FP",True,,,False,341.4,False,4,4,599.0,1.76,13.4,45.0,7.8,3,1.0,6.88796518919125,0.4573193843869959,False,False,False,7.8
469810663,10.0094,6009.6,1.35,5,2519.31,15.504,1658.9763,1.8,518.0,3.35,9.9,8,3.3,2.0,9.6,4.8,1.0,1,,False,,2,2,"TOI7060.01:P=5.85,d=0.477mmag,PC;TOI7060.02:P=1065,d=1.41mmag,PC",False,,,False,553.5,False,7,8,464.0,3.21,9.8,8.5,7.8,6,0.875,5.7268005710004894,0.3143116261311566,False,False,False,7.8
179034327,9.0567,5229.0,0.794471025466919,6,2879.66,14.34325,1419.5818,3.6,365.0,1.66,18.9,10,9.7,1.9,22.3,4.1,2.0,4,,False,444.01(5:4),1,1,"TOI444.01:P=17.96,d=1.38mmag,CP",False,444.01,"TOI-444 b(P=17.96,Transit,5:4)",False,427.3,True,8,10,367.0,3.66,10.4,23.6,7.8,6,0.8,3.9187075961288658,0.9186702277955865,True,False,False,7.8
310009611,9.529,5776.0,0.97,6,2529.55,20.92282,1562.7375,4.2,507.0,2.38,14.6,5,4.9,3.1,19.4,2.8,2.0,7,,False,,1,1,"TOI740.01:P=2.131,d=0.52mmag,PC",False,,,False,454.8,False,5,5,453.0,3.51,12.9,32.1,7.8,3,1.0,5.076871717787549,0.8272810962082608,False,False,False,7.8
170634116,9.6757,6600.0,1.48531997203827,6,2879.66,14.71699,1421.644,6.3,496.0,3.61,7.8,2,0.3,0.5,8.5,4.5,1.0,10,"00170634116-01(1:2,ntoi=2)",True,413.01(1:4),1,1,"TOI413.01:P=3.662,d=13.4mmag,KP",True,413.01,"WASP-79 b(P=3.662,Transit,1:4)",False,396.3,True,1,1,724.0,1.0,,,,0,1.0,5.998297098612785,1.0502980923464078,True,False,False,7.8
230075227,9.7807,5284.0,0.85,41,1979.26,109.43388,1737.5833,3.15,872.0,2.74,25.0,9,2.0,-5.4,28.7,4.4,2.0,26,"00230075227-04(3:1,ntoi=5)",True,,1,1,"TOI2077.01:P=6.116,d=0.35mmag,PC",False,,,False,537.3,False,6,9,74.0,53.3,13.4,111.0,7.8,4,0.6666666666666666,8.069962383127766,0.39033639197449627,False,False,False,7.8
283621618,8.2942,6602.0,1.51,2,733.73,1.72501,2825.4219,3.15,71.0,1.39,8.3,30,0.4,-1.6,7.8,2.9,0.5,3,,False,,1,1,"TOI5806.01:P=3.186,d=5.17mmag,CP",True,,,False,213.2,False,23,30,79.0,3.54,8.6,4.1,7.7,12,0.7666666666666667,2.9679514873377464,1.0613381025393887,False,False,False,7.7
234388232,9.3422,5638.7,0.87,3,452.73,23.28655,3246.6527,6.3,448.0,2.01,11.8,2,2.4,-0.8,11.3,3.6,1.0,6,,False,,2,2,"TOI5088.01:P=10.39,d=0.893mmag,PC;TOI5088.02:P=13.42,d=0.597mmag,PC",False,,,False,348.1,False,2,2,500.0,1.17,12.7,4.5,7.7,2,1.0,4.893161079678336,1.2875112626404985,False,False,False,7.7
144645881,9.326,6606.0,1.75209999084473,4,1842.97,1.38396,2335.4968,2.25,96.0,1.87,8.5,66,1.6,-2.6,8.6,4.2,1.0,4,,False,,1,1,"TOI4333.01:P=8.902,d=1.55mmag,PC",False,,,False,349.4,False,47,66,78.0,8.01,8.5,3.4,7.7,21,0.7121212121212122,3.045243781001155,0.7388571036701336,False,False,False,7.7
118339710,10.3541,6118.81,1.56228995323181,4,1488.61,16.45613,2233.018,6.3,759.0,4.69,18.5,5,23.1,0.2,17.0,2.5,2.0,4,"00118339710-01(2:3,ntoi=1)",True,,1,2,"TOI6695.01:P=0,d=2.52mmag,PC",False,,,False,582.2,False,4,5,85.0,24.46,16.3,124.1,7.7,2,0.8,6.439101789394801,0.9783973302574744,False,False,False,7.7
458856474,5.666,8719.5,1.0,6,1792.01,26.44765,2305.8241,4.2,1836.0,4.68,179.6,4,42.4,9.3,202.3,2.8,2.0,8,,False,,1,1,"TOI1978.01:P=6.081,d=16.8mmag,FP",True,,,False,1194.0,False,4,4,1561.0,1.74,10.3,18.2,7.7,3,1.0,5.601925433293315,0.7497422181021184,False,False,False,7.7
69679391,7.55216,8894.8,1.62,7,1849.61,17.03571,1693.6144,4.8,122.0,1.95,13.7,8,4.2,-1.7,14.7,4.1,1.0,22,,False,,1,1,"TOI1151.01:P=3.474,d=17.2mmag,KP",True,,"KELT-20 b(P=3.474,Transit,1:5)",False,170.3,True,6,8,110.0,3.26,10.1,20.7,7.7,4,0.75,6.673265182388469,0.7192880649592291,True,False,False,7.7
406976746,9.0689,5552.0,0.7917420268058777,7,2496.7,28.29562,1640.3386,4.5,679.0,2.25,26.5,5,3.9,0.4,29.2,3.5,2.0,9,,False,,1,1,"TOI1063.01:P=10.07,d=0.937mmag,PC",False,,,False,485.0,False,4,5,584.0,3.25,9.8,44.8,7.7,4,0.8,4.903473484348309,0.9177168010317217,False,False,False,7.7
148479278,9.3777,7450.0,1.5294899940490725,7,2249.43,2.61956,1470.1343,1.8,104.0,1.7,7.2,63,0.2,-1.1,6.2,2.9,0.5,6,,False,520.01(1:5),1,1,"TOI520.01:P=0.5236,d=0.09mmag,PC",False,520.01,,False,337.3,True,50,59,115.0,5.62,8.1,1.6,7.7,13,0.847457627118644,3.4407160834485055,0.5231469137075457,True,False,False,7.7
308919449,9.8146,5614.1,1.02,23,2607.75,103.89739,1410.9505,3.15,1000.0,3.52,22.4,5,21.1,0.6,29.6,6.0,2.0,7,,False,,1,1,"TOI1942.01:P=1.656,d=0.267mmag,FP",True,,,False,469.8,False,5,5,204.0,12.07,16.1,76.7,7.7,4,1.0,8.956602240936283,0.3516958680606445,False,False,False,7.7
198457103,8.07023,7269.0,1.93752002716064,42,1979.2,7.55216,1688.7934,4.8,40.0,1.34,11.5,119,0.1,11.0,6.3,3.5,0.5,19,,False,,1,1,"TOI1488.01:P=0.4721,d=0.0491mmag,FA",True,,,False,206.7,False,85,119,31.0,12.5,8.2,2.4,7.7,26,0.7142857142857143,5.73318762781329,0.837230579497148,False,False,False,7.7
49899799,8.28222,6084.8,1.82,2,758.83,6.07195,1415.3178,3.15,151.0,2.44,9.2,7,4.9,0.6,8.9,2.8,2.0,4,,False,,1,1,"TOI416.01:P=7.011,d=9.78mmag,FP",True,,,False,218.4,False,7,7,119.0,3.06,10.0,7.2,7.6,4,1.0,5.1132686952223985,0.6160442933388606,False,False,False,7.6
283621618,8.2942,6602.0,1.51,2,733.73,0.70071,2825.7125,3.6,49.0,1.15,8.6,72,1.1,0.4,8.6,3.6,1.0,3,,False,,1,1,"TOI5806.01:P=3.186,d=5.17mmag,CP",True,,,False,213.2,False,47,72,42.0,11.8,8.5,4.5,7.6,22,0.6527777777777778,2.198057406668776,1.6378098174678302,False,False,False,7.6
190990336,8.9544,6118.1,1.66,3,2202.75,18.23672,1547.8768,3.0,469.0,3.92,12.3,3,3.6,-1.4,11.5,2.7,2.0,9,,False,,1,1,"TOI585.01:P=5.547,d=12.6mmag,APC",True,,,False,318.8,False,3,3,599.0,1.4,12.7,14.0,7.6,3,1.0,6.938452126244497,0.4323730920694236,False,False,False,7.6
456260074,9.0449,4813.0,0.751037001609802,3,1469.93,15.79108,1855.9159,4.8,520.0,1.87,17.3,3,12.1,0.8,20.9,3.2,2.0,6,"00456260074-01(1:2,ntoi=1)",True,,2,3,"TOI6249.01:P=1092,d=1.84mmag,PC;TOI6249.02:P=15.57,d=0.847mmag,PC",False,,,False,315.6,True,3,3,459.0,2.4,13.5,62.1,7.6,2,1.0,3.8975030284786563,1.2315577345102469,True,False,False,7.6
73038411,10.339,6368.0,1.52,3,1487.59,1.30341,2229.3475,2.25,206.0,2.38,9.5,52,1.6,-6.5,7.8,3.0,1.0,4,,False,,1,1,"TOI978.01:P=13.17,d=6.2mmag,PC",True,,,False,611.4,False,38,52,242.0,2.9,8.3,3.4,7.6,18,0.7307692307692307,2.7151742246695734,0.8286761046701585,False,False,False,7.6
154459165,10.4259,4869.0,0.79,3,1488.68,20.50527,2248.1116,4.2,1138.0,2.91,15.2,3,3.8,1.2,15.3,3.3,2.0,2,,False,,1,1,"TOI611.01:P=3.147,d=1.56mmag,FP",True,,,False,838.4,False,3,3,1518.0,1.02,10.7,10.4,7.6,3,1.0,4.39792871401261,0.9549950154076002,False,False,False,7.6
144645881,9.326,6606.0,1.75209999084473,4,1842.97,1.77881,2335.5202,1.58,130.0,2.18,8.8,54,2.9,-2.3,9.6,5.1,1.0,4,,False,4333.01(5:1),1,1,"TOI4333.01:P=8.902,d=1.55mmag,PC",False,4333.01,,False,349.4,True,43,54,131.0,6.23,8.9,2.9,7.6,16,0.7962962962962963,3.3109864722364506,0.4771991710774849,True,False,False,7.6
178284730,10.3074,5260.0,0.844379007816315,5,2879.65,38.59538,1413.2167,3.15,890.0,2.75,13.2,4,5.4,1.9,13.0,4.3,2.0,7,,False,,1,1,"TOI418.01:P=2.236,d=20.9mmag,KP",True,,,False,651.1,False,3,4,1336.0,1.1,11.3,28.1,7.6,3,0.75,5.676470077967247,0.5549223296757022,False,False,False,7.6
148479278,9.3777,7450.0,1.5294899940490725,7,2249.43,1.04482,1469.2155,4.8,56.0,1.25,8.2,155,1.1,6.2,6.7,3.5,0.5,6,"00148479278-01(1:2,ntoi=1);00148479278-01(1:2,ntoi=1);00148479278-01(1:1,ntoi=2);00148479278-02(1:1,ntoi=2);00148479278-01(1:2,ntoi=2)",True,520.01(1:2),1,1,"TOI520.01:P=0.5236,d=0.09mmag,PC",False,520.01,,False,337.3,True,109,151,53.0,9.04,8.0,1.3,7.6,17,0.7218543046357616,2.532716306822311,1.895198442506319,True,False,False,7.6
364186197,8.82374,6594.0,1.49,18,1923.96,2.17009,1739.8212,2.25,45.0,1.09,7.3,149,0.1,0.6,9.4,6.4,1.0,30,,False,,2,2,"TOI1408.01:P=4.425,d=2.66mmag,CP;TOI1408.02:P=2.222,d=0.0945mmag,KP",False,,"TOI-1408 b(P=4.426,Transit,2:1);TOI-1408 c(P=2.166,Transit Timing Variations,1:1)",False,260.7,True,92,147,23.0,26.1,8.6,4.1,7.6,36,0.6258503401360545,3.1755946006781532,0.7085287270357208,True,False,False,7.6
198384408,6.3196,5470.16,1.1485,37,1979.26,103.90082,1709.769,3.6,76.0,1.09,16.5,12,1.2,3.1,21.4,4.6,2.0,10,,False,,1,1,"TOI1689.01:P=9.124,d=0.308mmag,FA",True,,,False,112.2,False,12,12,57.0,5.77,10.7,16.1,7.6,5,1.0,9.693976265516536,0.3713646393798115,False,False,False,7.6
354518617,8.2731,4036.3,0.6605380046367646,2,759.08,14.3057,1477.5317,3.15,419.0,1.47,13.9,2,1.1,-0.0,13.7,3.2,2.0,5,,False,,2,4,"TOI2540.01:P=12.72,d=1.24mmag,CP;TOI2540.02:P=22.08,d=1.11mmag,APC",False,,,False,246.9,False,2,2,491.0,1.01,10.8,0.0,7.5,2,1.0,3.4618629589812473,0.909914701224042,False,False,False,7.5
234388232,9.3422,5638.7,0.87,3,452.73,43.99106,3269.9027,6.3,441.0,1.99,11.6,2,2.3,-0.5,11.3,3.6,2.0,6,,False,,2,2,"TOI5088.01:P=10.39,d=0.893mmag,PC;TOI5088.02:P=13.42,d=0.597mmag,PC",False,,,False,348.1,False,2,2,483.0,1.15,12.1,3.2,7.5,2,1.0,6.048893498206266,1.0415127993025826,False,False,False,7.5
53498154,10.0326,5342.0,0.83,3,1493.63,21.83898,1904.5183,3.6,700.0,2.4,11.4,3,3.6,-1.9,9.8,2.6,2.0,6,,False,,4,8,"TOI5624.01:P=13.73,d=2.28mmag,CP;TOI5624.02:P=3.39,d=0.953mmag,CP;TOI5624.03:P=7.885,d=0.865mmag,CP;TOI5624.04:P=21.49,d=1.07mmag,CP",False,,"TOI-5624 e(P=21.49,Transit,1:1)",False,529.0,True,3,3,759.0,1.32,10.4,3.2,7.5,3,1.0,4.6416366340260415,0.7755885011786131,True,False,False,7.5
271478281,7.4259,4669.0,0.69,4,1844.71,1.69655,2036.7148,1.12,55.0,0.56,8.3,52,1.0,-0.7,7.0,3.5,1.0,6,,False,,1,1,"TOI2194.01:P=15.34,d=0.742mmag,CP",False,,,False,140.0,False,42,52,57.0,3.64,7.9,1.6,7.5,14,0.8076923076923077,1.7510420508525069,0.639619133906419,False,False,False,7.5
151681127,9.1379,7949.0,1.82,5,2554.84,1.60862,1544.8988,4.5,51.0,1.42,7.1,70,1.0,-0.4,7.3,3.1,2.0,7,,False,,1,1,"TOI671.01:P=10.2,d=17.6mmag,APC",True,,,False,330.3,False,54,70,61.0,4.92,8.0,2.3,7.5,18,0.7714285714285715,3.284029431966357,1.370267865506176,False,False,False,7.5
270619211,9.7548,6718.0,1.557289958000183,5,1849.61,2.2036,1684.9818,6.3,81.0,1.53,8.2,55,1.3,1.8,7.5,4.3,2.0,1,,False,,1,1,"TOI7910.01:P=77.48,d=1.48mmag,PC",False,,,False,441.4,False,45,55,89.0,3.5,8.0,1.7,7.5,9,0.8181818181818182,3.2872459879814895,1.9164978900372682,False,False,False,7.5
77175217,7.7679,4709.0,0.739835023880005,7,2879.66,28.52418,1428.5247,3.6,405.0,1.62,28.3,5,10.4,5.7,47.5,4.8,2.0,1,,False,,1,1,"TOI4328.01:P=703.8,d=0.654mmag,PC",False,,,False,258.0,False,5,5,159.0,10.09,11.3,79.3,7.5,4,1.0,4.699329978748045,0.7660666555190664,False,False,False,7.5
447088034,6.9608,5899.0,1.33,8,2548.81,2.01646,1630.3525,3.0,23.0,0.7,9.1,93,5.2,2.2,13.4,4.2,2.0,5,,False,,1,1,"TOI4568.01:P=14.01,d=0.332mmag,PC",False,,,False,133.3,False,64,92,24.0,7.62,8.1,3.8,7.5,24,0.6956521739130435,2.872803525929161,1.0442760783752865,False,False,False,7.5
134200185,9.4022,4590.0,0.751824975013733,9,2249.38,49.0876,1481.0049,1.5,573.0,1.96,7.5,2,6.3,0.8,9.8,4.5,2.0,9,,False,,1,1,"TOI500.01:P=0.5482,d=0.246mmag,CP",False,,"TOI-500 e(P=61.3,Radial Velocity,5:4)",False,337.0,False,1,1,85.0,1.0,,,,0,1.0,5.692155110541098,0.2635205771575346,False,False,False,7.5
352229268,10.3468,5785.0,1.01,9,2520.17,28.30926,1675.5324,2.4,1698.0,4.54,26.0,5,5.6,2.7,31.0,2.9,2.0,0,,False,,1,1,"TOI4419.01:P=16.16,d=0.852mmag,PC",False,,,False,678.0,False,5,5,537.0,9.02,11.9,70.9,7.5,4,1.0,5.768533010802257,0.4160503191202542,False,False,False,7.5
48031665,9.06584,7800.0,1.57457995414734,12,1875.68,0.56859,1683.4789,0.5,206.0,2.47,23.3,463,1.5,-19.1,13.5,8.7,1.0,16,,False,,1,1,"TOI4588.01:P=13.12,d=0.362mmag,PC",False,,,False,512.8,False,310,463,100.0,8.77,7.9,0.8,7.5,12,0.6695464362850972,2.1082293020385303,0.23716585265015064,False,False,False,7.5
207468071,9.29416,6351.0,1.619879961013794,13,1733.12,11.99158,1932.0145,2.25,149.0,2.16,7.3,21,0.1,-0.5,7.3,4.9,1.0,15,,False,,2,2,"TOI1836.01:P=20.38,d=2.58mmag,CP;TOI1836.02:P=1.773,d=0.236mmag,FP",True,,"TOI-1836 b(P=20.38,Transit,5:3)",False,345.3,True,17,21,167.0,3.96,8.4,3.0,7.5,9,0.8095238095238095,5.9359329365282765,0.37904740906927226,True,False,False,7.5
219776325,10.3727,5740.2,1.19,42,1979.26,105.96831,1729.6501,4.2,777.0,3.62,15.6,5,11.3,3.2,20.3,7.1,2.0,18,,False,,1,1,"TOI1610.01:P=2.529,d=0.42mmag,PC",False,,,False,633.1,False,5,5,621.0,4.07,14.2,60.2,7.5,3,1.0,9.991520973386933,0.42035642132834167,False,False,False,7.5
49899799,8.28222,6084.8,1.82,2,758.83,2.97718,1412.6459,4.5,87.0,1.85,8.8,14,1.0,1.8,8.9,2.9,2.0,4,,False,,1,1,"TOI416.01:P=7.011,d=9.78mmag,FP",True,,,False,218.4,False,13,14,88.0,2.62,8.6,4.2,7.4,8,0.9285714285714286,4.032034600370865,1.116061851152292,False,False,False,7.4
396234347,8.9553,4540.4,0.79,2,1845.34,18.83931,1768.9845,3.6,705.0,2.29,16.7,2,2.5,-2.0,14.7,3.4,2.0,0,,False,,1,1,"TOI6026.01:P=1.276,d=0.25mmag,PC",False,,,False,325.5,False,2,2,797.0,1.2,13.1,6.9,7.4,2,1.0,4.2754452796125655,0.8420175594730631,False,False,False,7.4
283884522,9.1993,5745.0,1.01,2,1845.44,11.93178,1776.2526,3.6,1863.0,4.76,40.6,2,6.8,2.0,40.4,4.1,1.0,0,,False,,1,1,"TOI6652.01:P=3.839,d=0.38mmag,PC",False,,,False,780.4,False,2,2,1854.0,1.29,10.0,8.7,7.4,2,1.0,4.325048238156333,0.8323606586026416,False,False,False,7.4
352413427,8.297,5958.0,0.99,3,1845.45,3.42648,1765.4338,4.5,77.0,0.95,9.3,19,2.8,4.2,8.5,3.2,0.5,5,,False,,1,1,"TOI1473.01:P=5.254,d=0.616mmag,CP",False,,,True,212.4,False,19,19,84.0,3.06,8.9,2.7,7.4,10,1.0,2.8156661352672354,1.5982008461997232,False,False,False,7.4
336740528,10.4209,5958.7,1.93,3,76.38,0.95579,3559.8364,2.25,137.0,2.46,7.0,70,0.4,-0.6,7.4,5.8,1.0,4,,False,,1,1,"TOI1352.01:P=5.296,d=5.55mmag,APC",True,,,False,550.4,False,53,69,165.0,3.43,7.8,2.1,7.4,18,0.7681159420289855,2.871005299552539,0.7836976129409006,False,False,False,7.4
269238073,9.68805,6153.0,1.5,6,782.48,50.98655,2863.127,3.0,609.0,4.04,8.5,2,1.3,1.4,7.5,3.2,2.0,5,,False,,1,1,"TOI1520.01:P=6.146,d=0.758mmag,FP",True,,,False,450.3,False,2,2,697.0,1.05,11.1,0.3,7.4,2,1.0,9.13596321400356,0.32837260064725465,False,False,False,7.4
29191596,8.676,5502.5,0.99,2,765.34,2.2716,1870.6766,6.3,99.0,1.08,10.4,19,3.7,2.3,13.7,2.9,1.0,0,,False,,1,1,"TOI1792.01:P=8.816,d=0.185mmag,PC",False,,,False,293.8,False,14,19,38.0,16.07,9.2,11.4,7.3,7,0.7368421052631579,2.4551368816517236,2.566048372733335,False,False,False,7.3
17005768,9.9176,5766.0,1.1282000541687,3,1845.45,7.22373,1769.3842,3.0,597.0,3.01,13.4,7,5.5,-4.1,14.7,3.0,1.0,10,,False,,1,1,"TOI1460.01:P=6.842,d=8.75mmag,FP",True,,,False,513.3,False,6,7,536.0,3.0,11.3,22.6,7.3,6,0.8571428571428571,3.939002047350992,0.7616142271409893,False,False,False,7.3
301235044,10.0298,4477.0,0.72,3,1380.23,0.90245,2448.1159,4.2,137.0,0.92,8.5,62,0.3,2.1,12.7,2.9,1.0,5,,False,,1,1,"TOI6835.01:P=0.2803,d=0.551mmag,KP",False,,,False,518.3,False,41,61,76.0,14.22,8.7,5.1,7.3,17,0.6721311475409836,1.4596128386624352,2.8774753748047392,False,False,False,7.3
271478281,7.4259,4669.0,0.69,4,1844.71,3.39628,2036.7007,2.25,53.0,0.55,7.8,26,0.7,2.8,7.3,3.9,0.5,6,,False,,1,1,"TOI2194.01:P=15.34,d=0.742mmag,CP",False,,,True,140.0,False,21,26,65.0,4.22,7.9,2.4,7.3,8,0.8076923076923077,2.206863730026748,1.0195464130323666,False,False,False,7.3
142868621,10.208,5926.0,0.987496018409729,4,2849.23,6.21698,1414.1009,4.2,251.0,1.71,8.5,12,3.2,-1.8,9.3,4.0,1.0,3,"00142868621-01(3:1,ntoi=1);00142868621-01(3:2,ntoi=1);00142868621-01(3:1,ntoi=1)",True,2446.01(3:1),1,1,"TOI2446.01:P=18.69,d=1.32mmag,PC",False,2446.01,,False,520.3,True,10,12,91.0,10.56,10.5,14.7,7.3,4,0.8333333333333334,3.4284015774546126,1.2250606893951594,True,False,False,7.3
283722336,4.6278,4884.29,0.7502990067005157,5,1845.45,19.16543,1775.1197,3.0,65.0,0.66,17.6,5,0.1,-2.8,14.9,4.1,2.0,18,,False,,2,2,"TOI1469.01:P=3.093,d=0.276mmag,KP;TOI1469.02:P=6.765,d=0.292mmag,KP",False,,"HD 219134 g(P=94.2,Radial Velocity,5:1);HD 219134 f(P=22.72,Radial Velocity,6:5)",False,59.1,False,5,5,86.0,1.62,10.8,18.4,7.3,3,1.0,4.154678260854349,0.7220775741568719,False,False,False,7.3
116608612,9.17041,8170.0,1.78,5,838.27,1.73494,2475.9825,6.0,60.0,1.51,7.8,63,0.7,-7.3,6.0,3.5,1.0,8,"00116608612-01(2:1,ntoi=1);00116608612-01(2:1,ntoi=1);00116608612-01(2:1,ntoi=1);00116608612-01(2:1,ntoi=1);00116608612-01(2:1,ntoi=1);00116608612-01(2:1,ntoi=1);00116608612-01(2:1,ntoi=1)",True,1649.01(2:1),1,1,"TOI1649.01:P=3.456,d=7mmag,FP",True,1649.01,,False,310.6,True,49,62,55.0,4.95,7.6,1.1,7.3,10,0.7903225806451613,3.31830612677863,1.8081514395492875,True,False,False,7.3
207141131,8.1796,5058.0,0.8026329874992371,6,2633.97,40.73058,1381.3796,4.2,763.0,2.42,26.7,2,0.0,-0.3,29.4,4.1,2.0,9,,False,,1,1,"TOI179.01:P=4.137,d=1.1mmag,CP",False,,,False,299.0,False,2,2,671.0,1.23,10.5,5.6,7.3,2,1.0,5.587186419760251,0.7517200401879958,False,False,False,7.3
259230140,9.657,7596.0,1.61,7,1817.17,0.66327,2333.9792,0.5,525.0,4.03,28.9,241,1.3,13.1,18.0,9.6,1.0,6,,False,,1,1,"TOI4384.01:P=14.32,d=1.79mmag,PC",False,,,False,1019.8,False,185,241,265.0,6.29,7.5,0.3,7.3,3,0.7676348547717843,2.252452611801289,0.22198025271668176,False,False,False,7.3
294981566,10.1207,6734.0,1.59,39,2602.13,1.9142,1386.3294,3.15,44.0,1.15,8.0,457,0.3,0.0,6.8,5.0,1.0,7,"00294981566-01(1:1,ntoi=1);00294981566-01(1:1,ntoi=1);00294981566-01(1:1,ntoi=1);00294981566-01(1:1,ntoi=1);00294981566-01(1:1,ntoi=1);00294981566-01(1:1,ntoi=1);00294981566-01(1:1,ntoi=1)",True,1219.01(1:1),1,1,"TOI1219.01:P=1.914,d=0.257mmag,PC",False,1219.01,,False,481.4,True,280,456,37.0,16.19,7.5,2.0,7.3,61,0.6140350877192983,3.1803053089132116,0.9904709435197063,True,False,False,7.3
219824470,10.388,5907.0,1.72,2,754.1,20.71444,2643.918,3.6,1082.0,6.17,9.9,2,0.6,-1.7,7.9,3.3,2.0,3,,False,,2,3,"TOI6972.01:P=5.481,d=2.43mmag,PC",False,,,False,777.4,False,2,2,1368.0,1.06,10.8,0.4,7.2,2,1.0,7.412846223415995,0.4856434210962283,False,False,False,7.2
440887364,8.6486,4476.0,0.69,3,2198.02,3.59877,1604.5036,3.15,146.0,0.91,11.0,16,2.2,-0.7,12.9,2.5,1.0,9,,False,,2,2,"TOI836.01:P=8.595,d=1.24mmag,CP;TOI836.02:P=3.817,d=0.63mmag,CP",False,,,False,282.5,False,11,16,88.0,6.48,8.8,11.1,7.2,7,0.6875,2.249878427959445,1.4000756489126975,False,False,False,7.2
158075010,8.38689,6594.0,1.59978,4,1684.69,4.65098,1741.1077,4.8,96.0,1.71,9.3,13,2.8,-0.0,11.1,2.4,1.0,2,,False,,1,1,"TOI2074.01:P=177.6,d=0.495mmag,PC",False,,,True,225.5,False,11,13,91.0,4.19,9.2,7.2,7.2,8,0.8461538461538461,4.29302377258425,1.1180930398413722,False,False,False,7.2
131081852,9.957501,6072.0,1.2612600326538086,4,2553.72,14.4079,1584.1951,4.2,596.0,3.36,11.7,3,3.9,-1.6,11.8,4.7,2.0,9,,False,,1,1,"TOI758.01:P=13.27,d=23.2mmag,FP",True,,,False,468.3,False,3,3,521.0,1.93,12.9,9.8,7.2,3,1.0,5.340865138148199,0.7863894502785063,False,False,False,7.2
389352124,9.0532,6562.0,1.47,5,2196.33,9.44943,2038.1721,4.5,132.0,1.84,7.9,12,1.6,1.8,8.5,4.4,1.0,7,,False,,1,1,"TOI2197.01:P=4.955,d=7.35mmag,KP",True,,,False,313.9,False,11,12,127.0,2.92,8.8,4.1,7.2,6,0.9166666666666666,5.13911561228775,0.8756370433154668,False,False,False,7.2
183532609,9.1468,5600.0,1.0,6,2936.45,0.91048,1355.0637,6.3,44.0,0.72,8.8,147,1.0,2.6,11.7,3.2,1.0,9,,False,,1,1,"TOI191.01:P=8.159,d=16.8mmag,KP",True,,,False,336.9,False,94,146,40.0,14.7,7.7,5.4,7.2,37,0.6438356164383562,1.82234988678014,3.4570748711331705,False,False,False,7.2
312221462,10.3703,8158.9,1.58,6,838.27,56.20003,2490.192,3.0,1058.0,5.61,13.2,3,6.2,0.7,11.0,4.1,2.0,8,,False,,1,1,"TOI5133.01:P=30.44,d=1.63mmag,FP",True,,,False,682.8,False,2,3,1824.0,1.11,13.2,58.0,7.2,2,0.6666666666666666,9.769939351949906,0.30706434215492373,False,False,False,7.2
142276270,8.9361,5729.0,0.98,7,1683.92,7.89183,1688.7941,3.15,277.0,1.78,19.0,18,6.8,3.6,19.9,2.8,1.0,34,,False,1136.02(4:5);CTOI142276270.06(5:1),4,7,"TOI1136.01:P=12.52,d=2.52mmag,CP;TOI1136.02:P=6.259,d=0.883mmag,CP;TOI1136.03:P=26.32,d=0.869mmag,CP;TOI1136.04:P=18.8,d=0.511mmag,CP",False,1136.02,"TOI-1136 c(P=6.257,Transit,4:5);TOI-1136 g(P=39.55,Transit,5:1)",False,364.8,True,14,16,95.0,15.68,14.6,26.0,7.2,6,0.875,3.69333117288492,0.8528885855474164,True,False,False,7.2
267263253,9.2205,6888.0,1.59,7,2581.55,21.83946,1338.7503,2.1,400.0,3.47,12.5,7,4.2,0.3,13.5,3.3,2.0,12,,False,,1,1,"TOI135.01:P=4.127,d=11.8mmag,CP",True,,,False,335.6,False,7,7,332.0,3.64,11.4,16.4,7.2,5,1.0,7.15957114179436,0.29331365781689683,False,False,False,7.2
165625229,9.77081,5888.0,0.98,8,1684.68,22.67864,1739.0869,3.15,918.0,3.24,23.8,6,4.4,-8.6,25.6,4.0,2.0,1,,False,,1,1,"TOI5705.01:P=10.6,d=1mmag,PC",False,,,False,604.1,False,6,6,1252.0,1.56,14.9,44.2,7.2,5,1.0,5.250870974566219,0.5999004765605054,False,False,False,7.2
165625229,9.77081,5888.0,0.98,8,1684.68,9.18668,1739.0869,2.25,508.0,2.41,17.7,17,3.1,2.7,22.1,3.0,1.0,1,,False,,1,1,"TOI5705.01:P=10.6,d=1mmag,PC",False,,,False,604.1,False,15,17,237.0,10.0,8.7,13.5,7.2,8,0.8823529411764706,3.885186527658691,0.5791227741531126,False,False,False,7.2
138168780,9.88278,6724.0,1.42,9,1663.37,1.76446,1817.5196,6.0,66.0,1.26,8.4,118,0.4,-2.7,9.1,4.4,1.0,16,,False,,1,1,"TOI1651.01:P=3.765,d=16.1mmag,KP",True,,,False,489.2,False,76,118,70.0,11.71,7.7,3.6,7.2,34,0.6440677966101694,2.870369430141888,2.0903232653587063,False,False,False,7.2
298647682,8.6628,4763.0,0.77758401632309,26,1979.26,18.66088,1698.126,3.0,199.0,1.2,18.3,29,15.0,1.3,44.5,2.8,2.0,24,,False,,1,1,"TOI1643.01:P=20.08,d=1.16mmag,PC",False,,,False,362.5,False,22,29,84.0,39.51,10.2,34.5,7.2,11,0.7586206896551724,4.21713221615915,0.7113839088337428,False,False,False,7.2
258777137,9.9478,5095.6,1.06,40,1979.26,101.04768,1777.848,4.5,751.0,3.17,19.6,10,13.1,0.6,26.1,5.1,2.0,58,,False,,3,3,"TOI1183.01:P=5.929,d=11.2mmag,FP",True,,,False,834.7,False,8,10,290.0,10.14,13.2,53.3,7.2,5,0.8,9.104462675015522,0.4942631059764686,False,False,False,7.2
309787037,10.0119,6762.0,1.75,3,76.64,33.23609,2266.5296,3.15,765.0,5.28,10.3,2,0.1,-0.8,10.6,4.1,1.0,5,,False,,1,1,"TOI1046.01:P=1.304,d=0.993mmag,FP",True,,,False,493.1,False,2,2,972.0,1.05,11.6,0.4,7.1,2,1.0,8.778836660405311,0.3588174745530084,False,False,False,7.1
381714186,10.2173,5382.69,0.848098993301392,3,761.12,11.14026,1934.2062,3.15,918.0,2.8,7.1,2,0.8,-0.5,7.2,3.1,1.0,4,,False,,1,2,"TOI1839.01:P=1.424,d=0.783mmag,CP",False,,,False,562.4,False,1,1,1165.0,1.0,,,,0,1.0,3.76245315549001,0.8372197260193539,False,False,False,7.1
154459165,10.4259,4869.0,0.79,3,1488.68,9.90993,2232.4678,4.5,629.0,2.16,12.4,6,4.8,-3.6,14.6,3.0,2.0,2,,False,,1,1,"TOI611.01:P=3.147,d=1.56mmag,FP",True,,,False,838.4,False,6,6,671.0,2.17,8.8,11.7,7.1,4,1.0,3.451304018811579,1.3038549995805726,False,False,False,7.1
16884216,8.5049,4958.0,0.695992,5,1496.32,26.96579,1981.6872,6.3,337.0,1.39,11.1,2,0.0,-0.4,8.6,3.5,2.0,1,,False,,1,1,"TOI2023.01:P=11.19,d=0.617mmag,APC",False,,,True,242.8,False,2,2,406.0,1.26,10.7,8.3,7.1,2,1.0,4.4280805101967875,1.4227383593167828,False,False,False,7.1
251848941,10.42,4111.0,0.660806000232697,5,2936.46,21.11617,1360.6135,1.8,1313.0,2.61,7.1,2,1.5,0.1,6.3,3.2,2.0,16,,False,,5,5,"TOI178.01:P=6.558,d=1.73mmag,CP;TOI178.02:P=20.71,d=1.8mmag,CP;TOI178.03:P=9.962,d=1.18mmag,CP;TOI178.04:P=3.238,d=0.579mmag,KP;TOI178.05:P=15.23,d=1.33mmag,KP",False,,"TOI-178 g(P=20.72,Transit,1:1)",False,568.9,True,1,1,1291.0,1.0,,,,0,1.0,3.942720543824977,0.45653755572890653,True,False,False,7.1
130415266,7.3123,10416.0,1.82,6,1515.98,11.67338,2211.704,4.2,80.0,1.78,12.0,12,3.4,1.8,13.9,2.8,1.0,7,,False,,1,1,"TOI588.01:P=39.47,d=8.46mmag,PC",True,,,False,140.3,False,12,12,54.0,7.87,10.1,13.1,7.1,6,1.0,6.358013227179918,0.6605837153728131,False,False,False,7.1
447088034,6.9608,5899.0,1.33,8,2548.81,9.55821,1634.4712,3.6,54.0,1.07,10.6,18,1.2,1.0,13.2,4.1,1.0,5,,False,,1,1,"TOI4568.01:P=14.01,d=0.332mmag,PC",False,,,False,133.3,False,15,18,41.0,4.5,8.3,4.8,7.1,8,0.8333333333333334,4.825788053941461,0.7459921487972728,False,False,False,7.1
201793781,8.4642,5711.7,1.1214799880981443,8,2878.5,18.21837,1358.2051,4.2,113.0,1.3,8.8,12,0.2,0.4,9.4,3.0,1.0,8,,False,,1,1,"TOI248.01:P=5.991,d=0.423mmag,CP",False,,"TOI-248 b(P=5.991,Transit,1:3)",False,233.8,True,10,12,89.0,4.03,9.3,8.8,7.1,6,0.8333333333333334,5.3403839940921705,0.7864603003541082,True,False,False,7.1
293954617,8.3879,5064.0,0.78,12,1900.81,16.30707,1699.0749,3.0,147.0,1.03,12.3,16,1.2,0.3,18.2,3.8,1.0,24,,False,,1,1,"TOI1430.01:P=7.434,d=0.761mmag,CP",False,,,False,244.6,False,13,16,114.0,10.4,9.6,14.3,7.1,8,0.8125,4.040142415435075,0.7425480816069044,False,False,False,7.1
367855829,9.9558,5697.0,1.29609,37,1979.26,118.66199,1776.6572,2.25,1631.0,5.71,24.4,4,19.8,5.6,22.5,5.8,2.0,10,,False,,1,1,"TOI2253.01:P=85.42,d=1.23mmag,FA",True,,,False,562.6,False,4,4,1243.0,2.53,16.6,56.7,7.1,4,1.0,10.983369889455634,0.20485516036021584,False,False,False,7.1
395171208,9.03527,6696.0,1.8,2,569.3,0.72211,2825.5082,3.15,87.0,1.83,8.0,73,0.1,3.7,7.6,3.4,1.0,3,,False,,1,1,"TOI1333.01:P=4.72,d=7.31mmag,CP",True,,,False,431.0,False,50,71,70.0,7.08,7.4,2.3,7.0,15,0.704225352112676,2.496075689637299,1.2619809619866622,False,False,False,7.0
468889418,10.2409,5857.9,1.08,2,50.24,23.30269,3217.4232,0.5,1989.0,5.26,8.8,2,1.7,2.4,8.8,3.9,1.0,0,,False,,1,1,"TOI5156.01:P=22.85,d=1.37mmag,PC",False,,,False,661.2,True,2,2,1846.0,1.25,14.5,11.6,7.0,2,1.0,5.653180040228079,0.08844579448062781,True,False,False,7.0
154459165,10.4259,4869.0,0.79,3,1488.68,19.87471,2230.4116,3.0,1177.0,2.96,13.7,4,3.9,1.9,15.4,3.4,2.0,2,,False,,1,1,"TOI611.01:P=3.147,d=1.56mmag,FP",True,,,False,838.4,False,4,4,1119.0,1.91,10.7,16.7,7.0,3,1.0,4.352378153177028,0.689278342648178,False,False,False,7.0
148782377,8.39816,6383.0,1.41048002243042,4,1684.69,1.76116,1739.7577,6.0,48.0,1.06,7.9,36,1.1,0.6,8.7,2.8,1.0,5,,False,,1,1,"TOI1415.01:P=14.42,d=1.15mmag,PC",False,,,False,224.0,False,28,36,55.0,3.64,7.9,3.1,7.0,14,0.7777777777777778,2.8557434625557248,2.101029059042421,False,False,False,7.0
428673146,7.0276,4944.24,0.757602989673615,5,2553.44,12.944,1574.8271,3.15,107.0,0.86,14.8,10,8.0,0.9,18.8,3.1,2.0,3,,False,6713.01(1:6),1,1,"TOI6713.01:P=2.154,d=0.15mmag,PC",False,6713.01,,False,158.2,True,9,10,117.0,4.23,9.8,24.3,7.0,6,0.9,3.6688130484583152,0.8585883113678067,True,False,False,7.0
166836920,8.93,6180.0,1.7092700004577637,6,2846.66,1.9905,1386.6958,4.2,46.0,1.26,7.2,76,1.6,-1.8,8.7,3.0,1.0,9,,False,,1,1,"TOI267.01:P=5.753,d=5.77mmag,KP",True,,,False,292.5,False,49,76,52.0,11.79,7.6,4.3,7.0,14,0.6447368421052632,3.381189162057175,1.2421665274251166,False,False,False,7.0
259230140,9.657,7596.0,1.61,7,1817.17,0.60297,2333.977,0.5,469.0,3.8,27.1,269,0.5,17.2,18.6,10.0,1.0,6,,False,,1,1,"TOI4384.01:P=14.32,d=1.79mmag,PC",False,,,False,1019.8,False,211,269,251.0,3.96,7.2,0.4,7.0,0,0.7843866171003717,2.182013565977609,0.22914614638336797,False,False,False,7.0
352229268,10.3468,5785.0,1.01,9,2520.17,42.60546,1699.0293,3.15,1624.0,4.44,26.6,5,6.6,-2.5,37.8,3.9,2.0,0,,False,,1,1,"TOI4419.01:P=16.16,d=0.852mmag,PC",False,,,False,678.0,False,4,5,944.0,6.76,13.5,139.8,7.0,3,0.8,6.6106520090095975,0.476503678564065,False,False,False,7.0
159418353,9.812,4814.0,0.78,17,1979.26,17.06965,1694.5123,3.15,215.0,1.25,10.4,23,5.0,-2.3,20.1,2.7,2.0,9,,False,,1,1,"TOI1739.01:P=8.303,d=0.62mmag,CP",False,,,False,477.6,False,17,23,180.0,10.04,9.1,10.8,7.0,11,0.7391304347826086,4.102162887943906,0.7678875963842696,False,False,False,7.0
391949880,7.9849,6086.0,1.13,20,2581.55,41.65312,1345.8804,4.8,128.0,1.4,14.4,13,8.3,-4.5,26.5,3.9,2.0,22,,False,,1,1,"TOI128.01:P=4.94,d=0.453mmag,CP",False,,,False,211.2,False,12,13,68.0,14.01,10.9,30.9,7.0,5,0.9230769230769231,7.070928333271754,0.6788359001482082,False,False,False,7.0
233009109,8.57502,6669.0,1.95,40,1951.25,0.53058,1711.6022,4.5,9.0,0.65,7.0,1616,0.8,0.4,7.6,5.2,1.0,9,,False,,1,1,"TOI1737.01:P=14.45,d=0.237mmag,PC",False,,,False,241.2,False,882,1608,11.0,34.97,7.3,3.4,7.0,240,0.5485074626865671,2.3758279838800136,1.8940765200732073,False,False,False,7.0
190081497,10.3364,6187.0,1.34,2,49.71,0.84691,2964.1696,2.1,261.0,2.36,8.4,49,0.0,6.7,8.7,4.0,1.0,2,,False,,1,1,"TOI2671.01:P=3.163,d=1.23mmag,FP",True,,,False,817.5,False,37,49,148.0,14.3,8.2,3.2,6.9,13,0.7551020408163265,2.1621736973749677,0.9712448183740044,False,False,False,6.9
133505138,9.5115,6529.0,1.32,3,2529.6,5.63505,1548.7358,4.2,209.0,2.08,8.4,11,3.2,0.2,7.1,3.8,1.0,0,,False,,1,1,"TOI4359.01:P=2.436,d=0.38mmag,FP",True,,,False,433.0,False,9,11,251.0,2.44,8.4,8.6,6.9,8,0.8181818181818182,4.026152055086416,1.0431796769061303,False,False,False,6.9
166836920,8.93,6180.0,1.7092700004577637,6,2846.66,2.49918,1387.6895,1.8,85.0,1.72,7.9,57,0.5,0.9,9.1,3.3,1.0,9,,False,,1,1,"TOI267.01:P=5.753,d=5.77mmag,KP",True,,,False,292.5,False,40,56,72.0,7.63,8.4,4.2,6.9,15,0.7142857142857143,3.6476619799629324,0.49346677677033324,False,False,False,6.9
259230140,9.657,7596.0,1.61,7,1817.17,0.51252,2333.9789,0.5,427.0,3.63,26.7,314,0.9,-18.3,16.8,8.7,1.0,6,,False,,1,1,"TOI4384.01:P=14.32,d=1.79mmag,PC",False,,,False,1019.8,False,239,312,217.0,7.69,7.1,0.4,6.9,2,0.7660256410256411,2.0669460948148015,0.24190277688146483,False,False,False,6.9
154872375,9.02855,5962.7,1.15,11,1979.27,17.15562,1698.843,3.15,392.0,2.48,20.5,11,12.9,1.3,30.5,3.6,2.0,20,,False,,1,1,"TOI1135.01:P=8.028,d=6.14mmag,CP",True,,,False,374.6,False,8,11,210.0,11.97,23.0,145.4,6.9,6,0.7272727272727273,5.3228267027718665,0.5917908239168551,False,False,False,6.9
154872375,9.02855,5962.7,1.15,11,1979.27,16.80784,1684.2555,3.15,354.0,2.36,17.5,10,6.5,-3.1,28.6,3.2,2.0,20,,False,,1,1,"TOI1135.01:P=8.028,d=6.14mmag,CP",True,,,False,374.6,False,7,10,149.0,15.98,23.9,147.8,6.9,5,0.7,5.286612631814585,0.5958446777513919,False,False,False,6.9
459970307,9.3188,5704.0,0.93,41,1979.26,84.96667,1702.4371,3.6,558.0,2.4,24.5,10,8.8,2.6,29.4,4.7,2.0,11,,False,,1,1,"TOI1154.01:P=21.75,d=0.716mmag,CP",False,,,False,448.1,False,9,10,245.0,11.13,8.1,23.8,6.9,6,0.9,7.875530038735804,0.45711209052513235,False,False,False,6.9
396234347,8.9553,4540.4,0.79,2,1845.34,21.33485,1766.5001,3.15,612.0,2.13,14.8,3,6.2,3.3,14.6,3.3,2.0,0,,False,,1,1,"TOI6026.01:P=1.276,d=0.25mmag,PC",False,,,False,325.5,False,3,3,419.0,2.65,12.1,19.5,6.8,3,1.0,4.456455280271373,0.7068398091965555,False,False,False,6.8
283884522,9.1993,5745.0,1.01,2,1845.44,14.27036,1777.5714,4.8,1796.0,4.67,38.1,2,0.7,-3.7,38.4,3.7,2.0,0,,False,,1,1,"TOI6652.01:P=3.839,d=0.38mmag,PC",False,,,False,780.4,False,2,2,1869.0,1.01,10.0,0.0,6.8,2,1.0,4.590931924252793,1.0455393543613118,False,False,False,6.8
37749396,8.4991,4111.0,0.6181730031967163,3,1846.82,1.93581,1386.8781,1.8,89.0,0.63,7.1,26,0.4,2.9,7.4,2.7,1.0,3,,False,,1,1,"TOI260.01:P=13.48,d=0.77mmag,CP",False,,,False,221.1,False,21,26,84.0,4.39,8.2,4.1,6.8,11,0.8076923076923077,1.700470988144449,1.058530261644838,False,False,False,6.8
344926234,9.1299,5872.0,1.02918,5,1767.41,21.47811,1535.4555,3.15,553.0,2.64,12.1,2,4.4,0.6,12.4,3.2,2.0,0,,False,,1,1,"TOI634.01:P=0.4936,d=0.268mmag,FA",True,,,False,327.7,False,2,2,633.0,1.03,12.9,0.1,6.8,2,1.0,5.327635941579265,0.591256616356982,False,False,False,6.8
123482865,9.4727,6845.0,1.47,5,2226.08,38.14644,1503.5912,4.8,1373.0,5.94,35.8,3,13.3,12.3,43.8,5.5,2.0,7,,False,,1,1,"TOI569.01:P=6.556,d=3.23mmag,CP",True,,,False,678.7,False,3,3,1042.0,2.24,27.6,60.7,6.8,3,1.0,8.182848711493877,0.5865927831780361,False,False,False,6.8
451645081,9.9222,4498.94,0.668361008167267,5,2502.12,4.69471,1574.2671,3.0,244.0,1.14,10.4,24,3.7,-1.1,14.6,3.2,1.0,8,,False,,1,1,"TOI783.01:P=8.113,d=1.33mmag,CP",False,,,False,511.5,False,17,24,118.0,16.03,8.8,12.4,6.8,8,0.7083333333333334,2.4066815083947772,1.246529708869105,False,False,False,6.8
469810663,10.0094,6009.6,1.35,5,2519.31,0.95419,1658.3482,2.25,108.0,1.53,8.1,110,0.2,3.7,9.4,4.9,1.0,1,,False,,2,2,"TOI7060.01:P=5.85,d=0.477mmag,PC;TOI7060.02:P=1065,d=1.41mmag,PC",False,,,False,553.5,False,70,110,79.0,12.09,7.3,3.5,6.8,28,0.6363636363636364,2.2610444137551924,0.9951153486026179,False,False,False,6.8
22221375,7.3635,5903.0,1.03,6,2555.15,2.55884,1544.9226,2.4,34.0,0.66,7.8,54,3.8,-0.3,9.6,3.2,1.0,9,,False,,1,1,"TOI652.01:P=3.985,d=0.483mmag,CP",False,,,False,136.0,False,43,54,38.0,7.03,7.5,2.5,6.8,13,0.7962962962962963,2.62289449038326,0.9150196505423707,False,False,False,6.8
193023697,8.5953,5039.0,0.74,7,2555.15,40.46861,1544.5256,3.15,306.0,1.41,12.2,4,6.7,0.9,12.3,4.6,2.0,2,,False,,1,1,"TOI6266.01:P=2.79,d=0.284mmag,PC",False,,,False,241.6,False,4,4,307.0,2.02,10.6,17.9,6.8,3,1.0,5.281235530299276,0.5964513383142933,False,False,False,6.8
148914726,10.1313,4927.9,0.78,7,1683.92,15.85619,1692.1471,3.0,593.0,2.07,13.4,7,1.7,4.1,13.6,2.9,2.0,14,,False,,1,1,"TOI1179.01:P=1.262,d=3.09mmag,APC",True,,,False,628.9,False,6,7,787.0,1.79,9.9,14.2,6.8,5,0.8571428571428571,4.002558082942257,0.7495206659923639,False,False,False,6.8
201793781,8.4642,5711.7,1.1214799880981443,8,2878.5,14.2738,1366.1176,3.0,131.0,1.4,8.5,10,2.7,0.6,10.2,4.5,2.0,8,,False,,1,1,"TOI248.01:P=5.991,d=0.423mmag,CP",False,,,False,233.8,False,7,10,157.0,2.36,8.4,9.7,6.8,5,0.7,4.923219306666085,0.6093573763691518,False,False,False,6.8
142394656,10.1495,5091.2,0.9,8,1683.21,49.39546,1715.7643,4.5,1213.0,3.42,17.9,2,1.9,1.3,14.9,3.9,2.0,11,,False,1268.01(1:6),1,1,"TOI1268.01:P=8.158,d=11.2mmag,CP",True,1268.01,"TOI-1268 b(P=8.158,Transit,1:6)",False,551.2,True,2,2,1290.0,1.03,12.9,0.1,6.8,2,1.0,6.430809505767091,0.6997563830750143,True,False,False,6.8
236817690,9.09554,6461.0,1.53,26,1951.25,48.43304,1716.7121,4.2,120.0,1.83,7.3,12,1.1,-2.5,7.6,4.4,1.0,4,,False,,1,1,"TOI7624.01:P=16.78,d=0.218mmag,PC",False,,,False,295.7,False,12,12,128.0,3.32,7.9,3.8,6.8,6,1.0,9.10017668209265,0.4615295006595609,False,False,False,6.8
253864764,8.8688,4794.0,0.77,2,754.33,10.94312,3136.6923,4.2,631.0,2.11,20.4,3,5.5,0.6,16.2,3.5,1.0,3,,False,,1,1,"TOI6678.01:P=3.427,d=0.917mmag,PC",False,,,False,395.0,False,3,3,731.0,1.27,10.2,16.9,6.7,3,1.0,3.5068390290401936,1.1976597628861,False,False,False,6.7
345996087,10.2835,7274.6,1.72,2,216.47,0.51488,3368.1112,0.5,532.0,4.33,13.2,73,1.0,10.9,14.1,5.7,1.0,3,,False,,1,1,"TOI1329.01:P=2.022,d=1.15mmag,FP",True,,,False,1175.2,True,62,72,682.0,3.06,7.1,1.2,6.7,9,0.8611111111111112,2.163362344485601,0.23112170796283724,True,False,False,6.7
440887364,8.6486,4476.0,0.69,3,2198.02,21.67035,1614.6661,3.15,486.0,1.66,13.2,2,0.0,-1.9,13.4,2.7,2.0,9,,False,836.01(2:5),2,2,"TOI836.01:P=8.595,d=1.24mmag,CP;TOI836.02:P=3.817,d=0.63mmag,CP",False,836.01,"TOI-836.01(P=8.595,Transit,2:5)",False,282.5,True,2,2,590.0,1.08,10.9,0.8,6.7,2,1.0,4.09320029183057,0.7695689864693257,True,False,False,6.7
335630746,8.69009,6780.0,1.68,3,2227.53,4.52013,1574.9969,3.6,104.0,1.87,7.2,12,1.0,1.7,6.7,3.5,2.0,5,,False,,1,1,"TOI778.01:P=4.634,d=8.35mmag,CP",True,,,True,252.3,False,11,12,122.0,2.94,7.8,4.9,6.7,8,0.9166666666666666,4.3933734749454,0.8194158817888206,False,False,False,6.7
190721237,9.5986,6332.0,1.39270997047424,3,1490.82,25.84977,2266.5485,3.15,742.0,4.14,13.1,3,4.5,2.3,10.5,3.0,2.0,6,"00190721237-02(1:2,ntoi=2);00190721237-01(1:2,ntoi=1);00190721237-01(1:2,ntoi=1)",True,2670.01(1:2),1,1,"TOI2670.01:P=12.93,d=4.47mmag,PC",True,2670.01,,False,492.9,True,3,3,1120.0,1.08,11.2,33.2,6.7,2,1.0,6.933209311418287,0.4543350501206233,True,False,False,6.7
357501308,8.962,4218.9,0.622511982917786,4,1496.31,11.24915,1964.1095,3.15,501.0,1.52,10.9,2,0.2,-0.3,11.2,4.2,1.0,4,"00357501308-01(2:3,ntoi=1);00357501308-01(2:3,ntoi=1);00357501308-01(2:3,ntoi=1)",True,2018.01(2:3),1,1,"TOI2018.01:P=7.436,d=1.42mmag,CP",False,2018.01,"TOI-2018 b(P=7.436,Transit,2:3)",False,320.2,True,2,2,560.0,1.01,10.4,0.0,6.7,2,1.0,3.0714728005906244,1.0255666269921957,True,False,False,6.7
154927364,10.249,5821.7,1.86,3,378.11,20.82137,2405.3599,4.8,1376.0,7.53,19.9,3,3.9,3.5,18.8,2.6,2.0,7,"00154927364-01(1:3,ntoi=1);00154927364-01(1:3,ntoi=1);00154927364-01(1:3,ntoi=1);00154927364-01(1:3,ntoi=1);00154927364-01(1:3,ntoi=1);00154927364-01(1:3,ntoi=1)",True,1647.01(1:3),1,1,"TOI1647.01:P=6.974,d=10mmag,FP",True,1647.01,,False,657.5,True,3,3,1010.0,1.93,17.2,21.3,6.7,2,1.0,7.823240668022402,0.6135564791736579,True,False,False,6.7
262880065,10.446,5270.9,0.813543975353241,4,1493.85,11.80206,1936.1208,4.8,399.0,1.77,7.3,5,4.4,-0.1,6.5,1.8,2.0,4,,False,,1,1,"TOI2256.01:P=13.96,d=0.883mmag,PC",False,,,False,571.6,True,5,5,663.0,1.55,10.3,15.4,6.7,3,1.0,3.7306249373987255,1.286647701268765,True,False,False,6.7
427765233,8.7622,5626.0,1.0,5,782.48,21.00675,2870.7424,3.15,255.0,1.74,10.7,6,3.7,2.3,11.5,4.3,2.0,2,"00427765233-01(3:2,ntoi=1);00427765233-01(3:2,ntoi=1)",True,6973.01(3:2);CTOI427765233.01(3:2),1,2,"TOI6973.01:P=31.65,d=1.02mmag,PC",False,6973.01,,False,274.9,True,5,6,196.0,4.15,11.7,27.0,6.7,3,0.8333333333333334,5.187935679347061,0.6071779209869561,True,False,False,6.7
117979455,8.96,5999.0,1.34654998779297,5,2852.57,14.67008,1452.2198,1.0,4302.0,9.64,38.3,2,5.3,1.7,38.7,3.8,1.0,2,,False,,2,2,"TOI422.01:P=0.6333,d=1.16mmag,APC",False,,,False,1409.5,False,2,2,5923.0,1.11,12.2,1.8,6.7,2,1.0,5.612643289834653,0.17816917063144763,False,False,False,6.7
293954617,8.3879,5064.0,0.78,12,1900.81,52.99454,1703.2499,3.0,303.0,1.48,15.8,6,7.5,0.2,17.8,3.6,2.0,24,,False,,1,1,"TOI1430.01:P=7.434,d=0.761mmag,CP",False,,,False,244.6,False,5,6,268.0,4.59,11.7,45.6,6.7,4,0.8333333333333334,5.984323622168212,0.5013097869384701,False,False,False,6.7
262584907,7.13,5872.1,1.19,3,1380.59,17.67232,2448.8346,1.2,197.0,1.82,11.3,5,4.7,1.0,12.4,4.2,2.0,0,,False,,1,1,"TOI6837.01:P=0.9494,d=0.148mmag,PC",False,,,False,142.3,False,5,5,164.0,3.26,9.4,10.7,6.6,5,1.0,5.499680462600376,0.21819449478208633,False,False,False,6.6
446549905,9.6789,6610.0,1.64,3,2168.04,1.73668,2036.8231,6.3,89.0,1.69,7.1,40,0.5,2.0,6.4,3.5,2.0,3,,False,,2,2,"TOI1110.01:P=2.455,d=4.62mmag,FP",True,,,False,446.9,False,35,40,71.0,4.36,7.2,1.4,6.6,9,0.875,3.1429981617855476,2.004455515309926,False,False,False,6.6
286132427,8.1075,5914.0,1.00635,4,2555.36,23.70785,1535.1249,2.25,629.0,2.75,19.3,3,9.4,0.4,18.7,4.5,2.0,0,,False,,1,1,"TOI635.01:P=0.4934,d=0.211mmag,FA",True,,,False,284.9,False,3,3,714.0,2.16,9.6,10.3,6.6,3,1.0,5.424233604029015,0.4148051437771308,False,False,False,6.6
298372701,8.5097,5954.53,1.42,4,2548.82,3.4619,1630.6472,4.5,109.0,1.61,11.7,25,4.7,0.2,9.5,3.8,2.0,6,,False,,1,2,"TOI906.01:P=1.665,d=1.74mmag,PC",False,,,True,267.8,False,18,25,52.0,28.81,9.3,19.1,6.6,8,0.72,3.5933983429157212,1.2522964532645309,False,False,False,6.6
9033144,9.74346,5756.9,1.2,4,2578.78,15.12049,1367.5071,2.25,652.0,3.34,10.3,3,5.0,0.4,9.9,3.3,2.0,6,,False,,1,1,"TOI367.01:P=4.715,d=4.97mmag,FP",True,,,False,427.6,False,3,3,802.0,1.36,9.4,9.3,6.6,3,1.0,5.250303549764959,0.42854665043142626,False,False,False,6.6
283722336,4.6278,4884.29,0.7502990067005157,5,1845.45,6.57551,1769.4697,2.4,31.0,0.46,13.6,14,1.8,0.7,14.3,3.2,2.0,18,,False,,2,2,"TOI1469.01:P=3.093,d=0.276mmag,KP;TOI1469.02:P=6.765,d=0.292mmag,KP",False,,,False,59.1,False,13,14,25.0,4.79,7.7,3.7,6.6,7,0.9285714285714286,2.9085354126288148,0.8251575654122133,False,False,False,6.6
451645081,9.9222,4498.94,0.668361008167267,5,2502.12,14.45339,1573.7921,2.4,525.0,1.67,11.2,8,5.5,1.6,15.2,3.5,2.0,8,,False,,1,1,"TOI783.01:P=8.113,d=1.33mmag,CP",False,,,False,511.5,False,7,8,334.0,6.01,9.0,15.4,6.6,4,0.875,3.5011087820892897,0.6854971237334128,False,False,False,6.6
341405597,10.4012,4716.0,0.75,6,2547.3,67.81816,1704.617,3.15,914.0,2.47,8.9,2,0.0,-1.3,7.2,4.3,2.0,5,,False,,1,1,"TOI6699.01:P=5.322,d=1.04mmag,PC",False,,,False,577.3,False,2,2,1090.0,1.05,9.9,0.2,6.6,2,1.0,6.329428095357741,0.49767529586288173,False,False,False,6.6
52368076,10.1985,5154.0,0.85,7,2607.66,37.81751,1335.6702,3.6,499.0,2.07,8.2,3,3.3,-0.6,7.4,4.0,2.0,26,"00052368076-04(1:1,ntoi=4)",True,,4,4,"TOI125.01:P=4.652,d=1.06mmag,CP;TOI125.02:P=9.155,d=1.2mmag,CP;TOI125.03:P=19.98,d=0.987mmag,CP;TOI125.04:P=0,d=0.802mmag,PC",False,,,False,490.1,False,3,3,813.0,1.0,9.8,7.7,6.6,3,1.0,5.663069453486502,0.6356976600002034,False,False,False,6.6
447088034,6.9608,5899.0,1.33,8,2548.81,77.36244,1676.1712,3.6,225.0,2.18,13.3,2,0.0,-0.6,13.8,4.6,2.0,5,,False,,1,1,"TOI4568.01:P=14.01,d=0.332mmag,PC",False,,,False,133.3,False,2,2,289.0,1.35,12.2,19.8,6.6,2,1.0,9.689159554396507,0.37154925355383184,False,False,False,6.6
75878355,7.7945,4406.0,0.77,8,1495.86,22.11749,2021.4647,4.2,94.0,0.81,10.1,10,5.8,1.8,15.4,3.0,2.0,15,,False,,2,3,"TOI2134.01:P=9.229,d=1.75mmag,CP;TOI2134.02:P=95.85,d=6.51mmag,CP",True,,,False,173.5,False,9,10,90.0,5.51,9.5,14.8,6.6,7,0.9,4.4338472173037715,0.9472586208223083,False,False,False,6.6
304100538,9.5268,5551.0,0.906282007694244,9,2607.82,25.60005,1348.4422,3.0,532.0,2.28,13.7,5,10.0,0.8,20.5,4.7,2.0,5,,False,,1,1,"TOI1116.01:P=5.01,d=0.445mmag,PC",False,,,False,398.5,False,5,5,368.0,6.63,12.7,37.2,6.6,3,1.0,5.189563183789742,0.578083336449372,False,False,False,6.6
238898571,9.954701,5867.0,0.85030198097229,11,2607.67,51.79557,1468.608,3.0,359.0,1.76,7.9,6,3.2,-0.8,8.7,4.2,2.0,6,,False,,1,1,"TOI863.01:P=0.5251,d=0.301mmag,PC",False,,,False,458.4,False,6,6,423.0,2.06,9.7,7.1,6.6,3,1.0,6.290540462323214,0.47690655802443466,False,False,False,6.6
367855829,9.9558,5697.0,1.29609,37,1979.26,85.64563,1725.0478,4.2,557.0,3.34,20.5,12,8.1,1.1,20.6,6.6,2.0,10,"00367855829-01(1:1,ntoi=1);00367855829-01(1:1,ntoi=1);00367855829-01(1:1,ntoi=1)",True,2253.01(1:1),1,1,"TOI2253.01:P=85.42,d=1.23mmag,FA",True,2253.01,,False,562.6,True,6,12,-4.0,,9.8,58.5,6.6,5,0.5,9.852205684334622,0.42630047875250493,True,False,False,6.6
149603524,9.7109,6280.0,1.21,38,2720.37,87.2732,1349.2775,6.0,201.0,1.87,8.2,9,3.5,-1.2,12.2,5.0,2.0,54,,False,,1,1,"TOI102.01:P=4.412,d=16.1mmag,KP",True,,,False,410.5,False,8,9,184.0,4.79,9.5,14.2,6.6,5,0.8888888888888888,9.470193242126154,0.6335667970649498,False,False,False,6.6
305943739,7.948,5821.4,1.42,2,1142.31,5.29922,2390.8954,3.6,93.0,1.5,8.3,10,3.0,0.7,7.3,3.2,0.5,2,"00305943739-01(1:1,ntoi=1);00305943739-01(1:1,ntoi=1)",True,4498.01(1:1),1,1,"TOI4498.01:P=5.308,d=0.221mmag,FP",True,4498.01,,False,177.7,True,10,10,93.0,3.67,8.5,5.5,6.5,7,1.0,4.141310945609392,0.8692899536598939,True,False,False,6.5
152800085,9.5103,6580.0,1.62,2,1105.52,18.23764,3170.0936,1.12,898.0,5.3,9.6,2,0.7,-0.1,9.2,4.0,2.0,3,,False,,1,1,"TOI2325.01:P=4.27,d=2.43mmag,APC",False,,,False,363.1,False,2,2,976.0,1.04,10.7,0.2,6.5,2,1.0,6.826653343011458,0.16406282020260485,False,False,False,6.5
135083444,10.0721,6071.0,1.16271,2,764.16,16.74735,1905.1959,1.05,1114.0,4.23,8.3,2,0.7,0.0,8.3,4.7,2.0,3,,False,1795.01(1:6),1,1,"TOI1795.01:P=2.792,d=1.11mmag,FP",True,1795.01,,False,491.0,True,2,2,1112.0,1.06,9.1,0.3,6.5,2,1.0,5.319097258369307,0.19740191784383768,True,False,False,6.5
248853232,8.8628,4746.0,0.877591013908386,3,1031.29,22.11371,2805.957,2.1,1412.0,3.6,22.3,2,0.0,-0.7,21.6,3.8,2.0,5,,False,,1,1,"TOI5823.01:P=3.868,d=18.9mmag,KP",True,,,False,282.6,False,2,2,1354.0,1.29,19.4,21.0,6.5,2,1.0,4.837529306875387,0.434105897201564,False,False,False,6.5
332064670,5.2058,5250.0,0.963514983654022,4,1414.93,1.22447,1870.8675,4.5,14.0,0.39,12.2,72,0.5,-0.3,10.8,3.5,2.0,7,,False,1773.01(3:5),1,1,"TOI1773.01:P=0.7365,d=0.418mmag,KP",False,1773.01,"55 Cnc e(P=0.7365,Radial Velocity,3:5)",False,72.0,True,56,72,10.0,6.08,7.0,1.6,6.5,13,0.7777777777777778,1.9622906097574937,2.293238309159582,True,False,False,6.5
332064670,5.2058,5250.0,0.963514983654022,4,1414.93,0.84627,1871.2613,1.8,15.0,0.4,10.0,94,0.7,0.8,10.5,3.5,1.0,7,,False,,1,1,"TOI1773.01:P=0.7365,d=0.418mmag,KP",False,,,False,72.0,False,57,92,12.0,12.18,7.0,2.8,6.5,18,0.6195652173913043,1.7349365285477427,1.0375019318468786,False,False,False,6.5
61109252,8.0152,5977.0,1.07,4,759.08,28.55012,2552.7844,2.25,1225.0,4.09,28.4,2,1.5,2.2,26.0,4.5,1.0,5,,False,,1,1,"TOI5394.01:P=15.19,d=6.23mmag,APC",True,,,False,216.0,False,2,2,1321.0,1.17,19.8,3.5,6.5,2,1.0,6.011739107113718,0.3742677384881132,False,False,False,6.5
335499997,8.98207,5967.0,1.76279997825623,4,2229.32,17.74302,1560.1383,2.4,587.0,4.66,14.1,4,5.7,-3.3,15.7,3.4,2.0,10,,False,,1,1,"TOI680.01:P=0.4336,d=0.806mmag,APC",False,,,False,299.6,False,4,4,474.0,2.29,12.7,16.3,6.5,4,1.0,7.156260903192941,0.3353706680718112,False,False,False,6.5
27064468,9.56225,6223.0,1.24,4,759.08,38.89206,2558.0253,4.5,598.0,3.31,11.4,2,0.0,0.2,11.9,3.9,1.0,10,,False,,2,3,"TOI5126.01:P=5.459,d=1.34mmag,CP;TOI5126.02:P=17.91,d=0.837mmag,CP",False,,,False,422.5,False,2,2,635.0,1.09,11.7,1.1,6.5,2,1.0,7.352636003290828,0.612025401228339,False,False,False,6.5
428673146,7.0276,4944.24,0.757602989673615,5,2553.44,17.44138,1584.5865,4.5,172.0,1.09,17.5,4,5.4,1.0,18.8,3.1,2.0,3,,False,,1,1,"TOI6713.01:P=2.154,d=0.15mmag,PC",False,,"HD 104067 c(P=13.9,Radial Velocity,4:5)",False,158.2,False,3,4,178.0,2.28,12.0,31.2,6.5,3,0.75,4.0522512229599545,1.1104938347610611,False,False,False,6.5
344926234,9.1299,5872.0,1.02918,5,1767.41,22.3854,1535.4555,2.25,600.0,2.75,12.6,3,4.8,-1.2,12.3,3.1,2.0,0,,False,,1,1,"TOI634.01:P=0.4936,d=0.268mmag,FA",True,,,False,327.7,False,3,3,603.0,1.14,9.6,2.4,6.5,3,1.0,5.401621373493262,0.4165415982395877,False,False,False,6.5
253434221,10.0865,4979.2,1.909690022468567,6,1791.26,39.60383,2370.341,3.6,2702.0,10.83,32.4,3,8.1,-5.1,44.9,6.8,1.0,5,,False,,1,1,"TOI4338.01:P=7.5,d=3.29mmag,APC",True,,,False,849.6,False,2,3,3514.0,3.24,26.9,747.0,6.5,2,0.6666666666666666,9.864973946200514,0.3649274716418827,False,False,False,6.5
372757221,9.9002,6389.0,1.4,7,948.71,33.56048,2413.0531,3.6,588.0,3.7,11.7,4,9.9,-1.4,13.2,3.2,2.0,9,,False,,1,1,"TOI1187.01:P=2.594,d=0.985mmag,PC",False,,,False,482.2,False,3,4,599.0,3.1,13.0,58.0,6.5,3,0.75,7.589905565405412,0.47431420180096895,False,False,False,6.5
201248411,9.9005,4486.0,0.764401018619537,11,2907.28,36.83872,1359.4936,3.6,1272.0,2.97,28.5,5,18.4,-0.0,40.6,3.1,2.0,15,,False,,1,1,"TOI129.01:P=0.981,d=6.73mmag,CP",True,,,False,563.5,False,5,5,392.0,12.02,20.0,230.1,6.5,5,1.0,5.230268400388983,0.6883011968816481,False,False,False,6.5
201248411,9.9005,4486.0,0.764401018619537,11,2907.28,26.44009,1350.6061,3.6,892.0,2.49,25.5,9,13.5,5.2,47.2,3.9,2.0,15,,False,,1,1,"TOI129.01:P=0.981,d=6.73mmag,CP",True,,,False,563.5,False,9,9,218.0,21.19,16.9,133.6,6.5,4,1.0,4.68284850865574,0.7687628573390296,False,False,False,6.5
298600443,10.2521,5961.0,1.02,25,1979.26,108.58369,1768.0073,4.5,932.0,3.4,16.0,3,12.3,-1.2,16.2,4.3,2.0,10,,False,,1,1,"TOI5391.01:P=13.64,d=0.449mmag,APC",False,,,False,588.5,False,2,3,1237.0,1.42,13.9,43.9,6.5,2,0.6666666666666666,9.089289591740773,0.4950881974416401,False,False,False,6.5
229951289,10.2572,6011.0,0.98,25,1952.48,58.67906,1734.5492,4.2,348.0,1.99,9.1,9,3.5,0.8,9.3,5.5,1.0,1,,False,,1,1,"TOI1609.01:P=13.31,d=0.815mmag,FA",True,,,False,615.5,False,7,9,263.0,4.85,9.2,12.8,6.5,5,0.7777777777777778,7.208640937641268,0.5826340965422364,False,False,False,6.5
362220495,9.863,5780.0,0.699972987174988,28,1979.26,90.50242,1760.6441,3.15,1319.0,2.77,16.2,7,21.9,-3.3,27.6,4.3,2.0,11,,False,,1,1,"TOI2299.01:P=165,d=3.24mmag,FA",True,,,False,1175.3,False,5,7,370.0,23.86,11.3,76.3,6.5,3,0.7142857142857143,6.655017650980334,0.47332706916802564,False,False,False,6.5
167415965,8.0089,5346.2,0.8,40,2720.36,45.00575,1366.3074,2.25,78.0,0.77,7.9,20,3.1,-0.4,10.4,6.7,1.0,35,,False,,2,2,"TOI214.01:P=18.55,d=0.463mmag,PC;TOI214.02:P=9.696,d=0.0863mmag,PC",False,,,False,187.3,False,17,20,74.0,8.43,8.3,6.6,6.5,7,0.85,5.763561785364686,0.3903836002441036,False,False,False,6.5
29191596,8.676,5502.5,0.99,2,765.34,25.07928,1883.9141,4.5,522.0,2.47,13.7,2,0.4,1.1,14.8,3.4,2.0,0,,False,,1,1,"TOI1792.01:P=8.816,d=0.185mmag,PC",False,,,False,293.8,False,2,2,574.0,1.1,11.3,1.2,6.4,2,1.0,5.466845224780841,0.8231438453025528,False,False,False,6.4
345996087,10.2835,7274.6,1.72,2,216.47,1.14009,3368.6268,0.5,848.0,5.47,14.4,33,1.1,-12.5,11.9,4.2,1.0,3,,False,,1,1,"TOI1329.01:P=2.022,d=1.15mmag,FP",True,,,False,1175.2,False,31,33,857.0,2.98,6.9,0.9,6.4,7,0.9393939393939394,2.8197264018731287,0.17732216844437557,False,False,False,6.4
251039147,8.1954,5975.0,1.07392001152039,3,1380.64,17.18798,2464.9787,4.8,189.0,1.61,10.5,4,4.4,-1.0,11.3,3.3,2.0,4,,False,,1,1,"TOI4537.01:P=6.663,d=1.03mmag,PC",False,,,False,234.1,False,4,4,187.0,2.73,9.0,10.5,6.4,4,1.0,5.088594732182333,0.9432859664855715,False,False,False,6.4
37749396,8.4991,4111.0,0.6181730031967163,3,1846.82,2.11605,1388.0687,2.1,88.0,0.63,7.1,23,2.3,-0.4,7.5,2.8,1.0,3,,False,,1,1,"TOI260.01:P=13.48,d=0.77mmag,CP",False,,,False,221.1,False,20,23,88.0,4.33,7.3,2.9,6.4,8,0.8695652173913043,1.7516888232308205,1.198843066274039,False,False,False,6.4
71512186,8.7784,7064.0,1.62231004238129,3,2221.45,14.87004,1470.9561,4.8,274.0,2.93,8.7,2,0.6,0.8,7.6,4.4,2.0,4,"00071512186-01(1:1,ntoi=1);00071512186-01(1:1,ntoi=1);00071512186-01(1:1,ntoi=1);00071512186-01(1:1,ntoi=1)",True,525.01(1:1),1,1,"TOI525.01:P=14.86,d=0.604mmag,PC",False,525.01,,False,250.0,True,2,2,314.0,1.08,9.6,0.5,6.4,2,1.0,6.38363789243292,0.7519223491184951,True,False,False,6.4
332715376,10.1075,5737.0,0.969790995121002,3,2577.17,28.4264,1433.6933,2.25,1038.0,3.41,10.9,2,4.0,0.0,10.7,4.6,2.0,1,,False,,1,1,"TOI4354.01:P=10.63,d=0.842mmag,PC",False,,,False,491.2,False,2,2,1210.0,1.25,11.7,8.9,6.4,2,1.0,5.622131677542535,0.4002040736590302,False,False,False,6.4
332715376,10.1075,5737.0,0.969790995121002,3,2577.17,27.80142,1433.6933,2.25,1030.0,3.4,10.8,2,3.9,-0.6,10.7,4.6,2.0,1,,False,,1,1,"TOI4354.01:P=10.63,d=0.842mmag,PC",False,,,True,491.2,False,2,2,1188.0,1.24,10.8,6.9,6.4,2,1.0,5.580623433604628,0.40318076049554974,False,False,False,6.4
188646744,6.8806,6815.9,1.65,4,787.06,16.15532,2802.4979,3.6,99.0,1.79,10.2,5,2.4,2.4,9.0,3.4,1.0,4,,False,,1,1,"TOI5807.01:P=14.24,d=0.244mmag,CP",False,,,False,120.8,False,5,5,110.0,1.75,9.6,4.3,6.4,5,1.0,6.636963742402613,0.5424167043433,False,False,False,6.4
101011575,8.5925,4695.0,0.63,4,2198.92,23.92461,1534.5534,4.8,778.0,1.92,26.9,3,11.6,2.3,21.3,2.9,2.0,11,,False,,2,3,"TOI560.01:P=6.398,d=1.8mmag,CP;TOI560.02:P=18.88,d=1.3mmag,CP",False,,"HD 73583 c(P=18.88,Transit,4:5)",False,341.0,True,3,3,477.0,2.69,11.0,19.2,6.4,2,1.0,3.9815326610549193,1.2055658985171367,True,False,False,6.4
58542531,9.794,4402.0,0.695095002651215,5,1443.03,2.18324,1816.697,3.0,103.0,0.77,7.0,51,2.9,0.6,6.4,3.9,2.0,8,,False,,1,1,"TOI1683.01:P=3.058,d=1.21mmag,CP",False,,,False,444.2,False,36,51,110.0,15.28,7.9,5.4,6.4,15,0.7058823529411765,1.9139836844129954,1.5674114802708352,False,False,False,6.4
99989903,7.2861,6439.2,1.40734994411469,6,1683.82,30.13047,1694.7395,4.5,122.0,1.7,11.0,4,1.0,-2.7,11.4,3.8,2.0,2,,False,,1,2,"TOI6673.01:P=19.75,d=0.3mmag,PC",False,,,False,141.8,True,4,4,113.0,2.34,9.3,10.4,6.4,3,1.0,7.347591384255389,0.6124455981102485,True,False,False,6.4
396356111,7.3307,6748.7,1.72,6,782.48,34.18801,2877.4233,0.5,1498.0,7.26,30.1,2,0.0,-0.8,40.5,4.6,2.0,0,,False,,1,1,"TOI2056.01:P=10.22,d=0.326mmag,APC",False,,,False,140.0,False,2,2,1494.0,1.81,9.4,154.1,6.4,2,1.0,8.760290997996874,0.05707572957500269,False,False,False,6.4
22221375,7.3635,5903.0,1.03,6,2555.15,3.21062,1547.3476,2.4,41.0,0.72,8.0,38,2.0,1.0,9.0,2.8,0.5,9,,False,652.01(5:4),1,1,"TOI652.01:P=3.985,d=0.483mmag,CP",False,652.01,"HD 86226 c(P=3.984,Transit,5:4)",False,136.0,True,32,38,43.0,6.84,7.2,2.0,6.4,7,0.8421052631578947,2.8289769748787212,0.848363214445352,True,False,False,6.4
255930614,7.6262,6084.0,1.46,6,1523.67,11.70841,1959.38,2.4,102.0,1.61,8.4,9,0.9,-0.7,9.4,3.7,1.0,10,,False,,1,1,"TOI2024.01:P=2.876,d=3.43mmag,KP",True,,"HD 149026 b(P=2.876,Radial Velocity,1:4)",False,155.3,True,9,9,71.0,3.74,8.3,5.2,6.4,4,1.0,5.4946854852094225,0.4367856916397331,True,False,False,6.4
192790476,9.3951,4195.0,0.675092995166779,6,2607.67,27.77366,1450.1169,1.8,2950.0,4.0,41.0,3,35.3,-1.5,54.2,4.6,2.0,6,,False,,1,2,"TOI2459.01:P=19.1,d=2.07mmag,CP",False,,,True,478.8,False,2,2,3222.0,1.78,13.8,287.0,6.4,2,1.0,4.381892646167466,0.41078140094881915,False,False,False,6.4
64071894,9.6438,5164.0,0.829518973827362,6,2879.65,47.67314,1441.1455,6.3,730.0,2.44,16.8,2,0.0,2.3,17.0,2.9,2.0,3,,False,,1,1,"TOI458.01:P=17.53,d=1.23mmag,PC",False,,,False,484.4,False,2,2,824.0,1.37,11.9,21.4,6.4,2,1.0,6.018899559480968,1.0467029625168345,False,False,False,6.4
199376584,8.0417,6125.0,1.27,7,1875.68,16.09058,1687.5892,3.0,89.0,1.3,7.6,12,2.5,0.4,7.5,4.9,1.0,14,,False,,1,1,"TOI1456.01:P=18.71,d=6.61mmag,CP",True,,,False,194.4,False,11,12,66.0,4.5,7.6,4.1,6.4,4,0.9166666666666666,5.5667451699294626,0.5389145557094027,False,False,False,6.4
259230140,9.657,7596.0,1.61,7,1817.17,0.54267,2333.98,0.5,441.0,3.69,26.6,296,1.4,19.6,19.6,10.7,1.0,6,,False,,1,1,"TOI4384.01:P=14.32,d=1.79mmag,PC",False,,,False,1019.8,False,217,294,237.0,4.53,6.6,0.4,6.4,1,0.7380952380952381,2.1067070529095537,0.23733722223479273,False,False,False,6.4
48018596,9.00772,5660.0,1.47,12,1951.25,78.19507,1766.3467,2.25,704.0,4.26,9.4,2,0.0,-0.3,9.2,5.2,2.0,5,,False,,1,2,"TOI2295.01:P=60.07,d=1.08mmag,PC",False,,,False,305.5,False,2,2,853.0,1.17,13.6,3.1,6.4,2,1.0,10.39472429471591,0.21645595748448784,False,False,False,6.4
362220495,9.863,5780.0,0.699972987174988,28,1979.26,97.71827,1694.9723,4.2,1287.0,2.74,18.3,7,7.6,1.5,26.6,4.0,2.0,11,,False,,1,1,"TOI2299.01:P=165,d=3.24mmag,FA",True,,,False,1175.3,True,6,7,777.0,9.04,8.6,32.2,6.4,4,0.8571428571428571,6.827385165167404,0.6151696291323882,True,False,False,6.4
426471754,8.9496,5647.1,0.88,2,50.22,3.59418,3212.5202,3.15,126.0,1.08,7.2,13,0.1,1.4,7.4,3.7,1.0,2,,False,,1,1,"TOI6871.01:P=12.47,d=1.22mmag,PC",False,,,False,280.0,False,12,13,122.0,3.74,8.0,3.3,6.3,6,0.9230769230769231,2.644823427644511,1.1910057840063073,False,False,False,6.3
67418624,8.6344,6011.0,1.73,3,1845.18,0.736,1790.9928,1.0,81.0,1.7,7.9,82,1.2,4.4,11.8,3.7,1.0,5,"00067418624-01(3:2,ntoi=1);00067418624-01(3:2,ntoi=1);00067418624-01(3:2,ntoi=1);00067418624-01(3:2,ntoi=1);00067418624-01(3:2,ntoi=1)",True,1598.01(3:2),1,1,"TOI1598.01:P=1.102,d=0.63mmag,PC",False,1598.01,,False,246.4,True,58,80,60.0,11.89,7.2,2.9,6.3,13,0.725,2.4464234682412833,0.4087599767504246,True,False,False,6.3
208297760,9.3456,4846.0,0.76,4,1079.54,17.34772,3105.1777,4.8,490.0,1.84,13.3,7,12.6,0.9,14.4,4.1,2.0,6,,False,,1,1,"TOI4417.01:P=5.257,d=1.57mmag,PC",False,,,False,478.4,False,5,6,625.0,3.25,12.2,52.9,6.3,3,0.8333333333333334,4.053512253068827,1.1841582559337334,False,False,False,6.3
27064468,9.56225,6223.0,1.24,4,759.08,20.88023,2531.3816,4.2,418.0,2.77,12.3,5,3.4,0.2,12.7,4.4,1.0,10,,False,,2,3,"TOI5126.01:P=5.459,d=1.34mmag,CP;TOI5126.02:P=17.91,d=0.837mmag,CP",False,,,False,422.5,False,5,5,302.0,1.91,9.8,5.2,6.3,4,1.0,5.9758704907364555,0.702826476328539,False,False,False,6.3
64837857,10.0252,6500.6,1.37,4,756.77,26.58148,2878.0149,4.8,743.0,4.07,11.4,2,0.0,-2.1,10.0,3.3,2.0,16,,False,,4,8,"TOI6650.01:P=20.33,d=11.5mmag,PC;TOI6650.02:P=30.51,d=1.93mmag,PC;TOI6650.03:P=8.997,d=1.07mmag,FP;TOI6650.04:P=0,d=1.56mmag,PC",True,,,False,517.2,True,2,2,842.0,1.21,11.8,5.8,6.3,2,1.0,6.921736432152106,0.6934676070160019,True,False,False,6.3
159851831,10.4514,4579.0,0.8,4,1522.47,49.91112,2010.6949,3.6,1040.0,2.81,9.9,2,1.7,-2.2,9.8,4.6,2.0,1,,False,,1,1,"TOI5741.01:P=24,d=1.35mmag,PC",False,,,False,651.1,False,2,2,1216.0,1.28,11.9,11.7,6.3,2,1.0,5.965782152105799,0.6034414110695064,False,False,False,6.3
219501568,7.97758,6690.0,1.74489998817444,5,1523.67,22.20596,1963.3956,3.15,148.0,2.31,8.7,5,3.6,1.0,8.2,3.1,2.0,6,,False,2259.01(3:4),1,1,"TOI2259.01:P=16.59,d=0.698mmag,PC",False,2259.01,,False,188.1,True,5,5,155.0,2.23,8.3,4.5,6.3,4,1.0,7.6597013728846095,0.4112431864708224,True,False,False,6.3
154618248,8.5509,6208.0,1.46,5,2906.03,13.30289,1365.6392,3.6,351.0,2.99,18.7,7,9.6,1.7,31.0,3.7,2.0,7,,False,,1,1,"TOI245.01:P=8.771,d=1.2mmag,PC",False,,,False,281.9,True,7,7,183.0,8.32,9.9,35.0,6.3,4,1.0,5.733575440725506,0.6278804625869664,True,False,False,6.3
58542531,9.794,4402.0,0.695095002651215,5,1443.03,12.83415,1828.6845,3.6,383.0,1.48,10.8,8,3.3,0.2,14.6,5.1,2.0,8,,False,,1,1,"TOI1683.01:P=3.058,d=1.21mmag,CP",False,,,False,444.2,False,8,8,340.0,4.29,9.6,18.7,6.3,5,1.0,3.4543004440359084,1.04217917877284,False,False,False,6.3
142276270,8.9361,5729.0,0.98,7,1683.92,8.34291,1684.7347,3.6,372.0,2.06,15.5,12,4.6,-0.3,19.6,3.5,1.0,34,"00142276270-01(3:2,ntoi=2);00142276270-01(3:2,ntoi=3);00142276270-01(3:2,ntoi=3);00142276270-01(3:2,ntoi=4);00142276270-01(3:2,ntoi=4);00142276270-01(3:2,ntoi=4);00142276270-01(3:2,ntoi=4);00142276270-01(3:2,ntoi=2);00142276270-01(3:2,ntoi=2);00142276270-01(3:2,ntoi=1)",True,1136.01(3:2);1136.02(3:4);CTOI142276270.05(1:2),4,7,"TOI1136.01:P=12.52,d=2.52mmag,CP;TOI1136.02:P=6.259,d=0.883mmag,CP;TOI1136.03:P=26.32,d=0.869mmag,CP;TOI1136.04:P=18.8,d=0.511mmag,CP",False,1136.01;1136.02,"TOI-1136 d(P=12.52,Transit,3:2);TOI-1136 c(P=6.257,Transit,3:4);TOI-1136 b(P=4.173,Transit,1:2)",False,364.8,True,8,11,161.0,6.58,14.2,16.2,6.3,5,0.7272727272727273,3.762399118817531,0.9568362861863069,True,False,False,6.3
75878355,7.7945,4406.0,0.77,8,1495.86,2.23469,2010.4382,1.58,38.0,0.52,7.3,89,0.4,1.0,6.8,3.6,1.0,15,,False,,2,3,"TOI2134.01:P=9.229,d=1.75mmag,CP;TOI2134.02:P=95.85,d=6.51mmag,CP",True,,,False,173.5,False,58,89,29.0,8.07,6.7,2.4,6.3,17,0.651685393258427,2.065100567301738,0.7650959110744079,False,False,False,6.3
28230919,8.5077,4757.3,0.76,11,1900.81,53.20765,1734.6973,3.15,210.0,1.2,11.3,7,6.4,3.4,14.9,4.2,2.0,18,,False,,1,1,"TOI1144.01:P=4.888,d=4.66mmag,KP",True,,,False,251.7,False,7,7,93.0,10.39,9.3,21.1,6.3,3,1.0,5.889458712652752,0.5348539065623511,False,False,False,6.3
159418353,9.812,4814.0,0.78,17,1979.26,9.18403,1684.8091,4.8,121.0,0.94,10.3,45,1.1,-0.6,20.3,2.8,1.0,9,,False,,1,1,"TOI1739.01:P=8.303,d=0.62mmag,CP",False,,,False,477.6,False,31,45,84.0,13.94,7.3,6.2,6.3,15,0.6888888888888889,3.3364334019270485,1.4386620147213574,False,False,False,6.3
352764091,8.593,5891.0,1.21036994457245,18,1924.47,12.37643,1720.2606,2.4,89.0,1.25,8.7,33,2.7,1.7,20.8,4.1,1.0,28,,False,,1,1,"TOI1287.01:P=9.6,d=0.413mmag,PC",False,,,False,250.8,False,28,33,89.0,22.72,7.6,9.3,6.3,9,0.8484848484848485,4.939528678494676,0.48587631659047303,False,False,False,6.3
40292751,9.77301,6280.0,1.33,2,220.1,4.53058,3314.2943,4.8,456.0,3.1,11.4,6,5.2,3.8,10.8,2.7,2.0,3,,False,,1,3,"TOI5786.01:P=12.78,d=3.27mmag,CP",True,,,True,662.5,False,6,6,520.0,1.89,9.9,5.9,6.2,4,1.0,3.7626514454848,1.2756961598874705,False,False,False,6.2
219824470,10.388,5907.0,1.72,2,754.1,13.27604,2644.518,3.6,874.0,5.55,7.7,2,0.0,-1.3,7.3,3.0,2.0,3,,False,,2,3,"TOI6972.01:P=5.481,d=2.43mmag,PC",False,,,False,777.4,False,2,2,1188.0,1.12,9.7,1.4,6.2,2,1.0,6.391215224891321,0.5632731606313909,False,False,False,6.2
440887364,8.6486,4476.0,0.69,3,2198.02,14.71204,1609.9224,3.15,502.0,1.69,13.4,2,1.1,3.8,14.2,3.1,2.0,9,,False,,2,2,"TOI836.01:P=8.595,d=1.24mmag,CP;TOI836.02:P=3.817,d=0.63mmag,CP",False,,,False,282.5,False,2,2,651.0,1.06,10.0,0.3,6.2,2,1.0,3.5974821979719565,0.87561239407266,False,False,False,6.2
188646744,6.8806,6815.9,1.65,4,787.06,17.96992,2802.5042,2.1,94.0,1.75,9.0,7,1.1,-0.0,9.0,3.4,1.0,4,,False,5807.01(4:5),1,1,"TOI5807.01:P=14.24,d=0.244mmag,CP",False,5807.01,"TOI-5807 b(P=14.24,Transit,4:5)",False,120.8,True,7,7,132.0,1.73,8.2,4.6,6.2,4,1.0,6.876693027466105,0.3053793431831869,True,False,False,6.2
357501308,8.962,4218.9,0.622511982917786,4,1496.31,1.0934,1956.4689,3.6,67.0,0.55,7.2,53,0.8,-0.2,6.3,3.3,1.0,4,,False,,1,1,"TOI2018.01:P=7.436,d=1.42mmag,CP",False,,,False,320.2,False,37,53,64.0,7.48,6.9,3.0,6.2,12,0.6981132075471698,1.4122116645559881,2.549192936408631,False,False,False,6.2
428673146,7.0276,4944.24,0.757602989673615,5,2553.44,21.93342,1575.8677,6.0,146.0,1.0,17.6,6,15.7,1.0,19.5,3.4,2.0,3,,False,,1,1,"TOI6713.01:P=2.154,d=0.15mmag,PC",False,,"HD 104067 b(P=55.85,Radial Velocity,5:2)",False,158.2,False,6,6,161.0,2.19,11.0,25.7,6.2,3,1.0,4.37392701763741,1.3717650010632592,False,False,False,6.2
364107753,7.0514,6059.06,1.31,6,2522.62,5.8543,1631.6666,1.5,69.0,1.19,9.4,23,0.1,0.2,9.0,3.8,1.0,9,"00364107753-01(2:3,ntoi=1);00364107753-01(2:3,ntoi=1);00364107753-01(2:3,ntoi=1);00364107753-01(2:3,ntoi=1);00364107753-01(2:3,ntoi=1);00364107753-01(2:3,ntoi=1);00364107753-01(2:3,ntoi=1);00364107753-01(2:3,ntoi=1);00364107753-01(2:3,ntoi=1)",True,909.01(2:3),1,1,"TOI909.01:P=3.904,d=0.277mmag,FP",True,909.01,,False,135.7,True,21,23,42.0,6.55,6.8,2.3,6.2,8,0.9130434782608695,4.057085395749942,0.36972354626090603,True,False,False,6.2
99989903,7.2861,6439.2,1.40734994411469,6,1683.82,18.30888,1697.4333,2.1,126.0,1.72,9.1,6,1.7,1.8,10.4,3.2,1.0,2,,False,,1,2,"TOI6673.01:P=19.75,d=0.3mmag,PC",False,,,False,141.8,False,6,6,118.0,4.17,9.2,12.1,6.2,4,1.0,6.223436847718258,0.33743413026998703,False,False,False,6.2
130415266,7.3123,10416.0,1.82,6,1515.98,12.7785,2202.6478,4.5,85.0,1.83,11.7,10,7.1,1.7,19.0,4.9,2.0,7,,False,,1,1,"TOI588.01:P=39.47,d=8.46mmag,PC",True,,,False,140.3,False,8,10,65.0,5.94,9.6,21.5,6.2,6,0.8,6.552633006797612,0.686746838306336,False,False,False,6.2
138588540,8.0621,5393.86,0.7355110049247742,6,1683.92,23.12434,1700.0467,3.0,225.0,1.2,12.3,5,5.7,4.1,13.8,3.5,2.0,11,,False,,1,1,"TOI1434.01:P=29.87,d=0.774mmag,PC",False,,,False,214.0,False,5,5,237.0,3.79,12.6,42.4,6.2,3,1.0,4.364731432824847,0.6873275128541884,False,False,False,6.2
169226822,9.62959,5620.0,1.34736001491547,6,2200.86,17.50758,1548.6039,1.12,758.0,4.05,13.5,8,6.1,-0.2,15.7,3.0,2.0,11,,False,,1,1,"TOI675.01:P=4.178,d=12.5mmag,KP",True,,,False,525.2,False,7,7,532.0,4.55,7.0,4.1,6.2,5,1.0,5.955790834640057,0.18805227233398775,False,False,False,6.2
22843856,9.8203,6019.0,1.24,7,1468.48,22.88075,1791.4817,4.5,345.0,2.51,10.9,9,4.0,3.4,12.7,3.4,2.0,12,,False,,1,1,"TOI1644.01:P=1.85,d=6.26mmag,FP",True,,,False,455.6,False,8,8,196.0,6.14,10.3,14.6,6.2,4,1.0,6.160928511075491,0.7304093842203099,False,False,False,6.2
349827430,7.9179,6403.9,1.55,10,1683.92,52.38857,1734.1028,4.5,1183.0,5.82,56.7,2,0.0,-1.7,57.7,3.1,2.0,21,,False,,1,1,"TOI1148.01:P=5.551,d=10.4mmag,KP",True,,,False,210.5,False,2,2,1270.0,1.82,41.6,1447.7,6.2,2,1.0,9.422690812991561,0.4775705888381281,False,False,False,6.2
293954617,8.3879,5064.0,0.78,12,1900.81,49.83968,1701.3749,4.2,273.0,1.41,15.0,5,7.4,1.2,21.0,4.7,2.0,24,,False,,1,1,"TOI1430.01:P=7.434,d=0.761mmag,CP",False,,,False,244.6,False,5,5,163.0,5.38,9.7,24.2,6.2,5,1.0,5.8631334276713005,0.7163405117437591,False,False,False,6.2
229951289,10.2572,6011.0,0.98,25,1952.48,78.23294,1715.0367,4.5,398.0,2.13,8.9,6,4.6,1.3,10.0,6.2,2.0,1,,False,,1,1,"TOI1609.01:P=13.31,d=0.815mmag,FA",True,,,False,615.5,False,6,6,477.0,2.51,9.0,12.3,6.2,4,1.0,7.933939691655269,0.5671835399420787,False,False,False,6.2
82308728,6.9859,5120.0,0.77,2,763.71,0.52166,1900.4318,1.05,49.0,0.59,10.3,74,3.9,-4.1,11.2,3.2,0.5,1,,False,,1,1,"TOI1821.01:P=9.489,d=1.02mmag,KP",False,,,False,155.8,False,55,74,41.0,7.56,6.5,2.2,6.1,14,0.7432432432432432,1.2715436981217745,0.8257679240996424,False,False,False,6.1
47384844,8.72924,6084.0,1.41,3,1740.93,6.49637,1546.3227,4.5,261.0,2.49,14.5,8,5.3,2.7,16.4,3.1,1.0,0,,False,,1,1,"TOI1022.01:P=3.096,d=0.413mmag,FA",True,,,False,299.6,False,7,7,148.0,4.14,9.0,12.2,6.1,5,1.0,4.411415381901752,1.0200807700996997,False,False,False,6.1
34077285,9.2563,4935.0,0.82,3,2088.82,17.65423,2218.1068,3.0,334.0,1.63,7.6,4,3.8,1.7,8.6,3.9,2.0,10,,False,,3,3,"TOI880.01:P=6.387,d=3.82mmag,PC;TOI880.02:P=2.574,d=0.803mmag,CP;TOI880.03:P=14.33,d=1.08mmag,PC",True,,,False,364.1,True,4,4,381.0,2.11,8.6,7.7,6.1,3,1.0,4.289109386983438,0.6994459057408005,True,False,False,6.1
53498154,10.0326,5342.0,0.83,3,1493.63,24.98509,1921.7683,3.6,746.0,2.47,10.4,2,1.1,2.2,9.7,2.5,2.0,6,,False,,4,8,"TOI5624.01:P=13.73,d=2.28mmag,CP;TOI5624.02:P=3.39,d=0.953mmag,CP;TOI5624.03:P=7.885,d=0.865mmag,CP;TOI5624.04:P=21.49,d=1.07mmag,CP",False,,,False,529.0,False,2,2,859.0,1.06,9.0,0.3,6.1,2,1.0,4.854606074681359,0.7415637735830692,False,False,False,6.1
413343957,10.3593,6311.0,1.41,3,1108.52,42.23371,3090.4507,4.5,2252.0,7.3,17.5,2,3.0,-1.8,16.6,4.3,2.0,2,,False,,1,1,"TOI4365.01:P=3.378,d=1.34mmag,PC",False,,,False,814.2,False,2,2,2197.0,1.2,14.0,6.4,6.1,2,1.0,8.233303286635948,0.5465606990701126,False,False,False,6.1
101011575,8.5925,4695.0,0.63,4,2198.92,23.3319,1529.0034,4.8,585.0,1.66,22.0,3,4.0,1.8,26.8,4.4,2.0,11,,False,,2,3,"TOI560.01:P=6.398,d=1.8mmag,CP;TOI560.02:P=18.88,d=1.3mmag,CP",False,,"HD 73583 c(P=18.88,Transit,4:5)",False,341.0,True,3,3,367.0,3.5,9.1,37.6,6.1,3,1.0,3.9483777490233454,1.2156891526367528,True,False,False,6.1
27064468,9.56225,6223.0,1.24,4,759.08,96.11884,2539.7441,7.2,843.0,3.93,12.5,2,3.6,0.0,12.5,4.2,2.0,10,,False,,2,3,"TOI5126.01:P=5.459,d=1.34mmag,CP;TOI5126.02:P=17.91,d=0.837mmag,CP",False,,,False,422.5,False,2,2,1062.0,1.28,12.1,6.3,6.1,2,1.0,9.940897391762546,0.7242806877743482,False,False,False,6.1
69747919,7.7275,6073.5,1.4713100194931,5,2579.04,13.45175,1361.5152,0.62,275.0,2.66,10.3,7,3.0,-0.5,14.0,4.1,2.0,5,,False,,1,1,"TOI1407.01:P=9.978,d=0.195mmag,KP",False,,"K2-167 b(P=9.979,Transit,3:4)",True,161.0,True,7,7,187.0,4.27,7.3,5.6,6.1,3,1.0,5.784564724186807,0.10718178973909907,True,False,False,6.1
59490344,8.3323,5235.0,0.844851970672607,5,785.14,44.71289,2520.6825,3.15,1455.0,3.52,55.2,3,35.1,1.5,12.0,4.2,2.0,3,,False,,1,2,"TOI6985.01:P=748.7,d=1.8mmag,PC",False,,,False,298.3,False,3,3,340.0,10.88,21.9,591.5,6.1,3,1.0,5.9640272905341645,0.5281665972587916,False,False,False,6.1
99989903,7.2861,6439.2,1.40734994411469,6,1683.82,53.91388,1694.777,3.6,209.0,2.22,11.3,2,5.1,0.8,10.5,3.3,2.0,2,,False,,1,2,"TOI6673.01:P=19.75,d=0.3mmag,PC",False,,,False,141.8,False,2,2,268.0,1.42,11.2,26.3,6.1,2,1.0,8.920240358286838,0.4035765691734558,False,False,False,6.1
233964642,9.5498,6090.2,1.57,6,1844.91,50.70621,2108.4222,3.0,497.0,3.82,8.5,2,2.1,2.4,7.7,4.1,2.0,8,,False,,1,1,"TOI334.01:P=17.92,d=10.8mmag,APC",True,,,False,361.3,False,2,2,595.0,1.17,9.5,2.6,6.1,2,1.0,9.40073432465619,0.31912400631635957,False,False,False,6.1
169226822,9.62959,5620.0,1.34736001491547,6,2200.86,21.39924,1560.2523,1.8,762.0,4.06,15.4,6,7.8,-0.0,16.3,3.3,2.0,11,,False,,1,1,"TOI675.01:P=4.178,d=12.5mmag,KP",True,,,False,525.2,False,5,5,447.0,2.42,7.9,4.0,6.1,4,1.0,6.367908978739953,0.28266735689996847,False,False,False,6.1
230982885,9.9696,5640.0,1.13,6,2878.5,52.91803,1393.2743,3.6,563.0,2.92,8.4,2,1.6,-1.9,7.6,4.2,2.0,10,,False,,1,1,"TOI195.01:P=2.073,d=16.1mmag,KP",True,,,False,453.9,False,2,2,704.0,1.18,8.5,2.5,6.1,2,1.0,7.658231299135808,0.4700824327944027,False,False,False,6.1
340458804,10.3607,7923.0,1.51839995384216,18,1951.79,0.91363,2036.6545,0.62,174.0,2.19,12.8,454,1.5,-11.0,10.8,7.0,1.0,8,,False,,1,1,"TOI4510.01:P=194.2,d=0.881mmag,PC",False,,,False,1107.9,False,295,451,153.0,10.86,6.3,0.6,6.1,9,0.6541019955654102,2.4102154487945007,0.25723841422977384,False,False,False,6.1
219776325,10.3727,5740.2,1.19,42,1979.26,98.87948,1737.1001,4.2,545.0,3.03,13.8,9,13.1,1.4,17.9,6.6,2.0,18,,False,,1,1,"TOI1610.01:P=2.529,d=0.42mmag,PC",False,,,False,633.1,False,7,9,286.0,8.83,12.2,38.0,6.1,6,0.7777777777777778,9.763562849578939,0.43017083668193196,False,False,False,6.1
29191596,8.676,5502.5,0.99,2,765.34,20.64418,1883.8828,3.0,546.0,2.52,12.6,2,0.0,-0.2,13.8,3.0,2.0,0,,False,,1,1,"TOI1792.01:P=8.816,d=0.185mmag,PC",False,,,False,293.8,False,2,2,546.0,1.11,10.5,1.2,6.0,2,1.0,5.123471241178766,0.585540517118192,False,False,False,6.0
241225337,9.75149,5566.0,0.98869001865387,3,1469.93,18.13806,1855.3292,3.6,570.0,2.57,11.2,3,8.0,0.9,11.2,2.8,2.0,4,,False,,1,1,"TOI1727.01:P=1.831,d=0.505mmag,PC",False,,,False,476.4,False,3,3,678.0,1.71,10.0,32.7,6.0,2,1.0,4.902813108489768,0.7342723290362013,False,False,False,6.0
369532319,10.1233,5758.0,0.99,3,1845.51,20.79763,1740.817,2.25,1130.0,3.63,15.6,4,4.7,-0.3,15.7,3.4,2.0,4,,False,,1,2,"TOI5967.01:P=15.34,d=1.46mmag,PC",False,,,False,678.3,True,4,4,979.0,2.75,12.5,39.0,6.0,3,1.0,5.136134321203337,0.43807265528695344,True,False,False,6.0
80224448,6.3103,6007.0,1.12993001937866,4,785.14,12.98248,2513.0973,3.6,129.0,1.4,14.4,4,1.6,0.4,14.9,4.6,1.0,2,,False,,2,2,"TOI6965.01:P=5.969,d=0.115mmag,PC;TOI6965.02:P=28.07,d=0.168mmag,PC",False,,,False,116.4,False,4,4,127.0,1.91,8.6,6.6,6.0,3,1.0,4.793968904383423,0.7509435442329,False,False,False,6.0
200807066,8.9043,5908.0,1.24840998649597,4,783.78,47.66453,1421.3357,3.15,387.0,2.68,8.5,2,0.8,-1.0,8.3,3.9,2.0,2,,False,,1,1,"TOI869.01:P=26.26,d=0.273mmag,FA",True,,,False,266.2,False,2,2,492.0,1.11,10.0,1.3,6.0,2,1.0,7.903962815181668,0.39853426359111727,False,False,False,6.0
200807066,8.9043,5908.0,1.24840998649597,4,783.78,26.13555,1407.3951,1.8,450.0,2.89,8.3,2,0.0,-0.8,8.4,4.0,2.0,2,"00200807066-01(1:1,ntoi=1)",True,869.01(1:1),1,1,"TOI869.01:P=26.26,d=0.273mmag,FA",True,869.01,,False,266.2,True,2,2,571.0,1.14,9.5,1.7,6.0,2,1.0,6.469295634781608,0.27823740042462364,True,False,False,6.0
368628986,9.57157,6317.08,1.37829995155334,4,811.51,33.81727,2460.6561,2.1,615.0,3.73,8.4,2,0.0,1.7,7.2,4.3,2.0,4,,False,,1,1,"TOI6983.01:P=31.16,d=0.366mmag,PC",False,,,False,370.1,False,2,2,736.0,1.1,9.1,0.8,6.0,2,1.0,7.530381341483199,0.2788703393321619,False,False,False,6.0
73723286,9.1116,6157.0,1.47641003131866,5,2554.84,14.35287,1557.755,3.0,287.0,2.73,11.6,8,9.2,-3.2,14.4,3.9,2.0,8,,False,,1,1,"TOI665.01:P=14.07,d=18.1mmag,FP",True,,,False,341.4,False,6,8,150.0,7.17,9.9,34.3,6.0,4,0.75,5.924602297563527,0.506363102420181,False,False,False,6.0
257241363,8.2558,5378.0,0.94,8,1442.86,90.96757,1858.5453,3.15,295.0,1.76,9.6,2,0.0,1.3,8.1,4.1,2.0,13,,False,,1,1,"TOI1718.01:P=5.587,d=2.07mmag,PC",False,,,False,201.0,False,2,2,338.0,1.17,9.4,2.5,6.0,2,1.0,8.114387204365046,0.3881993699173601,False,False,False,6.0
257241363,8.2558,5378.0,0.94,8,1442.86,101.95894,1858.5453,3.15,290.0,1.75,9.5,2,1.6,1.4,8.1,4.1,2.0,13,,False,,1,1,"TOI1718.01:P=5.587,d=2.07mmag,PC",False,,,False,201.0,False,2,2,334.0,1.16,10.1,2.5,6.0,2,1.0,8.42885598704794,0.3737161964613459,False,False,False,6.0
28230919,8.5077,4757.3,0.76,11,1900.81,47.60675,1687.1098,2.25,357.0,1.57,13.2,5,9.5,0.3,16.7,5.1,2.0,18,,False,,1,1,"TOI1144.01:P=4.888,d=4.66mmag,KP",True,,,False,251.7,False,4,5,212.0,5.12,9.1,29.9,6.0,3,0.8,5.675100196762035,0.396468770945005,False,False,False,6.0
48031665,9.06584,7800.0,1.57457995414734,12,1875.68,0.62844,1683.4763,0.5,213.0,2.51,22.9,427,2.5,-11.9,13.7,9.5,1.0,16,"00048031665-04(1:3,ntoi=4);00048031665-02(1:3,ntoi=4);00048031665-03(1:3,ntoi=4)",True,,1,1,"TOI4588.01:P=13.12,d=0.362mmag,PC",False,,,False,512.8,False,280,425,111.0,7.46,6.0,0.7,6.0,7,0.6588235294117647,2.1797467867312132,0.22938444182767156,False,False,False,6.0
233059608,6.895,6603.0,1.58365,36,1926.77,112.16763,1774.8375,3.0,1194.0,5.97,112.1,7,33.6,-8.0,130.8,6.8,2.0,9,,False,,1,1,"TOI1250.01:P=1.442,d=0.594mmag,FA",True,,,False,873.2,False,5,7,1016.0,3.32,8.4,22.1,6.0,5,0.7142857142857143,12.319798708528513,0.243510472125102,False,False,False,6.0
229938290,9.2742,5406.0,0.984511,40,1979.25,97.58982,1772.5502,3.0,787.0,3.01,26.6,8,8.9,1.0,37.3,5.2,2.0,5,,False,,1,1,"TOI1783.01:P=1.42,d=0.505mmag,PC",False,,,False,462.9,False,6,8,197.0,15.8,13.8,84.7,6.0,4,0.75,8.566896399255253,0.3501851616019075,False,False,False,6.0
278683844,9.2789,5332.0,0.82,44,2720.37,110.12997,1394.083,3.6,277.0,1.49,9.6,6,5.2,-0.7,10.8,5.3,2.0,54,,False,,2,2,"TOI119.01:P=5.541,d=0.649mmag,PC;TOI119.02:P=10.69,d=0.541mmag,PC",False,,,False,325.8,False,4,6,255.0,4.93,11.2,40.5,6.0,3,0.6666666666666666,7.895616317713634,0.4559492071471967,False,False,False,6.0
80275202,10.4989,7889.0,1.61,2,50.73,1.04268,2230.1619,0.5,1006.0,5.57,17.4,38,0.1,-7.9,18.0,6.7,1.0,3,,False,,1,1,"TOI610.01:P=3.665,d=4.2mmag,FP",True,,,False,1822.3,False,33,38,1022.0,2.31,6.1,0.5,5.9,3,0.868421052631579,2.619042579747977,0.1909094582372592,False,False,False,5.9
262584907,7.13,5872.1,1.19,3,1380.59,22.26237,2451.8346,1.8,227.0,1.96,12.0,3,4.9,-1.0,12.0,3.9,2.0,0,,False,,1,1,"TOI6837.01:P=0.9494,d=0.148mmag,PC",False,,,False,142.3,False,3,3,228.0,1.95,11.6,12.4,5.9,3,1.0,5.939684819862493,0.3030463828620575,False,False,False,5.9
354519019,9.4951,5824.0,0.923281013965607,5,2251.71,2.63097,1439.9151,4.5,121.0,1.11,11.7,44,2.6,-5.1,12.0,3.0,0.5,2,,False,,1,1,"TOI2507.01:P=17.31,d=0.714mmag,PC",False,,,False,413.9,False,30,43,62.0,16.13,7.3,6.3,5.9,9,0.6976744186046512,2.461139303549829,1.82842149304975,False,False,False,5.9
364107753,7.0514,6059.06,1.31,6,2522.62,16.23443,1643.7307,1.58,117.0,1.55,9.0,7,1.3,-0.6,9.5,3.8,1.0,9,,False,,1,1,"TOI909.01:P=3.904,d=0.277mmag,FP",True,,,False,135.7,False,7,7,81.0,4.3,7.8,5.3,5.9,4,1.0,5.699912289254523,0.27719724792583506,False,False,False,5.9
130415266,7.3123,10416.0,1.82,6,1515.98,13.69502,2215.179,3.0,117.0,2.14,12.1,8,5.5,2.4,15.7,3.5,2.0,7,,False,,1,1,"TOI588.01:P=39.47,d=8.46mmag,PC",True,,,True,140.3,False,7,8,97.0,3.45,7.9,10.2,5.9,4,0.875,6.705689545605727,0.4473812841463732,False,False,False,5.9
179034327,9.0567,5229.0,0.794471025466919,6,2879.66,30.68372,1438.4443,4.5,812.0,2.47,21.7,2,0.0,-4.0,17.0,4.2,2.0,4,,False,,1,1,"TOI444.01:P=17.96,d=1.38mmag,CP",False,,,False,427.3,False,2,2,928.0,1.1,16.5,1.3,5.9,2,1.0,5.0492825408747475,0.891215724921666,False,False,False,5.9
352764091,8.593,5891.0,1.21036994457245,18,1924.47,20.49342,1713.0481,3.0,98.0,1.31,8.6,22,4.0,-2.0,17.8,3.1,2.0,28,,False,,1,1,"TOI1287.01:P=9.6,d=0.413mmag,PC",False,,,False,250.8,False,16,22,60.0,14.13,7.2,9.9,5.9,7,0.7272727272727273,5.843753139694778,0.513368708137574,False,False,False,5.9
229938290,9.2742,5406.0,0.984511,40,1979.25,119.49772,1772.5502,2.4,1075.0,3.52,29.4,7,19.7,-0.3,35.7,4.9,2.0,5,,False,,1,1,"TOI1783.01:P=1.42,d=0.505mmag,PC",False,,,False,462.9,False,6,7,126.0,31.99,12.2,122.1,5.9,3,0.8571428571428571,9.165198646922196,0.2618601180898522,False,False,False,5.9
230075227,9.7807,5284.0,0.85,41,1979.26,115.50639,1695.8865,4.8,777.0,2.58,24.8,6,11.5,-1.8,43.6,7.8,2.0,26,,False,,1,1,"TOI2077.01:P=6.116,d=0.35mmag,PC",False,,,False,537.3,False,5,6,318.0,11.61,21.3,253.4,5.9,3,0.8333333333333334,8.216551495094487,0.584186687427899,False,False,False,5.9
356235833,9.1597,5477.0,0.95,3,759.23,3.80748,1984.3733,1.05,714.0,2.77,8.4,2,0.2,1.5,7.8,2.1,2.0,7,"00356235833-01(1:3,ntoi=1);00356235833-01(1:3,ntoi=1);00356235833-01(1:3,ntoi=1);00356235833-01(1:3,ntoi=1);00356235833-01(1:3,ntoi=3);00356235833-02(2:3,ntoi=3)",True,2111.01(1:3),1,1,"TOI2111.01:P=1.268,d=0.584mmag,FP",True,2111.01,,False,325.0,True,2,2,730.0,1.08,8.6,0.4,5.8,2,1.0,2.837286823198292,0.37007185576550283,True,False,False,5.8
86951294,9.2564,5598.0,0.98,3,811.2,38.80149,2498.1473,4.5,1500.0,4.14,12.0,2,0.7,-2.5,10.7,3.2,2.0,5,,False,,1,1,"TOI4596.01:P=4.119,d=0.784mmag,PC",False,,,False,368.7,False,2,2,1417.0,1.04,11.5,0.2,5.8,2,1.0,6.2802241632868565,0.716534932989534,False,False,False,5.8
190721237,9.5986,6332.0,1.39270997047424,3,1490.82,21.77934,2266.5579,2.25,1230.0,5.33,13.7,2,3.1,3.1,10.8,3.1,2.0,6,,False,,1,1,"TOI2670.01:P=12.93,d=4.47mmag,PC",True,,,False,492.9,True,2,2,1379.0,1.31,12.4,14.3,5.8,2,1.0,6.548326452933182,0.34359924114537094,True,False,False,5.8
120183168,10.1293,6111.0,1.09,3,220.1,21.50507,3318.9887,1.8,1485.0,4.58,12.8,2,0.0,-0.9,11.9,5.0,1.0,1,,False,,2,2,"TOI4499.01:P=3.49,d=0.397mmag,PC;TOI4499.02:P=5.539,d=0.477mmag,PC",False,,,False,515.1,False,2,2,1583.0,1.3,12.3,12.8,5.8,2,1.0,5.537829487801366,0.3250370933169771,False,False,False,5.8
413343957,10.3593,6311.0,1.41,3,1108.52,39.1048,3090.4695,3.6,2333.0,7.43,17.5,2,3.5,-0.0,16.6,4.3,2.0,2,,False,,1,1,"TOI4365.01:P=3.378,d=1.34mmag,PC",False,,,False,814.2,False,2,2,2211.0,1.22,12.8,6.5,5.8,2,1.0,8.024741636395358,0.44861257385192127,False,False,False,5.8
27064468,9.56225,6223.0,1.24,4,759.08,25.02984,2539.8316,3.0,850.0,3.94,11.1,2,3.7,1.5,11.7,3.8,1.0,10,,False,,2,3,"TOI5126.01:P=5.459,d=1.34mmag,CP;TOI5126.02:P=17.91,d=0.837mmag,CP",False,,,False,422.5,False,2,2,1166.0,1.37,7.8,8.7,5.8,2,1.0,6.348075869461219,0.4725841438713963,False,False,False,5.8
16884216,8.5049,4958.0,0.695992,5,1496.32,20.73181,1965.9622,2.1,355.0,1.43,10.0,3,3.5,0.7,9.0,2.6,2.0,1,,False,,1,1,"TOI2023.01:P=11.19,d=0.617mmag,APC",False,,,False,242.8,False,3,3,525.0,1.13,10.5,17.2,5.8,2,1.0,4.0565503033456665,0.5176812421795957,False,False,False,5.8
123482865,9.4727,6845.0,1.47,5,2226.08,50.00703,1516.4287,3.0,2308.0,7.7,39.4,2,6.7,3.3,34.6,4.0,2.0,7,,False,,1,1,"TOI569.01:P=6.556,d=3.23mmag,CP",True,,,False,678.7,False,2,2,2339.0,1.23,23.8,10.3,5.8,2,1.0,8.955645025525834,0.3349842464109785,False,False,False,5.8
364107753,7.0514,6059.06,1.31,6,2522.62,12.77544,1640.0135,1.8,98.0,1.41,9.4,10,2.1,-0.2,9.3,4.0,1.0,9,,False,,1,1,"TOI909.01:P=3.904,d=0.277mmag,FP",True,,,False,135.7,False,9,10,82.0,3.13,7.8,4.2,5.8,5,0.9,5.262366765273991,0.3420514153209694,False,False,False,5.8
310009611,9.529,5776.0,0.97,6,2529.55,15.30192,1558.35,4.8,441.0,2.22,15.0,7,5.5,0.7,19.4,2.8,2.0,7,,False,,1,1,"TOI740.01:P=2.131,d=0.52mmag,PC",False,,,False,454.8,False,7,7,174.0,9.36,10.3,33.1,5.8,4,1.0,4.5740905653849255,1.0493889290965674,False,False,False,5.8
170634116,9.6757,6600.0,1.48531997203827,6,2879.66,48.15737,1421.6815,4.5,483.0,3.56,9.2,2,0.0,-0.2,7.9,4.0,2.0,10,,False,,1,1,"TOI413.01:P=3.662,d=13.4mmag,KP",True,,,False,396.3,False,2,2,660.0,1.24,10.5,6.6,5.8,2,1.0,8.905177113585875,0.5053240314709441,False,False,False,5.8
153949511,9.76775,5544.0,0.858824,7,1683.92,45.66355,1701.7216,4.5,606.0,2.31,11.1,2,0.0,-0.5,13.7,3.5,2.0,9,,False,,2,3,"TOI1277.01:P=0,d=1.53mmag,FA;TOI1277.02:P=14.86,d=1.22mmag,PC",True,,,False,451.1,False,2,2,723.0,1.29,11.0,10.7,5.8,2,1.0,6.072035464966102,0.7411023907820872,False,False,False,5.8
160039081,7.8206,6004.0,1.15,9,1713.46,6.15251,1739.4406,2.1,57.0,0.95,7.2,31,1.4,-2.1,7.0,3.9,1.0,5,,False,,1,2,"TOI2082.01:P=30.2,d=0.565mmag,PC",False,,,False,181.3,True,26,31,73.0,2.98,6.4,2.2,5.8,9,0.8387096774193549,3.781733874135908,0.5553008408027735,True,False,False,5.8
445805961,8.9134,5675.0,0.98,9,1663.37,14.06677,1827.582,3.0,271.0,1.76,10.3,8,5.0,0.2,13.7,4.1,2.0,14,"00445805961-01(1:1,ntoi=1)",True,,1,1,"TOI1710.01:P=24.28,d=3.09mmag,CP",True,,,False,275.8,False,8,8,238.0,4.44,11.0,18.5,5.8,5,1.0,4.4780658266911,0.6699320903499845,False,False,False,5.8
308919449,9.8146,5614.1,1.02,23,2607.75,85.82967,1401.9036,3.0,797.0,3.14,20.7,6,11.3,-0.6,27.6,5.4,2.0,7,,False,,1,1,"TOI1942.01:P=1.656,d=0.267mmag,FP",True,,,False,469.8,False,5,6,414.0,6.07,13.7,90.9,5.8,3,0.8333333333333334,8.404029265973923,0.35697162694879514,False,False,False,5.8
260043723,8.735,6278.0,1.55,34,2607.63,0.52309,1325.5332,6.3,16.0,0.68,10.7,1341,0.2,0.0,7.3,6.1,1.0,42,,False,217.01(6:1),1,1,"TOI217.01:P=3.139,d=0.549mmag,FP",True,217.01,,False,247.3,True,687,1296,7.0,76.53,5.9,4.3,5.8,220,0.5300925925925926,2.029028896089208,3.1049336025439307,True,False,False,5.8
267694283,8.54941,6324.0,1.26,2,750.86,4.5831,2912.4478,2.1,146.0,1.66,7.3,10,2.5,1.9,7.2,3.3,0.5,2,,False,,1,1,"TOI1656.01:P=1113,d=7.27mmag,APC",True,,,True,241.4,False,10,10,143.0,3.5,6.8,3.0,5.7,6,1.0,3.6434132653081566,0.5763825970541895,False,False,False,5.7
253864764,8.8688,4794.0,0.77,2,754.33,21.56417,3147.6423,4.2,661.0,2.16,19.8,3,9.7,-2.1,16.2,3.5,2.0,3,,False,,1,1,"TOI6678.01:P=3.427,d=0.917mmag,PC",False,,,False,395.0,False,3,3,751.0,1.23,9.7,19.8,5.7,2,1.0,4.396560223481173,0.9552922708913703,False,False,False,5.7
63898957,9.03971,5890.3,1.2970049887084962,3,2904.62,16.10523,1397.4105,2.4,696.0,3.73,14.2,2,6.1,-0.9,15.1,3.3,2.0,7,,False,,2,2,"TOI261.01:P=3.364,d=0.458mmag,CP;TOI261.02:P=13.04,d=0.679mmag,CP",False,,"TOI-261.02(P=13.04,Transit,4:5)",False,287.3,True,2,2,675.0,1.34,9.0,10.9,5.7,2,1.0,5.647094241336376,0.42499733445780846,True,False,False,5.7
309787037,10.0119,6762.0,1.75,3,76.64,28.92623,2266.539,3.6,696.0,5.04,10.2,2,0.0,0.8,10.5,4.0,1.0,5,,False,,1,1,"TOI1046.01:P=1.304,d=0.993mmag,FP",True,,,False,493.1,False,2,2,761.0,1.03,9.0,0.1,5.7,2,1.0,8.381677338017496,0.42950830183729094,False,False,False,5.7
369532319,10.1233,5758.0,0.99,3,1845.51,11.59869,1749.9951,3.6,637.0,2.73,13.4,6,7.8,1.4,17.0,3.9,2.0,4,,False,5967.01(4:3),1,2,"TOI5967.01:P=15.34,d=1.46mmag,PC",False,5967.01,,False,678.3,True,5,6,460.0,4.98,14.7,51.2,5.7,4,0.8333333333333334,4.227673153779929,0.8515322422172747,True,False,False,5.7
124573851,10.1755,5581.9,0.99,4,2200.55,4.76451,1546.2519,1.5,296.0,1.86,7.0,17,5.1,0.6,5.8,3.4,2.0,8,"00124573851-02(2:1,ntoi=2)",True,669.01(5:6),1,1,"TOI669.01:P=3.945,d=0.913mmag,CP",False,669.01,"TOI-669 b(P=3.945,Transit,5:6)",False,491.3,True,13,17,397.0,2.21,6.7,3.5,5.7,8,0.7647058823529411,3.1427114272732526,0.47729485659504617,True,False,False,5.7
69747919,7.7275,6073.5,1.4713100194931,5,2579.04,14.30466,1362.7886,0.75,257.0,2.58,10.2,7,4.3,0.9,11.7,2.9,2.0,5,,False,,1,1,"TOI1407.01:P=9.978,d=0.195mmag,KP",False,,,False,161.0,False,7,7,186.0,3.97,7.1,4.7,5.7,3,1.0,5.904325190078798,0.12702552380757176,False,False,False,5.7
458856474,5.666,8719.5,1.0,6,1792.01,17.28795,2297.6929,4.5,1304.0,3.94,176.5,6,32.2,37.9,204.7,2.9,2.0,8,"00458856474-01(3:1,ntoi=2)",True,,1,1,"TOI1978.01:P=6.081,d=16.8mmag,FP",True,,,False,1194.0,False,4,6,693.0,3.83,7.9,15.2,5.7,3,0.6666666666666666,4.861714592644592,0.9255993773900593,False,False,False,5.7
69679391,7.55216,8894.8,1.62,7,1849.61,38.97267,1709.2457,4.5,221.0,2.63,11.8,2,0.0,1.1,14.9,4.2,2.0,22,,False,,1,1,"TOI1151.01:P=3.474,d=17.2mmag,KP",True,,,False,170.3,False,2,2,257.0,1.26,10.3,7.2,5.7,2,1.0,8.793025995448279,0.5117692137302257,False,False,False,5.7
142387023,8.9754,5182.0,0.82,7,1524.13,10.345,1874.7524,2.25,149.0,1.09,7.4,13,0.9,0.4,9.0,3.4,1.0,5,,False,,1,2,"TOI1824.01:P=22.81,d=1.06mmag,CP",False,,,False,289.6,False,11,13,123.0,4.62,6.9,5.4,5.7,4,0.8461538461538461,3.589172740138757,0.6268854031007198,False,False,False,5.7
403224672,7.384,5795.29,1.13,8,2907.2,4.73584,1327.3785,0.75,78.0,1.09,7.6,30,0.4,0.9,8.2,3.3,1.0,11,,False,,1,1,"TOI141.01:P=1.008,d=0.248mmag,CP",False,,"HD 213885 c(P=4.785,Radial Velocity,1:1)",False,159.8,False,26,30,54.0,9.7,6.3,2.0,5.7,7,0.8666666666666667,3.425518075128306,0.21894498395601314,False,False,False,5.7
164458714,9.03131,6304.0,1.43,11,1875.68,44.84872,1704.9801,3.15,181.0,2.1,7.0,7,3.2,0.3,8.3,3.6,2.0,4,,False,4589.01(2:5),1,1,"TOI4589.01:P=17.83,d=0.314mmag,KP",False,4589.01,"Kepler-410 A b(P=17.83,Transit,2:5)",False,315.9,True,7,7,157.0,3.4,8.0,4.7,5.7,4,1.0,8.47908527848687,0.37150233740332556,True,False,False,5.7
154840461,8.40534,6528.3,1.69,13,1979.27,19.79892,1689.4336,6.0,87.0,1.72,9.7,15,0.5,-0.8,13.4,5.3,1.0,22,,False,,1,1,"TOI1153.01:P=6.036,d=1.07mmag,APC",False,,,False,226.8,False,14,15,47.0,8.26,7.7,6.7,5.7,5,0.9333333333333333,7.216832030949167,0.8313897253350474,False,False,False,5.7
279741379,6.9934,4628.53,0.71,15,2662.78,66.66979,1347.7537,3.6,763.0,2.14,50.4,3,14.7,-2.3,72.7,4.6,2.0,19,"00279741379-01(1:1,ntoi=2)",True,,2,2,"TOI186.01:P=35.61,d=1.52mmag,CP;TOI186.02:P=7.79,d=0.184mmag,CP",False,,,False,238.5,False,3,3,296.0,5.28,9.4,20.4,5.7,2,1.0,6.067692390564056,0.5933062799291547,False,False,False,5.7
4897275,7.6474,5853.7,1.09271,2,765.34,1.35025,1871.002,2.1,50.0,0.84,7.3,32,0.6,-1.3,7.6,3.0,1.0,3,,False,,1,1,"TOI1774.01:P=16.71,d=0.668mmag,CP",False,,,False,182.9,False,27,32,58.0,3.52,6.5,2.1,5.6,8,0.84375,2.2047006715535375,0.9525102555170175,False,False,False,5.6
29191596,8.676,5502.5,0.99,2,765.34,9.39882,1878.1391,3.6,292.0,1.85,12.7,5,2.3,-5.4,12.8,2.5,1.0,0,,False,,1,1,"TOI1792.01:P=8.816,d=0.185mmag,PC",False,,,False,293.8,False,5,5,132.0,4.78,9.0,13.0,5.6,3,1.0,3.9414516299512656,0.9133690675393402,False,False,False,5.6
29119552,10.2061,6157.0,1.6,2,381.98,10.86573,2585.6565,2.1,719.0,4.68,7.1,2,0.9,0.3,6.0,3.4,1.0,4,,False,,1,1,"TOI1709.01:P=7.629,d=11.8mmag,PC",True,,,False,505.7,False,2,2,785.0,1.14,8.2,1.3,5.6,2,1.0,5.6969348404609566,0.36861927664773547,False,False,False,5.6
192415680,9.2063,5359.0,0.85,3,1845.17,12.97405,1800.663,2.4,379.0,1.81,8.0,4,3.5,0.0,8.1,5.3,2.0,2,,False,,1,2,"TOI6041.01:P=1094,d=2.56mmag,PC",False,,"TOI-6041 b(P=26.05,Transit,2:1)",False,325.2,True,3,3,491.0,1.02,8.0,3.7,5.6,3,1.0,3.9644179476477217,0.6053852120773578,True,False,False,5.6
50618703,9.6504,4665.0,0.663414001464844,3,2577.38,16.05998,1480.5908,1.8,723.0,1.95,8.8,2,1.8,0.6,9.0,4.8,1.0,4,,False,,1,1,"TOI544.01:P=1.548,d=1.01mmag,CP",False,,,False,390.0,False,2,2,771.0,1.09,9.7,0.7,5.6,2,1.0,3.6083865012603193,0.49883791533177085,False,False,False,5.6
369532319,10.1233,5758.0,0.99,3,1845.51,20.32262,1741.2889,2.4,1146.0,3.66,14.9,4,12.6,-1.2,15.2,3.2,2.0,4,,False,5967.01(3:4),1,2,"TOI5967.01:P=15.34,d=1.46mmag,PC",False,5967.01,,False,678.3,True,4,4,744.0,3.52,13.0,35.8,5.6,3,1.0,5.096730335412791,0.47089012799528873,True,False,False,5.6
356473034,10.4467,5267.0,1.08,3,1119.86,7.57871,1842.8413,0.5,1412.0,4.43,10.2,8,3.6,0.8,8.9,3.7,1.0,6,,False,,1,1,"TOI1720.01:P=2.616,d=14.6mmag,KP",True,,,False,1017.7,False,7,8,1382.0,1.86,6.9,3.2,5.6,5,0.875,3.887668514873801,0.12861178829600667,False,False,False,5.6
32460142,9.3397,6255.0,1.45475995540619,4,1842.63,23.92461,2379.4009,1.58,783.0,4.44,12.5,4,6.7,1.6,14.4,4.4,2.0,4,,False,,1,1,"TOI4382.01:P=10.69,d=0.699mmag,PC",False,,,False,405.3,False,4,4,489.0,3.0,6.9,5.2,5.6,4,1.0,6.955859613555956,0.22714661994051902,False,False,False,5.6
85242435,9.52682,6137.0,1.09,4,1496.85,20.6742,1862.6692,3.15,892.0,3.55,15.6,2,8.3,0.1,16.3,3.2,2.0,6,,False,,1,1,"TOI1722.01:P=9.605,d=1.56mmag,PC",False,,,False,389.7,False,2,2,1006.0,1.51,12.2,47.8,5.6,2,1.0,5.46557087505257,0.5763350383723094,False,False,False,5.6
10792081,10.0223,5856.0,1.01,4,228.35,14.09867,3435.1267,4.8,457.0,2.35,12.4,7,3.4,-2.4,15.9,3.7,1.0,3,"00010792081-01(1:1,ntoi=1)",True,,1,1,"TOI5703.01:P=10.17,d=0.925mmag,PC",False,,,False,568.5,False,6,7,98.0,26.0,10.4,80.3,5.6,2,0.8571428571428571,4.572446067886116,1.049766345788543,False,False,False,5.6
70420766,10.2356,6223.0,1.23310005664825,4,2198.29,20.58086,2073.9193,2.1,857.0,3.94,8.2,2,0.0,0.0,6.7,3.7,2.0,7,"00070420766-02(1:2,ntoi=2)",True,,1,1,"TOI2304.01:P=9.407,d=1.05mmag,PC",False,,,False,513.5,False,2,2,1030.0,1.06,9.5,0.3,5.6,2,1.0,5.92509082475319,0.35442494674121316,False,False,False,5.6
136916387,5.0494,5739.0,1.02606999874115,5,2548.81,25.32817,1637.393,6.3,85.0,1.03,26.0,4,4.0,-4.3,21.2,2.9,2.0,10,,False,,3,3,"TOI2011.01:P=11.58,d=0.236mmag,KP;TOI2011.02:P=27.59,d=0.603mmag,KP;TOI2011.03:P=0,d=0.212mmag,KP",False,,,False,79.4,False,4,4,57.0,3.23,16.3,34.2,5.6,2,1.0,5.617299213610562,1.1215354141604692,False,False,False,5.6
91987762,7.4098,6303.91,1.61033999919891,5,1414.94,25.5259,1876.0116,2.25,123.0,1.95,7.5,4,2.7,0.3,7.9,3.8,2.0,7,,False,,1,2,"TOI1898.01:P=45.52,d=3.29mmag,CP",True,,,False,146.0,False,4,4,170.0,1.71,8.8,7.8,5.6,3,1.0,7.605837379624836,0.2958254150986046,False,False,False,5.6
230982885,9.9696,5640.0,1.13,6,2878.5,42.83139,1371.0462,3.15,571.0,2.94,8.1,2,0.0,-0.4,7.3,3.8,2.0,10,,False,,1,1,"TOI195.01:P=2.073,d=16.1mmag,KP",True,,,False,453.9,False,2,2,700.0,1.22,7.9,3.0,5.6,2,1.0,7.13698273098603,0.4413629847139623,False,False,False,5.6
259230140,9.657,7596.0,1.61,7,1817.17,0.63312,2333.9781,0.5,371.0,3.38,20.7,254,0.2,-15.5,16.6,8.6,1.0,6,,False,,1,1,"TOI4384.01:P=14.32,d=1.79mmag,PC",False,,,False,1019.8,False,183,251,187.0,5.84,6.1,0.4,5.6,2,0.7290836653386454,2.2177923904603136,0.2254494163433497,False,False,False,5.6
201793781,8.4642,5711.7,1.1214799880981443,8,2878.5,4.44273,1357.0676,2.4,63.0,0.97,8.1,47,1.0,-2.0,9.4,3.0,1.0,8,,False,,1,1,"TOI248.01:P=5.991,d=0.423mmag,CP",False,,"TOI-248 b(P=5.991,Transit,4:3)",False,233.8,True,35,47,61.0,6.27,6.6,4.4,5.6,13,0.7446808510638298,3.3364602344403895,0.7193252223497703,True,False,False,5.6
198384408,6.3196,5470.16,1.1485,37,1979.26,98.41821,1700.6878,4.8,81.0,1.13,17.2,8,16.2,2.3,21.6,4.6,2.0,10,,False,,1,1,"TOI1689.01:P=9.124,d=0.308mmag,FA",True,,,False,112.2,False,7,8,17.0,16.64,9.0,24.8,5.6,3,0.875,9.520376296161142,0.504181751926705,False,False,False,5.6
230075227,9.7807,5284.0,0.85,41,1979.26,119.73069,1773.8833,3.15,988.0,2.92,25.9,6,17.2,0.8,29.5,4.6,2.0,26,,False,,1,1,"TOI2077.01:P=6.116,d=0.35mmag,PC",False,,,False,537.3,False,5,6,351.0,13.3,8.0,49.7,5.6,4,0.8333333333333334,8.315519882057988,0.3788097490809455,False,False,False,5.6
167719618,9.0803,5334.0,0.796253979206085,43,2720.36,46.79539,1351.9537,1.8,143.0,1.04,8.1,23,1.5,0.5,12.0,7.0,1.0,12,,False,,1,1,"TOI4503.01:P=710.7,d=0.751mmag,PC",False,,,False,301.5,False,17,23,133.0,8.05,8.1,10.5,5.6,7,0.7391304347826086,5.820724731733621,0.3092398426241839,False,False,False,5.6
267694283,8.54941,6324.0,1.26,2,750.86,4.58311,2912.4478,1.8,147.0,1.67,7.0,10,2.1,1.5,6.9,3.0,2.0,2,,False,,1,1,"TOI1656.01:P=1113,d=7.27mmag,APC",True,,,True,241.4,False,10,10,141.0,3.38,6.4,2.2,5.5,4,1.0,3.6434159151962358,0.4940418667252408,False,False,False,5.5
468889418,10.2409,5857.9,1.08,2,50.24,15.0656,3220.7867,4.2,692.0,3.1,8.7,2,2.8,0.8,9.0,4.1,1.0,0,,False,,1,1,"TOI5156.01:P=22.85,d=1.37mmag,PC",False,,,False,661.2,True,2,2,915.0,1.32,10.7,12.1,5.5,2,1.0,4.888244742504874,0.8592041154321995,True,False,False,5.5
80275202,10.4989,7889.0,1.61,2,50.73,0.63457,2229.5734,0.5,763.0,4.85,16.3,59,1.9,13.5,16.9,6.1,1.0,3,,False,,1,1,"TOI610.01:P=3.665,d=4.2mmag,FP",True,,,False,1822.3,False,47,59,705.0,4.04,5.8,0.7,5.5,2,0.7966101694915254,2.2194841956450704,0.22527756718478462,False,False,False,5.5
234388232,9.3422,5638.7,0.87,3,452.73,33.86108,3236.1402,2.1,930.0,2.9,14.1,2,1.1,-0.2,11.5,3.6,2.0,6,"00234388232-01(1:1,ntoi=3);00234388232-01(1:1,ntoi=3)",True,5088.02(2:5),2,2,"TOI5088.01:P=10.39,d=0.893mmag,PC;TOI5088.02:P=13.42,d=0.597mmag,PC",False,5088.02,,False,348.1,True,2,2,876.0,1.16,11.7,2.9,5.5,2,1.0,5.543551217490894,0.3788185438558095,True,False,False,5.5
422618449,9.3742,5013.7,0.77,3,1380.29,14.48851,2461.272,2.1,756.0,2.31,11.2,3,5.3,-1.1,10.8,3.4,2.0,4,,False,,1,1,"TOI6836.01:P=9.1,d=1.18mmag,KP",False,,,False,349.3,False,3,3,866.0,1.44,13.2,19.7,5.5,3,1.0,3.8507325179616667,0.5453507846116528,False,False,False,5.5
21832928,6.6813,5991.11,1.12505996227264,4,1495.82,12.69316,1984.6452,2.1,196.0,1.72,10.7,2,0.0,2.5,10.1,2.3,2.0,4,,False,,1,1,"TOI2128.01:P=16.34,d=0.404mmag,CP",False,,,False,131.8,False,2,2,201.0,1.16,7.7,1.5,5.5,2,1.0,4.744407589198402,0.4426263891789298,False,False,False,5.5
85242435,9.52682,6137.0,1.09,4,1496.85,14.03575,1856.3661,6.0,617.0,2.95,14.5,2,8.2,2.5,16.7,3.3,2.0,6,,False,,1,1,"TOI1722.01:P=9.605,d=1.56mmag,PC",False,,,False,389.7,False,2,2,700.0,1.47,12.8,40.9,5.5,2,1.0,4.803647906337052,1.2490507458060571,False,False,False,5.5
9033144,9.74346,5756.9,1.2,4,2578.78,13.72423,1367.2821,3.15,381.0,2.56,8.8,6,3.5,0.9,10.1,3.4,2.0,6,,False,,1,1,"TOI367.01:P=4.715,d=4.97mmag,FP",True,,,True,427.6,False,4,6,293.0,2.99,7.8,8.5,5.5,3,0.6666666666666666,5.083448802279034,0.6196580554893714,False,False,False,5.5
303586471,7.7158,6034.49,1.07903003692627,5,2936.45,21.54568,1367.383,3.0,168.0,1.53,10.1,4,7.5,1.5,11.4,3.3,2.0,4,,False,,1,2,"TOI4326.01:P=1826,d=0.638mmag,PC",False,,,False,178.0,True,4,4,129.0,3.24,9.9,12.8,5.5,4,1.0,5.504071310970432,0.5450510777395914,True,False,False,5.5
219501568,7.97758,6690.0,1.74489998817444,5,1523.67,17.51119,1967.4174,3.0,109.0,1.99,8.0,8,0.7,0.1,8.1,3.0,2.0,6,,False,,1,1,"TOI2259.01:P=16.59,d=0.698mmag,PC",False,,,False,188.1,False,8,8,108.0,3.6,7.1,5.1,5.5,5,1.0,7.076641699960011,0.4239298988412756,False,False,False,5.5
97735908,8.22398,6327.0,1.88,5,811.21,20.01138,2492.8791,4.5,300.0,3.55,11.2,2,0.0,-0.8,11.0,3.9,1.0,7,,False,,1,1,"TOI4612.01:P=4.114,d=6.25mmag,KP",True,,,False,214.4,False,2,2,333.0,1.31,10.5,11.4,5.5,2,1.0,7.775694809724089,0.5787264173964766,False,False,False,5.5
16884216,8.5049,4958.0,0.695992,5,1496.32,16.17909,1965.5997,3.6,198.0,1.07,9.2,5,7.0,1.2,8.5,3.4,2.0,1,,False,,1,1,"TOI2023.01:P=11.19,d=0.617mmag,APC",False,,,False,242.8,False,5,5,190.0,2.52,9.4,16.0,5.5,3,1.0,3.7347581997812194,0.9639178247766848,False,False,False,5.5
64071894,9.6438,5164.0,0.829518973827362,6,2879.65,44.18294,1449.3205,6.3,756.0,2.49,16.6,2,6.0,1.5,19.0,3.7,2.0,3,,False,458.01(2:5),1,1,"TOI458.01:P=17.53,d=1.23mmag,PC",False,458.01,,False,484.4,True,2,2,808.0,1.4,11.5,22.7,5.5,2,1.0,5.868278462503899,1.073568686328476,True,False,False,5.5
142276270,8.9361,5729.0,0.98,7,1683.92,12.96413,1694.4847,3.6,317.0,1.9,16.7,11,5.6,-1.9,21.2,3.8,2.0,34,,False,,4,7,"TOI1136.01:P=12.52,d=2.52mmag,CP;TOI1136.02:P=6.259,d=0.883mmag,CP;TOI1136.03:P=26.32,d=0.869mmag,CP;TOI1136.04:P=18.8,d=0.511mmag,CP",False,,"TOI-1136 f(P=26.32,Transit,2:1);TOI-1136 g(P=39.55,Transit,3:1)",False,364.8,True,7,10,103.0,10.52,6.9,11.0,5.5,4,0.7,4.3578619688973435,0.826093168093366,True,False,False,5.5
120826158,9.00568,6156.0,1.34,7,1849.41,1.7103,1684.0527,3.0,57.0,1.11,7.3,90,1.6,2.0,6.0,3.5,0.5,16,"00120826158-02(3:2,ntoi=2);00120826158-02(3:2,ntoi=2);00120826158-02(3:2,ntoi=2);00120826158-01(3:1,ntoi=2);00120826158-02(3:2,ntoi=2);00120826158-01(3:1,ntoi=2);00120826158-02(3:2,ntoi=2);00120826158-02(3:2,ntoi=2);00120826158-01(3:1,ntoi=1);00120826158-01(3:1,ntoi=1)",True,4495.02(3:2),2,2,"TOI4495.01:P=5.183,d=0.728mmag,CP;TOI4495.02:P=2.569,d=0.315mmag,PC",False,4495.02,"TOI-4495 c(P=5.186,Transit,3:1);TOI-4495 b(P=2.567,Transit,3:2)",False,309.2,True,55,88,38.0,31.64,6.0,3.4,5.5,17,0.625,2.73297457537869,1.097705052592489,True,False,False,5.5
257241363,8.2558,5378.0,0.94,8,1442.86,93.41696,1932.3546,1.8,324.0,1.85,8.3,2,0.9,0.0,8.1,4.1,2.0,13,,False,,1,1,"TOI1718.01:P=5.587,d=2.07mmag,PC",False,,,False,201.0,False,2,2,377.0,1.13,8.0,1.1,5.5,2,1.0,8.186572391322493,0.2198722388270753,False,False,False,5.5
279741379,6.9934,4628.53,0.71,15,2662.78,63.51309,1353.5006,3.15,656.0,1.98,45.6,4,50.5,-4.9,72.7,4.6,2.0,19,,False,,2,2,"TOI186.01:P=35.61,d=1.52mmag,CP;TOI186.02:P=7.79,d=0.184mmag,CP",False,,,False,238.5,False,3,4,217.0,10.95,6.8,39.9,5.5,3,0.75,5.970374961331581,0.527605053351197,False,False,False,5.5
309402106,8.488401,7053.0,1.59688,18,2607.75,20.8736,1330.2817,0.75,397.0,3.47,19.3,22,13.6,-2.3,53.6,3.6,2.0,25,,False,,1,1,"TOI710.01:P=216.2,d=5.49mmag,FP",True,,,False,340.7,False,17,22,220.0,21.66,9.7,36.5,5.5,10,0.7727272727272727,7.072760205982179,0.10604063734065888,False,False,False,5.5
376867898,8.47427,6298.0,1.8,38,1979.26,21.49999,1684.3513,0.5,139.0,2.31,7.2,38,0.4,-0.8,8.4,5.7,0.5,3,,False,,1,1,"TOI7064.01:P=61.56,d=0.198mmag,PC",False,,,False,236.4,False,30,38,147.0,2.86,6.4,1.7,5.5,11,0.7894736842105263,7.7363489426035805,0.06462996999095166,False,False,False,5.5
459970307,9.3188,5704.0,0.93,41,1979.26,98.10467,1727.2371,4.8,443.0,2.14,20.8,8,8.8,2.1,29.5,4.7,2.0,11,,False,,1,1,"TOI1154.01:P=21.75,d=0.716mmag,CP",False,,,False,448.1,False,6,8,232.0,8.96,9.3,31.2,5.5,5,0.75,8.262157827500625,0.5809620319794886,False,False,False,5.5
300293197,9.4906,5873.97,1.0887099504470823,42,2720.36,106.63914,1362.0883,3.15,377.0,2.31,13.0,8,7.5,-1.5,19.3,5.9,2.0,57,,False,,1,1,"TOI211.01:P=6.564,d=2.33mmag,APC",False,,,False,387.7,False,8,8,194.0,9.75,13.4,52.3,5.5,3,1.0,9.436015237571704,0.3338273540993806,False,False,False,5.5
177077336,10.0686,4907.96,0.76,43,2691.55,107.06673,1409.8664,1.8,492.0,1.84,9.2,8,3.5,0.7,11.4,5.1,2.0,12,,False,,1,1,"TOI723.01:P=1.418,d=0.222mmag,PC",False,,,False,474.6,False,7,8,241.0,8.92,12.7,34.4,5.5,5,0.875,7.435363442536318,0.24208635044018667,False,False,False,5.5
219824470,10.388,5907.0,1.72,2,754.1,17.7785,2657.7742,4.5,903.0,5.64,9.0,2,0.0,-0.8,7.3,3.1,2.0,3,,False,,2,3,"TOI6972.01:P=5.481,d=2.43mmag,PC",False,,,False,777.4,False,2,2,1129.0,1.22,10.4,5.0,5.4,2,1.0,7.044642588633967,0.6387832943094135,False,False,False,5.4
219824470,10.388,5907.0,1.72,2,754.1,19.75408,2657.7742,4.5,896.0,5.62,8.9,2,0.0,-1.9,7.9,3.6,2.0,3,,False,,2,3,"TOI6972.01:P=5.481,d=2.43mmag,PC",False,,,False,777.4,False,2,2,1118.0,1.21,10.3,4.5,5.4,2,1.0,7.296471011421471,0.61673650083115,False,False,False,5.4
80275202,10.4989,7889.0,1.61,2,50.73,1.1331,2230.2088,0.5,1003.0,5.56,17.0,36,3.0,-10.0,16.4,5.8,1.0,3,,False,,1,1,"TOI610.01:P=3.665,d=4.2mmag,FP",True,,,False,1822.3,False,32,36,1211.0,2.03,5.9,0.5,5.4,2,0.8888888888888888,2.6926606553497776,0.18568994165922842,False,False,False,5.4
37749396,8.4991,4111.0,0.6181730031967163,3,1846.82,14.08595,1390.1969,3.15,270.0,1.11,7.9,2,1.1,0.5,7.7,3.0,2.0,3,,False,,1,1,"TOI260.01:P=13.48,d=0.77mmag,CP",False,,,False,221.1,False,2,2,312.0,1.1,8.2,0.7,5.4,2,1.0,3.2951639774568737,0.9559463570098542,False,False,False,5.4
219697927,8.85042,6335.0,1.65,3,1656.01,1.99035,1685.332,0.9,149.0,2.2,7.3,31,0.2,-0.9,6.5,3.6,1.0,1,,False,,1,1,"TOI6066.01:P=1.833,d=0.182mmag,PC",False,,,False,277.2,False,23,28,190.0,2.22,6.1,1.8,5.4,6,0.8214285714285714,3.3024841445523325,0.2725221259531586,False,False,False,5.4
21832928,6.6813,5991.11,1.12505996227264,4,1495.82,7.70758,1989.8827,2.1,85.0,1.13,9.7,9,2.7,-1.9,11.0,2.9,1.0,4,,False,,1,1,"TOI2128.01:P=16.34,d=0.404mmag,CP",False,,,False,131.8,False,8,9,56.0,4.16,6.7,4.3,5.4,4,0.8888888888888888,4.017582042188032,0.5227024558423978,False,False,False,5.4
21832928,6.6813,5991.11,1.12505996227264,4,1495.82,4.29314,1984.3327,1.5,74.0,1.06,9.2,14,0.6,1.7,10.7,2.7,1.0,4,,False,,1,1,"TOI2128.01:P=16.34,d=0.404mmag,CP",False,,,False,131.8,False,12,14,72.0,3.38,6.6,3.3,5.4,7,0.8571428571428571,3.3056009462388385,0.4537752815283775,False,False,False,5.4
344927749,7.4829,6387.1,1.37,4,2227.44,7.53997,1520.0739,3.6,90.0,1.42,9.5,8,2.5,-1.6,11.8,5.0,1.0,2,,False,,2,2,"TOI6265.01:P=5.794,d=0.144mmag,PC;TOI6265.02:P=4.179,d=0.111mmag,PC",False,,,False,139.5,False,7,8,100.0,2.78,7.1,7.6,5.4,5,0.875,4.547910171566151,0.7915723627321068,False,False,False,5.4
344927749,7.4829,6387.1,1.37,4,2227.44,6.53969,1522.1224,1.58,100.0,1.49,8.0,12,0.7,0.5,7.6,4.0,1.0,2,,False,,2,2,"TOI6265.01:P=5.794,d=0.144mmag,PC;TOI6265.02:P=4.179,d=0.111mmag,PC",False,,,False,139.5,False,10,12,72.0,3.18,6.8,2.2,5.4,4,0.8333333333333334,4.337182793132321,0.36429177080150715,False,False,False,5.4
333657795,8.1359,5640.0,1.11,4,811.45,16.848,2456.63,6.3,112.0,1.28,7.5,5,1.3,0.8,6.9,4.3,1.0,6,,False,,1,1,"TOI4524.01:P=0.9261,d=0.24mmag,CP",False,,,False,193.8,False,4,5,126.0,1.5,7.2,4.1,5.4,3,0.8,5.167411703512947,1.2191790322642744,False,False,False,5.4
406495245,8.2893,7642.0,1.99,3,759.08,31.04469,2536.089,1.2,309.0,3.82,8.2,3,3.2,-1.9,8.6,3.9,2.0,6,,False,,1,2,"TOI5128.01:P=7.601,d=2.06mmag,PC",False,,,False,215.4,True,3,3,266.0,1.55,7.2,2.6,5.4,3,1.0,9.349164201639093,0.12835371955384164,True,False,False,5.4
22903436,8.1532,4526.0,0.72,5,1492.5,18.55761,1940.7453,2.4,497.0,1.75,14.9,2,0.0,3.6,19.0,3.2,2.0,2,,False,,1,2,"TOI7032.01:P=17.75,d=1.31mmag,PC",False,,,False,262.9,False,2,2,648.0,1.43,9.2,19.2,5.4,2,1.0,3.998870187314982,0.6001695197841533,False,False,False,5.4
303204165,9.59055,5991.0,0.968041002750397,5,1162.44,49.29974,2487.6711,2.1,613.0,2.61,8.2,2,1.6,2.3,7.8,3.9,2.0,10,,False,,2,2,"TOI4647.01:P=8.835,d=0.702mmag,PC;TOI4647.02:P=11.07,d=0.642mmag,PC",False,,,False,377.2,False,2,2,688.0,1.1,8.7,0.7,5.4,2,1.0,6.746611033324856,0.31126738886043065,False,False,False,5.4
260647166,8.6522,5723.87,0.864172995090485,6,2553.8,39.38458,1586.5536,6.0,322.0,1.69,7.5,2,2.5,-0.5,7.5,5.2,1.0,22,"00260647166-02(1:2,ntoi=4);00260647166-01(1:2,ntoi=4);00260647166-01(1:2,ntoi=4)",True,1233.02(1:2),4,4,"TOI1233.01:P=14.18,d=0.985mmag,CP;TOI1233.02:P=19.59,d=1.28mmag,CP;TOI1233.03:P=6.204,d=0.596mmag,CP;TOI1233.04:P=3.796,d=0.345mmag,CP",False,1233.02,"HD 108236 f(P=29.54,Transit,3:4);HD 108236 e(P=19.59,Transit,1:2)",False,237.9,True,2,2,416.0,1.29,7.9,4.8,5.4,2,1.0,5.803867565480256,1.033793402814062,True,False,False,5.4
269238073,9.68805,6153.0,1.5,6,782.48,6.20946,2856.9395,4.8,138.0,1.92,8.0,22,2.7,-0.9,8.7,4.4,0.5,5,"00269238073-01(1:1,ntoi=1)",True,,1,1,"TOI1520.01:P=6.146,d=0.758mmag,FP",True,,,False,450.3,True,18,22,66.0,10.81,7.0,5.8,5.4,6,0.8181818181818182,4.528493457746634,1.0599551583295137,True,False,False,5.4
120826158,9.00568,6156.0,1.34,7,1849.41,15.55145,1692.8819,1.0,909.0,4.41,13.0,3,3.0,1.7,12.4,4.0,1.0,16,"00120826158-01(1:3,ntoi=1);00120826158-01(1:3,ntoi=2);00120826158-01(1:3,ntoi=2);00120826158-01(1:3,ntoi=2);00120826158-01(1:3,ntoi=2);00120826158-01(1:3,ntoi=2);00120826158-01(1:3,ntoi=1);00120826158-01(1:3,ntoi=2);00120826158-01(1:3,ntoi=1);00120826158-01(1:3,ntoi=1)",True,4495.01(1:3);4495.02(1:6),2,2,"TOI4495.01:P=5.183,d=0.728mmag,CP;TOI4495.02:P=2.569,d=0.315mmag,PC",False,4495.01;4495.02,"TOI-4495 c(P=5.186,Transit,1:3);TOI-4495 b(P=2.567,Transit,1:6)",False,309.2,True,2,2,871.0,1.28,11.6,10.2,5.4,2,1.0,5.70429252961018,0.1753065774255336,True,False,False,5.4
403224672,7.384,5795.29,1.13,8,2907.2,14.98528,1335.8879,1.2,101.0,1.24,7.5,13,0.4,1.9,8.3,3.4,2.0,11,,False,,1,1,"TOI141.01:P=1.008,d=0.248mmag,CP",False,,,False,159.8,False,11,11,111.0,3.34,6.4,2.3,5.4,5,1.0,5.029006655732149,0.23861571124234227,False,False,False,5.4
115623434,10.2455,4962.0,0.79,8,1523.67,32.86434,1969.2073,3.15,1136.0,2.91,18.1,5,3.9,2.5,25.2,4.1,2.0,5,,False,,1,1,"TOI2279.01:P=3.143,d=0.872mmag,PC",False,,,False,871.6,False,5,5,568.0,6.94,7.5,33.4,5.4,3,1.0,5.146768803477595,0.6120344861559726,False,False,False,5.4
352229268,10.3468,5785.0,1.01,9,2520.17,50.49703,1683.2043,3.15,2066.0,5.01,28.7,4,8.4,3.2,37.9,3.9,2.0,0,,False,,1,1,"TOI4419.01:P=16.16,d=0.852mmag,PC",False,,,False,678.0,False,3,4,1920.0,2.42,13.2,124.8,5.4,3,0.75,6.995914424264628,0.4502627975371655,False,False,False,5.4
154872375,9.02855,5962.7,1.15,11,1979.27,26.52662,1688.5868,2.25,546.0,2.93,21.6,9,8.8,2.1,29.5,3.4,2.0,20,,False,,1,1,"TOI1135.01:P=8.028,d=6.14mmag,CP",True,,,False,374.6,False,7,9,112.0,23.23,11.7,58.3,5.4,4,0.7777777777777778,6.155086485574125,0.3655513217033421,False,False,False,5.4
4646810,8.8723,4884.0,0.74413001537323,2,758.83,7.26569,1416.3023,1.5,527.0,1.86,11.2,3,5.2,-0.3,10.7,3.0,1.0,2,"00004646810-01(3:2,ntoi=1);00004646810-01(2:1,ntoi=1)",True,461.01(3:2),1,1,"TOI461.01:P=10.92,d=0.71mmag,CP",False,461.01,"HD 15906 b(P=10.92,Transit,3:2);HD 15906 c(P=21.58,Transit,3:1)",False,274.6,True,3,3,742.0,1.34,10.9,28.6,5.3,2,1.0,2.9904264857996914,0.501600693788289,True,False,False,5.3
186000935,9.76577,5992.0,1.18,2,375.93,13.65271,2421.0742,3.6,578.0,3.09,8.2,2,0.0,-0.0,7.0,3.1,2.0,6,,False,,1,1,"TOI1304.01:P=8.874,d=2.12mmag,FP",True,,,True,467.3,False,2,2,656.0,1.22,8.8,3.8,5.3,2,1.0,5.018060819247349,0.7174086025804602,False,False,False,5.3
43276438,10.36,6149.4,1.06,4,782.7,35.95001,2724.9448,6.3,849.0,3.37,12.3,2,0.0,-2.1,11.9,4.0,2.0,0,,False,,1,1,"TOI5701.01:P=15.08,d=0.736mmag,PC",False,,,False,640.8,False,2,2,969.0,1.39,11.6,21.1,5.3,2,1.0,6.451269864977365,0.9765519241725449,False,False,False,5.3
43276438,10.36,6149.4,1.06,4,782.7,37.84164,2724.9448,6.3,848.0,3.37,12.2,2,3.9,3.0,11.1,3.5,2.0,0,,False,5701.01(2:5),1,1,"TOI5701.01:P=15.08,d=0.736mmag,PC",False,5701.01,,False,640.8,True,2,2,971.0,1.39,11.7,21.4,5.3,2,1.0,6.562493014666473,0.9600010218555921,True,False,False,5.3
91987762,7.4098,6303.91,1.61033999919891,5,1414.94,44.70192,1913.846,2.4,162.0,2.23,7.2,2,0.0,-3.7,7.4,4.2,1.0,7,,False,,1,2,"TOI1898.01:P=45.52,d=3.29mmag,CP",True,,"TOI-1898 b(P=45.52,Transit,1:1)",False,146.0,True,2,2,219.0,1.2,8.5,3.0,5.3,2,1.0,9.167735467406832,0.26178765830804007,True,False,False,5.3
117979455,8.96,5999.0,1.34654998779297,5,2852.57,35.87412,1470.7156,3.15,2299.0,7.04,40.0,3,5.1,-2.6,35.9,3.3,2.0,2,,False,,2,2,"TOI422.01:P=0.6333,d=1.16mmag,APC",False,,,False,1409.5,False,3,3,2953.0,1.08,10.7,7.1,5.3,3,1.0,7.561658033890955,0.4165753047654185,False,False,False,5.3
22221375,7.3635,5903.0,1.03,6,2555.15,7.59587,1544.9601,4.2,45.0,0.76,7.9,18,2.7,1.0,11.5,4.6,1.0,9,,False,,1,1,"TOI652.01:P=3.985,d=0.483mmag,CP",False,,,False,136.0,False,14,18,27.0,9.64,6.9,6.2,5.3,6,0.7777777777777778,3.769574101044592,1.114184225437068,False,False,False,5.3
207141131,8.1796,5058.0,0.8026329874992371,6,2633.97,28.68422,1381.3859,3.6,586.0,2.12,24.8,3,5.8,-2.2,26.5,3.4,2.0,9,,False,,1,1,"TOI179.01:P=4.137,d=1.1mmag,CP",False,,,False,299.0,False,3,3,730.0,1.36,14.8,33.9,5.3,3,1.0,4.970888008977191,0.7242166778850315,False,False,False,5.3
445805961,8.9134,5675.0,0.98,9,1663.37,15.40036,1825.5414,3.15,163.0,1.36,8.1,11,4.2,1.5,12.0,3.2,2.0,14,"00445805961-01(2:3,ntoi=1);00445805961-01(1:1,ntoi=1)",True,,1,1,"TOI1710.01:P=24.28,d=3.09mmag,CP",True,,,False,275.8,False,9,11,143.0,6.15,9.8,16.8,5.3,6,0.8181818181818182,4.615328688702213,0.6825082702583746,False,False,False,5.3
277683130,9.5739,5722.0,1.11,11,2907.31,21.24268,1328.0332,3.6,203.0,1.73,8.2,13,4.0,1.2,18.9,5.9,2.0,13,,False,,1,1,"TOI138.01:P=6.198,d=4.24mmag,APC",True,,,False,401.1,False,10,12,150.0,15.63,8.1,22.3,5.3,5,0.8333333333333334,5.582474083254997,0.6448753628428728,False,False,False,5.3
293954617,8.3879,5064.0,0.78,12,1900.81,28.26595,1706.6749,3.0,183.0,1.15,12.4,10,4.8,-0.5,18.9,4.0,2.0,24,,False,,1,1,"TOI1430.01:P=7.434,d=0.761mmag,CP",False,,,False,244.6,False,8,10,75.0,14.56,8.0,19.6,5.3,4,0.8,4.853174324106867,0.6181521205818404,False,False,False,5.3
352764091,8.593,5891.0,1.21036994457245,18,1924.47,21.09996,1725.1856,3.0,111.0,1.39,9.1,20,5.2,0.1,17.7,3.0,2.0,28,,False,,1,1,"TOI1287.01:P=9.6,d=0.413mmag,PC",False,,,False,250.8,False,15,20,74.0,15.99,7.4,6.4,5.3,6,0.75,5.900845701677335,0.5084017023436556,False,False,False,5.3
399870368,9.3371,8730.0,1.97,2,1871.44,14.81158,2186.3473,2.1,1297.0,7.74,21.1,3,5.8,-1.5,20.0,4.0,1.0,2,,False,,1,1,"TOI624.01:P=2.744,d=11mmag,CP",True,,,False,667.8,False,3,3,1628.0,1.62,11.1,19.2,5.2,3,1.0,7.256372592845954,0.28940079538782043,False,False,False,5.2
40292751,9.77301,6280.0,1.33,2,220.1,9.05911,3314.3443,6.0,588.0,3.52,11.9,4,0.1,4.1,10.2,3.8,2.0,3,,False,,1,3,"TOI5786.01:P=12.78,d=3.27mmag,CP",True,,,False,662.5,False,4,4,618.0,1.46,10.3,7.0,5.2,3,1.0,4.740286224319928,1.265746352871508,False,False,False,5.2
357416482,8.2057,6362.6,1.34,3,1496.22,1.44437,1956.8406,4.5,50.0,1.04,7.2,33,1.3,0.1,8.7,3.4,2.0,5,,False,,1,1,"TOI2017.01:P=5.498,d=14.1mmag,FP",True,,,False,234.5,False,22,33,56.0,8.72,6.2,5.1,5.2,10,0.6666666666666666,2.5832770127623768,1.7419734615251397,False,False,False,5.2
241225337,9.75149,5566.0,0.98869001865387,3,1469.93,7.10989,1848.6917,4.8,521.0,2.46,13.5,7,5.8,1.3,13.1,3.5,1.0,4,,False,,1,1,"TOI1727.01:P=1.831,d=0.505mmag,PC",False,,,False,476.4,False,7,7,183.0,7.62,8.5,14.5,5.2,3,1.0,3.5881397905007586,1.337740523016277,False,False,False,5.2
32460142,9.3397,6255.0,1.45475995540619,4,1842.63,17.76594,2374.8962,1.8,555.0,3.74,10.9,5,3.7,-0.4,11.4,2.9,2.0,4,,False,4382.01(3:5),1,1,"TOI4382.01:P=10.69,d=0.699mmag,PC",False,4382.01,,False,405.3,True,5,5,554.0,2.4,6.4,9.1,5.2,3,1.0,6.298907774054505,0.2857638283599395,True,False,False,5.2
85242435,9.52682,6137.0,1.09,4,1496.85,17.57278,1848.2286,3.0,377.0,2.31,11.1,6,7.7,1.8,15.4,2.9,2.0,6,,False,,1,1,"TOI1722.01:P=9.605,d=1.56mmag,PC",False,,,False,389.7,False,5,6,285.0,5.38,8.4,23.1,5.2,5,0.8333333333333334,5.1773332080247885,0.5794488937567405,False,False,False,5.2
43276438,10.36,6149.4,1.06,4,782.7,34.62076,2716.9198,6.3,579.0,2.78,11.1,3,6.5,0.3,10.6,3.2,2.0,0,,False,,1,1,"TOI5701.01:P=15.08,d=0.736mmag,PC",False,,,False,640.8,False,3,3,511.0,2.67,10.0,28.0,5.2,3,1.0,6.370757438484458,0.9888934025243173,False,False,False,5.2
91987762,7.4098,6303.91,1.61033999919891,5,1414.94,13.64255,1871.2023,2.25,96.0,1.72,7.8,8,0.8,1.1,7.4,3.2,2.0,7,,False,,1,2,"TOI1898.01:P=45.52,d=3.29mmag,CP",True,,,True,146.0,False,7,8,85.0,3.43,7.7,6.8,5.2,6,0.875,6.172368777369845,0.36452779818492387,False,False,False,5.2
453211454,7.9259,5560.26,0.9611620116233826,5,2225.2,41.23658,1521.2484,0.75,452.0,2.23,8.4,2,2.1,-0.5,8.8,4.3,2.0,15,,False,,2,2,"TOI509.01:P=9.059,d=0.95mmag,CP;TOI509.02:P=21.4,d=1.04mmag,CP",False,,,False,182.7,False,2,2,476.0,1.26,7.9,3.7,5.2,2,1.0,6.326549430631167,0.11854803447337901,False,False,False,5.2
59490344,8.3323,5235.0,0.844851970672607,5,785.14,43.45344,2540.8107,3.0,3161.0,5.18,76.5,2,28.8,4.5,63.5,2.8,2.0,3,,False,,1,2,"TOI6985.01:P=748.7,d=1.8mmag,PC",False,,,False,298.3,False,2,2,2185.0,1.54,26.0,103.3,5.2,2,1.0,5.907495906440574,0.507829382789633,False,False,False,5.2
427765233,8.7622,5626.0,1.0,5,782.48,15.54685,2854.7642,2.4,201.0,1.55,8.4,8,3.0,-1.6,12.3,4.3,2.0,2,,False,,1,2,"TOI6973.01:P=31.65,d=1.02mmag,PC",False,,,False,274.9,True,5,8,182.0,4.67,10.0,26.0,5.2,5,0.625,4.692696100395545,0.5114330757105079,True,False,False,5.2
99896567,6.8456,5865.0,1.01593005657196,6,1875.68,28.29751,1691.9952,0.5,252.0,1.76,8.8,4,4.3,1.0,11.4,3.4,2.0,8,,False,,1,1,"TOI6074.01:P=12.13,d=0.186mmag,PC",False,,,False,131.4,False,4,4,178.0,4.74,6.9,9.4,5.2,4,1.0,5.790289006185831,0.08635147562856438,False,False,False,5.2
99989903,7.2861,6439.2,1.40734994411469,6,1683.82,29.07283,1694.7583,4.5,130.0,1.75,10.0,4,5.9,-1.5,11.4,3.8,2.0,2,,False,,1,2,"TOI6673.01:P=19.75,d=0.3mmag,PC",False,,,False,141.8,True,4,4,89.0,3.11,8.5,10.1,5.2,2,1.0,7.260593632216452,0.6197840325387111,True,False,False,5.2
167905035,8.6282,5816.0,1.10194003582001,6,2555.15,27.01427,1553.0661,4.5,144.0,1.44,7.6,5,3.6,-1.1,6.7,4.5,2.0,3,,False,,1,1,"TOI4191.01:P=742.9,d=0.451mmag,PC",False,,,True,233.9,False,5,5,106.0,3.15,7.6,8.4,5.2,3,1.0,6.018819890901212,0.7476548694874144,False,False,False,5.2
144065872,9.4995,5630.0,1.2382400035858154,6,2934.84,23.16291,1330.251,0.5,901.0,4.06,7.6,3,3.2,-2.3,7.9,3.4,2.0,8,,False,,1,1,"TOI105.01:P=2.185,d=12.6mmag,KP",True,,,False,384.5,False,3,3,697.0,1.9,7.4,4.1,5.2,3,1.0,6.180295220555527,0.0809022841396008,False,False,False,5.2
23434737,7.9995,5742.22,1.17321002483368,7,2554.99,9.91436,1552.7803,1.58,103.0,1.3,7.1,14,1.9,-1.2,7.2,3.9,1.0,5,,False,,1,1,"TOI1203.01:P=25.52,d=0.606mmag,CP",False,,"TOI-1203 c(P=13.08,Radial Velocity,4:3)",False,184.0,False,11,14,102.0,4.05,6.5,3.3,5.2,6,0.7857142857142857,4.49310980642758,0.3516495407567704,False,False,False,5.2
447088034,6.9608,5899.0,1.33,8,2548.81,51.73649,1662.84,3.6,150.0,1.78,12.3,4,1.1,-0.4,14.2,4.8,2.0,5,,False,,1,1,"TOI4568.01:P=14.01,d=0.332mmag,PC",False,,,False,133.3,False,3,3,139.0,1.88,8.6,5.9,5.2,3,1.0,8.473087833443673,0.4248746231321517,False,False,False,5.2
290403522,10.2912,6477.7,1.47,8,2168.04,44.03599,2068.9265,3.0,815.0,4.58,9.1,2,4.0,0.3,9.2,3.9,2.0,5,,False,,1,2,"TOI6798.01:P=22.38,d=7.44mmag,PC",True,,,False,551.6,True,2,2,1028.0,1.36,10.1,14.0,5.2,2,1.0,8.583988069108088,0.3494879042057793,True,False,False,5.2
26547036,9.26693,5842.0,1.07351994514465,13,1900.81,61.37085,1689.0124,3.6,727.0,3.16,20.2,4,7.6,0.1,24.9,3.4,2.0,12,"00026547036-01(1:3,ntoi=1)",True,,1,2,"TOI2010.01:P=1135,d=12.8mmag,CP",True,,,False,337.9,False,4,4,253.0,9.89,12.7,123.1,5.2,2,1.0,7.775632958791434,0.46298481668038355,False,False,False,5.2
233684822,9.89947,5779.0,1.45,33,1979.26,104.59054,1707.8935,2.1,385.0,3.1,9.8,10,7.1,0.1,10.9,5.1,2.0,32,,False,,1,1,"TOI1253.01:P=4.676,d=0.802mmag,FP",True,,,False,469.8,False,9,10,198.0,10.62,7.8,13.4,5.2,5,0.9,11.348830175823851,0.18504109828637502,False,False,False,5.2
167719618,9.0803,5334.0,0.796253979206085,43,2720.36,119.78382,1432.5974,1.8,363.0,1.66,9.3,5,5.1,-2.2,11.7,5.1,2.0,12,,False,,1,1,"TOI4503.01:P=710.7,d=0.751mmag,PC",False,,,False,301.5,True,5,5,318.0,3.55,8.9,16.2,5.2,4,1.0,7.962365160629799,0.22606348285810413,True,False,False,5.2
420814525,7.1274,6052.0,1.19,2,733.77,27.16662,2838.7446,1.5,342.0,2.4,12.7,2,0.0,2.1,9.5,3.6,2.0,3,,False,,1,1,"TOI5972.01:P=3.525,d=19.5mmag,KP",True,,,True,136.6,False,2,2,336.0,1.11,10.0,1.1,5.1,2,1.0,6.347238308180184,0.23632325228230872,False,False,False,5.1
420814525,7.1274,6052.0,1.19,2,733.77,15.02819,2838.7508,1.5,321.0,2.32,12.3,2,0.7,1.1,9.3,3.4,2.0,3,,False,,1,1,"TOI5972.01:P=3.525,d=19.5mmag,KP",True,,,False,136.6,False,2,2,314.0,1.07,10.0,0.4,5.1,2,1.0,5.210449135654869,0.28788305210304566,False,False,False,5.1
135083444,10.0721,6071.0,1.16271,2,764.16,13.95649,1905.1771,1.05,1127.0,4.26,8.5,2,0.6,0.5,8.5,4.9,2.0,3,,False,1795.01(1:5),1,1,"TOI1795.01:P=2.792,d=1.11mmag,FP",True,1795.01,,True,491.0,True,2,2,1070.0,1.1,8.2,0.7,5.1,2,1.0,5.005505797471142,0.20976901086209432,True,False,False,5.1
352413427,8.297,5958.0,0.99,3,1845.45,16.63806,1768.8838,4.5,217.0,1.59,8.7,2,0.0,-0.2,7.3,3.1,2.0,5,,False,,1,1,"TOI1473.01:P=5.254,d=0.616mmag,CP",False,,,False,212.4,False,2,2,258.0,1.1,9.4,0.8,5.1,2,1.0,4.767960539630921,0.9437997572749075,False,False,False,5.1
125735470,9.08995,5626.5,1.55,3,759.01,21.13681,2513.4995,3.0,799.0,4.78,19.3,4,6.2,3.5,14.0,3.3,2.0,4,,False,,1,1,"TOI1606.01:P=4.713,d=2.11mmag,APC",False,,,False,459.8,False,3,4,730.0,3.45,14.1,149.4,5.1,2,0.75,6.962671527874506,0.4308690978728117,False,False,False,5.1
393546540,9.1352,5271.0,0.83,3,758.67,5.50591,2530.3998,6.0,126.0,1.02,8.3,12,0.9,0.3,10.5,3.3,1.0,4,,False,,3,6,"TOI5696.01:P=1637,d=1.44mmag,PC;TOI5696.02:P=32.43,d=1.07mmag,CP;TOI5696.03:P=0,d=1.31mmag,PC",False,,"TOI-5696 b(P=32.43,Transit,6:1)",False,320.7,True,11,12,82.0,7.9,7.8,10.1,5.1,4,0.9166666666666666,2.93226618188523,2.046198955970104,True,False,False,5.1
286132427,8.1075,5914.0,1.00635,4,2555.36,24.4968,1535.1717,4.5,1004.0,3.48,21.1,2,0.0,-1.7,18.7,4.5,2.0,0,,False,,1,1,"TOI635.01:P=0.4934,d=0.211mmag,FA",True,,,False,284.9,False,2,2,1195.0,1.22,11.7,3.1,5.1,2,1.0,5.483747466971151,0.820606715955411,False,False,False,5.1
298372701,8.5097,5954.53,1.42,4,2548.82,21.92393,1643.3535,2.4,738.0,4.21,21.0,3,14.3,2.8,22.9,3.0,2.0,6,,False,,1,2,"TOI906.01:P=1.665,d=1.74mmag,PC",False,,,False,267.8,False,3,3,370.0,3.74,6.6,21.5,5.1,2,1.0,6.648239543901113,0.3609978226794919,False,False,False,5.1
200807066,8.9043,5908.0,1.24840998649597,4,783.78,46.85527,1386.6388,3.6,275.0,2.26,9.0,3,3.6,0.4,6.4,3.9,2.0,2,,False,,1,1,"TOI869.01:P=26.26,d=0.273mmag,FA",True,,,False,266.2,False,3,3,380.0,1.22,9.0,10.3,5.1,2,1.0,7.858975442198494,0.4580749776452953,False,False,False,5.1
64282927,9.0331,4996.0,0.78,4,242.43,7.27127,3373.1392,3.15,387.0,1.67,17.4,10,5.5,6.2,24.2,2.6,1.0,3,,False,,2,2,"TOI5949.01:P=1.883,d=0.366mmag,PC;TOI5949.02:P=3.375,d=0.187mmag,PC",False,,,False,455.7,False,8,10,139.0,16.43,7.1,19.5,5.1,5,0.8,3.0865604447852846,1.0205534789775124,False,False,False,5.1
379931600,9.5967,4884.5,1.3,4,1142.31,22.95361,2409.8513,4.5,604.0,3.49,9.7,2,0.0,-0.8,9.4,3.4,2.0,7,,False,,1,1,"TOI1158.01:P=2.926,d=7.32mmag,FP",True,,,False,513.0,False,2,2,685.0,1.23,10.2,4.9,5.1,2,1.0,6.364840550475799,0.7070090702686347,False,False,False,5.1
397362481,6.7213,4633.87,0.630715012550354,5,1084.8,42.77508,3040.7794,2.4,250.0,1.09,14.7,3,5.9,-0.5,14.8,4.4,2.0,15,,False,,3,3,"TOI6276.01:P=6.203,d=0.229mmag,CP;TOI6276.02:P=4.466,d=0.229mmag,CP;TOI6276.03:P=7.871,d=0.207mmag,PC",False,,,False,122.2,False,3,3,227.0,1.97,8.5,5.7,5.1,3,1.0,4.8360860125006875,0.49626908905182726,False,False,False,5.1
467651916,7.7746,6011.9,1.16,5,1188.45,19.11292,2490.9263,1.8,271.0,2.08,12.3,5,6.2,-1.5,26.7,4.7,2.0,8,,False,,1,1,"TOI4602.01:P=3.981,d=0.504mmag,CP",False,,,False,188.5,False,5,5,170.0,10.17,5.8,10.4,5.1,4,1.0,5.549952943054834,0.32432707420564805,False,False,False,5.1
262746281,9.74179,5900.8,1.63,5,1029.49,20.33045,2270.3732,3.0,411.0,3.61,7.6,4,4.4,1.1,8.1,3.1,2.0,7,,False,603.01(4:5),1,1,"TOI603.01:P=16.18,d=2.44mmag,CP",False,603.01,"TOI-603 b(P=16.18,Transit,4:5)",False,443.6,True,4,4,473.0,2.8,9.6,24.7,5.1,3,1.0,7.107480783153544,0.42209048346788763,True,False,False,5.1
293687315,9.823,6840.0,1.91,5,1491.95,14.66752,1939.9673,3.0,279.0,3.48,7.4,7,3.3,1.9,8.0,3.5,2.0,7,,False,,1,1,"TOI1300.01:P=2.872,d=9.34mmag,KP",True,,,False,455.3,False,6,7,273.0,3.33,7.9,9.9,5.1,4,0.8571428571428571,7.085156298354746,0.42342044037851845,False,False,False,5.1
320847025,7.5621,4747.13,0.750708997249603,6,2575.56,27.08498,1671.9132,1.12,173.0,1.08,8.5,6,3.0,-2.3,9.8,3.9,2.0,4,,False,,1,1,"TOI6978.01:P=9.126,d=0.184mmag,PC",False,,,True,175.1,True,6,6,133.0,2.69,6.3,2.3,5.1,4,1.0,4.664075239439352,0.24013334744887826,True,False,False,5.1
142387023,8.9754,5182.0,0.82,7,1524.13,31.25845,1884.9243,3.6,252.0,1.42,7.8,3,4.7,-0.9,9.8,3.9,2.0,5,,False,,1,2,"TOI1824.01:P=22.81,d=1.06mmag,CP",False,,,False,289.6,False,3,3,319.0,1.64,7.9,15.3,5.1,2,1.0,5.188876592534939,0.6937917940039657,False,False,False,5.1
52368076,10.1985,5154.0,0.85,7,2607.66,34.36089,1339.1389,3.6,714.0,2.48,7.7,2,0.0,-0.8,7.3,3.9,2.0,26,,False,,4,4,"TOI125.01:P=4.652,d=1.06mmag,CP;TOI125.02:P=9.155,d=1.2mmag,CP;TOI125.03:P=19.98,d=0.987mmag,CP;TOI125.04:P=0,d=0.802mmag,PC",False,,,False,490.1,False,2,2,902.0,1.07,8.9,0.3,5.1,2,1.0,5.4849883889959345,0.6563368497228497,False,False,False,5.1
75878355,7.7945,4406.0,0.77,8,1495.86,8.38995,2017.9085,0.6,126.0,0.94,7.5,22,0.9,0.4,7.0,3.9,1.0,15,,False,,2,3,"TOI2134.01:P=9.229,d=1.75mmag,CP;TOI2134.02:P=95.85,d=6.51mmag,CP",True,,,False,173.5,False,20,22,114.0,3.08,7.0,2.5,5.1,6,0.9090909090909091,3.2096319538065883,0.1869373213612254,False,False,False,5.1
259701242,8.235,5928.0,0.96,16,2659.71,8.8925,1388.7658,2.25,74.0,0.9,9.5,41,2.8,0.5,22.6,3.8,1.0,10,,False,,1,1,"TOI401.01:P=2.485,d=0.207mmag,FP",True,,,False,199.7,False,29,41,24.0,63.18,7.7,14.7,5.1,8,0.7073170731707317,3.790795944530336,0.593542895192362,False,False,False,5.1
391949880,7.9849,6086.0,1.13,20,2581.55,47.95729,1367.6304,2.4,227.0,1.86,14.5,8,6.4,-0.0,23.6,3.3,2.0,22,,False,,1,1,"TOI128.01:P=4.94,d=0.453mmag,CP",False,,,False,211.2,False,7,8,156.0,7.9,9.7,37.9,5.1,6,0.875,7.411033918410551,0.3238414540294979,False,False,False,5.1
339961200,9.7333,5330.0,0.882830023765564,29,2602.07,91.59235,1428.0348,3.0,953.0,2.97,24.3,6,10.9,2.1,43.9,4.6,2.0,15,,False,,1,1,"TOI724.01:P=3.213,d=0.554mmag,PC",False,,,False,502.2,False,5,6,78.0,50.21,14.6,151.1,5.1,2,0.8333333333333334,7.799727398546405,0.3846288269714522,False,False,False,5.1
331691841,8.5898,5451.0,0.87,2,758.91,12.55295,2837.4822,7.2,297.0,1.64,17.3,4,6.8,1.7,16.7,2.8,2.0,2,,False,,1,1,"TOI5947.01:P=6.934,d=0.554mmag,CP",False,,,False,250.7,False,4,4,169.0,4.68,15.7,81.3,5.0,3,1.0,3.9823222055570247,1.8079903203093295,False,False,False,5.0
248853232,8.8628,4746.0,0.877591013908386,3,1031.29,18.76384,2809.9445,1.5,1003.0,3.03,17.4,2,0.0,0.3,17.0,2.6,2.0,5,,False,,1,1,"TOI5823.01:P=3.868,d=18.9mmag,KP",True,,,False,282.6,False,2,2,1102.0,1.61,16.1,107.2,5.0,2,1.0,4.579769770308073,0.3275273813380138,False,False,False,5.0
422618449,9.3742,5013.7,0.77,3,1380.29,16.29509,2454.4095,2.1,599.0,2.06,10.4,3,6.2,0.2,10.2,3.1,2.0,4,,False,,1,1,"TOI6836.01:P=9.1,d=1.18mmag,KP",False,,,False,349.3,False,3,3,386.0,3.0,12.1,23.8,5.0,3,1.0,4.004555945138519,0.5244027125028367,False,False,False,5.0
64282927,9.0331,4996.0,0.78,4,242.43,13.79203,3374.2423,4.2,458.0,1.82,18.5,7,4.1,0.8,27.4,3.4,1.0,3,,False,,2,2,"TOI5949.01:P=1.883,d=0.366mmag,PC;TOI5949.02:P=3.375,d=0.187mmag,PC",False,,,True,455.7,False,7,7,146.0,15.36,7.8,29.5,5.0,3,1.0,3.8207394876051395,1.0992636408803111,False,False,False,5.0
190271688,10.163,5394.6,1.1891499757766724,4,1791.48,21.31971,2335.4101,3.6,631.0,3.26,8.9,4,5.3,-1.0,8.2,3.4,2.0,7,,False,,1,1,"TOI1963.01:P=12.65,d=29.8mmag,FP",True,,,False,672.1,True,3,4,739.0,2.01,10.0,26.6,5.0,3,0.75,5.851849468392225,0.6151901239846976,True,False,False,5.0
283722336,4.6278,4884.29,0.7502990067005157,5,1845.45,25.11319,1787.6822,3.0,59.0,0.63,15.1,4,3.4,1.8,14.6,3.9,2.0,18,,False,,2,2,"TOI1469.01:P=3.093,d=0.276mmag,KP;TOI1469.02:P=6.765,d=0.292mmag,KP",False,,,False,59.1,False,4,4,58.0,2.39,9.2,13.1,5.0,3,1.0,4.5463741024134015,0.659866507335478,False,False,False,5.0
397362481,6.7213,4633.87,0.630715012550354,5,1084.8,53.09542,3040.7669,1.8,356.0,1.3,16.0,2,1.6,1.6,14.2,4.1,2.0,15,,False,,3,3,"TOI6276.01:P=6.203,d=0.229mmag,CP;TOI6276.02:P=4.466,d=0.229mmag,CP;TOI6276.03:P=7.871,d=0.207mmag,PC",False,,,False,122.2,False,2,2,398.0,1.15,8.9,1.8,5.0,2,1.0,5.197359522672694,0.3463297068728404,False,False,False,5.0
320004517,8.0888,5783.54,0.974668979644775,5,2547.3,15.5985,1671.0087,1.2,223.0,1.59,7.4,4,3.6,0.1,7.5,3.5,2.0,6,,False,,1,1,"TOI1055.01:P=17.47,d=1.3mmag,CP",False,,,False,187.2,False,4,4,214.0,2.27,7.4,6.1,5.0,3,1.0,4.618213458435317,0.2598407394548125,False,False,False,5.0
154618248,8.5509,6208.0,1.46,5,2906.03,12.83873,1365.4985,3.15,387.0,3.13,17.9,6,13.4,-0.5,26.2,2.8,2.0,7,,False,,1,1,"TOI245.01:P=8.771,d=1.2mmag,PC",False,,,False,281.9,False,5,6,185.0,9.04,8.4,45.5,5.0,3,0.8333333333333334,5.666099800879972,0.5559379662728126,False,False,False,5.0
451645081,9.9222,4498.94,0.668361008167267,5,2502.12,24.33122,1578.3171,4.2,728.0,1.97,12.9,3,9.9,1.1,15.8,3.7,2.0,8,"00451645081-01(1:3,ntoi=1);00451645081-01(1:3,ntoi=1);00451645081-01(1:3,ntoi=1);00451645081-01(2:3,ntoi=1);00451645081-01(2:3,ntoi=1);00451645081-01(1:3,ntoi=1);00451645081-01(1:3,ntoi=1);00451645081-01(1:3,ntoi=1)",True,783.01(1:3),1,1,"TOI783.01:P=8.113,d=1.33mmag,CP",False,783.01,"TOI-783 b(P=8.113,Transit,1:3)",False,511.5,True,3,3,765.0,2.18,13.2,68.1,5.0,2,1.0,4.164891188081828,1.008429706883733,True,False,False,5.0
26826078,10.2832,4604.0,0.68,5,785.11,18.84051,2512.8494,4.8,1187.0,2.56,16.4,5,3.3,7.1,19.0,5.0,1.0,7,,False,,1,1,"TOI5096.01:P=2.875,d=26mmag,KP",True,,,False,695.3,False,4,4,1000.0,2.04,13.1,38.6,5.0,2,1.0,3.8688193743408714,1.2406885759089679,False,False,False,5.0
447088034,6.9608,5899.0,1.33,8,2548.81,19.5439,1631.4525,2.4,112.0,1.53,11.9,8,2.1,0.6,15.3,5.4,1.0,5,,False,,1,1,"TOI4568.01:P=14.01,d=0.332mmag,PC",False,,,False,133.3,False,7,8,75.0,5.45,12.0,24.1,5.0,5,0.875,6.125099272845808,0.3918303839808503,False,False,False,5.0
115623434,10.2455,4962.0,0.79,8,1523.67,42.78591,1993.3761,3.15,1997.0,3.85,21.2,4,10.2,3.1,27.3,4.6,2.0,5,,False,,1,1,"TOI2279.01:P=3.143,d=0.872mmag,PC",False,,,False,871.6,False,2,3,792.0,4.81,8.2,30.5,5.0,2,0.6666666666666666,5.619874440494977,0.5605107433187707,False,False,False,5.0
308919449,9.8146,5614.1,1.02,23,2607.75,82.58858,1391.3286,7.2,1082.0,3.66,18.7,2,1.4,-2.5,17.1,4.3,2.0,7,"00308919449-03(3:2,ntoi=5)",True,,1,1,"TOI1942.01:P=1.656,d=0.267mmag,FP",True,,,False,469.8,False,2,2,948.0,1.12,10.4,1.2,5.0,2,1.0,8.296885083028922,0.8677955555546293,False,False,False,5.0
298647682,8.6628,4763.0,0.77758401632309,26,1979.26,20.37038,1689.5635,2.4,307.0,1.49,23.4,24,13.5,3.0,57.6,4.2,2.0,24,,False,,1,1,"TOI1643.01:P=20.08,d=1.16mmag,PC",False,,,False,362.5,True,20,24,144.0,25.13,8.2,37.0,5.0,11,0.8333333333333334,4.342163984211596,0.5527197979455781,True,False,False,5.0
186000935,9.76577,5992.0,1.18,2,375.93,25.35165,2438.8492,3.6,581.0,3.1,8.3,2,0.0,-1.1,7.0,3.2,2.0,6,,False,,1,1,"TOI1304.01:P=8.874,d=2.12mmag,FP",True,,,False,467.3,False,2,2,674.0,1.19,8.5,2.7,4.9,2,1.0,6.167820257706482,0.5836745964673536,False,False,False,4.9
269243313,9.95806,6115.71,1.21,2,761.93,14.4958,2805.8896,1.12,1092.0,4.36,8.3,2,0.0,2.0,7.2,3.8,2.0,3,"00269243313-01(2:3,ntoi=1);00269243313-01(2:3,ntoi=1);00269243313-01(2:3,ntoi=1)",True,5825.01(2:3);CTOI269243313.01(2:3),1,2,"TOI5825.01:P=9.735,d=1.1mmag,PC",False,5825.01,,False,453.0,True,2,2,1204.0,1.31,7.8,6.4,4.9,2,1.0,5.205701604760883,0.21514871289889193,True,False,False,4.9
21832928,6.6813,5991.11,1.12505996227264,4,1495.82,9.02349,1989.8952,2.1,90.0,1.17,9.9,8,1.2,-1.2,10.5,2.6,1.0,4,,False,,1,1,"TOI2128.01:P=16.34,d=0.404mmag,CP",False,,,False,131.8,False,7,8,87.0,2.69,6.3,4.9,4.9,5,0.875,4.234319139494255,0.4959475020229162,False,False,False,4.9
271478281,7.4259,4669.0,0.69,4,1844.71,4.44379,2038.0111,1.0,91.0,0.72,7.7,19,1.0,-1.4,7.3,4.0,1.0,6,,False,,1,1,"TOI2194.01:P=15.34,d=0.742mmag,CP",False,,,False,140.0,False,15,18,80.0,2.63,5.4,1.8,4.9,6,0.8333333333333334,2.4137495007199945,0.41429319807283693,False,False,False,4.9
64282927,9.0331,4996.0,0.78,4,242.43,4.14493,3368.9673,4.2,256.0,1.36,18.8,23,4.1,3.4,24.6,2.7,1.0,3,,False,,2,2,"TOI5949.01:P=1.883,d=0.366mmag,PC;TOI5949.02:P=3.375,d=0.187mmag,PC",False,,,False,455.7,True,17,23,84.0,18.4,7.4,11.0,4.9,7,0.7391304347826086,2.5592365487546704,1.6411144182993669,True,False,False,4.9
9033144,9.74346,5756.9,1.2,4,2578.78,13.3819,1359.0165,3.0,316.0,2.33,8.8,7,4.6,0.0,9.6,3.1,2.0,6,,False,,1,1,"TOI367.01:P=4.715,d=4.97mmag,FP",True,,,False,427.6,False,7,7,233.0,4.1,7.1,6.2,4.9,4,1.0,5.040826132989926,0.5951405426119258,False,False,False,4.9
9033144,9.74346,5756.9,1.2,4,2578.78,16.87192,1366.0603,1.5,441.0,2.75,8.1,6,3.9,1.4,9.8,3.2,2.0,6,,False,,1,1,"TOI367.01:P=4.715,d=4.97mmag,FP",True,,,False,427.6,False,6,6,295.0,3.95,6.4,4.9,4.9,4,1.0,5.445661311080956,0.2754486396257817,False,False,False,4.9
317548889,6.7799,6212.63,1.50004005432129,5,2822.28,39.31433,1500.106,0.5,338.0,3.01,9.3,2,0.0,1.3,10.3,3.6,2.0,7,,False,,1,1,"TOI480.01:P=6.866,d=0.363mmag,CP",False,,,False,120.9,False,2,2,299.0,1.09,8.7,0.5,4.9,2,1.0,8.377745390110693,0.05968192833721265,False,False,False,4.9
138588540,8.0621,5393.86,0.7355110049247742,6,1683.92,16.75743,1683.9967,2.4,181.0,1.08,11.1,7,5.8,3.6,13.7,3.4,2.0,11,,False,,1,1,"TOI1434.01:P=29.87,d=0.774mmag,PC",False,,,False,214.0,False,7,7,126.0,5.66,12.8,31.7,4.9,4,1.0,3.9204586904776924,0.6121732658041524,False,False,False,4.9
288631580,9.56906,5977.0,1.0078399825096152,21,1979.26,24.47197,1695.947,4.5,376.0,2.13,21.0,20,1.2,-4.1,38.7,3.7,2.0,15,,False,,2,2,"TOI1659.01:P=5.878,d=0.448mmag,CP;TOI1659.02:P=3.399,d=0.186mmag,PC",False,,,False,523.2,False,14,20,107.0,25.06,7.1,23.1,4.9,5,0.7,5.487303652368172,0.8200749010960824,False,False,False,4.9
300812741,10.0534,4465.0,0.6975470185279846,29,2009.38,72.8647,2101.3953,1.12,2986.0,4.16,28.7,3,33.2,0.3,32.9,4.0,2.0,12,,False,,2,2,"TOI2322.01:P=20.23,d=0.653mmag,CP;TOI2322.02:P=11.31,d=0.309mmag,CP",False,,,False,501.4,False,3,3,1076.0,7.35,10.9,150.7,4.9,2,1.0,6.176792502099652,0.18132388284360904,False,False,False,4.9
150151262,9.9059,4504.0,0.72,30,2659.5,108.73295,1491.7081,2.4,1611.0,3.15,18.0,3,9.2,0.2,20.8,6.8,2.0,34,,False,,4,4,"TOI712.01:P=9.531,d=0.989mmag,CP;TOI712.02:P=51.7,d=1.45mmag,CP;TOI712.03:P=53.75,d=1.69mmag,FA;TOI712.04:P=84.84,d=1.11mmag,CP",True,,,False,513.4,True,3,3,1211.0,2.54,17.0,52.9,4.9,3,1.0,7.209143692277047,0.3329105511617215,True,False,False,4.9
365690646,10.094,6962.64,1.67983,2,731.51,12.26273,1477.8255,6.3,394.0,3.64,7.1,2,0.7,-2.0,7.5,2.7,1.0,2,,False,,1,1,"TOI524.01:P=12.98,d=1.28mmag,FA",True,,,False,498.0,False,2,2,440.0,1.1,7.9,0.6,4.8,2,1.0,6.126995641819515,1.0282364095380863,False,False,False,4.8
329981856,10.0679,5768.0,1.33,3,79.32,34.76063,4050.298,3.15,795.0,4.09,8.3,2,0.0,-0.4,8.6,4.6,1.0,0,,False,,1,1,"TOI7039.01:P=3.321,d=0.724mmag,PC",False,,,False,624.4,False,2,2,1059.0,1.42,8.5,15.3,4.8,2,1.0,7.421162379688661,0.42446180784581505,False,False,False,4.8
43647325,10.4408,6072.0,1.09774005413055,3,2607.63,28.59581,1464.9927,1.5,1590.0,4.78,7.5,2,0.4,2.3,8.6,5.3,2.0,4,,False,,1,1,"TOI423.01:P=3.162,d=19.1mmag,KP",True,,,False,562.3,False,2,2,1595.0,1.1,9.7,0.7,4.8,2,1.0,6.118459677632677,0.24515974265280643,False,False,False,4.8
21832928,6.6813,5991.11,1.12505996227264,4,1495.82,5.15938,1983.8514,2.4,59.0,0.94,8.9,13,0.6,1.6,11.5,3.2,1.0,4,,False,,1,1,"TOI2128.01:P=16.34,d=0.404mmag,CP",False,,,False,131.8,False,11,13,57.0,3.62,5.9,3.3,4.8,5,0.8461538461538461,3.5144543972978375,0.6828940508789332,False,False,False,4.8
200723869,7.0286,6382.7,1.76557004451752,4,2602.12,13.03636,1398.8423,0.75,216.0,2.83,12.3,8,3.2,-3.4,13.1,4.8,1.0,5,,False,,1,1,"TOI257.01:P=18.39,d=1.29mmag,CP",False,,,False,156.5,False,8,8,190.0,3.12,6.0,5.3,4.8,4,1.0,6.464233618853505,0.11602303447272685,False,False,False,4.8
44764338,8.9118,5913.9,1.50620996952057,4,1083.98,6.01933,2989.7805,4.2,304.0,2.87,21.2,16,3.6,-0.3,27.4,3.2,1.0,7,"00044764338-01(2:1,ntoi=1)",True,2804.01(4:5),1,1,"TOI2804.01:P=4.803,d=0.942mmag,PC",False,2804.01,,False,385.0,True,12,15,47.0,45.0,7.5,41.8,4.8,4,0.8,4.494154761109364,0.9345472559924143,True,False,False,4.8
136916387,5.0494,5739.0,1.02606999874115,5,2548.81,21.00435,1631.7743,1.5,152.0,1.38,25.1,5,8.5,0.5,24.3,4.2,2.0,10,,False,,3,3,"TOI2011.01:P=11.58,d=0.236mmag,KP;TOI2011.02:P=27.59,d=0.603mmag,KP;TOI2011.03:P=0,d=0.212mmag,KP",False,,"HD 136352 c(P=27.59,Radial Velocity,4:3)",False,79.4,True,5,5,53.0,7.4,10.4,32.6,4.8,2,1.0,5.277513697104352,0.28422474788137736,True,False,False,4.8
136916387,5.0494,5739.0,1.02606999874115,5,2548.81,22.67196,1630.1274,2.25,97.0,1.1,21.3,6,4.6,-0.5,21.4,3.4,2.0,10,,False,,3,3,"TOI2011.01:P=11.58,d=0.236mmag,KP;TOI2011.02:P=27.59,d=0.603mmag,KP;TOI2011.03:P=0,d=0.212mmag,KP",False,,"HD 136352 c(P=27.59,Radial Velocity,6:5)",False,79.4,True,6,6,71.0,5.81,8.4,29.1,4.8,4,1.0,5.413639212763433,0.4156169097296512,True,False,False,4.8
445859771,10.418,5736.0,1.07,7,1711.97,48.4746,1746.5477,1.12,2150.0,5.41,14.1,2,0.0,0.8,16.8,4.5,2.0,10,,False,,1,1,"TOI1273.01:P=4.631,d=5.29mmag,CP",True,,,False,637.5,False,2,2,2091.0,1.55,8.8,32.4,4.8,2,1.0,7.171921992303207,0.15616455410445992,False,False,False,4.8
302773669,7.6353,5925.0,1.55,8,1871.96,46.72668,1791.5824,3.15,98.0,1.67,7.6,6,0.3,0.7,9.4,4.2,2.0,13,,False,,1,1,"TOI1573.01:P=21.22,d=7.08mmag,KP",True,,,False,164.5,False,6,6,86.0,4.08,7.2,7.3,4.8,4,1.0,9.07021818998748,0.34729043271277116,False,False,False,4.8
407126408,9.6181,4948.0,0.7325350046157837,8,2522.68,67.5546,1638.5856,2.25,572.0,1.91,7.6,2,1.1,-0.8,8.4,4.9,2.0,13,,False,,2,2,"TOI913.01:P=11.1,d=1.22mmag,CP;TOI913.02:P=1470,d=1.03mmag,PC",False,,"TOI-913 b(P=11.1,Transit,1:6)",False,392.4,True,2,2,618.0,1.17,8.3,2.0,4.8,2,1.0,6.222699915283213,0.36157938364887326,True,False,False,4.8
339961200,9.7333,5330.0,0.882830023765564,29,2602.07,84.34777,1429.9661,1.2,1259.0,3.42,21.7,6,9.0,-1.0,41.4,4.3,2.0,15,,False,,1,1,"TOI724.01:P=3.213,d=0.554mmag,PC",False,,,False,502.2,False,6,6,509.0,11.07,23.2,188.6,4.8,4,1.0,7.5884118235551465,0.1581358560792769,False,False,False,4.8
237211410,9.29735,7020.0,1.84504997730255,40,1979.26,99.91749,1691.5134,3.15,242.0,3.13,9.9,9,6.1,-1.0,14.1,6.0,2.0,14,,False,,1,1,"TOI2282.01:P=12.55,d=0.219mmag,PC",False,,,False,336.3,False,8,9,170.0,8.15,6.9,14.1,4.8,5,0.8888888888888888,13.124846179159942,0.2400028127568971,False,False,False,4.8
141186075,6.6418,6079.16,1.09843003749847,42,2720.36,114.69556,1326.431,0.5,143.0,1.43,8.7,9,5.1,-0.2,13.8,7.0,2.0,11,,False,,2,5,"TOI4307.01:P=32.7,d=0.118mmag,CP;TOI4307.02:P=4.655,d=0.0267mmag,PC",False,,,False,110.7,False,9,9,76.0,9.02,5.2,3.4,4.8,4,1.0,9.72535425306581,0.05141200896022688,False,False,False,4.8
60984804,7.11719,7707.0,1.96,2,2555.34,11.43013,1523.8252,2.4,231.0,3.25,16.1,4,5.0,0.8,11.2,3.5,1.0,0,,False,,1,1,"TOI6260.01:P=2.39,d=0.228mmag,PC",False,,,False,194.9,False,4,4,211.0,2.18,6.4,4.1,4.7,4,1.0,6.633296317670757,0.3618110642225532,False,False,False,4.7
149282072,10.4787,5025.0,0.79,2,1495.86,22.41052,2021.1975,4.5,942.0,2.65,9.2,2,0.0,2.3,8.8,2.8,2.0,2,,False,4461.01(1:6),1,1,"TOI4461.01:P=3.701,d=1.13mmag,FP",True,4461.01,,False,782.6,True,2,2,992.0,1.28,10.1,7.3,4.7,2,1.0,4.530126534522452,0.9933497366369639,True,False,False,4.7
149282072,10.4787,5025.0,0.79,2,1495.86,25.94905,2021.1975,4.5,942.0,2.65,9.2,2,3.1,-1.2,8.8,2.8,2.0,2,,False,,1,1,"TOI4461.01:P=3.701,d=1.13mmag,FP",True,,,False,782.6,False,2,2,992.0,1.28,10.1,7.3,4.7,2,1.0,4.757003918610798,0.9459735743320867,False,False,False,4.7
149282072,10.4787,5025.0,0.79,2,1495.86,20.83218,2021.1975,4.5,945.0,2.65,9.2,2,3.1,0.5,8.8,2.8,2.0,2,,False,,1,1,"TOI4461.01:P=3.701,d=1.13mmag,FP",True,,,False,782.6,False,2,2,1002.0,1.28,10.0,7.6,4.7,2,1.0,4.4211772643600336,1.0178284495117107,False,False,False,4.7
251039147,8.1954,5975.0,1.07392001152039,3,1380.64,14.84467,2447.8474,2.1,273.0,1.93,10.8,4,2.0,4.1,11.2,3.3,2.0,4,,False,,1,1,"TOI4537.01:P=6.663,d=1.03mmag,PC",False,,,False,234.1,False,4,4,285.0,1.57,10.1,7.1,4.7,3,1.0,4.845959348610881,0.4333507256106009,False,False,False,4.7
47384844,8.72924,6084.0,1.41,3,1740.93,19.86211,1546.304,4.2,663.0,3.96,15.9,2,0.9,-0.6,16.0,3.0,2.0,0,,False,,1,1,"TOI1022.01:P=3.096,d=0.413mmag,FA",True,,,False,299.6,False,2,2,642.0,1.05,11.6,0.2,4.7,2,1.0,6.402695233914449,0.6559737495786168,False,False,False,4.7
467158766,10.3463,5610.2,0.9613540172576904,3,1496.85,16.86942,1847.8158,4.8,1305.0,3.79,18.8,4,12.7,-1.2,19.8,2.9,2.0,2,,False,,1,1,"TOI5714.01:P=7.778,d=0.826mmag,PC",False,,,False,596.3,False,2,3,528.0,4.52,16.2,73.0,4.7,2,0.6666666666666666,4.697108310385214,1.021905326174254,False,False,False,4.7
101011575,8.5925,4695.0,0.63,4,2198.92,24.73057,1535.1034,4.8,686.0,1.8,24.7,4,16.1,-0.5,23.4,3.5,2.0,11,,False,,2,3,"TOI560.01:P=6.398,d=1.8mmag,CP;TOI560.02:P=18.88,d=1.3mmag,CP",False,,"HD 73583 c(P=18.88,Transit,3:4)",False,341.0,True,3,4,349.0,3.68,9.0,25.3,4.7,3,0.75,4.025749080570193,1.1923246839120296,True,False,False,4.7
136916387,5.0494,5739.0,1.02606999874115,5,2548.81,23.94027,1628.8368,1.2,128.0,1.27,18.8,5,0.7,-0.6,23.2,3.9,2.0,10,,False,,3,3,"TOI2011.01:P=11.58,d=0.236mmag,KP;TOI2011.02:P=27.59,d=0.603mmag,KP;TOI2011.03:P=0,d=0.212mmag,KP",False,,,False,79.4,False,5,5,69.0,6.1,8.5,32.9,4.7,3,1.0,5.512762741486485,0.21767669973702275,False,False,False,4.7
97735908,8.22398,6327.0,1.88,5,811.21,43.30911,2517.0198,2.25,405.0,4.13,11.1,2,3.7,-0.7,11.0,3.9,2.0,7,,False,,1,1,"TOI4612.01:P=4.114,d=6.25mmag,KP",True,,,False,214.4,False,2,2,415.0,1.24,7.8,3.7,4.7,2,1.0,10.057883785531546,0.2237051101382447,False,False,False,4.7
407966340,6.4386,6337.87,1.42717003822327,6,1821.1,35.91577,1457.4915,3.6,89.0,1.47,9.6,4,1.9,-0.4,10.1,4.3,2.0,13,,False,,2,2,"TOI554.01:P=7.049,d=0.326mmag,CP;TOI554.02:P=3.044,d=0.0898mmag,CP",False,,"HD 25463 b(P=7.049,Transit,1:5)",False,100.4,True,3,3,75.0,2.33,6.8,5.3,4.7,3,1.0,7.863583468863574,0.457806547645162,True,False,False,4.7
364107753,7.0514,6059.06,1.31,6,2522.62,28.80032,1632.5228,2.25,103.0,1.45,8.8,6,2.9,1.5,9.0,3.4,2.0,9,,False,,1,1,"TOI909.01:P=3.904,d=0.277mmag,FP",True,,,False,135.7,False,6,6,110.0,2.13,8.0,6.8,4.7,4,1.0,6.9000927559226355,0.32608257303044685,False,False,False,4.7
255930614,7.6262,6084.0,1.46,6,1523.67,24.26968,1965.0363,1.5,147.0,1.93,7.6,6,2.7,0.2,8.5,3.0,2.0,10,,False,,1,1,"TOI2024.01:P=2.876,d=3.43mmag,KP",True,,,False,155.3,False,5,6,121.0,2.23,6.7,3.6,4.7,4,0.8333333333333334,7.005915280100683,0.21410478717328185,False,False,False,4.7
70513361,8.1345,5302.58,0.848675012588501,6,2874.19,4.75581,1389.5378,1.05,90.0,0.88,7.0,29,1.0,1.7,6.6,3.2,1.0,4,,False,,1,1,"TOI262.01:P=11.15,d=0.615mmag,CP",False,,,False,214.6,False,21,29,82.0,5.34,5.2,1.8,4.7,8,0.7241379310344828,2.834288597535135,0.3704633328141468,False,False,False,4.7
39903405,8.27468,6412.8,1.7,6,1523.67,4.70367,1957.4613,1.2,107.0,1.92,8.1,30,1.1,-0.4,8.5,3.3,1.0,10,,False,2020.01(6:5),1,1,"TOI2020.01:P=5.633,d=6.15mmag,KP",True,2020.01,"HAT-P-2 b(P=5.634,Transit,6:5)",False,216.4,True,23,30,85.0,7.58,8.6,7.5,4.7,7,0.7666666666666667,4.487314649642752,0.2674205162090729,True,False,False,4.7
260647166,8.6522,5723.87,0.864172995090485,6,2553.8,46.58151,1598.9067,3.15,335.0,1.73,7.8,2,0.4,0.2,7.4,5.0,2.0,22,,False,,4,4,"TOI1233.01:P=14.18,d=0.985mmag,CP;TOI1233.02:P=19.59,d=1.28mmag,CP;TOI1233.03:P=6.204,d=0.596mmag,CP;TOI1233.04:P=3.796,d=0.345mmag,CP",False,,,False,237.9,False,2,2,395.0,1.03,8.3,0.0,4.7,2,1.0,6.137807667606915,0.5132125623004673,False,False,False,4.7
269238073,9.68805,6153.0,1.5,6,782.48,37.36598,2863.102,4.2,504.0,3.67,8.5,2,1.0,2.7,9.4,5.1,2.0,5,,False,,1,1,"TOI1520.01:P=6.146,d=0.758mmag,FP",True,,,False,450.3,True,2,2,491.0,1.16,8.5,1.7,4.7,2,1.0,8.236851932232865,0.5099035450138842,True,False,False,4.7
48018596,9.00772,5660.0,1.47,12,1951.25,26.43225,1719.9874,3.6,150.0,1.97,7.0,9,1.2,-0.7,10.0,3.8,2.0,5,,False,,1,2,"TOI2295.01:P=60.07,d=1.08mmag,PC",False,,,False,305.5,False,8,9,87.0,5.61,6.3,4.7,4.7,3,0.8888888888888888,7.240989120334981,0.49716964632498406,False,False,False,4.7
391949880,7.9849,6086.0,1.13,20,2581.55,51.29282,1361.3554,4.8,195.0,1.72,15.9,8,8.8,-2.4,29.7,4.7,2.0,22,,False,,1,1,"TOI128.01:P=4.94,d=0.453mmag,CP",False,,,False,211.2,False,6,8,80.0,11.98,10.2,47.3,4.7,4,0.75,7.579015266419409,0.6333276595005048,False,False,False,4.7
391949880,7.9849,6086.0,1.13,20,2581.55,54.50071,1339.2116,2.1,273.0,2.04,15.0,7,10.6,-3.6,23.6,3.3,2.0,22,,False,,1,1,"TOI128.01:P=4.94,d=0.453mmag,CP",False,,,False,211.2,False,7,7,107.0,11.46,9.7,41.6,4.7,4,1.0,7.733830383854614,0.2715342716054422,False,False,False,4.7
298647682,8.6628,4763.0,0.77758401632309,26,1979.26,22.36606,1701.9448,2.1,290.0,1.44,19.9,23,10.4,-2.8,57.6,4.2,2.0,24,,False,,1,1,"TOI1643.01:P=20.08,d=1.16mmag,PC",False,,,False,362.5,False,16,22,127.0,28.1,8.0,34.8,4.7,10,0.7272727272727273,4.479570120085422,0.4687949833811184,False,False,False,4.7
339961200,9.7333,5330.0,0.882830023765564,29,2602.07,119.2602,1477.3661,1.5,1490.0,3.72,23.5,6,28.1,-0.6,43.9,4.6,2.0,15,,False,,1,1,"TOI724.01:P=3.213,d=0.554mmag,PC",False,,,False,502.2,False,3,6,203.0,28.13,15.4,144.4,4.7,3,0.5,8.517095850453725,0.1761163695158006,False,False,False,4.7
300812741,10.0534,4465.0,0.6975470185279846,29,2009.38,66.71426,2055.0151,1.12,1256.0,2.7,20.0,8,15.7,2.1,33.1,4.0,2.0,12,,False,,2,2,"TOI2322.01:P=20.23,d=0.653mmag,CP;TOI2322.02:P=11.31,d=0.309mmag,CP",False,,"TOI-2322 b(P=11.31,Transit,1:6)",False,501.4,True,7,8,324.0,25.02,11.8,120.0,4.7,4,0.875,5.9978671613899195,0.18673304524144482,True,False,False,4.7
149603524,9.7109,6280.0,1.21,38,2720.37,109.38386,1366.715,3.0,416.0,2.69,9.2,4,3.3,0.2,12.5,5.2,2.0,54,,False,,1,1,"TOI102.01:P=4.412,d=16.1mmag,KP",True,,,False,410.5,False,4,4,288.0,3.88,8.0,13.0,4.7,3,1.0,10.21056143060238,0.29381342254193876,False,False,False,4.7
4897275,7.6474,5853.7,1.09271,2,765.34,8.35053,1877.7645,3.6,109.0,1.24,8.5,5,0.5,0.4,8.1,3.5,1.0,3,"00004897275-01(2:1,ntoi=1)",True,1774.01(2:1),1,1,"TOI1774.01:P=16.71,d=0.668mmag,CP",False,1774.01,"TOI-1774.01(P=16.71,Transit,2:1)",False,182.9,True,5,5,91.0,1.89,6.4,2.0,4.6,3,1.0,4.046842036795152,0.8895825355345417,True,False,False,4.6
4897275,7.6474,5853.7,1.09271,2,765.34,12.10686,1882.3457,2.4,135.0,1.39,7.7,4,0.9,-0.2,7.7,3.1,1.0,3,,False,,1,1,"TOI1774.01:P=16.71,d=0.668mmag,CP",False,,"HD 85426 c(P=35.73,Radial Velocity,3:1)",False,182.9,False,4,4,140.0,1.41,5.8,0.9,4.6,3,1.0,4.580245385716217,0.523989393119537,False,False,False,4.6
345996087,10.2835,7274.6,1.72,2,216.47,0.62543,3367.8191,0.5,617.0,4.66,12.0,57,0.3,-6.5,12.1,4.3,1.0,3,,False,,1,1,"TOI1329.01:P=2.022,d=1.15mmag,FP",True,,,False,1175.2,False,45,57,542.0,3.37,5.1,1.4,4.6,7,0.7894736842105263,2.3082711755308845,0.21661233103818656,False,False,False,4.6
262584907,7.13,5872.1,1.19,3,1380.59,19.82128,2455.5408,1.5,248.0,2.05,11.7,3,5.6,1.8,11.2,3.4,2.0,0,,False,,1,1,"TOI6837.01:P=0.9494,d=0.148mmag,PC",False,,,False,142.3,False,3,3,284.0,1.87,10.9,31.0,4.6,2,1.0,5.714130664392796,0.26250712279772404,False,False,False,4.6
97486178,9.97008,5716.0,1.02,3,2879.66,23.49094,1413.3205,1.2,1291.0,4.0,8.0,2,0.0,-0.2,7.3,3.3,2.0,3,,False,,1,1,"TOI2426.01:P=4.082,d=0.5mmag,CP",False,,,False,462.9,False,2,2,1629.0,1.16,8.8,1.4,4.6,2,1.0,5.456429401279037,0.21992404038412172,False,False,False,4.6
350293646,10.0471,5238.0,0.84,3,1487.66,13.89931,2231.5131,3.0,2710.0,4.77,39.4,4,33.5,0.2,60.1,3.7,2.0,7,,False,,2,2,"TOI2548.01:P=8.523,d=20.8mmag,KP;TOI2548.02:P=1.447,d=0.596mmag,CP",True,,,True,642.0,False,3,4,438.0,15.9,23.7,349.5,4.6,2,0.75,4.024626339429685,0.7454108150634225,False,False,False,4.6
467158766,10.3463,5610.2,0.9613540172576904,3,1496.85,15.23851,1847.8158,4.8,1405.0,3.93,19.9,2,12.9,0.8,20.5,3.1,2.0,2,,False,,1,1,"TOI5714.01:P=7.778,d=0.826mmag,PC",False,,,False,596.3,False,2,2,1500.0,1.59,17.6,96.2,4.6,2,1.0,4.54058028489076,1.0571336038198653,False,False,False,4.6
332064670,5.2058,5250.0,0.963514983654022,4,1414.93,11.81786,1877.6816,1.12,69.0,0.87,11.3,8,0.9,-0.1,10.5,3.3,1.0,7,,False,,1,1,"TOI1773.01:P=0.7365,d=0.418mmag,KP",False,,"55 Cnc b(P=14.65,Radial Velocity,5:4)",False,72.0,False,8,8,40.0,3.93,7.2,4.5,4.6,3,1.0,4.17792099163519,0.26807591676396086,False,False,False,4.6
158241252,7.9147,5834.0,1.01733005046844,4,1495.86,6.84855,2010.6494,1.0,143.0,1.33,7.1,11,2.4,1.5,7.1,4.0,2.0,11,"00158241252-02(3:2,ntoi=2);00158241252-02(3:2,ntoi=2);00158241252-02(3:2,ntoi=2);00158241252-02(3:2,ntoi=2)",True,4443.02(3:2),2,3,"TOI4443.01:P=1.85,d=0.212mmag,CP;TOI4443.02:P=10.31,d=0.404mmag,CP",False,4443.02,"TOI-4443 c(P=10.31,Transit,3:2)",True,190.0,True,10,10,90.0,3.59,5.6,1.5,4.6,2,1.0,3.6117339626267473,0.276875320925553,True,False,False,4.6
158075010,8.38689,6594.0,1.59978,4,1684.69,15.29601,1744.8952,4.2,172.0,2.29,8.9,4,3.0,-0.4,11.1,2.4,2.0,2,,False,,1,1,"TOI2074.01:P=177.6,d=0.495mmag,PC",False,,,False,225.5,False,3,4,177.0,2.51,9.0,26.0,4.6,2,0.75,6.384220166247951,0.6578720486809853,False,False,False,4.6
69747919,7.7275,6073.5,1.4713100194931,5,2579.04,16.93925,1366.9944,0.62,306.0,2.81,10.4,6,4.5,0.5,11.8,3.0,2.0,5,,False,,1,1,"TOI1407.01:P=9.978,d=0.195mmag,KP",False,,"K2-167 b(P=9.979,Transit,3:5)",False,161.0,True,6,6,153.0,5.23,5.9,5.2,4.6,3,1.0,6.246582520069812,0.09925427191716196,True,False,False,4.6
71582156,9.16067,5874.0,1.10649001598358,5,1119.87,21.70369,1858.5249,3.15,316.0,2.15,8.2,4,3.9,1.8,10.5,2.6,2.0,3,,False,,1,2,"TOI5726.01:P=5.491,d=0.487mmag,CP",False,,"TOI-5726.01(P=5.491,Transit,1:4)",False,325.8,True,4,4,263.0,3.65,10.3,25.4,4.6,3,1.0,5.610709969791434,0.5614262752770831,True,False,False,4.6
123702439,10.1374,5997.0,0.97,6,1522.31,44.07791,1517.0691,0.75,1519.0,4.12,9.3,2,0.0,-0.9,9.4,3.8,2.0,8,,False,,1,1,"TOI499.01:P=8.533,d=1.91mmag,APC",False,,,False,494.3,False,2,2,1191.0,1.35,9.4,11.6,4.6,2,1.0,6.5082333321895804,0.11523864645271956,False,False,False,4.6
74534430,9.8445,4253.9,0.617519021034241,7,2229.0,30.10195,1543.947,0.75,1228.0,2.36,11.0,4,9.6,0.4,12.5,3.6,2.0,4,,False,687.01(6:5),1,1,"TOI687.01:P=36.3,d=1.44mmag,PC",False,687.01,,False,495.3,True,4,4,740.0,4.0,8.8,27.6,4.6,4,1.0,4.241375567774227,0.17682942432602877,True,False,False,4.6
445805961,8.9134,5675.0,0.98,9,1663.37,21.32616,1831.2601,2.25,214.0,1.56,8.7,9,3.7,-0.2,12.2,3.3,2.0,14,,False,,1,1,"TOI1710.01:P=24.28,d=3.09mmag,CP",True,,,False,275.8,False,8,9,145.0,6.55,9.5,16.9,4.6,4,0.8888888888888888,5.144342778926602,0.4373736542628825,False,False,False,4.6
270341214,8.8784,6409.0,1.46862995624542,9,2581.55,18.57176,1329.1373,6.3,127.0,1.8,7.9,9,2.6,-1.0,9.0,3.1,2.0,14,,False,,2,2,"TOI173.01:P=29.75,d=6.92mmag,PC;TOI173.02:P=9.17,d=0.332mmag,PC",True,,,False,267.2,True,8,9,105.0,3.79,7.9,6.8,4.6,6,0.8888888888888888,6.433306406788908,0.9792787101437864,True,False,False,4.6
425997655,8.7513,4813.0,0.69,15,2662.74,95.0188,1413.2046,2.25,267.0,1.23,7.4,4,3.3,1.0,8.7,4.9,2.0,44,,False,,5,6,"TOI174.01:P=17.67,d=0.82mmag,CP;TOI174.02:P=29.8,d=0.667mmag,CP;TOI174.03:P=12.16,d=0.288mmag,CP;TOI174.04:P=3.977,d=0.154mmag,CP;TOI174.05:P=7.908,d=0.231mmag,CP",False,,,False,243.8,False,3,3,242.0,2.46,6.6,8.6,4.6,2,1.0,6.699527924290483,0.33584455881468506,False,False,False,4.6
259701242,8.235,5928.0,0.96,16,2659.71,20.35696,1400.0814,1.8,144.0,1.26,9.8,15,5.4,-3.1,19.2,2.8,2.0,10,,False,,1,1,"TOI401.01:P=2.485,d=0.207mmag,FP",True,,,False,199.7,False,13,15,94.0,16.64,6.5,13.3,4.6,5,0.8666666666666667,4.9960497819067955,0.3602846405811855,False,False,False,4.6
259701242,8.235,5928.0,0.96,16,2659.71,13.80738,1398.3126,1.5,137.0,1.23,9.7,18,6.5,1.3,19.4,2.9,2.0,10,,False,,1,1,"TOI401.01:P=2.485,d=0.207mmag,FP",True,,,True,199.7,False,15,18,84.0,17.67,6.2,9.4,4.6,4,0.8333333333333334,4.389612748999201,0.3417157926612066,False,False,False,4.6
340458804,10.3607,7923.0,1.51839995384216,18,1951.79,0.54096,2036.9201,0.62,226.0,2.49,21.4,761,0.6,5.9,10.5,6.6,1.0,8,,False,,1,1,"TOI4510.01:P=194.2,d=0.881mmag,PC",False,,,False,1107.9,False,451,759,85.0,23.43,4.7,0.6,4.6,10,0.5942028985507246,2.023892618337178,0.3063403633090917,False,False,False,4.6
150151262,9.9059,4504.0,0.72,30,2659.5,26.99578,1411.2055,1.12,308.0,1.38,8.6,21,7.2,-1.7,18.6,4.4,2.0,34,"00150151262-02(2:1,ntoi=2);00150151262-03(2:1,ntoi=3)",True,712.03(2:1),4,4,"TOI712.01:P=9.531,d=0.989mmag,CP;TOI712.02:P=51.7,d=1.45mmag,CP;TOI712.03:P=53.75,d=1.69mmag,FA;TOI712.04:P=84.84,d=1.11mmag,CP",True,712.03,,True,513.4,True,14,21,209.0,10.81,6.1,8.4,4.6,7,0.6666666666666666,4.531012410541697,0.24718537459624845,True,False,False,4.6
237232044,9.9377,5236.0,0.75,31,1979.26,112.48269,1686.207,2.25,470.0,1.77,9.7,6,4.5,-1.1,14.4,4.9,2.0,11,,False,,1,1,"TOI1443.01:P=23.54,d=1.04mmag,CP",False,,,False,443.1,False,6,6,214.0,9.1,8.5,22.7,4.6,3,1.0,7.492228846817899,0.30031116854574197,False,False,False,4.6
258777137,9.9478,5095.6,1.06,40,1979.26,109.34587,1711.5199,2.25,944.0,3.55,16.8,8,10.4,-2.6,26.6,5.3,2.0,58,,False,,3,3,"TOI1183.01:P=5.929,d=11.2mmag,FP",True,,,False,834.7,False,6,8,416.0,10.11,8.3,37.1,4.6,4,0.75,9.347159760309543,0.24071483292219759,False,False,False,4.6
219776325,10.3727,5740.2,1.19,42,1979.26,117.48985,1768.6907,3.15,658.0,3.33,14.7,8,12.2,-3.0,18.1,6.7,2.0,18,,False,,1,1,"TOI1610.01:P=2.529,d=0.42mmag,PC",False,,,False,633.1,False,6,8,135.0,19.17,8.5,55.6,4.6,2,0.75,10.34125033484128,0.3046053328181371,False,False,False,4.6
177308364,9.4088,6115.0,0.957772016525269,44,2720.17,99.11442,1384.7044,1.5,925.0,3.18,26.2,10,18.7,-0.5,47.9,5.2,2.0,23,"00177308364-05(3:1,ntoi=5)",True,2327.01(5:6),1,1,"TOI2327.01:P=82.79,d=1.11mmag,PC",False,2327.01,,False,505.5,True,9,10,259.0,18.28,8.8,55.5,4.6,5,0.9,8.45464424378126,0.17741728176242447,True,False,False,4.6
4897275,7.6474,5853.7,1.09271,2,765.34,12.84997,1877.7832,1.8,199.0,1.68,8.4,3,0.9,-5.9,7.7,3.2,1.0,3,,False,,1,1,"TOI1774.01:P=16.71,d=0.668mmag,CP",False,,,False,182.9,False,3,3,220.0,1.17,6.8,0.4,4.5,3,1.0,4.672101584562924,0.38526559566841917,False,False,False,4.5
368435330,8.6259,5922.0,1.05,2,735.53,24.30724,1901.5194,3.15,405.0,2.31,11.2,2,4.1,-1.3,10.9,3.2,2.0,4,,False,,2,3,"TOI1797.01:P=3.645,d=0.847mmag,CP;TOI1797.02:P=1.038,d=0.228mmag,CP",False,,,False,259.7,False,2,2,436.0,1.33,10.4,11.2,4.5,2,1.0,5.6266043343864665,0.5598403251405238,False,False,False,4.5
396234347,8.9553,4540.4,0.79,2,1845.34,12.74389,1775.0876,3.15,736.0,2.34,13.9,3,4.9,4.8,15.2,3.6,2.0,0,,False,,1,1,"TOI6026.01:P=1.276,d=0.25mmag,PC",False,,,False,325.5,False,2,2,759.0,1.46,11.2,28.4,4.5,2,1.0,3.7531307369562494,0.8392992999105109,False,False,False,4.5
79605791,9.5378,6238.0,1.96,2,757.21,14.53966,3108.2585,3.15,662.0,5.5,8.3,2,3.7,-1.5,8.1,3.3,2.0,3,,False,,1,1,"TOI4416.01:P=9.331,d=6mmag,PC",True,,,False,461.5,False,2,2,835.0,1.4,9.2,14.9,4.5,2,1.0,7.187266665818365,0.43827509767808664,False,False,False,4.5
251039147,8.1954,5975.0,1.07392001152039,3,1380.64,20.92304,2447.8474,2.1,289.0,1.99,10.3,4,5.6,0.6,10.7,3.0,2.0,4,,False,,1,1,"TOI4537.01:P=6.663,d=1.03mmag,PC",False,,,False,234.1,False,3,3,257.0,1.74,10.1,5.8,4.5,3,1.0,5.4333103495930555,0.38650470245221424,False,False,False,4.5
80224448,6.3103,6007.0,1.12993001937866,4,785.14,5.5844,2505.2093,0.62,87.0,1.15,8.8,14,1.4,0.6,9.6,4.0,1.0,2,,False,6965.02(5:1),2,2,"TOI6965.01:P=5.969,d=0.115mmag,PC;TOI6965.02:P=28.07,d=0.168mmag,PC",False,6965.02,"HD 50554 d(P=28.07,Transit,5:1)",False,116.4,True,12,14,88.0,2.5,5.1,1.6,4.5,6,0.8571428571428571,3.61882985680753,0.1713260983612403,True,False,False,4.5
406495245,8.2893,7642.0,1.99,3,759.08,27.83431,2539.3202,2.1,325.0,3.91,9.2,2,2.5,0.9,8.3,3.6,2.0,6,"00406495245-02(1:1,ntoi=2)",True,,1,2,"TOI5128.01:P=7.601,d=2.06mmag,PC",False,,,True,215.4,False,2,2,422.0,1.42,11.1,21.1,4.5,2,1.0,9.015098956646256,0.23294253453000696,False,False,False,4.5
300579472,8.985,5639.0,0.88,4,2581.61,23.95875,1343.2457,4.2,208.0,1.39,7.5,4,3.7,-0.4,6.8,4.3,2.0,4,,False,,1,1,"TOI4186.01:P=12.75,d=0.752mmag,PC",False,,,False,278.5,False,4,4,201.0,2.25,8.0,11.1,4.5,2,1.0,4.9775786091123315,0.8437837611064871,False,False,False,4.5
307733361,10.0121,6115.5,1.22,4,785.01,2.85919,2502.4977,3.6,229.0,2.01,11.4,29,5.6,1.1,10.8,3.6,2.0,6,,False,,1,1,"TOI5071.01:P=1.674,d=0.937mmag,KP",False,,,False,568.5,False,22,29,150.0,24.01,6.8,16.3,4.5,8,0.7586206896551724,3.0469303016856992,1.181517016653882,False,False,False,4.5
397362481,6.7213,4633.87,0.630715012550354,5,1084.8,50.77956,3034.0263,3.15,293.0,1.18,16.5,2,0.0,-1.4,14.2,4.1,2.0,15,,False,,3,3,"TOI6276.01:P=6.203,d=0.229mmag,CP;TOI6276.02:P=4.466,d=0.229mmag,CP;TOI6276.03:P=7.871,d=0.207mmag,PC",False,,,False,122.2,False,2,2,314.0,1.02,9.6,0.0,4.5,2,1.0,5.120669158846569,0.61515397739727,False,False,False,4.5
154618248,8.5509,6208.0,1.46,5,2906.03,19.10096,1367.7485,3.15,893.0,4.76,24.5,2,19.4,-1.3,24.8,2.6,2.0,7,,False,,1,1,"TOI245.01:P=8.771,d=1.2mmag,PC",False,,,False,281.9,False,2,2,944.0,1.75,10.7,135.3,4.5,2,1.0,6.468376087292939,0.48698467088024516,False,False,False,4.5
131419878,8.8154,6482.3,1.52,5,2226.06,49.09299,1530.1665,4.8,434.0,3.46,11.4,2,1.6,-0.3,10.4,4.2,2.0,5,,False,,1,2,"TOI720.01:P=3.16,d=0.221mmag,FP",True,,,False,256.7,False,2,2,427.0,1.28,10.2,7.4,4.5,2,1.0,9.101448454524476,0.5273885825957563,False,False,False,4.5
261746870,9.0387,5413.0,0.905553,5,1064.11,41.2615,1338.3915,3.6,562.0,2.34,18.6,4,15.8,0.0,20.9,3.2,2.0,0,,False,,1,1,"TOI7710.01:P=3.846,d=0.224mmag,PC",False,,,False,391.7,False,4,4,405.0,3.82,11.7,67.8,4.5,3,1.0,6.0813390041750015,0.5919748919651583,False,False,False,4.5
62483237,9.3636,4356.0,0.700726985931396,5,2934.82,13.10536,1327.3389,4.5,787.0,2.14,26.4,5,5.2,2.3,32.0,3.0,2.0,8,,False,,1,1,"TOI139.01:P=11.07,d=1.25mmag,CP",False,,"TOI-139 b(P=11.07,Transit,5:6)",False,505.0,True,5,5,421.0,5.53,9.2,81.7,4.5,3,1.0,3.4972271493114797,1.2867336915435825,True,False,False,4.5
202563254,8.86193,7947.0,1.83,6,1139.04,43.38637,2421.9252,6.0,1570.0,7.91,64.6,4,52.0,4.9,87.6,3.9,2.0,16,,False,,1,1,"TOI1139.01:P=4.478,d=1.14mmag,PC",False,,,False,1400.1,False,3,4,816.0,5.18,12.7,65.9,4.5,2,0.75,9.88462335870179,0.6070034013706738,False,False,False,4.5
79748331,10.0059,4803.0,0.737188994884491,6,2574.62,46.95195,1667.6464,2.4,871.0,2.37,9.8,2,2.1,0.6,9.7,3.3,2.0,15,,False,,2,2,"TOI1064.01:P=6.444,d=1.22mmag,CP;TOI1064.02:P=12.23,d=1.31mmag,CP",False,,,False,509.2,False,2,2,872.0,1.13,8.2,1.0,4.5,2,1.0,5.535354006521286,0.4335766054298466,False,False,False,4.5
376637093,10.377,6485.0,1.24,6,782.48,51.0287,2876.5919,1.8,1028.0,4.34,8.3,2,3.5,0.3,8.6,3.2,2.0,9,,False,,1,1,"TOI1516.01:P=2.056,d=19.1mmag,CP",True,,,False,564.9,False,2,2,1080.0,1.39,9.3,14.4,4.5,2,1.0,8.049351987844837,0.22362048556432165,False,False,False,4.5
153949511,9.76775,5544.0,0.858824,7,1683.92,36.95536,1706.4185,3.15,538.0,2.17,10.1,3,6.5,2.1,13.9,3.6,2.0,9,"00153949511-01(1:1,ntoi=1)",True,1277.02(2:5);CTOI153949511.03(2:5),2,3,"TOI1277.01:P=0,d=1.53mmag,FA;TOI1277.02:P=14.86,d=1.22mmag,PC",True,1277.02,,False,451.1,True,3,3,517.0,2.5,9.5,25.6,4.5,3,1.0,5.6585291135947005,0.5566817695489236,True,False,False,4.5
295593712,10.0819,5343.0,0.82,7,2520.19,19.94657,1659.37,0.62,1629.0,3.61,16.1,6,6.3,0.8,21.8,3.1,2.0,1,,False,,2,2,"TOI4418.01:P=7.625,d=0.903mmag,PC;TOI4418.02:P=25.71,d=1.55mmag,PC",False,,,False,605.5,False,6,6,546.0,10.45,11.1,49.4,4.5,2,1.0,4.467250136303685,0.13878784063634358,False,False,False,4.5
52368076,10.1985,5154.0,0.85,7,2607.66,50.00341,1338.6077,2.4,785.0,2.6,7.7,2,0.0,0.5,7.4,4.0,2.0,26,,False,125.03(2:5),4,4,"TOI125.01:P=4.652,d=1.06mmag,CP;TOI125.02:P=9.155,d=1.2mmag,CP;TOI125.03:P=19.98,d=0.987mmag,CP;TOI125.04:P=0,d=0.802mmag,PC",False,125.03,"TOI-125 d(P=19.98,Transit,2:5)",False,490.1,True,2,2,863.0,1.05,8.9,0.2,4.5,2,1.0,6.2156628854058065,0.3861213267590701,True,False,False,4.5
302773669,7.6353,5925.0,1.55,8,1871.96,22.01822,1791.6292,3.0,82.0,1.53,7.7,10,4.1,-2.0,8.9,3.7,2.0,13,,False,,1,1,"TOI1573.01:P=21.22,d=7.08mmag,KP",True,,,False,164.5,False,10,10,58.0,5.32,6.1,4.1,4.5,3,1.0,7.058138265479067,0.42504126260501596,False,False,False,4.5
445805961,8.9134,5675.0,0.98,9,1663.37,22.6524,1819.7664,3.15,202.0,1.52,8.7,7,5.2,-0.6,11.8,3.1,2.0,14,,False,,1,1,"TOI1710.01:P=24.28,d=3.09mmag,CP",True,,,False,275.8,False,7,7,72.0,11.6,9.5,21.7,4.5,3,1.0,5.248845044315566,0.600132023979525,False,False,False,4.5
154089169,10.2549,5029.5,0.76,10,1711.22,44.76511,1703.8416,4.5,384.0,1.62,7.6,5,3.6,-1.2,9.1,4.0,2.0,11,,False,1174.01(1:5),1,1,"TOI1174.01:P=8.953,d=1.23mmag,CP",False,1174.01,"TOI-1174 b(P=8.953,Transit,1:5)",False,535.5,True,5,5,386.0,2.61,7.7,10.8,4.5,3,1.0,5.559860660273416,0.8093728017598745,True,False,False,4.5
259701242,8.235,5928.0,0.96,16,2659.71,20.92646,1395.9439,1.2,220.0,1.56,11.0,11,6.1,1.5,21.0,3.3,2.0,10,,False,,1,1,"TOI401.01:P=2.485,d=0.207mmag,FP",True,,,False,199.7,False,10,11,107.0,11.34,5.6,7.3,4.5,5,0.9090909090909091,5.042211267899734,0.2379908211382511,False,False,False,4.5
309402106,8.488401,7053.0,1.59688,18,2607.75,20.06916,1342.2754,0.75,472.0,3.79,21.8,20,12.7,1.0,53.6,3.6,2.0,25,,False,,1,1,"TOI710.01:P=216.2,d=5.49mmag,FP",True,,,False,340.7,False,14,20,196.0,23.0,11.3,57.9,4.5,8,0.7,6.980709203377712,0.10743894039263263,False,False,False,4.5
278866211,10.2638,6054.0,1.04092,25,2720.32,56.13436,1354.2014,1.8,2058.0,5.15,28.6,6,29.9,6.5,65.6,5.0,2.0,37,,False,,1,1,"TOI189.01:P=2.194,d=6.54mmag,FP",True,,,False,680.8,False,6,6,587.0,17.23,9.8,102.1,4.5,4,1.0,7.394283902495867,0.24343128066700656,False,False,False,4.5
298647682,8.6628,4763.0,0.77758401632309,26,1979.26,23.07203,1699.1198,1.8,362.0,1.61,20.4,18,11.0,1.7,57.7,4.2,2.0,24,,False,,1,1,"TOI1643.01:P=20.08,d=1.16mmag,PC",False,,,False,362.5,False,13,18,117.0,29.74,7.8,33.6,4.5,8,0.7222222222222222,4.526214308086573,0.3976833347868891,False,False,False,4.5
149603524,9.7109,6280.0,1.21,38,2720.37,47.71152,1337.5775,4.8,120.0,1.45,7.5,21,3.1,-0.3,12.3,5.0,1.0,54,,False,,1,1,"TOI102.01:P=4.412,d=16.1mmag,KP",True,,,False,410.5,False,13,21,57.0,18.32,6.2,12.1,4.5,6,0.6190476190476191,7.743541408858362,0.6198714188457692,False,False,False,4.5
300293197,9.4906,5873.97,1.0887099504470823,42,2720.36,104.56256,1405.1227,2.1,493.0,2.64,14.6,8,9.7,1.4,19.3,5.1,2.0,57,"00300293197-02(2:3,ntoi=2);00300293197-02(2:3,ntoi=2);00300293197-02(2:3,ntoi=2)",True,,1,1,"TOI211.01:P=6.564,d=2.33mmag,APC",False,,,False,387.7,False,7,8,198.0,14.45,9.0,49.0,4.5,4,0.875,9.374364255334582,0.2240151910893555,False,False,False,4.5
199688472,9.84566,5672.9,1.46,42,1979.26,112.19394,1776.5667,0.5,1007.0,5.06,9.9,6,4.8,-1.7,13.7,8.7,2.0,53,,False,,1,1,"TOI1292.01:P=1.441,d=14.1mmag,FP",True,,,False,459.5,False,6,6,468.0,9.71,6.8,18.2,4.5,2,1.0,11.670783099078525,0.04284202660226612,False,False,False,4.5
420814525,7.1274,6052.0,1.19,2,733.77,25.22756,2838.7102,3.15,273.0,2.15,13.1,2,0.0,-2.1,9.2,3.9,2.0,3,,False,,1,1,"TOI5972.01:P=3.525,d=19.5mmag,KP",True,,,False,136.6,False,2,2,303.0,1.02,12.7,0.0,4.4,2,1.0,6.192481020835236,0.5086814137017946,False,False,False,4.4
30828562,8.1327,7850.0,1.92,2,50.62,18.87798,1535.1353,3.6,202.0,2.98,7.3,2,3.0,0.7,7.4,3.6,1.0,3,,False,,1,1,"TOI621.01:P=3.112,d=6.62mmag,APC",True,,,False,181.1,True,2,2,285.0,1.38,7.9,10.3,4.4,2,1.0,7.733824044672419,0.46548770429809866,True,False,False,4.4
269243313,9.95806,6115.71,1.21,2,761.93,24.99381,2820.3693,1.8,885.0,3.93,8.4,2,2.8,2.2,7.4,4.0,2.0,3,,False,,1,2,"TOI5825.01:P=9.735,d=1.1mmag,PC",False,,,False,453.0,False,2,2,1050.0,1.37,9.1,12.0,4.4,2,1.0,6.242272099839296,0.2883565424913695,False,False,False,4.4
248853232,8.8628,4746.0,0.877591013908386,3,1031.29,14.74154,2806.0133,2.4,663.0,2.47,16.1,4,4.3,1.2,21.6,3.8,2.0,5,,False,,1,1,"TOI5823.01:P=3.868,d=18.9mmag,KP",True,,,False,282.6,False,3,4,475.0,3.8,14.4,79.8,4.4,3,0.75,4.225881917325874,0.5679287890558743,False,False,False,4.4
332064670,5.2058,5250.0,0.963514983654022,4,1414.93,12.38824,1870.6019,1.05,61.0,0.82,10.1,9,0.7,-0.5,11.0,3.6,2.0,7,,False,,1,1,"TOI1773.01:P=0.7365,d=0.418mmag,KP",False,,"55 Cnc b(P=14.65,Radial Velocity,6:5)",False,72.0,False,7,8,52.0,3.16,5.8,5.6,4.4,4,0.875,4.24408245308087,0.2474032989716735,False,False,False,4.4
76193403,10.4557,5329.0,0.82,4,1495.86,19.86529,2027.8897,3.0,2400.0,4.38,31.2,5,23.9,-2.5,46.9,3.6,2.0,0,,False,,1,1,"TOI5700.01:P=1.781,d=0.586mmag,PC",False,,,False,1095.0,False,4,5,520.0,13.58,6.2,28.2,4.4,2,0.8,4.461174030569268,0.6724687222339061,False,False,False,4.4
408618999,8.3302,5656.0,1.41,8,1871.96,48.27699,1791.4373,1.12,370.0,2.96,9.5,4,4.3,-0.8,10.1,3.9,2.0,11,,False,,1,1,"TOI1736.01:P=7.073,d=0.477mmag,CP",False,,,False,213.7,False,4,4,222.0,4.15,9.1,20.0,4.4,3,1.0,8.608637700629453,0.13010188591373836,False,False,False,4.4
375506058,7.79824,7400.0,1.94,9,1898.66,24.36609,1714.3943,1.58,120.0,2.32,7.0,9,1.3,-0.1,8.6,4.8,1.0,19,,False,,1,1,"TOI1431.01:P=2.65,d=7.02mmag,CP",True,,,False,168.5,False,7,8,118.0,3.35,6.2,3.6,4.4,6,0.875,8.478871666685052,0.18634554951552013,False,False,False,4.4
134200185,9.4022,4590.0,0.751824975013733,9,2249.38,48.11338,1496.5924,2.1,650.0,2.09,9.5,2,0.0,-0.4,9.8,4.5,2.0,9,,False,,1,1,"TOI500.01:P=0.5482,d=0.246mmag,CP",False,,"TOI-500 e(P=61.3,Radial Velocity,5:4)",False,337.0,False,2,2,840.0,1.51,11.0,36.4,4.4,2,1.0,5.654246643127499,0.3714022632090983,False,False,False,4.4
154840461,8.40534,6528.3,1.69,13,1979.27,48.1542,1703.3336,6.0,157.0,2.31,9.9,5,4.1,0.9,10.4,3.4,2.0,22,,False,,1,1,"TOI1153.01:P=6.036,d=1.07mmag,APC",False,,,False,226.8,False,4,5,169.0,2.27,8.0,13.8,4.4,3,0.8,9.705341494046312,0.6182162681942378,False,False,False,4.4
149389419,9.2546,6855.0,1.5925600528717,36,2691.55,104.64107,1416.6903,4.5,159.0,2.19,7.2,7,3.1,-0.2,9.5,5.3,2.0,6,,False,,1,1,"TOI4356.01:P=579.6,d=0.613mmag,PC",False,,,False,323.7,False,7,7,102.0,6.96,8.1,13.8,4.4,3,1.0,12.08294772408055,0.37242567813413485,False,False,False,4.4
229650439,10.3237,5374.0,0.8179619944095611,38,1979.26,119.57243,1772.5414,3.6,1502.0,3.46,29.1,7,20.1,-0.4,40.1,4.9,2.0,23,,False,,2,2,"TOI1438.01:P=5.14,d=0.836mmag,CP;TOI1438.02:P=9.428,d=0.868mmag,CP",False,,,False,583.4,False,7,7,200.0,38.71,10.0,125.2,4.4,3,1.0,8.10166091859605,0.44435332904846503,False,False,False,4.4
177077336,10.0686,4907.96,0.76,43,2691.55,89.72583,1435.2351,3.6,270.0,1.36,7.7,9,4.5,-0.5,11.8,5.4,2.0,12,,False,,1,1,"TOI723.01:P=1.418,d=0.222mmag,PC",False,,,False,474.6,False,7,9,160.0,8.14,9.2,19.2,4.4,4,0.7777777777777778,7.010083380984486,0.513545960061665,False,False,False,4.4
82308728,6.9859,5120.0,0.77,2,763.71,12.02519,1906.6724,1.5,273.0,1.39,12.0,2,1.7,4.0,12.1,3.9,1.0,1,,False,,1,1,"TOI1821.01:P=9.489,d=1.02mmag,KP",False,,"HD 97658 b(P=9.49,Radial Velocity,4:5)",False,155.8,True,2,2,252.0,1.1,6.5,0.4,4.3,2,1.0,3.6188125947593304,0.41450060226170893,True,False,False,4.3
368435330,8.6259,5922.0,1.05,2,735.53,25.87538,1901.5162,3.0,577.0,2.75,11.5,2,0.0,-0.5,10.9,3.2,2.0,4,,False,,2,3,"TOI1797.01:P=3.645,d=0.847mmag,CP;TOI1797.02:P=1.038,d=0.228mmag,CP",False,,,False,259.7,False,2,2,635.0,1.12,10.7,0.7,4.3,2,1.0,5.745088708249246,0.5221851484542556,False,False,False,4.3
9151337,10.4309,4571.0,0.72,2,1119.87,12.90912,1854.7484,6.3,803.0,2.23,10.6,2,1.3,-1.5,10.3,3.1,1.0,1,,False,,1,1,"TOI5572.01:P=5.859,d=1.24mmag,PC",False,,,False,661.0,False,2,2,808.0,1.23,9.0,4.0,4.3,2,1.0,3.543198670213715,1.7780544040506774,False,False,False,4.3
425561347,9.977,4882.7,0.729817986488342,4,1844.71,46.24729,2065.7975,1.58,4145.0,5.13,37.4,2,32.0,1.9,49.4,3.4,2.0,8,,False,,1,1,"TOI2215.01:P=5.777,d=1.6mmag,PC",False,,,False,635.9,False,2,2,4474.0,1.86,15.1,502.0,4.3,2,1.0,5.470748693514126,0.2888087332311896,False,False,False,4.3
20318757,10.2103,4272.0,0.68,4,1817.11,13.85031,2285.8987,4.8,307.0,1.3,7.4,6,3.2,-1.3,9.4,3.2,2.0,16,,False,1027.02(4:5),3,4,"TOI1027.01:P=3.283,d=1.69mmag,PC;TOI1027.02:P=11.03,d=1.84mmag,PC;TOI1027.03:P=5.011,d=1.31mmag,PC",False,1027.02,,True,519.4,True,5,6,240.0,4.17,7.6,11.7,4.3,3,0.8333333333333334,3.491677039950368,1.3746975865981663,True,False,False,4.3
347538174,10.223,6300.0,1.4226800203323364,4,780.48,29.8247,2727.7323,1.12,3089.0,8.63,24.8,2,2.9,3.6,15.3,3.3,2.0,13,,False,,1,1,"TOI2108.01:P=6.803,d=17.9mmag,APC",True,,,False,1083.1,False,2,2,2904.0,1.13,9.9,0.8,4.3,2,1.0,7.37573226407124,0.15184932965310552,False,False,False,4.3
6893917,9.02097,7511.0,1.70168995857239,5,784.94,13.86976,2511.1049,3.0,376.0,3.6,8.2,2,2.8,0.5,9.1,5.1,1.0,7,,False,,1,1,"TOI5074.01:P=3.08,d=9.74mmag,KP",True,,,True,290.6,False,2,2,465.0,1.36,9.7,11.7,4.3,2,1.0,6.4389971596984035,0.4659110612405546,False,False,False,4.3
257605131,10.2666,5481.0,0.856226027011871,5,2879.58,20.6625,1430.2232,3.15,4091.0,5.98,26.0,2,0.0,7.5,27.6,2.8,2.0,6,,False,,3,5,"TOI451.01:P=16.36,d=2.26mmag,CP;TOI451.02:P=1.859,d=0.54mmag,CP;TOI451.03:P=9.191,d=1.02mmag,CP",False,,"TOI-451 d(P=16.36,Transit,4:5)",False,675.1,True,2,2,3290.0,1.4,21.6,27.3,4.3,2,1.0,4.6522338074327365,0.677094086493963,True,False,False,4.3
320847025,7.5621,4747.13,0.750708997249603,6,2575.56,12.75965,1665.9616,1.05,142.0,0.98,7.6,9,0.2,-0.0,9.6,3.8,1.0,4,,False,,1,1,"TOI6978.01:P=9.126,d=0.184mmag,PC",False,,,False,175.1,False,6,7,131.0,2.4,5.1,3.0,4.3,5,0.8571428571428571,3.6291280760898053,0.2893256942122913,False,False,False,4.3
310009611,9.529,5776.0,0.97,6,2529.55,21.89332,1556.7125,4.2,946.0,3.25,17.7,2,9.6,-0.9,19.4,2.8,2.0,7,,False,,1,1,"TOI740.01:P=2.131,d=0.52mmag,PC",False,,,False,454.8,False,2,2,1075.0,1.47,14.2,35.2,4.3,2,1.0,5.154184871086217,0.8148718187353012,False,False,False,4.3
372757221,9.9002,6389.0,1.4,7,948.71,53.8145,2404.3219,3.0,934.0,4.67,13.3,3,8.9,-0.1,15.4,4.2,2.0,9,,False,,1,1,"TOI1187.01:P=2.594,d=0.985mmag,PC",False,,,False,482.2,False,3,3,495.0,3.91,11.8,44.6,4.3,2,1.0,8.88369052625261,0.3376974908271016,False,False,False,4.3
365673804,8.3412,6439.0,1.26,14,1924.47,58.87057,1727.171,0.75,841.0,3.99,21.0,5,17.6,0.2,7.8,4.6,2.0,12,,False,,1,1,"TOI1735.01:P=10.39,d=0.413mmag,PC",False,,,False,216.4,False,5,5,251.0,8.07,4.9,7.4,4.3,3,1.0,8.532731326201743,0.08789682591984936,False,False,False,4.3
278866211,10.2638,6054.0,1.04092,25,2720.32,105.4219,1358.3139,2.4,2290.0,5.43,34.4,5,13.6,0.9,61.9,4.6,2.0,37,,False,,1,1,"TOI189.01:P=2.194,d=6.54mmag,FP",True,,,False,680.8,False,5,5,252.0,33.82,16.7,270.2,4.3,2,1.0,9.122841771743733,0.263075920864214,False,False,False,4.3
298647682,8.6628,4763.0,0.77758401632309,26,1979.26,21.35549,1684.651,3.0,233.0,1.3,20.1,26,12.1,2.4,50.7,3.5,2.0,24,,False,,1,1,"TOI1643.01:P=20.08,d=1.16mmag,PC",False,,,False,362.5,False,19,26,74.0,45.2,7.6,32.5,4.3,9,0.7307692307692307,4.4110605991996845,0.6801085436333161,False,False,False,4.3
167303382,7.5209,5235.78,0.7498199939727783,40,2720.36,56.68771,1359.0791,1.2,110.0,0.86,9.7,17,3.9,1.9,17.7,5.1,2.0,11,,False,,1,1,"TOI802.01:P=3.694,d=0.0786mmag,PC",False,,,False,166.0,False,16,17,66.0,11.54,5.9,5.9,4.3,3,0.9411764705882353,5.961322394837149,0.20129761830013918,False,False,False,4.3
79605791,9.5378,6238.0,1.96,2,757.21,13.22136,3109.3741,3.6,711.0,5.7,8.1,2,2.6,-1.1,9.3,4.3,2.0,3,,False,,1,1,"TOI4416.01:P=9.331,d=6mmag,PC",True,,,False,461.5,False,2,2,735.0,1.3,8.6,6.6,4.2,2,1.0,6.963128103555362,0.5170090146929576,False,False,False,4.2
393546540,9.1352,5271.0,0.83,3,758.67,18.32374,2533.4748,3.6,436.0,1.89,9.8,3,3.8,-3.3,11.0,3.7,2.0,4,"00393546540-02(2:1,ntoi=2)",True,,3,6,"TOI5696.01:P=1637,d=1.44mmag,PC;TOI5696.02:P=32.43,d=1.07mmag,CP;TOI5696.03:P=0,d=1.31mmag,PC",False,,,False,320.7,False,2,3,320.0,2.47,9.6,14.9,4.2,2,0.6666666666666666,4.377892191297508,0.8223135341606121,False,False,False,4.2
303204165,9.59055,5991.0,0.968041002750397,5,1162.44,34.14265,2453.5211,2.1,617.0,2.62,7.5,2,1.7,-1.2,7.3,3.5,2.0,10,,False,,2,2,"TOI4647.01:P=8.835,d=0.702mmag,PC;TOI4647.02:P=11.07,d=0.642mmag,PC",False,,,False,377.2,False,2,2,637.0,1.16,8.1,1.6,4.2,2,1.0,5.9690223443108446,0.3518164079250831,False,False,False,4.2
423360793,7.848,5988.0,1.255499958992,6,2602.12,31.75049,1406.4548,2.1,177.0,1.82,8.4,4,4.7,0.6,9.5,4.2,2.0,5,,False,,1,2,"TOI6676.01:P=22.7,d=0.336mmag,PC",False,,,False,169.9,True,4,4,180.0,2.14,7.9,12.5,4.2,3,1.0,6.928984236181629,0.30307472616754744,True,False,False,4.2
267263253,9.2205,6888.0,1.59,7,2581.55,32.64566,1355.9378,1.5,720.0,4.66,12.3,3,6.0,0.9,14.0,3.5,2.0,12,,False,,1,1,"TOI135.01:P=4.127,d=11.8mmag,CP",True,,,False,335.6,False,3,3,311.0,5.16,9.7,41.5,4.2,3,1.0,8.186184489312176,0.1832355478866118,False,False,False,4.2
257241363,8.2558,5378.0,0.94,8,1442.86,67.85719,1907.7078,2.25,261.0,1.66,7.4,2,0.0,0.1,8.1,4.1,2.0,13,,False,,1,1,"TOI1718.01:P=5.587,d=2.07mmag,PC",False,,,False,201.0,False,2,2,326.0,1.41,7.6,11.8,4.2,2,1.0,7.359113258407042,0.3057433580641802,False,False,False,4.2
160039081,7.8206,6004.0,1.15,9,1713.46,65.5605,1780.7781,4.5,154.0,1.56,7.2,2,0.9,1.6,7.1,3.7,2.0,5,,False,,1,2,"TOI2082.01:P=30.2,d=0.565mmag,PC",False,,,False,181.3,False,2,2,167.0,1.12,6.8,0.7,4.2,2,1.0,8.32187024466328,0.5407438313383699,False,False,False,4.2
365673804,8.3412,6439.0,1.26,14,1924.47,52.95103,1739.9919,1.8,624.0,3.43,23.9,5,16.6,0.2,44.9,4.2,2.0,12,,False,,1,1,"TOI1735.01:P=10.39,d=0.413mmag,PC",False,,,False,216.4,True,5,5,130.0,21.26,8.9,95.2,4.2,3,1.0,8.236577608696244,0.21853736897950743,True,False,False,4.2
154923406,9.6446,5011.0,0.78667801618576,14,1979.27,24.61236,1701.2837,2.4,236.0,1.32,8.6,13,5.0,-0.7,13.3,3.1,2.0,8,,False,,1,1,"TOI4590.01:P=25.92,d=0.64mmag,PC",False,,,False,414.1,False,10,13,104.0,14.36,8.2,19.3,4.2,4,0.7692307692307693,4.660766970482854,0.5149367078850888,False,False,False,4.2
362220495,9.863,5780.0,0.699972987174988,28,1979.26,103.70655,1732.3129,3.15,3117.0,4.26,21.3,2,0.0,1.3,26.8,4.1,2.0,11,,False,,1,1,"TOI2299.01:P=165,d=3.24mmag,FA",True,,,False,1175.3,False,2,2,4855.0,1.82,13.0,278.4,4.2,2,1.0,6.96409269658602,0.45232022852656917,False,False,False,4.2
149389419,9.2546,6855.0,1.5925600528717,36,2691.55,90.99202,1380.2965,4.5,129.0,1.97,7.3,11,1.4,0.7,9.5,5.3,2.0,6,,False,,1,1,"TOI4356.01:P=579.6,d=0.613mmag,PC",False,,,False,323.7,False,10,11,115.0,6.06,7.3,10.0,4.2,2,0.9090909090909091,11.532937577195968,0.39018679931970085,False,False,False,4.2
167415965,8.0089,5346.2,0.8,40,2720.36,115.9188,1339.0371,0.62,322.0,1.57,8.9,6,5.7,0.4,12.1,6.6,2.0,35,,False,,2,2,"TOI214.01:P=18.55,d=0.463mmag,PC;TOI214.02:P=9.696,d=0.0863mmag,PC",False,,,False,187.3,False,6,6,210.0,3.54,6.1,4.0,4.2,3,1.0,7.90046968351821,0.07847634695610954,False,False,False,4.2
142019343,9.6256,5364.0,0.89,41,2662.78,118.87234,1325.592,2.25,1147.0,3.29,32.1,8,13.9,-0.1,48.0,5.2,2.0,18,,False,,1,1,"TOI4413.01:P=4.472,d=0.184mmag,PC",False,,,False,487.3,False,6,8,154.0,31.32,9.6,119.6,4.2,3,0.75,8.55385536114211,0.26303928521180653,False,False,False,4.2
177077336,10.0686,4907.96,0.76,43,2691.55,75.76573,1357.1883,3.15,240.0,1.28,7.0,11,4.6,-0.5,11.8,5.4,2.0,12,,False,,1,1,"TOI723.01:P=1.418,d=0.222mmag,PC",False,,,False,474.6,False,10,11,147.0,16.04,7.7,22.1,4.2,5,0.9090909090909091,6.625850402387564,0.47541067315146845,False,False,False,4.2
253864764,8.8688,4794.0,0.77,2,754.33,14.40278,3133.2173,4.2,742.0,2.29,17.0,2,0.0,1.2,16.2,3.5,2.0,3,,False,,1,1,"TOI6678.01:P=3.427,d=0.917mmag,PC",False,,,False,395.0,False,2,2,607.0,1.07,8.0,0.2,4.1,2,1.0,3.8431224284919634,1.092861358998671,False,False,False,4.1
86280613,9.5173,6505.0,1.83,2,758.88,20.9422,2586.2303,6.3,320.0,3.57,7.2,2,0.5,0.1,6.2,3.5,2.0,2,,False,,1,1,"TOI1786.01:P=9.574,d=3.03mmag,FP",True,,,False,373.7,False,2,2,317.0,1.05,6.9,0.1,4.1,2,1.0,7.753833209504901,0.8125013563971502,False,False,False,4.1
50618703,9.6504,4665.0,0.663414001464844,3,2577.38,36.61861,1475.3315,2.25,503.0,1.62,7.5,3,3.2,0.2,7.9,3.8,2.0,4,,False,,1,1,"TOI544.01:P=1.548,d=1.01mmag,CP",False,,,False,390.0,False,3,3,438.0,1.65,7.9,4.0,4.1,3,1.0,4.749326218199049,0.47375141159564377,False,False,False,4.1
53498154,10.0326,5342.0,0.83,3,1493.63,20.44685,1905.8965,2.25,933.0,2.77,10.1,2,2.4,-0.2,10.1,2.8,2.0,6,"00053498154-03(2:3,ntoi=4);00053498154-01(2:3,ntoi=1)",True,5624.01(2:3);5624.02(1:6);CTOI53498154.02(1:6),4,8,"TOI5624.01:P=13.73,d=2.28mmag,CP;TOI5624.02:P=3.39,d=0.953mmag,CP;TOI5624.03:P=7.885,d=0.865mmag,CP;TOI5624.04:P=21.49,d=1.07mmag,CP",False,5624.01;5624.02,"TOI-5624 b(P=3.39,Transit,1:6);TOI-5624 d(P=13.73,Transit,2:3)",False,529.0,True,2,2,934.0,1.15,8.9,1.4,4.1,2,1.0,4.540836094423714,0.49550346086331304,True,False,False,4.1
369532319,10.1233,5758.0,0.99,3,1845.51,22.43768,1739.1576,3.6,1331.0,3.94,16.2,2,9.9,-1.0,16.3,3.7,2.0,4,,False,,1,2,"TOI5967.01:P=15.34,d=1.46mmag,PC",False,,,False,678.3,False,2,2,1523.0,1.5,19.4,50.0,4.1,2,1.0,5.267740918639114,0.6834049084042721,False,False,False,4.1
88114177,8.5727,5788.42,1.10258996486664,4,1414.93,17.51961,1876.5365,3.15,143.0,1.44,7.0,6,1.7,0.2,8.5,3.9,2.0,3,,False,,1,1,"TOI5531.01:P=4.535,d=0.212mmag,CP",False,,,False,244.2,False,6,6,130.0,3.72,6.0,6.6,4.1,4,1.0,5.211856653509399,0.6043911430063892,False,False,False,4.1
6893917,9.02097,7511.0,1.70168995857239,5,784.94,38.89931,2514.0049,4.2,447.0,3.92,9.0,2,0.0,-0.5,8.3,4.1,2.0,7,,False,,1,1,"TOI5074.01:P=3.08,d=9.74mmag,KP",True,,,False,290.6,False,2,2,508.0,1.21,8.6,2.9,4.1,2,1.0,9.080488597456544,0.46253017719513745,False,False,False,4.1
341186896,9.6171,6635.0,1.3,5,296.09,37.99074,2038.4488,1.5,1023.0,4.54,10.5,2,0.0,-0.6,11.6,4.4,1.0,7,,False,,1,1,"TOI999.01:P=1.508,d=2mmag,FP",True,,,False,399.1,False,2,2,1296.0,1.59,13.2,65.5,4.1,2,1.0,7.528869680999918,0.19923309388465643,False,False,False,4.1
447283466,7.9059,4634.0,0.68,6,2230.99,21.16424,1552.893,4.8,632.0,1.87,43.5,6,12.4,-1.0,46.6,3.5,2.0,9,,False,,1,1,"TOI1028.01:P=1.016,d=0.261mmag,FP",True,,,False,271.5,False,5,6,105.0,15.1,14.7,131.7,4.1,3,0.8333333333333334,4.021750536345047,1.1935101286421963,False,False,False,4.1
82452140,10.0011,5717.0,1.01496005058289,6,1523.67,42.98385,1992.5983,1.8,754.0,3.04,7.4,2,1.8,-0.8,8.2,4.7,2.0,6,,False,,1,2,"TOI2289.01:P=63.4,d=0.925mmag,PC",False,,,False,475.8,True,2,2,753.0,1.21,7.5,2.5,4.1,2,1.0,6.651853825493818,0.2706012560139763,True,False,False,4.1
230982885,9.9696,5640.0,1.13,6,2878.5,35.84195,1366.4243,3.6,493.0,2.74,7.1,2,3.1,-1.1,7.6,4.1,2.0,10,,False,,1,1,"TOI195.01:P=2.073,d=16.1mmag,KP",True,,,False,453.9,False,2,2,635.0,1.35,6.9,6.4,4.1,2,1.0,6.725498284192842,0.535276324203546,False,False,False,4.1
22843856,9.8203,6019.0,1.24,7,1468.48,23.4204,1791.4536,3.15,424.0,2.78,10.8,6,5.3,0.5,12.7,3.3,2.0,12,,False,,1,1,"TOI1644.01:P=1.85,d=6.26mmag,FP",True,,,False,455.6,False,5,6,282.0,5.39,8.3,22.6,4.1,4,0.8333333333333334,6.208988472198822,0.5073290140744091,False,False,False,4.1
302773669,7.6353,5925.0,1.55,8,1871.96,33.93037,1791.6042,3.0,109.0,1.76,7.5,5,2.2,0.9,8.9,3.7,2.0,13,,False,,1,1,"TOI1573.01:P=21.22,d=7.08mmag,KP",True,,,False,164.5,False,5,5,90.0,4.08,6.9,9.2,4.1,3,1.0,8.152527854265452,0.3679840233149748,False,False,False,4.1
162631539,6.9014,6060.54,1.37495994567871,9,1549.98,49.45818,1954.1852,2.1,265.0,2.44,17.0,3,9.8,-2.4,24.5,4.0,2.0,4,,False,,1,2,"TOI5724.01:P=697.4,d=0.487mmag,PC",False,,,False,141.9,False,3,3,151.0,4.28,11.3,73.9,4.1,2,1.0,8.533902999828642,0.2460773224211908,False,False,False,4.1
154867950,8.68013,5329.0,1.99,9,1608.99,29.43581,1874.5546,2.4,562.0,5.15,10.4,5,5.2,-4.0,15.5,4.4,2.0,15,,False,,1,1,"TOI1652.01:P=0.6665,d=0.253mmag,FP",True,,,False,256.5,False,3,3,343.0,2.02,5.3,1.7,4.1,2,1.0,9.184785295225877,0.26130169871771375,False,False,False,4.1
277683130,9.5739,5722.0,1.11,11,2907.31,20.20952,1329.0082,1.2,405.0,2.44,8.7,9,5.6,-0.6,13.4,3.5,2.0,13,,False,,1,1,"TOI138.01:P=6.198,d=4.24mmag,APC",True,,,False,401.1,False,8,9,179.0,14.5,6.1,14.0,4.1,3,0.8888888888888888,5.4904627078815285,0.218560814242014,False,False,False,4.1
201248411,9.9005,4486.0,0.764401018619537,11,2907.28,35.6202,1349.1811,3.6,1374.0,3.09,28.5,5,12.0,0.4,43.2,3.5,2.0,15,,False,,1,1,"TOI129.01:P=0.981,d=6.73mmag,CP",True,,,False,563.5,False,5,5,199.0,24.06,19.1,255.3,4.1,3,1.0,5.171953163334067,0.6960619878621025,False,False,False,4.1
233071822,10.4302,4435.0,0.7,36,1979.26,116.25961,1697.994,0.5,1268.0,2.72,8.0,5,6.4,-0.5,8.1,5.4,2.0,13,"00233071822-03(3:1,ntoi=3)",True,,1,1,"TOI1747.01:P=2.755,d=0.428mmag,PC",False,,,False,588.4,False,5,5,845.0,3.3,8.9,10.0,4.1,3,1.0,7.234634714488467,0.06911198971783236,False,False,False,4.1
142019343,9.6256,5364.0,0.89,41,2662.78,92.44813,1404.867,2.25,831.0,2.8,27.4,11,17.9,2.2,48.0,5.2,2.0,18,,False,,1,1,"TOI4413.01:P=4.472,d=0.184mmag,PC",False,,,False,487.3,False,9,11,67.0,63.5,6.3,43.4,4.1,3,0.8181818181818182,7.866248743951436,0.28603214483016237,False,False,False,4.1
142019343,9.6256,5364.0,0.89,41,2662.78,97.99903,1388.2077,2.25,1160.0,3.31,25.9,6,3.2,0.1,48.0,5.2,2.0,18,,False,,1,1,"TOI4413.01:P=4.472,d=0.184mmag,PC",False,,,False,487.3,False,5,5,269.0,16.8,10.7,120.9,4.1,3,1.0,8.020637543422263,0.28052632821504675,False,False,False,4.1
141186075,6.6418,6079.16,1.09843003749847,42,2720.36,85.44391,1371.8633,0.5,147.0,1.45,8.6,8,6.4,3.1,13.8,7.0,2.0,11,,False,,2,5,"TOI4307.01:P=32.7,d=0.118mmag,CP;TOI4307.02:P=4.655,d=0.0267mmag,PC",False,,,False,110.7,False,7,8,73.0,9.1,5.6,4.8,4.1,3,0.875,8.816243953872387,0.05671349416101212,False,False,False,4.1
141186075,6.6418,6079.16,1.09843003749847,42,2720.36,49.94931,1352.2696,0.5,90.0,1.14,8.6,21,0.9,0.3,14.2,7.3,1.0,11,,False,,2,5,"TOI4307.01:P=32.7,d=0.118mmag,CP;TOI4307.02:P=4.655,d=0.0267mmag,PC",False,,"TOI-4307 b(P=32.7,Transit,2:3)",False,110.7,True,16,21,51.0,13.68,4.5,2.3,4.1,6,0.7619047619047619,7.371678601883128,0.06782715674449952,True,False,False,4.1
144441148,8.70842,5961.28,1.99038,2,1493.07,17.21698,1940.715,3.0,280.0,3.64,7.3,2,0.0,-3.2,6.6,2.9,2.0,3,,False,,1,1,"TOI1837.01:P=5.818,d=1.16mmag,FP",True,,,False,301.0,True,2,2,320.0,1.06,5.9,0.1,4.0,2,1.0,7.68218246893504,0.39051402542588676,True,False,False,4.0
283884522,9.1993,5745.0,1.01,2,1845.44,13.53164,1776.6651,2.1,2099.0,5.05,34.6,2,12.7,6.7,34.1,3.0,2.0,0,,False,,1,1,"TOI6652.01:P=3.839,d=0.38mmag,PC",False,,,True,780.4,False,2,2,2040.0,1.4,6.6,8.2,4.0,2,1.0,4.510306147242249,0.46560032322506745,False,False,False,4.0
149282072,10.4787,5025.0,0.79,2,1495.86,21.39428,2024.085,4.5,914.0,2.61,8.9,2,3.4,1.5,8.8,2.8,2.0,2,,False,,1,1,"TOI4461.01:P=3.701,d=1.13mmag,FP",True,,,False,782.6,False,2,2,919.0,1.38,9.5,12.9,4.0,2,1.0,4.460589386350667,1.008835292880786,False,False,False,4.0
422618449,9.3742,5013.7,0.77,3,1380.29,18.18496,2459.3282,1.5,560.0,1.99,8.7,3,6.7,2.8,10.1,3.0,2.0,4,"00422618449-01(1:2,ntoi=1);00422618449-01(1:1,ntoi=1);00422618449-01(1:1,ntoi=1);00422618449-01(1:2,ntoi=1)",True,6836.01(1:2),1,1,"TOI6836.01:P=9.1,d=1.18mmag,KP",False,6836.01,"HIP 116454 b(P=9.1,Transit,1:2)",False,349.3,True,3,3,356.0,3.4,11.6,29.2,4.0,3,1.0,4.153742411210685,0.3611201301148564,True,False,False,4.0
326386495,9.8496,4926.2,0.69,3,1106.71,14.69368,3112.1793,0.62,1542.0,2.96,13.4,4,7.0,1.2,16.8,3.3,2.0,0,,False,4424.01(6:5),1,1,"TOI4424.01:P=17.74,d=0.956mmag,PC",False,4424.01,,False,569.6,True,4,4,641.0,7.54,7.1,41.5,4.0,3,1.0,3.5959850734401946,0.17241450877516032,True,False,False,4.0
381714186,10.2173,5382.69,0.848098993301392,3,761.12,17.52385,1944.7249,3.15,657.0,2.37,7.3,2,2.9,0.6,7.4,3.3,2.0,4,,False,,1,2,"TOI1839.01:P=1.424,d=0.783mmag,CP",False,,,False,562.4,False,2,2,826.0,1.42,9.3,16.1,4.0,2,1.0,4.375716415522168,0.7198821177775298,False,False,False,4.0
332064670,5.2058,5250.0,0.963514983654022,4,1414.93,26.71001,1896.6009,0.5,146.0,1.27,10.5,3,2.6,1.6,10.7,3.4,2.0,7,,False,,1,1,"TOI1773.01:P=0.7365,d=0.418mmag,KP",False,,"55 Cnc c(P=44.39,Radial Velocity,5:3)",False,72.0,False,3,3,164.0,1.3,7.4,4.5,4.0,2,1.0,5.48283646809778,0.09119367373243405,False,False,False,4.0
256783784,9.4653,5587.0,0.91,4,1872.8,14.60243,1722.2382,4.5,316.0,1.76,9.4,4,8.3,-0.3,10.2,2.9,2.0,6,,False,,1,1,"TOI1432.01:P=6.11,d=0.554mmag,CP",False,,,False,373.1,False,3,4,274.0,3.2,8.1,24.9,4.0,2,0.75,4.315630627600642,1.0427213050209214,False,False,False,4.0
43276438,10.36,6149.4,1.06,4,782.7,43.48873,2704.6261,6.0,1017.0,3.69,12.5,2,2.9,1.6,11.7,3.9,2.0,0,,False,,1,1,"TOI5701.01:P=15.08,d=0.736mmag,PC",False,,,False,640.8,False,2,2,1055.0,1.33,11.7,10.7,4.0,2,1.0,6.873919564625266,0.8728644470728676,False,False,False,4.0
293687315,9.823,6840.0,1.91,5,1491.95,75.31749,1990.336,2.1,761.0,5.75,8.5,2,2.7,0.4,8.0,3.3,2.0,7,,False,,1,1,"TOI1300.01:P=2.872,d=9.34mmag,KP",True,,,False,455.3,False,2,2,792.0,1.43,9.8,18.0,4.0,2,1.0,12.22350679672828,0.1718001253586313,False,False,False,4.0
407966340,6.4386,6337.87,1.42717003822327,6,1821.1,38.74635,1470.9728,4.5,72.0,1.32,9.1,4,1.8,0.5,9.9,4.2,2.0,13,,False,,2,2,"TOI554.01:P=7.049,d=0.326mmag,CP;TOI554.02:P=3.044,d=0.0898mmag,CP",False,,,False,100.4,False,4,4,63.0,2.79,6.9,7.0,4.0,2,1.0,8.06496287989569,0.557969090126575,False,False,False,4.0
99896567,6.8456,5865.0,1.01593005657196,6,1875.68,45.807,1726.128,0.62,355.0,2.09,10.2,2,0.0,0.7,11.4,3.4,2.0,8,,False,,1,1,"TOI6074.01:P=12.13,d=0.186mmag,PC",False,,,False,131.4,False,2,2,332.0,1.15,5.7,0.7,4.0,2,1.0,6.79873504921903,0.09119343458916218,False,False,False,4.0
70513361,8.1345,5302.58,0.848675012588501,6,2874.19,44.57964,1395.2659,0.9,423.0,1.91,9.2,3,3.1,1.6,8.5,3.4,2.0,4,,False,262.01(1:4),1,1,"TOI262.01:P=11.15,d=0.615mmag,CP",False,262.01,"TOI-262 b(P=11.15,Transit,1:4)",False,214.6,True,3,3,419.0,1.31,7.5,3.2,4.0,3,1.0,5.976057351547872,0.15060096432422776,True,False,False,4.0
317597583,8.9943,5504.0,0.83,11,1897.93,41.59832,1789.1933,4.8,190.0,1.25,7.9,5,4.8,0.0,8.4,4.1,2.0,17,,False,,1,1,"TOI1630.01:P=12.06,d=0.877mmag,CP",False,,,False,314.3,False,5,5,131.0,4.83,8.5,18.3,4.0,3,1.0,5.753767199113363,0.8342360463836049,False,False,False,4.0
259701242,8.235,5928.0,0.96,16,2659.71,18.80106,1393.3564,3.0,84.0,0.96,8.8,21,5.6,-0.8,20.4,3.2,2.0,10,,False,,1,1,"TOI401.01:P=2.485,d=0.207mmag,FP",True,,,False,199.7,False,14,21,47.0,28.32,9.3,33.1,4.0,5,0.6666666666666666,4.865377710321439,0.6166016656087735,False,False,False,4.0
391949880,7.9849,6086.0,1.13,20,2581.55,53.25479,1375.3679,4.2,206.0,1.77,16.7,8,12.8,1.6,29.7,4.7,2.0,22,,False,,1,1,"TOI128.01:P=4.94,d=0.453mmag,CP",False,,,False,211.2,False,5,8,47.0,22.67,9.8,81.0,4.0,3,0.625,7.674442122499022,0.5472710501896857,False,False,False,4.0
308994098,8.9914,6988.0,1.46080005168915,22,2607.75,101.56229,1353.0784,3.0,259.0,2.57,7.7,4,4.1,-0.1,9.0,4.3,2.0,18,,False,790.02(2:5),3,4,"TOI790.01:P=199.6,d=1.92mmag,PC;TOI790.02:P=41.02,d=0.249mmag,PC;TOI790.03:P=0,d=1.77mmag,PC",False,790.02,,False,271.6,True,3,3,203.0,2.85,7.7,12.3,4.0,3,1.0,11.293961578428032,0.2656286706101545,True,False,False,4.0
264171144,9.13648,6683.0,1.5259200334549,39,1979.26,106.17878,1738.7423,0.5,1434.0,6.3,21.8,7,20.1,-1.5,29.0,5.4,2.0,11,"00264171144-01(1:1,ntoi=1);00264171144-01(1:1,ntoi=1)",True,2281.01(2:1),1,1,"TOI2281.01:P=210.7,d=0.372mmag,PC",False,2281.01,,False,396.5,True,6,7,404.0,18.97,6.8,35.8,4.0,4,0.8571428571428571,11.800725843787799,0.042370275067716505,True,False,False,4.0
167415965,8.0089,5346.2,0.8,40,2720.36,102.95829,1339.7855,1.8,145.0,1.05,8.3,9,3.5,1.3,11.2,5.8,2.0,35,,False,,2,2,"TOI214.01:P=18.55,d=0.463mmag,PC;TOI214.02:P=9.696,d=0.0863mmag,PC",False,,,False,187.3,False,8,9,79.0,9.36,6.7,11.0,4.0,4,0.8888888888888888,7.594317074558209,0.2370193372660455,False,False,False,4.0
230075227,9.7807,5284.0,0.85,41,1979.26,102.75038,1704.2365,3.6,602.0,2.27,21.0,10,19.2,-5.8,28.0,4.3,2.0,26,,False,,1,1,"TOI2077.01:P=6.116,d=0.35mmag,PC",False,,,False,537.3,False,8,10,218.0,18.81,5.4,29.6,4.0,5,0.8,7.902212849258948,0.4555685943510874,False,False,False,4.0
300293197,9.4906,5873.97,1.0887099504470823,42,2720.36,117.31758,1407.6555,1.58,649.0,3.03,15.9,7,10.2,-0.2,22.4,6.3,2.0,57,,False,,1,1,"TOI211.01:P=6.564,d=2.33mmag,APC",False,,,False,387.7,False,5,6,341.0,10.14,7.2,41.6,4.0,3,0.8333333333333334,9.74101295228508,0.1622007903838541,False,False,False,4.0
425206121,9.654,7346.0,1.67,2,2196.85,12.01028,1503.7797,2.1,592.0,4.43,7.6,2,1.8,0.5,6.6,3.6,2.0,3,,False,,1,1,"TOI508.01:P=4.612,d=13mmag,KP",True,,,False,383.8,False,2,2,718.0,1.38,9.6,12.8,3.9,2,1.0,6.060898144252332,0.3464833016524904,False,False,False,3.9
350293646,10.0471,5238.0,0.84,3,1487.66,13.89957,2231.5068,3.6,2471.0,4.56,40.0,4,33.1,0.5,51.9,3.0,2.0,7,,False,,2,2,"TOI2548.01:P=8.523,d=20.8mmag,KP;TOI2548.02:P=1.447,d=0.596mmag,CP",True,,,True,642.0,False,3,4,366.0,17.19,20.3,324.2,3.9,2,0.75,4.0246514341124096,0.8944874006943507,False,False,False,3.9
303586471,7.7158,6034.49,1.07903003692627,5,2936.45,22.90497,1367.3174,3.15,223.0,1.76,12.0,3,6.1,-0.1,13.0,4.3,2.0,4,"00303586471-01(1:2,ntoi=1)",True,,1,2,"TOI4326.01:P=1826,d=0.638mmag,PC",False,,,False,178.0,False,3,3,148.0,2.92,10.4,18.8,3.9,3,1.0,5.617467381514118,0.5607509195987458,False,False,False,3.9
6893917,9.02097,7511.0,1.70168995857239,5,784.94,53.86357,2552.8674,4.8,432.0,3.86,8.9,2,0.7,-0.3,8.4,4.5,2.0,7,,False,,1,1,"TOI5074.01:P=3.08,d=9.74mmag,KP",True,,,False,290.6,False,2,2,478.0,1.08,8.0,0.3,3.9,2,1.0,10.121082453486764,0.4742575729482745,False,False,False,3.9
281731203,9.9623,5287.7,1.73,5,1740.97,28.44471,1555.4805,3.0,802.0,5.35,8.3,2,0.3,0.2,6.8,5.7,2.0,8,,False,,1,1,"TOI685.01:P=11.63,d=3.78mmag,KP",True,,,False,460.8,False,2,2,876.0,1.15,8.4,1.3,3.9,2,1.0,8.271282731075747,0.3627006955920882,False,False,False,3.9
130415266,7.3123,10416.0,1.82,6,1515.98,21.04682,2203.404,4.2,105.0,2.03,11.2,6,7.2,0.6,14.9,3.2,2.0,7,"00130415266-01(2:1,ntoi=1)",True,,1,1,"TOI588.01:P=39.47,d=8.46mmag,PC",True,,,False,140.3,False,4,6,47.0,8.96,8.0,39.1,3.9,3,0.6666666666666666,7.738403685890364,0.542747596336693,False,False,False,3.9
260647166,8.6522,5723.87,0.864172995090485,6,2553.8,72.40137,1606.0911,3.0,262.0,1.53,7.1,2,0.0,0.0,6.4,3.7,2.0,22,,False,,4,4,"TOI1233.01:P=14.18,d=0.985mmag,CP;TOI1233.02:P=19.59,d=1.28mmag,CP;TOI1233.03:P=6.204,d=0.596mmag,CP;TOI1233.04:P=3.796,d=0.345mmag,CP",False,,"HD 108236 f(P=29.54,Transit,2:5)",False,237.9,True,2,2,325.0,1.23,7.4,2.9,3.9,2,1.0,7.109804885695191,0.4219525075907427,True,False,False,3.9
169226822,9.62959,5620.0,1.34736001491547,6,2200.86,15.76862,1556.8445,1.58,1117.0,4.91,15.4,4,5.6,2.2,18.8,4.2,2.0,11,,False,,1,1,"TOI675.01:P=4.178,d=12.5mmag,KP",True,,,False,525.2,False,3,3,578.0,2.83,5.4,5.6,3.9,2,1.0,5.751687646669197,0.2747019826285209,False,False,False,3.9
142394656,10.1495,5091.2,0.9,8,1683.21,25.15214,1736.0893,4.5,487.0,2.17,11.6,5,7.7,-0.5,14.9,3.9,2.0,11,,False,,1,1,"TOI1268.01:P=8.158,d=11.2mmag,CP",True,,,False,551.2,False,4,5,178.0,7.41,6.6,18.1,3.9,3,0.8,5.135250271475283,0.8762961417861364,False,False,False,3.9
162631539,6.9014,6060.54,1.37495994567871,9,1549.98,75.64787,2000.6102,2.1,399.0,2.99,20.8,2,13.6,3.3,24.5,4.0,2.0,4,,False,,1,2,"TOI5724.01:P=697.4,d=0.487mmag,PC",False,,,False,141.9,False,2,2,400.0,1.66,12.5,89.0,3.9,2,1.0,9.832574068585691,0.21357581294092018,False,False,False,3.9
167754523,9.1536,4913.8,0.73,21,2607.65,77.35981,1380.1689,1.0,540.0,1.85,8.5,4,4.4,0.9,11.2,4.7,2.0,5,,False,,1,1,"TOI409.01:P=6.799,d=0.228mmag,FP",True,,,False,311.7,False,4,4,323.0,5.73,7.0,21.8,3.9,4,1.0,6.495241933791481,0.15395885329497927,False,False,False,3.9
376867898,8.47427,6298.0,1.8,38,1979.26,114.1552,1717.2914,0.62,293.0,3.36,8.2,9,4.3,1.0,8.9,6.3,2.0,3,,False,,1,1,"TOI7064.01:P=61.56,d=0.198mmag,PC",False,,,False,236.4,False,9,9,167.0,8.01,5.7,7.6,3.9,2,1.0,13.49652190351581,0.04593776118264155,False,False,False,3.9
177308364,9.4088,6115.0,0.957772016525269,44,2720.17,114.19853,1363.6826,1.05,1092.0,3.45,22.7,8,15.9,-0.3,47.9,5.2,2.0,23,"00177308364-03(3:2,ntoi=5);00177308364-06(2:1,ntoi=6)",True,,1,1,"TOI2327.01:P=82.79,d=1.11mmag,PC",False,,,False,505.5,False,6,8,205.0,31.15,11.0,118.7,3.9,3,0.75,8.86345875036542,0.11846391229120472,False,False,False,3.9
82308728,6.9859,5120.0,0.77,2,763.71,7.03304,1906.6943,0.9,234.0,1.28,9.7,3,3.1,0.8,7.4,4.1,2.0,1,,False,,1,1,"TOI1821.01:P=9.489,d=1.02mmag,KP",False,,"HD 97658 b(P=9.49,Radial Velocity,4:3)",False,155.8,True,3,3,214.0,1.25,5.3,1.5,3.8,3,1.0,3.026331325798522,0.2973897776253986,True,False,False,3.8
34077285,9.2563,4935.0,0.82,3,2088.82,13.82008,2204.6381,4.5,605.0,2.2,8.1,2,0.7,0.2,8.5,3.9,2.0,10,,False,,3,3,"TOI880.01:P=6.387,d=3.82mmag,PC;TOI880.02:P=2.574,d=0.803mmag,CP;TOI880.03:P=14.33,d=1.08mmag,PC",True,,,True,364.1,False,2,2,615.0,1.08,7.2,0.3,3.8,2,1.0,3.9529475140307557,1.138391032015354,False,False,False,3.8
329981856,10.0679,5768.0,1.33,3,79.32,32.26935,4055.2855,3.15,1199.0,5.02,9.2,2,0.1,0.4,9.2,5.2,1.0,0,,False,,1,1,"TOI7039.01:P=3.321,d=0.724mmag,PC",False,,,False,624.4,False,2,2,1453.0,1.05,9.0,0.1,3.8,2,1.0,7.239459238462916,0.435115372052127,False,False,False,3.8
413343957,10.3593,6311.0,1.41,3,1108.52,38.21966,3076.1445,4.5,2346.0,7.45,16.7,2,0.0,-0.2,16.6,4.3,2.0,2,,False,,1,1,"TOI4365.01:P=3.378,d=1.34mmag,PC",False,,,False,814.2,False,2,2,2092.0,1.26,13.1,5.5,3.8,2,1.0,7.963732105272584,0.5650616997802657,False,False,False,3.8
43647325,10.4408,6072.0,1.09774005413055,3,2607.63,31.10745,1456.688,1.12,1143.0,4.05,7.1,2,2.9,-0.8,7.0,3.6,2.0,4,,False,,1,1,"TOI423.01:P=3.162,d=19.1mmag,KP",True,,,False,562.3,False,2,2,1179.0,1.46,9.1,18.4,3.8,2,1.0,6.292590040471008,0.17798712339381428,False,False,False,3.8
406495245,8.2893,7642.0,1.99,3,759.08,14.36984,2538.4015,2.4,291.0,3.7,8.8,2,3.0,-0.5,8.3,3.6,1.0,6,,False,,1,2,"TOI5128.01:P=7.601,d=2.06mmag,PC",False,,,False,215.4,False,2,2,406.0,1.46,9.8,21.2,3.8,2,1.0,7.2320428244334165,0.33185644198505204,False,False,False,3.8
154927364,10.249,5821.7,1.86,3,378.11,23.64951,2404.5849,4.8,1706.0,8.38,19.6,2,0.0,5.3,22.1,3.5,2.0,7,,False,,1,1,"TOI1647.01:P=6.974,d=10mmag,FP",True,,,False,657.5,False,2,2,1420.0,1.37,17.0,16.4,3.8,2,1.0,8.16252089094693,0.588053625115213,False,False,False,3.8
159851831,10.4514,4579.0,0.8,4,1522.47,30.70132,1985.448,2.25,1013.0,2.78,9.3,3,5.2,0.6,9.3,3.4,2.0,1,,False,,1,1,"TOI5741.01:P=24,d=1.35mmag,PC",False,,,False,651.1,False,3,3,1160.0,1.36,8.7,21.6,3.8,2,1.0,5.073651520911451,0.44346758754054144,False,False,False,3.8
16884216,8.5049,4958.0,0.695992,5,1496.32,19.45934,1959.006,2.4,342.0,1.4,8.4,2,3.8,0.8,8.8,2.5,2.0,1,,False,,1,1,"TOI2023.01:P=11.19,d=0.617mmag,APC",False,,,False,242.8,False,2,2,407.0,1.4,9.7,14.0,3.8,2,1.0,3.9717980773371493,0.6042603257437132,False,False,False,3.8
407966340,6.4386,6337.87,1.42717003822327,6,1821.1,44.30935,1480.929,4.5,153.0,1.92,10.3,2,1.8,-1.1,9.4,3.7,2.0,13,,False,,2,2,"TOI554.01:P=7.049,d=0.326mmag,CP;TOI554.02:P=3.044,d=0.0898mmag,CP",False,,,False,100.4,False,2,2,215.0,1.18,8.1,1.2,3.8,2,1.0,8.433811695595931,0.5335665725557832,False,False,False,3.8
233964642,9.5498,6090.2,1.57,6,1844.91,77.1267,2108.4316,3.15,584.0,4.14,8.3,2,0.0,-0.8,7.6,4.0,2.0,8,,False,,1,1,"TOI334.01:P=17.92,d=10.8mmag,APC",True,,,False,361.3,False,2,2,621.0,1.07,7.9,0.2,3.8,2,1.0,10.811260009455859,0.2913628936169247,False,False,False,3.8
170634116,9.6757,6600.0,1.48531997203827,6,2879.66,29.70188,1421.6815,4.5,263.0,2.63,7.6,5,4.0,-0.8,8.0,4.0,2.0,10,,False,,1,1,"TOI413.01:P=3.662,d=13.4mmag,KP",True,,,False,396.3,False,5,5,221.0,3.71,7.1,14.8,3.8,3,1.0,7.580239966258606,0.593648752550122,False,False,False,3.8
126733133,10.027,5973.0,1.31,7,2255.81,27.2368,1531.0207,2.1,578.0,3.44,8.3,4,3.5,-0.6,11.6,4.5,2.0,10,,False,,1,1,"TOI570.01:P=1.469,d=1.7mmag,FP",True,,,True,484.9,False,4,4,361.0,4.96,14.6,46.7,3.8,3,1.0,6.772897738381302,0.31005931007927673,False,False,False,3.8
270341214,8.8784,6409.0,1.46862995624542,9,2581.55,21.41769,1339.2237,1.0,263.0,2.6,7.4,8,3.9,2.3,9.2,3.2,2.0,14,"00270341214-01(1:2,ntoi=1);00270341214-01(2:3,ntoi=1);00270341214-01(1:2,ntoi=1)",True,,2,2,"TOI173.01:P=29.75,d=6.92mmag,PC;TOI173.02:P=9.17,d=0.332mmag,PC",True,,,False,267.2,False,7,8,159.0,6.73,6.3,8.1,3.8,3,0.875,6.74643113722501,0.14822651853396476,False,False,False,3.8
349827430,7.9179,6403.9,1.55,10,1683.92,55.32821,1695.8903,4.5,791.0,4.76,46.3,3,32.7,2.7,55.3,2.9,2.0,21,,False,,1,1,"TOI1148.01:P=5.551,d=10.4mmag,KP",True,,,False,210.5,False,3,3,169.0,13.7,35.8,911.2,3.8,2,1.0,9.595736185767246,0.46895828656425215,False,False,False,3.8
28230919,8.5077,4757.3,0.76,11,1900.81,51.68739,1734.7161,2.25,285.0,1.4,11.0,5,6.9,1.1,13.6,3.6,2.0,18,,False,,1,1,"TOI1144.01:P=4.888,d=4.66mmag,KP",True,,,False,251.7,False,4,5,94.0,11.5,6.9,36.8,3.8,2,0.8,5.832824235833909,0.3857479514258535,False,False,False,3.8
154923406,9.6446,5011.0,0.78667801618576,14,1979.27,23.67762,1697.5587,3.0,238.0,1.32,8.8,11,5.5,1.0,13.1,3.0,2.0,8,,False,,1,1,"TOI4590.01:P=25.92,d=0.64mmag,PC",False,,,False,414.1,False,8,11,78.0,18.29,9.0,22.9,3.8,5,0.7272727272727273,4.601000905647632,0.65203203857612,False,False,False,3.8
309402106,8.488401,7053.0,1.59688,18,2607.75,103.52627,1421.3514,0.75,2100.0,7.98,37.1,3,19.7,-1.1,43.6,3.8,2.0,25,,False,,1,1,"TOI710.01:P=216.2,d=5.49mmag,FP",True,,,False,340.7,False,3,3,434.0,10.97,16.1,264.7,3.8,3,1.0,12.06164857256731,0.062180554796280485,False,False,False,3.8
167303382,7.5209,5235.78,0.7498199939727783,40,2720.36,71.92146,1366.5478,1.5,108.0,0.85,8.5,11,5.4,0.7,17.7,5.1,2.0,11,,False,,1,1,"TOI802.01:P=3.694,d=0.0786mmag,PC",False,,,False,166.0,False,9,11,68.0,11.47,7.6,16.7,3.8,2,0.8181818181818182,6.45355680052728,0.23242996790195514,False,False,False,3.8
353782445,9.17708,6225.0,1.34,40,1979.26,111.28819,1765.0775,1.12,424.0,3.01,11.3,10,8.7,0.8,14.9,4.5,2.0,12,,False,,1,1,"TOI1664.01:P=11.84,d=0.365mmag,PC",False,,,False,311.3,False,10,10,113.0,14.74,6.2,11.2,3.8,4,1.0,10.992450516742988,0.10188810932503983,False,False,False,3.8
347332255,7.6621,5297.0,0.782479,2,733.91,10.20605,1936.0064,4.8,439.0,1.79,17.1,4,3.6,1.7,15.8,3.0,1.0,4,,False,CTOI347332255.04(4:3),2,4,"TOI1835.01:P=5.642,d=0.591mmag,PC;TOI1835.02:P=0,d=0.963mmag,PC",False,,"HD 110067 c(P=13.67,Transit,4:3);HD 110067 d(P=20.52,Transit,2:1);HD 110067 e(P=30.79,Transit,3:1);HD 110067 f(P=41.06,Transit,4:1)",False,206.6,True,4,4,420.0,1.56,11.6,21.7,3.7,2,1.0,3.4631873395771997,1.3860064528262002,True,False,False,3.7
269243313,9.95806,6115.71,1.21,2,761.93,23.94051,2803.0256,1.2,1050.0,4.28,8.5,2,3.1,1.0,7.4,4.1,2.0,3,,False,,1,2,"TOI5825.01:P=9.735,d=1.1mmag,PC",False,,,False,453.0,True,2,2,1086.0,1.43,7.6,12.3,3.7,2,1.0,6.153322445515507,0.19501659642012592,True,False,False,3.7
468889418,10.2409,5857.9,1.08,2,50.24,17.87639,3217.4258,0.62,2118.0,5.42,10.2,2,0.0,-1.1,10.1,5.2,1.0,0,,False,,1,1,"TOI5156.01:P=22.85,d=1.37mmag,PC",False,,,False,661.2,False,2,2,2091.0,1.02,11.1,0.0,3.7,2,1.0,5.175084013694458,0.11980481831006762,False,False,False,3.7
350023518,8.1644,5002.0,0.78,3,758.68,48.5762,2526.8238,1.12,2431.0,4.2,49.1,2,36.6,5.3,47.5,3.2,2.0,4,"00350023518-01(1:3,ntoi=1)",True,5169.01(1:6),1,1,"TOI5169.01:P=8.039,d=0.802mmag,PC",False,5169.01,,False,280.7,True,2,2,2073.0,1.87,8.2,202.4,3.7,2,1.0,5.813163550770491,0.19266617741239236,True,False,False,3.7
326386495,9.8496,4926.2,0.69,3,1106.71,13.54092,3101.5439,0.62,1124.0,2.52,11.5,6,7.2,1.4,15.7,2.9,2.0,0,,False,,1,1,"TOI4424.01:P=17.74,d=0.956mmag,PC",False,,,True,569.6,True,5,6,448.0,10.78,6.7,26.9,3.7,3,0.8333333333333334,3.4993744126165818,0.17717452518503396,True,False,False,3.7
200723869,7.0286,6382.7,1.76557004451752,4,2602.12,34.28128,1395.9079,0.6,371.0,3.71,10.7,2,0.0,0.7,9.9,4.1,2.0,5,,False,,1,1,"TOI257.01:P=18.39,d=1.29mmag,CP",False,,,False,156.5,False,2,2,371.0,1.29,5.4,2.2,3.7,2,1.0,8.92244620731448,0.06724613251331564,False,False,False,3.7
437011608,7.6253,5670.0,0.93,4,784.99,47.02177,2513.8867,6.3,575.0,2.43,26.7,2,0.0,-1.6,25.9,3.2,2.0,6,,False,,1,2,"TOI5082.01:P=4.24,d=0.915mmag,CP",False,,,False,222.0,False,2,2,594.0,1.03,17.1,0.1,3.7,2,1.0,6.46591390139314,0.9743402241472172,False,False,False,3.7
303586471,7.7158,6034.49,1.07903003692627,5,2936.45,20.70197,1363.383,3.0,123.0,1.3,9.2,6,5.7,-0.1,10.8,3.0,2.0,4,,False,,1,2,"TOI4326.01:P=1826,d=0.638mmag,PC",False,,,False,178.0,True,6,6,104.0,4.52,8.2,18.2,3.7,4,1.0,5.431267692469869,0.5523572340504083,True,False,False,3.7
130415266,7.3123,10416.0,1.82,6,1515.98,17.863,2214.029,3.0,129.0,2.25,10.7,5,7.8,0.6,14.5,3.1,2.0,7,,False,,1,1,"TOI588.01:P=39.47,d=8.46mmag,PC",True,,,False,140.3,False,5,5,89.0,4.85,7.1,15.7,3.7,3,1.0,7.326682165770763,0.40946228212485886,False,False,False,3.7
22221375,7.3635,5903.0,1.03,6,2555.15,21.41648,1559.7976,2.4,105.0,1.15,7.6,5,2.8,-0.4,9.8,3.4,2.0,9,,False,,1,1,"TOI652.01:P=3.985,d=0.483mmag,CP",False,,,False,136.0,False,5,5,80.0,3.74,5.9,6.8,3.7,3,1.0,5.325362075736628,0.4506735816020587,False,False,False,3.7
115623434,10.2455,4962.0,0.79,8,1523.67,61.52991,1971.3917,3.6,2044.0,3.9,21.4,3,9.8,1.5,14.7,3.9,2.0,5,,False,,1,1,"TOI2279.01:P=3.143,d=0.872mmag,PC",False,,,False,871.6,False,3,3,826.0,4.31,7.8,29.7,3.7,2,1.0,6.3433953791997695,0.5675194095270388,False,False,False,3.7
263003176,7.4371,6295.7,1.1374200582504272,9,2581.55,39.48287,1349.1354,0.5,419.0,2.54,10.0,4,5.3,0.1,11.6,6.1,2.0,14,,False,,1,1,"TOI130.01:P=14.34,d=0.394mmag,CP",False,,,False,152.7,False,4,4,407.0,1.88,8.5,12.5,3.7,3,1.0,6.976299554815803,0.07167123430857344,False,False,False,3.7
159418353,9.812,4814.0,0.78,17,1979.26,16.26153,1689.6909,0.62,408.0,1.72,8.3,20,3.3,2.5,19.8,2.6,2.0,9,,False,,1,1,"TOI1739.01:P=8.303,d=0.62mmag,CP",False,,,False,477.6,False,16,20,244.0,14.46,3.9,2.1,3.7,4,0.8,4.036378002750067,0.15360305689347759,False,False,False,3.7
167719618,9.0803,5334.0,0.796253979206085,43,2720.36,115.40199,1439.1271,1.58,271.0,1.43,8.5,8,6.8,-1.3,14.3,6.8,2.0,12,,False,,1,1,"TOI4503.01:P=710.7,d=0.751mmag,PC",False,,,False,301.5,False,7,8,159.0,8.63,9.2,22.0,3.7,4,0.875,7.864065772126048,0.20091388421499018,False,False,False,3.7
269243313,9.95806,6115.71,1.21,2,761.93,25.59167,2803.0193,1.2,1089.0,4.36,8.5,2,2.9,2.1,7.0,3.6,2.0,3,,False,,1,2,"TOI5825.01:P=9.735,d=1.1mmag,PC",False,,,False,453.0,False,2,2,1100.0,1.41,7.6,11.0,3.6,2,1.0,6.29165282146894,0.19072889653180683,False,False,False,3.6
389070884,7.9771,5963.0,1.4470800161361694,4,2226.43,15.86224,1637.7224,2.1,2194.0,7.4,61.6,2,0.0,-1.9,80.4,4.0,2.0,14,,False,,1,1,"TOI911.01:P=8.584,d=10.1mmag,APC",True,,,False,286.1,False,2,2,1623.0,1.82,4.6,33.4,3.6,2,1.0,6.044005213039612,0.3474517188485153,False,False,False,3.6
19451711,7.3645,7381.0,1.862190008163452,5,2581.57,24.6947,1504.7108,3.6,368.0,3.9,21.7,5,5.2,-1.4,34.8,3.9,2.0,5,,False,,1,1,"TOI522.01:P=0.397,d=0.12mmag,FA",True,,,False,195.2,False,5,5,168.0,1.71,7.0,2.3,3.6,3,1.0,8.287538143185724,0.4343871410064078,False,False,False,3.6
178266267,10.0286,5595.7,0.91,5,784.98,36.00076,2528.5868,2.4,796.0,2.8,8.3,2,3.9,-1.1,8.8,4.4,2.0,3,,False,,1,1,"TOI5539.01:P=7.112,d=0.54mmag,PC",False,,,False,493.1,True,2,2,1022.0,1.52,8.8,25.2,3.6,2,1.0,5.830061176255864,0.4116594882013415,True,False,False,3.6
405454160,10.4397,5383.0,0.983025014400482,5,2555.35,25.20502,1535.554,1.12,934.0,3.28,8.9,4,4.2,-0.3,7.3,3.4,2.0,4,,False,,1,1,"TOI563.01:P=731.9,d=3.58mmag,PC",True,,,False,555.7,False,3,4,809.0,2.12,7.3,13.9,3.6,3,0.75,5.450215681235704,0.2054964547285709,False,False,False,3.6
233964642,9.5498,6090.2,1.57,6,1844.91,43.56971,2093.2628,3.15,372.0,3.3,7.4,3,3.5,-1.0,8.1,4.6,2.0,8,,False,,1,1,"TOI334.01:P=17.92,d=10.8mmag,APC",True,,,False,361.3,False,3,3,470.0,1.37,7.1,6.4,3.6,3,1.0,8.937230357888744,0.352458186021752,False,False,False,3.6
406976746,9.0689,5552.0,0.7917420268058777,7,2496.7,30.06605,1638.5292,2.25,845.0,2.51,24.0,5,12.1,-4.0,33.7,4.4,2.0,9,"00406976746-01(1:3,ntoi=1);00406976746-01(1:3,ntoi=1);00406976746-01(1:3,ntoi=1);00406976746-01(1:3,ntoi=1);00406976746-01(1:3,ntoi=1);00406976746-01(1:3,ntoi=1);00406976746-01(1:3,ntoi=1);00406976746-01(1:3,ntoi=1);00406976746-01(2:3,ntoi=1)",True,1063.01(1:3),1,1,"TOI1063.01:P=10.07,d=0.937mmag,PC",False,1063.01,,False,485.0,True,5,5,456.0,5.74,6.1,33.4,3.6,3,1.0,5.003680276410642,0.4496690187435443,True,False,False,3.6
403224672,7.384,5795.29,1.13,8,2907.2,26.2199,1338.9639,0.75,252.0,1.96,8.1,5,3.0,-0.5,8.0,3.6,2.0,11,,False,,1,1,"TOI141.01:P=1.008,d=0.248mmag,CP",False,,,False,159.8,False,4,4,283.0,1.85,5.8,4.7,3.6,3,1.0,6.059976406918134,0.12376285807710274,False,False,False,3.6
28230919,8.5077,4757.3,0.76,11,1900.81,45.94328,1688.7786,2.25,216.0,1.22,10.3,8,4.5,-0.8,13.6,3.6,2.0,18,,False,,1,1,"TOI1144.01:P=4.888,d=4.66mmag,KP",True,,,False,251.7,False,7,8,131.0,8.51,6.1,16.3,3.6,4,0.875,5.608215430167612,0.40119714158925496,False,False,False,3.6
428679607,9.52906,5550.0,1.07,11,1846.53,47.31644,1853.7502,2.1,2477.0,5.81,42.3,3,26.8,-0.2,67.1,4.2,2.0,16,,False,,1,1,"TOI1669.01:P=2.68,d=0.495mmag,CP",False,,,False,395.2,False,3,3,272.0,23.84,25.7,789.5,3.6,3,1.0,7.114343545186168,0.29517832343378175,False,False,False,3.6
362220495,9.863,5780.0,0.699972987174988,28,1979.26,116.65572,1738.9035,4.5,1380.0,2.84,17.0,5,8.5,-2.9,32.7,5.4,2.0,11,,False,,1,1,"TOI2299.01:P=165,d=3.24mmag,FA",True,,,False,1175.3,False,5,5,414.0,15.49,5.9,37.6,3.6,3,1.0,7.242655480216577,0.6213190745151165,False,False,False,3.6
260043723,8.735,6278.0,1.55,34,2607.63,0.62773,1325.8145,7.2,15.0,0.66,10.0,1187,0.0,-1.8,7.2,5.4,1.0,42,,False,217.01(5:1),1,1,"TOI217.01:P=3.139,d=0.549mmag,FP",True,217.01,,False,247.3,True,577,1142,1.0,478.3,3.8,3.4,3.6,166,0.5052539404553416,2.1561901331134314,3.3392231461534227,True,False,False,3.6
328934980,7.1367,6104.12,1.49137997627258,2,761.29,10.75785,1940.3462,2.4,185.0,2.21,11.3,3,5.1,0.1,11.2,3.4,1.0,2,,False,,1,1,"TOI5739.01:P=8.431,d=0.199mmag,CP",False,,,False,146.3,False,3,3,117.0,2.95,8.0,10.4,3.5,3,1.0,5.418041502138121,0.44296449169924007,False,False,False,3.5
248853232,8.8628,4746.0,0.877591013908386,3,1031.29,13.68295,2810.6633,2.4,667.0,2.47,16.0,4,11.2,1.2,22.0,4.0,2.0,5,,False,,1,1,"TOI5823.01:P=3.868,d=18.9mmag,KP",True,,,True,282.6,False,4,4,330.0,4.47,12.6,52.9,3.5,2,1.0,4.122205633113534,0.5822125855927428,False,False,False,3.5
50618703,9.6504,4665.0,0.663414001464844,3,2577.38,29.4962,1494.8268,1.12,882.0,2.15,8.5,2,1.9,0.5,7.8,3.8,2.0,4,,False,,1,1,"TOI544.01:P=1.548,d=1.01mmag,CP",False,,"TOI-544 c(P=50.09,Radial Velocity,5:3)",False,390.0,False,2,2,760.0,1.26,7.1,3.4,3.5,2,1.0,4.41896002218368,0.25345329995688426,False,False,False,3.5
20318757,10.2103,4272.0,0.68,4,1817.11,18.03794,2299.7049,4.5,408.0,1.5,7.5,4,5.3,0.9,9.5,3.2,2.0,16,,False,,3,4,"TOI1027.01:P=3.283,d=1.69mmag,PC;TOI1027.02:P=11.03,d=1.84mmag,PC;TOI1027.03:P=5.011,d=1.31mmag,PC",False,,,False,519.4,True,4,4,284.0,4.15,7.9,17.5,3.5,2,1.0,3.8130855440382776,1.1801466156550582,True,False,False,3.5
467651916,7.7746,6011.9,1.16,5,1188.45,13.85885,2478.8283,0.5,420.0,2.6,11.1,5,19.5,-1.4,19.0,2.7,2.0,8,,False,,1,1,"TOI4602.01:P=3.981,d=0.504mmag,CP",False,,,True,188.5,False,4,5,150.0,14.45,4.7,17.3,3.5,2,0.8,4.986042984910121,0.10027992167600878,False,False,False,3.5
320847025,7.5621,4747.13,0.750708997249603,6,2575.56,40.71022,1693.8653,1.12,325.0,1.48,9.3,2,1.6,-1.3,10.4,4.4,2.0,4,,False,,1,1,"TOI6978.01:P=9.126,d=0.184mmag,PC",False,,,False,175.1,False,2,2,282.0,1.27,5.6,2.5,3.5,2,1.0,5.3426557430385255,0.2096335706187618,False,False,False,3.5
74534430,9.8445,4253.9,0.617519021034241,7,2229.0,42.88778,1537.3011,0.75,930.0,2.05,9.6,5,3.7,0.3,14.1,4.3,2.0,4,,False,,1,1,"TOI687.01:P=36.3,d=1.44mmag,PC",False,,,False,495.3,True,5,5,418.0,7.07,7.9,21.5,3.5,2,1.0,4.772578082368674,0.1571477694143389,True,False,False,3.5
277683130,9.5739,5722.0,1.11,11,2907.31,20.71126,1328.5113,0.75,472.0,2.63,8.7,10,4.0,0.9,13.1,3.4,2.0,13,,False,,1,1,"TOI138.01:P=6.198,d=4.24mmag,APC",True,,,False,401.1,False,9,9,265.0,1.84,4.3,0.6,3.5,1,1.0,5.535528869571686,0.13548840908818738,False,False,False,3.5
154840461,8.40534,6528.3,1.69,13,1979.27,43.94465,1715.9961,4.2,149.0,2.25,8.7,6,7.3,1.3,11.3,4.0,2.0,22,,False,,1,1,"TOI1153.01:P=6.036,d=1.07mmag,APC",False,,,False,226.8,False,5,6,66.0,8.01,7.9,17.2,3.5,3,0.8333333333333334,9.413867913093009,0.44615030068124817,False,False,False,3.5
229951289,10.2572,6011.0,0.98,25,1952.48,105.52199,1708.0429,4.5,417.0,2.18,8.4,6,5.9,-2.6,9.4,5.5,2.0,1,,False,,1,1,"TOI1609.01:P=13.31,d=0.815mmag,FA",True,,,False,615.5,False,4,6,179.0,8.33,8.3,21.6,3.5,3,0.6666666666666666,8.766105009050232,0.5133408732104106,False,False,False,3.5
150151262,9.9059,4504.0,0.72,30,2659.5,40.41019,1397.5388,1.12,382.0,1.53,10.4,21,3.8,-1.6,18.0,4.2,2.0,34,,False,712.03(4:3),4,4,"TOI712.01:P=9.531,d=0.989mmag,CP;TOI712.02:P=51.7,d=1.45mmag,CP;TOI712.03:P=53.75,d=1.69mmag,FA;TOI712.04:P=84.84,d=1.11mmag,CP",True,712.03,,False,513.4,True,15,21,275.0,9.58,5.6,9.0,3.5,5,0.7142857142857143,5.183147751990348,0.21608490700847105,True,False,False,3.5
233059608,6.895,6603.0,1.58365,36,1926.77,119.54056,1771.975,2.4,1629.0,6.97,129.6,6,50.4,6.7,110.7,7.4,2.0,9,,False,,1,1,"TOI1250.01:P=1.442,d=0.594mmag,FA",True,,,False,873.2,False,4,6,1389.0,3.59,6.9,60.5,3.5,3,0.6666666666666666,12.584023658307174,0.1907180139808202,False,False,False,3.5
167303382,7.5209,5235.78,0.7498199939727783,40,2720.36,74.73129,1348.5478,1.5,142.0,0.98,10.4,10,2.0,-0.0,17.7,5.1,2.0,11,,False,,1,1,"TOI802.01:P=3.694,d=0.0786mmag,PC",False,,,False,166.0,False,9,10,54.0,14.73,7.3,18.4,3.5,3,0.9,6.536528084942137,0.22947962289880963,False,False,False,3.5
184952758,9.0349,5653.0,0.97,2,761.81,18.16643,1535.1244,0.75,786.0,2.97,8.2,2,0.0,1.0,7.3,3.3,2.0,3,,False,,1,1,"TOI719.01:P=4.11,d=0.471mmag,FP",True,,,False,302.3,False,2,2,850.0,1.38,8.0,9.0,3.4,2,1.0,4.8433514058856995,0.15485145246504123,False,False,False,3.4
203377303,8.7028,5860.0,1.21150994300842,3,1490.55,21.93898,2319.2688,2.25,408.0,2.67,11.2,3,5.5,-1.4,10.3,2.9,2.0,8,,False,,1,1,"TOI3493.01:P=8.159,d=0.822mmag,PC",False,,,False,249.2,False,3,3,271.0,3.37,12.9,47.6,3.4,3,1.0,5.981798230853194,0.37614107216034914,False,False,False,3.4
298372701,8.5097,5954.53,1.42,4,2548.82,24.09736,1641.7472,2.1,1088.0,5.11,23.8,2,21.2,3.1,23.6,3.2,2.0,6,,False,,1,2,"TOI906.01:P=1.665,d=1.74mmag,PC",False,,,False,267.8,False,2,2,870.0,1.73,5.6,35.0,3.4,2,1.0,6.861046228684271,0.30607576891414023,False,False,False,3.4
64837857,10.0252,6500.6,1.37,4,756.77,25.00955,2878.0399,4.8,530.0,3.44,9.1,4,4.7,0.8,10.0,3.3,2.0,16,,False,,4,8,"TOI6650.01:P=20.33,d=11.5mmag,PC;TOI6650.02:P=30.51,d=1.93mmag,PC;TOI6650.03:P=8.997,d=1.07mmag,FP;TOI6650.04:P=0,d=1.56mmag,PC",True,,,False,517.2,True,4,4,316.0,3.41,9.4,13.0,3.4,3,1.0,6.782512944493146,0.7077022984375154,True,False,False,3.4
2685481,10.2212,6113.0,1.39,4,751.22,26.89202,2926.9786,0.5,2430.0,7.48,9.7,2,0.0,-0.7,11.8,3.2,2.0,2,,False,,1,1,"TOI5113.01:P=4.136,d=0.502mmag,PC",False,,,True,557.2,False,2,2,2788.0,1.58,6.7,22.1,3.4,2,1.0,7.016049364704901,0.07126517702616397,False,False,False,3.4
71582156,9.16067,5874.0,1.10649001598358,5,1119.87,22.46909,1853.1436,3.15,323.0,2.17,7.6,3,8.0,0.5,10.5,2.6,2.0,3,,False,,1,2,"TOI5726.01:P=5.491,d=0.487mmag,CP",False,,,False,325.8,False,3,3,202.0,5.3,10.4,47.8,3.4,2,1.0,5.675905049714949,0.5549775714021496,False,False,False,3.4
123702439,10.1374,5997.0,0.97,6,1522.31,48.47481,1539.2848,1.5,1007.0,3.36,8.8,2,5.5,1.8,10.2,4.4,2.0,8,,False,,1,1,"TOI499.01:P=8.533,d=1.91mmag,APC",False,,,False,494.3,False,2,2,1130.0,1.55,8.9,28.8,3.4,2,1.0,6.717816788347642,0.2232868277387109,False,False,False,3.4
393414358,10.439,5570.0,1.79224002361298,6,2577.39,36.01232,1503.3914,3.0,830.0,5.63,8.3,2,0.0,0.3,10.8,4.4,2.0,9,,False,,1,1,"TOI483.01:P=4.378,d=7.71mmag,KP",True,,,False,570.5,False,2,2,1008.0,1.53,11.6,33.2,3.4,2,1.0,9.16127898198514,0.32746519409563224,False,False,False,3.4
445859771,10.418,5736.0,1.07,7,1711.97,45.65707,1712.1602,1.12,1682.0,4.79,12.4,3,6.4,0.7,14.0,3.4,2.0,10,,False,,1,1,"TOI1273.01:P=4.631,d=5.29mmag,CP",True,,,False,637.5,False,3,3,633.0,5.21,7.7,27.8,3.4,2,1.0,7.030186154882075,0.1593129933298028,False,False,False,3.4
302773669,7.6353,5925.0,1.55,8,1871.96,47.99956,1791.5917,3.6,145.0,2.04,8.6,3,5.9,-0.2,9.6,4.3,2.0,13,,False,,1,1,"TOI1573.01:P=21.22,d=7.08mmag,KP",True,,,False,164.5,False,3,3,98.0,3.65,7.6,16.3,3.4,3,1.0,9.151841954660243,0.39336343632626114,False,False,False,3.4
302773669,7.6353,5925.0,1.55,8,1871.96,36.05658,1791.5917,3.6,143.0,2.02,8.4,3,0.0,-1.3,9.6,4.3,2.0,13,,False,,1,1,"TOI1573.01:P=21.22,d=7.08mmag,KP",True,,"HD 17156 b(P=21.22,Radial Velocity,3:5)",False,164.5,True,3,3,90.0,3.98,7.7,15.4,3.4,3,1.0,8.319379515578648,0.4327245791899187,True,False,False,3.4
317060587,9.0197,5958.2,1.58,8,2851.92,69.48289,1348.2883,1.5,752.0,4.73,8.7,2,0.0,2.7,8.4,4.4,2.0,4,,False,,1,1,"TOI1052.01:P=9.14,d=0.389mmag,CP",False,,,False,286.5,False,2,2,787.0,1.09,10.1,0.4,3.4,2,1.0,10.485898347185959,0.14304926009534955,False,False,False,3.4
407126408,9.6181,4948.0,0.7325350046157837,8,2522.68,53.10308,1642.2638,2.4,539.0,1.86,7.5,2,2.5,1.6,7.4,3.8,2.0,13,,False,,2,2,"TOI913.01:P=11.1,d=1.22mmag,CP;TOI913.02:P=1470,d=1.03mmag,PC",False,,,False,392.4,False,2,2,596.0,1.35,8.2,7.5,3.4,2,1.0,5.742933482176249,0.41790489258645125,False,False,False,3.4
293954617,8.3879,5064.0,0.78,12,1900.81,51.51942,1697.4499,4.2,269.0,1.4,13.8,5,8.6,0.5,17.3,3.5,2.0,24,,False,,1,1,"TOI1430.01:P=7.434,d=0.761mmag,CP",False,,,False,244.6,False,4,5,135.0,6.36,7.3,30.4,3.4,4,0.8,5.928275128764209,0.708469143009481,False,False,False,3.4
300812741,10.0534,4465.0,0.6975470185279846,29,2009.38,54.05783,2085.0406,0.75,1768.0,3.2,19.7,6,16.6,-1.6,43.7,5.8,2.0,12,,False,,2,2,"TOI2322.01:P=20.23,d=0.653mmag,CP;TOI2322.02:P=11.31,d=0.309mmag,CP",False,,,False,501.4,False,6,6,301.0,27.0,4.7,21.7,3.4,2,1.0,5.591695170273517,0.13412748319814327,False,False,False,3.4
233684822,9.89947,5779.0,1.45,33,1979.26,83.67342,1728.8138,1.12,426.0,3.26,7.9,10,4.5,1.0,10.9,5.1,2.0,32,,False,,1,1,"TOI1253.01:P=4.676,d=0.802mmag,FP",True,,,False,469.8,False,9,10,180.0,13.27,4.8,6.1,3.4,4,0.9,10.53536215042223,0.10630863790051236,False,False,False,3.4
149389419,9.2546,6855.0,1.5925600528717,36,2691.55,118.93201,1430.5465,3.6,243.0,2.71,7.6,5,3.4,0.9,9.0,4.8,2.0,6,,False,,1,1,"TOI4356.01:P=579.6,d=0.613mmag,PC",False,,,False,323.7,False,4,4,182.0,4.41,8.8,25.3,3.4,3,1.0,12.609709809713365,0.2854942781654571,False,False,False,3.4
264171144,9.13648,6683.0,1.5259200334549,39,1979.26,119.85603,1745.935,0.5,2025.0,7.49,25.2,5,24.4,-1.8,29.1,5.4,2.0,11,,False,,1,1,"TOI2281.01:P=210.7,d=0.372mmag,PC",False,,,False,396.5,False,5,5,615.0,12.54,8.0,82.5,3.4,3,1.0,12.287101335314468,0.04069308019483371,False,False,False,3.4
177077336,10.0686,4907.96,0.76,43,2691.55,109.43118,1390.957,1.8,557.0,1.96,9.7,6,6.0,0.6,15.2,9.8,2.0,12,,False,,1,1,"TOI723.01:P=1.418,d=0.222mmag,PC",False,,,False,474.6,False,5,6,327.0,6.04,12.3,40.1,3.4,3,0.8333333333333334,7.489699320268906,0.24033007508442591,False,False,False,3.4
177308364,9.4088,6115.0,0.957772016525269,44,2720.17,106.03115,1331.3107,1.2,1202.0,3.62,29.7,9,12.9,-2.0,47.9,5.2,2.0,23,"00177308364-01(1:2,ntoi=1)",True,,1,1,"TOI2327.01:P=82.79,d=1.11mmag,PC",False,,,False,505.5,False,6,9,271.0,20.84,10.1,80.8,3.4,4,0.6666666666666666,8.64690884293917,0.13877791726460573,False,False,False,3.4
21535395,7.6586,5723.87,0.945408,2,765.24,21.60589,1886.5668,0.9,297.0,1.78,7.2,2,0.0,-0.7,6.6,3.2,2.0,2,,False,,1,1,"TOI1776.01:P=2.801,d=0.222mmag,CP",False,,,False,172.3,False,2,2,327.0,1.05,5.5,0.1,3.3,2,1.0,5.044427247776167,0.17841470513758811,False,False,False,3.3
286132427,8.1075,5914.0,1.00635,4,2555.36,20.46879,1535.1467,2.4,1395.0,4.1,23.9,2,0.0,0.8,18.9,4.6,2.0,0,,False,,1,1,"TOI635.01:P=0.4934,d=0.211mmag,FA",True,,,False,284.9,False,2,2,1250.0,1.23,6.7,2.3,3.3,2,1.0,5.16501655779452,0.4646645316902543,False,False,False,3.3
356590734,9.8722,5877.5,1.9558299779892,4,760.83,24.80376,2373.5777,0.62,1056.0,6.93,9.5,4,4.7,1.1,11.2,3.7,2.0,7,"00356590734-02(1:2,ntoi=2)",True,,1,1,"TOI1951.01:P=4.829,d=8.96mmag,PC",True,,,False,434.3,False,4,4,457.0,5.72,6.7,19.2,3.3,3,1.0,8.57567274954941,0.07229753491148277,False,False,False,3.3
117979455,8.96,5999.0,1.34654998779297,5,2852.57,43.30874,1453.8005,0.62,4047.0,9.35,34.0,2,11.9,7.0,37.7,3.6,2.0,2,,False,,2,2,"TOI422.01:P=0.6333,d=1.16mmag,APC",False,,,False,1409.5,False,2,2,3919.0,1.44,5.1,6.3,3.3,2,1.0,8.051592694814834,0.07700339839585718,False,False,False,3.3
102840239,9.36,4953.9,0.76,5,1816.95,36.86243,2292.881,4.2,363.0,1.58,8.8,3,7.2,-0.2,10.2,4.2,2.0,7,,False,,2,2,"TOI815.01:P=11.2,d=1.41mmag,CP;TOI815.02:P=734.5,d=1.09mmag,CP",False,,,False,375.6,False,3,3,266.0,3.64,9.8,37.3,3.3,2,1.0,5.211291210262152,0.8059422954006673,False,False,False,3.3
76989773,9.683,5569.0,0.96,5,2906.03,23.28443,1365.667,3.15,435.0,2.18,7.8,4,3.5,-0.4,7.9,3.6,2.0,8,,False,,1,1,"TOI182.01:P=1.769,d=9.54mmag,APC",True,,,False,420.9,False,4,4,284.0,3.27,6.9,9.0,3.3,3,1.0,5.224896031974982,0.6028828096717778,False,False,False,3.3
161477033,10.0614,5465.0,0.879477024078369,5,2634.76,37.41097,1431.2052,3.6,497.0,2.14,7.3,3,3.0,-0.1,8.4,3.7,2.0,6,,False,,3,3,"TOI553.01:P=14.06,d=0.933mmag,FA;TOI553.02:P=11.92,d=0.739mmag,PC;TOI553.03:P=40.89,d=1.03mmag,PC",True,,,False,462.9,False,2,3,419.0,1.98,7.7,9.6,3.3,2,0.6666666666666666,5.772415919882357,0.6236556841997916,False,False,False,3.3
99896567,6.8456,5865.0,1.01593005657196,6,1875.68,46.96515,1726.128,0.62,345.0,2.06,9.9,2,2.6,0.5,11.4,3.4,2.0,8,,False,,1,1,"TOI6074.01:P=12.13,d=0.186mmag,PC",False,,,False,131.4,False,2,2,315.0,1.21,5.1,1.3,3.3,2,1.0,6.855556873711409,0.09043758390765842,False,False,False,3.3
123702439,10.1374,5997.0,0.97,6,1522.31,49.41989,1525.1098,1.5,1005.0,3.36,8.8,2,5.5,0.0,10.2,4.4,2.0,8,,False,,1,1,"TOI499.01:P=8.533,d=1.91mmag,APC",False,,,False,494.3,False,2,2,1132.0,1.51,8.6,21.5,3.3,2,1.0,6.761193651395283,0.22185431705397912,False,False,False,3.3
274151135,10.2809,4664.0,0.76,7,1844.59,41.30326,2073.7518,3.0,575.0,1.99,8.5,4,5.5,-0.2,10.3,5.4,2.0,8,,False,,1,1,"TOI1105.01:P=10.87,d=1.79mmag,PC",False,,,False,563.7,False,3,4,693.0,2.38,8.3,38.6,3.3,2,0.75,5.412677263487124,0.5542543650694677,False,False,False,3.3
403224672,7.384,5795.29,1.13,8,2907.2,18.15812,1340.1348,0.75,206.0,1.77,7.7,4,4.9,-0.0,8.2,3.3,2.0,11,,False,,1,1,"TOI141.01:P=1.008,d=0.248mmag,CP",False,,,False,159.8,False,4,4,188.0,1.99,4.0,3.0,3.3,3,1.0,5.361474156886261,0.13988690014232416,False,False,False,3.3
408618999,8.3302,5656.0,1.41,8,1871.96,37.06759,1791.4373,1.58,342.0,2.84,9.5,3,3.7,1.6,10.6,4.2,2.0,11,,False,,1,1,"TOI1736.01:P=7.073,d=0.477mmag,CP",False,,,False,213.7,False,3,3,180.0,4.74,10.3,36.2,3.3,2,1.0,7.882896407655356,0.20043394182696692,False,False,False,3.3
283829553,8.36872,6187.0,1.61,8,1684.69,50.96502,1787.5461,1.8,807.0,4.99,18.7,2,10.3,1.7,17.9,3.2,2.0,5,,False,,1,1,"TOI2301.01:P=6.054,d=0.277mmag,PC",False,,,False,239.6,False,2,2,768.0,1.6,15.2,60.9,3.3,2,1.0,9.575973694302535,0.18797044117518358,False,False,False,3.3
162631539,6.9014,6060.54,1.37495994567871,9,1549.98,70.6545,1954.1727,2.1,373.0,2.9,19.6,2,14.9,-0.7,24.5,4.0,2.0,4,,False,,1,2,"TOI5724.01:P=697.4,d=0.487mmag,PC",False,,,False,141.9,False,2,2,387.0,1.69,11.2,81.7,3.3,2,1.0,9.611288222151357,0.2184930834932285,False,False,False,3.3
141412823,10.4078,5788.7,1.78,9,242.06,83.29124,2980.1351,3.6,776.0,5.41,11.2,3,6.3,-1.3,10.5,4.8,2.0,5,,False,,1,1,"TOI4421.01:P=21.7,d=0.441mmag,FP",True,,,False,531.8,False,3,3,315.0,6.16,10.6,60.3,3.3,3,1.0,12.060206335790976,0.2985023555788021,False,False,False,3.3
164458714,9.03131,6304.0,1.43,11,1875.68,43.5895,1713.0239,3.15,223.0,2.33,7.4,6,4.1,-0.2,8.7,3.9,2.0,4,,False,,1,1,"TOI4589.01:P=17.83,d=0.314mmag,KP",False,,,False,315.9,False,6,6,179.0,2.93,6.3,8.7,3.3,3,1.0,8.398974862838784,0.3750457706376949,False,False,False,3.3
281781375,9.2182,5605.0,1.03654003143311,11,2907.31,59.99908,1327.121,3.15,322.0,2.03,8.1,4,5.9,-0.2,11.9,4.3,2.0,4,,False,,1,1,"TOI204.01:P=43.83,d=0.703mmag,PC",False,,,False,371.6,False,4,4,171.0,6.5,6.4,21.0,3.3,2,1.0,7.539002325632904,0.4178271691586931,False,False,False,3.3
167303382,7.5209,5235.78,0.7498199939727783,40,2720.36,68.31737,1348.8478,1.5,141.0,0.97,10.1,10,2.8,-1.1,17.7,5.1,2.0,11,,False,,1,1,"TOI802.01:P=3.694,d=0.0786mmag,PC",False,,,False,166.0,False,9,10,77.0,10.15,7.5,18.1,3.3,4,0.9,6.34390520531803,0.2364474170803444,False,False,False,3.3
353782445,9.17708,6225.0,1.34,40,1979.26,114.69951,1713.9415,3.15,298.0,2.52,11.8,8,14.5,1.2,16.9,5.4,2.0,12,,False,,1,1,"TOI1664.01:P=11.84,d=0.365mmag,PC",False,,,False,311.3,False,6,8,119.0,19.11,8.7,58.1,3.3,3,0.75,11.103639345448817,0.28369077038611923,False,False,False,3.3
67395329,8.6781,5450.0,0.86894702911377,1,23.49,11.03038,3246.2447,0.75,584.0,2.29,7.6,2,3.5,0.3,7.2,3.5,1.0,1,,False,,1,1,"TOI6873.01:P=18.82,d=1.07mmag,PC",False,,,False,275.7,False,2,2,606.0,1.5,8.3,18.0,3.2,2,1.0,3.8112489752305945,0.19678588433195243,False,False,False,3.2
262584907,7.13,5872.1,1.19,3,1380.59,20.68055,2464.2346,0.6,415.0,2.65,11.0,2,4.4,-1.7,11.2,3.4,2.0,0,,False,,1,1,"TOI6837.01:P=0.9494,d=0.148mmag,PC",False,,,False,142.3,False,2,2,333.0,1.36,6.2,5.3,3.2,2,1.0,5.795536293121303,0.10352795145328267,False,False,False,3.2
136916387,5.0494,5739.0,1.02606999874115,5,2548.81,20.40363,1632.3717,1.12,155.0,1.39,22.3,5,10.7,3.8,21.2,3.3,2.0,10,"00136916387-02(1:1,ntoi=2)",True,,3,3,"TOI2011.01:P=11.58,d=0.236mmag,KP;TOI2011.02:P=27.59,d=0.603mmag,KP;TOI2011.03:P=0,d=0.212mmag,KP",False,,"HD 136352 c(P=27.59,Radial Velocity,4:3)",False,79.4,True,5,5,58.0,7.29,8.4,23.3,3.2,2,1.0,5.226714363089276,0.21428375881976042,True,False,False,3.2
97735908,8.22398,6327.0,1.88,5,811.21,48.1078,2483.5604,4.5,255.0,3.27,10.0,2,5.4,1.3,11.0,3.9,2.0,7,,False,,1,1,"TOI4612.01:P=4.114,d=6.25mmag,KP",True,,,False,214.4,False,2,2,275.0,1.45,9.0,14.8,3.2,2,1.0,10.416425030063156,0.432010021385688,False,False,False,3.2
367102581,9.39575,9024.0,1.89,5,243.74,61.13207,2728.5342,1.58,942.0,6.33,11.9,2,8.2,0.4,14.2,4.6,2.0,7,,False,,1,1,"TOI1522.01:P=2.98,d=0.63mmag,FP",True,,,False,362.4,False,2,2,1086.0,1.66,12.0,72.3,3.2,2,1.0,11.322418346612508,0.139546159807168,False,False,False,3.2
253434221,10.0865,4979.2,1.909690022468567,6,1791.26,27.18086,2360.891,3.6,3257.0,11.89,28.4,2,31.0,5.8,41.8,6.2,2.0,5,,False,,1,1,"TOI4338.01:P=7.5,d=3.29mmag,APC",True,,,True,849.6,False,2,2,5598.0,1.81,36.9,507.4,3.2,2,1.0,8.701710114509652,0.4137117822388942,False,False,False,3.2
283829553,8.36872,6187.0,1.61,8,1684.69,45.25429,1759.4164,1.58,757.0,4.83,17.0,2,0.0,2.8,18.0,3.2,2.0,5,,False,,1,1,"TOI2301.01:P=6.054,d=0.277mmag,PC",False,,,False,239.6,False,2,2,747.0,1.72,12.2,103.7,3.2,2,1.0,9.204046340227109,0.17166362940769525,False,False,False,3.2
380783252,9.7825,5509.0,0.94,8,2547.32,46.08263,1690.5778,1.12,4421.0,6.82,32.5,2,0.0,1.6,41.8,4.8,1.0,12,,False,,1,1,"TOI1059.01:P=9.45,d=27.9mmag,PC",True,,,False,837.1,False,2,2,3576.0,1.79,10.6,141.4,3.2,2,1.0,6.468535243570074,0.17314584489793344,False,False,False,3.2
425997655,8.7513,4813.0,0.69,15,2662.74,110.48115,1413.1764,3.6,398.0,1.5,8.6,2,0.7,1.0,8.8,5.0,2.0,44,,False,,5,6,"TOI174.01:P=17.67,d=0.82mmag,CP;TOI174.02:P=29.8,d=0.667mmag,CP;TOI174.03:P=12.16,d=0.288mmag,CP;TOI174.04:P=3.977,d=0.154mmag,CP;TOI174.05:P=7.908,d=0.231mmag,CP",False,,,False,243.8,False,2,2,455.0,1.15,7.8,1.0,3.2,2,1.0,7.044828362220299,0.5110131595690712,False,False,False,3.2
188768068,5.8961,5801.89,1.26,21,1871.15,43.66078,1767.0232,4.5,39.0,0.86,11.1,12,4.0,0.4,21.4,4.8,2.0,18,,False,,1,1,"TOI1462.01:P=2.178,d=0.119mmag,CP",False,,,False,91.3,False,10,12,13.0,20.81,5.8,12.8,3.2,3,0.8333333333333334,7.723588978524345,0.5826306931288519,False,False,False,3.2
198187049,7.9726,5268.0,0.823126018047333,39,1979.26,102.50936,1744.0375,0.62,4636.0,6.11,122.9,3,48.4,-1.0,119.8,4.0,2.0,23,,False,,1,1,"TOI2069.01:P=5.921,d=0.152mmag,PC",False,,,False,335.4,False,3,3,632.0,8.52,3.5,9.8,3.2,2,1.0,7.7287101636479,0.08022037142965704,False,False,False,3.2
459970307,9.3188,5704.0,0.93,41,1979.26,46.87763,1705.3714,2.25,381.0,1.98,19.6,20,7.5,-2.1,29.3,4.6,1.0,11,,False,,1,1,"TOI1154.01:P=21.75,d=0.716mmag,CP",False,,,False,448.1,False,11,20,86.0,50.19,4.4,25.5,3.2,5,0.55,6.459300292663384,0.34833494311382296,False,False,False,3.2
30037565,9.597,5914.0,1.55953001976013,42,2720.37,79.6158,1361.5159,1.8,352.0,3.19,10.3,12,9.3,2.2,26.1,5.3,2.0,12,,False,,1,1,"TOI1209.01:P=40.72,d=0.386mmag,PC",False,,,False,402.3,False,10,12,134.0,29.09,4.1,10.9,3.2,3,0.8333333333333334,10.877703274575332,0.16547610782941424,False,False,False,3.2
328934980,7.1367,6104.12,1.49137997627258,2,761.29,14.95949,1936.1306,3.15,196.0,2.28,10.5,2,4.2,0.7,11.0,3.3,2.0,2,,False,,1,1,"TOI5739.01:P=8.431,d=0.199mmag,CP",False,,,False,146.3,False,2,2,200.0,1.43,7.9,11.3,3.1,2,1.0,6.047456621341065,0.5208801314727688,False,False,False,3.1
392681545,7.4961,6111.67,1.61211001873016,2,750.86,6.83365,2916.8114,1.58,357.0,3.32,11.1,3,3.1,-0.5,11.1,2.3,1.0,4,,False,,2,2,"TOI6054.01:P=7.49,d=0.245mmag,CP;TOI6054.02:P=12.58,d=0.309mmag,CP",False,,,True,202.0,False,3,3,229.0,2.1,4.3,1.5,3.1,2,1.0,4.905564487736812,0.3220832187508221,False,False,False,3.1
399870368,9.3371,8730.0,1.97,2,1871.44,24.19123,2185.7223,6.3,1361.0,7.93,20.2,2,1.0,0.4,20.5,4.2,1.0,2,,False,,1,1,"TOI624.01:P=2.744,d=11mmag,CP",True,,,False,667.8,False,2,2,1442.0,1.16,11.3,1.2,3.1,2,1.0,8.54551868917304,0.7372285087834333,False,False,False,3.1
117938087,9.6254,4779.1,0.61,2,271.63,16.73845,4002.1372,4.8,537.0,1.54,10.9,2,0.0,0.7,10.2,3.0,2.0,0,,False,,1,1,"TOI2482.01:P=14.93,d=0.641mmag,PC",False,,,False,386.1,False,2,2,576.0,1.63,12.3,58.8,3.1,2,1.0,3.4593932244861594,1.3875265656487974,False,False,False,3.1
190721237,9.5986,6332.0,1.39270997047424,3,1490.82,19.45627,2266.5719,1.58,714.0,4.06,10.2,4,6.8,2.5,10.2,2.8,2.0,6,"00190721237-02(2:3,ntoi=2);00190721237-01(2:3,ntoi=1);00190721237-01(2:3,ntoi=1)",True,2670.01(2:3),1,1,"TOI2670.01:P=12.93,d=4.47mmag,PC",True,2670.01,,False,492.9,True,3,4,548.0,2.94,8.0,19.8,3.1,2,0.75,6.306696697334183,0.25052734828168605,True,False,False,3.1
50618703,9.6504,4665.0,0.663414001464844,3,2577.38,41.08187,1496.0127,1.5,927.0,2.2,8.3,2,0.3,0.7,7.7,3.7,2.0,4,,False,,1,1,"TOI544.01:P=1.548,d=1.01mmag,CP",False,,"TOI-544 c(P=50.09,Radial Velocity,6:5)",False,390.0,False,2,2,856.0,1.01,7.6,0.0,3.1,2,1.0,4.934935159019577,0.303955361451599,False,False,False,3.1
175193677,6.3687,6061.77,1.22567999362946,4,759.15,38.50319,2547.6795,4.8,339.0,2.46,31.9,3,20.5,-4.2,37.3,3.6,2.0,3,,False,,1,1,"TOI5140.01:P=15.61,d=0.565mmag,PC",False,,"HD 73344 b(P=15.61,Transit,2:5)",False,123.5,True,2,2,340.0,1.75,21.3,206.6,3.1,2,1.0,7.271521005784533,0.6601094868847349,True,False,False,3.1
406495245,8.2893,7642.0,1.99,3,759.08,44.06006,2567.1546,2.25,313.0,3.84,9.0,2,0.0,1.9,8.5,3.8,2.0,6,,False,,1,2,"TOI5128.01:P=7.601,d=2.06mmag,PC",False,,,False,215.4,False,2,2,425.0,1.51,10.7,23.3,3.1,2,1.0,10.506515519701548,0.21415282695588825,False,False,False,3.1
2685481,10.2212,6113.0,1.39,4,751.22,18.11494,2923.6088,0.5,2388.0,7.41,9.5,2,0.0,0.0,11.8,3.2,1.0,2,,False,,1,1,"TOI5113.01:P=4.136,d=0.502mmag,PC",False,,,False,557.2,False,2,2,2722.0,1.61,6.4,23.6,3.1,2,1.0,6.150311713643343,0.08129669247346298,False,False,False,3.1
405454160,10.4397,5383.0,0.983025014400482,5,2555.35,26.10522,1535.5483,1.2,777.0,2.99,8.4,5,3.2,2.1,7.6,3.7,2.0,4,,False,,1,1,"TOI563.01:P=731.9,d=3.58mmag,PC",True,,,False,555.7,False,5,5,598.0,2.89,6.6,12.1,3.1,3,1.0,5.514343207170795,0.2176143114268862,False,False,False,3.1
396356111,7.3307,6748.7,1.72,6,782.48,33.43275,2860.6108,0.5,1430.0,7.1,28.7,2,0.0,0.8,40.5,4.6,2.0,0,,False,,1,1,"TOI2056.01:P=10.22,d=0.326mmag,APC",False,,,False,140.0,False,2,2,1519.0,1.9,6.5,176.8,3.1,2,1.0,8.695301105254527,0.057502321535231535,False,False,False,3.1
22221375,7.3635,5903.0,1.03,6,2555.15,19.85537,1551.7414,2.1,149.0,1.37,7.9,3,0.0,1.5,9.5,3.2,2.0,9,,False,652.01(1:5),1,1,"TOI652.01:P=3.985,d=0.483mmag,CP",False,652.01,"HD 86226 c(P=3.984,Transit,1:5)",False,136.0,True,3,3,84.0,3.79,5.6,8.7,3.1,2,1.0,5.1926905064123074,0.40441462810209255,True,False,False,3.1
393414358,10.439,5570.0,1.79224002361298,6,2577.39,25.35503,1477.7492,1.12,1436.0,7.41,8.9,2,0.0,-0.6,10.2,4.0,1.0,9,,False,,1,1,"TOI483.01:P=4.378,d=7.71mmag,KP",True,,,False,570.5,False,2,2,1757.0,1.6,8.8,34.7,3.1,2,1.0,8.150053344459373,0.13742241340805536,False,False,False,3.1
267263253,9.2205,6888.0,1.59,7,2581.55,29.47312,1353.5753,2.1,805.0,4.92,13.0,2,0.0,0.4,15.9,4.3,2.0,12,,False,,1,1,"TOI135.01:P=4.127,d=11.8mmag,CP",True,,,False,335.6,False,2,2,852.0,1.69,12.4,85.5,3.1,2,1.0,7.91191745613972,0.2654223848569579,False,False,False,3.1
28230919,8.5077,4757.3,0.76,11,1900.81,38.28482,1696.4379,2.25,226.0,1.25,10.3,7,6.5,1.8,14.0,3.8,2.0,18,,False,,1,1,"TOI1144.01:P=4.888,d=4.66mmag,KP",True,,,False,251.7,False,5,7,125.0,8.89,5.7,19.1,3.1,4,0.7142857142857143,5.277475494746366,0.42634020797251176,False,False,False,3.1
188768068,5.8961,5801.89,1.26,21,1871.15,35.31843,1774.5138,2.25,71.0,1.16,13.4,10,1.1,-0.6,23.6,5.5,1.0,18,,False,,1,1,"TOI1462.01:P=2.178,d=0.119mmag,CP",False,,,False,91.3,False,9,10,31.0,9.03,10.0,23.8,3.1,3,0.9,7.196518630227039,0.3126511742149157,False,False,False,3.1
167418898,10.2401,5951.0,1.27,29,2607.75,101.01761,1417.0477,2.1,2769.0,7.29,35.4,4,28.3,1.1,34.0,4.1,2.0,9,,False,,2,2,"TOI383.01:P=10.98,d=2.6mmag,FP",True,,,False,590.0,False,3,4,483.0,19.45,8.5,174.2,3.1,3,0.75,10.269354303570564,0.2044919220743848,False,False,False,3.1
233684822,9.89947,5779.0,1.45,33,1979.26,118.352,1710.6685,1.8,597.0,3.86,9.9,5,7.7,-1.5,14.4,7.7,2.0,32,,False,,1,1,"TOI1253.01:P=4.676,d=0.802mmag,FP",True,,,False,469.8,False,4,5,257.0,8.4,6.4,21.3,3.1,2,0.8,11.826207532738298,0.1522043305106129,False,False,False,3.1
190081497,10.3364,6187.0,1.34,2,49.71,0.78818,2964.1133,7.2,165.0,1.88,8.2,51,3.6,2.1,8.9,4.2,0.5,2,,False,2671.01(4:1),1,1,"TOI2671.01:P=3.163,d=1.23mmag,FP",True,2671.01,,False,817.5,True,29,49,92.0,21.37,3.6,5.7,3.0,15,0.5918367346938775,2.110992205566712,3.4107184199986684,True,False,False,3.0
393546540,9.1352,5271.0,0.83,3,758.67,22.57747,2539.6436,6.3,347.0,1.69,10.2,2,0.0,0.6,11.7,4.1,2.0,4,,False,,3,6,"TOI5696.01:P=1637,d=1.44mmag,PC;TOI5696.02:P=32.43,d=1.07mmag,CP;TOI5696.03:P=0,d=1.31mmag,PC",False,,,False,320.7,False,2,2,383.0,1.62,8.7,36.9,3.0,2,1.0,4.693377066643288,1.3423170375070186,False,False,False,3.0
393546540,9.1352,5271.0,0.83,3,758.67,18.04046,2526.9998,6.0,219.0,1.34,8.7,4,5.3,1.5,9.8,3.0,2.0,4,,False,,3,6,"TOI5696.01:P=1637,d=1.44mmag,PC;TOI5696.02:P=32.43,d=1.07mmag,CP;TOI5696.03:P=0,d=1.31mmag,PC",False,,,False,320.7,False,4,4,107.0,6.05,8.0,21.9,3.0,2,1.0,4.355214585554252,1.3776588689570688,False,False,False,3.0
73232401,10.2429,5567.0,0.9381189942359924,3,2553.69,18.46989,1574.7399,3.15,664.0,2.64,9.6,3,9.7,0.1,11.2,2.8,2.0,1,,False,7851.01(3:5);CTOI73232401.01(3:5),1,2,"TOI7851.01:P=11,d=1.74mmag,PC",False,7851.01,,False,525.8,True,3,3,225.0,7.87,8.6,49.3,3.0,2,1.0,4.762865854734757,0.6613665167303819,True,False,False,3.0
349071261,10.3099,6408.3,1.27487003803253,3,784.98,34.12832,2502.7365,3.15,1030.0,4.46,8.6,2,0.0,0.9,8.0,3.8,2.0,5,,False,,1,1,"TOI4601.01:P=2.788,d=8.81mmag,PC",True,,,False,628.9,False,2,2,1128.0,1.33,7.9,5.5,3.0,2,1.0,7.1706282385893285,0.4392920529679693,False,False,False,3.0
438260486,7.564,4544.0,0.75,5,811.48,59.5212,2453.7958,1.05,412.0,1.66,10.5,2,2.5,0.6,10.6,4.2,2.0,4,,False,,1,1,"TOI5084.01:P=5.832,d=0.298mmag,PC",False,,,False,166.0,False,2,2,419.0,1.22,6.2,1.6,3.0,2,1.0,6.060005650039353,0.17326716518707888,False,False,False,3.0
345143460,10.1128,5053.0,0.88,5,782.44,39.12657,2858.6056,0.5,1615.0,3.86,8.8,3,4.2,0.6,15.3,2.8,2.0,7,,False,,2,2,"TOI1533.01:P=3.646,d=1.27mmag,CP;TOI1533.02:P=8.064,d=2.5mmag,PC",False,,,False,658.3,False,3,3,532.0,9.21,3.8,10.0,3.0,2,1.0,5.8616605932810275,0.08530005994770982,False,False,False,3.0
295593712,10.0819,5343.0,0.82,7,2520.19,21.42043,1668.6096,0.62,1364.0,3.3,15.1,8,13.2,-1.5,22.7,3.4,2.0,1,,False,4418.02(6:5),2,2,"TOI4418.01:P=7.625,d=0.903mmag,PC;TOI4418.02:P=25.71,d=1.55mmag,PC",False,4418.02,,False,605.5,True,7,8,290.0,19.68,8.2,42.4,3.0,2,0.875,4.574675120148988,0.1355287498491932,True,False,False,3.0
141412823,10.4078,5788.7,1.78,9,242.06,75.07737,2980.1351,3.6,1016.0,6.19,12.4,3,8.2,1.6,10.4,4.7,2.0,5,"00141412823-01(3:1,ntoi=2)",True,,1,1,"TOI4421.01:P=21.7,d=0.441mmag,FP",True,,,False,531.8,False,2,2,1139.0,1.7,12.1,85.7,3.0,2,1.0,11.649965675106998,0.3090137859970078,False,False,False,3.0
237232044,9.9377,5236.0,0.75,31,1979.26,119.92003,1687.107,3.15,328.0,1.48,8.9,7,6.8,1.0,16.6,6.0,2.0,11,,False,,1,1,"TOI1443.01:P=23.54,d=1.04mmag,CP",False,,"TOI-1443 b(P=23.54,Transit,1:5)",False,443.1,True,6,7,157.0,11.59,7.5,32.0,3.0,2,0.8571428571428571,7.6538458720103275,0.4115578040994225,True,False,False,3.0
82308728,6.9859,5120.0,0.77,2,763.71,16.27543,1906.6849,2.1,220.0,1.25,11.3,2,1.8,1.6,11.6,3.5,2.0,1,,False,,1,1,"TOI1821.01:P=9.489,d=1.02mmag,KP",False,,,False,155.8,False,2,2,216.0,1.16,5.9,0.7,2.9,2,1.0,4.002944800237659,0.5246137793045063,False,False,False,2.9
21535395,7.6586,5723.87,0.945408,2,765.24,20.98883,1886.5637,0.6,374.0,1.99,7.7,2,0.3,2.4,6.6,3.2,2.0,2,,False,,1,1,"TOI1776.01:P=2.801,d=0.222mmag,CP",False,,,False,172.3,False,2,2,360.0,1.27,5.8,2.3,2.9,2,1.0,4.995940061647072,0.12009751770364328,False,False,False,2.9
335499997,8.98207,5967.0,1.76279997825623,4,2229.32,22.22749,1560.1414,2.25,964.0,5.97,15.6,2,0.0,0.7,16.0,3.5,2.0,10,,False,,1,1,"TOI680.01:P=0.4336,d=0.806mmag,APC",False,,,False,299.6,False,2,2,832.0,1.4,13.5,11.5,2.9,2,1.0,7.714488326175606,0.29165900638745523,False,False,False,2.9
32460142,9.3397,6255.0,1.45475995540619,4,1842.63,21.87797,2377.2024,0.9,995.0,5.01,10.8,3,5.3,-1.0,11.5,3.0,2.0,4,,False,,1,1,"TOI4382.01:P=10.69,d=0.699mmag,PC",False,,,False,405.3,False,3,3,435.0,4.58,5.9,18.3,2.9,2,1.0,6.751571326831927,0.13330230200238607,False,False,False,2.9
47425697,10.4913,6219.7,1.33,4,2171.89,22.52838,2108.9805,1.05,3116.0,8.1,18.6,2,0.0,0.1,23.3,3.6,2.0,6,,False,,1,1,"TOI364.01:P=0.4942,d=0.582mmag,PC",False,,,False,617.2,False,2,2,2904.0,1.78,13.6,155.2,2.9,2,1.0,6.422232771277361,0.163494541134665,False,False,False,2.9
303586471,7.7158,6034.49,1.07903003692627,5,2936.45,23.82888,1360.0517,3.6,170.0,1.54,10.0,3,9.4,-1.2,13.0,4.3,2.0,4,,False,,1,2,"TOI4326.01:P=1826,d=0.638mmag,PC",False,,,False,178.0,True,3,3,118.0,3.77,8.6,43.1,2.9,2,1.0,5.692003960859513,0.6324661797066612,True,False,False,2.9
261746870,9.0387,5413.0,0.905553,5,1064.11,40.7689,1347.2728,4.2,479.0,2.16,19.6,5,16.7,-2.1,26.2,4.5,2.0,0,,False,,1,1,"TOI7710.01:P=3.846,d=0.224mmag,PC",False,,,False,391.7,False,4,5,100.0,14.84,9.7,79.8,2.9,2,0.8,6.05704138577357,0.6934078426250674,False,False,False,2.9
92352620,9.6433,6153.0,1.71,5,2907.31,24.31488,1337.4926,2.25,612.0,4.61,10.7,5,3.1,-0.0,12.8,4.0,2.0,11,,False,,1,2,"TOI107.01:P=3.95,d=15.2mmag,KP",True,,,False,574.6,False,4,5,630.0,2.9,5.5,17.0,2.9,3,0.8,7.789263777438455,0.28885913538030494,False,False,False,2.9
317060587,9.0197,5958.2,1.58,8,2851.92,62.59493,1373.4305,1.12,599.0,4.22,7.9,2,0.0,0.0,8.3,4.4,2.0,4,,False,,1,1,"TOI1052.01:P=9.14,d=0.389mmag,CP",False,,,False,286.5,False,2,2,605.0,1.42,8.5,10.6,2.9,2,1.0,10.127278145322268,0.11059240043854446,False,False,False,2.9
207084429,7.1995,5883.0,1.77,9,2906.03,101.22581,1396.5652,3.15,259.0,3.11,10.4,2,1.3,0.3,10.8,4.0,2.0,13,,False,,1,1,"TOI381.01:P=4.896,d=0.391mmag,FP",True,,,False,153.5,False,2,2,303.0,1.02,4.8,0.0,2.9,2,1.0,12.821954314959763,0.2456723774413078,False,False,False,2.9
26547036,9.26693,5842.0,1.07351994514465,13,1900.81,69.15153,1732.1999,4.2,531.0,2.7,17.0,4,9.2,1.0,34.2,5.3,2.0,12,,False,,1,2,"TOI2010.01:P=1135,d=12.8mmag,CP",True,,,False,337.9,False,4,4,119.0,19.06,9.6,134.5,2.9,2,1.0,8.091250315703986,0.5190792320252887,False,False,False,2.9
362220495,9.863,5780.0,0.699972987174988,28,1979.26,78.17428,1734.066,4.5,866.0,2.25,14.1,8,12.5,3.5,26.8,4.1,2.0,11,"00362220495-01(1:3,ntoi=1)",True,,1,1,"TOI2299.01:P=165,d=3.24mmag,FA",True,,,False,1175.3,False,5,8,89.0,72.95,4.8,26.2,2.9,2,0.625,6.337973868704348,0.7100060828934784,False,False,False,2.9
167418898,10.2401,5951.0,1.27,29,2607.75,82.22879,1353.6165,2.4,1554.0,5.46,27.9,6,25.3,-0.0,37.0,4.6,2.0,9,,False,,2,2,"TOI383.01:P=10.98,d=2.6mmag,FP",True,,,False,590.0,False,5,6,184.0,50.07,9.9,199.5,2.9,2,0.8333333333333334,9.588530952943,0.25029903034972945,False,False,False,2.9
376867898,8.47427,6298.0,1.8,38,1979.26,103.39245,1786.1065,0.5,325.0,3.54,7.8,8,5.5,1.2,9.2,6.7,2.0,3,,False,7064.01(3:5),1,1,"TOI7064.01:P=61.56,d=0.198mmag,PC",False,7064.01,,False,236.4,True,7,8,275.0,6.09,8.5,28.6,2.9,4,0.875,13.058287906368786,0.038289858791989116,True,False,False,2.9
229650439,10.3237,5374.0,0.8179619944095611,38,1979.26,89.65114,1713.2602,4.8,1015.0,2.84,25.3,8,13.8,0.6,36.3,4.3,2.0,23,,False,,2,2,"TOI1438.01:P=5.14,d=0.836mmag,CP;TOI1438.02:P=9.428,d=0.868mmag,CP",False,,,False,583.4,False,6,8,125.0,58.46,17.3,341.8,2.9,2,0.75,7.360076294959716,0.6521671525724683,False,False,False,2.9
229938290,9.2742,5406.0,0.984511,40,1979.25,86.80331,1738.9283,3.15,910.0,3.24,29.0,6,13.7,-2.7,35.9,5.0,2.0,5,,False,,1,1,"TOI1783.01:P=1.42,d=0.505mmag,PC",False,,,False,462.9,False,5,6,290.0,10.11,4.0,12.4,2.9,4,0.8333333333333334,8.238865973433866,0.38233417197914626,False,False,False,2.9
237211410,9.29735,7020.0,1.84504997730255,40,1979.26,113.00705,1791.4103,2.4,700.0,5.33,13.7,3,9.9,-0.7,12.5,5.0,2.0,14,,False,,1,1,"TOI2282.01:P=12.55,d=0.219mmag,PC",False,,,False,336.3,False,3,3,237.0,6.66,7.2,48.4,2.9,2,1.0,13.674629330449768,0.17550749947246008,False,False,False,2.9
141186075,6.6418,6079.16,1.09843003749847,42,2720.36,104.18826,1349.2175,0.5,150.0,1.47,8.5,8,4.2,1.2,13.8,7.0,2.0,11,,False,,2,5,"TOI4307.01:P=32.7,d=0.118mmag,CP;TOI4307.02:P=4.655,d=0.0267mmag,PC",False,,,False,110.7,False,7,7,106.0,6.46,3.7,3.1,2.9,3,1.0,9.418812599774316,0.05308524771073378,False,False,False,2.9
328934980,7.1367,6104.12,1.49137997627258,2,761.29,15.59135,1935.5119,2.25,271.0,2.68,11.9,2,1.8,0.5,11.9,3.9,2.0,2,,False,,1,1,"TOI5739.01:P=8.431,d=0.199mmag,CP",False,,,False,146.3,False,2,2,249.0,1.35,8.2,5.9,2.8,2,1.0,6.131429506617557,0.36696173340517246,False,False,False,2.8
1129033,9.62713,5500.0,0.933974981307983,2,758.71,18.06671,1428.6649,3.6,1616.0,4.1,27.1,2,22.9,0.0,27.3,2.4,2.0,3,,False,,1,1,"TOI398.01:P=1.36,d=21.3mmag,KP",True,,,False,485.6,False,2,2,1641.0,1.83,19.9,318.7,2.8,2,1.0,4.714020647207353,0.7636793025360817,False,False,False,2.8
203377303,8.7028,5860.0,1.21150994300842,3,1490.55,23.94649,2324.8625,2.1,536.0,3.06,11.7,2,0.0,-0.0,13.3,4.5,2.0,8,,False,,1,1,"TOI3493.01:P=8.159,d=0.822mmag,PC",False,,,False,249.2,False,2,2,580.0,1.61,13.6,47.5,2.8,2,1.0,6.158953202287739,0.3409670330373604,False,False,False,2.8
326386495,9.8496,4926.2,0.69,3,1106.71,13.84419,3104.9632,1.0,1223.0,2.63,12.7,4,4.6,-1.8,18.4,3.8,2.0,0,,False,,1,1,"TOI4424.01:P=17.74,d=0.956mmag,PC",False,,,True,569.6,False,4,4,855.0,4.76,17.9,108.2,2.8,3,1.0,3.5253064169448716,0.28366328532276286,False,False,False,2.8
200723869,7.0286,6382.7,1.76557004451752,4,2602.12,40.58593,1424.5767,2.1,367.0,3.69,12.5,2,3.2,0.7,11.8,4.0,2.0,5,,False,,1,1,"TOI257.01:P=18.39,d=1.29mmag,CP",False,,,False,156.5,False,2,2,442.0,1.41,5.3,5.6,2.8,2,1.0,9.438944428535295,0.22248250489232632,False,False,False,2.8
344927749,7.4829,6387.1,1.37,4,2227.44,22.91531,1533.2458,3.15,260.0,2.41,9.7,2,0.0,1.1,9.7,3.5,2.0,2,,False,,2,2,"TOI6265.01:P=5.794,d=0.144mmag,PC;TOI6265.02:P=4.179,d=0.111mmag,PC",False,,,False,139.5,True,2,2,310.0,1.05,9.7,0.1,2.8,2,1.0,6.587651019700827,0.4781674060419574,True,False,False,2.8
335499997,8.98207,5967.0,1.76279997825623,4,2229.32,19.30289,1560.1383,2.4,940.0,5.9,15.6,2,0.0,-0.9,15.8,3.5,2.0,10,,False,,1,1,"TOI680.01:P=0.4336,d=0.806mmag,APC",False,,,False,299.6,False,2,2,787.0,1.38,12.9,9.3,2.8,2,1.0,7.360112121367034,0.3260819890273947,False,False,False,2.8
256783784,9.4653,5587.0,0.91,4,1872.8,14.79542,1722.3757,3.0,447.0,2.1,9.3,3,7.2,0.5,7.3,4.4,2.0,6,,False,,1,1,"TOI1432.01:P=6.11,d=0.554mmag,CP",False,,,False,373.1,False,3,3,494.0,2.32,8.0,36.4,2.8,2,1.0,4.334559693814613,0.6921118203265211,False,False,False,2.8
308301091,9.82897,6665.4,1.37318003177643,5,1495.86,50.04459,2047.9347,6.3,764.0,4.14,11.8,2,0.9,0.0,11.7,2.9,2.0,2,,False,,1,2,"TOI6076.01:P=720.6,d=1.58mmag,PC",False,,,False,473.1,False,2,2,764.0,1.1,10.2,0.4,2.8,2,1.0,8.560103035524135,0.7359724496136572,False,False,False,2.8
178266267,10.0286,5595.7,0.91,5,784.98,46.16491,2545.9993,3.0,616.0,2.47,7.5,2,3.9,2.0,8.1,3.8,2.0,3,,False,,1,1,"TOI5539.01:P=7.112,d=0.54mmag,PC",False,,,False,493.1,False,2,2,820.0,1.61,7.8,29.1,2.8,2,1.0,6.333929424822583,0.47363963170209017,False,False,False,2.8
345143460,10.1128,5053.0,0.88,5,782.44,34.5378,2858.3608,0.5,1627.0,3.87,8.7,3,11.0,-0.4,15.3,2.8,2.0,7,,False,,2,2,"TOI1533.01:P=3.646,d=1.27mmag,CP;TOI1533.02:P=8.064,d=2.5mmag,PC",False,,,False,658.3,False,3,3,973.0,5.04,3.7,11.4,2.8,2,1.0,5.622916472934071,0.08892182596109187,False,False,False,2.8
186812530,9.19813,7887.0,1.68,7,1793.73,23.53099,1511.7551,1.58,292.0,3.13,7.3,6,5.1,-0.9,8.2,3.2,2.0,11,,False,,1,1,"TOI503.01:P=3.677,d=4.3mmag,CP",True,,,False,305.6,False,6,6,137.0,7.15,6.5,12.3,2.8,2,1.0,7.61426314269914,0.20750530555474264,False,False,False,2.8
350575997,9.7688,8127.0,1.75,7,1815.4,78.11104,2382.8142,1.5,1016.0,6.09,9.2,2,0.0,0.3,9.1,4.5,2.0,9,,False,,1,1,"TOI4386.01:P=2.013,d=0.906mmag,PC",False,,,False,666.0,False,2,2,1310.0,1.32,10.0,5.6,2.8,2,1.0,11.671798997761753,0.12851489305870056,False,False,False,2.8
295593712,10.0819,5343.0,0.82,7,2520.19,21.89165,1664.3205,0.5,1802.0,3.8,16.2,6,7.1,0.0,22.2,3.2,2.0,1,,False,,2,2,"TOI4418.01:P=7.625,d=0.903mmag,PC;TOI4418.02:P=25.71,d=1.55mmag,PC",False,,,False,605.5,False,5,6,528.0,12.62,8.1,42.3,2.8,2,0.8333333333333334,4.607977618281413,0.10850747148083578,False,False,False,2.8
257241363,8.2558,5378.0,0.94,8,1442.86,96.1568,1913.1828,3.15,351.0,1.92,8.6,2,0.4,0.3,8.1,4.1,2.0,13,,False,,1,1,"TOI1718.01:P=5.587,d=2.07mmag,PC",False,,,False,201.0,False,2,2,395.0,1.01,7.9,0.0,2.8,2,1.0,8.265837511989405,0.38108661045308456,False,False,False,2.8
134200185,9.4022,4590.0,0.751824975013733,9,2249.38,69.75395,1499.1049,2.1,960.0,2.54,9.9,2,1.8,-1.2,9.8,4.5,2.0,9,,False,,1,1,"TOI500.01:P=0.5482,d=0.246mmag,CP",False,,,False,337.0,False,2,2,928.0,1.41,10.5,10.6,2.8,2,1.0,6.3994462387430495,0.3281533935368246,False,False,False,2.8
428679607,9.52906,5550.0,1.07,11,1846.53,41.77082,1855.9877,2.1,3648.0,7.05,50.6,2,43.9,0.3,67.1,4.2,2.0,16,,False,,1,1,"TOI1669.01:P=2.68,d=0.495mmag,CP",False,,,False,395.2,False,2,2,3392.0,1.91,30.8,1283.8,2.8,2,1.0,6.824777221868776,0.3077023515538245,False,False,False,2.8
201248411,9.9005,4486.0,0.764401018619537,11,2907.28,39.86883,1327.5936,4.2,1299.0,3.01,28.5,5,18.3,1.7,47.8,4.0,2.0,15,,False,,1,1,"TOI129.01:P=0.981,d=6.73mmag,CP",True,,,False,563.5,False,4,5,360.0,11.36,15.8,199.5,2.8,3,0.8,5.369909449183565,0.7821360936800459,False,False,False,2.8
229938290,9.2742,5406.0,0.984511,40,1979.25,111.99096,1772.5502,4.8,740.0,2.92,27.3,5,9.8,8.9,42.6,6.3,2.0,5,,False,,1,1,"TOI1783.01:P=1.42,d=0.505mmag,PC",False,,,False,462.9,False,3,5,35.0,74.22,13.3,216.7,2.8,2,0.6,8.96911650018992,0.5351697683822437,False,False,False,2.8
422618449,9.3742,5013.7,0.77,3,1380.29,13.69414,2453.7751,1.8,610.0,2.07,9.5,3,6.8,0.4,11.4,3.8,2.0,4,"00422618449-01(2:3,ntoi=1);00422618449-01(2:3,ntoi=1)",True,6836.01(2:3),1,1,"TOI6836.01:P=9.1,d=1.18mmag,KP",False,6836.01,"HIP 116454 b(P=9.1,Transit,2:3)",True,349.3,True,2,3,678.0,1.84,12.4,37.6,2.7,2,0.6666666666666666,3.7790302236993063,0.4763126763876404,True,False,False,2.7
407966340,6.4386,6337.87,1.42717003822327,6,1821.1,40.18481,1444.979,4.2,69.0,1.3,8.5,4,5.8,-0.8,9.7,4.0,2.0,13,,False,,2,2,"TOI554.01:P=7.049,d=0.326mmag,CP;TOI554.02:P=3.044,d=0.0898mmag,CP",False,,,False,100.4,False,4,4,67.0,2.66,5.5,10.1,2.7,3,1.0,8.163556700612851,0.5144816351535476,False,False,False,2.7
123702439,10.1374,5997.0,0.97,6,1522.31,50.82584,1504.0082,1.12,1312.0,3.83,9.4,2,0.0,0.5,10.2,4.4,2.0,8,"00123702439-01(1:3,ntoi=1);00123702439-01(1:3,ntoi=1);00123702439-01(1:3,ntoi=1);00123702439-01(1:3,ntoi=1)",True,499.01(1:6),1,1,"TOI499.01:P=8.533,d=1.91mmag,APC",False,499.01,,False,494.3,True,2,2,1291.0,1.49,8.7,15.5,2.7,2,1.0,6.824711624995154,0.164109498179829,True,False,False,2.7
116483514,9.1043,4184.0,0.69,7,1713.46,20.83794,1746.5217,0.62,685.0,1.97,8.1,4,4.5,-0.3,11.6,3.2,2.0,10,,False,,1,1,"TOI1411.01:P=1.452,d=0.427mmag,CP",False,,,False,317.4,False,3,4,283.0,6.2,6.8,19.9,2.7,2,0.75,4.0401046582466575,0.1534613710400934,False,False,False,2.7
259511357,8.4332,6025.0,1.3301199674606323,8,2659.71,104.05977,1437.0931,0.5,641.0,3.67,7.6,2,0.0,0.6,6.7,4.3,2.0,10,,False,,1,1,"TOI271.01:P=2.476,d=0.512mmag,APC",False,,,False,216.1,False,2,2,574.0,1.0,4.5,0.0,2.7,2,1.0,10.696206774605878,0.04674554358719598,False,False,False,2.7
317597583,8.9943,5504.0,0.83,11,1897.93,49.6511,1770.3433,6.0,219.0,1.34,7.7,3,6.8,0.3,8.2,4.0,2.0,17,,False,,1,1,"TOI1630.01:P=12.06,d=0.877mmag,CP",False,,,False,314.3,False,3,3,136.0,4.95,8.5,36.0,2.7,2,1.0,6.103373960259344,0.9830628172331501,False,False,False,2.7
277683130,9.5739,5722.0,1.11,11,2907.31,24.52632,1349.2238,1.05,505.0,2.72,8.9,7,3.7,-0.8,13.3,3.4,2.0,13,,False,,1,1,"TOI138.01:P=6.198,d=4.24mmag,APC",True,,,False,401.1,True,6,7,211.0,11.77,5.4,16.7,2.7,2,0.8571428571428571,5.85644959777488,0.17928951363278883,True,False,False,2.7
277103955,9.2927,4779.8,0.78,26,2607.82,80.54027,1404.2794,1.58,424.0,1.75,8.0,4,5.0,-1.4,11.4,3.5,2.0,9,,False,,1,1,"TOI284.01:P=1.309,d=0.227mmag,FP",True,,,False,343.4,False,4,4,216.0,5.68,9.1,29.0,2.7,1,1.0,6.880326633321521,0.2296402604417118,False,False,False,2.7
300812741,10.0534,4465.0,0.6975470185279846,29,2009.38,82.1477,2115.7651,1.12,1174.0,2.61,17.9,7,18.1,0.0,33.6,4.1,2.0,12,,False,,2,2,"TOI2322.01:P=20.23,d=0.653mmag,CP;TOI2322.02:P=11.31,d=0.309mmag,CP",False,,"TOI-2322 c(P=20.23,Transit,1:4)",False,501.4,True,5,7,160.0,50.85,10.0,142.6,2.7,3,0.7142857142857143,6.428689072502564,0.17421903398479432,True,False,False,2.7
237232044,9.9377,5236.0,0.75,31,1979.26,104.27209,1713.2726,3.6,393.0,1.62,9.7,6,5.1,1.5,17.0,6.1,2.0,11,,False,,1,1,"TOI1443.01:P=23.54,d=1.04mmag,CP",False,,,False,443.1,False,5,6,99.0,16.79,8.3,35.5,2.7,2,0.8333333333333334,7.305307407657943,0.49279240408503877,False,False,False,2.7
233059608,6.895,6603.0,1.58365,36,1926.77,109.87437,1760.7125,2.25,1522.0,6.74,95.3,5,148.0,-11.2,103.5,4.7,2.0,9,"00233059608-01(3:1,ntoi=3)",True,,1,1,"TOI1250.01:P=1.442,d=0.594mmag,FA",True,,,False,873.2,False,5,5,239.0,27.69,4.9,33.9,2.7,2,1.0,12.235260774927887,0.1838947319055618,False,False,False,2.7
229650439,10.3237,5374.0,0.8179619944095611,38,1979.26,80.94847,1708.0102,4.8,1051.0,2.89,26.1,8,19.9,-0.9,40.0,4.9,2.0,23,,False,,2,2,"TOI1438.01:P=5.14,d=0.836mmag,CP;TOI1438.02:P=9.428,d=0.868mmag,CP",False,,,False,583.4,False,7,8,77.0,95.63,17.8,337.8,2.7,2,0.875,7.113771737389122,0.674747542822014,False,False,False,2.7
264171144,9.13648,6683.0,1.5259200334549,39,1979.26,115.43091,1744.1986,0.6,1814.0,7.09,21.8,4,10.8,0.2,31.9,6.1,2.0,11,,False,,1,1,"TOI2281.01:P=210.7,d=0.372mmag,PC",False,,,False,396.5,False,4,4,375.0,14.15,16.0,185.0,2.7,2,1.0,12.13398676881117,0.049447886455770806,False,False,False,2.7
167303382,7.5209,5235.78,0.7498199939727783,40,2720.36,69.93886,1362.0291,1.2,165.0,1.05,9.6,9,5.1,-0.5,17.7,5.1,2.0,11,,False,,1,1,"TOI802.01:P=3.694,d=0.0786mmag,PC",False,,,False,166.0,False,7,8,69.0,12.21,7.8,23.0,2.7,2,0.875,6.393703435889613,0.18768465131868184,False,False,False,2.7
256364928,6.8481,5023.0,0.77648401260376,3,1112.97,7.00297,2426.5603,3.15,549.0,1.98,60.0,7,2.8,-5.0,75.3,3.6,1.0,5,,False,,1,1,"TOI4470.01:P=2.219,d=28.4mmag,KP",True,,,False,290.3,False,6,7,229.0,6.55,7.4,40.2,2.6,4,0.8571428571428571,3.0389535464615625,1.0365410171102272,False,False,False,2.6
76193403,10.4557,5329.0,0.82,4,1495.86,18.01352,2022.1647,3.0,2700.0,4.65,32.0,5,21.0,1.1,46.9,3.6,2.0,0,,False,,1,1,"TOI5700.01:P=1.781,d=0.586mmag,PC",False,,,False,1095.0,False,4,4,1202.0,5.69,9.0,43.6,2.6,2,1.0,4.318010800658805,0.6947643575931505,False,False,False,2.6
467651916,7.7746,6011.9,1.16,5,1188.45,19.51073,2486.1877,0.5,1041.0,4.08,17.1,2,14.7,0.4,22.6,3.7,2.0,8,,False,,1,1,"TOI4602.01:P=3.981,d=0.504mmag,CP",False,,"TOI-4602.01(P=3.981,Transit,1:5)",False,188.5,True,2,2,1278.0,1.85,16.3,294.2,2.6,2,1.0,5.588193808761074,0.08947434844083407,True,False,False,2.6
154618248,8.5509,6208.0,1.46,5,2906.03,15.48768,1358.3954,3.0,403.0,3.2,17.5,7,14.4,1.3,27.3,3.0,2.0,7,,False,,1,1,"TOI245.01:P=8.771,d=1.2mmag,PC",False,,,False,281.9,False,5,7,158.0,10.74,6.0,34.9,2.6,4,0.7142857142857143,6.031689639609001,0.4973730711042474,False,False,False,2.6
345143460,10.1128,5053.0,0.88,5,782.44,28.75192,2867.3504,0.75,1344.0,3.52,9.2,3,4.0,-0.7,15.3,2.8,2.0,7,,False,,2,2,"TOI1533.01:P=3.646,d=1.27mmag,CP;TOI1533.02:P=8.064,d=2.5mmag,PC",False,,,False,658.3,False,3,3,567.0,4.42,4.2,7.8,2.6,1,1.0,5.289553644356089,0.14178890137549582,False,False,False,2.6
396356111,7.3307,6748.7,1.72,6,782.48,38.5998,2857.5639,0.5,746.0,5.12,21.5,4,12.2,0.9,40.5,4.6,2.0,0,,False,,1,1,"TOI2056.01:P=10.22,d=0.326mmag,APC",False,,,False,140.0,False,4,4,159.0,17.06,5.7,59.4,2.6,3,1.0,9.121976381578042,0.05481268302883977,False,False,False,2.6
64071894,9.6438,5164.0,0.829518973827362,6,2879.65,52.34894,1423.3705,6.3,973.0,2.82,16.6,2,0.0,1.7,17.2,3.0,2.0,3,"00064071894-01(1:3,ntoi=1);00064071894-01(1:3,ntoi=1);00064071894-01(1:3,ntoi=1)",True,458.01(1:3),1,1,"TOI458.01:P=17.53,d=1.23mmag,PC",False,458.01,,False,484.4,True,2,2,899.0,1.29,12.0,3.9,2.6,2,1.0,6.209574008463218,1.014562350237478,True,False,False,2.6
183537452,10.2499,4800.0,0.64,6,2878.44,70.34245,1410.3386,1.2,1293.0,2.51,7.4,2,0.6,1.8,7.1,4.0,2.0,9,,False,,1,1,"TOI192.01:P=3.923,d=12.4mmag,KP",True,,,False,538.8,False,2,2,1174.0,1.1,9.1,0.3,2.6,2,1.0,5.764134510610668,0.20818389955873337,False,False,False,2.6
74534430,9.8445,4253.9,0.617519021034241,7,2229.0,27.78617,1543.9522,0.75,1289.0,2.42,10.8,3,9.6,2.1,14.1,4.3,2.0,4,,False,,1,1,"TOI687.01:P=36.3,d=1.44mmag,PC",False,,,True,495.3,False,3,3,565.0,5.24,8.7,33.2,2.6,2,1.0,4.129696000844161,0.18161143092534915,False,False,False,2.6
52368076,10.1985,5154.0,0.85,7,2607.66,46.85789,1347.4733,2.25,739.0,2.52,7.1,2,1.1,-1.1,7.8,4.5,2.0,26,,False,,4,4,"TOI125.01:P=4.652,d=1.06mmag,CP;TOI125.02:P=9.155,d=1.2mmag,CP;TOI125.03:P=19.98,d=0.987mmag,CP;TOI125.04:P=0,d=0.802mmag,PC",False,,,False,490.1,False,2,2,737.0,1.3,8.0,3.7,2.6,2,1.0,6.082495841365103,0.36991393971837544,False,False,False,2.6
237232044,9.9377,5236.0,0.75,31,1979.26,78.72901,1753.8726,3.0,300.0,1.42,8.2,8,6.1,-0.5,15.4,5.4,2.0,11,,False,,1,1,"TOI1443.01:P=23.54,d=1.04mmag,CP",False,,,False,443.1,False,8,8,105.0,17.62,7.2,29.6,2.6,1,1.0,6.652130079319759,0.45098336385911103,False,False,False,2.6
142019343,9.6256,5364.0,0.89,41,2662.78,89.92549,1383.0608,1.8,1515.0,3.78,32.8,6,24.2,-3.4,48.0,5.2,2.0,18,,False,,1,1,"TOI4413.01:P=4.472,d=0.184mmag,PC",False,,,False,487.3,False,4,6,182.0,24.79,10.4,119.4,2.6,3,0.6666666666666666,7.794038907417349,0.23094572934284366,False,False,False,2.6
300038935,9.0963,8208.0,1.8,43,2720.36,116.38754,1421.3154,0.5,2177.0,9.16,113.2,8,23.8,1.0,116.1,2.2,2.0,13,"00300038935-01(2:3,ntoi=1)",True,1228.01(1:4),1,1,"TOI1228.01:P=29.05,d=0.323mmag,CP",False,1228.01,"HD 56414 b(P=29.05,Transit,1:4)",False,285.9,True,6,7,250.0,1.79,3.8,1.2,2.6,3,0.8571428571428571,13.583930796825882,0.03680819694081727,True,False,False,2.6
184952758,9.0349,5653.0,0.97,2,761.81,11.15937,1523.964,0.75,704.0,2.81,7.3,2,2.6,-0.9,7.2,3.2,1.0,3,,False,,1,1,"TOI719.01:P=4.11,d=0.471mmag,FP",True,,,False,302.3,False,2,2,753.0,1.56,7.1,17.7,2.5,2,1.0,4.117206748576366,0.18216233621479722,False,False,False,2.5
243187830,7.3551,4755.33,0.701498985290527,3,1845.45,21.56109,1766.4656,2.1,1171.0,2.62,49.0,2,37.8,-1.2,48.0,3.1,2.0,2,,False,,1,2,"TOI2009.01:P=1071,d=0.94mmag,PC",False,,,False,239.9,False,2,2,1131.0,1.79,14.4,154.1,2.5,2,1.0,4.1315837719736805,0.5082796612391617,False,False,False,2.5
130181866,6.2683,5694.11,0.902931988239288,6,1442.79,13.69472,1855.3295,1.8,936.0,3.01,96.7,5,91.9,28.0,162.4,4.5,2.0,20,"00130181866-02(3:2,ntoi=2);00130181866-05(3:1,ntoi=6);00130181866-02(3:2,ntoi=2);00130181866-02(3:2,ntoi=2);00130181866-02(3:2,ntoi=2);00130181866-01(3:2,ntoi=2);00130181866-01(3:2,ntoi=2)",True,1726.02(3:2),2,2,"TOI1726.01:P=7.108,d=0.545mmag,CP;TOI1726.02:P=20.54,d=0.868mmag,CP",False,1726.02,"HD 63433 c(P=20.54,Transit,3:2)",True,247.1,True,4,5,1090.0,2.24,25.5,517.7,2.5,3,0.8,4.202386949839795,0.4283280006065649,True,False,False,2.5
281781375,9.2182,5605.0,1.03654003143311,11,2907.31,55.45183,1379.0398,3.15,402.0,2.27,8.8,3,8.4,-0.6,11.9,4.3,2.0,4,,False,,1,1,"TOI204.01:P=43.83,d=0.703mmag,PC",False,,,False,371.6,True,3,3,183.0,5.88,6.4,27.2,2.5,2,1.0,7.343520438653,0.42894957892672453,True,False,False,2.5
26547036,9.26693,5842.0,1.07351994514465,13,1900.81,47.64161,1719.7499,4.2,489.0,2.59,16.6,5,18.8,-0.0,24.5,3.3,2.0,12,"00026547036-01(3:1,ntoi=3)",True,,1,2,"TOI2010.01:P=1135,d=12.8mmag,CP",True,,"TOI-2010 b(P=141.8,Transit,3:1)",False,337.9,True,5,5,88.0,25.48,9.6,96.6,2.5,2,1.0,7.1462331688507605,0.5877222168326525,True,False,False,2.5
278866211,10.2638,6054.0,1.04092,25,2720.32,118.07073,1379.4327,2.1,3354.0,6.58,36.1,3,25.2,0.2,61.9,4.6,2.0,37,,False,,1,1,"TOI189.01:P=2.194,d=6.54mmag,FP",True,,,False,680.8,False,3,3,322.0,29.01,17.3,484.8,2.5,1,1.0,9.474012328031426,0.22165898959056476,False,False,False,2.5
30037565,9.597,5914.0,1.55953001976013,42,2720.37,89.22943,1401.1721,1.8,453.0,3.62,11.3,9,11.4,-0.0,22.3,4.3,2.0,12,,False,,1,1,"TOI1209.01:P=40.72,d=0.386mmag,PC",False,,,False,402.3,False,7,9,78.0,51.62,4.2,20.3,2.5,3,0.7777777777777778,11.299003927456873,0.1593060779124037,False,False,False,2.5
177308364,9.4088,6115.0,0.957772016525269,44,2720.17,116.655,1412.8169,1.2,982.0,3.28,23.4,9,13.4,1.5,47.9,5.2,2.0,23,,False,,1,1,"TOI2327.01:P=82.79,d=1.11mmag,PC",False,,,False,505.5,False,6,9,256.0,18.1,5.5,36.1,2.5,4,0.6666666666666666,8.926560977934567,0.13443026972719527,False,False,False,2.5
101011575,8.5925,4695.0,0.63,4,2198.92,22.11316,1522.5534,4.8,359.0,1.3,19.2,5,17.0,2.6,21.3,2.9,2.0,11,,False,,2,3,"TOI560.01:P=6.398,d=1.8mmag,CP;TOI560.02:P=18.88,d=1.3mmag,CP",False,,,False,341.0,False,4,5,207.0,6.21,5.0,31.3,2.4,3,0.8,3.8783970077425574,1.2376247172266324,False,False,False,2.4
32460142,9.3397,6255.0,1.45475995540619,4,1842.63,13.10623,2374.0102,1.12,607.0,3.91,9.3,5,5.3,0.1,11.7,3.1,2.0,4,"00032460142-01(2:1,ntoi=2)",True,,1,1,"TOI4382.01:P=10.69,d=0.699mmag,PC",False,,,False,405.3,True,5,5,266.0,6.87,5.1,11.8,2.4,1,1.0,5.69152237661727,0.19678390523444925,True,False,False,2.4
356590734,9.8722,5877.5,1.9558299779892,4,760.83,22.96842,2373.5751,0.75,1091.0,7.05,9.4,3,4.5,-0.1,10.9,3.5,2.0,7,,False,,1,1,"TOI1951.01:P=4.829,d=8.96mmag,PC",True,,,False,434.3,False,3,3,302.0,7.44,6.2,24.6,2.4,1,1.0,8.358712735160475,0.08972673469745711,False,False,False,2.4
126733133,10.027,5973.0,1.31,7,2255.81,29.41644,1531.0082,1.5,605.0,3.52,7.9,5,3.3,-1.2,11.6,4.5,2.0,10,,False,,1,1,"TOI570.01:P=1.469,d=1.7mmag,FP",True,,,False,484.9,False,5,5,245.0,7.63,13.6,34.4,2.4,1,1.0,6.948950138199003,0.21585994577142886,False,False,False,2.4
283829553,8.36872,6187.0,1.61,8,1684.69,30.08792,1759.9133,1.58,433.0,3.65,13.4,4,5.8,1.2,17.7,3.1,2.0,5,,False,2301.01(1:5),1,1,"TOI2301.01:P=6.054,d=0.277mmag,PC",False,2301.01,,False,239.6,True,4,4,153.0,8.41,9.4,55.5,2.4,2,1.0,8.033218873575581,0.1966833002891583,True,False,False,2.4
165625229,9.77081,5888.0,0.98,8,1684.68,23.5559,1739.0962,3.0,853.0,3.12,19.6,5,9.2,0.0,23.0,3.3,2.0,1,,False,,1,1,"TOI5705.01:P=10.6,d=1mmag,PC",False,,,False,604.1,False,5,5,112.0,16.51,6.8,35.3,2.4,2,1.0,5.317721374865742,0.564151407815296,False,False,False,2.4
188768068,5.8961,5801.89,1.26,21,1871.15,112.08748,1788.4732,3.6,145.0,1.66,16.7,3,12.2,-0.9,21.0,4.6,2.0,18,,False,,1,1,"TOI1462.01:P=2.178,d=0.119mmag,CP",False,,,False,91.3,False,3,3,106.0,2.6,8.6,18.3,2.4,1,1.0,10.57566517276465,0.3404041203262586,False,False,False,2.4
188768068,5.8961,5801.89,1.26,21,1871.15,78.85823,1813.7388,3.15,146.0,1.66,15.7,3,12.2,-2.1,11.4,4.9,2.0,18,,False,,1,1,"TOI1462.01:P=2.178,d=0.119mmag,CP",False,,,False,91.3,False,3,3,85.0,3.23,6.5,28.6,2.4,2,1.0,9.405986095747638,0.3348931167806092,False,False,False,2.4
261136679,5.1054,5950.0,1.15,24,2581.33,20.7966,1338.1431,0.75,71.0,1.06,18.1,24,14.0,5.1,46.9,2.8,2.0,34,,False,,1,1,"TOI144.01:P=6.268,d=0.349mmag,CP",False,,"pi Men d(P=124.6,Radial Velocity,6:1)",False,80.2,False,18,23,24.0,4.74,3.5,1.4,2.4,2,0.782608695652174,5.675502254122234,0.13214689492110757,False,False,False,2.4
160491359,10.3366,4884.0,0.799715995788574,32,1979.1,75.58094,1747.9704,3.15,498.0,1.95,7.5,4,3.6,3.1,9.1,5.7,2.0,13,,False,,2,3,"TOI2103.01:P=2.662,d=0.24mmag,PC;TOI2103.02:P=20.29,d=0.347mmag,PC",False,,,False,534.3,False,4,4,428.0,3.17,7.3,17.9,2.4,2,1.0,6.849143186044656,0.45991154140538687,False,False,False,2.4
353782445,9.17708,6225.0,1.34,40,1979.26,117.86354,1784.3103,1.05,627.0,3.66,12.9,6,7.3,0.6,18.5,6.1,2.0,12,,False,,1,1,"TOI1664.01:P=11.84,d=0.365mmag,PC",False,,,False,311.3,False,6,6,161.0,9.73,8.5,26.7,2.4,1,1.0,11.20481404091431,0.09370972121143031,False,False,False,2.4
353782445,9.17708,6225.0,1.34,40,1979.26,108.52628,1697.9946,1.8,475.0,3.19,12.7,6,13.9,-1.3,18.6,6.1,2.0,12,,False,,1,1,"TOI1664.01:P=11.84,d=0.365mmag,PC",False,,,False,311.3,False,6,6,112.0,16.49,3.7,10.9,2.4,1,1.0,10.900752149337533,0.16512622022227985,False,False,False,2.4
67395329,8.6781,5450.0,0.86894702911377,1,23.49,10.68658,3246.2406,1.05,493.0,2.1,7.4,2,3.8,-0.2,7.4,3.8,1.0,1,,False,,1,1,"TOI6873.01:P=18.82,d=1.07mmag,PC",False,,,False,275.7,False,2,2,530.0,1.48,7.3,10.4,2.3,2,1.0,3.7712333831114386,0.27842350057203363,False,False,False,2.3
49687222,9.8343,6101.0,1.01859,3,1116.03,18.15551,1367.0925,3.15,494.0,2.47,7.5,3,4.6,1.4,7.8,2.9,2.0,3,,False,,1,1,"TOI254.01:P=20.19,d=1.09mmag,FA",True,,,False,414.9,False,3,3,377.0,2.56,8.5,15.1,2.3,1,1.0,5.002772076882111,0.6296509118526906,False,False,False,2.3
118339710,10.3541,6118.81,1.56228995323181,4,1488.61,13.8653,2241.7555,6.3,1748.0,7.13,20.8,2,7.0,-0.3,20.4,3.4,2.0,4,"00118339710-01(2:1,ntoi=1)",True,,1,2,"TOI6695.01:P=0,d=2.52mmag,PC",False,,,True,582.2,False,2,2,1274.0,1.64,20.3,56.9,2.3,2,1.0,6.0817114487633654,1.0358926188911874,False,False,False,2.3
47425697,10.4913,6219.7,1.33,4,2171.89,18.61206,2092.2242,0.75,3658.0,8.78,18.1,2,0.0,0.3,23.3,3.6,2.0,6,,False,,1,1,"TOI364.01:P=0.4942,d=0.582mmag,PC",False,,,False,617.2,False,2,2,3008.0,1.76,8.8,70.6,2.3,2,1.0,6.026162926421332,0.12445730544583722,False,False,False,2.3
283829553,8.36872,6187.0,1.61,8,1684.69,28.89943,1767.0399,1.5,738.0,4.77,16.2,2,13.1,-0.2,20.8,4.0,2.0,5,,False,,1,1,"TOI2301.01:P=6.054,d=0.277mmag,PC",False,,,False,239.6,False,2,2,747.0,1.79,11.8,115.0,2.3,2,1.0,7.926022552174977,0.1892500292707829,False,False,False,2.3
154867950,8.68013,5329.0,1.99,9,1608.99,45.76548,1884.7171,4.2,601.0,5.32,14.6,2,6.0,1.5,14.2,3.8,2.0,15,,False,,1,1,"TOI1652.01:P=0.6665,d=0.253mmag,FP",True,,,False,256.5,False,2,2,691.0,1.69,17.6,72.6,2.3,2,1.0,10.640360742766097,0.39472345924506286,False,False,False,2.3
167418898,10.2401,5951.0,1.27,29,2607.75,110.00584,1408.0665,2.4,2271.0,6.6,32.9,4,29.4,0.8,44.2,5.8,2.0,9,,False,,2,2,"TOI383.01:P=10.98,d=2.6mmag,FP",True,,,False,590.0,False,4,4,266.0,34.31,10.2,282.1,2.3,2,1.0,10.565320806208746,0.22715827034704256,False,False,False,2.3
177258735,7.5412,6283.39,1.3560899496078491,41,2720.36,110.77954,1393.0191,0.5,250.0,2.34,8.3,7,3.3,0.9,10.6,6.4,2.0,7,,False,,1,1,"TOI801.01:P=0.7757,d=0.0479mmag,PC",False,,,False,155.4,False,5,6,210.0,2.0,5.8,5.1,2.3,3,0.8333333333333334,11.063362552699502,0.04519421628083572,False,False,False,2.3
117938087,9.6254,4779.1,0.61,2,271.63,21.89071,3995.6872,4.8,308.0,1.17,8.0,5,5.6,-0.6,10.3,3.1,2.0,0,,False,,1,1,"TOI2482.01:P=14.93,d=0.641mmag,PC",False,,,False,386.1,False,4,5,148.0,6.41,9.8,27.0,2.2,2,0.8,3.7831027172988896,1.2687998076423281,False,False,False,2.2
49687222,9.8343,6101.0,1.01859,3,1116.03,20.17214,1367.1113,3.15,829.0,3.2,9.0,2,0.0,0.9,7.8,2.9,2.0,3,"00049687222-01(1:1,ntoi=1)",True,254.01(1:1),1,1,"TOI254.01:P=20.19,d=1.09mmag,FA",True,254.01,,False,414.9,True,2,2,816.0,1.18,10.1,0.9,2.2,2,1.0,5.1815364471584076,0.6079277897827936,True,False,False,2.2
349071261,10.3099,6408.3,1.27487003803253,3,784.98,43.53213,2502.7365,3.15,1034.0,4.47,8.5,2,1.3,0.1,7.6,3.4,2.0,5,,False,,1,1,"TOI4601.01:P=2.788,d=8.81mmag,PC",True,,,False,628.9,False,2,2,1090.0,1.38,7.7,4.9,2.2,2,1.0,7.7765841554946515,0.40506216315737087,False,False,False,2.2
80224448,6.3103,6007.0,1.12993001937866,4,785.14,42.86295,2524.4036,4.5,179.0,1.65,13.1,2,2.0,-2.7,12.8,3.5,2.0,2,,False,,2,2,"TOI6965.01:P=5.969,d=0.115mmag,PC;TOI6965.02:P=28.07,d=0.168mmag,PC",False,,"HD 50554 d(P=28.07,Transit,2:3)",False,116.4,True,2,2,184.0,1.33,8.6,3.5,2.2,2,1.0,7.138440508868397,0.6303897881350209,True,False,False,2.2
389070884,7.9771,5963.0,1.4470800161361694,4,2226.43,24.17587,1642.1099,2.1,2019.0,7.09,58.5,2,54.4,-2.6,59.5,2.5,2.0,14,,False,,1,1,"TOI911.01:P=8.584,d=10.1mmag,APC",True,,,False,286.1,False,2,2,1533.0,1.93,2.9,39.0,2.2,2,1.0,6.955537482032601,0.3019177174193477,False,False,False,2.2
254113311,10.1429,4236.0,0.7409605038166045,4,2168.05,5.56643,2041.9395,0.5,2477.0,4.02,25.7,11,9.0,11.1,35.3,3.3,2.0,13,"00254113311-01(3:2,ntoi=2);00254113311-01(3:2,ntoi=3);00254113311-01(3:2,ntoi=2);00254113311-01(3:2,ntoi=2);00254113311-01(3:2,ntoi=2);00254113311-01(3:2,ntoi=2)",True,1130.01(3:2),2,2,"TOI1130.01:P=8.35,d=18.3mmag,CP;TOI1130.02:P=4.069,d=2.88mmag,CP",True,1130.01,"TOI-1130 c(P=8.35,Transit,3:2)",False,654.8,True,6,8,328.0,33.11,14.4,187.0,2.2,1,0.75,2.7285416280724704,0.18324807466955015,True,False,False,2.2
130181866,6.2683,5694.11,0.902931988239288,6,1442.79,18.26149,1855.1842,1.58,730.0,2.66,63.9,4,63.8,1.8,124.3,2.8,2.0,20,,False,,2,2,"TOI1726.01:P=7.108,d=0.545mmag,CP;TOI1726.02:P=20.54,d=0.868mmag,CP",False,,,False,247.1,False,2,4,93.0,26.06,26.8,711.8,2.2,2,0.5,4.625482654291559,0.34158597450021,False,False,False,2.2
192790476,9.3951,4195.0,0.675092995166779,6,2607.67,28.22158,1466.2419,1.8,3007.0,4.04,40.0,2,0.0,-2.5,54.2,4.6,2.0,6,,False,,1,2,"TOI2459.01:P=19.1,d=2.07mmag,CP",False,,"TOI-2459 b(P=19.1,Transit,2:3)",False,478.8,True,2,2,3056.0,1.92,15.8,573.4,2.2,2,1.0,4.405323473923816,0.4085965561109506,True,False,False,2.2
169226822,9.62959,5620.0,1.34736001491547,6,2200.86,13.6418,1557.0554,1.8,1058.0,4.78,14.8,4,4.2,1.9,15.3,2.9,2.0,11,,False,,1,1,"TOI675.01:P=4.178,d=12.5mmag,KP",True,,,True,525.2,False,2,2,437.0,1.27,3.6,1.0,2.2,2,1.0,5.480513980444054,0.32843634856564247,False,False,False,2.2
393414358,10.439,5570.0,1.79224002361298,6,2577.39,33.08433,1491.1132,0.9,1149.0,6.63,7.9,3,6.6,0.2,10.2,4.0,2.0,9,,False,,1,1,"TOI483.01:P=4.378,d=7.71mmag,KP",True,,,False,570.5,False,3,3,620.0,4.38,7.0,24.2,2.2,2,1.0,8.905941876480856,0.10105612774958184,False,False,False,2.2
295593712,10.0819,5343.0,0.82,7,2520.19,23.90796,1677.87,0.62,1691.0,3.68,14.7,5,12.2,0.8,26.0,4.2,2.0,1,,False,,2,2,"TOI4418.01:P=7.625,d=0.903mmag,PC;TOI4418.02:P=25.71,d=1.55mmag,PC",False,,,False,605.5,False,5,5,474.0,12.19,8.5,61.6,2.2,1,1.0,4.745314880470614,0.13065518635056558,False,False,False,2.2
154867950,8.68013,5329.0,1.99,9,1608.99,55.07659,1883.1421,4.2,241.0,3.37,9.8,5,5.8,-0.3,14.4,4.0,2.0,15,,False,,1,1,"TOI1652.01:P=0.6665,d=0.253mmag,FP",True,,,False,256.5,False,5,5,89.0,12.55,10.4,56.6,2.2,2,1.0,11.317904528884188,0.37109342893653746,False,False,False,2.2
313671132,10.0778,5878.0,1.22,2,51.26,23.62481,4082.6631,4.2,1538.0,5.22,14.9,2,10.2,1.0,15.2,3.1,1.0,0,,False,,1,1,"TOI6559.01:P=733.4,d=3.26mmag,PC",True,,,False,766.4,False,2,2,1491.0,1.79,12.8,114.4,2.1,2,1.0,6.159861620145327,0.6818334987046204,False,False,False,2.1
404421005,9.66562,5673.0,0.9753829836845398,3,2227.55,20.1036,1577.7812,1.8,582.0,2.57,7.2,2,0.0,-0.4,6.5,2.7,2.0,4,"00404421005-01(1:2,ntoi=1)",True,,1,1,"TOI4628.01:P=6.327,d=0.566mmag,KP",False,,,False,408.3,False,2,2,446.0,1.42,6.1,5.5,2.1,2,1.0,5.028244130812123,0.35797784538144095,False,False,False,2.1
326386495,9.8496,4926.2,0.69,3,1106.71,22.75448,3115.359,0.75,2419.0,3.7,15.0,2,11.0,-0.3,15.3,2.7,2.0,0,,False,,1,1,"TOI4424.01:P=17.74,d=0.956mmag,PC",False,,,False,569.6,False,2,2,2747.0,1.75,11.0,75.9,2.1,2,1.0,4.160351193799135,0.18027324258534952,False,False,False,2.1
32460142,9.3397,6255.0,1.45475995540619,4,1842.63,22.77678,2369.4337,1.2,814.0,4.53,10.3,3,9.5,-3.0,11.7,3.1,2.0,4,,False,,1,1,"TOI4382.01:P=10.69,d=0.699mmag,PC",False,,,False,405.3,False,3,3,204.0,8.02,4.4,16.4,2.1,1,1.0,6.842791306413177,0.17536703170756357,False,False,False,2.1
85242435,9.52682,6137.0,1.09,4,1496.85,15.20787,1856.2661,4.5,655.0,3.04,13.5,2,9.5,-0.8,15.4,2.9,2.0,6,,False,,1,1,"TOI1722.01:P=9.605,d=1.56mmag,PC",False,,,False,389.7,False,2,2,689.0,1.79,9.7,91.3,2.1,2,1.0,4.933806238652641,0.9120747314205212,False,False,False,2.1
356590734,9.8722,5877.5,1.9558299779892,4,760.83,25.35443,2373.5751,0.75,1471.0,8.18,10.1,2,7.8,0.0,12.7,4.6,2.0,7,,False,,1,1,"TOI1951.01:P=4.829,d=8.96mmag,PC",True,,,False,434.3,False,2,2,1300.0,1.73,6.8,40.0,2.1,2,1.0,8.638671844333677,0.08681890150647914,False,False,False,2.1
356590734,9.8722,5877.5,1.9558299779892,4,760.83,27.74912,2373.5751,0.75,1249.0,7.54,9.8,3,4.3,-0.7,11.1,3.7,2.0,7,,False,,1,1,"TOI1951.01:P=4.829,d=8.96mmag,PC",True,,,True,434.3,False,3,3,433.0,5.19,6.4,23.4,2.1,2,1.0,8.902502371282225,0.08424597587520527,False,False,False,2.1
97735908,8.22398,6327.0,1.88,5,811.21,41.89421,2499.1885,3.15,447.0,4.34,11.1,2,1.4,1.1,11.0,3.9,2.0,7,,False,,1,1,"TOI4612.01:P=4.114,d=6.25mmag,KP",True,,,False,214.4,False,2,2,427.0,1.24,9.6,1.5,2.1,2,1.0,9.947139195903517,0.3166739640375445,False,False,False,2.1
77175217,7.7679,4709.0,0.739835023880005,7,2879.66,42.04676,1417.3497,3.0,836.0,2.33,32.1,2,0.0,-1.1,38.0,3.4,2.0,1,,False,,1,1,"TOI4328.01:P=703.8,d=0.654mmag,PC",False,,,False,258.0,False,2,2,943.0,1.9,9.1,248.0,2.1,2,1.0,5.348217540566648,0.5609345501084736,False,False,False,2.1
193023697,8.5953,5039.0,0.74,7,2555.15,33.58721,1575.0131,3.15,346.0,1.5,9.8,2,0.0,2.0,10.5,3.5,2.0,2,,False,,1,1,"TOI6266.01:P=2.79,d=0.284mmag,PC",False,,,False,241.6,False,2,2,378.0,1.72,8.2,45.2,2.1,2,1.0,4.963112090520313,0.6346824215428442,False,False,False,2.1
428679607,9.52906,5550.0,1.07,11,1846.53,10.44883,1823.9909,0.75,604.0,2.87,14.4,18,17.6,1.1,5.9,3.7,2.0,16,,False,,1,1,"TOI1669.01:P=2.68,d=0.495mmag,CP",False,,,False,395.2,False,12,18,121.0,42.86,4.0,3.5,2.1,2,0.6666666666666666,4.300180646582916,0.1744112774880697,False,False,False,2.1
243187830,7.3551,4755.33,0.701498985290527,3,1845.45,21.1169,1766.9156,2.1,1083.0,2.52,45.5,2,40.1,1.1,45.6,2.9,2.0,2,,False,,1,2,"TOI2009.01:P=1071,d=0.94mmag,PC",False,,,False,239.9,False,2,2,1129.0,1.82,14.0,160.6,2.0,2,1.0,4.103014450945658,0.5118188164109426,False,False,False,2.0
120183168,10.1293,6111.0,1.09,3,220.1,28.15672,3322.0965,1.58,1060.0,3.87,8.9,2,0.0,2.8,10.7,4.2,2.0,1,,False,,2,2,"TOI4499.01:P=3.49,d=0.397mmag,PC;TOI4499.02:P=5.539,d=0.477mmag,PC",False,,"TOI-4499 b(P=5.539,Transit,1:5)",False,515.1,True,2,2,1085.0,1.7,9.5,43.5,2.0,1,1.0,6.0583354053725085,0.2607977099780349,True,False,False,2.0
427041513,10.4008,4986.0,0.83,3,219.25,48.31313,3350.5279,0.62,8181.0,8.19,33.9,2,0.0,0.0,44.1,4.1,2.0,2,,False,,1,1,"TOI5814.01:P=6.254,d=1.28mmag,PC",False,,,False,936.3,False,2,2,6719.0,1.87,6.2,105.8,2.0,2,1.0,6.048050569423602,0.1025123703717788,False,False,False,2.0
33692729,8.7615,6114.0,1.00528001785278,4,2822.29,19.96599,1478.1354,1.58,446.0,2.32,8.4,2,3.5,1.5,9.0,3.5,2.0,6,,False,,1,1,"TOI469.01:P=13.63,d=1.28mmag,CP",False,,,False,265.6,False,2,2,447.0,1.54,8.2,13.3,2.0,1,1.0,5.118742433897859,0.308669564918282,False,False,False,2.0
9033144,9.74346,5756.9,1.2,4,2578.78,18.6187,1363.6634,2.25,717.0,3.51,9.4,2,0.0,-1.1,10.3,3.6,2.0,6,,False,,1,1,"TOI367.01:P=4.715,d=4.97mmag,FP",True,,,False,427.6,True,2,2,687.0,1.59,6.5,15.8,2.0,2,1.0,5.6274577466109434,0.3998253032383994,True,False,False,2.0
425561347,9.977,4882.7,0.729817986488342,4,1844.71,21.65468,2047.5069,1.58,3994.0,5.03,36.1,2,0.0,4.5,49.4,3.4,1.0,8,,False,,1,1,"TOI2215.01:P=5.777,d=1.6mmag,PC",False,,,False,635.9,False,2,2,4328.0,1.92,14.2,481.6,2.0,1,1.0,4.248170372460856,0.3719248197394557,False,False,False,2.0
467651916,7.7746,6011.9,1.16,5,1188.45,14.11822,2484.9638,3.6,447.0,2.68,16.6,3,24.4,1.1,26.7,4.7,2.0,8,,False,,1,1,"TOI4602.01:P=3.981,d=0.504mmag,CP",False,,,False,188.5,False,3,3,218.0,7.58,12.9,209.0,2.0,1,1.0,5.016955727024988,0.7175666272292918,False,False,False,2.0
99989903,7.2861,6439.2,1.40734994411469,6,1683.82,51.60757,1694.7864,3.15,331.0,2.8,11.6,2,0.0,2.6,11.0,3.6,2.0,2,,False,,1,2,"TOI6673.01:P=19.75,d=0.3mmag,PC",False,,,False,141.8,False,2,2,308.0,1.35,11.4,4.2,2.0,2,1.0,8.791186583756552,0.3583134051346658,False,False,False,2.0
169226822,9.62959,5620.0,1.34736001491547,6,2200.86,23.16092,1548.4445,1.58,1300.0,5.3,14.9,3,11.7,-0.2,15.3,2.9,2.0,11,,False,,1,1,"TOI675.01:P=4.178,d=12.5mmag,KP",True,,,False,525.2,False,2,2,620.0,1.51,2.9,2.6,2.0,1,1.0,6.538066487425945,0.24166165991714328,False,False,False,2.0
143842198,9.7367,5113.3,0.758633017539978,6,2255.05,25.36913,1517.1115,3.15,1769.0,3.48,27.9,4,24.2,-1.0,40.7,4.1,2.0,2,,False,,1,3,"TOI6710.01:P=2.067,d=0.428mmag,PC",False,,,False,644.5,False,4,4,599.0,7.29,10.4,126.8,2.0,2,1.0,4.595484569797814,0.6854554622383574,False,False,False,2.0
376637093,10.377,6485.0,1.24,6,782.48,54.37662,2894.1372,1.58,993.0,4.26,7.5,2,4.5,0.5,8.6,3.2,2.0,9,,False,,1,1,"TOI1516.01:P=2.056,d=19.1mmag,CP",True,,,False,564.9,False,2,2,980.0,1.61,8.1,22.0,2.0,2,1.0,8.221672130878023,0.19217501924772887,False,False,False,2.0
417931607,8.9989,5781.0,1.03,7,1683.92,14.46583,1695.9845,6.0,312.0,1.98,7.5,2,0.7,-0.6,7.4,4.0,1.0,10,,False,,1,1,"TOI1451.01:P=16.54,d=0.66mmag,CP",False,,,False,288.8,False,2,2,314.0,1.24,5.8,1.2,2.0,2,1.0,4.672481202084288,1.2841143153927588,False,False,False,2.0
281781375,9.2182,5605.0,1.03654003143311,11,2907.31,57.07513,1353.3335,3.15,520.0,2.58,9.4,2,7.3,-1.3,11.9,4.3,2.0,4,,False,,1,1,"TOI204.01:P=43.83,d=0.703mmag,PC",False,,,False,371.6,False,2,2,609.0,1.73,7.2,42.2,2.0,2,1.0,7.414490561785679,0.42484375342455966,False,False,False,2.0
261136679,5.1054,5950.0,1.15,24,2581.33,22.27713,1332.2213,0.75,87.0,1.17,21.6,23,12.5,0.9,47.5,2.9,2.0,34,,False,,1,1,"TOI144.01:P=6.268,d=0.349mmag,CP",False,,,False,80.2,False,13,21,6.0,42.25,2.4,2.2,2.0,3,0.6190476190476191,5.8071084135300275,0.12915205754598436,False,False,False,2.0
298600443,10.2521,5961.0,1.02,25,1979.26,100.22266,1776.376,4.2,980.0,3.48,13.3,3,10.6,2.3,16.2,4.3,2.0,10,,False,,1,1,"TOI5391.01:P=13.64,d=0.449mmag,APC",False,,,False,588.5,False,3,3,211.0,8.52,9.8,48.8,2.0,1,1.0,8.84973739166266,0.47459035382867076,False,False,False,2.0
298663873,8.56854,5739.0,1.62761998176575,40,1979.26,80.76372,1738.3821,2.1,413.0,3.61,18.0,7,10.6,0.8,24.2,4.6,2.0,7,,False,,1,2,"TOI2180.01:P=260.2,d=5.17mmag,CP",True,,,False,239.3,False,5,7,71.0,36.82,7.0,87.4,2.0,2,0.7142857142857143,11.245594190016792,0.18673979911744124,False,False,False,2.0
309792357,10.0391,5350.0,0.88,42,2720.37,109.83581,1410.5639,0.75,709.0,2.56,8.2,6,3.2,1.7,12.1,6.5,2.0,21,,False,,1,1,"TOI199.01:P=104.9,d=12.9mmag,CP",True,,"TOI-199 c(P=273.7,Transit Timing Variations,5:2)",False,461.5,False,6,6,268.0,9.12,5.3,13.5,2.0,1,1.0,8.268842652572296,0.09070193151718611,False,False,False,2.0
328350926,8.300901,5624.7,1.44028997421265,2,758.75,16.05623,1426.8836,2.1,1880.0,6.81,39.5,2,16.9,0.1,42.7,3.6,2.0,3,,False,,1,1,"TOI392.01:P=0.8491,d=5.34mmag,APC",True,,,False,379.0,False,2,2,1390.0,1.74,12.4,68.9,1.9,1,1.0,6.049545942965935,0.3471334906451549,False,False,False,1.9
307610438,8.8098,5808.0,1.14478003978729,4,2575.91,25.40296,1610.0188,4.2,3905.0,7.81,83.9,2,17.4,7.5,72.9,3.1,2.0,9,,False,,1,1,"TOI831.01:P=1.562,d=4.84mmag,APC",True,,,False,586.9,False,2,2,2606.0,1.75,24.9,106.2,1.9,1,1.0,6.048547577935196,0.6943815760532981,False,False,False,1.9
396356111,7.3307,6748.7,1.72,6,782.48,32.03286,2860.7775,0.5,785.0,5.26,21.7,4,16.6,3.3,30.0,3.0,2.0,0,,False,,1,1,"TOI2056.01:P=10.22,d=0.326mmag,APC",False,,,False,140.0,False,3,4,169.0,16.97,5.7,71.2,1.9,1,0.75,8.572203988380059,0.05832805666754648,False,False,False,1.9
77175217,7.7679,4709.0,0.739835023880005,7,2879.66,44.1445,1419.7122,3.6,514.0,1.83,28.1,3,15.9,0.3,37.1,3.3,2.0,1,,False,,1,1,"TOI4328.01:P=703.8,d=0.654mmag,PC",False,,,False,258.0,False,3,3,133.0,13.01,9.0,157.2,1.9,2,1.0,5.435720105775182,0.6622857560629694,False,False,False,1.9
445859771,10.418,5736.0,1.07,7,1711.97,52.99043,1728.4727,1.58,1714.0,4.83,12.9,2,0.0,-0.1,16.8,4.5,2.0,10,,False,,1,1,"TOI1273.01:P=4.631,d=5.29mmag,CP",True,,,False,637.5,False,2,2,1540.0,1.81,7.6,72.8,1.9,1,1.0,7.388052286859297,0.21385880048659847,False,False,False,1.9
383390264,8.7581,6153.0,1.14582002162933,8,2252.48,70.96329,1656.9881,3.6,2029.0,5.63,43.2,2,16.1,-13.7,49.1,3.1,2.0,5,,False,,1,1,"TOI1098.01:P=10.18,d=0.725mmag,CP",False,,,False,460.4,False,2,2,1706.0,1.78,16.7,109.9,1.9,1,1.0,8.52374559788289,0.42234953620555743,False,False,False,1.9
202426247,7.7885,5668.0,0.93,13,1739.98,74.57753,1711.5236,3.0,2031.0,4.57,72.6,3,37.1,-3.7,85.5,3.5,2.0,9,,False,,1,1,"TOI1860.01:P=1.066,d=0.164mmag,CP",False,,,False,372.2,False,2,3,948.0,2.9,14.8,159.1,1.9,2,0.6666666666666666,7.540490403114583,0.3978521077038778,False,False,False,1.9
278866211,10.2638,6054.0,1.04092,25,2720.32,110.65595,1380.0139,1.2,6142.0,8.9,41.5,2,40.6,-0.3,61.9,4.6,2.0,37,,False,,1,1,"TOI189.01:P=2.194,d=6.54mmag,FP",True,,,False,680.8,False,2,2,4977.0,1.94,3.9,105.1,1.9,1,1.0,9.271388642010669,0.12943044956205807,False,False,False,1.9
298663873,8.56854,5739.0,1.62761998176575,40,1979.26,104.21661,1766.9383,1.2,537.0,4.12,18.4,8,16.9,-2.1,23.4,4.4,2.0,7,,False,2180.01(5:2),1,2,"TOI2180.01:P=260.2,d=5.17mmag,CP",True,2180.01,"TOI-2180 b(P=260.8,Transit,5:2)",False,239.3,True,6,8,78.0,29.87,3.4,18.0,1.9,3,0.75,12.243040421190624,0.09801486875131145,True,False,False,1.9
199688472,9.84566,5672.9,1.46,42,1979.26,109.54761,1693.4755,0.62,1502.0,6.17,10.7,3,11.2,-0.6,16.2,10.8,2.0,53,,False,,1,1,"TOI1292.01:P=1.441,d=14.1mmag,FP",True,,,False,459.5,False,3,3,346.0,11.56,15.7,113.8,1.9,1,1.0,11.578292056165493,0.053548485129967606,False,False,False,1.9
117938087,9.6254,4779.1,0.61,2,271.63,24.71865,3989.3122,4.8,473.0,1.45,9.7,2,7.4,0.7,12.0,4.0,2.0,0,,False,2482.01(3:5),1,1,"TOI2482.01:P=14.93,d=0.641mmag,PC",False,2482.01,,False,386.1,True,2,2,535.0,1.76,11.5,73.5,1.8,1,1.0,3.9394576260342595,1.2184418403890853,True,False,False,1.8
356453768,10.4879,5986.5,1.56,3,76.66,35.30084,2266.5481,4.2,1012.0,5.42,8.7,2,1.0,2.3,8.8,4.5,1.0,5,,False,,1,1,"TOI2002.01:P=2.333,d=3.04mmag,FP",True,,,False,624.2,False,2,2,1034.0,1.36,9.4,3.5,1.8,1,1.0,8.296336769168747,0.506247530308587,False,False,False,1.8
116483514,9.1043,4184.0,0.69,7,1713.46,39.55963,1772.8915,0.62,1185.0,2.59,10.0,2,6.0,-0.8,11.6,3.2,2.0,10,,False,,1,1,"TOI1411.01:P=1.452,d=0.427mmag,CP",False,,,False,317.4,False,2,2,993.0,1.76,7.1,46.2,1.8,1,1.0,5.002553725810076,0.12393669993011457,False,False,False,1.8
267263253,9.2205,6888.0,1.59,7,2581.55,28.60709,1349.2003,1.5,787.0,4.87,11.8,3,11.6,1.9,16.9,4.7,2.0,12,"00267263253-02(3:2,ntoi=2)",True,,1,1,"TOI135.01:P=4.127,d=11.8mmag,CP",True,,,False,335.6,False,3,3,376.0,4.26,7.9,50.9,1.8,1,1.0,7.8336519340188655,0.1914815736816202,False,False,False,1.8
380783252,9.7825,5509.0,0.94,8,2547.32,65.08822,1659.5934,1.58,3555.0,6.11,32.4,2,0.0,-2.0,41.8,4.8,2.0,12,,False,,1,1,"TOI1059.01:P=9.45,d=27.9mmag,PC",True,,,False,837.1,False,2,2,3123.0,1.84,10.8,129.0,1.8,1,1.0,7.257621716206681,0.21770217046057533,False,False,False,1.8
154867950,8.68013,5329.0,1.99,9,1608.99,28.8872,1885.0046,2.4,456.0,4.63,10.1,2,0.0,1.4,15.6,4.4,2.0,15,,False,,1,1,"TOI1652.01:P=0.6665,d=0.253mmag,FP",True,,,False,256.5,False,2,2,458.0,1.75,3.8,18.3,1.8,1,1.0,9.127366602090511,0.26294550275325956,False,False,False,1.8
424865156,10.0274,6532.23,1.99,10,1875.68,46.58041,1715.7504,4.2,693.0,5.72,7.9,2,1.6,0.5,7.8,4.0,2.0,16,,False,,1,1,"TOI1265.01:P=2.205,d=7.49mmag,KP",True,,,False,490.1,False,2,2,617.0,1.39,7.9,4.0,1.8,1,1.0,10.703145941850327,0.3924079913343606,False,False,False,1.8
288631580,9.56906,5977.0,1.0078399825096152,21,1979.26,73.41313,1695.9595,3.0,1213.0,3.83,31.3,7,23.0,2.2,37.0,4.4,2.0,15,,False,,2,2,"TOI1659.01:P=5.878,d=0.448mmag,CP;TOI1659.02:P=3.399,d=0.186mmag,PC",False,,,False,523.2,False,3,6,85.0,39.76,6.1,80.8,1.8,2,0.5,7.913961441039985,0.37907690381743453,False,False,False,1.8
353782445,9.17708,6225.0,1.34,40,1979.26,80.79596,1737.6884,1.2,532.0,3.37,12.6,7,8.0,0.2,14.9,4.5,2.0,12,,False,,1,1,"TOI1664.01:P=11.84,d=0.365mmag,PC",False,,,False,311.3,False,5,7,119.0,13.38,4.5,16.8,1.8,2,0.7142857142857143,9.879645800137315,0.12146184430856027,False,False,False,1.8
30037565,9.597,5914.0,1.55953001976013,42,2720.37,93.03341,1383.9034,1.8,643.0,4.31,12.8,7,15.0,3.9,24.9,5.0,2.0,12,,False,,1,1,"TOI1209.01:P=40.72,d=0.386mmag,PC",False,,,False,402.3,False,4,7,213.0,18.32,3.2,17.6,1.8,1,0.5714285714285714,11.457339089339246,0.157104541112417,False,False,False,1.8
70887357,8.64807,5463.0,1.94771003723145,3,2822.01,12.53372,1438.7572,2.4,880.0,6.3,26.6,4,6.5,-1.4,34.5,2.6,2.0,3,,False,,1,2,"TOI2008.01:P=723.8,d=3.39mmag,FP",True,,,False,266.0,False,3,4,92.0,27.56,8.3,121.9,1.7,1,0.75,6.811631707213203,0.3523384855729224,False,False,False,1.7
344927749,7.4829,6387.1,1.37,4,2227.44,20.9682,1532.6646,3.15,261.0,2.42,9.5,2,0.0,4.2,9.7,3.4,2.0,2,,False,6265.02(1:5),2,2,"TOI6265.01:P=5.794,d=0.144mmag,PC;TOI6265.02:P=4.179,d=0.111mmag,PC",False,6265.02,,False,139.5,True,2,2,255.0,1.38,9.8,3.9,1.7,1,1.0,6.395517950938217,0.49253243039336597,True,False,False,1.7
261746870,9.0387,5413.0,0.905553,5,1064.11,32.26525,1339.0197,3.15,906.0,2.97,20.1,2,17.1,3.8,20.6,3.1,2.0,0,,False,,1,1,"TOI7710.01:P=3.846,d=0.224mmag,PC",False,,,False,391.7,False,2,2,913.0,1.85,12.0,149.5,1.7,1,1.0,5.6026808998946285,0.5622308420347915,False,False,False,1.7
92352620,9.6433,6153.0,1.71,5,2907.31,18.26758,1338.627,1.8,1493.0,7.21,12.7,2,3.8,-2.1,12.8,4.0,2.0,11,,False,,1,2,"TOI107.01:P=3.95,d=15.2mmag,KP",True,,,False,574.6,False,2,2,1212.0,1.46,6.6,5.5,1.7,1,1.0,7.081077923622089,0.2541985866297698,False,False,False,1.7
116483514,9.1043,4184.0,0.69,7,1713.46,26.93637,1764.3394,0.62,1248.0,2.66,10.2,2,0.0,-0.7,11.6,3.2,2.0,10,,False,,1,1,"TOI1411.01:P=1.452,d=0.427mmag,CP",False,,,True,317.4,False,2,2,1065.0,1.65,8.6,22.9,1.7,1,1.0,4.401027113680451,0.14087620548229526,False,False,False,1.7
188768068,5.8961,5801.89,1.26,21,1871.15,96.86899,1823.0294,4.5,104.0,1.4,16.0,5,13.8,0.5,21.3,4.7,2.0,18,,False,,1,1,"TOI1462.01:P=2.178,d=0.119mmag,CP",False,,,False,91.3,False,3,5,7.0,36.1,7.9,22.7,1.7,2,0.6,10.073574004997266,0.4467133509683509,False,False,False,1.7
167418898,10.2401,5951.0,1.27,29,2607.75,106.86938,1411.1977,2.1,3329.0,7.99,38.4,3,25.2,-0.5,38.9,4.9,2.0,9,,False,,2,2,"TOI383.01:P=10.98,d=2.6mmag,FP",True,,,False,590.0,False,2,3,466.0,20.19,8.2,259.8,1.7,2,0.6666666666666666,10.463939129200764,0.2006892408366292,False,False,False,1.7
237232044,9.9377,5236.0,0.75,31,1979.26,100.52149,1777.0476,3.0,389.0,1.61,8.8,7,8.8,-0.2,5.8,4.0,2.0,11,,False,,1,1,"TOI1443.01:P=23.54,d=1.04mmag,CP",False,,,False,443.1,False,6,7,165.0,11.33,7.2,35.2,1.7,2,0.8571428571428571,7.216646661672951,0.4157055403491994,False,False,False,1.7
264171144,9.13648,6683.0,1.5259200334549,39,1979.26,112.19132,1748.7163,0.5,1943.0,7.34,24.0,5,10.7,0.2,27.8,5.1,2.0,11,"00264171144-02(3:1,ntoi=2)",True,,1,1,"TOI2281.01:P=210.7,d=0.372mmag,PC",False,,,False,396.5,False,5,5,284.0,27.53,8.2,106.5,1.7,1,1.0,12.019393762748612,0.04159943586752576,False,False,False,1.7
117938087,9.6254,4779.1,0.61,2,271.63,17.91403,4003.6122,4.8,634.0,1.68,10.9,2,5.5,-0.4,10.7,3.2,2.0,0,,False,2482.01(5:6),1,1,"TOI2482.01:P=14.93,d=0.641mmag,PC",False,2482.01,,False,386.1,True,2,2,561.0,1.71,12.7,40.9,1.6,1,1.0,3.538554995879273,1.356485911788769,True,False,False,1.6
117938087,9.6254,4779.1,0.61,2,271.63,22.35282,3990.5997,4.2,408.0,1.34,8.9,3,5.2,1.9,10.0,2.9,2.0,0,,False,2482.01(2:3),1,1,"TOI2482.01:P=14.93,d=0.641mmag,PC",False,2482.01,,False,386.1,True,2,3,205.0,5.17,11.1,66.3,1.6,2,0.6666666666666666,3.8095378332945633,1.1024959414480358,True,False,False,1.6
64837857,10.0252,6500.6,1.37,4,756.77,28.17726,2878.0399,4.8,913.0,4.52,10.3,2,1.1,-0.7,10.0,3.3,2.0,16,,False,,4,8,"TOI6650.01:P=20.33,d=11.5mmag,PC;TOI6650.02:P=30.51,d=1.93mmag,PC;TOI6650.03:P=8.997,d=1.07mmag,FP;TOI6650.04:P=0,d=1.56mmag,PC",True,,,False,517.2,False,2,2,833.0,1.3,10.8,1.8,1.6,1,1.0,7.057565626798871,0.6801211995498164,False,False,False,1.6
283722336,4.6278,4884.29,0.7502990067005157,5,1845.45,27.29873,1775.5822,4.2,62.0,0.65,16.3,3,8.5,1.1,15.0,4.0,2.0,18,"00283722336-02(1:2,ntoi=2)",True,1469.02(1:4),2,2,"TOI1469.01:P=3.093,d=0.276mmag,KP;TOI1469.02:P=6.765,d=0.292mmag,KP",False,1469.02,"HD 219134 f(P=22.72,Radial Velocity,5:6);HD 219134 c(P=6.765,Radial Velocity,1:4)",True,59.1,True,3,3,75.0,1.75,6.4,36.6,1.6,2,1.0,4.674609701667281,0.898470731899178,True,False,False,1.6
405454160,10.4397,5383.0,0.983025014400482,5,2555.35,23.65808,1528.192,1.2,846.0,3.12,7.2,3,3.2,0.2,7.3,3.4,2.0,4,,False,,1,1,"TOI563.01:P=731.9,d=3.58mmag,PC",True,,,False,555.7,False,3,3,364.0,4.38,6.6,14.9,1.6,1,1.0,5.336352447435731,0.22487270318448213,False,False,False,1.6
26547036,9.26693,5842.0,1.07351994514465,13,1900.81,57.91551,1734.7499,3.0,906.0,3.53,20.0,3,8.7,-0.2,34.2,5.3,2.0,12,,False,,1,2,"TOI2010.01:P=1135,d=12.8mmag,CP",True,,,False,337.9,False,2,3,278.0,10.05,9.9,189.1,1.6,2,0.6666666666666666,7.626875682985654,0.3933458633254666,False,False,False,1.6
365673804,8.3412,6439.0,1.26,14,1924.47,39.44441,1738.3231,1.8,577.0,3.3,22.0,5,24.4,-0.7,44.9,4.2,2.0,12,,False,,1,1,"TOI1735.01:P=10.39,d=0.413mmag,PC",False,,,False,216.4,False,5,5,57.0,49.75,12.6,250.6,1.6,1,1.0,7.466501308787422,0.2410767674923671,False,False,False,1.6
261136679,5.1054,5950.0,1.15,24,2581.33,24.32646,1348.3515,0.75,100.0,1.26,22.7,19,16.8,0.6,59.6,4.2,2.0,34,,False,,1,1,"TOI144.01:P=6.268,d=0.349mmag,CP",False,,,False,80.2,False,10,18,9.0,27.27,1.8,2.2,1.6,4,0.5555555555555556,5.9799812991176475,0.12541845241400057,False,False,False,1.6
198187049,7.9726,5268.0,0.823126018047333,39,1979.26,114.1775,1774.0307,0.6,3401.0,5.24,104.1,5,80.6,12.9,115.6,3.8,2.0,23,,False,,1,1,"TOI2069.01:P=5.921,d=0.152mmag,PC",False,,,False,335.4,False,4,5,140.0,38.42,1.7,5.8,1.6,2,0.8,8.011478843989835,0.07489254002712827,False,False,False,1.6
237211410,9.29735,7020.0,1.84504997730255,40,1979.26,106.7258,1684.7165,3.6,270.0,3.31,9.8,7,10.8,3.1,12.2,4.8,2.0,14,,False,,1,1,"TOI2282.01:P=12.55,d=0.219mmag,PC",False,,,False,336.3,False,6,7,58.0,23.01,4.6,20.8,1.6,1,0.8571428571428571,13.416426527026854,0.26832778405993163,False,False,False,1.6
26547036,9.26693,5842.0,1.07351994514465,13,1900.81,63.48062,1689.1999,4.2,754.0,3.22,19.6,3,13.9,2.1,27.9,4.0,2.0,12,,False,,1,2,"TOI2010.01:P=1135,d=12.8mmag,CP",True,,,False,337.9,False,3,3,126.0,17.98,10.9,185.7,1.5,1,1.0,7.863732995359044,0.5340974830247572,False,False,False,1.5
261136679,5.1054,5950.0,1.15,24,2581.33,23.76314,1326.2864,1.12,70.0,1.05,20.3,20,15.1,1.3,47.3,2.9,2.0,34,,False,,1,1,"TOI144.01:P=6.268,d=0.349mmag,CP",False,,,False,80.2,False,13,19,15.0,10.5,2.2,2.1,1.5,4,0.6842105263157895,5.933461514670966,0.18875996704970768,False,False,False,1.5
233684822,9.89947,5779.0,1.45,33,1979.26,90.62505,1764.0403,3.15,510.0,3.57,10.2,4,8.1,1.0,11.5,5.5,2.0,32,,False,,1,1,"TOI1253.01:P=4.676,d=0.802mmag,FP",True,,,False,469.8,False,3,4,121.0,15.16,6.9,50.7,1.5,2,0.75,10.819396794933072,0.2911437725876922,False,False,False,1.5
177308364,9.4088,6115.0,0.957772016525269,44,2720.17,119.66065,1363.1763,1.05,1129.0,3.51,23.8,8,16.0,2.9,47.9,5.2,2.0,23,,False,,1,1,"TOI2327.01:P=82.79,d=1.11mmag,PC",False,,,False,505.5,False,7,8,113.0,56.56,8.7,113.0,1.5,2,0.875,9.002576957150017,0.11663327122864194,False,False,False,1.5
384045439,10.0478,5113.0,0.68,2,188.52,13.17131,3400.1405,6.0,694.0,1.95,8.7,2,1.4,1.8,7.3,3.4,2.0,4,"00384045439-01(3:2,ntoi=1)",True,,1,1,"TOI1496.01:P=10.83,d=6.41mmag,FP",True,,,False,519.0,True,2,2,647.0,1.5,9.6,6.5,1.4,1,1.0,3.4336595023931893,1.747406810668945,True,False,False,1.4
249945230,9.4397,4582.0,0.74,3,1845.11,19.51777,1801.0934,4.8,1344.0,2.96,30.1,2,26.5,6.3,31.6,2.6,2.0,1,,False,,1,1,"TOI1563.01:P=1098,d=4.89mmag,PC",True,,,False,462.6,False,2,2,1391.0,1.88,24.5,282.3,1.4,1,1.0,4.141644698948272,1.1589598695462482,False,False,False,1.4
77175217,7.7679,4709.0,0.739835023880005,7,2879.66,29.05542,1438.2622,1.5,375.0,1.56,20.8,7,8.8,-0.0,23.6,3.8,2.0,1,,False,,1,1,"TOI4328.01:P=703.8,d=0.654mmag,PC",False,,,False,258.0,False,6,7,132.0,8.48,4.3,16.4,1.4,3,0.8571428571428571,4.728324469115911,0.3172371121731554,False,False,False,1.4
339961200,9.7333,5330.0,0.882830023765564,29,2602.07,115.33042,1454.1098,1.2,4250.0,6.28,31.7,2,0.0,-0.2,43.9,4.6,2.0,15,,False,,1,1,"TOI724.01:P=3.213,d=0.554mmag,PC",False,,,False,502.2,False,2,2,3239.0,1.87,24.3,241.8,1.4,1,1.0,8.422499260763221,0.14247552452634585,False,False,False,1.4
298663873,8.56854,5739.0,1.62761998176575,40,1979.26,111.27519,1765.2946,2.1,380.0,3.46,17.5,8,20.9,0.9,22.5,4.2,2.0,7,,False,,1,2,"TOI2180.01:P=260.2,d=5.17mmag,CP",True,,,False,239.3,False,6,8,61.0,43.12,6.8,76.2,1.4,3,0.75,12.513431410267204,0.16781967560688119,False,False,False,1.4
380783252,9.7825,5509.0,0.94,8,2547.32,117.35583,1668.4809,1.12,4236.0,6.67,31.4,2,26.4,1.6,41.8,4.8,2.0,12,,False,,1,1,"TOI1059.01:P=9.45,d=27.9mmag,PC",True,,,False,837.1,False,2,2,3396.0,1.91,9.7,197.1,1.3,1,1.0,8.833410630287606,0.12679134333003764,False,False,False,1.3
198178859,10.0976,5382.0,0.9283959865570068,24,1951.25,108.15947,1719.1085,1.58,6626.0,8.24,72.2,4,48.0,-0.5,100.5,4.6,2.0,6,,False,,1,1,"TOI7392.01:P=7.305,d=0.196mmag,PC",False,,,False,738.3,False,3,4,204.0,159.63,3.1,212.0,1.3,2,0.75,8.525476214378038,0.18532689087037307,False,False,False,1.3
298663873,8.56854,5739.0,1.62761998176575,40,1979.26,108.53844,1697.8071,2.1,401.0,3.56,17.4,8,25.3,0.4,23.2,4.4,2.0,7,,False,,1,2,"TOI2180.01:P=260.2,d=5.17mmag,CP",True,,,False,239.3,False,6,7,56.0,47.07,6.9,86.4,1.3,1,0.8571428571428571,12.409991795672136,0.16921848415180699,False,False,False,1.3
177258735,7.5412,6283.39,1.3560899496078491,41,2720.36,114.16645,1429.2821,0.62,229.0,2.24,7.7,6,3.6,-0.2,10.6,6.4,2.0,7,,False,,1,1,"TOI801.01:P=0.7757,d=0.0479mmag,PC",False,,,False,155.4,False,4,5,169.0,4.24,3.0,9.8,1.3,2,0.8,11.174980942845105,0.05548107895405059,False,False,False,1.3
384045439,10.0478,5113.0,0.68,2,188.52,23.44911,3407.2155,6.0,723.0,1.99,8.7,2,1.0,1.6,7.1,3.1,2.0,4,,False,,1,1,"TOI1496.01:P=10.83,d=6.41mmag,FP",True,,,False,519.0,False,2,2,679.0,1.47,10.2,4.1,1.2,1,1.0,4.1615618839453665,1.441766376981448,False,False,False,1.2
254113311,10.1429,4236.0,0.7409605038166045,4,2168.05,22.48107,2037.9707,0.5,6542.0,6.54,32.5,2,0.0,1.4,38.0,3.7,2.0,13,,False,,2,2,"TOI1130.01:P=8.35,d=18.3mmag,CP;TOI1130.02:P=4.069,d=2.88mmag,CP",True,,,False,654.8,False,2,2,5687.0,1.82,12.6,79.5,1.2,1,1.0,4.3452088888555,0.11506926658517833,False,False,False,1.2
143842198,9.7367,5113.3,0.758633017539978,6,2255.05,25.95881,1508.2802,3.15,1878.0,3.59,29.3,3,23.4,-4.7,40.4,4.0,2.0,2,,False,,1,3,"TOI6710.01:P=2.067,d=0.428mmag,PC",False,,,False,644.5,False,3,3,265.0,16.54,12.2,172.0,1.2,1,1.0,4.630818015133562,0.6802253920810032,False,False,False,1.2
445859771,10.418,5736.0,1.07,7,1711.97,51.92201,1732.7477,1.58,1635.0,4.72,12.2,2,0.0,0.0,16.8,4.5,2.0,10,,False,,1,1,"TOI1273.01:P=4.631,d=5.29mmag,CP",True,,,False,637.5,False,2,2,1496.0,1.86,7.4,73.0,1.2,1,1.0,7.3380608928925435,0.21531573845760088,False,False,False,1.2
300812741,10.0534,4465.0,0.6975470185279846,29,2009.38,109.31345,2064.6781,0.75,2532.0,3.83,23.2,4,36.2,2.3,43.7,5.8,2.0,12,,False,,2,2,"TOI2322.01:P=20.23,d=0.653mmag,CP;TOI2322.02:P=11.31,d=0.309mmag,CP",False,,,False,501.4,False,4,4,245.0,33.23,2.8,35.3,1.2,1,1.0,7.071015983243068,0.10606679461301657,False,False,False,1.2
229650439,10.3237,5374.0,0.8179619944095611,38,1979.26,108.87586,1693.8352,4.8,1376.0,3.31,29.1,6,21.3,-1.0,43.6,5.5,2.0,23,,False,,2,2,"TOI1438.01:P=5.14,d=0.836mmag,CP;TOI1438.02:P=9.428,d=0.868mmag,CP",False,,,False,583.4,False,4,6,109.0,66.88,22.0,553.5,1.2,1,0.6666666666666666,7.852493344427556,0.6112708141811126,False,False,False,1.2
300038935,9.0963,8208.0,1.8,43,2720.36,108.7851,1421.3154,0.5,2273.0,9.36,115.5,5,22.9,-2.7,117.8,2.3,2.0,13,,False,,1,1,"TOI1228.01:P=29.05,d=0.323mmag,CP",False,,,False,285.9,False,4,4,120.0,3.09,1.7,0.8,1.2,0,1.0,13.281478875661445,0.03764641006328438,False,False,False,1.2
300038935,9.0963,8208.0,1.8,43,2720.36,81.70774,1339.6071,0.5,2206.0,9.22,113.9,7,17.4,-1.1,116.8,2.2,2.0,13,,False,,1,1,"TOI1228.01:P=29.05,d=0.323mmag,CP",False,,,False,285.9,False,5,6,189.0,1.78,2.1,1.1,1.2,1,0.8333333333333334,12.07288406578116,0.04141512477678615,False,False,False,1.2
169191182,10.3377,6180.8,1.31,2,380.27,20.30816,3707.4959,1.8,934.0,4.37,7.5,2,0.0,0.7,7.4,4.7,2.0,2,,False,,1,1,"TOI6414.01:P=17.76,d=1.51mmag,PC",False,,,False,566.6,False,2,2,804.0,1.24,5.0,0.5,1.1,1,1.0,6.141569204328628,0.29308470524623337,False,False,False,1.1
243187830,7.3551,4755.33,0.701498985290527,3,1845.45,20.72262,1767.3031,2.1,1058.0,2.49,45.3,2,41.7,1.0,43.2,2.6,2.0,2,,False,,1,2,"TOI2009.01:P=1071,d=0.94mmag,PC",False,,,False,239.9,False,2,2,1069.0,1.89,14.2,168.9,1.1,1,1.0,4.0773176439602725,0.5150444933106275,False,False,False,1.1
27491137,8.3745,5149.6,0.77,4,1684.69,3.00276,1740.27,4.2,765.0,2.32,60.3,18,28.1,8.5,131.0,2.9,2.0,8,,False,,3,3,"TOI2076.01:P=10.36,d=1mmag,CP;TOI2076.02:P=35.13,d=2.25mmag,CP;TOI2076.03:P=21.02,d=2.25mmag,CP",False,,"TOI-2076 e(P=3.022,Transit,1:1)",False,1067.6,True,9,18,18.0,257.51,3.1,15.4,1.1,5,0.5,2.278814555630481,1.8430635303880547,True,False,False,1.1
19519368,10.0854,4985.0,0.8,5,2580.76,24.22277,1504.8623,2.1,775.0,2.43,7.5,2,0.0,-0.4,9.2,3.6,2.0,7,,False,,1,1,"TOI494.01:P=1.702,d=0.619mmag,PC",False,,,False,496.5,False,2,2,1068.0,1.87,8.6,80.2,1.1,1,1.0,4.688236954708025,0.4479295778535972,False,False,False,1.1
130181866,6.2683,5694.11,0.902931988239288,6,1442.79,13.58756,1846.0295,3.6,908.0,2.97,85.2,2,81.7,32.0,157.6,4.3,2.0,20,"00130181866-02(3:2,ntoi=2);00130181866-05(3:1,ntoi=6);00130181866-02(3:2,ntoi=2);00130181866-02(3:2,ntoi=2);00130181866-02(3:2,ntoi=2);00130181866-01(3:2,ntoi=2);00130181866-01(3:2,ntoi=2)",True,1726.02(3:2),2,2,"TOI1726.01:P=7.108,d=0.545mmag,CP;TOI1726.02:P=20.54,d=0.868mmag,CP",False,1726.02,"HD 63433 c(P=20.54,Transit,3:2)",True,247.1,True,2,2,901.0,1.97,11.5,695.8,1.1,1,1.0,4.191397130150469,0.8589021484277157,True,False,False,1.1
428679607,9.52906,5550.0,1.07,11,1846.53,33.36521,1840.9752,2.1,2284.0,5.58,39.7,3,27.0,0.2,50.6,2.8,2.0,16,,False,,1,1,"TOI1669.01:P=2.68,d=0.495mmag,CP",False,,,False,395.2,False,3,3,85.0,76.06,23.7,833.1,1.1,1,1.0,6.3323090130045045,0.331632583894324,False,False,False,1.1
202426247,7.7885,5668.0,0.93,13,1739.98,78.47226,1711.5236,3.0,2216.0,4.78,73.3,2,39.3,-2.1,85.2,3.5,2.0,9,,False,,1,1,"TOI1860.01:P=1.066,d=0.164mmag,CP",False,,,False,372.2,False,2,2,1438.0,1.91,16.8,234.7,1.1,1,1.0,7.669534049679006,0.39115805217991817,False,False,False,1.1
261136679,5.1054,5950.0,1.15,24,2581.33,21.5625,1335.0806,0.75,85.0,1.15,19.8,21,5.8,0.9,60.3,4.3,2.0,34,,False,,1,1,"TOI144.01:P=6.268,d=0.349mmag,CP",False,,,False,80.2,False,13,19,6.0,35.08,1.9,2.6,1.1,2,0.6842105263157895,5.744336751655175,0.1305633761432762,False,False,False,1.1
198178859,10.0976,5382.0,0.9283959865570068,24,1951.25,81.23384,1743.7554,1.58,3041.0,5.59,50.5,8,48.9,0.3,100.7,4.6,2.0,6,,False,,1,1,"TOI7392.01:P=7.305,d=0.196mmag,PC",False,,,False,738.3,False,5,8,97.0,321.38,2.9,134.2,1.1,1,0.625,7.749543575874647,0.20388297511078574,False,False,False,1.1
300038935,9.0963,8208.0,1.8,43,2720.36,88.61136,1332.7009,0.5,2202.0,9.21,113.7,7,22.9,2.6,116.2,2.2,2.0,13,,False,,1,1,"TOI1228.01:P=29.05,d=0.323mmag,CP",False,,"HD 56414 b(P=29.05,Transit,1:3)",False,285.9,True,4,6,107.0,2.5,2.1,1.4,1.1,2,0.6666666666666666,12.403752678154934,0.04031038129940973,True,False,False,1.1
329981856,10.0679,5768.0,1.33,3,79.32,39.05204,4080.7668,3.15,1159.0,4.94,8.3,2,0.8,0.0,8.7,4.7,1.0,0,,False,,1,1,"TOI7039.01:P=3.321,d=0.724mmag,PC",False,,,False,624.4,False,2,2,950.0,1.58,7.7,6.2,1.0,1,1.0,7.714787411586536,0.40830677916920155,False,False,False,1.0
202563254,8.86193,7947.0,1.83,6,1139.04,42.56846,2429.2877,4.2,2343.0,9.66,64.1,2,60.2,1.8,87.6,3.9,2.0,16,,False,,1,1,"TOI1139.01:P=4.478,d=1.14mmag,PC",False,,,False,1400.1,False,2,2,2705.0,1.91,12.0,171.7,1.0,1,1.0,9.822114672237173,0.4276064921000734,False,False,False,1.0
352229268,10.3468,5785.0,1.01,9,2520.17,52.90574,1666.2543,3.15,2608.0,5.63,28.7,2,0.0,0.8,37.9,3.9,2.0,0,,False,,1,1,"TOI4419.01:P=16.16,d=0.852mmag,PC",False,,,False,678.0,False,2,2,2410.0,1.94,11.5,277.1,1.0,1,1.0,7.1054263299285525,0.44332315243801484,False,False,False,1.0
167418898,10.2401,5951.0,1.27,29,2607.75,114.19348,1403.879,2.4,2325.0,6.68,33.3,5,54.9,0.4,35.7,4.4,2.0,9,,False,,2,2,"TOI383.01:P=10.98,d=2.6mmag,FP",True,,,False,590.0,False,4,4,123.0,74.23,9.2,284.7,1.0,1,1.0,10.697719608985603,0.22434687837435074,False,False,False,1.0
229650439,10.3237,5374.0,0.8179619944095611,38,1979.26,115.45326,1710.6352,4.8,1094.0,2.95,26.0,6,24.7,-1.1,36.9,4.4,2.0,23,,False,,2,2,"TOI1438.01:P=5.14,d=0.836mmag,CP;TOI1438.02:P=9.428,d=0.868mmag,CP",False,,,False,583.4,False,4,6,60.0,121.68,17.0,476.0,1.0,1,0.6666666666666666,8.007539892642646,0.5994350405185312,False,False,False,1.0
30037565,9.597,5914.0,1.55953001976013,42,2720.37,119.61292,1357.3409,3.0,533.0,3.93,13.3,7,5.8,0.3,24.5,4.9,2.0,12,,False,,1,1,"TOI1209.01:P=40.72,d=0.386mmag,PC",False,,,False,402.3,False,3,5,57.0,4.5,2.5,2.7,1.0,2,0.6,12.458434814617544,0.2408007141057627,False,False,False,1.0
427041513,10.4008,4986.0,0.83,3,219.25,24.80215,3345.3612,0.62,9584.0,8.86,36.0,2,0.0,0.4,44.1,4.1,1.0,2,,False,5814.01(1:4),1,1,"TOI5814.01:P=6.254,d=1.28mmag,PC",False,5814.01,,False,936.3,True,2,2,6384.0,1.97,3.4,129.6,0.8,1,1.0,4.842728617020518,0.1280269965615901,True,False,False,0.8
206466531,10.0081,6000.2,1.33,4,783.67,28.89698,1393.231,4.2,950.0,4.47,11.9,3,4.3,-0.8,12.6,3.7,2.0,2,,False,,1,1,"TOI410.01:P=1.427,d=0.489mmag,FP",True,,,False,455.5,False,3,3,189.0,7.67,10.8,16.1,0.8,1,1.0,6.9779342632347525,0.6018973297196141,False,False,False,0.8
406976746,9.0689,5552.0,0.7917420268058777,7,2496.7,42.78569,1657.0261,3.6,1054.0,2.8,25.0,3,27.0,-0.2,36.8,5.0,2.0,9,,False,,1,1,"TOI1063.01:P=10.07,d=0.937mmag,PC",False,,,False,485.0,False,3,3,189.0,12.77,6.0,81.9,0.8,1,1.0,5.628123340471907,0.639644830473482,False,False,False,0.8
201248411,9.9005,4486.0,0.764401018619537,11,2907.28,46.54567,1339.5998,3.6,1511.0,3.24,28.5,4,17.8,-0.0,41.4,3.2,2.0,15,,False,,1,1,"TOI129.01:P=0.981,d=6.73mmag,CP",True,,,False,563.5,False,3,4,638.0,7.39,17.6,328.8,0.8,2,0.75,5.654344010793377,0.6366786302934677,False,False,False,0.8
76193403,10.4557,5329.0,0.82,4,1495.86,16.05092,2018.9897,3.0,3399.0,5.22,32.0,2,28.7,-1.1,46.9,3.6,2.0,0,,False,,1,1,"TOI5700.01:P=1.781,d=0.586mmag,PC",False,,,False,1095.0,False,2,2,3360.0,1.95,4.0,76.5,0.7,1,1.0,4.1551257557740655,0.7219998085090747,False,False,False,0.7
202563254,8.86193,7947.0,1.83,6,1139.04,48.53425,2424.1377,4.2,2350.0,9.68,63.8,2,0.0,0.0,87.6,3.9,2.0,16,,False,,1,1,"TOI1139.01:P=4.478,d=1.14mmag,PC",False,,,False,1400.1,False,2,2,2742.0,1.92,13.0,146.2,0.7,1,1.0,10.26104978624782,0.40931484472758056,False,False,False,0.7
143842198,9.7367,5113.3,0.758633017539978,6,2255.05,38.65917,1506.1802,3.15,3524.0,4.91,38.2,2,0.0,-3.1,40.4,4.0,2.0,2,,False,,1,3,"TOI6710.01:P=2.067,d=0.428mmag,PC",False,,,False,644.5,False,2,2,2273.0,1.88,19.5,77.8,0.7,1,1.0,5.288270108301315,0.5956579250850398,False,False,False,0.7
290348383,7.3661,4867.0,0.8,7,2520.2,31.31541,1685.0599,3.15,1167.0,2.98,57.5,2,0.0,4.4,80.0,4.4,1.0,7,,False,,2,2,"TOI1099.01:P=6.441,d=0.993mmag,CP",False,,,False,262.4,False,2,2,1102.0,1.98,25.8,1327.3,0.7,1,1.0,5.10725629887167,0.6167695168726738,False,False,False,0.7
300038935,9.0963,8208.0,1.8,43,2720.36,111.27246,1421.3154,0.5,2267.0,9.35,115.3,6,14.3,0.5,117.0,2.2,2.0,13,,False,,1,1,"TOI1228.01:P=29.05,d=0.323mmag,CP",False,,,False,285.9,False,4,5,158.0,1.84,1.5,1.2,0.7,0,0.8,13.381943562050479,0.037363780356833784,False,False,False,0.7
27491137,8.3745,5149.6,0.77,4,1684.69,3.00279,1740.245,4.2,773.0,2.34,61.9,20,31.8,9.2,124.4,2.6,2.0,8,,False,,3,3,"TOI2076.01:P=10.36,d=1mmag,CP;TOI2076.02:P=35.13,d=2.25mmag,CP;TOI2076.03:P=21.02,d=2.25mmag,CP",False,,"TOI-2076 e(P=3.022,Transit,1:1)",False,1067.6,True,9,18,-14.0,,2.4,16.0,0.6,6,0.5,2.2788221446717847,1.8430573925307014,True,False,False,0.6
76193403,10.4557,5329.0,0.82,4,1495.86,24.96857,2020.7647,3.0,6239.0,7.07,43.5,2,14.4,0.9,46.9,3.6,2.0,0,,False,,1,1,"TOI5700.01:P=1.781,d=0.586mmag,PC",False,,,False,1095.0,False,2,2,3635.0,1.91,6.8,56.6,0.6,1,1.0,4.814472965005757,0.6231211644152232,False,False,False,0.6
243187830,7.3551,4755.33,0.701498985290527,3,1845.45,22.63847,1765.3906,2.1,1142.0,2.59,47.0,2,39.8,-3.4,49.4,3.3,2.0,2,,False,,1,2,"TOI2009.01:P=1071,d=0.94mmag,PC",False,,,False,239.9,False,2,2,1038.0,1.95,14.1,157.1,0.5,1,1.0,4.199284989041871,0.5000851348455743,False,False,False,0.5
61098812,9.87229,6097.47,1.78076004981995,4,1868.84,15.65495,1941.0507,4.2,38280.0,38.01,583.9,2,514.1,0.1,777.6,3.0,2.0,10,,False,,1,1,"TOI1833.01:P=3.694,d=9.36mmag,KP",True,,,False,3737.7,False,2,2,34075.0,2.0,348.2,158653.3,0.5,1,1.0,6.910282332353632,0.6077899278204291,False,False,False,0.5
154618248,8.5509,6208.0,1.46,5,2906.03,19.47972,1370.336,3.15,1172.0,5.45,26.4,2,0.0,-0.9,25.6,2.7,2.0,7,,False,,1,1,"TOI245.01:P=8.771,d=1.2mmag,PC",False,,,False,281.9,False,2,2,874.0,1.96,9.5,141.2,0.5,1,1.0,6.510851168171366,0.4838077109485989,False,False,False,0.5
304690618,10.1763,5564.0,0.91,6,2520.18,92.77808,1668.5893,6.3,2117.0,4.57,16.3,2,5.3,-1.9,17.1,5.5,2.0,0,,False,,2,2,"TOI6655.01:P=6.867,d=0.738mmag,PC;TOI6655.02:P=12.96,d=0.909mmag,PC",False,,,False,616.5,False,2,2,1370.0,1.84,16.0,29.6,0.5,1,1.0,7.993144836346378,0.7881753839055536,False,False,False,0.5
428679607,9.52906,5550.0,1.07,11,1846.53,50.04676,1841.0002,2.1,3332.0,6.74,47.8,2,0.0,-0.6,67.1,4.2,2.0,16,,False,,1,1,"TOI1669.01:P=2.68,d=0.495mmag,CP",False,,,False,395.2,False,2,2,3271.0,1.98,28.5,1414.1,0.5,1,1.0,7.248633381372075,0.2897097824531576,False,False,False,0.5
365673804,8.3412,6439.0,1.26,14,1924.47,46.02308,1731.5731,1.8,585.0,3.32,21.8,5,16.7,0.4,44.9,4.2,2.0,12,,False,,1,1,"TOI1735.01:P=10.39,d=0.413mmag,PC",False,,,False,216.4,False,4,5,36.0,77.46,8.1,163.9,0.5,1,0.8,7.860446520882929,0.2289946245697266,False,False,False,0.5
233059608,6.895,6603.0,1.58365,36,1926.77,94.13925,1776.4437,2.1,1268.0,6.15,95.7,7,45.6,-1.1,103.1,4.7,2.0,9,,False,,1,1,"TOI1250.01:P=1.442,d=0.594mmag,FA",True,,,False,873.2,False,3,7,-64.0,,1.8,42.9,0.5,2,0.42857142857142855,11.620853032879388,0.18070962553767594,False,False,False,0.5
298663873,8.56854,5739.0,1.62761998176575,40,1979.26,117.69041,1786.7571,2.1,517.0,4.04,19.4,5,22.0,1.7,28.2,5.7,2.0,7,,False,,1,2,"TOI2180.01:P=260.2,d=5.17mmag,CP",True,,,False,239.3,False,3,5,16.0,163.93,7.1,130.8,0.5,2,0.6,12.74942684164183,0.16471328680761063,False,False,False,0.5
162631539,6.9014,6060.54,1.37495994567871,9,1549.98,46.32349,1955.5727,2.1,352.0,2.81,18.6,2,16.0,1.5,24.5,4.0,2.0,4,"00162631539-01(3:2,ntoi=1);00162631539-01(3:2,ntoi=1)",True,,1,2,"TOI5724.01:P=697.4,d=0.487mmag,PC",False,,,False,141.9,False,2,2,345.0,1.95,10.3,123.7,0.4,1,1.0,8.349659188907532,0.25150727143328633,False,False,False,0.4
256364928,6.8481,5023.0,0.77648401260376,3,1112.97,14.66653,2433.0884,4.2,697.0,2.24,58.6,4,1.8,11.7,83.1,4.3,2.0,5,,False,,1,1,"TOI4470.01:P=2.219,d=28.4mmag,KP",True,,,False,290.3,False,3,4,429.0,3.7,5.2,90.4,0.3,2,0.75,3.888114965330968,1.0802149724095116,False,False,False,0.3
33692729,8.7615,6114.0,1.00528001785278,4,2822.29,23.43587,1471.4229,1.58,558.0,2.59,8.0,2,0.0,-1.0,8.3,3.0,2.0,6,,False,,1,1,"TOI469.01:P=13.63,d=1.28mmag,CP",False,,,False,265.6,False,2,2,367.0,1.85,8.5,5.5,0.2,1,1.0,5.399580507180568,0.29261532407913093,False,False,False,0.2
467651916,7.7746,6011.9,1.16,5,1188.45,14.43359,2487.7085,0.5,397.0,2.52,11.5,7,6.0,0.1,20.6,3.1,2.0,8,,False,,1,1,"TOI4602.01:P=3.981,d=0.504mmag,CP",False,,,False,188.5,False,5,6,176.0,12.31,1.6,21.8,0.2,3,0.8333333333333334,5.054036899412081,0.0989308170777628,False,False,False,0.2
202563254,8.86193,7947.0,1.83,6,1139.04,32.70286,2452.7065,4.5,2587.0,10.15,67.7,2,57.1,-0.9,68.8,2.7,2.0,16,,False,,1,1,"TOI1139.01:P=4.478,d=1.14mmag,PC",False,,,False,1400.1,False,2,2,2594.0,1.97,13.9,122.4,0.2,1,1.0,8.995754586023383,0.5002359676409589,False,False,False,0.2
349827430,7.9179,6403.9,1.55,10,1683.92,48.73832,1684.0778,4.5,1163.0,5.77,55.0,2,51.6,-3.1,75.6,4.5,2.0,21,,False,,1,1,"TOI1148.01:P=5.551,d=10.4mmag,KP",True,,,False,210.5,False,2,2,1163.0,1.99,44.3,1082.4,0.2,1,1.0,9.198555036594449,0.4892072702829661,False,False,False,0.2
198178859,10.0976,5382.0,0.9283959865570068,24,1951.25,102.68198,1806.7554,1.58,5510.0,7.52,67.4,5,72.7,-0.6,113.5,5.4,2.0,6,,False,,1,1,"TOI7392.01:P=7.305,d=0.196mmag,PC",False,,,False,738.3,False,2,4,147.0,212.73,2.8,314.3,0.2,2,0.5,8.379058227547466,0.18856534434926142,False,False,False,0.2
331691841,8.5898,5451.0,0.87,2,758.91,14.07944,2831.9197,4.8,713.0,2.53,19.4,3,7.5,-1.8,19.6,3.6,2.0,2,,False,,1,1,"TOI5947.01:P=6.934,d=0.554mmag,CP",False,,"TOI-5947 b(P=6.932,Transit,1:2)",False,250.7,True,2,2,422.0,1.98,18.6,47.7,0.1,1,1.0,4.137610350000931,1.1600899055173042,True,False,False,0.1
1129033,9.62713,5500.0,0.933974981307983,2,758.71,14.3446,1419.7649,3.0,1996.0,4.55,27.9,2,22.3,-2.4,30.2,2.9,2.0,3,,False,,1,1,"TOI398.01:P=1.36,d=21.3mmag,KP",True,,,False,485.6,False,1,2,1651.0,2.03,19.3,241.6,-0.3,1,0.5,4.365104080347946,0.6872688359267868,False,False,False,-0.3
121490076,8.9988,4760.0,0.76,4,2198.28,38.87653,2099.9032,2.25,2747.0,4.35,34.1,3,16.9,11.5,42.4,5.8,2.0,5,,False,,1,1,"TOI6726.01:P=14.25,d=1.18mmag,KP",False,,,False,445.5,False,1,2,1965.0,2.03,9.7,182.3,-0.3,1,0.5,5.304525240756304,0.4241661407721385,False,False,False,-0.3
61098812,9.87229,6097.47,1.78076004981995,4,1868.84,14.6846,1942.6007,3.0,51613.0,44.14,611.6,2,0.0,-2.0,777.6,3.0,2.0,10,,False,1833.01(1:4),1,1,"TOI1833.01:P=3.694,d=9.36mmag,KP",True,1833.01,"WASP-54 b(P=3.694,Transit,1:4)",False,3737.7,True,1,2,37741.0,2.0,9.2,4986.0,-0.3,1,0.5,6.764451755526991,0.4434949214544708,True,False,False,-0.3
198187049,7.9726,5268.0,0.823126018047333,39,1979.26,91.21768,1753.5583,0.62,4522.0,6.04,119.6,3,54.4,-4.6,124.8,4.2,2.0,23,,False,,1,1,"TOI2069.01:P=5.921,d=0.152mmag,PC",False,,,False,335.4,False,2,3,13.0,407.82,-0.1,7.9,-0.3,1,0.6666666666666666,7.433822511760198,0.08340258312855453,False,False,False,-0.3
384984325,10.3622,5416.1,0.95,3,1845.11,12.52015,1801.7505,4.2,8810.0,9.73,76.5,2,0.0,9.0,93.4,3.5,2.0,3,"00384984325-01(1:1,ntoi=2)",True,,2,2,"TOI6109.01:P=8.539,d=1.88mmag,CP;TOI6109.02:P=5.695,d=1.6mmag,CP",False,,,False,1510.6,False,1,2,4589.0,2.09,19.5,74.5,-0.4,1,0.5,4.219171785443622,0.9954560310841654,False,False,False,-0.4
198178859,10.0976,5382.0,0.9283959865570068,24,1951.25,111.78997,1772.8179,1.58,12014.0,11.1,99.4,2,127.1,-0.8,104.6,4.9,2.0,6,,False,,1,1,"TOI7392.01:P=7.305,d=0.196mmag,PC",False,,,False,738.3,False,1,2,15621.0,2.0,4.6,920.9,-0.4,1,0.5,8.619817615259933,0.18329854186275085,False,False,False,-0.4
198187049,7.9726,5268.0,0.823126018047333,39,1979.26,110.54319,1718.0057,0.6,4242.0,5.85,115.8,4,50.8,-1.6,124.6,4.2,2.0,23,,False,,1,1,"TOI2069.01:P=5.921,d=0.152mmag,PC",False,,,False,335.4,False,1,3,-4.0,,-0.3,9.0,-0.5,1,0.3333333333333333,7.925557929754433,0.07570444949338608,False,False,False,-0.5
1129033,9.62713,5500.0,0.933974981307983,2,758.71,14.53471,1424.5868,3.15,2532.0,5.13,31.6,2,16.1,-1.8,35.8,3.7,2.0,3,,False,,1,1,"TOI398.01:P=1.36,d=21.3mmag,KP",True,,,False,485.6,False,1,2,1545.0,2.08,22.1,182.6,-0.6,1,0.5,4.384303190646303,0.7184722093856034,False,False,False,-0.6
198178859,10.0976,5382.0,0.9283959865570068,24,1951.25,94.10611,1755.7554,1.58,10141.0,10.2,91.1,3,88.6,2.0,98.8,4.5,2.0,6,,False,,1,1,"TOI7392.01:P=7.305,d=0.196mmag,PC",False,,,False,738.3,False,2,3,127.0,245.9,2.9,467.6,-0.6,1,0.6666666666666666,8.138975430672591,0.19412762865035846,False,False,False,-0.6
198187049,7.9726,5268.0,0.823126018047333,39,1979.26,75.15016,1758.2432,0.6,1952.0,3.97,78.8,10,54.9,3.9,121.6,4.0,2.0,23,,False,,1,1,"TOI2069.01:P=5.921,d=0.152mmag,PC",False,,,False,335.4,False,4,10,-19.0,,-0.4,3.1,-0.6,1,0.4,6.968871932167178,0.0860971482673541,False,False,False,-0.6
349827430,7.9179,6403.9,1.55,10,1683.92,34.89602,1717.2278,4.5,1057.0,5.5,51.6,3,51.0,7.0,58.4,3.1,2.0,21,,False,,1,1,"TOI1148.01:P=5.551,d=10.4mmag,KP",True,,,False,210.5,False,1,3,-4.0,,36.4,902.8,-0.7,1,0.3333333333333333,8.22914519695384,0.5468368697232068,False,False,False,-0.7
307610438,8.8098,5808.0,1.14478003978729,4,2575.91,17.09096,1613.5688,4.2,2814.0,6.63,69.6,4,35.7,-1.4,67.2,2.7,2.0,9,,False,,1,1,"TOI831.01:P=1.562,d=4.84mmag,APC",True,,,False,586.9,False,2,4,123.0,37.69,14.2,176.7,-0.9,1,0.5,5.300031843881305,0.7924480689391986,False,False,False,-0.9
256364928,6.8481,5023.0,0.77648401260376,3,1112.97,25.84286,2433.0134,4.2,1395.0,3.16,75.4,2,0.0,2.9,75.2,3.6,2.0,5,,False,,1,1,"TOI4470.01:P=2.219,d=28.4mmag,KP",True,,,False,290.3,False,1,2,714.0,2.22,8.3,69.5,-1.0,1,0.5,4.696166625805299,0.8943464605623493,False,False,False,-1.0
288631580,9.56906,5977.0,1.0078399825096152,21,1979.26,66.63933,1744.4407,1.5,2303.0,5.28,26.6,2,0.0,1.2,37.0,4.4,2.0,15,,False,,2,2,"TOI1659.01:P=5.878,d=0.448mmag,CP;TOI1659.02:P=3.399,d=0.186mmag,PC",False,,,False,523.2,False,1,2,1621.0,2.12,14.5,193.7,-1.0,1,0.5,7.662660019336302,0.19575447641091112,False,False,False,-1.0
249945230,9.4397,4582.0,0.74,3,1845.11,18.48899,1805.3309,4.2,1428.0,3.05,29.3,2,25.3,-0.8,39.4,3.7,2.0,1,,False,,1,1,"TOI1563.01:P=1098,d=4.89mmag,PC",True,,,False,462.6,False,1,2,1265.0,2.12,22.2,302.5,-1.1,1,0.5,4.067558768299229,1.0325603732472068,False,False,False,-1.1
62483237,9.3636,4356.0,0.700726985931396,5,2934.82,20.53023,1334.8951,4.2,1987.0,3.41,32.7,2,0.0,1.7,29.2,2.5,2.0,8,,False,,1,1,"TOI139.01:P=11.07,d=1.25mmag,CP",False,,,False,505.0,False,1,2,1022.0,2.38,15.5,56.8,-1.1,1,0.5,4.061677723056223,1.0340554535281288,False,False,False,-1.1
61098812,9.87229,6097.47,1.78076004981995,4,1868.84,15.24027,1945.2757,3.0,37183.0,37.46,500.1,3,122.1,-1.5,777.6,3.0,2.0,10,,False,,1,1,"TOI1833.01:P=3.694,d=9.36mmag,KP",True,,,False,3737.7,False,1,3,-88.0,,-0.1,373.2,-1.2,1,0.3333333333333333,6.8487206200811706,0.438038017086532,False,False,False,-1.2
278866211,10.2638,6054.0,1.04092,25,2720.32,115.02135,1425.1702,2.1,4597.0,7.7,40.9,2,0.0,0.1,61.9,4.6,2.0,37,,False,,1,1,"TOI189.01:P=2.194,d=6.54mmag,FP",True,,,False,680.8,False,1,2,4543.0,2.05,18.6,873.8,-1.2,1,0.5,9.391739030076899,0.2236007616134544,False,False,False,-1.2
121490076,8.9988,4760.0,0.76,4,2198.28,36.77508,2088.3344,2.25,3156.0,4.66,35.4,2,18.5,2.5,42.4,5.8,2.0,5,,False,,1,1,"TOI6726.01:P=14.25,d=1.18mmag,KP",False,,,False,445.5,False,1,2,1901.0,2.15,7.4,185.3,-1.6,1,0.5,5.207171692397014,0.43209637264029965,False,False,False,-1.6
349827430,7.9179,6403.9,1.55,10,1683.92,38.95985,1713.8903,4.5,1075.0,5.54,51.5,2,0.0,1.4,55.8,2.9,2.0,21,,False,,1,1,"TOI1148.01:P=5.551,d=10.4mmag,KP",True,,,False,210.5,False,1,2,1113.0,2.05,30.2,1857.3,-1.6,1,0.5,8.536932577957742,0.5271214173131631,False,False,False,-1.6
30037565,9.597,5914.0,1.55953001976013,42,2720.37,106.06613,1337.169,2.25,590.0,4.13,12.5,5,9.0,0.4,26.6,5.5,2.0,12,,False,,1,1,"TOI1209.01:P=40.72,d=0.386mmag,PC",False,,,False,402.3,False,2,4,2.0,75.0,-0.7,3.1,-1.6,0,0.5,11.96914223004297,0.1879833956983501,False,False,False,-1.6
389070884,7.9771,5963.0,1.4470800161361694,4,2226.43,14.83821,1640.3099,2.1,1802.0,6.7,53.9,3,59.0,0.1,59.6,2.5,2.0,14,,False,,1,1,"TOI911.01:P=8.584,d=10.1mmag,APC",True,,,False,286.1,False,1,3,-95.0,,-1.6,25.4,-2.6,1,0.3333333333333333,5.911039059463165,0.35526748831714206,False,False,False,-2.6
459970307,9.3188,5704.0,0.93,41,1979.26,112.35334,1788.0683,1.8,1912.0,4.44,28.1,2,0.0,3.8,33.4,5.6,2.0,11,,False,,1,1,"TOI1154.01:P=21.75,d=0.716mmag,CP",False,,,False,448.1,False,1,2,1613.0,2.17,1.1,147.5,-2.8,1,0.5,8.644215571646692,0.20823173428298788,False,False,False,-2.8
389070884,7.9771,5963.0,1.4470800161361694,4,2226.43,15.44172,1641.6224,2.1,1222.0,5.52,47.3,4,57.0,-0.6,59.6,2.5,2.0,14,,False,,1,1,"TOI911.01:P=8.584,d=10.1mmag,APC",True,,,False,286.1,False,2,4,466.0,6.35,0.2,50.3,-3.3,2,0.5,5.9901157672560075,0.35057753165294536,False,False,False,-3.3
164173105,8.51017,7164.0,1.5583100318908691,3,1845.48,0.60917,1739.2888,7.2,9231.0,16.33,2168.8,121,38.7,-263.4,1585.5,3.7,1.0,5,,False,1417.01(5:1),1,1,"TOI1417.01:P=3.073,d=11.4mmag,CP",True,1417.01,,False,12130.7,True,88,120,10785.0,4.02,-149.5,1587.7,-162.3,87,0.7333333333333333,2.1423497548539374,3.360795772812963,True,False,False,-162.3
