tic,Tmag,Teff,rad,nsec,baseline,P,t0,dur_h,depth_ppm,rp_re,snr,ntr,oe_sig,sec_sig,block_snr,block_sde,alias,n_tce_same_star,tce_match,has_tce_match,nearby_toi_match,n_nearby_toi,n_toi_ctoi_within_1arcmin,sys13_7,rms10_ppm,n_pos_transits,n_transits_measured,median_transit_ppm,max_over_median,snr_comb,chi2_depths,snr_wo_max,n_transits_sig,frac_pos,tmax_h,dur_ratio,claimed_nearby,pass_phys,consistent,rank_snr
2929964,11.1655,4238.0,1.09579,1,24.22,3.48096,4156.1951,6.3,5265.0,8.68,81.9,7,1.2,-3.2,82.3,3.0,1.0,0,,False,,0,0,True,3231.4,7,7,6340.0,1.08,73.6,2.8,65.3,7,1.0,3.0287227995293144,2.0800847145797117,False,True,True,65.3
153125761,12.3128,5115.0,0.771922,1,25.13,1.56394,4266.7564,1.05,6073.0,6.56,29.4,14,0.1,-2.6,29.3,4.8,1.0,1,"00153125761-01(1:3,ntoi=1)",True,,0,0,False,2903.9,14,14,6714.0,1.21,35.2,2.5,32.8,14,1.0,1.8365267943042178,0.5717313808088493,False,True,True,32.8
404664390,12.3602,3578.0,0.5061,1,25.04,1.96034,4180.5219,1.05,9956.0,5.51,32.4,11,1.0,-2.4,31.5,5.3,1.0,1,"00404664390-01(1:3,ntoi=1)",True,,0,0,False,3874.8,11,11,10809.0,1.17,31.5,1.3,29.0,11,1.0,1.494432553949606,0.7026078207577693,False,True,True,29.0
153125761,12.3128,5115.0,0.771922,1,25.13,2.60788,4265.7064,1.05,6398.0,6.74,24.2,9,1.2,-2.6,23.8,3.5,1.0,1,,False,,0,0,False,2903.9,9,9,7187.0,1.17,29.7,1.1,26.9,9,1.0,2.1778089303536214,0.4821359603064473,False,True,True,26.9
248285521,12.3155,4373.0,0.664527,1,24.95,3.93818,4180.1057,4.8,14938.0,8.86,41.7,6,1.1,-0.4,41.9,2.4,1.0,0,,False,,0,0,False,12017.5,6,6,19328.0,1.13,26.8,0.4,23.7,6,1.0,2.2610763923026496,2.1228827191954114,False,True,True,23.7
404664390,12.3602,3578.0,0.5061,1,25.04,3.26689,4182.4844,1.05,10651.0,5.7,26.2,6,1.1,0.2,26.2,4.1,1.0,1,,False,,0,0,False,3874.8,6,6,11071.0,1.15,25.7,1.5,22.0,6,1.0,1.7717836487770087,0.5926231460171636,False,True,True,22.0
161098507,12.8361,3595.0,0.674343,1,23.58,3.3179,4153.8607,4.5,7232.0,6.26,28.9,8,1.6,2.8,29.4,2.8,1.0,0,,False,,0,0,False,6072.7,8,8,8625.0,1.13,24.2,0.5,21.8,8,1.0,2.1565024735524894,2.086712190312018,False,True,True,21.8
216517235,13.3869,3588.0,0.507799,1,25.16,2.95636,4180.9267,4.2,21686.0,8.16,18.9,8,1.8,1.4,19.3,5.9,1.0,1,"00216517235-01(1:1,ntoi=1)",True,,0,0,False,16156.3,8,8,25673.0,1.16,22.7,1.8,20.0,7,1.0,1.717599720442636,2.4452728712121785,False,True,True,20.0
142884338,10.2809,4504.0,0.693053,2,52.84,2.00771,4207.7615,2.1,519.0,1.72,15.4,22,0.2,0.7,15.6,5.6,1.0,0,,False,,0,0,False,656.0,22,22,678.0,1.36,19.9,0.9,18.4,21,1.0,1.8576030690718415,1.1304890883116774,False,True,True,18.4
218564869,12.3197,4940.0,0.752595,1,24.91,2.32265,4180.0446,2.4,4497.0,5.51,16.2,10,1.2,-3.7,16.5,3.7,1.0,1,,False,,0,0,False,4150.9,10,10,5629.0,1.51,19.7,2.3,17.9,10,1.0,2.0602049997107397,1.1649326160925582,False,True,True,17.9
74434786,12.4013,5069.0,1.084,1,25.03,5.89434,4180.8969,7.2,3394.0,6.89,17.9,4,0.7,-2.7,17.9,2.7,1.0,0,,False,,0,0,False,3007.7,4,4,4125.0,1.08,19.0,0.8,15.9,4,1.0,3.584040236257442,2.0089060181753005,False,True,True,15.9
209462063,10.8865,6066.0,1.04542,1,25.09,3.27481,4208.9917,2.4,1188.0,3.93,14.8,7,2.9,1.0,15.0,4.0,1.0,1,"00209462063-01(1:3,ntoi=1)",True,,0,0,False,833.1,7,7,1353.0,1.29,18.0,2.4,15.4,7,1.0,2.876057290717942,0.8344757274987713,False,True,True,15.4
212170127,11.6248,4833.0,0.772201,1,25.22,1.9534,4180.8127,4.2,1519.0,3.28,12.9,12,0.1,1.8,13.1,6.8,1.0,1,"00212170127-01(1:1,ntoi=1)",True,,0,0,False,1948.8,12,12,1470.0,1.99,15.6,2.2,14.0,12,1.0,1.9783005039097454,2.1230343882031453,False,True,True,14.0
17632938,12.5091,3985.0,0.607631,1,25.01,0.72792,4180.0445,1.58,3415.0,3.87,13.0,31,0.3,2.9,13.3,8.8,1.0,1,"00017632938-01(1:1,ntoi=1)",True,,0,0,False,4283.9,30,31,3649.0,1.9,15.0,2.2,13.9,20,0.967741935483871,1.2133780278561208,1.3021498360174297,False,True,True,13.9
23205270,13.2772,4107.0,0.687572,1,24.91,1.8585,4180.3376,1.0,11210.0,7.94,13.9,12,0.5,3.7,13.6,6.4,1.0,1,"00023205270-01(1:1,ntoi=1)",True,,0,0,False,7026.1,11,12,11896.0,1.36,15.5,3.8,13.9,10,0.9166666666666666,1.8008378257227244,0.5552970876756619,False,True,True,13.9
469440463,12.2023,5162.0,0.855662,1,25.38,2.35316,4180.4377,4.2,5345.0,6.83,16.3,10,1.3,0.8,16.4,5.4,1.0,0,,False,,0,0,False,5519.9,10,10,5419.0,1.56,15.7,2.8,13.9,10,1.0,2.254033035017579,1.8633267280251928,False,True,True,13.9
306101698,13.0854,3499.0,0.447274,1,25.06,2.87802,4180.7217,2.4,4594.0,3.31,11.2,8,0.3,-0.5,11.3,8.2,1.0,1,"00306101698-01(1:1,ntoi=1)",True,,0,0,False,4100.7,8,8,5341.0,1.22,14.7,1.2,12.8,8,1.0,1.5641869761073415,1.5343434235545643,False,True,True,12.8
59989687,11.7797,4806.0,0.765953,1,25.26,3.66252,4181.5321,3.15,2057.0,3.79,11.9,6,1.3,-0.5,12.1,7.1,1.0,1,"00059989687-01(1:1,ntoi=1)",True,,0,0,False,1870.7,6,6,2360.0,1.32,14.7,1.0,12.7,6,1.0,2.426254627272677,1.298297369365917,False,True,True,12.7
148361523,10.6835,6831.0,1.15835,1,24.1,7.72676,4153.5699,7.2,1044.0,4.08,18.6,4,0.4,-1.9,18.7,2.1,1.0,0,,False,,0,0,False,1038.9,4,4,1147.0,1.05,14.5,0.1,12.0,4,1.0,4.099843732120962,1.756164495634384,False,True,True,12.0
328153490,12.9344,3576.0,0.483642,1,25.38,0.66327,4179.5673,1.12,4149.0,3.4,8.2,33,0.1,-3.9,8.2,6.0,1.0,0,,False,,0,0,False,7122.1,32,33,5261.0,1.89,11.7,1.1,11.2,18,0.9696969696969697,1.0103094559797223,1.1085712336661326,False,True,True,11.2
329262690,12.293,4579.0,0.760792,1,25.17,5.44221,4180.9028,2.4,4811.0,5.76,11.2,4,1.5,2.6,11.0,6.5,1.0,1,"00329262690-01(1:1,ntoi=1)",True,,0,0,False,3071.4,4,4,5539.0,1.18,14.8,1.0,11.2,4,1.0,2.7561997192998113,0.8707641841751944,False,True,True,11.2
214013048,10.5609,5547.0,0.903887,1,25.21,1.38196,4179.3843,2.25,562.0,2.34,9.9,16,0.0,3.8,10.2,5.2,1.0,0,,False,,0,0,False,834.9,16,16,621.0,1.83,11.9,1.0,11.1,13,1.0,1.9578656119423425,1.149210643608904,False,True,True,11.1
360231383,13.4665,3539.0,0.497429,1,25.06,0.85921,4179.6876,1.05,4023.0,3.44,7.4,26,2.0,-3.8,7.3,4.6,1.0,0,,False,,0,0,False,6578.5,25,25,6121.0,1.83,11.6,1.0,11.0,17,1.0,1.1221789958840305,0.9356796053492614,False,True,True,11.0
160476756,12.9568,3462.0,0.693606,1,24.1,2.93639,4155.4633,4.5,12922.0,8.6,26.4,8,1.4,3.0,27.2,4.4,1.0,0,,False,,0,0,False,19519.7,8,8,16170.0,1.57,12.3,1.3,10.9,8,1.0,2.1097035501913766,2.133001103207981,False,True,True,10.9
79750288,10.8716,5325.0,1.08263,2,53.28,1.69745,4180.6285,2.1,538.0,2.74,11.1,26,1.6,-1.8,11.4,4.7,1.0,1,"00079750288-01(1:3,ntoi=1)",True,,0,0,False,1070.4,26,26,605.0,2.36,12.3,1.3,10.9,14,1.0,2.36479770798126,0.8880252179340499,False,True,True,10.9
328153490,12.9344,3576.0,0.483642,1,25.38,1.10682,4180.2235,1.12,4845.0,3.67,7.5,20,0.5,-1.3,8.1,5.9,1.0,0,,False,,0,0,False,7122.1,19,20,5780.0,1.67,11.7,0.9,10.7,14,0.95,1.1983489481949843,0.9346192540052733,False,True,True,10.7
95252250,11.8003,5758.0,1.08129,1,26.04,1.44185,4265.5395,3.0,686.0,3.09,7.7,16,0.9,-1.4,8.0,3.4,1.0,0,,False,,0,0,False,1455.1,16,16,802.0,1.97,11.6,1.5,10.7,11,1.0,2.2377407932708175,1.3406378473420142,False,True,True,10.7
79750288,10.8716,5325.0,1.08263,2,53.28,2.83205,4180.0223,2.4,610.0,2.92,10.6,16,0.6,-1.0,10.6,4.2,1.0,1,,False,,0,0,False,1070.4,16,16,753.0,1.99,11.7,1.9,10.7,11,1.0,2.8047574124243395,0.8556889766539628,False,True,True,10.7
369371550,11.148,5101.0,0.845472,3,83.17,4.33281,4210.1881,6.3,359.0,1.75,8.7,13,0.0,-3.0,8.8,3.4,1.0,0,,False,,0,0,False,889.9,13,13,347.0,2.98,11.4,2.2,10.4,10,1.0,2.740717851879121,2.2986678456085965,False,True,True,10.4
60170160,11.7396,6038.0,1.07137,1,25.62,5.44941,4270.2254,7.2,2017.0,5.25,16.4,4,1.8,-2.4,16.1,2.3,1.0,0,,False,,0,0,False,2164.3,4,4,2361.0,1.33,14.7,3.9,10.3,4,1.0,3.464318207342073,2.078331021884982,False,True,True,10.3
178364643,12.1812,3451.0,0.569816,2,54.91,2.14276,4237.35,3.0,872.0,1.84,8.5,18,1.4,-1.8,8.8,3.7,1.0,0,,False,,0,0,False,1855.2,17,18,1046.0,2.49,11.0,2.6,10.2,12,0.9444444444444444,1.6660546026376917,1.8006612719957742,False,True,True,10.2
323761729,13.1638,3578.0,0.337073,1,25.15,1.91191,4179.5603,1.5,4284.0,2.41,8.2,12,0.7,3.0,8.4,4.7,1.0,0,,False,,0,0,False,5356.1,12,12,5079.0,1.62,10.8,1.2,9.7,8,1.0,1.1302644980518535,1.3271229898713355,False,True,True,9.7
17632938,12.5091,3985.0,0.607631,1,25.01,2.18117,4180.0679,1.8,3589.0,3.97,8.9,11,2.7,1.3,9.0,5.0,1.0,1,"00017632938-01(1:3,ntoi=1)",True,,0,0,False,4283.9,11,11,3614.0,1.96,11.1,2.9,9.6,7,1.0,1.7493018184632991,1.0289819521146084,False,True,True,9.6
120790594,13.4489,3264.0,0.514844,1,24.26,3.79837,4153.4483,4.2,4784.0,3.88,7.7,6,2.5,2.1,8.0,2.8,1.0,0,,False,,0,0,False,7583.8,6,6,6693.0,1.11,11.3,1.5,9.4,6,1.0,1.8844783554442628,2.22873347834757,False,True,True,9.4
23205270,13.2772,4107.0,0.687572,1,24.91,5.57688,4180.3344,1.05,13790.0,8.81,10.1,4,0.3,1.3,10.1,4.0,1.0,1,"00023205270-01(1:3,ntoi=1)",True,,0,0,False,7026.1,4,4,14200.0,1.15,11.4,1.0,9.2,4,1.0,2.597471846314491,0.4042392226463695,False,True,True,9.2
37736914,12.2675,4324.0,0.724889,1,24.42,3.55823,4267.5822,4.5,1428.0,2.99,9.6,6,0.5,1.3,9.6,3.7,1.0,0,,False,,0,0,False,1907.0,6,6,1520.0,1.44,11.4,1.2,9.1,6,1.0,2.3163311059549727,1.9427274401449393,False,True,True,9.1
125776809,11.0075,4277.0,0.658173,1,25.22,0.60695,4179.6332,1.12,513.0,1.63,7.5,37,1.0,2.4,7.5,6.5,1.0,0,,False,,0,0,False,1038.5,33,37,631.0,2.52,9.5,1.1,8.9,12,0.8918918918918919,1.2045346777190837,0.929819639664373,False,True,True,8.9
57538907,11.5726,4588.0,0.752256,1,25.38,1.3913,4180.1312,2.1,1341.0,3.01,8.6,16,0.9,2.2,8.7,3.8,1.0,0,,False,,0,0,False,2391.7,16,16,1486.0,2.49,10.1,2.8,8.7,9,1.0,1.73617032666154,1.2095587441803959,False,True,True,8.7
217889520,10.8814,6000.0,1.10783,1,25.22,3.23552,4180.691,0.5,2570.0,6.13,9.9,8,1.5,3.3,9.9,3.4,1.0,0,,False,,0,0,False,1927.2,8,8,2831.0,1.72,11.4,1.8,8.6,7,1.0,2.977408368513503,0.16793128053496717,False,True,True,8.6
396967536,13.4427,4138.0,0.752277,1,25.14,2.37294,4181.0694,4.2,4171.0,5.3,7.7,9,1.5,1.4,8.1,6.4,1.0,0,,False,,0,0,False,7987.6,9,9,5319.0,1.3,9.5,1.2,8.3,7,1.0,2.07438359429494,2.0246978483396334,False,True,True,8.3
254980856,12.4296,6018.0,0.956845,1,24.23,6.00557,4154.3033,2.1,4692.0,7.15,9.1,4,1.3,1.4,9.1,3.1,1.0,0,,False,,0,0,False,4116.8,4,4,5575.0,1.16,10.3,1.4,8.3,4,1.0,3.318593816935953,0.6327981415751939,False,True,True,8.3
3938364,10.604,6145.0,0.944372,1,24.24,4.30844,4153.9262,4.2,684.0,2.69,10.5,6,1.7,0.6,10.9,4.1,1.0,0,,False,,0,0,False,901.3,6,6,852.0,1.43,10.6,3.5,8.2,5,1.0,2.9449440294170777,1.4261731150222736,False,True,True,8.2
47717095,8.6309,5331.0,1.1283,1,25.13,2.99461,4266.94,6.3,321.0,2.21,11.7,7,2.5,1.6,12.3,4.3,1.0,0,,False,,0,0,False,581.5,7,7,340.0,1.54,10.0,2.1,8.1,6,1.0,2.9372310436088633,2.144877235213826,False,True,True,8.1
65011095,12.6006,3929.0,0.599897,1,25.38,1.32406,4179.7463,1.12,3872.0,4.07,7.6,17,1.1,1.2,7.5,6.1,1.0,0,,False,,0,0,False,5055.1,16,17,5090.0,1.45,8.9,1.7,8.0,11,0.9411764705882353,1.468572222108587,0.762645502304201,False,True,True,8.0
212170127,11.6248,4833.0,0.772201,1,25.22,5.86479,4182.7627,4.2,1633.0,3.4,8.3,4,1.4,1.2,8.8,3.6,1.0,1,"00212170127-01(1:3,ntoi=1)",True,,0,0,False,1948.8,4,4,1878.0,1.56,10.7,3.8,8.0,4,1.0,2.853947780795938,1.471645707136471,False,True,True,8.0
408909232,11.4491,5834.0,0.979379,1,26.04,3.20344,4267.1206,6.3,1178.0,3.67,15.3,7,0.1,1.0,15.5,3.9,1.0,0,,False,,0,0,False,1369.6,7,7,723.0,1.75,10.0,2.3,8.0,6,1.0,2.7334702429582265,2.3047626057864052,False,True,True,8.0
47717095,8.6309,5331.0,1.1283,1,25.13,3.01002,4266.8837,7.2,307.0,2.16,11.8,7,1.8,0.1,10.7,3.2,0.5,0,,False,,0,0,False,581.5,7,7,290.0,1.71,9.6,2.3,7.8,6,1.0,2.942260670420264,2.4470979313235266,False,True,True,7.8
250272453,13.3094,3299.0,0.559715,1,24.1,0.64514,4153.5756,1.2,3634.0,3.68,8.0,33,0.7,-3.8,7.9,4.6,1.0,0,,False,,0,0,False,6932.9,30,33,3578.0,2.7,8.4,1.3,7.7,8,0.9090909090909091,1.1034116912447696,1.087536057050717,False,True,True,7.7
162928498,11.5164,5040.0,0.720418,1,24.25,4.28885,4153.973,3.15,1097.0,2.6,7.4,6,1.6,1.1,7.6,3.0,1.0,0,,False,,0,0,False,1594.7,6,6,1207.0,1.7,9.2,2.8,7.7,4,1.0,2.4549629942900544,1.2831150641889582,False,True,True,7.7
178364643,12.1812,3451.0,0.569816,2,54.91,12.40592,4243.775,3.0,1929.0,2.73,8.8,4,0.2,-3.0,8.9,3.8,1.0,0,,False,,0,0,False,1855.2,4,4,2326.0,1.09,9.2,0.5,7.6,4,1.0,2.9916288491805325,1.002798191634554,False,True,True,7.6
383854713,12.7454,3598.0,0.695361,1,24.08,2.56172,4153.4885,2.1,2870.0,4.06,8.8,10,1.1,0.2,8.7,3.6,1.0,0,,False,,0,0,False,3624.4,10,10,3082.0,1.87,9.2,2.5,7.6,6,1.0,2.0192607322242706,1.0399845678605324,False,True,True,7.6
57112059,10.1959,4657.0,0.862193,1,25.38,3.40421,4180.4251,6.0,480.0,2.06,7.8,8,0.3,1.7,8.1,3.8,1.0,0,,False,,0,0,True,1064.6,8,8,539.0,1.35,8.4,0.8,7.5,7,1.0,2.562221887483496,2.3417175652546396,False,True,True,7.5
255752380,11.2232,4368.0,0.670404,1,25.53,6.21758,4265.1758,2.1,1045.0,2.36,8.1,4,1.8,0.8,8.1,4.6,1.0,0,,False,,0,0,False,956.4,4,4,1310.0,1.28,9.7,2.5,7.4,4,1.0,2.6483364174536033,0.7929506184184738,False,True,True,7.4
209453396,10.7832,4534.0,0.703426,1,25.15,3.93838,4209.9637,3.15,784.0,2.15,11.8,6,1.1,-0.4,11.9,2.8,1.0,0,,False,,0,0,False,923.3,6,6,695.0,2.42,8.9,3.0,7.4,5,1.0,2.3485137698942062,1.341273804897426,False,True,True,7.4
93159822,10.7912,5317.0,0.779771,1,24.13,6.03006,4158.1828,6.3,644.0,2.16,10.4,4,1.2,1.2,10.5,4.0,1.0,0,,False,,0,0,False,812.6,4,4,696.0,1.34,10.3,3.9,7.4,4,1.0,2.899302688221882,2.17293628071091,False,True,True,7.4
1167773216,13.3033,3391.0,0.732401,1,23.63,4.11023,4154.5099,4.8,4246.0,5.21,9.8,6,0.2,0.3,9.8,3.0,1.0,0,,False,,0,0,False,6204.4,6,6,5065.0,1.32,8.5,2.3,7.2,4,1.0,2.4471633211642807,1.9614547008314573,False,True,True,7.2
65263175,11.3352,5883.0,0.910865,2,55.24,6.12503,4239.5525,7.2,472.0,2.16,7.7,8,1.4,-1.8,7.3,3.6,0.5,0,,False,,0,0,False,997.6,7,8,531.0,1.27,8.3,1.5,7.2,6,0.875,3.2325633435657894,2.227334543754924,False,True,True,7.2
76673558,11.8835,5964.0,1.02354,1,25.04,0.78645,4179.8466,0.5,6487.0,8.99,23.3,29,0.9,0.6,23.3,6.4,1.0,0,,False,,0,0,False,7197.1,29,29,5990.0,2.14,7.5,0.3,7.2,3,1.0,1.762659987066074,0.2836621944497894,False,True,True,7.2
317875779,12.6846,4496.0,0.843497,1,25.79,2.069,4266.5091,2.4,5203.0,6.64,14.4,10,2.7,-1.7,13.9,2.8,1.0,0,,False,,0,0,False,8368.1,10,10,5978.0,2.36,8.6,3.6,7.1,6,1.0,2.1388688347109612,1.122088442755924,False,True,True,7.1
122228176,11.7297,3878.0,0.972078,1,24.09,6.33194,4153.6255,6.3,1398.0,3.97,8.5,4,0.8,2.4,8.9,3.5,1.0,0,,False,,0,0,False,2176.3,4,4,1711.0,1.21,8.4,0.5,7.1,4,1.0,3.4134061546103207,1.8456637489479235,False,True,True,7.1
254558403,12.5154,3307.0,0.658683,1,24.05,1.94276,4154.9256,2.1,2287.0,3.44,8.7,11,0.1,2.9,8.8,4.2,1.0,1,,False,,0,0,False,3666.7,10,11,2601.0,2.85,8.1,2.6,6.9,8,0.9090909090909091,1.7760927777931426,1.182370665686352,False,True,True,6.9
65263175,11.3352,5883.0,0.910865,2,55.24,3.90337,4235.5587,6.3,385.0,1.95,7.6,12,1.9,1.4,7.5,3.7,1.0,0,,False,,0,0,False,997.6,11,12,417.0,2.09,8.0,2.6,6.9,7,0.9166666666666666,2.7817891598797426,2.2647295096485136,False,True,True,6.9
322736687,10.426,3224.0,0.282965,2,52.93,13.36355,4212.0963,4.8,633.0,0.78,7.8,4,0.2,-2.4,7.9,3.1,1.0,0,,False,,0,0,False,703.3,4,4,785.0,1.69,8.7,3.5,6.8,3,1.0,1.9231096874199918,2.495957475228358,False,True,True,6.8
217889520,10.8814,6000.0,1.10783,1,25.22,2.74254,4180.8004,0.75,2214.0,5.69,10.3,8,0.5,3.3,9.9,3.4,1.0,0,,False,,0,0,False,1927.2,8,8,2597.0,1.47,7.8,1.3,6.8,7,1.0,2.8177861616930353,0.26616640048703016,False,True,True,6.8
142930468,11.7918,5739.0,1.13602,1,25.17,4.98674,4208.488,2.1,1269.0,4.42,7.2,5,0.4,-0.8,7.3,3.0,1.0,0,,False,,0,0,False,1748.3,5,5,1392.0,1.4,8.0,0.7,6.8,5,1.0,3.4973399920077903,0.600456348195764,False,True,True,6.8
120278665,11.9454,3777.0,0.587957,1,24.81,0.69245,4180.0387,2.1,880.0,1.9,9.2,30,0.4,2.7,9.7,4.6,1.0,0,,False,,0,0,False,2439.3,25,30,1000.0,2.98,7.4,1.8,6.7,8,0.8333333333333334,1.1674406486061637,1.798806648121463,False,True,True,6.7
124272656,12.8783,4634.0,0.754175,1,25.15,1.95992,4267.3157,2.25,2855.0,4.4,7.6,10,1.5,0.2,7.7,4.1,1.0,0,,False,,0,0,False,4420.2,10,10,2844.0,1.91,7.6,1.5,6.6,6,1.0,1.9495565191101383,1.154108628267416,False,True,True,6.6
160636299,12.9689,3437.0,0.646391,1,24.1,3.79152,4153.9323,4.2,2942.0,3.82,7.6,6,0.7,0.1,7.4,3.4,1.0,0,,False,,0,0,False,4764.0,6,6,3272.0,1.44,8.0,2.7,6.5,5,1.0,2.1918438527053437,1.9161948944565712,False,True,True,6.5
149168745,11.9805,3924.0,0.809458,1,23.57,4.84412,4155.7252,4.8,1368.0,3.27,7.8,4,0.2,-0.6,7.3,3.3,0.5,1,,False,,0,0,False,1791.3,4,4,1461.0,1.82,7.7,2.6,6.5,4,1.0,2.7631818748237222,1.7371277814661465,False,True,True,6.5
326594555,13.2097,5393.0,0.939559,1,25.03,2.85316,4179.507,3.15,2830.0,5.45,7.7,9,0.7,1.3,8.0,4.3,1.0,0,,False,,0,0,False,4646.2,9,9,2799.0,2.13,8.0,2.7,6.5,7,1.0,2.5581914373201857,1.2313386535683815,False,True,True,6.5
254980856,12.4296,6018.0,0.956845,1,24.23,6.45962,4153.7315,3.15,3481.0,6.16,8.3,4,0.8,2.1,8.8,2.9,1.0,0,,False,,0,0,False,4116.8,4,4,4244.0,1.31,8.6,2.0,6.5,4,1.0,3.4002042985529353,0.9264149219917704,False,True,True,6.5
211948452,11.6146,3626.0,0.463731,1,24.25,2.68166,4153.6043,1.05,2321.0,2.44,8.2,8,1.2,1.1,7.8,4.3,1.0,0,,False,,0,0,False,2097.5,8,8,2342.0,1.65,8.0,2.7,6.4,6,1.0,1.5650214155352735,0.6709173367067797,False,True,True,6.4
181794086,11.7767,4695.87,0.632846,1,25.06,5.11839,4181.3498,3.15,2512.0,3.46,12.4,4,1.7,-0.7,12.6,3.2,1.0,0,,False,,0,0,False,3021.0,4,4,2414.0,1.98,8.5,3.0,6.4,4,1.0,2.3884607658353514,1.318841006332505,False,True,True,6.4
408248403,10.3339,4567.0,0.731455,1,24.48,3.23991,4236.5552,0.75,1772.0,3.36,13.1,6,1.2,2.0,12.5,3.8,1.0,0,,False,,0,0,False,1476.7,6,6,1827.0,1.27,7.4,0.2,6.4,5,1.0,2.2586261469194673,0.332060266380482,False,True,True,6.4
346314381,13.2233,5109.0,0.79149,1,26.04,3.38177,4265.8204,2.1,3501.0,5.11,7.6,8,0.4,-1.9,7.6,3.7,1.0,0,,False,,0,0,True,4602.6,8,8,3340.0,2.57,8.3,3.8,6.4,6,1.0,2.414830233381306,0.8696263492856503,False,True,True,6.4
22302186,10.4968,5290.0,0.981568,1,24.94,3.33323,4180.146,4.2,804.0,3.04,14.4,8,0.8,-1.0,14.8,3.4,1.0,0,,False,,0,0,False,1376.2,8,8,830.0,1.79,7.9,1.9,6.4,5,1.0,2.7740246488037164,1.5140456671180726,False,True,True,6.4
37736914,12.2675,4324.0,0.724889,1,24.42,5.3237,4267.6197,6.3,1340.0,2.9,8.1,4,0.2,1.5,8.0,2.5,1.0,0,,False,,0,0,False,1907.0,4,4,1446.0,1.72,8.9,3.5,6.3,4,1.0,2.6492757147214427,2.3780084364161436,False,True,True,6.3
148309094,12.0895,3956.0,0.882893,1,23.74,2.04568,4153.8128,4.8,911.0,2.91,7.8,11,0.5,-1.5,7.9,3.1,1.0,0,,False,,0,0,False,2157.1,11,11,743.0,2.76,7.5,3.3,6.3,6,1.0,2.1966434821124086,2.1851520463321004,False,True,True,6.3
129621749,12.5859,3376.0,0.660799,1,24.1,3.71845,4155.2758,2.1,3199.0,4.08,7.4,5,1.5,-1.7,7.2,3.0,1.0,0,,False,,0,0,False,3912.0,5,5,2786.0,2.24,7.4,1.8,6.2,5,1.0,2.209913088741019,0.9502636147543538,False,True,True,6.2
149168745,11.9805,3924.0,0.809458,1,23.57,4.83962,4155.7439,4.5,1441.0,3.35,7.8,4,0.2,0.3,8.3,4.4,1.0,1,,False,,0,0,False,1791.3,4,4,1590.0,2.09,8.2,3.7,6.2,4,1.0,2.7623259800648126,1.6290618965595134,False,True,True,6.2
121078952,12.7755,3135.0,0.214284,2,54.86,11.29437,4246.2111,2.25,4601.0,1.59,10.8,4,2.6,0.9,10.9,3.4,1.0,0,,False,,0,0,False,3021.2,4,4,4422.0,1.53,10.4,3.2,6.1,3,1.0,1.5106208018127931,1.489453870421967,False,True,True,6.1
46682918,12.3877,4741.0,0.741493,1,25.8,3.52919,4267.6079,4.2,2098.0,3.71,8.1,6,1.1,-0.3,8.4,2.7,1.0,0,,False,,0,0,False,4019.5,6,6,2182.0,1.79,7.9,2.1,6.1,4,1.0,2.3451538778531633,1.7909272562723384,False,True,True,6.1
162928498,11.5164,5040.0,0.720418,1,24.25,5.83254,4153.4574,3.6,1244.0,2.77,7.3,4,1.3,-0.1,7.6,2.9,1.0,0,,False,,0,0,False,1594.7,4,4,1324.0,1.73,8.6,2.5,6.0,4,1.0,2.719885193874643,1.3235852778298998,False,True,True,6.0
160892020,12.2054,3969.0,0.881806,1,23.79,3.67035,4155.9932,2.4,1699.0,3.97,7.9,6,2.4,-0.5,8.0,3.2,1.0,0,,False,,0,0,False,2286.9,6,6,2088.0,1.3,7.4,3.1,6.0,5,1.0,2.6670192706695546,0.8998810118824078,False,True,True,6.0
23205280,12.2287,5163.0,0.930499,1,24.92,0.61983,4179.7143,1.05,5870.0,7.78,27.3,37,1.1,2.7,27.6,3.7,1.0,1,"00023205280-01(3:1,ntoi=1)",True,,0,0,False,4904.5,23,37,802.0,34.16,29.1,54.4,24.1,12,0.6216216216216216,1.5279521901770516,0.6871942765946958,False,True,False,24.1
188857765,12.5971,3666.0,0.834859,1,24.33,0.53455,4153.4743,3.15,3231.0,5.18,17.9,41,2.7,2.7,17.8,5.3,1.0,0,,False,,0,0,False,5225.8,34,41,2968.0,4.49,20.2,10.3,19.3,23,0.8292682926829268,1.3529440204058172,2.3282559754801633,False,True,False,19.3
281851169,10.4188,5879.0,1.00695,3,79.04,39.53009,4193.191,2.25,11966.0,12.02,61.8,3,2.1,-0.5,61.5,6.0,1.0,0,,False,,0,0,False,1974.3,3,3,14775.0,1.03,28.8,9.7,19.2,2,1.0,6.434618934097352,0.3496710563662353,False,True,False,19.2
381949410,11.0382,3543.0,0.58803,41,2634.76,117.61784,1497.4355,4.8,3103.0,3.57,49.1,7,0.2,2.2,77.5,7.3,2.0,60,"00381949410-04(1:2,ntoi=5)",True,,0,0,False,1164.8,6,7,402.0,44.64,40.6,1260.5,18.9,4,0.8571428571428571,6.465950111465968,0.7423502992218011,False,True,False,18.9
79750288,10.8716,5325.0,1.08263,2,53.28,0.56595,4179.491,2.1,576.0,2.84,19.2,78,0.5,1.5,19.0,10.1,1.0,1,"00079750288-01(1:1,ntoi=1)",True,,0,0,False,1070.4,73,76,550.0,5.01,19.0,1.9,18.3,36,0.9605263157894737,1.6397879361807102,1.2806534025925247,False,True,False,18.3
52044949,11.8887,5387.0,0.919759,1,25.14,7.36114,4268.8154,4.5,6273.0,7.95,26.0,3,1.6,-0.1,26.1,4.1,1.0,0,,False,,0,0,False,2111.3,3,3,5759.0,1.11,21.4,1.0,15.0,3,1.0,3.459176198123295,1.3008877669895458,False,True,False,15.0
278725797,12.2915,3636.0,0.632589,31,2009.38,21.64836,2054.1985,7.2,947.0,2.12,19.7,35,0.7,2.4,20.9,4.9,1.0,36,"00278725797-01(1:2,ntoi=1)",True,,0,0,False,2215.8,24,35,553.0,10.18,15.6,13.5,14.8,17,0.6857142857142857,3.861574206990763,1.864524573156085,False,True,False,14.8
278457892,12.4267,5352.0,0.838033,1,26.12,1.41956,4207.1903,4.2,6275.0,7.24,25.6,17,0.8,-3.0,26.1,4.2,1.0,0,,False,,0,0,False,7912.3,15,17,6142.0,1.98,16.4,5.6,14.5,14,0.8823529411764706,1.8783086515401728,2.2360542270601216,False,True,False,14.5
46640434,11.4638,5323.0,0.813971,1,25.62,5.70465,4266.697,7.2,2283.0,4.24,21.9,4,1.8,2.3,21.6,2.9,1.0,0,,False,,0,0,False,1990.0,4,4,2525.0,1.96,18.8,25.9,13.7,4,1.0,2.928805851309521,2.4583398031592814,False,True,False,13.7
188857765,12.5971,3666.0,0.834859,1,24.33,1.6054,4154.515,3.6,3668.0,5.52,13.7,14,2.7,2.8,13.8,3.5,1.0,0,,False,,0,0,False,5225.8,14,14,4189.0,3.17,14.8,7.9,13.2,8,1.0,1.9519924600857705,1.8442694188694848,False,True,False,13.2
216517235,13.3869,3588.0,0.507799,1,25.16,8.86252,4180.9267,3.0,25662.0,8.87,12.5,3,0.7,-0.9,13.0,3.2,1.0,1,"00216517235-01(1:3,ntoi=1)",True,,0,0,False,16156.3,3,3,31546.0,1.22,15.8,2.8,12.7,3,1.0,2.4765965540251615,1.2113398103232282,False,True,False,12.7
335443122,12.8298,3515.0,0.894494,1,24.06,8.18716,4156.1071,7.2,5368.0,7.15,16.4,3,0.3,-2.6,16.4,2.8,1.0,1,,False,,0,0,False,4131.5,3,3,5397.0,1.25,17.3,1.8,12.7,3,1.0,3.518068903743271,2.04657731187104,False,True,False,12.7
246799701,7.8788,5805.0,0.914214,1,25.07,6.55299,4184.7841,4.2,569.0,2.38,27.6,3,1.1,3.2,27.5,4.7,1.0,0,,False,,0,0,False,252.3,3,3,481.0,1.41,16.2,3.8,12.7,3,1.0,3.314261008850004,1.267250825684768,False,True,False,12.7
255255628,12.7697,3407.0,1.13293,1,24.14,1.43613,4153.9193,4.8,2352.0,5.99,15.0,16,2.5,-2.1,15.0,4.1,1.0,0,,False,,0,0,False,3646.4,15,16,2018.0,3.5,15.3,8.7,12.7,10,0.9375,2.305375093611237,2.082090681599703,False,True,False,12.7
121133362,12.9786,4491.0,0.708084,2,54.9,7.25117,4240.2814,6.3,32828.0,14.0,54.4,3,0.0,-1.0,54.9,3.4,1.0,0,,False,,0,0,False,13736.0,3,3,28990.0,1.21,16.9,1.5,12.4,3,1.0,2.891129269252998,2.179079319281969,False,True,False,12.4
38759628,10.4964,3316.0,0.347011,43,2661.15,13.13899,1334.5232,2.1,286.0,0.64,19.6,65,2.0,-1.0,22.1,3.1,1.0,5,,False,,0,0,False,606.2,42,65,84.0,6.39,23.4,5.3,12.4,9,0.6461538461538462,2.19090955432721,0.9585060213244967,False,True,False,12.4
233768090,10.507,5783.0,1.08957,1,25.22,1.20119,4180.4067,4.5,1113.0,3.97,16.1,19,1.1,-0.3,16.2,2.8,1.0,0,,False,,0,0,False,1994.5,17,19,923.0,3.72,13.5,5.6,12.1,12,0.8947368421052632,2.116324638110332,2.126327841657627,False,True,False,12.1
38759628,10.4964,3316.0,0.347011,43,2661.15,17.76063,1338.2857,2.1,318.0,0.67,20.5,52,0.4,-1.4,23.4,3.4,1.0,5,,False,,0,0,False,606.2,34,52,77.0,7.46,22.9,6.1,12.1,5,0.6538461538461539,2.422459793005881,0.8668874530190818,False,True,False,12.1
278725797,12.2915,3636.0,0.632589,31,2009.38,56.52163,2059.4985,4.2,2427.0,3.4,22.7,12,2.8,2.0,28.7,5.5,1.0,36,"00278725797-06(2:1,ntoi=6)",True,,0,0,False,2215.8,11,12,939.0,11.1,15.1,50.1,12.1,7,0.9166666666666666,5.317338119014489,0.789868897932416,False,True,False,12.1
142982103,11.854,3892.0,0.764328,3,83.14,14.04862,4210.1045,6.3,1577.0,3.31,17.2,6,2.8,-3.5,17.6,3.2,1.0,0,,False,,0,0,False,1651.9,6,6,1602.0,2.36,15.3,16.9,12.0,5,1.0,3.7926202734932284,1.6611206885200047,False,True,False,12.0
57710087,12.2963,5498.0,1.17513,2,51.61,9.97303,4155.6865,7.2,5557.0,9.56,17.7,4,2.1,0.1,17.4,2.9,1.0,0,,False,,0,0,False,4871.9,4,4,5948.0,1.68,18.3,20.7,11.9,4,1.0,4.50686564614346,1.5975626001101373,False,True,False,11.9
364198802,12.0963,3972.0,1.08567,1,23.79,8.6539,4155.3377,6.0,3319.0,6.82,17.9,3,2.4,0.6,18.1,2.6,1.0,0,,False,,0,0,False,2541.2,3,3,3228.0,1.48,14.7,3.8,11.7,3,1.0,4.077658109884789,1.4714328269589834,False,True,False,11.7
318030915,13.4714,3578.0,0.796116,1,24.22,8.02706,4153.868,4.2,13248.0,10.0,20.7,3,0.3,-3.9,20.8,2.8,1.0,0,,False,,0,0,False,9095.5,3,3,14086.0,1.17,18.0,1.5,11.6,3,1.0,3.2337866609072994,1.298786976510569,False,True,False,11.6
246799701,7.8788,5805.0,0.914214,1,25.07,6.52944,4184.8466,3.6,658.0,2.56,27.3,3,2.9,2.3,20.2,2.8,2.0,0,,False,,0,0,False,252.3,3,3,613.0,1.21,15.3,4.0,11.6,3,1.0,3.31028600237432,1.0875193253446624,False,True,False,11.6
369371550,11.148,5101.0,0.845472,3,83.17,2.60461,4208.3506,4.5,322.0,1.65,8.6,21,0.8,-3.8,8.7,3.4,1.0,0,,False,,0,0,False,889.9,20,21,386.0,3.44,12.9,2.7,11.5,16,0.9523809523809523,2.3130694969474828,1.9454668378700126,False,True,False,11.5
381949410,11.0382,3543.0,0.58803,41,2634.76,39.20708,1418.923,4.2,1104.0,2.13,29.5,22,1.4,-0.3,61.4,5.4,1.0,60,"00381949410-02(1:3,ntoi=2)",True,,0,0,False,1164.8,13,22,122.0,142.77,22.5,326.5,11.4,4,0.5909090909090909,4.483282608026036,0.9368135732690821,False,True,False,11.4
253806672,10.6004,5822.0,1.01058,1,25.15,6.82439,4184.0634,4.8,1471.0,4.23,18.6,4,0.2,1.3,18.8,3.3,1.0,0,,False,,0,0,True,855.9,3,3,2161.0,1.33,16.7,66.2,11.1,3,1.0,3.5915069072808583,1.3364863618302478,False,True,False,11.1
464861251,12.7689,3747.0,0.814485,1,24.1,0.73358,4153.9725,3.15,2567.0,4.5,16.5,30,1.4,-3.8,15.8,3.1,1.0,0,,False,,0,0,False,5193.6,27,30,1875.0,6.0,12.2,5.5,11.0,13,0.9,1.4789251070816776,2.129925298391755,False,True,False,11.0
143024018,12.2608,3956.0,0.768047,3,83.01,14.4615,4211.3608,1.58,5168.0,6.02,16.3,3,0.0,1.2,15.8,3.8,2.0,2,,False,,0,0,False,2150.1,3,3,4838.0,1.84,15.5,34.0,10.9,3,1.0,3.8418281944089525,0.4112625344098907,False,True,False,10.9
464861251,12.7689,3747.0,0.814485,1,24.1,9.39517,4153.4007,6.3,7574.0,7.73,20.8,3,0.1,-1.2,16.3,3.3,1.0,0,,False,,0,0,False,5193.6,3,3,8464.0,1.05,14.9,0.1,10.4,3,1.0,3.460179020620177,1.8207150446426423,False,True,False,10.4
464861251,12.7689,3747.0,0.814485,1,24.1,9.38747,4153.4382,6.3,7442.0,7.67,20.7,3,0.4,-1.9,22.0,5.6,1.0,0,,False,,0,0,False,5193.6,3,3,8240.0,1.11,15.3,0.5,10.4,3,1.0,3.459233475888868,1.821212717762909,False,True,False,10.4
30531851,12.3885,3317.0,0.329839,13,1951.8,2.81435,2036.8987,3.0,405.0,0.72,7.6,112,0.6,-2.4,7.9,6.1,1.0,3,,False,,0,0,False,2291.7,84,111,489.0,4.75,10.7,2.2,10.3,27,0.7567567567567568,1.267269549516999,2.36729431488621,False,True,False,10.3
60299558,10.8371,5545.0,0.93718,1,25.38,9.15038,4184.7657,3.15,3785.0,6.29,15.8,3,2.0,0.0,16.0,4.3,1.0,0,,False,,0,0,False,2767.7,3,3,4173.0,1.55,13.8,8.2,10.1,3,1.0,3.766199707338564,0.8363868739785947,False,True,False,10.1
51833542,10.689,6118.0,1.14969,1,25.14,7.25952,4268.8906,4.5,1333.0,4.58,13.1,4,2.7,-1.3,13.1,5.3,1.0,0,,False,,0,0,False,758.5,4,4,1359.0,1.42,14.3,6.5,10.1,4,1.0,3.9954413993257014,1.1262835692595696,False,True,False,10.1
220395389,11.6486,3483.0,0.446078,13,1983.79,119.51789,2148.1988,3.15,4515.0,3.27,24.7,3,0.1,-3.1,23.1,6.7,2.0,8,,False,,0,0,False,1804.4,3,3,4356.0,2.62,16.4,119.0,10.0,3,1.0,5.407042747805594,0.5825735336156539,False,True,False,10.0
210844914,11.9214,3968.0,0.635126,1,24.25,5.37892,4153.7138,4.8,4125.0,4.45,10.5,4,0.3,0.3,10.6,3.6,1.0,0,,False,,0,0,False,4343.8,4,4,4770.0,1.95,11.8,8.8,9.7,4,1.0,2.4341457752152484,1.9719443465030528,False,True,False,9.7
332660818,10.8521,3660.0,0.646813,1,24.48,3.36103,4236.9525,3.15,1832.0,3.02,20.7,5,2.3,1.4,21.4,2.7,1.0,1,,False,,0,0,True,1586.1,5,5,2499.0,1.75,14.5,21.0,9.5,5,1.0,2.1064520796539976,1.4954054879413226,False,True,False,9.5
210844914,11.9214,3968.0,0.635126,1,24.25,1.30956,4154.2544,2.25,2451.0,3.43,9.0,16,1.8,2.0,9.3,2.7,0.5,0,,False,,0,0,False,4343.8,14,16,3210.0,2.59,10.6,6.6,8.9,11,0.875,1.5199291898081437,1.4803321201325248,False,True,False,8.9
209453396,10.7832,4534.0,0.703426,1,25.15,6.90461,4211.9293,2.4,2235.0,3.63,15.4,3,0.0,-1.3,15.4,4.7,1.0,0,,False,,0,0,True,923.3,3,3,2805.0,1.16,13.6,1.6,8.9,3,1.0,2.8318285511287615,0.8475089351872537,False,True,False,8.9
330525458,12.4432,4615.07,0.617057,1,24.99,0.6486,4179.7687,2.1,1057.0,2.19,7.0,34,0.1,2.9,7.3,7.4,1.0,0,,False,,0,0,False,2696.2,33,34,893.0,3.86,9.5,1.5,8.8,12,0.9705882352941176,1.1796435508108816,1.780198771532697,False,True,False,8.8
149008917,12.7667,3820.0,0.820315,1,23.95,1.91244,4155.0223,3.15,2612.0,4.57,11.3,11,0.7,1.7,11.2,2.6,1.0,0,,False,,0,0,False,3687.1,11,11,1601.0,4.31,11.3,7.7,8.8,6,1.0,2.045147656703254,1.5402310878021153,False,True,False,8.8
306101698,13.0854,3499.0,0.447274,1,25.06,8.61844,4186.4904,2.1,6056.0,3.8,8.7,3,1.0,-1.7,8.7,5.5,1.0,1,"00306101698-01(1:3,ntoi=1)",True,,0,0,False,4100.7,3,3,6979.0,1.16,11.7,1.5,8.6,3,1.0,2.2545867504901813,0.9314345520496953,False,True,False,8.6
148080282,11.9989,3975.0,0.926111,1,23.97,7.83627,4158.7816,6.3,1989.0,4.51,12.1,3,0.2,0.8,13.0,3.7,1.0,1,"00148080282-01(2:1,ntoi=1)",True,,0,0,False,1995.2,3,3,2466.0,1.35,13.9,10.4,8.6,3,1.0,3.548298270267771,1.7754989913868129,False,True,False,8.6
148080282,11.9989,3975.0,0.926111,1,23.97,5.3676,4153.4879,4.2,1865.0,4.36,11.8,5,1.0,1.2,11.8,3.1,1.0,1,,False,,0,0,False,1995.2,5,5,2136.0,1.78,11.7,11.8,8.6,5,1.0,3.1278340552015513,1.3427822339281232,False,True,False,8.6
233768090,10.507,5783.0,1.08957,1,25.22,8.35615,4187.6504,4.8,2118.0,5.47,14.7,4,2.7,-1.1,15.1,2.4,1.0,0,,False,,0,0,False,1994.5,4,4,2219.0,1.56,12.3,11.7,8.6,4,1.0,4.039991590558691,1.1881212850089637,False,True,False,8.6
112909031,10.6747,4709.0,0.986188,1,25.38,3.4371,4179.3502,4.8,1189.0,3.71,16.9,7,1.3,1.7,17.4,2.8,1.0,1,,False,,0,0,True,1497.6,7,7,971.0,2.25,11.1,4.4,8.5,7,1.0,2.8113321496059087,1.7073756299741607,False,True,False,8.5
211667938,9.158,4742.0,1.18145,1,24.25,3.81106,4154.9137,4.8,320.0,2.31,13.1,6,1.8,-1.2,13.4,3.0,1.0,0,,False,,0,0,False,407.0,6,6,261.0,2.93,10.9,7.4,8.5,6,1.0,3.2822157149781024,1.4624267314593682,False,True,False,8.5
340007359,10.6797,3920.0,0.589051,33,2662.78,63.86345,1377.0093,2.1,752.0,1.76,11.5,9,1.8,1.3,14.1,5.0,2.0,5,,False,,0,0,False,699.7,9,9,402.0,7.99,13.4,27.1,8.5,4,1.0,5.2811400476031585,0.39764141474587167,False,True,False,8.5
55526478,12.2791,3596.0,0.561961,13,1951.8,4.24249,2039.4794,1.8,433.0,1.28,7.1,69,1.2,1.0,7.0,5.9,1.0,0,,False,,0,0,False,1588.9,57,69,460.0,4.35,9.0,1.6,8.5,16,0.8260869565217391,2.0727775087083096,0.8684000055180567,False,True,False,8.5
219299137,10.8189,3767.0,0.675161,2,53.06,21.04666,4179.8045,3.6,2293.0,3.53,19.7,3,0.0,0.3,20.1,4.8,1.0,0,,False,,0,0,False,1731.8,3,3,2318.0,1.74,15.1,24.6,8.3,2,1.0,3.995222041038685,0.9010763264271704,False,True,False,8.3
59989687,11.7797,4806.0,0.765953,1,25.26,2.44314,4181.5321,3.15,1252.0,2.96,8.8,9,0.1,3.9,9.1,4.5,2.0,1,,False,,0,0,False,1870.7,8,9,760.0,4.0,10.3,8.7,8.2,4,0.8888888888888888,2.119951017331729,1.4858833879873035,False,True,False,8.2
217418381,11.8891,5197.0,0.89374,1,25.22,5.86427,4185.0567,4.5,4454.0,6.51,13.0,4,0.2,-0.6,13.5,2.9,1.0,0,,False,,0,0,False,4096.0,4,4,4209.0,2.49,10.8,13.0,8.2,4,1.0,3.1459639639929518,1.4304041786570452,False,True,False,8.2
59952738,11.459,6080.0,1.05024,1,25.45,10.88846,4268.7922,4.8,2144.0,5.31,13.6,3,0.3,-0.2,13.6,2.9,1.0,0,,False,,0,0,False,1404.1,3,3,2663.0,1.11,12.4,7.9,8.1,3,1.0,4.305822776609119,1.1147695223490017,False,True,False,8.1
212697670,12.372,4735.0,0.759078,1,25.22,3.07648,4181.5877,2.25,3030.0,4.56,7.3,8,2.5,1.2,7.7,5.6,1.0,0,,False,,0,0,False,4062.1,8,8,3308.0,2.45,10.7,4.4,8.0,7,1.0,2.2755371450391113,0.988777531012937,False,True,False,8.0
254980856,12.4296,6018.0,0.956845,1,24.23,0.8432,4153.7549,1.58,2180.0,4.87,9.3,27,0.1,-3.4,9.2,3.2,1.0,0,,False,,0,0,False,4116.8,23,27,2251.0,3.37,8.7,2.9,7.9,12,0.8518518518518519,1.7248296978345965,0.9160324651086307,False,True,False,7.9
321052818,10.8486,6013.0,1.04752,3,80.25,14.32887,4183.1304,6.3,705.0,3.03,12.8,5,2.3,2.1,13.3,3.7,2.0,0,,False,,0,0,False,842.5,5,5,1059.0,1.17,11.6,14.3,7.9,3,1.0,4.710357001860021,1.337478241566884,False,True,False,7.9
306101698,13.0854,3499.0,0.447274,1,25.06,0.95895,4179.7654,2.1,1866.0,2.11,7.1,23,0.6,-1.6,7.2,3.9,1.0,1,"00306101698-01(3:1,ntoi=1)",True,,0,0,False,4100.7,16,23,1166.0,6.92,9.4,7.5,7.8,8,0.6956521739130435,1.084399688421302,1.9365553332620706,False,True,False,7.8
318015237,13.1931,4497.0,0.761796,1,25.98,5.43779,4269.2701,4.8,5681.0,6.26,12.8,4,2.5,2.6,12.7,2.9,1.0,0,,False,,0,0,False,4713.8,4,4,4890.0,2.08,14.4,13.0,7.8,4,1.0,2.7578770230152845,1.740469194218091,False,True,False,7.8
260464118,10.5045,5050.0,0.791014,1,25.19,9.30892,4188.6111,3.6,1021.0,2.76,9.7,3,1.9,2.0,7.1,2.6,1.0,0,,False,,0,0,False,816.1,3,3,1220.0,1.54,11.2,6.1,7.8,3,1.0,3.3829650165089173,1.064155255059378,False,True,False,7.8
124032430,11.8009,5603.0,0.918412,1,25.4,7.27001,4268.8735,1.58,3431.0,5.87,9.2,4,0.3,-0.0,9.2,3.3,1.0,0,,False,,0,0,False,1529.4,3,3,3349.0,1.22,10.6,0.8,7.8,3,1.0,3.441477991074959,0.4591050717446201,False,True,False,7.8
33935576,12.3057,5707.0,0.902813,1,25.64,9.22053,4266.3811,7.2,1736.0,4.1,9.0,3,0.7,-0.8,9.0,2.9,1.0,0,,False,,0,0,False,2295.4,3,3,2142.0,1.05,10.4,0.4,7.7,3,1.0,3.6829186420143856,1.9549712333753684,False,True,False,7.7
382043650,11.9592,3432.0,0.571631,25,2659.71,49.83206,1435.4624,1.8,4774.0,4.31,32.4,9,1.0,-2.2,60.5,5.2,2.0,45,"00382043650-02(1:2,ntoi=2);00382043650-01(3:1,ntoi=5);00382043650-01(3:1,ntoi=5)",True,,0,0,False,2113.2,9,9,1301.0,16.35,11.1,58.3,7.7,5,1.0,4.765645748785965,0.3777032735718019,False,True,False,7.7
346314381,13.2233,5109.0,0.79149,1,26.04,1.1257,4264.7454,2.1,2098.0,3.95,7.4,22,0.4,0.4,7.6,3.7,1.0,0,,False,,0,0,False,4602.6,19,22,2399.0,3.69,8.7,3.6,7.6,9,0.8636363636363636,1.6735786909327657,1.2547960913804235,False,True,False,7.6
59750863,11.1576,5939.0,1.04903,1,25.13,7.1675,4269.2243,4.2,3287.0,6.56,20.1,3,1.1,1.7,20.4,3.1,1.0,0,,False,,0,0,False,1263.0,3,3,3021.0,1.69,21.1,14.6,7.6,3,1.0,3.7427383459135477,1.122173021949479,False,True,False,7.6
214184419,12.3185,3586.0,0.507901,2,51.21,0.71411,4153.4577,1.8,945.0,1.7,7.1,60,0.4,-2.0,6.6,5.7,1.0,0,,False,,0,0,False,3151.9,48,60,1043.0,3.46,7.9,1.2,7.5,13,0.8,1.0698331335681988,1.6825053772605514,False,True,False,7.5
465487700,13.4001,4310.0,0.614801,1,25.29,5.16512,4182.399,4.2,17080.0,8.77,12.4,4,2.2,3.4,12.7,3.2,1.0,0,,False,,0,0,False,16741.6,4,4,15900.0,2.31,10.0,11.8,7.5,4,1.0,2.349947407721801,1.7872740411972734,False,True,False,7.5
140485808,12.7441,3558.0,0.678659,1,23.77,6.72658,4157.5491,3.15,5492.0,5.49,10.4,3,0.8,0.1,10.2,4.3,1.0,1,,False,,0,0,True,4036.1,3,3,5505.0,1.58,10.0,3.0,7.5,3,1.0,2.740990139128135,1.1492197491093363,False,True,False,7.5
143514367,12.7135,3506.0,0.394983,1,25.07,5.99066,4185.081,2.25,5069.0,3.07,9.4,3,0.0,-0.1,8.9,4.2,1.0,0,,False,,0,0,False,3946.7,3,3,6061.0,1.25,10.4,2.1,7.4,3,1.0,1.8383101595746414,1.2239501524164005,False,True,False,7.4
262531383,11.7922,3911.0,0.587697,3,80.21,36.67125,4185.0822,4.8,2377.0,3.13,16.5,3,0.3,2.7,16.6,3.7,1.0,1,,False,,0,0,False,1429.5,3,3,2633.0,2.07,14.8,79.1,7.4,2,1.0,4.38280869432204,1.0951881167476998,False,True,False,7.4
3938364,10.604,6145.0,0.944372,1,24.24,5.56719,4154.4793,3.15,827.0,2.96,9.0,4,1.9,-2.2,9.2,2.8,1.0,0,,False,,0,0,False,901.3,4,4,1154.0,1.2,9.8,5.3,7.4,3,1.0,3.207616039872799,0.98203773794725,False,True,False,7.4
272550631,11.4631,3550.0,0.620792,25,2577.39,70.07803,1501.4408,3.15,1114.0,2.26,12.1,8,1.8,-0.9,15.9,4.4,2.0,27,,False,,0,0,False,1154.2,6,8,1506.0,3.4,11.0,34.4,7.4,5,0.75,5.641132881382084,0.5583984753126834,False,True,False,7.4
350332540,12.3818,3529.0,0.598352,13,2009.39,18.03804,2036.9659,4.5,839.0,1.89,9.5,16,2.3,-1.9,6.8,4.0,1.0,5,,False,,0,0,False,1972.1,12,16,842.0,3.51,8.9,7.2,7.4,10,0.75,3.501406824736031,1.2851977005954607,False,True,False,7.4
142873559,12.4147,3480.0,0.65321,2,52.9,3.89115,4210.6732,4.8,1902.0,3.11,15.3,10,0.4,3.6,15.4,3.4,1.0,1,,False,,0,0,False,2748.1,10,10,1370.0,1.86,9.1,4.3,7.3,6,1.0,2.2263981618423374,2.155948599970104,False,True,False,7.3
37736914,12.2675,4324.0,0.724889,1,24.42,1.76881,4267.676,3.6,1156.0,2.69,8.8,11,2.6,1.6,8.0,2.5,2.0,0,,False,,0,0,False,1907.0,10,11,857.0,4.23,9.4,4.1,7.3,5,0.9090909090909091,1.834916736662779,1.961941884375328,False,True,False,7.3
321052818,10.8486,6013.0,1.04752,3,80.25,28.58486,4183.2429,6.3,917.0,3.46,13.1,3,1.6,3.7,13.1,3.6,1.0,0,,False,,0,0,False,842.5,3,3,1275.0,1.22,12.2,30.9,7.3,2,1.0,5.929642807336505,1.062458600744933,False,True,False,7.3
121554340,11.1863,4208.0,1.18211,1,24.03,6.08407,4159.2052,6.3,2127.0,5.95,15.0,3,0.0,-1.9,15.2,2.8,1.0,1,,False,,0,0,False,1371.8,3,3,2085.0,1.16,11.4,0.4,7.3,3,1.0,3.8374696663219403,1.641706788014378,False,True,False,7.3
181794086,11.7767,4695.87,0.632846,1,25.06,0.96179,4179.7279,2.1,1292.0,2.48,11.9,23,0.9,-1.6,11.8,2.7,1.0,0,,False,,0,0,False,3021.0,18,23,1357.0,5.12,8.6,5.0,7.2,11,0.782608695652174,1.3680450721764792,1.5350371436659054,False,True,False,7.2
139636101,12.3897,3916.0,0.6438,2,54.91,18.51337,4246.7589,3.15,17966.0,9.41,22.4,3,2.0,-1.5,22.8,4.6,1.0,0,,False,,0,0,False,12374.0,3,3,17999.0,1.95,11.6,14.4,7.2,3,1.0,3.7085496911771556,0.8493886457808625,False,True,False,7.2
423660875,11.0663,4735.0,0.757772,1,25.79,8.70568,4266.3556,1.58,1520.0,3.22,8.2,3,0.3,-2.2,8.3,4.3,1.0,0,,False,,0,0,False,1131.8,3,3,2025.0,1.04,9.5,0.8,7.2,3,1.0,3.2149056340857984,0.49146077049608156,False,True,False,7.2
263264755,12.4845,3672.0,0.861954,1,25.33,7.61356,4182.6906,3.6,9154.0,9.0,13.2,3,0.0,-0.1,13.4,3.8,1.0,1,"00263264755-01(2:1,ntoi=1)",True,,0,0,False,6248.8,3,3,10474.0,1.88,13.3,34.1,7.2,3,1.0,3.350119343703847,1.0745885834681603,False,True,False,7.2
216257126,11.6113,4163.0,1.04467,1,25.22,6.47662,4185.053,1.12,3246.0,6.49,7.1,3,1.7,1.4,7.0,3.7,1.0,0,,False,,0,0,False,1657.1,3,3,4319.0,1.16,10.6,4.1,7.2,3,1.0,3.608365443321023,0.3103898475896023,False,True,False,7.2
334429114,11.1282,4329.0,1.05438,1,24.06,5.33244,4153.4447,4.2,1027.0,3.69,11.1,5,2.6,2.1,11.5,2.7,1.0,0,,False,,0,0,False,1189.4,5,5,680.0,5.48,19.4,58.4,7.2,5,1.0,3.4028937786850744,1.2342436388428613,False,True,False,7.2
33423081,10.3811,6194.0,1.14199,1,26.04,6.66292,4269.2962,4.5,912.0,3.76,14.7,4,2.2,-0.2,14.9,2.7,1.0,0,,False,,0,0,False,782.4,4,4,881.0,1.31,10.8,4.7,7.2,3,1.0,3.8654912477561556,1.1641469897550965,False,True,False,7.2
140485808,12.7441,3558.0,0.678659,1,23.77,2.24979,4155.2772,2.1,2816.0,3.93,8.1,9,0.4,-0.0,8.2,2.7,1.0,1,,False,,0,0,False,4036.1,8,9,3290.0,2.53,9.0,7.7,7.1,6,0.8888888888888888,1.9026403230739595,1.1037293673074167,False,True,False,7.1
165062587,10.2665,5239.0,0.785026,2,53.65,11.50741,4212.1892,4.2,2159.0,3.98,15.7,5,1.2,2.6,16.0,3.3,1.0,0,,False,,0,0,False,2679.3,5,5,1416.0,4.03,10.8,15.2,7.1,3,1.0,3.6123530037449005,1.162677068283717,False,True,False,7.1
160892020,12.2054,3969.0,0.881806,1,23.79,5.17064,4153.6526,3.15,1659.0,3.92,8.1,5,1.8,-1.2,8.1,3.3,1.0,0,,False,,0,0,False,2286.9,5,5,2174.0,1.46,9.2,5.8,7.1,4,1.0,2.989774459553074,1.0535911797409887,False,True,False,7.1
34262050,12.188,5267.0,1.13912,1,25.91,1.40169,4265.2726,2.4,933.0,3.8,7.2,16,0.4,2.8,7.1,3.3,1.0,0,,False,,0,0,False,1895.8,14,16,865.0,3.65,8.2,4.0,7.1,7,0.875,2.2951193281801046,1.045697263114881,False,True,False,7.1
167206099,12.2827,3657.0,0.542147,21,2577.17,57.19496,1465.6809,1.58,1493.0,2.29,8.4,10,0.2,0.3,8.2,5.6,1.0,2,,False,,0,0,False,1649.5,10,10,1005.0,6.18,12.3,16.6,7.0,6,1.0,4.816581576700919,0.3280334766139701,False,True,False,7.0
143514367,12.7135,3506.0,0.394983,1,25.07,1.19721,4180.3091,2.4,1779.0,1.82,8.2,18,1.2,-1.0,8.4,3.6,1.0,0,,False,,0,0,False,3946.7,16,18,1222.0,6.04,8.5,4.8,6.9,7,0.8888888888888888,1.0747744706241742,2.2330266168363697,False,True,False,6.9
260464118,10.5045,5050.0,0.791014,1,25.19,9.32988,4188.6361,2.4,1282.0,3.09,9.5,3,2.0,-0.5,9.3,4.7,1.0,0,,False,,0,0,False,816.1,3,3,1298.0,1.56,10.4,4.0,6.9,3,1.0,3.3855021455958045,0.708905177662391,False,True,False,6.9
123814799,12.2542,4829.0,0.760623,1,25.22,6.21803,4179.5207,1.58,8248.0,7.54,7.5,3,0.4,2.1,7.1,3.2,1.0,0,,False,,0,0,False,7076.1,3,3,10450.0,1.05,8.8,0.1,6.8,3,1.0,2.880970872548312,0.5484262319536882,False,True,False,6.8
93159822,10.7912,5317.0,0.779771,1,24.13,6.01792,4158.239,7.2,616.0,2.11,10.4,4,1.5,0.8,8.7,2.7,0.5,0,,False,,0,0,False,812.6,4,4,685.0,1.24,9.7,5.3,6.8,4,1.0,2.897355710274036,2.485024525800808,False,True,False,6.8
182229791,12.9672,5862.0,1.03388,1,25.06,1.47596,4180.7633,4.2,2246.0,5.35,8.2,15,0.2,-1.1,8.8,2.6,1.0,0,,False,,0,0,False,5728.5,12,15,2200.0,2.57,8.0,4.6,6.8,7,0.8,2.188836116352046,1.9188279874510643,False,True,False,6.8
217889520,10.8814,6000.0,1.10783,1,25.22,0.8091,4179.8837,0.75,1259.0,4.29,10.9,28,2.6,-0.8,10.9,4.2,1.0,0,,False,,0,0,False,1927.2,21,28,1158.0,3.46,8.4,3.3,6.8,8,0.75,1.875819770434742,0.3998251920685212,False,True,False,6.8
122401893,12.633,3515.0,0.668374,1,23.77,2.40181,4153.7892,4.8,1739.0,3.04,7.9,9,0.1,0.4,7.9,4.4,1.0,1,,False,,0,0,False,3330.9,8,9,1786.0,2.0,8.4,4.4,6.6,6,0.8888888888888888,1.9248676565535072,2.4936779334712513,False,True,False,6.6
142868983,11.959,3760.0,0.69716,2,52.9,9.25687,4216.5076,2.25,2105.0,3.49,8.8,3,0.8,1.9,8.9,3.0,1.0,2,,False,,0,0,False,1718.6,3,3,1987.0,1.83,8.6,6.3,6.6,3,1.0,3.1039733921323287,0.7248773477579082,False,True,False,6.6
162928498,11.5164,5040.0,0.720418,1,24.25,3.95715,4157.0105,3.15,1174.0,2.69,7.5,5,0.1,2.4,7.7,3.1,1.0,0,,False,,0,0,False,1594.7,4,5,2318.0,1.04,9.0,15.0,6.6,3,0.8,2.389968453957761,1.3180090284386956,False,True,False,6.6
143361902,11.696,5033.0,0.762959,1,25.77,6.6122,4211.9969,6.3,1408.0,3.12,8.9,4,2.2,1.3,7.9,3.8,2.0,0,,False,,0,0,False,1556.5,4,4,1607.0,1.49,9.7,5.2,6.6,3,1.0,2.946621961534563,2.1380414869096547,False,True,False,6.6
79260202,13.0586,3772.0,0.868131,1,24.25,3.27995,4153.4258,2.4,5143.0,6.79,8.0,8,1.7,-2.1,8.1,3.5,1.0,0,,False,,0,0,False,7466.2,7,8,5749.0,2.68,9.2,11.7,6.6,6,0.875,2.5422653499761085,0.9440399288070203,False,True,False,6.6
98672442,12.4363,3772.0,0.552628,1,25.79,4.91374,4268.7977,3.15,3080.0,3.35,12.2,4,1.9,-1.1,12.1,4.0,1.0,0,,False,,0,0,False,2291.2,4,4,3070.0,1.45,12.2,6.2,6.5,4,1.0,2.1526211782845444,1.4633322536156972,False,True,False,6.5
48178703,12.805,4808.0,0.750072,1,25.14,0.67153,4265.7119,3.15,1233.0,2.87,7.4,31,0.1,-0.1,7.5,2.7,1.0,1,,False,,0,0,False,3794.1,22,31,1136.0,4.65,7.2,4.8,6.5,10,0.7096774193548387,1.359248104941329,2.317457709559189,False,True,False,6.5
79260202,13.0586,3772.0,0.868131,1,24.25,3.41658,4153.3633,4.5,3748.0,5.8,7.8,8,1.1,-0.3,8.1,3.4,1.0,0,,False,,0,0,True,7466.2,8,8,3170.0,3.81,9.3,5.4,6.5,7,1.0,2.5770865355776738,1.7461578949234975,False,True,False,6.5
307425683,11.9538,4053.0,1.04662,1,24.1,3.01113,4153.5227,3.15,2166.0,5.31,9.5,6,2.8,-1.7,9.5,3.1,1.0,0,,False,,0,0,False,2808.9,6,6,1900.0,3.45,9.2,7.6,6.5,5,1.0,2.798836199025587,1.12546779304079,False,True,False,6.5
183531231,11.914,5385.0,0.810123,2,55.24,15.97235,4235.5275,4.8,1265.0,3.14,8.0,4,2.8,1.3,7.5,4.0,1.0,0,,False,,0,0,False,1543.3,4,4,1771.0,1.59,9.8,14.0,6.4,3,1.0,4.114956118588717,1.1664765945660263,False,True,False,6.4
255053384,13.0546,3512.0,1.01148,1,24.13,4.54013,4154.3176,3.15,3041.0,6.09,7.3,6,1.1,0.3,7.2,3.4,1.0,0,,False,,0,0,True,4540.0,6,6,3824.0,1.69,8.3,4.7,6.4,4,1.0,3.1371546146118217,1.0040945974828108,False,True,False,6.4
219951375,12.4002,4314.0,0.712449,2,51.06,17.86684,4158.4459,2.25,3164.0,4.37,7.5,3,0.4,-0.4,7.8,4.7,1.0,0,,False,,0,0,False,3172.2,3,3,3954.0,1.19,8.2,0.6,6.3,3,1.0,3.9209688998094068,0.5738377573230355,False,True,False,6.3
408786100,11.643,5454.0,0.820877,1,25.22,3.78356,4182.7694,2.25,2339.0,4.33,8.2,6,1.7,-0.0,8.6,3.3,1.0,0,,False,,0,0,False,2616.1,6,6,2152.0,2.83,8.8,7.5,6.3,4,1.0,2.568584716578213,0.8759687720159678,False,True,False,6.3
272433444,11.5678,3490.0,0.369363,22,2602.12,58.19311,1424.3062,2.4,900.0,1.21,7.1,6,2.6,-1.0,7.4,4.2,1.0,7,,False,,0,0,False,1197.8,5,6,1456.0,1.12,8.1,6.1,6.3,4,0.8333333333333334,3.7508907009724757,0.639848023131616,False,True,False,6.3
70033074,12.8093,3433.0,0.660553,1,23.88,9.73361,4157.8638,4.2,4185.0,4.66,9.8,3,2.5,-1.5,9.9,3.6,1.0,0,,False,,0,0,False,3707.6,3,3,3601.0,1.78,9.4,7.1,6.2,3,1.0,3.044888453503346,1.3793608745067893,False,True,False,6.2
92191930,10.5682,5160.0,0.862399,1,25.79,9.09238,4264.9507,2.4,1350.0,3.46,11.3,3,1.0,-1.0,11.3,4.8,1.0,0,,False,,0,0,False,1023.8,3,3,1568.0,1.13,8.7,1.7,6.2,3,1.0,3.555546118564896,0.6750017915584505,False,True,False,6.2
32036415,12.1124,3571.0,0.531038,36,2662.78,80.68277,1400.16,1.8,1287.0,2.08,8.4,12,1.3,-1.7,9.7,4.0,2.0,3,,False,,0,0,False,1576.4,9,12,889.0,5.15,8.3,13.0,6.2,5,0.75,5.327853734393695,0.33784711250239274,False,True,False,6.2
465487700,13.4001,4310.0,0.614801,1,25.29,5.18607,4182.374,3.0,20366.0,9.57,12.6,4,2.2,2.7,12.0,2.9,0.5,0,,False,,0,0,False,16741.6,4,4,19239.0,2.58,8.9,15.9,6.1,3,1.0,2.353120292124389,1.2749029490930148,False,True,False,6.1
7696623,12.6051,4185.0,0.635864,2,54.9,9.68905,4239.9851,1.05,9091.0,6.61,8.0,3,1.2,-2.5,7.7,4.2,1.0,0,,False,,0,0,False,6126.8,3,3,10212.0,1.37,7.7,0.8,6.0,3,1.0,2.963999901387655,0.35425102393168834,False,True,False,6.0
122401893,12.633,3515.0,0.668374,1,23.77,2.38389,4153.833,4.5,1629.0,2.94,7.2,9,0.1,1.8,7.2,3.7,1.0,1,,False,,0,0,False,3330.9,8,9,1827.0,1.94,7.6,4.7,6.0,7,0.8888888888888888,1.9200685298003999,2.343666348444238,False,True,False,6.0
383854713,12.7454,3598.0,0.695361,1,24.08,7.71429,4158.5853,3.15,3993.0,4.79,8.0,3,0.9,0.7,8.4,3.3,1.0,0,,False,,0,0,False,3624.4,3,3,4080.0,1.11,7.9,0.1,6.0,3,1.0,2.9159528715865477,1.0802643728209878,False,True,False,6.0
334129021,12.0695,3633.0,0.702483,1,24.1,5.25239,4153.8414,2.25,3603.0,4.6,11.1,5,2.8,2.0,11.7,3.2,1.0,2,,False,,0,0,False,3149.0,4,5,3420.0,1.5,8.8,5.9,6.0,3,0.8,2.5827626372025527,0.8711601939685114,False,True,False,6.0
34436691,12.9262,5259.0,0.868399,1,26.04,9.1644,4270.5048,2.25,9249.0,9.11,9.8,3,2.1,1.3,9.8,2.9,1.0,0,,False,,0,0,False,9551.0,3,3,12058.0,1.13,7.6,1.1,6.0,3,1.0,3.5814249051163625,0.628241568540412,False,True,False,6.0
34436691,12.9262,5259.0,0.868399,1,26.04,1.44588,4266.0376,1.58,5174.0,6.81,9.5,15,0.8,3.1,9.6,2.8,1.0,0,,False,,0,0,False,9551.0,14,15,5391.0,2.55,6.9,1.4,6.0,5,0.9333333333333333,1.935227026766008,0.8164416774606367,False,True,False,6.0
148309094,12.0895,3956.0,0.882893,1,23.74,2.30138,4154.1753,4.2,984.0,3.02,7.8,10,0.5,-0.4,8.0,3.2,1.0,0,,False,,0,0,False,2157.1,10,10,748.0,4.19,8.5,5.9,6.0,4,1.0,2.284597977055861,1.8383978460019907,False,True,False,6.0
211667938,9.158,4742.0,1.18145,1,24.25,6.23727,4158.6793,3.15,678.0,3.36,13.7,3,0.6,-2.9,14.0,3.3,1.0,0,,False,,0,0,False,407.0,3,3,555.0,2.35,8.5,9.7,6.0,3,1.0,3.8679724596636915,0.8143801520949513,False,True,False,6.0
167206099,12.2827,3657.0,0.542147,21,2577.17,79.82831,1468.1231,1.8,2332.0,2.86,9.9,5,2.2,0.8,8.1,5.5,2.0,2,,False,,0,0,False,1649.5,5,5,1714.0,3.72,13.5,24.5,6.0,4,1.0,5.382763659347874,0.3344007119603077,False,True,False,6.0
33714944,12.3141,3396.0,0.40182,34,2720.36,76.6881,1349.2444,2.25,1562.0,1.73,10.2,11,1.1,2.1,17.4,4.1,2.0,20,,False,,0,0,False,1971.7,10,11,1331.0,7.75,10.5,24.8,6.0,7,0.9090909090909091,4.349827015566509,0.517261949026487,False,True,False,6.0
166701210,12.249,3627.0,0.656456,3,83.08,14.34105,4211.4317,2.4,2652.0,3.69,10.8,4,0.3,1.0,10.4,3.5,1.0,3,,False,,0,0,False,1969.5,4,4,2435.0,2.43,10.3,15.2,5.9,2,1.0,3.4504231483886136,0.695566861450262,False,True,False,5.9
408248403,10.3339,4567.0,0.731455,1,24.48,1.48993,4236.151,2.4,633.0,2.01,11.6,13,2.0,-1.1,12.0,3.4,1.0,0,,False,,0,0,False,1476.7,13,13,666.0,2.23,7.1,1.2,5.9,5,1.0,1.7433663440441394,1.376646972794397,False,True,False,5.9
143361902,11.696,5033.0,0.762959,1,25.77,7.07726,4211.4625,2.25,1786.0,3.52,7.8,4,1.7,2.5,8.2,4.0,1.0,0,,False,,0,0,False,1556.5,4,4,3084.0,2.35,9.4,31.1,5.9,3,1.0,3.0141450254406172,0.7464803388719121,False,True,False,5.9
289640610,12.9987,3519.0,0.696812,1,23.92,2.47834,4154.3069,4.5,1985.0,3.39,7.3,9,1.0,0.6,7.7,3.2,1.0,0,,False,,0,0,False,4767.1,9,9,1969.0,2.77,7.2,2.2,5.8,6,1.0,1.9998879805425882,2.2501260289484355,False,True,False,5.8
334129021,12.0695,3633.0,0.702483,1,24.1,8.63023,4153.8508,3.6,3956.0,4.82,12.1,3,0.4,1.4,12.3,3.6,1.0,2,,False,,0,0,False,3149.0,3,3,5080.0,1.13,8.7,2.5,5.8,3,1.0,3.0477052506623976,1.1812165888474828,False,True,False,5.8
148309094,12.0895,3956.0,0.882893,1,23.74,10.22821,4153.8253,4.2,1703.0,3.98,7.6,3,1.6,0.6,7.7,3.0,1.0,0,,False,,0,0,False,2157.1,3,3,2149.0,1.08,8.0,0.6,5.8,3,1.0,3.756184259593057,1.1181560087936224,False,True,False,5.8
254119296,12.2506,4631.0,0.707531,1,25.07,5.90513,4183.0965,3.0,2747.0,4.05,9.5,4,1.2,-2.2,9.8,2.6,0.5,1,,False,,0,0,False,3249.0,4,4,2558.0,2.11,7.9,3.6,5.7,4,1.0,2.698454483580266,1.111747490370728,False,True,False,5.7
48178704,12.5977,4607.0,0.907479,1,25.14,3.43678,4266.6681,3.15,2222.0,4.67,8.1,7,0.2,-0.3,8.0,3.0,1.0,1,,False,,0,0,True,3129.0,6,7,2280.0,1.99,7.3,4.9,5.7,4,0.8571428571428571,2.659601651824685,1.1843878942693786,False,True,False,5.7
307425683,11.9538,4053.0,1.04662,1,24.1,4.21928,4153.504,2.25,2788.0,6.03,9.5,5,0.8,-2.7,9.6,3.2,1.0,0,,False,,0,0,False,2808.9,5,5,2723.0,2.36,8.0,8.4,5.7,4,1.0,3.131942373939999,0.7184040226032284,False,True,False,5.7
120979223,10.4929,6314.0,1.1367,2,54.91,7.30713,4239.9692,2.1,1262.0,4.41,10.7,3,0.0,1.0,10.6,5.0,1.0,0,,False,,0,0,False,933.7,3,3,1226.0,1.25,8.1,0.9,5.7,3,1.0,3.973938532531491,0.528443000013453,False,True,False,5.7
254558403,12.5154,3307.0,0.658683,1,24.05,3.7114,4154.3568,4.2,1906.0,3.14,7.3,6,1.1,0.6,7.5,2.9,1.0,1,,False,,0,0,False,3666.7,6,6,2307.0,1.59,7.3,2.3,5.6,4,1.0,2.2037983406410357,1.9058005093053632,False,True,False,5.6
255752380,11.2232,4368.0,0.670404,1,25.53,5.69217,4269.9195,3.0,822.0,2.1,7.3,4,0.7,-0.7,7.4,3.8,1.0,0,,False,,0,0,False,956.4,4,4,838.0,1.61,8.2,2.0,5.6,4,1.0,2.5715322739467075,1.1666196183475053,False,True,False,5.6
47642259,11.3455,4563.0,0.760322,1,26.03,10.38626,4268.8975,4.2,3445.0,4.87,12.7,3,1.0,1.8,13.4,4.1,1.0,0,,False,,0,0,False,2547.6,3,3,4755.0,1.2,7.9,8.0,5.6,3,1.0,3.4173783370048754,1.2290122970935216,False,True,False,5.6
393796002,11.7619,5015.0,0.779365,1,25.65,1.40979,4266.0081,3.15,658.0,2.18,7.3,16,0.0,-0.4,7.5,3.3,1.0,0,,False,,0,0,False,1717.2,13,16,694.0,4.65,6.4,4.4,5.6,8,0.8125,1.7854747036352343,1.7642367005181234,False,True,False,5.6
118399539,12.5339,5489.0,0.921276,1,25.06,3.903,4180.553,6.3,1306.0,3.63,7.3,6,0.3,1.0,7.2,4.1,1.0,0,,False,,0,0,False,2649.3,6,6,1190.0,1.36,6.8,0.6,5.6,5,1.0,2.802857270695242,2.2477063195006357,False,True,False,5.6
363122666,13.4096,5641.0,0.934553,1,25.01,8.61185,4185.1172,6.3,8943.0,9.64,13.3,3,0.1,0.8,13.8,3.2,1.0,0,,False,,0,0,False,6823.6,3,3,9314.0,2.01,12.7,50.1,5.6,3,1.0,3.683916152438268,1.710136642450515,False,True,False,5.6
32036415,12.1124,3571.0,0.531038,36,2662.78,89.61986,1409.0287,3.6,771.0,1.61,7.7,12,1.2,-1.0,10.4,5.0,2.0,3,,False,,0,0,False,1576.4,11,12,701.0,6.56,7.2,9.4,5.6,5,0.9166666666666666,5.517725791604063,0.6524427157068712,False,True,False,5.6
162928498,11.5164,5040.0,0.720418,1,24.25,4.7334,4157.8262,3.6,1213.0,2.74,7.6,5,2.5,-2.8,8.0,3.3,1.0,0,,False,,0,0,False,1594.7,5,5,1909.0,1.17,8.0,5.9,5.5,3,1.0,2.5370112891096985,1.4189925032865467,False,True,False,5.5
123814799,12.2542,4829.0,0.760623,1,25.22,2.17338,4179.8864,1.58,4476.0,5.55,7.6,11,2.2,-1.9,7.2,3.2,1.0,0,,False,,0,0,False,7076.1,10,11,3843.0,2.23,6.4,1.5,5.5,5,0.9090909090909091,2.029394528816959,0.778557336961515,False,True,False,5.5
34523723,12.8829,5591.0,0.817894,1,26.04,10.57531,4268.8454,2.1,5485.0,6.61,8.8,3,0.0,-0.0,9.0,4.4,1.0,0,,False,,0,0,False,3245.5,3,3,7246.0,1.01,12.2,6.2,5.5,2,1.0,3.609419368832296,0.5818110298109757,False,True,False,5.5
51926326,11.6722,5517.0,0.859837,1,25.14,4.74119,4266.928,2.1,1455.0,3.58,7.4,5,0.2,-1.5,7.6,3.2,1.0,0,,False,,0,0,False,1674.5,5,5,1556.0,1.43,6.5,1.1,5.5,5,1.0,2.856153210456443,0.7352546748234133,False,True,False,5.5
266879343,11.4638,5801.0,0.918257,1,23.85,4.033,4154.3923,1.2,5022.0,7.1,14.8,6,1.1,-1.4,14.6,3.1,1.0,0,,False,,0,0,False,5251.5,6,6,4385.0,2.01,7.1,2.5,5.5,4,1.0,2.8274430521031215,0.42441173098337404,False,True,False,5.5
393750352,12.4128,5740.0,0.923393,1,25.59,4.41378,4269.1864,1.58,3010.0,5.53,9.1,4,2.4,1.8,9.1,2.8,1.0,0,,False,,0,0,False,2107.4,4,4,2628.0,1.92,10.9,9.4,5.5,3,1.0,2.924620861186583,0.5402409662628747,False,True,False,5.5
122228176,11.7297,3878.0,0.972078,1,24.09,4.08853,4156.288,6.3,1153.0,3.6,8.3,5,1.5,-0.7,8.9,3.5,1.0,0,,False,,0,0,False,2176.3,5,5,1192.0,1.41,6.9,1.9,5.5,3,1.0,2.950290402577486,2.1353830099220334,False,True,False,5.5
211948452,11.6146,3626.0,0.463731,1,24.25,5.35222,4153.6261,2.4,2097.0,2.32,7.6,4,1.3,2.7,7.2,3.6,0.5,0,,False,,0,0,False,2097.5,4,4,1820.0,2.19,8.2,4.2,5.4,2,1.0,1.9704421950701838,1.21800071375071,False,True,False,5.4
121157130,12.6876,3633.0,0.693476,2,54.88,7.33376,4239.8954,4.5,2213.0,3.56,8.5,3,0.0,1.6,8.5,3.6,1.0,1,,False,,0,0,False,2304.9,3,3,1764.0,2.4,9.7,11.6,5.4,3,1.0,2.862012209521155,1.5723203363807094,False,True,False,5.4
101356600,12.3923,5193.22,0.773942,2,52.93,18.16048,4179.8338,2.1,3476.0,4.98,7.7,3,2.8,2.4,7.6,3.8,1.0,0,,False,,0,0,False,2852.6,3,3,6226.0,1.07,9.9,11.6,5.4,2,1.0,4.166035938025274,0.504076304487045,False,True,False,5.4
34930271,12.5864,5099.0,1.09571,1,25.91,1.5032,4265.1585,1.58,6998.0,10.0,17.1,15,2.5,1.1,17.6,2.8,1.0,0,,False,,0,0,False,13686.7,13,15,5983.0,3.42,6.4,2.3,5.4,6,0.8666666666666667,2.2891678255113255,0.6902071496864061,False,True,False,5.4
276351918,12.1762,3977.0,1.12088,1,23.64,1.28839,4154.0512,1.58,1620.0,4.92,7.3,16,1.7,0.3,7.5,3.1,1.0,0,,False,,0,0,False,3280.3,15,16,1626.0,2.22,6.4,1.2,5.4,3,0.9375,2.207649665579967,0.7156932662977219,False,True,False,5.4
254868596,10.2168,6215.0,1.15847,1,24.1,5.76176,4158.4567,4.2,438.0,2.65,7.3,4,0.4,1.1,7.8,3.9,1.0,0,,False,,0,0,False,730.5,4,4,624.0,1.24,7.6,3.9,5.4,3,1.0,3.718061278445604,1.1296209732605265,False,True,False,5.4
44798386,12.9729,3396.0,0.574499,1,25.67,6.68051,4266.9312,4.8,3626.0,3.77,11.3,4,1.7,-0.2,11.3,3.2,1.0,0,,False,,0,0,False,3789.8,4,4,2848.0,2.54,9.6,11.5,5.3,3,1.0,2.447208757958281,1.9614182829276343,False,True,False,5.3
346831157,13.474,3848.0,0.584259,1,25.22,7.67607,4182.5627,3.0,19701.0,8.95,10.2,3,1.5,2.4,10.6,2.7,1.0,0,,False,,0,0,False,19883.2,3,3,18512.0,2.36,8.0,6.1,5.3,3,1.0,2.5921385460295743,1.157345545667362,False,True,False,5.3
128579029,13.1147,3403.0,0.631404,1,24.08,2.90782,4155.7194,4.8,2796.0,3.64,7.3,7,1.7,-2.7,7.3,2.8,1.0,0,,False,,0,0,False,5378.5,6,7,2720.0,1.77,6.5,3.1,5.3,6,0.8571428571428571,1.975160323555536,2.430182473167241,False,True,False,5.3
121194918,12.9757,3346.0,0.663612,1,24.09,7.58434,4155.4054,1.58,7247.0,6.16,9.7,3,2.0,0.2,9.8,3.9,1.0,0,,False,,0,0,False,4567.6,3,3,6798.0,1.32,7.5,3.7,5.3,3,1.0,2.810543937902906,0.5621687598233817,False,True,False,5.3
59409349,12.9598,4382.0,0.709251,1,23.7,6.15799,4158.8153,4.2,6470.0,6.22,9.1,3,0.3,0.7,8.9,3.8,1.0,0,,False,,0,0,False,7711.3,3,3,7757.0,1.25,7.4,0.8,5.3,3,1.0,2.740866766435326,1.5323619708309906,False,True,False,5.3
408248403,10.3339,4567.0,0.731455,1,24.48,2.14165,4237.5292,0.5,1639.0,3.23,11.3,8,0.9,3.5,11.5,3.0,1.0,0,,False,,0,0,False,1476.7,8,8,1764.0,1.66,7.3,1.5,5.3,5,1.0,1.9675066179913951,0.254128751297642,False,True,False,5.3
393796002,11.7619,5015.0,0.779365,1,25.65,8.75822,4270.9956,3.15,1470.0,3.26,7.0,3,1.4,1.5,7.1,2.9,1.0,0,,False,,0,0,False,1717.2,3,3,1506.0,1.52,6.9,1.1,5.3,3,1.0,3.282269040598547,0.9597019504000114,False,True,False,5.3
34436691,12.9262,5259.0,0.868399,1,26.04,10.94824,4268.7142,3.6,8013.0,8.48,9.7,3,1.5,1.3,9.5,2.7,1.0,0,,False,,0,0,False,9551.0,3,3,10023.0,1.11,7.4,1.6,5.3,2,1.0,3.8001663398917587,0.9473269530887272,False,True,False,5.3
6475135,12.5299,5523.0,0.882727,1,24.8,5.85359,4180.3742,3.6,2297.0,4.62,7.4,4,2.0,-0.6,7.8,3.4,1.0,0,,False,,0,0,False,3105.7,4,4,2070.0,2.73,7.5,5.8,5.3,4,1.0,3.118171523821283,1.1545227619769427,False,True,False,5.3
3938364,10.604,6145.0,0.944372,1,24.24,7.64084,4154.9012,4.2,812.0,2.94,9.2,3,2.7,1.6,9.6,3.1,1.0,0,,False,,0,0,False,901.3,3,3,738.0,1.66,8.7,3.6,5.3,3,1.0,3.5646541267353706,1.1782349284603666,False,True,False,5.3
340007359,10.6797,3920.0,0.589051,33,2662.78,51.85062,1333.2593,4.5,325.0,1.16,9.4,14,0.5,-0.6,13.5,6.1,1.0,5,,False,,0,0,False,699.7,11,14,128.0,14.16,7.7,14.2,5.3,4,0.7857142857142857,4.926761553400109,0.9133788902153003,False,True,False,5.3
408932664,13.1285,4877.0,0.794924,1,26.04,9.38897,4265.0769,4.8,4455.0,5.79,10.4,3,2.3,-1.6,10.2,3.0,1.0,0,,False,,0,0,False,4571.0,3,3,4182.0,2.2,11.8,21.0,5.2,3,1.0,3.4038050945020104,1.4101865020865003,False,True,False,5.2
124272660,11.9023,5430.0,0.840816,1,25.17,1.95732,4267.341,4.5,825.0,2.63,7.1,10,2.5,1.3,7.2,3.2,1.0,0,,False,,0,0,False,1870.6,10,10,706.0,3.14,7.0,3.4,5.2,5,1.0,2.0952196100263714,2.147746221191277,False,True,False,5.2
266879343,11.4638,5801.0,0.918257,1,23.85,10.17982,4153.5923,4.2,3319.0,5.77,13.1,3,2.1,3.0,13.9,2.8,1.0,0,,False,,0,0,False,5251.5,3,3,4826.0,1.5,7.1,5.4,5.2,3,1.0,3.849737865877846,1.090983372459383,False,True,False,5.2
217864703,10.6985,5872.0,0.930742,1,25.17,5.3139,4180.6038,0.6,4634.0,6.91,13.8,4,0.7,-1.0,12.2,3.3,1.0,0,,False,,0,0,False,1664.7,4,4,3975.0,1.85,10.2,22.9,5.2,3,1.0,3.1277518848987325,0.19183107294951762,False,True,False,5.2
255053384,13.0546,3512.0,1.01148,1,24.13,6.03688,4158.8551,3.15,4361.0,7.29,7.0,3,0.9,-2.0,7.1,3.3,1.0,0,,False,,0,0,False,4540.0,3,3,4629.0,1.41,7.8,2.3,5.2,3,1.0,3.4497212849286503,0.9131172462430253,False,True,False,5.2
33866942,12.6265,5470.0,1.13732,1,25.75,8.02047,4264.938,0.75,7186.0,10.52,7.6,4,0.2,1.0,7.8,2.8,1.0,0,,False,,0,0,False,4593.0,4,4,7211.0,1.29,7.6,1.4,5.2,3,1.0,4.100750543938209,0.182893348903815,False,True,False,5.2
126851181,13.0431,3314.0,0.629303,1,24.08,2.65367,4155.8068,3.0,3821.0,4.24,8.0,8,0.5,1.0,8.7,2.9,1.0,1,,False,,0,0,False,5966.2,8,8,2985.0,3.46,7.6,7.1,5.1,4,1.0,1.9116004922120948,1.5693655720544488,False,True,False,5.1
289640610,12.9987,3519.0,0.696812,1,23.92,7.68689,4159.1757,2.1,6206.0,5.99,8.8,3,2.4,-0.6,9.2,4.8,1.0,0,,False,,0,0,False,4767.1,3,3,6230.0,1.26,7.4,1.9,5.1,3,1.0,2.9165466695490383,0.7200296233643695,False,True,False,5.1
201387388,12.4304,4863.59,0.737438,1,23.78,6.28057,4268.7868,4.8,1941.0,3.54,8.2,3,1.6,-0.5,7.5,3.0,1.0,0,,False,,0,0,False,2347.1,3,3,2529.0,1.21,8.0,7.2,5.1,3,1.0,2.831554919705542,1.6951816708888554,False,True,False,5.1
313847487,10.7485,4915.0,0.778561,1,25.17,4.83814,4183.7263,1.58,1358.0,3.13,8.8,4,0.5,1.4,8.5,3.9,1.0,0,,False,,0,0,False,1133.9,4,4,1286.0,1.47,6.8,3.5,5.1,3,1.0,2.691304687571963,0.5870758548061097,False,True,False,5.1
221625283,10.5784,4331.0,0.789755,1,24.34,6.92201,4159.2572,7.2,876.0,2.55,11.7,3,2.4,1.9,11.7,2.7,1.0,0,,False,,0,0,True,948.1,3,3,527.0,3.29,10.1,23.5,5.1,3,1.0,3.061591834388259,2.3517177956671165,False,True,False,5.1
346314381,13.2233,5109.0,0.79149,1,26.04,10.30655,4269.1079,4.5,4696.0,5.92,7.3,3,1.2,1.0,7.4,3.5,1.0,0,,False,,0,0,False,4602.6,3,3,7185.0,1.63,8.7,15.5,5.1,3,1.0,3.5011416908567283,1.2852950258345162,False,True,False,5.1
92191930,10.5682,5160.0,0.862399,1,25.79,3.04253,4264.9413,1.05,1115.0,3.14,10.4,8,1.2,1.0,10.3,4.0,1.0,0,,False,,0,0,False,1023.8,8,8,641.0,3.15,6.4,1.5,5.1,3,1.0,2.468456130051828,0.42536708966262005,False,True,False,5.1
141082591,12.3494,3787.0,0.880608,1,24.06,4.38549,4153.3583,2.4,4509.0,6.45,12.3,6,0.9,-2.7,12.5,3.2,1.0,0,,False,,0,0,False,5374.1,6,6,3874.0,2.4,5.9,1.7,5.1,4,1.0,2.8275009102197113,0.8488060928028164,False,True,False,5.1
48178704,12.5977,4607.0,0.907479,1,25.14,3.36609,4267.0588,4.8,1713.0,4.1,7.8,7,2.1,-2.8,7.7,2.8,1.0,1,"00048178704-01(3:1,ntoi=1)",True,,0,0,True,3129.0,6,7,1536.0,2.03,6.3,2.5,5.1,4,0.8571428571428571,2.641240356729674,1.8173279791708372,False,True,False,5.1
59890559,11.9953,5485.0,0.914904,1,25.1,8.77959,4271.684,3.6,1593.0,3.98,7.2,3,2.4,0.1,7.2,3.2,1.0,0,,False,,0,0,False,1682.1,3,3,2243.0,1.33,11.8,18.3,5.1,2,1.0,3.6555275106167766,0.984809986942922,False,True,False,5.1
276351918,12.1762,3977.0,1.12088,1,23.64,10.20912,4156.8027,3.15,2600.0,6.23,7.3,3,0.6,0.0,7.2,2.8,1.0,0,,False,,0,0,False,3280.3,3,3,2571.0,1.21,6.4,0.2,5.1,3,1.0,4.401261203741924,0.7157039435246175,False,True,False,5.1
340007359,10.6797,3920.0,0.589051,33,2662.78,35.4551,1336.0343,1.8,429.0,1.33,8.7,17,1.8,-1.6,13.7,4.7,1.0,5,,False,,0,0,False,699.7,14,17,290.0,9.74,9.4,16.1,5.1,7,0.8235294117647058,4.340467052803489,0.4147019152783081,False,True,False,5.1
32036415,12.1124,3571.0,0.531038,36,2662.78,70.50346,1342.8537,2.4,861.0,1.7,7.4,12,1.0,0.1,10.2,4.4,2.0,3,,False,,0,0,False,1576.4,10,12,590.0,7.68,7.2,9.1,5.1,5,0.8333333333333334,5.093646918426635,0.4711751792841838,False,True,False,5.1
126851181,13.0431,3314.0,0.629303,1,24.08,6.49283,4153.4381,6.3,3833.0,4.25,8.1,4,2.6,1.7,8.5,2.7,1.0,1,,False,,0,0,False,5966.2,4,4,3350.0,2.7,10.1,13.8,5.0,3,1.0,2.5758832364135,2.4457630341861805,False,True,False,5.0
60348911,12.7305,4572.0,0.69847,1,25.13,4.99897,4268.8215,4.2,2093.0,3.49,7.2,4,0.3,-0.8,7.4,2.8,1.0,0,,False,,0,0,False,2819.2,4,4,2010.0,2.34,7.9,12.1,5.0,2,1.0,2.5308533212749533,1.659519326819063,False,True,False,5.0
201387388,12.4304,4863.59,0.737438,1,23.78,6.28865,4268.7868,4.8,2034.0,3.63,8.3,3,1.4,-0.1,8.1,3.6,1.0,0,,False,,0,0,False,2347.1,3,3,2572.0,1.19,7.9,6.9,5.0,2,1.0,2.8327686715061287,1.6944553391463244,False,True,False,5.0
48178703,12.805,4808.0,0.750072,1,25.14,3.36953,4267.0056,3.15,2527.0,4.11,7.8,7,1.4,-0.8,7.9,3.1,1.0,1,,False,,0,0,True,3794.1,7,7,1699.0,2.81,6.6,4.1,5.0,4,1.0,2.3270195874237274,1.3536628643024893,False,True,False,5.0
48178703,12.805,4808.0,0.750072,1,25.14,3.37696,4266.9963,3.0,2526.0,4.11,7.5,7,0.9,-0.1,7.4,2.6,1.0,1,,False,,0,0,True,3794.1,7,7,2285.0,1.99,6.4,3.0,5.0,4,1.0,2.328728734079265,1.2882565307402123,False,True,False,5.0
123814799,12.2542,4829.0,0.760623,1,25.22,0.59719,4179.5207,1.58,2314.0,3.99,7.0,36,2.6,-2.7,6.9,2.9,0.5,0,,False,,0,0,False,7076.1,27,36,2037.0,4.64,5.7,2.0,5.0,9,0.75,1.3193462045742805,1.1975628493279562,False,True,False,5.0
6475135,12.5299,5523.0,0.882727,1,24.8,7.70762,4182.5117,4.2,2566.0,4.88,7.8,3,1.5,0.5,8.2,3.8,1.0,0,,False,,0,0,False,3105.7,3,3,2161.0,2.25,7.4,4.9,5.0,3,1.0,3.417689987219011,1.2289002266754914,False,True,False,5.0
122228176,11.7297,3878.0,0.972078,1,24.09,3.78827,4153.7068,4.2,1219.0,3.7,7.9,6,0.2,-0.7,8.0,2.7,1.0,0,,False,,0,0,False,2176.3,6,6,1108.0,2.1,6.8,4.3,5.0,4,1.0,2.876223818888841,1.4602479725039506,False,True,False,5.0
352060224,9.2723,6564.0,1.02391,1,24.25,5.08457,4153.6448,6.3,187.0,1.53,7.8,5,2.5,0.1,8.0,3.6,1.0,0,,False,,0,0,False,357.6,5,5,171.0,2.67,8.0,11.9,5.0,3,1.0,3.284487101003149,1.9181077003090838,False,True,False,5.0
381662021,10.6035,6393.0,1.12375,1,25.22,7.63124,4182.4629,4.2,1426.0,4.63,11.0,3,0.4,0.8,11.2,2.8,1.0,0,,False,,0,0,False,1271.9,3,3,1548.0,1.82,9.6,21.1,5.0,2,1.0,4.001165062045739,1.0496942602644341,False,True,False,5.0
38462407,8.68639,3840.0,0.583696,41,2662.78,68.90036,1328.4534,2.4,173.0,0.84,10.7,15,0.1,-3.1,16.5,3.9,2.0,28,"00038462407-06(1:1,ntoi=6)",True,,0,0,False,265.7,11,15,92.0,11.95,8.1,18.3,5.0,6,0.7333333333333333,5.383606008384723,0.4457978530119233,False,True,False,5.0
31962067,10.6648,3822.0,0.564734,19,1951.8,27.25551,2055.4364,3.6,408.0,1.24,7.1,16,1.7,-3.1,11.9,4.7,1.0,2,,False,,0,0,True,1103.7,13,16,250.0,12.05,7.7,11.1,5.0,4,0.8125,3.8659451552746225,0.9312082441439264,False,True,False,5.0
126851181,13.0431,3314.0,0.629303,1,24.08,8.38433,4158.0506,2.1,8195.0,6.22,9.1,3,1.5,-3.1,8.8,2.9,1.0,1,,False,,0,0,False,5966.2,3,3,9327.0,1.46,8.8,4.7,4.9,3,1.0,2.805030685589126,0.7486549116160375,False,True,False,4.9
160636299,12.9689,3437.0,0.646391,1,24.1,2.58644,4153.9073,3.6,2546.0,3.56,7.1,9,2.1,-1.6,7.3,3.3,1.0,0,,False,,0,0,False,4764.0,8,9,1911.0,7.05,6.2,7.8,4.9,4,0.8888888888888888,1.9294756287287964,1.8657919003474541,False,True,False,4.9
62119332,12.6707,4273.0,0.70457,2,53.34,17.76683,4190.3775,3.6,4547.0,5.18,8.8,3,1.9,-1.4,9.1,4.1,1.0,0,,False,,0,0,False,5157.7,3,3,4262.0,2.18,6.4,1.3,4.9,3,1.0,3.884731804619091,0.926704900379343,False,True,False,4.9
62119332,12.6707,4273.0,0.70457,2,53.34,14.12554,4190.415,6.3,3904.0,4.8,8.3,4,0.7,-1.0,8.3,3.3,1.0,0,,False,,0,0,False,5157.7,4,4,4628.0,1.61,7.5,0.3,4.9,2,1.0,3.598814088886176,1.750576674537204,False,True,False,4.9
364071860,11.8864,4722.0,0.751965,2,51.12,20.5778,4156.776,4.8,3439.0,4.81,12.7,3,0.0,1.0,12.8,4.7,1.0,0,,False,,0,0,False,3233.3,3,3,3772.0,1.28,9.3,3.6,4.9,3,1.0,4.260622200244931,1.1265960168268525,False,True,False,4.9
34524082,13.0194,5339.0,0.824742,1,26.04,10.15872,4269.2642,3.0,3714.0,5.48,7.2,3,2.4,0.9,7.3,4.6,1.0,0,,False,,0,0,False,3540.0,3,3,4316.0,1.48,8.2,6.3,4.9,2,1.0,3.581239493156776,0.8376987927594791,False,True,False,4.9
51926326,11.6722,5517.0,0.859837,1,25.14,2.5904,4266.2702,1.58,1419.0,3.53,7.6,8,1.1,0.0,7.6,3.2,1.0,0,,False,,0,0,False,1674.5,8,8,1148.0,3.01,7.5,4.3,4.9,4,1.0,2.33493425977662,0.6766785803002251,False,True,False,4.9
148309094,12.0895,3956.0,0.882893,1,23.74,4.96434,4153.8284,3.15,1515.0,3.75,7.4,5,1.4,-0.5,7.8,3.0,1.0,0,,False,,0,0,False,2157.1,5,5,1602.0,2.02,7.4,5.1,4.9,3,1.0,2.9518946169260945,1.0671112654015404,False,True,False,4.9
122073655,11.631,4237.0,0.939584,1,23.74,5.42224,4158.8309,4.2,2110.0,4.71,14.3,4,2.7,-0.2,14.5,2.9,1.0,0,,False,,0,0,False,1757.5,3,4,1577.0,3.06,11.0,37.4,4.9,2,0.75,3.168776543659802,1.325432684233764,False,True,False,4.9
142930468,11.7918,5739.0,1.13602,1,25.17,5.8966,4207.5755,2.1,1539.0,4.86,7.0,4,2.7,1.4,7.2,2.9,1.0,0,,False,,0,0,False,1748.3,4,4,1420.0,2.38,7.7,5.8,4.9,3,1.0,3.698277553772883,0.567831908088574,False,True,False,4.9
340007359,10.6797,3920.0,0.589051,33,2662.78,49.26086,1360.803,3.6,299.0,1.11,8.3,16,0.6,-0.5,13.2,4.4,2.0,5,,False,,0,0,False,699.7,13,16,156.0,11.29,7.1,11.7,4.9,5,0.8125,4.843331802000145,0.7432899803629627,False,True,False,4.9
350332540,12.3818,3529.0,0.598352,13,2009.39,91.90749,2071.9847,4.8,1983.0,2.91,10.2,3,0.0,-2.3,6.8,3.9,2.0,5,,False,,0,0,False,1972.1,3,3,1923.0,2.22,10.5,22.6,4.9,3,1.0,6.0250838309067944,0.7966694131918135,False,True,False,4.9
253925373,12.6762,3603.0,0.562504,1,25.04,3.16576,4236.2586,0.62,4511.0,4.12,7.1,7,1.9,0.5,6.8,3.4,1.0,0,,False,,0,0,False,3942.0,7,7,4247.0,1.9,6.4,1.7,4.8,3,1.0,1.881271024688616,0.3295644231285713,False,True,False,4.8
327221844,11.3572,3907.0,0.582047,1,25.38,7.80338,4183.0627,3.0,4696.0,4.35,16.4,3,1.0,3.2,17.1,3.1,1.0,0,,False,,0,0,False,4069.8,3,3,4434.0,1.8,10.0,8.9,4.8,3,1.0,2.599807842551054,1.1539314371235447,False,True,False,4.8
120278665,11.9454,3777.0,0.587957,1,24.81,2.09071,4181.0575,0.75,2264.0,3.05,8.6,10,0.3,0.2,8.6,3.6,1.0,0,,False,,0,0,False,2439.3,9,10,2412.0,1.44,5.6,1.3,4.8,6,0.9,1.6873425942349685,0.44448590497417373,False,True,False,4.8
423660874,11.5701,4408.0,0.70651,1,25.79,9.06907,4264.9634,3.6,1802.0,3.27,10.3,3,0.6,0.4,10.3,5.6,1.0,0,,False,,0,0,False,1569.6,3,3,2156.0,1.42,11.3,13.4,4.8,2,1.0,3.1103415897419824,1.1574291427902739,False,True,False,4.8
201387388,12.4304,4863.59,0.737438,1,23.78,2.53092,4267.4493,4.2,1193.0,2.78,7.2,8,0.2,0.2,7.6,3.1,1.0,0,,False,,0,0,False,2347.1,8,8,635.0,4.93,6.1,3.6,4.8,3,1.0,2.0914690486007936,2.0081578557472928,False,True,False,4.8
63687402,11.6797,4948.0,0.756817,1,25.06,8.13514,4182.7256,2.25,1845.0,3.55,7.7,3,0.4,-0.5,7.6,3.1,1.0,0,,False,,0,0,False,2159.0,3,3,2081.0,1.26,7.3,0.4,4.8,3,1.0,3.140440409544496,0.7164600204359077,False,True,False,4.8
253676019,10.7614,5054.95,0.757973,1,25.33,6.55007,4184.8223,1.12,2863.0,4.42,13.6,3,1.6,-3.0,13.8,4.9,1.0,0,,False,,0,0,False,1045.4,3,3,3469.0,1.13,7.6,14.2,4.8,2,1.0,2.9245525648889257,0.3829645647154021,False,True,False,4.8
71972633,13.2586,4841.0,0.770976,1,26.04,7.28393,4268.808,6.3,3617.0,5.06,7.7,4,2.0,-1.1,7.9,3.9,1.0,0,,False,,0,0,False,4442.4,4,4,3253.0,1.71,8.3,4.0,4.8,3,1.0,3.0644846794292304,2.055810571444395,False,True,False,4.8
464861251,12.7689,3747.0,0.814485,1,24.1,10.0592,4153.4382,6.3,4491.0,5.96,14.0,3,0.9,3.1,14.6,2.6,1.0,0,,False,,0,0,False,5193.6,3,3,4129.0,2.22,10.5,19.6,4.8,3,1.0,3.5398498047163636,1.7797365276928176,False,True,False,4.8
79260202,13.0586,3772.0,0.868131,1,24.25,10.27841,4156.7008,2.4,8236.0,8.6,8.1,3,0.2,0.7,8.1,3.5,1.0,0,,False,,0,0,False,7466.2,3,3,7985.0,1.82,8.6,9.4,4.8,3,1.0,3.7202641993560897,0.6451154733621866,False,True,False,4.8
245849815,11.5347,5672.0,0.932257,1,25.21,6.23859,4185.066,0.75,3298.0,5.84,7.0,3,1.3,-0.9,6.1,2.8,2.0,0,,False,,0,0,False,1718.0,3,3,2623.0,1.16,6.6,0.2,4.8,3,1.0,3.303144282810022,0.2270563850035538,False,True,False,4.8
352060224,9.2723,6564.0,1.02391,1,24.25,10.57729,4153.6823,6.3,234.0,1.71,7.4,3,0.1,0.5,7.4,3.0,1.0,0,,False,,0,0,False,357.6,3,3,263.0,1.68,8.1,5.9,4.8,3,1.0,4.1928335415245535,1.5025638241076609,False,True,False,4.8
307425683,11.9538,4053.0,1.04662,1,24.1,10.05113,4153.4946,3.6,2802.0,6.04,9.3,3,1.3,1.1,9.5,3.1,1.0,0,,False,,0,0,False,2808.9,3,3,2916.0,2.04,8.4,12.8,4.8,3,1.0,4.182853078525716,0.8606565739738705,False,True,False,4.8
218039014,12.6824,3672.0,1.18525,1,25.2,7.57396,4182.758,3.6,7856.0,11.46,10.9,3,0.2,0.0,11.1,3.1,1.0,0,,False,,0,0,False,6058.6,3,3,7540.0,2.7,13.3,58.3,4.8,2,1.0,4.135448394760569,0.8705222883595988,False,True,False,4.8
453099618,10.6224,3767.0,0.626184,44,2720.36,114.26651,1339.293,1.58,2307.0,3.28,11.8,10,2.8,-1.0,13.3,5.5,2.0,1,,False,,0,0,False,2073.4,9,10,1192.0,10.27,6.7,13.7,4.8,5,0.9,6.67804374169909,0.23659623403395105,False,True,False,4.8
32036415,12.1124,3571.0,0.531038,36,2662.78,100.27915,1404.7037,4.8,837.0,1.68,7.8,8,1.3,-0.5,11.9,5.6,2.0,3,,False,,0,0,False,1576.4,7,8,602.0,4.28,6.8,7.9,4.8,3,0.875,5.7283415978835,0.8379388550734295,False,True,False,4.8
224267975,13.1209,3195.0,0.271054,1,24.67,5.47861,4239.3314,1.2,23574.0,4.54,18.1,4,1.3,-3.9,18.1,3.0,1.0,0,,False,,0,0,False,19674.7,3,3,25146.0,1.01,6.6,0.1,4.7,3,1.0,1.3882541158874464,0.8643950601456677,False,True,False,4.7
253676019,10.7614,5054.95,0.757973,1,25.33,10.86266,4182.7317,1.58,1770.0,3.48,10.6,3,2.2,2.1,11.0,3.3,1.0,0,,False,,0,0,False,1045.4,3,3,1622.0,1.73,8.8,14.4,4.7,2,1.0,3.4617006795626653,0.45642305509776476,False,True,False,4.7
224775005,10.0788,5259.0,0.776241,1,24.54,5.60047,4156.2829,3.0,948.0,2.61,8.2,4,0.8,1.9,8.7,3.1,1.0,0,,False,,0,0,False,1196.2,4,4,877.0,1.19,5.9,1.0,4.7,3,1.0,2.820206035330171,1.0637520671956082,False,True,False,4.7
160818175,12.4949,3841.0,0.810489,1,24.1,10.39077,4153.3632,3.6,8376.0,8.09,12.5,3,0.8,-1.6,12.7,3.1,1.0,0,,False,,0,0,False,6340.5,3,3,7292.0,2.26,15.8,31.9,4.7,3,1.0,3.5666099865236425,1.009361834796213,False,True,False,4.7
317187398,11.4417,5182.0,0.872829,1,25.63,0.55115,4265.0437,1.58,502.0,2.13,7.0,41,1.6,0.1,6.5,4.3,1.0,0,,False,,0,0,False,1546.5,32,41,475.0,4.35,5.3,1.6,4.7,5,0.7804878048780488,1.4079406331981392,1.1222064075322749,False,True,False,4.7
254980856,12.4296,6018.0,0.956845,1,24.23,8.29415,4160.308,1.58,5760.0,7.92,8.8,3,2.4,-0.9,8.9,2.9,1.0,0,,False,,0,0,False,4116.8,3,3,5627.0,1.41,9.4,1.9,4.7,3,1.0,3.69567112734165,0.42752721915938363,False,True,False,4.7
352060224,9.2723,6564.0,1.02391,1,24.25,5.05037,4153.6886,3.0,257.0,1.79,7.5,5,2.7,0.6,7.5,3.1,0.5,0,,False,,0,0,False,357.6,4,5,295.0,1.58,6.7,5.5,4.7,3,0.8,3.2771064535695174,0.9154417296186137,False,True,False,4.7
254868596,10.2168,6215.0,1.15847,1,24.1,5.55187,4153.338,2.1,629.0,3.17,7.1,4,0.5,1.5,7.1,3.1,1.0,0,,False,,0,0,False,730.5,4,4,806.0,1.9,7.9,6.7,4.7,3,1.0,3.672354387442939,0.5718402361113711,False,True,False,4.7
31962067,10.6648,3822.0,0.564734,19,1951.8,53.04484,2079.4833,3.15,809.0,1.75,7.5,6,0.9,0.9,11.9,4.7,2.0,2,,False,,0,0,False,1103.7,6,6,592.0,6.44,9.2,26.1,4.7,3,1.0,4.826718439386222,0.6526173091630681,False,True,False,4.7
255752380,11.2232,4368.0,0.670404,1,25.53,6.97207,4268.6695,4.2,724.0,1.97,7.3,4,0.1,1.1,7.4,3.8,1.0,0,,False,,0,0,True,956.4,4,4,808.0,1.33,7.0,4.7,4.6,3,1.0,2.7513970768472653,1.5264972240257815,False,True,False,4.6
180145929,12.6489,4793.0,0.722888,4,110.64,32.06503,4185.0742,1.58,4085.0,5.04,7.0,3,0.7,-0.0,6.9,4.7,1.0,0,,False,,0,0,False,3143.3,3,3,4264.0,1.85,6.6,5.6,4.6,3,1.0,4.811341549489454,0.3283907375413119,False,True,False,4.6
364071860,11.8864,4722.0,0.751965,2,51.12,12.92943,4159.1135,4.2,4085.0,5.24,12.2,3,0.8,-0.4,12.2,4.3,1.0,0,,False,,0,0,False,3233.3,3,3,4545.0,1.05,8.9,1.7,4.6,2,1.0,3.649218252205209,1.1509314350989985,False,True,False,4.6
123814799,12.2542,4829.0,0.760623,1,25.22,4.21724,4181.1192,1.2,6521.0,6.7,7.0,6,0.4,-1.6,6.9,2.8,1.0,0,,False,,0,0,False,7076.1,6,6,5552.0,1.53,5.6,0.4,4.6,3,1.0,2.5312247140240753,0.4740788098944685,False,True,False,4.6
328778970,11.8547,4940.0,0.763338,1,25.38,7.9822,4181.9345,3.15,3194.0,4.71,7.1,3,1.3,-0.6,7.2,3.7,1.0,0,,False,,0,0,False,3276.2,3,3,2333.0,3.12,9.2,16.2,4.6,3,1.0,3.1385357809653662,1.003652728480638,False,True,False,4.6
73950795,10.3198,5154.81,0.775338,1,25.06,6.56468,4184.7968,4.2,1457.0,3.23,17.2,3,0.3,-1.1,16.6,3.1,1.0,0,,False,,0,0,False,1130.9,3,3,1228.0,1.33,6.0,1.0,4.6,3,1.0,2.9712568372413393,1.4135432344177579,False,True,False,4.6
260464118,10.5045,5050.0,0.791014,1,25.19,5.40496,4181.758,3.15,687.0,2.26,7.5,4,0.1,-1.7,7.6,3.1,1.0,0,,False,,0,0,False,816.1,4,4,861.0,1.57,7.5,6.4,4.6,4,1.0,2.822248399879948,1.1161313795532646,False,True,False,4.6
60299558,10.8371,5545.0,0.93718,1,25.38,6.59369,4184.7844,3.15,4430.0,6.81,14.6,3,1.4,2.8,14.8,3.7,1.0,0,,False,,0,0,False,2767.7,3,3,5442.0,1.22,10.5,3.8,4.6,2,1.0,3.3764978459253814,0.9329192979646915,False,True,False,4.6
139638029,10.8014,5976.0,0.978,2,54.91,21.51823,4237.2808,4.5,594.0,2.6,7.0,3,0.4,-0.2,7.2,4.2,1.0,0,,False,,0,0,False,699.2,3,3,580.0,1.31,7.1,2.0,4.6,3,1.0,5.152718048420265,0.8733254871920699,False,True,False,4.6
59409351,11.0265,5517.0,1.07171,1,23.7,3.99997,4154.6997,3.15,701.0,3.1,7.4,6,1.0,0.3,7.8,2.8,1.0,0,,False,,0,0,False,1293.6,6,6,824.0,1.27,5.7,1.0,4.6,5,1.0,3.125686335186463,1.0077786643336004,False,True,False,4.6
408909092,11.7636,5332.0,1.14923,1,26.04,10.83879,4268.7519,4.8,1754.0,5.25,10.7,3,0.5,-1.7,11.1,3.0,1.0,0,,False,,0,0,False,1460.8,3,3,1957.0,1.7,11.6,25.7,4.6,2,1.0,4.565340744932759,1.0514001622612064,False,True,False,4.6
124430234,12.5958,4890.0,0.814426,1,24.95,1.0765,4266.6251,2.1,2285.0,4.25,8.1,19,2.4,1.3,8.3,3.2,1.0,0,,False,,0,0,False,6238.5,17,19,1511.0,5.27,5.7,2.3,4.5,6,0.8947368421052632,1.6805343425744776,1.2496025500930414,False,True,False,4.5
442644431,12.0503,3984.0,1.02767,1,24.17,3.15137,4155.2155,4.8,974.0,3.5,7.6,7,2.0,-2.3,8.0,3.7,1.0,0,,False,,0,0,False,1869.3,5,7,978.0,2.19,6.5,6.3,4.5,5,0.7142857142857143,2.807224929257128,1.7098736727413637,False,True,False,4.5
276351918,12.1762,3977.0,1.12088,1,23.64,5.52377,4154.2058,4.2,2073.0,5.57,7.6,4,0.1,-0.4,7.8,3.4,1.0,0,,False,,0,0,False,3280.3,4,4,2235.0,1.68,6.3,3.1,4.5,3,1.0,3.5864069688033933,1.17108851185434,False,True,False,4.5
322736687,10.426,3224.0,0.282965,2,52.93,13.60785,4212.1651,2.1,818.0,0.88,7.9,3,1.9,-1.0,8.2,3.4,2.0,0,,False,,0,0,True,703.3,3,3,1058.0,1.21,6.6,4.8,4.4,3,1.0,1.934757827617805,1.0854071605362887,False,True,False,4.4
86522176,13.1888,3943.0,0.586179,1,25.11,5.24108,4182.0742,0.75,24294.0,9.97,12.9,4,0.2,2.1,12.9,3.8,1.0,0,,False,,0,0,False,12867.9,4,4,27244.0,1.67,6.2,5.0,4.4,4,1.0,2.287540160808799,0.32786309628541105,False,True,False,4.4
59409349,12.9598,4382.0,0.709251,1,23.7,3.99997,4154.6997,3.15,4437.0,5.15,7.7,6,1.4,0.1,8.2,3.2,1.0,0,,False,,0,0,False,7711.3,6,6,4824.0,1.65,5.5,2.0,4.4,3,1.0,2.373707361133992,1.327038055143895,False,True,False,4.4
408248403,10.3339,4567.0,0.731455,1,24.48,5.08399,4236.6948,1.2,1432.0,3.02,12.3,5,2.3,2.0,12.2,3.5,1.0,0,,False,,0,0,False,1476.7,5,5,1396.0,1.56,5.7,0.7,4.4,4,1.0,2.6246310674208098,0.4572071156572966,False,True,False,4.4
1167773216,13.3033,3391.0,0.732401,1,23.63,3.46535,4155.3599,2.4,5846.0,6.11,9.6,6,1.2,-2.4,9.7,3.0,1.0,0,,False,,0,0,True,6204.4,5,6,4851.0,2.42,6.2,7.7,4.4,4,0.8333333333333334,2.3118338303377834,1.0381368974297494,False,True,False,4.4
124120571,11.0303,5773.0,0.891292,1,25.29,4.41793,4269.1881,1.12,1239.0,3.42,7.3,4,2.3,2.1,7.1,3.8,0.5,0,,False,,0,0,False,983.3,4,4,985.0,1.92,9.0,3.9,4.4,3,1.0,2.8573355404088656,0.39197356563861435,False,True,False,4.4
317798405,10.5505,5982.0,1.0333,1,26.04,4.78932,4269.2114,3.15,760.0,3.11,8.0,4,0.3,-2.0,8.2,3.3,1.0,0,,False,,0,0,False,697.2,4,4,1000.0,2.11,8.3,14.8,4.4,3,1.0,3.2392952347173796,0.9724337461555367,False,True,False,4.4
340007359,10.6797,3920.0,0.589051,33,2662.78,91.17122,1354.8499,3.15,485.0,1.42,8.2,7,2.9,-0.9,12.7,5.5,2.0,5,,False,,0,0,False,699.7,7,7,185.0,12.82,7.3,18.5,4.4,2,1.0,5.946519050325952,0.5297216696593844,False,True,False,4.4
466177968,12.1137,3511.0,0.462375,1,24.75,7.27763,4183.3617,3.15,2234.0,2.38,8.7,3,2.1,-0.1,9.4,4.0,1.0,0,,False,,0,0,False,2325.6,3,3,1765.0,2.77,6.9,9.2,4.3,3,1.0,2.1787187998866133,1.445803836715383,False,True,False,4.3
120278665,11.9454,3777.0,0.587957,1,24.81,3.49315,4179.9137,2.1,1321.0,2.33,7.5,8,0.2,-0.6,7.7,2.7,1.0,0,,False,,0,0,True,2439.3,7,8,1876.0,1.47,5.9,3.8,4.3,5,0.875,2.0022167147600345,1.048837513201804,False,True,False,4.3
139552249,10.5788,4525.0,0.735693,2,54.91,22.98797,4235.8621,4.8,839.0,2.32,7.3,3,1.1,1.6,7.9,3.5,1.0,0,,False,,0,0,False,957.7,3,3,1220.0,1.17,8.8,12.0,4.3,2,1.0,4.356853100585133,1.1017126098089813,False,True,False,4.3
215402812,11.5566,5402.0,0.790136,2,52.71,11.21863,4186.938,0.5,3159.0,4.84,7.1,3,0.0,0.4,7.0,4.2,1.0,0,,False,,0,0,False,1300.6,3,3,2326.0,1.72,7.0,2.8,4.3,2,1.0,3.597406115612727,0.13898903374573202,False,True,False,4.3
152252448,11.922,5655.0,0.877678,1,25.13,5.30054,4181.8613,2.4,4106.0,6.14,8.5,4,1.4,1.2,8.2,2.7,1.0,0,,False,,0,0,False,4091.9,4,4,4422.0,2.4,6.4,15.3,4.3,2,1.0,3.005189118976174,0.7986186243139488,False,True,False,4.3
160892020,12.2054,3969.0,0.881806,1,23.79,10.21486,4156.737,6.3,1434.0,3.64,7.6,3,2.8,-0.8,7.8,3.0,1.0,0,,False,,0,0,False,2286.9,3,3,1521.0,1.45,6.9,4.5,4.3,2,1.0,3.7514670241819914,1.679343030177299,False,True,False,4.3
31749599,13.1995,4473.0,0.573783,1,25.22,7.9812,4181.6375,2.4,22437.0,9.38,7.8,3,2.3,0.1,7.7,3.2,1.0,0,,False,,0,0,False,23677.2,3,3,20837.0,2.01,6.4,3.4,4.2,3,1.0,2.5945545727329447,0.9250142684306645,False,True,False,4.2
31749599,13.1995,4473.0,0.573783,1,25.22,7.01444,4183.5594,1.05,35409.0,11.78,7.6,3,0.1,1.5,7.6,3.1,1.0,0,,False,,0,0,False,23677.2,3,3,38500.0,1.26,6.0,1.7,4.2,2,1.0,2.4852557093214647,0.4224917363882349,False,True,False,4.2
31749599,13.1995,4473.0,0.573783,1,25.22,4.7432,4183.3625,2.4,19062.0,8.64,7.4,4,2.5,-2.5,7.6,3.1,0.5,0,,False,,0,0,False,23677.2,3,4,20844.0,1.98,6.0,6.8,4.2,3,0.75,2.181376136060749,1.100222909898544,False,True,False,4.2
95982740,11.4662,4412.0,0.68409,1,24.97,7.58561,4182.5402,4.2,1504.0,2.89,9.5,3,0.5,-1.4,9.4,3.2,1.0,0,,False,,0,0,False,1435.9,3,3,1485.0,2.47,8.9,30.1,4.2,2,1.0,2.8682299001469755,1.4643177660845044,False,True,False,4.2
179051832,10.8369,5352.0,0.756067,1,23.82,6.77159,4160.2244,1.58,1237.0,2.9,7.6,3,0.6,1.0,7.6,3.2,1.0,0,,False,,0,0,True,886.2,3,3,1412.0,1.02,6.5,3.6,4.2,2,1.0,2.9521972244050048,0.535194595719613,False,True,False,4.2
319675703,11.8418,5555.0,0.859741,2,51.08,6.56875,4158.5509,1.58,2229.0,4.43,7.1,3,0.0,-0.4,7.1,4.6,0.5,0,,False,,0,0,False,1599.6,3,3,2085.0,1.24,6.4,1.6,4.2,3,1.0,3.1838135785558235,0.49626021154061645,False,True,False,4.2
299743342,11.6897,4380.0,0.899639,1,25.78,5.5675,4209.1114,3.6,1742.0,4.1,12.1,4,1.4,-1.1,11.9,3.7,1.0,0,,False,,0,0,False,1811.4,4,4,1731.0,1.65,5.8,6.2,4.2,3,1.0,3.1055644886646663,1.1592095456848592,False,True,False,4.2
158975429,11.6874,4247.0,1.02222,1,23.98,5.64487,4153.7407,4.2,1326.0,4.06,7.6,4,1.0,-0.9,8.1,3.5,1.0,0,,False,,0,0,False,1897.6,4,4,1134.0,1.97,6.0,2.9,4.2,4,1.0,3.3972110245273215,1.2363082451094944,False,True,False,4.2
158975429,11.6874,4247.0,1.02222,1,23.98,2.57122,4153.6907,4.2,859.0,3.27,7.1,9,0.0,-0.8,7.4,2.9,1.0,0,,False,,0,0,False,1897.6,9,9,802.0,3.88,6.1,7.1,4.2,5,1.0,2.613871834386262,1.6068117589958888,False,True,False,4.2
95252250,11.8003,5758.0,1.08129,1,26.04,6.26773,4265.977,4.8,1109.0,3.93,7.2,3,0.7,-2.7,7.5,3.0,1.0,0,,False,,0,0,False,1455.1,3,3,1027.0,1.38,7.1,2.5,4.2,3,1.0,3.6520763222514483,1.314320834631647,False,True,False,4.2
198003939,11.7529,3384.0,0.53963,16,2633.96,80.2589,1421.4819,3.15,1558.0,2.32,9.7,3,2.4,-0.5,12.1,4.0,2.0,10,,False,,0,0,False,1252.4,3,3,1267.0,2.97,8.0,24.8,4.2,2,1.0,5.375721389383819,0.5859678677211101,False,True,False,4.2
140485808,12.7441,3558.0,0.678659,1,23.77,6.32769,4157.921,4.2,3021.0,4.07,8.2,4,2.7,-1.0,8.3,2.8,1.0,1,,False,,0,0,False,4036.1,4,4,2023.0,2.84,7.1,5.2,4.1,3,1.0,2.6857016588379072,1.5638371396089183,False,True,False,4.1
408248403,10.3339,4567.0,0.731455,1,24.48,9.81951,4236.451,0.5,2681.0,4.13,11.6,3,1.4,-3.1,11.6,3.1,1.0,0,,False,,0,0,False,1476.7,3,3,2282.0,1.13,8.1,0.3,4.1,2,1.0,3.2686115292646396,0.1529701512472142,False,True,False,4.1
139552250,10.0626,4913.0,0.778026,2,54.91,22.98797,4235.8621,4.8,515.0,1.93,7.2,3,1.5,1.6,7.7,3.4,1.0,0,,False,,0,0,False,601.5,3,3,811.0,1.02,8.0,10.6,4.1,2,1.0,4.522423628673526,1.0613777907860191,False,True,False,4.1
59409351,11.0265,5517.0,1.07171,1,23.7,3.3394,4153.9497,2.25,725.0,3.15,7.8,8,2.5,0.6,8.1,3.1,0.5,0,,False,,0,0,False,1293.6,8,8,792.0,1.56,5.1,1.6,4.1,4,1.0,2.943174172175689,0.7644807505009897,False,True,False,4.1
167894019,12.4338,2821.0,0.186276,44,2662.78,113.68572,1421.6158,3.0,1225.0,0.71,7.5,9,2.1,-2.0,8.4,6.3,2.0,0,,False,,0,0,False,2041.4,8,9,562.0,8.87,7.0,12.3,4.1,4,0.8888888888888888,2.970855545612334,1.0098101216771411,False,True,False,4.1
7696623,12.6051,4185.0,0.635864,2,54.9,13.73374,4239.9539,2.25,6015.0,5.38,7.4,3,0.3,0.1,7.7,4.3,1.0,0,,False,,0,0,True,6126.8,3,3,6318.0,1.07,5.5,0.6,4.0,3,1.0,3.329513086963353,0.6757744875098505,False,True,False,4.0
462145564,11.6524,4091.0,1.01418,1,24.13,6.0542,4159.1586,3.15,4191.0,7.16,20.8,3,1.1,-3.0,21.2,2.7,1.0,1,,False,,0,0,False,2332.7,3,3,3258.0,2.05,11.4,12.5,4.0,2,1.0,3.4591594119155995,0.910625855850802,False,True,False,4.0
34262050,12.188,5267.0,1.13912,1,25.91,7.80453,4265.2663,6.3,1195.0,4.3,7.3,4,1.7,0.8,7.2,3.4,1.0,0,,False,,0,0,False,1895.8,4,4,825.0,2.7,6.4,4.4,4.0,3,1.0,4.067899330925021,1.5487108916649148,False,True,False,4.0
38759628,10.4964,3316.0,0.347011,43,2661.15,82.27653,1344.4951,1.8,458.0,0.81,17.4,12,2.8,-0.0,8.6,7.0,2.0,5,,False,,0,0,False,606.2,10,12,243.0,2.6,20.1,3.7,4.0,3,0.8333333333333334,4.038273951573589,0.4457349901431517,False,True,False,4.0
62119332,12.6707,4273.0,0.70457,2,53.34,19.10631,4187.6118,2.25,5197.0,5.54,9.1,3,0.9,0.5,9.0,4.0,1.0,0,,False,,0,0,False,5157.7,3,3,6681.0,1.29,6.7,4.1,3.9,2,1.0,3.980002384046324,0.5653262945316396,False,True,False,3.9
313847487,10.7485,4915.0,0.778561,1,25.17,6.55222,4184.8278,3.15,1351.0,3.12,8.6,3,2.4,0.4,8.8,4.1,1.0,0,,False,,0,0,False,1133.9,3,3,1313.0,1.58,5.3,2.0,3.9,3,1.0,2.9775990307474007,1.057899323405316,False,True,False,3.9
49547313,11.9172,4321.0,0.794512,1,24.19,6.64521,4270.5268,2.1,2342.0,4.2,9.6,3,0.9,1.4,9.7,3.1,1.0,0,,False,,0,0,False,1828.7,3,3,1653.0,1.84,6.8,2.8,3.9,2,1.0,3.0323419309013486,0.6925340373391814,False,True,False,3.9
299743342,11.6897,4380.0,0.899639,1,25.78,5.6899,4208.6614,4.5,1539.0,3.85,11.8,4,0.2,-1.5,12.3,3.9,1.0,0,,False,,0,0,False,1811.4,4,4,1398.0,1.96,5.4,6.5,3.9,3,1.0,3.1281580528183794,1.4385462383991854,False,True,False,3.9
25132999,10.8124,3945.0,0.606897,42,2720.36,92.43513,1325.9662,2.25,906.0,1.99,12.4,8,2.9,-0.3,17.5,6.0,2.0,52,"00025132999-05(1:1,ntoi=5)",True,,0,0,False,799.3,7,8,280.0,11.07,10.8,29.7,3.9,3,0.875,6.0939278301546675,0.3692199945109776,False,True,False,3.9
290820586,12.3172,5093.0,0.811636,1,26.11,6.39872,4206.6463,2.1,3686.0,5.38,7.9,4,1.9,0.8,7.6,4.6,1.0,0,,False,,0,0,False,3201.9,4,4,5002.0,1.08,5.8,4.7,3.8,3,1.0,3.03724759886411,0.6914154778771977,False,True,False,3.8
22302186,10.4968,5290.0,0.981568,1,24.94,7.60836,4182.5022,4.5,1077.0,3.51,12.9,3,0.2,0.6,14.0,3.0,1.0,0,,False,,0,0,False,1376.2,3,3,1139.0,2.0,6.1,9.2,3.8,2,1.0,3.6524608788700346,1.2320460503856703,False,True,False,3.8
59409351,11.0265,5517.0,1.07171,1,23.7,6.2118,4158.7028,3.6,1174.0,4.01,9.0,3,1.2,0.3,8.7,3.7,1.0,0,,False,,0,0,False,1293.6,3,3,1392.0,1.26,5.6,2.2,3.8,3,1.0,3.61964215584713,0.9945734536726509,False,True,False,3.8
390083427,10.4729,4940.39,1.1222,1,25.11,4.21944,4180.8655,3.15,499.0,2.74,7.1,5,1.8,2.0,7.5,3.1,1.0,0,,False,,0,0,False,676.8,4,5,277.0,5.54,6.4,17.0,3.8,2,0.8,3.2810038662629784,0.9600720171012203,False,True,False,3.8
149449388,12.378,3860.0,0.608408,25,2577.38,90.62115,1480.4047,0.75,3327.0,3.83,8.0,6,2.8,0.6,11.1,6.5,2.0,3,,False,,0,0,False,2309.8,6,6,1769.0,5.91,20.9,36.9,3.8,1,1.0,6.063845038880973,0.12368389943856574,False,True,False,3.8
354606681,12.5879,4749.0,0.753572,2,50.74,10.07969,4157.5801,3.15,2145.0,3.81,7.9,4,2.9,1.9,8.2,3.6,1.0,0,,False,,0,0,False,3087.5,4,4,1759.0,3.34,6.8,8.8,3.7,3,1.0,3.3633638712984144,0.936562358560376,False,True,False,3.7
123291972,8.7771,5711.0,0.893815,4,110.66,27.67594,4197.9212,1.05,533.0,2.25,7.3,3,0.4,-2.3,6.8,4.8,1.0,0,,False,,0,0,True,263.2,3,3,398.0,1.15,5.1,0.1,3.7,3,1.0,5.27724811333165,0.19896733628033086,False,True,False,3.7
79303567,13.2987,4524.0,0.562851,2,53.1,18.59135,4179.6501,1.8,22151.0,9.14,7.1,3,0.7,0.3,7.1,3.5,1.0,0,,False,,0,0,False,24616.1,3,3,21226.0,1.19,5.6,0.9,3.6,2,1.0,3.3955299412339475,0.5301087109088704,False,True,False,3.6
33875445,12.5095,5322.0,0.787127,1,26.04,5.71719,4268.7705,4.5,2436.0,4.24,8.9,4,2.8,-2.3,9.0,3.0,1.0,0,,False,,0,0,False,2749.2,4,4,1353.0,2.95,7.9,10.1,3.6,2,1.0,2.8661508374800433,1.5700499572996856,False,True,False,3.6
6475135,12.5299,5523.0,0.882727,1,24.8,6.52448,4184.9679,6.3,4460.0,6.43,8.0,3,1.0,-1.8,8.2,3.8,1.0,0,,False,,0,0,False,3105.7,3,3,3434.0,1.66,7.4,2.0,3.6,2,1.0,3.2330161133010895,1.9486447884008067,False,True,False,3.6
142868983,11.959,3760.0,0.69716,2,52.9,12.93865,4212.842,2.1,2120.0,3.5,8.7,4,2.5,2.4,9.1,3.1,1.0,2,,False,,0,0,False,1718.6,3,3,1400.0,2.67,6.4,7.0,3.5,3,1.0,3.4705069878558525,0.6050989112969404,False,True,False,3.5
62119332,12.6707,4273.0,0.70457,2,53.34,16.32964,4190.3712,1.2,6550.0,6.22,8.3,3,2.2,1.8,8.3,3.3,1.0,0,,False,,0,0,False,5157.7,3,3,4531.0,1.78,5.3,1.2,3.5,3,1.0,3.7770256058247567,0.3177103163265334,False,True,False,3.5
217017762,12.4356,4801.0,0.82728,2,51.65,18.38266,4152.9134,2.1,6506.0,7.28,7.5,3,0.3,0.1,7.3,4.3,1.0,0,,False,,0,0,False,4831.9,3,3,6274.0,1.92,9.5,12.7,3.5,2,1.0,4.372999513227889,0.4802195823822319,False,True,False,3.5
152252448,11.922,5655.0,0.877678,1,25.13,6.62252,4184.5551,1.2,5898.0,7.35,8.2,3,1.0,-1.0,8.1,2.7,1.0,0,,False,,0,0,False,4091.9,3,3,8448.0,1.14,5.8,5.7,3.5,3,1.0,3.2367279280940875,0.370744785060327,False,True,False,3.5
173036880,13.0037,4248.0,1.05925,1,24.6,5.75768,4269.3096,6.3,2890.0,6.21,7.8,4,0.8,-0.2,8.0,3.3,1.0,0,,False,,0,0,False,4489.6,3,4,2197.0,2.5,6.7,7.9,3.5,3,0.75,3.501787465207096,1.7990812014136377,False,True,False,3.5
31962067,10.6648,3822.0,0.564734,19,1951.8,82.51674,2038.1583,2.25,995.0,1.94,7.5,5,1.5,-0.7,11.9,4.7,2.0,2,,False,,0,0,False,1103.7,4,5,864.0,4.91,8.5,28.7,3.5,3,0.8,5.592658118939975,0.40231316703951536,False,True,False,3.5
326700454,10.6757,3956.0,0.580712,1,26.06,7.23705,4211.374,1.2,5600.0,4.74,25.9,3,2.3,3.8,26.8,3.6,1.0,0,,False,,0,0,False,4273.0,3,3,3407.0,3.78,6.2,10.9,3.4,2,1.0,2.5314499897788045,0.4740366212428533,False,True,False,3.4
1529697,12.2845,3899.0,0.680742,2,54.27,20.67906,4238.968,4.2,1756.0,3.11,7.2,3,2.2,0.0,8.1,3.7,1.0,0,,False,,0,0,False,1922.5,3,3,1488.0,2.05,7.1,9.6,3.4,2,1.0,3.9936829970592838,1.0516608361486468,False,True,False,3.4
354606681,12.5879,4749.0,0.753572,2,50.74,15.12134,4167.6441,1.58,3579.0,4.92,8.0,3,1.1,-0.3,8.2,3.6,1.0,0,,False,,0,0,False,3087.5,3,3,3036.0,1.71,5.4,2.4,3.3,2,1.0,3.850243730742773,0.4103636316278588,False,True,False,3.3
143798554,11.1915,5374.0,0.773808,1,25.07,7.52634,4182.859,4.2,1972.0,3.75,10.7,3,2.5,3.2,10.7,3.3,1.0,0,,False,,0,0,False,2107.7,3,3,1292.0,3.49,7.9,19.8,3.3,2,1.0,3.105691991093734,1.3523556141576303,False,True,False,3.3
246802048,12.0773,5100.0,0.803287,1,25.07,8.89079,4184.8143,0.75,4542.0,5.91,8.4,3,1.8,2.6,8.4,3.7,1.0,0,,False,,0,0,False,2245.3,3,3,5526.0,1.41,8.3,11.8,3.3,2,1.0,3.3659079685261357,0.2228224915871393,False,True,False,3.3
314694713,12.4964,3701.0,0.847134,1,24.38,5.9759,4158.9688,7.2,6848.0,7.65,13.5,4,2.4,-3.5,13.4,3.2,0.5,1,,False,,0,0,False,8902.7,4,4,5340.0,2.44,7.2,9.8,3.2,2,1.0,3.0547626805018244,2.3569752393391203,False,True,False,3.2
314325690,11.0408,4695.0,0.733071,1,25.32,6.23536,4185.0792,0.5,2662.0,4.13,7.0,3,0.7,3.2,6.9,3.6,2.0,0,,False,,0,0,False,1190.1,3,3,2214.0,1.69,7.6,3.9,3.1,2,1.0,2.8135814874503584,0.17770944336611177,False,True,False,3.1
390083427,10.4729,4940.39,1.1222,1,25.11,8.25628,4181.2217,3.15,627.0,3.07,7.2,3,2.3,1.3,7.2,2.8,1.0,0,,False,,0,0,False,676.8,3,3,373.0,4.38,6.6,17.5,3.1,2,1.0,4.103772478549796,0.7675864138338284,False,True,False,3.1
124430234,12.5958,4890.0,0.814426,1,24.95,5.00067,4268.7798,1.58,5260.0,6.44,8.1,4,0.9,-2.4,8.0,2.9,1.0,0,,False,,0,0,False,6238.5,4,4,3690.0,1.65,4.2,0.7,3.0,2,1.0,2.804048014069241,0.563471093245333,False,True,False,3.0
198003939,11.7529,3384.0,0.53963,16,2633.96,77.00678,1421.4819,3.15,1569.0,2.33,9.4,3,0.0,-0.8,12.1,4.0,2.0,10,,False,,0,0,False,1252.4,3,3,674.0,5.58,7.3,23.6,3.0,3,1.0,5.302109254131937,0.5941031859245833,False,True,False,3.0
325855272,11.1145,5384.0,0.829389,1,25.38,7.53513,4182.8502,4.8,1796.0,3.84,8.8,3,2.4,1.8,9.2,3.0,1.0,0,,False,,0,0,False,2053.1,3,3,1208.0,3.47,6.7,19.8,2.9,2,1.0,3.2539488705468975,1.4751307383613728,False,True,False,2.9
198003939,11.7529,3384.0,0.53963,16,2633.96,71.55598,1421.4725,3.6,1111.0,1.96,8.4,4,2.5,0.7,12.1,4.0,2.0,10,,False,,0,0,False,1252.4,4,4,583.0,5.84,6.5,20.4,2.9,2,1.0,5.173935326797611,0.6957953226346583,False,True,False,2.9
147352381,12.6055,3809.0,0.619446,2,53.65,19.67065,4212.1577,2.1,15216.0,8.34,12.2,3,2.6,3.5,12.4,3.9,1.0,0,,False,,0,0,False,7395.4,3,3,9358.0,2.18,7.9,5.3,2.8,2,1.0,3.6882201224354945,0.5693803325961134,False,True,False,2.8
269586064,9.3377,4514.0,0.746019,1,25.85,6.54134,4213.03,1.5,651.0,2.08,8.7,3,0.7,1.2,8.5,3.0,1.0,0,,False,,0,0,False,436.9,3,3,894.0,1.06,12.4,10.4,2.8,2,1.0,2.892436238342401,0.5185939728301914,False,True,False,2.8
122228176,11.7297,3878.0,0.972078,1,24.09,7.43439,4153.7474,3.15,1649.0,4.31,7.6,4,0.4,-0.1,7.9,2.6,1.0,0,,False,,0,0,False,2176.3,3,4,1403.0,1.64,4.5,5.6,2.8,2,0.75,3.601008530886105,0.8747549396182284,False,True,False,2.8
290866297,12.839,5953.0,0.968761,1,26.11,9.10569,4206.6352,0.75,10547.0,10.85,7.7,3,2.9,-1.8,7.7,4.1,1.0,0,,False,,0,0,False,6566.1,3,3,6032.0,2.57,3.8,2.8,2.6,1,1.0,3.844061662128883,0.19510613146216857,False,True,False,2.6
197591673,12.1548,3484.0,0.48255,2,53.63,14.75711,4217.5056,3.0,4206.0,3.41,8.2,3,0.0,-1.4,8.6,3.9,1.0,0,,False,,0,0,False,2657.1,3,3,3875.0,1.35,9.9,1.5,2.5,2,1.0,2.8372892472612334,1.057347255975339,False,True,False,2.5
93331777,13.2545,3736.0,0.697322,1,25.61,9.88458,4266.3505,6.3,4290.0,4.98,11.3,3,2.0,-1.3,11.8,2.5,1.0,1,,False,,0,0,False,3620.8,3,3,1167.0,6.38,9.9,32.3,2.2,2,1.0,3.173096492297399,1.9854423006968334,False,True,False,2.2
299942684,12.3747,3649.0,0.573809,28,2009.38,118.87644,2038.8668,1.12,13920.0,7.39,13.7,4,0.0,-0.5,19.9,5.4,2.0,0,,False,,0,0,False,5452.4,4,4,1616.0,27.06,3.9,38.5,1.3,1,1.0,6.38388607469981,0.17544172732635518,False,True,False,1.3
55497266,9.97382,3567.0,0.479018,21,1951.8,0.64885,2036.4698,3.15,12803.0,5.91,2844.1,751,9.7,3672.9,2545.8,23.6,1.0,20,"00055497266-05(1:1,ntoi=6);00055497266-03(1:2,ntoi=6);00055497266-04(1:2,ntoi=6);00055497266-05(1:2,ntoi=6);00055497266-01(1:2,ntoi=2);00055497266-02(1:2,ntoi=2);00055497266-01(1:2,ntoi=1)",True,,0,0,False,10395.6,749,749,12616.0,2.0,153.5,2.6,153.2,739,1.0,0.9965313194221785,3.1609643757373056,False,False,True,153.2
160188205,12.9139,3356.0,0.463254,4,106.58,0.70134,4154.0601,4.5,8402.0,4.63,145.2,121,1.0,-16.7,146.3,13.9,1.0,0,,False,,0,0,False,5739.7,121,121,9276.0,1.3,130.7,3.1,129.5,120,1.0,1.0001472588528306,4.499337432731158,False,False,True,129.5
382147080,12.2793,3335.0,0.5847,14,2009.39,0.94642,2036.7223,4.2,6938.0,5.31,340.6,367,0.5,426.2,331.7,20.6,1.0,11,"00382147080-03(1:1,ntoi=3);00382147080-02(1:1,ntoi=3);00382147080-03(1:2,ntoi=4);00382147080-04(1:2,ntoi=4);00382147080-02(1:2,ntoi=4)",True,,0,0,False,5477.5,365,366,7342.0,1.7,128.3,3.1,127.9,363,0.9972677595628415,1.290798126434135,3.253800818260106,False,False,True,127.9
293164462,12.286,3270.0,0.283103,20,2633.96,1.82915,1355.4159,7.2,3639.0,1.86,175.4,253,0.5,214.3,72.6,5.8,0.5,31,"00293164462-06(1:2,ntoi=6);00293164462-05(1:2,ntoi=6);00293164462-03(1:2,ntoi=3);00293164462-02(1:2,ntoi=2)",True,,0,0,False,3530.1,252,253,3918.0,1.47,120.6,3.8,120.1,250,0.9960474308300395,0.9914124814503353,7.2623657001646125,False,False,True,120.1
88143396,11.4097,4905.0,0.796719,1,25.13,0.52019,4179.8519,4.5,3934.0,5.45,86.8,44,0.4,-15.5,86.6,8.2,1.0,1,"00088143396-01(1:1,ntoi=1)",True,,0,0,False,2536.1,44,44,4430.0,1.7,121.6,3.9,118.1,44,1.0,1.2995682024717075,3.462688600291425,False,False,True,118.1
32214841,13.1982,4103.0,0.667835,1,24.98,0.58868,4179.9136,1.05,63379.0,18.34,125.2,36,2.2,108.4,124.9,8.9,1.0,1,"00032214841-01(1:2,ntoi=1)",True,,0,0,False,24921.2,36,36,67083.0,1.14,121.9,2.8,117.3,36,1.0,1.2039658587957502,0.8721177534471348,False,False,True,117.3
311925584,12.1821,3709.0,0.595068,18,2662.78,7.29193,1325.7442,1.05,9242.0,6.24,109.2,57,3.1,52.3,40.5,10.4,0.5,30,"00311925584-01(1:2,ntoi=1);00311925584-01(1:2,ntoi=1);00311925584-01(1:2,ntoi=1);00311925584-01(1:2,ntoi=1);00311925584-01(1:2,ntoi=1);00311925584-01(1:2,ntoi=2);00311925584-01(1:2,ntoi=1);00311925584-01(1:2,ntoi=1);00311925584-01(1:2,ntoi=2);00311925584-01(1:2,ntoi=1);00311925584-01(1:2,ntoi=1);00311925584-01(1:2,ntoi=1);00311925584-01(1:2,ntoi=1);00311925584-01(1:1,ntoi=1);00311925584-01(2:1,ntoi=1);00311925584-01(1:2,ntoi=1);00311925584-01(1:2,ntoi=1);00311925584-01(1:1,ntoi=2);00311925584-02(2:1,ntoi=2);00311925584-01(1:2,ntoi=1);00311925584-01(1:2,ntoi=1);00311925584-01(1:2,ntoi=1);00311925584-01(1:2,ntoi=1);00311925584-01(1:1,ntoi=2);00311925584-02(1:1,ntoi=2);00311925584-01(1:2,ntoi=1);00311925584-01(1:2,ntoi=1);00311925584-01(1:2,ntoi=1)",True,,0,0,False,1831.1,57,57,9383.0,1.3,119.1,3.5,117.0,57,1.0,2.5794880605367263,0.40705751504099674,False,False,True,117.0
150068381,12.1711,3196.0,0.523134,32,2634.76,1.60242,1411.6096,4.8,19635.0,8.0,1334.9,443,4.1,-1116.1,830.9,9.6,1.0,42,"00150068381-01(1:3,ntoi=3);00150068381-02(1:3,ntoi=3);00150068381-03(1:3,ntoi=3);00150068381-02(1:3,ntoi=4);00150068381-03(1:3,ntoi=4);00150068381-04(1:3,ntoi=4);00150068381-02(1:3,ntoi=4);00150068381-03(1:3,ntoi=4);00150068381-04(1:3,ntoi=4);00150068381-01(1:3,ntoi=1)",True,,0,0,False,16945.4,441,442,18183.0,1.59,114.8,2.2,114.6,434,0.997737556561086,1.428485087450246,3.360203086591328,False,False,True,114.6
262575578,11.4273,3465.0,0.602623,13,2602.12,1.13539,1386.9729,6.3,4661.0,4.49,351.5,259,0.3,469.2,139.7,5.5,0.5,19,"00262575578-03(1:2,ntoi=5);00262575578-04(1:2,ntoi=5);00262575578-05(1:2,ntoi=5);00262575578-03(1:2,ntoi=3);00262575578-03(1:2,ntoi=3)",True,,0,0,False,4297.5,259,259,4912.0,2.0,108.9,2.3,108.2,257,1.0,1.3994383929212395,4.501805890039322,False,False,True,108.2
31381302,12.4884,2836.0,0.140898,41,2720.36,0.66094,1325.9983,1.5,5268.0,1.12,264.3,1406,0.8,292.0,188.9,22.8,1.0,23,"00031381302-01(1:2,ntoi=2);00031381302-02(1:2,ntoi=2);00031381302-01(1:2,ntoi=2);00031381302-02(1:2,ntoi=2);00031381302-01(1:2,ntoi=3);00031381302-03(1:2,ntoi=3);00031381302-02(1:2,ntoi=3);00031381302-02(1:2,ntoi=3);00031381302-01(1:2,ntoi=3);00031381302-03(1:2,ntoi=3);00031381302-03(1:2,ntoi=4);00031381302-01(1:2,ntoi=4);00031381302-04(1:2,ntoi=4);00031381302-02(1:2,ntoi=4);00031381302-02(1:2,ntoi=3);00031381302-01(1:2,ntoi=3);00031381302-03(1:2,ntoi=3)",True,,0,0,False,5194.3,1397,1402,5066.0,1.95,107.5,0.8,107.4,1306,0.9964336661911555,0.4434713062102713,3.382405984320386,False,False,True,107.4
149175965,12.2972,3539.0,0.479814,39,2633.97,0.67107,1354.6559,1.05,50540.0,11.77,2524.4,1192,10.8,2362.8,1654.2,24.0,1.0,20,"00149175965-02(1:3,ntoi=3);00149175965-03(1:3,ntoi=3)",True,,0,0,False,43159.4,1189,1191,52708.0,1.83,102.9,0.3,102.8,1031,0.998320738874895,1.00889548665799,1.0407420926008606,False,False,True,102.8
293164462,12.286,3270.0,0.283103,20,2633.96,2.74372,1356.3159,7.2,3494.0,1.83,143.7,172,1.6,-94.7,85.2,7.0,1.0,31,"00293164462-06(1:3,ntoi=6);00293164462-05(1:3,ntoi=6);00293164462-03(1:3,ntoi=3);00293164462-02(1:3,ntoi=2)",True,,0,0,False,3530.1,172,172,3918.0,1.61,102.5,3.7,101.9,171,1.0,1.1348832983794006,6.344264657239657,False,False,True,101.9
149175965,12.2972,3539.0,0.479814,39,2633.97,0.55923,1354.5434,1.05,48052.0,11.47,2602.3,1433,170.8,-2458.6,1538.1,22.3,1.0,20,,False,,0,0,False,43159.4,1427,1429,46276.0,1.69,101.1,0.3,100.9,1045,0.9986004198740378,0.9494098318441432,1.105950206941158,False,False,True,100.9
292214881,10.2485,4534.0,0.756152,1,24.96,0.63889,4179.9309,1.05,4195.0,5.34,101.1,35,0.9,103.4,101.0,9.2,1.0,1,"00292214881-01(1:2,ntoi=1)",True,,0,0,False,1770.1,35,35,4686.0,1.16,103.0,3.7,100.0,35,1.0,1.344073631381454,0.7812072013650012,False,False,True,100.0
38469354,11.8901,3422.0,0.507706,22,1951.79,1.53306,2037.7611,4.8,10637.0,5.71,695.8,331,2.8,-567.2,621.0,12.4,1.0,32,"00038469354-05(1:3,ntoi=6);00038469354-04(1:3,ntoi=6);00038469354-06(1:3,ntoi=6)",True,,0,0,False,9000.4,329,329,10005.0,1.49,95.4,2.8,95.1,325,1.0,1.3797578556041792,3.478871296513212,False,False,True,95.1
31381302,12.4884,2836.0,0.140898,41,2720.36,0.82617,1325.9983,1.5,5120.0,1.1,232.2,1127,0.2,-215.1,168.2,20.2,1.0,23,,False,,0,0,False,5194.3,1123,1126,4976.0,2.01,94.3,0.8,94.2,1023,0.9973357015985791,0.4777140193564164,3.1399539038457003,False,False,True,94.2
262575578,11.4273,3465.0,0.602623,13,2602.12,1.7031,1387.5354,4.5,4920.0,4.61,273.4,173,2.4,-240.8,163.7,6.6,1.0,19,"00262575578-03(1:3,ntoi=5);00262575578-04(1:3,ntoi=5);00262575578-05(1:3,ntoi=5);00262575578-03(1:3,ntoi=3);00262575578-03(1:3,ntoi=3)",True,,0,0,False,4297.5,172,173,5845.0,2.11,94.3,2.5,93.2,171,0.9942196531791907,1.601961763042743,2.8090558113277093,False,False,True,93.2
55497266,9.97382,3567.0,0.479018,21,1951.8,0.97327,2036.4886,3.15,11834.0,5.69,2235.9,497,9.6,-1888.6,2012.5,18.5,1.0,20,"00055497266-03(1:3,ntoi=6);00055497266-04(1:3,ntoi=6);00055497266-05(1:3,ntoi=6);00055497266-01(1:3,ntoi=2);00055497266-02(1:3,ntoi=2);00055497266-01(1:3,ntoi=1)",True,,0,0,False,10395.6,496,497,9755.0,2.0,92.4,1.5,92.1,483,0.9979879275653923,1.1407416410445406,2.761361457021632,False,False,True,92.1
60890639,12.7478,4254.0,0.709256,1,25.16,2.46018,4179.798,2.25,32308.0,13.91,94.6,10,1.1,93.5,71.3,3.1,0.5,2,"00060890639-01(1:2,ntoi=2);00060890639-02(1:2,ntoi=2)",True,,0,0,False,11069.6,10,10,34296.0,1.07,96.6,1.5,90.6,10,1.0,2.0186728133842853,1.1145936999210373,False,False,True,90.6
150068381,12.1711,3196.0,0.523134,32,2634.76,2.67072,1413.2096,4.8,18785.0,7.82,1017.3,263,5.3,-907.2,635.6,8.2,1.0,42,,False,,0,0,False,16945.4,260,261,18755.0,1.55,89.5,2.4,89.2,259,0.9961685823754789,1.693660575441077,2.8340979707518694,False,False,True,89.2
149175965,12.2972,3539.0,0.479814,39,2633.97,0.89477,1354.8746,1.05,49838.0,11.69,2166.6,892,6.0,2273.7,1421.9,20.5,1.0,20,"00149175965-02(1:2,ntoi=2);00149175965-01(1:2,ntoi=6);00149175965-03(1:2,ntoi=6);00149175965-02(1:2,ntoi=6);00149175965-05(1:2,ntoi=6);00149175965-04(1:2,ntoi=6);00149175965-06(1:2,ntoi=6);00149175965-01(1:2,ntoi=3);00149175965-02(1:2,ntoi=3);00149175965-03(1:2,ntoi=3);00149175965-01(1:2,ntoi=2);00149175965-02(1:2,ntoi=2)",True,,0,0,False,43159.4,889,889,53302.0,2.05,88.7,0.3,88.6,751,1.0,1.1104373030130006,0.9455734215259041,False,False,True,88.6
31381302,12.4884,2836.0,0.140898,41,2720.36,0.99142,1326.3233,1.5,5082.0,1.1,211.7,939,2.6,222.8,150.3,17.9,1.0,23,"00031381302-01(1:2,ntoi=3);00031381302-02(1:2,ntoi=3);00031381302-03(1:2,ntoi=3);00031381302-01(1:2,ntoi=3);00031381302-02(1:2,ntoi=3);00031381302-03(1:2,ntoi=3);00031381302-01(1:3,ntoi=2);00031381302-02(1:3,ntoi=2);00031381302-01(1:3,ntoi=2);00031381302-02(1:3,ntoi=2);00031381302-01(1:3,ntoi=3);00031381302-03(1:3,ntoi=3);00031381302-02(1:3,ntoi=3);00031381302-02(1:3,ntoi=3);00031381302-01(1:3,ntoi=3);00031381302-03(1:3,ntoi=3);00031381302-03(1:3,ntoi=4);00031381302-01(1:3,ntoi=4);00031381302-04(1:3,ntoi=4);00031381302-02(1:3,ntoi=4);00031381302-02(1:3,ntoi=3);00031381302-01(1:3,ntoi=3);00031381302-03(1:3,ntoi=3)",True,,0,0,False,5194.3,934,937,4975.0,1.94,87.4,0.7,87.2,866,0.9967982924226254,0.5076496271982186,2.95479385709133,False,False,True,87.2
32214841,13.1982,4103.0,0.667835,1,24.98,0.8833,4179.9136,1.05,54011.0,16.93,90.1,25,12.5,-19.9,90.5,6.1,1.0,1,"00032214841-01(1:3,ntoi=1)",True,,0,0,False,24921.2,25,25,60972.0,1.17,89.4,3.2,86.6,25,1.0,1.3783425231903383,0.7617845218688093,False,False,True,86.6
160188205,12.9139,3356.0,0.463254,4,106.58,1.4027,4154.0663,4.8,6995.0,4.23,96.1,62,0.2,110.3,67.4,5.8,0.5,0,,False,,0,0,False,5739.7,62,62,8664.0,1.3,86.9,2.4,85.6,61,1.0,1.260112573437679,3.809183481841824,False,False,True,85.6
149175965,12.2972,3539.0,0.479814,39,2633.97,0.78292,1354.7621,1.05,47066.0,11.36,2174.4,1017,147.2,-2119.8,1287.4,18.5,1.0,20,,False,,0,0,False,43159.4,1017,1017,46512.0,2.18,85.7,0.3,85.6,721,1.0,1.0620933760017075,0.9886136414415525,False,False,True,85.6
217708000,11.9386,4828.0,0.758108,1,25.22,1.31155,4179.7035,3.15,17855.0,11.05,78.1,15,1.3,14.5,78.2,6.9,1.0,2,"00217708000-01(1:1,ntoi=2);00217708000-02(1:1,ntoi=2)",True,,0,0,False,6570.2,15,15,18742.0,1.05,89.0,1.1,85.0,15,1.0,1.7111600448318491,1.8408564467793787,False,False,True,85.0
40340867,12.286,3901.0,0.61829,31,2634.76,4.64345,1411.855,6.3,1834.0,2.89,68.9,162,0.6,22.9,42.8,18.9,1.0,41,"00040340867-01(1:1,ntoi=2);00040340867-02(1:1,ntoi=2);00040340867-01(1:1,ntoi=2);00040340867-02(1:1,ntoi=2);00040340867-01(1:1,ntoi=2);00040340867-02(1:1,ntoi=2);00040340867-01(1:1,ntoi=2);00040340867-02(1:1,ntoi=2);00040340867-02(1:1,ntoi=2);00040340867-01(1:1,ntoi=2);00040340867-02(1:1,ntoi=2);00040340867-01(1:1,ntoi=2);00040340867-01(1:1,ntoi=1);00040340867-01(1:1,ntoi=1);00040340867-01(1:1,ntoi=1);00040340867-01(1:1,ntoi=1);00040340867-01(1:1,ntoi=1);00040340867-01(1:1,ntoi=1);00040340867-01(1:1,ntoi=1);00040340867-01(1:1,ntoi=1);00040340867-01(1:1,ntoi=1);00040340867-01(1:1,ntoi=1);00040340867-01(1:1,ntoi=1);00040340867-01(3:1,ntoi=2);00040340867-02(3:1,ntoi=2);00040340867-01(1:1,ntoi=1);00040340867-01(1:1,ntoi=1);00040340867-01(1:1,ntoi=1);00040340867-01(1:1,ntoi=1);00040340867-01(1:1,ntoi=1);00040340867-01(1:1,ntoi=1);00040340867-01(1:1,ntoi=1);00040340867-01(1:1,ntoi=1);00040340867-01(1:1,ntoi=1);00040340867-01(1:1,ntoi=1);00040340867-01(1:1,ntoi=1);00040340867-01(1:1,ntoi=1);00040340867-01(1:1,ntoi=1);00040340867-01(1:1,ntoi=1);00040340867-01(1:1,ntoi=1);00040340867-01(1:1,ntoi=1)",True,,0,0,True,1997.7,162,162,2102.0,2.05,83.2,1.8,82.7,162,1.0,2.276582362063008,2.7673059868086765,False,False,True,82.7
292214881,10.2485,4534.0,0.756152,1,24.96,0.95856,4179.9309,1.05,4071.0,5.26,81.1,22,0.3,-10.8,81.6,7.1,1.0,1,"00292214881-01(1:3,ntoi=1)",True,,0,0,False,1770.1,22,22,4566.0,1.26,84.6,3.7,81.4,22,1.0,1.5387006298777473,0.6823939495517232,False,False,True,81.4
382147080,12.2793,3335.0,0.5847,14,2009.39,1.4196,2037.1973,4.2,6390.0,5.1,267.0,249,2.6,-208.8,261.2,16.1,1.0,11,"00382147080-03(1:3,ntoi=4);00382147080-04(1:3,ntoi=4);00382147080-02(1:3,ntoi=4)",True,,0,0,False,5477.5,248,249,6245.0,1.64,80.1,2.4,79.6,245,0.9959839357429718,1.4775845912063794,2.8424768537758602,False,False,True,79.6
2929964,11.1655,4238.0,1.09579,1,24.22,2.32237,4153.8701,6.3,5539.0,8.9,101.2,10,4.2,110.1,73.9,2.6,0.5,0,,False,,0,0,False,3231.4,10,10,6439.0,1.05,86.5,1.9,78.4,10,1.0,2.6464903828696076,2.3805112010907314,False,False,True,78.4
293164462,12.286,3270.0,0.283103,20,2633.96,4.57283,1358.1534,7.2,3296.0,1.77,107.9,105,2.7,-74.3,66.1,5.2,1.0,31,,False,,0,0,True,3530.1,105,105,3992.0,1.8,78.6,3.9,77.7,104,1.0,1.3455493387642252,5.350974351198894,False,False,True,77.7
31381302,12.4884,2836.0,0.140898,41,2720.36,1.15665,1325.9905,1.58,4945.0,1.08,195.0,793,0.8,-185.6,138.6,16.4,1.0,23,,False,,0,0,False,5194.3,788,792,4658.0,2.01,77.3,0.7,77.1,711,0.9949494949494949,0.5344152390861674,2.9565025179703865,False,False,True,77.1
149175965,12.2972,3539.0,0.479814,39,2633.97,1.00661,1354.7621,1.05,46573.0,11.3,1926.8,804,129.1,-1866.5,522.1,9.0,1.0,20,,False,,0,0,False,43159.4,803,803,46545.0,1.7,76.2,0.3,76.1,579,1.0,1.1548989450203284,0.9091704555860669,False,False,True,76.1
60890639,12.7478,4254.0,0.709256,1,25.16,3.69014,4179.8012,2.4,32118.0,13.87,81.1,7,2.3,16.1,80.0,3.6,1.0,2,"00060890639-01(1:3,ntoi=2);00060890639-02(1:3,ntoi=2)",True,,0,0,False,11069.6,7,7,35436.0,1.02,83.1,1.5,75.1,7,1.0,2.3107763853956533,1.0386119639997402,False,False,True,75.1
262575578,11.4273,3465.0,0.602623,13,2602.12,2.83848,1387.5354,4.5,4688.0,4.5,209.5,105,1.0,-184.5,124.9,4.8,1.0,19,,False,,0,0,False,4297.5,104,104,5842.0,1.24,74.6,1.4,73.9,103,1.0,1.8993312287708786,2.3692549945130437,False,False,True,73.9
32214841,13.1982,4103.0,0.667835,1,24.98,1.47204,4180.2042,1.2,50876.0,16.43,70.0,15,9.2,-17.4,70.0,4.5,1.0,1,,False,,0,0,False,24921.2,15,15,59336.0,1.16,80.2,3.3,73.6,15,1.0,1.6341588931089748,0.7343227179806299,False,False,True,73.6
100097717,12.0131,5827.0,1.12875,3,80.21,3.00012,4180.5752,1.2,12977.0,14.03,75.8,21,0.1,4.5,74.0,12.2,1.0,3,"00100097717-01(1:1,ntoi=1);00100097717-01(1:1,ntoi=1);00100097717-01(1:1,ntoi=1)",True,354.01(1:1),1,1,False,2950.8,21,21,13392.0,1.11,77.4,2.4,73.3,21,1.0,2.9398128121390283,0.4081892544467386,True,False,True,73.3
172938292,12.9377,3332.0,1.05012,1,23.85,0.83942,4153.8029,1.58,47888.0,25.07,149.3,26,8.7,157.7,148.9,7.6,1.0,1,"00172938292-01(1:2,ntoi=1)",True,,0,0,False,23563.6,26,26,52862.0,1.25,76.3,3.4,72.6,26,1.0,1.8324298233927385,0.8622431155778914,False,False,True,72.6
55497266,9.97382,3567.0,0.479018,21,1951.8,1.62211,2037.7823,3.15,11141.0,5.52,1691.3,301,4.3,-1536.0,1503.4,13.6,1.0,20,,False,,0,0,False,10395.6,300,300,10022.0,1.91,72.7,1.6,72.5,298,1.0,1.3524969155336377,2.3290256442153465,False,False,True,72.5
322009100,11.8152,3271.0,0.566122,4,106.58,0.82018,4154.2649,3.6,24537.0,9.67,798.5,105,19.4,988.7,798.1,12.7,1.0,6,,False,,0,0,False,17874.4,105,105,26137.0,1.24,73.2,1.5,71.8,102,1.0,1.2044387158527696,2.988944105347128,False,False,True,71.8
314073957,12.8543,3956.0,0.632151,1,25.36,0.66795,4179.6685,1.5,35221.0,12.94,127.6,34,9.2,-85.4,130.3,7.1,1.0,1,,False,,0,0,False,23723.1,33,33,47234.0,1.14,70.7,0.8,69.2,33,1.0,1.2106078850531379,1.2390469437047815,False,False,True,69.2
160188205,12.9139,3356.0,0.463254,4,106.58,2.10519,4154.0413,4.8,6655.0,4.12,76.9,42,0.5,-29.5,76.6,6.7,1.0,0,,False,,0,0,False,5739.7,42,42,8731.0,1.32,70.6,1.9,69.0,41,1.0,1.4427292787410035,3.3270275101013516,False,False,True,69.0
271502836,11.5627,3208.0,0.499378,2,50.67,0.99553,4154.7222,7.2,5434.0,4.02,138.4,44,1.9,-2.0,121.7,7.8,1.0,2,,False,,0,0,False,4822.1,44,44,6176.0,1.82,69.7,3.3,67.8,44,1.0,1.1817148191357785,6.0928405766,False,False,True,67.8
382147080,12.2793,3335.0,0.5847,14,2009.39,2.36601,2038.1473,4.2,6116.0,4.99,204.7,149,0.7,-169.4,199.4,12.0,1.0,11,,False,,0,0,False,5477.5,148,149,6142.0,1.57,65.3,1.8,64.6,148,0.9932885906040269,1.7518727145412016,2.39743445122378,False,False,True,64.6
460191832,12.7357,3470.0,1.06591,1,24.1,1.55768,4154.0194,4.8,53773.0,26.97,263.6,15,2.5,305.7,194.2,3.0,0.5,3,,False,,0,0,False,34947.4,15,15,68864.0,1.17,68.0,3.1,64.3,15,1.0,2.2743016496170037,2.1105379758258223,False,False,True,64.3
292214881,10.2485,4534.0,0.756152,1,24.96,1.59795,4179.9277,1.2,3786.0,5.08,64.3,14,3.8,-13.6,64.9,5.4,1.0,1,,False,,0,0,False,1770.1,14,14,4382.0,1.18,67.2,2.4,62.7,14,1.0,1.8244645369428796,0.6577272266474148,False,False,True,62.7
165878511,12.7598,3993.0,1.0207,4,106.58,1.04147,4153.9509,4.2,9235.0,10.7,167.0,83,1.5,203.6,114.8,6.0,0.5,0,,False,,0,0,False,7113.0,83,83,9276.0,1.72,63.3,2.2,62.4,83,1.0,1.9320689689698183,2.1738354414125527,False,False,True,62.4
33798271,12.3305,5572.0,0.93362,1,25.73,0.62322,4265.0238,2.25,33531.0,18.65,244.6,36,1.3,287.0,243.3,7.4,1.0,0,,False,,0,0,False,21930.1,36,36,40146.0,1.22,62.4,0.8,60.4,36,1.0,1.5341536314810564,1.4666067034159236,False,False,True,60.4
88143396,11.4097,4905.0,0.796719,1,25.13,1.03976,4180.3487,3.15,3660.0,5.26,57.7,23,0.1,65.3,40.8,3.2,0.5,1,"00088143396-01(1:2,ntoi=1)",True,,0,0,False,2536.1,23,23,4546.0,1.54,61.3,1.5,59.5,23,1.0,1.6370280167832578,1.9242187474529089,False,False,True,59.5
217708000,11.9386,4828.0,0.758108,1,25.22,2.62277,4181.016,3.15,17379.0,10.9,57.2,8,1.0,53.4,41.0,3.0,0.5,2,"00217708000-01(1:2,ntoi=2);00217708000-02(1:2,ntoi=2)",True,,0,0,False,6570.2,8,8,19127.0,1.03,64.6,1.0,59.4,8,1.0,2.155836147403017,1.4611500061331568,False,False,True,59.4
160188205,12.9139,3356.0,0.463254,4,106.58,3.50728,4155.4538,4.2,6987.0,4.22,60.5,26,1.4,-23.1,60.9,5.1,1.0,0,,False,,0,0,False,5739.7,26,26,9824.0,1.28,60.0,2.8,57.6,26,1.0,1.7103220398021761,2.455677879521328,False,False,True,57.6
119953579,13.2071,3717.0,0.507933,1,24.87,0.50181,4179.8743,4.8,6297.0,4.4,38.5,45,0.1,-4.0,38.4,8.7,1.0,1,"00119953579-01(1:1,ntoi=1)",True,,0,0,False,5524.1,45,45,6558.0,1.53,57.2,3.2,55.5,45,1.0,0.9511719129620705,5.046406369435561,False,False,True,55.5
153125761,12.3128,5115.0,0.771922,1,25.13,0.52144,4265.7096,1.2,6065.0,6.56,49.9,40,3.0,-1.8,49.2,9.2,1.0,1,"00153125761-01(1:1,ntoi=1)",True,,0,0,False,2903.9,40,40,5912.0,1.34,55.9,2.4,54.2,40,1.0,1.2734796834713233,0.942300074021575,False,False,True,54.2
404664390,12.3602,3578.0,0.5061,1,25.04,0.6533,4179.8719,1.05,10018.0,5.53,55.2,32,4.3,0.4,55.5,10.6,1.0,1,"00404664390-01(1:1,ntoi=1)",True,,0,0,False,3874.8,32,32,9984.0,1.34,55.5,2.3,53.8,32,1.0,1.0361041302816438,1.0134116536284619,False,False,True,53.8
374644615,13.0591,3320.0,0.568659,1,24.04,0.8292,4153.652,6.3,9002.0,5.89,68.6,26,1.2,34.5,69.2,7.2,1.0,0,,False,,0,0,False,6395.9,26,26,8906.0,1.5,55.5,2.7,53.1,26,1.0,1.2124467391316334,5.196104535290452,False,False,True,53.1
212456750,12.7081,3521.0,0.457615,1,25.21,0.63683,4179.4456,1.58,15141.0,6.14,46.5,36,0.4,17.1,46.0,8.7,1.0,1,"00212456750-01(1:1,ntoi=1)",True,,0,0,False,7796.9,36,36,16609.0,1.34,53.9,1.4,52.5,36,1.0,0.9606155955833613,1.6447786266060982,False,False,True,52.5
313343773,10.764,4854.45,0.787946,1,25.29,0.77741,4179.7668,1.05,5193.0,6.19,83.4,29,9.7,-59.0,83.5,6.0,1.0,1,,False,,0,0,False,3673.8,29,29,6994.0,1.26,53.9,1.2,52.3,29,1.0,1.4748775727894454,0.7119234974968995,False,False,True,52.3
52111832,11.1978,5179.0,0.932599,1,25.14,0.84776,4266.1061,3.15,16907.0,13.23,360.9,25,12.9,415.5,359.2,6.6,1.0,0,,False,,0,0,False,11031.3,25,25,19129.0,1.25,54.0,1.5,52.0,25,1.0,1.6986186890156674,1.8544479819808137,False,False,True,52.0
40340867,12.286,3901.0,0.61829,31,2634.76,13.92996,1411.8925,6.3,1764.0,2.83,42.8,62,0.0,9.0,26.4,10.9,1.0,41,"00040340867-01(1:3,ntoi=2);00040340867-02(1:3,ntoi=2);00040340867-01(1:3,ntoi=2);00040340867-02(1:3,ntoi=2);00040340867-01(1:3,ntoi=2);00040340867-02(1:3,ntoi=2);00040340867-01(1:3,ntoi=2);00040340867-02(1:3,ntoi=2);00040340867-02(1:3,ntoi=2);00040340867-01(1:3,ntoi=2);00040340867-02(1:3,ntoi=2);00040340867-01(1:3,ntoi=2);00040340867-01(1:3,ntoi=1);00040340867-01(1:3,ntoi=1);00040340867-01(1:3,ntoi=1);00040340867-01(1:3,ntoi=1);00040340867-01(1:3,ntoi=1);00040340867-01(1:3,ntoi=1);00040340867-01(1:3,ntoi=1);00040340867-01(1:3,ntoi=1);00040340867-01(1:3,ntoi=1);00040340867-01(1:3,ntoi=1);00040340867-01(1:3,ntoi=1);00040340867-01(1:1,ntoi=2);00040340867-02(1:1,ntoi=2);00040340867-01(1:3,ntoi=1);00040340867-01(1:3,ntoi=1);00040340867-01(1:3,ntoi=1);00040340867-01(1:3,ntoi=1);00040340867-01(1:3,ntoi=1);00040340867-01(1:3,ntoi=1);00040340867-01(1:3,ntoi=1);00040340867-01(1:3,ntoi=1);00040340867-01(1:3,ntoi=1);00040340867-01(1:3,ntoi=1);00040340867-01(1:3,ntoi=1);00040340867-01(1:3,ntoi=1);00040340867-01(1:3,ntoi=1);00040340867-01(1:3,ntoi=1);00040340867-01(1:3,ntoi=1);00040340867-01(1:3,ntoi=1)",True,,0,0,True,1997.7,62,62,2099.0,1.8,52.4,1.7,51.6,61,1.0,3.2833692920154394,1.9187607118457437,False,False,True,51.6
460191832,12.7357,3470.0,1.06591,1,24.1,2.33632,4154.0194,4.8,51500.0,26.39,212.4,10,11.2,-16.1,210.2,3.3,1.0,3,,False,,0,0,False,34947.4,10,10,67813.0,1.17,55.1,3.4,51.1,10,1.0,2.6033512059223103,1.8437773547727938,False,False,True,51.1
314073957,12.8543,3956.0,0.632151,1,25.36,0.89056,4179.8951,1.58,36703.0,13.21,119.8,25,1.2,129.2,119.5,6.4,1.0,1,"00314073957-01(1:2,ntoi=1)",True,,0,0,False,23723.1,25,25,47632.0,1.16,52.5,0.3,50.9,25,1.0,1.332426439200545,1.1858065507526248,False,False,True,50.9
85649613,10.171,6159.0,1.16832,1,25.0,0.65118,4179.6679,1.12,4794.0,8.83,116.4,34,1.8,123.5,115.5,7.5,1.0,2,"00085649613-01(1:2,ntoi=2);00085649613-02(1:2,ntoi=2)",True,,0,0,False,3257.5,34,34,6432.0,1.12,50.4,0.2,49.3,34,1.0,1.8077977963598986,0.6195383146584106,False,False,True,49.3
23205275,11.441,5486.0,1.17225,1,24.92,1.85872,4180.3393,0.75,10185.0,12.91,50.0,12,1.4,11.7,50.0,8.1,1.0,1,"00023205275-01(1:1,ntoi=1)",True,,0,0,False,2338.7,12,12,10272.0,1.23,54.9,3.3,49.3,12,1.0,2.5701577434052703,0.2918108827850796,False,False,True,49.3
165878511,12.7598,3993.0,1.0207,4,106.58,1.56159,4154.5009,4.2,8561.0,10.3,130.5,55,0.1,-64.7,134.1,7.1,1.0,0,,False,,0,0,False,7113.0,55,55,9052.0,1.57,50.0,2.0,49.1,55,1.0,2.211376602794536,1.8992694390871383,False,False,True,49.1
217708000,11.9386,4828.0,0.758108,1,25.22,3.93104,4179.7222,3.15,16437.0,10.6,46.7,6,0.3,5.2,47.6,3.7,1.0,2,"00217708000-01(1:3,ntoi=2);00217708000-02(1:3,ntoi=2)",True,,0,0,False,6570.2,6,6,18382.0,1.02,55.3,0.4,48.7,6,1.0,2.46716484493865,1.2767691654095086,False,False,True,48.7
178349213,12.848,3481.0,0.594614,2,54.91,0.62532,4235.8125,2.4,6524.0,5.24,69.8,63,0.7,84.2,68.9,10.5,1.0,0,,False,,0,0,False,5137.7,62,63,7326.0,1.39,49.9,1.6,48.5,62,0.9841269841269841,1.136926756476338,2.110953925860878,False,False,True,48.5
216795653,11.7843,4777.0,0.757608,2,51.66,1.10729,4153.0009,4.5,19647.0,11.59,203.1,42,3.6,243.7,143.5,4.0,0.5,0,,False,,0,0,False,14978.8,42,42,20643.0,1.29,49.1,1.6,48.0,42,1.0,1.6165598491808397,2.783689080413749,False,False,True,48.0
23205280,12.2287,5163.0,0.930499,1,24.92,1.8595,4180.3341,1.0,18638.0,13.86,49.1,12,3.1,12.9,49.1,8.1,1.0,1,"00023205280-01(1:1,ntoi=1)",True,,0,0,False,4904.5,12,12,18558.0,1.46,53.5,3.4,47.5,12,1.0,2.2036923400715414,0.4537838525896658,False,False,True,47.5
88143396,11.4097,4905.0,0.796719,1,25.13,1.55893,4180.8737,3.15,3615.0,5.23,46.6,15,0.1,-19.3,46.8,3.9,1.0,1,"00088143396-01(1:3,ntoi=1)",True,,0,0,False,2536.1,15,15,4632.0,1.38,49.9,1.1,47.3,15,1.0,1.8736448847979121,1.6812150613800827,False,False,True,47.3
65289424,13.4933,3860.0,0.693579,2,55.24,0.55304,4235.6993,2.25,23719.0,11.65,127.6,68,2.4,153.0,126.4,10.2,1.0,0,,False,,0,0,False,17589.3,68,68,25444.0,1.43,47.3,1.2,46.2,68,1.0,1.2092732111693327,1.8606217182503482,False,False,True,46.2
56437876,13.464,4170.0,0.737821,1,24.36,3.306,4153.5912,6.3,37727.0,15.64,52.5,8,1.4,-15.0,52.7,3.0,1.0,1,,False,,0,0,False,26383.4,8,8,46143.0,1.13,52.2,3.5,45.9,8,1.0,2.2870548752466417,2.754634385115308,False,False,True,45.9
324141976,11.3917,5150.0,0.843926,1,25.29,1.45832,4180.2138,3.0,3609.0,5.53,41.0,15,0.0,-18.7,42.2,5.4,1.0,1,"00324141976-01(1:3,ntoi=1)",True,,0,0,False,2665.1,15,15,4718.0,1.21,47.9,2.1,45.5,15,1.0,1.904125120906294,1.5755267167380838,False,False,True,45.5
313343773,10.764,4854.45,0.787946,1,25.29,1.08806,4179.923,1.05,5107.0,6.14,70.2,21,9.5,-51.9,69.3,4.7,1.0,1,,False,,0,0,False,3673.8,21,21,7186.0,1.24,47.1,1.5,45.3,21,1.0,1.6497705460752132,0.6364521432983145,False,False,True,45.3
216795660,11.7994,4839.0,0.729706,2,51.65,1.1056,4153.0009,6.3,17575.0,10.55,204.7,42,4.9,275.9,144.4,4.0,0.5,1,,False,,0,0,False,15100.6,42,42,17849.0,1.39,45.9,2.2,44.7,42,1.0,1.5758186963222736,3.9979218514815584,False,False,True,44.7
122618066,11.0417,5873.0,1.08367,2,52.89,0.52301,4207.4068,1.05,53262.0,27.29,1263.9,79,5.4,1352.1,1273.5,12.0,1.0,2,"00122618066-01(1:2,ntoi=1);00122618066-01(1:2,ntoi=1)",True,,0,0,False,35070.1,79,79,61292.0,1.12,45.1,0.1,44.5,79,1.0,1.5982436662538566,0.6569711628897665,False,False,True,44.5
322009100,11.8152,3271.0,0.566122,4,106.58,1.22992,4153.8711,3.6,22944.0,9.36,636.0,72,0.2,-472.4,640.1,10.0,1.0,6,,False,,0,0,False,17874.4,72,72,22201.0,1.31,45.3,0.8,44.4,70,1.0,1.3786073939975285,2.6113308369550596,False,False,True,44.4
217549035,12.7677,4324.0,0.72016,1,25.13,6.33764,4181.8937,2.25,36793.0,15.07,44.7,4,2.4,12.5,45.2,3.3,1.0,2,"00217549035-01(1:3,ntoi=2);00217549035-02(1:3,ntoi=2)",True,,0,0,False,10740.3,4,4,38807.0,1.04,52.1,3.3,44.1,4,1.0,2.795568552704263,0.8048452247123351,False,False,True,44.1
254119000,13.3457,4043.0,0.587588,1,25.07,2.70106,4181.059,4.2,14588.0,7.74,41.5,8,0.7,9.9,41.9,6.3,1.0,1,"00254119000-01(1:1,ntoi=1)",True,,0,0,False,5974.2,8,8,15704.0,1.15,47.5,1.8,43.6,8,1.0,1.836968248678063,2.2863759365587537,False,False,True,43.6
85649613,10.171,6159.0,1.16832,1,25.0,0.81421,4179.6679,1.12,4507.0,8.56,98.1,27,4.8,-75.9,98.2,6.2,1.0,2,,False,,0,0,False,3257.5,27,27,6177.0,1.16,44.1,0.4,43.1,27,1.0,1.9475785327493416,0.5750730875118693,False,False,True,43.1
100097717,12.0131,5827.0,1.12875,3,80.21,15.00087,4183.5752,1.2,13617.0,14.37,43.5,6,2.5,4.5,42.3,6.3,1.0,3,,False,,1,1,False,2950.8,6,6,13799.0,1.06,49.4,1.4,42.7,6,1.0,5.0270393571575065,0.23870909192135886,True,False,True,42.7
172938292,12.9377,3332.0,1.05012,1,23.85,2.0993,4155.0592,1.58,47351.0,24.93,90.9,9,6.1,-15.6,90.9,4.0,1.0,1,,False,,0,0,False,23563.6,9,9,56497.0,1.09,49.9,1.6,42.5,9,1.0,2.4872861364039114,0.6352304935387713,False,False,True,42.5
170699466,13.1671,3215.0,0.567462,2,54.06,1.0969,4236.8669,4.8,15368.0,7.67,127.8,35,4.0,157.8,87.4,3.6,0.5,2,,False,,0,0,False,11852.0,35,35,16501.0,1.28,44.5,1.6,42.2,35,1.0,1.3290923626770792,3.6114871582978347,False,False,True,42.2
124853118,13.0181,3991.0,0.84308,1,24.9,1.31427,4266.4405,3.15,56521.0,21.87,268.0,15,3.1,-191.8,267.8,4.7,1.0,0,,False,,0,0,False,39282.8,15,15,72059.0,1.13,43.9,0.5,42.0,15,1.0,1.8380148538953636,1.7138055186682002,False,False,True,42.0
314073957,12.8543,3956.0,0.632151,1,25.36,1.11338,4179.6701,1.58,33247.0,12.58,99.9,21,10.1,-71.4,99.7,5.2,1.0,1,,False,,0,0,False,23723.1,21,21,43393.0,1.3,44.4,0.9,41.9,21,1.0,1.4353902285508628,1.1007459634131214,False,False,True,41.9
309321971,12.8843,3339.0,0.682513,1,24.1,1.89437,4153.8881,4.5,26850.0,12.2,98.5,12,0.0,-56.9,103.1,3.5,1.0,2,"00309321971-01(1:3,ntoi=2);00309321971-02(1:3,ntoi=2)",True,,0,0,False,20152.8,12,12,33708.0,1.11,44.9,1.0,41.9,12,1.0,1.8034489297881617,2.4952189805167273,False,False,True,41.9
290864720,12.9747,2870.0,0.268012,1,26.1,0.60073,4207.1293,2.25,8786.0,2.74,61.8,38,2.1,68.3,62.8,7.9,1.0,0,,False,,0,0,False,6637.0,38,38,9882.0,1.45,42.1,1.4,41.0,37,1.0,0.6594839452637715,3.411758566920193,False,False,True,41.0
685830423,13.2567,3309.0,0.464472,2,54.51,1.3205,4236.3324,6.3,18353.0,6.86,121.9,32,4.2,156.2,88.7,3.4,0.5,0,,False,,0,0,False,15917.5,32,32,18223.0,2.61,42.1,2.6,40.5,32,1.0,1.2371645147343302,5.092289606570931,False,False,True,40.5
178349213,12.848,3481.0,0.594614,2,54.91,1.5628,4236.4469,2.25,6033.0,5.04,43.8,27,0.6,-27.7,43.6,6.0,1.0,0,,False,,0,0,False,5137.7,27,27,8192.0,1.29,42.5,2.1,40.5,27,1.0,1.5428824832840737,1.4583093815484927,False,False,True,40.5
85649613,10.171,6159.0,1.16832,1,25.0,0.97722,4179.9866,1.12,4741.0,8.78,95.7,23,2.9,86.7,94.9,5.9,1.0,2,"00085649613-01(1:3,ntoi=2);00085649613-02(1:3,ntoi=2)",True,,0,0,False,3257.5,23,23,6501.0,1.11,41.4,0.3,40.2,23,1.0,2.06972963050004,0.5411334811539669,False,False,True,40.2
150358579,12.4192,3636.0,0.569257,23,2577.1,4.7463,1413.222,7.2,1043.0,2.01,35.4,108,0.3,7.8,10.1,2.7,1.0,5,,False,,0,0,False,2079.0,103,108,1179.0,2.17,40.7,3.1,40.1,98,0.9537037037037037,2.170362493042915,3.317418183865396,False,False,True,40.1
178349213,12.848,3481.0,0.594614,2,54.91,0.93785,4235.825,2.4,6173.0,5.1,56.5,43,1.1,-33.0,55.5,8.1,1.0,0,,False,,0,0,False,5137.7,43,43,7109.0,1.44,41.4,1.4,40.0,43,1.0,1.3013961226846777,1.8441733136940572,False,False,True,40.0
51996016,13.4687,4282.0,0.740258,1,25.14,1.37072,4266.7155,6.3,13512.0,9.39,53.8,15,2.9,21.9,54.4,5.4,1.0,0,,False,,0,0,False,9651.2,15,15,14382.0,1.27,41.8,2.2,39.3,15,1.0,1.7091490983067066,3.686044714438053,False,False,True,39.3
216795653,11.7843,4777.0,0.757608,2,51.66,1.65861,4154.1259,4.5,18973.0,11.39,164.9,28,2.4,-139.4,166.2,4.8,1.0,0,,False,,0,0,False,14978.8,28,28,20785.0,1.64,40.1,0.9,39.1,28,1.0,1.8496352286096984,2.432912138780186,False,False,True,39.1
313343773,10.764,4854.45,0.787946,1,25.29,0.62182,4179.7699,1.2,5767.0,6.53,108.3,36,3.5,115.4,106.9,8.0,1.0,1,"00313343773-01(1:2,ntoi=1)",True,,0,0,False,3673.8,36,36,6797.0,1.2,39.9,0.3,39.1,36,1.0,1.3690757970982514,0.8765036987312121,False,False,True,39.1
100097717,12.0131,5827.0,1.12875,3,80.21,9.0004,4183.5752,1.2,13131.0,14.11,44.4,7,1.5,4.8,43.2,6.5,1.0,3,"00100097717-01(1:3,ntoi=1);00100097717-01(1:3,ntoi=1);00100097717-01(1:3,ntoi=1)",True,354.01(1:3),1,1,False,2950.8,7,7,13664.0,1.07,46.2,0.7,38.9,7,1.0,4.239950046229348,0.2830222023646666,True,False,True,38.9
404664390,12.3602,3578.0,0.5061,1,25.04,1.30701,4180.5219,1.05,10504.0,5.66,41.5,16,0.4,36.8,29.1,4.8,0.5,1,"00404664390-01(1:2,ntoi=1)",True,,0,0,False,3874.8,16,16,10998.0,1.27,41.0,1.8,38.8,16,1.0,1.3055459314790825,0.8042612478677263,False,False,True,38.8
216795660,11.7994,4839.0,0.729706,2,51.65,1.65826,4154.1259,4.5,19012.0,10.98,165.0,28,2.2,-141.2,166.8,4.7,1.0,1,,False,,0,0,False,15100.6,28,28,20728.0,1.66,39.9,1.0,38.8,28,1.0,1.8038113440254069,2.494717651546501,False,False,True,38.8
178348016,13.4111,3318.0,0.595952,2,54.91,0.58628,4236.0195,3.15,14237.0,7.76,99.8,68,0.1,135.9,101.2,9.7,1.0,0,,False,,0,0,False,13020.6,68,68,14461.0,1.9,39.8,3.2,38.7,65,1.0,1.1144249881608612,2.8265697857317917,False,False,True,38.7
93244514,13.194,3984.0,0.777575,1,25.75,1.17051,4265.7991,4.5,67076.0,21.97,434.7,19,2.8,538.1,310.5,2.5,0.5,1,,False,,0,0,False,47605.7,19,19,76847.0,1.13,40.2,0.6,38.7,19,1.0,1.6755659624663861,2.6856597118839334,False,False,True,38.7
315392592,13.264,3715.0,0.518996,1,25.16,0.90653,4179.7097,1.05,14924.0,6.92,31.2,25,0.8,20.5,31.0,6.6,1.0,2,"00315392592-01(1:3,ntoi=2);00315392592-02(1:3,ntoi=2)",True,,0,0,False,9996.4,25,25,19608.0,1.3,40.2,1.5,38.6,25,1.0,1.175199761820079,0.8934651232177099,False,False,True,38.6
218184829,11.9453,4331.0,0.68763,1,25.2,0.93458,4179.8628,4.2,10106.0,7.54,69.4,25,0.2,71.3,69.8,6.9,1.0,2,"00218184829-01(1:1,ntoi=2);00218184829-02(1:1,ntoi=2)",True,,0,0,False,7208.9,25,25,10496.0,1.16,39.7,0.3,38.4,25,1.0,1.432134033681435,2.9326863975179096,False,False,True,38.4
165878511,12.7598,3993.0,1.0207,4,106.58,2.60391,4155.5009,4.2,8254.0,10.12,100.7,33,0.7,-65.3,101.7,5.2,1.0,0,,False,,0,0,False,7113.0,33,33,9004.0,1.75,39.1,3.5,38.0,33,1.0,2.622299911853685,1.6016474626012744,False,False,True,38.0
276302140,12.971,3335.0,0.703019,1,24.08,1.30664,4153.9143,4.8,34290.0,14.2,183.1,18,3.7,205.3,126.5,2.6,0.5,1,,False,,0,0,False,25633.7,18,18,39989.0,1.23,40.0,1.7,37.8,18,1.0,1.625193158427455,2.9534950815597227,False,False,True,37.8
172835488,11.0717,6008.0,1.07548,1,24.98,0.52661,4265.7405,2.25,39121.0,23.21,629.1,39,6.6,425.0,630.7,6.9,1.0,0,,False,,0,0,False,26840.7,39,39,43662.0,1.64,38.8,2.4,37.7,38,1.0,1.5938210326597664,1.4117017870226014,False,False,True,37.7
88143396,11.4097,4905.0,0.796719,1,25.13,2.5988,4180.8737,3.15,3504.0,5.15,37.1,9,0.7,-17.4,37.0,2.8,1.0,1,,False,,0,0,False,2536.1,9,9,4701.0,1.07,40.7,0.3,37.6,9,1.0,2.2216178843702314,1.4178855968711919,False,False,True,37.6
172835493,11.097,5800.0,1.14819,1,24.97,0.52661,4265.7391,2.25,41757.0,25.6,680.9,39,8.3,451.7,685.7,6.9,1.0,0,,False,,0,0,False,28697.0,39,39,46991.0,1.65,38.8,2.3,37.6,38,1.0,1.6648706660419297,1.3514563298476268,False,False,True,37.6
341461092,13.3158,3231.0,0.292173,1,24.79,2.17777,4180.0419,7.2,5363.0,2.33,28.7,11,0.9,33.7,23.0,2.9,0.5,0,,False,,0,0,False,4786.0,11,11,6842.0,1.16,40.0,1.3,37.3,11,1.0,1.0730970909721034,6.709551316999306,False,False,True,37.3
214214986,12.2575,4195.0,0.694273,1,25.15,0.63657,4179.6612,1.12,8096.0,6.82,34.8,35,2.2,41.3,38.3,8.2,1.0,2,"00214214986-01(1:2,ntoi=2);00214214986-02(1:2,ntoi=2)",True,,0,0,False,6116.3,35,35,10314.0,1.27,38.1,0.7,37.0,35,1.0,1.268169197908973,0.8831629106326802,False,False,True,37.0
460191832,12.7357,3470.0,1.06591,1,24.1,3.89841,4155.5694,4.8,51669.0,26.43,168.2,6,4.6,-31.9,168.0,2.4,1.0,3,,False,,0,0,False,34947.4,6,6,73524.0,1.1,42.4,3.1,36.9,6,1.0,3.0878141703883446,1.5544976916134559,False,False,True,36.9
33798271,12.3305,5572.0,0.93362,1,25.73,0.93508,4265.6519,2.4,31563.0,18.1,199.1,24,1.5,-123.6,196.3,5.7,1.0,0,,False,,0,0,False,21930.1,24,24,37478.0,1.19,38.1,0.6,36.7,24,1.0,1.7563240479003028,1.3664904280444239,False,False,True,36.7
32349057,12.3036,4872.0,0.78035,1,24.26,0.77471,4153.4824,3.0,23145.0,12.95,124.6,28,1.1,143.6,127.6,6.8,1.0,0,,False,,0,0,False,16717.0,28,28,25653.0,1.12,37.6,0.4,36.6,28,1.0,1.4636850527073693,2.0496212586518654,False,False,True,36.6
153125761,12.3128,5115.0,0.771922,1,25.13,1.04313,4266.2283,1.2,6003.0,6.53,36.4,20,0.5,33.5,26.3,4.1,0.5,1,"00153125761-01(1:2,ntoi=1)",True,,0,0,False,2903.9,20,20,5508.0,1.34,38.4,2.1,36.5,20,1.0,1.6046120589460393,0.7478443112213667,False,False,True,36.5
122618066,11.0417,5873.0,1.08367,2,52.89,0.78463,4207.4006,1.05,52877.0,27.19,1026.1,54,4.0,797.5,1028.5,9.4,1.0,2,"00122618066-01(1:3,ntoi=1);00122618066-01(1:3,ntoi=1)",True,,0,0,False,35070.1,54,54,62152.0,1.16,36.7,0.1,36.0,54,1.0,1.829621678913179,0.5738891335304438,False,False,True,36.0
212456750,12.7081,3521.0,0.457615,1,25.21,1.27359,4180.0831,1.58,14485.0,6.01,32.4,18,0.1,33.4,22.9,3.6,0.5,1,"00212456750-01(1:2,ntoi=1)",True,,0,0,False,7796.9,18,18,16879.0,1.24,37.7,0.8,35.9,18,1.0,1.2102776367460542,1.3054855778777996,False,False,True,35.9
322009100,11.8152,3271.0,0.566122,4,106.58,2.0504,4154.6774,3.6,21960.0,9.15,487.4,44,16.0,-396.4,490.4,7.4,1.0,6,,False,,0,0,False,17874.4,44,44,23180.0,1.27,36.8,0.9,35.9,43,1.0,1.6346615469792325,2.2022907473737354,False,False,True,35.9
280999841,13.3185,3221.0,0.573973,1,24.2,0.87384,4153.3966,4.2,57816.0,15.06,141.1,25,0.9,170.8,142.7,6.6,1.0,0,,False,,0,0,False,43331.4,25,25,59743.0,1.2,37.0,0.4,35.8,25,1.0,1.241499578736451,3.3830055780402226,False,False,True,35.8
161098507,12.8361,3595.0,0.674343,1,23.58,1.10539,4153.8607,4.5,8071.0,6.61,47.1,20,0.8,10.4,33.4,3.4,0.5,0,,False,,0,0,False,6072.7,19,19,8638.0,1.16,37.6,0.5,35.7,19,1.0,1.4949753790743965,3.0100830174113926,False,False,True,35.7
127166727,13.2444,3316.0,0.534157,1,24.08,0.81853,4153.6443,3.6,57461.0,13.97,195.0,27,3.7,236.2,194.1,6.6,1.0,0,,False,,0,0,False,42126.4,27,27,58645.0,1.35,36.9,0.8,35.3,27,1.0,1.1578859315075107,3.109114552685666,False,False,True,35.3
374644615,13.0591,3320.0,0.568659,1,24.04,1.65636,4153.6708,4.2,9165.0,5.94,46.8,13,0.2,47.6,35.9,3.1,0.5,0,,False,,0,0,False,6395.9,13,13,10240.0,1.3,37.3,1.4,34.9,13,1.0,1.5269605491811136,2.7505622213045373,False,False,True,34.9
347385146,11.1175,4654.0,0.735771,1,25.2,0.60351,4179.5503,2.4,3876.0,5.0,56.3,37,0.4,65.4,56.7,7.6,1.0,1,"00347385146-01(1:1,ntoi=1)",True,,0,0,False,2897.3,37,37,4122.0,1.35,35.4,1.0,34.5,36,1.0,1.2949854687185778,1.853302649314562,False,False,True,34.5
143608221,12.9238,4134.0,0.674454,1,25.04,1.0549,4179.859,4.2,11172.0,7.78,67.4,21,2.5,79.7,48.2,2.9,0.5,0,,False,,0,0,False,8258.3,21,21,12026.0,1.27,35.4,1.4,34.0,21,1.0,1.4720196742541893,2.853222734355072,False,False,True,34.0
60405851,11.0162,5814.0,1.07125,1,25.73,0.84709,4265.2726,4.2,41920.0,23.93,1038.9,27,17.9,1295.5,1035.8,6.5,1.0,0,,False,,0,0,False,33423.0,27,27,44244.0,1.31,35.0,2.1,34.0,27,1.0,1.8625675640537382,2.2549517564125385,False,False,True,34.0
271502836,11.5627,3208.0,0.499378,2,50.67,2.98331,4154.7597,7.2,4659.0,3.72,81.0,16,0.4,-24.6,79.5,4.5,1.0,2,,False,,0,0,False,4822.1,16,16,5725.0,1.23,35.9,1.6,33.9,16,1.0,1.7037035398911216,4.226087362863688,False,False,True,33.9
248285521,12.3155,4373.0,0.664527,1,24.95,1.57556,4180.0995,4.5,15011.0,8.88,58.8,14,0.9,65.2,42.6,2.4,0.5,0,,False,,0,0,False,12017.5,14,14,18566.0,1.24,36.6,1.7,33.9,14,1.0,1.6660768514576836,2.700955838899545,False,False,True,33.9
335253354,12.5881,3742.0,0.832728,1,24.09,0.99958,4153.7946,4.8,29654.0,15.64,236.1,21,1.1,303.3,161.1,3.1,0.5,1,,False,,0,0,False,22709.9,21,21,31241.0,1.32,34.8,0.9,33.8,21,1.0,1.6639857083319525,2.8846401600478386,False,False,True,33.8
141953923,13.004,3342.0,0.679923,1,23.65,1.50685,4154.5953,6.3,55780.0,17.52,248.6,15,1.5,301.7,176.9,2.5,0.5,1,,False,,0,0,False,38894.5,14,14,57815.0,1.22,36.4,0.6,33.6,14,1.0,1.6667538097443109,3.7798023698331633,False,False,True,33.6
124853118,13.0181,3991.0,0.84308,1,24.9,0.87481,4266.0123,4.2,52643.0,21.1,330.0,24,7.8,420.7,334.7,6.2,1.0,0,,False,,0,0,False,39282.8,24,24,54185.0,1.3,34.9,0.5,33.5,24,1.0,1.604816563878587,2.6171215418223666,False,False,True,33.5
148158372,13.1584,3364.0,0.647727,1,23.72,0.75841,4153.9551,3.6,786028.0,62.65,2459.8,28,9.2,3469.0,2488.2,6.8,1.0,0,,False,,0,0,False,692418.6,27,27,951411.0,1.16,34.2,0.1,33.2,27,1.0,1.2836234567016807,2.8045607776990438,False,False,True,33.2
117675988,12.5021,4350.0,0.964164,1,24.48,0.97026,4236.0991,4.2,45345.0,22.4,425.5,19,7.5,501.8,426.8,6.0,1.0,1,,False,,0,0,False,32205.7,19,19,47842.0,1.26,34.8,0.9,33.1,19,1.0,1.8166514549799575,2.3119459643657057,False,False,True,33.1
23205275,11.441,5486.0,1.17225,1,24.92,3.71916,4182.1956,1.05,9031.0,12.15,35.5,6,0.4,34.4,28.4,3.7,0.5,1,"00023205275-01(1:2,ntoi=1)",True,,0,0,False,2338.7,6,6,9297.0,1.32,39.4,2.7,33.0,6,1.0,3.238695185927571,0.32420463789316967,False,False,True,33.0
217299376,12.5184,4286.0,0.637266,1,25.13,0.75802,4179.5908,1.12,10728.0,7.2,29.0,29,0.3,26.1,29.8,5.1,1.0,3,"00217299376-01(1:1,ntoi=3);00217299376-02(1:2,ntoi=3);00217299376-03(1:1,ntoi=3)",True,,0,0,False,7907.5,29,29,12885.0,1.21,34.2,0.9,32.8,29,1.0,1.2695476745642813,0.8822039710989136,False,False,True,32.8
217299376,12.5184,4286.0,0.637266,1,25.13,0.56843,4179.7876,1.12,8189.0,6.29,25.1,38,4.0,-14.3,24.6,3.9,1.0,3,,False,,0,0,False,7907.5,38,38,11374.0,1.31,34.1,1.5,32.8,37,1.0,1.153403123124971,0.9710395069553217,False,False,True,32.8
89503905,12.5933,3468.0,0.549332,1,25.78,0.54924,4265.1422,2.25,10406.0,6.11,84.5,39,1.2,98.5,85.4,7.6,1.0,1,,False,,0,0,False,7930.4,39,39,11156.0,1.31,33.6,0.9,32.7,39,1.0,1.0328064604139113,2.1785301372904673,False,False,True,32.7
122618066,11.0417,5873.0,1.08367,2,52.89,0.65377,4207.9318,1.05,45992.0,25.36,974.5,62,112.7,-729.4,985.8,8.9,1.0,2,,False,,0,0,False,35070.1,62,62,52701.0,1.25,33.5,0.4,32.7,62,1.0,1.7216623824692519,0.6098756705679214,False,False,True,32.7
313343773,10.764,4854.45,0.787946,1,25.29,0.93275,4179.7699,1.2,5655.0,6.46,89.4,25,1.1,64.4,88.5,6.4,1.0,1,"00313343773-01(1:3,ntoi=1)",True,,0,0,False,3673.8,25,25,6849.0,1.19,33.6,0.3,32.6,25,1.0,1.5672117655240954,0.765691035760381,False,False,True,32.6
290864720,12.9747,2870.0,0.268012,1,26.1,0.90174,4207.4105,2.25,8184.0,2.65,48.0,26,1.9,-31.6,49.1,5.8,1.0,0,,False,,0,0,False,6637.0,26,26,9875.0,1.32,33.7,1.0,32.4,26,1.0,0.7551007449278576,2.9797348434810047,False,False,True,32.4
127166727,13.2444,3316.0,0.534157,1,24.08,1.22945,4153.6349,3.15,56652.0,13.87,152.7,17,5.5,-107.3,153.6,4.9,1.0,0,,False,,0,0,False,42126.4,17,17,68420.0,1.34,33.9,1.2,32.3,17,1.0,1.3260437935154177,2.375487156158825,False,False,True,32.3
369121590,13.1885,4037.0,0.637946,1,25.01,0.94896,4179.9862,7.2,7559.0,6.05,26.0,23,0.8,-0.3,16.0,3.3,1.0,0,,False,,0,0,False,8590.1,23,23,8094.0,1.52,33.7,3.1,32.3,23,1.0,1.3692419890942125,5.258383877610252,False,False,True,32.3
214214986,12.2575,4195.0,0.694273,1,25.15,0.95487,4179.6612,1.12,8253.0,6.88,30.4,24,0.7,22.2,30.3,6.2,1.0,2,"00214214986-01(1:3,ntoi=2);00214214986-02(1:3,ntoi=2)",True,,0,0,False,6116.3,24,24,10789.0,1.38,33.7,1.1,32.3,24,1.0,1.4516989444064408,0.7715098259976602,False,False,True,32.3
37503632,12.5152,4831.0,0.782862,1,24.74,2.63189,4267.3204,7.2,4849.0,5.95,33.7,7,1.3,35.9,25.7,2.6,0.5,1,,False,,0,0,False,3876.0,7,7,6058.0,1.29,37.3,3.6,32.3,7,1.0,2.2050630607362556,3.265212740716798,False,False,True,32.3
119953579,13.2071,3717.0,0.507933,1,24.87,1.00407,4179.8462,3.15,5777.0,4.21,24.5,23,0.1,27.6,17.8,3.3,0.5,1,"00119953579-01(1:2,ntoi=1)",True,,0,0,False,5524.1,23,23,7520.0,1.32,33.4,1.7,32.2,23,1.0,1.198580600288895,2.6281086138393634,False,False,True,32.2
341461092,13.3158,3231.0,0.292173,1,24.79,3.26558,4181.1482,6.3,5620.0,2.39,24.4,8,0.4,-9.5,24.9,3.2,1.0,0,,False,,0,0,False,4786.0,8,8,7790.0,1.2,35.3,1.7,32.1,8,1.0,1.228254761603371,5.12922904672964,False,False,True,32.1
79019442,12.6175,5721.0,0.815592,2,53.11,0.66855,4179.9316,1.8,131103.0,32.22,943.7,66,3.7,1096.0,952.3,9.5,1.0,0,,False,,0,0,False,109679.6,66,66,128059.0,1.13,32.3,0.1,32.0,64,1.0,1.4351641035016558,1.254211971723778,False,False,True,32.0
317025202,10.5426,5622.0,1.04216,1,25.74,6.20944,4268.269,7.2,5419.0,8.37,99.5,4,8.0,2.9,99.2,2.9,1.0,0,,False,,0,0,False,3046.8,4,4,6485.0,1.1,39.7,3.3,32.0,4,1.0,3.552346922728709,2.026829067266148,False,False,True,32.0
93244514,13.194,3984.0,0.777575,1,25.75,1.75587,4265.2366,4.5,62849.0,21.27,349.0,13,15.3,-273.4,356.1,3.0,1.0,1,,False,,0,0,False,47605.7,13,13,76321.0,1.16,34.0,1.4,31.9,13,1.0,1.9180824557383473,2.346093092368007,False,False,True,31.9
32344300,12.5887,4523.0,0.805877,1,24.24,0.77401,4153.4949,4.2,32964.0,15.96,150.0,28,0.2,195.1,152.3,6.8,1.0,1,,False,,0,0,False,26664.1,28,28,32844.0,1.2,33.0,0.5,31.9,28,1.0,1.4949832447897393,2.809396034796835,False,False,True,31.9
407685578,12.1352,5428.0,0.984515,1,25.14,0.98788,4265.8089,4.8,25237.0,17.06,228.8,22,1.3,296.1,224.4,5.6,1.0,0,,False,,0,0,False,19527.6,22,22,26548.0,1.24,33.2,1.1,31.9,22,1.0,1.8532097794143003,2.5901007286487667,False,False,True,31.9
315392592,13.264,3715.0,0.518996,1,25.16,0.60413,4179.7191,1.2,14343.0,6.78,37.7,37,0.5,38.6,37.7,8.4,1.0,2,"00315392592-01(1:2,ntoi=2);00315392592-02(1:2,ntoi=2)",True,,0,0,False,9996.4,37,37,16481.0,1.33,32.7,0.8,31.8,37,1.0,1.0265050776920754,1.1690151623000236,False,False,True,31.8
38022287,11.6408,5177.0,0.819275,1,24.49,1.38995,4266.3801,6.0,10863.0,9.32,188.9,15,3.7,229.1,130.3,2.4,0.5,1,,False,,0,0,False,7999.2,15,15,10668.0,1.53,34.5,2.0,31.7,15,1.0,1.837219960147886,3.2658038395778335,False,False,True,31.7
33421418,13.039,3810.0,0.840215,1,25.75,0.87352,4265.6052,4.2,48667.0,20.22,394.7,26,1.7,513.7,399.6,6.2,1.0,0,,False,,0,0,False,38003.0,26,26,48778.0,1.57,33.3,2.7,31.7,26,1.0,1.6003913622782466,2.6243580782772193,False,False,True,31.7
369121590,13.1885,4037.0,0.637946,1,25.01,0.94969,4179.9862,7.2,7544.0,6.05,25.9,23,0.8,1.4,25.7,6.4,1.0,0,,False,,0,0,False,8590.1,23,23,7913.0,1.56,33.1,3.4,31.6,23,1.0,1.3695930015909465,5.257036208301544,False,False,True,31.6
52111832,11.1978,5179.0,0.932599,1,25.14,2.1181,4267.3811,3.15,15685.0,12.74,217.1,10,11.3,-155.1,217.5,3.5,1.0,0,,False,,0,0,False,11031.3,10,10,19868.0,1.2,34.8,1.5,31.6,10,1.0,2.3049087913380686,1.3666484382539625,False,False,True,31.6
59949959,12.8584,4625.0,0.99423,1,25.41,0.5904,4265.528,3.15,31450.0,19.24,228.0,36,2.3,316.0,230.9,7.2,1.0,0,,False,,0,0,False,25303.2,36,36,32621.0,1.19,32.3,0.3,31.5,36,1.0,1.5712609572008238,2.004759289387343,False,False,True,31.5
37874090,10.8277,5708.0,1.06314,1,23.78,0.95515,4267.3233,4.2,29078.0,19.78,745.0,19,25.8,931.0,752.7,5.9,1.0,0,,False,,0,0,False,20310.7,19,19,30673.0,1.17,33.0,0.9,31.5,19,1.0,1.9288233714035,2.177493316531046,False,False,True,31.5
173269028,11.8179,5004.0,1.10416,1,23.71,0.6025,4153.9027,1.05,2776.0,6.35,22.4,34,1.0,23.1,22.6,7.6,1.0,2,"00173269028-01(1:2,ntoi=2);00173269028-02(1:2,ntoi=2)",True,,0,0,False,2326.8,34,34,3635.0,1.51,32.7,1.6,31.4,34,1.0,1.6964796370438642,0.6189287375294628,False,False,True,31.4
141961356,12.861,3287.0,0.67575,1,23.78,1.04685,4154.0508,4.5,47517.0,16.07,249.3,20,4.9,316.5,177.5,2.6,0.5,0,,False,,0,0,False,37460.0,20,20,50068.0,1.35,32.8,2.4,31.3,20,1.0,1.4701460545527993,3.0609203664249844,False,False,True,31.3
170699466,13.1671,3215.0,0.567462,2,54.06,1.64445,4237.4231,4.5,14690.0,7.5,98.7,24,0.5,-83.8,99.0,4.2,1.0,2,,False,,0,0,False,11852.0,23,23,15705.0,1.31,32.2,0.4,31.0,23,1.0,1.5211535010402168,2.958281328559377,False,False,True,31.0
58485186,13.4113,3148.0,0.588714,1,23.6,0.64749,4153.9581,3.15,23397.0,9.82,94.4,33,0.7,123.6,95.4,6.9,1.0,0,,False,,0,0,False,19034.8,33,33,23320.0,1.47,31.7,0.7,30.8,33,1.0,1.142585982318663,2.756904118154564,False,False,True,30.8
32349057,12.3036,4872.0,0.78035,1,24.26,1.16201,4153.4824,3.0,21708.0,12.54,100.8,19,0.9,-74.7,102.4,5.2,1.0,0,,False,,0,0,False,16717.0,19,19,25847.0,1.11,31.9,0.2,30.8,19,1.0,1.675474692464561,1.7905373405474192,False,False,True,30.8
212456750,12.7081,3521.0,0.457615,1,25.21,1.91107,4179.4362,1.58,13873.0,5.88,26.5,13,1.2,7.0,26.8,4.5,1.0,1,"00212456750-01(1:3,ntoi=1)",True,,0,0,False,7796.9,13,13,16534.0,1.27,32.9,1.2,30.7,13,1.0,1.3855876170691255,1.1403104217560105,False,False,True,30.7
147828926,12.7483,3517.0,0.968501,1,24.06,0.99572,4153.809,4.5,38675.0,20.78,267.7,21,0.3,338.7,270.0,5.5,1.0,2,,False,,0,0,False,31519.1,21,21,41905.0,1.25,32.1,1.8,30.7,21,1.0,1.8378952407486062,2.4484529369405585,False,False,True,30.7
374644615,13.0591,3320.0,0.568659,1,24.04,2.48686,4153.652,4.5,8689.0,5.78,38.2,9,0.8,10.8,38.1,3.4,1.0,0,,False,,0,0,False,6395.9,9,9,10422.0,1.29,33.5,2.1,30.6,9,1.0,1.7484773777603202,2.5736678422252117,False,False,True,30.6
313259171,11.6979,4750.0,0.764538,1,25.33,0.98192,4179.547,4.2,3615.0,5.02,47.4,23,1.0,57.0,47.2,6.6,1.0,1,"00313259171-01(1:2,ntoi=1)",True,,0,0,False,2933.7,23,23,3678.0,1.32,32.3,1.3,30.5,23,1.0,1.5625468465564,2.6879194113482865,False,False,True,30.5
383823400,12.6848,3260.0,0.696443,1,24.1,0.91025,4153.7322,4.2,21710.0,11.2,142.7,24,5.1,191.8,144.0,5.9,1.0,0,,False,,0,0,False,17711.9,24,24,22957.0,1.26,31.6,2.6,30.4,23,1.0,1.4317007143045926,2.9335740061008697,False,False,True,30.4
171604880,12.8566,3563.0,0.837076,1,23.65,1.10189,4154.1425,6.3,27796.0,15.23,253.0,19,3.1,343.4,172.0,2.4,0.5,0,,False,,0,0,False,23437.8,19,19,28411.0,1.17,31.8,0.3,30.4,19,1.0,1.72490150651729,3.6523824555757907,False,False,True,30.4
144538462,13.2903,3310.0,0.514077,3,83.32,5.07144,4210.3564,7.2,4603.0,3.81,27.6,14,0.7,5.5,27.0,4.5,1.0,0,,False,,0,0,False,4639.8,14,14,5656.0,1.98,32.0,1.8,30.3,14,1.0,2.07302325405524,3.4731882461595105,False,False,True,30.3
370964274,13.3254,3238.0,0.571198,1,24.1,0.8064,4153.6693,4.8,23915.0,9.64,87.4,28,0.6,117.1,88.8,6.7,1.0,0,,False,,0,0,False,20609.4,28,28,23184.0,1.3,31.3,0.6,30.3,28,1.0,1.2048035887032553,3.9840518778386924,False,False,True,30.3
79019442,12.6175,5721.0,0.815592,2,53.11,0.50135,4179.7675,1.58,132248.0,32.36,1028.7,89,110.8,-886.4,1029.0,10.4,1.0,0,,False,,0,0,False,109679.6,89,89,128638.0,1.44,30.7,0.4,30.3,87,1.0,1.3038789435365963,1.2117689359369994,False,False,True,30.3
74056224,13.2539,3249.0,0.349824,1,25.05,0.90058,4179.8081,4.2,12336.0,4.24,53.9,25,0.4,67.0,54.0,6.4,1.0,0,,False,,0,0,False,10589.1,25,25,12689.0,1.37,31.5,1.0,30.2,25,1.0,0.9014648435641541,4.659083523872443,False,False,True,30.2
213159274,13.1728,3137.0,0.527234,1,25.21,1.79342,4180.9877,4.2,20392.0,8.21,37.2,13,0.3,-23.3,37.5,3.3,1.0,0,,False,,0,0,False,17145.8,13,13,26263.0,1.29,32.3,1.3,30.2,12,1.0,1.4908635709313935,2.8171591833692173,False,False,True,30.2
160882861,13.1282,3319.0,0.646528,1,23.64,0.50969,4153.844,4.5,3731.0,4.31,20.6,41,1.1,-7.3,20.6,7.0,1.0,0,,False,,0,0,False,5153.0,41,41,4098.0,1.99,31.7,3.9,30.2,39,1.0,1.1229710415531013,4.007227108702972,False,False,True,30.2
65289424,13.4933,3860.0,0.693579,2,55.24,0.82943,4235.7024,2.4,21909.0,11.2,101.5,46,1.2,-78.0,100.3,7.8,1.0,0,,False,,0,0,False,17589.3,46,46,22079.0,1.45,30.9,1.0,30.2,45,1.0,1.3841999546105153,1.7338535462351676,False,False,True,30.2
324141976,11.3917,5150.0,0.843926,1,25.29,0.97023,4179.2888,4.2,3164.0,5.18,50.6,25,0.6,64.4,52.4,7.0,1.0,1,"00324141976-01(1:2,ntoi=1)",True,,0,0,False,2665.1,25,25,3207.0,1.32,31.2,2.6,30.1,23,1.0,1.6622746112240268,2.526658334092766,False,False,True,30.1
34144383,11.4972,6108.0,1.12984,1,25.73,1.54817,4265.1671,7.2,13525.0,14.34,246.0,15,4.2,299.0,169.3,2.2,0.5,0,,False,,0,0,False,11053.3,15,15,14308.0,1.19,31.6,1.2,30.0,15,1.0,2.3595316504248802,3.051453028275123,False,False,True,30.0
349751474,12.564,3499.0,0.46273,1,25.06,1.17105,4179.8781,6.3,26693.0,8.25,197.9,20,0.7,264.3,143.5,2.9,0.5,1,"00349751474-01(1:2,ntoi=1)",True,,0,0,False,23961.3,20,20,26167.0,1.3,31.5,0.8,29.9,20,1.0,1.1856373665389928,5.313597713599733,False,False,True,29.9
142884338,10.2809,4504.0,0.693053,2,52.84,0.80281,4207.7677,2.4,522.0,1.73,23.9,52,0.3,26.6,23.5,9.6,1.0,0,,False,,0,0,False,656.0,52,52,629.0,2.02,30.1,1.4,29.3,49,1.0,1.3685379668550879,1.7536963227371913,False,False,True,29.3
346518392,11.3527,5269.0,0.895938,1,25.22,1.18706,4179.544,6.3,3895.0,6.1,57.7,20,0.4,75.5,39.4,2.4,0.5,0,,False,,0,0,False,3559.4,20,20,4114.0,1.25,30.9,0.7,29.3,20,1.0,1.8501963605411837,3.4050439911995314,False,False,True,29.3
218564869,12.3197,4940.0,0.752595,1,24.91,0.92904,4180.0477,2.25,4841.0,5.71,25.3,24,0.4,25.6,25.1,6.7,1.0,1,"00218564869-01(1:2,ntoi=1)",True,,0,0,False,4150.9,24,24,5791.0,1.51,30.4,3.5,28.9,24,1.0,1.5179611299104632,1.48225139344162,False,False,True,28.9
214214986,12.2575,4195.0,0.694273,1,25.15,1.11349,4179.8316,1.05,7703.0,6.65,25.5,21,4.7,-17.3,25.1,4.8,1.0,2,,False,,0,0,False,6116.3,21,21,11012.0,1.24,30.3,1.7,28.7,21,1.0,1.5280019849741682,0.687171882186888,False,False,True,28.7
261056133,12.7834,3544.0,0.469356,1,25.17,0.68621,4179.9737,7.2,3173.0,2.88,17.7,34,0.3,-4.0,17.1,6.3,1.0,0,,False,,0,0,False,5358.9,34,34,3494.0,2.07,29.5,3.7,28.5,31,1.0,1.0016028637624894,7.188477849347823,False,False,True,28.5
122618066,11.0417,5873.0,1.08367,2,52.89,0.91529,4207.9256,1.05,45483.0,25.21,820.4,45,105.5,-642.5,825.8,7.3,1.0,2,,False,,0,0,False,35070.1,44,44,54689.0,1.24,29.4,0.4,28.5,44,1.0,1.926013086364286,0.5451676353778435,False,False,True,28.5
61212279,11.3351,4918.0,0.737228,1,25.04,0.62494,4179.4239,3.15,3705.0,4.9,71.1,37,1.5,86.6,69.9,7.0,1.0,0,,False,,0,0,False,3265.3,37,37,3269.0,2.12,29.2,1.7,28.4,36,1.0,1.3118644076312391,2.4011627891389935,False,False,True,28.4
248285521,12.3155,4373.0,0.664527,1,24.95,2.36342,4180.1057,4.8,14117.0,8.61,48.5,10,5.8,-3.1,48.2,2.9,1.0,0,,False,,0,0,False,12017.5,10,10,19027.0,1.23,31.0,3.6,28.1,10,1.0,1.9072034204314525,2.5167740098296023,False,False,True,28.1
305068062,11.2919,6371.0,1.19614,1,24.98,0.56433,4179.6897,1.58,15207.0,16.09,247.2,39,1.8,276.6,248.1,8.2,1.0,0,,False,,0,0,False,11598.7,39,39,15344.0,1.23,28.6,0.2,28.1,39,1.0,1.7508167088035196,0.9024359843354174,False,False,True,28.1
305068061,12.0767,5407.0,1.12859,1,24.98,0.56433,4179.6897,1.58,32846.0,22.32,260.5,39,1.2,293.4,261.8,8.1,1.0,0,,False,,0,0,False,25112.6,39,39,33141.0,1.25,28.5,0.2,28.0,39,1.0,1.6842638938595031,0.9380952745946589,False,False,True,28.0
93244374,13.1278,3229.0,0.531882,1,25.78,0.57576,4265.1755,4.5,2535.0,2.92,20.2,40,0.9,-4.8,9.6,2.2,1.0,0,,False,,0,0,False,3522.6,40,40,2683.0,2.01,29.0,2.9,27.9,37,1.0,1.0268310342147966,4.382415266053083,False,False,True,27.9
455388632,13.3762,3159.0,0.566361,1,24.1,1.09975,4154.1883,6.3,17020.0,8.06,61.8,20,1.2,86.3,42.2,2.3,0.5,0,,False,,0,0,False,15536.3,20,20,16691.0,1.24,28.9,0.7,27.9,20,1.0,1.3285212665173114,4.742114528971981,False,False,True,27.9
143608221,12.9238,4134.0,0.674454,1,25.04,1.58122,4179.859,4.2,10708.0,7.61,55.1,15,2.2,-36.4,54.9,3.5,1.0,0,,False,,0,0,False,8258.3,15,15,11542.0,1.32,29.8,1.2,27.9,15,1.0,1.6846406792103008,2.493113250695578,False,False,True,27.9
32907180,12.3874,4737.0,0.732365,1,24.93,1.0983,4180.0744,6.3,7919.0,7.11,62.0,21,0.4,81.4,41.1,2.9,0.5,1,"00032907180-01(1:2,ntoi=1)",True,,0,0,False,7259.4,21,21,7218.0,1.48,29.3,0.8,27.9,21,1.0,1.5761601482559504,3.9970557604638484,False,False,True,27.9
85649613,10.171,6159.0,1.16832,1,25.0,1.13985,4180.1569,1.2,4283.0,8.34,83.5,20,4.4,-67.6,82.3,4.9,1.0,2,,False,,0,0,False,3257.5,20,20,5768.0,1.18,28.9,0.3,27.8,20,1.0,2.178706534951292,0.5507855145928717,False,False,True,27.8
123386533,13.1361,3299.0,0.640691,1,24.46,2.14384,4153.6922,4.8,13641.0,8.16,43.7,12,4.0,-15.7,43.7,3.4,1.0,0,,False,,0,0,False,12178.4,12,12,18081.0,1.28,29.6,2.4,27.7,12,1.0,1.8017927407379217,2.6640133970315403,False,False,True,27.7
460193522,13.4193,3191.0,0.657216,1,24.1,1.4975,4154.4694,7.2,14248.0,8.56,42.0,15,0.5,51.8,31.4,2.6,0.5,0,,False,,0,0,False,12919.9,15,15,15262.0,1.14,29.6,0.9,27.4,15,1.0,1.626057839692147,4.427886772688933,False,False,True,27.4
33798271,12.3305,5572.0,0.93362,1,25.73,1.55757,4265.6519,2.4,29001.0,17.35,150.0,15,0.2,-102.8,148.5,4.0,1.0,0,,False,,0,0,False,21930.1,15,15,34778.0,1.21,29.1,0.7,27.4,15,1.0,2.0819529771158174,1.152763787837697,False,False,True,27.4
213159274,13.1728,3137.0,0.527234,1,25.21,1.19616,4179.8065,6.3,17817.0,7.68,46.1,19,0.9,56.3,32.8,2.7,0.5,0,,False,,0,0,False,17145.8,19,19,18788.0,1.2,28.6,2.2,27.3,18,1.0,1.3025877567460544,4.8365263433289085,False,False,True,27.3
347385146,11.1175,4654.0,0.735771,1,25.2,0.90529,4179.5503,2.4,3637.0,4.84,44.3,24,3.0,-29.5,44.1,5.6,1.0,1,,False,,0,0,False,2897.3,24,24,4048.0,1.38,28.4,0.9,27.3,24,1.0,1.482401955804794,1.6189940863219134,False,False,True,27.3
173269028,11.8179,5004.0,1.10416,1,23.71,0.75297,4154.2089,1.05,2673.0,6.23,19.6,27,3.1,-11.8,19.5,6.3,1.0,2,,False,,0,0,False,2326.8,27,27,3610.0,1.41,28.1,1.5,27.1,27,1.0,1.8273519113853025,0.5746019655316432,False,False,True,27.1
143706101,13.2761,3301.0,0.627506,1,23.76,0.81136,4153.7043,4.8,43683.0,14.31,186.0,27,1.2,254.3,180.9,6.2,1.0,3,"00143706101-01(1:2,ntoi=3);00143706101-02(1:2,ntoi=3);00143706101-03(1:2,ntoi=3)",True,,0,0,False,42513.4,27,27,44514.0,1.24,27.6,0.7,26.6,26,1.0,1.285359900106574,3.73436264784829,False,False,True,26.6
327676230,10.8025,5497.0,0.951655,1,24.97,0.56945,4179.7416,1.12,1031.0,3.33,18.6,38,1.4,-11.8,18.7,6.9,1.0,2,,False,,0,0,False,1064.8,38,38,1444.0,1.43,27.6,0.9,26.6,37,1.0,1.5078096400373655,0.7427993363752768,False,False,True,26.6
209462063,10.8865,6066.0,1.04542,1,25.09,1.09235,4207.8917,2.4,1118.0,3.81,24.3,20,3.5,2.4,24.3,7.6,1.0,1,"00209462063-01(1:1,ntoi=1)",True,,0,0,False,833.1,20,20,1146.0,1.54,28.2,2.1,26.6,20,1.0,1.9946013161103249,1.2032479777363447,False,False,True,26.6
336775973,12.147,3343.0,0.415373,1,26.12,0.67318,4207.0655,4.2,8323.0,4.13,90.1,35,1.5,125.5,92.0,7.3,1.0,0,,False,,0,0,False,8621.8,34,35,8428.0,1.85,27.3,1.9,26.3,32,0.9714285714285714,0.9173693044899147,4.57830884404327,False,False,True,26.3
127166727,13.2444,3316.0,0.534157,1,24.08,2.04674,4154.0474,3.15,55528.0,13.73,125.5,12,0.3,-73.7,125.4,3.8,1.0,0,,False,,0,0,False,42126.4,12,12,68463.0,1.18,29.0,1.2,26.3,12,1.0,1.571599212344945,2.004327805242382,False,False,True,26.3
351423719,13.2683,3298.0,0.506896,1,24.23,0.8238,4153.5761,4.2,10280.0,5.61,48.8,26,0.6,59.7,47.8,6.4,1.0,0,,False,,0,0,False,10178.2,26,26,10740.0,1.45,27.2,0.7,26.2,26,1.0,1.1205419827657808,3.748186203281147,False,False,True,26.2
322651659,12.4227,4575.0,0.844532,1,25.0,0.87109,4265.7583,4.5,17149.0,12.07,179.7,25,1.4,225.6,182.2,6.1,1.0,0,,False,,0,0,False,16453.3,25,25,19535.0,1.29,27.3,1.4,26.2,25,1.0,1.6043780441843634,2.804825219537156,False,False,True,26.2
254380158,13.0339,3205.0,0.586393,1,23.74,1.08622,4154.3042,7.2,3876.0,3.98,21.7,19,1.3,1.5,21.7,6.3,1.0,0,,False,,0,0,False,4822.3,19,19,4232.0,1.28,27.4,1.5,26.1,19,1.0,1.3540667605828798,5.317315371437553,False,False,True,26.1
390379567,11.78,4519.0,0.746843,1,25.06,0.9658,4179.7371,4.8,13670.0,9.53,229.6,23,2.5,295.2,231.6,6.1,1.0,0,,False,,0,0,False,12726.2,22,22,13768.0,1.4,27.0,1.5,26.1,22,1.0,1.5298783692691174,3.137504324800113,False,False,True,26.1
22486217,11.8844,5603.9,1.19855,1,25.09,0.9138,4179.8458,4.2,3702.0,7.96,37.2,25,0.3,46.3,37.3,6.9,1.0,1,"00022486217-01(1:2,ntoi=1)",True,,0,0,False,3506.3,24,25,3867.0,1.38,27.3,1.9,26.1,24,0.96,2.058714465510083,2.0401080724710288,False,False,True,26.1
178348016,13.4111,3318.0,0.595952,2,54.91,0.87951,4236.3195,3.15,13578.0,7.58,82.7,47,9.5,-66.4,83.5,7.7,1.0,0,,False,,0,0,False,13020.6,47,47,11873.0,1.62,26.8,1.5,26.0,45,1.0,1.275741673113038,2.4691519187528272,False,False,True,26.0
466201150,13.2608,3083.0,0.316211,2,50.81,2.29456,4155.586,6.3,7331.0,2.95,48.3,18,3.6,-37.7,48.5,4.2,1.0,0,,False,,0,0,False,7513.2,18,18,7765.0,1.2,27.0,0.4,25.9,18,1.0,1.1510461836338728,5.4732816889334455,False,False,True,25.9
61212279,11.3351,4918.0,0.737228,1,25.04,1.56411,4180.3488,2.25,3889.0,5.02,45.3,14,0.1,-25.9,45.1,3.9,1.0,0,,False,,0,0,False,3265.3,14,14,4952.0,1.56,27.6,1.6,25.7,14,1.0,1.7811422512294588,1.2632343084595885,False,False,True,25.7
216795660,11.7994,4839.0,0.729706,2,51.65,2.76658,4154.6447,4.8,18015.0,10.69,127.0,17,5.0,-116.6,125.8,3.3,1.0,1,,False,,0,0,False,15100.6,17,17,19462.0,1.25,26.8,1.5,25.5,17,1.0,2.139380254771088,2.24364041375786,False,False,True,25.5
148158372,13.1584,3364.0,0.647727,1,23.72,1.13786,4154.3395,3.15,762911.0,61.72,1985.6,19,9.0,-1813.4,2002.6,5.2,1.0,0,,False,,0,0,False,692418.6,19,19,950802.0,1.22,26.8,0.2,25.4,19,1.0,1.469487528822307,2.1436044459149017,False,False,True,25.4
216795653,11.7843,4777.0,0.757608,2,51.66,2.76397,4154.6697,4.8,17890.0,11.06,127.0,17,3.8,-114.4,125.5,3.3,1.0,0,,False,,0,0,False,14978.8,17,17,19176.0,1.24,26.6,1.6,25.4,17,1.0,2.1928845629917095,2.188897710808568,False,False,True,25.4
214214986,12.2575,4195.0,0.694273,1,25.15,0.79571,4179.5034,1.2,7078.0,6.37,29.1,29,5.3,-20.6,28.6,5.7,1.0,2,,False,,0,0,False,6116.3,29,29,8818.0,1.61,26.2,1.2,25.3,29,1.0,1.366092425719007,0.878417870861418,False,False,True,25.3
685830423,13.2567,3309.0,0.464472,2,54.51,1.97986,4236.3324,6.3,17579.0,6.72,98.3,21,1.2,-68.3,99.5,4.0,1.0,0,,False,,0,0,False,15917.5,21,21,15049.0,1.3,26.6,1.1,25.2,21,1.0,1.4159876974076753,4.449191198153591,False,False,True,25.2
52111832,11.1978,5179.0,0.932599,1,25.14,1.27131,4265.6842,3.6,15436.0,12.64,292.4,17,0.6,-182.6,292.2,5.1,1.0,0,,False,,0,0,False,11031.3,17,17,15693.0,1.2,26.6,0.8,25.1,17,1.0,1.9442647931755277,1.8515996445732035,False,False,True,25.1
261056133,12.7834,3544.0,0.469356,1,25.17,0.68721,4179.9612,6.0,3214.0,2.9,17.5,34,0.3,-6.9,12.9,4.2,0.5,0,,False,,0,0,False,5358.9,34,34,3914.0,2.15,26.5,2.6,25.0,31,1.0,1.0020891661668687,5.987491136094046,False,False,True,25.0
261056133,12.7834,3544.0,0.469356,1,25.17,0.68887,4179.9549,6.3,3175.0,2.89,17.4,34,0.6,-5.1,9.7,2.6,1.0,0,,False,,0,0,False,5358.9,34,34,3507.0,2.01,25.9,2.2,24.9,32,1.0,1.0028953876545774,6.281811719897828,False,False,True,24.9
173269028,11.8179,5004.0,1.10416,1,23.71,0.90341,4154.211,0.75,3123.0,6.73,18.2,24,0.3,14.3,18.2,5.8,1.0,2,"00173269028-01(1:3,ntoi=2);00173269028-02(1:3,ntoi=2)",True,,0,0,False,2326.8,24,24,4100.0,1.51,26.2,1.3,24.9,24,1.0,1.9417408407101664,0.38625133914662746,False,False,True,24.9
315967582,12.4579,4518.22,0.620632,1,25.35,0.63466,4179.459,3.15,3669.0,4.1,29.7,36,0.7,39.3,29.7,7.3,1.0,0,,False,,0,0,False,3901.9,36,36,3600.0,1.57,25.7,1.3,24.7,35,1.0,1.1756501744060017,2.679368462299204,False,False,True,24.7
172835488,11.0717,6008.0,1.07548,1,24.98,1.05455,4266.2468,3.15,31254.0,20.74,445.3,20,3.9,466.1,310.0,2.6,0.5,0,,False,,0,0,False,26840.7,20,20,39708.0,1.32,25.6,3.1,24.4,20,1.0,2.008933580769499,1.5679960901412322,False,False,True,24.4
172835493,11.097,5800.0,1.14819,1,24.97,1.05308,4266.2641,3.15,33529.0,22.94,483.7,20,3.6,509.2,336.0,2.6,0.5,0,,False,,0,0,False,28697.0,20,20,41925.0,1.35,25.6,3.7,24.3,20,1.0,2.0975126514866616,1.5017787843936785,False,False,True,24.3
141953923,13.004,3342.0,0.679923,1,23.65,2.25739,4154.6328,6.3,52667.0,17.02,206.5,10,2.1,-128.4,208.3,3.1,1.0,1,,False,,0,0,False,38894.5,10,10,53642.0,1.16,26.7,0.7,24.2,10,1.0,1.9071447114139075,3.303367574728686,False,False,True,24.2
160626275,13.3768,3118.0,0.624231,1,24.09,1.4558,4153.7445,6.0,8043.0,6.11,25.8,16,0.5,16.8,19.4,3.0,0.5,0,,False,,0,0,False,8513.4,16,16,8566.0,1.38,25.8,2.6,24.0,16,1.0,1.5564640255334985,3.8548915372094266,False,False,True,24.0
65289424,13.4933,3860.0,0.693579,2,55.24,1.38235,4235.7024,2.4,21361.0,11.06,78.2,28,1.1,-62.9,77.8,5.7,1.0,0,,False,,0,0,False,17589.3,28,28,22760.0,1.71,25.0,1.2,23.8,27,1.0,1.6411373257797686,1.4624004720992292,False,False,True,23.8
33004127,12.2977,5841.0,1.15724,1,25.13,0.87077,4265.6222,4.2,3078.0,7.0,38.5,25,1.8,45.3,38.4,5.8,1.0,0,,False,,0,0,False,3149.7,24,25,3110.0,1.93,25.5,3.2,23.8,23,0.96,1.9790574636460054,2.1222223594570955,False,False,True,23.8
118840978,12.8293,5319.0,0.830368,1,24.9,0.6197,4179.8346,1.58,4107.0,5.81,24.0,36,0.7,-17.8,23.7,6.9,1.0,2,,False,,0,0,False,4015.0,35,35,4691.0,1.6,24.3,0.8,23.6,35,1.0,1.416171539832979,1.1156840506668724,False,False,True,23.6
153124195,12.8786,3970.0,0.904089,1,25.13,0.6137,4265.872,4.2,11143.0,10.41,111.2,34,1.4,173.3,112.3,6.8,1.0,0,,False,,0,0,False,10935.4,33,33,10815.0,1.51,24.5,2.6,23.6,31,1.0,1.4939444823218333,2.8113494508661496,False,False,True,23.6
349801741,13.4481,3432.0,0.496897,1,25.05,1.3391,4180.7434,6.3,6511.0,4.37,31.3,17,1.9,33.3,23.9,2.6,0.5,2,,False,,0,0,False,7419.5,17,17,7288.0,1.69,24.8,1.5,23.5,17,1.0,1.3001402810573133,4.845630961357993,False,False,True,23.5
79019442,12.6175,5721.0,0.815592,2,53.11,0.83555,4179.7675,1.58,124312.0,31.37,775.7,53,81.3,-716.7,778.5,7.6,1.0,0,,False,,0,0,False,109679.6,53,53,128714.0,1.25,24.0,0.3,23.5,53,1.0,1.5458988710144739,1.0220590943074743,False,False,True,23.5
34144383,11.4972,6108.0,1.12984,1,25.73,2.31907,4265.9359,6.3,13263.0,14.2,198.9,10,0.0,-153.5,199.0,2.8,1.0,0,,False,,0,0,False,11053.3,10,10,14508.0,1.14,25.6,0.8,23.5,10,1.0,2.6997541081145284,2.3335458518479055,False,False,True,23.5
173269028,11.8179,5004.0,1.10416,1,23.71,1.05361,4154.0589,1.05,2681.0,6.24,16.6,20,1.0,-8.8,16.6,5.1,1.0,2,,False,,0,0,False,2326.8,20,20,3782.0,1.28,24.8,1.0,23.4,20,1.0,2.0438840853277007,0.5137277634957714,False,False,True,23.4
166873581,13.4625,3248.0,0.506453,3,83.26,6.39072,4208.4086,6.3,4956.0,3.89,20.8,9,0.3,-19.9,21.1,3.9,1.0,0,,False,,0,0,False,5376.8,9,9,6538.0,1.41,27.1,2.8,23.2,9,1.0,2.2169249412007757,2.8417741543327426,False,False,True,23.2
296157230,13.419,3278.0,0.546888,1,23.65,1.46455,4155.182,7.2,4768.0,4.12,18.8,16,0.1,3.6,17.3,5.1,1.0,0,,False,,0,0,False,5941.9,16,16,5089.0,1.77,24.8,3.6,23.2,16,1.0,1.4279356107566727,5.042244164066103,False,False,True,23.2
89503905,12.5933,3468.0,0.549332,1,25.78,0.82409,4265.4047,2.25,9460.0,5.83,64.8,27,4.7,-58.4,65.9,5.5,1.0,1,,False,,0,0,False,7930.4,26,27,10457.0,1.42,24.0,1.3,23.2,26,0.9629629629629629,1.1823782741810187,1.902944302286403,False,False,True,23.2
143204928,12.9588,5623.86,0.957966,1,23.39,0.63475,4267.6383,6.3,1698.0,4.31,14.6,28,1.2,-4.9,9.6,3.3,1.0,0,,False,,0,0,False,2790.5,28,28,1903.0,1.83,24.7,3.5,23.2,25,1.0,1.570275763112445,4.012034158581652,False,False,True,23.2
305068061,12.0767,5407.0,1.12859,1,24.98,0.70502,4179.5585,1.12,30333.0,21.44,190.7,32,32.3,-165.5,193.8,5.7,1.0,0,,False,,0,0,False,25112.6,32,32,38740.0,1.19,23.9,0.5,23.2,32,1.0,1.8139817147807014,0.6174262898429497,False,False,True,23.2
305068062,11.2919,6371.0,1.19614,1,24.98,0.70502,4179.5585,1.12,13945.0,15.41,179.7,32,30.7,-156.9,183.3,5.7,1.0,0,,False,,0,0,False,11598.7,32,32,17629.0,1.19,23.8,0.5,23.2,32,1.0,1.8856602621958491,0.5939564100989017,False,False,True,23.2
335253354,12.5881,3742.0,0.832728,1,24.09,1.50014,4154.2821,4.2,28563.0,15.35,184.3,15,4.5,-154.4,184.7,3.7,1.0,1,,False,,0,0,False,22709.9,15,15,29991.0,1.31,24.2,0.9,23.1,15,1.0,1.9051141512948213,2.204592306001951,False,False,True,23.1
455388632,13.3762,3159.0,0.566361,1,24.1,1.64921,4154.1883,4.5,17604.0,8.2,48.8,14,0.4,-42.9,50.0,3.0,1.0,0,,False,,0,0,False,15536.3,14,14,19421.0,1.22,24.1,0.6,23.0,14,1.0,1.5206496761339918,2.95926147266248,False,False,True,23.0
466169924,12.4606,3525.0,0.407019,1,24.74,0.85117,4179.9551,3.0,2028.0,2.0,20.7,25,2.1,22.9,20.9,6.2,1.0,0,,False,,0,0,False,2385.5,25,25,2401.0,1.53,24.4,2.7,22.9,24,1.0,0.9786412529118073,3.065474698796856,False,False,True,22.9
276302140,12.971,3335.0,0.703019,1,24.08,3.26467,4155.8643,4.8,35947.0,14.54,115.0,6,3.8,-55.2,114.8,2.2,1.0,1,,False,,0,0,False,25633.7,6,6,42500.0,1.26,27.2,1.8,22.9,6,1.0,2.2052919822866572,2.1765825290050262,False,False,True,22.9
173262678,12.4562,5069.0,0.809358,1,23.71,0.6025,4153.9027,1.05,3632.0,5.32,16.3,34,1.1,17.3,16.4,7.1,1.0,1,"00173262678-01(1:2,ntoi=1)",True,,0,0,False,3801.9,34,34,4925.0,1.66,24.0,1.9,22.9,32,1.0,1.3791804328915918,0.7613217059631339,False,False,True,22.9
118840978,12.8293,5319.0,0.830368,1,24.9,0.82655,4180.2471,1.58,4350.0,5.97,22.0,26,0.6,23.9,22.4,6.4,1.0,2,"00118840978-01(1:2,ntoi=2);00118840978-02(1:2,ntoi=2)",True,,0,0,False,4015.0,26,26,5265.0,1.53,24.3,1.2,22.9,26,1.0,1.5588766084515602,1.0135503935551524,False,False,True,22.9
305068061,12.0767,5407.0,1.12859,1,24.98,0.84607,4179.6991,1.58,30866.0,21.63,208.7,27,2.6,142.9,213.6,6.4,1.0,0,,False,,0,0,False,25112.6,27,27,32535.0,1.24,23.3,0.2,22.7,27,1.0,1.9276781495118538,0.8196389010271781,False,False,True,22.7
305068062,11.2919,6371.0,1.19614,1,24.98,0.84607,4179.6991,1.58,14239.0,15.57,197.4,27,2.7,134.8,202.0,6.4,1.0,0,,False,,0,0,False,11598.7,27,27,15169.0,1.25,23.3,0.2,22.6,27,1.0,2.0038493526254606,0.788482426550614,False,False,True,22.6
291829351,12.9441,3477.0,0.504141,1,25.13,0.85586,4180.1734,7.2,2253.0,2.61,15.3,27,1.9,-8.4,12.5,4.4,1.0,0,,False,,0,0,False,4155.5,26,27,2596.0,1.93,23.6,2.0,22.5,25,0.9629629629629629,1.1307776504070013,6.3672995282569484,False,False,True,22.5
148549396,12.9531,3285.0,0.698671,1,23.78,1.1158,4154.4448,4.2,4095.0,4.88,20.3,19,1.3,20.7,15.2,2.8,0.5,0,,False,,0,0,False,4594.5,19,19,4281.0,1.59,23.6,2.2,22.4,19,1.0,1.5355084987290422,2.7352502467269884,False,False,True,22.4
376072501,12.5828,5642.0,0.974379,1,25.06,0.5312,4179.7703,1.12,5915.0,8.18,29.8,42,1.1,31.4,29.4,6.9,1.0,3,"00376072501-01(1:2,ntoi=3)",True,,0,0,False,5296.9,42,42,6207.0,1.67,23.5,1.1,22.4,37,1.0,1.496624761853504,0.7483505742701526,False,False,True,22.4
143290555,13.2419,3858.0,0.599178,1,25.83,0.62982,4207.2601,3.6,4720.0,4.49,25.8,36,0.3,36.1,25.8,7.3,1.0,0,,False,,0,0,False,5639.7,36,36,4657.0,1.6,23.1,1.2,22.3,33,1.0,1.145471661060318,3.142810182372929,False,False,True,22.3
58767799,12.8616,4251.0,0.668997,1,25.38,0.95819,4179.4876,3.6,9742.0,7.2,19.0,25,1.2,19.5,18.7,7.0,1.0,1,"00058767799-01(1:2,ntoi=1)",True,,0,0,False,11688.2,25,25,10812.0,1.57,23.5,1.5,22.3,24,1.0,1.4178869942013208,2.5389893656707376,False,False,True,22.3
71790116,12.043,5471.0,0.930715,1,26.04,0.56771,4264.8643,3.0,23833.0,15.68,279.1,40,14.2,400.4,304.9,7.8,1.0,2,"00071790116-01(1:2,ntoi=2);00071790116-02(1:2,ntoi=2)",True,,0,0,False,25860.8,40,40,24623.0,1.82,23.0,1.4,22.2,37,1.0,1.4840947120438612,2.021434330069453,False,False,True,22.2
214568641,13.0931,3228.0,0.33164,2,53.38,4.34983,4208.5266,3.15,8872.0,3.41,31.0,10,1.1,7.2,31.6,5.1,1.0,0,,False,,0,0,False,6141.6,9,9,11408.0,1.06,24.0,0.2,22.1,9,1.0,1.470540510850956,2.1420695157709004,False,False,True,22.1
218564869,12.3197,4940.0,0.752595,1,24.91,1.39323,4180.5134,2.1,4838.0,5.71,20.5,16,1.6,-8.1,20.7,5.1,1.0,1,"00218564869-01(1:3,ntoi=1)",True,,0,0,False,4150.9,16,16,5614.0,1.58,23.4,2.5,22.1,16,1.0,1.737494555083832,1.2086368811087742,False,False,True,22.1
218759674,12.9831,4454.0,0.684233,1,24.98,1.83199,4180.1752,4.2,7656.0,6.53,17.6,12,5.4,-7.4,18.1,3.2,1.0,1,,False,,0,0,False,8393.6,12,12,9998.0,1.43,24.2,3.6,22.0,12,1.0,1.7864272615607757,2.3510613000444924,False,False,True,22.0
65435268,11.6245,4833.0,0.729705,3,83.33,0.83028,4207.479,4.2,564.0,1.89,18.9,76,0.0,24.3,19.3,11.2,1.0,0,,False,,0,0,False,1163.1,76,76,591.0,2.1,22.4,1.2,22.0,51,1.0,1.4323463123944469,2.932251763177914,False,False,True,22.0
313259171,11.6979,4750.0,0.764538,1,25.33,1.47445,4180.022,4.2,3488.0,4.93,38.6,15,0.1,-20.5,39.2,5.2,1.0,1,"00313259171-01(1:3,ntoi=1)",True,,0,0,False,2933.7,15,15,3509.0,1.23,23.5,1.0,21.8,15,1.0,1.7893049417062017,2.347280165668724,False,False,True,21.8
315392592,13.264,3715.0,0.518996,1,25.16,0.75576,4180.0066,1.2,11701.0,6.13,28.0,29,7.2,-17.7,28.0,5.8,1.0,2,,False,,0,0,False,9996.4,29,29,12904.0,1.7,22.6,1.8,21.7,28,1.0,1.1060606332497687,1.0849314801795482,False,False,True,21.7
123386533,13.1361,3299.0,0.640691,1,24.46,3.58254,4155.8047,4.2,14571.0,8.44,35.6,7,0.9,-11.0,35.4,2.5,1.0,0,,False,,0,0,False,12178.4,7,7,19630.0,1.22,23.9,0.7,21.7,7,1.0,2.138147814796102,1.9643169527082112,False,False,True,21.7
171604880,12.8566,3563.0,0.837076,1,23.65,1.65122,4154.1425,6.3,25972.0,14.72,207.2,14,6.4,-158.1,208.1,3.1,1.0,0,,False,,0,0,False,23437.8,14,14,24132.0,1.27,23.0,0.3,21.7,14,1.0,1.9738760050515285,3.191689844689883,False,False,True,21.7
117675988,12.5021,4350.0,0.964164,1,24.48,1.45544,4236.0991,4.2,41508.0,21.43,341.1,14,9.5,-240.1,342.7,4.5,1.0,1,,False,,0,0,False,32205.7,14,14,41801.0,1.23,23.4,1.0,21.7,14,1.0,2.079570608311247,2.019647701892982,False,False,True,21.7
280999841,13.3185,3221.0,0.573973,1,24.2,1.30758,4153.4216,4.2,53952.0,14.55,113.2,17,0.1,-84.8,114.4,5.0,1.0,0,,False,,0,0,False,43331.4,17,17,49008.0,1.24,22.7,0.5,21.6,17,1.0,1.420012037913798,2.9577214050737237,False,False,True,21.6
143608221,12.9238,4134.0,0.674454,1,25.04,2.63531,4179.859,4.2,10127.0,7.4,42.2,9,1.4,-32.8,42.0,2.4,1.0,0,,False,,0,0,False,8258.3,9,9,12221.0,1.25,23.5,2.5,21.5,9,1.0,1.9973480679978126,2.1027882256947716,False,False,True,21.5
4307559,12.3455,4711.0,0.678165,1,24.24,0.58516,4153.3262,4.2,16817.0,9.59,191.8,38,1.4,310.8,194.2,7.8,1.0,0,,False,,0,0,False,18124.4,38,38,14604.0,1.38,22.2,0.8,21.5,36,1.0,1.2139200535146226,3.459865406984487,False,False,True,21.5
148959790,13.38,3310.0,0.571538,1,23.58,3.61854,4154.3683,7.2,8080.0,5.6,21.5,6,0.1,-14.6,21.3,2.6,1.0,1,,False,,0,0,False,8181.1,6,6,10958.0,1.13,24.4,1.7,21.4,6,1.0,1.9879989946745142,3.6217322137926042,False,False,True,21.4
129123679,12.1487,3891.0,0.901154,1,24.1,0.6828,4153.3133,2.1,22895.0,14.88,203.6,33,6.4,-159.4,206.0,6.9,1.0,0,,False,,0,0,False,18684.8,33,33,20584.0,1.35,22.0,0.3,21.3,33,1.0,1.5446810120186925,1.3595039905718656,False,False,True,21.3
615165,13.2481,3086.0,0.431775,1,24.07,4.23885,4238.519,4.8,8431.0,4.33,28.3,6,0.6,0.5,28.2,2.8,1.0,0,,False,,0,0,False,5728.2,6,6,10276.0,1.16,25.7,1.3,21.1,6,1.0,1.7383183129033064,2.761289439552144,False,False,True,21.1
51996016,13.4687,4282.0,0.740258,1,25.14,4.11407,4268.103,6.3,13003.0,9.21,32.6,5,2.3,7.9,33.0,2.7,1.0,0,,False,,0,0,False,9651.2,5,5,14321.0,1.07,24.9,0.9,21.1,5,1.0,2.4654011410988725,2.5553650864264545,False,False,True,21.1
118840978,12.8293,5319.0,0.830368,1,24.9,1.03251,4180.4612,1.5,4032.0,5.75,18.3,22,1.6,-12.3,18.9,5.0,1.0,2,,False,,0,0,False,4015.0,22,22,5152.0,1.44,22.4,1.3,21.1,20,1.0,1.6788817921605672,0.8934518243060087,False,False,True,21.1
390430456,10.3134,5851.08,1.01081,1,25.07,0.65279,4179.4515,1.58,37211.0,21.27,1199.7,35,2.9,1296.6,1198.7,7.6,1.0,0,,False,,0,0,False,30705.1,35,35,36220.0,1.2,21.6,0.1,21.1,35,1.0,1.6427790086981062,0.9617848728491739,False,False,True,21.1
209462063,10.8865,6066.0,1.04542,1,25.09,2.18333,4208.9855,2.1,1317.0,4.14,20.1,10,1.7,14.4,14.6,3.8,0.5,1,"00209462063-01(1:2,ntoi=1)",True,,0,0,False,833.1,10,10,1484.0,1.27,23.0,2.0,21.1,10,1.0,2.5125147750351844,0.8358159804137241,False,False,True,21.1
289640569,13.3104,3380.0,0.679791,1,23.96,1.41547,4154.6444,7.2,5882.0,5.69,23.4,14,0.3,24.4,16.1,2.5,0.5,0,,False,,0,0,False,6735.0,14,14,5854.0,1.85,22.0,2.1,21.0,14,1.0,1.63214519482881,4.411372237477428,False,False,True,21.0
32344300,12.5887,4523.0,0.805877,1,24.24,1.16058,4153.5011,3.6,32758.0,15.91,122.2,19,1.5,-91.8,121.4,5.2,1.0,1,,False,,0,0,False,26664.1,19,19,31147.0,1.13,21.9,0.3,21.0,19,1.0,1.711114856927419,2.1038914982389767,False,False,True,21.0
59891565,12.5107,4944.0,0.896083,1,25.13,1.8406,4265.909,7.2,16385.0,12.51,148.1,12,7.2,-106.7,149.5,2.9,1.0,0,,False,,0,0,False,15237.6,12,12,15183.0,1.36,22.4,1.0,21.0,12,1.0,2.141707999039459,3.3618028243015154,False,False,True,21.0
172835488,11.0717,6008.0,1.07548,1,24.98,0.79073,4265.7405,2.25,27808.0,19.57,393.1,27,87.6,-324.8,388.0,3.7,1.0,0,,False,,0,0,False,26840.7,27,27,31633.0,1.53,22.1,3.1,21.0,21,1.0,1.8250968900099314,1.2328112618655311,False,False,True,21.0
290864720,12.9747,2870.0,0.268012,1,26.1,1.50241,4207.4262,2.4,8078.0,2.63,38.6,15,1.0,-25.6,38.0,4.2,1.0,0,,False,,0,0,False,6637.0,15,15,9582.0,1.25,22.1,0.7,20.9,15,1.0,0.8951736204245921,2.6810441519284827,False,False,True,20.9
37874090,10.8277,5708.0,1.06314,1,23.78,1.43593,4267.2983,4.2,26703.0,18.95,604.3,13,31.9,-428.7,613.3,4.5,1.0,0,,False,,0,0,False,20310.7,13,13,27248.0,1.13,22.3,1.5,20.9,13,1.0,2.2095967513866617,1.9007993188640573,False,False,True,20.9
141961356,12.861,3287.0,0.67575,1,23.78,1.57067,4154.5758,4.5,44185.0,15.5,198.2,13,6.3,-178.4,200.2,3.0,1.0,0,,False,,0,0,False,37460.0,13,13,49582.0,1.26,22.5,2.1,20.8,13,1.0,1.6830382254178973,2.6737360637680423,False,False,True,20.8
59949959,12.8584,4625.0,0.99423,1,25.41,1.47659,4266.7061,2.4,31436.0,19.23,143.6,16,1.1,-117.1,140.9,3.9,1.0,0,,False,,0,0,False,25303.2,16,16,35695.0,1.16,21.9,0.1,20.8,16,1.0,2.1328133179827424,1.1252742937061027,False,False,True,20.8
172835493,11.097,5800.0,1.14819,1,24.97,0.79081,4265.7391,2.25,29524.0,21.52,423.2,27,94.1,-355.3,418.5,3.6,1.0,0,,False,,0,0,False,28697.0,27,27,34210.0,1.49,21.8,2.9,20.8,21,1.0,1.9065206704817947,1.1801602966263172,False,False,True,20.8
347385146,11.1175,4654.0,0.735771,1,25.2,1.50914,4180.7503,2.4,3579.0,4.8,34.2,14,0.4,-23.1,34.6,4.1,1.0,1,,False,,0,0,False,2897.3,14,14,4177.0,1.24,22.3,1.0,20.7,14,1.0,1.7577074023256032,1.3654149699913571,False,False,True,20.7
127166727,13.2444,3316.0,0.534157,1,24.08,2.86979,4154.0287,3.15,63163.0,14.65,117.9,8,4.4,-58.6,118.9,3.5,1.0,0,,False,,0,0,False,42126.4,8,8,76284.0,1.2,22.6,0.9,20.6,8,1.0,1.7590206966292503,1.7907691512875514,False,False,True,20.6
23205275,11.441,5486.0,1.17225,1,24.92,5.57578,4184.0581,1.05,8708.0,11.93,29.2,4,2.6,5.9,29.2,3.9,1.0,1,"00023205275-01(1:3,ntoi=1)",True,,0,0,False,2338.7,4,4,8949.0,1.18,29.6,2.3,20.5,4,1.0,3.7067246961846645,0.28326894659340796,False,False,True,20.5
461691290,13.3844,3256.0,0.5946,1,23.54,0.98168,4154.5009,6.3,5007.0,4.59,18.8,22,1.1,6.2,19.3,6.0,1.0,0,,False,,0,0,False,7295.7,22,22,5807.0,1.58,21.5,3.2,20.4,20,1.0,1.3213409006460515,4.767883895003705,False,False,True,20.4
34435814,12.8997,5314.0,0.813836,1,25.93,3.11557,4267.849,7.2,6280.0,7.04,29.2,8,0.1,-23.6,29.0,2.4,1.0,0,,False,,0,0,False,6416.5,8,8,8547.0,1.21,23.4,2.9,20.4,8,1.0,2.393749660755106,3.007833324445785,False,False,True,20.4
195173280,11.4525,5321.0,0.822507,1,25.38,1.27258,4179.3001,4.8,2166.0,4.18,19.6,18,2.4,22.1,15.2,2.7,0.5,0,,False,,0,0,False,2796.9,17,18,2540.0,1.43,21.3,1.7,20.3,17,0.9444444444444444,1.7886679574476552,2.68356123897326,False,False,True,20.3
267023429,11.0564,3935.0,0.939587,1,25.38,1.28458,4179.3504,4.8,23999.0,15.88,319.2,19,19.1,-255.5,315.5,4.4,1.0,0,,False,,0,0,False,22879.2,19,19,21641.0,1.58,21.4,1.8,20.3,19,1.0,1.9607400158780535,2.4480553062260406,False,False,True,20.3
466201150,13.2608,3083.0,0.316211,2,50.81,3.82017,4154.086,6.3,6910.0,2.87,37.7,12,0.6,-28.7,38.1,3.0,1.0,0,,False,,0,0,False,7513.2,12,12,7504.0,1.27,21.6,0.4,20.2,12,1.0,1.3642286724692525,4.617994128943945,False,False,True,20.2
59949959,12.8584,4625.0,0.99423,1,25.41,0.88527,4265.828,3.15,29261.0,18.55,183.2,25,4.1,-156.2,185.1,5.5,1.0,0,,False,,0,0,False,25303.2,25,25,25080.0,1.43,21.0,0.7,20.2,24,1.0,1.7984213598139744,1.7515361362955733,False,False,True,20.2
460193522,13.4193,3191.0,0.657216,1,24.1,2.23736,4154.5257,6.3,14184.0,8.54,33.3,10,2.2,-25.1,33.8,2.9,1.0,0,,False,,0,0,False,12919.9,10,10,14844.0,1.1,21.8,0.4,20.1,10,1.0,1.8589127337283278,3.3890778656211618,False,False,True,20.1
218184829,11.9453,4331.0,0.68763,1,25.2,1.40218,4180.3378,4.2,8456.0,6.9,49.3,16,5.0,-35.1,50.0,4.6,1.0,2,,False,,0,0,False,7208.9,16,16,7877.0,1.3,21.6,1.3,20.0,16,1.0,1.639505057454587,2.5617487307545783,False,False,True,20.0
336775973,12.147,3343.0,0.415373,1,26.12,1.01019,4207.4155,4.2,7769.0,3.99,72.2,23,3.0,-49.6,73.8,5.6,1.0,0,,False,,0,0,False,8621.8,23,23,7779.0,1.36,20.7,1.1,19.8,21,1.0,1.0502712834841401,3.9989668060494235,False,False,True,19.8
369121590,13.1885,4037.0,0.637946,1,25.01,1.9001,4179.9675,6.3,6623.0,5.66,16.7,11,0.0,19.5,13.2,2.5,0.5,0,,False,,0,0,False,8590.1,11,11,8326.0,1.42,21.8,3.0,19.8,11,1.0,1.725797063978067,3.650487146778496,False,False,True,19.8
140770639,13.044,3335.0,0.678795,1,23.77,1.57162,4154.7369,6.3,24876.0,11.68,95.3,13,2.9,-72.8,98.2,3.2,1.0,0,,False,,0,0,False,25009.3,13,13,24032.0,1.26,20.9,0.5,19.8,13,1.0,1.688430671264491,3.7312755016952135,False,False,True,19.8
60405851,11.0162,5814.0,1.07125,1,25.73,1.27093,4265.6976,4.2,38954.0,23.07,815.5,18,5.1,-695.9,815.9,4.8,1.0,0,,False,,0,0,False,33423.0,18,18,37444.0,1.25,20.8,1.4,19.8,18,1.0,2.1322726074696314,1.9697293794831148,False,False,True,19.8
74056224,13.2539,3249.0,0.349824,1,25.05,1.35201,4179.7956,4.8,11174.0,4.03,44.2,17,1.5,-30.9,44.6,5.1,1.0,0,,False,,0,0,False,10589.1,17,17,9446.0,1.43,20.7,1.1,19.7,17,1.0,1.0322098431734537,4.650217232227462,False,False,True,19.7
370964274,13.3254,3238.0,0.571198,1,24.1,1.2077,4153.6818,4.2,23538.0,9.56,68.8,17,1.3,-58.6,68.6,4.9,1.0,0,,False,,0,0,False,20609.4,17,17,21134.0,1.07,20.5,0.1,19.7,17,1.0,1.3784333381377754,3.046937333708195,False,False,True,19.7
148158372,13.1584,3364.0,0.647727,1,23.72,1.89572,4153.9645,3.15,707592.0,59.44,1538.4,12,11.0,-1294.3,1552.0,3.8,1.0,0,,False,,0,0,False,692418.6,12,12,961615.0,1.11,21.0,0.1,19.7,12,1.0,1.7420516414854683,1.8082127561465153,False,False,True,19.7
313844827,12.8319,5068.0,0.8291,1,25.1,0.85179,4180.1886,4.2,3330.0,5.22,20.2,27,0.9,25.2,19.9,6.3,1.0,0,,False,,0,0,False,4379.2,26,26,3520.0,1.46,20.5,1.4,19.7,25,1.0,1.5729819888482608,2.6700877885291265,False,False,True,19.7
124853118,13.0181,3991.0,0.84308,1,24.9,2.187,4266.0186,3.6,50817.0,20.73,212.2,10,7.7,-158.6,212.2,3.5,1.0,0,,False,,0,0,False,39282.8,10,10,56809.0,1.17,21.1,0.2,19.7,10,1.0,2.178062876949928,1.652844845802292,False,False,True,19.7
376072501,12.5828,5642.0,0.974379,1,25.06,0.79642,4180.0437,1.05,6363.0,8.48,25.1,27,0.3,16.5,25.3,5.6,1.0,3,"00376072501-01(1:3,ntoi=3)",True,,0,0,False,5296.9,27,27,7126.0,1.93,21.7,1.9,19.7,26,1.0,1.7129352900735324,0.6129828757015835,False,False,True,19.7
305068062,11.2919,6371.0,1.19614,1,24.98,0.98765,4179.5491,1.12,13992.0,15.44,154.2,23,27.5,-141.1,154.3,4.6,1.0,0,,False,,0,0,False,11598.7,23,23,17494.0,1.3,20.6,0.7,19.7,23,1.0,2.109910301712641,0.5308282532631278,False,False,True,19.7
33421418,13.039,3810.0,0.840215,1,25.75,1.30789,4265.2052,4.2,46558.0,19.78,317.4,18,0.4,-257.4,319.5,4.7,1.0,0,,False,,0,0,False,38003.0,18,18,42683.0,1.42,20.4,1.3,19.6,17,1.0,1.830876234757985,2.293983569323668,False,False,True,19.6
89503905,12.5933,3468.0,0.549332,1,25.78,1.37533,4265.3859,2.25,9251.0,5.76,52.4,16,2.2,-44.0,53.2,4.2,1.0,1,,False,,0,0,False,7930.4,16,16,10929.0,1.15,20.6,0.5,19.5,16,1.0,1.402492449393092,1.6042867118276856,False,False,True,19.5
376072501,12.5828,5642.0,0.974379,1,25.06,0.66432,4179.7625,1.05,5289.0,7.73,23.3,34,1.3,-17.9,23.1,4.9,1.0,3,,False,,0,0,False,5296.9,34,34,5922.0,2.01,20.8,1.2,19.5,31,1.0,1.6124490972257186,0.6511833470008858,False,False,True,19.5
383823400,12.6848,3260.0,0.696443,1,24.1,1.36606,4154.1822,4.2,21055.0,11.03,117.4,16,0.8,-94.9,117.9,4.6,1.0,0,,False,,0,0,False,17711.9,16,16,20028.0,1.27,20.3,1.3,19.3,15,1.0,1.6391622261979173,2.562284521247185,False,False,True,19.3
349751474,12.564,3499.0,0.46273,1,25.06,1.75656,4179.8781,6.3,24256.0,7.86,155.7,14,6.8,-126.0,159.2,3.4,1.0,1,"00349751474-01(1:3,ntoi=1)",True,,0,0,False,23961.3,14,14,21054.0,1.36,20.4,0.9,19.2,14,1.0,1.3572121167244349,4.641868372944343,False,False,True,19.2
141662332,12.9427,3277.0,0.605784,1,23.5,2.18414,4155.1197,7.2,22307.0,9.87,116.6,10,0.6,-92.4,114.7,2.9,1.0,0,,False,,0,0,False,19212.0,10,10,19584.0,1.22,20.7,0.5,19.2,10,1.0,1.7465471613715189,4.122419456652991,False,False,True,19.2
142884338,10.2809,4504.0,0.693053,2,52.84,1.20444,4208.5584,3.15,454.0,1.61,19.6,35,0.5,-4.7,20.1,7.9,1.0,0,,False,,0,0,False,656.0,35,35,503.0,1.91,19.9,1.0,19.2,31,1.0,1.5666824649037334,2.010618022838186,False,False,True,19.2
390379567,11.78,4519.0,0.746843,1,25.06,1.45146,4179.6996,4.2,13613.0,9.51,189.6,16,0.7,-115.4,190.6,4.8,1.0,0,,False,,0,0,False,12726.2,16,16,13703.0,1.31,20.2,1.1,19.2,16,1.0,1.7523850031286021,2.3967335902222255,False,False,True,19.2
147828926,12.7483,3517.0,0.968501,1,24.06,1.494,4153.809,4.5,35969.0,20.04,210.4,14,8.2,-183.3,212.5,4.0,1.0,2,,False,,0,0,False,31519.1,14,14,34100.0,1.29,20.2,0.6,19.2,14,1.0,2.104062044680384,2.138720201420471,False,False,True,19.2
160705798,13.493,3280.0,0.577024,1,23.65,2.51469,4154.476,6.3,7805.0,5.56,18.1,8,2.6,14.1,15.1,3.0,0.5,0,,False,,0,0,False,8512.8,8,8,9838.0,1.28,21.4,2.8,19.1,8,1.0,1.7721440882302464,3.555015668218887,False,False,True,19.1
178348016,13.4111,3318.0,0.595952,2,54.91,1.46565,4236.0195,3.15,12099.0,7.15,60.6,30,2.3,-50.7,61.8,5.3,1.0,0,,False,,0,0,False,13020.6,30,30,11637.0,1.58,20.1,1.4,19.1,28,1.0,1.5124902110032732,2.0826581071956327,False,False,True,19.1
61276556,11.1159,5025.0,1.11646,1,25.07,0.68469,4179.8027,4.5,55260.0,28.63,936.0,33,8.1,1415.3,1113.9,6.9,1.0,0,,False,,0,0,False,78531.0,32,33,63748.0,1.57,19.9,2.1,19.1,31,0.9696969696969697,1.7834806467886692,2.523156058969683,False,False,True,19.1
333840387,11.2905,3963.0,1.16164,1,24.1,2.78466,4154.3195,7.2,4619.0,8.61,69.3,8,3.7,-53.7,69.4,2.8,1.0,1,,False,,0,0,False,4742.2,8,8,5063.0,1.29,21.3,0.9,19.1,8,1.0,2.9231205421840625,2.463121139239913,False,False,True,19.1
119953579,13.2071,3717.0,0.507933,1,24.87,1.50774,4179.8618,4.2,5104.0,3.96,20.6,15,0.4,-9.5,21.3,4.2,1.0,1,"00119953579-01(1:3,ntoi=1)",True,,0,0,False,5524.1,15,15,5355.0,1.53,20.0,0.9,18.9,15,1.0,1.3725285888207739,3.0600455496584487,False,False,True,18.9
66471572,12.2429,3956.0,0.58988,1,25.78,2.0238,4265.5641,7.2,18773.0,8.82,177.7,11,4.3,-139.0,179.9,3.0,1.0,0,,False,,0,0,False,16783.5,11,11,16752.0,1.34,20.4,1.0,18.9,11,1.0,1.6727842814977192,4.304201133187069,False,False,True,18.9
327676230,10.8025,5497.0,0.951655,1,24.97,0.75877,4180.1306,1.5,968.0,3.23,17.5,30,1.0,18.7,17.5,6.3,1.0,2,"00327676230-01(1:2,ntoi=2);00327676230-02(1:2,ntoi=2)",True,,0,0,False,1064.8,29,30,1231.0,1.56,19.9,2.1,18.7,26,0.9666666666666667,1.6591973052578375,0.9040516129375593,False,False,True,18.7
58485186,13.4113,3148.0,0.588714,1,23.6,0.97138,4153.9581,3.15,21481.0,9.41,74.7,22,0.4,-64.0,75.1,5.1,1.0,0,,False,,0,0,False,19034.8,22,22,18992.0,1.25,19.2,0.4,18.6,21,1.0,1.3079995331832444,2.4082577402255847,False,False,True,18.6
153124195,12.8786,3970.0,0.904089,1,25.13,0.92075,4265.872,4.2,10069.0,9.9,90.0,24,3.7,-55.0,91.9,5.3,1.0,0,,False,,0,0,False,10935.4,24,24,9439.0,1.45,19.6,1.2,18.6,23,1.0,1.710263366643501,2.4557621252466886,False,False,True,18.6
351423719,13.2683,3298.0,0.506896,1,24.23,1.23618,4153.9886,4.8,9223.0,5.31,39.0,18,0.6,-30.5,38.4,4.8,1.0,0,,False,,0,0,False,10178.2,18,18,8489.0,1.79,19.3,0.8,18.5,18,1.0,1.2828664312176097,3.7416210161833963,False,False,True,18.5
129123679,12.1487,3891.0,0.901154,1,24.1,0.91137,4153.7508,2.1,22582.0,14.77,172.3,23,1.7,197.2,175.5,5.7,1.0,0,,False,,0,0,False,18684.8,23,23,21415.0,1.21,19.0,0.1,18.4,23,1.0,1.7007450413042842,1.234752975313414,False,False,True,18.4
267023429,11.0564,3935.0,0.939587,1,25.38,2.14044,4180.2004,4.8,29309.0,17.55,313.4,11,2.2,-120.6,313.4,4.4,1.0,0,,False,,0,0,False,22879.2,11,11,28765.0,1.18,19.7,0.3,18.4,11,1.0,2.3245237065946185,2.064939147053013,False,False,True,18.4
32907180,12.3874,4737.0,0.732365,1,24.93,1.64742,4180.6181,7.2,6346.0,6.37,45.7,14,0.9,-33.4,48.2,3.6,1.0,1,"00032907180-01(1:3,ntoi=1)",True,,0,0,False,7259.4,14,14,5535.0,1.26,19.3,0.3,18.3,14,1.0,1.8042420183950965,3.990595455926983,False,False,True,18.3
61212279,11.3351,4918.0,0.737228,1,25.04,0.9383,4180.3395,3.0,3660.0,4.87,57.9,24,2.3,-45.5,56.1,5.3,1.0,0,,False,,0,0,False,3265.3,24,24,2949.0,2.26,19.0,1.7,18.2,23,1.0,1.5021849747582192,1.9970909378073485,False,False,True,18.2
213467217,12.2129,4921.0,0.796686,1,25.22,0.92103,4179.3798,1.12,3250.0,4.95,12.6,24,0.6,-8.1,12.8,4.0,1.0,1,,False,,0,0,False,3711.7,24,24,4235.0,1.77,19.1,2.0,18.2,21,1.0,1.5721392477024618,0.712405088567554,False,False,True,18.2
346518392,11.3527,5269.0,0.895938,1,25.22,1.78127,4179.544,6.3,3608.0,5.87,45.3,14,3.4,-39.1,45.4,3.0,1.0,0,,False,,0,0,False,3559.4,14,14,3165.0,1.74,19.2,1.0,18.2,14,1.0,2.1182157027570017,2.9742013487106727,False,False,True,18.2
407685578,12.1352,5428.0,0.984515,1,25.14,1.48179,4266.3089,4.8,23572.0,16.49,181.2,14,3.6,-157.9,178.6,4.2,1.0,0,,False,,0,0,False,19527.6,14,14,20539.0,1.29,19.3,1.5,18.2,14,1.0,2.1213813126887997,2.2626766679282735,False,False,True,18.2
173262678,12.4562,5069.0,0.809358,1,23.71,0.90341,4154.5089,1.05,3949.0,5.55,14.2,21,0.5,10.6,14.2,5.8,1.0,1,"00173262678-01(1:3,ntoi=1)",True,,0,0,False,3801.9,21,21,5462.0,1.53,19.5,1.6,18.1,20,1.0,1.578569476920098,0.6651591934037805,False,False,True,18.1
61276556,11.1159,5025.0,1.11646,1,25.07,0.51254,4179.5449,1.58,74264.0,33.19,950.6,44,70.9,-822.5,951.6,5.6,1.0,0,,False,,0,0,False,78531.0,44,44,73693.0,1.4,18.8,0.7,18.1,30,1.0,1.6193708879656326,0.9756875412184957,False,False,True,18.1
376072501,12.5828,5642.0,0.974379,1,25.06,0.92984,4179.7687,1.05,5464.0,7.86,20.9,25,1.4,-16.0,21.1,4.3,1.0,3,,False,,0,0,False,5296.9,25,25,6487.0,1.75,19.4,0.9,18.0,24,1.0,1.8036944926441487,0.582138496448331,False,False,True,18.0
143706101,13.2761,3301.0,0.627506,1,23.76,1.2192,4154.073,4.5,39979.0,13.69,141.9,18,1.0,-129.8,144.6,4.7,1.0,3,"00143706101-01(1:3,ntoi=3);00143706101-02(1:3,ntoi=3);00143706101-03(1:3,ntoi=3)",True,,0,0,False,42513.4,18,18,35975.0,1.32,18.5,0.1,17.8,18,1.0,1.472239731321711,3.0565674219103576,False,False,True,17.8
168849065,12.7381,3332.0,0.2907,2,53.94,1.01599,4237.3429,6.3,1177.0,1.09,15.4,37,0.2,4.9,15.6,7.9,1.0,1,,False,,0,0,False,2374.8,36,37,1297.0,1.69,18.5,3.8,17.7,29,0.972972972972973,0.8294714829414922,7.595197821218379,False,False,True,17.7
313249030,10.0912,5477.0,0.933252,1,25.36,0.82123,4179.2623,4.2,431.0,2.11,17.8,28,0.6,21.4,18.5,6.8,1.0,0,,False,,0,0,False,632.5,27,28,471.0,1.65,18.5,1.6,17.7,24,0.9642857142857143,1.681496040131585,2.4977757305163384,False,False,True,17.7
14782377,13.0983,3678.0,0.96393,1,24.25,1.83332,4154.1511,4.2,14947.0,12.86,49.1,12,0.7,7.3,49.9,3.8,1.0,0,,False,,0,0,False,13353.9,12,12,14571.0,1.3,19.1,1.4,17.6,12,1.0,2.245525807328605,1.8703859854527969,False,False,True,17.6
153124195,12.8786,3970.0,0.904089,1,25.13,1.53483,4266.172,4.2,10805.0,10.25,75.4,14,1.0,-33.6,77.1,4.2,1.0,0,,False,,0,0,False,10935.4,14,14,12535.0,1.36,18.4,1.1,17.5,14,1.0,2.0278500788139424,2.071159028904402,False,False,True,17.5
37875573,11.8326,4977.0,1.05595,1,23.78,1.90016,4267.2435,6.3,4648.0,7.85,58.8,10,2.3,-41.2,59.7,2.8,1.0,1,,False,,0,0,False,3945.9,10,10,4113.0,1.3,19.2,1.2,17.5,10,1.0,2.414907985245305,2.6087950507812203,False,False,True,17.5
407685578,12.1352,5428.0,0.984515,1,25.14,2.46907,4265.8089,4.8,22522.0,16.12,148.8,10,3.7,-124.1,148.7,3.3,1.0,0,,False,,0,0,False,19527.6,10,10,21334.0,1.29,18.7,0.6,17.4,10,1.0,2.514978749791337,1.9085648339566472,False,False,True,17.4
141953923,13.004,3342.0,0.679923,1,23.65,3.76465,4153.8828,6.3,48646.0,16.36,153.6,6,4.6,-116.2,156.8,2.1,1.0,1,,False,,0,0,False,38894.5,6,6,50963.0,1.11,20.3,0.3,17.3,6,1.0,2.261637436423369,2.7855923759216843,False,False,True,17.3
14782377,13.0983,3678.0,0.96393,1,24.25,1.83451,4154.1511,3.6,15828.0,13.23,48.6,12,0.9,5.4,40.2,2.6,1.0,0,,False,,0,0,False,13353.9,12,12,13003.0,1.45,19.0,1.5,17.3,12,1.0,2.24601155590737,1.6028412634527296,False,False,True,17.3
100678986,11.0098,4963.0,1.14875,1,24.28,1.84409,4266.5996,6.3,10022.0,12.55,192.5,12,4.1,-149.8,195.3,2.7,1.0,0,,False,,0,0,False,9610.8,12,12,9182.0,1.12,18.8,0.9,17.3,11,1.0,2.529022430458042,2.491081108702931,False,False,True,17.3
218184829,11.9453,4331.0,0.68763,1,25.2,2.33699,4179.8628,4.2,8417.0,6.88,39.8,10,2.7,-30.7,40.4,3.5,1.0,2,,False,,0,0,False,7208.9,10,10,8909.0,1.11,18.7,0.8,17.1,10,1.0,1.9438546565778874,2.160655368850471,False,False,True,17.1
122560368,10.9652,5911.0,1.07292,3,80.25,1.10297,4180.5054,6.3,382.0,2.29,19.4,58,0.9,24.4,13.6,4.8,0.5,1,"00122560368-01(1:2,ntoi=1)",True,,0,0,False,843.0,55,58,299.0,2.65,17.7,2.6,17.1,31,0.9482758620689655,2.0359842841607785,3.094326439065233,False,False,True,17.1
178322034,13.3536,3355.0,0.503396,2,54.82,1.9396,4236.8264,7.2,2484.0,2.74,17.0,22,0.7,-3.8,16.0,5.3,1.0,0,,False,,0,0,False,4324.9,20,21,2564.0,2.14,18.4,2.7,16.9,18,0.9523809523809523,1.4838347104213176,4.852292475322702,False,False,True,16.9
327676230,10.8025,5497.0,0.951655,1,24.97,1.32732,4180.5103,1.12,1099.0,3.44,13.3,17,1.4,-8.7,13.2,4.3,1.0,2,,False,,0,0,False,1064.8,17,17,1565.0,1.38,18.0,1.3,16.9,16,1.0,1.9991859730142978,0.5602280203633612,False,False,True,16.9
4307559,12.3455,4711.0,0.678165,1,24.24,0.87784,4153.9012,4.2,15036.0,9.07,148.9,25,1.1,-70.8,148.7,5.6,1.0,0,,False,,0,0,False,18124.4,25,25,13754.0,1.33,17.6,0.4,16.8,24,1.0,1.3896443441468302,3.0223560565625034,False,False,True,16.8
350674208,13.4347,3634.0,0.695552,1,24.24,1.09668,4154.0574,6.3,5280.0,5.51,17.8,20,1.6,22.2,12.4,2.8,0.5,1,"00350674208-01(1:2,ntoi=1)",True,,0,0,False,7911.5,20,20,5120.0,1.38,17.6,0.9,16.8,20,1.0,1.5221402527944938,4.138909005549157,False,False,True,16.8
173262678,12.4562,5069.0,0.809358,1,23.71,1.05355,4154.0589,1.05,3686.0,5.36,12.7,20,0.4,-7.8,13.0,5.1,1.0,1,,False,,0,0,False,3801.9,20,20,4992.0,1.53,17.7,1.8,16.8,18,1.0,1.6615769302138237,0.6319298137251331,False,False,True,16.8
322651659,12.4227,4575.0,0.844532,1,25.0,1.30638,4266.1708,4.5,16333.0,11.78,144.1,16,7.0,-124.4,149.1,4.7,1.0,0,,False,,0,0,False,16453.3,16,16,15112.0,1.23,17.7,1.0,16.8,16,1.0,1.8364349172118692,2.4503999340374314,False,False,True,16.8
390430456,10.3134,5851.08,1.01081,1,25.07,0.97978,4179.7702,1.58,36624.0,21.1,952.4,23,0.8,872.4,953.8,5.7,1.0,0,,False,,0,0,False,30705.1,23,23,35712.0,1.1,17.2,0.0,16.8,23,1.0,1.8808933481826322,0.840026363816235,False,False,True,16.8
23591901,13.1159,3463.0,0.445627,1,24.9,0.7903,4180.1834,4.2,4410.0,3.23,17.2,27,0.1,19.8,17.5,6.9,1.0,0,,False,,0,0,False,6838.8,27,27,4294.0,1.88,17.5,1.6,16.7,23,1.0,1.0141914669578485,4.141229873091172,False,False,True,16.7
280999841,13.3185,3221.0,0.573973,1,24.2,2.18387,4155.1466,4.2,49742.0,13.97,83.3,11,2.8,-70.2,84.5,3.4,1.0,0,,False,,0,0,False,43331.4,10,10,49068.0,1.17,18.1,0.5,16.7,10,1.0,1.6847864607203082,2.4928975261377313,False,False,True,16.7
151137353,13.2767,3216.0,0.642392,1,23.52,6.31805,4155.3279,4.8,7862.0,6.21,15.3,4,1.9,-4.0,15.7,2.8,1.0,1,,False,,0,0,False,6596.1,4,4,10560.0,1.05,19.9,1.7,16.7,4,1.0,2.58783190403985,1.8548345402600326,False,False,True,16.7
215985790,13.1695,3259.0,0.58159,1,24.32,4.93877,4156.2856,7.2,4675.0,4.34,14.8,5,0.3,-6.7,14.7,3.0,1.0,0,,False,,0,0,False,4840.5,5,5,5730.0,1.12,20.1,0.7,16.6,5,1.0,2.2309637561066262,3.227304782649228,False,False,True,16.6
390430456,10.3134,5851.08,1.01081,1,25.07,0.8159,4179.4515,1.58,34604.0,20.51,979.9,28,57.7,-916.0,984.7,6.0,1.0,0,,False,,0,0,False,30705.1,28,28,33097.0,1.21,17.0,0.2,16.5,28,1.0,1.7695667862598612,0.8928739012668023,False,False,True,16.5
32344300,12.5887,4523.0,0.805877,1,24.24,1.93529,4153.8949,4.2,28451.0,14.83,91.9,12,3.9,-76.8,93.5,3.7,1.0,1,,False,,0,0,False,26664.1,12,12,27238.0,1.27,17.8,0.4,16.4,12,1.0,2.0290970473249583,2.0698862114737353,False,False,True,16.4
195173280,11.4525,5321.0,0.822507,1,25.38,1.91067,4179.3001,4.8,2092.0,4.1,16.2,13,0.6,-6.8,16.2,3.0,1.0,0,,False,,0,0,False,2796.9,12,13,2612.0,1.27,17.8,3.1,16.4,11,0.9230769230769231,2.0481570626765935,2.3435702698147645,False,False,True,16.4
324141976,11.3917,5150.0,0.843926,1,25.29,2.42613,4179.7638,4.2,2900.0,4.96,32.0,10,0.4,-18.1,33.0,3.9,1.0,1,,False,,0,0,False,2665.1,10,10,2858.0,1.26,17.6,0.7,16.4,10,1.0,2.2562258015565644,1.861515809766217,False,False,True,16.4
60405851,11.0162,5814.0,1.07125,1,25.73,2.11839,4265.2726,4.2,36497.0,22.33,622.9,12,18.2,-559.5,625.0,3.4,1.0,0,,False,,0,0,False,33423.0,12,12,33510.0,1.4,17.6,1.3,16.4,12,1.0,2.5281576761040427,1.66128878736405,False,False,True,16.4
22486217,11.8844,5603.9,1.19855,1,25.09,1.36852,4179.8708,4.2,3394.0,7.62,29.6,18,1.8,-17.6,30.6,5.3,1.0,1,"00022486217-01(1:3,ntoi=1)",True,,0,0,False,3506.3,17,18,2752.0,1.79,17.5,1.8,16.4,17,0.9444444444444444,2.355389751610232,1.783144380724559,False,False,True,16.4
95794999,10.2096,5378.0,1.15712,1,24.24,2.15329,4153.2264,4.2,8218.0,11.44,242.4,12,37.4,-219.2,244.0,3.1,1.0,1,,False,,0,0,False,8014.7,11,12,7796.0,1.59,18.2,3.5,16.3,11,0.9166666666666666,2.6760531526253937,1.5694755524117707,False,False,True,16.3
58767799,12.8616,4251.0,0.668997,1,25.38,2.39403,4179.4751,2.4,11924.0,7.97,12.9,10,2.2,-6.5,12.6,4.0,1.0,1,,False,,0,0,False,11688.2,10,10,14631.0,1.71,18.2,3.0,16.1,10,1.0,1.9239817002178419,1.247413111948134,False,False,True,16.1
32349057,12.3036,4872.0,0.78035,1,24.26,1.93639,4153.8824,3.6,19326.0,11.84,78.7,12,4.2,-67.6,78.1,3.6,1.0,0,,False,,0,0,False,16717.0,12,12,19045.0,1.33,17.4,0.5,16.1,12,1.0,1.9863946074665746,1.8123287218300494,False,False,True,16.1
129123679,12.1487,3891.0,0.901154,1,24.1,1.13907,4153.9883,2.1,22092.0,14.61,155.2,20,7.8,-129.5,156.0,4.9,1.0,0,,False,,0,0,False,18684.8,20,20,20934.0,1.32,16.8,0.3,16.1,20,1.0,1.8319956656529912,1.1462909216280717,False,False,True,16.1
182230339,13.4194,3542.0,0.415816,1,25.06,2.9945,4180.3092,7.2,4728.0,3.12,13.8,8,0.4,-6.7,13.8,3.1,1.0,0,,False,,0,0,False,6498.5,8,8,5761.0,1.19,17.9,0.3,16.0,8,1.0,1.509792269650154,4.768867972590938,False,False,True,16.0
315967582,12.4579,4518.22,0.620632,1,25.35,0.95221,4179.459,3.15,3489.0,4.0,24.5,25,0.3,-17.9,24.5,5.8,1.0,0,,False,,0,0,False,3901.9,25,25,2973.0,1.68,16.8,1.0,16.0,24,1.0,1.3458871588032608,2.3404636706697795,False,False,True,16.0
58767799,12.8616,4251.0,0.668997,1,25.38,1.43705,4179.9313,1.5,14445.0,8.77,15.6,16,1.8,-4.8,15.9,5.6,1.0,1,"00058767799-01(1:3,ntoi=1)",True,,0,0,False,11688.2,16,16,16305.0,1.44,16.9,2.2,16.0,15,1.0,1.6229869726915682,0.9242218361817125,False,False,True,16.0
336775973,12.147,3343.0,0.415373,1,26.12,1.68262,4207.4155,4.2,7279.0,3.87,54.1,14,1.4,-44.5,54.8,3.7,1.0,0,,False,,0,0,False,8621.8,14,14,8796.0,2.22,17.1,1.9,15.9,13,1.0,1.2449803161963844,3.3735473126448117,False,False,True,15.9
383823400,12.6848,3260.0,0.696443,1,24.1,2.27561,4154.2072,4.2,20592.0,10.9,95.5,10,7.9,-86.8,97.6,3.6,1.0,0,,False,,0,0,False,17711.9,10,10,19366.0,1.19,17.6,0.7,15.8,10,1.0,1.9431125508770648,2.1614805576260836,False,False,True,15.8
271491794,11.3888,4744.0,0.806331,1,24.67,3.96025,4180.0583,7.2,1717.0,3.65,23.6,6,1.4,-8.3,23.3,5.4,1.0,0,,False,,0,0,False,1580.1,6,6,1628.0,1.35,18.8,2.4,15.8,6,1.0,2.5770612032355262,2.79388009526523,False,False,True,15.8
271491794,11.3888,4744.0,0.806331,1,24.67,3.9608,4180.0583,7.2,1711.0,3.64,23.5,6,1.2,-8.1,16.1,3.0,1.0,0,,False,,0,0,False,1580.1,6,6,1628.0,1.35,18.7,2.3,15.7,6,1.0,2.5771804985705318,2.793750769103514,False,False,True,15.7
74056224,13.2539,3249.0,0.349824,1,25.05,2.25118,4181.6081,4.2,11396.0,4.07,34.1,11,0.6,-25.8,34.1,3.6,1.0,0,,False,,0,0,False,10589.1,11,11,11080.0,1.36,17.0,1.1,15.6,10,1.0,1.223427116577724,3.432979327570083,False,False,True,15.6
262072647,13.4609,3198.0,0.525316,1,25.38,2.22617,4179.1554,6.3,18287.0,7.75,20.8,11,0.5,-13.8,20.7,2.8,1.0,0,,False,,0,0,False,22216.2,11,11,19004.0,1.29,17.0,1.2,15.6,11,1.0,1.5983608069418191,3.9415380886709404,False,False,True,15.6
143290555,13.2419,3858.0,0.599178,1,25.83,0.94478,4207.2601,3.6,4494.0,4.38,20.9,25,0.9,-17.0,21.3,5.7,1.0,0,,False,,0,0,False,5639.7,24,25,4065.0,2.04,16.4,0.9,15.6,23,0.96,1.311260856943968,2.7454491460914805,False,False,True,15.6
213467217,12.2129,4921.0,0.796686,1,25.22,0.55331,4179.3517,1.58,3001.0,4.76,17.1,40,2.0,-11.2,17.2,6.1,1.0,1,"00213467217-01(3:1,ntoi=1)",True,,0,0,False,3711.7,37,40,2909.0,2.06,16.5,2.0,15.6,25,0.925,1.326546844166861,1.1910623487950178,False,False,True,15.6
147457584,11.5623,5440.5,0.914277,1,24.4,0.61468,4180.3087,3.15,654.0,2.55,13.7,35,0.9,16.8,13.9,7.5,1.0,0,,False,,0,0,False,1097.0,35,35,622.0,2.1,16.3,1.2,15.6,25,1.0,1.5059475673565623,2.091706290630885,False,False,True,15.6
37874090,10.8277,5708.0,1.06314,1,23.78,2.38855,4267.7983,4.2,26944.0,19.04,474.4,8,0.8,-324.6,479.2,3.2,1.0,0,,False,,0,0,False,20310.7,8,8,27456.0,1.16,17.9,0.3,15.6,8,1.0,2.6180627125159566,1.6042396463313908,False,False,True,15.6
166422881,10.5148,3542.0,0.54847,2,52.83,0.90784,4179.9731,3.15,307.0,1.05,12.5,48,0.9,12.2,12.6,8.6,1.0,0,,False,,0,0,False,726.1,46,48,366.0,1.95,16.1,1.0,15.5,28,0.9583333333333334,1.2198693434585814,2.5822437598678394,False,False,True,15.5
313844823,12.3725,5367.0,0.89557,1,25.11,0.85027,4179.348,4.2,1707.0,4.04,15.4,27,0.6,18.6,15.0,6.1,1.0,0,,False,,0,0,False,2754.7,27,27,1799.0,1.6,16.3,1.2,15.5,23,1.0,1.654983255559879,2.5377900265094495,False,False,True,15.5
327676230,10.8025,5497.0,0.951655,1,24.97,0.9487,4179.9291,1.58,1029.0,3.33,16.9,23,1.1,-8.9,16.8,6.0,1.0,2,,False,,0,0,False,1064.8,23,23,1101.0,1.72,16.2,1.1,15.5,21,1.0,1.7874652880299227,0.8839332492668526,False,False,True,15.5
117675988,12.5021,4350.0,0.964164,1,24.48,2.42549,4236.5991,4.2,40290.0,21.11,261.8,8,13.0,-177.8,264.2,3.1,1.0,1,,False,,0,0,False,32205.7,8,8,40812.0,1.29,17.0,0.6,15.5,8,1.0,2.465521143931714,1.7034938071155008,False,False,True,15.5
140770639,13.044,3335.0,0.678795,1,23.77,2.62975,4154.1369,6.3,23598.0,11.38,73.6,8,2.2,-61.4,76.4,2.2,1.0,0,,False,,0,0,False,25009.3,8,8,23534.0,1.24,16.9,0.5,15.4,8,1.0,2.0044975897512165,3.1429321901963023,False,False,True,15.4
370964274,13.3254,3238.0,0.571198,1,24.1,2.01439,4154.4818,4.2,21847.0,9.21,52.8,11,2.0,-44.3,52.9,3.5,1.0,0,,False,,0,0,False,20609.4,11,11,20378.0,1.24,16.3,0.4,15.3,11,1.0,1.6347346386080448,2.569224325959255,False,False,True,15.3
4307559,12.3455,4711.0,0.678165,1,24.24,1.46328,4153.9012,4.2,14056.0,8.77,116.4,16,2.5,-54.4,119.1,4.1,1.0,0,,False,,0,0,False,18124.4,16,16,15328.0,1.3,16.1,0.3,15.3,15,1.0,1.6476856310143368,2.5490299368663094,False,False,True,15.3
74651134,13.1198,3468.0,0.416664,1,25.05,3.48718,4180.9004,2.1,8693.0,4.24,15.5,6,2.8,6.0,15.8,6.4,1.0,1,"00074651134-01(2:1,ntoi=1)",True,,0,0,True,4724.3,6,6,9320.0,1.31,18.7,2.6,15.2,6,1.0,1.5905856803576182,1.3202683929153995,False,False,True,15.2
141662332,12.9427,3277.0,0.605784,1,23.5,3.6398,4154.4072,7.2,21556.0,9.7,90.7,6,1.2,-80.3,90.0,2.0,1.0,0,,False,,0,0,False,19212.0,6,6,20327.0,1.19,17.1,0.5,15.2,6,1.0,2.0706784637182976,3.4771212074476443,False,False,True,15.2
143706101,13.2761,3301.0,0.627506,1,23.76,2.02946,4154.9043,4.8,37497.0,13.26,108.4,11,1.2,-103.5,108.6,3.2,1.0,3,,False,,0,0,False,42513.4,11,11,39721.0,1.38,16.2,0.2,15.2,11,1.0,1.7448056055535999,2.751022798598262,False,False,True,15.2
313259171,11.6979,4750.0,0.764538,1,25.33,2.45359,4179.5595,4.8,3152.0,4.68,30.9,10,1.2,-18.1,31.0,3.8,1.0,1,,False,,0,0,False,2933.7,10,10,2979.0,1.25,16.8,0.7,15.2,10,1.0,2.1203538464889284,2.2637730999230476,False,False,True,15.2
369121590,13.1885,4037.0,0.637946,1,25.01,2.84413,4179.9862,7.2,6350.0,5.55,14.7,8,1.5,-5.8,14.7,2.9,1.0,0,,False,,0,0,False,8590.1,8,8,7486.0,1.29,16.9,2.5,15.1,8,1.0,1.9741526035186365,3.6471344652723703,False,False,True,15.1
92367483,10.7493,4354.0,0.717575,1,26.12,0.65293,4207.146,6.3,289.0,1.33,11.1,36,0.3,-3.5,11.4,7.3,1.0,0,,False,,0,0,False,790.3,33,36,336.0,2.19,15.9,2.8,15.1,24,0.9166666666666666,1.3074006652938506,4.818721733313494,False,False,True,15.1
93167888,11.7285,5168.0,0.776315,1,25.74,0.56358,4265.3181,1.58,1145.0,2.87,16.6,40,0.3,-12.3,16.6,7.0,1.0,0,,False,,0,0,False,1459.5,40,40,1170.0,1.7,15.8,0.5,15.1,28,1.0,1.3118538979592285,1.204402412843313,False,False,True,15.1
351423719,13.2683,3298.0,0.506896,1,24.23,2.05893,4153.9886,4.8,8867.0,5.21,32.2,12,2.0,-21.1,31.7,3.7,1.0,0,,False,,0,0,False,10178.2,12,12,9349.0,1.27,16.1,0.9,15.0,12,1.0,1.5206691332443403,3.1565051825305503,False,False,True,15.0
58485186,13.4113,3148.0,0.588714,1,23.6,1.61868,4154.6143,3.15,20366.0,9.17,57.7,14,0.1,-53.6,58.3,3.7,1.0,0,,False,,0,0,False,19034.8,14,14,18557.0,1.21,15.7,0.3,14.9,14,1.0,1.5507133894069178,2.0313231455393193,False,False,True,14.9
33421418,13.039,3810.0,0.840215,1,25.75,2.1832,4266.0552,4.2,44668.0,19.37,245.6,10,5.0,-206.7,247.5,3.4,1.0,0,,False,,0,0,False,38003.0,10,10,43650.0,1.29,16.0,1.3,14.9,10,1.0,2.1718663100950377,1.933820687064396,False,False,True,14.9
291829351,12.9441,3477.0,0.504141,1,25.13,1.71079,4180.2484,7.2,2510.0,2.76,14.0,14,0.5,8.3,10.5,3.2,0.5,0,,False,,0,0,False,4155.5,14,14,2609.0,1.25,15.7,0.4,14.8,14,1.0,1.424432500045945,5.054644568814433,False,False,True,14.8
160705798,13.493,3280.0,0.577024,1,23.65,6.28979,4154.4385,6.3,8684.0,5.87,14.6,4,0.7,-5.5,15.0,3.0,1.0,0,,False,,0,0,False,8512.8,4,4,11495.0,1.08,17.7,1.4,14.8,4,1.0,2.4055603709244116,2.6189324018415836,False,False,True,14.8
173262678,12.4562,5069.0,0.809358,1,23.71,0.75297,4154.0558,1.2,3500.0,5.22,15.0,27,1.6,-9.4,14.8,6.2,1.0,1,,False,,0,0,False,3801.9,26,27,4308.0,1.81,15.8,1.6,14.8,21,0.9629629629629629,1.485575155255751,0.8077679515267691,False,False,True,14.8
455388632,13.3762,3159.0,0.566361,1,24.1,2.75677,4155.8196,4.8,17173.0,8.1,38.8,8,0.5,-33.3,38.4,2.0,1.0,0,,False,,0,0,False,15536.3,8,8,18385.0,1.15,16.3,0.6,14.7,8,1.0,1.804695901150103,2.659727878220945,False,False,True,14.7
33004127,12.2977,5841.0,1.15724,1,25.13,1.30675,4265.6222,4.2,2894.0,6.79,31.1,17,3.0,-25.6,31.0,4.4,1.0,0,,False,,0,0,False,3149.7,17,17,2798.0,1.77,16.4,2.5,14.7,13,1.0,2.265799211694892,1.8536505698835786,False,False,True,14.7
195173280,11.4525,5321.0,0.822507,1,25.38,3.17522,4181.2251,4.8,2346.0,4.35,15.0,8,0.9,-6.9,14.8,2.6,1.0,0,,False,,0,0,False,2796.9,8,8,2512.0,1.53,16.3,1.8,14.6,8,1.0,2.426010277220278,1.9785571582573172,False,False,True,14.6
254380158,13.0339,3205.0,0.586393,1,23.74,3.24914,4154.3417,7.2,3030.0,3.52,12.2,8,0.2,-2.8,12.3,2.7,1.0,0,,False,,0,0,False,4822.3,8,8,3639.0,1.41,16.0,0.9,14.5,8,1.0,1.950998582371512,3.6904178532247474,False,False,True,14.5
335253354,12.5881,3742.0,0.832728,1,24.09,2.50505,4155.2696,4.8,26181.0,14.7,139.3,8,2.5,-119.9,140.2,2.5,1.0,1,,False,,0,0,False,22709.9,8,8,24638.0,1.11,15.8,0.2,14.5,8,1.0,2.2602121513714226,2.1236944492522603,False,False,True,14.5
71790116,12.043,5471.0,0.930715,1,26.04,0.85197,4265.1393,3.0,22331.0,15.17,228.2,28,6.6,-242.3,235.1,5.6,1.0,2,"00071790116-01(1:3,ntoi=2);00071790116-02(1:3,ntoi=2)",True,,0,0,False,25860.8,27,27,17002.0,2.26,15.4,1.3,14.5,24,1.0,1.699133635249784,1.7656056814854237,False,False,True,14.5
93244374,13.1278,3229.0,0.531882,1,25.78,1.14826,4265.7692,4.8,2244.0,2.75,14.5,20,0.3,15.5,10.6,2.7,0.5,0,,False,,0,0,False,3522.6,19,20,2198.0,1.78,15.5,3.3,14.4,17,0.95,1.2925040170809416,3.713721533214705,False,False,True,14.4
250184894,13.4585,3270.0,0.565161,1,24.1,0.76625,4153.4568,7.2,2909.0,3.33,9.5,29,2.1,-3.3,9.7,4.8,1.0,0,,False,,0,0,False,8348.3,26,29,3765.0,1.67,15.5,2.9,14.4,20,0.896551724137931,1.1761063093526156,6.121895565685061,False,False,True,14.4
390379567,11.78,4519.0,0.746843,1,25.06,2.41868,4179.6996,4.2,12717.0,9.19,144.4,10,4.1,-87.3,145.7,3.3,1.0,0,,False,,0,0,False,12726.2,10,10,13690.0,1.3,15.5,1.3,14.4,10,1.0,2.077561913339792,2.0216004023910292,False,False,True,14.4
92872207,12.9959,5280.0,0.833557,1,25.79,4.91129,4266.0807,7.2,2903.0,4.9,13.6,6,1.1,10.2,11.2,2.5,0.5,0,,False,,0,0,False,3238.3,6,6,3325.0,1.14,17.0,1.3,14.4,6,1.0,2.8307207101519762,2.5435218579417698,False,False,True,14.4
383632999,12.6174,3279.0,0.657271,1,24.08,2.65657,4154.7697,6.0,2387.0,3.5,13.1,8,1.4,11.3,10.7,2.6,0.5,0,,False,,0,0,False,3181.4,8,8,2966.0,1.24,16.1,2.0,14.3,8,1.0,1.968543559620851,3.0479386502148946,False,False,True,14.3
65435268,11.6245,4833.0,0.729705,3,83.33,1.24549,4208.304,4.2,554.0,1.87,15.7,51,0.7,-10.9,16.1,8.9,1.0,0,,False,,0,0,False,1163.1,51,51,512.0,1.91,14.8,0.9,14.3,27,1.0,1.6396579424201618,2.5615098682111292,False,False,True,14.3
346518392,11.3527,5269.0,0.895938,1,25.22,2.97266,4179.5065,6.3,3423.0,5.72,35.0,8,0.5,-30.6,35.8,2.1,1.0,0,,False,,0,0,False,3559.4,8,8,3195.0,1.13,15.5,0.3,14.3,8,1.0,2.512515088149699,2.507447628758135,False,False,True,14.3
100759593,10.7074,6000.0,1.02318,1,24.29,7.23298,4268.9053,6.3,3903.0,6.97,48.2,4,8.9,-9.7,48.6,3.0,1.0,0,,False,,0,0,False,1888.2,4,4,3229.0,1.47,23.2,3.0,14.3,4,1.0,3.692173297393086,1.706312107410616,False,False,True,14.3
178244400,12.7726,3456.0,0.588316,2,54.89,6.09766,4238.7055,7.2,2211.0,3.02,14.6,8,0.8,-1.8,14.6,3.8,1.0,0,,False,,0,0,False,2955.2,8,8,2610.0,1.42,16.7,3.8,14.2,7,1.0,2.41177322161228,2.985355312630419,False,False,True,14.2
32907180,12.3874,4737.0,0.732365,1,24.93,2.74597,4180.0744,6.3,6549.0,6.47,35.6,9,1.3,-31.4,35.6,2.4,1.0,1,,False,,0,0,False,7259.4,9,9,6558.0,1.16,15.6,0.4,14.2,9,1.0,2.1392355680294037,2.94497721249248,False,False,True,14.2
148549396,12.9531,3285.0,0.698671,1,23.78,1.67456,4153.8823,4.8,3546.0,4.54,16.1,14,1.9,-11.3,15.8,2.9,1.0,0,,False,,0,0,False,4594.5,13,14,3606.0,1.48,15.3,3.6,14.1,13,0.9285714285714286,1.7580194536193647,2.730345213255681,False,False,True,14.1
93167888,11.7285,5168.0,0.776315,1,25.74,0.75084,4265.515,1.58,1168.0,2.9,15.1,30,0.1,15.4,15.1,6.2,1.0,0,,False,,0,0,False,1459.5,29,30,1264.0,1.75,14.7,1.1,14.1,24,0.9666666666666667,1.443497644390938,1.0945636150772224,False,False,True,14.1
316457256,10.7387,4559.0,0.714116,1,25.21,0.70007,4179.7621,2.4,754.0,2.14,19.7,33,0.7,-14.8,19.5,6.8,1.0,0,,False,,0,0,False,998.5,33,33,684.0,1.61,14.7,0.9,14.0,20,1.0,1.3338324910041093,1.7993263893229048,False,False,True,14.0
73841364,12.911,5558.0,0.943775,1,25.06,0.59326,4179.4422,1.58,2969.0,5.61,13.2,39,2.4,-7.6,12.9,7.3,1.0,0,,False,,0,0,False,4300.0,36,39,3443.0,1.86,14.7,2.5,14.0,26,0.9230769230769231,1.5200888116817377,1.039412952623459,False,False,True,14.0
420980587,11.6689,6380.0,1.10656,1,25.77,1.68232,4265.0834,7.2,693.0,3.18,12.4,14,0.8,2.2,12.3,5.2,1.0,0,,False,,0,0,False,1180.6,14,14,835.0,1.58,15.1,2.1,14.0,13,1.0,2.3923670276298723,3.0095716572105866,False,False,True,14.0
22486217,11.8844,5603.9,1.19855,1,25.09,2.28577,4180.2958,4.2,3712.0,7.97,24.9,10,1.2,-11.6,25.7,4.2,1.0,1,,False,,0,0,False,3506.3,10,10,3710.0,1.23,15.3,1.1,14.0,10,1.0,2.7946230771126293,1.5028860365453611,False,False,True,14.0
213467217,12.2129,4921.0,0.796686,1,25.22,1.66041,4180.3688,6.3,2357.0,4.22,15.2,14,0.2,0.2,15.5,5.3,1.0,1,"00213467217-01(1:1,ntoi=1)",True,,0,0,False,3711.7,14,14,2349.0,1.46,14.7,0.6,13.9,14,1.0,1.9133960119349664,3.292575065853188,False,False,True,13.9
390430456,10.3134,5851.08,1.01081,1,25.07,1.14319,4179.4421,1.58,33622.0,20.22,816.1,20,57.0,-779.5,822.6,4.8,1.0,0,,False,,0,0,False,30705.1,20,20,33555.0,1.22,14.5,0.2,13.9,20,1.0,1.9801318961245928,0.7979266447312378,False,False,True,13.9
442919983,12.2288,4511.0,0.799358,1,25.64,1.96895,4265.9105,6.3,2507.0,4.37,25.6,12,0.3,-20.2,26.1,2.8,1.0,0,,False,,0,0,False,2842.0,12,12,2440.0,1.46,14.9,2.7,13.8,12,1.0,2.02977270021242,3.1037958089300797,False,False,True,13.8
160882861,13.1282,3319.0,0.646528,1,23.64,1.02105,4153.8377,4.8,3109.0,3.93,14.2,22,1.5,15.6,10.7,2.6,0.5,0,,False,,0,0,False,5153.0,22,22,3046.0,2.33,15.0,2.6,13.6,15,1.0,1.4156270611241915,3.390723539989535,False,False,True,13.6
316457256,10.7387,4559.0,0.714116,1,25.21,0.93288,4179.5434,2.1,807.0,2.21,17.4,25,0.1,17.9,17.9,6.1,1.0,0,,False,,0,0,False,998.5,25,25,861.0,1.48,14.5,1.3,13.6,20,1.0,1.467785964827253,1.430726311821052,False,False,True,13.6
213467217,12.2129,4921.0,0.796686,1,25.22,0.73748,4179.736,1.58,2945.0,4.72,14.6,29,1.0,15.9,15.0,5.0,1.0,1,,False,,0,0,False,3711.7,29,29,2837.0,2.27,14.7,1.7,13.6,19,1.0,1.4598777851911218,1.0822823773519865,False,False,True,13.6
160626275,13.3768,3118.0,0.624231,1,24.09,2.18792,4155.1632,6.3,6408.0,5.45,17.5,10,2.6,-10.2,18.0,2.7,1.0,0,,False,,0,0,False,8513.4,10,10,5913.0,1.86,16.2,3.4,13.5,10,1.0,1.7828535154161333,3.533661035819606,False,False,True,13.5
383823400,12.6848,3260.0,0.696443,1,24.1,3.18924,4154.1822,4.2,20206.0,10.8,84.4,8,4.4,-58.4,85.0,2.9,1.0,0,,False,,0,0,False,17711.9,8,8,19986.0,1.11,14.9,0.2,13.5,8,1.0,2.1745083512352115,1.931471082929723,False,False,True,13.5
460193522,13.4193,3191.0,0.657216,1,24.1,3.74461,4155.9694,7.2,13343.0,8.28,27.0,6,1.3,-18.3,27.3,2.1,1.0,0,,False,,0,0,False,12919.9,6,6,12913.0,1.14,15.1,0.6,13.4,6,1.0,2.207068996784295,3.2622450908831655,False,False,True,13.4
79750288,10.8716,5325.0,1.08263,2,53.28,1.13167,4179.491,2.1,553.0,2.78,13.8,40,1.1,12.5,10.6,4.2,0.5,1,"00079750288-01(1:2,ntoi=1)",True,,0,0,False,1070.4,38,40,555.0,2.28,14.3,1.6,13.4,21,0.95,2.0658633926511674,1.0165241358505435,False,False,True,13.4
289640569,13.3104,3380.0,0.679791,1,23.96,2.12365,4153.9132,6.3,4888.0,5.18,16.7,11,0.3,-10.2,16.9,2.7,1.0,0,,False,,0,0,False,6735.0,11,11,4873.0,1.4,14.4,0.9,13.3,11,1.0,1.8684703690234388,3.3717419898356282,False,False,True,13.3
214013048,10.5609,5547.0,0.903887,1,25.21,0.92153,4179.8312,2.1,565.0,2.34,11.9,25,0.1,11.5,12.4,6.9,1.0,0,,False,,0,0,False,834.9,25,25,629.0,1.61,14.1,1.1,13.3,18,1.0,1.7104913418609407,1.227717409966712,False,False,True,13.3
52754174,11.5627,5529.0,0.969265,1,24.26,5.58721,4267.4632,7.2,2029.0,4.76,18.5,4,1.0,-5.5,18.6,2.3,1.0,0,,False,,0,0,False,1983.4,4,4,2697.0,1.06,16.3,2.4,13.3,4,1.0,3.2676458369272354,2.2034211659763576,False,False,True,13.3
61276556,11.1159,5025.0,1.11646,1,25.07,0.85428,4180.0605,1.58,69653.0,32.15,712.2,26,4.9,-649.6,709.7,3.8,1.0,0,,False,,0,0,False,78531.0,26,26,70770.0,1.51,14.0,0.8,13.3,20,1.0,1.9200114516904179,0.8229117584735942,False,False,True,13.3
120790594,13.4489,3264.0,0.514844,1,24.26,1.26587,4153.4608,4.8,4306.0,3.69,11.7,18,2.0,6.0,9.7,4.0,0.5,0,,False,,0,0,False,7583.8,18,18,4635.0,1.5,14.4,0.8,13.2,17,1.0,1.3065371625356654,3.6738335025116218,False,False,True,13.2
2052312662,10.6159,3487.0,0.55714,1,25.79,5.63887,4266.3014,4.2,25200.0,9.65,277.5,4,10.4,-163.0,279.5,2.4,1.0,0,,False,,0,0,False,14633.6,4,4,26673.0,1.04,16.5,0.0,13.1,4,1.0,2.265940741336978,1.853534791700627,False,False,True,13.1
127166538,13.0853,3312.0,0.612835,1,24.09,5.51972,4154.938,6.3,8529.0,6.17,14.2,4,1.7,-5.5,14.1,2.9,1.0,0,,False,,0,0,False,7413.5,4,4,10022.0,1.61,16.1,3.7,13.1,4,1.0,2.3974138889511156,2.627831610150674,False,False,True,13.1
315967582,12.4579,4518.22,0.620632,1,25.35,1.58525,4179.7872,3.6,3101.0,3.77,18.6,15,0.2,-15.4,19.2,4.2,1.0,0,,False,,0,0,False,3901.9,15,15,2963.0,1.43,13.9,0.5,13.1,15,1.0,1.5951333342191243,2.2568646286627385,False,False,True,13.1
34317562,13.2701,5105.0,0.85184,1,26.04,0.50275,4264.9205,1.2,5279.0,6.75,21.0,45,1.4,17.0,20.3,5.8,1.0,0,,False,,0,0,False,6538.5,43,45,4348.0,2.24,14.3,1.3,13.1,22,0.9555555555555556,1.3434793848684052,0.8932031362115325,False,False,True,13.1
34317562,13.2701,5105.0,0.85184,1,26.04,0.62826,4264.9299,1.05,5018.0,6.58,16.8,37,1.8,-12.3,17.0,4.4,1.0,0,,False,,0,0,False,6538.5,34,35,5704.0,2.36,13.8,1.2,13.1,20,0.9714285714285714,1.4470830291918906,0.7255976186704106,False,False,True,13.1
129123679,12.1487,3891.0,0.901154,1,24.1,1.59423,4154.6758,2.1,21262.0,14.34,127.6,14,9.3,-118.3,129.7,3.9,1.0,0,,False,,0,0,False,18684.8,14,14,20445.0,1.34,14.0,0.3,13.1,14,1.0,2.0492327893913966,1.024773764538328,False,False,True,13.1
360231383,13.4665,3539.0,0.497429,1,25.06,0.5157,4179.8548,1.12,3704.0,3.3,9.0,42,0.5,-5.5,9.1,6.6,1.0,0,,False,,0,0,False,6578.5,39,42,4765.0,1.82,13.4,1.1,12.9,23,0.9285714285714286,0.946588894843025,1.1831957950296177,False,False,True,12.9
143290555,13.2419,3858.0,0.599178,1,25.83,1.57432,4207.8976,3.6,4336.0,4.3,16.4,14,1.0,-13.2,16.7,4.1,1.0,0,,False,,0,0,False,5639.7,14,14,4408.0,1.38,13.7,0.8,12.8,13,1.0,1.5545685269285525,2.3157551035159063,False,False,True,12.8
93167888,11.7285,5168.0,0.776315,1,25.74,0.93808,4265.3353,1.5,1156.0,2.88,12.7,23,0.3,-9.7,12.8,4.9,1.0,0,,False,,0,0,False,1459.5,23,23,1245.0,2.24,13.9,1.5,12.8,19,1.0,1.5547010961860437,0.9648156830144167,False,False,True,12.8
360231383,13.4665,3539.0,0.497429,1,25.06,0.68616,4179.5454,1.12,4536.0,3.66,9.5,32,0.2,6.3,9.3,6.9,1.0,0,,False,,0,0,False,6578.5,32,32,5719.0,2.19,13.7,1.0,12.7,19,1.0,1.0411280811068844,1.0757562112907975,False,False,True,12.7
75386159,13.0838,5723.0,0.955963,1,25.04,0.55562,4179.8647,0.62,13322.0,12.04,36.6,39,0.5,37.9,36.0,7.2,1.0,0,,False,,0,0,False,12501.2,38,38,13164.0,1.54,13.1,0.2,12.7,20,1.0,1.5000128277608145,0.413329798602804,False,False,True,12.7
461691290,13.3844,3256.0,0.5946,1,23.54,2.94432,4156.4697,7.2,5001.0,4.59,12.6,7,0.7,1.2,12.9,3.3,1.0,0,,False,,0,0,False,7295.7,7,7,5608.0,1.34,14.5,1.5,12.6,7,1.0,1.9055480321395406,3.7784405738205784,False,False,True,12.6
69510358,13.3133,3046.0,0.685573,1,24.13,2.47076,4154.4431,7.2,3993.0,4.73,12.9,9,0.2,-2.6,11.9,5.7,1.0,0,,False,,0,0,False,5645.0,9,9,3796.0,1.29,13.9,0.4,12.6,9,1.0,1.976306435591091,3.643159719735751,False,False,True,12.6
69510358,13.3133,3046.0,0.685573,1,24.13,2.47094,4154.4431,7.2,3993.0,4.73,12.9,9,0.2,-2.6,9.4,3.9,1.0,0,,False,,0,0,False,5645.0,9,9,3796.0,1.29,13.9,0.4,12.6,9,1.0,1.9763544271024849,3.643071253447113,False,False,True,12.6
159369487,12.4315,3541.0,0.892744,1,23.83,2.59074,4153.8713,4.2,3350.0,5.64,13.8,9,2.1,-9.0,14.0,2.5,1.0,1,,False,,0,0,False,4093.7,9,9,3880.0,1.81,14.4,3.7,12.6,9,1.0,2.3942391659153284,1.7542107153669928,False,False,True,12.6
216967625,13.111,3875.0,0.69111,1,25.08,0.78861,4179.6457,3.15,4641.0,5.14,12.7,29,0.2,15.3,12.7,4.7,1.0,0,,False,,0,0,False,8618.9,27,29,5176.0,2.02,13.4,2.1,12.5,17,0.9310344827586207,1.3578772286105012,2.3197973525363227,False,False,True,12.5
217107421,12.7587,4640.0,0.724641,1,25.22,0.56398,4179.5717,1.58,8687.0,7.37,24.4,41,4.2,18.5,24.6,5.7,1.0,0,,False,,0,0,False,12721.3,37,41,8704.0,2.26,13.4,2.5,12.5,22,0.9024390243902439,1.253270441356731,1.2607015595848308,False,False,True,12.5
149064422,12.1836,3872.0,0.810225,1,23.83,1.52468,4154.1302,6.3,1213.0,3.08,13.0,14,1.4,14.4,11.6,3.0,0.5,1,,False,,0,0,False,2174.9,13,14,1200.0,1.56,13.6,2.3,12.5,12,0.9285714285714286,1.880781257046942,3.3496718325935335,False,False,True,12.5
322651659,12.4227,4575.0,0.844532,1,25.0,2.17816,4266.1708,4.5,15406.0,11.44,108.8,10,2.2,-105.4,111.2,3.1,1.0,0,,False,,0,0,False,16453.3,10,10,16665.0,1.17,13.8,0.8,12.5,10,1.0,2.1776209871753274,2.066475307917158,False,False,True,12.5
75386159,13.0838,5723.0,0.955963,1,25.04,0.62523,4179.4428,0.62,13721.0,12.22,35.6,37,2.4,-33.5,35.2,7.0,1.0,0,,False,,0,0,False,12501.2,36,36,14720.0,1.51,12.9,0.2,12.5,23,1.0,1.560207228895913,0.39738310944677874,False,False,True,12.5
33004127,12.2977,5841.0,1.15724,1,25.13,2.18182,4266.0097,4.8,2831.0,6.72,25.4,10,1.1,-20.7,24.9,3.2,1.0,0,,False,,0,0,False,3149.7,10,10,2896.0,1.54,14.1,2.4,12.5,10,1.0,2.6880059430997147,1.785710337554093,False,False,True,12.5
466169924,12.4606,3525.0,0.407019,1,24.74,1.27435,4180.3801,4.2,1736.0,1.85,17.4,17,1.7,-12.7,17.6,4.9,1.0,0,,False,,0,0,False,2385.5,17,17,1469.0,1.95,13.1,1.2,12.4,16,1.0,1.1195607311423925,3.751471343331547,False,False,True,12.4
316457256,10.7387,4559.0,0.714116,1,25.21,1.63368,4179.7652,3.15,665.0,2.01,13.6,14,0.9,-9.6,13.5,4.1,1.0,0,,False,,0,0,False,998.5,14,14,787.0,1.44,13.4,0.9,12.4,14,1.0,1.7691981120685933,1.7804676471856147,False,False,True,12.4
316467276,12.1489,3298.0,0.374764,1,25.08,2.8009,4179.6364,6.3,2400.0,2.0,19.4,9,2.2,-6.7,15.5,2.8,1.0,0,,False,,0,0,False,2526.8,9,9,1722.0,1.67,14.2,3.6,12.3,8,1.0,1.3776727629412178,4.572929195863624,False,False,True,12.3
316467276,12.1489,3298.0,0.374764,1,25.08,2.79387,4179.6364,6.3,2370.0,1.99,19.4,9,2.4,-6.0,19.4,4.1,1.0,0,,False,,0,0,False,2526.8,9,9,1660.0,1.67,14.1,2.8,12.3,9,1.0,1.3765191868654105,4.576761486591602,False,False,True,12.3
126116798,13.4329,3335.0,0.582068,1,24.4,4.48357,4153.9871,7.2,9911.0,6.32,10.8,5,0.9,-2.9,10.7,2.8,1.0,0,,False,,0,0,True,13415.6,5,5,12489.0,1.15,14.2,1.0,12.3,5,1.0,2.161384809617007,3.331197650674627,False,False,True,12.3
73841364,12.911,5558.0,0.943775,1,25.06,0.79084,4179.6297,1.58,2651.0,5.3,10.4,29,1.4,9.5,10.5,5.4,1.0,0,,False,,0,0,False,4300.0,28,29,3142.0,2.31,13.4,2.4,12.3,16,0.9655172413793104,1.672952007831801,0.9444383297329194,False,False,True,12.3
148898737,12.6349,3379.0,0.650592,1,23.79,5.16213,4155.8573,7.2,3429.0,4.16,12.4,4,2.0,-5.8,12.2,2.7,1.0,0,,False,,0,0,False,3828.8,4,4,3992.0,1.51,14.9,3.4,12.2,4,1.0,2.4398160593707288,2.9510421379294494,False,False,True,12.2
189421256,12.1304,4410.0,0.924621,1,24.28,4.37012,4154.512,4.2,64872.0,25.69,263.8,5,5.2,12.7,267.6,3.8,1.0,0,,False,,0,0,False,34621.7,5,5,60786.0,1.12,13.8,0.2,12.2,5,1.0,2.917529460488972,1.4395741523364392,False,False,True,12.2
469075098,11.6501,4865.0,0.722857,1,25.34,0.65649,4179.3232,6.3,716.0,2.11,7.6,36,0.3,-2.8,7.8,6.9,1.0,0,,False,,0,0,False,2563.7,33,36,925.0,1.96,12.8,1.9,12.1,20,0.9166666666666666,1.3161920392283397,4.78653556033782,False,False,True,12.1
87329149,12.9476,3387.0,0.319176,1,25.11,3.33636,4179.9266,3.15,4236.0,2.27,14.7,7,0.6,4.4,14.4,6.2,1.0,1,"00087329149-01(1:1,ntoi=1)",True,,0,0,False,4226.0,7,7,5126.0,1.15,13.4,1.0,12.0,7,1.0,1.3121578443863153,2.400625819124091,False,False,True,12.0
334843055,12.9927,3388.0,0.652109,1,24.1,1.43952,4153.7383,6.3,2543.0,3.59,12.5,16,0.9,-5.9,12.8,5.4,1.0,0,,False,,0,0,False,4706.2,16,16,2413.0,2.66,14.1,3.3,12.0,14,1.0,1.5964708426011065,3.9462042349207596,False,False,True,12.0
216967625,13.111,3875.0,0.69111,1,25.08,1.97159,4180.0395,2.25,5939.0,5.81,9.4,12,1.1,-4.2,9.7,3.0,1.0,0,,False,,0,0,False,8618.9,12,12,9295.0,1.22,13.3,2.2,12.0,9,1.0,1.842943188389746,1.2208732283092871,False,False,True,12.0
71790116,12.043,5471.0,0.930715,1,26.04,1.41983,4265.4143,4.2,18284.0,13.73,172.9,16,16.7,-107.6,178.0,3.7,1.0,2,,False,,0,0,False,25860.8,16,16,15735.0,2.64,13.2,2.0,12.0,15,1.0,2.0144889321885913,2.0848960413185367,False,False,True,12.0
313249030,10.0912,5477.0,0.933252,1,25.36,1.646,4179.2248,3.6,443.0,2.14,13.4,15,1.6,12.5,10.9,3.2,0.5,0,,False,,0,0,False,632.5,14,15,497.0,1.28,12.8,1.5,11.9,14,0.9333333333333333,2.1200732052199025,1.698054572425292,False,False,True,11.9
316457256,10.7387,4559.0,0.714116,1,25.21,1.16579,4179.7809,2.1,739.0,2.12,14.8,20,1.3,-13.9,14.7,4.6,1.0,0,,False,,0,0,False,998.5,20,20,762.0,1.7,12.4,1.1,11.7,14,1.0,1.5809843771558258,1.3282863704054293,False,False,True,11.7
313844827,12.8319,5068.0,0.8291,1,25.1,1.27675,4180.1886,4.2,3185.0,5.11,16.4,18,0.1,-12.9,16.4,4.9,1.0,0,,False,,0,0,False,4379.2,17,18,2876.0,1.66,12.4,1.5,11.7,14,0.9444444444444444,1.8001755533817856,2.333105786327304,False,False,True,11.7
367067205,12.5466,3862.0,0.773989,1,25.06,0.68695,4179.6157,6.3,947.0,2.6,8.1,33,0.2,-2.6,8.6,4.6,1.0,0,,False,,0,0,False,3095.8,27,33,1099.0,2.7,12.4,3.2,11.6,16,0.8181818181818182,1.3985345364920743,4.5047153542609015,False,False,True,11.6
313249030,10.0912,5477.0,0.933252,1,25.36,1.23685,4179.6123,4.2,413.0,2.07,14.7,19,1.0,-11.0,15.5,5.4,1.0,0,,False,,0,0,False,632.5,19,19,385.0,1.46,12.2,0.8,11.6,13,1.0,1.9274358152394395,2.179060888457262,False,False,True,11.6
350674208,13.4347,3634.0,0.695552,1,24.24,1.64689,4154.5824,6.3,4787.0,5.25,13.5,14,0.2,-11.5,13.9,3.3,1.0,1,"00350674208-01(1:3,ntoi=1)",True,,0,0,False,7911.5,14,14,4504.0,1.58,12.3,0.5,11.4,13,1.0,1.7430756151404667,3.6143010350657168,False,False,True,11.4
65435268,11.6245,4833.0,0.729705,3,83.33,2.07567,4207.479,4.2,498.0,1.78,11.9,33,1.0,-9.4,12.4,6.2,1.0,0,,False,,0,0,False,1163.1,31,33,502.0,2.3,11.9,1.4,11.4,20,0.9393939393939394,1.9439836661873215,2.1605119801429904,False,False,True,11.4
383632999,12.6174,3279.0,0.657271,1,24.08,4.01733,4154.7322,7.2,2056.0,3.25,10.9,6,0.5,-3.2,11.1,2.8,1.0,0,,False,,0,0,False,3181.4,6,6,2452.0,1.44,13.7,2.5,11.3,6,1.0,2.2595247903884736,3.1865107347470727,False,False,True,11.3
217107421,12.7587,4640.0,0.724641,1,25.22,1.55174,4180.6967,1.12,12511.0,8.84,18.5,14,1.2,-13.2,18.7,3.6,1.0,0,,False,,0,0,False,12721.3,14,14,13106.0,2.3,13.1,2.2,11.3,10,1.0,1.7561564949845272,0.6377563749008985,False,False,True,11.3
75386159,13.0838,5723.0,0.955963,1,25.04,0.69465,4180.0001,0.62,13958.0,12.32,33.1,30,0.1,31.9,32.4,6.3,1.0,0,,False,,0,0,False,12501.2,30,30,14631.0,1.39,11.6,0.2,11.3,19,1.0,1.6159367691404745,0.38367837890698,False,False,True,11.3
75386159,13.0838,5723.0,0.955963,1,25.04,0.76419,4179.6511,0.62,14090.0,12.38,32.1,28,0.2,-30.5,31.6,6.1,1.0,0,,False,,0,0,False,12501.2,28,28,14796.0,1.39,11.6,0.1,11.2,15,1.0,1.668153969022286,0.37166833009028855,False,False,True,11.2
178364643,12.1812,3451.0,0.569816,2,54.91,3.86416,4236.8406,3.15,1109.0,2.07,8.5,10,1.1,-5.7,9.0,3.9,1.0,0,,False,,0,0,False,1855.2,10,10,1618.0,1.17,12.1,0.9,11.1,9,1.0,2.0279150300591158,1.5533195194614116,False,False,True,11.1
57275176,12.6994,4519.0,0.738974,1,25.22,0.52943,4179.7128,4.2,1631.0,3.26,8.2,43,1.4,-1.6,8.4,6.8,1.0,0,,False,,0,0,False,5052.9,37,43,1951.0,2.64,11.7,2.3,11.1,20,0.8604651162790697,1.2432655942704034,3.3782001362828056,False,False,True,11.1
323761729,13.1638,3578.0,0.337073,1,25.15,0.76528,4179.9353,1.8,3258.0,2.1,10.4,30,2.1,10.5,10.4,6.6,1.0,0,,False,,0,0,False,5356.1,26,30,3999.0,1.67,11.6,1.8,11.0,19,0.8666666666666667,0.8329732589702319,2.1609337161978774,False,False,True,11.0
316467276,12.1489,3298.0,0.374764,1,25.08,2.81121,4179.5989,6.3,2251.0,1.94,18.3,9,1.3,-7.5,15.3,2.7,1.0,0,,False,,0,0,False,2526.8,9,9,1452.0,1.68,13.0,3.1,11.0,7,1.0,1.379361079060915,4.567332002936543,False,False,True,11.0
70742127,12.0431,5130.0,0.839511,2,55.24,1.4823,4236.3836,6.3,590.0,2.22,10.3,25,0.3,11.7,8.2,3.3,0.5,0,,False,,0,0,False,1569.7,24,25,618.0,2.9,12.2,2.0,11.0,14,0.96,1.907822314972809,3.302194313672125,False,False,True,11.0
276502689,13.4978,3347.0,0.584054,1,23.64,5.46838,4157.4253,7.2,6106.0,4.98,12.2,4,0.5,-5.3,12.2,2.3,1.0,0,,False,,0,0,False,7382.6,4,4,7071.0,1.04,13.4,1.8,10.8,4,1.0,2.3145320085661734,3.1107800511518175,False,False,True,10.8
17632938,12.5091,3985.0,0.607631,1,25.01,1.45534,4180.7836,1.2,4178.0,4.28,10.3,16,1.6,8.6,7.9,4.0,0.5,1,"00017632938-01(1:2,ntoi=1)",True,,0,0,False,4283.9,15,16,4623.0,1.84,11.9,2.8,10.8,11,0.9375,1.5285854840230788,0.7850395104117593,False,False,True,10.8
299747788,12.9389,3212.0,0.423076,1,26.12,2.76734,4208.0844,6.3,2022.0,2.08,9.3,8,0.5,-6.6,9.6,3.0,1.0,0,,False,,0,0,False,3812.5,8,8,2501.0,1.39,12.1,1.3,10.7,8,1.0,1.4876749855119984,4.234795947605311,False,False,True,10.7
151130491,13.4968,3162.0,0.623691,1,23.6,2.86433,4153.9675,6.3,4014.0,4.31,10.9,8,0.1,-1.7,11.5,2.7,1.0,0,,False,,0,0,False,6761.4,8,8,4754.0,1.44,12.6,3.3,10.7,6,1.0,1.9492264504392836,3.232051359953695,False,False,True,10.7
328153490,12.9344,3576.0,0.483642,1,25.38,0.88475,4179.3423,1.12,4380.0,3.49,7.8,27,1.4,6.3,8.0,5.7,1.0,0,,False,,0,0,False,7122.1,25,27,5898.0,2.06,11.2,1.6,10.6,19,0.9259259259259259,1.1121528781066963,1.0070557942597447,False,False,True,10.6
465754300,13.2674,3287.0,0.621779,1,25.22,2.33994,4180.6295,7.2,4912.0,4.75,9.6,10,0.5,2.0,9.3,5.4,1.0,0,,False,,0,0,False,9827.0,10,10,5296.0,1.43,11.7,0.9,10.6,10,1.0,1.8184466657370517,3.9594232460382335,False,False,True,10.6
148549396,12.9531,3285.0,0.698671,1,23.78,2.7871,4155.5823,4.8,3391.0,4.44,12.3,8,0.6,-9.3,12.6,2.0,1.0,0,,False,,0,0,False,4594.5,8,8,3613.0,1.39,12.3,2.2,10.6,7,1.0,2.0834078167461882,2.3039176302489417,False,False,True,10.6
313844823,12.3725,5367.0,0.89557,1,25.11,1.27571,4180.1983,4.2,1705.0,4.03,12.9,18,0.1,-10.2,13.0,5.0,1.0,0,,False,,0,0,False,2754.7,18,18,1442.0,1.53,11.3,0.6,10.6,13,1.0,1.894633907163417,2.2167870975602355,False,False,True,10.6
93244374,13.1278,3229.0,0.531882,1,25.78,1.72498,4265.7192,7.2,1844.0,2.49,12.0,14,0.5,-7.2,12.4,3.4,1.0,0,,False,,0,0,False,3522.6,13,14,1699.0,1.68,11.5,2.0,10.5,10,0.9285714285714286,1.4802889962192092,4.863915099274159,False,False,True,10.5
140763565,13.3339,3614.0,0.682505,1,23.56,2.0266,4154.6036,3.6,4848.0,5.18,12.4,10,0.1,-7.8,12.6,3.3,1.0,0,,False,,0,0,False,6433.3,10,10,5080.0,1.76,12.2,3.1,10.5,8,1.0,1.8444555705673638,1.9517954552261847,False,False,True,10.5
73841364,12.911,5558.0,0.943775,1,25.06,0.98916,4179.8266,1.58,2815.0,5.46,9.7,23,0.9,-5.8,9.7,4.8,1.0,0,,False,,0,0,False,4300.0,22,22,3452.0,1.42,11.0,0.6,10.5,13,1.0,1.802503521953986,0.8765586201391811,False,False,True,10.5
214013048,10.5609,5547.0,0.903887,1,25.21,1.15078,4179.8484,1.12,561.0,2.34,8.0,20,1.8,-4.3,8.0,3.4,0.5,0,,False,,0,0,False,834.9,20,20,745.0,1.61,11.0,0.7,10.4,15,1.0,1.841966904228265,0.6080456697832203,False,False,True,10.4
71790116,12.043,5471.0,0.930715,1,26.04,1.98831,4265.4143,3.0,22478.0,15.22,161.3,12,15.3,-176.8,168.5,3.4,1.0,2,,False,,0,0,False,25860.8,12,12,19351.0,2.1,11.9,1.5,10.4,12,1.0,2.2537935681358032,1.331089076840969,False,False,True,10.4
75386159,13.0838,5723.0,0.955963,1,25.04,0.83373,4179.8595,0.62,13789.0,12.25,29.8,26,1.3,30.5,29.8,5.6,1.0,0,,False,,0,0,False,12501.2,25,25,14745.0,1.54,10.8,0.2,10.4,16,1.0,1.7172920496618294,0.3610335237515896,False,False,True,10.4
59675389,10.4663,4296.0,0.75992,1,25.38,0.86024,4179.3188,6.3,439.0,1.74,8.9,27,3.8,2.7,9.6,5.6,1.0,0,,False,,0,0,False,1316.1,25,27,462.0,2.56,11.6,3.4,10.3,13,0.9259259259259259,1.4891099129919643,4.230715238032262,False,False,True,10.3
159369487,12.4315,3541.0,0.892744,1,23.83,1.55398,4154.3838,4.8,2731.0,5.09,14.5,14,1.1,-9.9,15.0,2.8,1.0,1,,False,,0,0,False,4093.7,14,14,2592.0,2.38,11.8,3.9,10.3,9,1.0,2.019178573484183,2.377204306262712,False,False,True,10.3
23591901,13.1159,3463.0,0.445627,1,24.9,1.18578,4179.7834,4.2,3950.0,3.06,13.4,19,1.2,-10.0,13.8,4.9,1.0,0,,False,,0,0,False,6838.8,19,19,3534.0,1.63,10.8,1.3,10.2,14,1.0,1.1610671343835526,3.617361886855848,False,False,True,10.2
34317562,13.2701,5105.0,0.85184,1,26.04,1.13096,4265.1752,1.58,4853.0,6.47,15.0,20,3.1,-12.8,15.2,3.6,1.0,0,,False,,0,0,False,6538.5,20,20,4829.0,2.0,11.0,1.2,10.2,12,1.0,1.7603379915094344,0.8975549057173957,False,False,True,10.2
168849065,12.7381,3332.0,0.2907,2,53.94,3.04593,4237.3429,4.5,1242.0,1.12,9.2,12,1.1,-0.4,9.4,3.7,1.0,1,,False,,0,0,False,2374.8,11,12,1682.0,1.49,11.1,2.7,10.0,9,0.9166666666666666,1.1960379354944768,3.7624224670930437,False,False,True,10.0
216280985,13.2971,3996.0,0.653122,1,25.22,1.13606,4179.6191,6.3,4099.0,4.56,9.2,21,0.3,1.2,9.4,6.1,1.0,0,,False,,0,0,False,10741.6,21,21,4236.0,2.88,11.0,1.6,10.0,12,1.0,1.4768563645296584,4.265817686343785,False,False,True,10.0
51895372,12.1018,4672.51,0.704461,1,25.14,2.4232,4267.8031,6.3,2376.0,3.75,22.6,8,1.9,-8.0,19.5,2.8,1.0,0,,False,,0,0,False,2705.2,8,8,1842.0,1.18,12.0,2.6,10.0,8,1.0,1.9994444868045709,3.150875176368811,False,False,True,10.0
95111729,11.9154,5573.0,0.88149,1,26.03,3.24466,4267.7451,7.2,1525.0,3.76,14.9,8,0.2,3.4,14.3,4.2,1.0,0,,False,,0,0,False,1931.1,8,8,1420.0,1.45,11.9,3.1,10.0,6,1.0,2.5590353520797318,2.8135601933551055,False,False,True,10.0
466169924,12.4606,3525.0,0.407019,1,24.74,2.12454,4179.9739,3.6,1763.0,1.86,13.7,11,1.3,-8.1,13.9,3.4,1.0,0,,False,,0,0,False,2385.5,11,11,1850.0,1.53,11.5,2.7,9.9,9,1.0,1.327515865211633,2.7118319971461036,False,False,True,9.9
148087581,13.3044,3344.0,0.581288,1,23.97,2.15733,4153.5261,6.3,3365.0,3.68,11.1,12,0.0,-8.2,11.1,2.6,1.0,0,,False,,0,0,False,6135.3,11,12,2946.0,1.96,10.9,1.6,9.9,11,0.9166666666666666,1.6921598774440387,3.723052463290867,False,False,True,9.9
40696037,13.2275,3339.0,0.602411,1,24.45,3.28695,4155.9155,6.3,5358.0,4.81,9.4,6,1.4,-4.4,9.8,2.8,1.0,0,,False,,0,0,False,9197.4,6,6,6916.0,1.51,11.9,3.1,9.9,6,1.0,1.994043319688269,3.1594097970674406,False,False,True,9.9
171611323,13.035,3395.0,0.665993,1,23.76,3.83539,4157.2484,3.15,12279.0,8.05,23.1,5,2.0,6.6,23.7,3.4,2.0,0,,False,,0,0,False,12951.0,5,5,12936.0,1.64,12.4,2.9,9.9,5,1.0,2.24452569175086,1.4034145439176584,False,False,True,9.9
34082122,12.856,5462.42,0.810615,1,25.73,1.26323,4265.1831,6.3,1371.0,3.27,8.5,18,2.0,-4.2,8.7,7.1,1.0,0,,False,,0,0,False,3462.2,18,18,1290.0,2.21,10.7,1.1,9.9,13,1.0,1.767036532019099,3.565291314493268,False,False,True,9.9
95111729,11.9154,5573.0,0.88149,1,26.03,3.24494,4267.7451,7.2,1523.0,3.75,14.8,8,0.3,3.3,11.2,2.7,1.0,0,,False,,0,0,False,1931.1,8,8,1421.0,1.45,11.9,3.3,9.9,6,1.0,2.5591089611572557,2.813479265354956,False,False,True,9.9
122560368,10.9652,5911.0,1.07292,3,80.25,2.75758,4181.0491,7.2,298.0,2.02,11.0,22,0.3,-7.8,11.5,3.7,1.0,1,,False,,0,0,False,843.0,21,22,245.0,2.94,10.7,2.6,9.9,12,0.9545454545454546,2.763307578968206,2.6055731380754996,False,False,True,9.9
291829351,12.9441,3477.0,0.504141,1,25.13,2.56405,4181.8734,6.0,2163.0,2.56,9.1,9,0.9,-8.0,8.7,2.3,1.0,0,,False,,0,0,False,4155.5,9,9,2666.0,1.27,11.0,1.5,9.8,7,1.0,1.6301158479510987,3.6807199976255873,False,False,True,9.8
93167888,11.7285,5168.0,0.776315,1,25.74,1.31415,4265.3228,1.8,1167.0,2.89,12.2,18,1.1,-7.2,12.1,4.4,1.0,0,,False,,0,0,False,1459.5,17,18,1032.0,2.24,10.9,1.9,9.8,10,0.9444444444444444,1.739596768694222,1.0347225474275386,False,False,True,9.8
59675401,13.485,3221.0,0.394561,1,25.38,1.71488,4179.3501,4.8,9573.0,4.21,8.8,13,1.7,5.1,7.5,3.7,0.5,0,,False,,0,0,False,19982.0,13,13,10691.0,2.53,10.3,1.2,9.6,9,1.0,1.2106789076232571,3.964717622299305,False,False,True,9.6
337874681,13.3266,3336.0,0.539038,1,25.25,1.99273,4179.9513,7.2,3249.0,3.35,9.5,12,1.1,-5.2,8.1,3.9,0.5,0,,False,,0,0,False,6811.2,12,12,2875.0,2.38,10.9,1.5,9.6,11,1.0,1.5671264301868946,4.5943963813700295,False,False,True,9.6
51895372,12.1018,4672.51,0.704461,1,25.14,2.42575,4267.8031,6.3,2325.0,3.71,22.1,8,1.9,-7.8,22.8,3.7,1.0,0,,False,,0,0,False,2705.2,8,8,1580.0,1.4,11.6,2.6,9.6,8,1.0,2.000145597735893,3.14977070025873,False,False,True,9.6
246799507,10.9425,5599.0,1.02138,1,25.07,0.78929,4179.6279,1.2,516.0,2.53,8.8,29,0.4,-5.2,8.7,5.5,1.0,0,,False,,0,0,False,882.3,28,29,624.0,2.66,10.4,1.7,9.6,14,0.9655172413793104,1.7622954795074142,0.6809300789532845,False,False,True,9.6
59675389,10.4663,4296.0,0.75992,1,25.38,1.71885,4179.3251,6.0,577.0,1.99,8.8,13,0.9,5.1,8.1,4.2,0.5,0,,False,,0,0,False,1316.1,13,13,686.0,1.34,10.4,0.8,9.5,10,1.0,1.8755682398846552,3.199030497748774,False,False,True,9.5
313844827,12.8319,5068.0,0.8291,1,25.1,2.12774,4181.4636,4.2,3099.0,5.04,12.9,11,1.1,-11.3,13.5,3.7,1.0,0,,False,,0,0,False,4379.2,11,11,2750.0,2.02,10.6,1.5,9.5,9,1.0,2.134285055843603,1.9678720930461173,False,False,True,9.5
255255628,12.7697,3407.0,1.13293,1,24.14,1.48813,4153.4943,4.8,2040.0,5.58,12.9,16,0.9,-6.1,13.0,3.1,1.0,0,,False,,0,0,False,3646.4,15,16,1809.0,1.89,10.8,2.5,9.5,11,0.9375,2.33287052533673,2.057550964731384,False,False,True,9.5
420980587,11.6689,6380.0,1.10656,1,25.77,3.37899,4266.6772,6.3,742.0,3.29,9.0,7,1.7,8.2,8.4,2.7,0.5,0,,False,,0,0,True,1180.6,7,7,986.0,1.33,11.0,2.6,9.4,7,1.0,3.018472621562404,2.087148299771237,False,False,True,9.4
87329149,12.9476,3387.0,0.319176,1,25.11,1.67277,4179.886,4.2,2583.0,1.77,13.2,13,5.8,4.3,12.4,4.8,2.0,1,"00087329149-01(2:1,ntoi=1)",True,,0,0,False,4226.0,12,13,2923.0,1.53,10.3,3.7,9.3,7,0.9230769230769231,1.0424146898336213,4.0291066894599865,False,False,True,9.3
147457584,11.5623,5440.5,0.914277,1,24.4,0.92167,4180.3087,3.15,589.0,2.42,10.5,23,0.1,-7.6,10.7,5.2,1.0,0,,False,,0,0,False,1097.0,23,23,455.0,2.36,10.1,1.0,9.3,12,1.0,1.723661472296529,1.827505023827609,False,False,True,9.3
313249030,10.0912,5477.0,0.933252,1,25.36,2.06005,4179.6123,4.2,413.0,2.07,11.9,12,0.0,-9.3,12.3,3.9,1.0,0,,False,,0,0,False,632.5,12,12,401.0,1.67,10.3,1.2,9.3,9,1.0,2.2847227211173893,1.8382974709271969,False,False,True,9.3
217889520,10.8814,6000.0,1.10783,1,25.22,0.5882,4179.3316,0.75,1093.0,4.0,10.9,37,1.0,6.1,10.9,4.1,1.0,0,,False,,0,0,False,1927.2,32,37,1284.0,2.57,9.9,1.6,9.2,12,0.8648648648648649,1.6866774882020763,0.44466117870551936,False,False,True,9.2
160882861,13.1282,3319.0,0.646528,1,23.64,1.5268,4153.8627,4.8,2996.0,3.86,11.6,14,2.4,-7.6,11.8,3.1,1.0,0,,False,,0,0,False,5153.0,14,14,2456.0,2.78,10.8,3.9,9.1,8,1.0,1.61880263716775,2.965154546818665,False,False,True,9.1
12418091,12.3176,4937.0,0.823572,2,55.24,1.00479,4235.7367,3.15,749.0,2.46,10.0,40,0.3,-4.8,10.2,4.6,1.0,0,,False,,0,0,False,1914.8,33,40,783.0,2.97,9.6,2.7,9.0,16,0.825,1.6546308247844377,1.9037479254083014,False,False,True,9.0
166422881,10.5148,3542.0,0.54847,2,52.83,1.36152,4180.8513,4.2,255.0,0.96,9.8,32,1.9,-8.2,9.9,6.1,1.0,0,,False,,0,0,False,726.1,31,32,234.0,2.5,9.5,1.3,8.9,11,0.96875,1.3963197715714561,3.0079069891513504,False,False,True,8.9
70742127,12.0431,5130.0,0.839511,2,55.24,2.22889,4237.0586,6.3,588.0,2.22,8.8,17,2.1,-4.6,9.1,4.0,1.0,0,,False,,0,0,False,1569.7,16,17,626.0,2.67,10.1,2.9,8.9,10,0.9411764705882353,2.185691013248732,2.8823836314520537,False,False,True,8.9
147457584,11.5623,5440.5,0.914277,1,24.4,1.53812,4181.5274,3.15,670.0,2.58,9.7,15,0.4,-7.3,8.9,3.9,1.0,0,,False,,0,0,False,1097.0,15,15,675.0,2.16,9.9,1.6,8.9,11,1.0,2.0445146656546123,1.540707950359179,False,False,True,8.9
216411514,11.0209,4195.0,0.646928,1,25.22,2.18225,4179.7129,7.2,560.0,1.67,10.6,11,1.4,-5.7,10.4,3.2,1.0,0,,False,,0,0,False,1114.9,11,11,516.0,1.4,9.7,0.9,8.8,10,1.0,1.8242335010654762,3.9468631596748507,False,False,True,8.8
23591901,13.1159,3463.0,0.445627,1,24.9,1.9765,4180.5709,3.6,4196.0,3.15,11.0,12,0.6,-8.2,11.4,3.6,1.0,0,,False,,0,0,False,6838.8,12,12,3850.0,1.77,9.6,1.0,8.7,9,1.0,1.3766437407379675,2.6150556556267595,False,False,True,8.7
148645247,12.5284,3377.0,0.675163,1,23.85,1.7499,4154.0177,6.3,1188.0,2.54,8.8,12,1.7,-2.0,9.2,5.4,1.0,0,,False,,0,0,False,2615.5,12,12,1321.0,1.93,9.9,1.9,8.6,9,1.0,1.7437536402016414,3.612895683630797,False,False,True,8.6
214523423,12.2641,3901.0,0.689866,1,24.97,0.62609,4179.7036,3.6,1054.0,2.44,8.0,36,0.3,10.1,7.9,5.7,1.0,0,,False,,0,0,False,3041.4,30,36,1046.0,2.29,9.1,2.3,8.5,14,0.8333333333333334,1.2558286229146378,2.8666331809230488,False,False,True,8.5
313844827,12.8319,5068.0,0.8291,1,25.1,2.97915,4180.6136,4.2,3340.0,5.23,12.0,8,0.7,-9.6,12.0,3.1,1.0,0,,False,,0,0,False,4379.2,8,8,3640.0,1.58,9.9,3.3,8.4,6,1.0,2.3876849808576672,1.7590260162759583,False,False,True,8.4
246799507,10.9425,5599.0,1.02138,1,25.07,0.63115,4179.9435,1.8,418.0,2.28,9.2,34,0.1,9.7,9.3,6.2,1.0,0,,False,,0,0,False,882.3,30,34,490.0,2.65,8.8,1.8,8.3,13,0.8823529411764706,1.635726624013604,1.1004283806198107,False,False,True,8.3
121194918,12.9757,3346.0,0.663612,1,24.09,1.51786,4153.8976,6.0,1951.0,3.2,9.7,14,0.3,-0.9,8.1,2.6,0.5,0,,False,,0,0,False,4567.6,12,14,1603.0,2.95,9.3,3.5,8.2,7,0.8571428571428571,1.6439742844759169,3.649692125149477,False,False,True,8.2
92367483,10.7493,4354.0,0.717575,1,26.12,1.30809,4207.8023,4.8,296.0,1.35,8.5,18,0.9,6.7,7.1,3.3,0.5,0,,False,,0,0,False,790.3,17,18,289.0,1.94,8.9,1.0,8.2,10,0.9444444444444444,1.64815873187423,2.9123408487127955,False,False,True,8.2
146516194,13.3045,3115.0,0.339286,1,25.75,2.16509,4266.4755,4.8,2010.0,1.66,8.6,10,0.4,-1.9,8.9,2.3,1.0,0,,False,,0,0,False,4016.9,10,10,2452.0,2.48,9.5,3.9,8.1,7,1.0,1.1832528844799404,4.056613816842442,False,False,True,8.1
148771863,13.4623,3326.0,0.572963,1,24.1,4.57038,4154.4323,7.2,3713.0,3.81,8.4,6,0.9,-1.1,8.4,2.3,1.0,0,,False,,0,0,True,6465.9,6,6,4658.0,1.6,10.8,3.8,8.1,5,1.0,2.152501433207915,3.344945508012833,False,False,True,8.1
313844823,12.3725,5367.0,0.89557,1,25.11,2.12871,4179.7733,4.2,1670.0,3.99,10.5,11,1.0,-7.6,10.6,3.7,1.0,0,,False,,0,0,False,2754.7,11,11,1363.0,1.76,9.1,0.8,8.1,9,1.0,2.247226351403569,1.8689706078681265,False,False,True,8.1
166422881,10.5148,3542.0,0.54847,2,52.83,2.27271,4181.7263,4.2,273.0,0.99,8.6,21,0.7,-7.2,8.8,5.0,1.0,0,,False,,0,0,False,726.1,20,21,289.0,1.9,8.6,1.0,7.9,9,0.9523809523809523,1.6563732956171962,2.5356602953653633,False,False,True,7.9
121194918,12.9757,3346.0,0.663612,1,24.09,1.52123,4153.8726,6.0,1884.0,3.14,9.4,14,0.6,-0.8,8.9,3.2,1.0,0,,False,,0,0,False,4567.6,12,14,1639.0,2.7,8.9,3.3,7.9,7,0.8571428571428571,1.645190052776624,3.6469950628948107,False,False,True,7.9
254980856,12.4296,6018.0,0.956845,1,24.23,0.67276,4153.4596,1.8,1860.0,4.5,9.3,33,2.9,5.3,9.0,3.0,1.0,0,,False,,0,0,False,4116.8,28,33,2132.0,2.84,8.7,3.9,7.9,13,0.8484848484848485,1.599764575980389,1.1251655568738295,False,False,True,7.9
25132999,10.8124,3945.0,0.606897,42,2720.36,117.5204,1406.4225,2.25,784.0,1.85,9.9,6,3.6,-0.8,15.0,4.7,2.0,52,,False,,0,0,False,799.3,6,6,848.0,2.21,10.0,3.1,7.8,6,1.0,6.6017039008079,0.34082110221948164,False,False,True,7.8
261056133,12.7834,3544.0,0.469356,1,25.17,2.06602,4181.3237,7.2,2475.0,2.55,9.8,12,0.1,-4.8,9.9,2.7,1.0,0,,False,,0,0,False,5358.9,12,12,2066.0,1.85,8.6,0.7,7.6,8,1.0,1.4462877813213344,4.978262343765396,False,False,True,7.6
246799507,10.9425,5599.0,1.02138,1,25.07,0.94677,4179.9435,1.8,453.0,2.37,8.4,23,0.8,4.9,8.5,5.4,1.0,0,,False,,0,0,False,882.3,21,23,489.0,2.28,8.2,1.4,7.6,10,0.9130434782608695,1.8724692300706807,0.9612975055040316,False,False,True,7.6
34437154,13.3392,4993.0,0.826415,1,26.04,1.61339,4266.1267,7.2,1476.0,3.46,7.1,15,2.1,-3.6,7.1,4.8,1.0,0,,False,,0,0,False,4537.7,13,15,1547.0,2.41,8.2,2.1,7.5,8,0.8666666666666667,1.9420193008159223,3.7074811753801744,False,False,True,7.5
143204928,12.9588,5623.86,0.957966,1,23.39,1.91661,4267.5821,7.2,1232.0,3.67,8.1,10,0.5,-5.1,8.4,2.6,1.0,0,,False,,0,0,False,2790.5,10,10,1180.0,1.41,8.4,0.9,7.4,7,1.0,2.269618908146132,3.1723387455742946,False,False,True,7.4
224267975,13.1209,3195.0,0.271054,1,24.67,3.13651,4237.6564,2.1,16773.0,3.83,19.3,5,2.0,-4.7,19.1,3.4,1.0,0,,False,,0,0,False,19674.7,5,5,19867.0,1.81,9.0,0.8,7.3,5,1.0,1.1527303646718465,1.821761675027809,False,False,True,7.3
34195550,13.3741,3587.0,0.508388,1,25.7,2.90274,4265.3488,7.2,2738.0,2.9,8.7,8,0.8,-5.2,7.0,2.8,0.5,0,,False,,0,0,False,5147.2,8,8,2292.0,1.21,8.0,0.2,7.2,7,1.0,1.7084720062057326,4.214292053862885,False,False,True,7.2
351521478,13.3337,3679.0,0.790875,1,24.25,0.53566,4153.3052,0.5,68625.0,22.6,49.2,40,1.2,32.5,48.9,5.2,1.0,0,,False,,0,0,False,97377.7,39,40,63796.0,2.36,7.4,0.6,7.2,6,0.975,1.3059000284161406,0.3828777005284428,False,False,True,7.2
367067205,12.5466,3862.0,0.773989,1,25.06,4.11814,4180.3095,7.2,1628.0,3.41,7.3,5,0.6,7.5,6.5,2.7,0.5,0,,False,,0,0,False,3095.8,5,5,1696.0,1.08,8.3,0.3,7.1,5,1.0,2.540574035298732,2.8340051893639826,False,False,True,7.1
148645247,12.5284,3377.0,0.675163,1,23.85,3.51443,4153.9865,6.0,1482.0,2.84,7.5,6,0.1,5.2,7.3,3.5,0.5,0,,False,,0,0,False,2615.5,6,6,1708.0,2.17,8.5,1.1,7.0,5,1.0,2.200048978324567,2.7272120116931493,False,False,True,7.0
70742127,12.0431,5130.0,0.839511,2,55.24,3.70509,4235.6336,6.3,664.0,2.36,7.5,10,0.5,-4.7,7.7,3.0,1.0,0,,False,,0,0,False,1569.7,9,10,679.0,2.4,7.9,3.1,6.9,8,0.9,2.5891595211440603,2.433222035394809,False,False,True,6.9
34930271,12.5864,5099.0,1.09571,1,25.91,2.82522,4265.4819,3.15,6862.0,9.9,18.0,8,2.1,4.4,18.4,3.1,1.0,0,,False,,0,0,False,13686.7,8,8,8282.0,1.51,8.3,0.6,6.9,7,1.0,2.825028291958264,1.115033080895792,False,False,True,6.9
224267975,13.1209,3195.0,0.271054,1,24.67,4.21324,4238.9127,2.25,15028.0,3.63,18.5,5,6.2,0.1,19.2,3.4,1.0,0,,False,,0,0,False,19674.7,5,5,26320.0,1.24,8.5,2.8,6.7,5,1.0,1.2718939670297322,1.7690153883302469,False,False,True,6.7
246894471,10.8196,5781.0,0.878531,1,25.79,1.01702,4265.0336,1.58,7538.0,8.32,47.5,21,1.3,-16.0,49.3,4.0,1.0,0,,False,,0,0,False,16818.5,18,21,8709.0,2.31,7.9,2.0,6.6,6,0.8571428571428571,1.7344276391783162,0.9109633427823625,False,False,True,6.6
224267975,13.1209,3195.0,0.271054,1,24.67,0.84255,4235.922,3.15,6321.0,2.35,18.5,21,1.2,15.9,19.3,3.5,1.0,0,,False,,0,0,False,19674.7,18,21,7356.0,1.86,7.1,1.4,6.5,8,0.8571428571428571,0.7437792680543642,4.2351274568865245,False,False,True,6.5
129948947,12.7259,3385.0,0.667343,1,24.07,2.72921,4154.3197,7.2,1858.0,3.14,9.4,8,0.7,-6.9,9.5,3.9,1.0,1,,False,,0,0,False,3591.3,8,8,1426.0,2.19,7.6,1.9,6.4,5,1.0,2.0065655492170182,3.5882206802611116,False,False,True,6.4
224267975,13.1209,3195.0,0.271054,1,24.67,1.2533,4236.4064,2.1,8873.0,2.79,18.1,14,0.5,4.4,18.3,3.1,1.0,0,,False,,0,0,False,19674.7,12,14,9755.0,2.8,7.3,2.8,6.3,7,0.8571428571428571,0.8490446329082291,2.4733682053991424,False,False,True,6.3
73841364,12.911,5558.0,0.943775,1,25.06,2.37502,4180.0188,1.8,3327.0,5.94,8.5,10,2.9,6.3,8.6,3.9,0.5,0,,False,,0,0,False,4300.0,8,10,3515.0,1.68,7.5,3.1,6.3,6,0.8,2.413661503408091,0.7457549442862635,False,False,True,6.3
394137289,11.0094,4071.0,0.810227,2,50.95,12.25499,4158.5042,7.2,2687.0,4.58,12.2,4,3.7,0.7,12.3,3.1,1.0,0,,False,,0,0,False,4231.3,4,4,2730.0,1.63,8.1,1.5,6.0,4,1.0,3.767475372794633,1.9110941114551183,False,False,True,6.0
38586438,11.6704,3471.0,0.538706,40,2720.37,0.55564,1325.8927,0.75,109890.0,19.48,7871.1,1609,672.5,-174.8,4241.0,32.4,1.0,75,"00038586438-01(1:1,ntoi=2);00038586438-02(1:1,ntoi=2);00038586438-01(1:1,ntoi=3);00038586438-01(1:1,ntoi=3);00038586438-01(1:1,ntoi=6);00038586438-05(2:1,ntoi=6);00038586438-06(2:1,ntoi=6);00038586438-04(1:1,ntoi=6);00038586438-05(2:1,ntoi=6);00038586438-01(1:1,ntoi=6);00038586438-06(2:1,ntoi=6);00038586438-04(2:1,ntoi=6);00038586438-05(1:1,ntoi=6);00038586438-01(1:1,ntoi=6);00038586438-06(2:1,ntoi=6);00038586438-01(1:1,ntoi=1);00038586438-01(1:1,ntoi=1);00038586438-01(1:1,ntoi=1);00038586438-01(1:1,ntoi=1);00038586438-01(1:1,ntoi=1);00038586438-01(1:1,ntoi=1);00038586438-01(1:1,ntoi=1);00038586438-01(1:1,ntoi=1);00038586438-01(1:1,ntoi=1);00038586438-01(1:1,ntoi=1);00038586438-01(1:1,ntoi=1);00038586438-01(1:1,ntoi=1);00038586438-01(1:1,ntoi=1);00038586438-01(1:1,ntoi=1);00038586438-01(1:1,ntoi=1);00038586438-01(1:1,ntoi=1);00038586438-01(1:1,ntoi=2);00038586438-01(1:1,ntoi=1);00038586438-01(1:1,ntoi=2);00038586438-01(1:1,ntoi=2);00038586438-01(1:1,ntoi=1);00038586438-01(1:1,ntoi=2);00038586438-01(1:1,ntoi=1);00038586438-01(1:1,ntoi=1);00038586438-01(1:1,ntoi=1);00038586438-01(1:1,ntoi=2);00038586438-01(1:1,ntoi=1);00038586438-01(1:1,ntoi=1);00038586438-01(1:1,ntoi=1);00038586438-01(1:1,ntoi=1);00038586438-01(1:1,ntoi=1);00038586438-01(1:1,ntoi=1);00038586438-01(1:1,ntoi=1);00038586438-01(1:1,ntoi=1);00038586438-01(1:1,ntoi=1);00038586438-01(1:1,ntoi=1);00038586438-01(1:1,ntoi=2);00038586438-01(1:1,ntoi=1);00038586438-01(1:1,ntoi=2)",True,,0,0,False,27383.6,1607,1607,107823.0,1.32,3585.9,75.9,3578.1,1607,1.0,1.0233888242251803,0.7328592830470215,False,False,False,3578.1
38586438,11.6704,3471.0,0.538706,40,2720.37,1.11128,1326.45,0.75,116886.0,20.09,6017.3,802,4.5,5194.0,2317.0,17.3,0.5,75,"00038586438-01(1:2,ntoi=2);00038586438-01(3:1,ntoi=2);00038586438-02(1:2,ntoi=2);00038586438-01(3:1,ntoi=1);00038586438-01(1:2,ntoi=3);00038586438-01(1:2,ntoi=3);00038586438-01(1:2,ntoi=6);00038586438-05(1:1,ntoi=6);00038586438-06(1:1,ntoi=6);00038586438-04(1:2,ntoi=6);00038586438-05(1:1,ntoi=6);00038586438-01(1:2,ntoi=6);00038586438-06(1:1,ntoi=6);00038586438-04(1:1,ntoi=6);00038586438-05(1:2,ntoi=6);00038586438-01(1:2,ntoi=6);00038586438-06(1:1,ntoi=6);00038586438-01(1:2,ntoi=1);00038586438-01(1:2,ntoi=1);00038586438-01(1:2,ntoi=1);00038586438-01(1:2,ntoi=1);00038586438-01(1:2,ntoi=1);00038586438-01(1:2,ntoi=1);00038586438-01(1:2,ntoi=1);00038586438-01(1:2,ntoi=1);00038586438-01(1:2,ntoi=1);00038586438-01(1:2,ntoi=1);00038586438-01(1:2,ntoi=1);00038586438-01(1:2,ntoi=1);00038586438-01(1:2,ntoi=1);00038586438-01(1:2,ntoi=1);00038586438-01(1:2,ntoi=1);00038586438-01(1:2,ntoi=1);00038586438-01(1:2,ntoi=2);00038586438-01(1:2,ntoi=1);00038586438-01(1:2,ntoi=2);00038586438-01(1:2,ntoi=2);00038586438-01(1:2,ntoi=1);00038586438-01(1:2,ntoi=2);00038586438-01(1:2,ntoi=1);00038586438-01(1:2,ntoi=1);00038586438-01(1:2,ntoi=1);00038586438-01(1:2,ntoi=2);00038586438-01(1:2,ntoi=1);00038586438-01(1:2,ntoi=1);00038586438-01(1:2,ntoi=1);00038586438-01(1:2,ntoi=1);00038586438-01(1:2,ntoi=1);00038586438-01(1:2,ntoi=1);00038586438-01(1:2,ntoi=1);00038586438-01(1:2,ntoi=1);00038586438-01(1:2,ntoi=1);00038586438-01(1:2,ntoi=1);00038586438-01(1:2,ntoi=2);00038586438-01(1:2,ntoi=1);00038586438-01(1:2,ntoi=2)",True,,0,0,False,27383.6,802,802,119673.0,1.2,2844.2,33.5,2831.0,802,1.0,1.289389121868469,0.5816707984267512,False,False,False,2831.0
38586438,11.6704,3471.0,0.538706,40,2720.37,1.66693,1325.8927,0.75,105904.0,19.13,4487.1,537,395.0,-286.1,2398.3,18.8,1.0,75,"00038586438-01(1:3,ntoi=2);00038586438-01(2:1,ntoi=2);00038586438-02(1:3,ntoi=2);00038586438-01(2:1,ntoi=1);00038586438-01(1:3,ntoi=3);00038586438-01(1:3,ntoi=3);00038586438-01(1:3,ntoi=6);00038586438-04(1:3,ntoi=6);00038586438-01(1:3,ntoi=6);00038586438-05(1:3,ntoi=6);00038586438-01(1:3,ntoi=6);00038586438-01(1:3,ntoi=1);00038586438-01(1:3,ntoi=1);00038586438-01(1:3,ntoi=1);00038586438-01(1:3,ntoi=1);00038586438-01(1:3,ntoi=1);00038586438-01(1:3,ntoi=1);00038586438-01(1:3,ntoi=1);00038586438-01(1:3,ntoi=1);00038586438-01(1:3,ntoi=1);00038586438-01(1:3,ntoi=1);00038586438-01(1:3,ntoi=1);00038586438-01(1:3,ntoi=1);00038586438-01(1:3,ntoi=1);00038586438-01(1:3,ntoi=1);00038586438-01(1:3,ntoi=1);00038586438-01(1:3,ntoi=1);00038586438-01(1:3,ntoi=2);00038586438-01(1:3,ntoi=1);00038586438-01(1:3,ntoi=2);00038586438-01(1:3,ntoi=2);00038586438-01(1:3,ntoi=1);00038586438-01(1:3,ntoi=2);00038586438-01(1:3,ntoi=1);00038586438-01(1:3,ntoi=1);00038586438-01(1:3,ntoi=1);00038586438-01(1:3,ntoi=2);00038586438-01(1:3,ntoi=1);00038586438-01(1:3,ntoi=1);00038586438-01(1:3,ntoi=1);00038586438-01(1:3,ntoi=1);00038586438-01(1:3,ntoi=1);00038586438-01(1:3,ntoi=1);00038586438-01(1:3,ntoi=1);00038586438-01(1:3,ntoi=1);00038586438-01(1:3,ntoi=1);00038586438-01(1:3,ntoi=1);00038586438-01(1:3,ntoi=2);00038586438-01(1:3,ntoi=1);00038586438-01(1:3,ntoi=2)",True,,0,0,False,27383.6,536,536,109478.0,1.3,2412.9,86.7,2402.9,536,1.0,1.4759850435058217,0.5081352302991963,False,False,False,2402.9
38469354,11.8901,3422.0,0.507706,22,1951.79,0.51102,2036.7424,6.3,14878.0,6.76,1443.4,1007,2.5,0.0,1311.2,27.0,1.0,32,"00038469354-06(2:1,ntoi=6);00038469354-05(1:1,ntoi=6);00038469354-04(1:1,ntoi=6);00038469354-06(1:1,ntoi=6);00038469354-02(2:1,ntoi=5);00038469354-05(2:1,ntoi=5)",True,,0,0,False,9000.4,1004,1004,18997.0,1.41,1950.4,282.3,1944.3,1004,1.0,0.9566706650570128,6.58533833022313,False,False,False,1944.3
38586438,11.6704,3471.0,0.538706,40,2720.37,2.77821,1327.5594,0.75,106033.0,19.14,3502.5,327,303.2,-247.0,1563.3,12.7,1.0,75,"00038586438-02(3:1,ntoi=2)",True,,0,0,False,27383.6,327,327,110517.0,1.25,1875.7,87.7,1862.8,327,1.0,1.7499723731654675,0.4285781944336354,False,False,False,1862.8
150068381,12.1711,3196.0,0.523134,32,2634.76,0.53415,1411.0567,4.5,26953.0,9.37,2643.4,1319,7.8,-1287.3,1746.3,21.1,1.0,42,"00150068381-01(1:1,ntoi=3);00150068381-02(1:1,ntoi=3);00150068381-03(1:1,ntoi=3);00150068381-02(1:1,ntoi=4);00150068381-03(1:1,ntoi=4);00150068381-04(1:1,ntoi=4);00150068381-02(1:1,ntoi=4);00150068381-03(1:1,ntoi=4);00150068381-04(1:1,ntoi=4);00150068381-04(2:1,ntoi=4);00150068381-01(1:1,ntoi=1)",True,,0,0,False,16945.4,1316,1318,31949.0,1.75,845.3,27.3,842.5,1315,0.9984825493171472,0.9904624215895451,4.543332388903931,False,False,False,842.5
262575578,11.4273,3465.0,0.602623,13,2602.12,0.56771,1386.3729,6.3,6599.0,5.34,587.4,524,4.2,-159.3,343.8,14.8,1.0,19,"00262575578-03(1:1,ntoi=5);00262575578-04(1:1,ntoi=5);00262575578-05(1:1,ntoi=5);00262575578-03(1:1,ntoi=3);00262575578-03(1:1,ntoi=3)",True,,0,0,False,4297.5,524,524,7985.0,1.71,771.4,36.2,767.6,524,1.0,1.1107447713076144,5.671870048583151,False,False,False,767.6
93244514,13.194,3984.0,0.777575,1,25.75,0.5872,4265.1803,7.2,82981.0,24.44,730.4,38,5.2,0.0,744.0,7.5,1.0,1,,False,,0,0,False,47605.7,38,38,98903.0,1.08,650.7,33.1,624.5,38,1.0,1.3313691896440025,5.407966517480567,False,False,False,624.5
38842861,12.4708,3882.0,0.574338,32,2634.76,0.51312,1411.2367,7.2,3885.0,3.91,303.7,1424,1.3,0.0,236.1,26.6,1.0,32,"00038842861-01(1:1,ntoi=1);00038842861-01(1:1,ntoi=2);00038842861-02(1:1,ntoi=2);00038842861-01(1:1,ntoi=1);00038842861-01(1:1,ntoi=1);00038842861-01(1:1,ntoi=1);00038842861-02(1:1,ntoi=3);00038842861-03(1:1,ntoi=3);00038842861-01(1:1,ntoi=3);00038842861-01(1:1,ntoi=1);00038842861-01(1:1,ntoi=1);00038842861-01(1:1,ntoi=1);00038842861-01(1:1,ntoi=1);00038842861-01(1:1,ntoi=1);00038842861-01(1:1,ntoi=1);00038842861-01(1:1,ntoi=1);00038842861-01(1:1,ntoi=1);00038842861-01(1:1,ntoi=1);00038842861-01(1:1,ntoi=1);00038842861-01(1:1,ntoi=1);00038842861-01(1:1,ntoi=1);00038842861-01(1:1,ntoi=1);00038842861-01(1:1,ntoi=1);00038842861-01(1:1,ntoi=1);00038842861-01(1:1,ntoi=1);00038842861-01(1:1,ntoi=1);00038842861-01(1:1,ntoi=1);00038842861-01(1:1,ntoi=1);00038842861-01(1:1,ntoi=1);00038842861-01(1:1,ntoi=1);00038842861-01(1:1,ntoi=1);00038842861-01(1:1,ntoi=1)",True,,0,0,False,3284.4,1292,1299,4465.0,3.04,627.5,88.3,624.5,1273,0.9946112394149346,1.0400629900277953,6.922657636156809,False,False,False,624.5
141961356,12.861,3287.0,0.67575,1,23.78,0.52553,4153.9946,7.2,57708.0,17.71,388.0,41,0.3,0.0,411.4,7.5,1.0,0,,False,,0,0,False,37460.0,37,37,63215.0,1.58,608.0,515.5,528.9,37,1.0,1.1684178090950268,6.1621792683702825,False,False,False,528.9
120393598,11.6215,4318.25,0.551423,2,51.05,1.25465,4153.4784,3.15,27426.0,9.96,487.7,36,15.5,-8.9,490.0,9.9,1.0,2,"00120393598-01(1:1,ntoi=1);00120393598-01(1:1,ntoi=1)",True,,0,0,False,9519.8,36,36,28794.0,1.26,521.4,350.0,507.8,36,1.0,1.3636588712696778,2.3099618726984796,False,False,False,507.8
335253354,12.5881,3742.0,0.832728,1,24.09,0.50064,4153.7696,6.0,39059.0,17.96,386.2,45,5.8,-14.0,326.3,7.4,1.0,1,,False,,0,0,False,22709.9,45,45,46255.0,1.51,477.4,32.3,465.5,45,1.0,1.3214546225986803,4.540451028277324,False,False,False,465.5
407685578,12.1352,5428.0,0.984515,1,25.14,0.49441,4265.8151,6.3,33421.0,19.64,373.7,43,3.1,0.0,184.5,4.4,1.0,0,,False,,0,0,False,19527.6,43,43,40509.0,1.19,483.2,61.0,464.2,43,1.0,1.4713599631680554,4.281753043242504,False,False,False,464.2
171604880,12.8566,3563.0,0.837076,1,23.65,0.55272,4154.0863,7.2,40101.0,18.29,420.7,38,1.7,0.0,426.8,7.5,1.0,0,,False,,0,0,False,23437.8,38,38,51142.0,1.1,477.4,21.7,430.3,38,1.0,1.3705239022883833,5.253465472567139,False,False,False,430.3
216795653,11.7843,4777.0,0.757608,2,51.66,0.55281,4153.0009,6.3,25375.0,13.17,342.6,82,0.1,-78.1,349.5,11.1,1.0,0,,False,,0,0,False,14978.8,82,82,30326.0,1.38,423.9,37.1,417.7,82,1.0,1.2824190444946169,4.912590800211284,False,False,False,417.7
216795660,11.7994,4839.0,0.729706,2,51.65,0.55282,4153.0009,6.3,25543.0,12.72,344.3,83,0.4,-79.4,351.3,11.1,1.0,1,,False,,0,0,False,15100.6,82,82,30741.0,1.39,423.7,39.2,417.5,82,1.0,1.2507432114966208,5.037005151890061,False,False,False,417.5
34529869,13.0466,4627.0,1.0847,1,26.04,13.48599,4270.6391,4.2,315584.0,66.48,617.8,2,2.5,0.0,619.9,4.9,2.0,2,"00034529869-01(1:1,ntoi=2)",True,,0,0,True,48219.7,2,2,314935.0,1.0,573.9,1.3,395.5,2,1.0,4.724715529979195,0.8889424079291594,False,False,False,395.5
150359500,9.74783,3286.0,0.364844,42,2720.37,2.0668,1325.8145,7.2,7506.0,3.45,2316.7,465,23.4,2727.2,880.2,8.9,0.5,102,,False,,0,0,False,5582.4,465,465,9328.0,1.93,395.4,6.8,394.0,465,1.0,1.2228670711436398,5.887802664656327,False,False,False,394.0
262575578,11.4273,3465.0,0.602623,13,2602.12,0.56407,1386.5604,6.3,3010.0,3.61,268.0,527,1.0,-67.7,71.9,2.7,1.0,19,"00262575578-03(1:1,ntoi=5);00262575578-04(1:1,ntoi=5);00262575578-05(1:1,ntoi=5);00262575578-03(1:1,ntoi=3);00262575578-03(1:1,ntoi=3)",True,,0,0,False,4297.5,390,527,5041.0,2.19,389.4,346.3,385.9,370,0.7400379506641366,1.1083657497506956,5.684044279983442,False,False,False,385.9
170699466,13.1671,3215.0,0.567462,2,54.06,0.54819,4236.8794,7.2,19476.0,8.64,209.6,71,0.2,0.0,213.3,10.5,1.0,2,,False,,0,0,False,11852.0,70,70,23567.0,1.2,405.4,30.5,379.9,70,1.0,1.0547345843355693,6.826361917899606,False,False,False,379.9
120393598,11.6215,4318.25,0.551423,2,51.05,2.50986,4153.4596,3.15,26877.0,9.86,346.3,18,6.6,342.2,258.7,4.7,0.5,2,"00120393598-01(1:2,ntoi=1);00120393598-01(1:2,ntoi=1)",True,,0,0,False,9519.8,18,18,30226.0,1.2,379.0,358.0,360.4,18,1.0,1.7182303168184307,1.83328158580784,False,False,False,360.4
93244514,13.194,3984.0,0.777575,1,25.75,0.58451,4265.2366,6.3,82176.0,24.32,723.5,38,6.4,-198.2,316.9,2.6,1.0,1,,False,,0,0,False,47605.7,38,38,98737.0,1.07,361.9,10.8,342.4,38,1.0,1.3293330486766783,4.739218667790973,False,False,False,342.4
150359500,9.74783,3286.0,0.364844,42,2720.37,3.10019,1325.8145,7.2,7140.0,3.36,1850.5,313,2.1,-1365.6,1034.8,10.6,1.0,102,,False,,0,0,False,5582.4,313,313,9371.0,1.92,321.5,6.6,319.5,313,1.0,1.3998318479859344,5.143474918333438,False,False,False,319.5
358176584,11.231,3670.0,0.527773,41,2662.77,0.90422,1325.761,6.3,5344.0,4.21,939.6,1040,6.9,222.9,931.0,21.8,1.0,61,,False,,0,0,False,5220.9,921,1038,5720.0,2.82,315.9,66.5,313.1,830,0.8872832369942196,1.1874019998719783,5.305701018424464,False,False,False,313.1
150359500,9.74783,3286.0,0.364844,42,2720.37,5.16699,1328.9082,6.3,7265.0,3.39,1415.5,190,0.4,-1068.4,793.7,7.9,1.0,102,,False,,0,0,False,5582.4,190,190,10347.0,1.67,306.3,7.9,303.9,190,1.0,1.6596848896363077,3.7959012818273834,False,False,False,303.9
120393598,11.6215,4318.25,0.551423,2,51.05,3.7649,4153.4596,3.15,25391.0,9.59,277.9,12,30.9,-26.4,279.9,5.2,1.0,2,"00120393598-01(1:3,ntoi=1);00120393598-01(1:3,ntoi=1)",True,,0,0,False,9519.8,12,12,27657.0,1.29,307.2,386.3,287.9,12,1.0,1.9669018716525095,1.6015033822472802,False,False,False,287.9
2052312662,10.6159,3487.0,0.55714,1,25.79,0.51355,4265.2077,6.3,18476.0,8.26,563.2,43,10.6,0.0,576.1,6.4,1.0,0,,False,,0,0,False,14633.6,39,43,26281.0,1.75,310.5,1114.1,287.3,37,0.9069767441860465,1.0194801287248734,6.179620202975214,False,False,False,287.3
25118964,12.0301,3323.0,0.508369,43,2720.36,2.03651,1325.7598,6.3,6420.0,4.44,530.5,487,11.0,607.6,303.6,8.9,0.5,68,"00025118964-01(1:1,ntoi=1)",True,,0,0,False,5732.9,459,486,8645.0,1.97,286.8,53.5,285.0,425,0.9444444444444444,1.5180631895180043,4.150024876105648,False,False,False,285.0
172044474,10.5799,5418.0,0.837392,1,24.11,0.95828,4153.3639,1.8,680729.0,75.38,8188.0,23,45.0,8602.3,8177.8,7.4,1.0,2,"00172044474-01(1:2,ntoi=2)",True,,0,0,False,282459.9,23,23,742632.0,1.04,274.8,5.1,261.8,23,1.0,1.6468661653927303,1.092984990417088,False,False,False,261.8
172044474,10.5799,5418.0,0.837392,1,24.11,1.43854,4153.8374,1.58,688672.0,75.82,6764.7,16,153.2,-1290.9,6775.4,5.9,1.0,2,"00172044474-01(1:3,ntoi=2)",True,,0,0,False,282459.9,16,16,776393.0,1.07,276.8,4.6,252.9,16,1.0,1.8856806585072907,0.8378937297106986,False,False,False,252.9
685830423,13.2567,3309.0,0.464472,2,54.51,0.66,4236.3511,7.2,24363.0,7.91,199.8,61,1.9,-46.4,196.5,9.3,1.0,0,,False,,0,0,False,15917.5,61,61,28477.0,2.09,258.8,22.8,251.4,61,1.0,0.9818141752862626,7.333363258786453,False,False,False,251.4
171604880,12.8566,3563.0,0.837076,1,23.65,0.55113,4154.105,6.3,40101.0,18.29,422.3,38,3.0,-107.1,158.6,2.1,1.0,0,,False,,0,0,False,23437.8,38,38,50634.0,1.11,259.4,5.2,251.2,38,1.0,1.3692084526885329,4.601198588592939,False,False,False,251.2
150068381,12.1711,3196.0,0.523134,32,2634.76,0.51395,1411.2909,6.3,5030.0,4.05,515.1,1388,0.2,0.0,237.2,4.5,1.0,42,,False,,0,0,False,16945.4,844,1386,9579.0,5.0,265.8,940.0,247.6,798,0.6089466089466089,0.9778161714471255,6.442928828510039,False,False,False,247.6
165878511,12.7598,3993.0,1.0207,4,106.58,0.5208,4153.9384,4.8,11281.0,11.83,262.2,165,1.4,-57.0,262.5,15.0,1.0,0,,False,,0,0,False,7113.0,165,165,12262.0,1.69,247.8,19.6,243.5,164,1.0,1.5335479592416068,3.1299966662756136,False,False,False,243.5
140770639,13.044,3335.0,0.678795,1,23.77,0.52625,4153.6107,6.3,41180.0,15.03,209.2,41,0.1,-15.3,124.4,4.3,0.5,0,,False,,0,0,False,25009.3,41,41,51262.0,1.2,243.4,22.2,235.7,41,1.0,1.172460139353193,5.3733170011864955,False,False,False,235.7
141807839,11.2111,3259.0,0.625455,38,2691.55,1.69422,1354.423,6.3,7760.0,6.01,1050.3,505,16.3,1267.6,356.2,7.0,0.5,81,"00141807839-03(3:1,ntoi=3)",True,,0,0,False,6656.0,504,505,8907.0,1.77,230.3,13.4,229.2,502,0.998019801980198,1.6393144783294673,3.8430698217342494,False,False,False,229.2
59891565,12.5107,4944.0,0.896083,1,25.13,0.61103,4265.9465,7.2,24971.0,15.45,293.8,34,5.2,-47.9,143.2,2.7,1.0,0,,False,,0,0,False,15237.6,34,34,31544.0,1.19,234.5,9.5,223.2,34,1.0,1.482954970475416,4.855171022281125,False,False,False,223.2
220433363,8.7057,3410.0,0.427535,29,2691.55,0.85547,1354.453,4.2,17689.0,6.2,7523.4,803,35.9,9397.1,4150.2,13.2,1.0,78,"00220433363-02(1:2,ntoi=2)",True,,0,0,False,16222.0,763,800,19854.0,1.9,209.5,15.8,207.9,656,0.95375,1.0129569876107152,4.146276743602545,False,False,False,207.9
141953923,13.004,3342.0,0.679923,1,23.65,0.75296,4153.864,7.2,68684.0,19.44,397.3,29,1.9,-125.4,390.5,6.8,1.0,1,,False,,0,0,False,38894.5,29,29,78959.0,1.06,233.1,4.5,207.8,29,1.0,1.3226311622909153,5.443694512330223,False,False,False,207.8
139546447,12.9447,3209.0,0.527696,2,54.9,1.00167,4236.3623,7.2,21999.0,8.54,256.8,40,3.9,-26.6,257.1,9.5,1.0,1,,False,,0,0,False,12190.7,40,40,23615.0,1.26,211.9,25.7,207.0,40,1.0,1.2284921463962233,5.860843328238745,False,False,False,207.0
455388632,13.3762,3159.0,0.566361,1,24.1,0.55133,4153.6071,7.2,24997.0,9.77,105.1,40,0.5,0.0,106.2,7.5,1.0,0,,False,,0,0,False,15536.3,40,40,30450.0,1.25,211.4,20.1,206.0,40,1.0,1.0553772517207713,6.822205034513057,False,False,False,206.0
25118964,12.0301,3323.0,0.508369,43,2720.36,3.05473,1326.7911,7.2,5815.0,4.23,425.9,331,1.2,-103.1,356.2,10.6,1.0,68,,False,,0,0,False,5732.9,307,331,8004.0,2.16,205.7,44.5,204.2,275,0.9274924471299094,1.7377419173548068,4.143308006841344,False,False,False,204.2
220433363,8.7057,3410.0,0.427535,29,2691.55,0.85547,1354.4593,4.5,16717.0,6.03,7289.0,803,35.2,9288.8,1217.1,4.0,1.0,78,"00220433363-02(1:2,ntoi=2)",True,,0,0,False,16222.0,753,801,18801.0,2.05,203.1,16.0,201.3,632,0.9400749063670412,1.0129569876107152,4.4424393681455845,False,False,False,201.3
32833820,12.2366,5629.93,1.10698,1,24.28,0.52369,4266.5808,7.2,18161.0,16.28,260.3,38,0.0,0.0,266.4,5.1,1.0,0,,False,,0,0,False,14193.4,31,32,24491.0,1.7,292.4,705.4,199.4,31,0.96875,1.6217835986300415,4.4395565512451896,False,False,False,199.4
117675988,12.5021,4350.0,0.964164,1,24.48,0.48493,4236.1179,4.5,56498.0,25.0,659.9,38,8.7,-282.3,328.3,4.2,1.0,1,,False,,0,0,False,32205.7,38,38,67581.0,1.22,204.1,8.3,195.3,38,1.0,1.441679045041982,3.1213604827480577,False,False,False,195.3
220433364,9.42788,3268.0,0.351215,28,2633.97,0.85547,1354.4593,4.5,32289.0,6.89,7031.2,757,33.7,9341.3,1203.1,4.0,1.0,86,,False,,0,0,False,31295.1,710,754,35216.0,2.02,197.3,17.0,195.3,596,0.9416445623342176,0.8885023741978927,5.064702279566146,False,False,False,195.3
220433364,9.42788,3268.0,0.351215,28,2633.97,0.85547,1354.453,4.2,33013.0,6.96,7012.5,754,33.1,9101.6,4069.4,13.2,1.0,86,,False,,0,0,False,31295.1,712,753,36347.0,1.99,195.8,16.8,194.0,605,0.9455511288180611,0.8885023741978927,4.727055460928403,False,False,False,194.0
140770639,13.044,3335.0,0.678795,1,23.77,0.52534,4153.6116,6.3,40291.0,14.87,204.7,41,0.2,-2.4,190.2,7.3,1.0,0,,False,,0,0,False,25009.3,41,41,47838.0,1.24,205.3,15.2,190.8,41,1.0,1.1717839370998122,5.376417785340718,False,False,False,190.8
220391763,11.6309,3155.0,0.259946,26,2633.97,0.60032,1354.6158,6.0,1097.0,0.94,130.9,1004,2.6,-51.4,74.2,10.4,1.0,18,,False,,0,0,False,1620.1,796,1004,1378.0,3.86,191.0,49.6,189.9,708,0.7928286852589641,0.6460378911401646,9.287380945118956,False,False,False,189.9
218584809,10.1606,4395.0,0.755402,1,24.95,0.60118,4179.9474,7.2,8549.0,7.62,364.1,38,4.1,-14.3,193.0,2.8,1.0,1,,False,,0,0,False,6255.4,38,38,9519.0,2.12,199.7,209.4,187.7,37,1.0,1.3162202120735549,5.470209265862299,False,False,False,187.7
141807839,11.2111,3259.0,0.625455,38,2691.55,2.54136,1355.248,6.3,7477.0,5.9,847.8,334,2.2,-499.1,443.0,8.4,1.0,81,"00141807839-03(2:1,ntoi=3)",True,,0,0,False,6656.0,334,334,9120.0,1.78,189.0,13.7,187.6,332,1.0,1.8765540154509501,3.3572175104621556,False,False,False,187.6
172044474,10.5799,5418.0,0.837392,1,24.11,2.39594,4153.3686,1.58,652729.0,73.81,5302.3,10,66.4,-1195.8,5301.6,4.3,1.0,2,,False,,0,0,False,282459.9,10,10,760265.0,1.02,206.9,8.3,185.6,10,1.0,2.2352159017018467,0.7068668394838373,False,False,False,185.6
220391763,11.6309,3155.0,0.259946,26,2633.97,0.58804,1354.6096,6.3,942.0,0.87,113.3,1025,0.7,-31.2,92.8,13.8,1.0,18,"00220391763-01(1:1,ntoi=2);00220391763-02(1:1,ntoi=2);00220391763-01(1:1,ntoi=2);00220391763-02(1:1,ntoi=2);00220391763-01(1:1,ntoi=2);00220391763-02(1:1,ntoi=2);00220391763-01(1:1,ntoi=2);00220391763-02(1:1,ntoi=2);00220391763-01(1:1,ntoi=2);00220391763-02(1:1,ntoi=2);00220391763-02(2:1,ntoi=3);00220391763-03(2:1,ntoi=3);00220391763-01(2:1,ntoi=3);00220391763-01(2:1,ntoi=2);00220391763-02(2:1,ntoi=2);00220391763-01(2:1,ntoi=3);00220391763-02(2:1,ntoi=3)",True,,0,0,False,1620.1,809,1024,1106.0,4.63,182.7,59.2,181.8,701,0.7900390625,0.6416024440719897,9.81916459048451,False,False,False,181.8
150068381,12.1711,3196.0,0.523134,32,2634.76,1.0683,1411.6096,4.8,21046.0,8.28,1686.4,656,1.1,2165.6,707.0,9.2,0.5,42,"00150068381-01(1:2,ntoi=3);00150068381-02(1:2,ntoi=3);00150068381-03(1:2,ntoi=3);00150068381-02(1:2,ntoi=4);00150068381-03(1:2,ntoi=4);00150068381-04(1:2,ntoi=4);00150068381-02(1:2,ntoi=4);00150068381-03(1:2,ntoi=4);00150068381-04(1:2,ntoi=4);00150068381-04(1:1,ntoi=4);00150068381-03(1:3,ntoi=4);00150068381-02(1:3,ntoi=3);00150068381-03(1:3,ntoi=3);00150068381-02(1:3,ntoi=2);00150068381-01(1:3,ntoi=2);00150068381-01(1:3,ntoi=3);00150068381-01(1:3,ntoi=1);00150068381-02(1:3,ntoi=2);00150068381-01(1:3,ntoi=2);00150068381-02(1:3,ntoi=2);00150068381-01(1:3,ntoi=3);00150068381-01(1:2,ntoi=1)",True,,0,0,False,16945.4,654,656,21656.0,1.64,179.1,4.1,178.8,648,0.9969512195121951,1.2479044540905184,3.846448327246555,False,False,False,178.8
358176584,11.231,3670.0,0.527773,41,2662.77,1.80844,1325.761,6.3,4471.0,3.85,613.1,525,7.0,714.1,426.9,9.5,0.5,61,,False,,0,0,False,5220.9,491,525,5987.0,2.18,179.7,33.6,178.2,435,0.9352380952380952,1.496032774325975,4.21113768903787,False,False,False,178.2
143608221,12.9238,4134.0,0.674454,1,25.04,0.52694,4179.8715,6.0,13403.0,8.52,107.8,43,1.6,-20.6,100.1,7.3,1.0,0,,False,,0,0,False,8258.3,43,43,15396.0,1.26,176.7,8.0,173.0,43,1.0,1.1679661050535584,5.137135379219642,False,False,False,173.0
38022287,11.6408,5177.0,0.819275,1,24.49,0.69393,4266.3863,6.3,13536.0,10.4,293.5,30,1.5,-29.3,298.5,7.1,1.0,1,,False,,0,0,False,7999.2,30,30,14222.0,1.44,180.0,40.5,169.2,30,1.0,1.4574712061249895,4.322555377783378,False,False,False,169.2
37875573,11.8326,4977.0,1.05595,1,23.78,0.63516,4267.2247,7.2,6316.0,9.16,114.6,30,0.4,-25.7,113.5,6.4,1.0,1,,False,,0,0,False,3945.9,30,30,7693.0,1.24,174.7,15.1,168.4,30,1.0,1.675964867182352,4.296032775498873,False,False,False,168.4
38469354,11.8901,3422.0,0.507706,22,1951.79,1.02206,2037.2361,4.8,11344.0,5.9,877.0,504,1.8,1130.8,527.6,10.4,0.5,32,"00038469354-06(1:1,ntoi=6);00038469354-05(1:2,ntoi=6);00038469354-04(1:2,ntoi=6);00038469354-06(1:2,ntoi=6);00038469354-02(1:1,ntoi=5);00038469354-05(1:1,ntoi=5)",True,,0,0,False,9000.4,504,504,12476.0,1.5,156.2,5.6,155.7,499,1.0,1.2053373709171267,3.9822875452270576,False,False,False,155.7
358176584,11.231,3670.0,0.527773,41,2662.77,2.71267,1326.661,4.5,5014.0,4.08,495.9,344,3.9,7.0,487.9,11.0,1.0,61,"00358176584-01(3:1,ntoi=3)",True,,0,0,False,5220.9,320,344,6614.0,2.14,151.8,39.6,149.5,289,0.9302325581395349,1.7125321284623847,2.627687927840731,False,False,False,149.5
183559612,11.3591,5575.0,0.966447,4,106.58,1.0818,4154.2631,7.2,11486.0,11.3,538.5,81,11.6,-60.2,537.6,10.0,1.0,2,,False,,0,0,False,8487.3,78,80,12017.0,1.82,155.3,44.3,148.1,74,0.975,1.8867280866161718,3.816130183821628,False,False,False,148.1
38022287,11.6408,5177.0,0.819275,1,24.49,0.68992,4266.4613,6.3,10585.0,9.2,229.6,30,2.3,-56.4,135.5,2.5,1.0,1,,False,,0,0,False,7999.2,30,30,11802.0,1.79,154.0,64.8,144.5,30,1.0,1.4546583606537835,4.3309138216952325,False,False,False,144.5
141807839,11.2111,3259.0,0.625455,38,2691.55,4.23558,1355.248,6.3,7107.0,5.75,642.8,205,10.3,-419.5,272.0,6.1,1.0,81,"00141807839-01(3:1,ntoi=2);00141807839-02(3:1,ntoi=2)",True,,0,0,False,6656.0,203,204,9105.0,1.84,145.4,12.6,144.2,200,0.9950980392156863,2.2248973024458722,2.831591369666496,False,False,False,144.2
349751474,12.564,3499.0,0.46273,1,25.06,0.58634,4179.8406,6.3,34306.0,9.35,298.1,39,4.8,-148.9,325.6,8.3,1.0,1,"00349751474-01(1:1,ntoi=1)",True,,0,0,False,23961.3,39,39,42660.0,1.44,146.9,10.9,143.8,39,1.0,0.9414774148376436,6.691610335747062,False,False,False,143.8
349751474,12.564,3499.0,0.46273,1,25.06,0.58642,4179.8406,6.3,34427.0,9.37,299.1,39,4.5,-146.7,122.7,2.3,1.0,1,"00349751474-01(1:1,ntoi=1)",True,,0,0,False,23961.3,39,39,42623.0,1.42,145.9,10.4,142.7,39,1.0,0.9415202311603601,6.691306029861594,False,False,False,142.7
60890639,12.7478,4254.0,0.709256,1,25.16,1.23161,4179.7793,3.15,28801.0,13.13,131.7,19,0.3,37.3,134.0,6.8,1.0,2,"00060890639-01(1:1,ntoi=2);00060890639-02(1:1,ntoi=2)",True,,0,0,False,11069.6,19,19,30800.0,1.15,148.9,5.1,142.3,19,1.0,1.6028813475949049,1.9652109650701963,False,False,False,142.3
294329266,12.2371,3311.0,0.478292,40,2662.78,0.74098,1325.7499,3.15,8175.0,4.72,631.6,1219,0.1,790.9,696.6,21.5,1.0,46,"00294329266-03(1:2,ntoi=3);00294329266-01(1:2,ntoi=3);00294329266-01(1:1,ntoi=2);00294329266-02(1:1,ntoi=2);00294329266-01(1:1,ntoi=2);00294329266-02(1:1,ntoi=2);00294329266-01(1:1,ntoi=2);00294329266-02(1:1,ntoi=2);00294329266-02(1:1,ntoi=2);00294329266-01(1:1,ntoi=2);00294329266-01(1:1,ntoi=2);00294329266-02(1:1,ntoi=2);00294329266-02(1:1,ntoi=2)",True,,0,0,False,7953.0,1190,1216,6320.0,4.92,142.1,12.6,141.9,1093,0.9786184210526315,1.0405729543518247,3.0271784278327147,False,False,False,141.9
37875573,11.8326,4977.0,1.05595,1,23.78,0.63045,4267.2997,7.2,5675.0,8.68,103.0,30,1.8,-22.1,65.1,3.2,1.0,1,,False,,0,0,False,3945.9,30,30,6857.0,1.24,140.4,13.8,133.7,30,1.0,1.671811904499987,4.306704588368993,False,False,False,133.7
220433363,8.7057,3410.0,0.427535,29,2691.55,1.2832,1354.878,4.2,15842.0,5.87,5737.3,531,122.0,-5128.3,3009.4,9.3,1.0,78,"00220433363-02(1:3,ntoi=2)",True,,0,0,False,16222.0,461,531,14626.0,2.43,135.3,15.5,133.5,357,0.8681732580037664,1.159544784755069,3.622111069118531,False,False,False,133.5
309321971,12.8843,3339.0,0.682513,1,24.1,0.63343,4153.8506,4.5,32732.0,13.47,178.2,35,4.3,-64.2,126.1,4.5,0.5,2,"00309321971-01(1:1,ntoi=2);00309321971-02(1:1,ntoi=2)",True,,0,0,False,20152.8,35,35,39388.0,1.3,137.7,7.0,133.1,35,1.0,1.2517428576871306,3.59498755863863,False,False,False,133.1
100678986,11.0098,4963.0,1.14875,1,24.28,0.61724,4266.5808,7.2,14073.0,14.87,376.6,32,9.1,-69.8,214.1,3.1,1.0,0,,False,,0,0,False,9610.8,31,31,19328.0,1.19,147.5,24.1,133.0,31,1.0,1.7559413169477893,4.100364818862613,False,False,False,133.0
139546447,12.9447,3209.0,0.527696,2,54.9,2.00271,4237.356,6.3,19240.0,7.99,167.2,20,7.1,194.6,122.8,3.9,0.5,1,,False,,0,0,False,12190.7,20,20,25387.0,1.15,138.0,23.3,131.8,20,1.0,1.547640849492207,4.070711885168371,False,False,False,131.8
147828926,12.7483,3517.0,0.968501,1,24.06,0.49475,4153.4028,4.8,46978.0,22.9,406.3,44,3.7,-211.4,332.7,7.1,1.0,2,,False,,0,0,False,31519.1,44,44,59020.0,1.37,134.3,6.4,130.2,44,1.0,1.4556946212450668,3.297394886225878,False,False,False,130.2
220433364,9.42788,3268.0,0.351215,28,2633.97,1.2832,1354.878,4.2,30130.0,6.65,5457.9,502,1.4,-4947.5,2929.4,9.2,1.0,86,,False,,0,0,False,31295.1,433,501,28365.0,2.43,131.7,16.2,129.6,333,0.8642714570858283,1.017080001268126,4.129468669881733,False,False,False,129.6
309321971,12.8843,3339.0,0.682513,1,24.1,0.63322,4153.8506,4.5,32789.0,13.48,178.7,35,4.4,-64.4,86.6,2.7,1.0,2,"00309321971-01(1:1,ntoi=2);00309321971-02(1:1,ntoi=2)",True,,0,0,False,20152.8,35,35,39388.0,1.31,133.4,6.7,128.7,35,1.0,1.2516045129846678,3.595384926560364,False,False,False,128.7
311925584,12.1821,3709.0,0.595068,18,2662.78,3.64597,1325.7442,1.05,7008.0,5.43,116.0,110,37.9,-2.8,57.3,12.8,1.0,30,"00311925584-01(1:1,ntoi=1);00311925584-01(1:1,ntoi=1);00311925584-01(1:1,ntoi=1);00311925584-01(1:1,ntoi=1);00311925584-01(1:1,ntoi=1);00311925584-01(1:1,ntoi=2);00311925584-01(1:1,ntoi=1);00311925584-01(1:1,ntoi=1);00311925584-01(1:1,ntoi=2);00311925584-01(1:1,ntoi=1);00311925584-01(1:1,ntoi=1);00311925584-01(1:1,ntoi=1);00311925584-01(1:1,ntoi=1);00311925584-01(2:1,ntoi=1);00311925584-01(1:1,ntoi=1);00311925584-01(1:1,ntoi=1);00311925584-01(2:1,ntoi=2);00311925584-01(1:1,ntoi=1);00311925584-01(1:1,ntoi=1);00311925584-01(1:1,ntoi=1);00311925584-01(1:1,ntoi=1);00311925584-01(2:1,ntoi=2);00311925584-02(2:1,ntoi=2);00311925584-01(1:1,ntoi=1);00311925584-01(1:1,ntoi=1);00311925584-01(1:1,ntoi=1)",True,,0,0,False,1831.1,110,110,7487.0,1.55,126.5,18.2,124.7,110,1.0,2.047341966310807,0.5128600972762943,False,False,False,124.7
66471572,12.2429,3956.0,0.58988,1,25.78,0.66794,4265.0391,7.2,23365.0,9.84,309.5,33,1.9,-107.9,169.1,2.7,1.0,0,,False,,0,0,False,16783.5,33,33,30488.0,1.2,131.8,12.3,124.4,33,1.0,1.1560143517500843,6.22829637806828,False,False,False,124.4
34144383,11.4972,6108.0,1.12984,1,25.73,0.76441,4265.3171,7.2,12859.0,13.98,287.8,30,1.2,-68.5,160.5,2.0,1.0,0,,False,,0,0,False,11053.3,30,30,15701.0,1.41,138.8,17.7,124.1,30,1.0,1.8649264622043757,3.8607420431417303,False,False,False,124.1
37875573,11.8326,4977.0,1.05595,1,23.78,0.6386,4267.1497,7.2,5520.0,8.56,100.2,30,1.1,-24.1,62.3,3.0,1.0,1,,False,,0,0,False,3945.9,30,30,6845.0,1.41,128.2,25.6,124.0,30,1.0,1.6789850731698297,4.288304949850926,False,False,False,124.0
44790651,13.1078,3570.0,0.458902,2,54.83,0.89098,4236.2385,6.3,46893.0,10.84,355.3,48,0.7,43.9,354.7,9.9,1.0,1,,False,,0,0,False,27062.4,48,48,49147.0,1.44,126.2,20.4,123.4,48,1.0,1.0764096423745584,5.85279038015881,False,False,False,123.4
358176584,11.231,3670.0,0.527773,41,2662.77,4.52116,1325.761,4.5,4846.0,4.01,378.5,211,8.4,-2.4,372.7,8.1,1.0,61,"00358176584-01(2:1,ntoi=1)",True,,0,0,True,5220.9,197,210,6799.0,2.01,126.1,41.7,122.2,175,0.9380952380952381,2.0304378407897583,2.2162707518540343,False,False,False,122.2
2929964,11.1655,4238.0,1.09579,1,24.22,1.16003,4153.8701,6.3,6346.0,9.52,149.8,20,0.5,23.3,150.8,6.4,1.0,0,,False,,0,0,False,3231.4,20,20,6527.0,1.14,128.3,5.3,121.7,20,1.0,2.099824133696692,3.000251258618023,False,False,False,121.7
220433363,8.7057,3410.0,0.427535,29,2691.55,1.71095,1355.303,4.2,15626.0,5.83,4995.7,398,83.9,5566.2,1079.4,2.9,0.5,78,,False,,0,0,False,16222.0,350,398,16236.0,2.04,122.1,16.1,120.2,272,0.8793969849246231,1.276248317765818,3.2908956208087,False,False,False,120.2
32907180,12.3874,4737.0,0.732365,1,24.93,0.54913,4180.0369,6.3,10001.0,7.99,91.2,42,0.3,-33.5,88.0,7.7,1.0,1,"00032907180-01(1:1,ntoi=1)",True,,0,0,False,7259.4,42,42,13686.0,1.31,121.7,4.7,118.9,42,1.0,1.2509839514246583,5.036035828297693,False,False,False,118.9
349273278,11.1696,3550.0,0.648933,13,1951.79,0.55582,2036.4429,2.1,9257.0,6.81,778.8,537,6.4,920.1,746.6,21.8,1.0,11,"00349273278-03(1:2,ntoi=4);00349273278-01(1:2,ntoi=4);00349273278-02(1:2,ntoi=4);00349273278-04(1:2,ntoi=4);00349273278-02(1:2,ntoi=4);00349273278-03(1:2,ntoi=4);00349273278-01(1:2,ntoi=4);00349273278-04(1:2,ntoi=4);00349273278-01(1:2,ntoi=1);00349273278-01(1:2,ntoi=1)",True,,0,0,False,8338.8,529,537,10408.0,2.35,119.1,8.9,117.7,488,0.9851024208566108,1.1587406883325215,1.812312298295136,False,False,False,117.7
170699466,13.1671,3215.0,0.567462,2,54.06,0.52972,4236.9731,6.3,8322.0,5.65,90.0,74,3.4,-9.2,92.2,3.9,1.0,2,,False,,0,0,False,11852.0,55,73,11941.0,2.04,125.4,253.1,116.2,49,0.7534246575342466,1.042753381968088,6.041697019586173,False,False,False,116.2
685830423,13.2567,3309.0,0.464472,2,54.51,0.6333,4236.5011,7.2,10729.0,5.25,88.1,62,2.7,-21.1,85.4,3.2,1.0,0,,False,,0,0,False,15917.5,48,62,15968.0,2.39,124.2,186.8,115.4,43,0.7741935483870968,0.9683919016423694,7.4350064140240875,False,False,False,115.4
309321971,12.8843,3339.0,0.682513,1,24.1,0.63455,4153.8131,4.5,32063.0,13.33,174.5,35,2.9,-66.0,180.0,7.0,1.0,2,"00309321971-01(1:1,ntoi=2);00309321971-02(1:1,ntoi=2)",True,,0,0,False,20152.8,34,34,37147.0,1.23,118.0,6.2,113.5,34,1.0,1.252480180160873,3.5928712256524524,False,False,False,113.5
382600415,11.3604,6147.0,0.960012,1,25.22,7.2179,4180.5567,4.5,38668.0,20.6,168.7,4,1.7,28.4,167.9,5.8,1.0,1,"00382600415-01(1:1,ntoi=1)",True,,0,0,False,8074.8,4,4,39087.0,1.05,131.2,4.3,113.0,4,1.0,3.5361419366293463,1.2725733527227712,False,False,False,113.0
220433364,9.42788,3268.0,0.351215,28,2633.97,1.71095,1355.303,4.2,29121.0,6.54,4646.5,374,84.5,5184.0,1014.3,2.9,0.5,86,,False,,0,0,False,31295.1,323,374,28598.0,2.24,114.3,17.1,112.0,248,0.8636363636363636,1.1194450250801558,3.7518590961617497,False,False,False,112.0
139546447,12.9447,3209.0,0.527696,2,54.9,3.00622,4237.356,6.3,19280.0,7.99,135.5,12,1.5,-61.7,136.0,4.4,1.0,1,,False,,0,0,False,12190.7,12,12,25945.0,1.14,117.4,22.5,109.3,12,1.0,1.7720300488380616,3.555244452051462,False,False,False,109.3
382600415,11.3604,6147.0,0.960012,1,25.22,3.60656,4180.5567,4.5,28405.0,17.65,152.3,6,78.0,-1.3,101.9,3.0,2.0,1,"00382600415-01(2:1,ntoi=1)",True,,0,0,False,8074.8,6,6,38480.0,1.08,125.0,575.5,105.4,6,1.0,2.8060180200001144,1.6036960446889135,False,False,False,105.4
38842861,12.4708,3882.0,0.574338,32,2634.76,1.02626,1411.743,6.3,2511.0,3.14,174.0,714,0.5,251.9,90.9,9.6,0.5,32,"00038842861-01(1:2,ntoi=1);00038842861-01(1:2,ntoi=2);00038842861-02(1:2,ntoi=2);00038842861-01(1:2,ntoi=1);00038842861-01(1:2,ntoi=1);00038842861-01(1:2,ntoi=1);00038842861-02(1:2,ntoi=3);00038842861-03(1:2,ntoi=3);00038842861-01(1:2,ntoi=3);00038842861-01(1:2,ntoi=1);00038842861-01(1:2,ntoi=1);00038842861-01(1:2,ntoi=1);00038842861-01(1:2,ntoi=1);00038842861-01(1:2,ntoi=1);00038842861-01(1:2,ntoi=1);00038842861-01(1:2,ntoi=1);00038842861-01(1:2,ntoi=1);00038842861-01(1:2,ntoi=1);00038842861-01(1:2,ntoi=1);00038842861-01(1:2,ntoi=1);00038842861-01(1:2,ntoi=1);00038842861-01(1:2,ntoi=1);00038842861-01(1:2,ntoi=1);00038842861-01(1:2,ntoi=1);00038842861-01(1:2,ntoi=1);00038842861-01(1:2,ntoi=1);00038842861-01(1:2,ntoi=1);00038842861-01(1:2,ntoi=1);00038842861-01(1:2,ntoi=1);00038842861-01(1:2,ntoi=1);00038842861-01(1:2,ntoi=1);00038842861-01(1:2,ntoi=1)",True,,0,0,False,3284.4,709,712,2348.0,3.17,103.7,6.3,103.0,649,0.9957865168539326,1.3104057669081104,4.807671149726995,False,False,False,103.0
220433363,8.7057,3410.0,0.427535,29,2691.55,2.13866,1354.453,4.2,14976.0,5.71,4311.3,318,116.8,-4156.6,2309.9,8.1,1.0,78,,False,,0,0,False,16222.0,277,316,15581.0,2.12,104.9,15.3,102.9,211,0.8765822784810127,1.3747909318782927,3.0550099674150433,False,False,False,102.9
220433364,9.42788,3268.0,0.351215,28,2633.97,2.13866,1355.753,4.2,28579.0,6.48,4107.7,301,21.5,-3842.2,2239.4,6.7,1.0,86,,False,,0,0,False,31295.1,260,301,28808.0,2.22,105.4,15.3,102.9,203,0.8637873754152824,1.2058804292182126,3.4829323855292293,False,False,False,102.9
294329266,12.2371,3311.0,0.478292,40,2662.78,1.11146,1325.7499,3.15,7670.0,4.57,501.6,812,4.6,-330.4,551.8,16.8,1.0,46,"00294329266-03(1:3,ntoi=3);00294329266-01(1:3,ntoi=3);00294329266-01(1:1,ntoi=1);00294329266-01(1:1,ntoi=3);00294329266-02(1:1,ntoi=3);00294329266-03(1:1,ntoi=3)",True,,0,0,False,7953.0,799,810,5509.0,5.15,98.7,8.3,98.6,735,0.9864197530864197,1.1911551089294343,2.644491868763508,False,False,False,98.6
460191832,12.7357,3470.0,1.06591,1,24.1,0.77979,4153.9944,4.8,62323.0,29.03,393.9,29,5.9,27.4,381.0,7.0,1.0,3,,False,,0,0,False,34947.4,29,29,68156.0,1.23,101.1,13.1,97.3,29,1.0,1.8058480544321147,2.658030939103266,False,False,False,97.3
183559612,11.3591,5575.0,0.966447,4,106.58,2.16243,4155.3693,6.3,10560.0,10.83,364.2,39,9.9,392.3,275.2,4.5,0.5,2,,False,,0,0,False,8487.3,37,39,13659.0,1.66,105.7,34.5,96.0,37,0.9487179487179487,2.376699864899635,2.65073436197887,False,False,False,96.0
349273278,11.1696,3550.0,0.648933,13,1951.79,0.83374,2036.4304,2.1,8622.0,6.57,612.7,357,8.1,-299.7,592.2,17.0,1.0,11,"00349273278-03(1:3,ntoi=4);00349273278-01(1:3,ntoi=4);00349273278-02(1:3,ntoi=4);00349273278-04(1:3,ntoi=4);00349273278-02(1:3,ntoi=4);00349273278-03(1:3,ntoi=4);00349273278-01(1:3,ntoi=4);00349273278-04(1:3,ntoi=4);00349273278-01(1:3,ntoi=1);00349273278-01(1:3,ntoi=1)",True,,0,0,False,8338.8,350,357,10677.0,2.35,95.1,10.2,94.3,318,0.9803921568627451,1.3264322725226483,1.5831942900530893,False,False,False,94.3
177630750,13.0192,3392.0,1.09337,1,23.65,0.70518,4154.0459,7.2,13629.0,13.93,86.8,30,3.0,-16.0,88.1,6.8,1.0,0,,False,,0,0,False,9724.4,30,30,15281.0,1.48,98.0,42.6,93.3,30,1.0,1.7761776128860935,4.053648659776085,False,False,False,93.3
139546447,12.9447,3209.0,0.527696,2,54.9,5.00538,4236.381,6.3,18323.0,7.79,111.5,9,7.8,-38.4,112.6,3.4,1.0,1,,False,,0,0,False,12190.7,9,9,26118.0,1.06,101.8,22.9,92.9,9,1.0,2.100276695347156,2.99960477300762,False,False,False,92.9
38469354,11.8901,3422.0,0.507706,22,1951.79,2.55511,2037.2486,4.2,10661.0,5.72,528.5,201,4.9,-453.7,476.1,9.3,1.0,32,"00038469354-01(3:1,ntoi=1)",True,,0,0,False,9000.4,201,201,12744.0,1.51,93.5,4.5,92.9,201,1.0,1.6358859602778528,2.5674161292310598,False,False,False,92.9
348839788,9.29995,3797.0,0.556023,44,2720.37,0.5445,1325.6548,3.15,207.0,0.87,102.5,1835,1.2,139.1,88.1,24.8,1.0,31,"00348839788-01(1:1,ntoi=2);00348839788-02(1:1,ntoi=2);00348839788-02(1:1,ntoi=3);00348839788-03(1:1,ntoi=3);00348839788-02(1:1,ntoi=3);00348839788-03(1:1,ntoi=3);00348839788-02(1:1,ntoi=3);00348839788-03(1:1,ntoi=3);00348839788-03(3:1,ntoi=3);00348839788-02(1:1,ntoi=3);00348839788-01(1:1,ntoi=2);00348839788-02(1:1,ntoi=2);00348839788-01(1:2,ntoi=2);00348839788-02(1:2,ntoi=2);00348839788-02(1:2,ntoi=3);00348839788-03(1:2,ntoi=3);00348839788-01(1:2,ntoi=3);00348839788-01(1:1,ntoi=2);00348839788-02(1:1,ntoi=2)",True,,0,0,False,421.8,1581,1829,217.0,10.92,93.2,4.7,92.6,1034,0.864406779661017,1.0381722746784996,3.0341785046951766,False,False,False,92.6
17265411,11.2728,5497.0,0.848189,1,24.91,1.02739,4180.5696,7.2,9802.0,9.16,115.7,23,2.1,-29.8,63.6,2.5,1.0,0,,False,,0,0,False,6751.6,23,23,13031.0,1.29,96.8,53.6,88.3,23,1.0,1.6999983349995857,4.23529826574904,False,False,False,88.3
1169455576,13.2729,3622.0,0.789268,1,23.65,0.70478,4154.0647,6.3,17704.0,11.46,84.7,30,2.5,-22.0,85.5,6.8,1.0,0,,False,,0,0,False,12532.7,30,30,20529.0,1.48,91.1,33.9,87.0,30,1.0,1.4290337350146691,4.408573321703514,False,False,False,87.0
34189613,11.7108,6121.0,1.08766,1,26.03,0.90364,4265.2615,6.0,9226.0,11.4,167.6,26,1.6,-89.7,116.8,3.2,1.0,0,,False,,0,0,False,6744.3,26,26,10518.0,1.65,95.4,52.5,85.2,26,1.0,1.922511211147825,3.120918081105874,False,False,False,85.2
183559612,11.3591,5575.0,0.966447,4,106.58,3.24534,4154.2818,6.3,10106.0,10.6,290.4,28,18.8,-99.0,294.2,4.9,1.0,2,,False,,0,0,False,8487.3,28,28,12406.0,1.69,88.1,32.0,80.5,26,1.0,2.7211160029384844,2.3152265442549096,False,False,False,80.5
220432563,11.3002,3387.0,0.372606,42,2662.78,0.75864,1325.7026,7.2,360.0,0.77,66.0,1224,2.6,-21.3,58.6,8.3,1.0,69,"00220432563-03(2:1,ntoi=3)",True,,0,0,False,1491.6,781,1220,379.0,14.78,78.9,30.5,78.3,616,0.6401639344262295,0.8879464375670427,8.108597202921239,False,False,False,78.3
118283196,12.1042,5832.0,1.09967,2,51.1,0.57424,4153.7326,7.2,3505.0,7.1,44.2,79,0.5,0.0,43.0,7.4,1.0,0,,False,,0,0,False,4825.8,73,79,4367.0,2.99,80.2,38.6,77.4,67,0.9240506329113924,1.665000465253108,4.324323115973111,False,False,False,77.4
124728679,12.2178,3679.0,1.09606,1,24.26,0.82508,4153.8553,6.0,14516.0,14.41,138.5,27,5.0,33.5,133.7,6.7,1.0,0,,False,,0,0,False,9176.0,26,27,15064.0,1.55,80.1,20.3,77.1,26,0.9629629629629629,1.87469174269851,3.200526178967081,False,False,False,77.1
349273278,11.1696,3550.0,0.648933,13,1951.79,1.38954,2036.9929,2.1,8445.0,6.51,478.0,215,2.6,-290.1,453.6,12.7,1.0,11,,False,,0,0,False,8338.8,213,215,10494.0,2.37,78.0,9.6,76.7,194,0.9906976744186047,1.5726492961568814,1.335326321724632,False,False,False,76.7
217549035,12.7677,4324.0,0.72016,1,25.13,1.05551,4179.7937,3.15,23088.0,11.94,71.3,21,30.1,1.5,48.6,3.7,2.0,2,"00217549035-01(2:1,ntoi=2);00217549035-02(2:1,ntoi=2)",True,,0,0,False,10740.3,21,21,28412.0,1.36,81.0,51.0,76.5,21,1.0,1.5380899760942202,2.04799462252463,False,False,False,76.5
38842861,12.4708,3882.0,0.574338,32,2634.76,1.53939,1412.268,6.3,2279.0,2.99,136.7,478,1.8,-108.2,107.1,11.5,1.0,32,"00038842861-01(1:3,ntoi=1);00038842861-01(1:3,ntoi=2);00038842861-02(1:3,ntoi=2);00038842861-01(1:3,ntoi=1);00038842861-01(1:3,ntoi=1);00038842861-01(1:3,ntoi=1);00038842861-02(1:3,ntoi=3);00038842861-03(1:3,ntoi=3);00038842861-01(1:3,ntoi=3);00038842861-01(1:3,ntoi=1);00038842861-01(1:3,ntoi=1);00038842861-01(1:3,ntoi=1);00038842861-01(1:3,ntoi=1);00038842861-01(1:3,ntoi=1);00038842861-01(1:3,ntoi=1);00038842861-01(1:3,ntoi=1);00038842861-01(1:3,ntoi=1);00038842861-01(1:3,ntoi=1);00038842861-01(1:3,ntoi=1);00038842861-01(1:3,ntoi=1);00038842861-01(1:3,ntoi=1);00038842861-01(1:3,ntoi=1);00038842861-01(1:3,ntoi=1);00038842861-01(1:3,ntoi=1);00038842861-01(1:3,ntoi=1);00038842861-01(1:3,ntoi=1);00038842861-01(1:3,ntoi=1);00038842861-01(1:3,ntoi=1);00038842861-01(1:3,ntoi=1);00038842861-01(1:3,ntoi=1);00038842861-01(1:3,ntoi=1);00038842861-01(1:3,ntoi=1)",True,,0,0,False,3284.4,475,478,2098.0,3.09,76.5,5.2,76.3,418,0.9937238493723849,1.5000401449037355,4.1998875972778045,False,False,False,76.3
217549035,12.7677,4324.0,0.72016,1,25.13,2.11246,4179.7749,3.15,31959.0,14.05,74.1,11,1.3,28.6,74.6,6.3,1.0,2,"00217549035-01(1:1,ntoi=2);00217549035-02(1:1,ntoi=2)",True,,0,0,False,10740.3,11,11,32686.0,1.22,81.5,6.9,76.1,11,1.0,1.9383124672610061,1.62512497505173,False,False,False,76.1
150165810,11.936,3639.0,0.550254,13,1951.7,2.1058,2037.6225,4.5,2089.0,2.74,85.8,144,0.7,-13.1,76.7,6.5,2.0,16,"00150165810-05(1:3,ntoi=5);00150165810-03(1:3,ntoi=5);00150165810-06(1:3,ntoi=6);00150165810-04(1:3,ntoi=6);00150165810-05(1:3,ntoi=6);00150165810-02(1:3,ntoi=6)",True,,0,0,False,3282.5,105,144,2974.0,3.48,76.3,22.7,74.7,98,0.7291666666666666,1.6182892157082547,2.7807143224584525,False,False,False,74.7
40340867,12.286,3901.0,0.61829,31,2634.76,2.32173,1411.855,6.3,1239.0,2.37,63.7,320,33.2,2.7,24.7,9.6,2.0,41,"00040340867-01(2:1,ntoi=2);00040340867-02(2:1,ntoi=2);00040340867-01(2:1,ntoi=2);00040340867-02(2:1,ntoi=2);00040340867-01(2:1,ntoi=2);00040340867-02(2:1,ntoi=2);00040340867-01(2:1,ntoi=2);00040340867-02(2:1,ntoi=2);00040340867-02(2:1,ntoi=2);00040340867-01(2:1,ntoi=2);00040340867-02(2:1,ntoi=2);00040340867-01(2:1,ntoi=2);00040340867-01(2:1,ntoi=1);00040340867-01(2:1,ntoi=1);00040340867-01(2:1,ntoi=1);00040340867-01(2:1,ntoi=1);00040340867-01(2:1,ntoi=1);00040340867-01(2:1,ntoi=1);00040340867-01(2:1,ntoi=1);00040340867-01(2:1,ntoi=1);00040340867-01(2:1,ntoi=1);00040340867-01(2:1,ntoi=1);00040340867-01(2:1,ntoi=1);00040340867-01(2:1,ntoi=1);00040340867-01(2:1,ntoi=1);00040340867-01(2:1,ntoi=1);00040340867-01(2:1,ntoi=1);00040340867-01(2:1,ntoi=1);00040340867-01(2:1,ntoi=1);00040340867-01(2:1,ntoi=1);00040340867-01(2:1,ntoi=1);00040340867-01(2:1,ntoi=1);00040340867-01(2:1,ntoi=1);00040340867-01(2:1,ntoi=1);00040340867-01(2:1,ntoi=1);00040340867-01(2:1,ntoi=1);00040340867-01(2:1,ntoi=1);00040340867-01(2:1,ntoi=1);00040340867-01(2:1,ntoi=1)",True,,0,0,False,1997.7,315,320,1256.0,3.49,74.8,7.2,74.4,234,0.984375,1.8069259153281836,3.4865845614128346,False,False,False,74.4
464418941,13.0201,3847.0,0.564805,1,24.76,0.72482,4179.8252,7.2,11944.0,6.73,66.3,31,23.9,-23.5,64.4,5.1,1.0,1,,False,,0,0,False,10614.7,31,31,13734.0,1.9,77.3,24.5,73.9,31,1.0,1.154030725739137,6.239001994845955,False,False,False,73.9
161098507,12.8361,3595.0,0.674343,1,23.58,0.5531,4153.8982,6.3,6640.0,6.0,50.6,38,13.2,-12.0,51.2,6.1,1.0,0,,False,,0,0,False,6072.7,38,38,7858.0,1.4,76.0,6.6,73.4,38,1.0,1.1868525010074737,5.308157496110233,False,False,False,73.4
287350461,11.5553,3192.0,0.303905,30,2633.96,0.74696,1354.3037,4.2,1739.0,1.38,171.7,938,3.3,231.0,92.1,8.8,1.0,21,"00287350461-02(1:1,ntoi=4);00287350461-01(1:1,ntoi=4);00287350461-03(1:1,ntoi=3);00287350461-01(1:1,ntoi=3);00287350461-02(1:1,ntoi=3);00287350461-04(1:1,ntoi=4);00287350461-01(1:1,ntoi=4);00287350461-03(1:1,ntoi=4)",True,,0,0,False,2971.0,845,937,1713.0,4.45,73.2,6.1,72.9,651,0.9018143009605123,0.7711389495988535,5.446489250977194,False,False,False,72.9
294329266,12.2371,3311.0,0.478292,40,2662.78,1.85244,1326.8561,3.15,7356.0,4.48,381.2,487,2.7,-272.2,422.5,12.6,1.0,46,,False,,0,0,False,7953.0,476,486,5625.0,4.2,74.2,9.5,72.9,427,0.9794238683127572,1.4122722380440564,2.230448149545608,False,False,False,72.9
33983813,13.2542,4176.0,0.652518,1,24.93,1.33812,4266.6231,6.3,27671.0,11.84,172.7,16,1.3,-21.7,90.1,2.3,1.0,0,,False,,0,0,False,15250.4,16,16,28740.0,1.29,84.0,18.7,72.8,16,1.0,1.558720733398939,4.041775967310225,False,False,False,72.8
38022287,11.6408,5177.0,0.819275,1,24.49,2.08113,4267.7738,4.5,11714.0,9.67,150.1,10,1.9,-66.5,148.9,2.9,1.0,1,,False,,0,0,False,7999.2,10,10,15374.0,1.23,84.4,10.2,72.8,10,1.0,2.1018150575981123,2.141006642678856,False,False,False,72.8
33983813,13.2542,4176.0,0.652518,1,24.93,1.33894,4266.6231,6.3,27601.0,11.83,172.2,16,1.1,-16.0,172.2,5.7,1.0,0,,False,,0,0,False,15250.4,16,16,28808.0,1.29,82.8,21.6,72.6,16,1.0,1.5590390630969657,4.040950704266072,False,False,False,72.6
34436355,11.5955,6388.0,1.15576,1,26.03,1.00687,4265.01,7.2,3499.0,7.46,70.5,23,3.1,-12.0,69.5,6.3,1.0,0,,False,,0,0,False,2369.9,23,23,3186.0,1.98,77.0,32.6,72.3,23,1.0,2.0754448661854403,3.4691357584618596,False,False,False,72.3
311925584,12.1821,3709.0,0.595068,18,2662.78,10.93791,1329.3942,1.05,7251.0,5.53,67.7,37,22.3,-2.9,30.3,6.3,1.0,30,"00311925584-01(1:3,ntoi=1);00311925584-01(1:3,ntoi=1);00311925584-01(1:3,ntoi=1);00311925584-01(1:3,ntoi=1);00311925584-01(1:3,ntoi=1);00311925584-01(1:3,ntoi=2);00311925584-01(1:3,ntoi=1);00311925584-01(1:3,ntoi=1);00311925584-01(1:3,ntoi=2);00311925584-01(1:3,ntoi=1);00311925584-01(1:3,ntoi=1);00311925584-01(1:3,ntoi=1);00311925584-01(1:3,ntoi=1);00311925584-01(1:3,ntoi=1);00311925584-01(1:3,ntoi=1);00311925584-01(1:3,ntoi=1);00311925584-01(1:3,ntoi=1);00311925584-01(1:3,ntoi=1);00311925584-01(1:3,ntoi=1);00311925584-01(1:3,ntoi=1);00311925584-01(1:3,ntoi=1);00311925584-01(1:3,ntoi=1)",True,,0,0,False,1831.1,37,37,8229.0,1.36,74.4,18.6,71.9,37,1.0,2.9527780711840856,0.3555973306110819,False,False,False,71.9
311925584,12.1821,3709.0,0.595068,18,2662.78,1.21533,1325.738,1.05,2440.0,3.21,66.6,329,24.3,-0.7,34.8,7.1,1.0,30,"00311925584-01(3:1,ntoi=1);00311925584-01(3:1,ntoi=1);00311925584-01(3:1,ntoi=1);00311925584-01(3:1,ntoi=1);00311925584-01(3:1,ntoi=1);00311925584-01(3:1,ntoi=2);00311925584-01(3:1,ntoi=1);00311925584-01(3:1,ntoi=1);00311925584-01(3:1,ntoi=2);00311925584-01(3:1,ntoi=1);00311925584-01(3:1,ntoi=1);00311925584-01(3:1,ntoi=1);00311925584-01(3:1,ntoi=1);00311925584-01(3:1,ntoi=1);00311925584-01(3:1,ntoi=1);00311925584-01(3:1,ntoi=1);00311925584-01(3:1,ntoi=1);00311925584-01(3:1,ntoi=1);00311925584-01(3:1,ntoi=1);00311925584-01(3:1,ntoi=1);00311925584-01(3:1,ntoi=1);00311925584-01(3:1,ntoi=1)",True,,0,0,False,1831.1,219,328,493.0,25.82,72.5,38.6,71.0,126,0.6676829268292683,1.4195502304349956,0.7396709024366446,False,False,False,71.0
44790651,13.1078,3570.0,0.458902,2,54.83,1.78207,4236.2385,6.3,39112.0,9.9,232.0,24,1.8,268.2,160.4,3.8,0.5,1,,False,,0,0,False,27062.4,24,24,45371.0,1.24,73.2,5.2,70.5,24,1.0,1.3562190719577647,4.645267221397837,False,False,False,70.5
615165,13.2481,3086.0,0.431775,1,24.07,0.6076,4236.619,7.2,6608.0,3.83,45.9,29,0.1,-3.6,46.4,5.7,1.0,0,,False,,0,0,False,5728.2,29,29,7733.0,1.78,74.2,39.0,69.1,29,1.0,0.909744023049459,7.91431415604757,False,False,False,69.1
4404604,10.2544,5906.0,1.0241,1,24.24,1.68444,4154.4699,6.3,8944.0,10.57,301.2,13,19.8,-81.6,219.5,3.6,1.0,1,,False,,0,0,False,4661.5,13,13,8271.0,1.7,76.1,68.6,69.1,13,1.0,2.272942172980869,2.771737915240409,False,False,False,69.1
4404604,10.2544,5906.0,1.0241,1,24.24,1.68584,4154.4699,6.3,8965.0,10.58,301.3,13,18.8,-79.0,216.5,3.5,1.0,1,,False,,0,0,False,4661.5,13,13,8190.0,1.72,75.8,68.3,68.8,13,1.0,2.273571707199359,2.770970442696304,False,False,False,68.8
4404604,10.2544,5906.0,1.0241,1,24.24,1.68601,4154.4699,6.3,8960.0,10.58,301.1,13,19.9,-78.2,302.0,5.4,1.0,1,,False,,0,0,False,4661.5,13,13,8231.0,1.71,75.8,67.9,68.8,13,1.0,2.2736481269068776,2.7708773074621105,False,False,False,68.8
276302140,12.971,3335.0,0.703019,1,24.08,0.65221,4153.9393,6.0,38196.0,14.99,272.3,36,8.6,14.9,253.8,6.7,1.0,1,,False,,0,0,False,25633.7,35,36,37047.0,1.46,71.0,31.5,67.7,35,0.9722222222222222,1.2891857216140759,4.654100568603822,False,False,False,67.7
287350462,12.2466,3196.0,0.22586,30,2633.96,0.64701,1354.6193,3.15,2633.0,1.26,137.7,1077,1.9,176.6,96.9,15.4,1.0,23,"00287350462-02(1:1,ntoi=3);00287350462-03(1:1,ntoi=3);00287350462-03(1:1,ntoi=4);00287350462-03(1:1,ntoi=4);00287350462-04(1:1,ntoi=4)",True,,0,0,False,5225.9,796,1074,2968.0,4.67,67.8,14.3,67.5,624,0.7411545623836127,0.6031215423398191,5.222827869453191,False,False,False,67.5
287350462,12.2466,3196.0,0.22586,30,2633.96,0.74695,1354.3287,3.0,3167.0,1.39,153.6,933,3.5,184.9,83.0,8.2,1.0,23,"00287350462-01(1:1,ntoi=4);00287350462-02(1:1,ntoi=4);00287350462-01(1:1,ntoi=1)",True,,0,0,False,5225.9,773,932,3235.0,4.68,67.6,7.7,67.3,588,0.8293991416309013,0.6327007565417857,4.741578019279435,False,False,False,67.3
382160308,10.8244,3767.0,0.617725,34,2662.73,0.50181,1325.8773,6.0,149.0,0.82,33.3,1465,1.7,-3.2,35.3,19.9,1.0,17,"00382160308-03(2:1,ntoi=3);00382160308-01(2:1,ntoi=3);00382160308-03(2:1,ntoi=3);00382160308-03(2:1,ntoi=3);00382160308-01(2:1,ntoi=3)",True,,0,0,False,756.7,1052,1462,193.0,11.74,67.5,10.3,67.1,654,0.719562243502052,1.083722732289714,5.536471480415534,False,False,False,67.1
317547984,13.4802,3310.0,0.502175,1,25.74,0.75247,4264.9769,6.3,11974.0,6.0,71.5,31,0.7,-5.7,67.6,4.9,1.0,0,,False,,0,0,False,9268.7,31,31,13239.0,1.24,69.8,5.8,67.0,30,1.0,1.0804584809652888,5.830858020913064,False,False,False,67.0
382600415,11.3604,6147.0,0.960012,1,25.22,2.40644,4180.5567,4.5,16351.0,13.39,106.8,9,12.7,11.0,105.9,3.1,1.0,1,"00382600415-01(3:1,ntoi=1)",True,,0,0,False,8074.8,5,9,2602.0,15.57,84.8,1202.5,66.5,5,0.5555555555555556,2.451984653911941,1.835248027682644,False,False,False,66.5
349273278,11.1696,3550.0,0.648933,13,1951.79,1.94537,2038.1054,2.1,8555.0,6.55,409.5,151,39.8,-271.3,185.9,4.8,0.5,11,,False,,0,0,False,8338.8,148,151,11039.0,2.08,66.8,11.8,65.7,138,0.9801324503311258,1.7593095977270747,1.1936500560862497,False,False,False,65.7
382600415,11.3604,6147.0,0.960012,1,25.22,10.82759,4180.5567,4.5,39078.0,20.7,121.3,2,0.0,-2.4,120.6,3.7,1.0,1,,False,,0,0,False,8074.8,2,2,40276.0,1.02,93.5,3.1,65.6,2,1.0,4.047964258572694,1.1116698944339722,False,False,False,65.6
322681735,11.7383,5855.0,1.027,1,25.14,2.34958,4265.8713,7.2,12023.0,12.29,152.3,9,4.0,162.7,113.0,2.6,0.5,0,,False,,0,0,False,7474.3,9,9,15318.0,1.09,74.7,9.8,65.3,9,1.0,2.544399697884217,2.8297440869793866,False,False,False,65.3
34797530,13.164,5035.0,0.779423,1,26.04,0.71054,4265.0016,7.2,17102.0,11.12,57.8,33,0.3,-12.5,39.5,3.8,1.0,0,,False,,0,0,False,14952.2,32,33,19252.0,1.88,66.0,33.7,63.1,30,0.9696969696969697,1.4209755852143842,5.066941385142608,False,False,False,63.1
34797530,13.164,5035.0,0.779423,1,26.04,0.71042,4265.0016,7.2,17082.0,11.11,57.7,33,0.6,-12.8,57.6,6.2,1.0,0,,False,,0,0,False,14952.2,32,33,19252.0,1.87,65.7,33.7,62.9,30,0.9696969696969697,1.4208955865887283,5.067226661802565,False,False,False,62.9
349801741,13.4481,3432.0,0.496897,1,25.05,0.66747,4180.0496,7.2,7230.0,4.61,44.4,34,0.3,-17.9,24.5,2.7,1.0,2,,False,,0,0,False,7419.5,34,34,9620.0,2.01,67.1,9.7,62.8,34,1.0,1.0308523391709041,6.984511482789892,False,False,False,62.8
349801741,13.4481,3432.0,0.496897,1,25.05,0.66777,4180.0496,7.2,7224.0,4.61,44.4,34,0.7,-17.3,46.8,6.6,1.0,2,,False,,0,0,False,7419.5,34,34,9786.0,1.99,66.9,10.0,62.8,34,1.0,1.0310067577868682,6.983465380435846,False,False,False,62.8
257431763,12.3199,3552.0,0.860434,2,54.89,1.41285,4236.7379,7.2,7570.0,8.17,128.4,31,6.1,15.7,124.9,5.2,1.0,2,,False,,0,0,False,6556.7,28,31,8422.0,2.22,70.9,74.7,62.7,26,0.9032258064516129,1.908616562141894,3.772365881557683,False,False,False,62.7
262072647,13.4609,3198.0,0.525316,1,25.38,0.73651,4179.3004,7.2,23383.0,8.76,40.0,32,0.9,-19.7,25.9,3.9,0.5,0,,False,,0,0,False,22216.2,32,32,29933.0,1.32,65.1,4.1,62.5,32,1.0,1.1054733120032416,6.5130473271695655,False,False,False,62.5
332316375,11.6174,4806.0,0.778719,1,25.38,0.90479,4180.05,7.2,3680.0,5.15,49.0,27,0.7,-28.1,46.6,6.3,1.0,0,,False,,0,0,False,3054.0,27,27,4381.0,1.59,64.6,7.2,62.5,26,1.0,1.5392579505727142,4.67757856785543,False,False,False,62.5
262072647,13.4609,3198.0,0.525316,1,25.38,0.73658,4179.3004,7.2,23469.0,8.78,40.1,32,0.8,-19.8,38.9,6.6,1.0,0,,False,,0,0,False,22216.2,32,32,30071.0,1.31,65.1,4.2,62.4,32,1.0,1.10550833333375,6.512841000743808,False,False,False,62.4
172938292,12.9377,3332.0,1.05012,1,23.85,1.25904,4154.2248,1.58,46204.0,24.63,119.8,17,7.6,-17.0,119.9,5.8,1.0,1,"00172938292-01(1:3,ntoi=1)",True,,0,0,False,23563.6,17,17,52992.0,1.24,68.4,4.5,62.2,17,1.0,2.097558538558086,0.7532566891249345,False,False,False,62.2
38842861,12.4708,3882.0,0.574338,32,2634.76,2.56567,1413.2805,6.3,2089.0,2.86,100.9,288,0.7,-88.5,81.1,8.4,1.0,32,,False,,0,0,False,3284.4,287,287,2163.0,3.13,60.9,5.3,60.7,256,1.0,1.778498870575555,3.5423131857043035,False,False,False,60.7
287350461,11.5553,3192.0,0.303905,30,2633.96,0.64701,1354.6193,3.15,1326.0,1.21,124.4,1077,1.2,158.6,85.0,13.6,1.0,21,"00287350461-02(1:1,ntoi=3);00287350461-03(1:1,ntoi=3)",True,,0,0,False,2971.0,773,1075,1466.0,6.29,60.2,15.4,59.9,589,0.7190697674418605,0.7350843702030992,4.285222387641944,False,False,False,59.9
322681735,11.7383,5855.0,1.027,1,25.14,3.51804,4267.0526,6.3,12489.0,12.52,126.6,6,0.9,-42.3,126.3,3.0,1.0,0,,False,,0,0,False,7474.3,6,6,16133.0,1.08,67.4,9.8,58.9,6,1.0,2.9108657812828027,2.1643045311500497,False,False,False,58.9
348839788,9.29995,3797.0,0.556023,44,2720.37,0.81675,1325.9142,3.0,190.0,0.84,79.5,1220,2.7,-69.0,70.5,19.5,1.0,31,"00348839788-01(1:1,ntoi=3);00348839788-02(1:1,ntoi=3);00348839788-03(1:1,ntoi=3);00348839788-01(1:1,ntoi=3);00348839788-02(1:1,ntoi=3);00348839788-03(1:1,ntoi=3);00348839788-03(2:1,ntoi=3);00348839788-01(1:3,ntoi=2);00348839788-02(1:3,ntoi=2);00348839788-02(1:3,ntoi=3);00348839788-03(1:3,ntoi=3);00348839788-01(1:3,ntoi=3)",True,,0,0,False,421.8,1022,1216,174.0,5.82,59.0,3.6,58.6,552,0.8404605263157895,1.1884105890484684,2.5243800649757144,False,False,False,58.6
177630750,13.0192,3392.0,1.09337,1,23.65,0.65842,4154.2334,7.2,6946.0,9.94,44.6,33,0.4,-15.0,43.3,2.6,1.0,0,,False,,0,0,False,9724.4,23,33,10891.0,2.25,68.0,139.6,58.1,21,0.696969696969697,1.7360173762669047,4.147423924686013,False,False,False,58.1
220391763,11.6309,3155.0,0.259946,26,2633.97,1.17608,1355.2096,4.5,776.0,0.79,68.9,514,0.5,81.4,39.6,5.2,0.5,18,"00220391763-01(1:2,ntoi=2);00220391763-02(1:2,ntoi=2);00220391763-01(1:2,ntoi=2);00220391763-02(1:2,ntoi=2);00220391763-01(1:2,ntoi=2);00220391763-02(1:2,ntoi=2);00220391763-01(1:2,ntoi=2);00220391763-02(1:2,ntoi=2);00220391763-01(1:2,ntoi=2);00220391763-02(1:2,ntoi=2);00220391763-02(1:1,ntoi=3);00220391763-03(1:1,ntoi=3);00220391763-01(1:1,ntoi=3);00220391763-01(1:1,ntoi=2);00220391763-02(1:1,ntoi=2);00220391763-03(2:1,ntoi=3);00220391763-01(1:1,ntoi=3);00220391763-02(1:1,ntoi=3)",True,,0,0,False,1620.1,414,514,895.0,4.04,58.4,13.2,58.0,320,0.8054474708171206,0.8083684249502979,5.566768642994288,False,False,False,58.0
44790651,13.1078,3570.0,0.458902,2,54.83,2.67257,4236.2385,6.3,37269.0,9.67,181.6,17,5.1,-42.4,183.9,4.5,1.0,1,,False,,0,0,False,27062.4,17,17,47686.0,1.25,60.5,7.3,57.0,17,1.0,1.5523797085244393,4.058285460319658,False,False,False,57.0
161032402,11.588,3650.0,0.642392,1,25.0,2.31165,4179.7953,7.2,7881.0,6.22,108.7,10,1.3,44.5,107.8,5.0,1.0,1,,False,,0,0,False,4453.9,10,10,9413.0,1.18,61.1,6.8,56.6,10,1.0,1.8508976459987678,3.890004407085833,False,False,False,56.6
311925584,12.1821,3709.0,0.595068,18,2662.78,18.22992,1325.738,1.05,7338.0,5.56,54.5,24,15.7,-2.4,15.9,3.2,2.0,30,,False,,0,0,False,1831.1,24,24,7999.0,1.37,59.6,12.8,56.4,24,1.0,3.5009099979986043,0.2999220204461876,False,False,False,56.4
290050983,12.0283,3713.0,0.567524,1,25.78,0.9359,4265.6221,6.3,10002.0,6.19,147.3,24,1.6,57.2,152.4,7.2,1.0,0,,False,,0,0,False,6592.6,24,24,10176.0,1.46,59.3,11.6,56.3,24,1.0,1.2606879387118464,4.997271574151216,False,False,False,56.3
287350462,12.2466,3196.0,0.22586,30,2633.96,0.87554,1354.4131,2.25,2764.0,1.3,111.5,792,2.2,-86.9,94.3,9.5,1.0,23,"00287350462-01(1:3,ntoi=4);00287350462-02(1:3,ntoi=4)",True,,0,0,False,5225.9,571,792,2930.0,6.01,56.8,20.3,56.3,429,0.7209595959595959,0.667103430434536,3.372790331080146,False,False,False,56.3
59556299,10.7986,3949.0,0.657561,1,25.38,0.68048,4179.3001,7.2,1402.0,2.69,35.2,35,0.5,-13.7,35.2,5.5,1.0,0,,False,,0,0,False,1507.9,35,35,1629.0,2.88,58.8,10.2,55.9,35,1.0,1.2505587923737382,5.757426235301883,False,False,False,55.9
122560368,10.9652,5911.0,1.07292,3,80.25,0.55151,4180.4679,6.3,476.0,2.55,28.4,117,1.4,-11.8,28.9,12.9,1.0,1,"00122560368-01(1:1,ntoi=1)",True,,0,0,False,843.0,109,117,483.0,4.72,57.4,17.6,55.3,92,0.9316239316239316,1.6159862152049385,3.898548106860576,False,False,False,55.3
420963642,12.4047,5401.0,1.13947,1,25.78,0.53805,4264.8947,6.3,2556.0,6.29,38.8,44,6.8,-7.0,21.4,2.4,0.5,0,,False,,0,0,False,2801.8,44,44,3230.0,2.37,57.8,14.0,54.9,43,1.0,1.6683395150709976,3.7762097840929565,False,False,False,54.9
442919983,12.2288,4511.0,0.799358,1,25.64,0.65072,4265.3668,7.2,2557.0,4.41,38.6,35,0.9,-10.5,23.0,2.3,1.0,0,,False,,0,0,False,2842.0,32,35,3270.0,1.86,57.5,32.8,54.7,32,0.9142857142857143,1.4033539763790988,5.130565859497026,False,False,False,54.7
60584872,12.3851,5260.0,0.86917,1,25.13,2.39634,4265.7776,6.3,9405.0,9.2,67.1,9,0.5,72.0,50.1,2.5,0.5,0,,False,,0,0,False,6038.6,9,9,12459.0,1.11,61.1,8.3,54.7,9,1.0,2.291540787273127,2.749241922722586,False,False,False,54.7
150165810,11.936,3639.0,0.550254,13,1951.7,1.40393,2037.585,6.0,1944.0,2.65,106.1,214,5.1,128.8,63.5,5.2,0.5,16,"00150165810-05(1:2,ntoi=5);00150165810-03(1:2,ntoi=5);00150165810-06(1:2,ntoi=6);00150165810-04(1:2,ntoi=6);00150165810-05(1:2,ntoi=6);00150165810-02(1:2,ntoi=6);00150165810-01(1:1,ntoi=2);00150165810-02(1:1,ntoi=2)",True,,0,0,False,3282.5,162,214,2236.0,2.69,54.6,13.1,53.8,147,0.7570093457943925,1.4137271038875,4.244100564741992,False,False,False,53.8
420963642,12.4047,5401.0,1.13947,1,25.78,0.53729,4264.8955,6.3,2486.0,6.2,37.8,44,4.3,-5.5,21.6,2.4,1.0,0,,False,,0,0,False,2801.8,43,43,3310.0,2.38,55.7,13.7,53.1,43,1.0,1.6675536305551246,3.7779894358796393,False,False,False,53.1
17265411,11.2728,5497.0,0.848189,1,24.91,2.0604,4180.5509,6.3,8767.0,8.66,76.6,11,0.6,86.4,62.3,2.4,0.5,0,,False,,0,0,False,6751.6,11,11,11444.0,1.5,60.2,67.7,52.6,11,1.0,2.143814636584501,2.938686905336686,False,False,False,52.6
287350461,11.5553,3192.0,0.303905,30,2633.96,0.5837,1354.6943,3.15,1524.0,1.29,148.2,1194,0.1,201.7,126.1,12.5,1.0,21,"00287350461-01(1:1,ntoi=2);00287350461-02(1:1,ntoi=2);00287350461-01(1:1,ntoi=3);00287350461-02(1:1,ntoi=2);00287350461-01(1:1,ntoi=2);00287350461-02(1:1,ntoi=4);00287350461-01(1:1,ntoi=1)",True,,0,0,False,2971.0,798,1193,1422.0,6.47,52.6,24.0,52.0,612,0.6689019279128248,0.7102808221393655,4.4348656218989575,False,False,False,52.0
148549396,12.9531,3285.0,0.698671,1,23.78,0.55868,4153.8635,6.3,4336.0,5.02,29.6,38,1.8,-6.2,30.5,7.2,1.0,0,,False,,0,0,False,4594.5,38,38,5019.0,1.65,53.1,5.4,51.4,37,1.0,1.2193016092370352,5.166892221147938,False,False,False,51.4
32833820,12.2366,5629.93,1.10698,1,24.28,0.63467,4266.487,4.5,18206.0,16.3,241.8,30,0.4,-89.4,241.7,4.5,1.0,0,,False,,0,0,False,14193.4,25,30,20406.0,2.04,63.4,179.7,51.3,25,0.8333333333333334,1.7290894744339955,2.6025258186671,False,False,False,51.3
56437876,13.464,4170.0,0.737821,1,24.36,2.20348,4154.6975,7.2,35906.0,15.25,57.3,10,1.9,60.4,45.6,2.4,0.5,1,,False,,0,0,False,26383.4,10,10,42690.0,2.27,54.9,27.3,50.9,10,1.0,1.9977693217336414,3.604019704212858,False,False,False,50.9
289640569,13.3104,3380.0,0.679791,1,23.96,0.70815,4153.9319,7.2,6778.0,6.11,33.6,30,4.5,-11.7,31.9,6.6,1.0,0,,False,,0,0,False,6735.0,30,30,7860.0,1.83,53.3,7.7,50.8,30,1.0,1.2956876547639904,5.556894806805488,False,False,False,50.8
317025202,10.5426,5622.0,1.04216,1,25.74,2.08156,4266.1502,6.3,5641.0,8.54,148.3,10,12.2,22.2,148.8,5.2,1.0,0,,False,,0,0,False,3046.8,10,10,5789.0,1.3,56.2,5.7,50.4,10,1.0,2.4677104793444036,2.5529737190538335,False,False,False,50.4
248285521,12.3155,4373.0,0.664527,1,24.95,0.78729,4180.0995,6.3,15825.0,9.12,90.5,30,1.3,7.7,91.4,6.8,1.0,0,,False,,0,0,False,12017.5,29,29,16458.0,1.86,52.6,5.4,50.3,29,1.0,1.322091845431475,4.76517574915073,False,False,False,50.3
123386533,13.1361,3299.0,0.640691,1,24.46,0.71566,4152.9578,4.5,16774.0,9.05,77.9,32,2.4,-8.7,38.8,2.9,1.0,0,,False,,0,0,False,12178.4,32,32,18989.0,1.67,52.0,7.6,49.4,32,1.0,1.249902943917507,3.600279543222676,False,False,False,49.4
257607409,13.1844,3676.0,0.525113,2,53.95,3.51175,4238.8765,6.3,9013.0,5.44,52.4,10,1.2,-18.7,52.7,4.0,1.0,0,,False,,0,0,False,6667.6,10,10,11542.0,1.23,54.5,4.5,49.3,10,1.0,1.8601644394682275,3.3867973531420725,False,False,False,49.3
124728679,12.2178,3679.0,1.09606,1,24.26,1.64925,4153.874,4.5,14272.0,14.29,94.6,13,8.1,97.4,69.1,2.8,0.5,0,,False,,0,0,False,9176.0,13,13,16986.0,1.28,52.3,9.3,49.2,13,1.0,2.3615293313879784,1.9055448264769783,False,False,False,49.2
232864710,13.3777,5271.0,0.836114,1,25.17,0.93142,4180.1782,7.2,20399.0,13.03,38.2,25,0.6,-1.9,25.1,3.5,1.0,0,,False,,0,0,False,18786.4,25,25,25415.0,1.25,51.3,5.9,49.0,25,1.0,1.629673026219338,4.418064166345815,False,False,False,49.0
287350462,12.2466,3196.0,0.22586,30,2633.96,0.5837,1354.4131,3.15,2530.0,1.24,137.2,1189,1.1,185.9,119.1,12.3,1.0,23,"00287350462-01(1:1,ntoi=3);00287350462-02(1:1,ntoi=3);00287350462-01(1:1,ntoi=3);00287350462-01(1:1,ntoi=3);00287350462-01(1:2,ntoi=4);00287350462-02(1:2,ntoi=4);00287350462-01(1:1,ntoi=2);00287350462-02(1:1,ntoi=2)",True,,0,0,False,5225.9,803,1187,2219.0,7.89,49.6,24.6,49.0,614,0.6764953664700927,0.5827707434790493,5.4052130022777005,False,False,False,49.0
348839788,9.29995,3797.0,0.556023,44,2720.37,1.36123,1325.9267,2.4,199.0,0.86,60.1,728,3.2,-59.6,53.0,14.2,1.0,31,,False,,0,0,False,421.8,622,725,203.0,4.24,49.1,3.3,48.9,332,0.8579310344827586,1.409009655088631,1.7033240271508518,False,False,False,48.9
160626275,13.3768,3118.0,0.624231,1,24.09,0.73017,4153.682,7.2,8311.0,6.21,33.7,29,3.7,-10.3,33.4,6.4,1.0,0,,False,,0,0,False,8513.4,29,29,9284.0,1.74,51.2,10.8,48.6,29,1.0,1.2366491712020937,5.822184793930835,False,False,False,48.6
159369487,12.4315,3541.0,0.892744,1,23.83,0.51843,4153.8525,6.3,3530.0,5.79,28.6,41,2.4,0.0,29.4,7.3,1.0,1,,False,,0,0,False,4093.7,39,40,4279.0,2.29,51.5,17.3,48.6,37,0.975,1.4004135224988248,4.49867121302757,False,False,False,48.6
34436355,11.5955,6388.0,1.15576,1,26.03,2.0156,4264.9913,6.3,3265.0,7.2,46.4,10,3.2,52.0,33.8,2.4,0.5,0,,False,,0,0,False,2369.9,10,10,4231.0,1.47,54.0,30.0,48.6,10,1.0,2.615701514077671,2.4085316944970527,False,False,False,48.6
232864710,13.3777,5271.0,0.836114,1,25.17,0.92941,4180.197,6.3,21096.0,13.25,38.2,25,0.1,-0.2,40.5,6.5,1.0,0,,False,,0,0,False,18786.4,25,25,26713.0,1.29,51.2,8.1,48.3,25,1.0,1.628499906364491,3.8685909500997746,False,False,False,48.3
348839788,9.29995,3797.0,0.556023,44,2720.37,1.90573,1326.4611,2.25,208.0,0.87,52.2,520,0.3,-49.5,18.4,4.6,1.0,31,,False,,0,0,False,421.8,452,518,238.0,4.35,48.6,3.5,48.3,283,0.8725868725868726,1.5762457260596694,1.4274424112949666,False,False,False,48.3
60584872,12.3851,5260.0,0.86917,1,25.13,3.58252,4266.9964,7.2,9230.0,9.11,58.6,6,2.5,-19.4,58.2,3.2,1.0,0,,False,,0,0,False,6038.6,6,6,11406.0,1.2,56.1,6.0,47.7,6,1.0,2.620239487048639,2.7478404304599917,False,False,False,47.7
118283196,12.1042,5832.0,1.09967,2,51.1,0.54794,4153.7326,7.2,1921.0,5.26,24.1,82,1.0,0.0,23.4,3.1,1.0,0,,False,,0,0,False,4825.8,62,82,2976.0,2.61,51.9,42.9,47.5,56,0.7560975609756098,1.63918340005132,4.3924310115479335,False,False,False,47.5
123386533,13.1361,3299.0,0.640691,1,24.46,0.7178,4153.6172,6.0,14271.0,8.35,71.8,33,2.2,13.0,69.9,6.3,1.0,0,,False,,0,0,False,12178.4,33,33,16583.0,1.99,53.0,13.3,47.2,32,1.0,1.2511475435988642,4.795597474252554,False,False,False,47.2
255400078,13.4978,3350.0,0.922511,1,24.19,0.96003,4153.7783,6.3,23142.0,15.31,102.3,23,22.8,-35.1,102.9,3.0,1.0,0,,False,,0,0,False,30324.2,18,23,23266.0,3.85,53.6,174.9,46.6,17,0.782608695652174,1.7577250057019658,3.5841784008096473,False,False,False,46.6
150323334,11.7426,3796.0,0.586447,34,2662.71,0.94846,1326.0115,3.15,350.0,1.2,32.0,780,0.3,35.6,20.5,18.4,1.0,8,"00150323334-01(1:2,ntoi=1);00150323334-01(1:2,ntoi=1);00150323334-01(1:2,ntoi=1);00150323334-01(1:2,ntoi=1);00150323334-01(1:2,ntoi=1);00150323334-01(1:2,ntoi=1);00150323334-01(1:2,ntoi=1);00150323334-01(1:2,ntoi=1)",True,,0,0,False,1209.7,697,780,424.0,7.32,45.9,1.9,45.7,288,0.8935897435897436,1.2942966088224523,2.4337543485228332,False,False,False,45.7
287350461,11.5553,3192.0,0.303905,30,2633.96,1.45924,1355.5756,2.25,1653.0,1.35,94.1,472,2.3,-69.7,75.7,7.0,1.0,21,,False,,0,0,False,2971.0,329,467,2026.0,5.13,46.1,21.4,45.6,254,0.7044967880085653,0.9639971861242419,2.334031709206686,False,False,False,45.6
615165,13.2481,3086.0,0.431775,1,24.07,0.70205,4236.4878,6.3,5415.0,3.47,36.4,26,1.6,-8.8,37.2,4.2,1.0,0,,False,,0,0,False,5728.2,21,26,7741.0,1.98,50.1,80.5,44.9,20,0.8076923076923077,0.9546319611439308,6.5994019228632785,False,False,False,44.9
237172742,11.4317,4355.0,1.05411,1,25.17,2.24826,4181.2317,6.3,7080.0,9.68,61.3,10,0.8,-29.2,40.0,3.2,1.0,0,,False,,0,0,False,3917.2,10,10,6689.0,1.28,49.8,7.2,44.6,10,1.0,2.5512191188907356,2.4694076464663786,False,False,False,44.6
220391763,11.6309,3155.0,0.259946,26,2633.97,1.76416,1354.6096,4.5,728.0,0.77,54.3,343,0.6,-43.9,45.3,6.1,1.0,18,"00220391763-01(1:3,ntoi=2);00220391763-02(1:3,ntoi=2);00220391763-01(1:3,ntoi=2);00220391763-02(1:3,ntoi=2);00220391763-01(1:3,ntoi=2);00220391763-02(1:3,ntoi=2);00220391763-01(1:3,ntoi=2);00220391763-02(1:3,ntoi=2);00220391763-01(1:3,ntoi=2);00220391763-02(1:3,ntoi=2)",True,,0,0,False,1620.1,267,342,759.0,4.64,45.0,13.1,44.5,202,0.7807017543859649,0.9253578430798628,4.862983583758989,False,False,False,44.5
17265411,11.2728,5497.0,0.848189,1,24.91,3.08408,4180.5696,7.2,10048.0,9.28,75.6,7,6.0,-21.9,74.6,3.2,1.0,0,,False,,0,0,False,6751.6,7,7,13454.0,1.18,51.3,11.5,44.0,7,1.0,2.4523282227647445,2.935985457885711,False,False,False,44.0
420963642,12.4047,5401.0,1.13947,1,25.78,0.53777,4265.414,4.8,2606.0,6.35,38.3,43,3.2,-18.6,35.6,5.1,1.0,0,,False,,0,0,False,2801.8,43,43,3095.0,2.49,45.7,8.4,44.0,43,1.0,1.6680500648218481,2.8776114705601787,False,False,False,44.0
179040880,10.195,3768.0,0.64478,39,2634.76,0.79178,1411.6237,4.2,140.0,0.83,37.1,1160,7.7,2.1,22.9,13.0,1.0,14,"00179040880-01(1:1,ntoi=1);00179040880-01(1:1,ntoi=1);00179040880-01(1:1,ntoi=1);00179040880-01(1:1,ntoi=2);00179040880-01(1:1,ntoi=2);00179040880-01(1:1,ntoi=2);00179040880-01(1:1,ntoi=1);00179040880-01(2:1,ntoi=1);00179040880-01(2:1,ntoi=1);00179040880-01(2:1,ntoi=1)",True,,0,0,False,578.2,868,1159,144.0,5.69,44.1,3.2,43.9,401,0.7489214840379638,1.298227611673788,3.2351799963528696,False,False,False,43.9
333840387,11.2905,3963.0,1.16164,1,24.1,0.92552,4153.4195,7.2,5327.0,9.25,118.3,24,0.4,-52.3,73.8,3.1,1.0,1,,False,,0,0,False,4742.2,24,24,6252.0,2.39,44.4,6.7,42.8,24,1.0,2.024811515805888,3.5558865325468845,False,False,False,42.8
124728679,12.2178,3679.0,1.09606,1,24.26,2.47239,4153.874,4.5,13174.0,13.73,75.9,10,4.7,-4.6,76.4,3.3,1.0,0,,False,,0,0,False,9176.0,10,10,16331.0,1.37,46.1,7.6,42.7,10,1.0,2.702735250465627,1.6649799491921158,False,False,False,42.7
44790651,13.1078,3570.0,0.458902,2,54.83,4.45601,4239.801,6.3,36423.0,9.55,145.1,9,9.7,-26.8,148.9,3.4,1.0,1,,False,,0,0,False,27062.4,9,9,48724.0,1.24,46.8,7.4,42.5,9,1.0,1.8407874577323189,3.4224483514033834,False,False,False,42.5
287354092,11.8763,3414.0,0.618133,21,2602.12,4.31049,1386.731,7.2,972.0,2.1,47.6,116,4.3,1.8,27.0,3.5,1.0,34,,False,,0,0,False,1989.0,93,116,1131.0,3.5,43.1,22.3,41.8,74,0.8017241379310345,2.2204370285758217,3.2426049049533496,False,False,False,41.8
151130491,13.4968,3162.0,0.623691,1,23.6,0.59517,4154.3237,7.2,4262.0,4.44,19.3,37,0.2,0.0,16.2,4.8,1.0,0,,False,,0,0,False,6761.4,35,37,6400.0,2.73,41.8,15.1,39.3,33,0.9459459459459459,1.1545204310014552,6.236355638812359,False,False,False,39.3
269527384,12.4599,4651.0,0.672414,1,26.12,12.95778,4206.6159,0.62,136612.0,27.11,39.2,2,0.0,-6.4,35.1,3.4,1.0,0,,False,,0,0,False,35142.4,1,1,162677.0,1.0,,,,0,1.0,3.3895573998861592,0.18291473689775048,False,False,False,39.2
34436355,11.5955,6388.0,1.15576,1,26.03,3.02178,4264.9913,6.3,3100.0,7.02,38.5,8,0.0,-14.5,38.9,2.9,1.0,0,,False,,0,0,False,2369.9,8,8,4304.0,1.5,45.4,29.2,38.9,8,1.0,2.993695891710824,2.104422168411937,False,False,False,38.9
290050983,12.0283,3713.0,0.567524,1,25.78,1.8776,4266.4846,4.5,10246.0,6.27,100.0,12,3.7,101.1,73.3,2.8,0.5,0,,False,,0,0,False,6592.6,12,12,10971.0,1.37,40.6,5.2,38.1,12,1.0,1.5900061627976851,2.830177709551801,False,False,False,38.1
128835089,12.9572,3459.0,0.678243,1,24.1,0.5458,4153.7948,4.8,20906.0,10.7,51.2,41,0.5,-9.7,54.6,5.1,1.0,0,,False,,0,0,False,32157.5,35,41,28181.0,3.08,41.1,37.8,38.1,30,0.8536585365853658,1.1861592991153627,4.0466740037192634,False,False,False,38.1
177630750,13.0192,3392.0,1.09337,1,23.65,2.10708,4155.4897,4.5,12448.0,13.31,46.8,10,2.5,-24.1,47.0,3.0,1.0,0,,False,,0,0,False,9724.4,10,10,16103.0,1.6,41.8,15.1,38.1,10,1.0,2.55827212035222,1.758999742130812,False,False,False,38.1
179040880,10.195,3768.0,0.64478,39,2634.76,1.58355,1411.63,3.6,169.0,0.92,31.7,581,2.3,22.3,14.3,7.2,0.5,14,"00179040880-01(1:2,ntoi=1);00179040880-01(1:2,ntoi=1);00179040880-01(1:2,ntoi=1);00179040880-01(1:2,ntoi=2);00179040880-01(1:2,ntoi=2);00179040880-01(1:2,ntoi=2);00179040880-01(1:2,ntoi=1);00179040880-01(1:1,ntoi=1);00179040880-01(1:1,ntoi=1);00179040880-01(1:1,ntoi=1)",True,,0,0,False,578.2,465,580,196.0,4.23,38.4,2.9,38.1,245,0.8017241379310345,1.6356608524844198,2.200945259851349,False,False,False,38.1
276302140,12.971,3335.0,0.703019,1,24.08,1.95635,4155.2268,4.2,34311.0,14.21,148.6,12,4.7,-50.9,145.0,3.2,1.0,1,,False,,0,0,False,25633.7,12,12,45624.0,1.28,41.6,4.0,37.6,12,1.0,1.8592388569102527,2.2589889321588865,False,False,False,37.6
287350462,12.2466,3196.0,0.22586,30,2633.96,0.97051,1354.3006,3.15,2483.0,1.23,110.3,716,1.6,-85.0,77.0,11.9,1.0,23,"00287350462-02(1:1,ntoi=3);00287350462-03(1:1,ntoi=3)",True,,0,0,False,5225.9,523,715,2348.0,4.78,37.1,8.3,36.8,375,0.7314685314685314,0.6904006338771481,4.562568232752405,False,False,False,36.8
1169455576,13.2729,3622.0,0.789268,1,23.65,2.10708,4155.4897,4.5,15744.0,10.8,45.6,10,2.4,-23.3,45.9,3.0,1.0,0,,False,,0,0,False,12532.7,10,10,20506.0,1.56,40.2,15.4,36.7,10,1.0,2.0586616095668964,2.185886198629174,False,False,False,36.7
150323334,11.7426,3796.0,0.586447,34,2662.71,1.42269,1325.5427,3.15,328.0,1.16,25.2,516,0.4,-13.8,17.8,15.6,1.0,8,"00150323334-01(1:3,ntoi=1);00150323334-01(1:3,ntoi=1);00150323334-01(1:3,ntoi=1);00150323334-01(1:3,ntoi=1);00150323334-01(1:3,ntoi=1);00150323334-01(1:3,ntoi=1);00150323334-01(1:3,ntoi=1);00150323334-01(1:3,ntoi=1)",True,,0,0,False,1209.7,462,515,420.0,3.93,36.9,2.0,36.6,188,0.8970873786407767,1.481599762207539,2.126080254836566,False,False,False,36.6
124728679,12.2178,3679.0,1.09606,1,24.26,4.12549,4154.6803,4.8,14094.0,14.2,65.8,6,4.7,-7.4,64.8,2.6,1.0,0,,False,,0,0,False,9176.0,6,6,18562.0,1.16,40.9,7.2,36.3,6,1.0,3.205701099038088,1.4973323624714425,False,False,False,36.3
124180204,11.3656,5365.0,1.1694,1,25.28,2.1214,4267.0272,7.2,6406.0,10.21,114.7,10,18.2,75.5,102.0,3.5,0.5,0,,False,,0,0,False,4615.7,10,10,7806.0,1.38,40.2,12.1,36.3,10,1.0,2.6815827826408225,2.684981439547222,False,False,False,36.3
77350952,12.974,3145.0,0.468368,1,25.2,0.83924,4265.8972,3.15,16823.0,6.63,93.5,25,13.3,108.4,95.2,4.0,1.0,2,"00077350952-01(1:2,ntoi=2);00077350952-02(1:2,ntoi=2)",True,,0,0,False,13728.4,25,25,17653.0,2.52,38.9,18.4,36.2,21,1.0,1.069617490610753,2.944978020321401,False,False,False,36.2
148087581,13.3044,3344.0,0.581288,1,23.97,0.71858,4153.5448,7.2,4380.0,4.2,20.9,32,2.4,-8.2,20.5,6.5,1.0,0,,False,,0,0,False,6135.3,32,32,5382.0,2.34,38.8,8.7,34.9,31,1.0,1.1729898141958672,6.138160717905207,False,False,False,34.9
33983813,13.2542,4176.0,0.652518,1,24.93,4.01687,4267.9731,6.3,24750.0,11.2,96.1,5,1.8,-26.4,97.0,2.6,1.0,0,,False,,0,0,False,15250.4,5,5,30056.0,1.21,43.1,25.1,34.8,5,1.0,2.2485327484218938,2.801827104551437,False,False,False,34.8
148361523,10.6835,6831.0,1.15835,1,24.1,0.70788,4153.5136,6.3,849.0,3.68,31.6,31,1.0,-4.6,32.0,4.8,1.0,0,,False,,0,0,False,1038.9,28,31,986.0,2.02,37.4,24.3,34.6,25,0.9032258064516129,1.8482244453526615,3.408676914668711,False,False,False,34.6
218759674,12.9831,4454.0,0.684233,1,24.98,1.22333,4179.5425,3.15,11536.0,8.02,28.2,19,2.3,13.7,28.0,5.8,1.0,1,"00218759674-01(1:1,ntoi=1)",True,,0,0,False,8393.6,19,19,13172.0,1.93,36.2,5.3,34.3,19,1.0,1.5614407649851407,2.0173675944921143,False,False,False,34.3
255400078,13.4978,3350.0,0.922511,1,24.19,5.75845,4153.8533,4.5,54378.0,23.47,95.5,4,8.3,13.6,97.1,2.7,1.0,0,,False,,0,0,False,30324.2,4,4,72151.0,1.35,42.2,55.5,34.2,4,1.0,3.193678512866045,1.4090334959737842,False,False,False,34.2
245522728,12.6551,6163.0,1.04232,1,24.99,0.7595,4179.6796,7.2,5339.0,8.31,23.9,30,6.3,-5.6,16.2,2.6,0.5,0,,False,,0,0,False,7333.1,29,30,5921.0,2.3,36.1,10.8,34.2,26,0.9666666666666667,1.76353845493584,4.082700878933738,False,False,False,34.2
287350461,11.5553,3192.0,0.303905,30,2633.96,0.87555,1354.3943,3.15,1421.0,1.25,118.6,795,0.6,-93.8,100.7,9.8,1.0,21,,False,,0,0,False,2971.0,564,793,1091.0,6.7,34.4,8.6,34.2,381,0.7112232030264817,0.8130685733154215,3.874211971021527,False,False,False,34.2
30531851,12.3885,3317.0,0.329839,13,1951.8,0.56292,2036.8362,7.2,390.0,0.71,17.7,571,0.7,0.0,16.1,17.3,1.0,3,,False,,0,0,False,2291.7,402,568,467.0,6.97,34.7,6.9,34.2,219,0.7077464788732394,0.7411256719217928,9.714951556501715,False,False,False,34.2
707649920,13.4236,4205.0,0.959362,1,25.41,0.50306,4265.4558,3.15,29934.0,18.11,135.4,43,12.6,176.8,136.8,6.2,1.0,0,,False,,0,0,False,28955.9,42,43,31153.0,1.79,36.0,5.9,33.9,32,0.9767441860465116,1.454576491474409,2.1655787911208786,False,False,False,33.9
366099542,11.8322,3841.0,1.17091,1,23.65,0.98663,4154.1545,7.2,8545.0,11.81,145.8,21,7.7,-39.6,144.6,3.9,1.0,1,,False,,0,0,False,8429.0,17,21,12351.0,1.57,36.8,48.1,33.9,14,0.8095238095238095,2.0794193276021624,3.4625050870824237,False,False,False,33.9
366099542,11.8322,3841.0,1.17091,1,23.65,0.98683,4154.1545,7.2,8515.0,11.79,145.3,21,8.7,-44.4,113.0,2.7,1.0,1,,False,,0,0,False,8429.0,17,21,12453.0,1.57,36.7,48.0,33.8,14,0.8095238095238095,2.0795598246366396,3.4622711569541176,False,False,False,33.8
151130491,13.4968,3162.0,0.623691,1,23.6,0.59418,4154.3237,7.2,4201.0,4.41,19.0,38,0.2,0.0,12.2,3.0,1.0,0,,False,,0,0,False,6761.4,36,38,5313.0,2.43,37.2,16.0,33.4,34,0.9473684210526315,1.15387993638034,6.239817309403972,False,False,False,33.4
183584657,12.2268,5826.0,0.913528,4,110.67,1.31251,4180.8342,1.12,2778.0,5.25,28.1,64,2.1,-20.6,28.6,7.1,1.0,0,,False,,0,0,False,2955.8,57,64,4364.0,2.02,34.1,14.4,33.0,45,0.890625,1.938163496636954,0.577866625774034,False,False,False,33.0
13934427,13.353,3337.0,0.555356,1,25.38,0.81497,4266.0271,6.3,4534.0,4.08,25.4,27,1.2,-1.5,26.9,5.1,1.0,0,,False,,0,0,False,5839.5,26,27,5653.0,1.84,35.8,14.6,32.7,25,0.9629629629629629,1.186596729324132,5.309301672850883,False,False,False,32.7
118283196,12.1042,5832.0,1.09967,2,51.1,0.58926,4153.592,3.15,2879.0,6.44,30.4,75,0.6,15.5,30.4,4.6,1.0,0,,False,,0,0,False,4825.8,57,75,2802.0,3.77,34.4,16.9,32.7,41,0.76,1.6793924613512385,1.8756783018220238,False,False,False,32.7
13934427,13.353,3337.0,0.555356,1,25.38,0.81486,4266.0271,6.3,4530.0,4.08,25.3,27,1.0,-1.6,18.6,3.0,0.5,0,,False,,0,0,False,5839.5,25,27,5436.0,1.96,35.6,15.0,32.5,25,0.9259259259259259,1.1865433402369252,5.3095405674284395,False,False,False,32.5
220391763,11.6309,3155.0,0.259946,26,2633.97,1.801,1355.1721,6.3,726.0,0.76,62.1,337,0.4,-50.3,42.6,5.4,1.0,18,,False,,0,0,False,1620.1,265,337,593.0,4.28,32.4,6.8,32.2,189,0.7863501483679525,0.9317547690052008,6.761435744220843,False,False,False,32.2
148087581,13.3044,3344.0,0.581288,1,23.97,0.71978,4153.5261,6.3,4448.0,4.23,20.8,32,1.6,-10.9,15.2,4.3,0.5,0,,False,,0,0,False,6135.3,32,32,5423.0,2.53,37.1,10.8,32.1,30,1.0,1.1736423998345054,5.3679042278025735,False,False,False,32.1
148087581,13.3044,3344.0,0.581288,1,23.97,0.71978,4153.5261,6.3,4448.0,4.23,20.8,32,1.6,-10.9,11.8,2.9,1.0,0,,False,,0,0,False,6135.3,32,32,5423.0,2.53,37.1,10.8,32.1,30,1.0,1.1736423998345054,5.3679042278025735,False,False,False,32.1
245522728,12.6551,6163.0,1.04232,1,24.99,0.75798,4179.6984,6.3,5442.0,8.39,23.7,30,6.1,-8.3,23.7,4.7,1.0,0,,False,,0,0,False,7333.1,30,30,5700.0,2.3,34.0,9.6,32.1,28,1.0,1.7623612029405995,3.5747495970111536,False,False,False,32.1
237172742,11.4317,4355.0,1.05411,1,25.17,6.72043,4181.2504,7.2,6701.0,9.41,40.7,4,2.4,-10.1,41.2,3.4,1.0,0,,False,,0,0,True,3917.2,4,4,6372.0,1.33,39.7,15.5,31.9,4,1.0,3.675061435699053,1.959150921957431,False,False,False,31.9
323990574,13.4679,4989.0,1.10785,1,25.1,3.97688,4182.7234,7.2,16082.0,15.33,41.0,6,2.5,-6.9,41.1,2.9,1.0,0,,False,,0,0,False,11665.4,6,6,21438.0,1.12,36.9,14.3,31.6,6,1.0,3.189405686767987,2.2574738704050485,False,False,False,31.6
231038788,11.9593,5747.0,1.16588,1,24.72,0.72211,4179.9463,6.0,2710.0,6.62,22.4,32,2.2,-9.8,16.5,3.6,0.5,0,,False,,0,0,False,3740.8,29,32,3599.0,2.08,33.8,15.0,31.4,26,0.90625,1.8685812298140718,3.2109923316510107,False,False,False,31.4
232864710,13.3777,5271.0,0.836114,1,25.17,1.86137,4180.197,6.3,19146.0,12.62,26.9,12,0.0,30.7,18.8,2.3,0.5,0,,False,,0,0,False,18786.4,12,12,24830.0,1.34,33.9,6.9,31.2,12,1.0,2.052719120293713,3.0690998771904874,False,False,False,31.2
96751119,11.6203,4082.0,1.07518,1,25.06,2.8425,4180.3445,7.2,4207.0,7.61,51.0,8,1.7,19.3,50.0,4.7,1.0,1,,False,,0,0,False,2841.5,8,8,4994.0,1.22,35.4,4.3,31.2,8,1.0,2.7953052271721748,2.575747338791966,False,False,False,31.2
290050983,12.0283,3713.0,0.567524,1,25.78,2.81256,4266.5159,4.8,9699.0,6.1,81.6,8,6.1,14.8,80.0,3.1,1.0,0,,False,,0,0,False,6592.6,8,8,10928.0,1.25,34.3,7.9,31.0,8,1.0,1.8192751221606316,2.638413476626537,False,False,False,31.0
271502836,11.5627,3208.0,0.499378,2,50.67,0.51827,4154.0003,3.15,2525.0,2.74,60.8,82,8.1,54.9,62.4,3.2,1.0,2,,False,,0,0,False,4822.1,58,82,2660.0,4.93,33.5,20.6,30.9,46,0.7073170731707317,0.9506338064884975,3.313578770815694,False,False,False,30.9
382160308,10.8244,3767.0,0.617725,34,2662.73,1.00365,1326.2929,3.15,160.0,0.85,24.1,722,1.6,21.3,18.2,8.9,0.5,17,"00382160308-03(1:1,ntoi=3);00382160308-01(1:1,ntoi=3);00382160308-03(1:1,ntoi=3);00382160308-03(1:1,ntoi=3);00382160308-01(1:1,ntoi=3)",True,,0,0,False,756.7,536,720,193.0,9.84,31.1,3.5,30.9,222,0.7444444444444445,1.365418687327287,2.306984684797238,False,False,False,30.9
199731119,12.5951,4664.0,0.74158,4,106.58,45.53767,4186.9393,0.5,65706.0,20.74,30.4,2,3.9,0.5,30.4,4.5,1.0,0,,False,,0,0,False,7781.8,1,1,70514.0,1.0,,,,0,1.0,5.500944140923683,0.09089348795242325,False,False,False,30.4
93244374,13.1278,3229.0,0.531882,1,25.78,0.57357,4265.213,4.5,2655.0,2.99,21.2,40,1.3,-6.1,21.5,7.5,1.0,0,,False,,0,0,False,3522.6,39,40,3040.0,1.75,31.2,4.0,30.2,37,0.975,1.0255274718600331,4.387985815570792,False,False,False,30.2
267023429,11.0564,3935.0,0.939587,1,25.38,0.85637,4179.3504,4.8,26012.0,16.53,396.0,27,12.1,529.8,388.0,5.7,1.0,0,,False,,0,0,False,22879.2,27,27,27682.0,1.56,31.4,4.8,30.2,27,1.0,1.712853062525308,2.802341955078869,False,False,False,30.2
326700454,10.6757,3956.0,0.580712,1,26.06,6.86159,4212.1209,1.05,12094.0,6.97,30.1,2,0.4,1.8,30.1,4.6,1.0,0,,False,,0,0,True,4273.0,1,1,11836.0,1.0,,,,0,1.0,2.4868928998344173,0.4222135983700429,False,False,False,30.1
183584658,12.8972,5375.0,0.788534,4,110.67,1.31251,4180.8342,1.12,4707.0,5.9,26.1,64,1.9,-18.3,26.3,6.7,1.0,0,,False,,0,0,False,5395.4,56,64,8088.0,2.06,30.9,16.4,29.8,35,0.875,1.7570715641545505,0.6374242363536913,False,False,False,29.8
2052312662,10.6159,3487.0,0.55714,1,25.79,0.86939,4265.0014,3.0,15160.0,7.48,333.5,25,37.2,374.1,338.6,3.2,1.0,0,,False,,0,0,False,14633.6,22,25,18626.0,2.34,32.4,59.2,29.7,18,0.88,1.21503671350119,2.4690611951595667,False,False,False,29.7
95794999,10.2096,5378.0,1.15712,1,24.24,0.86242,4153.6389,4.8,8833.0,11.86,376.6,25,14.9,497.5,375.1,5.7,1.0,1,,False,,0,0,False,8014.7,25,25,8675.0,1.82,31.9,4.3,29.7,25,1.0,1.9725748907051646,2.433367687390604,False,False,False,29.7
150323334,11.7426,3796.0,0.586447,34,2662.71,2.37113,1326.9677,3.15,340.0,1.18,20.8,313,1.6,-9.9,14.2,11.8,1.0,8,,False,,0,0,False,1209.7,283,313,454.0,3.55,30.0,2.0,29.7,136,0.9041533546325878,1.7566258191298973,1.7932105777428895,False,False,False,29.7
51996016,13.4687,4282.0,0.740258,1,25.14,0.71585,4265.8592,4.8,7518.0,7.0,34.5,29,4.3,9.3,33.8,2.8,1.0,0,,False,,0,0,False,9651.2,23,29,7877.0,3.06,33.8,34.1,29.5,21,0.7931034482758621,1.3763779616200895,3.4874141651832877,False,False,False,29.5
355055605,10.4849,4306.3,0.950702,1,26.06,10.87923,4214.5056,0.5,13249.0,11.94,29.4,2,6.7,0.4,28.8,3.6,1.0,0,,False,,0,0,False,1615.8,1,1,13400.0,1.0,,,,0,1.0,4.028134393865428,0.12412694093858082,False,False,False,29.4
366099542,11.8322,3841.0,1.17091,1,23.65,1.48428,4155.0357,6.3,10008.0,12.78,144.5,15,42.2,65.6,141.1,3.8,0.5,1,,False,,0,0,False,8429.0,15,15,10746.0,1.61,32.0,25.8,29.4,15,1.0,2.382662790419702,2.6441005522608028,False,False,False,29.4
128835089,12.9572,3459.0,0.678243,1,24.1,0.54546,4153.7948,3.6,21371.0,10.82,48.8,41,1.6,-15.3,43.6,3.5,1.0,0,,False,,0,0,False,32157.5,35,41,24698.0,3.27,32.5,23.1,29.2,29,0.8536585365853658,1.1859129464017797,3.0356359722042727,False,False,False,29.2
355055605,10.4849,4306.3,0.950702,1,26.06,10.64675,4214.5056,0.5,12743.0,11.71,29.2,2,8.0,-1.3,29.0,3.6,1.0,0,,False,,0,0,False,1615.8,1,1,13400.0,1.0,,,,0,1.0,3.999234938074263,0.12502391275886462,False,False,False,29.2
349273278,11.1696,3550.0,0.648933,13,1951.79,0.5997,2036.8742,2.4,4665.0,4.84,401.7,496,7.8,475.4,218.3,5.9,1.0,11,"00349273278-01(1:2,ntoi=1)",True,,0,0,False,8338.8,362,493,4527.0,4.4,29.3,9.8,28.8,256,0.7342799188640974,1.1884645085969427,2.019412428927601,False,False,False,28.8
112909031,10.6747,4709.0,0.986188,1,25.38,0.57259,4179.3564,4.5,952.0,3.32,26.5,41,5.9,-7.8,26.8,5.7,1.0,1,,False,,0,0,False,1497.6,40,41,998.0,3.15,30.1,8.1,28.7,31,0.975609756097561,1.5469016029841676,2.9090408797294764,False,False,False,28.7
32833820,12.2366,5629.93,1.10698,1,24.28,1.27225,4267.0808,4.2,15796.0,15.18,158.7,15,7.9,186.0,152.2,2.3,0.5,0,,False,,0,0,False,14193.4,15,15,22175.0,1.56,31.4,25.8,28.7,14,1.0,2.1801797266801133,1.9264466817126058,False,False,False,28.7
77350952,12.974,3145.0,0.468368,1,25.2,1.25646,4265.5032,3.15,17668.0,6.79,78.7,18,15.6,-40.2,75.2,2.8,1.0,2,"00077350952-01(1:3,ntoi=2);00077350952-02(1:3,ntoi=2)",True,,0,0,False,13728.4,17,18,15124.0,3.13,31.0,28.3,28.3,15,0.9444444444444444,1.2236277757066178,2.5743122725217193,False,False,False,28.3
149594966,13.4076,3066.0,0.568718,1,23.64,0.77973,4154.0231,4.5,5892.0,4.76,25.9,27,1.1,-3.7,26.3,5.6,1.0,0,,False,,0,0,False,6380.2,27,27,6972.0,1.69,29.6,7.1,28.1,25,1.0,1.1879213596244167,3.788129545395798,False,False,False,28.1
4404604,10.2544,5906.0,1.0241,1,24.24,5.05735,4154.4699,6.3,8756.0,10.45,176.8,4,5.7,-69.4,178.0,2.6,1.0,1,,False,,0,0,False,4661.5,4,4,9836.0,1.43,42.5,77.4,28.0,4,1.0,3.279021077361371,1.9213051247202142,False,False,False,28.0
149064422,12.1836,3872.0,0.810225,1,23.83,0.76254,4154.149,7.2,1443.0,3.36,19.6,28,0.1,-4.7,19.6,6.6,1.0,1,,False,,0,0,False,2174.9,27,28,1682.0,2.1,29.5,5.1,27.9,26,0.9642857142857143,1.4929076049857863,4.822803484927354,False,False,False,27.9
124180204,11.3656,5365.0,1.1694,1,25.28,3.1869,4268.0584,6.3,5662.0,9.6,84.1,7,12.6,-43.1,84.8,2.6,1.0,0,,False,,0,0,False,4615.7,7,7,7073.0,1.42,31.7,9.9,27.8,7,1.0,3.071188685167884,2.0513230041597446,False,False,False,27.8
255400078,13.4978,3350.0,0.922511,1,24.19,7.75463,4155.6158,4.5,70468.0,26.72,102.2,3,22.4,30.3,103.3,3.1,2.0,0,,False,,0,0,False,30324.2,3,3,96444.0,1.04,36.9,39.8,27.4,3,1.0,3.52676365555935,1.2759573477248771,False,False,False,27.4
255400078,13.4978,3350.0,0.922511,1,24.19,7.74036,4155.6221,4.8,70677.0,26.76,104.9,3,19.9,35.8,102.8,3.0,1.0,0,,False,,0,0,False,30324.2,3,3,98979.0,1.0,38.6,53.1,27.3,3,1.0,3.524599021040244,1.3618570428426597,False,False,False,27.3
290050983,12.0283,3713.0,0.567524,1,25.78,4.69174,4265.5784,4.2,10723.0,6.41,73.0,6,0.4,10.3,72.4,2.7,1.0,0,,False,,0,0,False,6592.6,6,6,12905.0,1.1,30.5,5.7,27.2,6,1.0,2.1576239842273073,1.9465857029319744,False,False,False,27.2
34797530,13.164,5035.0,0.779423,1,26.04,2.1222,4266.4454,4.5,17402.0,11.22,32.1,10,1.4,-15.4,32.0,2.8,1.0,0,,False,,0,0,False,14952.2,10,10,26274.0,1.4,31.4,20.4,27.1,10,1.0,2.046378081977007,2.1990071334484522,False,False,False,27.1
374813188,13.0814,3513.0,1.00083,1,24.06,4.72106,4157.384,6.3,67152.0,28.3,113.0,4,31.1,2.3,99.2,2.8,1.0,1,,False,,0,0,False,46285.1,4,4,85828.0,3.05,38.6,339.2,27.1,3,1.0,3.1559371370704694,1.9962374807782257,False,False,False,27.1
374813188,13.0814,3513.0,1.00083,1,24.06,4.7223,4157.384,6.3,67152.0,28.3,113.0,4,31.1,1.9,113.9,3.6,1.0,1,,False,,0,0,False,46285.1,4,4,85885.0,3.05,38.5,340.2,27.0,3,1.0,3.156213418207993,1.9960627388679435,False,False,False,27.0
214568641,13.0931,3228.0,0.33164,2,53.38,1.30571,4207.6266,3.15,5322.0,2.64,32.8,33,0.1,-17.1,32.8,5.4,1.0,0,,False,,0,0,False,6141.6,33,33,6345.0,1.9,28.0,6.8,26.9,31,1.0,0.9846195964323904,3.199205064995166,False,False,False,26.9
56437876,13.464,4170.0,0.737821,1,24.36,3.4178,4155.7943,3.15,51086.0,18.19,48.7,7,6.3,5.7,49.0,2.7,1.0,1,"00056437876-01(1:1,ntoi=1)",True,,0,0,True,26383.4,7,7,44738.0,2.34,40.2,52.1,26.5,7,1.0,2.3125502790352686,1.3621325462874225,False,False,False,26.5
179050473,13.1225,3320.0,0.578603,1,24.33,0.55597,4236.119,6.3,11515.0,6.77,48.5,34,4.0,-9.7,49.3,3.4,1.0,0,,False,,0,0,False,16772.8,26,33,12229.0,3.45,30.3,64.6,26.3,25,0.7878787878787878,1.0735259180031715,5.868512249539734,False,False,False,26.3
143204928,12.9588,5623.86,0.957966,1,23.39,0.63857,4267.5821,7.2,1845.0,4.49,16.1,28,0.7,-2.0,16.2,7.1,1.0,0,,False,,0,0,False,2790.5,28,28,1722.0,1.77,27.4,4.0,26.0,24,1.0,1.5734194996773472,4.576020572693084,False,False,False,26.0
278457892,12.4267,5352.0,0.838033,1,26.12,0.51039,4206.9591,6.3,3052.0,5.05,18.6,46,0.8,0.0,20.4,2.9,1.0,0,,False,,0,0,False,7912.3,31,45,4718.0,3.57,33.0,79.2,25.9,28,0.6888888888888889,1.3356205524155347,4.716908547570748,False,False,False,25.9
177630750,13.0192,3392.0,1.09337,1,23.65,1.40456,4154.1022,6.3,10574.0,12.27,54.5,16,1.9,67.2,38.4,2.2,0.5,0,,False,,0,0,False,9724.4,16,16,10170.0,1.74,26.8,4.6,25.7,16,1.0,2.2347716932753086,2.8190799171823424,False,False,False,25.7
214568641,13.0931,3228.0,0.33164,2,53.38,0.87017,4207.636,3.6,5229.0,2.62,40.1,48,0.0,49.4,40.0,6.9,1.0,0,,False,,0,0,False,6141.6,47,48,4773.0,2.15,26.8,5.1,25.6,40,0.9791666666666666,0.8600445216884344,4.1858298137083665,False,False,False,25.6
318030915,13.4714,3578.0,0.796116,1,24.22,0.57005,4153.4367,6.3,4315.0,5.71,21.5,39,7.0,-5.3,21.8,3.1,1.0,0,,False,,0,0,False,9095.5,29,39,3924.0,4.58,28.3,57.0,25.4,26,0.7435897435897436,1.3391529392844346,4.704466394530227,False,False,False,25.4
148483849,12.8044,3344.0,0.638156,1,23.97,2.47253,4153.7337,7.2,4932.0,4.89,26.8,9,0.7,16.0,20.3,2.9,0.5,1,,False,,0,0,False,4623.8,9,9,6612.0,1.08,27.7,4.4,25.1,9,1.0,1.8845459097923734,3.8205490047166046,False,False,False,25.1
1169455576,13.2729,3622.0,0.789268,1,23.65,1.40582,4154.1022,6.3,13407.0,9.97,53.3,16,1.2,65.1,37.4,2.1,0.5,0,,False,,0,0,False,12532.7,16,16,13283.0,1.62,26.3,5.3,25.1,16,1.0,1.7988758717394175,3.5021871708736825,False,False,False,25.1
255400078,13.4978,3350.0,0.922511,1,24.19,9.59446,4158.4846,4.2,82465.0,28.9,101.6,2,6.3,21.6,101.9,3.0,1.0,0,,False,,0,0,False,30324.2,2,2,95342.0,1.09,38.9,10.9,25.1,2,1.0,3.786135696138393,1.1093104783021173,False,False,False,25.1
420963642,12.4047,5401.0,1.13947,1,25.78,1.07581,4265.4703,6.3,2588.0,6.32,33.5,22,2.2,22.5,23.9,2.9,0.5,0,,False,,0,0,False,2801.8,22,22,2587.0,2.95,26.3,4.4,25.1,22,1.0,2.1017872347550237,2.997448978575752,False,False,False,25.1
250395412,12.3744,3510.0,0.675235,1,24.38,0.73927,4153.5066,4.8,6476.0,5.93,52.8,30,3.0,-24.2,52.7,5.4,1.0,0,,False,,0,0,False,6707.8,29,30,6441.0,3.57,27.6,14.2,24.9,28,0.9666666666666667,1.308516746442222,3.6682755593697287,False,False,False,24.9
218584809,10.1606,4395.0,0.755402,1,24.95,1.20827,4179.8912,6.3,6546.0,6.67,231.7,19,6.8,302.8,167.3,2.3,0.5,1,,False,,0,0,False,6255.4,19,19,6569.0,1.68,26.3,7.4,24.9,19,1.0,1.6610461991177627,3.7927903530595,False,False,False,24.9
179040880,10.195,3768.0,0.64478,39,2634.76,2.37534,1412.3987,3.0,143.0,0.84,20.7,394,5.2,-1.6,13.4,6.6,1.0,14,"00179040880-01(1:3,ntoi=1);00179040880-01(1:3,ntoi=1);00179040880-01(1:3,ntoi=1);00179040880-01(1:3,ntoi=2);00179040880-01(1:3,ntoi=2);00179040880-01(1:3,ntoi=2);00179040880-01(1:3,ntoi=1)",True,,0,0,False,578.2,303,393,175.0,4.64,25.0,2.5,24.7,128,0.7709923664122137,1.872368215097734,1.602248946446362,False,False,False,24.7
150323334,11.7426,3796.0,0.586447,34,2662.71,3.31961,1326.9521,2.4,385.0,1.25,17.7,228,0.3,-10.0,8.1,6.7,1.0,8,,False,,0,0,False,1209.7,198,228,502.0,4.76,25.2,2.1,24.7,83,0.868421052631579,1.9651234043431631,1.2212973468718078,False,False,False,24.7
278457892,12.4267,5352.0,0.838033,1,26.12,0.94768,4206.6903,3.0,6188.0,7.19,25.7,25,3.1,27.1,25.6,4.1,1.0,0,,False,,0,0,False,7912.3,23,25,8716.0,1.98,26.3,11.1,24.6,18,0.92,1.6416085782282945,1.827475830589134,False,False,False,24.6
58655350,13.2916,3335.0,0.60188,1,23.63,2.20566,4154.2626,7.2,8339.0,6.0,30.1,9,1.1,-5.5,30.3,5.0,1.0,0,,False,,0,0,False,6900.5,9,9,8776.0,1.41,28.8,6.6,24.5,9,1.0,1.7447281090466071,4.12671748833942,False,False,False,24.5
707649920,13.4236,4205.0,0.959362,1,25.41,1.76285,4265.6808,3.15,38361.0,20.5,103.3,12,6.0,-4.8,103.9,4.2,1.0,0,,False,,0,0,False,28955.9,12,12,45362.0,1.5,26.6,5.6,24.4,12,1.0,2.209369844982298,1.4257459008748434,False,False,False,24.4
151137353,13.2767,3216.0,0.642392,1,23.52,0.70287,4153.9154,4.2,5114.0,5.01,21.9,30,0.4,1.0,22.1,4.8,1.0,1,"00151137353-01(1:1,ntoi=1)",True,,0,0,False,6596.1,28,30,5125.0,3.79,26.2,11.4,24.3,27,0.9333333333333333,1.2446102661811411,3.37455034248346,False,False,False,24.3
149594966,13.4076,3066.0,0.568718,1,23.64,0.69844,4154.2044,4.8,4843.0,4.32,22.5,30,2.2,0.8,22.4,4.5,1.0,0,,False,,0,0,False,6380.2,28,30,4914.0,2.09,25.4,9.4,24.1,22,0.9333333333333333,1.145115547460821,4.191716731681374,False,False,False,24.1
254119000,13.3457,4043.0,0.587588,1,25.07,0.90064,4180.159,4.2,5487.0,4.75,24.8,26,0.6,6.5,25.1,3.2,1.0,1,"00254119000-01(3:1,ntoi=1)",True,,0,0,False,5974.2,20,26,1369.0,13.32,27.7,59.8,24.1,8,0.7692307692307693,1.2738178089345529,3.2971748161638326,False,False,False,24.1
89111752,12.6715,3247.0,0.646002,3,83.33,0.88393,4207.8353,4.2,3278.0,4.04,49.3,72,0.5,59.1,50.1,7.9,1.0,4,,False,,0,0,False,4666.3,63,72,2969.0,3.55,24.7,11.7,24.1,53,0.875,1.34845614584427,3.1146730377133434,False,False,False,24.1
250395412,12.3744,3510.0,0.675235,1,24.38,0.7402,4153.4754,4.5,6546.0,5.96,52.3,30,1.8,-23.7,33.7,2.8,0.5,0,,False,,0,0,False,6707.8,28,30,6817.0,3.38,26.2,14.3,24.1,28,0.9333333333333333,1.3090652202231507,3.4375674569009664,False,False,False,24.1
382160308,10.8244,3767.0,0.617725,34,2662.73,1.50547,1325.7898,3.0,154.0,0.84,19.0,482,1.3,-6.1,20.3,10.2,1.0,17,,False,,0,0,False,756.7,352,481,189.0,13.91,24.6,3.8,24.1,146,0.7318087318087318,1.563012488063478,1.9193704611515314,False,False,False,24.1
80430369,12.1012,5040.0,0.787959,4,106.54,45.42515,4186.9458,0.5,29944.0,14.88,24.0,2,1.7,-1.5,24.0,3.7,1.0,0,,False,,0,0,False,4222.0,1,1,30983.0,1.0,,,,0,1.0,5.723251502486361,0.08736292643836885,False,False,False,24.0
80430369,12.1012,5040.0,0.787959,4,106.54,38.52537,4186.9458,0.5,29751.0,14.83,23.8,2,2.4,0.5,23.8,3.7,1.0,0,,False,,0,0,False,4222.0,1,1,30983.0,1.0,,,,0,1.0,5.417425908504518,0.09229475556187627,False,False,False,23.8
37503632,12.5152,4831.0,0.782862,1,24.74,3.92912,4266.0829,7.2,4475.0,5.71,28.1,6,0.9,-14.0,28.1,3.0,1.0,1,,False,,0,0,False,3876.0,6,6,5774.0,1.19,29.9,4.6,23.7,6,1.0,2.520172105728332,2.8569477392573526,False,False,False,23.7
23205280,12.2287,5163.0,0.930499,1,24.92,5.57578,4184.0581,0.75,22551.0,15.24,29.1,4,2.4,5.6,29.1,4.0,1.0,1,"00023205280-01(1:3,ntoi=1)",True,,0,0,False,4904.5,4,4,22330.0,1.22,33.5,5.3,23.6,4,1.0,3.1777576856052203,0.23601547827179864,False,False,False,23.6
340638718,12.2878,3169.0,0.302409,20,2496.44,1.79247,1491.8235,3.6,147914.0,12.69,21040.5,254,13144.9,539.4,485.3,14.8,2.0,52,,False,,0,0,False,96434.4,131,253,202.0,3056.28,25.9,36.6,23.6,85,0.5177865612648221,1.0290158572000119,3.498488361292824,False,False,False,23.6
707649920,13.4236,4205.0,0.959362,1,25.41,0.75507,4265.4371,3.15,27154.0,17.25,107.0,29,1.9,-67.6,107.6,4.5,1.0,0,,False,,0,0,False,28955.9,28,29,27424.0,2.0,25.3,5.1,23.5,23,0.9655172413793104,1.6654274070201514,1.8914063661508398,False,False,False,23.5
60233707,11.6729,5556.0,0.980089,1,25.12,9.47022,4274.0112,1.58,10216.0,10.81,23.4,2,10.0,6.5,25.1,2.6,1.0,0,,False,,0,0,False,2267.9,1,1,7222.0,1.0,,,,0,1.0,3.924990952670513,0.40254869859635944,False,False,False,23.4
364198802,12.0963,3972.0,1.08567,1,23.79,2.84707,4155.3877,7.2,2751.0,6.21,24.9,8,2.3,3.3,18.5,2.7,1.0,0,,False,,0,0,False,2541.2,8,8,3277.0,1.71,27.3,8.2,23.4,8,1.0,2.8149643594632145,2.557758848986979,False,False,False,23.4
374458112,12.5514,3723.0,1.05752,1,24.05,1.37373,4153.9131,6.3,8986.0,10.94,89.1,15,20.6,28.1,91.3,3.4,1.0,1,,False,,0,0,False,11852.0,13,15,10889.0,2.51,27.1,30.7,23.3,11,0.8666666666666667,2.1695407640820092,2.9038403446020054,False,False,False,23.3
51895372,12.1018,4672.51,0.704461,1,25.14,0.60382,4266.0406,6.3,1434.0,2.91,22.2,36,1.3,-5.0,23.3,3.9,1.0,0,,False,,0,0,False,2705.2,32,35,1624.0,2.75,28.6,16.6,23.1,26,0.9142857142857143,1.2581973377534357,5.00716367056452,False,False,False,23.1
183584657,12.2268,5826.0,0.913528,4,110.67,0.56262,4180.2529,1.58,2440.0,4.92,43.3,152,2.0,-28.5,43.7,11.9,1.0,0,,False,,0,0,False,2955.8,133,150,2889.0,2.48,23.3,5.2,23.1,97,0.8866666666666667,1.4613736027510258,1.0811745860371782,False,False,False,23.1
213159274,13.1728,3137.0,0.527234,1,25.21,2.98483,4179.8127,4.2,18864.0,7.9,28.4,8,2.0,-19.5,28.7,2.2,1.0,0,,False,,0,0,False,17145.8,8,8,26315.0,1.3,25.0,5.7,22.8,8,1.0,1.7667852588969333,2.3771989147239148,False,False,False,22.8
129414660,12.7435,3740.0,0.865928,1,24.08,11.10409,4154.9822,2.4,25010.0,14.94,47.4,2,0.0,10.9,46.5,3.8,1.0,3,,False,,0,0,False,7012.6,2,2,27619.0,1.22,37.9,74.6,22.7,2,1.0,3.8108671309368725,0.6297779265292774,False,False,False,22.7
124180204,11.3656,5365.0,1.1694,1,25.28,5.3031,4267.0272,7.2,6552.0,10.33,79.6,4,16.6,-46.6,79.0,2.3,1.0,0,,False,,0,0,False,4615.7,4,4,8605.0,1.26,28.2,5.4,22.6,4,1.0,3.639376271964359,1.9783609778039766,False,False,False,22.6
349801741,13.4481,3432.0,0.496897,1,25.05,2.00564,4180.7434,4.5,6816.0,4.48,24.6,11,8.1,-19.4,25.0,2.8,1.0,2,,False,,0,0,False,7419.5,11,11,9327.0,1.64,24.2,7.6,22.5,10,1.0,1.4875453156132368,3.025117926000719,False,False,False,22.5
148830590,12.7934,3226.0,0.530061,1,23.57,0.72481,4154.228,7.2,2162.0,2.69,17.3,29,0.1,-3.8,17.0,5.0,1.0,0,,False,,0,0,False,3751.6,29,29,2334.0,3.47,24.2,4.4,22.4,27,1.0,1.1061998296343096,6.508769760324583,False,False,False,22.4
254119000,13.3457,4043.0,0.587588,1,25.07,8.11086,4186.459,4.2,14289.0,7.66,25.5,3,2.2,6.5,25.7,3.3,1.0,1,"00254119000-01(1:3,ntoi=1)",True,,0,0,False,5974.2,3,3,15686.0,1.13,29.0,2.7,22.4,3,1.0,2.650203405132224,1.5847840176593742,False,False,False,22.4
148830590,12.7934,3226.0,0.530061,1,23.57,0.72249,4154.2655,7.2,2157.0,2.69,17.3,29,0.4,-4.4,11.3,2.6,0.5,0,,False,,0,0,False,3751.6,29,29,2203.0,2.92,24.0,4.6,22.2,26,1.0,1.1050183123273452,6.5157291238329345,False,False,False,22.2
58751951,11.3238,3983.0,1.19408,1,24.08,1.11569,4153.9819,7.2,7606.0,11.36,91.7,19,16.3,-46.4,89.8,3.2,1.0,1,,False,,0,0,False,8445.1,18,19,6766.0,6.02,29.8,54.8,22.2,18,0.9473684210526315,2.1948849318954564,3.2803541977857726,False,False,False,22.2
58751951,11.3238,3983.0,1.19408,1,24.08,1.11569,4153.9819,7.2,7606.0,11.36,91.7,19,16.3,-46.4,77.3,2.5,0.5,1,,False,,0,0,False,8445.1,18,19,6766.0,6.02,29.8,54.8,22.2,18,0.9473684210526315,2.1948849318954564,3.2803541977857726,False,False,False,22.2
335443122,12.8298,3515.0,0.894494,1,24.06,0.74126,4153.9509,6.3,2188.0,4.57,17.1,30,4.5,-4.6,17.8,3.2,1.0,1,,False,,0,0,False,4131.5,27,30,2597.0,3.71,25.0,25.2,22.0,20,0.9,1.5797320778933581,3.9880180241711147,False,False,False,22.0
52683870,12.8169,4111.0,0.722569,1,24.92,0.75358,4266.1473,6.3,7616.0,6.88,21.1,27,0.0,-6.7,21.5,4.7,1.0,0,,False,,0,0,False,12633.4,23,27,5854.0,5.33,24.3,21.6,21.8,18,0.8518518518518519,1.3777517314830663,4.5726670894606185,False,False,False,21.8
52683870,12.8169,4111.0,0.722569,1,24.92,0.7455,4266.3536,6.0,7576.0,6.86,20.8,27,1.2,-9.5,15.1,2.6,1.0,0,,False,,0,0,False,12633.4,21,27,6551.0,4.86,23.7,22.0,21.8,17,0.7777777777777778,1.372809871794657,4.370597941691864,False,False,False,21.8
52683870,12.8169,4111.0,0.722569,1,24.92,0.75373,4266.1473,6.3,7618.0,6.88,21.1,27,0.0,-6.5,17.6,3.4,1.0,0,,False,,0,0,False,12633.4,23,27,5854.0,5.36,24.3,21.7,21.7,18,0.8518518518518519,1.3778431391854884,4.572363733453899,False,False,False,21.7
442919983,12.2288,4511.0,0.799358,1,25.64,1.31722,4265.1605,6.3,2740.0,4.56,32.9,18,1.5,39.4,22.6,2.2,0.5,0,,False,,0,0,False,2842.0,18,18,2918.0,1.52,23.2,4.6,21.7,18,1.0,1.7752326763023243,3.548830575337552,False,False,False,21.7
183584657,12.2268,5826.0,0.913528,4,110.67,0.74997,4180.2717,1.58,2452.0,4.93,38.4,112,0.1,40.8,38.9,10.3,1.0,0,,False,,0,0,False,2955.8,97,111,3329.0,2.06,22.0,5.9,21.6,72,0.8738738738738738,1.6083139661021755,0.9823952494979599,False,False,False,21.6
304098066,13.0008,4040.0,0.715612,2,55.53,22.83933,4238.0835,1.5,66033.0,20.06,21.3,2,0.0,-1.2,21.0,3.9,1.0,0,,False,,0,0,False,16850.2,1,1,76988.0,1.0,,,,0,1.0,4.267968023459321,0.3514553041998199,False,False,False,21.3
215392787,12.2275,3189.0,0.690765,1,24.31,0.85711,4153.855,2.4,11475.0,8.07,55.5,24,1.3,16.6,55.4,5.7,1.0,0,,False,,0,0,False,10777.5,22,24,13108.0,1.83,23.4,7.9,21.1,19,0.9166666666666666,1.3956420016423943,1.7196387018846346,False,False,False,21.1
615165,13.2481,3086.0,0.431775,1,24.07,1.81801,4237.2753,4.5,6083.0,3.67,26.5,10,1.4,-13.2,26.8,2.5,1.0,0,,False,,0,0,False,5728.2,10,10,8266.0,1.5,26.0,22.4,21.0,10,1.0,1.3109276142700965,3.4326838118407688,False,False,False,21.0
304098066,13.0008,4040.0,0.715612,2,55.53,22.29713,4239.1804,0.75,63532.0,19.68,21.0,2,0.0,2.6,21.0,3.9,1.0,0,,False,,0,0,False,16850.2,1,1,68790.0,1.0,,,,0,1.0,4.233923684800056,0.17714065151729777,False,False,False,21.0
58751951,11.3238,3983.0,1.19408,1,24.08,1.11416,4153.9819,7.2,7665.0,11.41,92.6,19,11.9,-46.4,80.3,2.7,0.5,1,,False,,0,0,False,8445.1,18,19,6987.0,5.47,27.7,50.3,20.9,17,0.9473684210526315,2.1938811554007382,3.2818550732684675,False,False,False,20.9
77350952,12.974,3145.0,0.468368,1,25.2,1.23013,4265.5878,4.2,13658.0,5.97,74.8,18,14.6,23.7,75.4,2.8,1.0,2,,False,,0,0,False,13728.4,16,18,14495.0,1.86,24.2,16.0,20.6,15,0.8888888888888888,1.2150200397770443,3.4567331093326645,False,False,False,20.6
143713126,13.2133,3245.0,0.654165,1,23.68,1.3684,4154.6355,6.3,6741.0,5.86,29.9,16,1.3,37.7,22.8,2.0,0.5,0,,False,,0,0,False,7757.9,16,16,7977.0,1.38,21.5,5.3,20.5,16,1.0,1.5730318593092685,4.005004706494872,False,False,False,20.5
95794999,10.2096,5378.0,1.15712,1,24.24,1.29282,4153.6389,4.8,8432.0,11.59,311.6,17,6.5,-243.7,310.3,4.4,1.0,1,,False,,0,0,False,8014.7,17,17,7039.0,2.23,23.0,5.9,20.4,17,1.0,2.257563187783581,2.1261863348828434,False,False,False,20.4
89111752,12.6715,3247.0,0.646002,3,83.33,2.20828,4208.7447,3.15,3383.0,4.1,30.7,29,0.8,-21.3,30.7,4.1,1.0,4,,False,,0,0,False,4666.3,27,29,4912.0,2.33,21.9,18.3,20.3,20,0.9310344827586207,1.8297099457450006,1.7215843458277855,False,False,False,20.3
292074457,11.2595,4300.0,1.06463,1,24.34,12.08472,4153.1433,4.5,4531.0,7.82,27.8,2,0.0,-16.2,27.8,3.2,1.0,1,,False,,0,0,False,1911.9,2,2,5030.0,1.01,29.3,0.0,20.3,2,1.0,4.498692320297134,1.000290679959811,False,False,False,20.3
149594966,13.4076,3066.0,0.568718,1,23.64,1.5577,4154.8044,4.8,5217.0,4.48,18.1,13,4.7,19.2,16.1,2.8,0.5,0,,False,,0,0,False,6380.2,13,13,5838.0,1.86,22.1,6.2,20.1,13,1.0,1.4961238630587437,3.2082905155905084,False,False,False,20.1
215392787,12.2275,3189.0,0.690765,1,24.31,1.07284,4153.4112,2.1,11114.0,7.94,48.0,21,3.1,-15.3,49.1,4.7,1.0,0,,False,,0,0,False,10777.5,21,21,11155.0,2.29,22.0,8.1,19.6,16,1.0,1.5040888650227213,1.3961941005183074,False,False,False,19.6
124080623,12.3052,4840.0,0.797231,1,25.13,5.23267,4268.7968,7.2,9549.0,8.5,39.8,4,8.3,-0.1,39.9,2.7,1.0,0,,False,,0,0,False,6106.3,4,4,9293.0,1.83,24.0,23.8,19.6,4,1.0,2.8065461933556444,2.5654307835893224,False,False,False,19.6
189421256,12.1304,4410.0,0.924621,1,24.28,0.97204,4153.537,4.2,34198.0,18.65,276.7,23,14.5,361.9,281.7,4.0,1.0,0,,False,,0,0,False,34621.7,23,23,36880.0,1.79,20.5,13.1,19.6,22,1.0,1.767714705837843,2.375949007002987,False,False,False,19.6
408909616,12.7431,5043.0,0.788321,1,26.04,4.70203,4266.3144,7.2,3509.0,5.1,19.7,6,1.2,-4.5,19.5,3.2,1.0,1,,False,,0,0,False,3395.5,6,6,4437.0,1.24,22.8,7.7,19.4,6,1.0,2.6880591631977175,2.6785124741952755,False,False,False,19.4
96751119,11.6203,4082.0,1.07518,1,25.06,8.52352,4180.3445,7.2,4404.0,7.78,33.9,3,1.3,8.7,33.9,2.6,1.0,1,,False,,0,0,False,2841.5,3,3,5441.0,1.12,24.3,1.0,19.4,3,1.0,4.030900459828765,1.7862013889337918,False,False,False,19.4
380877154,13.1051,3756.0,0.513895,1,25.22,10.26043,4185.0238,1.58,41187.0,11.38,19.2,2,6.8,2.7,15.4,2.8,1.0,0,,False,,0,0,False,7143.8,1,1,45205.0,1.0,,,,0,1.0,2.6212779610016566,0.6027594263205273,False,False,False,19.2
255020582,13.0391,3586.0,0.442549,1,24.27,0.62479,4153.6372,4.5,2606.0,2.46,16.1,36,0.5,-2.8,16.2,3.6,1.0,1,,False,,0,0,False,5028.1,31,36,2811.0,3.96,21.5,12.0,19.1,23,0.8611111111111112,0.9334560893405613,4.820794519835441,False,False,False,19.1
34797530,13.164,5035.0,0.779423,1,26.04,1.42455,4265.6954,6.3,13862.0,10.01,37.2,16,3.5,43.1,27.8,2.2,0.5,0,,False,,0,0,False,14952.2,16,16,14712.0,1.68,20.8,8.5,19.1,15,1.0,1.7917730683416742,3.516070260968254,False,False,False,19.1
232864710,13.3777,5271.0,0.836114,1,25.17,2.79404,4180.1782,7.2,17964.0,12.23,22.4,8,0.3,-6.8,22.9,3.1,1.0,0,,False,,0,0,False,18786.4,8,8,22760.0,1.15,21.5,4.3,19.1,8,1.0,2.3503335357643182,3.063394999237243,False,False,False,19.1
143024018,12.2608,3956.0,0.768047,3,83.01,0.58628,4207.817,1.58,1190.0,2.89,19.9,105,1.3,-12.9,19.8,5.4,1.0,2,,False,,0,0,False,2150.1,95,104,1153.0,3.89,19.6,2.4,19.0,46,0.9134615384615384,1.3197809392683952,1.1971683731664242,False,False,False,19.0
34796344,12.055,5875.0,0.966917,1,26.03,4.15233,4267.1183,7.2,2762.0,5.54,22.1,6,5.6,-7.3,22.1,2.7,1.0,0,,False,,0,0,False,2586.8,6,6,3019.0,2.32,27.2,30.7,19.0,6,1.0,2.955051438245558,2.4365058106314073,False,False,False,19.0
95329862,11.6458,5155.0,1.17404,1,25.76,3.43253,4265.2521,7.2,1768.0,5.39,20.9,7,3.2,-4.3,20.7,2.5,1.0,1,,False,,0,0,True,1950.3,7,7,2388.0,1.39,22.7,10.3,19.0,7,1.0,3.1564700317686305,2.2810291013489215,False,False,False,19.0
151130951,12.9329,3484.0,0.673728,1,23.79,5.62723,4157.9855,6.3,9703.0,7.24,29.7,4,7.7,-7.9,30.3,2.4,1.0,0,,False,,0,0,False,7061.1,4,4,9363.0,1.61,22.2,12.5,18.6,4,1.0,2.5701762970185342,2.451193720566231,False,False,False,18.6
60035812,11.408,5893.0,1.03749,1,25.08,5.61818,4266.0437,7.2,3050.0,6.25,33.6,4,7.4,-3.3,33.7,2.2,1.0,0,,False,,0,0,False,2315.4,4,4,3552.0,1.4,28.0,13.3,18.6,4,1.0,3.425543262380472,2.101856391384936,False,False,False,18.6
214568641,13.0931,3228.0,0.33164,2,53.38,0.79084,4206.9422,3.6,4111.0,2.32,33.1,53,1.7,38.9,33.8,5.6,1.0,0,,False,,0,0,False,6141.6,38,53,4704.0,2.57,19.4,12.9,18.5,32,0.7169811320754716,0.8330718138833063,4.321356142418083,False,False,False,18.5
215392787,12.2275,3189.0,0.690765,1,24.31,0.64453,4153.1737,2.1,9475.0,7.34,49.9,34,0.2,-35.9,49.8,4.8,1.0,0,,False,,0,0,False,10777.5,27,34,8152.0,2.96,20.4,10.4,18.5,21,0.7941176470588235,1.2691400692207382,1.654663697829205,False,False,False,18.5
128449192,11.241,4320.0,1.01862,1,24.1,11.14066,4164.3698,6.0,3799.0,6.85,28.1,3,5.9,6.6,27.6,3.0,1.0,1,,False,,0,0,False,1781.1,3,3,4073.0,1.71,26.3,36.3,18.4,3,1.0,4.251283496307424,1.4113384828867503,False,False,False,18.4
80426928,12.4711,4930.0,0.741978,4,106.56,45.9301,4180.1099,2.1,18566.0,11.03,18.3,2,1.8,2.5,18.3,4.5,1.0,0,,False,,0,0,False,4343.2,1,1,18220.0,1.0,,,,0,1.0,5.518674464161135,0.380526159612716,False,False,False,18.3
148361523,10.6835,6831.0,1.15835,1,24.1,2.11783,4153.5511,4.5,785.0,3.54,18.2,12,1.4,-4.8,18.7,2.1,1.0,0,,False,,0,0,False,1038.9,12,12,1152.0,1.83,21.8,9.4,18.3,11,1.0,2.6631677806000598,1.6897170477881303,False,False,False,18.3
112909031,10.6747,4709.0,0.986188,1,25.38,1.14528,4179.3377,4.2,1025.0,3.45,22.1,21,5.0,14.7,20.0,3.6,0.5,1,,False,,0,0,False,1497.6,20,21,1064.0,2.44,19.6,4.8,18.1,17,0.9523809523809523,1.9490306198332799,2.1549174021490067,False,False,False,18.1
143024018,12.2608,3956.0,0.768047,3,83.01,0.78154,4208.417,1.58,1041.0,2.7,15.7,81,1.9,15.9,15.8,3.8,1.0,2,,False,,0,0,False,2150.1,72,80,1246.0,6.0,18.4,3.2,18.0,38,0.9,1.4525036384984507,1.0877769653185523,False,False,False,18.0
183584658,12.8972,5375.0,0.788534,4,110.67,0.56257,4180.2623,1.58,4146.0,5.54,40.2,151,1.8,-26.6,40.0,11.1,1.0,0,,False,,0,0,False,5395.4,124,151,5759.0,2.05,18.3,6.3,18.0,82,0.8211920529801324,1.3247911950168478,1.1926407768583536,False,False,False,18.0
178271172,10.9671,4581.0,0.807729,2,54.86,7.28118,4240.1085,4.8,2612.0,4.5,25.4,3,0.0,-8.8,26.0,4.2,0.5,1,,False,,0,0,False,1062.9,3,3,3313.0,1.08,24.3,0.6,18.0,3,1.0,3.1607198238553345,1.5186414068631775,False,False,False,18.0
183584658,12.8972,5375.0,0.788534,4,110.67,0.74997,4180.2717,1.58,4114.0,5.52,35.3,112,0.5,36.9,35.8,9.7,1.0,0,,False,,0,0,False,5395.4,97,111,5896.0,2.05,18.4,6.1,17.9,65,0.8738738738738738,1.4580414608851207,1.0836454534295912,False,False,False,17.9
217896506,13.1019,3537.0,1.08221,1,25.04,13.57575,4184.342,4.2,51815.0,26.88,66.5,2,20.2,0.0,66.5,3.1,2.0,1,,False,,0,0,True,17880.3,2,2,62336.0,1.18,28.6,27.5,17.8,2,1.0,4.72792522951599,0.8883389216436414,False,False,False,17.8
183584657,12.2268,5826.0,0.913528,4,110.67,0.93761,4180.8248,1.58,2394.0,4.88,33.9,91,0.6,-24.3,33.9,8.8,1.0,0,,False,,0,0,False,2955.8,82,91,3159.0,2.28,18.2,5.6,17.7,58,0.9010989010989011,1.7325945595801926,0.9119271391356751,False,False,False,17.7
13934427,13.353,3337.0,0.555356,1,25.38,8.15455,4266.0271,6.3,7071.0,5.09,17.4,4,4.1,4.6,17.7,2.8,1.0,0,,False,,0,0,False,5839.5,4,4,9708.0,1.11,21.7,5.2,17.6,4,1.0,2.5569521815435783,2.4638708715298785,False,False,False,17.6
159369487,12.4315,3541.0,0.892744,1,23.83,1.0362,4153.8838,6.0,2787.0,5.14,19.3,21,0.6,21.7,14.1,2.5,0.5,1,,False,,0,0,False,4093.7,21,21,2681.0,2.31,18.8,4.0,17.5,20,1.0,1.7640360251019702,3.401291081713124,False,False,False,17.5
143169425,11.6689,5214.46,0.903253,1,23.38,7.23185,4269.0008,6.3,5287.0,7.17,26.2,4,4.2,-11.8,26.6,5.1,1.0,0,,False,,0,0,False,2009.7,4,4,6207.0,1.32,22.4,10.1,17.5,4,1.0,3.397538387366016,1.8542836847486375,False,False,False,17.5
217896506,13.1019,3537.0,1.08221,1,25.04,9.31774,4185.317,4.2,34370.0,21.89,59.4,3,6.9,0.9,58.9,2.5,1.0,1,,False,,0,0,False,17880.3,3,3,50042.0,1.31,26.0,101.1,17.5,3,1.0,4.1704813658950055,1.0070779920865705,False,False,False,17.5
95111205,11.3144,6239.0,1.04514,1,26.04,7.39898,4266.952,7.2,2045.0,5.16,23.8,4,3.6,3.5,23.6,2.8,1.0,0,,False,,0,0,False,1611.7,4,4,2124.0,1.61,20.4,7.3,17.3,4,1.0,3.7732469081415316,1.908170913614099,False,False,False,17.3
69881452,10.0464,4474.0,0.773435,1,23.95,0.64268,4153.5506,6.3,2518.0,4.23,116.0,35,17.2,-7.2,118.5,4.0,1.0,1,,False,,0,0,False,3375.3,31,33,2060.0,8.93,21.3,76.1,17.2,28,0.9393939393939394,1.3671697369489022,4.608059869771285,False,False,False,17.2
124428560,12.5381,6140.0,1.15505,1,25.28,4.80056,4269.6618,7.2,4864.0,8.79,19.5,4,0.7,-10.4,19.6,2.3,1.0,0,,False,,0,0,False,4379.6,4,4,5840.0,1.65,22.9,19.7,17.2,4,1.0,3.4917203259630836,2.0620208172068026,False,False,False,17.2
179050473,13.1225,3320.0,0.578603,1,24.33,3.88013,4236.1377,7.2,20805.0,9.11,49.1,6,11.3,8.0,49.2,3.4,1.0,0,,False,,0,0,False,16772.8,5,6,27711.0,1.35,21.2,39.1,17.1,5,0.8333333333333334,2.051528274694489,3.5095787315298956,False,False,False,17.1
142982103,11.854,3892.0,0.764328,3,83.14,15.29828,4219.1358,4.8,4274.0,5.45,17.1,2,0.1,2.2,17.3,3.1,1.0,0,,False,,0,0,False,1651.9,1,1,5308.0,1.0,,,,0,1.0,3.90189587340893,1.2301712182304936,False,False,False,17.1
178153666,11.6136,5735.0,1.09536,2,52.92,33.6168,4213.1001,1.8,7487.0,10.34,29.4,2,1.4,0.7,24.2,3.9,2.0,0,,False,,0,0,False,1280.0,2,2,7354.0,1.04,27.1,1.3,17.1,2,1.0,6.448098590029738,0.2791520593036867,False,False,False,17.1
366176271,13.2387,3409.0,0.698355,1,23.82,0.92285,4154.1252,4.2,16650.0,9.83,71.3,23,5.6,86.3,73.0,4.1,1.0,1,,False,,0,0,False,20734.3,21,23,19456.0,2.27,18.4,25.3,17.0,21,0.9130434782608695,1.440907706549111,2.9148292988582543,False,False,False,17.0
93442818,11.5056,5356.0,0.847398,1,25.57,5.85187,4269.1963,4.5,3120.0,5.16,26.9,4,3.0,1.4,27.0,4.1,1.0,1,,False,,0,0,False,1750.4,4,4,2843.0,2.11,22.9,26.2,17.0,4,1.0,3.0341110607753006,1.4831362167903384,False,False,False,17.0
158975429,11.6874,4247.0,1.02222,1,23.98,0.51219,4153.6782,7.2,452.0,2.37,7.2,43,1.0,0.0,7.4,2.9,1.0,0,,False,,0,0,False,1897.6,27,37,486.0,6.46,24.1,29.2,16.9,18,0.7297297297297297,1.5265636195263126,4.7164755585058,False,False,False,16.9
179050473,13.1225,3320.0,0.578603,1,24.33,11.79876,4239.9065,4.5,39236.0,12.5,46.7,2,4.1,-1.3,45.9,3.0,1.0,0,,False,,0,0,False,16772.8,2,2,40494.0,1.09,24.1,4.8,16.7,2,1.0,2.972173815738196,1.51404334974344,False,False,False,16.7
178153666,11.6136,5735.0,1.09536,2,52.92,6.10552,4213.1189,2.1,3018.0,6.57,22.9,6,7.0,5.6,22.7,3.5,1.0,0,,False,,0,0,False,1280.0,5,6,3517.0,1.95,28.4,154.8,16.6,3,0.8333333333333334,3.6516327917547273,0.5750852070180043,False,False,False,16.6
334235592,12.6543,3448.0,0.650942,1,24.08,0.52278,4153.6989,4.2,1767.0,2.99,14.4,42,0.1,-2.4,14.5,5.3,1.0,0,,False,,0,0,False,3881.8,37,42,1769.0,6.76,17.9,7.3,16.5,25,0.8809523809523809,1.1376521138846039,3.691813998972643,False,False,False,16.5
93442818,11.5056,5356.0,0.847398,1,25.57,14.2815,4269.1588,4.5,5204.0,6.67,25.6,2,1.5,1.2,23.0,3.1,2.0,1,,False,,0,0,False,1750.4,2,2,6185.0,1.14,24.5,11.4,16.4,2,1.0,4.084991826131648,1.1015933915004552,False,False,False,16.4
122614346,12.0267,5343.4,1.07777,2,52.91,0.66759,4207.378,1.8,785.0,3.29,13.0,59,1.1,8.1,13.1,9.1,1.0,1,"00122614346-01(1:1,ntoi=1)",True,,0,0,False,1400.4,49,58,780.0,3.77,17.3,3.3,16.4,29,0.8448275862068966,1.7274107928056008,1.042021971552292,False,False,False,16.4
178153666,11.6136,5735.0,1.09536,2,52.92,21.38456,4213.1064,1.5,7956.0,10.66,30.9,2,0.0,1.1,30.9,5.5,1.0,0,,False,,0,0,False,1280.0,2,2,7799.0,1.03,26.1,0.5,16.4,2,1.0,5.545571621357072,0.2704860927633157,False,False,False,16.4
74651134,13.1198,3468.0,0.416664,1,25.05,1.74217,4180.8941,3.0,5094.0,3.24,14.9,12,6.3,0.7,10.6,3.6,2.0,1,,False,,0,0,False,4724.3,12,12,5735.0,1.76,18.9,7.3,16.3,12,1.0,1.2621058804043592,2.3769796548597384,False,False,False,16.3
34529869,13.0466,4627.0,1.0847,1,26.04,6.20811,4265.4985,3.15,186847.0,51.15,400.0,4,24.3,-9.3,400.2,2.5,1.0,2,,False,,0,0,False,48219.7,4,4,145519.0,2.41,257.2,28067.3,16.2,2,1.0,3.6481094147320725,0.8634609442577108,False,False,False,16.2
95794999,10.2096,5378.0,1.15712,1,24.24,3.01367,4154.9389,4.8,8930.0,11.93,238.4,8,19.2,-136.1,236.1,3.0,1.0,1,,False,,0,0,False,8014.7,8,8,10174.0,1.31,18.3,10.3,16.2,7,1.0,2.9933612048758436,1.6035485434171286,False,False,False,16.2
307218050,11.5041,3575.0,0.383416,26,2691.55,0.6963,1354.7844,2.1,90.0,0.4,27.9,852,0.5,19.5,27.8,4.3,1.0,4,,False,,0,0,False,1529.6,455,851,47.0,210.07,16.3,2.9,16.2,110,0.5346650998824912,0.8795365947703595,2.387620950039372,False,False,False,16.2
218584809,10.1606,4395.0,0.755402,1,24.95,1.8079,4180.5287,6.3,6274.0,6.53,188.1,12,4.9,-129.4,191.3,2.8,1.0,1,,False,,0,0,False,6255.4,12,12,4895.0,1.93,17.1,6.1,16.1,12,1.0,1.899846511891196,3.3160573554590393,False,False,False,16.1
250395412,12.3744,3510.0,0.675235,1,24.38,2.21779,4154.9941,4.2,6522.0,5.95,33.8,11,2.6,-12.4,34.2,2.8,1.0,0,,False,,0,0,False,6707.8,11,11,7436.0,3.19,21.1,18.8,16.0,10,1.0,1.8872020423926277,2.225516879303059,False,False,False,16.0
93442818,11.5056,5356.0,0.847398,1,25.57,14.27862,4269.1526,4.2,5840.0,7.07,26.5,2,1.7,1.4,21.6,2.8,2.0,1,,False,,0,0,False,1750.4,2,2,6831.0,1.14,25.2,11.6,16.0,2,1.0,4.084717215216031,1.0282229536856378,False,False,False,16.0
129414660,12.7435,3740.0,0.865928,1,24.08,10.08879,4154.9854,3.15,20150.0,13.41,44.9,2,0.0,-4.5,45.7,3.6,1.0,3,,False,,0,0,False,7012.6,2,2,22688.0,1.25,30.1,56.0,16.0,2,1.0,3.6909869528216923,0.8534302722451734,False,False,False,16.0
143169425,11.6689,5214.46,0.903253,1,23.38,7.19677,4269.0383,4.5,6005.0,7.64,25.9,3,1.3,-9.7,17.7,2.5,1.0,0,,False,,0,0,False,2009.7,3,3,6832.0,1.11,22.2,0.8,16.0,3,1.0,3.3920359280376995,1.3266368916685563,False,False,False,16.0
140763565,13.3339,3614.0,0.682505,1,23.56,0.80865,4154.2349,4.2,4252.0,4.86,16.9,25,0.3,20.5,17.5,5.5,1.0,0,,False,,0,0,False,6433.3,23,25,4318.0,2.29,17.2,5.0,15.9,19,0.92,1.3578935201682334,3.0930260271657013,False,False,False,15.9
178271172,10.9671,4581.0,0.807729,2,54.86,7.28099,4240.1022,4.5,2695.0,4.57,25.2,3,0.0,-8.0,22.7,3.4,2.0,1,,False,,0,0,False,1062.9,3,3,3491.0,1.02,22.8,0.1,15.9,3,1.0,3.1606923309677253,1.4237387030398534,False,False,False,15.9
160378544,12.368,4331.0,0.828328,1,24.22,10.75689,4269.1855,1.5,11348.0,9.63,15.9,2,0.0,-1.0,15.9,3.1,1.0,0,,False,,0,0,False,2464.8,1,1,11644.0,1.0,,,,0,1.0,3.660767084976829,0.4097501876466676,False,False,False,15.9
129414660,12.7435,3740.0,0.865928,1,24.08,11.45402,4154.9854,3.15,20543.0,13.54,43.4,2,14.0,-1.7,44.1,3.4,1.0,3,,False,,0,0,False,7012.6,2,2,23115.0,1.23,30.2,45.4,15.9,2,1.0,3.850485228444171,0.8180787129711417,False,False,False,15.9
148493317,10.5758,5377.0,0.918341,1,24.1,11.61477,4162.0823,4.2,1910.0,4.38,19.2,2,1.8,-2.6,19.3,4.9,1.0,2,"00148493317-01(1:1,ntoi=2);00148493317-02(1:1,ntoi=2)",True,,0,0,False,766.8,2,2,2151.0,1.08,23.0,3.7,15.9,2,1.0,4.022979456529048,1.0440023483549385,False,False,False,15.9
149236934,13.1093,3329.0,0.593164,1,23.76,10.83761,4159.0239,4.8,15790.0,8.13,15.5,2,1.2,-6.6,15.3,3.2,1.0,1,,False,,0,0,False,6281.8,1,1,17150.0,1.0,,,,0,1.0,2.9374421587073294,1.6340747291896702,False,False,False,15.5
215392787,12.2275,3189.0,0.690765,1,24.31,0.57008,4153.6112,2.1,6854.0,6.24,38.1,39,4.0,32.6,39.9,3.4,1.0,0,,False,,0,0,False,10777.5,29,39,8718.0,2.99,17.3,13.6,15.5,21,0.7435897435897436,1.2182612913856257,1.723768139765405,False,False,False,15.5
34262005,13.0499,5273.76,0.768253,1,25.9,1.04953,4265.4997,6.3,1763.0,3.52,13.2,22,2.9,-4.5,13.3,4.4,1.0,0,,False,,0,0,False,3478.8,21,22,1864.0,2.81,16.5,5.5,15.3,16,0.9545454545454546,1.6027880272107247,3.930650774178584,False,False,False,15.3
172311795,11.2395,5593.0,0.903909,1,25.14,1.97254,4266.3965,7.2,906.0,2.97,17.5,12,1.5,-4.7,16.9,3.6,1.0,0,,False,,0,0,False,1293.1,12,12,783.0,7.01,16.6,15.1,15.2,10,1.0,2.204448922881123,3.2661223969707134,False,False,False,15.2
76811520,12.7577,4020.0,0.631163,1,24.84,6.76127,4183.1064,7.2,3908.0,4.3,17.2,4,0.4,-1.8,17.0,3.2,1.0,0,,False,,0,0,True,3421.5,4,4,4296.0,1.14,18.4,4.3,14.9,4,1.0,2.6160461925885183,2.7522449796177963,False,False,False,14.9
146379600,9.6072,4659.0,0.868203,2,54.91,7.58847,4238.3864,7.2,1105.0,3.15,36.9,4,7.7,-9.8,35.6,3.4,1.0,1,,False,,0,0,False,804.6,4,4,1225.0,1.5,19.4,18.9,14.9,4,1.0,3.3625897849518736,2.141206766350493,False,False,False,14.9
57700527,12.6326,5238.0,1.12339,2,51.61,17.87047,4155.6865,7.2,11514.0,13.15,18.3,2,2.0,-1.9,18.2,3.4,1.0,0,,False,,0,0,False,6809.9,2,2,13182.0,1.06,21.7,1.9,14.9,2,1.0,5.3121947468104755,1.3553719965411646,False,False,False,14.9
166701210,12.249,3627.0,0.656456,3,83.08,1.06818,4208.1942,7.2,568.0,1.71,12.7,59,0.4,-0.5,13.0,5.1,1.0,3,,False,,0,0,False,1969.5,48,59,634.0,5.04,16.0,4.9,14.8,29,0.8135593220338984,1.451755643104245,4.959512321649709,False,False,False,14.8
140763565,13.3339,3614.0,0.682505,1,23.56,1.21583,4154.2005,3.15,4887.0,5.21,14.9,18,0.3,-10.6,15.0,4.4,1.0,0,,False,,0,0,False,6433.3,17,18,5204.0,2.0,16.3,4.6,14.8,15,0.9444444444444444,1.5556186361679258,2.024917885889845,False,False,False,14.8
286261152,12.8769,3321.0,0.59437,1,24.39,6.33431,4159.2461,6.3,17679.0,8.62,26.4,2,5.3,1.2,24.8,2.8,1.0,1,,False,,0,0,False,6931.8,2,2,23191.0,1.28,20.8,32.6,14.7,2,1.0,2.4593064713038078,2.561697809325911,False,False,False,14.7
286261152,12.8769,3321.0,0.59437,1,24.39,6.23426,4159.2086,4.5,20313.0,9.24,26.8,2,2.3,-9.6,25.2,2.8,1.0,1,,False,,0,0,False,6931.8,2,2,22640.0,1.17,21.5,13.6,14.4,2,1.0,2.446289501395545,1.839520628050305,False,False,False,14.4
51832774,12.7051,5052.38,0.649185,1,25.14,14.60754,4268.8094,6.0,10029.0,7.09,32.8,2,5.5,-7.2,29.4,3.1,2.0,0,,False,,0,0,False,3532.2,2,2,10601.0,1.16,30.2,20.4,14.4,2,1.0,3.44598175013557,1.7411583795427679,False,False,False,14.4
317805453,12.2486,5467.0,0.824178,1,26.04,10.45407,4269.202,7.2,4342.0,5.92,21.7,3,1.1,5.0,19.4,2.7,2.0,0,,False,,0,0,False,2656.8,3,3,5619.0,1.57,21.7,53.1,14.4,3,1.0,3.6139663711333907,1.9922708903741069,False,False,False,14.4
51832774,12.7051,5052.38,0.649185,1,25.14,12.51572,4268.8219,4.2,10629.0,7.3,31.7,2,8.7,-2.2,31.7,3.4,1.0,0,,False,,0,0,False,3532.2,2,2,11310.0,1.32,28.6,83.3,14.3,2,1.0,3.272948898264023,1.2832464332784683,False,False,False,14.3
324897445,12.6487,3781.0,0.517982,1,24.82,11.64442,4179.7765,3.0,111585.0,18.88,90.0,2,0.0,10.1,91.3,5.0,1.0,0,,False,,0,0,False,40562.5,2,2,121359.0,1.09,23.6,4.3,14.2,2,1.0,2.748679014000952,1.0914333702549093,False,False,False,14.2
83481638,10.4547,4416.0,0.740149,1,24.25,0.50502,4153.5885,7.2,201.0,1.15,7.2,45,1.5,0.0,6.5,3.1,1.0,0,,False,,0,0,False,771.9,28,39,220.0,6.87,21.4,28.0,14.1,21,0.717948717948718,1.2251537425165357,5.876813456253081,False,False,False,14.1
60117588,12.7536,4850.0,0.795716,1,25.04,11.4853,4268.7896,4.2,8314.0,7.92,14.1,2,0.7,0.3,14.1,3.0,1.0,0,,False,,0,0,False,3496.2,1,1,8628.0,1.0,,,,0,1.0,3.642736877909589,1.1529792408202155,False,False,False,14.1
188857765,12.5971,3666.0,0.834859,1,24.33,1.06897,4153.465,3.0,3232.0,5.18,13.7,21,3.9,10.6,13.7,3.4,0.5,0,,False,,0,0,False,5225.8,18,21,3968.0,3.44,15.5,8.3,14.1,14,0.8571428571428571,1.7045335559711692,1.7600122857603295,False,False,False,14.1
217896506,13.1019,3537.0,1.08221,1,25.04,10.7581,4187.1545,4.8,45020.0,25.05,61.9,2,25.4,10.1,62.1,2.7,1.0,1,,False,,0,0,False,17880.3,2,2,46150.0,1.45,22.5,127.4,14.1,2,1.0,4.375165791739605,1.0971012822102626,False,False,False,14.1
57710087,12.2963,5498.0,1.17513,2,51.61,17.83151,4155.724,7.2,8142.0,11.57,18.2,2,2.3,-3.3,18.2,3.2,1.0,0,,False,,0,0,False,4871.9,2,2,9320.0,1.1,20.8,4.1,14.1,2,1.0,5.470095940713181,1.3162474804895794,False,False,False,14.1
89111752,12.6715,3247.0,0.646002,3,83.33,1.32511,4207.8603,4.2,2982.0,3.85,37.4,46,2.4,-26.1,37.9,5.5,1.0,4,,False,,0,0,False,4666.3,40,46,2809.0,2.66,14.8,6.9,14.0,32,0.8695652173913043,1.5432922651084755,2.721454707546784,False,False,False,14.0
51900944,11.9699,5009.85,0.80657,1,25.14,6.62027,4270.6906,6.3,6647.0,7.17,38.9,3,4.8,-3.5,39.8,3.1,1.0,0,,False,,0,0,False,3506.2,3,3,7995.0,1.04,23.8,43.0,14.0,3,1.0,3.0591086666958796,2.0594234093699533,False,False,False,14.0
73695776,12.1423,6133.0,1.16339,1,25.06,1.44056,4180.4032,6.3,1416.0,4.78,14.7,15,0.7,1.5,14.8,3.2,1.0,0,,False,,0,0,False,2294.8,13,15,1162.0,3.15,16.3,13.9,14.0,11,0.8666666666666667,2.3489239831701667,2.6820791328876306,False,False,False,14.0
73695776,12.1423,6133.0,1.16339,1,25.06,1.43634,4180.4407,6.3,1410.0,4.77,14.6,15,1.0,2.0,12.3,2.3,2.0,0,,False,,0,0,False,2294.8,13,15,1240.0,3.0,16.4,13.4,14.0,11,0.8666666666666667,2.3466280810598055,2.684703234760038,False,False,False,14.0
160476756,12.9568,3462.0,0.693606,1,24.1,0.73417,4153.9821,4.5,9054.0,7.2,31.9,30,1.9,-12.1,27.8,4.6,1.0,0,,False,,0,0,False,19519.7,27,30,8966.0,3.93,15.2,5.2,13.9,19,0.9,1.329073706508319,3.3858167368476444,False,False,False,13.9
121425305,11.605,5611.0,0.885092,2,53.37,21.59743,4211.8428,6.3,2944.0,5.24,18.9,2,0.0,2.5,19.0,5.2,1.0,0,,False,,0,0,False,1379.1,2,2,3248.0,1.06,20.7,1.8,13.9,2,1.0,4.826895862666139,1.3051866415282867,False,False,False,13.9
148493317,10.5758,5377.0,0.918341,1,24.1,8.77889,4156.1198,4.8,1608.0,4.02,17.3,2,0.0,-0.3,17.0,4.0,1.0,2,,False,,0,0,False,766.8,2,2,1815.0,1.02,20.2,0.1,13.9,2,1.0,3.6645794840075934,1.3098365094678497,False,False,False,13.9
183584658,12.8972,5375.0,0.788534,4,110.67,0.93761,4180.8248,1.58,4006.0,5.44,31.1,91,0.5,-21.7,30.9,8.1,1.0,0,,False,,0,0,False,5395.4,79,91,5533.0,2.4,14.3,6.4,13.7,49,0.8681318681318682,1.5707099210823043,1.0059145732722528,False,False,False,13.7
12418091,12.3176,4937.0,0.823572,2,55.24,0.64146,4235.8304,3.15,773.0,2.5,12.6,63,2.3,12.9,13.0,6.8,1.0,0,,False,,0,0,False,1914.8,47,63,849.0,3.31,14.4,5.2,13.7,33,0.746031746031746,1.4247298910640853,2.2109454007786455,False,False,False,13.7
56486481,12.8907,5759.0,0.920326,1,25.38,2.19136,4179.5626,7.2,51388.0,22.76,104.1,11,5.2,-55.1,102.4,2.5,1.0,0,,False,,0,0,False,51133.2,11,11,54652.0,1.61,15.1,16.0,13.7,10,1.0,2.3106845735707697,3.115959695387426,False,False,False,13.7
319312770,11.885,4487.0,0.941385,1,24.48,9.97491,4240.2808,4.5,6226.0,8.1,22.8,2,0.0,-1.5,22.9,3.4,1.0,0,,False,,0,0,False,2268.0,2,2,7203.0,1.09,19.7,3.1,13.7,2,1.0,3.887670704560119,1.1575054427119142,False,False,False,13.7
140763565,13.3339,3614.0,0.682505,1,23.56,0.86181,4154.1724,7.2,2421.0,3.66,11.2,25,0.8,-2.5,11.4,2.8,1.0,0,,False,,0,0,False,6433.3,22,25,2476.0,5.43,15.2,5.3,13.6,17,0.88,1.3870199102748457,5.1909853252022025,False,False,False,13.6
452357628,11.6477,3324.0,0.496362,26,2634.76,42.64482,1423.5853,6.0,2869.0,2.9,50.6,13,3.3,-7.6,75.8,3.2,2.0,46,"00452357628-01(1:3,ntoi=2);00452357628-01(1:3,ntoi=1)",True,,0,0,False,2916.4,11,13,1004.0,13.44,18.0,49.0,13.6,9,0.8461538461538461,4.118092269126398,1.45698532424404,False,False,False,13.6
12418091,12.3176,4937.0,0.823572,2,55.24,0.6697,4236.0742,2.25,780.0,2.51,10.6,58,0.6,10.7,11.2,5.4,1.0,0,,False,,0,0,False,1914.8,45,58,1144.0,3.26,14.3,4.5,13.5,30,0.7758620689655172,1.44533807072201,1.5567292148307046,False,False,False,13.5
317805453,12.2486,5467.0,0.824178,1,26.04,10.45596,4269.1832,6.3,4731.0,6.18,21.8,3,0.7,5.3,21.8,3.3,1.0,0,,False,,0,0,False,2656.8,3,3,5756.0,1.79,21.4,68.8,13.5,3,1.0,3.6141841486707014,1.743131987980508,False,False,False,13.5
335443122,12.8298,3515.0,0.894494,1,24.06,6.61023,4159.2446,4.8,8072.0,8.77,18.1,2,0.0,-1.6,17.7,3.2,1.0,1,,False,,0,0,False,4131.5,2,2,9338.0,1.03,19.5,0.4,13.5,2,1.0,3.2759110842389876,1.465241234139011,False,False,False,13.5
296157230,13.419,3278.0,0.546888,1,23.65,4.4037,4155.182,7.2,4326.0,3.92,11.7,6,1.2,1.6,11.9,2.9,1.0,0,,False,,0,0,False,5941.9,6,6,5795.0,1.21,15.7,4.2,13.4,6,1.0,2.061008573818323,3.493435248869895,False,False,False,13.4
41861951,10.877,5217.0,0.836795,3,80.25,26.99538,4180.0659,3.15,13034.0,10.42,70.7,2,5.2,8.0,70.7,5.7,1.0,0,,False,,0,0,True,3605.1,2,2,12023.0,1.1,25.1,5.9,13.4,2,1.0,5.008613196652574,0.6289166035231573,False,False,False,13.4
146422354,10.1548,5634.0,0.846719,2,54.89,14.55922,4240.0807,1.58,2966.0,5.03,22.8,2,4.9,0.0,22.8,5.5,1.0,0,,False,,0,0,False,599.5,2,2,3025.0,1.2,20.3,14.7,13.3,2,1.0,4.1091046352857195,0.38451198989488317,False,False,False,13.3
382043650,11.9592,3432.0,0.571631,25,2659.71,102.62717,1437.9686,4.2,8725.0,5.83,48.6,3,9.2,12.1,58.8,5.3,2.0,45,,False,,0,0,False,2113.2,3,3,7215.0,2.68,23.5,289.2,13.3,3,1.0,6.063260958094478,0.6926965586716143,False,False,False,13.3
74054879,12.0192,3392.0,0.677081,1,25.06,13.59024,4184.7532,6.3,7624.0,6.45,30.3,2,3.1,0.0,22.9,3.3,2.0,0,,False,,0,0,True,2824.8,2,2,7294.0,1.16,21.7,11.5,13.2,2,1.0,3.459747632146503,1.8209420656764328,False,False,False,13.2
74054879,12.0192,3392.0,0.677081,1,25.06,13.63047,4184.7157,6.3,7336.0,6.33,30.2,2,1.7,0.0,30.2,4.9,2.0,0,,False,,0,0,True,2824.8,2,2,6999.0,1.12,21.7,6.4,13.2,2,1.0,3.4631581319600184,1.8191488115601682,False,False,False,13.2
278457892,12.4267,5352.0,0.838033,1,26.12,0.97326,4207.1153,4.2,4965.0,6.44,22.6,23,2.4,25.5,22.9,3.5,1.0,0,,False,,0,0,False,7912.3,20,23,5462.0,2.69,14.9,10.8,13.2,16,0.8695652173913043,1.656247869530013,2.535852318525136,False,False,False,13.2
189421256,12.1304,4410.0,0.924621,1,24.28,0.87545,4153.187,4.2,35225.0,18.93,295.1,25,4.2,370.9,297.5,4.3,1.0,0,,False,,0,0,False,34621.7,24,25,26300.0,3.0,16.1,35.7,13.2,19,0.96,1.7071089725050241,2.4602998798822373,False,False,False,13.2
128835089,12.9572,3459.0,0.678243,1,24.1,1.59599,4154.4573,4.2,23231.0,11.28,36.9,13,1.5,6.2,37.4,2.6,1.0,0,,False,,0,0,False,32157.5,13,13,18771.0,3.18,18.6,14.9,13.1,10,1.0,1.6961928549090854,2.4761335291823974,False,False,False,13.1
51895372,12.1018,4672.51,0.704461,1,25.14,0.66629,4265.75,3.15,1506.0,2.98,18.5,31,3.5,13.4,18.9,2.7,1.0,0,,False,,0,0,False,2705.2,25,31,1422.0,5.21,15.0,16.7,13.1,16,0.8064516129032258,1.3001716608314307,2.4227570057831023,False,False,False,13.1
149064422,12.1836,3872.0,0.810225,1,23.83,2.28656,4155.6677,4.5,1540.0,3.47,11.2,8,1.5,-5.2,11.6,3.0,1.0,1,,False,,0,0,False,2174.9,8,8,2086.0,2.0,15.4,4.7,13.1,8,1.0,2.1528127373091595,2.090288635891589,False,False,False,13.1
93442818,11.5056,5356.0,0.847398,1,25.57,10.31808,4269.1401,4.8,4507.0,6.21,22.8,2,0.0,1.2,23.0,3.1,1.0,1,,False,,0,0,False,1750.4,2,2,5886.0,1.28,19.2,31.0,13.1,2,1.0,3.665497104092121,1.3095086051606295,False,False,False,13.1
211597070,10.1066,5407.0,0.893646,2,51.57,18.53505,4158.8953,6.3,2777.0,5.14,40.4,3,9.2,-16.1,40.7,2.9,1.0,1,,False,,0,0,False,1405.2,3,3,2922.0,1.58,19.4,9.3,13.1,3,1.0,4.6165395286852355,1.364658519840337,False,False,False,13.1
60233707,11.6729,5556.0,0.980089,1,25.12,14.65997,4268.8034,3.0,8492.0,9.85,33.3,2,8.5,-5.6,27.4,3.0,2.0,0,,False,,0,0,False,2267.9,2,2,7505.0,1.26,18.2,22.4,13.1,2,1.0,4.5404231693096415,0.660731365366577,False,False,False,13.1
118283196,12.1042,5832.0,1.09967,2,51.1,1.71981,4154.3514,6.3,2556.0,6.07,23.6,27,0.7,-12.5,23.7,3.2,1.0,0,,False,,0,0,False,4825.8,23,27,2344.0,2.88,14.1,5.8,13.0,18,0.8518518518518519,2.3999933341848534,2.625007290755566,False,False,False,13.0
307218050,11.5041,3575.0,0.383416,26,2691.55,0.87,1355.0219,2.1,83.0,0.38,23.3,684,1.4,-5.9,23.5,3.1,1.0,4,,False,,0,0,False,1529.6,352,683,29.0,357.75,15.3,2.7,13.0,84,0.5153733528550513,0.9473159863953083,2.2167893608455214,False,False,False,13.0
278825715,12.1809,3286.0,0.482599,40,2634.75,105.99781,1451.6984,6.0,5523.0,3.91,47.1,7,28.0,6.9,65.7,6.0,2.0,55,,False,,0,0,False,3073.6,7,7,4264.0,3.38,18.8,84.7,13.0,5,1.0,5.474757282554268,1.0959389960755808,False,False,False,13.0
56486481,12.8907,5759.0,0.920326,1,25.38,5.11282,4179.5251,7.2,72073.0,26.96,103.1,5,9.0,0.2,101.4,2.4,1.0,0,,False,,0,0,False,51133.2,5,5,80082.0,1.12,15.3,5.1,12.9,5,1.0,3.064711439499667,2.3493239550068195,False,False,False,12.9
47642259,11.3455,4563.0,0.760322,1,26.03,12.08348,4268.8772,1.58,7984.0,7.41,12.8,2,1.1,2.2,12.5,3.6,1.0,0,,False,,0,0,False,2547.6,1,1,8734.0,1.0,,,,0,1.0,3.5942146323602575,0.4395953390692313,False,False,False,12.8
382160308,10.8244,3767.0,0.617725,34,2662.73,2.50908,1326.321,4.5,120.0,0.74,14.1,289,2.3,-9.7,16.1,7.5,1.0,17,,False,,0,0,False,756.7,197,289,120.0,11.37,13.3,2.4,12.7,58,0.6816608996539792,1.8531471908752661,2.428301444244475,False,False,False,12.7
178364643,12.1812,3451.0,0.569816,2,54.91,0.85773,4236.475,4.2,688.0,1.63,11.4,45,0.8,13.6,12.0,6.2,1.0,0,,False,,0,0,False,1855.2,38,45,806.0,2.47,13.4,5.5,12.6,24,0.8444444444444444,1.2278583102809584,3.420590116003659,False,False,False,12.6
148771863,13.4623,3326.0,0.572963,1,24.1,0.50651,4153.4198,6.0,1799.0,2.65,7.8,43,2.7,1.7,8.3,2.2,0.5,0,,False,,0,0,False,6465.9,30,43,2290.0,4.2,13.5,12.7,12.6,22,0.6976744186046512,1.0339241680546796,5.803133523118,False,False,False,12.6
128835089,12.9572,3459.0,0.678243,1,24.1,5.32277,4155.5073,3.0,49710.0,16.5,34.8,4,7.3,8.5,35.6,2.4,1.0,0,,False,,0,0,False,32157.5,4,4,73669.0,1.2,21.3,6.8,12.6,4,1.0,2.5342205462164302,1.1837959424956026,False,False,False,12.6
374458112,12.5514,3723.0,1.05752,1,24.05,8.18678,4158.1131,6.3,21669.0,16.98,86.4,2,0.0,11.2,87.0,3.1,1.0,1,,False,,0,0,False,11852.0,2,2,23861.0,1.21,21.9,22.3,12.6,2,1.0,3.933432728498494,1.6016544415149803,False,False,False,12.6
255020582,13.0391,3586.0,0.442549,1,24.27,4.39853,4154.8184,4.5,4501.0,3.24,13.6,6,1.1,-5.0,13.8,2.7,1.0,1,,False,,0,0,False,5028.1,6,6,4937.0,2.16,15.7,6.6,12.5,6,1.0,1.7890331557218657,2.5153250992624967,False,False,False,12.5
212170127,11.6248,4833.0,0.772201,1,25.22,0.65162,4179.5127,4.2,833.0,2.43,10.8,35,0.1,2.9,11.0,5.3,1.0,1,"00212170127-01(3:1,ntoi=1)",True,,0,0,False,1948.8,29,35,674.0,4.72,13.6,6.0,12.5,15,0.8285714285714286,1.3720186105382812,3.061182966280773,False,False,False,12.5
444949878,11.2057,6294.0,1.10505,1,26.04,9.51563,4270.1206,6.3,1741.0,5.03,18.1,3,4.9,-4.4,18.6,2.9,1.0,0,,False,,0,0,False,1261.8,3,3,1843.0,1.68,20.4,31.7,12.5,3,1.0,4.2586841262145905,1.479330190567543,False,False,False,12.5
178271172,10.9671,4581.0,0.807729,2,54.86,20.71152,4242.3897,6.3,2064.0,4.0,23.4,2,0.0,-6.6,23.7,3.7,1.0,1,,False,,0,0,False,1062.9,2,2,2414.0,1.26,19.8,29.4,12.3,2,1.0,4.478398496659203,1.4067528838042607,False,False,False,12.3
381662021,10.6035,6393.0,1.12375,1,25.22,1.35073,4180.6254,6.0,623.0,3.06,12.3,17,0.4,1.3,11.1,2.8,1.0,0,,False,,0,0,False,1271.9,15,17,820.0,1.74,13.5,6.6,12.3,11,0.8823529411764706,2.246523395659437,2.6707934631763672,False,False,False,12.3
95055905,11.6386,5344.0,1.19116,1,26.04,14.79474,4268.8023,6.0,7154.0,10.99,31.7,2,5.5,-6.4,29.1,2.7,2.0,0,,False,,0,0,False,2920.3,2,2,9131.0,1.11,18.6,3.8,12.3,2,1.0,5.186696156426362,1.156805762096927,False,False,False,12.3
278825715,12.1809,3286.0,0.482599,40,2634.75,99.29246,1505.3859,4.2,7435.0,4.54,50.1,6,50.1,2.4,55.8,4.8,2.0,55,"00278825715-01(3:1,ntoi=6)",True,,0,0,False,3073.6,5,6,6801.0,3.38,18.6,181.0,12.3,5,0.8333333333333334,5.356790510984158,0.7840515680775371,False,False,False,12.3
47500891,12.4035,5615.0,0.954597,1,26.02,4.61548,4268.7781,7.2,2766.0,5.48,14.4,4,3.5,-3.6,14.4,2.9,1.0,0,,False,,0,0,True,2963.3,4,4,3661.0,1.3,15.9,8.0,12.2,4,1.0,3.0350135099044317,2.3723123394685377,False,False,False,12.2
374813188,13.0814,3513.0,1.00083,1,24.06,14.10688,4162.1465,6.3,86360.0,32.09,114.3,2,24.6,13.8,105.1,3.1,2.0,1,,False,,0,0,False,46285.1,2,2,90671.0,1.29,34.5,69.1,12.2,2,1.0,4.545609890254076,1.3859526338825048,False,False,False,12.2
335249394,10.3224,6008.0,1.10094,1,24.09,0.72871,4153.3695,4.8,342.0,2.22,14.0,31,2.5,-3.2,14.0,3.9,1.0,0,,False,,0,0,False,853.6,27,31,281.0,6.05,13.5,5.4,12.2,15,0.8709677419354839,1.80399628076671,2.660759365845238,False,False,False,12.2
129414660,12.7435,3740.0,0.865928,1,24.08,9.05705,4154.9854,3.15,16490.0,12.13,44.1,3,32.3,7.9,44.1,3.4,1.0,3,,False,,0,0,False,7012.6,2,3,23458.0,1.21,26.8,143.7,12.1,2,0.6666666666666666,3.56061544244981,0.8846785200236916,False,False,False,12.1
143713126,13.2133,3245.0,0.654165,1,23.68,2.04985,4153.9793,7.2,6147.0,5.6,25.0,11,3.4,-18.4,25.6,2.5,1.0,0,,False,,0,0,False,7757.9,11,11,5288.0,1.97,13.3,4.3,12.0,11,1.0,1.7998674553301084,4.000294565401467,False,False,False,12.0
189421256,12.1304,4410.0,0.924621,1,24.28,1.45813,4153.537,4.2,34653.0,18.78,242.5,16,2.6,-144.2,248.1,3.4,1.0,0,,False,,0,0,False,34621.7,16,16,37362.0,1.63,13.1,15.0,12.0,13,1.0,2.023560582545967,2.075549423242728,False,False,False,12.0
381662021,10.6035,6393.0,1.12375,1,25.22,1.3124,4179.4316,6.3,594.0,2.99,12.6,18,1.9,3.2,13.1,3.8,1.0,0,,False,,0,0,False,1271.9,14,18,656.0,2.17,13.3,6.9,12.0,12,0.7777777777777778,2.2250691091584933,2.8313727308823315,False,False,False,12.0
307218050,11.5041,3575.0,0.383416,26,2691.55,1.91401,1354.6844,2.1,118.0,0.45,23.6,306,2.0,-5.2,23.6,3.2,1.0,4,,False,,0,0,False,1529.6,183,305,162.0,37.8,15.3,2.7,12.0,51,0.6,1.2320732150852267,1.7044441631293283,False,False,False,12.0
334843055,12.9927,3388.0,0.652109,1,24.1,1.44317,4153.6945,6.0,2614.0,3.64,12.6,16,0.2,-5.1,9.3,3.1,0.5,0,,False,,0,0,False,4706.2,16,16,2188.0,3.32,14.3,4.5,11.8,14,1.0,1.5978190235883076,3.7551186407365957,False,False,False,11.8
142873559,12.4147,3480.0,0.65321,2,52.9,0.94269,4207.4232,3.6,1057.0,2.32,14.1,45,3.3,11.4,14.4,3.0,1.0,1,,False,,0,0,False,2748.1,33,45,948.0,7.48,13.7,8.5,11.8,22,0.7333333333333333,1.3879265297154197,2.593797238487936,False,False,False,11.8
374813188,13.0814,3513.0,1.00083,1,24.06,14.12572,4162.1402,6.0,87846.0,32.36,114.0,2,24.6,12.4,101.0,2.9,2.0,1,,False,,0,0,False,46285.1,2,2,92836.0,1.29,33.7,64.2,11.8,2,1.0,4.547632572196188,1.3193678039610002,False,False,False,11.8
60236076,11.0217,6041.0,1.07462,1,25.46,2.0507,4266.213,7.2,638.0,2.96,13.2,10,2.0,2.6,12.8,2.6,1.0,0,,False,,0,0,False,1079.6,9,10,724.0,1.94,14.3,9.7,11.8,8,0.9,2.506180138483144,2.8728980369135684,False,False,False,11.8
365082656,11.8637,6289.0,1.18484,1,25.06,1.16323,4179.9156,6.3,746.0,3.53,12.2,20,0.2,4.6,12.9,4.2,1.0,0,,False,,0,0,False,1574.0,17,20,695.0,2.39,13.0,7.4,11.8,14,0.85,2.21413092127577,2.845360199554042,False,False,False,11.8
183821379,12.1825,3478.0,0.408466,1,24.75,6.45188,4240.7811,0.5,29049.0,7.6,11.7,2,0.6,0.2,11.4,3.5,1.0,0,,False,,0,0,False,7144.9,1,1,36608.0,1.0,,,,0,1.0,1.9269672313430954,0.2594750921900733,False,False,False,11.7
30531851,12.3885,3317.0,0.329839,13,1951.8,1.12584,2037.3987,7.2,265.0,0.59,10.7,282,1.5,14.3,8.2,6.5,0.5,3,,False,,0,0,False,2291.7,196,282,276.0,6.56,11.9,1.6,11.7,39,0.6950354609929078,0.9337598346717486,7.710762160305459,False,False,False,11.7
318030915,13.4714,3578.0,0.796116,1,24.22,12.56407,4161.9492,4.5,16215.0,11.06,21.2,2,0.1,1.7,20.1,2.6,2.0,0,,False,,0,0,False,9095.5,2,2,17926.0,1.01,16.8,0.0,11.6,2,1.0,3.754648720969258,1.1985142511117073,False,False,False,11.6
293103214,12.8235,4680.0,0.840305,1,24.25,0.56779,4153.2697,6.3,3126.0,5.13,11.1,39,2.6,-2.4,11.3,3.3,1.0,0,,False,,0,0,False,13404.6,29,39,3706.0,5.09,12.5,5.8,11.6,20,0.7435897435897436,1.3864222055792617,4.5440703233455455,False,False,False,11.6
313065268,12.0136,4050.0,1.01386,1,24.1,3.85037,4154.9569,7.2,2806.0,5.86,21.0,6,6.2,1.4,19.3,3.0,1.0,1,,False,,0,0,False,2598.5,6,6,2029.0,1.67,14.6,5.4,11.6,6,1.0,2.974137948421038,2.420869551065196,False,False,False,11.6
34529869,13.0466,4627.0,1.0847,1,26.04,9.30953,4265.5141,3.0,224823.0,56.11,435.3,3,300.3,-8.5,437.3,2.9,1.0,2,,False,,0,0,False,48219.7,2,3,284746.0,1.26,109.5,18224.0,11.6,2,0.6666666666666666,4.17564887946809,0.7184512123974732,False,False,False,11.6
32832708,11.4497,4783.0,1.09621,1,25.15,7.30072,4269.2293,4.2,4043.0,7.6,27.4,2,0.0,3.0,27.4,4.2,1.0,0,,False,,0,0,False,1550.6,2,2,4614.0,1.07,19.1,1.7,11.6,2,1.0,3.877865106855378,1.0830701647087064,False,False,False,11.6
32832708,11.4497,4783.0,1.09621,1,25.15,4.84751,4269.2855,6.3,1990.0,5.34,22.8,4,1.5,4.2,23.2,3.3,1.0,0,,False,,0,0,False,1550.6,4,4,2203.0,1.95,17.4,42.9,11.6,4,1.0,3.3830652296743158,1.862216532137778,False,False,False,11.6
250184894,13.4585,3270.0,0.565161,1,24.1,0.76159,4153.5693,7.2,2777.0,3.25,9.0,29,2.5,0.1,7.1,2.6,0.5,0,,False,,0,0,False,8348.3,23,29,3592.0,3.23,12.6,6.3,11.5,18,0.7931034482758621,1.1737172703466483,6.134356358131747,False,False,False,11.5
216967625,13.111,3875.0,0.69111,1,25.08,1.18362,4180.4332,3.15,5603.0,5.64,12.5,18,1.8,-6.6,12.8,4.8,1.0,0,,False,,0,0,False,8618.9,17,18,6039.0,5.62,12.4,6.1,11.5,12,0.9444444444444444,1.5546901380806288,2.0261272152204493,False,False,False,11.5
217107421,12.7587,4640.0,0.724641,1,25.22,0.70549,4179.5717,1.58,8161.0,7.14,21.0,33,3.2,-12.4,21.7,4.7,1.0,0,,False,,0,0,False,12721.3,29,33,8322.0,3.02,12.2,3.6,11.4,18,0.8787878787878788,1.3503733233415856,1.170046810529542,False,False,False,11.4
393804680,12.5872,5578.0,0.882209,1,25.74,12.10794,4268.8503,1.58,7540.0,8.36,11.4,2,2.7,0.9,11.5,3.2,1.0,0,,False,,0,0,False,2305.8,1,1,6752.0,1.0,,,,0,1.0,3.9714219950330567,0.39784238541662426,False,False,False,11.4
289624345,8.99727,5782.0,1.14593,1,25.79,10.70564,4269.2013,7.2,2591.0,6.36,44.7,3,6.9,1.6,45.3,3.2,1.0,0,,False,,0,0,False,1017.4,2,2,2587.0,1.0,18.6,0.0,11.4,2,1.0,4.53786145049634,1.5866504692893348,False,False,False,11.4
233768090,10.507,5783.0,1.08957,1,25.22,12.16797,4183.8754,7.2,2982.0,6.49,19.0,2,0.8,3.1,18.7,3.6,1.0,0,,False,,0,0,False,1994.5,2,2,3352.0,1.03,17.4,0.3,11.3,2,1.0,4.579145347425722,1.5723458099113745,False,False,False,11.3
121408007,12.3841,3532.0,0.687668,1,24.05,6.63658,4158.9753,6.0,7591.0,6.54,16.2,2,0.0,-3.9,16.2,3.2,1.0,1,,False,,0,0,False,3342.0,2,2,9728.0,1.37,16.1,38.6,11.2,2,1.0,2.7528060592168817,2.1795941562650003,False,False,False,11.2
469324850,10.2788,5785.0,0.920369,1,25.32,9.84471,4184.7336,4.8,1937.0,4.42,23.2,3,13.9,-0.1,22.8,4.0,1.0,0,,False,,0,0,False,1240.4,3,3,3014.0,1.05,19.0,63.1,11.2,2,1.0,3.812857648425917,1.2588982969195324,False,False,False,11.2
122560368,10.9652,5911.0,1.07292,3,80.25,1.65512,4181.0304,6.3,318.0,2.09,14.1,40,1.2,-12.0,14.8,5.4,1.0,1,"00122560368-01(1:3,ntoi=1)",True,,0,0,False,843.0,37,40,243.0,3.98,11.9,2.3,11.2,17,0.925,2.3309324262854747,2.7027810540349075,False,False,False,11.2
59675401,13.485,3221.0,0.394561,1,25.38,0.85582,4179.3938,4.5,8200.0,3.9,9.9,27,2.7,3.3,10.1,6.2,1.0,0,,False,,0,0,False,19982.0,27,27,7951.0,3.91,11.6,1.6,11.1,15,1.0,0.9603109366598196,4.685982246179583,False,False,False,11.1
74432275,11.3912,4867.0,0.742653,1,25.06,0.59856,4179.8406,6.3,349.0,1.51,7.6,38,0.5,-2.0,7.7,4.1,1.0,0,,False,,0,0,False,1393.5,28,38,334.0,6.04,12.3,6.6,11.0,17,0.7368421052631579,1.2994756645126246,4.848109258254443,False,False,False,11.0
46640434,11.4638,5323.0,0.813971,1,25.62,7.32163,4269.1845,4.2,4967.0,6.26,24.9,2,0.0,-4.5,24.9,3.8,1.0,0,,False,,0,0,False,1990.0,2,2,5739.0,1.15,22.7,9.3,11.0,2,1.0,3.182854907486457,1.319570047042074,False,False,False,11.0
272433444,11.5678,3490.0,0.369363,22,2602.12,0.50453,1386.2562,6.0,66.0,0.33,7.3,994,0.5,-1.0,8.1,5.1,1.0,7,,False,,0,0,False,1197.8,534,990,50.0,63.38,11.5,8.0,11.0,252,0.5393939393939394,0.7705595696039573,7.7865491996729155,False,False,False,11.0
129553982,12.7415,3417.0,0.634611,1,24.1,12.98039,4153.4571,3.6,7142.0,5.85,12.1,2,4.0,3.5,11.1,2.6,2.0,0,,False,,0,0,False,4304.0,2,2,10707.0,1.25,18.2,22.4,10.9,2,1.0,3.2631918290766797,1.1032143338685119,False,False,False,10.9
148691341,12.7008,3367.0,0.646442,1,23.65,15.76444,4159.1256,0.9,10850.0,7.35,10.9,2,0.7,1.1,9.2,2.7,2.0,1,,False,,0,0,False,3601.7,1,1,9409.0,1.0,,,,0,1.0,3.5246894084902762,0.25534164736106363,False,False,False,10.9
172742618,11.9233,4508.0,0.80114,1,24.78,1.36233,4266.0957,6.3,1081.0,2.87,13.8,16,3.5,0.2,14.0,2.6,1.0,0,,False,,0,0,False,1974.5,12,16,1026.0,4.38,13.7,22.3,10.9,10,0.75,1.7979378623358282,3.5040143110481163,False,False,False,10.9
46640434,11.4638,5323.0,0.813971,1,25.62,7.32073,4269.1907,4.5,4607.0,6.03,24.3,2,0.0,-5.2,18.4,2.1,1.0,0,,False,,0,0,False,1990.0,2,2,5375.0,1.16,23.8,12.1,10.9,2,1.0,3.1827244863097954,1.4138829858997684,False,False,False,10.9
319312770,11.885,4487.0,0.941385,1,24.48,6.63364,4240.337,3.6,5149.0,7.37,21.9,3,4.0,4.1,22.2,3.2,1.0,0,,False,,0,0,False,2268.0,3,3,6458.0,1.11,17.5,26.5,10.9,3,1.0,3.3934160509749374,1.0608778723038428,False,False,False,10.9
60233707,11.6729,5556.0,0.980089,1,25.12,14.7286,4268.7471,6.3,6105.0,8.35,33.3,2,9.6,-5.0,24.8,2.5,2.0,0,,False,,0,0,False,2267.9,2,2,6528.0,1.32,18.2,36.5,10.9,2,1.0,4.547497404823758,1.3853773711486397,False,False,False,10.9
217889520,10.8814,6000.0,1.10783,1,25.22,0.68496,4179.9384,0.62,1529.0,4.73,13.2,33,0.4,-7.2,12.9,5.7,1.0,0,,False,,0,0,False,1927.2,29,33,1524.0,3.32,12.0,2.5,10.8,17,0.8787878787878788,1.7745113382547244,0.3493919630909686,False,False,False,10.8
313065268,12.0136,4050.0,1.01386,1,24.1,3.84871,4154.9382,6.3,2976.0,6.03,21.2,6,6.9,1.7,21.6,3.6,1.0,1,,False,,0,0,False,2598.5,6,6,2086.0,2.1,13.4,7.8,10.7,6,1.0,2.973710476198345,2.1185653581360264,False,False,False,10.7
142982103,11.854,3892.0,0.764328,3,83.14,40.37143,4239.9545,4.5,3223.0,4.73,18.8,2,5.6,1.7,18.8,3.6,1.0,0,,False,,0,0,False,1651.9,2,2,4112.0,1.29,18.4,29.6,10.6,2,1.0,5.392036847586962,0.8345640297346698,False,False,False,10.6
37156565,12.7055,4337.0,0.813973,1,25.13,0.75636,4266.2375,3.15,1378.0,3.3,11.8,28,3.8,12.4,12.8,3.5,1.0,0,,False,,0,0,False,2757.9,27,28,1086.0,4.78,12.1,3.3,10.6,13,0.9642857142857143,1.493451572935592,2.1092079964857686,False,False,False,10.6
276216463,12.4145,3755.0,0.894851,1,24.06,14.46022,4157.0726,4.2,5027.0,6.92,10.6,2,0.1,0.7,10.8,2.8,2.0,1,,False,,0,0,False,2852.5,1,1,5541.0,1.0,,,,0,1.0,4.25370217543758,0.987375191486683,False,False,False,10.6
217209368,12.486,4171.0,0.677363,1,25.14,12.68133,4185.501,1.5,18112.0,9.95,10.5,2,0.9,-2.3,9.3,3.0,2.0,0,,False,,0,0,False,5262.7,1,1,18885.0,1.0,,,,0,1.0,3.3817711036775147,0.4435545618001235,False,False,False,10.5
51895372,12.1018,4672.51,0.704461,1,25.14,4.24436,4267.7656,6.3,2359.0,3.73,18.3,6,0.1,1.7,18.8,2.6,1.0,0,,False,,0,0,False,2705.2,5,6,2076.0,2.03,16.4,11.1,10.5,5,0.8333333333333334,2.4101847542222727,2.613907497739901,False,False,False,10.5
24588869,12.4967,4321.0,0.758235,1,25.3,14.56736,4269.0612,6.3,11107.0,8.72,19.9,2,5.3,0.0,20.3,3.6,2.0,0,,False,,0,0,False,2810.8,2,2,14368.0,1.3,16.7,28.6,10.5,2,1.0,3.818309517724757,1.6499448174002471,False,False,False,10.5
24588869,12.4967,4321.0,0.758235,1,25.3,7.5013,4265.4549,4.2,3380.0,4.81,16.9,4,5.6,4.0,17.0,2.6,1.0,0,,False,,0,0,False,2810.8,4,4,4137.0,1.5,15.9,24.5,10.5,4,1.0,3.060481020373973,1.3723332940280037,False,False,False,10.5
123814799,12.2542,4829.0,0.760623,1,25.22,0.59488,4179.5254,7.2,1556.0,3.27,7.5,39,0.0,0.0,8.1,4.3,1.0,0,,False,,0,0,False,7076.1,30,39,1599.0,7.58,11.4,9.7,10.5,19,0.7692307692307693,1.3176428785505034,5.464303049943615,False,False,False,10.5
143024018,12.2608,3956.0,0.768047,3,83.01,28.91491,4211.3701,1.58,5406.0,6.16,16.4,3,7.9,-2.8,16.4,4.0,1.0,2,,False,,0,0,False,2150.1,3,3,4999.0,1.78,15.3,32.5,10.5,3,1.0,4.839948870269595,0.326449729604683,False,False,False,10.5
140072115,11.051,3425.0,0.598722,3,83.14,0.66315,4207.6424,1.58,535.0,1.51,16.0,93,3.7,-5.7,16.5,5.3,1.0,0,,False,,0,0,False,1788.9,70,93,524.0,7.4,11.1,2.6,10.4,28,0.7526881720430108,1.1647401053014743,1.3565257973074107,False,False,False,10.4
60743206,10.7406,5476.0,0.862466,1,25.37,0.51221,4179.4311,2.1,565.0,2.24,12.6,45,1.0,14.0,12.4,3.0,1.0,0,,False,,0,0,False,1211.0,41,45,557.0,6.52,10.9,2.4,10.4,18,0.9111111111111111,1.3630725355058135,1.5406370132905107,False,False,False,10.4
367573078,11.7158,5623.0,1.04193,2,50.99,24.16094,4153.5327,1.58,22937.0,17.22,45.2,2,0.0,-3.6,43.6,4.1,1.0,0,,False,,0,0,False,4661.4,2,2,23818.0,1.5,25.7,187.3,10.3,2,1.0,5.586484499914826,0.28282545132347353,False,False,False,10.3
269589318,12.8774,4147.0,0.654483,1,25.8,12.67865,4218.5567,3.15,5857.0,5.46,12.7,2,1.1,2.2,12.8,4.5,1.0,0,,False,,0,0,False,3549.5,2,2,7308.0,1.09,14.4,1.5,10.2,2,1.0,3.304949886825084,0.9531158135127012,False,False,False,10.2
172311795,11.2395,5593.0,0.903909,1,25.14,14.27145,4269.2528,2.1,3322.0,5.68,15.1,2,1.0,-1.6,14.3,2.7,2.0,0,,False,,0,0,False,1293.1,2,2,3914.0,1.08,15.0,1.3,10.2,2,1.0,4.263642682312835,0.4925365834973874,False,False,False,10.2
229802416,12.1391,5727.0,1.00243,3,79.24,32.35136,4179.6265,2.25,10756.0,11.34,10.2,2,0.6,0.9,10.4,4.6,1.0,0,,False,,0,0,False,3694.9,1,1,10916.0,1.0,,,,0,1.0,6.0007911477475355,0.37495055978486486,False,False,False,10.2
122614346,12.0267,5343.4,1.07777,2,52.91,1.33388,4208.0858,1.12,1072.0,3.85,10.4,29,3.1,6.2,9.4,5.5,0.5,1,"00122614346-01(1:2,ntoi=1)",True,,0,0,False,1400.4,25,29,986.0,3.54,11.9,4.9,10.2,13,0.8620689655172413,2.175694638201622,0.5147781220464678,False,False,False,10.2
220395389,11.6486,3483.0,0.446078,13,1983.79,41.24105,2098.5332,4.8,1691.0,2.0,21.1,11,4.0,0.1,20.2,5.5,1.0,8,"00220395389-03(3:1,ntoi=3);00220395389-01(1:3,ntoi=1)",True,,0,0,False,1804.4,8,11,612.0,14.85,14.7,54.3,10.2,5,0.7272727272727273,3.7924983625029265,1.2656564462778448,False,False,False,10.2
122614346,12.0267,5343.4,1.07777,2,52.91,1.00055,4208.0843,1.5,678.0,3.06,8.5,38,3.1,-2.3,8.6,4.8,1.0,1,,False,,0,0,False,1400.4,32,38,798.0,3.92,11.2,3.2,10.1,16,0.8421052631578947,1.9768419716103336,0.7587859937929694,False,False,False,10.1
152048885,10.957,4465.0,1.14115,1,23.53,6.10914,4159.146,2.4,4227.0,8.09,19.9,2,0.0,0.7,20.0,4.3,1.0,1,,False,,0,0,False,1205.9,2,2,4234.0,1.05,15.8,0.7,10.1,2,1.0,3.753445748102142,0.6394124655227836,False,False,False,10.1
231038788,11.9593,5747.0,1.16588,1,24.72,3.61335,4180.6776,6.3,3110.0,7.09,14.1,6,1.3,-6.4,14.3,2.8,1.0,0,,False,,0,0,False,3740.8,6,6,2650.0,2.31,13.4,6.0,10.1,6,1.0,3.196054716105788,1.9711802705543768,False,False,False,10.1
2052312662,10.6159,3487.0,0.55714,1,25.79,1.53658,4266.2889,4.8,14238.0,7.25,283.2,14,7.1,-226.9,284.4,2.5,1.0,0,,False,,0,0,False,14633.6,14,14,16041.0,1.6,11.7,12.6,10.0,10,1.0,1.4690488785316898,3.2674202132726764,False,False,False,10.0
201495997,12.2973,4233.0,0.799154,1,23.93,7.31553,4269.2058,2.25,6148.0,6.84,16.8,2,0.0,0.1,16.9,3.9,1.0,0,,False,,0,0,False,2308.1,2,2,5865.0,1.2,16.8,11.8,10.0,2,1.0,3.14323760000315,0.7158224373485941,False,False,False,10.0
217418381,11.8891,5197.0,0.89374,1,25.22,6.56356,4185.1035,3.15,8604.0,9.04,14.6,2,0.0,3.5,14.6,3.3,1.0,0,,False,,0,0,False,4096.0,2,2,11743.0,1.03,15.4,0.3,10.0,2,1.0,3.2663464298480434,0.9643802541013826,False,False,False,10.0
408909232,11.4491,5834.0,0.979379,1,26.04,14.71522,4269.1363,3.15,3327.0,6.16,14.2,2,0.9,0.0,14.4,3.5,2.0,0,,False,,0,0,False,1369.6,2,2,4509.0,1.24,14.1,11.1,10.0,2,1.0,4.5439241390762115,0.6932334043412092,False,False,False,10.0
32832708,11.4497,4783.0,1.09621,1,25.15,7.33533,4269.173,4.5,4159.0,7.71,26.5,2,0.0,3.7,21.7,2.9,1.0,0,,False,,0,0,False,1550.6,2,2,4734.0,1.01,18.5,0.0,10.0,2,1.0,3.88398328805955,1.1586043672830049,False,False,False,10.0
95055905,11.6386,5344.0,1.19116,1,26.04,4.94612,4268.771,6.3,3967.0,8.19,28.8,4,0.5,-8.8,29.2,2.8,1.0,0,,False,,0,0,False,2920.3,4,4,4465.0,2.28,14.4,45.4,10.0,4,1.0,3.599785121827891,1.7501044609020995,False,False,False,10.0
122556837,11.4677,3436.0,0.360708,2,55.1,19.28136,4239.5291,0.6,7329.0,3.37,9.9,2,1.7,0.3,9.6,4.5,1.0,0,,False,,0,0,False,1800.9,1,1,10536.0,1.0,,,,0,1.0,2.5548066119469497,0.2348514354058118,False,False,False,9.9
140072115,11.051,3425.0,0.598722,3,83.14,0.53024,4207.9143,1.12,493.0,1.45,13.8,115,2.1,14.3,14.4,4.0,1.0,0,,False,,0,0,False,1788.9,79,113,559.0,8.08,10.5,3.1,9.9,27,0.6991150442477876,1.0810586779061597,1.0360214694074363,False,False,False,9.9
52044949,11.8887,5387.0,0.919759,1,25.14,8.78604,4268.8092,4.8,4596.0,6.8,21.1,2,0.0,-2.9,21.0,2.9,1.0,0,,False,,0,0,False,2111.3,2,2,4715.0,1.37,16.7,43.4,9.9,2,1.0,3.6693464349565814,1.3081348640924382,False,False,False,9.9
74648453,12.8122,5313.0,0.956323,1,25.06,6.11715,4180.0093,7.2,4179.0,6.75,14.5,4,3.2,-4.3,15.1,2.3,1.0,0,,False,,0,0,False,4376.9,4,4,5448.0,1.48,14.8,13.1,9.9,4,1.0,3.33780584851407,2.1571056936116606,False,False,False,9.9
255255628,12.7697,3407.0,1.13293,1,24.14,4.28797,4155.4568,4.2,3333.0,7.14,13.1,6,3.7,-3.2,13.1,3.2,1.0,0,,False,,0,0,False,3646.4,6,6,3378.0,2.16,13.7,12.1,9.9,6,1.0,3.319664988834749,1.265187907251527,False,False,False,9.9
60233707,11.6729,5556.0,0.980089,1,25.12,12.58893,4268.7659,4.8,4582.0,7.24,25.0,2,5.2,2.3,24.8,2.5,1.0,0,,False,,0,0,False,2267.9,2,2,4417.0,1.1,13.8,2.0,9.8,2,1.0,4.315670147235521,1.1122258736745034,False,False,False,9.8
96373171,11.9523,3715.0,0.553009,1,25.07,2.57066,4179.6875,7.2,1742.0,2.52,12.2,9,1.1,-4.5,12.1,2.7,1.0,0,,False,,0,0,False,3222.3,8,9,1815.0,2.72,12.4,7.5,9.7,8,0.8888888888888888,1.7353136123598911,4.149105930315709,False,False,False,9.7
46640434,11.4638,5323.0,0.813971,1,25.62,8.59153,4266.622,4.8,2921.0,4.8,20.5,3,7.9,-0.1,20.3,2.6,1.0,0,,False,,0,0,False,1990.0,3,3,2312.0,2.78,17.8,66.0,9.7,3,1.0,3.3571526244519294,1.4297830742156448,False,False,False,9.7
161034287,10.5543,5429.0,0.897677,1,25.06,12.55025,4185.1655,6.3,3057.0,5.41,35.2,2,1.2,-2.1,35.6,4.9,1.0,0,,False,,0,0,False,1376.0,2,2,3016.0,1.09,21.1,2.8,9.7,2,1.0,4.066047848297761,1.5494161001173354,False,False,False,9.7
229802416,12.1391,5727.0,1.00243,3,79.24,39.1692,4179.5796,4.5,9961.0,10.92,9.7,2,1.6,-0.6,10.0,4.3,1.0,0,,False,,0,0,False,3694.9,1,1,12354.0,1.0,,,,0,1.0,6.395765983152268,0.7035904709230925,False,False,False,9.7
408909092,11.7636,5332.0,1.14923,1,26.04,15.111,4268.7331,6.3,2158.0,5.82,13.5,2,1.6,0.0,13.6,4.3,2.0,0,,False,,0,0,False,1460.8,2,2,2507.0,1.1,15.6,2.3,9.7,2,1.0,5.100084036149253,1.235273763205817,False,False,False,9.7
144653071,11.5714,6083.0,1.17416,2,52.89,0.54442,4207.5259,3.15,296.0,2.2,8.2,75,0.9,8.6,8.3,8.1,1.0,0,,False,,0,0,False,1126.8,59,75,329.0,10.47,10.0,1.9,9.7,21,0.7866666666666666,1.7087210590722732,1.8434840392909124,False,False,False,9.7
307218050,11.5041,3575.0,0.383416,26,2691.55,6.77001,1359.7844,2.1,226.0,0.63,24.8,87,6.0,4.6,24.6,3.4,1.0,4,,False,,0,0,True,1529.6,51,87,118.0,25.16,15.3,2.8,9.7,12,0.5862068965517241,1.8772331673255866,1.118667641586463,False,False,False,9.7
33990715,13.1494,5361.0,0.766789,1,25.91,10.54274,4268.8914,2.1,9003.0,7.94,9.3,3,4.4,-0.4,9.2,4.5,1.0,0,,False,,0,0,False,4390.6,3,3,11414.0,1.49,16.8,16.8,9.6,3,1.0,3.453902248921494,0.6080079425107472,False,False,False,9.6
142511802,10.3584,5710.0,1.02255,1,23.44,6.30226,4159.0044,7.2,1600.0,4.46,9.6,2,0.0,-1.1,10.2,4.2,1.0,0,,False,,0,0,False,630.6,1,1,1796.0,1.0,,,,0,1.0,3.5250350104832195,2.042532904946385,False,False,False,9.6
38462407,8.68639,3840.0,0.583696,41,2662.78,14.08772,1330.9721,6.3,51.0,0.45,10.9,70,3.5,-6.3,21.6,5.8,0.5,28,,False,,0,0,False,265.7,52,70,43.0,21.72,10.8,7.5,9.6,17,0.7428571428571429,3.1716092505111777,1.9863733210465981,False,False,False,9.6
33714944,12.3141,3396.0,0.40182,34,2720.36,118.79728,1395.8382,3.15,2456.0,2.17,14.7,7,3.5,0.1,16.2,7.4,2.0,20,,False,,0,0,False,1971.7,7,7,2980.0,3.15,11.8,27.5,9.6,4,1.0,5.033052871237769,0.6258626882306775,False,False,False,9.6
382523882,11.8943,3471.0,0.437415,4,106.53,44.47189,4195.5813,0.5,7293.0,4.08,9.5,2,1.0,-0.2,9.5,4.3,1.0,0,,False,,0,0,False,1655.1,1,1,7190.0,1.0,,,,0,1.0,3.8385388245229843,0.13025789834550783,False,False,False,9.5
327221844,11.3572,3907.0,0.582047,1,25.38,2.22362,4180.8439,2.1,3064.0,3.51,16.4,10,2.0,5.9,16.2,2.8,1.0,0,,False,,0,0,False,4069.8,9,10,2958.0,2.95,11.8,10.2,9.5,5,0.9,1.710805041139916,1.2274922913488506,False,False,False,9.5
332660818,10.8521,3660.0,0.646813,1,24.48,11.61623,4236.9525,3.15,3430.0,4.13,24.3,2,0.0,-0.9,24.7,3.6,1.0,1,,False,,0,0,False,1586.1,2,2,4070.0,1.08,16.3,1.5,9.5,2,1.0,3.1848026174482595,0.9890722843363698,False,False,False,9.5
366176271,13.2387,3409.0,0.698355,1,23.82,0.97587,4154.5127,4.8,13570.0,8.88,59.9,22,3.0,70.2,56.7,2.7,1.0,1,,False,,0,0,False,20734.3,18,22,19511.0,1.75,11.4,21.9,9.5,15,0.8181818181818182,1.467990058150333,3.269776912554843,False,False,False,9.5
329262690,12.293,4579.0,0.760792,1,25.17,2.71961,4180.9091,2.1,3212.0,4.7,9.9,8,5.9,1.6,8.2,4.1,2.0,1,"00329262690-01(2:1,ntoi=1)",True,,0,0,False,3071.4,7,8,4348.0,1.59,12.6,11.6,9.5,5,0.875,2.1871964648960738,0.9601332270349033,False,False,False,9.5
335441138,12.1066,3874.0,0.849784,1,24.0,7.73809,4158.7384,4.5,3232.0,5.27,13.8,3,4.9,0.6,13.6,3.1,1.0,1,,False,,0,0,False,2451.5,3,3,3227.0,2.15,12.7,14.3,9.5,3,1.0,3.3365060710400773,1.348716263116893,False,False,False,9.5
161034287,10.5543,5429.0,0.897677,1,25.06,12.71992,4185.0092,6.0,3476.0,5.77,31.6,2,5.0,-2.6,26.7,3.1,2.0,0,,False,,0,0,False,1376.0,2,2,3486.0,1.17,14.8,6.1,9.5,2,1.0,4.084289199778513,1.4690438670027026,False,False,False,9.5
59755468,11.1233,6040.0,1.0517,1,25.46,10.74309,4268.8821,0.5,5658.0,8.63,9.5,2,0.0,0.5,9.5,3.6,1.0,0,,False,,0,0,False,1062.7,1,1,5816.0,1.0,,,,0,1.0,4.290546515097567,0.11653527079606314,False,False,False,9.5
278825715,12.1809,3286.0,0.482599,40,2634.75,79.06157,1437.4359,4.2,4622.0,3.58,39.0,11,17.3,-1.1,54.3,4.7,2.0,55,,False,,0,0,False,3073.6,10,11,1026.0,51.44,17.0,297.9,9.5,4,0.9090909090909091,4.965020552317564,0.8459179485248115,False,False,False,9.5
382523882,11.8943,3471.0,0.437415,4,106.53,36.59307,4158.9927,0.5,6934.0,3.97,9.4,2,1.9,0.8,9.4,4.1,1.0,0,,False,,0,0,False,1655.1,1,1,7147.0,1.0,,,,0,1.0,3.5969717266246435,0.13900581878334478,False,False,False,9.4
318141346,13.2813,3221.0,0.485372,1,24.25,12.14751,4163.17,6.3,542761.0,39.01,219.3,2,55.6,-22.9,217.7,2.6,1.0,0,,False,,0,0,False,350560.1,2,2,538857.0,1.25,35.8,13.7,9.4,2,1.0,2.669442242207163,2.360043570296917,False,False,False,9.4
183582059,12.9867,4120.0,0.685952,4,106.58,41.39939,4180.0379,2.4,30453.0,13.06,22.8,2,5.4,1.9,23.8,5.7,1.0,0,,False,,0,0,False,12059.4,2,2,34655.0,1.22,14.8,9.4,9.4,2,1.0,5.059047524431074,0.47439759923383934,False,False,False,9.4
51900944,11.9699,5009.85,0.80657,1,25.14,14.79084,4269.1156,6.3,8999.0,8.35,38.8,2,5.2,0.0,39.2,3.1,2.0,0,,False,,0,0,False,3506.2,2,2,8473.0,1.04,13.4,0.3,9.4,2,1.0,3.999146220041516,1.5753362476290247,False,False,False,9.4
246799701,7.8788,5805.0,0.914214,1,25.07,12.47566,4179.4591,4.2,490.0,2.21,20.5,2,0.0,-2.3,19.3,2.6,2.0,0,,False,,0,0,False,252.3,2,2,461.0,1.1,15.6,2.5,9.4,2,1.0,4.107662147191329,1.0224794176102845,False,False,False,9.4
59755468,11.1233,6040.0,1.0517,1,25.46,14.66139,4268.8873,0.5,5653.0,8.63,9.4,2,1.2,0.0,9.4,3.6,2.0,0,,False,,0,0,False,1062.7,1,1,5651.0,1.0,,,,0,1.0,4.759133915453493,0.10506113273602967,False,False,False,9.4
168849065,12.7381,3332.0,0.2907,2,53.94,0.9925,4237.4179,6.3,678.0,0.83,9.0,38,0.0,0.7,9.2,3.5,1.0,1,,False,,0,0,False,2374.8,30,38,828.0,4.43,10.3,5.7,9.3,20,0.7894736842105263,0.8230290294346198,7.6546510204236515,False,False,False,9.3
152042507,12.8483,3530.0,0.696873,1,23.62,4.72645,4158.448,4.5,6801.0,6.27,19.5,6,4.9,3.3,19.0,3.0,1.0,0,,False,,0,0,False,5338.5,6,6,3748.0,4.66,14.2,32.7,9.3,5,1.0,2.4802135484707755,1.8143598976687163,False,False,False,9.3
321052818,10.8486,6013.0,1.04752,3,80.25,42.09169,4198.3179,6.3,1247.0,4.04,14.6,2,1.6,0.0,14.4,4.3,2.0,0,,False,,0,0,False,842.5,2,2,1316.0,1.03,14.0,0.1,9.3,2,1.0,6.746035632730615,0.9338818148889511,False,False,False,9.3
123318670,10.3932,6225.0,1.12196,4,110.68,47.02102,4186.9472,0.5,2966.0,6.67,9.3,2,0.0,-0.5,9.3,5.0,1.0,0,,False,,0,0,False,634.1,1,1,2954.0,1.0,,,,0,1.0,7.327523587822175,0.06823587723838441,False,False,False,9.3
286261152,12.8769,3321.0,0.59437,1,24.39,10.69135,4159.2086,4.5,15886.0,8.17,24.7,2,6.2,-2.0,24.6,2.7,1.0,1,,False,,0,0,False,6931.8,2,2,14931.0,1.26,16.5,19.2,9.2,2,1.0,2.9281302889115075,1.5368168612718438,False,False,False,9.2
292581518,12.7612,3182.0,0.640074,1,24.35,9.7911,4154.6106,7.2,3637.0,4.21,9.3,3,4.0,1.1,9.0,2.9,1.0,0,,False,,0,0,False,4087.5,3,3,4703.0,1.94,11.6,11.9,9.2,3,1.0,2.9874839471764063,2.410054791024071,False,False,False,9.2
112909031,10.6747,4709.0,0.986188,1,25.38,8.02679,4181.6502,4.8,2070.0,4.9,19.2,3,0.6,4.8,19.0,3.3,1.0,1,,False,,0,0,False,1497.6,3,3,2128.0,1.48,12.3,4.9,9.2,3,1.0,3.7298846706208795,1.2869030610538925,False,False,False,9.2
374458112,12.5514,3723.0,1.05752,1,24.05,10.80784,4163.6631,6.3,21621.0,16.96,82.9,2,20.3,15.1,84.9,3.0,1.0,1,,False,,0,0,False,11852.0,2,2,22973.0,1.27,19.9,26.9,9.2,2,1.0,4.314995256745111,1.4600247799002724,False,False,False,9.2
466177968,12.1137,3511.0,0.462375,1,24.75,13.06367,4184.871,2.25,4735.0,3.47,9.1,2,0.6,-2.0,8.6,3.4,2.0,0,,False,,0,0,False,2325.6,1,1,5940.0,1.0,,,,0,1.0,2.647847226980744,0.8497469102723133,False,False,False,9.1
333646803,13.3042,3382.0,0.600092,1,24.1,2.49365,4153.8696,4.8,3592.0,3.92,10.0,10,2.6,1.1,10.1,3.6,1.0,0,,False,,0,0,False,6020.3,9,10,2747.0,3.65,10.9,6.5,9.1,9,0.9,1.8139780094537303,2.6461180758445324,False,False,False,9.1
149008917,12.7667,3820.0,0.820315,1,23.95,11.47337,4158.7879,4.2,6426.0,7.17,14.4,2,0.4,0.5,14.6,4.3,1.0,0,,False,,0,0,False,3687.1,2,2,7463.0,1.03,13.2,0.2,9.1,2,1.0,3.716142812785627,1.1302041421954054,False,False,False,9.1
59795317,11.9748,5384.0,0.86307,1,25.38,0.53366,4179.5063,6.3,1187.0,3.24,7.0,44,0.5,-0.9,7.7,3.0,1.0,2,,False,,0,0,False,5183.4,28,44,1214.0,10.4,11.5,9.6,9.1,16,0.6363636363636364,1.382485310018821,4.55701044658061,False,False,False,9.1
374458112,12.5514,3723.0,1.05752,1,24.05,10.12279,4154.2506,6.3,20358.0,16.46,82.9,3,0.7,19.9,85.0,3.0,1.0,1,,False,,0,0,False,11852.0,3,3,18095.0,1.59,19.5,23.8,9.1,3,1.0,4.221830206460341,1.492243811785608,False,False,False,9.1
217896506,13.1019,3537.0,1.08221,1,25.04,10.69694,4187.2108,4.5,44075.0,24.79,59.6,2,27.2,9.4,59.3,2.5,2.0,1,,False,,0,0,False,17880.3,2,2,44129.0,1.56,20.2,173.9,9.1,2,1.0,4.3668590640043075,1.0304889473290226,False,False,False,9.1
123318670,10.3932,6225.0,1.12196,4,110.68,53.11178,4186.942,0.5,2896.0,6.59,9.1,2,1.5,-0.4,9.1,4.8,1.0,0,,False,,0,0,False,634.1,1,1,2905.0,1.0,,,,0,1.0,7.631153019773514,0.06552089817939984,False,False,False,9.1
214141852,12.1081,4516.0,0.752407,1,24.94,0.58115,4180.0295,1.58,1384.0,3.05,8.0,37,0.6,-5.2,8.3,5.9,1.0,0,,False,,0,0,False,3177.8,35,37,1455.0,3.12,9.7,1.7,9.0,12,0.9459459459459459,1.2979947213786933,1.2172622692346304,False,False,False,9.0
60117588,12.7536,4850.0,0.795716,1,25.04,14.80958,4268.8271,6.0,8277.0,7.9,16.1,2,2.4,-2.3,15.4,3.5,2.0,0,,False,,0,0,False,3496.2,2,2,9923.0,1.26,15.4,11.5,9.0,2,1.0,3.964860715358587,1.5132940173050575,False,False,False,9.0
318030915,13.4714,3578.0,0.796116,1,24.22,9.32615,4155.843,4.2,15841.0,10.93,19.8,2,0.0,2.5,20.2,2.6,1.0,0,,False,,0,0,False,9095.5,2,2,17051.0,1.11,14.8,2.4,9.0,2,1.0,3.399590922802676,1.2354427621948862,False,False,False,9.0
155951590,12.3974,5805.0,0.845739,4,106.54,53.2498,4153.8164,3.6,4442.0,6.15,9.0,2,0.0,2.5,9.1,4.8,1.0,0,,False,,0,0,False,2633.8,1,1,4757.0,1.0,,,,0,1.0,6.326136030326039,0.569067750478717,False,False,False,9.0
246799701,7.8788,5805.0,0.914214,1,25.07,12.49782,4179.4591,4.2,536.0,2.31,20.6,2,0.0,-2.3,20.6,3.0,1.0,0,,False,,0,0,False,252.3,2,2,505.0,1.01,15.5,0.0,9.0,2,1.0,4.110092798854463,1.0218747375170203,False,False,False,9.0
51833542,10.689,6118.0,1.14969,1,25.14,9.45667,4274.014,1.58,2136.0,5.8,9.0,2,3.2,-2.9,9.0,2.7,1.0,0,,False,,0,0,False,758.5,1,1,1873.0,1.0,,,,0,1.0,4.363565921338475,0.36208917854857403,False,False,False,9.0
292581518,12.7612,3182.0,0.640074,1,24.35,1.61416,4154.6294,4.5,2201.0,3.28,10.4,15,2.5,-1.5,9.9,3.4,0.5,0,,False,,0,0,False,4087.5,12,15,1925.0,3.66,10.6,7.9,8.9,8,0.8,1.6381133334222762,2.7470626776468468,False,False,False,8.9
139636101,12.3897,3916.0,0.6438,2,54.91,16.92498,4249.9246,3.0,29204.0,12.0,24.2,2,4.8,-1.4,24.3,5.1,1.0,0,,False,,0,0,False,12374.0,2,2,34779.0,1.09,13.4,1.4,8.9,2,1.0,3.599302352898604,0.8334948570197301,False,False,False,8.9
334843055,12.9927,3388.0,0.652109,1,24.1,0.9639,4153.6945,4.8,1886.0,3.09,9.5,23,1.7,8.7,9.9,3.6,1.0,0,,False,,0,0,False,4706.2,20,23,2041.0,3.4,10.9,4.8,8.9,13,0.8695652173913043,1.3966869763798513,3.436704201568042,False,False,False,8.9
412530886,13.1526,4269.0,0.668674,2,51.18,0.78625,4153.8507,1.5,2081.0,3.33,7.1,56,0.9,4.8,7.2,5.9,1.0,0,,False,,0,0,False,6133.8,48,56,2164.0,3.45,9.3,1.5,8.9,17,0.8571428571428571,1.3270016761727503,1.1303678261554273,False,False,False,8.9
366176271,13.2387,3409.0,0.698355,1,23.82,1.46336,4154.0377,4.8,13761.0,8.94,51.3,15,8.0,-42.8,51.0,2.2,1.0,1,,False,,0,0,False,20734.3,12,14,14603.0,1.99,10.8,12.4,8.9,10,0.8571428571428571,1.680258825492766,2.856702745538214,False,False,False,8.9
394137289,11.0094,4071.0,0.810227,2,50.95,17.74683,4162.3292,4.8,4116.0,5.67,13.5,3,3.2,0.4,13.2,3.5,1.0,0,,False,,0,0,False,4231.3,3,3,5824.0,1.19,12.8,7.0,8.9,3,1.0,4.262388499927477,1.1261291644536087,False,False,False,8.9
183531341,11.8021,4901.0,0.884043,2,55.24,29.72628,4239.1587,1.5,5120.0,6.9,8.9,2,0.3,0.5,8.9,3.8,2.0,0,,False,,0,0,False,1616.7,1,1,4780.0,1.0,,,,0,1.0,5.365012545877482,0.27958928095193586,False,False,False,8.9
319312770,11.885,4487.0,0.941385,1,24.48,11.9552,4240.262,6.0,5721.0,7.77,21.8,2,4.6,-0.1,21.9,3.1,1.0,0,,False,,0,0,False,2268.0,2,2,5986.0,1.16,15.1,5.7,8.9,2,1.0,4.129575639689835,1.4529337935678661,False,False,False,8.9
160705302,11.8882,3986.0,1.02101,1,23.65,3.52286,4156.2586,7.2,2103.0,5.11,19.1,7,0.9,-7.8,18.0,2.7,1.0,1,,False,,0,0,False,2506.0,7,7,1706.0,2.63,11.2,8.5,8.9,6,1.0,2.900859886808528,2.482022669464848,False,False,False,8.9
324897445,12.6487,3781.0,0.517982,1,24.82,10.53951,4179.7765,4.2,54014.0,13.13,67.2,3,31.8,-7.7,69.0,3.1,1.0,0,,False,,0,0,False,40562.5,3,3,45265.0,2.81,24.6,98.4,8.8,3,1.0,2.658835974493311,1.5796386239284224,False,False,False,8.8
178364643,12.1812,3451.0,0.569816,2,54.91,1.28598,4236.9,4.2,709.0,1.66,9.9,29,0.3,-6.6,10.3,4.9,1.0,0,,False,,0,0,False,1855.2,23,29,580.0,3.31,9.6,4.4,8.8,12,0.7931034482758621,1.4053229066870006,2.9886369744739683,False,False,False,8.8
462138369,13.1435,3336.0,0.64754,1,24.21,3.01941,4155.1998,7.2,4045.0,4.49,12.4,8,2.2,-1.8,12.4,3.9,1.0,1,,False,,0,0,False,6238.7,8,8,3469.0,2.69,11.2,6.5,8.8,6,1.0,2.034042662415594,3.539748763897314,False,False,False,8.8
165062587,10.2665,5239.0,0.785026,2,53.65,16.11979,4219.0705,4.5,4422.0,5.7,21.1,2,1.2,1.4,21.3,5.4,1.0,0,,False,,0,0,False,2679.3,2,2,5341.0,1.09,13.7,1.4,8.8,2,1.0,4.041886504765116,1.1133415039474261,False,False,False,8.8
201495997,12.2973,4233.0,0.799154,1,23.93,2.94845,4269.159,6.3,2091.0,3.99,15.2,6,0.0,1.0,15.5,3.3,1.0,0,,False,,0,0,False,2308.1,6,6,1972.0,2.98,11.5,17.2,8.8,5,1.0,2.321809238177001,2.713401211611393,False,False,False,8.8
330652791,11.142,5260.0,0.827593,1,25.31,13.17878,4185.073,2.1,2956.0,4.91,11.4,2,2.3,0.0,11.5,5.1,2.0,0,,False,,0,0,False,1298.4,2,2,3544.0,1.03,14.4,0.2,8.8,2,1.0,3.914814929111988,0.5364238253981398,False,False,False,8.8
1695467892,11.9354,4243.0,0.892796,1,25.13,6.49208,4184.9249,4.2,5234.0,7.05,15.6,2,5.7,-0.9,15.8,4.0,1.0,0,,False,,0,0,False,2676.1,2,2,5123.0,1.25,13.1,11.2,8.8,2,1.0,3.2521537719168303,1.291451848392921,False,False,False,8.8
383854713,12.7454,3598.0,0.695361,1,24.08,12.93811,4153.4385,6.3,3742.0,4.64,8.6,2,1.6,2.2,7.8,2.8,2.0,0,,False,,0,0,False,3624.4,2,2,5344.0,1.16,13.7,4.8,8.7,2,1.0,3.4644858606856,1.8184516414084222,False,False,False,8.7
408786100,11.643,5454.0,0.820877,1,25.22,11.34204,4186.5944,3.15,4549.0,6.04,10.9,2,1.0,0.7,11.0,5.2,1.0,0,,False,,0,0,False,2616.1,2,2,6102.0,1.02,12.6,0.0,8.7,2,1.0,3.7036000148262063,0.8505238112620042,False,False,False,8.7
33993976,13.1687,5424.0,0.827506,1,25.98,7.33187,4269.2094,4.5,4821.0,6.27,9.7,2,0.0,1.7,9.5,3.9,1.0,0,,False,,0,0,False,3551.4,2,2,6238.0,1.2,13.1,6.9,8.7,2,1.0,3.2195411496742743,1.3977147024367964,False,False,False,8.7
122073655,11.631,4237.0,0.939584,1,23.74,15.61074,4158.8497,6.3,3049.0,5.66,17.1,2,4.4,0.7,16.2,3.5,2.0,0,,False,,0,0,False,1757.5,2,2,3368.0,1.37,14.9,35.4,8.7,2,1.0,4.507888850970228,1.3975499858751081,False,False,False,8.7
407685419,12.4452,5007.0,0.961387,1,25.13,9.11611,4265.6339,4.8,3732.0,6.41,15.3,3,7.0,0.0,15.4,2.4,1.0,0,,False,,0,0,False,2708.5,3,3,3150.0,2.2,12.9,25.3,8.7,3,1.0,3.8259883491001916,1.2545777880188473,False,False,False,8.7
408931392,13.0964,4150.0,1.04857,1,25.7,7.46404,4268.8976,1.58,7349.0,9.81,8.1,2,0.0,1.7,8.1,4.5,1.0,0,,False,,0,0,False,3493.9,2,2,9694.0,1.19,12.9,5.9,8.7,2,1.0,3.7925492760118864,0.4166063207124558,False,False,False,8.7
34930271,12.5864,5099.0,1.09571,1,25.91,0.70602,4265.4632,3.15,4690.0,8.19,22.3,32,1.9,-6.2,22.5,4.8,1.0,0,,False,,0,0,False,13686.7,27,32,5711.0,3.02,9.4,2.2,8.7,13,0.84375,1.7794169048346216,1.7702428202415892,False,False,False,8.7
121078952,12.7755,3135.0,0.214284,2,54.86,21.90069,4239.9486,3.15,5873.0,1.79,12.5,2,0.0,0.3,12.5,4.3,1.0,0,,False,,0,0,False,3021.2,2,2,7838.0,1.24,13.7,11.2,8.6,2,1.0,1.883738973140362,1.6722062052730517,False,False,False,8.6
323761729,13.1638,3578.0,0.337073,1,25.15,0.57347,4179.3728,1.8,2702.0,1.91,9.7,40,2.0,-6.5,9.8,6.0,1.0,0,,False,,0,0,False,5356.1,34,40,1925.0,3.76,9.2,2.1,8.6,13,0.85,0.7565910033285763,2.3790925243374677,False,False,False,8.6
412530886,13.1526,4269.0,0.668674,2,51.18,0.58912,4153.6757,1.8,1994.0,3.26,8.3,74,2.0,-4.5,8.3,7.5,1.0,0,,False,,0,0,False,6133.8,55,74,1933.0,3.62,9.2,2.2,8.6,20,0.7432432432432432,1.2052741464435002,1.4934361657979685,False,False,False,8.6
172742618,11.9233,4508.0,0.80114,1,24.78,7.4476,4268.9519,4.2,4560.0,5.9,15.1,2,0.0,-2.9,15.3,3.1,1.0,0,,False,,0,0,False,1974.5,2,2,6107.0,1.24,15.9,9.7,8.6,2,1.0,3.167276796733848,1.32606029391909,False,False,False,8.6
60233707,11.6729,5556.0,0.980089,1,25.12,8.50462,4266.3846,6.3,3626.0,6.44,25.3,3,8.2,-3.8,25.5,2.6,1.0,0,,False,,0,0,False,2267.9,3,3,2333.0,3.24,15.4,49.2,8.6,3,1.0,3.7867817473975287,1.6636818333482473,False,False,False,8.6
367573078,11.7158,5623.0,1.04193,2,50.99,24.7665,4153.5374,1.8,23705.0,17.5,49.3,2,0.0,-0.6,50.6,5.1,1.0,0,,False,,0,0,False,4661.4,2,2,22980.0,1.4,27.6,83.2,8.6,2,1.0,5.632772374218185,0.3195584483830372,False,False,False,8.6
210844914,11.9214,3968.0,0.635126,1,24.25,8.69371,4159.1325,2.1,6230.0,5.47,9.5,3,3.9,1.4,9.6,2.8,1.0,0,,False,,0,0,False,4343.8,3,3,8994.0,1.35,12.3,13.7,8.5,3,1.0,2.856603330572856,0.7351388194240015,False,False,False,8.5
462138369,13.1435,3336.0,0.64754,1,24.21,3.02276,4155.1811,6.3,4130.0,4.54,12.0,8,1.7,-1.3,11.1,3.2,1.0,1,,False,,0,0,False,6238.7,8,8,3396.0,2.88,10.7,6.3,8.5,6,1.0,2.0347946332131635,3.096135549586943,False,False,False,8.5
366176271,13.2387,3409.0,0.698355,1,23.82,1.38372,4154.5877,4.8,15098.0,9.36,58.0,16,6.8,-42.3,58.3,2.8,1.0,1,,False,,0,0,False,20734.3,15,16,14512.0,2.45,9.6,21.5,8.5,13,0.9375,1.6492071083837416,2.9104895168103555,False,False,False,8.5
61186487,12.1926,4845.0,0.714901,1,25.38,0.62132,4179.2251,3.6,2173.0,3.64,7.6,38,0.2,8.9,8.1,5.9,1.0,0,,False,,0,0,False,6696.2,35,38,1821.0,3.33,9.2,1.8,8.5,11,0.9210526315789473,1.282755862768567,2.8064576467654057,False,False,False,8.5
49705466,12.5814,5155.0,0.787078,1,24.93,5.23539,4267.3375,6.3,3182.0,4.84,14.6,4,1.9,8.4,12.2,2.6,0.5,0,,False,,0,0,False,2988.6,4,4,2435.0,2.01,13.5,10.0,8.5,4,1.0,2.7831492036053276,2.2636228024853637,False,False,False,8.5
124080623,12.3052,4840.0,0.797231,1,25.13,12.25591,4268.7843,4.8,15154.0,10.71,37.6,2,13.1,-5.6,37.7,2.5,1.0,0,,False,,0,0,False,6106.3,2,2,14563.0,1.36,15.0,33.9,8.5,2,1.0,3.7271734190147416,1.287839190822748,False,False,False,8.5
172742618,11.9233,4508.0,0.80114,1,24.78,12.1474,4268.9457,4.5,4360.0,5.77,14.4,2,0.8,4.4,14.7,2.9,1.0,0,,False,,0,0,False,1974.5,2,2,5547.0,1.15,15.7,3.9,8.5,2,1.0,3.72827852170881,1.206991369823272,False,False,False,8.5
172742618,11.9233,4508.0,0.80114,1,24.78,12.14069,4268.9457,4.5,4340.0,5.76,14.3,2,0.8,4.2,13.5,2.5,1.0,0,,False,,0,0,False,1974.5,2,2,5527.0,1.15,15.6,4.1,8.5,2,1.0,3.7275919178111714,1.207213691632421,False,False,False,8.5
188857765,12.5971,3666.0,0.834859,1,24.33,6.43605,4157.69,4.2,5848.0,6.97,13.4,4,4.8,3.9,13.6,3.4,1.0,0,,False,,0,0,False,5225.8,4,4,6182.0,2.12,12.0,14.0,8.5,4,1.0,3.1009173147954674,1.3544379206631723,False,False,False,8.5
60238142,12.1568,5307.0,0.858758,1,25.69,1.87382,4265.8261,6.3,1275.0,3.35,12.1,12,0.7,-5.5,12.1,2.2,1.0,0,,False,,0,0,False,2525.4,10,12,1034.0,3.37,11.8,11.2,8.5,7,0.8333333333333334,2.094264099346678,3.008216586420659,False,False,False,8.5
3938364,10.604,6145.0,0.944372,1,24.24,0.86141,4153.9262,4.2,322.0,1.85,9.3,26,0.5,8.0,10.0,3.4,1.0,0,,False,,0,0,False,901.3,17,26,263.0,4.92,9.9,9.6,8.5,11,0.6538461538461539,1.7220284877505714,2.4389840411329784,False,False,False,8.5
317798405,10.5505,5982.0,1.0333,1,26.04,14.503,4269.1457,6.3,1528.0,4.41,11.1,2,2.0,0.0,10.7,5.3,2.0,0,,False,,0,0,False,697.2,2,2,1807.0,1.2,13.0,7.0,8.5,2,1.0,4.686463036196278,1.3442973840487886,False,False,False,8.5
124186757,13.096,3372.0,0.527633,1,25.33,8.32885,4267.0806,6.3,5739.0,4.36,15.3,3,1.6,-4.2,15.7,3.2,1.0,1,,False,,0,0,False,4209.0,3,3,4789.0,1.78,11.5,4.9,8.4,3,1.0,2.4886162974882655,2.5315272612971813,False,False,False,8.4
51832774,12.7051,5052.38,0.649185,1,25.14,9.08729,4268.8344,4.8,10031.0,7.09,29.5,2,0.0,-7.3,29.5,3.1,1.0,0,,False,,0,0,False,3532.2,2,2,9867.0,1.5,27.0,159.4,8.4,2,1.0,2.941702441588953,1.6317082013935074,False,False,False,8.4
335441138,12.1066,3874.0,0.849784,1,24.0,5.84568,4156.6384,4.5,2676.0,4.8,14.8,4,5.4,2.4,15.2,3.8,1.0,1,,False,,0,0,False,2451.5,4,4,2697.0,1.58,11.1,8.9,8.4,4,1.0,3.0387315838841165,1.4808810438755784,False,False,False,8.4
217418381,11.8891,5197.0,0.89374,1,25.22,12.59393,4185.0879,4.2,6815.0,8.05,13.2,2,3.4,1.6,13.4,2.8,1.0,0,,False,,0,0,False,4096.0,2,2,9169.0,1.18,13.7,6.2,8.4,2,1.0,4.0588485766425215,1.0347762230327495,False,False,False,8.4
148080282,11.9989,3975.0,0.926111,1,23.97,6.16108,4158.8004,4.8,2313.0,4.86,11.9,3,3.6,-1.0,12.0,3.2,1.0,1,,False,,0,0,False,1995.2,3,3,3430.0,1.04,12.6,13.7,8.4,2,1.0,3.274934400175392,1.4656782132011352,False,False,False,8.4
74648453,12.8122,5313.0,0.956323,1,25.06,15.35612,4185.1281,4.5,7188.0,8.85,15.1,2,2.0,0.0,15.1,2.3,2.0,0,,False,,0,0,False,4376.9,2,2,8480.0,1.36,17.6,42.8,8.4,2,1.0,4.536335781025037,0.9919900592065902,False,False,False,8.4
317547984,13.4802,3310.0,0.502175,1,25.74,10.98265,4272.5075,2.25,33680.0,10.05,42.7,2,24.5,5.1,42.7,2.4,1.0,0,,False,,0,0,False,9268.7,2,2,30855.0,1.53,12.0,50.6,8.3,2,1.0,2.640466938535115,0.8521220118924347,False,False,False,8.3
217107421,12.7587,4640.0,0.724641,1,25.22,0.98877,4179.8342,1.58,8380.0,7.24,18.4,24,1.1,-10.7,18.8,3.6,1.0,0,,False,,0,0,False,12721.3,19,23,7638.0,3.28,9.8,3.6,8.3,12,0.8260869565217391,1.511200155181962,1.045526626358607,False,False,False,8.3
271491794,11.3888,4744.0,0.806331,1,24.67,6.86515,4183.977,6.3,1609.0,3.53,14.4,3,3.4,0.8,14.9,2.5,1.0,0,,False,,0,0,True,1580.1,3,3,1955.0,1.15,11.7,1.6,8.3,3,1.0,3.0957594612295836,2.035041830251807,False,False,False,8.3
33993976,13.1687,5424.0,0.827506,1,25.98,9.64438,4269.1954,1.58,9302.0,8.71,8.3,2,0.0,1.2,8.3,2.9,1.0,0,,False,,0,0,False,3551.4,1,1,8663.0,1.0,,,,0,1.0,3.5276094678133596,0.44789538479705526,False,False,False,8.3
317803863,11.277,5814.0,1.03234,1,26.04,10.55842,4268.8364,3.15,3363.0,6.53,21.2,3,12.2,-6.0,21.3,2.1,1.0,0,,False,,0,0,False,1813.4,3,3,3616.0,2.54,26.4,186.1,8.3,2,1.0,4.213307037485377,0.747631248322223,False,False,False,8.3
59750863,11.1576,5939.0,1.04903,1,25.13,12.11378,4269.2493,4.2,2572.0,5.8,18.9,2,7.2,5.1,19.1,2.7,1.0,0,,False,,0,0,False,1263.0,2,2,3167.0,1.51,20.0,123.9,8.3,2,1.0,4.458205947448607,0.9420829924655284,False,False,False,8.3
334429114,11.1282,4329.0,1.05438,1,24.06,11.9109,4153.4572,4.8,2304.0,5.52,16.1,2,0.0,-0.5,16.2,5.1,1.0,0,,False,,0,0,False,1189.4,2,2,2855.0,1.29,23.1,31.1,8.3,2,1.0,4.448237084579623,1.0790791742283268,False,False,False,8.3
278825715,12.1809,3286.0,0.482599,40,2634.75,109.0261,1502.8359,4.2,5289.0,3.83,36.1,5,5.1,0.8,51.5,4.3,2.0,55,,False,,0,0,False,3073.6,4,5,7430.0,1.61,16.8,121.2,8.3,3,0.8,5.526405288719368,0.7599876919221147,False,False,False,8.3
30531851,12.3885,3317.0,0.329839,13,1951.8,1.68833,2038.0175,6.3,259.0,0.58,8.5,189,0.1,-4.6,8.0,6.3,1.0,3,,False,,0,0,False,2291.7,143,189,240.0,10.67,8.5,1.2,8.3,20,0.7566137566137566,1.068797452396123,5.894475127982493,False,False,False,8.3
62347919,12.0625,3635.0,0.51333,2,53.29,20.82948,4197.9392,4.2,3217.0,3.18,8.2,2,0.2,0.4,8.1,4.1,1.0,0,,False,,0,0,False,1900.6,1,1,3539.0,1.0,,,,0,1.0,3.3166440719550057,1.2663402852041032,False,False,False,8.2
140072115,11.051,3425.0,0.598722,3,83.14,0.79555,4207.9049,1.58,491.0,1.45,13.1,77,1.9,10.9,13.5,3.5,1.0,0,,False,,0,0,False,1788.9,54,76,478.0,5.74,8.5,2.5,8.2,19,0.7105263157894737,1.237601798333143,1.276662656864279,False,False,False,8.2
132611266,13.0919,3152.0,0.607142,1,24.24,11.8468,4160.3435,6.3,14578.0,8.0,13.5,2,3.6,-4.9,14.3,2.7,1.0,1,,False,,0,0,False,10052.1,2,2,18181.0,1.42,12.4,33.2,8.2,2,1.0,3.0732802440399234,2.049926950924089,False,False,False,8.2
332660818,10.8521,3660.0,0.646813,1,24.48,7.10334,4238.9306,6.3,1985.0,3.14,22.3,3,4.9,2.7,22.6,3.0,1.0,1,,False,,0,0,False,1586.1,3,3,1755.0,2.26,13.2,18.8,8.2,3,1.0,2.703221636709209,2.3305525209058926,False,False,False,8.2
124379941,11.9179,5303.0,0.829149,1,24.98,10.95788,4268.821,6.3,11582.0,9.74,45.6,2,0.0,-5.9,45.1,2.3,1.0,0,,False,,0,0,False,3707.9,2,2,9979.0,1.15,14.1,4.2,8.2,2,1.0,3.6858602224517476,1.7092346480272624,False,False,False,8.2
128837668,12.4742,3918.0,0.840887,1,24.08,6.15793,4159.0822,7.2,9910.0,9.13,22.6,2,0.0,9.2,22.9,3.3,1.0,0,,False,,0,0,False,3229.6,2,2,9333.0,1.09,15.9,1.8,8.2,2,1.0,3.070282252521381,2.3450612705353744,False,False,False,8.2
317875779,12.6846,4496.0,0.843497,1,25.79,0.71313,4264.9841,4.8,2611.0,4.7,16.0,32,0.0,-5.1,16.2,3.9,1.0,0,,False,,0,0,False,8368.1,24,32,2871.0,4.37,9.4,5.2,8.2,14,0.75,1.4996395693294726,3.2007691035694683,False,False,False,8.2
34436691,12.9262,5259.0,0.868399,1,26.04,0.70642,4264.7642,4.2,2729.0,4.95,11.2,32,0.2,0.9,11.8,4.5,1.0,0,,False,,0,0,False,9551.0,24,32,3005.0,3.68,9.0,3.8,8.2,13,0.75,1.5242007322602453,2.7555425680525674,False,False,False,8.2
100759593,10.7074,6000.0,1.02318,1,24.29,12.16706,4271.7553,6.3,3323.0,6.43,42.1,2,24.8,-2.5,42.6,2.4,1.0,0,,False,,0,0,False,1888.2,2,2,2743.0,1.51,11.0,28.5,8.2,2,1.0,4.39108191508982,1.434726138528694,False,False,False,8.2
59556299,10.7986,3949.0,0.657561,1,25.38,10.85872,4185.4251,4.8,3068.0,3.97,20.4,2,9.6,4.9,20.3,2.4,1.0,0,,False,,0,0,False,1507.9,2,2,3663.0,1.46,19.0,86.4,8.1,2,1.0,3.1484142574856246,1.5245770116138906,False,False,False,8.1
165062587,10.2665,5239.0,0.785026,2,53.65,27.63264,4223.683,4.5,3473.0,5.05,17.5,2,3.3,3.6,15.6,3.1,2.0,0,,False,,0,0,True,2679.3,2,2,4014.0,1.18,11.5,4.4,8.1,2,1.0,4.837323300228864,0.9302665380639529,False,False,False,8.1
51900944,11.9699,5009.85,0.80657,1,25.14,10.5695,4273.3531,6.3,7132.0,7.43,37.6,2,13.6,2.8,37.9,2.9,1.0,0,,False,,0,0,False,3506.2,2,2,5991.0,1.37,11.7,20.7,8.1,2,1.0,3.57537131453573,1.7620547478208062,False,False,False,8.1
172311795,11.2395,5593.0,0.903909,1,25.14,7.45095,4268.6465,3.6,2404.0,4.84,16.0,3,3.0,-0.5,16.4,3.4,1.0,0,,False,,0,0,False,1293.1,3,3,3772.0,1.13,13.5,30.1,8.1,3,1.0,3.4331700675364285,1.0485935532413881,False,False,False,8.1
266879343,11.4638,5801.0,0.918257,1,23.85,0.51244,4153.5673,4.2,1316.0,3.63,15.7,42,0.3,-5.0,15.1,3.4,1.0,0,,False,,0,0,False,5251.5,35,42,971.0,13.24,11.8,9.3,8.1,12,0.8333333333333334,1.4214517854483257,2.9547256143305067,False,False,False,8.1
189421256,12.1304,4410.0,0.924621,1,24.28,1.3128,4154.062,4.2,34345.0,18.69,240.5,16,6.4,-190.7,241.4,3.3,1.0,0,,False,,0,0,False,34621.7,15,16,34127.0,1.93,9.3,19.3,8.1,11,0.9375,1.95396592266218,2.1494745385721528,False,False,False,8.1
335539047,11.8891,4023.0,1.03715,1,24.08,11.86696,4159.1119,3.6,5737.0,8.57,17.9,2,3.8,2.4,17.7,4.9,1.0,0,,False,,0,0,False,1867.2,2,2,6025.0,1.21,13.8,9.0,8.1,2,1.0,4.3942271321717215,0.819256695595706,False,False,False,8.1
74651134,13.1198,3468.0,0.416664,1,25.05,5.22746,4180.9066,2.4,6284.0,3.6,9.9,4,3.8,-0.1,10.3,3.4,0.5,1,,False,,0,0,False,4724.3,4,4,6460.0,1.78,12.7,8.0,8.0,4,1.0,1.8203819446363225,1.3184046386921695,False,False,False,8.0
292087850,13.3622,3328.0,0.576468,1,24.34,3.44318,4153.1732,6.0,4295.0,4.12,10.0,8,1.2,-1.0,10.0,3.9,1.0,1,,False,,0,0,True,7317.8,8,8,3631.0,2.0,9.7,4.1,8.0,6,1.0,1.9665802469776916,3.0509815245124154,False,False,False,8.0
352291795,12.5099,3656.0,0.632703,2,50.86,31.1939,4153.603,1.58,5389.0,5.07,9.9,2,2.5,0.7,8.2,3.6,2.0,0,,False,,0,0,False,2678.1,2,2,5994.0,1.28,11.7,11.8,8.0,2,1.0,4.362125085939824,0.36220877871950974,False,False,False,8.0
129553982,12.7415,3417.0,0.634611,1,24.1,1.92826,4154.8946,4.8,2608.0,3.54,12.0,11,2.0,1.7,11.9,3.0,1.0,0,,False,,0,0,False,4304.0,9,11,2220.0,4.26,10.8,14.6,8.0,7,0.8181818181818182,1.7282313882660794,2.777405868560113,False,False,False,8.0
332660818,10.8521,3660.0,0.646813,1,24.48,12.18551,4235.8244,3.0,3162.0,3.97,21.0,2,0.0,1.3,21.5,2.7,1.0,1,,False,,0,0,False,1586.1,2,2,3054.0,1.2,12.0,6.0,8.0,2,1.0,3.2360013255415705,0.9270700776050906,False,False,False,8.0
152042507,12.8483,3530.0,0.696873,1,23.62,6.26528,4158.4543,4.2,8385.0,6.96,17.6,3,4.1,-3.5,17.5,2.6,1.0,0,,False,,0,0,False,5338.5,3,3,6343.0,2.05,10.9,9.5,8.0,3,1.0,2.724525525924706,1.5415528171917263,False,False,False,8.0
148080282,11.9989,3975.0,0.926111,1,23.97,11.93884,4165.3379,4.2,3151.0,5.67,11.3,2,0.0,-4.9,10.6,2.5,1.0,1,,False,,0,0,False,1995.2,2,2,3920.0,1.12,12.1,2.1,8.0,2,1.0,4.082921528444688,1.0286751706442694,False,False,False,8.0
120127143,10.3903,5872.0,0.930801,2,51.11,14.90829,4153.5031,7.2,1193.0,3.51,16.4,4,3.8,0.7,16.4,3.1,1.0,0,,False,,0,0,False,1624.1,4,4,1097.0,2.34,9.4,4.3,8.0,4,1.0,4.411525550296699,1.632088473230255,False,False,False,8.0
87329149,12.9476,3387.0,0.319176,1,25.11,1.11152,4179.9454,3.15,1947.0,1.54,11.0,20,0.9,-1.1,11.4,4.2,1.0,1,"00087329149-01(3:1,ntoi=1)",True,,0,0,False,4226.0,15,20,2011.0,2.89,9.0,6.4,7.9,10,0.75,0.9096357903644123,3.462924429059753,False,False,False,7.9
93159822,10.7912,5317.0,0.779771,1,24.13,0.85736,4153.9453,3.6,326.0,1.54,9.2,25,2.1,5.0,9.3,3.2,1.0,0,,False,,0,0,False,812.6,21,25,262.0,4.16,9.0,5.2,7.9,10,0.84,1.5132386306629604,2.3790035008707218,False,False,False,7.9
462145564,11.6524,4091.0,1.01418,1,24.13,7.52734,4156.7679,4.8,4282.0,7.24,22.6,2,9.7,-4.5,22.7,3.0,1.0,1,,False,,0,0,False,2332.7,2,2,4837.0,1.51,17.6,99.1,7.9,2,1.0,3.7196222158540175,1.2904536325063134,False,False,False,7.9
140072115,11.051,3425.0,0.598722,3,83.14,0.92826,4208.0456,1.58,540.0,1.52,14.1,68,0.0,-7.7,14.3,4.0,1.0,0,,False,,0,0,False,1788.9,50,67,495.0,7.84,8.3,3.4,7.8,18,0.746268656716418,1.3029116996581223,1.2126685180696317,False,False,False,7.8
321088560,12.7859,3982.0,0.633115,3,83.17,19.88683,4220.0991,0.5,141646.0,26.0,53.2,2,13.5,1.4,53.2,3.7,1.0,0,,False,,0,0,False,26073.4,2,2,120324.0,1.11,11.2,1.6,7.8,2,1.0,3.7559391690573274,0.13312249679631818,False,False,False,7.8
380825752,12.5924,4924.0,0.702559,2,55.15,27.12486,4238.111,4.2,6388.0,6.13,7.8,2,0.2,0.4,8.0,5.4,1.0,0,,False,,0,0,True,3366.6,1,1,7092.0,1.0,,,,0,1.0,4.464635383763981,0.9407263167052008,False,False,False,7.8
217418381,11.8891,5197.0,0.89374,1,25.22,4.39643,4180.7067,6.3,2914.0,5.26,12.4,6,3.2,-1.3,12.8,2.6,1.0,0,,False,,0,0,False,4096.0,5,6,3818.0,1.84,10.6,18.7,7.8,4,0.8333333333333334,2.8579139300719234,2.2044050850199857,False,False,False,7.8
1701006226,10.8269,5494.0,0.902002,1,25.17,0.53407,4179.7375,2.4,413.0,2.0,7.8,43,1.0,-4.6,8.0,6.0,1.0,0,,False,,0,0,False,1155.1,38,43,371.0,4.93,8.9,1.9,7.8,11,0.8837209302325582,1.4241181522300586,1.6852534294586345,False,False,False,7.8
469324850,10.2788,5785.0,0.920369,1,25.32,3.94127,4180.7961,4.2,1231.0,3.52,19.3,6,3.1,2.5,20.0,3.2,1.0,0,,False,,0,0,False,1240.4,6,6,445.0,7.35,13.6,46.4,7.8,3,1.0,2.8101425100939816,1.4945861232708573,False,False,False,7.8
272550631,11.4631,3550.0,0.620792,25,2577.39,91.45419,1472.3689,3.6,699.0,1.79,9.5,11,3.5,1.4,15.9,4.4,2.0,27,"00272550631-01(3:1,ntoi=2);00272550631-03(1:1,ntoi=3);00272550631-01(3:1,ntoi=3)",True,,0,0,False,1154.2,10,11,433.0,8.09,10.1,15.1,7.8,5,0.9090909090909091,6.1646284226457295,0.5839768033342317,False,False,False,7.8
142873559,12.4147,3480.0,0.65321,2,52.9,8.0175,4210.2232,4.8,2632.0,3.66,15.6,6,4.0,5.3,15.8,3.5,1.0,1,,False,,0,0,False,2748.1,6,6,2005.0,3.47,11.1,15.1,7.7,5,1.0,2.833064747170811,1.6942782563629841,False,False,False,7.7
142873559,12.4147,3480.0,0.65321,2,52.9,21.59749,4228.6982,4.8,4332.0,4.69,14.0,2,7.1,0.9,14.4,3.0,1.0,1,,False,,0,0,False,2748.1,2,2,5673.0,1.39,12.7,29.2,7.7,2,1.0,3.9419514494619765,1.2176710092802223,False,False,False,7.7
63687402,11.6797,4948.0,0.756817,1,25.06,12.4778,4185.1287,0.5,5871.0,6.33,7.7,2,2.4,-1.6,7.7,3.2,1.0,0,,False,,0,0,False,2159.0,1,1,4254.0,1.0,,,,0,1.0,3.6217201274771065,0.13805594645666353,False,False,False,7.7
335441138,12.1066,3874.0,0.849784,1,24.0,9.8716,4156.6196,4.2,3503.0,5.49,14.6,3,4.7,-1.9,15.0,3.7,1.0,1,,False,,0,0,False,2451.5,3,3,4191.0,1.63,11.6,24.9,7.7,3,1.0,3.6186216481001603,1.1606629287162624,False,False,False,7.7
79119001,10.4002,6207.0,1.06519,1,24.52,9.07547,4159.2126,4.5,2003.0,5.2,24.2,3,13.4,4.4,24.8,2.8,1.0,0,,False,,0,0,False,1201.2,3,3,2487.0,1.43,13.1,73.4,7.7,2,1.0,4.090559582823527,1.1000939868705824,False,False,False,7.7
334235592,12.6543,3448.0,0.650942,1,24.08,1.56763,4153.6989,4.2,1815.0,3.03,10.1,15,2.1,-1.1,11.0,3.3,1.0,0,,False,,0,0,False,3881.8,13,15,1329.0,4.84,8.7,3.4,7.6,7,0.8666666666666667,1.6405306372426751,2.5601472503184444,False,False,False,7.6
1701006226,10.8269,5494.0,0.902002,1,25.17,0.71168,4179.3938,2.1,461.0,2.11,7.4,33,0.3,5.9,7.5,5.3,1.0,0,,False,,0,0,False,1155.1,29,33,358.0,5.12,8.9,2.8,7.6,10,0.8787878787878788,1.567141511925526,1.340019381797728,False,False,False,7.6
408906912,11.7815,5852.0,0.968673,1,25.68,2.77661,4267.7603,7.2,612.0,2.61,8.0,9,1.5,0.4,7.5,3.2,1.0,0,,False,,0,0,False,1355.0,7,9,571.0,3.36,9.1,8.2,7.6,6,0.7777777777777778,2.5872082355114645,2.782922495829422,False,False,False,7.6
253806672,10.6004,5822.0,1.01058,1,25.15,12.59901,4185.0821,6.3,2034.0,4.97,22.0,2,5.1,-2.9,21.8,4.2,1.0,0,,False,,0,0,False,855.9,2,2,2086.0,1.45,19.4,76.0,7.6,2,1.0,4.405895919462048,1.4299021391247977,False,False,False,7.6
334429114,11.1282,4329.0,1.05438,1,24.06,9.24343,4158.801,4.5,1333.0,4.2,11.5,3,3.8,1.3,11.7,2.8,1.0,0,,False,,0,0,False,1189.4,3,3,1837.0,1.23,11.2,12.2,7.6,3,1.0,4.08774804208198,1.1008506281879475,False,False,False,7.6
276502689,13.4978,3347.0,0.584054,1,23.64,11.58369,4158.7878,4.8,10258.0,6.45,12.2,2,1.9,-1.0,12.0,2.2,1.0,0,,False,,0,0,False,7382.6,2,2,11283.0,1.27,12.2,11.4,7.5,2,1.0,2.972527888839213,1.6147872045279361,False,False,False,7.5
129553982,12.7415,3417.0,0.634611,1,24.1,6.95143,4159.4696,4.8,5335.0,5.06,13.2,3,4.3,-2.4,13.1,3.7,1.0,0,,False,,0,0,True,4304.0,3,3,7433.0,1.46,13.7,30.4,7.5,3,1.0,2.6499524169715465,1.811353279122498,False,False,False,7.5
289640610,12.9987,3519.0,0.696812,1,23.92,0.50958,4153.6882,6.3,1152.0,2.58,7.7,43,0.2,0.0,8.2,3.8,1.0,0,,False,,0,0,False,4767.1,31,43,774.0,6.49,8.6,10.3,7.5,17,0.7209302325581395,1.1803826924511296,5.337252096536338,False,False,False,7.5
115445163,12.6302,4955.0,0.743543,3,106.58,40.88395,4153.6838,1.0,7617.0,7.08,7.5,2,0.0,1.0,7.5,4.3,1.0,0,,False,,0,0,False,2559.9,1,1,7184.0,1.0,,,,0,1.0,5.316142777535375,0.18810630975257808,False,False,False,7.5
469360264,10.1103,4573.0,0.749095,1,25.38,12.61812,4185.0565,6.3,2386.0,3.99,21.4,2,7.2,-0.1,16.8,2.7,1.0,0,,False,,0,0,False,956.9,2,2,2314.0,1.4,17.5,49.2,7.5,2,1.0,3.610475846472525,1.7449223503752753,False,False,False,7.5
469360264,10.1103,4573.0,0.749095,1,25.38,12.61706,4185.0565,6.3,2386.0,3.99,21.4,2,7.2,-0.0,21.7,4.2,1.0,0,,False,,0,0,False,956.9,2,2,2307.0,1.4,17.7,49.3,7.5,2,1.0,3.6103747428858033,1.7449712145294802,False,False,False,7.5
218759667,11.7472,5323.0,0.820676,1,24.97,2.43841,4180.853,4.2,1366.0,3.31,9.4,9,3.1,3.9,9.4,2.7,1.0,0,,False,,0,0,False,2165.4,9,9,1214.0,4.23,10.0,8.0,7.5,7,1.0,2.2183242473485283,1.8933210530516842,False,False,False,7.5
57112059,10.1959,4657.0,0.862193,1,25.38,0.84731,4179.6501,4.8,340.0,1.73,8.3,27,1.8,0.7,8.8,4.5,1.0,0,,False,,0,0,False,1064.6,22,27,325.0,3.49,8.5,4.5,7.5,12,0.8148148148148148,1.6117291711504615,2.9781678497347865,False,False,False,7.5
48744707,11.3412,5518.0,0.888136,1,25.05,8.68379,4268.8409,4.8,2748.0,5.08,18.1,2,0.0,-5.1,18.3,2.3,1.0,0,,False,,0,0,False,1568.3,2,2,3158.0,1.47,14.6,60.1,7.5,2,1.0,3.570790584772264,1.3442401300344338,False,False,False,7.5
59890559,11.9953,5485.0,0.914904,1,25.1,11.57674,4268.8965,4.8,2212.0,4.69,8.3,2,0.9,-1.3,8.5,4.4,1.0,0,,False,,0,0,False,1682.1,2,2,2796.0,1.11,12.9,1.6,7.5,2,1.0,4.008550920622376,1.1974401959835255,False,False,False,7.5
3938364,10.604,6145.0,0.944372,1,24.24,1.28674,4153.5325,6.3,300.0,1.78,8.9,18,1.5,-4.3,9.4,3.0,1.0,0,,False,,0,0,False,901.3,17,18,237.0,3.44,8.7,4.1,7.5,6,0.9444444444444444,1.9684933983527941,3.200417133870881,False,False,False,7.5
63028054,9.3169,4549.0,0.713965,1,25.38,13.53736,4185.15,3.6,1370.0,2.88,18.8,2,4.3,0.0,18.3,2.6,2.0,0,,False,,0,0,True,935.5,2,2,1609.0,1.13,13.4,2.9,7.4,2,1.0,3.5796252951296292,1.0056918540882176,False,False,False,7.4
301045623,11.7229,3975.0,0.922927,1,23.61,6.13911,4159.2036,6.3,13981.0,11.91,59.0,2,0.0,-9.7,59.1,3.1,1.0,0,,False,,0,0,False,4129.5,2,2,12978.0,1.21,23.1,12.4,7.4,2,1.0,3.2635354404468853,1.9304218124676846,False,False,False,7.4
408906912,11.7815,5852.0,0.968673,1,25.68,2.77634,4267.7603,7.2,605.0,2.6,7.9,9,1.5,0.3,7.2,2.9,1.0,0,,False,,0,0,False,1355.0,7,9,571.0,3.36,8.9,8.5,7.4,6,0.7777777777777778,2.5871243719911736,2.7830127062884644,False,False,False,7.4
59952738,11.459,6080.0,1.05024,1,25.45,14.89192,4268.8359,6.3,2715.0,5.97,15.4,2,0.3,-2.7,15.5,3.6,2.0,0,,False,,0,0,False,1404.1,2,2,2717.0,1.03,11.9,0.1,7.4,2,1.0,4.779519401561612,1.3181241607559122,False,False,False,7.4
142086812,8.20253,3461.0,0.424993,40,2662.78,111.03071,1407.1079,3.15,1290.0,1.67,64.1,7,42.8,-3.8,98.7,6.9,2.0,12,,False,,0,0,False,547.6,7,7,124.0,58.17,12.2,164.7,7.4,3,1.0,5.108309288926943,0.6166423804502433,False,False,False,7.4
132611266,13.0919,3152.0,0.607142,1,24.24,7.93345,4157.306,4.5,15734.0,8.31,14.6,2,0.0,-3.4,14.8,2.9,1.0,1,,False,,0,0,False,10052.1,2,2,17980.0,1.2,12.8,6.7,7.3,2,1.0,2.6887835448731554,1.6736192872722633,False,False,False,7.3
46682918,12.3877,4741.0,0.741493,1,25.8,0.73657,4265.1954,4.8,1021.0,2.58,8.1,31,1.0,-1.4,8.7,2.9,1.0,0,,False,,0,0,False,4019.5,19,31,1218.0,4.06,8.6,5.7,7.3,11,0.6129032258064516,1.3910764759189052,3.4505651436807296,False,False,False,7.3
33875445,12.5095,5322.0,0.787127,1,26.04,14.76477,4268.808,6.3,4383.0,5.69,10.7,2,0.3,-3.3,8.6,2.8,2.0,0,,False,,0,0,False,2749.2,2,2,4508.0,1.17,11.1,3.3,7.3,2,1.0,3.932303796556192,1.6021142632767522,False,False,False,7.3
60117588,12.7536,4850.0,0.795716,1,25.04,12.33187,4268.7896,4.2,6259.0,6.87,14.4,2,4.9,-2.6,14.4,3.2,1.0,0,,False,,0,0,False,3496.2,2,2,7022.0,1.23,16.7,11.8,7.3,2,1.0,3.730124554816993,1.1259677628126978,False,False,False,7.3
317875779,12.6846,4496.0,0.843497,1,25.79,2.13856,4266.4091,4.8,4183.0,5.95,15.8,10,0.2,-5.2,16.2,3.8,1.0,0,,False,,0,0,False,8368.1,9,10,4654.0,2.24,9.1,5.2,7.3,8,0.9,2.1625747871953562,2.2195764180831503,False,False,False,7.3
161034287,10.5543,5429.0,0.897677,1,25.06,15.75171,4185.1092,2.4,3218.0,5.56,24.6,2,8.5,0.0,25.4,2.8,2.0,0,,False,,0,0,False,1376.0,2,2,2892.0,1.17,12.8,3.6,7.3,2,1.0,4.385955912506857,0.5472011228284885,False,False,False,7.3
96220225,13.2521,3681.0,1.00052,1,24.25,11.78957,4159.2014,4.2,33308.0,19.92,37.8,2,9.5,-4.7,38.6,4.3,1.0,0,,False,,0,0,False,14400.6,2,2,39312.0,1.26,16.9,15.6,7.3,2,1.0,4.280798628046774,0.9811253378008954,False,False,False,7.3
100759593,10.7074,6000.0,1.02318,1,24.29,9.8394,4274.0803,6.3,3749.0,6.84,44.8,2,20.7,-1.3,45.4,2.7,1.0,0,,False,,0,0,False,1888.2,2,2,3073.0,1.35,10.4,14.2,7.3,2,1.0,4.091028714118213,1.539954969824237,False,False,False,7.3
51833542,10.689,6118.0,1.14969,1,25.14,12.19191,4268.8531,6.3,887.0,3.74,9.3,2,0.8,0.1,9.9,3.3,1.0,0,,False,,0,0,False,758.5,2,2,1070.0,1.16,11.1,3.1,7.3,2,1.0,4.749188191633934,1.3265425049059842,False,False,False,7.3
327221844,11.3572,3907.0,0.582047,1,25.38,9.61084,4183.8283,2.25,5846.0,4.86,16.2,3,1.7,4.9,16.3,2.8,1.0,0,,False,,0,0,False,4069.8,3,3,8273.0,1.23,10.6,10.2,7.2,3,1.0,2.7867677747253023,0.8073869736855943,False,False,False,7.2
346314381,13.2233,5109.0,0.79149,1,26.04,14.73807,4264.6448,6.3,5717.0,6.53,8.5,2,0.1,0.8,7.3,3.4,2.0,0,,False,,0,0,False,4602.6,2,2,7250.0,1.09,10.9,0.9,7.2,2,1.0,3.944440903845301,1.5971845322510332,False,False,False,7.2
317805453,12.2486,5467.0,0.824178,1,26.04,7.21792,4269.202,6.0,7802.0,7.94,21.4,2,0.0,0.7,21.8,3.3,1.0,0,,False,,0,0,False,2656.8,2,2,8087.0,1.22,20.3,12.6,7.2,2,1.0,3.194182018463014,1.8784151827662903,False,False,False,7.2
317875779,12.6846,4496.0,0.843497,1,25.79,0.76806,4265.2779,4.5,2374.0,4.48,13.9,30,2.1,3.3,14.2,2.9,1.0,0,,False,,0,0,False,8368.1,23,30,3082.0,3.0,8.1,3.8,7.2,16,0.7666666666666667,1.5371952656095338,2.9274094844519607,False,False,False,7.2
79260202,13.0586,3772.0,0.868131,1,24.25,0.66114,4153.3758,4.2,1982.0,4.22,7.2,33,1.0,-0.7,7.6,3.0,1.0,0,,False,,0,0,False,7466.2,22,33,1542.0,8.42,8.9,9.3,7.1,14,0.6666666666666666,1.4906062857898628,2.8176454373224695,False,False,False,7.1
228463630,11.3946,5691.0,0.905551,1,25.79,9.05799,4264.9546,3.15,10380.0,10.07,41.5,3,3.7,6.1,42.4,4.5,1.0,0,,False,,0,0,False,7467.2,3,3,13773.0,1.08,15.1,7.4,7.1,3,1.0,3.668547804122259,0.8586503892522324,False,False,False,7.1
148553009,12.0037,4016.0,0.954872,1,23.63,12.5098,4158.8357,6.3,3907.0,6.51,16.2,2,1.8,0.0,16.5,3.1,2.0,0,,False,,0,0,False,2536.4,2,2,4492.0,1.05,13.6,0.3,7.1,2,1.0,4.232417699629509,1.4885109285294502,False,False,False,7.1
33934767,11.8199,5810.0,1.01061,1,25.77,9.67657,4268.7949,4.8,3100.0,6.14,16.7,2,0.0,-1.6,16.6,2.9,1.0,0,,False,,0,0,False,1648.6,2,2,3821.0,1.54,19.0,122.5,7.1,2,1.0,4.034947011311892,1.1896067002970045,False,False,False,7.1
381662021,10.6035,6393.0,1.12375,1,25.22,15.71815,4182.0191,6.3,1494.0,4.74,11.6,2,2.4,3.2,11.3,2.9,2.0,0,,False,,0,0,False,1271.9,2,2,1743.0,1.22,11.8,6.8,7.1,2,1.0,5.09082975136805,1.2375192861845383,False,False,False,7.1
33864387,11.4002,3443.0,0.550504,43,2691.55,86.12192,1439.5926,3.0,1799.0,2.55,22.6,10,3.7,-8.8,27.1,4.4,2.0,64,,False,,0,0,False,1390.6,8,10,1005.0,6.21,9.2,31.1,7.1,6,0.8,5.577246604838216,0.5378998298905278,False,False,False,7.1
278725797,12.2915,3636.0,0.632589,31,2009.38,97.76241,2039.1235,3.0,2958.0,3.75,20.1,9,4.1,2.9,25.9,4.8,2.0,36,"00278725797-05(2:1,ntoi=6);00278725797-04(3:1,ntoi=4);00278725797-03(3:1,ntoi=6)",True,,0,0,False,2215.8,8,9,820.0,18.4,18.9,118.9,7.1,4,0.8888888888888888,6.382831077111472,0.47001087194017355,False,False,False,7.1
316467276,12.1489,3298.0,0.374764,1,25.08,7.233,4184.7364,6.3,4259.0,2.67,17.2,2,0.0,-3.6,17.5,3.4,1.0,0,,False,,0,0,False,2526.8,2,2,4029.0,1.27,11.0,9.8,7.0,2,1.0,1.8901068650819746,3.3331448694181462,False,False,False,7.0
129553982,12.7415,3417.0,0.634611,1,24.1,7.69348,4158.7571,4.2,5078.0,4.93,11.8,3,5.6,3.7,12.2,3.2,1.0,0,,False,,0,0,False,4304.0,3,3,5816.0,2.03,13.4,29.8,7.0,3,1.0,2.7410753082522152,1.5322453882808624,False,False,False,7.0
88141648,12.1831,4331.0,0.676499,1,25.13,7.56844,4182.7609,4.2,5785.0,5.61,23.8,3,4.9,-0.0,23.8,2.8,1.0,0,,False,,0,0,False,2462.6,3,3,4158.0,3.19,18.0,173.8,7.0,3,1.0,2.844822608689587,1.4763662195213816,False,False,False,7.0
121408007,12.3841,3532.0,0.687668,1,24.05,11.26744,4158.8769,1.58,9195.0,7.19,15.7,2,5.4,-0.5,15.7,3.0,1.0,1,,False,,0,0,False,3342.0,2,2,8275.0,1.19,12.0,5.5,7.0,2,1.0,3.2839957691349455,0.4811212044941812,False,False,False,7.0
254119296,12.2506,4631.0,0.707531,1,25.07,1.96302,4181.0778,6.3,1282.0,2.76,9.7,11,1.8,2.4,10.0,2.8,1.0,1,,False,,0,0,False,3249.0,11,11,1233.0,3.76,8.0,4.8,7.0,7,1.0,1.8693050709589953,3.3702364038246357,False,False,False,7.0
46682918,12.3877,4741.0,0.741493,1,25.8,0.50674,4265.0392,4.5,925.0,2.46,8.0,45,1.0,-2.2,8.4,2.6,1.0,0,,False,,0,0,False,4019.5,32,45,888.0,5.49,7.9,5.6,7.0,18,0.7111111111111111,1.2280274086201044,3.6644133253153592,False,False,False,7.0
260464118,10.5045,5050.0,0.791014,1,25.19,12.00763,4179.358,2.25,1237.0,3.03,8.3,2,0.0,-1.0,7.9,3.4,1.0,0,,False,,0,0,False,816.1,2,2,1693.0,1.06,12.6,0.5,7.0,2,1.0,3.6825628964980974,0.6109875277730135,False,False,False,7.0
12418091,12.3176,4937.0,0.823572,2,55.24,0.9623,4236.1492,3.15,669.0,2.32,9.3,42,1.6,-6.9,9.8,4.3,1.0,0,,False,,0,0,False,1914.8,32,42,506.0,4.86,7.7,4.7,7.0,16,0.7619047619047619,1.6309707455927451,1.9313651140046615,False,False,False,7.0
390083427,10.4729,4940.39,1.1222,1,25.11,12.63273,4185.0998,2.4,1295.0,4.41,10.3,2,0.9,2.3,9.6,4.9,2.0,0,,False,,0,0,False,676.8,2,2,1510.0,1.16,10.0,2.5,7.0,2,1.0,4.728835517665498,0.5075245250198123,False,False,False,7.0
38462407,8.68639,3840.0,0.583696,41,2662.78,71.96365,1335.9409,3.0,151.0,0.78,9.9,14,6.8,-3.4,16.5,3.9,2.0,28,,False,,0,0,False,265.7,12,14,77.0,15.77,10.0,22.5,7.0,5,0.8571428571428571,5.46223649622111,0.5492255785840585,False,False,False,7.0
171611323,13.035,3395.0,0.665993,1,23.76,8.00301,4156.5922,3.15,19501.0,10.15,23.6,2,0.0,-0.6,23.2,3.3,1.0,0,,False,,0,0,False,12951.0,2,2,22546.0,1.05,13.1,0.4,6.9,2,1.0,2.868176392463848,1.098258812908664,False,False,False,6.9
171611323,13.035,3395.0,0.665993,1,23.76,10.25352,4156.589,4.2,10948.0,7.6,18.3,3,1.4,-9.4,20.0,2.3,1.0,0,,False,,0,0,False,12951.0,3,3,14818.0,1.33,12.6,9.8,6.9,2,1.0,3.1151507251177284,1.348249369166968,False,False,False,6.9
318015237,13.1931,4497.0,0.761796,1,25.98,7.32176,4269.2232,3.15,8188.0,7.52,12.0,2,0.0,0.2,12.0,2.6,1.0,0,,False,,0,0,False,4713.8,2,2,8972.0,1.3,11.7,13.8,6.9,2,1.0,3.0453642768495537,1.0343590170627117,False,False,False,6.9
60117588,12.7536,4850.0,0.795716,1,25.04,10.95222,4268.7896,4.2,7911.0,7.72,14.4,2,0.0,0.1,13.7,2.9,1.0,0,,False,,0,0,False,3496.2,2,2,8159.0,1.06,16.8,0.6,6.9,2,1.0,3.5854836042171594,1.1713901006436234,False,False,False,6.9
94159849,13.0622,3675.0,0.983862,1,24.2,11.45542,4163.864,4.8,85364.0,31.36,127.5,2,118.9,3.2,122.9,2.8,1.0,0,,False,,0,0,False,19267.6,2,2,89918.0,1.88,71.7,4877.9,6.9,2,1.0,4.192773717062613,1.1448268673470887,False,False,False,6.9
150185574,11.1334,3556.0,0.53005,26,2691.55,13.55864,1355.3231,0.62,3441.0,3.39,32.2,38,7.6,-2.2,118.8,5.4,2.0,3,,False,,0,0,True,2781.3,30,38,844.0,66.33,11.0,73.3,6.9,5,0.7894736842105263,2.936465457774793,0.2111381894033333,False,False,False,6.9
139552249,10.5788,4525.0,0.735693,2,54.91,24.89001,4258.8528,3.15,2255.0,3.81,9.7,2,0.3,-0.6,9.7,5.2,1.0,0,,False,,0,0,False,957.7,2,2,2296.0,1.02,9.8,0.0,6.8,2,1.0,4.473846374205629,0.7040921248797485,False,False,False,6.8
34262005,13.0499,5273.76,0.768253,1,25.9,9.93199,4267.5997,6.3,3631.0,5.05,10.0,2,0.0,2.2,10.2,2.8,1.0,0,,False,,0,0,False,3478.8,2,2,4265.0,1.18,10.8,3.9,6.8,2,1.0,3.3901836765366817,1.85830639313204,False,False,False,6.8
139552250,10.0626,4913.0,0.778026,2,54.91,24.89001,4258.8528,3.15,1454.0,3.24,10.0,2,0.0,-0.8,9.9,5.4,1.0,0,,False,,0,0,False,601.5,2,2,1485.0,1.02,9.8,0.0,6.8,2,1.0,4.643862918179553,0.678314596167028,False,False,False,6.8
201495997,12.2973,4233.0,0.799154,1,23.93,14.26594,4269.1918,1.58,8253.0,7.92,16.5,2,2.0,-3.7,13.7,2.6,2.0,0,,False,,0,0,False,2308.1,2,2,7435.0,1.03,11.7,0.1,6.8,2,1.0,3.9270106292447386,0.40234166626227674,False,False,False,6.8
407685419,12.4452,5007.0,0.961387,1,25.13,10.67115,4273.2026,6.3,4251.0,6.84,16.1,2,6.3,1.9,16.4,2.7,1.0,0,,False,,0,0,False,2708.5,2,2,4595.0,1.4,12.8,30.4,6.8,2,1.0,4.032219811115683,1.5624148223846062,False,False,False,6.8
142086812,8.20253,3461.0,0.424993,40,2662.78,56.40961,1348.9266,2.25,876.0,1.37,55.6,15,8.5,-0.4,76.6,4.7,1.0,12,,False,,0,0,False,547.6,10,15,53.0,130.84,9.6,87.4,6.8,4,0.6666666666666666,4.076122033189075,0.5519952498182802,False,False,False,6.8
69881452,10.0464,4474.0,0.773435,1,23.95,6.11042,4159.2881,6.3,7954.0,7.53,96.2,2,0.0,-10.2,96.4,2.8,1.0,1,"00069881452-01(2:1,ntoi=1)",True,,0,0,False,3375.3,2,2,8468.0,1.29,9.5,8.2,6.7,2,1.0,2.896328797081512,2.175167407218476,False,False,False,6.7
317805453,12.2486,5467.0,0.824178,1,26.04,7.67998,4269.2395,4.2,5377.0,6.59,19.1,2,0.0,2.4,19.2,2.6,1.0,0,,False,,0,0,False,2656.8,2,2,6573.0,1.65,18.9,213.3,6.7,2,1.0,3.260936451537253,1.2879735813373667,False,False,False,6.7
330652791,11.142,5260.0,0.827593,1,25.31,12.60441,4185.0417,4.2,2144.0,4.18,10.3,2,3.5,0.6,10.2,4.2,1.0,0,,False,,0,0,False,1298.4,2,2,2854.0,1.22,13.9,8.7,6.7,2,1.0,3.857095041442216,1.088902387644969,False,False,False,6.7
95111729,11.9154,5573.0,0.88149,1,26.03,12.37576,4271.0076,7.2,2340.0,4.65,12.2,2,3.7,-1.4,12.6,3.4,1.0,0,,False,,0,0,False,1931.1,2,2,2348.0,1.29,10.1,9.1,6.7,2,1.0,3.998316600885577,1.8007578485418816,False,False,False,6.7
176776388,11.6866,5583.0,0.887182,1,25.15,10.85792,4214.898,2.1,3186.0,5.46,14.1,2,6.5,-2.4,14.2,3.4,1.0,0,,False,,0,0,False,1426.3,2,2,3975.0,1.49,12.4,48.8,6.7,2,1.0,3.844138157733593,0.546286297170471,False,False,False,6.7
393750352,12.4128,5740.0,0.923393,1,25.59,1.98496,4265.2911,6.3,963.0,3.13,9.0,11,1.0,-5.4,9.3,2.9,1.0,0,,False,,0,0,False,2107.4,10,11,799.0,3.82,9.1,6.4,6.7,7,0.9090909090909091,2.2406976868538866,2.811624270851856,False,False,False,6.7
94159849,13.0622,3675.0,0.983862,1,24.2,11.41007,4163.8702,4.5,89858.0,32.18,128.3,2,117.7,4.3,117.4,2.6,1.0,0,,False,,0,0,False,19267.6,2,2,93108.0,1.88,71.9,4784.7,6.7,2,1.0,4.1872335810482255,1.0746952404010566,False,False,False,6.7
94159849,13.0622,3675.0,0.983862,1,24.2,11.41422,4163.8702,4.5,89858.0,32.18,128.3,2,117.7,4.3,126.3,3.0,1.0,0,,False,,0,0,False,19267.6,2,2,93110.0,1.88,72.0,4765.6,6.7,2,1.0,4.187741171069818,1.0745649781527475,False,False,False,6.7
182229791,12.9672,5862.0,1.03388,1,25.06,12.73419,4185.1883,3.6,8439.0,10.36,10.9,2,3.6,0.4,8.9,2.7,2.0,0,,False,,0,0,False,5728.5,2,2,10518.0,1.3,10.9,12.1,6.7,2,1.0,4.489302035673482,0.8019063924398953,False,False,False,6.7
255255628,12.7697,3407.0,1.13293,1,24.14,10.12215,4162.4975,3.15,6443.0,9.92,12.9,2,3.5,-1.5,12.9,3.1,1.0,0,,False,,0,0,False,3646.4,2,2,6514.0,1.33,11.9,16.8,6.7,2,1.0,4.420125513165737,0.712649446405412,False,False,False,6.7
272550631,11.4631,3550.0,0.620792,25,2577.39,95.56469,1539.5689,3.6,996.0,2.14,10.4,6,4.6,1.2,15.9,4.4,2.0,27,,False,,0,0,False,1154.2,6,6,834.0,5.78,10.5,34.9,6.7,3,1.0,6.255636719689662,0.5754809879974286,False,False,False,6.7
253925373,12.6762,3603.0,0.562504,1,25.04,0.54898,4235.5414,4.2,981.0,1.92,7.1,34,0.8,1.0,7.1,3.8,1.0,0,,False,,0,0,False,3942.0,25,34,859.0,4.46,7.2,2.7,6.6,13,0.7352941176470589,1.0490854853379001,4.003486902354027,False,False,False,6.6
142868983,11.959,3760.0,0.69716,2,52.9,3.21647,4210.067,6.3,734.0,2.06,9.9,14,1.6,-1.9,10.1,3.8,1.0,2,,False,,0,0,False,1718.6,11,14,530.0,3.26,8.0,4.5,6.6,8,0.7857142857142857,2.182175974202339,2.887026561779862,False,False,False,6.6
254119296,12.2506,4631.0,0.707531,1,25.07,9.76461,4185.109,2.4,5361.0,5.65,12.1,2,0.9,-0.9,12.0,4.2,1.0,1,,False,,0,0,False,3249.0,2,2,6347.0,1.09,9.7,0.7,6.6,2,1.0,3.1909762859901707,0.7521209137583019,False,False,False,6.6
162928498,11.5164,5040.0,0.720418,1,24.25,11.88137,4156.9918,2.25,2309.0,3.78,8.0,2,0.0,1.5,7.7,3.1,1.0,0,,False,,0,0,False,1594.7,2,2,2882.0,1.01,9.8,0.0,6.6,2,1.0,3.447890814582295,0.6525728687474643,False,False,False,6.6
49705466,12.5814,5155.0,0.787078,1,24.93,15.77398,4272.4938,7.2,3570.0,5.13,13.1,2,2.9,1.1,13.2,3.0,2.0,0,,False,,0,0,False,2988.6,2,2,3700.0,1.32,13.4,18.9,6.6,2,1.0,4.019764139981686,1.791149865830885,False,False,False,6.6
161034287,10.5543,5429.0,0.897677,1,25.06,6.76463,4185.1467,4.2,2642.0,5.03,26.4,2,0.0,-6.6,27.0,3.2,1.0,0,,False,,0,0,True,1376.0,2,2,2638.0,1.48,15.7,64.1,6.6,2,1.0,3.3090478081807375,1.2692473011772816,False,False,False,6.6
393750352,12.4128,5740.0,0.923393,1,25.59,14.64,4269.1723,2.4,4533.0,6.78,10.8,2,3.0,0.0,10.6,3.8,2.0,0,,False,,0,0,False,2107.4,2,2,4636.0,1.2,10.6,4.9,6.6,2,1.0,4.361605397221599,0.5502561055910359,False,False,False,6.6
317798405,10.5505,5982.0,1.0333,1,26.04,10.91685,4269.202,3.6,1229.0,3.95,9.9,2,0.9,1.1,10.1,4.8,1.0,0,,False,,0,0,False,697.2,2,2,1402.0,1.12,11.1,1.8,6.6,2,1.0,4.263095169518489,0.8444568692109717,False,False,False,6.6
374644882,12.8335,3509.0,1.09464,1,24.09,12.08969,4158.0999,4.2,16595.0,15.38,34.2,2,26.9,4.8,32.8,2.3,1.0,0,,False,,0,0,False,4673.7,2,2,17283.0,1.78,26.2,704.2,6.6,2,1.0,4.583468225416949,0.916336667659114,False,False,False,6.6
158210088,13.465,3573.0,0.45335,2,53.29,20.51766,4184.8175,0.9,50880.0,11.16,13.9,2,0.0,-0.5,13.3,5.9,1.0,0,,False,,0,0,False,14814.2,2,2,49735.0,1.13,11.6,2.2,6.5,2,1.0,3.037665744206175,0.2962801294765875,False,False,False,6.5
124032430,11.8009,5603.0,0.918412,1,25.4,16.614,4268.925,6.3,1687.0,4.12,8.7,2,2.3,0.0,8.6,2.8,2.0,0,,False,,0,0,False,1529.4,2,2,2054.0,1.29,9.3,7.7,6.5,2,1.0,4.533059252021585,1.3897899078178653,False,False,False,6.5
301045623,11.7229,3975.0,0.922927,1,23.61,12.31418,4159.1848,7.2,13981.0,11.91,59.0,2,10.1,0.0,57.8,3.0,2.0,0,,False,,0,0,False,4129.5,2,2,11845.0,1.28,22.6,19.5,6.5,2,1.0,4.115807246054098,1.7493530599380658,False,False,False,6.5
148080282,11.9989,3975.0,0.926111,1,23.97,9.22179,4158.8379,4.2,2255.0,4.8,11.4,3,7.2,0.2,11.5,3.0,1.0,1,,False,,0,0,False,1995.2,3,3,3674.0,1.0,11.4,23.1,6.5,2,1.0,3.7461807840630605,1.121141835404092,False,False,False,6.5
321052818,10.8486,6013.0,1.04752,3,80.25,36.01724,4204.3273,3.15,1570.0,4.53,13.3,2,3.4,-4.0,13.5,3.8,1.0,0,,False,,0,0,False,842.5,2,2,1395.0,1.22,10.3,5.3,6.5,2,1.0,6.404520985129292,0.4918400622488411,False,False,False,6.5
96060868,12.6144,3917.0,1.1445,1,24.24,13.20979,4153.4715,4.5,4418.0,8.3,9.7,2,1.3,0.6,7.6,4.0,2.0,1,,False,,0,0,False,3310.9,2,2,5158.0,1.14,9.8,2.1,6.5,2,1.0,4.863147737751605,0.9253266079225674,False,False,False,6.5
89182824,12.5777,3485.0,0.599325,3,83.32,37.80979,4231.3923,4.2,6282.0,5.18,17.3,2,5.7,1.9,17.6,3.6,1.0,1,,False,,0,0,False,2857.9,2,2,6598.0,1.32,13.9,18.7,6.4,2,1.0,4.485917805245427,0.9362632536621378,False,False,False,6.4
270599758,13.1302,3303.0,0.605971,1,24.41,6.20513,4158.826,6.0,62602.0,16.54,37.1,3,16.9,-11.7,36.6,2.9,1.0,0,,False,,0,0,False,31710.6,3,3,64880.0,2.32,11.0,45.4,6.4,3,1.0,2.474152601247802,2.425072728729016,False,False,False,6.4
166701210,12.249,3627.0,0.656456,3,83.08,43.03006,4225.7754,2.1,4147.0,4.61,11.6,2,2.5,-0.5,10.2,3.3,2.0,3,,False,,0,0,False,1969.5,2,2,5068.0,1.23,10.7,6.2,6.4,2,1.0,4.976637709212003,0.421971644854275,False,False,False,6.4
299909191,12.6667,4123.0,0.771672,1,25.01,12.57285,4268.7633,3.0,4678.0,5.76,11.1,2,1.8,-0.5,9.8,3.4,1.0,0,,False,,0,0,False,2729.5,2,2,5285.0,1.24,10.2,6.4,6.4,2,1.0,3.6782510441265757,0.8156050155386741,False,False,False,6.4
69881452,10.0464,4474.0,0.773435,1,23.95,6.74086,4158.7444,4.8,9051.0,8.03,111.5,2,0.0,0.5,111.8,3.6,1.0,1,,False,,0,0,True,3375.3,2,2,8638.0,1.25,10.6,7.2,6.4,2,1.0,2.9926960513111185,1.6039049464769704,False,False,False,6.4
221625283,10.5784,4331.0,0.789755,1,24.34,3.77173,4154.7385,6.3,716.0,2.31,12.8,7,1.8,-3.5,13.1,3.3,1.0,0,,False,,0,0,False,948.1,6,7,411.0,4.15,8.5,8.9,6.4,4,0.8571428571428571,2.50063371422288,2.5193613779448887,False,False,False,6.4
51900944,11.9699,5009.85,0.80657,1,25.14,11.00278,4272.9031,6.3,6726.0,7.22,35.6,2,15.8,2.0,35.8,2.6,1.0,0,,False,,0,0,False,3506.2,2,2,5530.0,1.46,10.2,28.6,6.4,2,1.0,3.6235741004153255,1.7386149214605295,False,False,False,6.4
51926326,11.6722,5517.0,0.859837,1,25.14,12.18166,4268.9217,4.2,2438.0,4.63,9.4,2,2.2,-0.1,9.7,5.2,1.0,0,,False,,0,0,False,1674.5,2,2,3008.0,1.22,9.1,3.9,6.4,2,1.0,3.9119011461753863,1.073646762292622,False,False,False,6.4
167894019,12.4338,2821.0,0.186276,44,2662.78,69.41194,1327.0954,1.58,1300.0,0.73,7.4,15,3.1,0.1,8.0,5.8,2.0,0,,False,,0,0,False,2041.4,14,15,1299.0,4.07,7.6,4.9,6.4,8,0.9333333333333333,2.520331247660483,0.6269017223298118,False,False,False,6.4
158210088,13.465,3573.0,0.45335,2,53.29,18.21302,4184.8175,0.75,50548.0,11.12,13.9,2,1.4,-0.0,13.2,5.8,1.0,0,,False,,0,0,False,14814.2,2,2,50338.0,1.13,11.0,2.1,6.3,2,1.0,2.9193849326189842,0.25690342908195185,False,False,False,6.3
126851181,13.0431,3314.0,0.629303,1,24.08,11.0035,4163.8068,3.0,7678.0,6.02,8.7,2,0.2,-0.3,8.4,2.7,1.0,1,"00126851181-01(1:1,ntoi=1)",True,,0,0,False,5966.2,2,2,11281.0,1.08,10.7,0.6,6.3,2,1.0,3.0710845843836503,0.9768535895282361,False,False,False,6.3
352291795,12.5099,3656.0,0.632703,2,50.86,13.0325,4153.603,1.58,5369.0,5.06,8.9,2,2.8,0.4,8.8,4.1,1.0,0,,False,,0,0,False,2678.1,2,2,6465.0,1.19,11.0,4.4,6.3,2,1.0,3.261000016639866,0.48451395030289873,False,False,False,6.3
462138369,13.1435,3336.0,0.64754,1,24.21,9.03012,4155.1623,7.2,5512.0,5.25,10.8,3,3.9,-1.7,10.8,3.0,1.0,1,"00462138369-01(2:1,ntoi=1)",True,,0,0,False,6238.7,3,3,4853.0,1.73,9.7,9.6,6.3,3,1.0,2.930559444474553,2.4568687775896505,False,False,False,6.3
209453396,10.7832,4534.0,0.703426,1,25.15,6.10455,4213.545,3.15,1338.0,2.81,12.8,3,3.1,0.2,13.3,3.6,1.0,0,,False,,0,0,False,923.3,3,3,1232.0,1.92,9.5,6.3,6.3,3,1.0,2.7179311861483293,1.1589697399454655,False,False,False,6.3
69881452,10.0464,4474.0,0.773435,1,23.95,12.90498,4159.2944,6.0,8227.0,7.65,108.5,2,15.7,0.0,93.8,2.7,2.0,1,,False,,0,0,False,3375.3,2,2,7817.0,1.28,9.7,8.2,6.3,2,1.0,3.716007826999121,1.6146359962985672,False,False,False,6.3
278614633,12.6847,4652.0,0.778889,2,53.38,14.44092,4207.2302,4.2,8384.0,7.78,15.9,3,6.2,0.5,15.7,3.9,1.0,0,,False,,0,0,False,6843.8,3,3,10669.0,1.1,8.6,5.9,6.3,3,1.0,3.8760582497039313,1.0835750469748004,False,False,False,6.3
176776388,11.6866,5583.0,0.887182,1,25.15,13.77694,4211.9668,3.0,4176.0,6.25,16.5,2,0.5,0.1,16.1,4.2,2.0,0,,False,,0,0,True,1426.3,2,2,4203.0,1.14,8.9,1.6,6.3,2,1.0,4.161670553610564,0.7208643647674786,False,False,False,6.3
441054137,9.97452,5516.0,0.953376,1,25.79,9.0625,4264.9545,3.15,5024.0,7.37,42.1,3,2.8,-8.1,42.7,4.6,1.0,0,,False,,0,0,False,3603.1,3,3,6137.0,1.27,13.5,8.6,6.3,2,1.0,3.7972318111779,0.8295516725440238,False,False,False,6.3
166580485,12.541,3737.0,0.549779,2,53.11,20.46225,4184.8817,3.6,140442.0,22.48,94.1,2,0.0,-0.1,94.3,3.9,1.0,0,,False,,0,0,False,54440.5,2,2,152111.0,1.09,10.0,0.7,6.2,2,1.0,3.451317028035341,1.043080067915203,False,False,False,6.2
210844914,11.9214,3968.0,0.635126,1,24.25,11.65326,4153.6888,4.8,4951.0,4.88,9.7,2,0.0,1.6,9.8,3.0,1.0,0,,False,,0,0,False,4343.8,2,2,6041.0,1.03,10.1,0.1,6.2,2,1.0,3.1496626027874672,1.5239727568762367,False,False,False,6.2
92347272,12.8988,4283.0,0.664149,1,25.71,12.14984,4268.8184,2.25,9133.0,6.92,9.1,2,4.4,-1.4,8.5,3.0,1.0,0,,False,,0,0,False,5220.4,2,2,10876.0,1.31,8.6,6.7,6.2,2,1.0,3.2903504947459674,0.6838177281091484,False,False,False,6.2
95982740,11.4662,4412.0,0.68409,1,24.97,12.81534,4184.9027,4.8,3018.0,4.1,12.4,2,1.9,2.2,10.6,4.0,2.0,0,,False,,0,0,False,1435.9,2,2,4092.0,1.1,13.0,1.1,6.2,2,1.0,3.4160731846451484,1.4051221213806078,False,False,False,6.2
254119296,12.2506,4631.0,0.707531,1,25.07,11.47638,4183.3965,2.4,4494.0,5.17,10.0,2,2.9,1.5,10.3,3.0,1.0,1,,False,,0,0,False,3249.0,2,2,5676.0,1.21,9.3,4.1,6.2,2,1.0,3.367494661943436,0.7126960072491758,False,False,False,6.2
93159822,10.7912,5317.0,0.779771,1,24.13,3.02369,4155.1265,3.6,517.0,1.93,9.0,8,3.5,0.5,8.5,2.6,2.0,0,,False,,0,0,False,812.6,7,8,552.0,1.81,7.7,6.1,6.2,6,0.875,2.3033791691919645,1.5629211413173003,False,False,False,6.2
149008917,12.7667,3820.0,0.820315,1,23.95,10.14691,4158.7879,3.0,5892.0,6.87,11.3,2,3.0,-3.0,11.5,2.7,1.0,0,,False,,0,0,False,3687.1,2,2,7477.0,1.3,14.2,16.5,6.2,2,1.0,3.567029207665019,0.8410360065326751,False,False,False,6.2
59712928,13.0196,4447.0,0.831284,1,25.34,13.90332,4268.8484,1.58,8893.0,8.55,11.2,2,3.0,1.2,10.3,3.5,2.0,0,,False,,0,0,True,3660.3,2,2,10056.0,1.27,13.5,12.1,6.2,2,1.0,3.9971220978873774,0.3952843974506275,False,False,False,6.2
74648453,12.8122,5313.0,0.956323,1,25.06,6.61425,4185.1218,4.2,7734.0,9.18,16.0,2,0.0,-2.6,15.9,2.5,1.0,0,,False,,0,0,False,4376.9,2,2,8399.0,1.41,16.2,39.8,6.2,2,1.0,3.4258753981433894,1.225964027260343,False,False,False,6.2
317803863,11.277,5814.0,1.03234,1,26.04,12.32418,4267.0396,4.2,3418.0,6.58,21.3,2,12.8,0.8,21.4,2.1,1.0,0,,False,,0,0,False,1813.4,2,2,4843.0,1.68,16.1,194.4,6.2,2,1.0,4.43618322348252,0.9467598132033171,False,False,False,6.2
352291795,12.5099,3656.0,0.632703,2,50.86,23.84003,4177.3921,2.25,4650.0,4.71,8.7,2,0.0,1.7,8.9,4.1,1.0,0,,False,,0,0,False,2678.1,2,2,6453.0,1.44,8.9,18.1,6.1,2,1.0,3.988202080212086,0.5641639903764226,False,False,False,6.1
176776388,11.6866,5583.0,0.887182,1,25.15,11.37564,4214.3918,2.4,2990.0,5.29,14.1,2,6.8,2.6,13.6,3.1,1.0,0,,False,,0,0,False,1426.3,2,2,3867.0,1.51,11.8,48.0,6.1,2,1.0,3.9042898808370916,0.6147084548664282,False,False,False,6.1
176776388,11.6866,5583.0,0.887182,1,25.15,11.81829,4213.9418,2.4,2822.0,5.14,13.2,2,7.9,-3.8,13.0,2.9,1.0,0,,False,,0,0,False,1426.3,2,2,3898.0,1.53,14.2,72.3,6.1,2,1.0,3.954288236543634,0.60693602904825,False,False,False,6.1
161963773,12.6007,5975.0,1.15372,1,24.24,4.58252,4156.7269,6.3,4181.0,8.14,12.8,4,4.7,1.0,12.5,2.6,0.5,0,,False,,0,0,True,5760.1,4,4,4150.0,1.82,9.3,7.1,6.1,3,1.0,3.435395147767686,1.8338501770585924,False,False,False,6.1
25132999,10.8124,3945.0,0.606897,42,2720.36,103.40986,1389.6975,2.25,814.0,1.89,10.5,6,11.2,-0.7,14.4,4.4,2.0,52,,False,,0,0,False,799.3,5,6,969.0,2.42,10.5,26.3,6.1,3,0.8333333333333334,6.326142025949697,0.35566700696420483,False,False,False,6.1
126851181,13.0431,3314.0,0.629303,1,24.08,11.04609,4163.7787,3.15,7523.0,5.96,8.7,2,0.4,-0.2,9.0,3.1,1.0,1,,False,,0,0,False,5966.2,2,2,10424.0,1.04,9.8,0.2,6.0,2,1.0,3.0750417828523227,1.024376324759447,False,False,False,6.0
1529697,12.2845,3899.0,0.680742,2,54.27,15.03209,4250.243,4.2,3291.0,4.26,9.7,2,0.9,-2.1,10.0,5.4,1.0,0,,False,,0,0,False,1922.5,2,2,3598.0,1.06,9.6,0.3,6.0,2,1.0,3.5908983709771456,1.169623744839403,False,False,False,6.0
351521478,13.3337,3679.0,0.790875,1,24.25,1.1157,4153.576,0.5,94158.0,26.48,47.6,20,3.6,-5.7,46.3,4.8,1.0,0,,False,,0,0,False,97377.7,20,20,91482.0,2.17,6.5,0.7,6.0,3,1.0,1.6677438072930362,0.29980623991137145,False,False,False,6.0
172742618,11.9233,4508.0,0.80114,1,24.78,9.55671,4271.5332,4.5,2795.0,4.62,13.0,3,5.5,-3.3,13.4,2.4,1.0,0,,False,,0,0,False,1974.5,3,3,2955.0,1.6,12.7,29.4,6.0,3,1.0,3.441782118500536,1.3074621940218845,False,False,False,6.0
160818175,12.4949,3841.0,0.810489,1,24.1,9.52488,4153.3632,3.6,7665.0,7.74,13.0,3,3.4,-1.3,13.0,3.2,1.0,0,,False,,0,0,False,6340.5,3,3,6798.0,2.42,16.2,31.2,6.0,3,1.0,3.4646514334865004,1.0390655652125147,False,False,False,6.0
333646797,12.551,3790.0,0.818754,1,24.1,11.34345,4158.9321,7.2,4084.0,5.71,10.9,2,2.6,-1.9,10.9,4.1,1.0,0,,False,,0,0,False,3166.7,2,2,4642.0,1.23,9.1,4.7,6.0,2,1.0,3.697364816340189,1.9473328593868295,False,False,False,6.0
246894471,10.8196,5781.0,0.878531,1,25.79,0.67779,4265.0383,1.2,7088.0,8.07,48.1,31,7.1,36.6,43.9,3.0,1.0,0,,False,,0,0,False,16818.5,27,31,7751.0,2.11,6.5,1.2,6.0,9,0.8709677419354839,1.5149957231887474,0.7920814439490643,False,False,False,6.0
183531341,11.8021,4901.0,0.884043,2,55.24,23.60526,4245.2759,1.12,4531.0,6.49,9.5,2,1.9,1.8,9.4,4.2,1.0,0,,False,,0,0,False,1616.7,2,2,4200.0,1.08,10.7,0.6,6.0,2,1.0,4.968136084087154,0.22543665894888407,False,False,False,6.0
245849815,11.5347,5672.0,0.932257,1,25.21,12.55208,4185.0942,6.3,1763.0,4.27,7.8,2,0.3,1.3,8.0,5.0,1.0,0,,False,,0,0,False,1718.0,2,2,2009.0,1.04,9.1,0.1,6.0,2,1.0,4.170011911727553,1.510787051298862,False,False,False,6.0
281851169,10.4188,5879.0,1.00695,3,79.04,13.89477,4165.4129,3.0,11141.0,11.6,49.7,2,11.8,-3.3,49.7,4.5,1.0,0,,False,,0,0,True,1974.3,2,2,9872.0,1.36,13.8,24.4,6.0,2,1.0,4.541130880647377,0.6606283938621748,False,False,False,6.0
216257126,11.6113,4163.0,1.04467,1,25.22,13.54912,4185.0635,0.62,5110.0,8.15,8.4,2,0.0,0.0,7.9,4.8,2.0,0,,False,,0,0,True,1657.1,2,2,5093.0,1.03,10.4,0.1,6.0,2,1.0,4.614925975114067,0.13434668363985522,False,False,False,6.0
408931392,13.0964,4150.0,1.04857,1,25.7,11.22018,4268.9211,3.15,7500.0,9.91,8.4,2,0.1,-0.7,8.5,5.0,1.0,0,,False,,0,0,False,3493.9,2,2,8407.0,1.19,8.6,2.6,6.0,2,1.0,4.344500526818673,0.7250545788992309,False,False,False,6.0
27974206,13.4367,3416.0,0.428021,1,25.71,5.19753,4268.166,6.3,3205.0,2.64,8.3,4,3.6,6.1,8.4,2.9,0.5,0,,False,,0,0,False,4493.8,4,4,3622.0,1.34,8.9,4.1,5.9,4,1.0,1.849768362241767,3.4058318482455383,False,False,False,5.9
149236934,13.1093,3329.0,0.593164,1,23.76,9.63251,4160.2364,7.2,9069.0,6.16,14.3,2,7.4,-4.6,14.6,2.9,1.0,1,,False,,0,0,False,6281.8,2,2,9683.0,1.5,13.1,51.7,5.9,2,1.0,2.8242597734924884,2.5493405626411123,False,False,False,5.9
149236934,13.1093,3329.0,0.593164,1,23.76,9.62707,4160.2364,7.2,9007.0,6.14,14.3,2,7.3,-4.4,14.3,2.8,1.0,1,,False,,0,0,False,6281.8,2,2,9580.0,1.49,13.1,50.4,5.9,2,1.0,2.8237280025638034,2.549820660298287,False,False,False,5.9
334129021,12.0695,3633.0,0.702483,1,24.1,11.23366,4153.8601,3.15,4576.0,5.18,12.5,2,0.0,2.4,13.4,4.3,1.0,2,,False,,0,0,False,3149.0,2,2,4658.0,1.18,8.6,2.6,5.9,2,1.0,3.327662441863898,0.9466104375164972,False,False,False,5.9
80426928,12.4711,4930.0,0.741978,4,106.56,41.30519,4180.1036,3.0,11508.0,8.68,17.9,2,8.1,-0.2,18.1,4.4,1.0,0,,False,,0,0,False,4343.2,2,2,12069.0,1.35,14.7,22.5,5.9,2,1.0,5.326850656114656,0.5631845519371413,False,False,False,5.9
179051832,10.8369,5352.0,0.756067,1,23.82,8.85067,4160.2384,2.1,1221.0,2.88,7.3,2,1.0,0.3,7.2,2.8,1.0,0,,False,,0,0,False,886.2,2,2,1391.0,1.05,8.5,0.2,5.9,2,1.0,3.2278043212864427,0.6505970594782041,False,False,False,5.9
351521478,13.3337,3679.0,0.790875,1,24.25,1.16093,4154.0135,0.5,97979.0,27.01,48.3,19,0.0,7.7,47.0,4.9,1.0,0,,False,,0,0,False,97377.7,19,19,111802.0,1.78,6.4,0.7,5.9,4,1.0,1.689982485378688,0.2958610543753422,False,False,False,5.9
246802048,12.0773,5100.0,0.803287,1,25.07,6.73742,4184.8143,0.75,5254.0,6.35,8.2,2,0.0,1.5,8.7,3.9,1.0,0,,False,,0,0,True,2245.3,2,2,6179.0,1.26,10.2,7.7,5.9,2,1.0,3.0686921820933626,0.24440379011503666,False,False,False,5.9
76673558,11.8835,5964.0,1.02354,1,25.04,0.55548,4179.6539,0.5,4680.0,7.64,19.6,40,0.1,17.0,19.4,4.9,1.0,0,,False,,0,0,False,7197.1,36,40,4538.0,2.33,6.2,1.0,5.9,7,0.9,1.5697638228987885,0.31851925283682486,False,False,False,5.9
161963773,12.6007,5975.0,1.15372,1,24.24,4.5937,4156.7269,6.3,4147.0,8.11,12.7,4,4.8,0.9,13.4,3.0,1.0,0,,False,,0,0,True,5760.1,4,4,4138.0,1.83,9.1,7.4,5.9,3,1.0,3.438186663171835,1.8323612465496717,False,False,False,5.9
33714944,12.3141,3396.0,0.40182,34,2720.36,103.49627,1387.6819,3.15,2257.0,2.08,13.4,6,12.7,-0.5,17.4,4.1,2.0,20,,False,,0,0,False,1971.7,6,6,1532.0,5.35,11.7,44.2,5.9,4,1.0,4.806964257832026,0.6552992348274026,False,False,False,5.9
166580485,12.541,3737.0,0.549779,2,53.11,6.82155,4184.8505,4.2,72135.0,16.11,78.0,5,13.5,-1.1,81.8,3.0,1.0,0,,False,,0,0,True,54440.5,5,5,76639.0,1.53,7.6,7.9,5.8,4,1.0,2.3931031271121874,1.75504346319928,False,False,False,5.8
327221844,11.3572,3907.0,0.582047,1,25.38,11.95281,4191.1002,2.4,8341.0,5.8,18.4,2,0.0,2.0,18.1,3.5,1.0,0,,False,,0,0,False,4069.8,2,2,9851.0,1.11,11.2,1.3,5.8,2,1.0,2.9968867812358067,0.8008310540881787,False,False,False,5.8
149236934,13.1093,3329.0,0.593164,1,23.76,11.50516,4158.3427,6.3,9508.0,6.31,14.6,2,6.7,1.2,15.1,3.1,1.0,1,,False,,0,0,False,6281.8,2,2,10172.0,1.42,13.5,33.0,5.8,2,1.0,2.996555816837322,2.102413699288024,False,False,False,5.8
6665299,11.8466,3774.0,0.619004,1,24.88,8.48087,4184.8053,1.58,2867.0,3.62,7.7,2,0.0,0.4,7.7,4.6,1.0,0,,False,,0,0,False,1604.6,2,2,3018.0,1.19,9.6,3.4,5.8,2,1.0,2.7849499825553194,0.5673351442205355,False,False,False,5.8
269527384,12.4599,4651.0,0.672414,1,26.12,12.66003,4219.231,2.25,142515.0,27.69,45.6,2,0.0,-8.0,43.6,5.2,1.0,0,,False,,0,0,False,35142.4,2,2,138528.0,1.06,10.3,0.3,5.8,2,1.0,3.3633936792760535,0.668967184502855,False,False,False,5.8
316475124,12.9698,4217.0,0.690966,1,25.2,9.95546,4182.2045,6.3,5935.0,5.81,8.2,2,0.0,2.4,8.5,3.7,1.0,0,,False,,0,0,False,6432.3,2,2,7284.0,1.15,9.8,2.3,5.8,2,1.0,3.1613059093156712,1.9928473171278014,False,False,False,5.8
142868983,11.959,3760.0,0.69716,2,52.9,25.60321,4225.767,2.1,3016.0,4.18,10.0,2,2.1,-2.7,10.0,3.7,1.0,2,"00142868983-01(1:2,ntoi=1)",True,,0,0,False,1718.6,2,2,3413.0,1.13,8.8,1.3,5.8,2,1.0,4.357072043256185,0.4819750463503009,False,False,False,5.8
60117588,12.7536,4850.0,0.795716,1,25.04,10.95386,4268.7896,4.2,7854.0,7.69,14.2,2,0.0,0.1,14.3,3.1,1.0,0,,False,,0,0,False,3496.2,2,2,7798.0,1.11,16.4,1.6,5.8,2,1.0,3.585662560314118,1.1713316379754553,False,False,False,5.8
160378544,12.368,4331.0,0.828328,1,24.22,14.54234,4269.1871,1.58,10092.0,9.08,16.5,2,1.3,0.0,16.8,3.4,2.0,0,,False,,0,0,False,2464.8,2,2,9719.0,1.11,16.6,1.6,5.8,2,1.0,4.047820884808366,0.3903334769405937,False,False,False,5.8
469440463,12.2023,5162.0,0.855662,1,25.38,11.677,4185.1502,3.6,8362.0,8.54,10.7,2,1.8,3.8,11.2,2.8,1.0,0,,False,,0,0,False,5519.9,2,2,7341.0,1.16,8.2,1.8,5.8,2,1.0,3.844621152284379,0.9363731450785389,False,False,False,5.8
59890559,11.9953,5485.0,0.914904,1,25.1,10.18458,4268.8715,3.6,2478.0,4.97,7.9,2,0.0,0.4,7.9,3.8,1.0,0,,False,,0,0,False,1682.1,2,2,2508.0,1.08,8.6,0.5,5.8,2,1.0,3.8409591316184293,0.9372658954804087,False,False,False,5.8
155951591,12.0108,5955.0,0.959323,4,106.58,39.50525,4153.6749,1.12,7121.0,8.83,15.0,3,6.1,-0.6,14.6,4.9,1.0,0,,False,,0,0,False,1731.7,2,3,4562.0,2.33,8.9,19.4,5.8,2,0.6666666666666666,6.228782078042116,0.17981043259616625,False,False,False,5.8
209453616,10.8664,5572.0,0.986554,1,25.15,14.2678,4211.8387,1.8,2467.0,5.35,14.1,2,7.0,0.0,13.8,3.1,2.0,0,,False,,0,0,False,1636.8,2,2,3409.0,1.34,11.4,16.5,5.8,2,1.0,4.519335046907013,0.3982886821440472,False,False,False,5.8
317803863,11.277,5814.0,1.03234,1,26.04,14.98221,4268.9208,6.3,3659.0,6.81,25.5,2,1.0,0.0,26.1,3.1,2.0,0,,False,,0,0,False,1813.4,2,2,3231.0,1.23,11.5,6.5,5.8,2,1.0,4.734586886503759,1.3306335169301784,False,False,False,5.8
317803863,11.277,5814.0,1.03234,1,26.04,11.3321,4272.5583,4.5,3107.0,6.28,21.9,2,10.5,1.5,22.0,2.2,1.0,0,,False,,0,0,False,1813.4,2,2,2327.0,1.39,7.7,9.1,5.8,2,1.0,4.31380255778336,1.043163181374791,False,False,False,5.8
254580826,13.097,3422.0,0.60545,1,24.1,2.28629,4153.6819,4.5,2771.0,3.48,7.7,9,0.0,-3.2,6.5,3.1,0.5,0,,False,,0,0,False,5185.1,9,9,1905.0,2.43,7.4,2.4,5.7,6,1.0,1.7727095675099829,2.538486891747798,False,False,False,5.7
23205270,13.2772,4107.0,0.687572,1,24.91,9.28172,4187.7803,0.75,19942.0,10.59,9.1,2,1.1,0.6,9.1,3.3,1.0,1,,False,,0,0,False,7026.1,2,2,20815.0,1.17,9.7,2.8,5.7,2,1.0,3.0781981305472206,0.24364903368538862,False,False,False,5.7
48178703,12.805,4808.0,0.750072,1,25.14,1.90615,4267.0213,2.4,2331.0,3.95,7.8,11,2.0,-4.2,7.8,3.0,1.0,1,,False,,0,0,False,3794.1,10,11,2390.0,3.3,6.7,3.0,5.7,6,0.9090909090909091,1.924550394475179,1.2470445081041772,False,False,False,5.7
33937286,13.4699,4439.0,0.75587,1,25.89,7.3284,4269.1782,2.4,7509.0,7.15,7.8,2,0.0,-0.7,7.9,4.5,1.0,0,,False,,0,0,False,4752.0,2,2,9153.0,1.34,9.4,11.3,5.7,2,1.0,3.030466042294829,0.7919573974775818,False,False,False,5.7
49705466,12.5814,5155.0,0.787078,1,24.93,9.62214,4269.0063,7.2,4333.0,5.65,12.0,2,0.0,-7.2,12.4,2.7,1.0,0,,False,,0,0,False,2988.6,2,2,6008.0,1.22,13.0,3.8,5.7,2,1.0,3.4091336972585884,2.111973492207064,False,False,False,5.7
118583386,12.7869,5389.0,0.823032,1,24.93,13.10246,4184.823,2.25,4544.0,6.05,7.5,2,0.5,-2.9,7.1,5.0,2.0,0,,False,,0,0,False,2648.1,2,2,5015.0,1.01,8.6,0.0,5.7,2,1.0,3.892874374515184,0.5779790929626938,False,False,False,5.7
276216463,12.4145,3755.0,0.894851,1,24.06,13.08807,4157.1101,6.0,3784.0,6.01,12.4,2,3.5,2.1,10.7,2.8,2.0,1,,False,,0,0,False,2852.5,2,2,4054.0,1.22,9.6,4.5,5.7,2,1.0,4.114660261005975,1.4582005850789457,False,False,False,5.7
276216463,12.4145,3755.0,0.894851,1,24.06,11.08859,4159.0851,7.2,3483.0,5.76,11.5,2,3.8,-0.9,12.0,3.4,1.0,1,,False,,0,0,False,2852.5,2,2,4146.0,1.3,9.1,8.1,5.7,2,1.0,3.8934465869471335,1.849261275122705,False,False,False,5.7
335642162,12.0486,3981.0,0.927695,1,24.04,10.97152,4155.3294,4.8,2875.0,5.43,11.0,2,0.0,-3.0,10.8,3.2,1.0,0,,False,,0,0,False,2132.1,2,2,3564.0,1.45,14.4,42.0,5.7,2,1.0,3.974056503488211,1.2078338583728794,False,False,False,5.7
120127143,10.3903,5872.0,0.930801,2,51.11,24.23232,4173.9968,6.3,2031.0,4.58,17.3,2,4.3,0.6,17.3,3.4,1.0,0,,False,,0,0,False,1624.1,2,2,2175.0,1.31,7.9,6.2,5.7,2,1.0,5.186939549967965,1.2145890537781396,False,False,False,5.7
51833542,10.689,6118.0,1.14969,1,25.14,10.38436,4273.0781,2.1,2047.0,5.68,10.5,2,2.3,-0.4,10.4,3.6,1.0,0,,False,,0,0,False,758.5,2,2,1864.0,1.12,8.2,1.0,5.7,2,1.0,4.5018260353492545,0.46647737684894364,False,False,False,5.7
382160308,10.8244,3767.0,0.617725,34,2662.73,102.44821,1365.8929,3.15,704.0,1.79,9.4,7,6.1,2.5,16.6,6.6,2.0,17,,False,,0,0,False,756.7,6,7,662.0,5.45,10.3,27.6,5.7,5,0.8571428571428571,6.381261434422419,0.4936328079285334,False,False,False,5.7
322736687,10.426,3224.0,0.282965,2,52.93,3.01997,4208.5713,4.8,240.0,0.48,7.5,15,0.9,-0.9,7.9,3.1,0.5,0,,False,,0,0,False,703.3,12,15,166.0,3.92,6.3,2.5,5.6,4,0.8,1.1713795851464908,4.097732332768732,False,False,False,5.6
339765069,12.9128,3387.0,0.432179,1,25.06,6.00911,4185.0604,1.05,18587.0,6.43,14.1,3,5.9,-4.6,14.3,3.7,1.0,0,,False,,0,0,False,8175.8,3,3,28445.0,1.05,12.7,16.1,5.6,2,1.0,1.9539830207046527,0.5373639324774404,False,False,False,5.6
34195550,13.3741,3587.0,0.508388,1,25.7,4.84276,4269.2113,7.2,3718.0,3.38,7.8,4,0.6,-0.2,8.0,3.7,1.0,0,,False,,0,0,False,5147.2,4,4,3733.0,1.74,8.6,6.2,5.6,4,1.0,2.026295609846218,3.5532821395918783,False,False,False,5.6
250272453,13.3094,3299.0,0.559715,1,24.1,2.45196,4154.7319,7.2,2838.0,3.25,7.3,8,1.0,-2.8,6.9,3.5,1.0,0,,False,,0,0,False,6932.9,8,8,2465.0,1.53,6.5,1.0,5.6,5,1.0,1.7219639362726722,4.181272237085855,False,False,False,5.6
1167773216,13.3033,3391.0,0.732401,1,23.63,11.39921,4155.3974,4.2,7422.0,6.88,9.2,2,0.1,-3.1,9.4,2.8,1.0,0,,False,,0,0,False,6204.4,2,2,7298.0,1.11,8.9,1.0,5.6,2,1.0,3.4382107820331123,1.2215655950902522,False,False,False,5.6
179051832,10.8369,5352.0,0.756067,1,23.82,9.5673,4160.2197,1.2,1749.0,3.45,7.8,2,0.7,1.4,7.7,3.3,1.0,0,,False,,0,0,False,886.2,2,2,1637.0,1.07,8.0,0.3,5.6,2,1.0,3.3126708033751746,0.3622454723775626,False,False,False,5.6
215402812,11.5566,5402.0,0.790136,2,52.71,25.61236,4186.9433,0.75,2698.0,4.48,7.1,2,1.6,0.6,7.0,4.2,1.0,0,,False,,0,0,False,1300.6,2,2,2880.0,1.31,7.9,5.8,5.6,2,1.0,4.736883744946016,0.15833194150061358,False,False,False,5.6
293103214,12.8235,4680.0,0.840305,1,24.25,4.42853,4153.2635,4.8,6705.0,7.51,10.5,6,3.4,1.8,10.6,2.9,1.0,0,,False,,0,0,False,13404.6,5,6,8808.0,1.35,7.4,5.0,5.6,5,0.8333333333333334,2.749494083644863,1.7457757150860593,False,False,False,5.6
134024327,12.4343,3751.0,0.852233,1,24.09,11.40452,4153.3537,3.15,4057.0,5.92,8.2,2,0.0,0.1,8.3,3.9,1.0,0,,False,,0,0,False,3098.1,2,2,4349.0,1.15,9.3,1.9,5.6,2,1.0,3.8042834007670243,0.8280140221322347,False,False,False,5.6
59890559,11.9953,5485.0,0.914904,1,25.1,14.67903,4268.8434,2.25,2728.0,5.21,8.0,2,0.8,-1.4,7.4,3.4,2.0,0,,False,,0,0,False,1682.1,2,2,2799.0,1.18,7.9,2.1,5.6,2,1.0,4.338681442829449,0.5185907353762008,False,False,False,5.6
182229791,12.9672,5862.0,1.03388,1,25.06,8.59668,4180.7633,3.6,6315.0,8.96,9.7,3,3.5,0.2,9.8,3.3,1.0,0,,False,,0,0,False,5728.5,3,3,5704.0,2.75,9.4,22.6,5.6,3,1.0,3.9382078827020983,0.9141213737884132,False,False,False,5.6
246753441,11.2368,5536.0,1.04513,1,24.99,6.80641,4185.0456,2.1,4241.0,7.43,12.9,2,0.0,-0.4,12.8,4.7,1.0,0,,False,,0,0,True,1595.0,2,2,4164.0,1.09,11.4,0.9,5.6,2,1.0,3.6696772729209353,0.5722574068014633,False,False,False,5.6
381949410,11.0382,3543.0,0.58803,41,2634.76,93.07519,1429.823,4.2,1761.0,2.69,30.9,9,49.4,-0.2,57.7,5.0,2.0,60,"00381949410-05(1:1,ntoi=5)",True,,0,0,False,1164.8,5,9,348.0,50.83,18.5,418.0,5.6,5,0.5555555555555556,5.980707922132897,0.7022580026784114,False,False,False,5.6
372848247,12.2458,3316.0,0.275039,28,2691.55,104.5012,1411.7127,3.15,1576.0,1.19,7.8,5,5.7,0.7,10.1,4.4,2.0,0,,False,,0,0,False,1634.7,5,5,1121.0,4.46,11.0,21.4,5.6,3,1.0,3.7455152823957047,0.841005779579999,False,False,False,5.6
339765069,12.9128,3387.0,0.432179,1,25.06,6.90571,4184.8161,0.62,36730.0,9.04,17.3,2,0.0,-0.7,16.8,5.0,1.0,0,,False,,0,0,True,8175.8,2,2,36323.0,1.13,9.5,1.2,5.5,2,1.0,2.046696811773821,0.30292713431388085,False,False,False,5.5
96373171,11.9523,3715.0,0.553009,1,25.07,9.60372,4188.0875,7.2,3083.0,3.35,10.6,2,1.9,0.7,11.0,2.2,1.0,0,,False,,0,0,False,3222.3,2,2,3617.0,1.33,10.6,13.3,5.5,2,1.0,2.692627374774359,2.6739682094346073,False,False,False,5.5
160629127,13.4213,3264.0,0.579772,1,24.08,10.6423,4160.3195,4.2,15135.0,7.78,14.2,2,3.0,-1.5,14.3,3.4,1.0,1,,False,,0,0,False,8036.3,2,2,15432.0,1.21,13.7,6.0,5.5,2,1.0,2.875576669217306,1.460576601890147,False,False,False,5.5
380825752,12.5924,4924.0,0.702559,2,55.15,26.21992,4238.111,4.2,4716.0,5.26,7.8,2,0.0,0.5,7.9,5.3,1.0,0,,False,,0,0,False,3366.6,2,2,5471.0,1.3,9.3,8.2,5.5,2,1.0,4.414423033360391,0.9514267138106233,False,False,False,5.5
1167773216,13.3033,3391.0,0.732401,1,23.63,8.68354,4162.2881,3.15,9068.0,7.61,9.5,2,0.0,1.3,9.6,2.9,1.0,0,,False,,0,0,False,6204.4,2,2,11277.0,1.19,8.7,2.8,5.5,2,1.0,3.140073758249439,1.0031611492323973,False,False,False,5.5
364071860,11.8864,4722.0,0.751965,2,51.12,19.38492,4159.1385,4.2,4295.0,5.38,12.8,2,0.0,-0.0,12.8,4.7,1.0,0,,False,,0,0,False,3233.3,2,2,4825.0,1.02,9.7,0.0,5.5,2,1.0,4.176649677049329,1.0055906826658174,False,False,False,5.5
143361902,11.696,5033.0,0.762959,1,25.77,13.65991,4211.9688,3.15,3456.0,4.89,8.6,2,1.5,0.9,8.8,4.5,2.0,0,,False,,0,0,True,1556.5,2,2,3683.0,1.18,10.2,3.2,5.5,2,1.0,3.7528255231722074,0.8393675593362923,False,False,False,5.5
160818175,12.4949,3841.0,0.810489,1,24.1,11.80046,4153.3914,2.25,12598.0,9.92,14.2,2,0.0,1.2,14.9,4.2,1.0,0,,False,,0,0,False,6340.5,2,2,14042.0,1.35,12.9,18.8,5.5,2,1.0,3.7211115531800187,0.6046580350640594,False,False,False,5.5
404032060,10.6146,5535.0,0.861714,2,53.34,24.21135,4197.7405,4.2,1713.0,3.89,13.4,2,2.1,0.1,14.1,3.3,1.0,0,,False,,0,0,False,1540.5,2,2,1673.0,1.15,8.3,1.7,5.5,2,1.0,4.925572643927823,0.8526927331338218,False,False,False,5.5
34436546,12.9925,5263.0,0.899951,1,26.03,11.2104,4268.1739,4.2,6073.0,7.65,13.6,3,12.4,0.2,13.6,3.2,1.0,0,,False,,0,0,False,3791.4,3,3,5450.0,2.7,14.1,88.5,5.5,3,1.0,3.922484531538077,1.070749920421765,False,False,False,5.5
48178704,12.5977,4607.0,0.907479,1,25.14,1.90685,4267.0088,2.4,1988.0,4.41,8.0,11,2.1,-4.3,8.0,3.0,1.0,1,,False,,0,0,False,3129.0,9,11,2288.0,1.49,6.5,3.3,5.5,5,0.8181818181818182,2.1854365073051616,1.0981787812080683,False,False,False,5.5
172623939,10.4393,5199.0,0.911958,1,25.14,11.96043,4269.2089,3.6,1036.0,3.2,9.8,2,2.2,-1.2,9.9,4.3,1.0,0,,False,,0,0,False,778.1,2,2,1000.0,1.05,8.2,0.2,5.5,2,1.0,4.043652100158683,0.8902843050861688,False,False,False,5.5
122557588,11.5117,5692.0,0.966593,3,80.25,23.07757,4180.009,1.2,7764.0,9.29,21.3,3,3.7,0.7,21.5,4.7,1.0,0,,False,,0,0,False,3088.5,3,3,8916.0,1.15,8.6,6.6,5.5,3,1.0,5.233201013151551,0.2293051608345029,False,False,False,5.5
34930271,12.5864,5099.0,1.09571,1,25.91,2.90301,4266.6975,4.2,5917.0,9.2,17.2,8,4.7,-0.7,18.0,2.9,1.0,0,,False,,0,0,False,13686.7,7,8,5501.0,2.77,7.3,2.9,5.5,4,0.875,2.8507221365376747,1.4733109011813694,False,False,False,5.5
161963773,12.6007,5975.0,1.15372,1,24.24,10.76793,4156.7081,3.6,7810.0,11.12,13.0,2,4.5,2.1,13.5,3.1,1.0,0,,False,,0,0,False,5760.1,2,2,8938.0,1.36,9.5,13.4,5.5,2,1.0,4.56722754696381,0.7882243577710943,False,False,False,5.5
31962067,10.6648,3822.0,0.564734,19,1951.8,80.53569,2115.0708,3.15,1169.0,2.11,7.4,3,5.3,0.2,11.9,4.7,2.0,2,,False,,0,0,False,1103.7,3,3,1696.0,1.67,10.4,28.4,5.5,2,1.0,5.547539189542625,0.5678193325678347,False,False,False,5.5
278725797,12.2915,3636.0,0.632589,31,2009.38,91.37188,2058.3172,2.1,4881.0,4.82,22.9,6,24.3,5.4,26.1,4.8,2.0,36,"00278725797-06(2:1,ntoi=6);00278725797-01(3:1,ntoi=6)",True,,0,0,False,2215.8,6,6,1278.0,12.93,14.5,115.4,5.5,3,1.0,6.240608018374108,0.33650567281537447,False,False,False,5.5
333646803,13.3042,3382.0,0.600092,1,24.1,8.186,4153.8321,4.2,5753.0,4.97,8.7,3,4.0,-1.1,8.9,2.8,1.0,0,,False,,0,0,False,6020.3,3,3,7930.0,1.07,8.4,9.6,5.4,2,1.0,2.6959433712308476,1.5578962246831125,False,False,False,5.4
166701210,12.249,3627.0,0.656456,3,83.08,37.29384,4231.491,3.15,3131.0,4.01,10.7,2,2.8,1.8,10.8,3.8,1.0,3,,False,,0,0,False,1969.5,2,2,3872.0,1.23,8.9,4.3,5.4,2,1.0,4.744871002303653,0.6638747393702933,False,False,False,5.4
1529697,12.2845,3899.0,0.680742,2,54.27,13.77775,4239.0023,3.15,1872.0,3.21,7.6,3,3.5,0.4,7.5,3.2,1.0,0,,False,,0,0,True,1922.5,3,3,1956.0,1.9,9.3,8.2,5.4,3,1.0,3.4881039975461503,0.9030694045292218,False,False,False,5.4
405951240,10.8539,4953.0,0.759902,1,25.04,6.72912,4184.7712,1.5,1935.0,3.65,7.7,2,0.0,0.2,8.0,3.9,1.0,0,,False,,0,0,True,1137.3,2,2,1814.0,1.19,7.5,2.1,5.4,2,1.0,2.955966061237823,0.5074483160242608,False,False,False,5.4
313847487,10.7485,4915.0,0.778561,1,25.17,10.79558,4187.4435,1.8,1638.0,3.44,7.8,2,1.2,-3.0,7.6,3.0,1.0,0,,False,,0,0,False,1133.9,2,2,1637.0,1.01,7.9,0.0,5.4,2,1.0,3.5168354683642504,0.511823773444032,False,False,False,5.4
33875445,12.5095,5322.0,0.787127,1,26.04,10.88894,4268.7705,6.3,2552.0,4.34,8.7,3,4.3,-0.6,8.8,2.9,1.0,0,,False,,0,0,False,2749.2,3,3,2716.0,1.25,9.5,8.7,5.4,2,1.0,3.552766803062938,1.773265837366133,False,False,False,5.4
217017762,12.4356,4801.0,0.82728,2,51.65,22.50053,4152.9134,2.1,6188.0,7.1,7.9,3,4.8,-0.2,7.5,4.5,1.0,0,,False,,0,0,False,4831.9,3,3,9726.0,1.24,10.7,14.9,5.4,2,1.0,4.67779185604599,0.4489297652878196,False,False,False,5.4
246894471,10.8196,5781.0,0.878531,1,25.79,4.07562,4267.5003,0.62,23250.0,14.61,45.3,5,5.1,4.7,45.1,3.3,1.0,0,,False,,0,0,False,16818.5,5,5,25705.0,1.17,6.4,0.8,5.4,5,1.0,2.7549322058086223,0.22505091003428843,False,False,False,5.4
124032430,11.8009,5603.0,0.918412,1,25.4,7.42918,4268.8875,2.25,3463.0,5.9,8.9,2,0.0,0.7,8.9,3.1,1.0,0,,False,,0,0,False,1529.4,2,2,3592.0,1.04,8.3,0.1,5.4,2,1.0,3.466412861407563,0.649085983106574,False,False,False,5.4
173036880,13.0037,4248.0,1.05925,1,24.6,8.64087,4269.2909,4.8,4952.0,8.13,9.1,2,0.0,1.3,9.1,4.2,1.0,0,,False,,0,0,False,4489.6,2,2,5530.0,1.11,8.7,1.0,5.4,2,1.0,4.009218874446058,1.19724069708297,False,False,False,5.4
408909092,11.7636,5332.0,1.14923,1,26.04,9.17887,4268.7706,4.5,1905.0,5.47,10.5,2,0.0,2.1,10.7,2.8,1.0,0,,False,,0,0,False,1460.8,2,2,2296.0,1.45,11.8,32.1,5.4,2,1.0,4.319259893305996,1.0418451566144735,False,False,False,5.4
121554340,11.1863,4208.0,1.18211,1,24.03,15.52898,4159.1396,2.25,3776.0,7.93,17.7,2,2.7,3.5,16.6,3.3,2.0,1,,False,,0,0,False,1371.8,2,2,2960.0,1.2,10.2,3.8,5.4,2,1.0,5.244384579469941,0.42903032108057404,False,False,False,5.4
272550631,11.4631,3550.0,0.620792,25,2577.39,62.74353,1514.5095,3.15,866.0,1.99,9.4,7,9.4,-0.4,15.9,4.4,2.0,27,,False,,0,0,False,1154.2,6,7,637.0,8.05,8.9,27.3,5.4,4,0.8571428571428571,5.437033614591762,0.5793600377136011,False,False,False,5.4
98672442,12.4363,3772.0,0.552628,1,25.79,11.67047,4268.8383,6.0,2620.0,3.09,10.4,2,2.1,2.7,10.7,3.1,1.0,0,,False,,0,0,False,2291.2,2,2,2990.0,1.32,11.3,13.2,5.3,2,1.0,2.8720566366772955,2.089095292682475,False,False,False,5.3
346831157,13.474,3848.0,0.584259,1,25.22,12.53467,4185.3877,4.2,22547.0,9.57,10.9,2,3.5,0.6,11.6,3.3,1.0,0,,False,,0,0,False,19883.2,2,2,27445.0,1.26,7.6,3.9,5.3,2,1.0,3.0524568704311044,1.3759408169481608,False,False,False,5.3
147352381,12.6055,3809.0,0.619446,2,53.65,6.99027,4212.1734,1.05,17454.0,8.93,13.5,2,0.0,-2.1,12.9,4.2,1.0,0,,False,,0,0,False,7395.4,2,2,17672.0,1.13,12.8,1.9,5.3,2,1.0,2.6124134608509872,0.4019271894495465,False,False,False,5.3
386941443,13.2479,3368.0,0.623956,1,24.13,12.59828,4158.7946,4.8,6182.0,5.35,8.6,2,0.9,0.0,8.5,4.0,2.0,0,,False,,0,0,False,4598.1,2,2,6786.0,1.05,10.0,0.3,5.3,2,1.0,3.1945867768604193,1.5025417480496026,False,False,False,5.3
219299137,10.8189,3767.0,0.675161,2,53.06,13.65896,4179.7858,4.5,2478.0,3.67,19.4,2,0.0,-1.9,19.4,4.6,1.0,0,,False,,0,0,True,1731.8,2,2,2766.0,1.34,16.1,21.0,5.3,2,1.0,3.4590146675727076,1.3009485164044656,False,False,False,5.3
69881452,10.0464,4474.0,0.773435,1,23.95,12.88512,4159.2881,6.3,8326.0,7.7,107.6,2,22.0,0.0,108.5,3.5,2.0,1,,False,,0,0,False,3375.3,2,2,7886.0,1.24,8.4,3.5,5.3,2,1.0,3.7141006096369207,1.6962383796641063,False,False,False,5.3
121425305,11.605,5611.0,0.885092,2,53.37,19.42259,4211.8053,6.3,2029.0,4.35,14.9,3,6.7,1.6,15.2,3.7,1.0,0,,False,,0,0,False,1379.1,3,3,3318.0,1.06,16.7,22.9,5.3,3,1.0,4.659109867600465,1.3521896196975982,False,False,False,5.3
408906912,11.7815,5852.0,0.968673,1,25.68,16.55498,4270.5353,7.2,1101.0,3.51,7.5,2,0.1,0.0,7.3,3.0,2.0,0,,False,,0,0,False,1355.0,2,2,1116.0,1.05,8.2,0.2,5.3,2,1.0,4.69140194954164,1.5347224726083117,False,False,False,5.3
33994249,12.3613,5692.0,0.977026,1,26.04,7.64516,4269.3358,6.3,3565.0,6.36,13.8,2,0.0,-3.8,14.4,2.5,1.0,0,,False,,0,0,False,2736.0,2,2,3634.0,1.4,9.4,16.8,5.3,2,1.0,3.647045943427609,1.7274254554849564,False,False,False,5.3
33934767,11.8199,5810.0,1.01061,1,25.77,8.01288,4268.8074,4.2,3101.0,6.14,15.8,2,0.0,-0.3,16.2,2.8,1.0,0,,False,,0,0,False,1648.6,2,2,3788.0,1.65,17.0,157.1,5.3,2,1.0,3.7890200304373916,1.1084660324466975,False,False,False,5.3
159536077,10.873,4581.0,1.0982,1,24.1,8.75252,4153.373,3.15,3634.0,7.22,24.8,3,13.4,-1.8,24.7,3.6,1.0,0,,False,,0,0,False,2523.3,3,3,2643.0,2.07,13.9,17.3,5.3,2,1.0,4.124521997746694,0.7637248635650158,False,False,False,5.3
335249394,10.3224,6008.0,1.10094,1,24.09,9.41832,4153.3633,4.5,960.0,3.72,12.5,3,4.3,-3.9,12.5,3.1,1.0,0,,False,,0,0,False,853.6,3,3,968.0,1.98,10.2,16.3,5.3,3,1.0,4.233587518218723,1.0629283038639932,False,False,False,5.3
32211248,10.2628,6174.0,1.11806,1,24.93,10.10308,4188.1268,1.05,1487.0,4.7,7.6,2,3.1,1.9,7.6,3.4,1.0,0,,False,,0,0,False,744.1,2,2,1499.0,1.36,11.1,16.3,5.3,2,1.0,4.378610339019239,0.23980211041916755,False,False,False,5.3
142930468,11.7918,5739.0,1.13602,1,25.17,12.36957,4207.5973,3.15,2587.0,6.3,8.1,2,0.0,-2.2,8.5,4.3,1.0,0,,False,,0,0,False,1748.3,2,2,4007.0,1.26,9.1,4.1,5.3,2,1.0,4.734242281500533,0.6653651868027332,False,False,False,5.3
121254980,12.4516,4524.0,0.658366,1,25.22,6.7649,4184.3723,1.05,11536.0,7.71,7.1,2,0.0,-1.8,7.1,4.4,1.0,0,,False,,0,0,True,5653.1,2,2,12466.0,1.12,7.7,0.9,5.2,2,1.0,2.6911651538103367,0.3901655751276869,False,False,False,5.2
316475124,12.9698,4217.0,0.690966,1,25.2,12.27535,4189.8107,4.8,6747.0,6.19,8.2,2,1.6,-0.3,8.1,3.3,1.0,0,,False,,0,0,False,6432.3,2,2,7842.0,1.23,8.9,4.6,5.2,2,1.0,3.3899298186460656,1.4159585173704614,False,False,False,5.2
60348911,12.7305,4572.0,0.69847,1,25.13,10.86785,4268.8527,6.3,3602.0,4.57,8.2,2,0.0,-0.1,8.4,3.6,1.0,0,,False,,0,0,False,2819.2,2,2,3540.0,1.23,8.6,4.2,5.2,2,1.0,3.278596801470827,1.9215537565258793,False,False,False,5.2
209453396,10.7832,4534.0,0.703426,1,25.15,7.08864,4211.9043,1.2,2395.0,3.76,12.3,2,0.0,0.1,12.3,3.1,1.0,0,,False,,0,0,False,923.3,2,2,2813.0,1.42,23.2,43.9,5.2,2,1.0,2.8567673838724663,0.4200552018251309,False,False,False,5.2
200209039,11.4395,4564.0,0.70669,1,25.01,8.29682,4185.0643,1.05,2597.0,3.93,7.6,2,0.0,-0.6,7.6,3.9,1.0,0,,False,,0,0,False,1196.7,2,2,2803.0,1.35,9.2,11.9,5.2,2,1.0,3.0199388375242595,0.34768916077147716,False,False,False,5.2
183531231,11.914,5385.0,0.810123,2,55.24,23.96551,4235.5212,4.5,1324.0,3.22,7.2,3,4.7,-0.9,7.3,3.8,1.0,0,,False,,0,0,False,1543.3,3,3,2185.0,1.31,9.1,14.5,5.2,2,1.0,4.710906601998532,0.9552301457411492,False,False,False,5.2
183531231,11.914,5385.0,0.810123,2,55.24,14.75749,4235.5212,4.5,1808.0,3.76,7.1,2,0.4,1.6,7.1,3.6,1.0,0,,False,,0,0,False,1543.3,2,2,1985.0,1.1,9.4,0.8,5.2,2,1.0,4.007865156798614,1.1227922656945104,False,False,False,5.2
333646797,12.551,3790.0,0.818754,1,24.1,10.10655,4158.8571,3.0,4516.0,6.0,9.1,2,3.3,2.1,9.3,3.1,1.0,0,,False,,0,0,False,3166.7,2,2,6185.0,1.39,10.5,19.0,5.2,2,1.0,3.5577729336212656,0.843224133741009,False,False,False,5.2
393804680,12.5872,5578.0,0.882209,1,25.74,12.59037,4268.8488,2.4,4964.0,6.78,11.5,2,5.0,1.5,11.6,3.2,1.0,0,,False,,0,0,False,2305.8,2,2,4626.0,1.35,12.1,17.5,5.2,2,1.0,4.023482478512286,0.5964981860409191,False,False,False,5.2
393750352,12.4128,5740.0,0.923393,1,25.59,12.44417,4271.2911,6.3,2336.0,4.87,8.8,2,2.4,-0.2,9.1,2.8,1.0,0,,False,,0,0,False,2107.4,2,2,2409.0,1.35,7.3,6.8,5.2,2,1.0,4.1316290700953315,1.524822265773882,False,False,False,5.2
122073655,11.631,4237.0,0.939584,1,23.74,6.65966,4158.8497,4.5,3860.0,6.37,14.7,2,0.0,1.3,15.1,3.1,1.0,0,,False,,0,0,False,1757.5,2,2,4041.0,1.19,14.0,4.4,5.2,2,1.0,3.3935119921592327,1.326059849028772,False,False,False,5.2
462145564,11.6524,4091.0,1.01418,1,24.13,13.11228,4164.2679,3.6,6158.0,8.68,26.0,2,0.2,4.3,23.0,3.1,2.0,1,,False,,0,0,False,2332.7,2,2,5932.0,1.17,17.5,3.9,5.2,2,1.0,4.4755291843989085,0.8043741536864769,False,False,False,5.2
76673558,11.8835,5964.0,1.02354,1,25.04,0.74068,4180.1175,0.5,5186.0,8.04,18.6,29,0.5,8.6,18.2,4.4,1.0,0,,False,,0,0,False,7197.1,28,29,4793.0,2.66,5.7,0.6,5.2,3,0.9655172413793104,1.7277797501986611,0.28938873715964647,False,False,False,5.2
149293433,11.0299,4576.0,1.03737,1,23.74,7.65093,4158.7759,6.3,2432.0,5.58,21.0,2,0.0,-7.1,21.4,2.9,1.0,1,,False,,0,0,False,2096.5,2,2,2521.0,1.38,12.3,21.5,5.2,2,1.0,3.7966639601775576,1.6593514901712212,False,False,False,5.2
121554340,11.1863,4208.0,1.18211,1,24.03,8.2888,4158.0896,2.25,3398.0,7.52,16.0,2,0.0,3.3,15.9,3.0,1.0,1,,False,,0,0,False,1371.8,2,2,2900.0,1.15,10.0,2.1,5.2,2,1.0,4.254130175417845,0.5288977786813971,False,False,False,5.2
121554340,11.1863,4208.0,1.18211,1,24.03,8.09613,4158.4927,3.6,1998.0,5.77,15.4,3,6.2,-4.6,15.1,2.7,1.0,1,,False,,0,0,False,1371.8,3,3,2556.0,1.25,9.3,25.4,5.2,2,1.0,4.220909551171762,0.8528967409407311,False,False,False,5.2
176955267,11.3577,3247.0,0.311188,40,2662.77,91.42602,1325.9416,1.2,962.0,1.05,7.1,7,4.4,1.6,7.8,6.3,2.0,38,,False,,0,0,False,1041.2,7,7,830.0,3.1,6.2,3.8,5.2,4,1.0,3.8896762911521217,0.30850896325991184,False,False,False,5.2
382043650,11.9592,3432.0,0.571631,25,2659.71,91.72496,1424.4436,4.2,10984.0,6.54,50.1,2,38.1,7.7,63.9,5.9,2.0,45,,False,,0,0,False,2113.2,2,2,10829.0,1.79,20.4,475.2,5.2,2,1.0,5.8404725391299985,0.7191198951558867,False,False,False,5.2
79303567,13.2987,4524.0,0.562851,2,53.1,25.27246,4200.1438,0.75,55163.0,14.42,7.1,2,4.1,0.7,7.1,3.4,1.0,0,,False,,0,0,False,24616.1,2,2,81944.0,1.46,7.2,12.4,5.1,2,1.0,3.761430958055797,0.1993922016284087,False,False,False,5.1
59556299,10.7986,3949.0,0.657561,1,25.38,12.74735,4185.4126,4.2,4567.0,4.85,22.1,2,2.7,1.5,21.4,2.7,1.0,0,,False,,0,0,False,1507.9,2,2,4741.0,1.26,25.5,11.3,5.1,2,1.0,3.321281060514987,1.2645722910751678,False,False,False,5.1
129621749,12.5859,3376.0,0.660799,1,24.1,11.38073,4158.7727,2.25,5508.0,5.35,8.3,2,1.7,0.4,8.4,4.3,1.0,0,,False,,0,0,False,3912.0,2,2,5699.0,1.12,7.8,0.8,5.1,2,1.0,3.208568031657647,0.7012474031406402,False,False,False,5.1
300791695,11.922,4475.0,0.697589,1,25.67,5.68535,4208.7154,4.8,6361.0,6.07,42.5,4,13.2,-2.8,43.0,3.0,1.0,0,,False,,0,0,False,4391.0,4,4,3972.0,3.87,7.6,32.1,5.1,4,1.0,2.6395330958850254,1.8185034343699253,False,False,False,5.1
60348911,12.7305,4572.0,0.69847,1,25.13,14.85392,4268.834,4.8,4840.0,5.3,9.2,2,1.3,0.0,9.2,4.2,2.0,0,,False,,0,0,False,2819.2,2,2,5108.0,1.13,8.7,1.0,5.1,2,1.0,3.6384841930290004,1.3192306865579784,False,False,False,5.1
269586064,9.3377,4514.0,0.746019,1,25.85,7.01018,4212.03,6.3,697.0,2.15,9.8,2,0.0,1.1,10.3,4.4,1.0,0,,False,,0,0,False,436.9,2,2,744.0,1.14,7.7,1.1,5.1,2,1.0,2.9599515985032805,2.128413181886365,False,False,False,5.1
224775005,10.0788,5259.0,0.776241,1,24.54,2.90068,4155.7204,6.0,529.0,1.95,8.5,9,0.7,-1.3,8.4,2.9,1.0,0,,False,,0,0,False,1196.2,7,9,300.0,7.48,6.5,9.0,5.1,4,0.7777777777777778,2.264849175677022,2.6491830292436336,False,False,False,5.1
408932664,13.1285,4877.0,0.794924,1,26.04,7.46451,4268.9206,4.5,6607.0,7.05,10.8,2,0.0,-4.2,10.7,3.4,1.0,0,,False,,0,0,False,4571.0,2,2,8028.0,1.16,12.8,2.6,5.1,2,1.0,3.153255303822606,1.4270966244137517,False,False,False,5.1
246802048,12.0773,5100.0,0.803287,1,25.07,13.92416,4179.7841,1.2,4916.0,6.14,8.5,2,0.6,-2.0,8.4,3.7,2.0,0,,False,,0,0,True,2245.3,2,2,5210.0,1.01,8.4,0.0,5.1,2,1.0,3.9088150469524017,0.30699840887473245,False,False,False,5.1
114890466,12.134,5350.0,0.833839,1,26.11,3.62217,4206.605,0.5,26046.0,14.68,22.9,7,3.5,-4.2,22.1,3.3,1.0,0,,False,,0,0,False,20277.8,7,7,23181.0,3.53,6.9,4.3,5.1,3,1.0,2.5581109285596026,0.19545673114399906,False,False,False,5.1
121425305,11.605,5611.0,0.885092,2,53.37,20.20623,4211.8428,4.5,2706.0,5.02,15.1,3,5.7,-3.1,15.6,3.8,1.0,0,,False,,0,0,False,1379.1,3,3,3181.0,1.19,15.2,21.8,5.1,2,1.0,4.720945660720446,0.9531988553567193,False,False,False,5.1
455381795,11.3145,4377.0,0.970362,1,24.1,11.72234,4159.1945,7.2,13716.0,12.4,43.3,2,9.3,-9.6,33.0,3.0,1.0,0,,False,,0,0,False,7890.4,2,2,12403.0,1.18,9.3,1.9,5.1,2,1.0,4.186350493072058,1.719875106471662,False,False,False,5.1
408909232,11.4491,5834.0,0.979379,1,26.04,10.23517,4273.5988,3.15,2328.0,5.16,12.5,2,5.4,1.1,12.5,2.6,1.0,0,,False,,0,0,False,1369.6,2,2,2387.0,1.45,10.7,27.1,5.1,2,1.0,4.026000636500991,0.7824141833066559,False,False,False,5.1
254113637,11.1352,4954.0,1.00116,1,25.07,12.22148,4182.7043,1.58,2185.0,5.11,9.8,2,4.9,1.4,9.4,3.6,1.0,0,,False,,0,0,False,1005.4,2,2,2247.0,1.42,8.8,16.2,5.1,2,1.0,4.3342958720821665,0.36453441265443165,False,False,False,5.1
462145564,11.6524,4091.0,1.01418,1,24.13,13.12264,4164.2679,3.6,6303.0,8.78,25.8,2,1.2,4.8,21.3,2.7,2.0,1,,False,,0,0,False,2332.7,2,2,6172.0,1.13,17.6,1.9,5.1,2,1.0,4.476707577893056,0.8041624201182077,False,False,False,5.1
317798405,10.5505,5982.0,1.0333,1,26.04,11.76764,4269.2114,3.15,1087.0,3.72,8.2,2,2.3,-0.4,8.1,3.2,1.0,0,,False,,0,0,False,697.2,2,2,1243.0,1.17,9.8,2.7,5.1,2,1.0,4.371082849903443,0.7206452286919208,False,False,False,5.1
34437245,11.8885,6327.0,1.03551,1,26.04,10.45588,4268.7704,6.3,1534.0,4.43,8.3,3,3.0,-0.9,8.7,2.7,1.0,0,,False,,0,0,False,1594.8,3,3,1720.0,1.05,8.4,4.6,5.1,2,1.0,4.208215990714226,1.4970714464042403,False,False,False,5.1
47717095,8.6309,5331.0,1.1283,1,25.13,9.5454,4268.815,4.5,594.0,3.0,10.3,2,0.0,-0.6,10.4,3.0,1.0,0,,False,,0,0,False,581.5,2,2,645.0,1.1,8.7,0.7,5.1,2,1.0,4.322709629387277,1.0410137126508432,False,False,False,5.1
31962067,10.6648,3822.0,0.564734,19,1951.8,60.0,2076.052,2.25,840.0,1.79,8.6,9,3.2,-0.2,13.4,5.6,1.0,2,,False,,0,0,False,1103.7,9,9,514.0,8.14,8.7,17.1,5.1,4,1.0,5.029073710467729,0.4473984931492958,False,False,False,5.1
278825715,12.1809,3286.0,0.482599,40,2634.75,91.50449,1496.7859,4.2,5934.0,4.06,38.0,6,34.1,-2.9,50.2,4.2,2.0,55,"00278825715-01(1:1,ntoi=5);00278825715-01(1:1,ntoi=4)",True,,0,0,False,3073.6,4,6,2705.0,19.52,14.8,469.7,5.1,3,0.6666666666666666,5.212907764662249,0.8056923677935292,False,False,False,5.1
149449388,12.378,3860.0,0.608408,25,2577.38,84.01482,1510.2589,0.75,2962.0,3.61,8.2,8,3.1,0.2,10.2,5.7,2.0,3,,False,,0,0,False,2309.8,8,8,2022.0,1.66,6.1,0.6,5.1,3,1.0,5.912759371500308,0.1268443298428521,False,False,False,5.1
34195550,13.3741,3587.0,0.508388,1,25.7,14.48342,4269.2488,4.8,6152.0,4.35,7.4,2,0.3,0.0,7.6,3.3,2.0,0,,False,,0,0,False,5147.2,2,2,7939.0,1.01,10.8,0.0,5.0,2,1.0,2.9194129461475056,1.6441661692067717,False,False,False,5.0
57840359,13.2887,4382.0,0.689637,1,25.36,12.41965,4185.3697,1.8,35469.0,14.17,16.0,2,9.7,-1.0,15.7,3.2,1.0,0,,False,,0,0,False,17335.0,2,2,43163.0,1.47,8.1,18.7,5.0,2,1.0,3.398796134814478,0.5295992841589636,False,False,False,5.0
115445163,12.6302,4955.0,0.743543,3,106.58,45.48757,4153.6786,0.75,6127.0,6.35,7.7,2,0.0,-0.1,7.7,4.6,1.0,0,,False,,0,0,False,2559.9,2,2,5995.0,1.19,11.8,3.7,5.0,2,1.0,5.508625724931567,0.13615011029076898,False,False,False,5.0
142982103,11.854,3892.0,0.764328,3,83.14,34.07752,4212.142,2.1,5066.0,5.94,17.6,3,5.8,-2.5,17.9,3.3,2.0,0,,False,,0,0,False,1651.9,2,3,5637.0,1.18,9.5,20.4,5.0,2,0.6666666666666666,5.095859759981921,0.41209925290554905,False,False,False,5.0
101356600,12.3923,5193.22,0.773942,2,52.93,27.25597,4179.8216,3.0,4049.0,5.37,9.0,2,1.8,0.0,9.3,5.5,2.0,0,,False,,0,0,True,2852.6,2,2,4747.0,1.2,10.3,4.0,5.0,2,1.0,4.769810425465949,0.6289558142569028,False,False,False,5.0
49547313,11.9172,4321.0,0.794512,1,24.19,6.82308,4270.1955,4.2,1873.0,3.75,10.3,3,3.3,1.1,10.5,3.7,1.0,0,,False,,0,0,True,1828.7,3,3,3076.0,1.15,10.6,13.1,5.0,3,1.0,3.0591592753945314,1.3729262264248525,False,False,False,5.0
394137289,11.0094,4071.0,0.810227,2,50.95,13.42138,4166.6136,2.25,5599.0,6.61,12.7,3,4.3,0.1,13.0,3.4,1.0,0,,False,,0,0,False,4231.3,3,3,5060.0,1.81,8.7,6.0,5.0,3,1.0,3.8833973144642617,0.5793895957077473,False,False,False,5.0
34523723,12.8829,5591.0,0.817894,1,26.04,9.91999,4268.8392,2.4,4955.0,6.28,8.2,2,0.0,0.8,8.3,3.8,1.0,0,,False,,0,0,False,3245.5,2,2,5062.0,1.32,12.8,13.7,5.0,2,1.0,3.533269140562284,0.679257623612014,False,False,False,5.0
33993976,13.1687,5424.0,0.827506,1,25.98,12.33167,4267.0625,3.15,5430.0,6.65,8.4,2,4.3,-0.6,8.4,3.1,1.0,0,,False,,0,0,False,3551.4,2,2,6728.0,1.39,8.6,13.5,5.0,2,1.0,3.8288030427225346,0.8227114230874983,False,False,False,5.0
124272660,11.9023,5430.0,0.840816,1,25.17,8.9448,4269.3098,4.5,1720.0,3.8,7.3,2,0.0,1.2,7.2,3.1,1.0,0,,False,,0,0,False,1870.6,2,2,1899.0,1.13,7.8,1.0,5.0,2,1.0,3.4769556443649496,1.2942356648388895,False,False,False,5.0
317875779,12.6846,4496.0,0.843497,1,25.79,3.84583,4266.8466,4.2,4639.0,6.27,13.2,6,4.0,-5.5,14.1,2.9,1.0,0,,False,,0,0,False,8368.1,6,6,3930.0,2.66,7.2,3.0,5.0,3,1.0,2.629828029231986,1.5970626038336684,False,False,False,5.0
469440463,12.2023,5162.0,0.855662,1,25.38,7.04812,4185.1752,4.8,7605.0,8.14,11.2,2,0.0,3.5,11.1,2.8,1.0,0,,False,,0,0,False,5519.9,2,2,6345.0,1.12,9.0,1.2,5.0,2,1.0,3.2491334866677706,1.4773169584124286,False,False,False,5.0
141082591,12.3494,3787.0,0.880608,1,24.06,4.94169,4156.1333,4.2,4184.0,6.21,12.5,4,4.4,-3.8,13.0,3.5,1.0,0,,False,,0,0,False,5374.1,4,4,2865.0,4.09,6.8,8.3,5.0,4,1.0,2.9423107897108842,1.4274494776986826,False,False,False,5.0
48178704,12.5977,4607.0,0.907479,1,25.14,14.68978,4269.1463,3.0,4730.0,6.81,8.1,2,1.4,0.0,8.4,3.3,2.0,1,,False,,0,0,False,3129.0,2,2,5831.0,1.34,8.4,9.5,5.0,2,1.0,4.316228689435624,0.6950512162024182,False,False,False,5.0
363122666,13.4096,5641.0,0.934553,1,25.01,5.99006,4185.0985,2.4,11655.0,11.01,12.4,3,3.3,-2.3,12.4,2.6,1.0,0,,False,,0,0,False,6823.6,3,3,7352.0,2.96,8.4,22.2,5.0,3,1.0,3.264033761142439,0.7352865122203822,False,False,False,5.0
60299558,10.8371,5545.0,0.93718,1,25.38,6.94955,4184.7844,2.25,5054.0,7.27,14.5,2,0.0,-0.8,14.9,3.7,1.0,0,,False,,0,0,True,2767.7,2,2,5099.0,1.28,10.1,7.9,5.0,2,1.0,3.436179663996583,0.6547969605823956,False,False,False,5.0
96220225,13.2521,3681.0,1.00052,1,24.25,10.72878,4159.2014,4.2,25409.0,17.4,30.4,2,17.6,0.8,31.1,3.0,1.0,0,,False,,0,0,False,14400.6,2,2,31414.0,1.57,14.0,75.9,5.0,2,1.0,4.1483519028277,1.012450269018184,False,False,False,5.0
160705302,11.8882,3986.0,1.02101,1,23.65,11.92553,4158.7898,6.3,3586.0,6.67,17.7,2,3.6,5.3,18.1,2.7,2.0,1,,False,,0,0,False,2506.0,2,2,3314.0,1.19,13.1,4.3,5.0,2,1.0,4.355662165385757,1.4463931684293159,False,False,False,5.0
118527710,12.245,5628.0,1.02291,1,25.06,6.81974,4184.1155,3.6,1811.0,4.75,7.2,3,3.5,-0.8,7.5,3.1,1.0,0,,False,,0,0,True,1866.2,3,3,1794.0,2.09,7.8,12.7,5.0,3,1.0,3.6198383997494687,0.9945195344215251,False,False,False,5.0
317803863,11.277,5814.0,1.03234,1,26.04,4.53374,4265.7646,4.2,2181.0,5.26,23.4,6,1.7,5.5,23.6,2.6,1.0,0,,False,,0,0,True,1813.4,5,6,1565.0,5.21,10.9,76.0,5.0,4,0.8333333333333334,3.1786472470652085,1.321316797224917,False,False,False,5.0
59750863,11.1576,5939.0,1.04903,1,25.13,10.79985,4269.1743,7.2,3503.0,6.77,19.2,2,0.0,0.6,20.0,3.0,1.0,0,,False,,0,0,False,1263.0,2,2,3178.0,1.25,15.1,8.4,5.0,2,1.0,4.290811876730366,1.678004118299043,False,False,False,5.0
374644882,12.8335,3509.0,1.09464,1,24.09,12.89076,4158.0999,4.2,18512.0,16.25,35.3,2,25.1,-0.8,34.4,2.5,2.0,0,,False,,0,0,False,4673.7,2,2,17313.0,1.78,28.5,558.9,5.0,2,1.0,4.682545552207692,0.896948028197999,False,False,False,5.0
152048885,10.957,4465.0,1.14115,1,23.53,11.84763,4159.1179,3.15,3824.0,7.7,20.0,2,5.0,0.2,18.6,3.8,1.0,1,,False,,0,0,False,1205.9,2,2,3960.0,1.3,12.7,12.1,5.0,2,1.0,4.6807338192943,0.6729714018377819,False,False,False,5.0
272550631,11.4631,3550.0,0.620792,25,2577.39,97.40336,1491.7658,3.15,1210.0,2.36,10.9,5,6.0,-1.5,15.9,4.4,2.0,27,,False,,0,0,False,1154.2,5,5,448.0,11.49,9.1,40.3,5.0,4,1.0,6.295501734598384,0.5003572602781519,False,False,False,5.0
33714944,12.3141,3396.0,0.40182,34,2720.36,98.37599,1407.0788,3.6,1551.0,1.73,11.6,9,3.5,1.7,16.5,3.8,2.0,20,,False,,0,0,False,1971.7,8,9,615.0,11.8,10.5,30.5,5.0,3,0.8888888888888888,4.726348036784385,0.7616874533956863,False,False,False,5.0
44798386,12.9729,3396.0,0.574499,1,25.67,14.23832,4266.0812,6.0,4349.0,4.13,11.3,2,3.9,3.7,10.7,2.9,2.0,0,,False,,0,0,False,3789.8,2,2,4702.0,1.41,10.5,19.8,4.9,2,1.0,3.1493485517050472,1.9051559081168132,False,False,False,4.9
461691286,13.2028,3405.0,0.624971,1,23.56,7.24385,4155.5169,7.2,2962.0,3.71,7.2,4,1.5,-0.1,7.3,2.9,1.0,1,,False,,0,0,False,5413.1,4,4,3809.0,1.39,7.8,6.7,4.9,3,1.0,2.659324618276438,2.7074543478134934,False,False,False,4.9
181794086,11.7767,4695.87,0.632846,1,25.06,4.81413,4181.6842,4.2,2018.0,3.1,11.3,4,1.3,-4.9,11.7,2.6,1.0,0,,False,,0,0,False,3021.0,4,4,2098.0,1.9,7.1,3.7,4.9,3,1.0,2.3401638067371553,1.794746157473471,False,False,False,4.9
254558403,12.5154,3307.0,0.658683,1,24.05,10.30241,4154.3318,4.2,3247.0,4.09,7.5,2,0.0,-0.5,7.4,2.8,1.0,1,,False,,0,0,False,3666.7,2,2,3767.0,1.06,7.6,0.2,4.9,2,1.0,3.09722108403647,1.3560543099901436,False,False,False,4.9
217209368,12.486,4171.0,0.677363,1,25.14,11.8648,4185.501,2.1,10694.0,7.64,10.1,2,4.4,-0.4,10.3,3.6,1.0,0,,False,,0,0,False,5262.7,2,2,10834.0,1.43,10.6,23.1,4.9,2,1.0,3.307572822702818,0.6349066558975905,False,False,False,4.9
334129021,12.0695,3633.0,0.702483,1,24.1,5.40305,4153.907,4.5,2574.0,3.89,11.7,4,3.2,-2.1,11.6,3.2,0.5,2,,False,,0,0,False,3149.0,4,4,1991.0,2.78,7.5,7.2,4.9,3,1.0,2.607224941625332,1.7259730559323052,False,False,False,4.9
204450382,11.8396,5019.0,0.743206,1,25.11,9.12709,4236.0833,3.15,5666.0,6.1,15.6,2,4.5,1.2,15.8,4.2,1.0,0,,False,,0,0,False,3956.9,2,2,6293.0,1.28,9.9,7.8,4.9,2,1.0,3.2239765662825013,0.977054248143062,False,False,False,4.9
63687402,11.6797,4948.0,0.756817,1,25.06,0.57825,4179.8662,3.6,458.0,1.77,7.4,39,1.0,-0.9,7.9,3.4,1.0,0,,False,,0,0,False,2159.0,26,39,370.0,5.23,5.8,3.9,4.9,13,0.6666666666666666,1.3008905545667568,2.767335028578887,False,False,False,4.9
71972633,13.2586,4841.0,0.770976,1,26.04,3.4251,4266.2392,7.2,1972.0,3.73,7.0,7,0.3,-3.1,7.0,3.0,1.0,0,,False,,0,0,True,4442.4,6,7,1910.0,1.8,5.8,2.4,4.9,5,0.8571428571428571,2.383014135986549,3.021383671741946,False,False,False,4.9
183528820,12.6924,4564.0,0.780962,2,55.24,33.61711,4250.2275,4.8,3641.0,5.14,9.4,2,1.4,0.9,9.0,3.7,2.0,0,,False,,0,0,False,2706.7,2,2,4165.0,1.18,8.7,1.8,4.9,2,1.0,5.146141072251656,0.9327377412721791,False,False,False,4.9
333646797,12.551,3790.0,0.818754,1,24.1,11.96199,4158.8759,1.8,6328.0,7.11,9.5,2,2.8,0.4,9.6,3.3,1.0,0,,False,,0,0,False,3166.7,2,2,7659.0,1.22,8.0,3.3,4.9,2,1.0,3.7633827984693844,0.4782930933127725,False,False,False,4.9
408786100,11.643,5454.0,0.820877,1,25.22,13.48437,4184.4381,3.15,3569.0,5.35,8.6,2,2.9,0.0,8.6,3.3,2.0,0,,False,,0,0,True,2616.1,2,2,4442.0,1.42,10.2,20.3,4.9,2,1.0,3.923472134947249,0.8028602960990194,False,False,False,4.9
340106897,11.1428,5477.16,0.848282,1,25.06,9.40167,4188.5161,4.2,3321.0,5.33,23.8,2,18.5,0.9,24.2,2.9,1.0,0,,False,,0,0,False,1224.3,2,2,3572.0,1.7,19.3,227.6,4.9,2,1.0,3.5560685936436105,1.1810795797098521,False,False,False,4.9
34259058,12.5862,5208.0,0.865997,1,26.01,11.01533,4269.2309,3.6,8523.0,8.72,22.2,2,10.0,2.0,22.1,2.5,1.0,0,,False,,0,0,False,3668.5,2,2,8823.0,1.63,12.7,90.5,4.9,2,1.0,3.800887859808788,0.9471471226675722,False,False,False,4.9
176776388,11.6866,5583.0,0.887182,1,25.15,13.71628,4211.998,4.5,3800.0,5.97,15.5,2,1.2,1.6,13.0,2.9,2.0,0,,False,,0,0,True,1426.3,2,2,3352.0,1.43,7.8,13.7,4.9,2,1.0,4.155553608591694,1.0828882078903173,False,False,False,4.9
60299558,10.8371,5545.0,0.93718,1,25.38,8.05305,4184.7657,3.15,4008.0,6.47,13.4,2,0.0,-1.1,13.9,3.2,1.0,0,,False,,0,0,False,2767.7,2,2,4600.0,1.4,10.4,19.0,4.9,2,1.0,3.6091957211181036,0.8727706235405133,False,False,False,4.9
75160069,12.5614,5810.45,0.986926,1,25.06,13.01359,4185.1093,7.2,3217.0,6.11,7.2,2,0.2,0.0,7.5,4.3,2.0,0,,False,,0,0,False,2886.8,2,2,3656.0,1.01,9.1,0.0,4.9,2,1.0,4.38393117704303,1.6423615493107295,False,False,False,4.9
96220225,13.2521,3681.0,1.00052,1,24.25,9.587,4159.2014,4.2,28666.0,18.48,32.0,2,15.0,5.4,32.3,3.2,1.0,0,,False,,0,0,False,14400.6,2,2,30486.0,1.62,13.4,92.3,4.9,2,1.0,3.995640312270156,1.0511456667163657,False,False,False,4.9
95252250,11.8003,5758.0,1.08129,1,26.04,7.75022,4269.2864,3.15,1771.0,4.96,7.7,2,0.0,-0.1,7.9,3.3,1.0,0,,False,,0,0,False,1455.1,2,2,1862.0,1.2,9.9,3.4,4.9,2,1.0,3.919894951723826,0.8035929632794739,False,False,False,4.9
382043650,11.9592,3432.0,0.571631,25,2659.71,88.96092,1410.1061,4.8,3086.0,3.46,32.4,8,33.4,0.5,62.5,5.8,2.0,45,,False,,0,0,False,2113.2,4,8,32.0,569.22,11.4,179.5,4.9,2,0.5,5.781207593893842,0.8302763604389156,False,False,False,4.9
33714944,12.3141,3396.0,0.40182,34,2720.36,88.58751,1376.2257,2.25,2656.0,2.26,13.0,6,10.3,0.7,16.6,3.9,2.0,20,"00033714944-01(2:1,ntoi=3)",True,,0,0,False,1971.7,5,6,569.0,16.71,12.0,52.2,4.9,2,0.8333333333333334,4.564082560370599,0.49297968874106046,False,False,False,4.9
121078952,12.7755,3135.0,0.214284,2,54.86,14.60781,4239.9392,1.8,7097.0,1.97,12.0,2,3.4,0.0,12.2,4.2,1.0,0,,False,,0,0,False,3021.2,2,2,8671.0,1.36,12.2,16.3,4.8,2,1.0,1.645873657371467,1.093644091050512,False,False,False,4.8
326703886,12.5069,3441.0,0.39401,1,26.01,10.53265,4208.5903,0.75,7662.0,3.76,9.2,2,0.0,0.5,9.2,3.3,1.0,0,,False,,0,0,False,2571.2,2,2,7498.0,1.41,8.0,13.1,4.8,2,1.0,2.2150949206190544,0.3385859418567927,False,False,False,4.8
334235592,12.6543,3448.0,0.650942,1,24.08,11.06121,4159.8989,4.2,5303.0,5.17,11.0,2,4.4,-1.6,11.1,3.3,1.0,0,,False,,0,0,False,3881.8,2,2,5303.0,1.3,7.0,3.9,4.8,2,1.0,3.1465697934000487,1.3347868554543199,False,False,False,4.8
329099756,12.8797,4061.0,0.684418,1,25.3,9.92801,4187.8056,2.4,9440.0,7.25,7.3,2,2.3,-0.2,7.1,4.5,1.0,0,,False,,0,0,False,6417.4,2,2,13140.0,1.31,10.1,9.4,4.8,2,1.0,3.138412160482389,0.764717913797246,False,False,False,4.8
121157130,12.6876,3633.0,0.693476,2,54.88,12.93257,4239.961,2.25,3694.0,4.6,8.3,2,0.0,-1.0,8.6,3.7,0.5,1,,False,,0,0,False,2304.9,2,2,3438.0,1.26,7.4,3.8,4.8,2,1.0,3.457728293273191,0.6507162533207841,False,False,False,4.8
152042507,12.8483,3530.0,0.696873,1,23.62,14.36376,4158.4543,4.2,9401.0,7.37,17.1,2,7.1,0.0,17.5,2.6,2.0,0,,False,,0,0,False,5338.5,2,2,8708.0,1.49,8.6,23.4,4.8,2,1.0,3.5925274861677985,1.1690933517338795,False,False,False,4.8
1167773216,13.3033,3391.0,0.732401,1,23.63,3.64726,4155.0224,7.2,3552.0,4.76,9.9,6,3.4,-2.6,9.6,2.9,1.0,0,,False,,0,0,False,6204.4,6,6,1927.0,3.01,6.5,3.1,4.8,4,1.0,2.3515983907896714,3.0617472899282885,False,False,False,4.8
183528820,12.6924,4564.0,0.780962,2,55.24,25.18129,4258.6775,4.8,2495.0,4.26,8.1,2,2.5,-1.5,8.3,3.1,1.0,0,,False,,0,0,False,2706.7,2,2,2840.0,1.13,8.4,1.1,4.8,2,1.0,4.6736288506534,1.0270391923245965,False,False,False,4.8
149008917,12.7667,3820.0,0.820315,1,23.95,8.30182,4153.6129,4.2,4397.0,5.93,11.4,3,4.1,-1.7,11.7,2.8,1.0,0,,False,,0,0,False,3687.1,3,3,3603.0,1.87,9.6,9.6,4.8,3,1.0,3.336208364917712,1.2589141745958046,False,False,False,4.8
317805453,12.2486,5467.0,0.824178,1,26.04,12.55667,4269.2395,4.2,6273.0,7.12,19.8,2,8.2,-1.0,20.2,2.9,1.0,0,,False,,0,0,False,2656.8,2,2,6502.0,1.67,19.3,177.0,4.8,2,1.0,3.8416146540155505,1.0932902902194623,False,False,False,4.8
33993976,13.1687,5424.0,0.827506,1,25.98,10.16313,4269.2188,3.15,5140.0,6.47,9.8,3,4.1,-1.0,9.7,4.0,1.0,0,,False,,0,0,False,3551.4,3,3,7982.0,1.18,10.6,26.4,4.8,2,1.0,3.5897556569415445,0.877497050226473,False,False,False,4.8
92872207,12.9959,5280.0,0.833557,1,25.79,7.29777,4269.1932,1.8,8133.0,8.2,12.1,2,0.0,-2.1,12.2,2.9,1.0,0,,False,,0,0,False,3238.3,2,2,6134.0,1.33,9.8,10.9,4.8,2,1.0,3.230193606941695,0.5572421405738018,False,False,False,4.8
71865943,12.2049,5501.0,0.847837,1,26.04,7.39425,4269.1924,2.25,3650.0,5.59,9.1,2,0.0,1.5,9.2,2.7,1.0,0,,False,,0,0,False,2203.9,2,2,4040.0,1.31,10.3,10.1,4.8,2,1.0,3.281314928219349,0.6857007173099943,False,False,False,4.8
152252448,11.922,5655.0,0.877678,1,25.13,6.11041,4179.4259,2.4,3931.0,6.0,8.7,4,3.6,-1.3,8.8,3.2,0.5,0,,False,,0,0,False,4091.9,4,4,3461.0,3.17,6.9,8.0,4.8,3,1.0,3.151049456256288,0.7616510097088105,False,False,False,4.8
393804680,12.5872,5578.0,0.882209,1,25.74,14.71151,4268.8488,2.4,6600.0,7.82,12.9,2,1.5,-1.0,12.9,3.8,2.0,0,,False,,0,0,False,2305.8,2,2,5772.0,1.08,12.6,0.6,4.8,2,1.0,4.237812137095595,0.5663299651703889,False,False,False,4.8
48744707,11.3412,5518.0,0.888136,1,25.05,7.45713,4268.8409,4.8,3456.0,5.7,19.3,2,0.0,2.9,19.4,2.6,1.0,0,,False,,0,0,False,1568.3,2,2,3280.0,1.42,14.6,29.1,4.8,2,1.0,3.394052180564691,1.414238716624973,False,False,False,4.8
246799701,7.8788,5805.0,0.914214,1,25.07,9.227,4179.4591,4.2,404.0,2.01,22.0,3,14.5,-1.9,22.4,3.4,1.0,0,,False,,0,0,False,252.3,2,3,509.0,1.31,12.2,53.1,4.8,2,0.6666666666666666,3.714728228142522,1.1306345288414623,False,False,False,4.8
393750352,12.4128,5740.0,0.923393,1,25.59,10.69898,4269.1864,1.58,4301.0,6.61,9.5,3,3.9,0.3,9.7,3.2,1.0,0,,False,,0,0,False,2107.4,3,3,3096.0,1.63,11.1,5.5,4.8,3,1.0,3.928681344094976,0.40217056605388135,False,False,False,4.8
209453616,10.8664,5572.0,0.986554,1,25.15,9.26852,4207.5671,2.1,2435.0,5.31,15.6,3,6.4,1.4,15.0,3.7,1.0,0,,False,,0,0,False,1636.8,3,3,3050.0,1.34,10.1,14.1,4.8,3,1.0,3.914043659099827,0.5365295287694797,False,False,False,4.8
149293433,11.0299,4576.0,1.03737,1,23.74,12.13289,4158.8322,3.6,4324.0,7.44,27.2,2,5.4,4.2,21.2,2.8,2.0,1,,False,,0,0,False,2096.5,2,2,4400.0,1.06,10.5,0.3,4.8,2,1.0,4.4274347591108425,0.8131119250468605,False,False,False,4.8
307425683,11.9538,4053.0,1.04662,1,24.1,8.97958,4153.5509,6.3,2649.0,5.88,9.8,3,4.8,-1.8,9.9,3.5,1.0,0,,False,,0,0,False,2808.9,3,3,2691.0,1.88,11.1,14.3,4.8,3,1.0,4.0285892390291975,1.5638228735174209,False,False,False,4.8
38462407,8.68639,3840.0,0.583696,41,2662.78,109.36958,1361.9534,2.4,251.0,1.01,12.0,9,4.2,0.8,18.1,7.4,2.0,28,"00038462407-05(2:1,ntoi=6)",True,,0,0,False,265.7,6,9,50.0,26.09,8.0,37.0,4.8,3,0.6666666666666666,6.280076781936099,0.38216093263434564,False,False,False,4.8
220395389,11.6486,3483.0,0.446078,13,1983.79,115.2899,2156.6207,4.2,4476.0,3.26,23.4,2,0.0,-1.4,30.4,9.7,2.0,8,,False,,0,0,False,1804.4,2,2,5898.0,1.72,18.6,240.7,4.8,2,1.0,5.342517065921663,0.7861462954962856,False,False,False,4.8
32036415,12.1124,3571.0,0.531038,36,2662.78,91.53316,1353.0225,3.6,1132.0,1.95,7.4,6,3.4,-0.4,10.2,4.9,2.0,3,,False,,0,0,False,1576.4,5,6,1069.0,2.74,7.7,12.3,4.8,4,0.8333333333333334,5.556715719053616,0.6478647067827916,False,False,False,4.8
349572614,12.3993,3632.0,0.502943,22,1951.79,105.01588,2045.8492,3.0,3844.0,3.4,14.3,4,10.4,-1.2,21.2,4.2,2.0,11,,False,,0,0,False,2371.5,4,4,2978.0,3.23,9.3,28.3,4.8,4,1.0,5.61012405348871,0.5347475334586266,False,False,False,4.8
292121082,13.4947,3584.0,0.492193,1,25.06,13.09822,4184.8563,3.15,7810.0,4.75,7.1,2,0.3,1.2,7.3,5.1,2.0,0,,False,,0,0,False,4786.1,2,2,8997.0,1.01,7.8,0.0,4.7,2,1.0,2.762926569550852,1.1400954461529795,False,False,False,4.7
262531383,11.7922,3911.0,0.587697,3,80.21,27.027,4185.0854,2.25,6093.0,5.0,19.0,2,0.8,1.3,18.7,4.5,1.0,1,,False,,0,0,True,1429.5,2,2,5474.0,1.01,15.8,0.0,4.7,2,1.0,3.9589184619421647,0.5683370399339308,False,False,False,4.7
160494988,13.49,3367.0,0.592524,1,23.88,2.23829,4154.8852,6.0,2643.0,3.32,7.0,10,0.7,-4.5,6.8,3.2,1.0,0,,False,,0,0,False,6433.4,8,10,2487.0,2.41,6.1,3.9,4.7,6,0.8,1.7350728315863861,3.4580680941872446,False,False,False,4.7
219938265,11.6383,3769.0,0.606751,1,24.96,10.13821,4188.0959,1.58,2898.0,3.56,7.1,2,1.7,-0.6,7.1,3.3,1.0,0,,False,,0,0,False,1730.1,2,2,2962.0,1.25,7.4,3.6,4.7,2,1.0,2.916547510586015,0.5417364175502611,False,False,False,4.7
181794086,11.7767,4695.87,0.632846,1,25.06,12.2814,4186.4686,3.15,3593.0,4.14,12.2,2,1.6,-1.3,12.8,3.4,1.0,0,,False,,0,0,False,3021.0,2,2,4002.0,1.2,7.6,2.3,4.7,2,1.0,3.197591242126835,0.985116533501893,False,False,False,4.7
139636101,12.3897,3916.0,0.6438,2,54.91,14.87843,4239.1558,2.1,29619.0,12.09,22.8,3,5.0,-1.2,23.2,4.7,1.0,0,,False,,0,0,False,12374.0,3,3,30437.0,1.23,9.8,5.1,4.7,3,1.0,3.4479527914905312,0.6090570628411016,False,False,False,4.7
91636864,11.4032,4782.0,0.659669,1,24.4,11.68195,4186.9472,0.5,13002.0,8.21,23.7,2,13.8,3.7,23.7,3.4,1.0,0,,False,,0,0,False,3173.2,2,2,12486.0,1.55,10.0,41.7,4.7,2,1.0,3.2329386167382155,0.15465805549517708,False,False,False,4.7
129948947,12.7259,3385.0,0.667343,1,24.07,5.83713,4154.3197,7.2,2907.0,3.93,7.7,2,1.0,-0.2,7.7,2.6,1.0,1,,False,,0,0,False,3591.3,2,2,2803.0,1.11,6.8,0.6,4.7,2,1.0,2.5852794188404222,2.78499876939005,False,False,False,4.7
269527384,12.4599,4651.0,0.672414,1,26.12,6.29381,4206.931,3.15,30949.0,12.91,36.5,4,4.6,10.2,34.7,3.4,2.0,0,,False,,0,0,False,35142.4,3,4,31753.0,1.56,6.2,4.5,4.7,3,0.75,2.664428076857915,1.1822424584696263,False,False,False,4.7
314325690,11.0408,4695.0,0.733071,1,25.32,6.46869,4185.0792,0.5,3660.0,4.84,7.3,2,2.2,2.0,7.3,4.1,1.0,0,,False,,0,0,False,1190.1,2,2,3465.0,1.08,8.8,0.4,4.7,2,1.0,2.8482477733365914,0.17554652536927046,False,False,False,4.7
329262690,12.293,4579.0,0.760792,1,25.17,16.3341,4180.8872,1.8,5794.0,6.32,8.4,2,2.0,1.7,7.9,3.8,2.0,1,"00329262690-01(1:3,ntoi=1)",True,,0,0,False,3071.4,2,2,6295.0,1.2,9.9,3.4,4.7,2,1.0,3.9757340214017614,0.4527465847338946,False,False,False,4.7
71972633,13.2586,4841.0,0.770976,1,26.04,9.55056,4268.8142,4.2,4591.0,5.7,7.6,2,0.0,-1.2,7.6,3.6,1.0,0,,False,,0,0,False,4442.4,2,2,5398.0,1.26,9.1,5.4,4.7,2,1.0,3.354119095142654,1.2521916726458306,False,False,False,4.7
183528820,12.6924,4564.0,0.780962,2,55.24,21.76733,4240.2837,6.3,2880.0,4.57,8.8,2,0.0,-2.3,8.9,3.7,1.0,0,,False,,0,0,False,2706.7,2,2,3000.0,1.03,8.0,0.1,4.7,2,1.0,4.4520833131825865,1.4150678585339465,False,False,False,4.7
37156565,12.7055,4337.0,0.813973,1,25.13,12.31331,4269.2844,4.8,3508.0,5.26,11.2,2,2.6,-4.5,11.6,3.0,1.0,0,,False,,0,0,False,2757.9,2,2,3155.0,1.17,8.3,2.0,4.7,2,1.0,3.7850640363394374,1.2681423494864077,False,False,False,4.7
218759667,11.7472,5323.0,0.820676,1,24.97,8.54544,4180.853,4.2,2425.0,4.41,9.6,3,4.3,-0.4,9.8,2.9,1.0,0,,False,,0,0,False,2165.4,3,3,1664.0,3.39,8.7,21.8,4.7,3,1.0,3.3695165392397057,1.2464696199258556,False,False,False,4.7
347528090,11.7044,5182.0,0.82459,1,25.22,13.18571,4184.944,6.3,8628.0,8.36,12.4,2,3.5,0.0,13.3,4.9,2.0,0,,False,,0,0,False,2928.8,2,2,8654.0,1.28,11.7,8.3,4.7,2,1.0,3.9060234216134533,1.6128935543857215,False,False,False,4.7
114890466,12.134,5350.0,0.833839,1,26.11,12.01901,4206.6152,0.62,32106.0,16.3,22.9,3,9.1,1.3,22.5,3.4,1.0,0,,False,,0,0,False,20277.8,3,3,24780.0,2.04,7.2,3.7,4.7,3,1.0,3.8155105799911535,0.1624946352530983,False,False,False,4.7
57112059,10.1959,4657.0,0.862193,1,25.38,8.47298,4183.8939,4.5,969.0,2.93,7.1,2,0.0,1.2,7.3,3.0,1.0,0,,False,,0,0,False,1064.6,2,2,1069.0,1.08,7.7,0.4,4.7,2,1.0,3.472348844766025,1.2959527401122108,False,False,False,4.7
95111729,11.9154,5573.0,0.88149,1,26.03,9.52774,4273.8763,6.3,2345.0,4.66,11.1,2,5.1,-3.4,11.5,2.9,1.0,0,,False,,0,0,False,1931.1,2,2,2391.0,1.43,9.3,19.1,4.7,2,1.0,3.664515134542286,1.7191906074053909,False,False,False,4.7
408909232,11.4491,5834.0,0.979379,1,26.04,10.9168,4272.9144,3.0,2259.0,5.08,11.9,2,5.9,-0.3,11.9,2.4,1.0,0,,False,,0,0,False,1369.6,2,2,2430.0,1.44,10.3,23.4,4.7,2,1.0,4.113459923044933,0.7293130493852705,False,False,False,4.7
281851169,10.4188,5879.0,1.00695,3,79.04,13.44844,4166.2847,2.25,9828.0,10.89,50.8,2,16.5,0.3,50.8,4.7,1.0,0,,False,,0,0,True,1974.3,2,2,11446.0,1.35,22.8,21.3,4.7,2,1.0,4.491977112250718,0.5008930241126341,False,False,False,4.7
142511802,10.3584,5710.0,1.02255,1,23.44,11.48369,4158.9107,2.1,1279.0,3.99,9.1,2,4.3,-1.2,9.1,3.4,1.0,0,,False,,0,0,False,630.6,2,2,1285.0,1.4,6.8,8.5,4.7,2,1.0,4.305515425093087,0.4877464815852094,False,False,False,4.7
173036880,13.0037,4248.0,1.05925,1,24.6,9.11132,4268.3659,4.8,4115.0,7.41,7.4,2,0.0,0.1,7.9,3.2,1.0,0,,False,,0,0,False,4489.6,2,2,4612.0,1.03,7.1,0.0,4.7,2,1.0,4.080697253886806,1.1762695689880127,False,False,False,4.7
32211248,10.2628,6174.0,1.11806,1,24.93,9.50156,4188.7248,0.75,1831.0,5.22,8.1,2,2.6,-1.6,7.7,3.5,1.0,0,,False,,0,0,False,744.1,2,2,1730.0,1.26,8.6,5.4,4.7,2,1.0,4.289928026597126,0.1748281079193112,False,False,False,4.7
120979223,10.4929,6314.0,1.1367,2,54.91,21.92663,4239.9629,2.4,1250.0,4.38,9.5,2,0.0,0.5,9.9,4.4,1.0,0,,False,,0,0,False,933.7,2,2,1309.0,1.06,7.3,0.2,4.7,2,1.0,5.731867775667053,0.4187116824621268,False,False,False,4.7
339765069,12.9128,3387.0,0.432179,1,25.06,9.13884,4184.8104,1.05,19203.0,6.53,14.4,3,8.8,0.3,14.4,3.8,1.0,0,,False,,0,0,False,8175.8,3,3,28235.0,1.05,9.0,23.0,4.6,2,1.0,2.2470587405775375,0.4672775041608969,False,False,False,4.6
98672442,12.4363,3772.0,0.552628,1,25.79,12.40695,4268.8164,2.25,3768.0,3.7,10.1,2,2.8,2.9,10.3,2.8,2.0,0,,False,,0,0,False,2291.2,2,2,3849.0,1.22,12.7,5.1,4.6,2,1.0,2.9312434867565957,0.7675923239285769,False,False,False,4.6
290051427,11.5461,3742.0,0.612391,1,26.04,9.97099,4266.7832,0.5,86384.0,19.64,57.2,2,0.0,-8.6,57.2,4.1,1.0,0,,False,,0,0,False,22385.5,2,2,85463.0,1.21,9.9,3.8,4.6,2,1.0,2.918369339120102,0.17132855437370778,False,False,False,4.6
219938267,11.095,4164.0,0.683461,1,24.96,10.13821,4188.0959,1.58,1767.0,3.13,7.1,2,1.7,-0.6,7.1,3.3,1.0,0,,False,,0,0,False,1054.4,2,2,1806.0,1.25,7.4,3.7,4.6,2,1.0,3.1574601646379445,0.5004021959469989,False,False,False,4.6
289640610,12.9987,3519.0,0.696812,1,23.92,8.86942,4156.8069,2.4,5520.0,5.65,7.2,2,0.0,-0.3,7.0,2.6,1.0,0,,False,,0,0,False,4767.1,2,2,5965.0,1.04,6.6,0.1,4.6,2,1.0,3.0590303212574517,0.7845623442573301,False,False,False,4.6
200209039,11.4395,4564.0,0.70669,1,25.01,10.8531,4185.0575,0.62,3458.0,4.53,7.7,2,1.5,-2.2,7.7,4.0,1.0,0,,False,,0,0,False,1196.7,2,2,3202.0,1.21,6.8,2.1,4.6,2,1.0,3.3027740181202914,0.18772098744826046,False,False,False,4.6
303050463,12.4603,4988.0,0.731294,1,25.78,11.81681,4269.3143,4.8,1984.0,3.55,7.2,2,0.9,1.0,7.8,4.6,1.0,0,,False,,0,0,False,2067.6,2,2,1862.0,1.07,7.4,0.3,4.6,2,1.0,3.4761863646623126,1.3808235510026479,False,False,False,4.6
46682918,12.3877,4741.0,0.741493,1,25.8,11.53412,4274.6829,3.0,4177.0,5.23,8.4,2,1.4,-1.8,8.7,2.9,1.0,0,,False,,0,0,False,4019.5,2,2,5090.0,1.25,8.7,4.9,4.6,2,1.0,3.4802289832290647,0.8620122453024648,False,False,False,4.6
253741367,11.3633,4758.0,0.755952,1,25.11,10.5908,4187.1537,2.4,1681.0,3.38,7.4,2,2.4,0.1,7.1,3.7,1.0,0,,False,,0,0,False,1139.4,2,2,2020.0,1.36,7.5,8.6,4.6,2,1.0,3.426473388092304,0.7004286122111705,False,False,False,4.6
34081378,13.1925,4582.0,0.76089,1,25.67,8.07621,4269.113,4.2,6966.0,6.93,8.1,2,0.0,-2.0,8.1,4.3,1.0,0,,False,,0,0,False,4881.6,2,2,8161.0,1.12,7.7,0.7,4.6,2,1.0,3.1440690781400344,1.3358485121085928,False,False,False,4.6
49547313,11.9172,4321.0,0.794512,1,24.19,10.17856,4273.6268,2.1,2511.0,4.34,9.2,2,2.4,-1.5,9.3,2.8,1.0,0,,False,,0,0,False,1828.7,2,2,2459.0,1.3,7.5,5.7,4.6,2,1.0,3.495457679536502,0.6007796954012786,False,False,False,4.6
46640434,11.4638,5323.0,0.813971,1,25.62,10.7115,4273.1095,4.2,3736.0,5.43,19.0,2,8.4,4.6,19.6,2.4,1.0,0,,False,,0,0,False,1990.0,2,2,4199.0,1.57,17.3,83.3,4.6,2,1.0,3.6132472393794797,1.162389319564328,False,False,False,4.6
347528090,11.7044,5182.0,0.82459,1,25.22,8.00012,4184.8097,1.05,8070.0,8.08,10.5,2,0.0,3.8,10.5,3.2,1.0,0,,False,,0,0,False,2928.8,2,2,8344.0,1.39,10.6,17.4,4.6,2,1.0,3.3067333104657965,0.3175339228829717,False,False,False,4.6
314694713,12.4964,3701.0,0.847134,1,24.38,9.66891,4159.5594,2.25,12002.0,10.13,12.4,2,4.9,3.6,12.8,2.9,1.0,1,,False,,0,0,False,8902.7,2,2,12729.0,1.31,7.3,5.7,4.6,2,1.0,3.58620855057518,0.6274035567839829,False,False,False,4.6
231005208,11.0953,5130.0,0.861098,2,52.59,17.73101,4190.3356,3.15,1481.0,3.62,13.3,3,7.5,-0.9,13.5,3.3,1.0,0,,False,,0,0,False,922.1,3,3,1022.0,3.81,9.1,53.5,4.6,2,1.0,4.437664916022591,0.7098327745807574,False,False,False,4.6
364439312,12.541,3915.0,0.897327,1,24.24,11.022,4159.9544,3.15,3951.0,6.15,9.3,2,5.9,2.4,9.4,3.5,1.0,0,,False,,0,0,False,2911.5,2,2,5216.0,1.53,7.3,21.1,4.6,2,1.0,3.8928014496567194,0.8091858885527742,False,False,False,4.6
126400746,10.7294,6563.0,0.990431,2,51.64,20.00372,4152.9028,1.05,2215.0,5.09,8.7,2,1.2,-1.4,8.7,5.0,1.0,0,,False,,0,0,False,890.3,2,2,1889.0,1.17,7.3,1.3,4.6,2,1.0,5.0714019472577325,0.20704334046481335,False,False,False,4.6
76673558,11.8835,5964.0,1.02354,1,25.04,0.50929,4179.7008,0.5,4309.0,7.33,18.6,43,2.4,-17.5,18.4,4.5,1.0,0,,False,,0,0,False,7197.1,36,43,4280.0,3.31,4.9,1.2,4.6,5,0.8372093023255814,1.5249884579309958,0.32787133397610574,False,False,False,4.6
149293433,11.0299,4576.0,1.03737,1,23.74,12.1788,4158.8134,3.6,4528.0,7.62,27.9,2,6.2,0.6,24.3,3.6,2.0,1,,False,,0,0,False,2096.5,2,2,4484.0,1.02,11.0,0.0,4.6,2,1.0,4.433012097214195,0.8120889185622394,False,False,False,4.6
95252250,11.8003,5758.0,1.08129,1,26.04,12.05937,4272.7145,4.2,1459.0,4.51,7.4,2,1.6,-2.1,7.6,3.0,1.0,0,,False,,0,0,False,1455.1,2,2,1521.0,1.19,8.5,2.6,4.6,2,1.0,4.542322427221829,0.9246371360231247,False,False,False,4.6
30189015,12.0842,3785.0,0.589382,22,2720.37,109.64091,1353.1158,3.6,1240.0,2.26,7.3,7,4.0,0.7,10.6,6.8,2.0,3,,False,,0,0,False,1928.4,7,7,1360.0,2.68,8.5,9.8,4.6,4,1.0,6.32601790233181,0.5690783768842983,False,False,False,4.6
79019928,11.2932,3499.0,0.429577,2,53.11,16.22251,4193.4175,1.58,3474.0,2.76,10.5,2,5.2,-0.9,10.2,4.7,1.0,0,,False,,0,0,False,1634.6,2,2,4717.0,1.51,6.7,15.1,4.5,2,1.0,2.709827576367543,0.5830629276117822,False,False,False,4.5
219938265,11.6383,3769.0,0.606751,1,24.96,6.58909,4184.96,7.2,2801.0,3.5,8.0,2,0.0,0.5,8.5,4.8,1.0,0,,False,,0,0,False,1730.1,2,2,2859.0,1.11,7.8,0.7,4.5,2,1.0,2.526332104324707,2.849981594927549,False,False,False,4.5
334843055,12.9927,3388.0,0.652109,1,24.1,11.13299,4159.432,4.2,5366.0,5.21,8.6,2,1.3,-1.0,8.6,2.7,1.0,0,,False,,0,0,False,4706.2,2,2,6437.0,1.25,11.4,6.1,4.5,2,1.0,3.157129258795464,1.33032247200497,False,False,False,4.5
162928477,12.2048,4489.0,0.681178,1,24.25,11.3874,4153.7199,3.6,3900.0,4.64,9.1,2,0.0,2.1,9.0,3.6,1.0,0,,False,,0,0,False,2947.0,2,2,4557.0,1.41,10.5,18.7,4.5,2,1.0,3.274841069180032,1.0992899881096774,False,False,False,4.5
219938267,11.095,4164.0,0.683461,1,24.96,13.17818,4184.96,7.2,1708.0,3.08,8.0,2,0.7,0.0,8.5,4.8,2.0,0,,False,,0,0,False,1054.4,2,2,1743.0,1.11,7.8,0.7,4.5,2,1.0,3.4458994246662127,2.0894399727576,False,False,False,4.5
200209039,11.4395,4564.0,0.70669,1,25.01,6.80341,4185.0487,2.1,2004.0,3.45,7.4,2,0.0,0.3,7.4,3.8,1.0,0,,False,,0,0,True,1196.7,2,2,2293.0,1.33,6.7,5.3,4.5,2,1.0,2.8266354801587337,0.74293272505094,False,False,False,4.5
115445163,12.6302,4955.0,0.743543,3,106.58,37.26107,4153.6722,1.12,6290.0,6.43,8.1,2,0.0,-1.0,7.8,4.6,1.0,0,,False,,0,0,False,2559.9,2,2,6063.0,1.28,10.8,7.6,4.5,2,1.0,5.1542339546480385,0.2172970823317003,False,False,False,4.5
115445163,12.6302,4955.0,0.743543,3,106.58,24.83708,4153.6864,1.12,5640.0,6.09,7.8,2,2.0,0.8,7.5,4.4,1.0,0,,False,,0,0,False,2559.9,2,2,5354.0,1.18,10.9,2.9,4.5,2,1.0,4.5024185562503485,0.24875519368255833,False,False,False,4.5
362851339,10.4908,4772.0,0.747795,1,25.08,12.5045,4190.9167,4.8,1044.0,2.64,10.8,2,5.5,-2.0,11.3,4.0,1.0,0,,False,,0,0,False,783.1,2,2,1204.0,1.5,10.2,30.7,4.5,2,1.0,3.595440523662969,1.3350241697531537,False,False,False,4.5
48178703,12.805,4808.0,0.750072,1,25.14,7.35631,4269.1338,3.6,5397.0,6.01,8.1,2,0.0,1.2,8.0,3.2,1.0,1,,False,,0,0,False,3794.1,2,2,6870.0,1.35,7.2,7.1,4.5,2,1.0,3.0187717044184104,1.192538009658325,False,False,False,4.5
278614633,12.6847,4652.0,0.778889,2,53.38,23.69887,4221.6333,3.15,13350.0,9.82,16.3,2,3.5,-2.4,17.0,4.5,1.0,0,,False,,0,0,False,6843.8,2,2,11630.0,1.16,7.7,1.5,4.5,2,1.0,4.5719473509681094,0.6889843119765996,False,False,False,4.5
37156565,12.7055,4337.0,0.813973,1,25.13,14.75021,4269.2719,4.2,4091.0,5.68,11.0,2,2.2,0.0,11.4,2.9,2.0,0,,False,,0,0,False,2757.9,2,2,3993.0,1.06,8.3,0.2,4.5,2,1.0,4.019891778416633,1.0448042463606593,False,False,False,4.5
325855272,11.1145,5384.0,0.829389,1,25.38,11.31509,4186.6127,3.0,3149.0,5.08,10.1,2,4.5,1.0,10.3,3.6,1.0,0,,False,,0,0,False,2053.1,2,2,3478.0,1.46,9.5,22.4,4.5,2,1.0,3.7262027240438065,0.805109174721523,False,False,False,4.5
360402401,13.0451,5485.0,0.833124,1,25.06,13.04936,4184.8562,2.25,10509.0,9.32,11.0,2,0.1,-2.5,9.0,3.3,2.0,0,,False,,0,0,False,3969.4,2,2,11700.0,1.14,11.7,1.8,4.5,2,1.0,3.9193236530726114,0.5740786419197811,False,False,False,4.5
155951590,12.3974,5805.0,0.845739,4,106.54,39.02397,4153.8164,3.6,4337.0,6.08,9.4,2,0.0,1.1,9.7,5.4,1.0,0,,False,,0,0,False,2633.8,2,2,4488.0,1.06,7.8,0.2,4.5,2,1.0,5.703520615555702,0.6311890922567038,False,False,False,4.5
34437245,11.8885,6327.0,1.03551,1,26.04,11.48734,4268.7704,6.3,1580.0,4.49,8.3,2,2.7,0.2,8.6,2.6,1.0,0,,False,,0,0,False,1594.8,2,2,1507.0,1.19,7.3,2.1,4.5,2,1.0,4.342278263918636,1.4508512852224817,False,False,False,4.5
173036880,13.0037,4248.0,1.05925,1,24.6,12.00144,4269.2784,4.2,4638.0,7.87,7.6,2,1.3,1.7,7.5,2.9,1.0,0,,False,,0,0,False,4489.6,2,2,5337.0,1.22,8.1,3.3,4.5,2,1.0,4.473200813682816,0.9389249834599115,False,False,False,4.5
34930271,12.5864,5099.0,1.09571,1,25.91,2.12351,4265.4069,0.9,9936.0,11.92,16.7,11,1.1,-6.5,17.2,2.6,1.0,0,,False,,0,0,False,13686.7,10,11,9109.0,2.47,5.3,1.2,4.5,4,0.9090909090909091,2.568562558908835,0.3503905314193842,False,False,False,4.5
32211248,10.2628,6174.0,1.11806,1,24.93,6.62025,4184.8987,6.0,1425.0,4.61,8.5,2,0.0,1.2,8.5,4.3,1.0,0,,False,,0,0,False,744.1,2,2,1449.0,1.23,7.6,3.3,4.5,2,1.0,3.803147455871299,1.57764064360355,False,False,False,4.5
453099618,10.6224,3767.0,0.626184,44,2720.36,85.9181,1338.4212,1.12,1986.0,3.04,9.6,12,5.6,0.5,14.6,6.4,2.0,1,,False,,0,0,False,2073.4,10,12,653.0,20.6,5.5,7.0,4.5,4,0.8333333333333334,6.0725508454693475,0.18443649604607557,False,False,False,4.5
220395389,11.6486,3483.0,0.446078,13,1983.79,106.42966,2067.9207,4.2,2860.0,2.6,19.7,4,13.3,-0.8,19.0,5.0,2.0,8,,False,,0,0,False,1804.4,4,4,1328.0,7.88,13.7,140.4,4.5,2,1.0,5.201992506077139,0.8073829393436115,False,False,False,4.5
198003939,11.7529,3384.0,0.53963,16,2633.96,75.65928,1421.4632,3.15,1378.0,2.19,9.9,5,7.5,1.1,12.1,4.0,2.0,10,,False,,0,0,False,1252.4,5,5,916.0,4.3,8.5,17.1,4.5,3,1.0,5.271000845038596,0.5976094659451595,False,False,False,4.5
31740375,11.7966,3379.0,0.391358,13,2662.78,78.59939,1367.9415,4.2,3132.0,2.39,20.0,3,10.0,5.9,23.0,3.6,2.0,19,"00031740375-01(3:1,ntoi=2);00031740375-02(1:1,ntoi=2)",True,,0,0,False,1658.7,3,3,2322.0,2.88,11.0,67.7,4.5,2,1.0,4.309208387577111,0.9746569722894014,False,False,False,4.5
31779649,12.0268,3289.0,0.352866,21,2662.77,81.69556,1376.9759,2.25,2047.0,1.74,8.4,4,9.2,0.4,22.4,6.9,2.0,4,,False,,0,0,False,1787.5,4,4,1428.0,14.54,6.4,58.9,4.5,2,1.0,4.073937121502222,0.5522912928931842,False,False,False,4.5
143514367,12.7135,3506.0,0.394983,1,25.07,12.42206,4185.0841,3.0,5413.0,3.17,9.1,2,1.1,-0.5,9.6,4.8,1.0,0,,False,,0,0,False,3946.7,2,2,6111.0,1.08,8.5,0.4,4.4,2,1.0,2.3441843970287226,1.2797628052650338,False,False,False,4.4
79019928,11.2932,3499.0,0.429577,2,53.11,25.5656,4200.2847,0.75,4279.0,3.07,9.9,2,4.4,0.4,9.2,3.8,1.0,0,,False,,0,0,False,1634.6,2,2,4530.0,1.5,7.7,20.0,4.4,2,1.0,3.153462259422566,0.23783382780592827,False,False,False,4.4
140478840,13.4408,3277.0,0.615425,1,23.84,8.83675,4159.1394,1.05,13718.0,7.86,9.3,3,5.2,-1.6,9.2,3.7,1.0,1,,False,,0,0,False,6606.5,3,3,21555.0,1.17,7.8,21.6,4.4,2,1.0,2.8124786851873607,0.3733361626987945,False,False,False,4.4
89574346,13.294,4174.0,0.627381,1,25.14,10.42207,4185.0816,1.58,11357.0,7.29,7.1,2,2.4,0.1,7.0,3.8,1.0,0,,False,,0,0,False,6996.9,2,2,12566.0,1.24,7.3,3.2,4.4,2,1.0,3.0098662511505117,0.524940269155166,False,False,False,4.4
352291795,12.5099,3656.0,0.632703,2,50.86,19.38604,4159.139,3.6,3309.0,3.97,8.5,2,0.0,0.2,8.4,3.8,1.0,0,,False,,0,0,False,2678.1,2,2,3398.0,1.23,7.0,2.6,4.4,2,1.0,3.722527584763258,0.9670848416906894,False,False,False,4.4
148691341,12.7008,3367.0,0.646442,1,23.65,10.59023,4153.7131,0.75,9948.0,7.03,9.7,2,0.0,1.1,9.3,2.7,1.0,1,,False,,0,0,False,3601.7,2,2,8860.0,1.12,6.3,0.5,4.4,2,1.0,3.0869514673145573,0.24295814428610055,False,False,False,4.4
462138369,13.1435,3336.0,0.64754,1,24.21,9.96811,4155.1811,6.3,6670.0,5.77,10.2,2,0.0,-0.9,10.7,2.9,1.0,1,,False,,0,0,False,6238.7,2,2,7388.0,1.33,9.3,9.0,4.4,2,1.0,3.028704958708505,2.0800969674796037,False,False,False,4.4
124272656,12.8783,4634.0,0.754175,1,25.15,8.44959,4269.3126,4.5,4031.0,5.22,7.1,2,0.0,-1.0,6.9,3.3,1.0,0,,False,,0,0,False,4420.2,2,2,3596.0,1.03,6.6,0.0,4.4,2,1.0,3.172986765904637,1.4182221143670684,False,False,False,4.4
139552250,10.0626,4913.0,0.778026,2,54.91,32.46669,4251.2965,2.25,1094.0,2.81,8.6,2,2.2,1.1,7.7,3.4,2.0,0,,False,,0,0,False,601.5,2,2,1016.0,1.4,6.9,8.7,4.4,2,1.0,5.073998942984169,0.44343722284591336,False,False,False,4.4
215402812,11.5566,5402.0,0.790136,2,52.71,19.00216,4186.938,0.5,3912.0,5.39,7.0,2,0.0,-0.7,7.0,4.2,1.0,0,,False,,0,0,False,1300.6,2,2,3505.0,1.14,7.3,1.1,4.4,2,1.0,4.288221242659748,0.11659846162458666,False,False,False,4.4
160818175,12.4949,3841.0,0.810489,1,24.1,11.04774,4153.3914,2.25,10782.0,9.18,12.2,2,0.0,1.7,12.8,3.1,1.0,0,,False,,0,0,False,6340.5,2,2,12702.0,1.49,11.8,34.4,4.4,2,1.0,3.6402470530731255,0.6180899173039731,False,False,False,4.4
383029503,10.7161,5926.0,0.903221,2,51.58,17.39468,4158.5114,3.0,34770.0,18.37,220.5,2,218.5,-0.2,221.3,2.9,1.0,1,,False,,0,0,False,4051.8,2,2,34632.0,1.97,20.8,4671.3,4.4,2,1.0,4.552079024846834,0.6590395253740005,False,False,False,4.4
408906912,11.7815,5852.0,0.968673,1,25.68,11.30069,4267.4228,7.2,1145.0,3.58,7.5,2,0.0,2.6,7.3,3.0,1.0,0,,False,,0,0,False,1355.0,2,2,1202.0,1.27,6.7,3.6,4.4,2,1.0,4.130742069033945,1.7430282210004608,False,False,False,4.4
33934767,11.8199,5810.0,1.01061,1,25.77,10.18826,4268.7949,4.8,3459.0,6.48,17.3,2,0.0,-5.8,17.3,3.2,1.0,0,,False,,0,0,False,1648.6,2,2,3687.0,1.6,18.7,101.5,4.4,2,1.0,4.104850658381188,1.1693482661054848,False,False,False,4.4
246753441,11.2368,5536.0,1.04513,1,24.99,10.04301,4188.5925,1.05,4125.0,7.32,10.3,2,5.7,0.5,10.3,3.3,1.0,0,,False,,0,0,False,1595.0,2,2,4095.0,1.52,7.1,18.2,4.4,2,1.0,4.177756611426884,0.2513310605811907,False,False,False,4.4
198003939,11.7529,3384.0,0.53963,16,2633.96,73.07086,1421.4819,3.15,1588.0,2.35,10.1,4,3.0,0.9,12.1,4.0,2.0,10,,False,,0,0,False,1252.4,4,4,824.0,4.56,7.9,16.1,4.4,3,1.0,5.210192356136052,0.6045842043221762,False,False,False,4.4
197591673,12.1548,3484.0,0.48255,2,53.63,16.79445,4217.4806,4.2,3633.0,3.17,8.6,2,0.0,0.1,8.9,4.2,1.0,0,,False,,0,0,False,2657.1,2,2,3967.0,1.03,9.9,0.1,4.3,2,1.0,2.96227315290563,1.4178300862904254,False,False,False,4.3
44798386,12.9729,3396.0,0.574499,1,25.67,11.18135,4269.1687,7.2,4514.0,4.21,11.2,2,2.6,0.3,11.2,3.2,1.0,0,,False,,0,0,False,3789.8,2,2,4881.0,1.28,11.2,7.3,4.3,2,1.0,2.90557813971317,2.4779922114608017,False,False,False,4.3
139636101,12.3897,3916.0,0.6438,2,54.91,7.2707,4240.1402,3.15,24297.0,10.95,23.0,2,0.0,-1.7,23.4,4.8,1.0,0,,False,,0,0,False,12374.0,2,2,28054.0,1.39,9.8,15.0,4.3,2,1.0,2.715820219675348,1.159870589805298,False,False,False,4.3
121194918,12.9757,3346.0,0.663612,1,24.09,10.84754,4159.7273,1.58,7455.0,6.25,8.3,2,1.7,-0.3,8.5,2.9,1.0,0,,False,,0,0,False,4567.6,2,2,7260.0,1.24,7.0,2.9,4.3,2,1.0,3.166612107205122,0.49895596508488094,False,False,False,4.3
95356818,12.0133,4766.0,0.681922,1,24.24,12.16374,4159.1295,2.25,29874.0,12.86,38.5,2,1.0,-7.2,34.1,4.1,1.0,0,,False,,0,0,False,7680.6,2,2,27726.0,1.17,13.3,2.5,4.3,2,1.0,3.350069405739169,0.6716278761703904,False,False,False,4.3
95356818,12.0133,4766.0,0.681922,1,24.24,12.16402,4159.1295,2.25,29874.0,12.86,38.5,2,1.0,-7.2,36.3,4.5,2.0,0,,False,,0,0,False,7680.6,2,2,27726.0,1.17,13.3,2.5,4.3,2,1.0,3.3500951108878656,0.6716227227959773,False,False,False,4.3
57840359,13.2887,4382.0,0.689637,1,25.36,9.8774,4188.7374,0.5,66305.0,19.37,16.3,2,7.6,-0.8,16.3,3.4,1.0,0,,False,,0,0,False,17335.0,2,2,62202.0,1.51,9.2,28.3,4.3,2,1.0,3.1489774006529507,0.15878170478337614,False,False,False,4.3
334129021,12.0695,3633.0,0.702483,1,24.1,11.53672,4153.8601,2.25,5952.0,5.91,12.6,2,0.0,2.1,12.9,3.9,1.0,2,,False,,0,0,False,3149.0,2,2,5205.0,1.05,9.3,0.1,4.3,2,1.0,3.3573216985826253,0.6701770643396765,False,False,False,4.3
139552249,10.5788,4525.0,0.735693,2,54.91,32.46669,4251.2965,2.25,1779.0,3.39,8.7,2,2.1,1.1,7.9,3.5,2.0,0,,False,,0,0,False,957.7,2,2,1642.0,1.38,6.9,7.9,4.3,2,1.0,4.888234681718747,0.46028886632932275,False,False,False,4.3
46682918,12.3877,4741.0,0.741493,1,25.8,12.31016,4274.6829,3.0,4394.0,5.36,7.9,2,1.1,1.8,8.5,2.7,1.0,0,,False,,0,0,False,4019.5,2,2,5438.0,1.17,8.7,2.0,4.3,2,1.0,3.5565934982222496,0.8435037632216161,False,False,False,4.3
34081378,13.1925,4582.0,0.76089,1,25.67,8.09864,4269.1005,6.0,6227.0,6.55,7.9,2,0.0,-3.1,7.0,3.1,1.0,0,,False,,0,0,False,4881.6,2,2,6073.0,1.02,7.5,0.0,4.3,2,1.0,3.1469770545180875,1.9065915944273735,False,False,False,4.3
393796002,11.7619,5015.0,0.779365,1,25.65,11.26119,4268.8581,3.15,2192.0,3.98,7.5,2,2.5,-1.0,7.6,3.5,1.0,0,,False,,0,0,False,1717.2,2,2,2685.0,1.2,6.7,1.9,4.3,2,1.0,3.569140587076724,0.8825654028327257,False,False,False,4.3
183528820,12.6924,4564.0,0.780962,2,55.24,24.3715,4259.49,4.2,3046.0,4.7,9.1,2,1.4,-1.2,9.1,3.8,1.0,0,,False,,0,0,False,2706.7,2,2,3042.0,1.16,8.2,1.7,4.3,2,1.0,4.622983204060261,0.9085042741040539,False,False,False,4.3
180145930,12.083,5229.0,0.783417,4,110.63,41.3165,4198.0633,3.15,2509.0,4.28,7.9,2,4.9,0.8,8.1,5.0,1.0,0,,False,,0,0,False,1877.7,2,2,3643.0,1.58,9.9,45.5,4.3,2,1.0,5.523887135617892,0.5702506084327602,False,False,False,4.3
408932664,13.1285,4877.0,0.794924,1,26.04,9.91663,4273.8894,7.2,4892.0,6.07,10.4,2,4.4,0.1,10.6,3.3,1.0,0,,False,,0,0,False,4571.0,2,2,5545.0,1.47,9.0,21.1,4.3,2,1.0,3.4664111263837385,2.077076185568113,False,False,False,4.3
408932664,13.1285,4877.0,0.794924,1,26.04,9.92149,4273.8894,7.2,4892.0,6.07,10.4,2,4.4,-0.1,9.6,2.7,1.0,0,,False,,0,0,False,4571.0,2,2,5552.0,1.47,9.0,21.2,4.3,2,1.0,3.4669773135765007,2.076736981175267,False,False,False,4.3
247807422,12.5796,5416.0,0.806368,1,24.44,9.25416,4159.0995,3.15,6928.0,7.32,7.8,2,0.3,0.1,7.8,4.0,1.0,0,,False,,0,0,False,4638.2,2,2,8214.0,1.02,9.5,0.0,4.3,2,1.0,3.419869116290359,0.9210878816955735,False,False,False,4.3
347528090,11.7044,5182.0,0.82459,1,25.22,6.90374,4184.8159,0.75,11785.0,9.77,13.4,2,0.0,-1.3,13.4,5.0,1.0,0,,False,,0,0,True,2928.8,2,2,11203.0,1.18,12.9,2.8,4.3,2,1.0,3.1481963583342627,0.2382316458801926,False,False,False,4.3
124379941,11.9179,5303.0,0.829149,1,24.98,10.97755,4268.821,6.3,11855.0,9.85,45.2,2,0.0,-5.3,45.6,2.4,1.0,0,,False,,0,0,False,3707.9,2,2,9457.0,1.21,12.2,4.0,4.3,2,1.0,3.688064345048547,1.7082131466762875,False,False,False,4.3
34378558,13.0374,5172.92,0.847753,1,25.96,9.89215,4268.8497,2.1,6048.0,7.19,7.7,2,0.0,-0.4,7.9,3.6,1.0,0,,False,,0,0,False,4533.9,2,2,6479.0,1.27,7.8,4.7,4.3,2,1.0,3.615358889295195,0.5808551970367152,False,False,False,4.3
404032060,10.6146,5535.0,0.861714,2,53.34,33.49603,4197.7405,4.2,2032.0,4.24,16.4,2,0.4,3.6,14.4,3.4,2.0,0,,False,,0,0,False,1540.5,2,2,2007.0,1.04,7.7,0.1,4.3,2,1.0,5.488430539198065,0.7652460881127736,False,False,False,4.3
404032060,10.6146,5535.0,0.861714,2,53.34,19.03276,4193.1655,4.2,2023.0,4.23,15.7,2,0.2,-0.6,16.0,4.2,1.0,0,,False,,0,0,False,1540.5,2,2,2384.0,1.12,9.5,1.0,4.3,2,1.0,4.545876682953337,0.9239141958578978,False,False,False,4.3
118527710,12.245,5628.0,1.02291,1,25.06,11.99742,4190.9405,4.5,2187.0,5.22,7.6,2,1.9,-2.2,7.8,3.4,1.0,0,,False,,0,0,False,1866.2,2,2,2490.0,1.35,8.2,8.8,4.3,2,1.0,4.369809767920247,1.0297931120561608,False,False,False,4.3
141082593,11.2935,4236.0,1.06881,1,24.06,9.80721,4161.1583,4.2,3750.0,7.14,19.6,2,11.9,3.4,19.7,3.5,1.0,0,,False,,0,0,False,2498.7,2,2,4208.0,1.6,6.9,25.7,4.3,2,1.0,4.2071738456707015,0.9982948539960897,False,False,False,4.3
381949410,11.0382,3543.0,0.58803,41,2634.76,104.30657,1450.7418,4.5,1814.0,2.73,31.3,9,33.8,-2.0,52.2,4.4,2.0,60,,False,,0,0,False,1164.8,7,9,197.0,90.51,18.5,438.8,4.3,2,0.7777777777777778,6.2121963067827854,0.724381487282795,False,False,False,4.3
322736687,10.426,3224.0,0.282965,2,52.93,21.19152,4225.7776,1.5,1290.0,1.11,8.0,2,0.5,-0.4,8.4,3.5,1.0,0,,False,,0,0,False,703.3,2,2,1266.0,1.12,6.1,0.5,4.2,2,1.0,2.2425947996468847,0.668868045282272,False,False,False,4.2
382914770,13.1216,3421.0,0.302308,1,25.22,12.52444,4185.3878,4.2,40707.0,6.65,18.8,2,8.9,-1.9,20.1,3.1,1.0,0,,False,,0,0,False,29837.1,2,2,41793.0,1.42,7.4,11.5,4.2,2,1.0,1.966802837943938,2.1354453628868098,False,False,False,4.2
339765069,12.9128,3387.0,0.432179,1,25.06,9.74944,4188.876,0.5,29715.0,8.13,13.1,2,5.7,0.2,13.1,3.2,1.0,0,,False,,0,0,False,8175.8,2,2,27459.0,1.43,6.3,8.4,4.2,2,1.0,2.2960285878742233,0.217767323386389,False,False,False,4.2
317547984,13.4802,3310.0,0.502175,1,25.74,9.46066,4274.0262,2.25,42149.0,11.25,43.8,2,19.0,1.3,43.8,2.5,1.0,0,,False,,0,0,False,9268.7,2,2,31731.0,1.55,10.6,41.3,4.2,2,1.0,2.5123809853392687,0.8955648100863822,False,False,False,4.2
227026062,11.5169,3975.0,0.597744,1,24.39,11.76219,4159.1795,1.58,3172.0,3.67,7.4,2,2.1,-0.4,7.1,4.7,1.0,0,,False,,0,0,False,1887.4,2,2,2741.0,1.26,5.7,2.2,4.2,2,1.0,3.034225411065962,0.5207259797632919,False,False,False,4.2
333646803,13.3042,3382.0,0.600092,1,24.1,11.94015,4158.8665,3.15,8542.0,6.05,8.6,2,2.9,0.1,9.0,2.8,1.0,0,,False,,0,0,False,6020.3,2,2,11332.0,1.35,10.1,11.2,4.2,2,1.0,3.0574318095124173,1.0302764530020196,False,False,False,4.2
461691286,13.2028,3405.0,0.624971,1,23.56,9.57418,4162.8388,1.8,8027.0,6.11,7.5,2,0.9,0.0,7.8,3.3,1.0,1,,False,,0,0,False,5413.1,2,2,7502.0,1.04,6.3,0.1,4.2,2,1.0,2.9184263230728638,0.6167707527064612,False,False,False,4.2
462138369,13.1435,3336.0,0.64754,1,24.21,10.5767,4155.1436,6.3,6963.0,5.9,10.7,2,0.0,-0.3,11.2,3.2,1.0,1,,False,,0,0,False,6238.7,2,2,6295.0,1.39,8.4,11.9,4.2,2,1.0,3.0891293234634274,2.0394096006756532,False,False,False,4.2
300791695,11.922,4475.0,0.697589,1,25.67,12.01877,4213.7811,3.15,10111.0,7.65,40.5,2,33.4,-1.8,40.0,2.7,1.0,0,,False,,0,0,False,4391.0,2,2,10739.0,1.78,6.4,58.4,4.2,2,1.0,3.3876202320348,0.929856295641477,False,False,False,4.2
62119332,12.6707,4273.0,0.70457,2,53.34,20.05584,4198.5525,3.6,4542.0,5.18,8.1,2,1.2,0.6,8.4,3.4,1.0,0,,False,,0,0,False,5157.7,2,2,5374.0,1.25,6.3,2.6,4.2,2,1.0,4.044871019886841,0.8900160183848614,False,False,False,4.2
200209039,11.4395,4564.0,0.70669,1,25.01,8.61705,4185.0706,1.05,2399.0,3.78,7.3,2,0.0,-1.2,7.4,3.7,1.0,0,,False,,0,0,False,1196.7,2,2,2621.0,1.34,8.5,9.0,4.2,2,1.0,3.058302658574207,0.34332769422157655,False,False,False,4.2
465198843,12.9249,4518.0,0.736571,1,25.37,6.49237,4184.9365,4.8,17277.0,10.56,19.5,2,2.8,-2.7,19.1,3.0,1.0,0,,False,,0,0,False,9900.1,2,2,19799.0,1.48,12.8,32.8,4.2,2,1.0,2.860788768705164,1.677858936146674,False,False,False,4.2
204450382,11.8396,5019.0,0.743206,1,25.11,9.72928,4235.4927,3.6,4474.0,5.42,12.9,3,7.5,-3.0,13.1,2.9,1.0,0,,False,,0,0,False,3956.9,2,2,5749.0,1.32,8.2,7.3,4.2,2,1.0,3.293376125194836,1.0931032056920083,False,False,False,4.2
165062587,10.2665,5239.0,0.785026,2,53.65,26.66604,4224.6205,6.3,2943.0,4.65,15.4,2,4.3,-1.6,15.7,3.2,1.0,0,,False,,0,0,False,2679.3,2,2,3115.0,1.32,9.6,8.8,4.2,2,1.0,4.780248750254499,1.3179230473444692,False,False,False,4.2
360402401,13.0451,5485.0,0.833124,1,25.06,11.21205,4186.6968,2.4,7153.0,7.69,9.6,2,4.5,-1.3,9.4,3.5,1.0,0,,False,,0,0,False,3969.4,2,2,8544.0,1.58,10.3,48.3,4.2,2,1.0,3.7260018507609813,0.6441220633075733,False,False,False,4.2
172623939,10.4393,5199.0,0.911958,1,25.14,10.56585,4269.1996,3.15,1187.0,3.43,9.0,2,0.0,-1.1,9.2,3.8,1.0,0,,False,,0,0,False,778.1,2,2,908.0,1.1,6.9,0.5,4.2,2,1.0,3.879951819286938,0.8118657516161916,False,False,False,4.2
368763874,10.2421,6010.0,0.997847,1,24.97,11.20188,4186.6848,7.2,715.0,2.91,10.0,2,1.0,-1.8,10.1,3.3,1.0,0,,False,,0,0,False,755.8,2,2,759.0,1.4,8.2,12.3,4.2,2,1.0,4.20095377988016,1.7138965047612102,False,False,False,4.2
229802416,12.1391,5727.0,1.00243,3,79.24,27.17662,4171.5046,1.2,9432.0,10.62,10.3,2,1.3,3.5,9.9,4.2,2.0,0,,False,,0,0,True,3694.9,2,2,8965.0,1.18,5.9,1.2,4.2,2,1.0,5.6620818731280025,0.2119361794634494,False,False,False,4.2
76673558,11.8835,5964.0,1.02354,1,25.04,0.56785,4179.805,0.5,4411.0,7.42,18.1,38,1.5,-14.8,18.1,4.3,1.0,0,,False,,0,0,False,7197.1,32,38,5142.0,2.14,4.5,1.6,4.2,6,0.8421052631578947,1.5813307535131607,0.3161893859897279,False,False,False,4.2
59952738,11.459,6080.0,1.05024,1,25.45,12.49881,4268.7922,4.8,1906.0,5.0,12.3,2,5.2,0.5,12.2,2.3,1.0,0,,False,,0,0,False,1404.1,2,2,1908.0,1.54,9.0,32.2,4.2,2,1.0,4.50841154025844,1.064676540093508,False,False,False,4.2
95252250,11.8003,5758.0,1.08129,1,26.04,11.47946,4273.277,4.8,1372.0,4.37,7.3,2,1.1,0.2,7.5,2.9,1.0,0,,False,,0,0,False,1455.1,2,2,1315.0,1.17,7.6,1.6,4.2,2,1.0,4.468312836509745,1.0742309626980684,False,False,False,4.2
25132999,10.8124,3945.0,0.606897,42,2720.36,114.57437,1397.1787,3.0,639.0,1.67,10.1,7,4.4,1.1,15.8,5.1,2.0,52,"00025132999-05(2:1,ntoi=5)",True,,0,0,False,799.3,5,7,452.0,6.4,8.7,27.1,4.2,4,0.7142857142857143,6.5460720402872825,0.4582900984799338,False,False,False,4.2
149449388,12.378,3860.0,0.608408,25,2577.38,117.69858,1560.199,0.62,4603.0,4.5,9.2,5,5.5,2.3,9.5,5.1,2.0,3,,False,,0,0,False,2309.8,5,5,2343.0,2.71,5.4,2.5,4.2,3,1.0,6.615997195174884,0.093712252546324,False,False,False,4.2
166580485,12.541,3737.0,0.549779,2,53.11,19.09404,4187.6005,4.2,82675.0,17.25,82.5,3,3.3,6.2,82.6,3.1,1.0,0,,False,,0,0,False,54440.5,3,3,106753.0,1.2,7.1,30.6,4.1,3,1.0,3.3726116410188185,1.2453257140306968,False,False,False,4.1
269589318,12.8774,4147.0,0.654483,1,25.8,13.39807,4218.5598,3.0,6471.0,5.74,11.4,2,3.5,-0.0,10.9,3.3,2.0,0,,False,,0,0,False,3549.5,2,2,6490.0,1.0,10.0,0.0,4.1,2,1.0,3.366313988413416,0.8911824655471119,False,False,False,4.1
316475124,12.9698,4217.0,0.690966,1,25.2,8.58884,4184.9357,4.8,7903.0,6.7,7.6,2,0.4,-1.8,7.5,2.8,1.0,0,,False,,0,0,False,6432.3,2,2,8354.0,1.17,8.8,1.9,4.1,2,1.0,3.0094762247872655,1.5949619274162246,False,False,False,4.1
160476756,12.9568,3462.0,0.693606,1,24.1,12.96178,4157.0946,1.8,30576.0,13.23,20.4,2,2.7,8.0,20.3,2.4,2.0,0,,False,,0,0,False,19519.7,2,2,27668.0,1.18,6.6,1.4,4.1,2,1.0,3.4607620271997215,0.5201166638598586,False,False,False,4.1
121157130,12.6876,3633.0,0.693476,2,54.88,21.99682,4239.8954,4.5,2629.0,3.88,8.6,2,0.0,2.7,8.8,3.9,1.0,1,,False,,0,0,False,2304.9,2,2,2934.0,1.44,9.3,18.8,4.1,2,1.0,4.127456941896148,1.090259707938396,False,False,False,4.1
289640610,12.9987,3519.0,0.696812,1,23.92,11.71117,4159.2319,4.2,4551.0,5.13,7.4,2,0.8,-1.8,7.5,3.0,1.0,0,,False,,0,0,False,4767.1,2,2,5609.0,1.02,6.9,0.0,4.1,2,1.0,3.3559756668220344,1.2514989430710683,False,False,False,4.1
159836648,12.1996,5165.0,0.746972,1,26.12,9.65298,4214.5784,0.62,20467.0,11.66,9.9,2,0.8,-0.7,9.0,3.2,1.0,0,,False,,0,0,False,10860.2,2,2,22073.0,1.14,7.0,0.9,4.1,2,1.0,3.2958313312682455,0.18811642274224702,False,False,False,4.1
143798554,11.1915,5374.0,0.773808,1,25.07,11.25554,4186.659,4.2,2544.0,4.26,11.2,2,5.5,1.2,11.1,3.5,1.0,0,,False,,0,0,False,2107.7,2,2,3013.0,1.5,9.1,25.7,4.1,2,1.0,3.5515604917220105,1.1825787593339252,False,False,False,4.1
33875445,12.5095,5322.0,0.787127,1,26.04,12.31739,4268.7893,7.2,2884.0,4.61,9.1,2,2.9,1.7,9.3,3.2,1.0,0,,False,,0,0,False,2749.2,2,2,2645.0,1.31,9.2,7.8,4.1,2,1.0,3.7017839212744112,1.9450081779817283,False,False,False,4.1
57112059,10.1959,4657.0,0.862193,1,25.38,8.0011,4184.8595,3.15,1458.0,3.59,7.2,2,0.0,-2.1,7.5,3.2,1.0,0,,False,,0,0,False,1064.6,2,2,1729.0,1.16,7.5,1.0,4.1,2,1.0,3.406652657973866,0.9246613365841317,False,False,False,4.1
92191930,10.5682,5160.0,0.862399,1,25.79,12.85191,4264.9695,2.1,1987.0,4.19,11.1,2,0.0,0.8,11.0,4.6,1.0,0,,False,,0,0,False,1023.8,2,2,1998.0,1.08,7.7,0.3,4.1,2,1.0,3.9902767287844036,0.5262792890656842,False,False,False,4.1
59795317,11.9748,5384.0,0.86307,1,25.38,13.94302,4179.5376,4.2,7334.0,8.06,9.7,2,2.4,3.3,9.2,4.3,2.0,2,,False,,0,0,True,5183.4,2,2,8454.0,1.14,7.1,0.8,4.1,2,1.0,4.10227330988231,1.0238225692769587,False,False,False,4.1
278614634,11.902,5192.0,0.879843,2,53.38,23.69887,4221.6333,3.15,7416.0,8.27,19.5,2,7.4,-1.2,20.4,4.1,1.0,0,,False,,0,0,False,3057.7,2,2,5692.0,1.43,7.4,12.5,4.1,2,1.0,4.958926016745754,0.6352181882453565,False,False,False,4.1
148309094,12.0895,3956.0,0.882893,1,23.74,7.76711,4158.7316,6.3,1669.0,3.94,7.4,2,0.0,-0.2,7.7,2.9,1.0,0,,False,,0,0,False,2157.1,2,2,1951.0,1.26,8.0,4.4,4.1,2,1.0,3.426889979847688,1.8384015935872007,False,False,False,4.1
33798269,12.2561,5770.0,0.884937,1,25.65,10.68549,4269.4352,4.2,6738.0,7.93,12.7,2,9.3,-1.3,12.9,4.0,1.0,0,,False,,0,0,False,5302.9,2,2,8842.0,1.53,9.2,29.7,4.1,2,1.0,3.8172272070662925,1.1002750876932699,False,False,False,4.1
228463630,11.3946,5691.0,0.905551,1,25.79,11.39722,4264.9546,3.15,10910.0,10.32,35.9,2,0.0,3.4,35.9,3.3,1.0,0,,False,,0,0,False,7467.2,2,2,11351.0,1.31,13.8,10.2,4.1,2,1.0,3.960498752822147,0.7953543724146847,False,False,False,4.1
124032430,11.8009,5603.0,0.918412,1,25.4,5.55529,4268.8735,1.58,2137.0,4.63,8.7,4,3.1,2.2,8.7,2.9,1.0,0,,False,,0,0,False,1529.4,4,4,1298.0,2.58,7.3,5.2,4.1,4,1.0,3.1463152754332584,0.5021747223925068,False,False,False,4.1
210642284,13.147,3580.0,0.938701,1,24.25,9.85701,4161.0711,0.5,32418.0,18.44,15.1,2,8.1,-0.1,14.9,3.0,1.0,2,,False,,0,0,False,7909.0,2,2,26000.0,1.46,6.0,9.3,4.1,2,1.0,3.864929236339511,0.12936847466670615,False,False,False,4.1
289877522,11.3778,3972.0,0.955071,1,24.1,11.7398,4159.3256,6.3,5488.0,7.72,27.6,2,5.9,-15.6,28.6,2.7,1.0,0,,False,,0,0,False,3710.8,2,2,5749.0,1.01,14.3,0.0,4.1,2,1.0,4.144310622068314,1.520156323817214,False,False,False,4.1
148553009,12.0037,4016.0,0.954872,1,23.63,10.30256,4158.7982,6.3,2896.0,5.61,14.7,2,5.1,-3.7,15.0,2.6,1.0,0,,False,,0,0,False,2536.4,2,2,2782.0,1.4,11.5,17.4,4.1,2,1.0,3.967224560021813,1.58801194756804,False,False,False,4.1
93244075,11.3745,5524.0,0.967317,1,25.77,8.77143,4268.8616,2.1,2354.0,5.12,12.0,2,0.0,-0.3,12.5,3.5,1.0,0,,False,,0,0,False,1458.0,2,2,2335.0,1.52,10.2,32.2,4.1,2,1.0,3.7926634657270317,0.5537005903573999,False,False,False,4.1
122228176,11.7297,3878.0,0.972078,1,24.09,11.15242,4153.7474,3.15,2355.0,5.15,7.8,2,0.0,-1.5,8.2,2.9,1.0,0,,False,,0,0,False,2176.3,2,2,2279.0,1.01,6.2,0.0,4.1,2,1.0,4.122228634771545,0.76414975468108,False,False,False,4.1
254113637,11.1352,4954.0,1.00116,1,25.07,9.77359,4185.1512,1.58,2459.0,5.42,11.0,2,3.6,0.2,10.7,4.5,1.0,0,,False,,0,0,False,1005.4,2,2,2440.0,1.3,8.8,6.8,4.1,2,1.0,4.0231107910065775,0.3927309194496943,False,False,False,4.1
255053384,13.0546,3512.0,1.01148,1,24.13,12.57957,4158.8551,3.15,6581.0,8.95,7.2,2,0.5,0.0,7.5,3.6,2.0,0,,False,,0,0,False,4540.0,2,2,6611.0,1.02,7.4,0.0,4.1,2,1.0,4.406242813304025,0.7148947830312533,False,False,False,4.1
335249394,10.3224,6008.0,1.10094,1,24.09,11.68854,4153.3695,4.8,998.0,3.79,12.2,2,0.0,3.7,12.1,2.9,2.0,0,,False,,0,0,False,853.6,2,2,1299.0,1.52,10.4,32.7,4.1,2,1.0,4.549574878468086,1.0550436311570799,False,False,False,4.1
120979223,10.4929,6314.0,1.1367,2,54.91,24.22551,4239.9869,0.5,2800.0,6.56,10.0,2,0.0,0.8,9.9,4.3,1.0,0,,False,,0,0,False,933.7,2,2,2388.0,1.15,5.9,0.8,4.1,2,1.0,5.925566052414289,0.08438012429146444,False,False,False,4.1
142868669,11.5794,5913.0,1.16383,1,25.3,11.41227,4214.4263,1.05,3236.0,7.22,8.6,2,4.5,-1.2,8.6,3.5,1.0,0,,False,,0,0,False,1666.4,2,2,4074.0,1.54,9.7,33.7,4.1,2,1.0,4.683731656362783,0.22418022146371047,False,False,False,4.1
121554340,11.1863,4208.0,1.18211,1,24.03,11.74337,4159.2115,4.8,2132.0,5.95,14.5,2,1.3,4.5,14.5,2.5,1.0,1,,False,,0,0,False,1371.8,2,2,2282.0,1.26,12.4,6.1,4.1,2,1.0,4.777981563980215,1.0046083133065593,False,False,False,4.1
382528236,12.4925,3691.0,0.521845,22,2662.77,114.91788,1347.1282,4.8,1558.0,2.25,8.9,5,4.4,0.4,11.7,4.3,2.0,0,,False,,0,0,False,2055.9,5,5,534.0,9.54,9.7,28.0,4.1,2,1.0,5.925138598680343,0.8101076320930389,False,False,False,4.1
121078952,12.7755,3135.0,0.214284,2,54.86,8.76452,4239.9627,1.58,4425.0,1.56,11.5,5,3.0,1.4,11.1,3.5,1.0,0,,False,,0,0,False,3021.2,5,5,2919.0,3.83,10.7,20.3,4.0,3,1.0,1.3881748416320483,1.1381851569521508,False,False,False,4.0
122556837,11.4677,3436.0,0.360708,2,55.1,25.06367,4239.5312,0.5,7784.0,3.47,9.9,2,0.0,0.2,9.7,4.5,1.0,0,,False,,0,0,False,1800.9,2,2,7853.0,1.36,7.9,8.7,4.0,2,1.0,2.7882199583757945,0.1793258808359087,False,False,False,4.0
182230190,13.3027,3422.0,0.387246,1,25.04,10.32469,4181.4635,1.58,7710.0,3.71,7.4,2,0.0,-1.2,7.5,4.0,1.0,0,,False,,0,0,False,4195.9,2,2,8063.0,1.41,7.4,11.3,4.0,2,1.0,2.175163604707084,0.7263821427412901,False,False,False,4.0
160636299,12.9689,3437.0,0.646391,1,24.1,8.01878,4153.9073,7.2,3068.0,3.91,7.3,3,1.9,1.7,7.4,3.4,1.0,0,,False,,0,0,False,4764.0,3,3,2455.0,1.76,6.4,4.0,4.0,3,1.0,2.8134633414938124,2.5591234454034684,False,False,False,4.0
171611323,13.035,3395.0,0.665993,1,23.76,7.81919,4156.6015,3.6,19450.0,10.13,22.1,2,0.0,-4.9,22.1,2.9,1.0,0,,False,,0,0,False,12951.0,2,2,19985.0,1.13,11.9,1.3,4.0,2,1.0,2.8460465061022377,1.2649125698688348,False,False,False,4.0
159836648,12.1996,5165.0,0.746972,1,26.12,11.56962,4209.3441,0.62,23764.0,12.56,8.9,2,0.0,3.8,8.8,3.1,1.0,0,,False,,0,0,False,10860.2,2,2,42596.0,1.58,5.6,8.4,4.0,2,1.0,3.500936289538575,0.17709548210079432,False,False,False,4.0
34188988,13.0091,5419.21,0.749139,1,26.0,15.02013,4268.8323,7.2,2941.0,4.43,7.1,2,1.1,0.0,7.1,4.4,2.0,0,,False,,0,0,False,3680.1,2,2,3119.0,1.21,7.0,2.2,4.0,2,1.0,3.8265535540121856,1.8815887190317033,False,False,False,4.0
49547313,11.9172,4321.0,0.794512,1,24.19,7.47106,4268.858,2.4,2480.0,4.32,9.2,2,0.0,0.7,9.2,2.8,1.0,0,,False,,0,0,False,1828.7,2,2,2760.0,1.31,7.4,5.8,4.0,2,1.0,3.1530874027373246,0.7611587290337912,False,False,False,4.0
34523723,12.8829,5591.0,0.817894,1,26.04,7.37291,4268.9204,4.5,8271.0,8.12,8.5,2,0.0,-0.8,9.4,4.8,1.0,0,,False,,0,0,False,3245.5,2,2,8975.0,1.02,10.2,0.0,4.0,2,1.0,3.200510721436729,1.4060255976833353,False,False,False,4.0
218759667,11.7472,5323.0,0.820676,1,24.97,12.23974,4185.6811,3.15,3664.0,5.42,10.7,2,5.4,0.2,11.3,3.7,1.0,0,,False,,0,0,False,2165.4,2,2,4386.0,1.55,10.5,40.4,4.0,2,1.0,3.7982205590941565,0.8293357247140088,False,False,False,4.0
124272660,11.9023,5430.0,0.840816,1,25.17,11.74611,4269.291,4.5,1987.0,4.09,7.7,2,0.6,1.2,7.8,3.7,1.0,0,,False,,0,0,False,1870.6,2,2,1892.0,1.15,7.4,1.1,4.0,2,1.0,3.807503344203383,1.1818768345537731,False,False,False,4.0
340106897,11.1428,5477.16,0.848282,1,25.06,11.46628,4186.4411,4.2,3269.0,5.29,23.7,2,18.2,2.3,24.2,2.9,1.0,0,,False,,0,0,False,1224.3,2,2,3389.0,1.76,18.6,261.4,4.0,2,1.0,3.799350055448863,1.1054522322776084,False,False,False,4.0
404032060,10.6146,5535.0,0.861714,2,53.34,26.64791,4197.7405,4.2,2130.0,4.34,15.8,2,1.4,-0.2,16.2,4.3,1.0,0,,False,,0,0,False,1540.5,2,2,1979.0,1.03,7.5,0.0,4.0,2,1.0,5.085552135160053,0.8258690282540615,False,False,False,4.0
101356597,11.7157,5674.0,0.875697,2,52.93,23.06462,4202.756,2.1,2018.0,4.29,7.1,2,1.8,1.4,7.1,4.5,1.0,0,,False,,0,0,False,1504.5,2,2,2817.0,1.4,7.6,10.4,4.0,2,1.0,4.898836780658729,0.4286731920302151,False,False,False,4.0
246894471,10.8196,5781.0,0.878531,1,25.79,5.98759,4265.8195,1.2,19113.0,13.25,47.2,4,1.8,-13.5,45.3,3.3,1.0,0,,False,,0,0,False,16818.5,4,4,16153.0,1.42,5.0,0.7,4.0,3,1.0,3.131821774461398,0.3831635662621231,False,False,False,4.0
160892020,12.2054,3969.0,0.881806,1,23.79,11.90731,4158.8307,4.2,2167.0,4.48,7.5,2,0.6,1.7,7.6,2.8,1.0,0,,False,,0,0,False,2286.9,2,2,2458.0,1.08,6.4,0.3,4.0,2,1.0,3.9481612389151484,1.0637863415005944,False,False,False,4.0
183531341,11.8021,4901.0,0.884043,2,55.24,30.7178,4238.165,1.2,4674.0,6.59,10.5,2,1.3,2.0,9.7,4.5,2.0,0,,False,,0,0,False,1616.7,2,2,3853.0,1.2,9.9,2.8,4.0,2,1.0,5.424011353914624,0.22123847494049484,False,False,False,4.0
276216463,12.4145,3755.0,0.894851,1,24.06,11.94853,4159.1789,3.6,4424.0,6.49,11.0,2,2.7,0.5,11.0,2.9,1.0,1,,False,,0,0,False,2852.5,2,2,4870.0,1.33,8.8,8.1,4.0,2,1.0,3.991599307764077,0.9018941337617793,False,False,False,4.0
364439312,12.541,3915.0,0.897327,1,24.24,11.90919,4159.0732,3.15,6902.0,8.13,11.6,2,0.8,-0.9,9.2,3.3,2.0,0,,False,,0,0,False,2911.5,2,2,7276.0,1.15,8.8,1.5,4.0,2,1.0,3.994565306643814,0.7885714109519947,False,False,False,4.0
335642162,12.0486,3981.0,0.927695,1,24.04,11.50029,4154.2794,4.8,2785.0,5.34,10.5,2,0.0,0.3,10.5,3.1,1.0,0,,False,,0,0,False,2132.1,2,2,3289.0,1.6,13.2,65.8,4.0,2,1.0,4.036900407619903,1.1890310672365605,False,False,False,4.0
441054137,9.97452,5516.0,0.953376,1,25.79,12.84806,4264.9639,1.8,9295.0,10.03,45.1,2,0.0,3.3,45.4,5.1,1.0,0,,False,,0,0,False,3603.1,2,2,8416.0,1.03,10.1,0.0,4.0,2,1.0,4.265765288905337,0.4219641443193206,False,False,False,4.0
209453616,10.8664,5572.0,0.986554,1,25.15,6.94985,4212.1762,3.15,2461.0,5.34,14.8,2,0.0,2.3,15.4,3.9,1.0,0,,False,,0,0,True,1636.8,2,2,2945.0,1.45,8.9,18.5,4.0,2,1.0,3.555882040138024,0.885856157331285,False,False,False,4.0
47717095,8.6309,5331.0,1.1283,1,25.13,10.88004,4266.1619,2.25,790.0,3.46,10.0,2,0.0,-2.8,10.1,2.8,1.0,0,,False,,0,0,False,581.5,2,2,920.0,1.35,8.2,8.6,4.0,2,1.0,4.515454981702678,0.4982886573152313,False,False,False,4.0
92191948,9.89951,5722.7,1.19025,1,25.79,16.8447,4267.082,6.3,364.0,2.48,7.3,2,2.0,0.3,6.5,3.3,2.0,0,,False,,0,0,False,445.1,2,2,382.0,1.21,7.5,2.4,4.0,2,1.0,5.413209654213446,1.163819693385847,False,False,False,4.0
382523882,11.8943,3471.0,0.437415,4,106.53,29.43562,4166.149,0.5,6773.0,3.93,9.6,2,1.9,-0.0,9.6,4.4,1.0,0,,False,,0,0,False,1655.1,2,2,5592.0,1.28,8.4,5.1,3.9,2,1.0,3.345249167081148,0.14946569747935048,False,False,False,3.9
466177968,12.1137,3511.0,0.462375,1,24.75,13.42651,4184.4867,3.15,2908.0,2.72,9.2,2,3.8,0.0,9.7,4.2,2.0,0,,False,,0,0,True,2325.6,2,2,3506.0,1.39,7.1,9.2,3.9,2,1.0,2.6721381252115406,1.1788312775750054,False,False,False,3.9
31749599,13.1995,4473.0,0.573783,1,25.22,9.87771,4187.7125,2.4,32498.0,11.28,8.5,2,1.4,2.3,8.5,4.1,1.0,0,,False,,0,0,False,23677.2,2,2,32950.0,1.24,6.2,2.4,3.9,2,1.0,2.7856432868542385,0.8615604199309609,False,False,False,3.9
147352381,12.6055,3809.0,0.619446,2,53.65,19.01439,4212.1749,1.12,16790.0,8.76,12.9,2,3.5,2.6,13.0,4.3,1.0,0,,False,,0,0,False,7395.4,2,2,15116.0,1.28,10.6,6.2,3.9,2,1.0,3.6467393928286174,0.30712367387768413,False,False,False,3.9
89574346,13.294,4174.0,0.627381,1,25.14,7.9005,4185.0769,2.1,10431.0,6.99,7.3,2,0.0,-1.5,7.2,4.0,1.0,0,,False,,0,0,False,6996.9,2,2,11806.0,1.38,7.2,8.9,3.9,2,1.0,2.7443998983652325,0.7651946063876899,False,False,False,3.9
7696623,12.6051,4185.0,0.635864,2,54.9,7.25699,4239.9846,1.12,9874.0,6.89,7.0,2,0.0,-0.0,6.9,3.3,1.0,0,,False,,0,0,False,6126.8,2,2,11618.0,1.1,7.5,0.4,3.9,2,1.0,2.691761811231758,0.41608436352973033,False,False,False,3.9
124430234,12.5958,4890.0,0.814426,1,24.95,16.13497,4267.6876,6.3,3847.0,5.51,8.1,2,1.3,2.0,8.7,3.6,2.0,0,,False,,0,0,False,6238.5,2,2,4522.0,1.19,6.2,1.4,3.9,2,1.0,4.143481790944622,1.5204604045246062,False,False,False,3.9
464861251,12.7689,3747.0,0.814485,1,24.1,8.00554,4154.7694,6.0,4535.0,5.98,14.0,3,7.4,-1.7,14.4,2.5,1.0,0,,False,,0,0,False,5193.6,3,3,2611.0,3.37,8.2,15.3,3.9,2,1.0,3.280403236032462,1.8290434340800124,False,False,False,3.9
314694713,12.4964,3701.0,0.847134,1,24.38,10.10917,4159.1219,1.05,24668.0,14.52,15.0,2,0.0,-4.8,15.0,4.1,1.0,1,,False,,0,0,False,8902.7,2,2,20240.0,1.18,6.0,1.2,3.9,2,1.0,3.639833650391152,0.2884747218838319,False,False,False,3.9
6475135,12.5299,5523.0,0.882727,1,24.8,14.50001,4183.4398,3.15,3821.0,5.95,8.3,2,2.7,1.9,8.0,3.6,2.0,0,,False,,0,0,False,3105.7,2,2,4726.0,1.4,7.8,11.1,3.9,2,1.0,4.219056438401777,0.7466124347919965,False,False,False,3.9
93244075,11.3745,5524.0,0.967317,1,25.77,10.44023,4268.8616,2.1,2742.0,5.53,12.4,2,0.0,-2.3,12.6,3.5,1.0,0,,False,,0,0,False,1458.0,2,2,2756.0,1.29,11.3,6.9,3.9,2,1.0,4.01936577047269,0.5224704891072985,False,False,False,3.9
159536077,10.873,4581.0,1.0982,1,24.1,11.89041,4159.0448,7.2,4547.0,8.08,27.1,2,7.6,0.4,28.5,4.6,1.0,0,,False,,0,0,False,2523.3,2,2,3338.0,1.07,7.0,0.2,3.9,2,1.0,4.568022106301933,1.5761745088901944,False,False,False,3.9
149480700,10.513,6229.0,1.10886,1,23.58,9.73995,4156.8439,0.5,2057.0,5.49,7.6,2,0.0,2.0,7.6,3.4,1.0,0,,False,,0,0,False,745.1,2,2,2010.0,1.39,8.4,11.6,3.9,2,1.0,4.301748488491508,0.11623180698212665,False,False,False,3.9
276351918,12.1762,3977.0,1.12088,1,23.64,12.81342,4154.1871,3.6,2927.0,6.62,7.2,2,0.2,2.7,7.5,3.1,2.0,0,,False,,0,0,False,3280.3,2,2,2591.0,1.19,5.8,1.2,3.9,2,1.0,4.747548331110727,0.7582861192605808,False,False,False,3.9
123318670,10.3932,6225.0,1.12196,4,110.68,45.12456,4186.942,0.5,2714.0,6.38,9.2,2,2.2,-0.2,9.2,4.9,1.0,0,,False,,0,0,False,634.1,2,2,2399.0,1.21,9.7,3.0,3.9,2,1.0,7.227657039509018,0.0691787113399013,False,False,False,3.9
142930468,11.7918,5739.0,1.13602,1,25.17,11.15305,4210.5505,2.1,2100.0,5.68,7.1,2,2.7,2.3,7.2,2.9,1.0,0,,False,,0,0,False,1748.3,2,2,2748.0,1.37,6.9,7.5,3.9,2,1.0,4.573655984769412,0.45915128006853684,False,False,False,3.9
142868669,11.5794,5913.0,1.16383,1,25.3,11.74508,4214.092,1.2,3205.0,7.19,9.2,2,3.8,0.4,9.1,3.9,1.0,0,,False,,0,0,False,1666.4,2,2,4155.0,1.48,10.0,24.1,3.9,2,1.0,4.72882583439137,0.2537627821419749,False,False,False,3.9
31740375,11.7966,3379.0,0.391358,13,2662.78,80.20432,1353.5165,4.2,3050.0,2.36,19.2,3,7.1,2.3,23.0,3.6,2.0,19,,False,,0,0,False,1658.7,3,3,1212.0,5.14,10.8,64.2,3.9,2,1.0,4.3383410646045135,0.9681119896881311,False,False,False,3.9
299942684,12.3747,3649.0,0.573809,28,2009.38,89.26748,2097.2121,1.8,8263.0,5.69,12.5,6,9.6,0.2,19.2,5.1,2.0,0,,False,,0,0,False,5452.4,6,6,3424.0,10.89,7.5,30.2,3.9,3,1.0,5.802533050375659,0.31020934898138447,False,False,False,3.9
382528236,12.4925,3691.0,0.521845,22,2662.77,107.21564,1408.7407,4.2,1501.0,2.21,8.7,6,4.1,-0.3,13.3,5.2,2.0,0,,False,,0,0,False,2055.9,6,6,802.0,6.63,8.7,21.8,3.9,3,1.0,5.789690647073127,0.725427359771499,False,False,False,3.9
270599758,13.1302,3303.0,0.605971,1,24.41,6.17222,4158.8135,4.2,68979.0,17.36,39.1,3,14.8,-9.4,39.0,3.2,1.0,0,,False,,0,0,False,31710.6,3,3,58702.0,2.16,14.0,49.8,3.8,2,1.0,2.4697708108453265,1.700562652031048,False,False,False,3.8
129621749,12.5859,3376.0,0.660799,1,24.1,10.956,4159.1946,2.4,4694.0,4.94,7.5,2,3.0,2.2,7.1,3.0,1.0,0,,False,,0,0,False,3912.0,2,2,5078.0,1.23,6.4,2.3,3.8,2,1.0,3.1681462381918655,0.7575407887010088,False,False,False,3.8
1529697,12.2845,3899.0,0.680742,2,54.27,19.68539,4240.9305,4.8,2061.0,3.37,7.5,2,0.0,0.1,7.7,3.4,1.0,0,,False,,0,0,False,1922.5,2,2,2450.0,1.33,7.9,7.0,3.8,2,1.0,3.928661998229578,1.2217900145553584,False,False,False,3.8
423660874,11.5701,4408.0,0.70651,1,25.79,12.15616,4264.954,2.25,2722.0,4.02,9.5,2,0.0,0.5,9.5,4.8,1.0,0,,False,,0,0,False,1569.6,2,2,2610.0,1.0,8.3,0.0,3.8,2,1.0,3.4294091749553877,0.6560896892769494,False,False,False,3.8
180145929,12.6489,4793.0,0.722888,4,110.64,48.10911,4185.032,3.15,5657.0,5.93,8.4,2,0.0,0.4,8.8,7.2,1.0,0,,False,,0,0,False,3143.3,2,2,6668.0,1.32,10.2,8.3,3.8,2,1.0,5.508052595063013,0.5718899639454084,False,False,False,3.8
269586064,9.3377,4514.0,0.746019,1,25.85,6.95872,4212.1612,3.6,589.0,1.98,8.6,2,0.0,0.5,8.8,3.2,1.0,0,,False,,0,0,True,436.9,2,2,710.0,1.44,6.6,10.4,3.8,2,1.0,2.9526910455620725,1.2192267814171889,False,False,False,3.8
364071860,11.8864,4722.0,0.751965,2,51.12,24.97066,4172.951,4.8,3522.0,4.87,11.6,2,3.2,-1.4,11.7,4.0,1.0,0,,False,,0,0,False,3233.3,2,2,3678.0,1.29,8.8,5.6,3.8,2,1.0,4.544471516945162,1.0562284265842659,False,False,False,3.8
405951240,10.8539,4953.0,0.759902,1,25.04,11.70817,4186.5274,2.4,1636.0,3.35,7.9,2,2.8,-0.0,8.0,4.0,1.0,0,,False,,0,0,False,1137.3,2,2,1632.0,1.36,6.8,6.6,3.8,2,1.0,3.555300868540229,0.6750483542017123,False,False,False,3.8
143798554,11.1915,5374.0,0.773808,1,25.07,13.0888,4184.8278,4.5,3033.0,4.65,11.9,2,2.8,-1.3,11.4,3.7,2.0,0,,False,,0,0,False,2107.7,2,2,3073.0,1.31,8.7,6.7,3.8,2,1.0,3.7347687373976544,1.204893881364004,False,False,False,3.8
73950795,10.3198,5154.81,0.775338,1,25.06,10.41681,4187.4968,4.2,1387.0,3.15,16.6,2,8.9,0.5,16.5,3.1,1.0,0,,False,,0,0,False,1130.9,2,2,1084.0,1.38,5.1,3.8,3.8,2,1.0,3.4656171815434846,1.2119053490291858,False,False,False,3.8
224775005,10.0788,5259.0,0.776241,1,24.54,8.9055,4161.2704,7.2,969.0,2.64,9.2,2,1.0,-0.8,8.8,3.3,1.0,0,,False,,0,0,False,1196.2,2,2,946.0,1.26,7.0,3.4,3.8,2,1.0,3.2917394216577804,2.1872934268818724,False,False,False,3.8
34081374,12.6628,5034.0,0.782374,1,25.68,16.04917,4269.2449,6.0,2894.0,4.59,7.1,2,2.0,0.0,6.5,3.3,2.0,1,,False,,0,0,False,3125.4,2,2,2818.0,1.34,6.3,5.2,3.8,2,1.0,4.026880662996957,1.489987040126134,False,False,False,3.8
34081374,12.6628,5034.0,0.782374,1,25.68,8.03081,4269.2449,6.0,2946.0,4.63,7.1,2,0.0,-4.2,7.2,4.1,1.0,1,,False,,0,0,False,3125.4,2,2,2899.0,1.36,6.4,6.0,3.8,2,1.0,3.1969635449846527,1.8767808627072735,False,False,False,3.8
408932664,13.1285,4877.0,0.794924,1,26.04,13.49983,4270.3269,7.2,4440.0,5.78,10.0,2,4.4,1.9,9.9,2.9,2.0,0,,False,,0,0,True,4571.0,2,2,4937.0,1.53,8.1,24.3,3.8,2,1.0,3.8418004229566463,1.874121299215977,False,False,False,3.8
246802048,12.0773,5100.0,0.803287,1,25.07,12.79607,4184.8122,1.05,4915.0,6.14,8.7,2,2.3,1.1,8.1,3.5,2.0,0,,False,,0,0,False,2245.3,2,2,5269.0,1.33,9.3,8.5,3.8,2,1.0,3.800268852623589,0.2762962413238506,False,False,False,3.8
51926326,11.6722,5517.0,0.859837,1,25.14,14.79086,4266.3217,4.2,1654.0,3.81,7.8,2,2.0,2.7,7.5,3.1,2.0,0,,False,,0,0,False,1674.5,2,2,1825.0,1.28,7.4,4.5,3.8,2,1.0,4.1733376413787235,1.0063887374836196,False,False,False,3.8
59795317,11.9748,5384.0,0.86307,1,25.38,11.7848,4182.1313,2.1,7096.0,7.93,7.6,2,3.4,0.3,8.0,3.3,1.0,2,,False,,0,0,False,5183.4,2,2,8476.0,1.49,7.1,15.6,3.8,2,1.0,3.8786421569687155,0.5414265908049682,False,False,False,3.8
141082591,12.3494,3787.0,0.880608,1,24.06,10.41706,4160.5521,3.6,6586.0,7.8,12.4,2,6.0,1.2,12.4,3.1,1.0,0,,False,,0,0,False,5374.1,2,2,8385.0,1.54,6.4,17.1,3.8,2,1.0,3.772637699305533,0.9542395233612514,False,False,False,3.8
33798269,12.2561,5770.0,0.884937,1,25.65,7.05492,4266.0352,4.2,3905.0,6.03,10.5,4,3.5,2.2,11.5,3.2,1.0,0,,False,,0,0,False,5302.9,4,4,3626.0,3.42,7.1,20.1,3.8,2,1.0,3.3238944751689146,1.2635780201134585,False,False,False,3.8
123270708,9.9031,5833.4,1.04688,4,110.66,33.28734,4197.9139,1.8,696.0,3.01,7.2,2,1.9,-0.1,7.3,4.8,1.0,0,,False,,0,0,False,444.9,2,2,749.0,1.3,7.1,4.8,3.8,2,1.0,6.235901691886596,0.28865111878558686,False,False,False,3.8
32832708,11.4497,4783.0,1.09621,1,25.15,10.51133,4273.3418,4.8,2649.0,6.16,20.0,2,10.8,1.6,20.4,2.6,1.0,0,,False,,0,0,False,1550.6,2,2,2787.0,1.65,13.6,87.0,3.8,2,1.0,4.378815943079066,1.0961867460053067,False,False,False,3.8
276351918,12.1762,3977.0,1.12088,1,23.64,12.78219,4154.2058,3.0,3327.0,7.05,7.4,2,0.3,2.2,7.6,3.2,2.0,0,,False,,0,0,False,3280.3,2,2,2928.0,1.12,6.0,0.5,3.8,2,1.0,4.743688145113983,0.6324193134597205,False,False,False,3.8
123318670,10.3932,6225.0,1.12196,4,110.68,38.37307,4186.942,0.5,2333.0,5.91,9.3,2,3.2,-1.6,9.3,5.1,1.0,0,,False,,0,0,False,634.1,2,2,2230.0,1.3,9.4,6.7,3.8,2,1.0,6.847552833877613,0.07301878673009982,False,False,False,3.8
142930468,11.7918,5739.0,1.13602,1,25.17,12.08881,4207.5973,3.15,2330.0,5.98,8.5,2,0.0,0.7,8.5,4.3,1.0,0,,False,,0,0,False,1748.3,2,2,2547.0,1.16,8.5,1.5,3.8,2,1.0,4.698149108676663,0.6704768041913567,False,False,False,3.8
38759628,10.4964,3316.0,0.347011,43,2661.15,97.51752,1332.2232,1.5,511.0,0.86,17.3,11,3.0,-0.4,18.3,2.3,2.0,5,,False,,0,0,False,606.2,10,11,200.0,4.03,14.7,4.3,3.8,2,0.9090909090909091,4.2736406793557995,0.3509887967993854,False,False,False,3.8
346831157,13.474,3848.0,0.584259,1,25.22,10.57585,4187.3502,4.8,20303.0,9.08,10.2,2,4.5,-1.0,10.9,2.9,1.0,0,,False,,0,0,False,19883.2,2,2,23311.0,1.44,6.4,9.6,3.7,2,1.0,2.8843657428769536,1.6641440191327244,False,False,False,3.7
86522176,13.1888,3943.0,0.586179,1,25.11,6.69123,4184.3075,6.3,8788.0,6.0,12.1,4,1.8,0.6,12.5,3.6,1.0,0,,False,,0,0,False,12867.9,4,4,7884.0,2.57,6.6,10.2,3.7,3,1.0,2.4815924008642245,2.538692493499738,False,False,False,3.7
386941443,13.2479,3368.0,0.623956,1,24.13,11.84961,4158.7571,4.2,4714.0,4.67,7.4,2,3.0,0.8,7.4,3.1,1.0,0,,False,,0,0,False,4598.1,2,2,5798.0,1.36,9.1,9.9,3.7,2,1.0,3.1300092655809917,1.341849062935728,False,False,False,3.7
121408007,12.3841,3532.0,0.687668,1,24.05,11.97311,4158.8847,1.05,12042.0,8.23,15.6,2,6.2,0.7,15.6,2.9,1.0,1,,False,,0,0,False,3342.0,2,2,9879.0,1.35,10.3,9.8,3.7,2,1.0,3.3511702742593417,0.31332338080972794,False,False,False,3.7
57840359,13.2887,4382.0,0.689637,1,25.36,9.6677,4188.1291,1.2,43608.0,15.71,15.8,2,8.6,-1.9,16.0,3.3,1.0,0,,False,,0,0,False,17335.0,2,2,48250.0,1.53,9.9,31.3,3.7,2,1.0,3.1265332506140506,0.3838116865586893,False,False,False,3.7
159836648,12.1996,5165.0,0.746972,1,26.12,12.62983,4218.3154,0.5,21119.0,11.84,8.9,2,0.5,0.4,8.9,3.2,1.0,0,,False,,0,0,False,10860.2,2,2,23047.0,1.17,6.0,1.1,3.7,2,1.0,3.604765441086445,0.13870528004432497,False,False,False,3.7
33990715,13.1494,5361.0,0.766789,1,25.91,10.29404,4269.1383,2.25,7850.0,7.41,8.8,3,5.3,-0.3,9.0,4.3,1.0,0,,False,,0,0,False,4390.6,3,3,11032.0,1.49,12.1,28.7,3.7,3,1.0,3.4265270179951623,0.6566415464356851,False,False,False,3.7
393796002,11.7619,5015.0,0.779365,1,25.65,11.577,4266.8519,3.15,2300.0,4.08,7.4,2,0.0,0.9,7.6,3.4,1.0,0,,False,,0,0,False,1717.2,2,2,2429.0,1.06,6.2,0.1,3.7,2,1.0,3.6021979169638594,0.8744661100284579,False,False,False,3.7
351521478,13.3337,3679.0,0.790875,1,24.25,0.78941,4153.5448,0.5,70714.0,22.94,42.0,27,9.9,-23.9,43.4,4.3,1.0,0,,False,,0,0,False,97377.7,23,27,63391.0,2.94,4.1,1.9,3.7,4,0.8518518518518519,1.4860989712333759,0.3364513465647776,False,False,False,3.7
50015998,11.6109,5421.0,0.792238,1,25.22,9.87586,4188.0816,2.1,4148.0,5.57,8.2,2,3.8,0.6,8.2,4.1,1.0,0,,False,,0,0,False,2337.7,2,2,5032.0,1.55,9.1,31.1,3.7,2,1.0,3.45385193306394,0.6080167999955554,False,False,False,3.7
160378544,12.368,4331.0,0.828328,1,24.22,8.87936,4269.1965,1.58,9312.0,8.72,15.7,2,0.0,1.3,16.2,3.2,1.0,0,,False,,0,0,False,2464.8,2,2,7521.0,1.33,13.7,10.4,3.7,2,1.0,3.434027300348943,0.46010117620190466,False,False,False,3.7
60743206,10.7406,5476.0,0.862466,1,25.37,12.88089,4185.0374,4.2,2269.0,4.48,14.0,2,4.7,-2.7,12.4,3.0,1.0,0,,False,,0,0,False,1211.0,2,2,2072.0,1.43,9.4,16.2,3.7,2,1.0,3.9934805488245892,1.0517141497624662,False,False,False,3.7
48178704,12.5977,4607.0,0.907479,1,25.14,11.13902,4272.715,3.6,3262.0,5.65,7.5,2,2.2,1.4,7.4,2.5,1.0,1,,False,,0,0,False,3129.0,2,2,3146.0,1.22,5.9,1.7,3.7,2,1.0,3.9359388680373533,0.9146483521973835,False,False,False,3.7
155951591,12.0108,5955.0,0.959323,4,106.58,37.45006,4153.6848,0.75,7182.0,8.87,12.8,2,0.0,0.0,12.7,4.0,1.0,0,,False,,0,0,False,1731.7,2,2,5807.0,1.45,6.2,10.0,3.7,2,1.0,6.118839166198026,0.12257226895963937,False,False,False,3.7
22302186,10.4968,5290.0,0.981568,1,24.94,10.89443,4186.8147,6.3,1364.0,3.95,15.6,2,6.1,-0.2,15.9,3.9,1.0,0,,False,,0,0,False,1376.2,2,2,1575.0,1.45,8.2,15.1,3.7,2,1.0,4.116771155728972,1.5303255298106158,False,False,False,3.7
334429114,11.1282,4329.0,1.05438,1,24.06,11.09727,4153.4322,4.8,1474.0,4.42,10.7,2,0.0,-0.7,11.5,2.7,1.0,0,,False,,0,0,False,1189.4,2,2,2149.0,1.63,18.9,103.8,3.7,2,1.0,4.344553182392458,1.104831681990537,False,False,False,3.7
33866942,12.6265,5470.0,1.13732,1,25.75,14.66487,4272.0578,0.5,11823.0,13.49,8.6,2,2.1,0.0,8.1,3.1,2.0,0,,False,,0,0,False,4593.0,2,2,9446.0,1.33,5.5,3.6,3.7,2,1.0,5.014444367469193,0.09971194480563192,False,False,False,3.7
204450383,10.0647,6208.5,1.17259,1,25.11,9.30039,4235.946,1.58,1722.0,5.31,14.0,2,9.6,0.7,14.0,2.8,1.0,0,,False,,0,0,False,548.9,2,2,1741.0,1.6,14.6,69.2,3.7,2,1.0,4.3968279482573,0.3593499719783757,False,False,False,3.7
55744694,12.0523,3593.0,0.432247,31,2661.11,81.46119,1341.8168,4.8,1221.0,1.65,9.1,5,4.5,1.3,12.6,3.8,2.0,0,,False,,0,0,False,1427.1,5,5,804.0,7.66,8.2,45.4,3.7,3,1.0,4.6595774611366325,1.0301363245990793,False,False,False,3.7
372848247,12.2458,3316.0,0.275039,28,2691.55,110.3487,1464.0159,1.8,2133.0,1.39,7.6,4,5.0,-0.6,10.1,4.4,2.0,0,,False,,0,0,False,1634.7,4,4,1257.0,3.65,7.4,11.2,3.7,3,1.0,3.814112990922869,0.4719314829643967,False,False,False,3.7
149449388,12.378,3860.0,0.608408,25,2577.38,111.57984,1493.3839,0.5,3589.0,3.98,7.7,7,3.8,0.6,9.8,5.4,2.0,3,,False,,0,0,False,2309.8,5,7,3032.0,5.26,11.2,37.8,3.7,5,0.7142857142857143,6.499303474500159,0.07693132071178649,False,False,False,3.7
382528236,12.4925,3691.0,0.521845,22,2662.77,110.89565,1379.3157,4.2,1741.0,2.38,9.0,5,6.2,-0.2,13.3,5.2,2.0,0,,False,,0,0,False,2055.9,5,5,650.0,8.17,8.9,23.1,3.7,2,1.0,5.855187613552967,0.7173126255217316,False,False,False,3.7
382914770,13.1216,3421.0,0.302308,1,25.22,14.1412,4183.7628,4.2,42706.0,6.82,19.0,2,9.7,6.0,19.2,2.8,2.0,0,,False,,0,0,False,29837.1,2,2,42614.0,1.49,7.2,16.1,3.6,2,1.0,2.048032334086076,2.0507488725143728,False,False,False,3.6
160629127,13.4213,3264.0,0.579772,1,24.08,11.07661,4160.332,4.8,16234.0,8.06,13.9,2,2.0,-0.7,14.0,3.3,1.0,1,,False,,0,0,False,8036.3,2,2,13689.0,1.32,12.9,8.7,3.6,2,1.0,2.914173517100286,1.6471222361447382,False,False,False,3.6
465487700,13.4001,4310.0,0.614801,1,25.29,11.6273,4186.2958,3.15,27630.0,11.15,12.4,2,7.6,1.9,12.3,3.0,1.0,0,,False,,0,0,False,16741.6,2,2,31664.0,1.55,8.4,28.0,3.6,2,1.0,3.0798126384628284,1.022789490717917,False,False,False,3.6
140485808,12.7441,3558.0,0.678659,1,23.77,10.71042,4159.0835,2.4,7218.0,6.29,8.2,2,0.4,0.2,8.2,2.7,1.0,1,,False,,0,0,False,4036.1,2,2,8409.0,1.03,8.3,0.0,3.6,2,1.0,3.2006992626681865,0.749836146117426,False,False,False,3.6
95356818,12.0133,4766.0,0.681922,1,24.24,11.68853,4159.1389,1.8,26305.0,12.07,35.7,2,3.9,0.2,35.4,4.4,1.0,0,,False,,0,0,False,7680.6,2,2,24720.0,1.21,12.1,2.9,3.6,2,1.0,3.3058620513212595,0.5444873294941606,False,False,False,3.6
96469687,10.7011,4897.04,0.68292,1,25.09,13.16862,4184.7486,2.4,1100.0,2.47,7.1,2,2.4,-3.2,6.6,3.3,2.0,0,,False,,0,0,False,846.6,2,2,1071.0,1.33,7.7,6.5,3.6,2,1.0,3.443247733934775,0.6970163593943318,False,False,False,3.6
8162742,11.1617,4123.0,0.690859,1,24.14,11.78095,4159.1614,2.25,1461.0,2.88,7.6,2,3.0,-1.5,7.7,4.4,1.0,0,,False,,0,0,False,945.5,2,2,1657.0,1.38,7.7,9.1,3.6,2,1.0,3.343448807965226,0.6729578136921789,False,False,False,3.6
121157130,12.6876,3633.0,0.693476,2,54.88,20.72566,4239.9517,3.0,3312.0,4.35,8.6,2,0.0,0.2,8.6,3.7,1.0,1,,False,,0,0,False,2304.9,2,2,3523.0,1.33,7.6,6.1,3.6,2,1.0,4.046367968973426,0.7414056316685177,False,False,False,3.6
383854713,12.7454,3598.0,0.695361,1,24.08,11.40659,4154.976,6.3,3373.0,4.41,7.9,2,2.5,1.5,7.9,2.9,1.0,0,,False,,0,0,False,3624.4,2,2,4134.0,1.51,10.4,27.5,3.6,2,1.0,3.3220063427508837,1.8964443020247523,False,False,False,3.6
93331777,13.2545,3736.0,0.697322,1,25.61,13.73296,4272.4068,7.2,4582.0,5.15,12.1,2,8.1,1.1,12.4,2.8,2.0,1,,False,,0,0,True,3620.8,2,2,4681.0,1.62,11.2,59.0,3.6,2,1.0,3.5406684174838285,2.033514339960891,False,False,False,3.6
303382543,13.1541,4264.0,0.728933,2,51.12,20.66466,4156.9679,4.2,23615.0,12.22,25.2,2,0.0,3.1,25.0,3.0,1.0,0,,False,,0,0,False,7438.9,2,2,18147.0,1.72,19.2,177.5,3.6,2,1.0,4.179036105653184,1.0050164425041597,False,False,False,3.6
201387388,12.4304,4863.59,0.737438,1,23.78,10.21475,4268.8462,2.25,3609.0,4.83,7.6,2,0.0,0.3,7.8,3.3,1.0,0,,False,,0,0,False,2347.1,2,2,3212.0,1.06,6.5,0.2,3.6,2,1.0,3.3299257513358875,0.6756907414819544,False,False,False,3.6
204450382,11.8396,5019.0,0.743206,1,25.11,8.45673,4236.7865,4.5,4713.0,5.57,14.2,2,6.6,3.2,14.2,3.5,1.0,0,,False,,0,0,False,3956.9,2,2,5243.0,1.46,7.8,15.4,3.6,2,1.0,3.1430304396583364,1.4317392358723617,False,False,False,3.6
33937286,13.4699,4439.0,0.75587,1,25.89,8.5726,4269.1907,1.2,9398.0,7.99,7.4,2,0.0,-1.3,7.0,3.5,1.0,0,,False,,0,0,False,4752.0,2,2,8942.0,1.32,8.5,6.7,3.6,2,1.0,3.1930855409332652,0.3758120428083701,False,False,False,3.6
73950795,10.3198,5154.81,0.775338,1,25.06,11.6147,4186.2968,4.2,1332.0,3.09,15.8,2,9.6,-3.6,16.5,3.1,1.0,0,,False,,0,0,False,1130.9,2,2,1105.0,1.35,5.0,3.3,3.6,2,1.0,3.5936712016244017,1.1687212781462943,False,False,False,3.6
330652791,11.142,5260.0,0.827593,1,25.31,11.60085,4185.073,2.1,2254.0,4.29,8.5,2,4.8,-1.8,8.7,3.1,1.0,0,,False,,0,0,False,1298.4,2,2,2509.0,1.46,11.0,21.8,3.6,2,1.0,3.751884297312038,0.5597187529222324,False,False,False,3.6
254113637,11.1352,4954.0,1.00116,1,25.07,10.34793,4184.5778,2.1,1806.0,4.64,9.0,2,5.3,-0.2,9.1,3.3,1.0,0,,False,,0,0,False,1005.4,2,2,1976.0,1.51,7.5,18.9,3.6,2,1.0,4.100420988566538,0.5121425350849492,False,False,False,3.6
317798405,10.5505,5982.0,1.0333,1,26.04,9.24223,4269.227,2.4,1198.0,3.9,8.3,2,0.0,-1.0,8.1,3.2,1.0,0,,False,,0,0,False,697.2,2,2,1046.0,1.31,8.9,6.6,3.6,2,1.0,4.032906663899071,0.5951042759019981,False,False,False,3.6
51926341,10.854,5713.0,1.15266,1,25.14,11.61762,4268.8676,0.5,4365.0,8.31,7.3,2,2.4,0.4,7.3,4.0,1.0,0,,False,,0,0,False,1650.2,2,2,3666.0,1.35,6.5,5.9,3.6,2,1.0,4.681461951003753,0.10680424304053031,False,False,False,3.6
453099618,10.6224,3767.0,0.626184,44,2720.36,81.87042,1354.6102,1.5,1895.0,2.97,9.9,10,6.4,1.3,13.1,5.4,2.0,1,,False,,0,0,False,2073.4,7,10,1043.0,11.69,5.4,11.8,3.6,4,0.7,5.975651724554717,0.25101864518581435,False,False,False,3.6
307218050,11.5041,3575.0,0.383416,26,2691.55,46.77032,1399.2532,1.8,344.0,0.78,17.4,12,2.6,4.4,24.2,4.9,1.0,4,,False,,0,0,False,1529.6,10,12,299.0,6.71,15.6,4.2,3.6,5,0.8333333333333334,3.575295117842596,0.5034549430666736,False,False,False,3.6
79019928,11.2932,3499.0,0.429577,2,53.11,21.33639,4183.1831,1.12,3604.0,2.81,9.2,2,0.0,0.5,9.2,3.8,1.0,0,,False,,0,0,False,1634.6,2,2,4102.0,1.67,5.2,20.8,3.5,2,1.0,2.9689937830438295,0.37723218094844563,False,False,False,3.5
406349404,12.409,4061.0,0.576776,1,25.79,11.17665,4272.5995,1.12,19320.0,8.75,13.5,2,8.3,-2.3,13.9,3.0,1.0,0,,False,,0,0,False,8822.4,2,2,18441.0,1.43,10.0,15.8,3.5,2,1.0,2.9128422476019233,0.38450417317383756,False,False,False,3.5
147352381,12.6055,3809.0,0.619446,2,53.65,20.41321,4212.1749,1.12,22060.0,10.04,13.2,2,1.3,-0.1,13.3,4.5,1.0,0,,False,,0,0,False,7395.4,2,2,22468.0,1.14,10.7,0.7,3.5,2,1.0,3.7340577504409436,0.2999417992042953,False,False,False,3.5
181794086,11.7767,4695.87,0.632846,1,25.06,9.33528,4186.4686,3.15,3355.0,4.0,11.6,2,2.4,0.3,12.0,2.8,1.0,0,,False,,0,0,False,3021.0,2,2,3696.0,1.29,6.9,4.2,3.5,2,1.0,2.918207055704466,1.0794299170247117,False,False,False,3.5
160636299,12.9689,3437.0,0.646391,1,24.1,11.69961,4153.9073,7.2,3981.0,4.45,7.2,2,0.0,-0.3,7.4,3.4,1.0,0,,False,,0,0,False,4764.0,2,2,3574.0,1.21,6.5,1.8,3.5,2,1.0,3.1910158128595607,2.256334791881797,False,False,False,3.5
166701210,12.249,3627.0,0.656456,3,83.08,31.49167,4237.3067,2.4,4587.0,4.85,10.7,2,0.3,-1.6,10.8,3.7,1.0,3,,False,,0,0,False,1969.5,2,2,5535.0,1.11,10.6,0.7,3.5,2,1.0,4.484808870299142,0.535139862011537,False,False,False,3.5
148157626,12.6553,3973.0,0.669414,1,23.6,10.43305,4159.7614,2.4,4772.0,5.04,8.9,2,4.6,-0.3,8.8,3.1,1.0,0,,False,,0,0,False,2874.8,2,2,5279.0,1.5,9.9,25.2,3.5,2,1.0,3.143947250932365,0.7633715862402777,False,False,False,3.5
217209368,12.486,4171.0,0.677363,1,25.14,10.91505,4185.501,2.1,9735.0,7.29,9.4,2,5.3,0.1,9.8,3.4,1.0,0,,False,,0,0,False,5262.7,2,2,10231.0,1.51,9.8,26.6,3.5,2,1.0,3.216852766918842,0.6528119724955324,False,False,False,3.5
95356818,12.0133,4766.0,0.681922,1,24.24,12.20787,4159.1014,3.0,30152.0,12.92,37.0,2,2.3,-1.4,28.8,3.0,2.0,0,,False,,0,0,False,7680.6,2,2,25985.0,1.32,12.8,8.2,3.5,2,1.0,3.354115862296497,0.8944234854027848,False,False,False,3.5
162928477,12.2048,4489.0,0.681178,1,24.25,9.09851,4153.7012,4.2,3402.0,4.33,8.5,2,4.9,1.0,8.4,3.1,1.0,0,,False,,0,0,False,2947.0,2,2,3921.0,1.48,9.5,20.1,3.5,2,1.0,3.0388233980076333,1.3821138809032725,False,False,False,3.5
115445163,12.6302,4955.0,0.743543,3,106.58,39.14098,4153.6786,0.75,7958.0,7.24,7.6,2,0.0,-1.6,7.6,4.4,1.0,0,,False,,0,0,False,2559.9,2,2,6896.0,1.03,11.4,0.1,3.5,2,1.0,5.23949687094878,0.14314351520247942,False,False,False,3.5
408786100,11.643,5454.0,0.820877,1,25.22,11.84122,4186.0975,4.2,3200.0,5.07,8.5,2,3.5,0.3,9.1,3.7,1.0,0,,False,,0,0,False,2616.1,2,2,4111.0,1.38,9.8,11.1,3.5,2,1.0,3.757155492169045,1.11786696311983,False,False,False,3.5
330652791,11.142,5260.0,0.827593,1,25.31,11.07278,4185.0776,1.58,2637.0,4.64,9.0,2,4.1,0.1,8.9,3.2,1.0,0,,False,,0,0,False,1298.4,2,2,2854.0,1.4,12.0,14.7,3.5,2,1.0,3.6940694564047347,0.42771258598308554,False,False,False,3.5
124272660,11.9023,5430.0,0.840816,1,25.17,9.85429,4269.291,4.5,1738.0,3.82,7.2,2,0.0,0.4,7.4,3.4,1.0,0,,False,,0,0,False,1870.6,2,2,1850.0,1.18,7.1,1.4,3.5,2,1.0,3.5910163726079145,1.2531271186413309,False,False,False,3.5
261447382,11.3405,5340.0,0.857,1,25.18,13.45326,4184.4432,4.2,7217.0,7.94,31.6,2,26.7,0.0,31.8,2.7,2.0,0,,False,,0,0,True,2247.9,2,2,7204.0,1.84,16.6,378.0,3.5,2,1.0,4.034639045731178,1.0409853155126183,False,False,False,3.5
263264755,12.4845,3672.0,0.861954,1,25.33,10.61525,4187.3125,3.15,10709.0,9.73,12.0,2,7.1,-0.0,11.7,3.0,1.0,1,,False,,0,0,False,6248.8,2,2,13118.0,1.55,11.4,38.9,3.5,2,1.0,3.742608754988787,0.841658908589134,False,False,False,3.5
228463630,11.3946,5691.0,0.905551,1,25.79,12.84807,4264.9546,2.25,16031.0,12.51,41.5,2,0.0,3.9,41.8,4.4,1.0,0,,False,,0,0,False,7467.2,2,2,16275.0,1.01,12.2,0.0,3.5,2,1.0,4.121888140254844,0.5458663416957474,False,False,False,3.5
155951591,12.0108,5955.0,0.959323,4,106.58,47.19193,4153.6848,0.75,7256.0,8.92,13.4,2,5.1,-1.8,12.8,4.0,1.0,0,,False,,0,0,False,1731.7,2,2,5715.0,1.48,6.0,10.6,3.5,2,1.0,6.609076491369078,0.11348030257774133,False,False,False,3.5
120977099,9.2594,5997.0,0.994371,2,54.91,22.6864,4238.2005,4.5,439.0,2.27,8.0,2,0.0,0.1,8.4,3.4,1.0,0,,False,,0,0,False,344.3,2,2,492.0,1.47,5.8,9.7,3.5,2,1.0,5.302684511056332,0.8486267645411114,False,False,False,3.5
142086813,8.97319,3350.0,0.331441,40,2662.78,102.04685,1375.9079,3.15,3864.0,2.25,89.4,5,113.4,-16.1,208.4,8.0,2.0,17,,False,,0,0,False,2170.5,5,5,502.0,62.28,5.9,106.8,3.5,2,1.0,4.208031500748718,0.7485685407629513,False,False,False,3.5
55744694,12.0523,3593.0,0.432247,31,2661.11,85.89208,1385.0981,4.5,1329.0,1.72,9.5,5,5.0,-1.3,17.0,5.9,2.0,0,,False,,0,0,False,1427.1,4,5,576.0,10.93,8.0,42.0,3.5,3,0.8,4.742572650703934,0.9488520959888871,False,False,False,3.5
167206099,12.2827,3657.0,0.542147,21,2577.17,83.01114,1436.2856,1.2,2670.0,3.06,8.6,4,4.4,1.3,8.5,6.0,2.0,2,,False,,0,0,False,1649.5,4,4,1511.0,4.17,8.3,17.8,3.5,2,1.0,5.453372025806984,0.22004733847631186,False,False,False,3.5
167206099,12.2827,3657.0,0.542147,21,2577.17,102.2952,1448.0392,1.12,2717.0,3.08,8.2,4,3.5,1.1,8.4,6.0,2.0,2,,False,,0,0,False,1649.5,4,4,1689.0,3.8,9.5,27.7,3.5,2,1.0,5.846618438851721,0.19156372383691397,False,False,False,3.5
299942684,12.3747,3649.0,0.573809,28,2009.38,78.8661,2043.4886,1.58,7834.0,5.54,12.1,7,6.4,1.7,18.2,4.7,2.0,0,,False,,0,0,False,5452.4,7,7,3149.0,12.55,6.2,23.7,3.5,3,1.0,5.5677960625835015,0.2837747615466482,False,False,False,3.5
299942684,12.3747,3649.0,0.573809,28,2009.38,81.52887,2093.0563,1.12,7546.0,5.44,11.5,9,9.7,0.1,18.5,4.9,2.0,0,,False,,0,0,False,5452.4,8,9,2010.0,21.22,4.8,11.4,3.5,3,0.8888888888888888,5.629765934759077,0.19894255160502156,False,False,False,3.5
339765069,12.9128,3387.0,0.432179,1,25.06,6.56544,4184.9448,6.3,23920.0,7.29,16.1,2,0.0,1.2,15.7,4.4,1.0,0,,False,,0,0,False,8175.8,2,2,24564.0,1.31,12.6,7.4,3.4,2,1.0,2.012512932255697,3.130414666671847,False,False,False,3.4
270599758,13.1302,3303.0,0.605971,1,24.41,9.2623,4158.801,4.8,80533.0,18.76,41.7,3,21.1,7.1,41.6,3.6,1.0,0,,False,,0,0,False,31710.6,3,3,55588.0,2.18,13.5,82.9,3.4,2,1.0,2.827585866652686,1.6975611798775434,False,False,False,3.4
140478840,13.4408,3277.0,0.615425,1,23.84,9.89055,4158.08,1.8,11591.0,7.23,8.5,2,5.4,0.0,8.5,3.2,1.0,1,,False,,0,0,False,6606.5,2,2,14516.0,1.58,7.7,27.7,3.4,2,1.0,2.9201054252815113,0.6164161007394012,False,False,False,3.4
59409349,12.9598,4382.0,0.709251,1,23.7,11.75847,4158.9372,3.15,11057.0,8.14,8.6,2,0.3,-0.2,9.0,4.0,1.0,0,,False,,0,0,False,7711.3,2,2,12309.0,1.22,4.8,1.1,3.4,2,1.0,3.400362387882015,0.9263718511961432,False,False,False,3.4
139552249,10.5788,4525.0,0.735693,2,54.91,14.52385,4240.2012,1.58,1996.0,3.59,8.7,2,1.4,0.0,8.7,4.3,2.0,0,,False,,0,0,False,957.7,2,2,1942.0,1.35,10.6,9.6,3.4,2,1.0,3.738522179715166,0.42262688946261073,False,False,False,3.4
76922334,13.0638,5065.0,0.737695,1,24.96,6.82727,4184.2528,3.6,10562.0,8.27,18.2,2,0.0,0.3,18.4,3.0,1.0,0,,False,,0,0,True,4189.9,2,2,11544.0,1.77,15.9,208.5,3.4,2,1.0,2.9121151701384953,1.236214843738062,False,False,False,3.4
57538907,11.5726,4588.0,0.752256,1,25.38,11.82907,4180.0968,2.25,3147.0,4.6,7.8,2,0.0,1.0,8.0,3.2,1.0,0,,False,,0,0,False,2391.7,2,2,3540.0,1.39,9.7,11.2,3.4,2,1.0,3.5435258193588366,0.634960803081467,False,False,False,3.4
63687402,11.6797,4948.0,0.756817,1,25.06,11.83852,4185.1287,0.5,4954.0,5.81,8.0,2,0.2,0.7,8.0,3.5,1.0,0,,False,,0,0,False,2159.0,2,2,4958.0,1.14,5.7,0.6,3.4,2,1.0,3.5587817162032764,0.14049751849726547,False,False,False,3.4
33990715,13.1494,5361.0,0.766789,1,25.91,9.24801,4270.1648,1.58,6981.0,6.99,8.1,3,6.9,-0.2,8.2,3.6,1.0,0,,False,,0,0,False,4390.6,3,3,6120.0,2.99,7.1,24.8,3.4,2,1.0,3.3062953041618983,0.47787624959304986,False,False,False,3.4
139552250,10.0626,4913.0,0.778026,2,54.91,14.51503,4240.2199,1.58,1255.0,3.01,8.5,2,1.5,0.0,8.7,4.3,1.0,0,,False,,0,0,False,601.5,2,2,1221.0,1.37,9.9,10.4,3.4,2,1.0,3.8798090069175726,0.40723654107274654,False,False,False,3.4
160995635,11.2136,4932.0,0.797837,1,25.06,13.47209,4184.453,3.6,2800.0,4.61,16.3,2,12.1,0.0,16.5,2.9,2.0,0,,False,,0,0,True,1368.8,2,2,3296.0,1.74,15.0,156.8,3.4,2,1.0,3.848540558927523,0.9354195297874726,False,False,False,3.4
360402401,13.0451,5485.0,0.833124,1,25.06,10.56193,4187.3468,2.4,6589.0,7.38,9.0,2,5.2,1.3,8.8,3.1,1.0,0,,False,,0,0,False,3969.4,2,2,8361.0,1.62,10.1,48.0,3.4,2,1.0,3.6525470526423405,0.6570757242576196,False,False,False,3.4
263264755,12.4845,3672.0,0.861954,1,25.33,7.22807,4183.4781,3.6,7566.0,8.18,10.9,3,3.5,-2.4,11.3,2.8,1.0,1,,False,,0,0,False,6248.8,3,3,4164.0,5.01,10.8,45.7,3.4,3,1.0,3.292596181802225,1.0933621377248623,False,False,False,3.4
60743206,10.7406,5476.0,0.862466,1,25.37,10.50794,4187.3874,3.0,2026.0,4.24,12.6,2,6.9,-0.4,12.9,3.2,1.0,0,,False,,0,0,False,1211.0,2,2,2228.0,1.7,7.9,56.9,3.4,2,1.0,3.731431536807462,0.803980984350778,False,False,False,3.4
92191930,10.5682,5160.0,0.862399,1,25.79,12.14342,4264.9695,2.1,1826.0,4.02,10.9,2,0.0,-0.2,10.8,4.4,1.0,0,,False,,0,0,False,1023.8,2,2,1666.0,1.1,7.3,0.4,3.4,2,1.0,3.9155622145171134,0.5363214488622249,False,False,False,3.4
149544289,11.1004,5573.0,0.910031,1,25.38,11.88827,4183.7347,2.25,4447.0,6.62,13.6,2,9.6,0.4,13.8,3.2,1.0,0,,False,,0,0,False,1724.5,2,2,4636.0,1.67,17.3,110.2,3.4,2,1.0,4.02981681939639,0.558338033920117,False,False,False,3.4
172623939,10.4393,5199.0,0.911958,1,25.14,8.0731,4269.1949,1.12,1423.0,3.75,8.3,2,0.0,-2.3,8.1,2.9,1.0,0,,False,,0,0,False,778.1,2,2,1203.0,1.15,5.2,0.6,3.4,2,1.0,3.5470852771881685,0.315752205677965,False,False,False,3.4
266879343,11.4638,5801.0,0.918257,1,23.85,11.82853,4154.6704,1.8,7278.0,8.55,14.7,2,2.9,0.0,14.0,2.8,1.0,0,,False,,0,0,False,5251.5,2,2,7504.0,1.23,6.6,2.3,3.4,2,1.0,4.047262605650347,0.44474504755066707,False,False,False,3.4
34319044,10.8539,5789.0,0.92688,1,26.04,8.2188,4271.1143,7.2,3503.0,5.98,19.5,3,8.5,5.9,20.1,2.7,1.0,0,,False,,0,0,False,7635.5,3,3,2964.0,2.57,5.1,4.1,3.4,2,1.0,3.6071159723982475,1.996054480946718,False,False,False,3.4
363122666,13.4096,5641.0,0.934553,1,25.01,6.49306,4185.1485,4.8,14786.0,12.4,14.3,2,0.0,-4.8,14.3,3.4,1.0,0,,False,,0,0,False,6823.6,2,2,17558.0,1.2,19.2,2.6,3.4,2,1.0,3.3529524152181476,1.4315741488647715,False,False,False,3.4
254113637,11.1352,4954.0,1.00116,1,25.07,11.1238,4183.8012,1.58,2153.0,5.07,9.6,2,5.1,1.6,9.3,3.5,1.0,0,,False,,0,0,False,1005.4,2,2,2168.0,1.47,8.0,15.7,3.4,2,1.0,4.200442181384214,0.37615087454419543,False,False,False,3.4
253806672,10.6004,5822.0,1.01058,1,25.15,9.38122,4188.2884,7.2,1317.0,4.0,17.1,2,11.0,-0.2,17.2,2.8,1.0,0,,False,,0,0,False,855.9,2,2,1543.0,1.75,15.1,163.3,3.4,2,1.0,3.993391295608907,1.8029788385418297,False,False,False,3.4
142511802,10.3584,5710.0,1.02255,1,23.44,12.30017,4158.894,0.5,2384.0,5.45,9.5,2,2.2,-1.9,9.3,3.5,2.0,0,,False,,0,0,False,630.6,2,2,2006.0,1.19,8.1,1.7,3.4,2,1.0,4.405227760289083,0.11350150939010441,False,False,False,3.4
352060224,9.2723,6564.0,1.02391,1,24.25,14.24636,4158.7823,6.3,268.0,1.83,7.1,2,2.2,0.0,7.3,2.9,2.0,0,,False,,0,0,False,357.6,2,2,297.0,1.33,7.5,5.7,3.4,2,1.0,4.6303887604364276,1.360576903138087,False,False,False,3.4
149293433,11.0299,4576.0,1.03737,1,23.74,6.87026,4158.79,1.58,5048.0,8.04,23.0,2,0.0,-3.8,22.9,3.3,1.0,1,,False,,0,0,True,2096.5,2,2,4674.0,1.59,14.0,56.0,3.4,2,1.0,3.662872552468394,0.4313554395812229,False,False,False,3.4
159536077,10.873,4581.0,1.0982,1,24.1,11.79544,4159.1448,6.0,4116.0,7.69,25.8,2,11.2,-0.3,24.2,3.5,2.0,0,,False,,0,0,False,2523.3,2,2,2945.0,1.23,6.1,1.4,3.4,2,1.0,4.555827819347726,1.3169944602645323,False,False,False,3.4
150185574,11.1334,3556.0,0.53005,26,2691.55,22.86081,1367.5862,0.75,3272.0,3.31,27.8,25,15.9,1.6,70.3,2.4,2.0,3,,False,,0,0,False,2781.3,17,25,498.0,111.73,9.1,78.4,3.4,4,0.68,3.495023160054921,0.21459085266496902,False,False,False,3.4
33864387,11.4002,3443.0,0.550504,43,2691.55,117.89229,1446.4363,2.1,2272.0,2.86,20.2,7,15.6,-5.7,24.8,5.4,2.0,64,,False,,0,0,False,1390.6,6,7,457.0,24.41,15.8,157.3,3.4,3,0.8571428571428571,6.192657788961725,0.33911126233120836,False,False,False,3.4
349371701,11.8745,3494.0,0.454467,22,1951.79,84.38499,2097.6381,1.58,3929.0,3.11,17.7,4,23.0,2.7,19.6,5.6,2.0,2,,False,,0,0,False,1491.7,4,4,862.0,15.39,9.9,100.0,3.4,2,1.0,4.8748912381676295,0.3241097950308096,False,False,False,3.4
79303567,13.2987,4524.0,0.562851,2,53.1,26.26167,4205.7876,7.2,32136.0,11.01,8.7,2,0.0,0.0,7.5,3.9,2.0,0,,False,,0,0,False,24616.1,2,2,31942.0,1.25,6.0,2.2,3.3,2,1.0,3.8098806292611123,1.8898229893875618,False,False,False,3.3
406349404,12.409,4061.0,0.576776,1,25.79,10.31585,4273.4667,1.05,20419.0,8.99,13.4,2,7.5,-2.0,13.9,3.0,1.0,0,,False,,0,0,False,8822.4,2,2,18653.0,1.45,9.9,16.9,3.3,2,1.0,2.8360556867869837,0.37023250456325246,False,False,False,3.3
88141648,12.1831,4331.0,0.676499,1,25.13,12.30846,4185.5859,4.2,6903.0,6.13,23.6,2,18.8,2.3,23.7,2.7,1.0,0,,False,,0,0,False,2462.6,2,2,7180.0,1.79,18.2,267.0,3.3,2,1.0,3.3454481725288616,1.255437174154509,False,False,False,3.3
119983884,12.8411,4657.0,0.724001,2,51.08,6.60726,4158.3843,0.75,32767.0,14.3,18.7,2,0.0,2.6,18.7,3.6,1.0,0,,False,,0,0,False,9318.7,2,2,35211.0,1.53,10.7,30.3,3.3,2,1.0,2.8447331719597053,0.2636451135005162,False,False,False,3.3
143169334,12.0901,5127.7,0.773757,1,23.34,9.95308,4267.9959,4.2,2558.0,4.27,11.1,2,0.0,0.6,11.3,3.3,1.0,1,"00143169334-01(1:1,ntoi=1)",True,,0,0,False,1725.1,2,2,2111.0,1.5,7.9,18.5,3.3,2,1.0,3.4087659753833655,1.23211743790292,False,False,False,3.3
183528820,12.6924,4564.0,0.780962,2,55.24,22.78832,4238.2587,4.5,2748.0,4.47,8.4,2,0.0,2.2,8.4,3.3,1.0,0,,False,,0,0,False,2706.7,2,2,2551.0,1.32,7.4,5.2,3.3,2,1.0,4.520630374913466,0.9954363942188348,False,False,False,3.3
290820586,12.3172,5093.0,0.811636,1,26.11,9.59169,4206.6463,2.1,3221.0,5.03,7.1,3,4.3,1.4,6.8,3.7,1.0,0,,False,,0,0,False,3201.9,3,3,4667.0,1.05,5.4,6.4,3.3,2,1.0,3.476008848286862,0.6041411548865813,False,False,False,3.3
293103214,12.8235,4680.0,0.840305,1,24.25,11.84204,4159.0447,6.3,16322.0,11.71,11.5,2,1.8,2.4,11.9,3.7,1.0,0,,False,,0,0,False,13404.6,2,2,14616.0,1.1,5.1,0.3,3.3,2,1.0,3.8162934949070118,1.650816429189104,False,False,False,3.3
261447382,11.3405,5340.0,0.857,1,25.18,10.40957,4187.4932,4.2,7065.0,7.86,30.9,2,27.8,2.0,31.5,2.6,1.0,0,,False,,0,0,False,2247.9,2,2,7346.0,1.85,16.3,396.1,3.3,2,1.0,3.7040181432245376,1.1339037330804447,False,False,False,3.3
59795317,11.9748,5384.0,0.86307,1,25.38,11.38007,4182.1251,2.4,7250.0,8.02,8.0,2,4.5,0.4,7.7,3.0,1.0,2,,False,,0,0,False,5183.4,2,2,10763.0,1.66,10.9,66.3,3.3,2,1.0,3.8337220181829217,0.6260234802150662,False,False,False,3.3
6475135,12.5299,5523.0,0.882727,1,24.8,9.54008,4188.3898,3.15,3544.0,5.73,7.7,2,2.7,0.7,8.1,3.7,1.0,0,,False,,0,0,False,3105.7,2,2,4401.0,1.45,7.3,12.1,3.3,2,1.0,3.6695254711073817,0.858421620125558,False,False,False,3.3
364439312,12.541,3915.0,0.897327,1,24.24,9.83942,4161.1263,4.2,3138.0,5.48,8.5,2,5.9,1.6,8.8,3.0,1.0,0,,False,,0,0,False,2911.5,2,2,3674.0,1.63,5.3,18.6,3.3,2,1.0,3.748279353812712,1.1205141355667108,False,False,False,3.3
217864703,10.6985,5872.0,0.930742,1,25.17,11.9467,4189.9225,1.2,4238.0,6.61,12.7,2,5.8,0.3,12.4,3.4,1.0,0,,False,,0,0,False,1664.7,2,2,4587.0,1.51,12.5,29.9,3.3,2,1.0,4.097420048063557,0.29286721544868716,False,False,False,3.3
141082593,11.2935,4236.0,1.06881,1,24.06,9.9329,4161.0333,4.2,3660.0,7.05,19.2,2,12.3,2.0,17.8,2.9,1.0,0,,False,,0,0,False,2498.7,2,2,4036.0,1.67,6.0,29.0,3.3,2,1.0,4.225070766489629,0.9940661901598258,False,False,False,3.3
150185574,11.1334,3556.0,0.53005,26,2691.55,12.37722,1361.1148,0.62,1860.0,2.49,20.2,49,12.7,-1.7,72.8,2.6,2.0,3,,False,,0,0,False,2781.3,33,48,736.0,76.77,6.4,31.1,3.3,8,0.6875,2.8485721463421747,0.2176529040333896,False,False,False,3.3
306894507,12.4815,3925.0,0.607324,13,2444.31,71.95781,1618.7727,1.12,4024.0,4.2,9.2,5,7.3,-1.9,9.8,4.2,2.0,0,,False,,0,0,False,2747.5,5,5,1936.0,3.16,5.9,4.4,3.3,2,1.0,5.608515213948781,0.19969634694303395,False,False,False,3.3
98672442,12.4363,3772.0,0.552628,1,25.79,10.48496,4268.7977,3.15,3441.0,3.54,10.1,2,0.0,2.5,10.2,2.8,1.0,0,,False,,0,0,False,2291.2,2,2,3257.0,1.37,11.1,10.1,3.2,2,1.0,2.7713144763588407,1.136644731903073,False,False,False,3.2
326700454,10.6757,3956.0,0.580712,1,26.06,11.46614,4214.3834,0.75,7960.0,5.65,25.9,2,14.5,-1.3,25.8,3.4,1.0,0,,False,,0,0,False,4273.0,2,2,7551.0,1.35,8.0,6.8,3.2,2,1.0,2.9511270559934664,0.25414019314309744,False,False,False,3.2
254558403,12.5154,3307.0,0.658683,1,24.05,9.71981,4158.81,2.25,4619.0,4.88,7.9,2,1.1,2.5,7.9,3.3,1.0,1,,False,,0,0,False,3666.7,2,2,5400.0,1.4,6.5,7.4,3.2,2,1.0,3.0377021537502094,0.740691445743702,False,False,False,3.2
148157626,12.6553,3973.0,0.669414,1,23.6,11.51076,4159.7614,2.4,5353.0,5.34,8.6,2,4.2,1.5,8.7,3.1,1.0,0,,False,,0,0,False,2874.8,2,2,5546.0,1.43,10.3,14.8,3.2,2,1.0,3.2486741614283168,0.7387629170371498,False,False,False,3.2
121408007,12.3841,3532.0,0.687668,1,24.05,6.26362,4158.8863,1.12,13250.0,8.64,16.4,2,0.0,-1.6,16.5,3.3,1.0,1,,False,,0,0,False,3342.0,2,2,9586.0,1.39,10.4,11.1,3.2,2,1.0,2.700241690493736,0.4147776859912156,False,False,False,3.2
8162742,11.1617,4123.0,0.690859,1,24.14,9.24959,4161.6927,1.2,1817.0,3.21,7.1,2,3.7,2.0,6.8,3.5,1.0,0,,False,,0,0,False,945.5,2,2,1790.0,1.45,6.2,9.6,3.2,2,1.0,3.08443342849932,0.38905038082920795,False,False,False,3.2
423660875,11.0663,4735.0,0.757772,1,25.79,10.92521,4268.404,0.5,2775.0,4.36,7.2,2,0.0,0.2,7.1,2.9,1.0,0,,False,,0,0,False,1131.8,2,2,2995.0,1.11,6.6,0.4,3.2,2,1.0,3.4677192378158765,0.14418699026940895,False,False,False,3.2
299909191,12.6667,4123.0,0.771672,1,25.01,12.03464,4269.3008,4.2,3792.0,5.18,10.6,2,2.6,1.9,10.9,4.2,1.0,0,,False,,0,0,False,2729.5,2,2,4093.0,1.41,8.8,10.9,3.2,2,1.0,3.624998434342325,1.1586211900701129,False,False,False,3.2
224775005,10.0788,5259.0,0.776241,1,24.54,11.54998,4152.8834,0.62,3216.0,4.8,8.6,2,0.0,0.4,8.1,2.7,1.0,0,,False,,0,0,False,1196.2,2,2,2474.0,1.15,8.0,0.9,3.2,2,1.0,3.5897683429054554,0.1727130947670539,False,False,False,3.2
313847487,10.7485,4915.0,0.778561,1,25.17,11.88731,4179.32,1.12,1858.0,3.66,7.4,2,0.0,1.4,7.6,3.0,1.0,0,,False,,0,0,False,1133.9,2,2,1620.0,1.37,5.1,4.1,3.2,2,1.0,3.6315992708648612,0.3084040711720028,False,False,False,3.2
394137289,11.0094,4071.0,0.810227,2,50.95,22.45673,4170.7162,0.62,13587.0,10.3,13.1,2,1.6,0.4,12.4,3.1,1.0,0,,False,,0,0,False,4231.3,2,2,15619.0,1.26,7.3,3.0,3.2,2,1.0,4.610290314327573,0.13448176963459388,False,False,False,3.2
59712928,13.0196,4447.0,0.831284,1,25.34,12.11231,4268.8484,1.58,9994.0,9.07,10.4,2,2.2,0.4,10.4,3.6,1.0,0,,False,,0,0,False,3660.3,2,2,9467.0,1.35,12.6,9.5,3.2,2,1.0,3.817539747870289,0.4138791222492033,False,False,False,3.2
360402401,13.0451,5485.0,0.833124,1,25.06,10.1562,4187.753,2.1,7026.0,7.62,8.8,2,5.0,0.0,8.8,3.1,1.0,0,,False,,0,0,False,3969.4,2,2,8572.0,1.57,9.1,32.3,3.2,2,1.0,3.605164942272973,0.5824976203934789,False,False,False,3.2
340106897,11.1428,5477.16,0.848282,1,25.06,10.01932,4187.8911,4.2,3155.0,5.2,22.9,2,19.0,-0.1,23.2,2.6,1.0,0,,False,,0,0,False,1224.3,2,2,3328.0,1.79,18.5,248.8,3.2,2,1.0,3.632295820098068,1.156293487100014,False,False,False,3.2
261447382,11.3405,5340.0,0.857,1,25.18,9.34584,4188.5682,3.0,8362.0,8.55,31.0,2,26.5,-2.1,31.5,2.6,1.0,0,,False,,0,0,False,2247.9,2,2,9367.0,1.82,22.4,379.1,3.2,2,1.0,3.573290207509016,0.8395623713113793,False,False,False,3.2
112588341,10.5683,5502.0,0.861278,1,25.23,11.61123,4186.3001,4.8,2863.0,5.03,21.9,2,17.8,4.3,22.4,2.9,1.0,0,,False,,0,0,False,1314.4,2,2,2862.0,1.8,9.6,135.2,3.2,2,1.0,3.854161770243651,1.2454069875994216,False,False,False,3.2
59795317,11.9748,5384.0,0.86307,1,25.38,12.4388,4181.0532,3.15,6539.0,7.61,7.9,2,4.9,-1.2,7.9,3.1,1.0,2,,False,,0,0,False,5183.4,2,2,10734.0,1.63,8.8,42.8,3.2,2,1.0,3.949103077782918,0.7976494758319791,False,False,False,3.2
393804680,12.5872,5578.0,0.882209,1,25.74,9.82076,4268.8503,1.58,7658.0,8.42,11.9,2,0.0,-1.3,12.0,3.4,1.0,0,,False,,0,0,False,2305.8,2,2,5553.0,1.22,11.4,2.6,3.2,2,1.0,3.703715757907128,0.42659861157726003,False,False,False,3.2
301045623,11.7229,3975.0,0.922927,1,23.61,6.47209,4159.2036,6.3,13704.0,11.79,58.2,2,0.0,10.4,58.5,3.0,1.0,0,,False,,0,0,False,4129.5,2,2,11464.0,1.37,22.2,13.0,3.2,2,1.0,3.321503473037101,1.8967314203165457,False,False,False,3.2
455381795,11.3145,4377.0,0.970362,1,24.1,11.1921,4159.7195,7.2,9508.0,10.32,33.0,2,18.6,-5.4,33.6,3.1,1.0,0,,False,,0,0,False,7890.4,2,2,9008.0,1.54,5.0,10.1,3.2,2,1.0,4.122253308801975,1.7466175561376387,False,False,False,3.2
281851169,10.4188,5879.0,1.00695,3,79.04,13.4781,4166.2379,2.25,11050.0,11.55,50.5,2,11.7,1.8,49.1,4.4,0.5,0,,False,,0,0,True,1974.3,2,2,11254.0,1.35,21.5,10.4,3.2,2,1.0,4.4952769798683585,0.500525331381447,False,False,False,3.2
253806672,10.6004,5822.0,1.01058,1,25.15,9.37266,4188.3071,6.3,1407.0,4.14,17.2,2,11.7,-0.5,17.0,2.8,1.0,0,,False,,0,0,False,855.9,2,2,1698.0,1.77,15.1,184.5,3.2,2,1.0,3.992176321018441,1.5780866107619245,False,False,False,3.2
149293433,11.0299,4576.0,1.03737,1,23.74,11.71571,4158.8134,3.6,3331.0,6.53,22.2,2,2.3,-0.7,22.1,3.0,1.0,1,,False,,0,0,False,2096.5,2,2,3655.0,1.21,10.4,2.3,3.2,2,1.0,4.376097147610447,0.8226508412789163,False,False,False,3.2
34262050,12.188,5267.0,1.13912,1,25.91,9.12065,4265.2601,2.4,2116.0,5.72,7.2,3,4.5,0.8,7.1,3.3,1.0,0,,False,,0,0,False,1895.8,2,3,3204.0,1.01,6.2,15.3,3.2,2,0.6666666666666666,4.284793292145973,0.560120369026716,False,False,False,3.2
204450383,10.0647,6208.5,1.17259,1,25.11,12.06366,4245.246,1.58,1673.0,5.23,13.8,2,9.9,-0.3,13.8,2.7,1.0,0,,False,,0,0,False,548.9,2,2,1657.0,1.69,13.7,92.6,3.2,2,1.0,4.79511228156232,0.3295021904023512,False,False,False,3.2
142086813,8.97319,3350.0,0.331441,40,2662.78,99.46756,1340.9391,3.15,2951.0,1.96,100.7,10,77.3,27.2,124.0,4.1,2.0,17,,False,,0,0,False,2170.5,8,10,638.0,46.89,4.9,58.9,3.2,3,0.8,4.172275099431775,0.7549837738237828,False,False,False,3.2
349371701,11.8745,3494.0,0.454467,22,1951.79,103.36239,2059.6928,2.1,3334.0,2.86,17.2,4,12.2,2.0,17.2,4.6,2.0,2,,False,,0,0,False,1491.7,4,4,699.0,17.25,18.4,243.2,3.2,2,1.0,5.215917464441367,0.40261373273568724,False,False,False,3.2
182230190,13.3027,3422.0,0.387246,1,25.04,10.81088,4180.4869,1.2,8898.0,3.99,7.3,2,0.0,-1.2,7.2,3.6,1.0,0,,False,,0,0,False,4195.9,2,2,9984.0,1.52,9.5,22.9,3.1,2,1.0,2.208784113011834,0.5432853274029188,False,False,False,3.1
326703886,12.5069,3441.0,0.39401,1,26.01,10.81735,4208.0226,0.9,6677.0,3.51,8.8,2,0.0,0.3,8.8,3.0,1.0,0,,False,,0,0,False,2571.2,2,2,6494.0,1.53,8.6,22.5,3.1,2,1.0,2.2348759269689813,0.40270691949356324,False,False,False,3.1
86522176,13.1888,3943.0,0.586179,1,25.11,11.29251,4186.445,3.6,13569.0,7.45,11.2,2,7.0,-1.6,11.9,3.2,1.0,0,,False,,0,0,False,12867.9,2,2,15702.0,1.49,4.7,6.9,3.1,2,1.0,2.954554184713415,1.2184579381302467,False,False,False,3.1
465487700,13.4001,4310.0,0.614801,1,25.29,12.28765,4185.6396,3.15,26098.0,10.84,12.0,2,8.3,2.3,11.9,2.8,1.0,0,,False,,0,0,False,16741.6,2,2,29465.0,1.65,7.7,38.6,3.1,2,1.0,3.13704644293521,1.0041292206858976,False,False,False,3.1
111968264,12.524,4208.0,0.623256,1,25.35,10.23685,4188.3811,0.5,18474.0,9.24,7.1,2,3.5,0.0,7.1,3.5,1.0,0,,False,,0,0,False,6714.9,2,2,20000.0,1.5,6.6,13.9,3.1,2,1.0,2.9788002797902084,0.1678528108756637,False,False,False,3.1
217209368,12.486,4171.0,0.677363,1,25.14,7.58067,4185.501,2.1,9716.0,7.28,9.4,2,0.0,-0.9,9.8,3.3,1.0,0,,False,,0,0,False,5262.7,2,2,10081.0,1.54,9.7,26.3,3.1,2,1.0,2.8487771114002,0.7371584079344947,False,False,False,3.1
333646797,12.551,3790.0,0.818754,1,24.1,12.34138,4158.8806,1.58,7077.0,7.51,9.1,2,3.0,-1.7,9.1,2.9,2.0,0,,False,,0,0,False,3166.7,2,2,7386.0,1.3,6.8,3.7,3.1,2,1.0,3.802756279009933,0.4154881049624777,False,False,False,3.1
293103214,12.8235,4680.0,0.840305,1,24.25,10.26284,4160.7041,3.15,16362.0,11.73,11.4,2,5.5,1.7,11.3,3.4,1.0,0,,False,,0,0,False,13404.6,2,2,16571.0,1.21,5.7,1.0,3.1,2,1.0,3.6384977600275143,0.8657419099183888,False,False,False,3.1
60743206,10.7406,5476.0,0.862466,1,25.37,6.81619,4184.2624,3.0,2073.0,4.28,12.8,2,0.0,1.0,13.0,3.3,1.0,0,,False,,0,0,True,1211.0,2,2,2315.0,1.64,8.7,42.4,3.1,2,1.0,3.2301065285755977,0.9287619381776027,False,False,False,3.1
152252448,11.922,5655.0,0.877678,1,25.13,9.66087,4188.0957,3.15,5109.0,6.84,8.9,2,4.3,1.2,8.9,3.3,1.0,0,,False,,0,0,False,4091.9,2,2,6595.0,1.57,6.8,21.2,3.1,2,1.0,3.670882765916414,0.8581042220272652,False,False,False,3.1
469324850,10.2788,5785.0,0.920369,1,25.32,11.67648,4181.1086,4.8,2004.0,4.5,18.8,2,0.0,-2.0,18.8,2.9,1.0,0,,False,,0,0,False,1240.4,2,2,1946.0,1.68,12.7,81.5,3.1,2,1.0,4.0360226560585675,1.1892896569335676,False,False,False,3.1
60299558,10.8371,5545.0,0.93718,1,25.38,12.44337,4184.7657,3.15,3991.0,6.46,13.7,2,4.9,-4.8,14.2,3.4,1.0,0,,False,,0,0,False,2767.7,2,2,4740.0,1.36,10.2,8.8,3.1,2,1.0,4.172563681724171,0.7549315577367939,False,False,False,3.1
126400746,10.7294,6563.0,0.990431,2,51.64,32.19694,4152.9059,1.2,2149.0,5.01,9.3,2,1.5,2.6,7.7,4.0,2.0,0,,False,,0,0,False,890.3,2,2,1842.0,1.32,6.4,4.2,3.1,2,1.0,5.943322682546988,0.20190726031482184,False,False,False,3.1
120977099,9.2594,5997.0,0.994371,2,54.91,14.514,4239.9911,3.15,470.0,2.35,8.0,2,1.5,0.0,8.4,3.4,2.0,0,,False,,0,0,False,344.3,2,2,513.0,1.32,6.4,4.2,3.1,2,1.0,4.569159306513253,0.6894047216759837,False,False,False,3.1
88139561,10.6321,5225.0,1.06048,1,25.13,10.61276,4187.1359,4.2,1985.0,5.16,17.9,2,13.4,-0.1,18.5,3.2,1.0,0,,False,,0,0,False,1255.3,2,2,1820.0,1.66,5.9,27.6,3.1,2,1.0,4.296875100321912,0.9774545226332844,False,False,False,3.1
149480700,10.513,6229.0,1.10886,1,23.58,10.99517,4154.3335,0.5,2033.0,5.45,7.5,2,0.0,1.7,7.2,3.1,1.0,0,,False,,0,0,False,745.1,2,2,2015.0,1.39,8.2,8.8,3.1,2,1.0,4.47912746736882,0.11162888389370076,False,False,False,3.1
33866942,12.6265,5470.0,1.13732,1,25.75,8.64671,4269.4328,0.5,10886.0,12.95,7.9,2,0.0,-1.8,7.9,2.9,1.0,0,,False,,0,0,False,4593.0,2,2,10144.0,1.32,5.4,3.2,3.1,2,1.0,4.204816451842028,0.11891125468293917,False,False,False,3.1
358806522,12.0116,3896.0,0.565541,21,2009.38,95.80942,2074.7787,1.12,3089.0,3.43,7.7,2,3.4,1.1,6.0,4.9,2.0,0,,False,,0,0,False,1378.2,2,2,2505.0,1.35,6.9,6.0,3.1,2,1.0,5.883743903835629,0.1903549879643587,False,False,False,3.1
55744694,12.0523,3593.0,0.432247,31,2661.11,77.15234,1389.6293,4.2,908.0,1.42,8.2,7,5.7,1.2,12.4,3.7,2.0,0,,False,,0,0,False,1427.1,6,7,468.0,13.95,7.2,36.9,3.1,3,0.8571428571428571,4.57592945003827,0.9178463186238315,False,False,False,3.1
149449388,12.378,3860.0,0.608408,25,2577.38,78.3377,1486.423,0.62,4586.0,4.5,8.4,5,6.6,-1.4,9.7,5.3,2.0,3,,False,,0,0,False,2309.8,5,5,2057.0,4.99,22.0,35.9,3.1,2,1.0,5.776460973105318,0.10733215421806953,False,False,False,3.1
146437855,12.9725,3680.0,0.317758,2,54.91,15.20487,4249.7255,1.58,38290.0,6.78,18.8,2,2.8,-0.8,18.8,4.5,1.0,0,,False,,0,0,False,9425.8,2,2,33416.0,1.27,14.2,4.2,3.0,2,1.0,2.169036498732011,0.728434030927394,False,False,False,3.0
183821379,12.1825,3478.0,0.408466,1,24.75,10.69204,4240.7811,0.5,22793.0,6.73,12.9,2,3.4,-3.6,12.9,4.5,1.0,0,,False,,0,0,False,7144.9,2,2,26613.0,1.38,11.3,9.9,3.0,2,1.0,2.2803373145518977,0.21926580633894224,False,False,False,3.0
158210088,13.465,3573.0,0.45335,2,53.29,19.7769,4184.8113,1.05,39407.0,9.82,11.4,2,0.0,-2.0,11.4,4.6,1.0,0,,False,,0,0,False,14814.2,2,2,39469.0,1.32,10.7,6.1,3.0,2,1.0,3.0006599373227663,0.3499230242454018,False,False,False,3.0
158210088,13.465,3573.0,0.45335,2,53.29,24.81871,4184.8175,0.75,35485.0,9.32,10.1,2,5.6,1.4,10.0,3.6,1.0,0,,False,,0,0,False,14814.2,2,2,37525.0,1.52,8.4,20.1,3.0,2,1.0,3.2366105262090223,0.23172389570099436,False,False,False,3.0
122125901,13.4306,3895.0,0.629552,1,25.2,9.98252,4188.2004,2.4,14454.0,8.26,7.4,2,0.7,1.0,7.6,4.9,1.0,0,,False,,0,0,False,7509.7,2,2,13950.0,1.23,8.0,2.2,3.0,2,1.0,2.9737840583587607,0.8070525474955187,False,False,False,3.0
7696623,12.6051,4185.0,0.635864,2,54.9,24.22077,4239.9924,0.75,11767.0,7.53,7.5,2,0.0,0.4,7.2,3.6,1.0,0,,False,,0,0,False,6126.8,2,2,10968.0,1.11,5.3,0.3,3.0,2,1.0,4.0226640817711115,0.18644360671293925,False,False,False,3.0
95982740,11.4662,4412.0,0.68409,1,24.97,9.85414,4187.8527,4.8,1696.0,3.07,9.4,2,6.1,0.6,9.3,3.1,1.0,0,,False,,0,0,False,1435.9,2,2,2237.0,1.67,9.1,51.3,3.0,2,1.0,3.129608634913669,1.5337380995347392,False,False,False,3.0
364071860,11.8864,4722.0,0.751965,2,51.12,19.91394,4158.0885,4.2,3558.0,4.89,11.3,2,0.0,-0.5,11.4,3.8,1.0,0,,False,,0,0,False,3233.3,2,2,3673.0,1.35,8.1,6.3,3.0,2,1.0,4.214303188689361,0.9966060370958243,False,False,False,3.0
101356600,12.3923,5193.22,0.773942,2,52.93,25.78571,4179.8557,3.15,3161.0,4.75,7.8,2,0.0,-1.2,7.6,3.7,1.0,0,,False,,0,0,False,2852.6,2,2,3863.0,1.43,9.0,12.4,3.0,2,1.0,4.682454891956071,0.6727240459724118,False,False,False,3.0
2027917800,12.5911,5147.0,0.793542,1,24.84,7.89271,4239.1489,4.2,8720.0,8.08,10.2,2,1.8,-1.3,10.3,4.3,1.0,0,,False,,0,0,False,3338.4,2,2,7706.0,1.23,11.6,2.8,3.0,2,1.0,3.2087086703778307,1.308937778855892,False,False,False,3.0
347528090,11.7044,5182.0,0.82459,1,25.22,11.84107,4184.8159,0.75,8893.0,8.48,10.1,2,4.9,0.6,10.1,2.9,1.0,0,,False,,0,0,False,2928.8,2,2,8440.0,1.57,11.2,35.2,3.0,2,1.0,3.7684606607379227,0.19902025456015732,False,False,False,3.0
325855272,11.1145,5384.0,0.829389,1,25.38,13.51146,4184.4127,4.2,2620.0,4.63,9.8,2,6.0,0.0,10.2,3.5,2.0,0,,False,,0,0,True,2053.1,2,2,2924.0,1.58,8.0,26.7,3.0,2,1.0,3.953191941462513,1.0624326018549402,False,False,False,3.0
314694713,12.4964,3701.0,0.847134,1,24.38,11.71133,4159.1094,3.15,15154.0,11.38,14.0,2,0.2,0.2,13.4,3.3,1.0,1,,False,,0,0,False,8902.7,2,2,12578.0,1.07,5.7,0.1,3.0,2,1.0,3.8227724018121747,0.8240092971547955,False,False,False,3.0
155951590,12.3974,5805.0,0.845739,4,106.54,47.12382,4153.7883,2.25,3534.0,5.48,8.0,2,3.4,-0.5,8.5,4.3,1.0,0,,False,,0,0,False,2633.8,2,2,3769.0,1.49,5.5,9.3,3.0,2,1.0,6.073597795370646,0.3704558773573995,False,False,False,3.0
60743206,10.7406,5476.0,0.862466,1,25.37,9.76865,4188.1374,4.2,1563.0,3.72,11.4,2,7.3,1.5,12.1,2.9,1.0,0,,False,,0,0,False,1211.0,2,2,1671.0,1.62,7.5,30.6,3.0,2,1.0,3.6417863699339934,1.1532801689507461,False,False,False,3.0
364439312,12.541,3915.0,0.897327,1,24.24,10.37013,4160.6107,3.15,3738.0,5.99,8.7,2,7.4,-2.0,8.7,2.9,1.0,0,,False,,0,0,False,2911.5,2,2,5194.0,1.71,6.1,38.7,3.0,2,1.0,3.8144932553896247,0.8257977637132429,False,False,False,3.0
34436546,12.9925,5263.0,0.899951,1,26.03,10.26917,4269.1239,4.2,6879.0,8.14,13.4,3,11.8,-1.9,13.5,3.2,1.0,0,,False,,0,0,False,3791.4,3,3,7534.0,1.95,13.3,91.5,3.0,2,1.0,3.8094825136476094,1.102511951414227,False,False,False,3.0
228463630,11.3946,5691.0,0.905551,1,25.79,12.16057,4264.9546,2.25,13251.0,11.37,35.7,2,0.0,-8.9,36.1,3.3,1.0,0,,False,,0,0,False,7467.2,2,2,13400.0,1.2,12.0,1.9,3.0,2,1.0,4.047015623877722,0.5559652368834004,False,False,False,3.0
355055605,10.4849,4306.3,0.950702,1,26.06,10.15175,4214.5056,0.5,10885.0,10.82,27.8,2,12.5,-0.8,27.8,3.4,1.0,0,,False,,0,0,False,1615.8,2,2,8309.0,1.61,13.0,52.3,3.0,2,1.0,3.9362699107714283,0.12702380968128535,False,False,False,3.0
352060224,9.2723,6564.0,1.02391,1,24.25,12.10576,4158.7761,4.2,344.0,2.07,7.1,2,1.3,1.9,7.4,3.1,1.0,0,,False,,0,0,False,357.6,2,2,373.0,1.3,7.6,4.4,3.0,2,1.0,4.38577994125766,0.9576403869446342,False,False,False,3.0
59750863,11.1576,5939.0,1.04903,1,25.13,10.79696,4269.1868,6.0,3850.0,7.1,19.2,2,0.0,0.8,19.4,2.8,1.0,0,,False,,0,0,False,1263.0,2,2,3580.0,1.21,14.8,2.4,3.0,2,1.0,4.290429107445215,1.3984615174244817,False,False,False,3.0
88139561,10.6321,5225.0,1.06048,1,25.13,11.60702,4186.1734,2.4,2497.0,5.78,17.2,2,13.3,-2.7,17.5,2.9,1.0,0,,False,,0,0,False,1255.3,2,2,1870.0,1.6,4.3,9.6,3.0,2,1.0,4.427074799885486,0.5421186920225699,False,False,False,3.0
33866942,12.6265,5470.0,1.13732,1,25.75,9.58858,4267.5474,0.5,11343.0,13.22,8.1,2,0.0,-3.1,8.1,3.1,1.0,0,,False,,0,0,False,4593.0,2,2,10886.0,1.19,5.4,1.1,3.0,2,1.0,4.3522601182154785,0.11488283935681007,False,False,False,3.0
142868669,11.5794,5913.0,1.16383,1,25.3,15.09688,4210.7388,1.05,3272.0,7.26,9.0,2,3.8,2.1,8.4,3.4,2.0,0,,False,,0,0,False,1666.4,2,2,3878.0,1.5,10.0,21.3,3.0,2,1.0,5.141585477365221,0.2042171630953935,False,False,False,3.0
211667938,9.158,4742.0,1.18145,1,24.25,12.19915,4158.9606,3.15,1156.0,4.38,13.0,2,0.6,2.5,12.5,2.6,1.0,0,,False,,0,0,False,407.0,2,2,1172.0,1.11,7.9,0.4,3.0,2,1.0,4.837211190559057,0.6512016688764711,False,False,False,3.0
326703886,12.5069,3441.0,0.39401,1,26.01,9.3699,4210.9242,1.58,5086.0,3.07,8.9,2,0.0,-0.3,9.3,3.3,1.0,0,,False,,0,0,False,2571.2,2,2,4874.0,1.55,6.7,17.3,2.9,2,1.0,2.130385065432766,0.741649960674616,False,False,False,2.9
326703886,12.5069,3441.0,0.39401,1,26.01,11.99472,4217.6601,1.8,4713.0,2.95,8.8,2,5.1,-0.6,9.0,3.1,1.0,0,,False,,0,0,False,2571.2,2,2,4838.0,1.47,7.3,12.2,2.9,2,1.0,2.313182129092175,0.778148844123408,False,False,False,2.9
465487700,13.4001,4310.0,0.614801,1,25.29,13.70129,4184.224,3.6,25019.0,10.61,12.0,2,8.2,-1.4,12.0,2.8,2.0,0,,False,,0,0,True,16741.6,2,2,26852.0,1.68,7.1,38.4,2.9,2,1.0,3.253008192741926,1.106667978283079,False,False,False,2.9
59409349,12.9598,4382.0,0.709251,1,23.7,10.08355,4160.6059,3.15,7773.0,6.82,7.8,2,1.1,1.4,8.4,3.4,1.0,0,,False,,0,0,False,7711.3,2,2,7294.0,1.06,5.3,0.1,2.9,2,1.0,3.230571945121506,0.9750595416260028,False,False,False,2.9
201387388,12.4304,4863.59,0.737438,1,23.78,7.31705,4268.8712,0.75,5491.0,5.96,7.5,2,0.0,0.1,7.5,3.0,1.0,0,,False,,0,0,False,2347.1,2,2,4226.0,1.14,7.2,0.6,2.9,2,1.0,2.9794582913156247,0.25172361102891166,False,False,False,2.9
1336643133,12.3903,4905.0,0.744797,2,51.65,20.37097,4157.1887,2.1,6897.0,6.75,7.0,2,0.0,0.7,7.2,3.6,1.0,0,,False,,0,0,False,5143.5,2,2,8418.0,1.58,7.7,24.6,2.9,2,1.0,4.219271539922126,0.4977162479660552,False,False,False,2.9
362851339,10.4908,4772.0,0.747795,1,25.08,8.48758,4182.4167,4.8,741.0,2.22,9.6,3,7.2,3.1,9.9,3.1,1.0,0,,False,,0,0,False,783.1,3,3,404.0,4.34,7.7,32.7,2.9,2,1.0,3.159788098316791,1.5190892080886513,False,False,False,2.9
143169334,12.0901,5127.7,0.773757,1,23.34,9.94435,4267.9959,4.2,2509.0,4.23,10.9,2,0.0,0.6,11.3,3.3,1.0,1,"00143169334-01(1:1,ntoi=1)",True,,0,0,False,1725.1,2,2,2068.0,1.53,7.7,19.4,2.9,2,1.0,3.407769056782572,1.2324778850963007,False,False,False,2.9
50015998,11.6109,5421.0,0.792238,1,25.22,11.08558,4186.8816,2.1,3865.0,5.37,7.3,2,4.7,-0.0,7.5,3.4,1.0,0,,False,,0,0,False,2337.7,2,2,4836.0,1.65,7.8,36.4,2.9,2,1.0,3.5894800778741853,0.5850429461761194,False,False,False,2.9
124430234,12.5958,4890.0,0.814426,1,24.95,7.49395,4268.7751,1.8,7296.0,7.59,8.0,2,0.0,-2.2,8.0,2.9,1.0,0,,False,,0,0,False,6238.5,2,2,6809.0,1.19,4.5,0.8,2.9,2,1.0,3.2088270565057035,0.5609526373042163,False,False,False,2.9
340106897,11.1428,5477.16,0.848282,1,25.06,12.03738,4185.8661,4.2,3157.0,5.2,23.2,2,19.0,0.4,23.1,2.6,1.0,0,,False,,0,0,False,1224.3,2,2,3222.0,1.82,17.3,287.6,2.9,2,1.0,3.8614088299348697,1.0876859159383134,False,False,False,2.9
148087363,12.4503,3690.0,0.85603,1,24.03,8.77474,4153.4007,2.25,4735.0,6.43,11.8,3,6.1,-3.5,12.0,3.7,1.0,0,,False,,0,0,False,2728.0,3,3,2669.0,4.09,11.6,49.6,2.9,2,1.0,3.4963296219557454,0.643532001637024,False,False,False,2.9
90491652,10.6823,5440.95,0.883412,1,25.08,16.4397,4181.2616,6.3,674.0,2.5,7.8,2,2.5,0.5,7.4,4.0,2.0,0,,False,,0,0,False,815.0,2,2,665.0,1.47,6.4,10.6,2.9,2,1.0,4.401646079479462,1.4312827261080103,False,False,False,2.9
144644684,11.4734,4401.0,0.981235,1,23.44,8.64891,4157.3863,2.4,8370.0,9.79,33.8,2,0.0,1.5,32.9,2.7,1.0,1,,False,,0,0,False,2130.7,2,2,8778.0,1.86,25.7,583.4,2.9,2,1.0,3.8110452661808103,0.629748489554187,False,False,False,2.9
246753441,11.2368,5536.0,1.04513,1,24.99,10.25326,4188.3763,0.62,5305.0,8.3,10.2,2,5.1,0.3,10.0,3.0,1.0,0,,False,,0,0,False,1595.0,2,2,4299.0,1.39,4.9,4.3,2.9,2,1.0,4.206709221848876,0.1473836120594772,False,False,False,2.9
246753441,11.2368,5536.0,1.04513,1,24.99,11.81449,4186.8138,0.62,5289.0,8.29,10.1,2,5.1,-1.0,9.7,2.9,1.0,0,,False,,0,0,False,1595.0,2,2,4183.0,1.43,4.8,5.1,2.9,2,1.0,4.410219073122099,0.14058258551793149,False,False,False,2.9
390083427,10.4729,4940.39,1.1222,1,25.11,11.16836,4186.5655,3.15,818.0,3.5,7.5,2,4.0,-0.8,7.6,3.1,1.0,0,,False,,0,0,False,676.8,2,2,1064.0,1.57,7.4,22.8,2.9,2,1.0,4.53856199142653,0.6940524346589158,False,False,False,2.9
453099618,10.6224,3767.0,0.626184,44,2720.36,109.39101,1353.9134,1.8,1947.0,3.01,10.0,8,3.5,-1.0,13.9,5.9,2.0,1,,False,,0,0,False,2073.4,6,8,863.0,13.44,5.0,15.8,2.9,3,0.75,6.581680797000916,0.27348637156943384,False,False,False,2.9
382914770,13.1216,3421.0,0.302308,1,25.22,6.66802,4184.5628,4.2,42714.0,6.82,19.4,3,0.7,1.2,18.6,2.7,1.0,0,,False,,0,0,False,29837.1,3,3,39190.0,1.59,6.6,10.6,2.8,2,1.0,1.594068642425444,2.6347673420195505,False,False,False,2.8
79303567,13.2987,4524.0,0.562851,2,53.1,13.53812,4191.2792,0.5,63028.0,15.42,7.5,2,1.7,-1.6,7.5,3.8,1.0,0,,False,,0,0,True,24616.1,2,2,61966.0,1.17,4.0,0.5,2.8,2,1.0,3.054851065941499,0.16367410037579067,False,False,False,2.8
296481762,13.3318,3340.0,0.593942,1,23.65,8.41436,4156.298,2.1,53689.0,15.01,46.7,2,0.0,-0.6,46.5,2.5,1.0,1,,False,,0,0,False,9065.5,2,2,50382.0,1.91,36.1,1346.9,2.8,2,1.0,2.702161788972606,0.7771555384174257,False,False,False,2.8
162928477,12.2048,4489.0,0.681178,1,24.25,10.93643,4153.7012,4.2,3258.0,4.24,8.3,2,0.0,0.3,8.6,3.2,1.0,0,,False,,0,0,False,2947.0,2,2,3605.0,1.61,8.6,31.6,2.8,2,1.0,3.231026812086528,1.2998963624469986,False,False,False,2.8
95982740,11.4662,4412.0,0.68409,1,24.97,11.45322,4186.2527,4.8,1728.0,3.1,9.6,2,5.9,1.2,9.3,3.1,1.0,0,,False,,0,0,False,1435.9,2,2,2193.0,1.7,8.8,56.6,2.8,2,1.0,3.2904830373814415,1.4587523915090073,False,False,False,2.8
57840359,13.2887,4382.0,0.689637,1,25.36,15.16989,4183.4405,0.5,64396.0,19.09,16.5,2,7.8,0.0,16.5,3.5,2.0,0,,False,,0,0,False,17335.0,2,2,61698.0,1.57,7.8,22.9,2.8,2,1.0,3.633145637158082,0.1376217883715528,False,False,False,2.8
63028054,9.3169,4549.0,0.713965,1,25.38,12.68596,4185.1078,1.58,2073.0,3.55,18.9,2,5.6,1.2,18.9,2.8,1.0,0,,False,,0,0,False,935.5,2,2,1726.0,1.5,7.3,14.3,2.8,2,1.0,3.5029506701180972,0.4510483157750927,False,False,False,2.8
469360264,10.1103,4573.0,0.749095,1,25.38,10.5215,4187.1565,6.3,1527.0,3.19,15.8,2,14.4,-3.5,16.0,2.5,1.0,0,,False,,0,0,False,956.9,2,2,1816.0,1.78,12.6,151.0,2.8,2,1.0,3.398277025400097,1.8538806439002036,False,False,False,2.8
34081378,13.1925,4582.0,0.76089,1,25.67,10.9119,4274.338,4.2,4559.0,5.61,7.2,2,2.4,1.0,7.6,3.8,1.0,0,,False,,0,0,False,4881.6,2,2,4548.0,1.42,6.0,6.9,2.8,2,1.0,3.4758124734393037,1.2083505747489638,False,False,False,2.8
290820586,12.3172,5093.0,0.811636,1,26.11,6.67436,4212.4807,1.8,4081.0,5.66,7.1,3,3.5,-0.9,7.1,4.0,1.0,0,,False,,0,0,False,3201.9,3,3,4477.0,2.41,4.5,3.3,2.8,3,1.0,3.080248143819929,0.584368504080244,False,False,False,2.8
360402401,13.0451,5485.0,0.833124,1,25.06,9.3351,4188.5687,3.15,5736.0,6.88,8.8,2,5.1,-0.0,9.1,3.4,1.0,0,,False,,0,0,False,3969.4,2,2,7239.0,1.65,10.7,54.1,2.8,2,1.0,3.5052665557263336,0.8986477775432065,False,False,False,2.8
148087363,12.4503,3690.0,0.85603,1,24.03,8.96563,4153.4007,3.15,4691.0,6.4,11.8,3,6.3,1.6,11.8,3.6,1.0,0,,False,,0,0,False,2728.0,2,3,2223.0,3.86,10.9,28.5,2.8,2,0.6666666666666666,3.521501583965369,0.8945047801037642,False,False,False,2.8
112588341,10.5683,5502.0,0.861278,1,25.23,11.65695,4186.2626,4.2,2957.0,5.11,21.8,2,17.1,2.8,21.9,2.8,1.0,0,,False,,0,0,False,1314.4,2,2,2895.0,1.81,9.2,128.7,2.8,2,1.0,3.8592138189408405,1.0883045607337425,False,False,False,2.8
112588341,10.5683,5502.0,0.861278,1,25.23,13.67241,4184.2376,4.2,2910.0,5.07,21.6,2,17.9,-0.3,21.3,2.7,2.0,0,,False,,0,0,True,1314.4,2,2,2941.0,1.79,9.8,121.3,2.8,2,1.0,4.069917018003676,1.0319620723029215,False,False,False,2.8
112588341,10.5683,5502.0,0.861278,1,25.23,9.37683,4188.5376,4.2,2881.0,5.04,21.3,2,18.2,-1.6,21.8,2.8,1.0,0,,False,,0,0,False,1314.4,2,2,2949.0,1.79,10.0,119.5,2.8,2,1.0,3.5891301805344438,1.170199961756359,False,False,False,2.8
143169425,11.6689,5214.46,0.903253,1,23.38,11.71808,4278.9008,6.3,4743.0,6.79,17.2,2,0.0,4.2,16.7,2.2,1.0,0,,False,,0,0,False,2009.7,2,2,4474.0,1.42,17.9,14.7,2.8,2,1.0,3.990555806925783,1.578727451716394,False,False,False,2.8
363122666,13.4096,5641.0,0.934553,1,25.01,14.6226,4185.1485,4.8,10464.0,10.43,12.9,2,6.7,0.0,12.8,2.8,2.0,0,,False,,0,0,False,6823.6,2,2,12046.0,1.75,15.4,133.4,2.8,2,1.0,4.3949349493704934,1.0921663358606766,False,False,False,2.8
93244075,11.3745,5524.0,0.967317,1,25.77,12.47695,4268.8491,2.1,2436.0,5.21,12.3,2,4.3,-2.1,12.3,3.4,1.0,0,,False,,0,0,False,1458.0,2,2,2113.0,1.49,9.6,17.8,2.8,2,1.0,4.265372708032273,0.4923368117504518,False,False,False,2.8
21470557,11.3096,4120.0,0.974052,1,24.99,15.05787,4182.8321,3.0,12690.0,11.97,48.2,2,35.8,10.0,49.6,2.9,2.0,0,,False,,0,0,False,4528.7,2,2,10897.0,1.8,6.2,68.9,2.8,2,1.0,4.5623041735124925,0.657562469731236,False,False,False,2.8
22302186,10.4968,5290.0,0.981568,1,24.94,12.35831,4185.3522,6.3,1216.0,3.73,13.9,2,7.7,1.9,14.1,3.0,1.0,0,,False,,0,0,False,1376.2,2,2,1465.0,1.54,7.5,18.8,2.8,2,1.0,4.293468194690872,1.467345212383388,False,False,False,2.8
33934767,11.8199,5810.0,1.01061,1,25.77,10.97237,4268.8074,4.2,3244.0,6.28,15.5,2,9.7,-0.4,15.9,2.7,1.0,0,,False,,0,0,False,1648.6,2,2,3667.0,1.71,17.7,111.6,2.8,2,1.0,4.207565023095961,0.9982020424985864,False,False,False,2.8
182229791,12.9672,5862.0,1.03388,1,25.06,13.736,4184.2133,4.2,6880.0,9.36,9.2,2,5.4,0.0,9.7,3.2,2.0,0,,False,,0,0,True,5728.5,2,2,8351.0,1.58,7.4,23.7,2.8,2,1.0,4.604068864054816,0.9122365724784248,False,False,False,2.8
335539047,11.8891,4023.0,1.03715,1,24.08,12.1524,4159.1432,1.2,6965.0,9.44,13.9,2,4.9,0.6,13.6,3.2,2.0,0,,False,,0,0,False,1867.2,2,2,5373.0,1.43,8.3,10.5,2.8,2,1.0,4.42918030903399,0.27093049193603985,False,False,False,2.8
141082593,11.2935,4236.0,1.06881,1,24.06,10.42023,4160.5333,4.2,3250.0,6.65,17.3,2,13.2,-0.9,17.9,2.9,1.0,0,,False,,0,0,False,2498.7,2,2,3720.0,1.71,5.4,30.8,2.8,2,1.0,4.293067675331029,0.9783214050256376,False,False,False,2.8
340638718,12.2878,3169.0,0.302409,20,2496.44,16.49418,1494.2347,2.1,491874.0,23.14,37247.3,31,8969.5,-2475.3,37405.0,1.9,1.0,52,,False,,0,0,False,96434.4,18,31,592.0,1346.48,2.8,17.0,2.8,10,0.5806451612903226,2.1563289418809717,0.9738773891186399,False,False,False,2.8
306894507,12.4815,3925.0,0.607324,13,2444.31,106.09256,1629.5409,0.75,10001.0,6.63,11.9,2,7.8,0.1,9.8,5.1,2.0,0,,False,,0,0,False,2747.5,2,2,11106.0,1.69,13.3,80.1,2.8,2,1.0,6.383373154798383,0.11749273962406927,False,False,False,2.8
160629127,13.4213,3264.0,0.579772,1,24.08,9.67071,4160.3195,4.2,15234.0,7.81,12.8,2,3.6,3.8,13.6,3.1,1.0,1,,False,,0,0,False,8036.3,2,2,12910.0,1.45,12.5,14.8,2.7,2,1.0,2.7852610482620066,1.507937650088772,False,False,False,2.7
140478840,13.4408,3277.0,0.615425,1,23.84,11.15008,4156.8206,1.05,15934.0,8.48,8.6,2,4.8,-1.7,8.6,3.3,1.0,1,,False,,0,0,False,6606.5,2,2,16882.0,1.57,6.9,18.9,2.7,2,1.0,3.0391423659760135,0.34549220587854723,False,False,False,2.7
91636864,11.4032,4782.0,0.659669,1,24.4,8.89004,4186.9472,0.5,13770.0,8.45,23.0,2,13.8,1.9,23.0,3.2,1.0,0,,False,,0,0,False,3173.2,2,2,12450.0,1.56,10.0,26.4,2.7,2,1.0,2.9516186749329196,0.1693985758547768,False,False,False,2.7
91636864,11.4032,4782.0,0.659669,1,24.4,10.37473,4186.942,0.5,12493.0,8.04,22.8,2,14.7,-2.5,22.8,3.2,1.0,0,,False,,0,0,False,3173.2,2,2,11562.0,1.63,10.2,40.6,2.7,2,1.0,3.1075487148246776,0.16089852352586823,False,False,False,2.7
76922334,13.0638,5065.0,0.737695,1,24.96,9.27575,4188.631,3.15,10909.0,8.41,17.5,2,14.8,1.0,17.4,2.7,1.0,0,,False,,0,0,False,4189.9,2,2,12524.0,1.8,17.6,222.0,2.7,2,1.0,3.2253426956580333,0.9766404060692652,False,False,False,2.7
269586064,9.3377,4514.0,0.746019,1,25.85,12.29595,4213.8206,1.8,593.0,1.98,8.4,2,5.2,-2.0,8.3,2.9,1.0,0,,False,,0,0,False,436.9,2,2,603.0,1.54,11.0,25.9,2.7,2,1.0,3.5696769572316875,0.5042473090886953,False,False,False,2.7
469360264,10.1103,4573.0,0.749095,1,25.38,9.55898,4188.1315,6.3,1549.0,3.22,16.0,2,14.0,0.3,16.3,2.6,1.0,0,,False,,0,0,False,956.9,2,2,1797.0,1.81,11.9,164.6,2.7,2,1.0,3.291319760378983,1.9141257789168982,False,False,False,2.7
253676019,10.7614,5054.95,0.757973,1,25.33,8.08963,4184.8145,0.75,3244.0,4.71,11.2,2,0.0,0.4,11.5,3.6,1.0,0,,False,,0,0,False,1045.4,2,2,3203.0,1.45,11.6,14.7,2.7,2,1.0,3.1377644435176286,0.23902367864147364,False,False,False,2.7
313847487,10.7485,4915.0,0.778561,1,25.17,6.68127,4184.8466,3.15,1690.0,3.49,7.4,2,0.0,-0.5,7.7,3.1,1.0,0,,False,,0,0,False,1133.9,2,2,1348.0,1.2,4.9,1.0,2.7,2,1.0,2.9970206243136874,1.051043818132331,False,False,False,2.7
180145930,12.083,5229.0,0.783417,4,110.63,45.69216,4189.3039,2.1,2944.0,4.64,7.6,2,0.0,1.1,7.6,4.5,1.0,0,,False,,0,0,False,1877.7,2,2,3697.0,1.6,9.3,32.7,2.7,2,1.0,5.712385629439768,0.3676222398532211,False,False,False,2.7
160995635,11.2136,4932.0,0.797837,1,25.06,9.62813,4188.2967,3.0,2943.0,4.72,15.8,2,11.9,1.1,15.8,2.7,1.0,0,,False,,0,0,False,1368.8,2,2,3489.0,1.76,15.0,135.3,2.7,2,1.0,3.4408445920702215,0.8718789587050246,False,False,False,2.7
218759667,11.7472,5323.0,0.820676,1,24.97,10.95929,4186.9561,2.25,3788.0,5.51,9.2,2,6.8,-0.7,9.4,2.6,1.0,0,,False,,0,0,False,2165.4,2,2,5318.0,1.72,11.7,83.6,2.7,2,1.0,3.660863948007264,0.6146090190608569,False,False,False,2.7
124120571,11.0303,5773.0,0.891292,1,25.29,11.06798,4269.1881,1.12,2272.0,4.64,7.3,2,0.3,1.4,7.3,4.0,1.0,0,,False,,0,0,False,983.3,2,2,2023.0,1.07,8.9,0.1,2.7,2,1.0,3.880709092768319,0.2886070491826131,False,False,False,2.7
301045623,11.7229,3975.0,0.922927,1,23.61,12.92845,4159.2036,6.3,14030.0,11.93,58.1,2,10.5,0.0,53.4,2.6,2.0,0,,False,,0,0,False,4129.5,2,2,11280.0,1.39,22.1,11.2,2.7,2,1.0,4.18313629479257,1.506047031707438,False,False,False,2.7
217864703,10.6985,5872.0,0.930742,1,25.17,11.42535,4190.4439,1.12,3823.0,6.28,11.5,2,7.0,-1.4,11.8,3.0,1.0,0,,False,,0,0,False,1664.7,2,2,4241.0,1.64,11.6,49.5,2.7,2,1.0,4.036928024813607,0.2774386843450628,False,False,False,2.7
441054137,9.97452,5516.0,0.953376,1,25.79,12.14325,4264.9702,2.1,7306.0,8.89,38.2,2,0.0,-7.0,39.9,4.0,1.0,0,,False,,0,0,False,3603.1,2,2,6784.0,1.23,9.3,2.2,2.7,2,1.0,4.186291019689337,0.5016373658981406,False,False,False,2.7
246753441,11.2368,5536.0,1.04513,1,24.99,10.77146,4187.8555,0.62,5354.0,8.34,10.3,2,5.0,-1.2,9.9,3.0,1.0,0,,False,,0,0,False,1595.0,2,2,4296.0,1.44,4.9,5.8,2.7,2,1.0,4.276416807745471,0.14498119053246925,False,False,False,2.7
32211248,10.2628,6174.0,1.11806,1,24.93,13.95224,4184.2753,1.12,1334.0,4.45,7.1,2,3.8,0.0,7.4,3.2,2.0,0,,False,,0,0,True,744.1,2,2,1453.0,1.43,10.4,11.2,2.7,2,1.0,4.8760297529410845,0.229695070938492,False,False,False,2.7
120979223,10.4929,6314.0,1.1367,2,54.91,18.06468,4239.9869,0.5,2860.0,6.63,9.5,2,0.0,0.4,9.5,4.1,1.0,0,,False,,0,0,False,933.7,2,2,2300.0,1.2,4.8,0.9,2.7,2,1.0,5.37339736845291,0.09305100027321417,False,False,False,2.7
142868669,11.5794,5913.0,1.16383,1,25.3,12.94701,4212.8888,1.05,3190.0,7.17,8.8,2,4.0,-0.5,8.4,3.4,2.0,0,,False,,0,0,False,1666.4,2,2,3686.0,1.58,9.5,28.8,2.7,2,1.0,4.884924101727967,0.21494704485348679,False,False,False,2.7
218039014,12.6824,3672.0,1.18525,1,25.2,13.33257,4184.5767,3.6,9541.0,12.63,10.5,2,6.9,0.9,10.5,2.8,2.0,0,,False,,0,0,False,6058.6,2,2,11848.0,1.77,12.1,120.3,2.7,2,1.0,4.993283536279124,0.7209684717168363,False,False,False,2.7
322736687,10.426,3224.0,0.282965,2,52.93,26.39305,4225.7588,3.0,832.0,0.89,7.8,2,0.7,-0.3,8.1,3.3,1.0,0,,False,,0,0,False,703.3,2,2,840.0,1.16,6.7,0.7,2.6,2,1.0,2.412829504066862,1.2433534963591306,False,False,False,2.6
60348911,12.7305,4572.0,0.69847,1,25.13,10.94368,4268.8215,4.2,4460.0,5.09,8.1,2,0.0,-0.1,7.6,3.0,1.0,0,,False,,0,0,False,2819.2,2,2,4090.0,1.15,7.8,0.7,2.6,2,1.0,3.28620456168089,1.278070163061214,False,False,False,2.6
423660874,11.5701,4408.0,0.70651,1,25.79,11.85228,4264.954,2.25,2051.0,3.49,8.2,2,0.0,-0.3,8.1,3.4,1.0,0,,False,,0,0,False,1569.6,2,2,1845.0,1.41,7.3,7.8,2.6,2,1.0,3.400591543221925,0.6616495899028834,False,False,False,2.6
299909191,12.6667,4123.0,0.771672,1,25.01,11.76061,4269.5508,3.0,4068.0,5.37,9.7,2,2.4,0.4,9.2,3.0,1.0,0,,False,,0,0,False,2729.5,2,2,4257.0,1.51,8.1,15.7,2.6,2,1.0,3.597273057318218,0.8339650485794682,False,False,False,2.6
50015998,11.6109,5421.0,0.792238,1,25.22,13.79184,4184.1691,2.1,3615.0,5.2,7.3,2,4.8,0.0,7.3,3.2,2.0,0,,False,,0,0,True,2337.7,2,2,4775.0,1.64,8.3,36.5,2.6,2,1.0,3.860582258723774,0.543959397641281,False,False,False,2.6
155951590,12.3974,5805.0,0.845739,4,106.54,52.10273,4153.8164,4.2,3110.0,5.15,8.4,2,0.0,0.0,8.7,4.5,1.0,0,,False,,0,0,False,2633.8,2,2,2781.0,1.44,6.2,7.9,2.6,2,1.0,6.280381501773628,0.6687491832803291,False,False,False,2.6
263264755,12.4845,3672.0,0.861954,1,25.33,6.76108,4184.4156,3.6,9566.0,9.2,11.1,2,0.0,0.4,11.2,2.7,1.0,1,,False,,0,0,True,6248.8,2,2,11878.0,1.74,10.4,82.1,2.6,2,1.0,3.22010261713059,1.1179767939221559,False,False,False,2.6
34436546,12.9925,5263.0,0.899951,1,26.03,12.35868,4267.0364,4.8,7094.0,8.27,14.5,2,10.9,-0.5,14.4,3.5,1.0,0,,False,,0,0,False,3791.4,2,2,7854.0,1.76,15.1,132.6,2.6,2,1.0,4.052082065264362,1.1845762061797833,False,False,False,2.6
143169425,11.6689,5214.46,0.903253,1,23.38,11.69912,4278.9196,4.5,5302.0,7.18,17.3,2,0.0,2.4,17.3,2.4,1.0,0,,False,,0,0,False,2009.7,2,2,4860.0,1.48,16.1,19.8,2.6,2,1.0,3.9884023886865787,1.1282713130361692,False,False,False,2.6
210642284,13.147,3580.0,0.938701,1,24.25,8.99223,4161.9888,4.8,11792.0,11.12,15.3,2,11.1,0.0,15.5,3.2,1.0,2,,False,,0,0,False,7909.0,2,2,10438.0,1.62,4.2,11.1,2.6,2,1.0,3.748426071741099,1.280537459758532,False,False,False,2.6
155951591,12.0108,5955.0,0.959323,4,106.58,31.19764,4153.6901,1.0,6154.0,8.21,12.6,2,0.0,-0.4,12.5,3.9,1.0,0,,False,,0,0,False,1731.7,2,2,6219.0,1.7,7.8,46.1,2.6,2,1.0,5.757387307855085,0.1736898955252934,False,False,False,2.6
93244075,11.3745,5524.0,0.967317,1,25.77,12.04456,4268.8491,2.1,2247.0,5.0,11.4,2,5.3,1.3,11.8,3.1,1.0,0,,False,,0,0,False,1458.0,2,2,2023.0,1.56,9.2,24.1,2.6,2,1.0,4.215519999291956,0.4981591832923859,False,False,False,2.6
21470557,11.3096,4120.0,0.974052,1,24.99,13.57009,4184.3321,4.2,9944.0,10.6,44.3,2,42.5,0.0,44.9,2.5,2.0,0,,False,,0,0,True,4528.7,2,2,9394.0,1.8,6.3,64.4,2.6,2,1.0,4.406806333876221,0.9530711544352541,False,False,False,2.6
94159849,13.0622,3675.0,0.983862,1,24.2,8.13652,4155.7327,4.5,83577.0,31.03,121.1,2,123.8,-4.4,120.5,2.8,1.0,0,,False,,0,0,False,19267.6,2,2,89436.0,1.96,66.0,5494.8,2.6,2,1.0,3.740910495557248,1.2029157087142972,False,False,False,2.6
141082593,11.2935,4236.0,1.06881,1,24.06,8.89014,4162.0802,3.15,3806.0,7.19,17.3,2,12.6,6.3,18.1,3.0,1.0,0,,False,,0,0,False,2498.7,2,2,4873.0,1.68,6.4,31.6,2.6,2,1.0,4.071722448854304,0.7736283697053915,False,False,False,2.6
366099542,11.8322,3841.0,1.17091,1,23.65,0.74096,4154.2857,6.3,8192.0,11.56,146.1,28,56.3,-43.6,148.1,4.1,1.0,1,,False,,0,0,False,8429.0,22,28,10705.0,1.96,9.4,192.3,2.6,22,0.7857142857142857,1.8901178865477983,3.333125433518129,False,False,False,2.6
142086812,8.20253,3461.0,0.424993,40,2662.78,109.8633,1408.2891,3.15,1165.0,1.58,57.4,6,38.8,-2.7,79.5,4.9,2.0,12,,False,,0,0,False,547.6,5,6,154.0,43.83,7.4,172.0,2.6,2,0.8333333333333334,5.090342743340716,0.6188188416430093,False,False,False,2.6
142086813,8.97319,3350.0,0.331441,40,2662.78,115.09003,1395.1079,2.25,4950.0,2.54,85.4,4,92.8,-1.0,126.2,4.2,2.0,17,,False,,0,0,False,2170.5,3,4,1338.0,24.15,4.9,86.7,2.6,3,0.75,4.380177219704487,0.5136778461561421,False,False,False,2.6
296481762,13.3318,3340.0,0.593942,1,23.65,14.70308,4158.423,2.1,53715.0,15.02,46.8,2,40.6,0.0,46.6,2.5,2.0,1,,False,,0,0,False,9065.5,2,2,50095.0,1.92,36.0,1356.1,2.5,2,1.0,3.2546709841730666,0.645226509902831,False,False,False,2.5
32559357,13.2549,4000.0,0.627072,1,25.38,8.69339,4273.3734,0.5,65835.0,17.55,21.0,2,6.6,2.0,20.8,3.0,1.0,0,,False,,0,0,False,17777.4,2,2,54205.0,1.4,5.9,5.7,2.5,2,1.0,2.8323676222262506,0.1765307568397489,False,False,False,2.5
92347272,12.8988,4283.0,0.664149,1,25.71,11.11486,4269.8528,4.2,5682.0,5.46,8.4,2,7.0,-1.0,8.8,3.2,1.0,0,,False,,0,0,False,5220.4,2,2,6786.0,1.69,7.0,35.8,2.5,2,1.0,3.1941352993988077,1.3149098602023883,False,False,False,2.5
300791695,11.922,4475.0,0.697589,1,25.67,10.44466,4215.3561,3.15,9897.0,7.57,39.7,2,34.2,-1.1,39.4,2.6,1.0,0,,False,,0,0,False,4391.0,2,2,10418.0,1.84,5.2,64.2,2.5,2,1.0,3.232755150097891,0.9744010460874573,False,False,False,2.5
119983884,12.8411,4657.0,0.724001,2,51.08,16.01907,4168.7984,0.62,36903.0,15.17,20.8,3,8.5,-1.4,19.6,3.9,1.0,0,,False,,0,0,False,9318.7,3,3,48846.0,1.1,6.8,26.5,2.5,2,1.0,3.821614162951233,0.16223511154281636,False,False,False,2.5
204450382,11.8396,5019.0,0.743206,1,25.11,8.92746,4236.299,2.4,5746.0,6.15,13.8,2,5.6,-0.0,13.7,3.2,1.0,0,,False,,0,0,False,3956.9,2,2,5937.0,1.54,8.3,18.7,2.5,2,1.0,3.200297874629694,0.7499301921317882,False,False,False,2.5
269586064,9.3377,4514.0,0.746019,1,25.85,9.91488,4216.1971,1.58,652.0,2.08,8.5,2,5.1,-0.1,8.5,3.0,1.0,0,,False,,0,0,False,436.9,2,2,622.0,1.54,12.4,24.0,2.5,2,1.0,3.3225437409161054,0.47553926244605466,False,False,False,2.5
143798554,11.1915,5374.0,0.773808,1,25.07,12.2563,4185.659,4.2,2367.0,4.11,10.4,2,6.2,-0.5,10.9,3.4,1.0,0,,False,,0,0,False,2107.7,2,2,2763.0,1.64,8.1,32.4,2.5,2,1.0,3.6538459394758473,1.1494737516498847,False,False,False,2.5
221625283,10.5784,4331.0,0.789755,1,24.34,10.58213,4159.201,4.5,1312.0,3.12,11.6,2,6.3,0.9,11.7,2.7,1.0,0,,False,,0,0,False,948.1,2,2,1419.0,1.7,8.7,51.7,2.5,2,1.0,3.5269089455981963,1.2759047850147316,False,False,False,2.5
347528090,11.7044,5182.0,0.82459,1,25.22,7.78517,4184.8159,0.75,8984.0,8.53,10.2,2,0.0,0.4,10.2,3.0,1.0,0,,False,,0,0,False,2928.8,2,2,8330.0,1.59,11.2,31.9,2.5,2,1.0,3.276848553227322,0.22887844458399995,False,False,False,2.5
90491652,10.6823,5440.95,0.883412,1,25.08,12.71188,4185.0022,3.15,1148.0,3.27,7.0,2,0.0,-0.2,6.5,2.9,1.0,0,,False,,0,0,False,815.0,2,2,1359.0,1.03,5.9,0.0,2.5,2,1.0,4.040053209697682,0.7796927011849221,False,False,False,2.5
172623939,10.4393,5199.0,0.911958,1,25.14,7.21133,4269.1902,4.5,1221.0,3.48,8.4,2,0.0,2.3,8.9,3.5,1.0,0,,False,,0,0,False,778.1,2,2,1041.0,1.0,6.7,0.0,2.5,2,1.0,3.4160952825746054,1.3172934674727483,False,False,False,2.5
266879343,11.4638,5801.0,0.918257,1,23.85,7.20087,4156.6048,4.8,3492.0,5.92,14.0,3,3.1,2.9,15.4,3.5,1.0,0,,False,,0,0,False,5251.5,3,3,3804.0,1.4,5.8,4.9,2.5,2,1.0,3.430147398127397,1.3993567747614692,False,False,False,2.5
52044949,11.8887,5387.0,0.919759,1,25.14,10.96396,4268.8154,4.5,6324.0,7.98,20.1,2,0.0,0.5,20.3,2.8,1.0,0,,False,,0,0,False,2111.3,2,2,4822.0,1.33,15.3,5.1,2.5,2,1.0,3.9504521486955237,1.1391101146449634,False,False,False,2.5
22302186,10.4968,5290.0,0.981568,1,24.94,11.40366,4186.2897,6.3,1202.0,3.71,13.7,2,8.0,1.7,13.9,2.9,1.0,0,,False,,0,0,False,1376.2,2,2,1468.0,1.57,7.4,20.7,2.5,2,1.0,4.179939300669941,1.5071989200872524,False,False,False,2.5
94159849,13.0622,3675.0,0.983862,1,24.2,8.15837,4155.714,4.8,81374.0,30.62,122.1,2,125.0,-4.4,117.9,2.7,1.0,0,,False,,0,0,False,19267.6,2,2,86800.0,1.96,68.0,5576.9,2.5,2,1.0,3.7442561451899996,1.2819635767083524,False,False,False,2.5
209453616,10.8664,5572.0,0.986554,1,25.15,10.60694,4215.4997,1.58,2451.0,5.33,13.2,2,7.5,2.9,13.2,2.8,1.0,0,,False,,0,0,False,1636.8,2,2,2801.0,1.57,8.4,22.7,2.5,2,1.0,4.094041486961947,0.385926719363185,False,False,False,2.5
183821379,12.1825,3478.0,0.408466,1,24.75,11.41989,4240.7811,0.5,19900.0,6.29,11.4,2,4.9,-0.3,11.4,3.5,1.0,0,,False,,0,0,False,7144.9,2,2,26082.0,1.4,11.2,8.7,2.4,2,1.0,2.330949560362554,0.2145048560905927,False,False,False,2.4
326700454,10.6757,3956.0,0.580712,1,26.06,12.674,4213.1719,1.0,6942.0,5.28,24.7,2,16.7,0.8,25.9,3.4,1.0,0,,False,,0,0,False,4273.0,2,2,7028.0,1.62,6.8,22.8,2.4,2,1.0,3.0513127842889194,0.32772779150959475,False,False,False,2.4
140478840,13.4408,3277.0,0.615425,1,23.84,9.55121,4158.4222,1.58,12187.0,7.41,8.5,2,5.6,1.7,8.5,3.2,1.0,1,,False,,0,0,False,6606.5,2,2,14841.0,1.69,7.4,38.4,2.4,2,1.0,2.8863202403373776,0.5474098050240317,False,False,False,2.4
32559357,13.2549,4000.0,0.627072,1,25.38,6.16612,4267.2171,0.5,48178.0,15.02,20.5,3,4.4,3.1,20.5,2.9,1.0,0,,False,,0,0,False,17777.4,3,3,22229.0,3.64,6.4,15.0,2.4,2,1.0,2.5259450052205787,0.197945718915736,False,False,False,2.4
423660874,11.5701,4408.0,0.70651,1,25.79,12.54256,4264.9634,3.6,2033.0,3.48,9.5,2,0.0,-2.5,9.7,4.9,1.0,0,,False,,0,0,False,1569.6,2,2,2158.0,1.42,11.0,9.2,2.4,2,1.0,3.4653669726398477,1.0388510159019584,False,False,False,2.4
299909191,12.6667,4123.0,0.771672,1,25.01,11.76405,4269.5633,3.6,3728.0,5.14,9.9,2,3.2,1.2,10.1,3.6,1.0,0,,False,,0,0,False,2729.5,2,2,3842.0,1.58,8.3,21.8,2.4,2,1.0,3.597623759449606,1.0006605027955335,False,False,False,2.4
143798554,11.1915,5374.0,0.773808,1,25.07,10.62732,4187.284,4.2,2105.0,3.87,9.4,2,6.4,-1.9,10.2,3.0,1.0,0,,False,,0,0,False,2107.7,2,2,2564.0,1.66,7.6,33.2,2.4,2,1.0,3.4842156211748514,1.2054363037910356,False,False,False,2.4
404032060,10.6146,5535.0,0.861714,2,53.34,19.66245,4192.4655,7.2,2130.0,4.34,15.6,2,0.8,3.3,15.5,3.9,1.0,0,,False,,0,0,False,1540.5,2,2,1880.0,1.26,8.2,2.4,2.4,2,1.0,4.595466490923701,1.5667615059799471,False,False,False,2.4
149544289,11.1004,5573.0,0.910031,1,25.38,10.81275,4184.8222,2.25,4984.0,7.01,14.2,2,8.2,-0.2,12.7,2.7,1.0,0,,False,,0,0,False,1724.5,2,2,4468.0,1.65,18.3,62.4,2.4,2,1.0,3.9044314810052225,0.5762682764305348,False,False,False,2.4
217864703,10.6985,5872.0,0.930742,1,25.17,10.15686,4181.5533,1.12,4261.0,6.63,12.2,2,0.0,-1.4,11.8,3.1,1.0,0,,False,,0,0,False,1664.7,2,2,4262.0,1.61,11.9,34.6,2.4,2,1.0,3.881631683786269,0.2885384527023223,False,False,False,2.4
149480700,10.513,6229.0,1.10886,1,23.58,10.3782,4155.5679,0.5,1997.0,5.41,7.3,2,0.0,0.9,7.3,3.2,1.0,0,,False,,0,0,False,745.1,2,2,1811.0,1.55,7.4,16.6,2.4,2,1.0,4.393730864140945,0.11379850415525147,False,False,False,2.4
349371701,11.8745,3494.0,0.454467,22,1951.79,82.32942,2101.7553,2.1,2556.0,2.51,15.7,6,8.8,0.1,18.1,5.0,2.0,2,,False,,0,0,False,1491.7,3,6,523.0,22.93,17.6,160.3,2.4,3,0.5,4.834982223044062,0.4343345855525935,False,False,False,2.4
55744694,12.0523,3593.0,0.432247,31,2661.11,94.88999,1331.9418,4.8,884.0,1.4,7.9,7,5.6,-0.7,12.8,3.9,2.0,0,,False,,0,0,False,1427.1,6,7,329.0,18.72,6.2,32.9,2.4,2,0.8571428571428571,4.902712420411005,0.9790498785971227,False,False,False,2.4
306894507,12.4815,3925.0,0.607324,13,2444.31,109.41505,1609.6086,0.5,12040.0,7.27,12.3,2,0.0,-0.2,12.0,7.0,2.0,0,,False,,0,0,False,2747.5,2,2,10927.0,1.61,8.6,27.6,2.4,2,1.0,6.449325218862183,0.07752749055632399,False,False,False,2.4
66356448,12.4014,3659.0,0.486344,2,55.14,18.51793,4239.988,0.5,36565.0,10.15,10.5,2,3.5,-1.4,10.5,4.6,1.0,1,,False,,0,0,False,11558.3,2,2,37137.0,1.27,4.1,1.3,2.3,2,1.0,3.076343418160687,0.16253061899667387,False,False,False,2.3
86522176,13.1888,3943.0,0.586179,1,25.11,9.97657,4187.7575,3.6,13020.0,7.3,10.9,2,6.8,-2.1,11.8,3.2,1.0,0,,False,,0,0,False,12867.9,2,2,14505.0,1.54,4.2,7.0,2.3,2,1.0,2.8350162278914977,1.2698340011540068,False,False,False,2.3
262531383,11.7922,3911.0,0.587697,3,80.21,40.02492,4185.0854,3.15,4254.0,4.18,16.5,2,8.7,-3.6,16.5,3.7,1.0,1,,False,,0,0,False,1429.5,2,2,3467.0,1.74,12.4,88.3,2.3,2,1.0,4.512536911938607,0.6980552317846294,False,False,False,2.3
352291795,12.5099,3656.0,0.632703,2,50.86,25.42431,4153.603,1.58,6326.0,5.49,8.4,2,0.0,0.0,8.5,3.8,1.0,0,,False,,0,0,False,2678.1,2,2,5789.0,1.33,9.3,4.1,2.3,2,1.0,4.074659114584079,0.38776249879280483,False,False,False,2.3
88141648,12.1831,4331.0,0.676499,1,25.13,11.52894,4186.3859,4.2,6734.0,6.06,22.7,2,20.1,-0.4,23.0,2.6,1.0,0,,False,,0,0,False,2462.6,2,2,7186.0,1.87,19.4,371.1,2.3,2,1.0,3.273277759501132,1.2831175074614218,False,False,False,2.3
253676019,10.7614,5054.95,0.757973,1,25.33,9.82282,4184.8218,0.75,2491.0,4.13,10.4,3,8.9,2.1,10.4,2.9,1.0,0,,False,,0,0,False,1045.4,2,3,3455.0,1.39,10.5,47.3,2.3,2,0.6666666666666666,3.347517425974056,0.22404663055092716,False,False,False,2.3
101356600,12.3923,5193.22,0.773942,2,52.93,13.15852,4179.8557,3.15,4489.0,5.66,8.1,2,0.0,-0.7,7.9,4.1,1.0,0,,False,,0,0,False,2852.6,2,2,5015.0,1.1,9.5,0.2,2.3,2,1.0,3.7418202353860277,0.841836272681076,False,False,False,2.3
92191930,10.5682,5160.0,0.862399,1,25.79,12.53812,4264.9726,2.25,1432.0,3.56,9.9,2,0.0,-0.2,10.2,4.0,1.0,0,,False,,0,0,False,1023.8,2,2,1346.0,1.34,6.7,3.7,2.3,2,1.0,3.9575334795480326,0.5685359357356491,False,False,False,2.3
246894471,10.8196,5781.0,0.878531,1,25.79,9.39364,4265.0185,0.5,31871.0,17.11,44.3,3,1.9,-6.3,44.3,3.1,1.0,0,,False,,0,0,False,16818.5,3,3,33390.0,1.32,4.6,9.6,2.3,2,1.0,3.639074879404171,0.13739755750281935,False,False,False,2.3
149544289,11.1004,5573.0,0.910031,1,25.38,9.24142,4186.3785,2.25,4204.0,6.44,13.1,2,9.8,0.5,13.2,2.9,1.0,0,,False,,0,0,False,1724.5,2,2,4245.0,1.74,17.1,105.7,2.3,2,1.0,3.705316592936619,0.6072355610014907,False,False,False,2.3
21470557,11.3096,4120.0,0.974052,1,24.99,9.26163,4188.6321,4.2,10476.0,10.88,46.1,2,42.1,-2.7,46.9,2.7,1.0,0,,False,,0,0,False,4528.7,2,2,9493.0,1.84,5.6,72.8,2.3,2,1.0,3.8799446604903753,1.082489666094664,False,False,False,2.3
354606680,12.204,4462.0,1.03747,2,50.74,23.8441,4163.103,0.5,8501.0,10.44,12.2,2,7.7,-0.4,12.2,3.2,1.0,0,,False,,0,0,False,2087.5,2,2,8534.0,1.75,11.7,87.0,2.3,2,1.0,5.546073707499946,0.09015386855098063,False,False,False,2.3
32211248,10.2628,6174.0,1.11806,1,24.93,12.91042,4185.3107,0.62,1922.0,5.35,7.5,2,2.8,0.0,7.4,3.2,2.0,0,,False,,0,0,False,744.1,2,2,1581.0,1.37,5.4,3.8,2.3,2,1.0,4.751511935682823,0.1304847821898404,False,False,False,2.3
33866942,12.6265,5470.0,1.13732,1,25.75,11.22451,4275.5005,0.5,13581.0,14.46,7.9,2,1.3,2.2,7.9,2.9,1.0,0,,False,,0,0,False,4593.0,2,2,11562.0,1.12,5.2,0.3,2.3,2,1.0,4.586899330183153,0.10900609845737234,False,False,False,2.3
51926341,10.854,5713.0,1.15266,1,25.14,10.80381,4268.8676,0.5,4621.0,8.55,7.0,2,0.0,2.0,7.0,3.7,1.0,0,,False,,0,0,False,1650.2,2,2,3986.0,1.24,6.2,1.6,2.3,2,1.0,4.5694937563337055,0.1094213115636623,False,False,False,2.3
299942684,12.3747,3649.0,0.573809,28,2009.38,91.09421,2078.9449,1.58,7988.0,5.6,12.0,7,3.4,1.1,18.8,4.9,2.0,0,,False,,0,0,False,5452.4,6,7,2449.0,15.05,5.6,24.1,2.3,1,0.8571428571428571,5.8418462466217616,0.2704624417175797,False,False,False,2.3
466177968,12.1137,3511.0,0.462375,1,24.75,13.81975,4184.0929,3.15,2633.0,2.59,8.4,2,4.6,0.0,8.7,3.5,2.0,0,,False,,0,0,True,2325.6,2,2,3064.0,1.59,5.9,15.5,2.2,2,1.0,2.697974987873753,1.1675423286568285,False,False,False,2.2
326700454,10.6757,3956.0,0.580712,1,26.06,9.60456,4216.2521,1.05,6531.0,5.12,24.1,3,16.1,3.1,26.0,3.4,1.0,0,,False,,0,0,False,4273.0,3,3,2533.0,4.58,5.9,10.7,2.2,2,1.0,2.7818987477729142,0.37744004911774426,False,False,False,2.2
111968264,12.524,4208.0,0.623256,1,25.35,10.88854,4187.7248,0.5,18576.0,9.27,7.1,2,3.5,0.1,7.1,3.5,1.0,0,,False,,0,0,False,6714.9,2,2,18928.0,1.53,6.9,12.8,2.2,2,1.0,3.0407157458401177,0.16443496919566722,False,False,False,2.2
111968264,12.524,4208.0,0.623256,1,25.35,11.31008,4187.3029,0.5,18428.0,9.23,7.1,2,3.5,0.3,7.1,3.5,1.0,0,,False,,0,0,False,6714.9,2,2,18577.0,1.56,6.7,15.4,2.2,2,1.0,3.079459511307131,0.1623661548931248,False,False,False,2.2
303382543,13.1541,4264.0,0.728933,2,51.12,19.22736,4159.8429,4.2,23271.0,12.13,24.8,2,0.0,-0.3,24.9,2.9,1.0,0,,False,,0,0,False,7438.9,2,2,17308.0,1.8,18.8,186.3,2.2,2,1.0,4.079809841319528,1.0294597452712648,False,False,False,2.2
47642259,11.3455,4563.0,0.760322,1,26.03,14.80583,4268.8975,3.0,6174.0,6.52,12.0,2,2.3,0.0,12.8,3.8,2.0,0,,False,,0,0,False,2547.6,2,2,5179.0,1.3,6.7,2.5,2.2,2,1.0,3.8460735474620424,0.7800162849146887,False,False,False,2.2
60118346,13.1685,4151.0,0.789009,1,24.93,14.19421,4269.2021,4.2,4635.0,5.86,7.4,2,1.2,0.3,6.9,3.4,2.0,0,,False,,0,0,False,3699.7,2,2,4201.0,1.44,7.7,7.8,2.2,2,1.0,3.8871682682903796,1.0804780524325508,False,False,False,2.2
50015998,11.6109,5421.0,0.792238,1,25.22,12.59381,4185.366,1.8,3995.0,5.46,7.4,2,4.6,0.4,7.3,3.3,1.0,0,,False,,0,0,False,2337.7,2,2,4516.0,1.66,7.5,29.9,2.2,2,1.0,3.7453963774937717,0.48058998796930225,False,False,False,2.2
325855272,11.1145,5384.0,0.829389,1,25.38,11.95395,4185.9627,4.2,2540.0,4.56,9.5,2,6.6,1.1,9.6,3.2,1.0,0,,False,,0,0,False,2053.1,2,2,2754.0,1.69,7.5,37.7,2.2,2,1.0,3.795051027936871,1.1067044867334166,False,False,False,2.2
1695467892,11.9354,4243.0,0.892796,1,25.13,9.36917,4188.5499,4.2,4333.0,6.41,12.7,2,8.6,3.3,12.9,2.9,1.0,0,,False,,0,0,False,2676.1,2,2,3737.0,1.74,7.6,50.5,2.2,2,1.0,3.675164850765871,1.1428058796123821,False,False,False,2.2
290866297,12.839,5953.0,0.968761,1,26.11,12.57368,4206.6695,3.15,7031.0,8.86,7.7,2,0.0,0.1,7.6,3.9,1.0,0,,False,,0,0,False,6566.1,2,2,7497.0,1.21,7.1,1.2,2.2,2,1.0,4.280621807924201,0.7358743989410097,False,False,False,2.2
204450383,10.0647,6208.5,1.17259,1,25.11,8.53148,4236.7148,1.58,1630.0,5.17,13.7,2,10.0,0.7,14.0,2.8,1.0,0,,False,,0,0,False,548.9,2,2,1610.0,1.74,13.8,84.8,2.2,2,1.0,4.27215705904664,0.3698365903131351,False,False,False,2.2
150185574,11.1334,3556.0,0.53005,26,2691.55,13.17405,1359.8336,0.62,2490.0,2.89,24.8,41,13.8,1.7,91.4,3.7,2.0,3,,False,,0,0,False,2781.3,22,41,159.0,344.26,7.2,51.3,2.2,5,0.5365853658536586,2.9084345095744424,0.21317309980987587,False,False,False,2.2
55744694,12.0523,3593.0,0.432247,31,2661.11,98.81091,1332.7293,4.2,1375.0,1.75,9.2,4,5.2,0.3,16.6,5.7,2.0,0,,False,,0,0,False,1427.1,4,4,455.0,14.18,7.2,58.1,2.2,2,1.0,4.969330924455357,0.8451842036381032,False,False,False,2.2
380877154,13.1051,3756.0,0.513895,1,25.22,11.54725,4183.7347,1.8,24323.0,8.74,15.6,2,12.8,-1.0,15.6,2.9,1.0,0,,False,,0,0,False,7143.8,2,2,23805.0,1.83,18.3,214.7,2.1,2,1.0,2.7265747695715805,0.6601689490007381,False,False,False,2.1
327221844,11.3572,3907.0,0.582047,1,25.38,6.82015,4185.0252,2.4,7832.0,5.62,16.5,2,0.0,0.4,16.5,2.9,1.0,0,,False,,0,0,True,4069.8,2,2,6534.0,1.47,11.1,10.4,2.1,2,1.0,2.4856785976101565,0.9655311037828737,False,False,False,2.1
354606681,12.5879,4749.0,0.753572,2,50.74,24.63313,4173.241,1.58,4351.0,5.42,8.0,2,2.3,0.4,8.3,3.7,1.0,0,,False,,0,0,False,3087.5,2,2,3628.0,1.42,4.9,4.3,2.1,2,1.0,4.530345552750272,0.34875926827277387,False,False,False,2.1
73950795,10.3198,5154.81,0.775338,1,25.06,9.84781,4188.0718,4.2,1363.0,3.12,16.0,2,10.1,-1.5,16.7,3.2,1.0,0,,False,,0,0,False,1130.9,2,2,1041.0,1.57,3.8,7.1,2.1,2,1.0,3.4013309748961387,1.2348107346796056,False,False,False,2.1
34378558,13.0374,5172.92,0.847753,1,25.96,12.8146,4268.8497,2.1,6090.0,7.22,7.6,2,3.0,-0.8,7.6,3.3,1.0,0,,False,,0,0,False,4533.9,2,2,5466.0,1.51,6.5,9.8,2.1,2,1.0,3.9411491347868117,0.5328395166435627,False,False,False,2.1
32832708,11.4497,4783.0,1.09621,1,25.15,10.7324,4273.1168,4.8,2879.0,6.42,20.2,2,9.9,4.8,20.5,2.6,1.0,0,,False,,0,0,False,1550.6,2,2,2583.0,1.77,12.6,102.3,2.1,2,1.0,4.409301037775846,1.088607912881637,False,False,False,2.1
382043650,11.9592,3432.0,0.571631,25,2659.71,119.81799,1504.6686,4.2,9002.0,5.92,44.9,2,0.0,-2.7,62.5,5.8,2.0,45,"00382043650-02(2:1,ntoi=4);00382043650-05(3:1,ntoi=5)",True,,0,0,False,2113.2,2,2,10219.0,1.92,15.8,596.7,2.1,2,1.0,6.384489139875655,0.6578443330364565,False,False,False,2.1
306894507,12.4815,3925.0,0.607324,13,2444.31,102.18588,1652.9805,0.75,10675.0,6.85,12.7,2,6.9,0.8,11.5,6.5,2.0,0,,False,,0,0,False,2747.5,2,2,11015.0,1.7,13.8,62.6,2.1,2,1.0,6.304038927990424,0.11897134655529196,False,False,False,2.1
466177968,12.1137,3511.0,0.462375,1,24.75,11.04537,4186.8679,3.15,2571.0,2.56,8.3,2,4.8,0.8,8.7,3.4,1.0,0,,False,,0,0,False,2325.6,2,2,2996.0,1.63,5.7,17.4,2.0,2,1.0,2.503790264431482,1.2580925985488838,False,False,False,2.0
93331777,13.2545,3736.0,0.697322,1,25.61,8.45798,4269.2005,6.3,5500.0,5.64,12.7,2,0.0,-0.0,11.8,2.6,1.0,1,,False,,0,0,False,3620.8,2,2,4501.0,1.68,10.8,41.5,2.0,1,1.0,3.01244705937264,2.0913230592380976,False,False,False,2.0
362851339,10.4908,4772.0,0.747795,1,25.08,9.20848,4181.6917,4.8,735.0,2.21,9.4,3,7.3,0.1,9.8,3.0,1.0,0,,False,,0,0,False,783.1,3,3,329.0,5.29,6.8,35.7,2.0,2,1.0,3.246828242987158,1.4783658514636695,False,False,False,2.0
34523723,12.8829,5591.0,0.817894,1,26.04,15.04989,4268.8579,2.1,5178.0,6.42,7.8,2,3.5,0.0,7.9,3.5,2.0,0,,False,,0,0,False,3245.5,2,2,4818.0,1.59,10.3,22.5,2.0,2,1.0,4.059919452677816,0.5172516411907865,False,False,False,2.0
1695467892,11.9354,4243.0,0.892796,1,25.13,11.7997,4186.1249,4.2,4358.0,6.43,12.6,2,8.3,-0.6,13.3,3.0,1.0,0,,False,,0,0,False,2676.1,2,2,3774.0,1.73,7.7,44.5,2.0,1,1.0,3.968869079794285,1.0582359648451027,False,False,False,2.0
34436546,12.9925,5263.0,0.899951,1,26.03,12.84191,4266.5489,4.2,7420.0,8.46,14.3,2,11.4,1.4,14.2,3.4,1.0,0,,False,,0,0,False,3791.4,2,2,8101.0,1.82,14.0,150.5,2.0,1,1.0,4.104221054099145,1.0233366927946523,False,False,False,2.0
381949410,11.0382,3543.0,0.58803,41,2634.76,113.8696,1458.5105,4.8,2150.0,2.97,30.0,7,73.1,-0.7,53.7,4.6,2.0,60,,False,,0,0,False,1164.8,6,7,351.0,46.45,18.4,497.3,2.0,2,0.8571428571428571,6.39652175526538,0.7504078284497067,False,False,False,2.0
386941443,13.2479,3368.0,0.623956,1,24.13,7.14041,4158.7571,4.2,4588.0,4.61,7.1,2,0.0,-0.3,7.3,3.0,1.0,0,,False,,0,0,False,4598.1,2,2,4848.0,1.63,7.8,23.1,1.9,1,1.0,2.643739464658862,1.5886588130733041,False,False,False,1.9
63028054,9.3169,4549.0,0.713965,1,25.38,14.30486,4184.4052,0.5,3487.0,4.6,18.2,2,12.7,0.0,18.2,2.6,2.0,0,,False,,0,0,False,935.5,2,2,3073.0,1.72,3.0,8.7,1.9,1,1.0,3.6460345479294443,0.1371352886066168,False,False,False,1.9
303382543,13.1541,4264.0,0.728933,2,51.12,22.7651,4175.5429,4.2,23260.0,12.13,24.7,2,14.1,-1.7,24.9,2.9,1.0,0,,False,,0,0,False,7438.9,2,2,17246.0,1.81,19.0,167.1,1.9,1,1.0,4.316084010381289,0.9731043209302515,False,False,False,1.9
261447382,11.3405,5340.0,0.857,1,25.18,9.76636,4188.1432,4.2,6900.0,7.77,30.1,2,28.0,1.2,30.9,2.5,1.0,0,,False,,0,0,False,2247.9,2,2,7068.0,1.9,16.1,382.9,1.9,1,1.0,3.626099789329469,1.158269282152507,False,False,False,1.9
123270708,9.9031,5833.4,1.04688,4,110.66,35.61586,4197.9045,2.25,803.0,3.24,7.1,2,0.0,1.2,7.2,4.7,1.0,0,,False,,0,0,False,444.9,2,2,837.0,1.12,6.9,0.2,1.9,1,1.0,6.378041995794316,0.3527728418037465,False,False,False,1.9
88139561,10.6321,5225.0,1.06048,1,25.13,10.10237,4187.6734,2.4,2539.0,5.83,17.1,2,15.7,1.7,17.9,3.0,1.0,0,,False,,0,0,False,1255.3,2,2,1958.0,1.76,3.3,15.6,1.9,1,1.0,4.22685846444062,0.5677975783174501,False,False,False,1.9
161963773,12.6007,5975.0,1.15372,1,24.24,7.70637,4156.7081,4.2,9825.0,12.48,12.7,2,1.0,0.7,13.2,2.9,1.0,0,,False,,0,0,False,5760.1,2,2,9580.0,1.15,8.7,0.4,1.9,1,1.0,4.085311661839025,1.028073338744821,False,False,False,1.9
31740375,11.7966,3379.0,0.391358,13,2662.78,105.12185,1339.4915,3.0,6595.0,3.47,22.7,2,0.0,-1.8,23.0,3.6,2.0,19,,False,,0,0,False,1658.7,2,2,5369.0,1.5,15.6,13.4,1.9,1,1.0,4.747760137250186,0.6318769089580721,False,False,False,1.9
158210088,13.465,3573.0,0.45335,2,53.29,21.56477,4184.8175,0.75,37982.0,9.64,10.2,2,0.0,-0.8,10.1,3.7,1.0,0,,False,,0,0,False,14814.2,2,2,35178.0,1.62,8.1,20.9,1.8,1,1.0,3.0884860986458698,0.24283742132717823,False,False,False,1.8
380877154,13.1051,3756.0,0.513895,1,25.22,11.06239,4184.2222,1.8,23707.0,8.63,15.6,2,12.8,1.3,15.6,2.8,1.0,0,,False,,0,0,False,7143.8,2,2,23587.0,1.83,19.4,191.5,1.8,1,1.0,2.687865567773473,0.66967634898908,False,False,False,1.8
386941443,13.2479,3368.0,0.623956,1,24.13,6.80937,4158.7571,4.2,5050.0,4.84,7.7,2,0.0,1.8,8.0,3.5,1.0,0,,False,,0,0,True,4598.1,2,2,4952.0,1.6,8.1,17.8,1.8,1,1.0,2.602235407813813,1.613996945621649,False,False,False,1.8
76922334,13.0638,5065.0,0.737695,1,24.96,12.22064,4185.6872,3.15,10908.0,8.41,17.5,2,14.8,-0.4,17.5,2.8,1.0,0,,False,,0,0,False,4189.9,2,2,12041.0,1.87,16.6,269.3,1.8,1,1.0,3.5358256133914145,0.8908810400800997,False,False,False,1.8
76922334,13.0638,5065.0,0.737695,1,24.96,11.33154,4186.5685,3.15,10846.0,8.38,17.3,2,14.7,-0.1,17.2,2.7,1.0,0,,False,,0,0,False,4189.9,2,2,12090.0,1.86,17.0,250.4,1.8,1,1.0,3.447909298606828,0.9135971184835976,False,False,False,1.8
34523723,12.8829,5591.0,0.817894,1,26.04,10.19684,4268.8579,2.1,6068.0,6.95,7.6,2,0.0,-0.5,7.9,3.5,1.0,0,,False,,0,0,False,3245.5,2,2,5016.0,1.52,10.8,12.3,1.8,1,1.0,3.5658371924871077,0.5889220081120102,False,False,False,1.8
325855272,11.1145,5384.0,0.829389,1,25.38,10.87619,4187.0377,4.2,2563.0,4.58,9.6,2,6.5,1.0,9.8,3.3,1.0,0,,False,,0,0,False,2053.1,2,2,2669.0,1.74,7.1,39.8,1.8,1,1.0,3.6773875666475537,1.1421151357807193,False,False,False,1.8
41861951,10.877,5217.0,0.836795,3,80.25,52.46119,4180.044,2.1,17199.0,11.97,59.4,2,5.8,1.6,55.5,4.1,2.0,0,,False,,0,0,False,3605.1,2,2,12119.0,1.37,19.4,4.2,1.8,1,1.0,6.250293206468884,0.33598423795967797,False,False,False,1.8
34378558,13.0374,5172.92,0.847753,1,25.96,9.10285,4268.8497,2.1,5558.0,6.9,7.3,2,0.0,-1.3,7.4,3.1,1.0,0,,False,,0,0,False,4533.9,2,2,5175.0,1.59,6.1,13.1,1.8,1,1.0,3.5165244903762654,0.5971805416817392,False,False,False,1.8
1695467892,11.9354,4243.0,0.892796,1,25.13,11.43264,4186.4749,4.2,4191.0,6.31,12.5,2,8.1,-2.6,12.6,2.8,1.0,0,,False,,0,0,False,2676.1,2,2,3489.0,1.75,7.7,43.9,1.8,1,1.0,3.9272808569843867,1.069442230629012,False,False,False,1.8
34436546,12.9925,5263.0,0.899951,1,26.03,11.88703,4267.4989,4.2,6749.0,8.07,13.1,2,12.6,-0.6,12.8,2.9,1.0,0,,False,,0,0,False,3791.4,2,2,8155.0,1.85,13.0,169.7,1.8,1,1.0,3.999864900702103,1.0500354647635142,False,False,False,1.8
441054137,9.97452,5516.0,0.953376,1,25.79,11.39204,4264.9514,2.4,6372.0,8.3,37.2,2,0.0,5.4,36.3,3.3,1.0,0,,False,,0,0,False,3603.1,2,2,5077.0,1.56,9.8,15.4,1.8,1,1.0,4.0981225154294165,0.5856340289886426,False,False,False,1.8
290866297,12.839,5953.0,0.968761,1,26.11,12.91574,4206.6664,2.4,8993.0,10.02,8.0,2,0.0,-0.5,7.9,4.3,1.0,0,,False,,0,0,False,6566.1,2,2,9982.0,1.09,5.9,0.1,1.8,1,1.0,4.319092347238031,0.5556723049773987,False,False,False,1.8
21470557,11.3096,4120.0,0.974052,1,24.99,11.90119,4186.0071,4.2,9660.0,10.44,43.8,2,41.8,1.0,44.8,2.4,1.0,0,,False,,0,0,False,4528.7,2,2,8533.0,1.88,4.8,72.5,1.8,1,1.0,4.218193698076029,0.9956868509655383,False,False,False,1.8
142086813,8.97319,3350.0,0.331441,40,2662.78,69.6757,1349.0954,2.25,3096.0,2.01,85.7,10,53.0,-2.2,138.9,4.8,2.0,17,,False,,0,0,False,2170.5,6,10,155.0,201.05,2.9,55.9,1.8,3,0.6,3.705438087982764,0.6072156507747501,False,False,False,1.8
38759628,10.4964,3316.0,0.347011,43,2661.15,108.92252,1356.1904,1.58,489.0,0.84,17.5,7,4.0,-0.7,18.1,2.2,2.0,5,"00038759628-02(1:3,ntoi=2)",True,,0,0,False,606.2,6,7,121.0,4.72,16.6,4.2,1.8,2,0.8571428571428571,4.434142869161055,0.3563259115958386,False,False,False,1.8
324897445,12.6487,3781.0,0.517982,1,24.82,12.11289,4190.9437,1.58,156499.0,22.36,73.1,2,14.8,-4.2,73.0,3.5,1.0,0,,False,,0,0,False,40562.5,2,2,120242.0,1.43,16.7,6.1,1.7,1,1.0,2.7850564177684154,0.5673134626357078,False,False,False,1.7
80426928,12.4711,4930.0,0.741978,4,106.56,52.5141,4180.1192,2.25,16402.0,10.37,18.2,2,2.5,-0.1,18.4,4.5,1.0,0,,False,,0,0,False,4343.2,2,2,11322.0,1.43,14.8,6.5,1.7,1,1.0,5.770688367996954,0.3899014912116959,False,False,False,1.7
165062587,10.2665,5239.0,0.785026,2,53.65,25.43551,4225.858,6.3,2999.0,4.69,15.6,2,4.6,0.1,15.7,3.1,1.0,0,,False,,0,0,False,2679.3,2,2,2663.0,1.58,8.7,15.0,1.7,1,1.0,4.705558076202851,1.3388422580226198,False,False,False,1.7
261447382,11.3405,5340.0,0.857,1,25.18,12.50637,4185.3932,4.2,7016.0,7.83,30.6,2,28.1,1.0,31.0,2.5,1.0,0,,False,,0,0,False,2247.9,2,2,7085.0,1.92,15.4,419.0,1.7,1,1.0,3.9376695417234333,1.0666207398810186,False,False,False,1.7
276216463,12.4145,3755.0,0.894851,1,24.06,15.05468,4157.0976,4.2,5226.0,7.06,10.7,2,1.1,0.0,10.9,2.9,2.0,1,,False,,0,0,False,2852.5,2,2,4612.0,1.28,7.8,1.5,1.7,1,1.0,4.311211099853164,0.974204209147413,False,False,False,1.7
455381795,11.3145,4377.0,0.970362,1,24.1,12.11384,4159.257,4.2,15437.0,13.15,37.4,2,9.6,-1.9,37.1,3.7,2.0,0,,False,,0,0,False,7890.4,2,2,11175.0,1.28,8.4,1.5,1.7,1,1.0,4.232445998812692,0.9923339839842507,False,False,False,1.7
229802416,12.1391,5727.0,1.00243,3,79.24,26.28989,4179.6296,2.4,10035.0,10.96,10.5,2,0.0,1.1,11.0,5.1,1.0,0,,False,,0,0,False,3694.9,2,2,8405.0,1.28,8.8,1.5,1.7,1,1.0,5.599818108683961,0.4285853492773598,False,False,False,1.7
253806672,10.6004,5822.0,1.01058,1,25.15,9.88146,4187.7821,6.3,1286.0,3.95,15.6,2,12.5,-0.9,16.1,2.5,1.0,0,,False,,0,0,False,855.9,2,2,1570.0,1.88,13.2,224.9,1.7,1,1.0,4.063146352709192,1.5505225392138131,False,False,False,1.7
453099618,10.6224,3767.0,0.626184,44,2720.36,119.35572,1443.3743,1.58,2080.0,3.12,10.0,8,10.4,0.5,12.8,5.3,2.0,1,,False,,0,0,False,2073.4,6,8,1011.0,11.59,3.6,17.8,1.7,3,0.75,6.77574963982913,0.2331845307141313,False,False,False,1.7
382528236,12.4925,3691.0,0.521845,22,2662.77,80.28471,1383.3407,4.2,2608.0,2.91,10.1,3,6.3,-1.0,13.3,5.2,2.0,0,,False,,0,0,False,2055.9,3,3,727.0,7.31,9.2,40.3,1.7,1,1.0,5.257511840856359,0.7988569740084298,False,False,False,1.7
382528236,12.4925,3691.0,0.521845,22,2662.77,105.30098,1424.0657,4.2,1644.0,2.31,8.5,5,3.5,-0.4,13.3,5.2,2.0,0,,False,,0,0,False,2055.9,5,5,622.0,8.93,7.4,30.4,1.7,1,1.0,5.755019278864753,0.7297977289884076,False,False,False,1.7
362851339,10.4908,4772.0,0.747795,1,25.08,12.00282,4190.9292,4.2,918.0,2.47,8.8,2,7.4,-2.1,9.5,2.8,1.0,0,,False,,0,0,False,783.1,2,2,1061.0,1.74,8.5,41.2,1.6,1,1.0,3.5466997945138563,1.1841994652315058,False,False,False,1.6
41861951,10.877,5217.0,0.836795,3,80.25,39.01424,4180.044,2.1,16163.0,11.61,56.5,2,0.0,-0.1,59.2,4.4,1.0,0,,False,,0,0,False,3605.1,2,2,9974.0,1.67,18.6,35.4,1.6,1,1.0,5.662767472960401,0.37084341005126154,False,False,False,1.6
204545049,11.6616,5071.0,1.15166,1,24.84,10.26128,4239.1489,4.2,2543.0,6.34,9.3,2,0.0,-0.3,9.2,2.9,1.0,0,,False,,0,0,False,1415.2,2,2,2517.0,1.74,10.2,49.0,1.6,1,1.0,4.4890901686441484,0.9356016124016812,False,False,False,1.6
142086812,8.20253,3461.0,0.424993,40,2662.78,82.42857,1353.2766,2.25,1550.0,1.83,59.5,6,48.7,-4.2,82.9,5.2,2.0,12,,False,,0,0,False,547.6,4,6,182.0,41.16,6.2,132.8,1.6,3,0.6666666666666666,4.625465015092206,0.4864375782021016,False,False,False,1.6
394137289,11.0094,4071.0,0.810227,2,50.95,21.85768,4171.3292,1.2,12568.0,9.91,13.8,2,0.3,-0.9,12.9,3.4,1.0,0,,False,,0,0,False,4231.3,2,2,10344.0,1.28,6.5,1.2,1.5,1,1.0,4.568925986927617,0.2626437818063545,False,False,False,1.5
349371701,11.8745,3494.0,0.454467,22,1951.79,95.76208,2074.874,1.2,5244.0,3.59,18.4,3,21.2,-0.5,17.9,4.9,2.0,2,,False,,0,0,False,1491.7,3,3,528.0,23.81,4.5,52.6,1.5,1,1.0,5.084805983054782,0.23599720500625276,False,False,False,1.5
86522176,13.1888,3943.0,0.586179,1,25.11,9.54739,4188.1981,3.15,13460.0,7.42,10.6,2,7.3,-1.1,11.6,3.1,1.0,0,,False,,0,0,False,12867.9,2,2,14380.0,1.71,3.4,10.4,1.4,1,1.0,2.793765943565731,1.1275103439694742,False,False,False,1.4
219299137,10.8189,3767.0,0.675161,2,53.06,13.18128,4179.7795,4.8,3123.0,4.12,19.1,2,0.0,-1.5,19.1,4.4,1.0,0,,False,,0,0,False,1731.8,2,2,2620.0,1.35,15.6,2.2,1.4,1,1.0,3.41821247135359,1.4042427263449866,False,False,False,1.4
160995635,11.2136,4932.0,0.797837,1,25.06,9.93623,4187.978,3.6,2620.0,4.46,15.4,2,12.4,1.9,15.8,2.7,1.0,0,,False,,0,0,False,1368.8,2,2,2903.0,1.86,13.1,144.3,1.4,1,1.0,3.477162238844859,1.0353270145933566,False,False,False,1.4
160995635,11.2136,4932.0,0.797837,1,25.06,10.2418,4187.6717,4.2,2363.0,4.23,14.9,2,13.0,-3.0,15.2,2.5,1.0,0,,False,,0,0,False,1368.8,2,2,2684.0,1.87,12.5,150.8,1.4,1,1.0,3.512447483742039,1.1957474152824819,False,False,False,1.4
114890466,12.134,5350.0,0.833839,1,26.11,12.66433,4206.6035,0.9,61768.0,22.61,31.6,2,0.0,-3.2,32.0,6.7,1.0,0,,False,,0,0,False,20277.8,2,2,54144.0,1.15,4.9,0.1,1.4,1,1.0,3.8826106025761202,0.2318027976853636,False,False,False,1.4
112588341,10.5683,5502.0,0.861278,1,25.23,11.16028,4186.7501,4.8,2692.0,4.88,20.6,2,18.9,1.2,21.5,2.7,1.0,0,,False,,0,0,False,1314.4,2,2,2717.0,1.89,8.7,143.8,1.4,1,1.0,3.803606319284865,1.261960254841114,False,False,False,1.4
88139561,10.6321,5225.0,1.06048,1,25.13,11.12423,4186.6109,4.2,1893.0,5.03,17.1,2,15.4,0.5,17.4,2.8,1.0,0,,False,,0,0,False,1255.3,2,2,1723.0,1.83,4.2,34.5,1.4,1,1.0,4.3648226485813275,0.9622384087850858,False,False,False,1.4
149727711,10.4251,4712.0,1.10857,1,23.61,10.22999,4155.8719,0.62,8480.0,11.14,35.0,2,0.0,-2.1,35.0,2.8,1.0,0,,False,,0,0,False,1424.3,2,2,7140.0,1.87,13.0,142.1,1.4,1,1.0,4.371952600555337,0.14181306538438818,False,False,False,1.4
218039014,12.6824,3672.0,1.18525,1,25.2,10.48321,4187.4361,2.25,11956.0,14.14,10.8,2,7.4,-0.8,11.2,3.2,1.0,0,,False,,0,0,False,6058.6,2,2,13244.0,1.83,9.2,76.7,1.4,1,1.0,4.608713367016859,0.48820567061135894,False,False,False,1.4
340638718,12.2878,3169.0,0.302409,20,2496.44,17.95398,1509.6847,2.1,521828.0,23.83,38459.3,27,7837.8,-1616.3,37207.5,1.8,1.0,52,"00340638718-04(3:1,ntoi=5)",True,,0,0,False,96434.4,15,27,1059.0,735.66,1.5,23.2,1.4,13,0.5555555555555556,2.2181539306559257,0.9467332140375909,False,False,False,1.4
33990715,13.1494,5361.0,0.766789,1,25.91,11.52063,4267.8961,1.58,13123.0,9.58,9.0,2,3.4,-0.7,9.5,4.7,1.0,0,,False,,0,0,False,4390.6,2,2,10389.0,1.67,8.9,19.0,1.3,1,1.0,3.5575495117564397,0.44412593409555096,False,False,False,1.3
218759667,11.7472,5323.0,0.820676,1,24.97,11.27565,4186.653,3.0,3275.0,5.12,9.3,2,7.0,-0.2,9.5,2.7,1.0,0,,False,,0,0,False,2165.4,2,2,3834.0,1.85,7.8,70.0,1.3,1,1.0,3.6957561785287343,0.8117418614975537,False,False,False,1.3
88139561,10.6321,5225.0,1.06048,1,25.13,9.47363,4188.2609,4.2,1872.0,5.01,16.9,2,15.6,0.1,17.5,2.8,1.0,0,,False,,0,0,False,1255.3,2,2,1704.0,1.85,4.0,36.0,1.3,1,1.0,4.137284841238574,1.0151585305745232,False,False,False,1.3
218039014,12.6824,3672.0,1.18525,1,25.2,10.78154,4187.1361,3.15,10257.0,13.1,10.6,2,7.0,1.6,10.4,2.8,1.0,0,,False,,0,0,False,6058.6,2,2,12341.0,1.84,14.8,116.1,1.3,1,1.0,4.652023174204617,0.6771247438032322,False,False,False,1.3
150185574,11.1334,3556.0,0.53005,26,2691.55,14.36208,1366.2763,0.62,2554.0,2.92,23.9,36,17.5,1.6,70.8,2.5,2.0,3,,False,,0,0,False,2781.3,24,36,585.0,93.61,7.1,55.5,1.3,3,0.6666666666666666,2.993357813957696,0.20712525482553695,False,False,False,1.3
91636864,11.4032,4782.0,0.659669,1,24.4,10.80579,4186.9472,0.5,15374.0,8.92,24.0,2,11.9,1.3,23.7,3.4,1.0,0,,False,,0,0,False,3173.2,2,2,11537.0,1.68,10.0,20.3,1.2,1,1.0,3.1500045820224103,0.15872992783997253,False,False,False,1.2
34378558,13.0374,5172.92,0.847753,1,25.96,7.43162,4268.8559,2.4,7793.0,8.17,7.6,2,0.0,0.4,7.6,3.3,1.0,0,,False,,0,0,False,4533.9,2,2,5617.0,1.46,6.9,3.2,1.2,1,1.0,3.2866163835640694,0.730234295673228,False,False,False,1.2
218039014,12.6824,3672.0,1.18525,1,25.2,11.2538,4186.6674,2.25,11547.0,13.9,10.2,2,7.9,1.0,10.2,2.7,1.0,0,,False,,0,0,False,6058.6,2,2,12894.0,1.87,8.3,86.9,1.2,1,1.0,4.718978524422164,0.47679810118981436,False,False,False,1.2
380877154,13.1051,3756.0,0.513895,1,25.22,10.7462,4184.5363,1.58,25555.0,8.96,15.6,2,13.1,-0.4,15.3,2.8,1.0,0,,False,,0,0,False,7143.8,2,2,23994.0,1.88,16.5,168.8,1.1,1,1.0,2.6620090554942855,0.5935366736408879,False,False,False,1.1
303382543,13.1541,4264.0,0.728933,2,51.12,25.07768,4173.2179,4.2,23113.0,12.09,24.6,2,14.8,0.4,24.5,2.9,1.0,0,,False,,0,0,False,7438.9,2,2,16737.0,1.87,19.8,150.2,1.1,1,1.0,4.457545867879848,0.9422224974204596,False,False,False,1.1
393804680,12.5872,5578.0,0.882209,1,25.74,11.27331,4268.8503,1.58,7486.0,8.33,11.5,2,2.4,3.4,11.6,3.2,1.0,0,,False,,0,0,False,2305.8,2,2,4126.0,1.64,10.5,12.6,1.1,1,1.0,3.877987753231658,0.4074277951711768,False,False,False,1.1
88141648,12.1831,4331.0,0.676499,1,25.13,11.86163,4186.0359,4.2,6734.0,6.06,22.8,2,20.2,-0.0,22.8,2.6,1.0,0,,False,,0,0,False,2462.6,2,2,6836.0,1.94,15.4,361.1,1.0,1,1.0,3.304465263882568,1.2710074594838463,False,False,False,1.0
95982740,11.4662,4412.0,0.68409,1,24.97,11.06614,4186.6527,4.8,1657.0,3.04,9.1,2,6.4,1.8,9.1,2.9,1.0,0,,False,,0,0,False,1435.9,2,2,1958.0,1.88,7.6,73.9,1.0,1,1.0,3.252988356161114,1.475566302261386,False,False,False,1.0
144644684,11.4734,4401.0,0.981235,1,23.44,8.48969,4157.3863,2.4,7868.0,9.5,31.9,2,0.0,1.7,30.9,2.4,1.0,1,,False,,0,0,False,2130.7,2,2,8334.0,1.96,21.2,787.7,1.0,1,1.0,3.7875141033315307,0.6336610068036285,False,False,False,1.0
149727711,10.4251,4712.0,1.10857,1,23.61,11.08448,4154.1635,0.62,8504.0,11.15,35.1,2,0.0,0.0,35.1,2.8,1.0,0,,False,,0,0,False,1424.3,2,2,7025.0,1.9,12.9,144.4,1.0,1,1.0,4.49043915845383,0.1380711280393968,False,False,False,1.0
160629127,13.4213,3264.0,0.579772,1,24.08,11.19922,4160.332,4.8,17277.0,8.31,12.9,2,1.3,0.5,13.0,2.9,1.0,1,,False,,0,0,False,8036.3,2,2,12010.0,1.5,12.7,3.0,0.9,1,1.0,2.92488667716502,1.6410892214984736,False,False,False,0.9
34378558,13.0374,5172.92,0.847753,1,25.96,12.09774,4268.8497,2.1,7197.0,7.85,7.4,2,2.3,1.5,7.3,3.0,1.0,0,,False,,0,0,False,4533.9,2,2,5071.0,1.63,6.5,6.3,0.9,1,1.0,3.8662440658558466,0.5431628123391988,False,False,False,0.9
33798269,12.2561,5770.0,0.884937,1,25.65,12.18613,4267.9352,3.0,8821.0,9.07,11.5,2,10.2,3.3,12.2,3.6,1.0,0,,False,,0,0,False,5302.9,2,2,10041.0,1.86,7.8,56.4,0.9,1,1.0,3.9881528870792344,0.7522279323140697,False,False,False,0.9
149544289,11.1004,5573.0,0.910031,1,25.38,9.4488,4186.1722,2.25,4072.0,6.34,12.7,2,10.2,1.0,12.8,2.8,1.0,0,,False,,0,0,False,1724.5,2,2,3892.0,1.89,16.1,136.2,0.9,1,1.0,3.732827927431889,0.6027601710395355,False,False,False,0.9
383029503,10.7161,5926.0,0.903221,2,51.58,22.16629,4153.7364,3.0,34723.0,18.36,219.3,2,219.8,1.0,220.0,2.8,1.0,1,,False,,0,0,False,4051.8,2,2,34167.0,2.0,15.0,4167.8,0.7,1,1.0,4.935168462044201,0.6078819847939633,False,False,False,0.7
33994249,12.3613,5692.0,0.977026,1,26.04,14.35547,4269.3046,4.8,5963.0,8.23,14.4,2,2.9,0.0,14.3,2.5,2.0,0,,False,,0,0,False,2736.0,2,2,3564.0,1.62,8.9,4.1,0.7,1,1.0,4.499367980485211,1.0668164997436749,False,False,False,0.7
197591673,12.1548,3484.0,0.48255,2,53.63,15.26454,4217.4806,4.2,3759.0,3.23,7.9,2,0.3,0.6,8.3,3.7,1.0,0,,False,,0,0,False,2657.1,2,2,2906.0,1.41,8.9,0.7,0.6,1,1.0,2.8694439621438756,1.4636982131067697,False,False,False,0.6
142086813,8.97319,3350.0,0.331441,40,2662.78,64.44989,1349.0922,2.4,2827.0,1.92,93.4,13,88.5,0.0,127.1,4.3,2.0,17,,False,,0,0,False,2170.5,7,13,92.0,354.79,1.5,30.4,0.6,3,0.5384615384615384,3.610382160413991,0.6647495731379305,False,False,False,0.6
33864387,11.4002,3443.0,0.550504,43,2691.55,100.46733,1403.8113,2.1,1609.0,2.41,16.1,9,14.2,3.8,27.5,4.5,2.0,64,,False,,0,0,False,1390.6,5,8,158.0,15.16,1.0,1.6,0.6,1,0.625,5.8711552820050565,0.3576808820636115,False,False,False,0.6
219299137,10.8189,3767.0,0.675161,2,53.06,13.14797,4179.792,4.2,3496.0,4.36,19.6,2,0.0,2.2,20.3,4.9,1.0,0,,False,,0,0,False,1731.8,2,2,2209.0,1.75,14.7,7.3,0.5,1,1.0,3.4153306899298688,1.2297491462199357,False,False,False,0.5
88141648,12.1831,4331.0,0.676499,1,25.13,6.77904,4184.3359,4.2,6471.0,5.94,22.1,2,0.0,1.1,22.7,2.5,1.0,0,,False,,0,0,True,2462.6,2,2,6545.0,1.97,15.2,355.7,0.5,1,1.0,2.742263177935995,1.5315816635663657,False,False,False,0.5
296481762,13.3318,3340.0,0.593942,1,23.65,10.75322,4162.373,2.1,52170.0,14.8,45.3,2,42.1,0.1,45.3,2.4,1.0,1,,False,,0,0,False,9065.5,2,2,48184.0,1.99,34.3,1469.2,0.2,1,1.0,2.932359160864939,0.7161469263473771,False,False,False,0.2
76922334,13.0638,5065.0,0.737695,1,24.96,12.53911,4185.3685,3.15,10681.0,8.32,17.1,2,15.2,2.0,17.0,2.6,1.0,0,,False,,0,0,False,4189.9,2,2,11321.0,2.0,16.2,272.8,0.0,1,1.0,3.5662771533765256,0.8832740318619383,False,False,False,0.0
21470557,11.3096,4120.0,0.974052,1,24.99,12.37628,4185.5321,4.2,9704.0,10.47,43.7,2,41.8,-0.7,44.9,2.5,1.0,0,,False,,0,0,False,4528.7,2,2,8024.0,2.0,3.7,79.2,0.0,1,1.0,4.2735923938008415,0.9827797349350414,False,False,False,0.0
33864387,11.4002,3443.0,0.550504,43,2691.55,112.09584,1430.3144,2.25,2116.0,2.76,19.0,7,31.4,-3.5,28.3,4.7,2.0,64,,False,,0,0,False,1390.6,4,6,466.0,2.66,1.2,4.1,-0.0,2,0.6666666666666666,6.0894552771833235,0.36949117738503817,False,False,False,-0.0
340638718,12.2878,3169.0,0.302409,20,2496.44,13.31016,1504.5191,2.25,561679.0,24.73,37212.7,33,208.5,-606.7,37572.5,1.9,1.0,52,,False,,0,0,False,96434.4,18,33,1286.0,623.15,0.0,22.0,-0.0,12,0.5454545454545454,2.007547643230318,1.120770412392084,False,False,False,-0.0
142086812,8.20253,3461.0,0.424993,40,2662.78,99.53231,1418.6204,3.15,1994.0,2.07,72.9,4,53.1,1.0,77.4,4.7,2.0,12,,False,,0,0,False,547.6,3,4,424.0,15.97,7.7,289.1,-1.1,2,0.75,4.9255058566701395,0.6395282213976575,False,False,False,-1.1
220395389,11.6486,3483.0,0.446078,13,1983.79,108.65153,2169.9082,4.8,3797.0,3.0,19.8,2,22.2,-1.5,19.0,5.0,2.0,8,,False,,0,0,False,1804.4,1,2,4427.0,2.08,12.1,300.3,-1.1,1,0.5,5.237943136794922,0.9163902460646227,False,False,False,-1.1
93331777,13.2545,3736.0,0.697322,1,25.61,8.54627,4269.0505,6.3,7601.0,6.63,13.5,2,0.0,0.2,14.2,3.5,1.0,1,,False,,0,0,False,3620.8,1,2,2250.0,3.41,11.6,18.5,-1.3,1,0.5,3.022892769710223,2.084096420199491,False,False,False,-1.3
93331777,13.2545,3736.0,0.697322,1,25.61,8.55479,4269.013,6.3,7133.0,6.43,13.3,2,0.0,0.3,11.9,2.6,1.0,1,,False,,0,0,False,3620.8,1,2,-938.0,,11.4,43.9,-3.8,1,0.5,3.023896969690978,2.083404316729686,False,False,False,-3.8
340638718,12.2878,3169.0,0.302409,20,2496.44,14.26992,1499.1847,6.3,638146.0,26.36,40205.5,28,9230.9,-867.8,41195.2,2.3,1.0,52,,False,,0,0,False,96434.4,14,28,-508.0,,-5.3,74.3,-5.4,10,0.5,2.054685147168585,3.066163206894049,False,False,False,-5.4
