sector,time_btjd,detrended_flux,err
9,1544.5384,0.999864,0.000437
9,1544.54534,0.999384,0.000437
9,1544.55228,0.999702,0.000437
9,1544.55923,1.000129,0.000436
9,1544.56617,0.999782,0.000436
9,1544.57312,0.999731,0.000436
9,1544.58006,1.000209,0.000436
9,1544.58701,1.000032,0.000435
9,1544.59395,1.000022,0.000435
9,1544.6009,1.000351,0.000435
9,1544.60784,0.999847,0.000434
9,1544.61479,1.000975,0.000434
9,1544.62173,1.000058,0.000434
9,1544.62868,0.999948,0.000434
9,1544.63562,1.000174,0.000434
9,1544.64326,1.000162,0.000484
9,1544.64916,1.000558,0.000485
9,1544.65645,0.999632,0.000433
9,1544.6634,0.999492,0.000433
9,1544.67034,1.000832,0.000433
9,1544.67729,1.000084,0.000432
9,1544.68423,0.999887,0.000432
9,1544.69118,1.000617,0.000432
9,1544.69812,0.999608,0.000432
9,1544.70507,0.999739,0.000431
9,1544.71201,1.00002,0.000431
9,1544.71895,1.000281,0.000431
9,1544.7259,0.999843,0.000431
9,1544.73284,1.000058,0.000431
9,1544.73979,1.000248,0.000431
9,1544.74673,1.000329,0.00043
9,1544.75368,1.00007,0.00043
9,1544.76062,1.000617,0.00043
9,1544.76757,0.999913,0.00043
9,1544.77451,1.000924,0.00043
9,1544.78146,1.00106,0.00043
9,1544.7884,1.000012,0.00043
9,1544.79534,0.99999,0.000429
9,1544.80229,1.000727,0.000429
9,1544.80923,1.000034,0.000429
9,1544.81618,0.999763,0.000429
9,1544.82312,1.001476,0.000429
9,1544.83007,1.000645,0.000429
9,1544.83701,0.999653,0.000428
9,1544.84396,1.000496,0.000429
9,1544.8509,1.000625,0.000428
9,1544.85785,1.000236,0.000428
9,1544.86479,1.000432,0.000479
9,1544.87173,0.999803,0.000428
9,1544.87868,0.999766,0.000428
9,1544.88562,1.000388,0.000428
9,1544.89257,0.99951,0.000427
9,1544.89951,1.001111,0.000427
9,1544.90646,1.000206,0.000427
9,1544.9134,0.999775,0.000427
9,1544.92035,1.000505,0.000427
9,1544.92729,0.999819,0.000427
9,1544.93424,0.999656,0.000426
9,1544.94118,1.000266,0.000426
9,1544.94812,0.999447,0.000426
9,1544.95507,1.000391,0.000426
9,1544.96201,1.000636,0.000426
9,1544.96896,1.000472,0.000426
9,1544.9759,1.000171,0.000426
9,1544.98285,0.999332,0.000425
9,1544.98979,0.999753,0.000425
9,1544.99674,0.999311,0.000425
9,1545.00368,1.000368,0.000425
9,1545.01063,0.999717,0.000425
9,1545.01757,0.999591,0.000425
9,1545.02451,0.999505,0.000425
9,1545.03146,1.000533,0.000425
9,1545.0384,1.000075,0.000425
9,1545.04535,1.000419,0.000424
9,1545.05229,1.000683,0.000424
9,1545.05924,1.000269,0.000424
9,1545.06618,0.999365,0.000424
9,1545.07313,1.000306,0.000424
9,1545.08007,1.000109,0.000424
9,1545.08702,0.999651,0.000424
9,1545.09396,1.000343,0.000424
9,1545.1009,1.000393,0.000424
9,1545.10785,1.000099,0.000423
9,1545.11479,1.000614,0.000423
9,1545.12174,0.999847,0.000423
9,1545.12868,0.999672,0.000423
9,1545.13563,0.999746,0.000423
9,1545.14257,0.999429,0.000423
9,1545.14952,1.000204,0.000423
9,1545.15646,1.000096,0.000423
9,1545.16341,0.999503,0.000422
9,1545.17035,1.000228,0.000422
9,1545.17729,0.999427,0.000422
9,1545.18424,0.999449,0.000422
9,1545.19118,1.000524,0.000422
9,1545.19813,0.998699,0.000422
9,1545.20507,0.999948,0.000422
9,1545.21202,0.999772,0.000422
9,1545.21896,1.000463,0.000422
9,1545.22591,0.999759,0.000422
9,1545.23285,0.999885,0.000422
9,1545.2398,1.000404,0.000422
9,1545.24674,0.999481,0.000421
9,1545.25368,0.999686,0.000421
9,1545.26063,0.999293,0.000421
9,1545.26757,1.000258,0.000421
9,1545.27452,1.000276,0.000421
9,1545.28146,0.999522,0.000421
9,1545.28841,1.00053,0.000421
9,1545.29535,1.000035,0.000421
9,1545.3023,1.0008,0.000421
9,1545.30924,1.000456,0.000421
9,1545.31619,1.000162,0.000421
9,1545.32313,0.999911,0.000421
9,1545.33007,1.000267,0.000421
9,1545.33702,1.000487,0.000421
9,1545.34396,1.000254,0.000421
9,1545.35091,1.000175,0.000421
9,1545.35785,1.000355,0.000421
9,1545.3648,0.999859,0.000421
9,1545.37174,0.999399,0.00042
9,1545.37869,1.00004,0.00042
9,1545.38563,0.999495,0.00042
9,1545.39258,0.999762,0.00042
9,1545.39952,0.999713,0.00042
9,1545.40646,0.999423,0.00042
9,1545.41341,1.000354,0.00042
9,1545.42035,0.999998,0.00042
9,1545.4273,0.999854,0.00042
9,1545.43424,1.00036,0.00042
9,1545.44084,1.000234,0.000469
9,1545.44813,0.99988,0.00042
9,1545.45508,0.999952,0.00042
9,1545.46202,1.000032,0.00042
9,1545.46897,1.00015,0.00042
9,1545.47591,0.999838,0.00042
9,1545.48285,1.000074,0.00042
9,1545.4898,0.999638,0.00042
9,1545.49674,1.000463,0.00042
9,1545.50369,0.999909,0.00042
9,1545.51063,1.000163,0.00042
9,1545.51758,0.999496,0.00042
9,1545.52452,1.000306,0.00042
9,1545.53147,0.999853,0.00042
9,1545.53841,1.000307,0.00042
9,1545.54536,1.000315,0.00042
9,1545.5523,1.001081,0.00042
9,1545.55924,0.999476,0.000419
9,1545.56619,0.999672,0.000419
9,1545.57313,0.999764,0.000419
9,1545.58008,0.999844,0.000419
9,1545.58702,0.999977,0.00042
9,1545.59397,1.000091,0.000419
9,1545.60091,0.999778,0.000419
9,1545.60786,0.999499,0.000419
9,1545.6148,0.999942,0.00042
9,1545.62175,1.000624,0.000419
9,1545.62869,0.999957,0.000419
9,1545.63563,1.000512,0.00042
9,1545.64258,1.000073,0.000419
9,1545.64952,1.000753,0.00042
9,1545.65647,0.999525,0.000419
9,1545.66341,0.999915,0.000419
9,1545.67036,0.999924,0.000419
9,1545.6773,1.000611,0.000419
9,1545.68425,0.999875,0.000419
9,1545.69119,0.999979,0.000469
9,1545.69814,1.00009,0.000419
9,1545.70508,1.000008,0.000419
9,1545.71202,0.999904,0.000469
9,1545.71897,1.000124,0.000419
9,1545.72591,0.999941,0.000419
9,1545.73286,0.999452,0.000419
9,1545.7398,0.999371,0.000419
9,1545.74675,0.999956,0.000419
9,1545.75369,1.000245,0.00042
9,1545.76064,0.999515,0.000419
9,1545.76758,0.999903,0.000419
9,1545.77453,1.00039,0.000419
9,1545.78147,0.999749,0.000419
9,1545.78841,0.999441,0.000419
9,1545.79536,0.999628,0.000419
9,1545.8023,1.000448,0.000419
9,1545.80925,0.999434,0.000419
9,1545.81619,0.99982,0.00042
9,1545.82348,1.000737,0.000469
9,1545.83008,0.999649,0.000419
9,1545.83703,0.999368,0.000419
9,1545.84397,0.999918,0.00042
9,1545.85092,0.999763,0.000419
9,1545.85786,1.000517,0.00042
9,1545.8648,1.000471,0.00042
9,1545.87175,1.000155,0.000419
9,1545.87869,1.000085,0.000419
9,1545.88564,1.000243,0.000419
9,1545.89258,0.999798,0.000419
9,1545.89953,0.99931,0.00042
9,1545.90647,1.000449,0.000419
9,1545.91342,1.000446,0.000419
9,1545.92036,0.999899,0.000419
9,1545.92731,1.000419,0.000419
9,1545.93425,1.000438,0.000419
9,1545.94119,1.00066,0.00042
9,1545.94814,1.0004,0.000419
9,1545.95508,0.999836,0.000419
9,1545.96203,0.999226,0.000419
9,1545.96897,0.999787,0.000419
9,1545.97592,0.999981,0.00042
9,1545.98286,0.999763,0.000419
9,1545.98981,1.000384,0.000419
9,1545.99675,1.000388,0.000419
9,1546.00369,1.000043,0.000419
9,1546.01064,0.999811,0.000419
9,1546.01758,0.999503,0.000419
9,1546.02453,1.00074,0.000419
9,1546.03147,1.000212,0.000419
9,1546.03842,1.000085,0.000419
9,1546.04536,1.000221,0.000419
9,1546.05231,1.000043,0.000419
9,1546.05925,1.000073,0.000419
9,1546.0662,1.00064,0.00042
9,1546.07314,0.999892,0.000419
9,1546.08008,1.000482,0.000419
9,1546.08703,1.000091,0.000419
9,1546.09397,1.000159,0.000419
9,1546.10092,1.000177,0.000419
9,1546.10786,1.000251,0.000419
9,1546.11481,1.000334,0.000419
9,1546.12175,0.999708,0.000419
9,1546.1287,1.000442,0.000419
9,1546.13564,0.999865,0.000419
9,1546.14259,0.999485,0.000419
9,1546.14953,1.00011,0.000419
9,1546.15647,1.000246,0.000419
9,1546.16342,1.000151,0.000419
9,1546.17036,1.000837,0.000419
9,1546.17731,1.000501,0.000419
9,1546.18425,0.999683,0.000419
9,1546.1912,1.00089,0.000419
9,1546.19814,0.999877,0.000419
9,1546.20509,0.999671,0.000419
9,1546.21203,0.999563,0.000419
9,1546.21898,1.000388,0.00042
9,1546.22592,1.000163,0.000419
9,1546.23286,0.999946,0.000419
9,1546.23981,1.000094,0.000419
9,1546.2471,0.999212,0.000469
9,1546.2537,0.999867,0.000419
9,1546.26064,1.00043,0.000419
9,1546.26759,1.000567,0.000419
9,1546.27453,1.000074,0.000419
9,1546.28148,0.999131,0.000419
9,1546.28842,0.999439,0.000419
9,1546.29537,0.999338,0.000469
9,1546.30231,0.999997,0.000419
9,1546.30925,1.000597,0.000419
9,1546.3162,1.000119,0.000419
9,1546.32314,1.000162,0.000419
9,1546.33009,0.9996,0.000419
9,1546.33703,1.001036,0.000419
9,1546.34398,0.999937,0.000419
9,1546.35092,1.000358,0.000419
9,1546.35787,1.000218,0.000419
9,1546.36481,0.999978,0.000419
9,1546.37176,0.999751,0.000419
9,1546.37801,0.999984,0.000469
9,1546.39328,0.999798,0.000469
9,1546.39953,0.999956,0.000419
9,1546.40648,1.000135,0.000419
9,1546.41342,0.999895,0.000419
9,1546.42037,1.000272,0.000419
9,1546.42731,1.000992,0.00042
9,1546.43426,1.000265,0.00042
9,1546.4412,1.000503,0.00042
9,1546.44815,0.999924,0.000419
9,1546.45509,0.999727,0.000419
9,1546.46203,0.999448,0.000419
9,1546.46898,1.000339,0.000419
9,1546.47592,0.999911,0.000419
9,1546.48287,0.999633,0.000419
9,1546.48981,0.999662,0.000419
9,1546.49676,0.999627,0.000419
9,1546.5037,0.999481,0.000419
9,1546.51065,0.99876,0.000419
9,1546.51759,0.999818,0.000419
9,1546.52454,0.999505,0.000419
9,1546.53148,1.000079,0.000419
9,1546.53842,0.99973,0.000419
9,1546.54537,1.001029,0.000469
9,1546.55231,1.000022,0.000419
9,1546.55926,1.000643,0.00042
9,1546.5662,1.000458,0.000419
9,1546.57315,1.00019,0.000419
9,1546.58009,1.000487,0.00042
9,1546.58704,1.000758,0.000419
9,1546.59398,0.99991,0.000419
9,1546.60093,1.000111,0.000419
9,1546.60787,0.998813,0.000419
9,1546.61481,0.99991,0.00042
9,1546.62176,0.999951,0.00042
9,1546.6287,1.000055,0.000419
9,1546.63565,1.00002,0.000469
9,1546.64259,1.000195,0.000419
9,1546.65023,0.999644,0.000469
9,1546.65648,1.000224,0.000419
9,1546.66343,0.999865,0.000419
9,1546.67037,1.000347,0.000419
9,1546.67732,1.000393,0.00042
9,1546.68426,1.00019,0.000419
9,1546.6912,0.999715,0.00042
9,1546.69815,1.000135,0.00042
9,1546.70509,0.999682,0.00042
9,1546.71204,0.999996,0.000419
9,1546.71898,1.000591,0.000419
9,1546.72593,1.000063,0.000419
9,1546.73287,0.999042,0.000419
9,1546.73982,0.999779,0.000419
9,1546.74676,0.999672,0.000419
9,1546.7537,0.999371,0.000419
9,1546.76065,0.99952,0.000419
9,1546.76759,0.999319,0.000419
9,1546.77454,1.000599,0.000419
9,1546.78148,1.000613,0.000419
9,1546.78843,1.00018,0.00042
9,1546.79537,1.000199,0.000419
9,1546.80232,1.000503,0.000419
9,1546.80926,0.999697,0.000419
9,1546.81621,0.99923,0.000419
9,1546.82315,0.999709,0.000419
9,1546.83009,0.99989,0.000419
9,1546.83704,0.998903,0.000419
9,1546.84398,0.999264,0.000419
9,1546.85128,0.999404,0.000469
9,1546.85787,0.999887,0.000419
9,1546.86482,0.999898,0.000419
9,1546.87176,0.999666,0.000419
9,1546.87871,0.999969,0.000419
9,1546.88565,1.000573,0.00042
9,1546.8926,1.000037,0.000419
9,1546.89954,1.000028,0.000419
9,1546.90648,1.000706,0.000419
9,1546.91343,1.000266,0.000419
9,1546.92037,1.000626,0.000419
9,1546.92732,0.999811,0.000419
9,1546.93426,0.999851,0.000419
9,1546.94121,1.000309,0.000419
9,1546.94815,1.000204,0.000419
9,1546.9551,1.000063,0.000419
9,1546.96204,1.000303,0.000419
9,1546.96899,0.999148,0.000419
9,1546.97593,1.000081,0.000419
9,1546.98287,0.999876,0.000419
9,1546.98982,1.00058,0.00042
9,1546.99676,1.000486,0.000419
9,1547.00371,1.000175,0.000419
9,1547.01065,1.000323,0.00042
9,1547.0176,1.000268,0.000419
9,1547.02454,1.000068,0.000419
9,1547.03149,1.000545,0.000419
9,1547.03843,1.000153,0.00042
9,1547.04538,0.999762,0.000419
9,1547.05232,1.000171,0.00042
9,1547.05926,0.999988,0.000419
9,1547.06621,1.000445,0.000419
9,1547.07315,0.999914,0.000419
9,1547.0801,1.000193,0.00042
9,1547.08704,1.000538,0.00042
9,1547.09399,0.999937,0.00042
9,1547.10093,0.999544,0.000419
9,1547.10788,1.000258,0.00042
9,1547.11482,0.999937,0.000419
9,1547.12177,0.999914,0.000419
9,1547.12871,1.000732,0.00042
9,1547.13565,1.000582,0.000419
9,1547.1426,1.000326,0.000419
9,1547.14954,1.000139,0.000419
9,1547.15649,0.999955,0.000419
9,1547.16343,0.999395,0.000419
9,1547.17038,0.999853,0.000419
9,1547.17732,0.999881,0.00042
9,1547.18427,0.99993,0.000419
9,1547.19121,1.000636,0.00042
9,1547.19815,1.000371,0.00042
9,1547.2051,0.999916,0.000419
9,1547.21204,1.000139,0.000419
9,1547.21899,0.998958,0.000419
9,1547.22593,1.000221,0.000419
9,1547.23288,1.000138,0.000419
9,1547.23982,0.999432,0.000419
9,1547.24677,0.99931,0.000419
9,1547.25371,0.999809,0.000419
9,1547.26066,1.000215,0.000419
9,1547.2676,1.000132,0.000419
9,1547.27454,1.000104,0.000419
9,1547.28149,1.0006,0.000419
9,1547.28843,0.999082,0.000419
9,1547.29538,0.99949,0.000419
9,1547.30232,0.999224,0.000419
9,1547.30927,0.999974,0.000419
9,1547.31621,0.999646,0.000419
9,1547.32316,1.000172,0.000419
9,1547.3301,1.000284,0.000419
9,1547.33705,0.999905,0.000419
9,1547.34399,1.0002,0.000419
9,1547.35093,0.999035,0.000419
9,1547.35788,1.00008,0.000419
9,1547.36482,0.999922,0.000419
9,1547.37177,0.999867,0.000419
9,1547.37871,1.000578,0.000419
9,1547.38566,0.999664,0.000419
9,1547.3926,1.000216,0.000419
9,1547.39955,1.000115,0.000419
9,1547.40649,1.000545,0.000419
9,1547.41344,1.000378,0.00042
9,1547.42038,1.000466,0.000419
9,1547.42732,0.999572,0.000419
9,1547.43427,1.000184,0.000419
9,1547.44121,1.000581,0.000419
9,1547.44816,1.00042,0.00042
9,1547.4551,0.999813,0.000419
9,1547.46205,0.999828,0.000419
9,1547.46864,0.999698,0.000469
9,1547.47594,0.999654,0.000419
9,1547.48288,0.999647,0.000419
9,1547.48983,1.000885,0.00042
9,1547.49677,1.000567,0.000419
9,1547.50371,1.000668,0.000419
9,1547.51066,1.000084,0.000419
9,1547.5176,1.000288,0.000419
9,1547.52455,0.99962,0.000419
9,1547.53149,0.99967,0.000419
9,1547.53844,1.000598,0.00042
9,1547.54538,0.999765,0.000419
9,1547.55233,0.999604,0.000419
9,1547.55927,0.99973,0.000419
9,1547.56621,0.999768,0.000419
9,1547.57316,0.999877,0.000419
9,1547.5801,0.999796,0.000419
9,1547.58705,1.000565,0.000419
9,1547.59399,1.000175,0.000419
9,1547.60094,0.999691,0.000419
9,1547.60788,0.999108,0.000419
9,1547.61483,1.000556,0.000419
9,1547.62177,1.000086,0.000419
9,1547.62872,0.999263,0.000419
9,1547.63566,0.999894,0.000419
9,1547.6426,1.000021,0.000419
9,1547.64955,1.00033,0.00042
9,1547.65649,0.999882,0.000419
9,1547.66344,1.000485,0.00042
9,1547.67038,0.999447,0.000419
9,1547.67733,0.999904,0.000419
9,1547.68427,1.000263,0.000419
9,1547.69122,0.999771,0.000419
9,1547.69816,1.000447,0.00042
9,1547.70511,1.000094,0.000419
9,1547.71205,0.999806,0.00042
9,1547.71899,0.999941,0.000419
9,1547.72594,0.99989,0.000419
9,1547.73288,0.999773,0.000419
9,1547.73983,0.999985,0.000419
9,1547.74677,1.000401,0.00042
9,1547.75372,0.999701,0.000419
9,1547.76066,0.999752,0.000419
9,1547.76761,0.99982,0.00042
9,1547.77455,0.999977,0.00042
9,1547.7815,0.999796,0.000419
9,1547.78844,1.000058,0.000419
9,1547.79538,1.00013,0.000419
9,1547.80233,1.000429,0.00042
9,1547.80927,1.000213,0.000419
9,1547.81622,0.999789,0.000419
9,1547.82316,1.000078,0.00042
9,1547.83011,1.000841,0.00042
9,1547.83705,0.999745,0.000419
9,1547.844,1.000034,0.000419
9,1547.85094,1.000347,0.00042
9,1547.85788,1.000381,0.00042
9,1547.86483,1.000205,0.000419
9,1547.87177,1.000208,0.00042
9,1547.87872,1.000275,0.000419
9,1547.88566,1.000227,0.00042
9,1547.89261,1.00026,0.000419
9,1547.89955,1.000467,0.00042
9,1547.9065,1.000352,0.00042
9,1547.91344,0.999839,0.00042
9,1547.92039,0.999929,0.000419
9,1547.92733,1.00031,0.00042
9,1547.93427,1.000306,0.000419
9,1547.94122,1.000009,0.000419
9,1547.94816,0.999915,0.00042
9,1547.95511,0.999749,0.000419
9,1547.96205,0.999234,0.000419
9,1547.969,1.000386,0.000419
9,1547.97594,0.999693,0.000419
9,1547.98289,1.000177,0.000419
9,1547.98983,0.999615,0.000419
9,1547.99678,0.999526,0.000419
9,1548.00372,1.000348,0.00042
9,1548.01066,1.000096,0.000419
9,1548.01761,0.999737,0.000419
9,1548.02455,1.00005,0.000419
9,1548.0315,0.999353,0.000419
9,1548.03844,0.999535,0.000419
9,1548.04539,1.000565,0.000419
9,1548.05233,0.999761,0.000419
9,1548.05928,1.000452,0.000419
9,1548.06622,1.000006,0.000469
9,1548.07316,0.999362,0.000419
9,1548.08011,1.000291,0.000419
9,1548.08705,1.000002,0.000419
9,1548.094,1.000118,0.000419
9,1548.10094,1.00014,0.000419
9,1548.10789,1.000079,0.00042
9,1548.11483,0.998893,0.000419
9,1548.12178,0.999777,0.000419
9,1548.12872,0.999667,0.000419
9,1548.13567,0.99956,0.000419
9,1548.14261,1.000175,0.000419
9,1548.14955,0.999765,0.000419
9,1548.1565,0.999925,0.000419
9,1548.16344,1.000654,0.00042
9,1548.17039,0.999855,0.000419
9,1548.17733,0.999878,0.000419
9,1548.18428,0.999686,0.000419
9,1548.19122,1.000408,0.00042
9,1548.19817,1.00034,0.00042
9,1548.20511,0.999983,0.000419
9,1548.21206,1.000649,0.00042
9,1548.219,0.999961,0.000419
9,1548.22594,1.000083,0.000419
9,1548.23289,1.000142,0.00042
9,1548.23983,0.999596,0.000419
9,1548.24678,1.000148,0.00042
9,1548.25407,1.000006,0.000469
9,1548.26067,1.000178,0.00042
9,1548.26761,0.999695,0.000419
9,1548.27456,0.999683,0.000419
9,1548.2815,1.000279,0.000419
9,1548.28845,0.998818,0.000419
9,1548.29539,1.000589,0.00042
9,1548.30233,0.999855,0.000419
9,1548.30928,1.000575,0.000419
9,1548.31622,1.000223,0.00042
9,1548.32317,1.000332,0.000419
9,1548.33011,1.000342,0.000419
9,1548.33775,1.00003,0.000469
9,1548.344,0.999708,0.00042
9,1548.35025,0.999933,0.000469
9,1548.35789,1.000537,0.00042
9,1548.36483,0.999728,0.000419
9,1548.37178,0.999915,0.00042
9,1548.37872,0.999813,0.000419
9,1548.38567,0.999655,0.000419
9,1548.39261,0.999767,0.000419
9,1548.39956,0.999776,0.000419
9,1548.4065,1.000224,0.00042
9,1548.41345,1.000337,0.00042
9,1548.42039,0.999873,0.00042
9,1548.42734,1.000265,0.00042
9,1548.43428,0.999845,0.000419
9,1548.44122,0.999985,0.000419
9,1548.44817,0.999307,0.000419
9,1548.45511,1.000326,0.00042
9,1548.46206,0.999604,0.000419
9,1548.469,1.000613,0.00042
9,1548.47595,0.99952,0.000419
9,1548.48289,1.000294,0.000419
9,1548.48984,0.9994,0.000419
9,1548.49678,0.999727,0.000419
9,1548.50373,1.000407,0.000419
9,1548.51067,0.999818,0.000419
9,1548.51761,1.000447,0.000419
9,1548.52456,1.000409,0.000419
9,1548.5315,0.999574,0.000419
9,1548.53845,0.99932,0.000419
9,1548.54539,0.999593,0.000419
9,1548.55234,1.000611,0.00042
9,1548.55928,1.000593,0.00042
9,1548.56623,0.999209,0.000419
9,1548.57317,0.999602,0.000419
9,1548.58011,1.000238,0.00042
9,1548.58706,1.000091,0.000419
9,1548.594,1.000297,0.000419
9,1548.60095,1.000323,0.000419
9,1548.60789,1.000659,0.00042
9,1548.61484,0.999853,0.000419
9,1548.62178,1.000428,0.00042
9,1548.62873,0.999836,0.00042
9,1548.63567,1.000715,0.00042
9,1548.64262,0.999379,0.000419
9,1548.64956,0.999932,0.00042
9,1548.6565,1.000557,0.000419
9,1548.66345,0.999932,0.000419
9,1548.67039,1.00038,0.00042
9,1548.67734,0.999422,0.000419
9,1548.68428,1.000244,0.00042
9,1548.69123,1.000154,0.000419
9,1548.69817,0.999733,0.000419
9,1548.70512,1.000084,0.000419
9,1548.71275,1.000611,0.000469
9,1548.719,0.999977,0.00042
9,1548.72595,0.999677,0.000419
9,1548.73289,0.999844,0.000419
9,1548.73984,0.999923,0.000419
9,1548.74678,0.999794,0.00042
9,1548.75373,0.999659,0.000419
9,1548.76067,1.000476,0.000419
9,1548.76762,1.000465,0.00042
9,1548.77456,0.999693,0.000419
9,1548.78151,1.000122,0.000419
9,1548.78845,1.000353,0.00042
9,1548.79539,0.999867,0.00042
9,1548.80234,1.000399,0.00042
9,1548.80928,0.999766,0.00042
9,1548.81623,1.000251,0.00042
9,1548.82317,0.999232,0.000419
9,1548.83012,0.999866,0.00042
9,1548.83706,0.999617,0.000419
9,1548.84401,1.000635,0.00042
9,1548.85095,1.000255,0.000419
9,1548.8579,0.999451,0.000419
9,1548.86484,1.000013,0.00042
9,1548.87178,1.000598,0.00042
9,1548.87873,1.000205,0.000419
9,1548.88567,0.999514,0.000419
9,1548.89262,0.99964,0.000419
9,1548.89956,0.999106,0.000419
9,1548.90651,0.999341,0.000419
9,1548.91345,0.999824,0.00042
9,1548.9204,0.999706,0.00042
9,1548.92734,0.999957,0.000419
9,1548.93428,1.000106,0.00042
9,1548.94123,1.000191,0.00042
9,1548.94817,1.000422,0.000419
9,1548.95512,1.000575,0.00042
9,1548.96206,1.000185,0.00042
9,1548.96901,0.999827,0.000419
9,1548.97595,0.999956,0.000419
9,1548.9829,1.000316,0.00042
9,1548.98984,1.000449,0.00042
9,1548.99679,0.999111,0.000419
9,1549.00373,0.999926,0.00042
9,1549.01067,0.999701,0.000419
9,1549.01762,1.000094,0.000419
9,1549.02456,0.999627,0.000419
9,1549.03151,0.999806,0.000419
9,1549.03845,1.000344,0.000419
9,1549.0454,0.999725,0.000419
9,1549.05234,0.999802,0.00042
9,1549.05929,1.000256,0.000419
9,1549.06623,0.999639,0.000419
9,1549.07318,1.000108,0.000419
9,1549.08012,1.00058,0.00042
9,1549.08706,1.000327,0.00042
9,1549.09401,1.000168,0.00042
9,1549.10095,0.999809,0.00042
9,1549.1079,1.000303,0.00042
9,1549.11484,0.999513,0.000419
9,1549.12179,0.999399,0.000419
9,1549.12873,0.99985,0.00042
9,1549.13568,1.000375,0.00042
9,1549.14262,0.99967,0.000419
9,1549.14956,0.999699,0.00042
9,1549.15651,1.000057,0.00042
9,1549.16345,0.99987,0.000419
9,1549.1704,1.000045,0.000419
9,1549.17734,0.999583,0.000419
9,1549.18429,1.000452,0.00042
9,1549.19123,0.999974,0.000419
9,1549.19818,0.999825,0.00042
9,1549.20512,1.00075,0.00042
9,1549.21207,1.000068,0.000419
9,1549.21901,0.999668,0.000419
9,1549.22595,1.000537,0.000419
9,1549.2329,1.000117,0.000419
9,1549.23984,1.000057,0.00042
9,1549.24679,0.999685,0.000419
9,1549.25373,0.999917,0.000419
9,1549.26068,1.000547,0.00042
9,1549.26762,1.00102,0.00042
9,1549.27457,0.999718,0.000419
9,1549.28151,1.000065,0.000419
9,1549.28845,1.000337,0.00042
9,1549.2954,1.000354,0.000419
9,1549.30234,1.000173,0.000419
9,1549.30929,0.999905,0.000419
9,1549.31623,0.999463,0.000419
9,1549.32318,1.000376,0.00042
9,1549.33012,1.000101,0.00042
9,1549.33707,0.999768,0.000419
9,1549.34401,0.999909,0.00042
9,1549.35096,0.999905,0.000419
9,1549.3579,0.999961,0.000419
9,1549.36484,1.000242,0.000419
9,1549.37179,1.000007,0.000419
9,1549.37873,0.999741,0.000419
9,1549.38568,0.999653,0.000419
9,1549.39262,1.000429,0.000419
9,1549.39957,1.000133,0.00042
9,1549.40651,1.00004,0.000419
9,1549.41346,1.000214,0.00042
9,1549.4204,1.00009,0.000419
9,1549.42734,0.99964,0.000419
9,1549.43429,1.000753,0.00042
9,1549.44123,0.999578,0.000419
9,1549.44818,0.999424,0.000419
9,1549.45478,1.000026,0.000469
9,1549.46207,1.000075,0.00042
9,1549.46901,0.999684,0.00042
9,1549.47596,1.000473,0.00042
9,1549.4829,0.99995,0.000419
9,1549.48985,0.999904,0.000419
9,1549.49679,0.999585,0.00042
9,1549.50304,1.000227,0.000469
9,1549.51832,1.000116,0.000469
9,1549.52457,1.000105,0.000419
9,1549.53186,0.999665,0.000469
9,1549.53846,1.000407,0.000419
9,1549.5454,0.999677,0.000419
9,1549.55235,0.99979,0.000419
9,1549.55929,1.000098,0.000419
9,1549.56624,0.999281,0.000419
9,1549.57318,1.000338,0.000419
9,1549.58012,1.000209,0.000419
9,1549.58707,0.999896,0.000419
9,1549.59401,0.999929,0.00042
9,1549.60096,1.00081,0.000419
9,1549.6079,0.999569,0.000419
9,1549.61485,0.999297,0.000419
9,1549.62179,1.000528,0.000419
9,1549.62874,1.000045,0.000419
9,1549.63568,1.000155,0.000419
9,1549.64262,1.000465,0.000419
9,1549.64957,1.000149,0.000419
9,1549.65651,0.999975,0.000419
9,1549.66346,1.000205,0.000419
9,1549.6704,1.00005,0.000419
9,1549.67735,1.001198,0.000419
9,1549.68429,1.00006,0.000419
9,1549.69124,1.000528,0.000419
9,1549.69818,0.999942,0.000419
9,1549.70513,0.999627,0.000419
9,1549.71207,1.000168,0.000419
9,1549.71867,1.000454,0.000469
9,1549.72596,1.000322,0.000419
9,1549.7329,1.000102,0.000419
9,1549.74054,0.999017,0.000469
9,1549.74679,0.999625,0.000419
9,1549.75374,1.000039,0.000419
9,1549.76033,1.000111,0.000469
9,1549.76763,0.999882,0.000419
9,1549.77457,1.000131,0.000419
9,1549.78151,1.000485,0.000419
9,1549.78846,1.000443,0.000419
9,1549.7954,1.00001,0.000419
9,1549.80165,0.999184,0.000469
9,1549.80999,0.99975,0.000469
9,1549.81624,1.000826,0.000419
9,1549.82318,0.999568,0.000419
9,1549.83013,1.000151,0.000419
9,1549.83707,1.000126,0.000419
9,1549.84402,1.000041,0.000419
9,1549.85096,0.999327,0.000419
9,1549.8579,0.999713,0.000419
9,1549.86485,1.00018,0.000419
9,1549.87179,0.999446,0.000419
9,1549.87874,1.00043,0.000419
9,1549.88533,1.000037,0.000469
9,1549.89263,0.999502,0.000419
9,1549.89957,0.999541,0.000419
9,1549.90652,0.9995,0.000419
9,1549.91346,0.999018,0.000419
9,1549.9204,0.999257,0.000419
9,1549.92735,0.999556,0.000419
9,1549.93429,0.999771,0.000419
9,1549.94124,1.00021,0.000419
9,1549.94818,1.000007,0.000419
9,1549.95513,0.999204,0.000419
9,1549.96207,1.000098,0.00042
9,1549.96902,0.999779,0.000419
9,1549.97596,1.000087,0.000419
9,1549.98291,0.99997,0.000419
9,1549.98985,0.999639,0.000419
9,1549.99679,1.000082,0.000419
9,1550.00374,1.00002,0.000419
9,1550.01068,1.000481,0.000419
9,1550.01763,1.000071,0.000419
9,1550.02457,1.000487,0.000419
9,1550.03152,1.000458,0.000419
9,1550.03846,1.000975,0.000419
9,1550.04541,1.000493,0.000419
9,1550.05235,0.999867,0.000419
9,1550.05929,0.999912,0.000419
9,1550.06659,1.000311,0.000469
9,1550.07318,0.999973,0.000419
9,1550.08013,0.99978,0.000419
9,1550.08707,0.999713,0.000419
9,1550.09402,1.00002,0.000419
9,1550.10096,0.999457,0.000419
9,1550.10791,1.000603,0.00042
9,1550.11485,1.000527,0.000419
9,1550.1218,0.999492,0.000419
9,1550.12874,0.999792,0.000419
9,1550.13568,0.999529,0.000419
9,1550.14263,1.000823,0.00042
9,1550.14957,0.99953,0.000419
9,1550.15652,1.000267,0.00042
9,1550.16346,0.999866,0.000419
9,1550.17041,0.999515,0.000419
9,1550.17735,1.000231,0.000419
9,1550.1843,0.999994,0.000419
9,1550.19124,1.000018,0.000419
9,1550.19818,1.000124,0.000419
9,1550.20513,0.999577,0.000419
9,1550.21207,0.999396,0.000419
9,1550.21902,0.999171,0.000419
9,1550.22596,1.000084,0.00042
9,1550.23291,1.000179,0.00042
9,1550.23985,0.999989,0.000419
9,1550.2468,1.000033,0.00042
9,1550.25374,1.000225,0.000419
9,1550.26068,1.000957,0.000419
9,1550.26763,0.999987,0.000419
9,1550.27457,1.000722,0.000419
9,1550.28152,0.999866,0.000419
9,1550.28846,1.000438,0.000419
9,1550.29541,0.999609,0.000419
9,1550.30235,0.999567,0.000419
9,1550.3093,0.99971,0.000419
9,1550.31624,1.000554,0.00042
9,1550.32319,0.999919,0.000419
9,1550.33013,0.999783,0.000419
9,1550.33707,0.999522,0.000419
9,1550.34402,1.000428,0.00042
9,1550.35096,1.000817,0.00042
9,1550.35791,0.999029,0.000419
9,1550.36485,0.999275,0.000419
9,1550.3718,0.999853,0.000419
9,1550.37874,1.000433,0.000419
9,1550.38569,1.000105,0.000419
9,1550.39263,1.000517,0.00042
9,1550.39923,1.000702,0.000469
9,1550.40652,1.00123,0.00042
9,1550.41346,1.000284,0.000419
9,1550.42041,1.000623,0.00042
9,1550.42735,1.0006,0.000419
9,1550.4343,1.000467,0.00042
9,1550.44124,0.999996,0.000419
9,1550.44819,1.000211,0.000419
9,1550.45513,1.000408,0.000419
9,1550.46208,1.00027,0.000419
9,1550.46902,1.000537,0.000419
9,1550.47631,1.000373,0.000469
9,1550.48291,1.000258,0.000419
9,1550.48985,1.000122,0.000469
9,1550.4968,1.00034,0.000419
9,1550.50374,0.999968,0.00042
9,1550.51069,0.998985,0.000419
9,1550.51763,0.999474,0.000419
9,1550.52458,1.000143,0.000419
9,1550.53152,1.000126,0.000419
9,1550.53846,1.000072,0.000419
9,1550.54541,1.000805,0.000419
9,1550.55235,0.999538,0.000419
9,1550.5593,0.999706,0.000419
9,1550.56624,0.999564,0.000419
9,1550.57319,1.000371,0.000419
9,1550.58013,0.99979,0.000419
9,1550.58708,1.000665,0.00042
9,1550.59402,0.99942,0.000419
9,1550.60097,0.999707,0.000419
9,1550.60791,0.999431,0.000419
9,1550.61485,1.000487,0.00042
9,1550.6218,0.999595,0.000419
9,1550.62874,0.999573,0.000419
9,1550.63569,1.000104,0.000419
9,1550.64263,0.999801,0.000419
9,1550.64958,1.00109,0.00042
9,1550.65652,1.00038,0.000419
9,1550.66347,1.000287,0.00042
9,1550.67041,0.999738,0.000419
9,1550.67735,0.999342,0.000419
9,1550.6843,0.999695,0.000419
9,1550.69124,0.999897,0.000419
9,1550.69819,1.000059,0.000419
9,1550.70513,0.999568,0.000419
9,1550.71208,1.000335,0.000419
9,1550.71902,0.998804,0.000419
9,1550.72597,1.000159,0.00042
9,1550.73291,0.999941,0.000419
9,1550.73985,0.999463,0.000419
9,1550.7468,1.00027,0.000419
9,1550.75374,0.999811,0.000419
9,1550.76069,1.000104,0.00042
9,1550.76763,0.99895,0.000419
9,1550.77458,0.99976,0.00042
9,1550.78152,0.999647,0.000419
9,1550.78847,1.000139,0.000419
9,1550.79541,1.000394,0.000419
9,1550.80236,1.000122,0.00042
9,1550.8093,1.000158,0.000419
9,1550.81624,1.000354,0.00042
9,1550.82319,1.000463,0.000419
9,1550.83013,0.999966,0.00042
9,1550.83708,1.000132,0.000419
9,1550.84402,0.999452,0.00042
9,1550.85097,1.001144,0.00042
9,1550.85791,0.99975,0.000419
9,1550.86486,0.999706,0.000419
9,1550.8718,1.000501,0.00042
9,1550.87874,1.000022,0.00042
9,1550.88569,1.00036,0.00042
9,1550.89263,1.000273,0.00042
9,1550.89958,1.000157,0.00042
9,1550.90652,0.999724,0.000419
9,1550.91347,0.999956,0.000419
9,1550.92041,1.000899,0.00042
9,1550.92736,0.999926,0.000419
9,1550.9343,0.99989,0.00042
9,1550.94125,0.99948,0.000419
9,1550.94819,0.999943,0.000419
9,1550.95513,0.999775,0.00042
9,1550.96208,0.99977,0.000419
9,1550.96902,1.000189,0.000419
9,1550.97597,0.999973,0.000419
9,1550.98291,0.999617,0.000419
9,1550.98986,1.000192,0.000419
9,1550.9968,1.000202,0.00042
9,1551.00375,0.999288,0.000419
9,1551.01069,1.000291,0.00042
9,1551.01763,1.000261,0.00042
9,1551.02458,1.000285,0.000419
9,1551.03152,1.000311,0.00042
9,1551.03847,1.000036,0.000419
9,1551.04541,1.000159,0.00042
9,1551.05236,0.999413,0.000419
9,1551.0593,0.999866,0.00042
9,1551.06625,1.000133,0.000419
9,1551.07319,1.000092,0.00042
9,1551.08013,0.999125,0.000419
9,1551.08708,1.000343,0.000419
9,1551.09402,0.999543,0.000419
9,1551.10097,1.000411,0.00042
9,1551.10791,1.000223,0.00042
9,1551.11486,0.99946,0.000419
9,1551.1218,0.99986,0.000419
9,1551.12875,0.999605,0.000469
9,1551.13569,0.999861,0.000419
9,1551.14264,0.999979,0.000419
9,1551.14958,0.999982,0.000419
9,1551.15652,0.999778,0.000419
9,1551.16347,0.999526,0.000419
9,1551.17041,1.000334,0.00042
9,1551.17736,0.999763,0.000419
9,1551.1843,0.999346,0.000419
9,1551.19125,1.000361,0.00042
9,1551.19819,1.000099,0.000419
9,1551.20514,1.000001,0.000419
9,1551.21208,1.000489,0.00042
9,1551.21902,1.000503,0.00042
9,1551.22597,0.999177,0.000419
9,1551.23291,1.000458,0.00042
9,1551.23986,0.999768,0.000419
9,1551.2468,0.999691,0.00042
9,1551.25375,1.000456,0.00042
9,1551.26069,0.999586,0.000469
9,1551.26764,1.000157,0.000419
9,1551.27458,1.000292,0.000419
9,1551.28152,1.000449,0.00042
9,1551.28847,1.000063,0.00042
9,1551.29541,1.000375,0.00042
9,1551.30236,0.999844,0.000419
9,1551.3093,1.000236,0.00042
9,1551.31625,0.999249,0.000419
9,1551.32319,0.999907,0.00042
9,1551.33014,1.000056,0.00042
9,1551.33708,1.000421,0.00042
9,1551.34403,1.000298,0.00042
9,1551.35097,1.000302,0.000419
9,1551.35791,0.999447,0.00042
9,1551.36486,0.999466,0.000419
9,1551.3718,1.000279,0.000419
9,1551.37875,1.00005,0.000419
9,1551.38569,0.999883,0.000419
9,1551.39194,0.999977,0.000469
9,1551.39958,1.000035,0.000419
9,1551.40653,0.999418,0.000419
9,1551.41347,0.999803,0.000419
9,1551.42041,1.000534,0.00042
9,1551.42736,1.000559,0.00042
9,1551.4343,1.000248,0.00042
9,1551.44125,0.999294,0.000419
9,1551.44819,0.999336,0.000419
9,1551.45514,1.000005,0.000419
9,1551.46208,1.001036,0.00042
9,1551.46903,0.999749,0.000419
9,1551.47597,0.999054,0.000419
9,1551.48291,1.000352,0.00042
9,1551.48986,1.000798,0.00042
9,1551.4968,0.999272,0.000419
9,1551.50375,1.000032,0.00042
9,1551.51069,1.000237,0.000419
9,1551.51764,1.000263,0.00042
9,1551.52458,0.999697,0.000419
9,1551.53153,0.999799,0.000419
9,1551.53847,1.000942,0.00042
9,1551.54542,0.999768,0.000419
9,1551.55236,1.001036,0.00042
9,1551.5593,0.999836,0.00042
9,1551.56625,1.000114,0.00042
9,1551.57319,0.999877,0.000419
9,1551.58014,1.000435,0.000419
9,1551.58708,1.000798,0.00042
9,1551.59403,1.000111,0.00042
9,1551.60097,0.999942,0.00042
9,1551.60792,1.000284,0.000419
9,1551.61486,1.000353,0.00042
9,1551.6218,0.999446,0.000419
9,1551.62875,1.000248,0.000419
9,1551.63569,1.000835,0.00042
9,1551.64264,1.000083,0.00042
9,1551.64958,0.999853,0.000419
9,1551.65653,1.000522,0.00042
9,1551.66347,1.000335,0.00042
9,1551.67042,0.999868,0.00042
9,1551.67736,0.999832,0.000419
9,1551.6843,0.999941,0.000419
9,1551.69125,1.000723,0.00042
9,1551.69819,0.999975,0.00042
9,1551.70514,1.00057,0.00042
9,1551.71208,0.999553,0.00042
9,1551.71903,0.999739,0.000419
9,1551.72597,1.000341,0.000419
9,1551.73292,0.999751,0.000419
9,1551.73986,1.000595,0.00042
9,1551.74681,1.000218,0.00042
9,1551.75375,0.999478,0.00042
9,1551.76069,0.999931,0.00042
9,1551.76764,1.000053,0.000419
9,1551.77458,1.000166,0.00042
9,1551.78153,1.000118,0.00042
9,1551.78847,1.000285,0.00042
9,1551.79542,0.999972,0.00042
9,1551.80236,0.999892,0.00042
9,1551.80931,1.000614,0.00042
9,1551.81625,0.999974,0.000419
9,1551.82319,0.999822,0.000419
9,1551.83014,0.999939,0.000419
9,1551.83708,0.999855,0.00042
9,1551.84403,0.999973,0.000419
9,1551.85097,0.9999,0.00042
9,1551.85792,0.999973,0.00042
9,1551.86486,0.999189,0.00042
9,1551.87181,0.999415,0.00042
9,1551.87875,0.999227,0.000419
9,1551.88569,0.999771,0.000419
9,1551.89264,0.99945,0.000419
9,1551.89958,1.000274,0.00042
9,1551.90653,1.000215,0.00042
9,1551.91347,1.000636,0.00042
9,1551.92042,0.998793,0.000419
9,1551.92736,1.000196,0.00042
9,1551.93431,1.000146,0.00042
9,1551.94125,0.999809,0.000419
9,1551.94819,0.999135,0.000419
9,1551.95514,1.000321,0.00042
9,1551.96208,1.000233,0.00042
9,1551.96903,1.000643,0.00042
9,1551.97597,0.99958,0.000419
9,1551.98292,1.000148,0.00042
9,1551.98986,0.999808,0.000419
9,1551.99681,1.000198,0.00042
9,1552.00375,0.999996,0.00042
9,1552.0107,0.999908,0.00042
9,1552.01764,1.000511,0.00042
9,1552.02458,0.999517,0.00042
9,1552.03153,1.000096,0.00042
9,1552.03847,1.000088,0.00042
9,1552.04542,1.000238,0.00042
9,1552.05236,1.000052,0.00042
9,1552.05931,0.99987,0.00042
9,1552.06625,1.000082,0.00042
9,1552.0732,0.999538,0.000419
9,1552.08014,0.999423,0.00042
9,1552.08708,0.999901,0.00042
9,1552.09403,0.999719,0.000419
9,1552.10097,0.999815,0.00042
9,1552.10792,1.000476,0.00042
9,1552.11486,0.998911,0.000419
9,1552.12181,1.000311,0.00042
9,1552.12875,0.999885,0.000419
9,1552.1357,0.999698,0.00042
9,1552.14264,0.999944,0.00042
9,1552.14958,1.000341,0.00042
9,1552.15653,0.999555,0.00042
9,1552.16347,0.99992,0.00042
9,1552.17042,1.000634,0.00042
9,1552.17736,0.999988,0.00042
9,1552.18431,0.999426,0.000419
9,1552.19125,1.000796,0.00042
9,1552.1982,0.999636,0.00042
9,1552.20514,1.000378,0.00042
9,1552.21208,1.00075,0.00042
9,1552.21903,0.999284,0.000419
9,1552.22597,1.00032,0.00042
9,1552.23292,1.000091,0.00042
9,1552.23986,1.000051,0.000419
9,1552.24681,1.000183,0.00042
9,1552.25375,1.00044,0.00042
9,1552.2607,0.999999,0.00042
9,1552.26764,1.000347,0.00042
9,1552.27459,1.000414,0.00042
9,1552.28153,1.000478,0.00042
9,1552.28847,0.999339,0.00042
9,1552.29542,0.999626,0.000419
9,1552.30236,0.999502,0.00042
9,1552.30931,0.999821,0.000419
9,1552.31625,0.998976,0.000419
9,1552.3232,1.000392,0.00042
9,1552.33014,1.000037,0.000419
9,1552.33709,0.999175,0.000419
9,1552.34403,1.000197,0.00042
9,1552.35097,1.000014,0.000419
9,1552.35792,0.999809,0.00042
9,1552.36486,1.000112,0.00042
9,1552.37181,0.998965,0.000419
9,1552.37875,0.999241,0.000469
9,1552.3857,1.000317,0.00042
9,1552.39264,1.000582,0.00042
9,1552.39959,0.999766,0.00042
9,1552.40653,1.000372,0.00042
9,1552.41347,1.000204,0.00042
9,1552.42042,0.999575,0.000419
9,1552.42736,1.000298,0.000419
9,1552.43431,1.000559,0.00042
9,1552.4416,0.999835,0.000469
9,1552.4482,0.999879,0.000419
9,1552.45514,0.999326,0.000419
9,1552.46209,0.999985,0.00042
9,1552.46903,0.999877,0.000419
9,1552.47632,0.999605,0.000469
9,1552.48292,1.000089,0.00042
9,1552.48986,0.999884,0.00042
9,1552.49681,1.000076,0.00042
9,1552.50375,1.000067,0.00042
9,1552.5107,1.000383,0.00042
9,1552.51764,1.000595,0.00042
9,1552.52459,1.000228,0.00042
9,1552.53153,1.000293,0.00042
9,1552.53847,1.000697,0.000419
9,1552.54542,1.000392,0.00042
9,1552.55236,1.000297,0.000419
9,1552.55931,0.999426,0.000419
9,1552.56625,1.001022,0.00042
9,1552.5732,1.000429,0.00042
9,1552.58014,0.999935,0.000419
9,1552.58709,1.00011,0.00042
9,1552.59403,1.000204,0.00042
9,1552.60098,0.999674,0.000419
9,1552.60792,1.000467,0.00042
9,1552.61486,0.999908,0.000419
9,1552.62181,1.000649,0.00042
9,1552.62806,0.999234,0.000469
9,1552.64334,1.000071,0.000469
9,1552.64959,0.999452,0.000419
9,1552.65653,0.999614,0.000419
9,1552.66348,1.000496,0.00042
9,1552.67042,0.999608,0.000419
9,1552.67736,1.00005,0.000419
9,1552.68431,1.000207,0.00042
9,1552.69125,1.000624,0.000419
9,1552.6982,0.999446,0.00042
9,1552.70514,0.999533,0.000419
9,1552.71209,1.000354,0.000419
9,1552.71903,1.000243,0.000419
9,1552.72598,0.99981,0.00042
9,1552.73292,1.000134,0.00042
9,1552.73986,0.999675,0.000419
9,1552.74681,1.000541,0.00042
9,1552.75375,0.999572,0.000419
9,1552.7607,0.999765,0.000419
9,1552.76764,0.99987,0.000419
9,1552.77459,1.00031,0.000419
9,1552.78153,1.000107,0.000419
9,1552.78848,0.999909,0.000419
9,1552.79542,1.000061,0.00042
9,1552.80236,0.999768,0.00042
9,1552.80931,0.999878,0.000419
9,1552.81625,1.000149,0.000419
9,1552.8232,0.999597,0.000419
9,1552.83014,0.9998,0.000419
9,1552.83709,1.000613,0.00042
9,1552.84403,0.99965,0.00042
9,1552.85098,0.999757,0.000419
9,1552.85792,1.000118,0.00042
9,1552.86486,1.000749,0.00042
9,1552.87181,0.99987,0.000419
9,1552.87875,0.999942,0.000419
9,1552.8857,1.000439,0.000419
9,1552.89264,1.000293,0.000419
9,1552.89959,1.000126,0.000419
9,1552.90723,1.000665,0.000469
9,1552.91348,1.000521,0.000419
9,1552.92042,1.000058,0.000419
9,1552.92736,0.999946,0.000419
9,1552.93431,1.000384,0.000419
9,1552.94125,0.999638,0.00042
9,1552.9482,1.000242,0.00042
9,1552.95514,0.999858,0.000419
9,1552.96209,0.99976,0.000419
9,1552.96834,1.000183,0.000469
9,1552.97598,0.999443,0.000419
9,1552.98292,1.000299,0.000419
9,1552.98986,0.999918,0.000419
9,1552.99681,1.00014,0.000419
9,1553.00375,0.999864,0.000419
9,1553.0107,0.999764,0.00042
9,1553.01764,0.999984,0.000419
9,1553.02459,1.000005,0.000419
9,1553.03153,1.000138,0.000419
9,1553.03848,1.000469,0.00042
9,1553.04542,1.000362,0.00042
9,1553.05237,0.99949,0.000419
9,1553.05931,1.000106,0.00042
9,1553.06625,0.999102,0.000419
9,1553.0732,1.000162,0.000419
9,1553.08014,1.000511,0.00042
9,1553.08709,0.999825,0.00042
9,1553.09403,0.999795,0.000419
9,1553.10098,1.00023,0.000419
9,1553.10792,1.000578,0.00042
9,1553.11487,1.0,0.000419
9,1553.12181,0.999533,0.000419
9,1553.12875,0.99992,0.000419
9,1553.1357,0.99961,0.000419
9,1553.14264,1.000093,0.000419
9,1553.14959,0.999525,0.000419
9,1553.15653,1.000267,0.00042
9,1553.16348,1.000617,0.000419
9,1553.17042,0.999744,0.000419
9,1553.17737,1.000264,0.000419
9,1553.18431,1.0,0.000419
9,1553.19125,1.000611,0.00042
9,1553.1982,1.000599,0.00042
9,1553.20514,1.000495,0.00042
9,1553.21209,0.999958,0.000419
9,1553.21903,1.000139,0.00042
9,1553.22598,1.000318,0.00042
9,1553.23292,0.999334,0.000419
9,1553.23987,0.999977,0.000419
9,1553.24681,1.000067,0.00042
9,1553.25375,0.998937,0.000419
9,1553.2607,0.999668,0.000419
9,1553.26764,1.000466,0.00042
9,1553.27389,1.000437,0.000469
9,1553.28153,0.999911,0.00042
9,1553.28848,0.999759,0.00042
9,1553.29542,0.999621,0.000419
9,1553.30237,1.000601,0.000419
9,1553.30931,1.00014,0.00042
9,1553.31625,0.999873,0.00042
9,1553.3232,1.000334,0.00042
9,1553.33014,0.999851,0.00042
9,1553.33709,1.000036,0.00042
9,1553.34403,1.000144,0.00042
9,1553.35098,0.999878,0.00042
9,1553.35792,0.999412,0.000419
9,1553.36487,1.000174,0.00042
9,1553.37181,0.999096,0.000419
9,1553.37875,0.999759,0.00042
9,1553.3857,0.999843,0.00042
9,1553.39264,1.000007,0.000419
9,1553.39959,0.999643,0.00042
9,1553.40653,0.999522,0.00042
9,1553.41348,1.000241,0.00042
9,1553.42042,0.999464,0.00042
9,1553.42737,1.000627,0.00042
9,1553.43431,1.000374,0.00042
9,1553.44125,1.000007,0.00042
9,1553.4482,1.000508,0.00042
9,1553.45514,0.999811,0.00042
9,1553.46209,1.000218,0.00042
9,1553.46903,0.999496,0.00042
9,1553.47598,0.998981,0.00042
9,1553.48292,0.999906,0.00042
9,1553.48987,1.000119,0.00042
9,1553.49681,1.000412,0.00042
9,1553.50375,1.000579,0.00042
9,1553.5107,1.00062,0.00042
9,1553.51764,1.000195,0.00042
9,1553.52459,1.000592,0.00042
9,1553.53153,1.000379,0.00042
9,1553.53848,0.999351,0.00042
9,1553.54542,0.999542,0.00042
9,1553.55237,1.000399,0.00042
9,1553.55931,1.000281,0.00042
9,1553.56625,1.000164,0.00042
9,1553.5732,1.000115,0.00042
9,1553.58014,0.999822,0.00042
9,1553.58709,0.999322,0.00042
9,1553.59403,0.999617,0.00042
9,1553.60098,1.000094,0.00042
9,1553.60792,1.000616,0.00042
9,1553.61487,0.999608,0.00042
9,1553.62181,0.999891,0.00042
9,1553.62875,1.000282,0.00042
9,1553.6357,0.999682,0.00042
9,1553.64264,0.999297,0.00042
9,1553.64959,1.000494,0.00042
9,1553.65653,1.000648,0.00042
9,1553.66417,0.999826,0.000469
9,1553.67042,1.000319,0.00042
9,1553.67737,1.000005,0.00042
9,1553.68431,1.000175,0.00042
9,1553.69125,1.000077,0.00042
9,1553.6982,0.99975,0.00042
9,1553.70514,0.999336,0.00042
9,1553.71209,1.000135,0.00042
9,1553.71903,1.000042,0.00042
9,1553.72598,0.999296,0.00042
9,1553.73292,1.000658,0.00042
9,1553.73987,1.000185,0.00042
9,1553.74681,1.000172,0.00042
9,1553.75375,0.999714,0.00042
9,1553.7607,0.999942,0.00042
9,1553.76764,1.000136,0.00042
9,1553.77459,0.99994,0.00042
9,1553.78153,1.000062,0.00042
9,1553.78848,0.999336,0.000419
9,1553.79542,1.000579,0.00042
9,1553.80237,0.999545,0.00042
9,1553.80931,0.999837,0.00042
9,1553.81625,0.999894,0.00042
9,1553.8232,1.000192,0.00042
9,1553.83014,1.000043,0.00042
9,1553.83709,1.00053,0.00042
9,1553.84403,1.00011,0.00042
9,1553.85098,1.000778,0.00042
9,1553.85792,1.000455,0.00042
9,1553.86487,0.999871,0.00042
9,1553.87181,1.000471,0.00042
9,1553.87875,1.000216,0.00042
9,1553.8857,1.000306,0.00042
9,1553.89264,0.999918,0.00042
9,1553.89959,0.999707,0.00042
9,1553.90653,1.000255,0.00042
9,1553.91348,1.000184,0.00042
9,1553.92042,1.000381,0.00042
9,1553.92737,0.999401,0.00042
9,1553.93431,1.000027,0.00042
9,1553.94125,1.000817,0.00042
9,1553.9482,1.000475,0.00042
9,1553.95514,1.000401,0.00042
9,1553.96209,1.00012,0.00042
9,1553.96903,0.999712,0.00042
9,1553.97598,0.999601,0.00042
9,1553.98292,1.000142,0.00042
9,1553.98987,0.999391,0.000419
9,1553.99681,0.999636,0.00042
9,1554.00375,0.999953,0.00042
9,1554.0107,1.000041,0.00042
9,1554.01764,1.000081,0.00042
9,1554.02459,0.999677,0.00042
9,1554.03153,1.000597,0.00042
9,1554.03848,0.999412,0.00042
9,1554.04542,0.999742,0.00042
9,1554.05237,1.0005,0.00042
9,1554.05931,1.000085,0.00042
9,1554.06625,0.999493,0.00042
9,1554.0732,1.000531,0.00042
9,1554.08014,0.999372,0.00042
9,1554.08709,1.000007,0.00042
9,1554.09403,1.000335,0.00042
9,1554.10098,0.999722,0.00042
9,1554.10792,0.999826,0.00042
9,1554.11487,1.00009,0.00042
9,1554.12181,0.999172,0.00042
9,1554.12875,0.999846,0.00042
9,1554.1357,0.999566,0.00042
9,1554.14264,0.999104,0.00042
9,1554.14959,1.000153,0.00042
9,1554.15653,1.000443,0.00042
9,1554.16348,0.999724,0.00042
9,1554.17042,1.000314,0.00042
9,1554.17737,1.000011,0.00042
9,1554.18431,1.00001,0.00042
9,1554.19125,1.000527,0.00042
9,1554.1982,0.999239,0.00042
9,1554.20514,1.000064,0.00042
9,1554.21209,1.000349,0.00042
9,1554.21903,1.00002,0.00042
9,1554.22598,0.999961,0.00042
9,1554.23292,1.000178,0.00042
9,1554.23987,0.999231,0.00042
9,1554.24681,1.000543,0.00042
9,1554.25375,1.001316,0.00042
9,1554.2607,0.999805,0.00042
9,1554.26764,1.000784,0.00042
9,1554.27459,0.999697,0.00042
9,1554.28153,1.000248,0.00042
9,1554.28848,1.000551,0.00042
9,1554.29542,0.9993,0.00042
9,1554.30237,0.999808,0.00042
9,1554.30931,1.0001,0.00042
9,1554.31625,1.000407,0.00042
9,1554.3232,1.000263,0.00042
9,1554.33014,0.999493,0.00042
9,1554.33709,1.000307,0.00042
9,1554.34403,0.999255,0.00042
9,1554.35063,1.00061,0.000469
9,1554.35792,0.99977,0.00042
9,1554.36487,1.000274,0.00042
9,1554.37181,1.000829,0.00042
9,1554.37875,1.000077,0.00042
9,1554.3857,0.999423,0.00042
9,1554.39264,0.999989,0.00042
9,1554.39959,1.000126,0.00042
9,1554.40653,1.000187,0.00042
9,1554.41348,1.000142,0.00042
9,1554.42042,1.000228,0.00042
9,1554.42737,1.000047,0.00042
9,1554.43431,1.000327,0.00042
9,1554.44125,0.999903,0.00042
9,1554.4482,0.999594,0.00042
9,1554.45514,0.999553,0.00042
9,1554.46209,1.00021,0.00042
9,1554.46903,0.999993,0.00042
9,1554.47598,0.999871,0.00042
9,1554.48292,0.999935,0.00042
9,1554.48986,0.999788,0.00042
9,1554.49681,0.999674,0.00042
9,1554.50375,1.000112,0.00042
9,1554.5107,0.999963,0.00042
9,1554.51764,0.9997,0.00042
9,1554.52459,0.999769,0.00042
9,1554.53153,1.000195,0.00042
9,1554.53848,1.000032,0.00042
9,1554.54542,0.999544,0.00042
9,1554.55236,1.000056,0.00042
9,1554.55931,1.000366,0.00042
9,1554.56625,0.999778,0.00042
9,1554.5732,1.000154,0.00042
9,1554.58014,1.000084,0.00042
9,1554.58709,1.000456,0.00042
9,1554.59403,1.000523,0.00042
9,1554.60098,1.00033,0.00042
9,1554.60792,0.999896,0.00042
9,1554.61486,1.000135,0.00042
9,1554.62181,1.000502,0.00042
9,1554.62875,0.999669,0.00042
9,1554.6357,0.999193,0.00042
9,1554.64264,1.000128,0.00042
9,1554.64959,0.999042,0.00042
9,1554.65653,0.999858,0.00042
9,1554.66348,0.999904,0.00042
9,1554.67042,0.999294,0.00042
9,1554.67736,1.000143,0.00042
9,1554.68431,1.000005,0.00042
9,1554.69125,1.000177,0.00042
9,1554.6982,0.999643,0.00042
9,1554.70514,0.999739,0.00042
9,1554.71209,1.000148,0.00042
9,1554.71903,0.999407,0.00042
9,1554.72598,0.999926,0.00042
9,1554.73292,1.000522,0.00042
9,1554.73986,0.999995,0.00042
9,1554.74681,0.99985,0.00042
9,1554.75375,0.999835,0.00042
9,1554.7607,1.000306,0.00042
9,1554.76764,0.999574,0.00042
9,1554.77459,0.999981,0.00042
9,1554.78153,0.999496,0.00042
9,1554.78848,1.000286,0.00042
9,1554.79542,1.000048,0.00042
9,1554.80236,1.000354,0.00042
9,1554.80931,1.000035,0.00042
9,1554.81625,1.000456,0.00042
9,1554.8232,1.000023,0.00042
9,1554.83014,1.000501,0.00042
9,1554.83709,0.999495,0.00042
9,1554.84403,0.999937,0.00042
9,1554.85097,1.000246,0.00042
9,1554.85792,1.000549,0.00042
9,1554.86486,1.000122,0.00042
9,1554.87181,0.999938,0.00042
9,1554.87875,1.000205,0.00042
9,1554.8857,1.000018,0.00042
9,1554.89264,1.000368,0.00042
9,1554.89959,0.999745,0.00042
9,1554.90653,1.000004,0.00042
9,1554.91347,0.999677,0.00042
9,1554.92042,1.000574,0.00042
9,1554.92736,1.000564,0.00042
9,1554.93431,0.999057,0.00042
9,1554.94125,0.999278,0.00042
9,1554.9482,1.000359,0.00042
9,1554.95514,1.000088,0.00042
9,1554.96209,1.000493,0.00042
9,1554.96903,1.000141,0.00042
9,1554.97597,0.999753,0.00042
9,1554.98292,0.999921,0.00042
9,1554.98986,1.000043,0.00042
9,1554.99681,0.999301,0.00042
9,1555.00375,0.999695,0.00042
9,1555.0107,1.000601,0.00042
9,1555.01764,0.999791,0.00042
9,1555.02459,0.999867,0.00042
9,1555.03153,1.000105,0.00042
9,1555.03847,1.000008,0.00042
9,1555.04542,1.000206,0.00042
9,1555.05236,1.000531,0.00042
9,1555.05931,0.999811,0.00042
9,1555.06625,0.999659,0.00042
9,1555.0732,0.999865,0.00042
9,1555.08014,0.999686,0.00042
9,1555.08708,0.999905,0.00042
9,1555.09403,0.999462,0.00042
9,1555.10097,1.000136,0.00042
9,1555.10792,0.999696,0.00042
9,1555.11486,1.000217,0.00042
9,1555.12181,1.000514,0.00042
9,1555.12875,0.999688,0.00042
9,1555.1357,1.000116,0.00042
9,1555.14264,1.000017,0.00042
9,1555.14958,1.000084,0.00042
9,1555.15653,0.999768,0.00042
9,1555.16347,1.000125,0.00042
9,1555.17042,0.999748,0.000469
9,1555.17736,0.999424,0.00042
9,1555.18431,1.000363,0.00042
9,1555.19125,0.999988,0.00042
9,1555.1982,0.999622,0.00042
9,1555.20514,1.000092,0.00042
9,1555.21208,1.000129,0.00042
9,1555.21903,0.999862,0.00042
9,1555.22597,1.0005,0.00042
9,1555.23292,0.999884,0.00042
9,1555.23986,1.000112,0.00042
9,1555.24681,0.999405,0.00042
9,1555.25375,0.999327,0.00042
9,1555.26069,1.000329,0.00042
9,1555.26764,0.999623,0.00042
9,1555.27458,1.000652,0.00042
9,1555.28153,1.000175,0.00042
9,1555.28847,1.0005,0.00042
9,1555.29542,1.000635,0.00042
9,1555.30236,0.999994,0.00042
9,1555.30931,0.999546,0.00042
9,1555.31625,1.000706,0.00042
9,1555.32319,0.999747,0.00042
9,1555.33014,1.000024,0.00042
9,1555.33708,1.000702,0.00042
9,1555.34403,1.000018,0.00042
9,1555.35097,0.999564,0.00042
9,1555.35792,0.999802,0.00042
9,1555.36486,0.999602,0.00042
9,1555.37181,1.000334,0.00042
9,1555.37875,0.99983,0.00042
9,1555.38569,1.000266,0.00042
9,1555.39264,1.000447,0.00042
9,1555.39958,1.000069,0.00042
9,1555.40653,1.0,0.00042
9,1555.41347,0.999162,0.00042
9,1555.42042,0.999863,0.00042
9,1555.42736,0.999501,0.00042
9,1555.4343,0.999136,0.00042
9,1555.44125,0.999368,0.00042
9,1557.9218,0.998951,0.000569
9,1557.92735,1.000569,0.00044
9,1557.9343,0.999707,0.00044
9,1557.94124,1.000433,0.00044
9,1557.94819,1.000093,0.00044
9,1557.95513,0.999971,0.00044
9,1557.96207,1.000028,0.000491
9,1557.96902,0.999515,0.000439
9,1557.97596,1.000154,0.000439
9,1557.98291,0.99975,0.000439
9,1557.98985,0.999748,0.000438
9,1557.9968,1.000201,0.000438
9,1558.00374,1.000429,0.000438
9,1558.01069,0.999741,0.000438
9,1558.01763,0.99958,0.000438
9,1558.02457,1.000216,0.000437
9,1558.03152,1.000386,0.000437
9,1558.03846,0.999772,0.000437
9,1558.04541,1.000089,0.000437
9,1558.0527,0.999392,0.000488
9,1558.0593,0.999699,0.000436
9,1558.06624,0.999889,0.000436
9,1558.07319,1.000267,0.000436
9,1558.08013,0.999762,0.000435
9,1558.08707,1.000545,0.000435
9,1558.09402,0.999892,0.000435
9,1558.10096,1.0,0.000435
9,1558.10791,1.000193,0.000434
9,1558.11485,1.000051,0.000434
9,1558.1218,0.999974,0.000434
9,1558.12874,0.999891,0.000434
9,1558.13569,1.000308,0.000433
9,1558.14263,0.999988,0.000433
9,1558.14957,1.000602,0.000433
9,1558.15652,1.000052,0.000433
9,1558.16346,1.000138,0.000433
9,1558.17041,0.99923,0.000432
9,1558.17735,0.999784,0.000432
9,1558.1843,1.00004,0.000432
9,1558.19124,0.999901,0.000432
9,1558.19749,1.000076,0.000483
9,1558.20513,1.000622,0.000432
9,1558.21207,0.999466,0.000432
9,1558.21902,1.000059,0.000432
9,1558.22596,1.000994,0.000432
9,1558.23291,1.000016,0.000432
9,1558.23985,0.999947,0.000432
9,1558.2468,0.999843,0.000432
9,1558.25374,0.999528,0.000432
9,1558.26069,1.000278,0.000432
9,1558.26763,1.000004,0.000432
9,1558.27457,0.999943,0.000432
9,1558.28152,1.000042,0.000432
9,1558.28846,1.000137,0.000432
9,1558.29541,1.000924,0.000431
9,1558.30235,1.00029,0.000431
9,1558.3093,0.999836,0.000431
9,1558.31624,1.000376,0.000431
9,1558.32319,0.999841,0.000431
9,1558.33013,0.999817,0.000431
9,1558.33707,1.000404,0.000431
9,1558.34402,1.000364,0.000431
9,1558.35096,0.999829,0.000431
9,1558.35791,0.999625,0.00043
9,1558.36485,1.000235,0.00043
9,1558.3718,0.999446,0.00043
9,1558.37874,1.000513,0.00043
9,1558.38569,0.999575,0.00043
9,1558.39263,1.000367,0.00043
9,1558.39957,0.999232,0.00043
9,1558.40652,0.999563,0.000429
9,1558.41346,1.000823,0.000429
9,1558.42041,1.000266,0.000429
9,1558.42735,0.99993,0.000429
9,1558.4343,0.999432,0.000429
9,1558.44124,1.000464,0.000429
9,1558.44853,1.000123,0.000479
9,1558.45513,1.000303,0.000429
9,1558.46207,1.000043,0.000429
9,1558.46902,1.000894,0.000429
9,1558.47596,0.999407,0.000428
9,1558.48291,0.99981,0.000429
9,1558.48985,1.000901,0.000429
9,1558.4968,0.99958,0.000428
9,1558.50374,0.999944,0.000428
9,1558.51068,0.999878,0.000428
9,1558.51763,1.000815,0.000428
9,1558.52457,1.00022,0.000428
9,1558.53152,1.000149,0.000428
9,1558.53846,1.000453,0.000428
9,1558.54541,1.000381,0.000428
9,1558.552,0.999488,0.000479
9,1558.5593,1.000323,0.000428
9,1558.56624,0.999995,0.000428
9,1558.57318,0.999641,0.000428
9,1558.58013,1.000037,0.000428
9,1558.58707,1.000416,0.000428
9,1558.59402,0.999792,0.000428
9,1558.60096,1.000276,0.000428
9,1558.60791,1.000756,0.000428
9,1558.61485,1.000001,0.000428
9,1558.6218,1.00032,0.000428
9,1558.62874,0.999132,0.000428
9,1558.63568,0.99994,0.000428
9,1558.64263,0.99961,0.000428
9,1558.64957,1.000237,0.000428
9,1558.65652,0.999582,0.000427
9,1558.66346,1.000081,0.000428
9,1558.67041,0.999296,0.000428
9,1558.67735,0.999681,0.000428
9,1558.6843,0.999746,0.000427
9,1558.69124,0.999018,0.000427
9,1558.69818,0.999939,0.000427
9,1558.70513,0.999511,0.000427
9,1558.71207,1.000494,0.000427
9,1558.71902,1.000762,0.000427
9,1558.72596,0.999531,0.000427
9,1558.73291,1.000558,0.000427
9,1558.73985,1.000118,0.000427
9,1558.7468,0.999942,0.000427
9,1558.75374,1.000122,0.000427
9,1558.76068,1.000049,0.000427
9,1558.76763,0.999538,0.000427
9,1558.77457,1.00002,0.000427
9,1558.78152,0.999184,0.000427
9,1558.78846,1.00065,0.000427
9,1558.79541,1.000011,0.000427
9,1558.80235,1.000151,0.000427
9,1558.8093,0.999746,0.000427
9,1558.81624,1.000147,0.000427
9,1558.82318,1.000172,0.000427
9,1558.83013,0.99939,0.000427
9,1558.83707,1.000685,0.000427
9,1558.84402,0.999939,0.000427
9,1558.85096,1.000312,0.000427
9,1558.85791,0.999384,0.000427
9,1558.86485,0.998947,0.000426
9,1558.8718,0.99954,0.000427
9,1558.87874,1.000246,0.000426
9,1558.88638,0.999491,0.000477
9,1558.89263,0.999771,0.000426
9,1558.89957,0.999607,0.000426
9,1558.90652,1.000228,0.000427
9,1558.91346,1.000479,0.000427
9,1558.92041,1.001186,0.000427
9,1558.92735,0.999461,0.000426
9,1558.9343,1.000268,0.000426
9,1558.94124,1.000328,0.000426
9,1558.94818,1.000332,0.000426
9,1558.95513,1.000568,0.000427
9,1558.96207,1.000419,0.000426
9,1558.96902,1.000056,0.000426
9,1558.97596,0.999736,0.000426
9,1558.98291,0.999663,0.000426
9,1558.98985,1.000459,0.000426
9,1558.9968,1.000002,0.000426
9,1559.00374,0.999786,0.000426
9,1559.01068,1.000649,0.000426
9,1559.01763,1.00002,0.000426
9,1559.02457,0.999135,0.000426
9,1559.03152,1.000281,0.000426
9,1559.03846,0.999694,0.000426
9,1559.04541,0.999931,0.000426
9,1559.05235,0.999723,0.000426
9,1559.0593,1.000555,0.000426
9,1559.06624,1.000147,0.000426
9,1559.07318,1.000111,0.000426
9,1559.08013,1.00009,0.000426
9,1559.08707,0.999871,0.000426
9,1559.09402,1.000431,0.000426
9,1559.10096,0.999777,0.000426
9,1559.10791,0.999338,0.000426
9,1559.11485,0.999205,0.000426
9,1559.1218,0.999898,0.000426
9,1559.12874,0.999708,0.000426
9,1559.13568,1.000108,0.000426
9,1559.14263,1.000019,0.000426
9,1559.14957,0.999823,0.000426
9,1559.15617,1.000467,0.000476
9,1559.16346,0.99972,0.000426
9,1559.17041,1.000021,0.000426
9,1559.17735,1.000496,0.000426
9,1559.1843,0.999465,0.000425
9,1559.19124,0.999446,0.000425
9,1559.19818,0.999418,0.000425
9,1559.20513,0.999598,0.000425
9,1559.21207,0.999927,0.000425
9,1559.21902,1.000212,0.000425
9,1559.22596,0.999399,0.000425
9,1559.23291,0.99999,0.000425
9,1559.23985,1.00014,0.000425
9,1559.24679,0.999515,0.000425
9,1559.25374,1.000259,0.000425
9,1559.26068,1.000578,0.000425
9,1559.26763,1.000453,0.000425
9,1559.27457,1.00018,0.000425
9,1559.28152,0.999599,0.000425
9,1559.28916,1.000334,0.000475
9,1559.29541,1.001127,0.000425
9,1559.30235,1.000611,0.000425
9,1559.30999,0.99992,0.000475
9,1559.31624,0.999511,0.000425
9,1559.32318,1.000637,0.000425
9,1559.33013,1.000768,0.000425
9,1559.33707,0.99983,0.000425
9,1559.34402,1.000096,0.000425
9,1559.35096,1.000118,0.000425
9,1559.35791,1.000392,0.000425
9,1559.36485,1.000348,0.000425
9,1559.37179,0.999937,0.000425
9,1559.37874,1.000958,0.000425
9,1559.38568,1.000324,0.000425
9,1559.39263,0.999712,0.000424
9,1559.39923,0.999633,0.000475
9,1559.40652,0.999846,0.000425
9,1559.41346,0.999882,0.000424
9,1559.42041,0.99945,0.000424
9,1559.42735,0.999806,0.000424
9,1559.43429,1.000336,0.000424
9,1559.44124,0.99964,0.000424
9,1559.44818,0.999681,0.000424
9,1559.45513,0.999811,0.000424
9,1559.46207,0.999796,0.000424
9,1559.46902,0.999859,0.000424
9,1559.47596,0.999611,0.000424
9,1559.48291,0.999909,0.000424
9,1559.48985,0.99979,0.000424
9,1559.49679,0.998984,0.000424
9,1559.50374,0.99982,0.000424
9,1559.51068,1.000186,0.000424
9,1559.51763,1.000377,0.000424
9,1559.52457,0.99974,0.000424
9,1559.53152,1.000439,0.000424
9,1559.53846,1.000358,0.000424
9,1559.54541,1.000629,0.000424
9,1559.55235,0.998804,0.000424
9,1559.55929,0.999913,0.000424
9,1559.56624,0.999454,0.000424
9,1559.57318,0.999224,0.000424
9,1559.58013,0.999413,0.000423
9,1559.58707,1.000417,0.000424
9,1559.59402,0.999778,0.000423
9,1559.60096,0.999382,0.000423
9,1559.60791,1.000147,0.000423
9,1559.61485,1.000748,0.000423
9,1559.62179,1.000621,0.000424
9,1559.62874,0.999683,0.000423
9,1559.63499,1.000011,0.000473
9,1559.64263,1.000173,0.000423
9,1559.64957,1.000699,0.000423
9,1559.65652,1.000141,0.000423
9,1559.66346,0.999388,0.000423
9,1559.67041,0.99999,0.000423
9,1559.67735,1.00027,0.000423
9,1559.68429,1.000031,0.000423
9,1559.69124,0.999943,0.000423
9,1559.69818,1.000397,0.000423
9,1559.70513,1.000099,0.000423
9,1559.71207,0.999968,0.000423
9,1559.71902,1.001184,0.000423
9,1559.72596,1.000002,0.000423
9,1559.7329,0.999965,0.000423
9,1559.73985,1.000329,0.000423
9,1559.74679,0.99951,0.000423
9,1559.75374,1.000149,0.000423
9,1559.76068,1.000104,0.000423
9,1559.76763,1.000058,0.000423
9,1559.77457,0.999608,0.000423
9,1559.78152,0.99992,0.000423
9,1559.78846,1.000301,0.000423
9,1559.7954,0.999873,0.000423
9,1559.80235,1.000561,0.000423
9,1559.80929,1.000031,0.000423
9,1559.81589,1.000262,0.000472
9,1559.82318,0.999843,0.000423
9,1559.83013,1.000521,0.000422
9,1559.83638,1.000402,0.000472
9,1559.84402,1.000853,0.000423
9,1559.85096,0.999927,0.000422
9,1559.8579,0.999152,0.000422
9,1559.86485,1.000562,0.000422
9,1559.87179,1.000131,0.000422
9,1559.87874,1.000234,0.000422
9,1559.88568,0.99922,0.000422
9,1559.89263,0.99995,0.000422
9,1559.89888,1.000284,0.000472
9,1559.91415,1.000166,0.000472
9,1559.9204,0.999977,0.000422
9,1559.92735,0.999228,0.000422
9,1559.93429,0.999848,0.000422
9,1559.94089,1.000509,0.000472
9,1559.94818,0.999788,0.000422
9,1559.95513,0.999889,0.000422
9,1559.96207,0.999556,0.000422
9,1559.96902,0.99944,0.000422
9,1559.97665,1.000648,0.000472
9,1559.9829,0.999212,0.000422
9,1559.98985,1.000414,0.000422
9,1559.99679,1.000229,0.000422
9,1560.00374,1.00006,0.000422
9,1560.01068,1.000384,0.000422
9,1560.01763,0.999479,0.000422
9,1560.02457,1.000046,0.000422
9,1560.03152,0.99992,0.000422
9,1560.03846,1.000016,0.000422
9,1560.0454,1.000321,0.000422
9,1560.05235,1.000123,0.000422
9,1560.05929,1.000409,0.000422
9,1560.06624,0.999594,0.000422
9,1560.07318,0.998993,0.000422
9,1560.08013,1.000804,0.000422
9,1560.08707,1.000078,0.000422
9,1560.09402,1.000367,0.000422
9,1560.10096,0.999827,0.000421
9,1560.1079,0.999669,0.000422
9,1560.11485,0.999517,0.000421
9,1560.12179,0.999859,0.000421
9,1560.12874,1.000071,0.000422
9,1560.13568,0.999843,0.000421
9,1560.14263,1.000272,0.000421
9,1560.14957,0.999509,0.000421
9,1560.15651,0.999299,0.000421
9,1560.16346,0.999845,0.000421
9,1560.1704,1.000218,0.000421
9,1560.17735,0.999606,0.000421
9,1560.18429,1.000253,0.000421
9,1560.19124,1.000266,0.000421
9,1560.19818,1.000754,0.000421
9,1560.20513,1.000699,0.000421
9,1560.21207,1.000271,0.000421
9,1560.21901,1.000889,0.000421
9,1560.22596,1.001233,0.000421
9,1560.2336,1.000738,0.000471
9,1560.23985,1.000181,0.000421
9,1560.24679,0.998953,0.000421
9,1560.25374,0.999347,0.000421
9,1560.26068,1.000064,0.000421
9,1560.26763,0.999738,0.000421
9,1560.27457,1.000494,0.000421
9,1560.28151,1.000247,0.000421
9,1560.28846,0.999797,0.000421
9,1560.2954,0.999749,0.000421
9,1560.30235,0.99944,0.000421
9,1560.30929,1.000458,0.000421
9,1560.31693,0.999062,0.000471
9,1560.32318,0.999493,0.000421
9,1560.33013,0.999556,0.000421
9,1560.33707,0.999605,0.000421
9,1560.34401,0.999712,0.000421
9,1560.35096,1.000085,0.000421
9,1560.3579,0.99998,0.000421
9,1560.36485,1.00001,0.000421
9,1560.37179,1.000312,0.000421
9,1560.37874,1.000108,0.000421
9,1560.38568,1.000063,0.000421
9,1560.39263,1.000348,0.000421
9,1560.39957,1.000118,0.000421
9,1560.40651,0.999716,0.000421
9,1560.41346,0.999404,0.000421
9,1560.4204,0.999852,0.000421
9,1560.42735,0.999419,0.000421
9,1560.43429,0.999906,0.000421
9,1560.44124,1.000492,0.000421
9,1560.44818,0.999998,0.000421
9,1560.45512,1.000441,0.000421
9,1560.46207,1.000889,0.000421
9,1560.46901,0.999297,0.000421
9,1560.47596,0.999566,0.000421
9,1560.4829,0.999856,0.000421
9,1560.48985,1.000598,0.000421
9,1560.49679,1.000545,0.000421
9,1560.50374,1.000234,0.000421
9,1560.51068,1.000287,0.000421
9,1560.51762,1.000046,0.000421
9,1560.52457,0.999914,0.000421
9,1560.53151,1.000765,0.000421
9,1560.53846,1.001224,0.000421
9,1560.5454,1.00012,0.000421
9,1560.55235,1.000889,0.000421
9,1560.55929,1.000205,0.000421
9,1560.56624,0.999619,0.000421
9,1560.57318,0.999618,0.000421
9,1560.58012,1.000236,0.000421
9,1560.58707,0.999588,0.000421
9,1560.59401,0.999919,0.00042
9,1560.60096,0.999585,0.000421
9,1560.6079,1.000116,0.000421
9,1560.61485,1.000011,0.00042
9,1560.62179,1.000292,0.00042
9,1560.62874,0.99961,0.000421
9,1560.63568,0.999938,0.00042
9,1560.64262,0.999764,0.00042
9,1560.64957,1.000761,0.000421
9,1560.65651,0.999881,0.00042
9,1560.66346,0.999975,0.00042
9,1560.6704,0.999975,0.00042
9,1560.67735,1.000599,0.00042
9,1560.68429,1.000418,0.00042
9,1560.69124,0.999668,0.00042
9,1560.69818,0.999798,0.00042
9,1560.70512,1.000219,0.00042
9,1560.71207,1.000138,0.00042
9,1560.71901,1.000431,0.00042
9,1560.72596,0.999676,0.00042
9,1560.7329,1.000037,0.00042
9,1560.73985,0.999675,0.00042
9,1560.74679,0.999828,0.00042
9,1560.75373,0.999971,0.00042
9,1560.76068,1.000025,0.00042
9,1560.76762,0.999338,0.00042
9,1560.77457,0.999892,0.00042
9,1560.78151,1.000806,0.00042
9,1560.78846,0.999563,0.00042
9,1560.7954,0.999448,0.00042
9,1560.80235,0.999359,0.00042
9,1560.80929,0.999717,0.00042
9,1560.81623,1.000338,0.00042
9,1560.82387,1.000599,0.00047
9,1560.83012,0.999986,0.00042
9,1560.83707,1.000143,0.00042
9,1560.84401,0.999742,0.00042
9,1560.85096,1.00038,0.00042
9,1560.8579,1.000057,0.00042
9,1560.86485,1.000556,0.00042
9,1560.87179,1.000388,0.00042
9,1560.87873,0.999786,0.00042
9,1560.88568,0.99982,0.00042
9,1560.89262,1.000142,0.00042
9,1560.89957,0.999313,0.00042
9,1560.90651,1.000191,0.00042
9,1560.91346,1.000416,0.00042
9,1560.9204,1.000244,0.00042
9,1560.92735,0.99904,0.00042
9,1560.93429,1.000231,0.00042
9,1560.94123,1.000049,0.00042
9,1560.94818,1.000123,0.00042
9,1560.95512,1.000469,0.00042
9,1560.96207,1.000016,0.00042
9,1560.96901,0.999951,0.00042
9,1560.97596,0.999135,0.00042
9,1560.9829,0.999942,0.00042
9,1560.98985,1.000581,0.00042
9,1560.99679,1.000006,0.00042
9,1561.00373,0.999908,0.00042
9,1561.01068,0.999855,0.00042
9,1561.01762,1.000047,0.00042
9,1561.02457,0.999022,0.00042
9,1561.03151,0.999999,0.00042
9,1561.03846,0.999803,0.00042
9,1561.0454,1.000211,0.00042
9,1561.05234,0.999909,0.00042
9,1561.05929,0.999262,0.00042
9,1561.06623,0.999903,0.00042
9,1561.07318,0.999561,0.00042
9,1561.08012,1.000928,0.00042
9,1561.08707,0.999422,0.00042
9,1561.09401,1.000711,0.00042
9,1561.10096,1.00042,0.00042
9,1561.1079,1.000351,0.00042
9,1561.11484,1.000208,0.00042
9,1561.12179,1.000336,0.00042
9,1561.12873,1.000114,0.00042
9,1561.13568,0.999926,0.00042
9,1561.14262,1.000323,0.00042
9,1561.14957,0.999957,0.00042
9,1561.15651,0.999845,0.00042
9,1561.16346,0.999922,0.00042
9,1561.1704,1.000167,0.00042
9,1561.17734,1.000404,0.00042
9,1561.18429,1.00016,0.00042
9,1561.19123,1.000057,0.00042
9,1561.19818,1.000191,0.00042
9,1561.20512,1.000173,0.00042
9,1561.21207,0.999649,0.00042
9,1561.21901,1.00024,0.00042
9,1561.22596,0.999539,0.00042
9,1561.2329,0.999908,0.00042
9,1561.2395,0.999798,0.00047
9,1561.24679,0.999956,0.00042
9,1561.25373,1.000616,0.00042
9,1561.26068,1.000122,0.00042
9,1561.26762,0.999888,0.00042
9,1561.27457,1.000314,0.00042
9,1561.28151,1.000534,0.00042
9,1561.28845,0.999379,0.00042
9,1561.2954,0.999582,0.00042
9,1561.30234,1.000166,0.00042
9,1561.30929,1.000133,0.00042
9,1561.31623,0.999539,0.00042
9,1561.32318,1.000198,0.00042
9,1561.33012,0.999903,0.00042
9,1561.33707,0.999298,0.00042
9,1561.34401,1.000619,0.00042
9,1561.35095,0.999256,0.00042
9,1561.3579,0.999123,0.00042
9,1561.36484,0.999519,0.00042
9,1561.37179,0.999973,0.00042
9,1561.37873,0.999789,0.00042
9,1561.38568,1.000045,0.00042
9,1561.39262,0.999043,0.00042
9,1561.39957,0.999759,0.00042
9,1561.40651,0.999809,0.00042
9,1561.41345,0.999599,0.00042
9,1561.4204,1.000488,0.00042
9,1561.42734,0.999715,0.00042
9,1561.43429,0.999604,0.00042
9,1561.44123,1.000255,0.00042
9,1561.44818,1.000119,0.00042
9,1561.45512,1.000952,0.00042
9,1561.46207,0.999499,0.00042
9,1561.46901,1.000298,0.00042
9,1561.47595,0.999799,0.00042
9,1561.4829,1.000573,0.00042
9,1561.48984,1.001041,0.00042
9,1561.49679,1.000675,0.00042
9,1561.50373,1.000424,0.00042
9,1561.51068,0.999453,0.00042
9,1561.51762,1.001041,0.00042
9,1561.52456,1.000105,0.00042
9,1561.53151,0.999848,0.00042
9,1561.53845,0.999896,0.00042
9,1561.5454,1.000498,0.00042
9,1561.55234,0.999798,0.00042
9,1561.55929,1.000358,0.00042
9,1561.56623,1.00003,0.00042
9,1561.57318,0.9994,0.00042
9,1561.58012,1.00074,0.00042
9,1561.58706,0.999467,0.00042
9,1561.59401,0.999659,0.00042
9,1561.60095,1.000155,0.00042
9,1561.6079,0.999816,0.00042
9,1561.61484,0.999983,0.00042
9,1561.62179,1.000638,0.00042
9,1561.62873,1.000034,0.00042
9,1561.63568,0.999706,0.00042
9,1561.64262,1.000032,0.00042
9,1561.64956,0.999908,0.00042
9,1561.65651,1.000321,0.00042
9,1561.66345,0.999557,0.00042
9,1561.67074,0.999766,0.000469
9,1561.67734,1.000306,0.00042
9,1561.68429,0.999836,0.00042
9,1561.69123,1.000199,0.00042
9,1561.69817,0.999505,0.00042
9,1561.70512,0.999681,0.00042
9,1561.71206,0.999784,0.00042
9,1561.71901,1.000114,0.00042
9,1561.72595,0.999754,0.00042
9,1561.73324,0.999453,0.000469
9,1561.73984,0.999809,0.00042
9,1561.74644,0.999526,0.000469
9,1561.75373,0.999676,0.00042
9,1561.76067,1.000376,0.00042
9,1561.76762,1.00006,0.00042
9,1561.77456,1.000205,0.00042
9,1561.78151,1.000209,0.00042
9,1561.78845,1.0002,0.00042
9,1561.7954,0.9996,0.00042
9,1561.80234,0.999387,0.00042
9,1561.80929,1.000326,0.00042
9,1561.81623,1.000127,0.00042
9,1561.82317,0.999841,0.00042
9,1561.83012,1.000165,0.00042
9,1561.83706,1.001113,0.00042
9,1561.84401,1.000741,0.00042
9,1561.85095,1.00013,0.00042
9,1561.8579,0.999885,0.00042
9,1561.86484,1.000084,0.00042
9,1561.87179,0.999373,0.00042
9,1561.87873,0.999579,0.00042
9,1561.88567,1.000383,0.00042
9,1561.89262,1.000186,0.00042
9,1561.89956,0.999986,0.00042
9,1561.90651,1.000119,0.00042
9,1561.91345,0.999905,0.00042
9,1561.9204,0.999866,0.00042
9,1561.92734,0.999737,0.00042
9,1561.93428,1.000703,0.00042
9,1561.94123,1.000352,0.000469
9,1561.94817,0.99959,0.00042
9,1561.95512,1.000106,0.00042
9,1561.96206,0.999717,0.00042
9,1561.96901,1.000275,0.00042
9,1561.97595,1.000044,0.00042
9,1561.9829,0.999599,0.00042
9,1561.98984,0.999794,0.00042
9,1561.99678,1.000068,0.00042
9,1562.00373,0.999738,0.00042
9,1562.01067,1.000065,0.00042
9,1562.01762,1.000014,0.00042
9,1562.02456,0.99948,0.00042
9,1562.03151,1.000046,0.00042
9,1562.03845,0.999903,0.00042
9,1562.0454,1.000481,0.00042
9,1562.05234,0.999931,0.00042
9,1562.05928,1.000046,0.00042
9,1562.06623,1.00012,0.00042
9,1562.07317,0.999761,0.00042
9,1562.08012,1.000092,0.00042
9,1562.08706,0.999503,0.00042
9,1562.09401,0.99956,0.00042
9,1562.10095,1.000149,0.00042
9,1562.10789,0.999928,0.00042
9,1562.11484,0.999986,0.00042
9,1562.12178,1.000319,0.00042
9,1562.12873,1.000305,0.00042
9,1562.13567,0.999733,0.00042
9,1562.14262,1.000262,0.00042
9,1562.14956,1.000288,0.00042
9,1562.15651,0.999797,0.00042
9,1562.16345,0.999582,0.00042
9,1562.17039,1.000267,0.00042
9,1562.17734,1.000335,0.00042
9,1562.18428,0.999871,0.00042
9,1562.19123,1.000163,0.00042
9,1562.19817,0.999158,0.000419
9,1562.20512,1.000849,0.00042
9,1562.21206,1.000479,0.00042
9,1562.21901,1.00062,0.00042
9,1562.22595,0.999786,0.00042
9,1562.23289,1.000028,0.00042
9,1562.23984,1.000994,0.00042
9,1562.24678,0.999626,0.000419
9,1562.25373,1.000981,0.00042
9,1562.26067,0.999884,0.000419
9,1562.26762,0.99934,0.00042
9,1562.27456,1.00031,0.000419
9,1562.2815,1.000119,0.000419
9,1562.28845,1.000162,0.00042
9,1562.29539,1.000563,0.00042
9,1562.30234,1.000448,0.00042
9,1562.30928,1.000345,0.00042
9,1562.31623,0.999374,0.00042
9,1562.32317,0.999926,0.00042
9,1562.33012,0.999493,0.00042
9,1562.33706,1.000385,0.00042
9,1562.344,1.000085,0.00042
9,1562.35095,1.000368,0.00042
9,1562.35789,1.000207,0.00042
9,1562.36484,0.999732,0.000419
9,1562.37178,0.999676,0.000419
9,1562.37873,0.999816,0.00042
9,1562.38567,1.0001,0.000419
9,1562.39262,0.999202,0.000419
9,1562.39956,0.999619,0.000419
9,1562.4065,1.000455,0.00042
9,1562.41345,1.000097,0.00042
9,1562.42039,1.000151,0.00042
9,1562.42734,0.999939,0.00042
9,1562.43393,0.999259,0.000469
9,1562.44123,1.000696,0.000419
9,1562.44817,1.000067,0.000419
9,1562.45511,1.000452,0.00042
9,1562.46206,0.99996,0.00042
9,1562.469,1.000276,0.00042
9,1562.47595,0.999841,0.00042
9,1562.48289,1.000009,0.00042
9,1562.48984,1.000477,0.00042
9,1562.49678,1.00017,0.000419
9,1562.50373,1.00033,0.00042
9,1562.51067,1.000022,0.00042
9,1562.51761,1.000053,0.00042
9,1562.52491,1.000346,0.000469
9,1562.5315,0.999952,0.00042
9,1562.53845,1.000305,0.00042
9,1562.54539,1.000068,0.00042
9,1562.55234,0.999959,0.00042
9,1562.55928,1.00001,0.000419
9,1562.56623,0.999466,0.00042
9,1562.57317,1.000642,0.00042
9,1562.58011,0.999189,0.000419
9,1562.58706,0.999511,0.000419
9,1562.594,0.999348,0.00042
9,1562.60095,0.999238,0.000419
9,1562.60789,1.000202,0.000419
9,1562.61484,0.999217,0.000419
9,1562.62178,1.000246,0.000419
9,1562.62872,0.99992,0.000419
9,1562.63567,1.000398,0.00042
9,1562.64261,0.999794,0.00042
9,1562.64956,1.000551,0.00042
9,1562.6565,1.000401,0.00042
9,1562.66345,0.999578,0.000419
9,1562.67039,1.000041,0.000419
9,1562.67734,1.00063,0.00042
9,1562.68428,0.999431,0.000419
9,1562.69122,0.999485,0.000419
9,1562.69817,0.999311,0.000419
9,1562.70511,1.000209,0.00042
9,1562.71206,0.999267,0.000419
9,1562.719,1.00031,0.00042
9,1562.72595,0.999524,0.000419
9,1562.73289,1.000573,0.00042
9,1562.73984,0.999879,0.00042
9,1562.74678,1.000229,0.000419
9,1562.75372,1.000061,0.00042
9,1562.76067,0.999451,0.000419
9,1562.76761,1.000103,0.00042
9,1562.77456,1.000124,0.00042
9,1562.7815,0.99989,0.000419
9,1562.78845,0.999718,0.000419
9,1562.79539,1.000556,0.00042
9,1562.80233,0.999799,0.000419
9,1562.80928,1.000237,0.000419
9,1562.81622,0.999612,0.00042
9,1562.82317,1.000003,0.00042
9,1562.83011,1.00048,0.000419
9,1562.83706,1.00021,0.00042
9,1562.844,1.000284,0.000419
9,1562.85095,0.999891,0.000419
9,1562.85789,0.99969,0.000419
9,1562.86483,0.9995,0.000419
9,1562.87178,1.000074,0.000419
9,1562.87872,1.000257,0.00042
9,1562.88567,1.000271,0.000419
9,1562.89261,1.000226,0.00042
9,1562.89956,1.000502,0.00042
9,1562.9065,0.999678,0.000419
9,1562.91345,0.999858,0.00042
9,1562.9197,0.999167,0.000469
9,1562.92733,0.999653,0.00042
9,1562.93428,1.00024,0.000419
9,1562.94122,1.000038,0.00042
9,1562.94817,0.999952,0.00042
9,1562.95511,0.999971,0.000419
9,1562.96206,0.999994,0.00042
9,1562.969,1.000911,0.00042
9,1562.9756,1.000647,0.000469
9,1562.98289,0.999986,0.000419
9,1562.98983,0.999753,0.000419
9,1562.99678,0.999515,0.000419
9,1563.00372,0.999695,0.000419
9,1563.01067,1.000609,0.00042
9,1563.01761,1.000628,0.00042
9,1563.02386,1.001134,0.000469
9,1563.03914,1.000075,0.000469
9,1563.04539,0.999618,0.00042
9,1563.05233,0.999922,0.00042
9,1563.05928,1.000121,0.000419
9,1563.06622,0.999892,0.00042
9,1563.07317,0.999657,0.000419
9,1563.08011,1.000061,0.000419
9,1563.08705,1.000255,0.00042
9,1563.094,1.000385,0.00042
9,1563.10094,1.00045,0.00042
9,1563.10789,1.000203,0.00042
9,1563.11483,1.00022,0.00042
9,1563.12178,0.999749,0.00042
9,1563.12872,1.000039,0.00042
9,1563.13567,0.999775,0.000419
9,1563.14261,1.000346,0.00042
9,1563.14955,0.999799,0.000419
9,1563.1565,0.999964,0.000419
9,1563.16344,0.999199,0.000419
9,1563.17039,1.000612,0.00042
9,1563.17733,1.000238,0.00042
9,1563.18428,0.999522,0.000419
9,1563.19122,0.999912,0.00042
9,1563.19817,1.000258,0.00042
9,1563.20511,0.999247,0.000419
9,1563.21205,0.999656,0.000419
9,1563.219,0.998958,0.000419
9,1563.22594,0.999807,0.000419
9,1563.23289,0.999836,0.00042
9,1563.23983,1.000065,0.000419
9,1563.24678,1.000514,0.00042
9,1563.25372,0.999618,0.00042
9,1563.26066,0.999866,0.00042
9,1563.26761,0.999834,0.00042
9,1563.27455,0.999416,0.000419
9,1563.2815,1.000033,0.00042
9,1563.28844,0.999785,0.000419
9,1563.29539,0.999559,0.000419
9,1563.30233,1.000661,0.00042
9,1563.30928,0.999859,0.000419
9,1563.31622,1.000255,0.00042
9,1563.32316,1.0005,0.00042
9,1563.33011,1.000176,0.000419
9,1563.33705,1.000034,0.00042
9,1563.344,1.000337,0.000419
9,1563.35094,1.000193,0.00042
9,1563.35789,1.000464,0.00042
9,1563.36483,1.000543,0.000419
9,1563.37177,1.000717,0.00042
9,1563.37872,1.000352,0.00042
9,1563.38566,1.000166,0.00042
9,1563.39261,1.000312,0.00042
9,1563.39955,0.999441,0.000419
9,1563.4065,0.99995,0.00042
9,1563.41344,0.999566,0.000419
9,1563.42039,1.001116,0.00042
9,1563.42733,1.000556,0.00042
9,1563.43427,1.000136,0.000419
9,1563.44122,0.999977,0.00042
9,1563.44816,1.00017,0.00042
9,1563.45511,0.999836,0.00042
9,1563.46205,0.999072,0.000419
9,1563.469,1.000282,0.000469
9,1563.47525,0.999707,0.000469
9,1563.48289,0.999931,0.000419
9,1563.48983,0.999762,0.00042
9,1563.49677,1.000066,0.000419
9,1563.50372,0.999532,0.00042
9,1563.51066,1.000745,0.00042
9,1563.51761,1.00002,0.00042
9,1563.52455,1.000129,0.000419
9,1563.5315,1.000271,0.00042
9,1563.53844,1.000208,0.00042
9,1563.54538,0.999878,0.000419
9,1563.55233,0.999556,0.000419
9,1563.55927,0.999949,0.00042
9,1563.56622,0.998761,0.000419
9,1563.57316,1.000168,0.000419
9,1563.58011,0.999682,0.000419
9,1563.58636,0.999752,0.000469
9,1563.594,1.000512,0.00042
9,1563.60094,1.000867,0.00042
9,1563.60788,0.999719,0.000419
9,1563.61483,0.999963,0.000419
9,1563.62177,0.999777,0.000419
9,1563.62872,1.000029,0.000419
9,1563.63566,1.000805,0.00042
9,1563.6433,1.000777,0.000469
9,1563.64955,0.999583,0.00042
9,1563.65649,1.000646,0.00042
9,1563.66344,0.99955,0.000419
9,1563.67038,0.999436,0.000419
9,1563.67733,0.999903,0.000419
9,1563.68427,0.999623,0.000419
9,1563.69122,0.999786,0.00042
9,1563.69816,0.999525,0.000419
9,1563.70511,0.999252,0.000419
9,1563.71205,0.999069,0.000419
9,1563.71899,0.999485,0.000419
9,1563.72594,1.000115,0.000419
9,1563.73288,0.999839,0.00042
9,1563.73983,1.00029,0.000419
9,1563.74677,0.999992,0.00042
9,1563.75372,0.999957,0.00042
9,1563.76066,0.999433,0.000419
9,1563.7676,0.999963,0.00042
9,1563.77455,0.99995,0.00042
9,1563.78149,1.000648,0.00042
9,1563.78844,1.000155,0.00042
9,1563.79538,1.000012,0.000419
9,1563.80233,1.000304,0.00042
9,1563.80927,1.000655,0.00042
9,1563.81622,0.999287,0.000419
9,1563.82316,1.000397,0.00042
9,1563.83045,1.000585,0.000469
9,1563.83705,0.999757,0.000419
9,1563.84399,1.000225,0.00042
9,1563.85094,0.999567,0.000419
9,1563.85788,1.000364,0.00042
9,1563.86483,1.000149,0.00042
9,1563.87177,1.000285,0.00042
9,1563.87872,1.00052,0.00042
9,1563.88566,1.000269,0.00042
9,1563.8926,0.999146,0.000419
9,1563.89955,0.99997,0.000419
9,1563.90649,1.000536,0.000419
9,1563.91344,1.00064,0.00042
9,1563.92038,0.99945,0.00042
9,1563.92733,0.999741,0.000419
9,1563.93427,1.000534,0.00042
9,1563.94121,1.000243,0.00042
9,1563.94816,1.000366,0.00042
9,1563.9551,1.000038,0.000419
9,1563.96205,0.999785,0.00042
9,1563.96899,0.999836,0.00042
9,1563.97594,1.000244,0.000419
9,1563.98288,0.99991,0.00042
9,1563.98983,1.000706,0.00042
9,1563.99677,0.999556,0.00042
9,1564.00371,0.999374,0.000419
9,1564.01066,0.999052,0.000419
9,1564.0176,1.000156,0.00042
9,1564.02455,0.999706,0.00042
9,1564.03149,1.00013,0.000419
9,1564.03844,0.99976,0.00042
9,1564.04538,0.999821,0.00042
9,1564.05232,0.999529,0.000419
9,1564.05927,1.000657,0.00042
9,1564.06621,1.000258,0.00042
9,1564.07316,0.99989,0.00042
9,1564.0801,0.999772,0.00042
9,1564.08705,0.999134,0.000419
9,1564.09399,1.000397,0.00042
9,1564.10094,1.000302,0.00042
9,1564.10788,1.000345,0.00042
9,1564.11482,1.000615,0.00042
9,1564.12177,1.000168,0.000419
9,1564.12871,0.99979,0.000419
9,1564.13566,1.000677,0.00042
9,1564.1426,1.000038,0.000419
9,1564.14955,0.999815,0.000419
9,1564.15649,1.000171,0.000419
9,1564.16343,1.000162,0.000419
9,1564.17038,1.000454,0.00042
9,1564.17732,0.999997,0.00042
9,1564.18427,1.000038,0.00042
9,1564.19121,0.999966,0.000419
9,1564.19816,0.998599,0.000419
9,1564.2051,1.000268,0.000419
9,1564.21205,0.999903,0.000419
9,1564.21899,1.000314,0.00042
9,1564.22593,1.000316,0.00042
9,1564.23288,1.000518,0.00042
9,1564.23982,1.000052,0.000419
9,1564.24677,0.999621,0.000419
9,1564.25371,0.999804,0.000419
9,1564.26066,1.000383,0.00042
9,1564.2676,0.999713,0.000419
9,1564.27454,0.999971,0.000419
9,1564.28149,1.000258,0.00042
9,1564.28843,1.000043,0.000419
9,1564.29538,1.00035,0.00042
9,1564.30232,0.999744,0.00042
9,1564.30927,1.000485,0.000419
9,1564.31621,1.000016,0.00042
9,1564.32316,0.999797,0.000419
9,1564.3301,1.000037,0.000419
9,1564.33704,0.999189,0.00042
9,1564.34399,0.999459,0.00042
9,1564.35093,1.000505,0.000419
9,1564.35788,0.999937,0.000419
9,1564.36482,1.000249,0.00042
9,1564.37177,0.999578,0.00042
9,1564.37871,0.999861,0.000419
9,1564.38565,1.000237,0.00042
9,1564.3926,1.000033,0.000419
9,1564.39954,1.000045,0.000419
9,1564.40649,1.000213,0.00042
9,1564.41343,1.000065,0.000419
9,1564.42038,0.999332,0.000419
9,1564.42732,1.000326,0.00042
9,1564.43427,1.001012,0.00042
9,1564.44121,0.999621,0.000419
9,1564.44815,1.000176,0.00042
9,1564.4551,0.999787,0.00042
9,1564.46204,1.00016,0.00042
9,1564.46899,1.000068,0.000419
9,1564.47593,0.999739,0.000419
9,1564.48288,0.999687,0.000419
9,1564.48982,1.000405,0.000419
9,1564.49676,0.99996,0.000419
9,1564.50371,1.000589,0.00042
9,1564.51065,0.999387,0.000419
9,1564.5176,0.999944,0.000419
9,1564.52454,0.999868,0.000419
9,1564.53149,0.999703,0.000419
9,1564.53843,0.999956,0.000419
9,1564.54538,1.000015,0.00042
9,1564.55232,0.999822,0.000419
9,1564.55926,0.99989,0.000419
9,1564.56621,1.000136,0.00042
9,1564.57315,0.99953,0.000419
9,1564.5801,0.999961,0.00042
9,1564.58704,0.999876,0.000419
9,1564.59399,1.000108,0.000419
9,1564.60093,1.000205,0.00042
9,1564.60787,0.99976,0.00042
9,1564.61482,0.999614,0.000419
9,1564.62176,0.999878,0.000419
9,1564.62871,0.999657,0.000419
9,1564.63565,0.999973,0.00042
9,1564.6426,1.000153,0.00042
9,1564.64954,1.000523,0.00042
9,1564.65649,0.999884,0.000419
9,1564.66343,1.000254,0.00042
9,1564.67037,0.999696,0.000419
9,1564.67732,0.999516,0.000419
9,1564.68426,1.000376,0.00042
9,1564.69121,1.000598,0.000419
9,1564.69815,1.000349,0.00042
9,1564.7051,1.000299,0.00042
9,1564.71204,1.000406,0.000419
9,1564.71898,1.000413,0.000419
9,1564.72593,0.999877,0.000419
9,1564.73287,0.999982,0.00042
9,1564.73982,1.000437,0.00042
9,1564.74676,0.999857,0.000419
9,1564.75371,1.000103,0.000419
9,1564.76065,0.999998,0.000419
9,1564.7676,0.999593,0.000419
9,1564.77454,0.999371,0.000419
9,1564.78148,1.000659,0.000419
9,1564.78843,1.000189,0.00042
9,1564.79537,1.000405,0.000419
9,1564.80232,0.999517,0.000419
9,1564.80926,0.999963,0.000419
9,1564.81621,0.999957,0.000419
9,1564.82315,1.000376,0.00042
9,1564.83009,0.9998,0.000419
9,1564.83704,0.999996,0.000419
9,1564.84398,0.999497,0.000419
9,1564.85093,1.000131,0.000419
9,1564.85787,0.99968,0.00042
9,1564.86482,1.000157,0.000419
9,1564.87211,0.999748,0.000469
9,1564.87871,0.99923,0.000419
9,1564.88565,1.000362,0.00042
9,1564.89259,0.999918,0.000419
9,1564.89954,0.999732,0.000419
9,1564.90648,1.000238,0.000419
9,1564.91343,1.000213,0.000419
9,1564.92037,0.999721,0.000419
9,1564.92732,0.999678,0.000419
9,1564.93426,1.000497,0.000419
9,1564.9412,0.999888,0.000419
9,1564.94815,0.999593,0.000419
9,1564.95509,1.000473,0.000419
9,1564.96204,1.000076,0.000419
9,1564.96898,0.999619,0.000419
9,1564.97593,0.999306,0.000419
9,1564.98287,1.000659,0.00042
9,1564.98982,0.998666,0.000419
9,1564.99676,1.000575,0.000419
9,1565.0037,1.000051,0.000419
9,1565.01065,1.000573,0.00042
9,1565.01759,0.999513,0.000419
9,1565.02454,1.000132,0.00042
9,1565.03148,0.999411,0.000419
9,1565.03843,0.999762,0.000419
9,1565.04537,1.000123,0.00042
9,1565.05231,1.000596,0.000419
9,1565.05926,0.999833,0.000419
9,1565.0662,0.999536,0.000419
9,1565.07315,0.999758,0.000419
9,1565.08009,0.99999,0.000419
9,1565.08704,0.999471,0.000419
9,1565.09398,1.000089,0.000419
9,1565.10093,1.000597,0.000419
9,1565.10787,0.99977,0.000419
9,1565.11481,1.000123,0.000419
9,1565.12176,0.999881,0.000419
9,1565.1287,1.00086,0.00042
9,1565.13565,0.99957,0.000419
9,1565.14259,1.000168,0.000469
9,1565.14954,1.000272,0.000419
9,1565.15648,0.999963,0.000469
9,1565.16342,0.999502,0.00042
9,1565.17037,0.99964,0.000419
9,1565.17731,0.999935,0.000419
9,1565.18426,0.999892,0.000419
9,1565.1912,0.999907,0.000419
9,1565.19815,1.000196,0.000419
9,1565.20509,1.000444,0.000419
9,1565.21203,1.000594,0.000419
9,1565.21898,0.999812,0.000419
9,1565.22592,1.000398,0.000419
9,1565.23287,1.000688,0.00042
9,1565.23981,1.000141,0.000419
9,1565.24676,1.000426,0.000419
9,1565.25463,1.000892,0.000542
9,1565.26065,1.000381,0.000419
9,1565.26759,0.999548,0.000419
9,1565.27453,1.000299,0.000419
9,1565.28148,1.000205,0.000419
9,1565.28842,0.999801,0.00042
9,1565.29537,0.999488,0.000419
9,1565.30231,1.000513,0.00042
9,1565.30926,1.000205,0.000419
9,1565.3162,1.000098,0.000419
9,1565.32314,0.999711,0.000419
9,1565.33009,1.000145,0.00042
9,1565.33703,0.999786,0.000419
9,1565.34398,0.999982,0.000419
9,1565.35092,0.999897,0.000419
9,1565.35787,0.999894,0.000419
9,1565.36481,0.99999,0.000419
9,1565.37176,0.999553,0.000419
9,1565.3787,1.000473,0.000419
9,1565.38564,1.000377,0.000419
9,1565.39259,0.999536,0.000419
9,1565.39953,0.999976,0.000419
9,1565.40648,1.000414,0.000419
9,1565.41342,0.999527,0.000419
9,1565.42037,0.999959,0.000419
9,1565.42731,0.999759,0.000419
9,1565.43425,1.000725,0.000419
9,1565.4412,1.000128,0.000419
9,1565.44814,0.99963,0.000419
9,1565.45509,0.999279,0.000419
9,1565.46203,1.000598,0.000419
9,1565.46898,0.999613,0.000419
9,1565.47592,0.999539,0.000419
9,1565.48287,1.00053,0.000419
9,1565.48981,1.000696,0.00042
9,1565.49675,0.999859,0.00042
9,1565.5037,1.000527,0.000419
9,1565.51064,1.000154,0.000419
9,1565.51759,0.999726,0.000419
9,1565.52453,0.999826,0.000419
9,1565.53148,0.999493,0.000419
9,1565.53842,0.999082,0.000419
9,1565.54536,1.000217,0.000419
9,1565.55231,0.999928,0.000419
9,1565.55925,1.00075,0.00042
9,1565.5662,1.000331,0.000419
9,1565.57314,0.99944,0.000419
9,1565.58009,1.000332,0.00042
9,1565.58703,0.99984,0.00042
9,1565.59397,0.999697,0.000419
9,1565.60092,0.99973,0.000419
9,1565.60786,1.000483,0.000419
9,1565.61481,0.999808,0.000419
9,1565.62106,1.000034,0.000469
9,1565.6287,1.000205,0.00042
9,1565.63564,1.000639,0.000419
9,1565.64259,1.000384,0.000419
9,1565.64953,0.999991,0.000419
9,1565.65647,0.99976,0.000419
9,1565.66342,0.999561,0.000419
9,1565.67036,1.00033,0.000419
9,1565.67731,1.000142,0.000419
9,1565.68425,1.000514,0.000419
9,1565.6912,0.999644,0.000419
9,1565.69814,0.999421,0.000419
9,1565.70508,0.999849,0.000419
9,1565.71203,1.000702,0.000419
9,1565.71897,1.00004,0.000419
9,1565.72592,1.000456,0.000419
9,1565.73286,0.999908,0.000419
9,1565.73981,1.000709,0.000419
9,1565.74675,1.000481,0.000419
9,1565.7537,0.999508,0.000419
9,1565.76064,1.000455,0.000419
9,1565.76758,1.00008,0.000419
9,1565.77453,0.99929,0.000419
9,1565.78147,0.999246,0.000419
9,1565.78842,1.00015,0.00042
9,1565.79536,0.999953,0.000419
9,1565.80231,0.999788,0.000419
9,1565.80925,1.000402,0.000419
9,1565.81619,1.000083,0.000419
9,1565.82314,0.999718,0.000419
9,1565.83008,0.99985,0.000419
9,1565.83703,0.999796,0.00042
9,1565.84397,1.000121,0.000419
9,1565.85092,0.999866,0.000419
9,1565.85786,0.999983,0.000419
9,1565.8648,0.999243,0.000419
9,1565.87175,1.000314,0.000419
9,1565.87869,0.999932,0.000419
9,1565.88564,0.999691,0.000419
9,1565.89258,0.999478,0.000419
9,1565.89953,0.999539,0.000419
9,1565.90647,0.999754,0.000419
9,1565.91342,0.999903,0.00042
9,1565.92036,1.0004,0.000419
9,1565.9273,1.000445,0.00042
9,1565.93425,1.000945,0.00042
9,1565.94119,1.000625,0.000419
9,1565.94814,0.999975,0.000419
9,1565.95508,1.000018,0.000419
9,1565.96203,0.999753,0.00042
9,1565.96897,1.00006,0.00042
9,1565.97591,0.999537,0.00042
9,1565.98216,1.000431,0.000469
9,1565.9898,1.000028,0.000419
9,1565.99675,1.000073,0.000419
9,1566.00369,1.00006,0.000419
9,1566.01064,0.999767,0.000419
9,1566.01758,1.00013,0.000419
9,1566.02453,0.999716,0.000419
9,1566.03147,0.999829,0.000419
9,1566.03841,0.99997,0.000419
9,1566.04536,1.000169,0.00042
9,1566.0523,0.999413,0.000419
9,1566.05959,0.999753,0.000469
9,1566.06619,1.000273,0.000419
9,1566.07314,1.000232,0.000419
9,1566.08008,0.99983,0.000419
9,1566.08702,0.999088,0.000419
9,1566.09397,1.000631,0.000419
9,1566.10091,1.000457,0.000419
9,1566.10786,0.999509,0.000419
9,1566.1148,1.000192,0.000419
9,1566.12175,1.00063,0.000419
9,1566.12869,0.99998,0.000419
9,1566.13563,0.999576,0.000419
9,1566.14258,0.999283,0.000419
9,1566.14883,1.00029,0.000469
9,1566.16411,1.000079,0.000469
9,1566.17036,1.000469,0.00042
9,1566.1773,0.999499,0.000419
9,1566.18425,1.000121,0.000419
9,1566.19119,0.999956,0.000419
9,1566.19813,0.999895,0.000419
9,1566.20508,1.000111,0.00042
9,1566.21202,0.999701,0.000419
9,1566.21897,1.000166,0.000419
9,1566.22591,0.999443,0.000419
9,1566.23286,1.000417,0.000419
9,1566.2398,1.000076,0.000419
9,1566.24674,1.000151,0.000419
9,1566.25369,0.999845,0.000419
9,1566.26063,1.000215,0.000419
9,1566.26758,1.000389,0.000419
9,1566.27452,0.999907,0.000419
9,1566.28147,1.000793,0.00042
9,1566.28841,1.000185,0.00042
9,1566.29535,1.000798,0.00042
9,1566.3023,1.000601,0.000419
9,1566.30924,1.000778,0.000419
9,1566.31619,1.000117,0.00042
9,1566.32313,1.00006,0.000419
9,1566.33008,0.999924,0.00042
9,1566.33702,0.999595,0.000419
9,1566.34397,1.000065,0.00042
9,1566.35091,0.999388,0.000419
9,1566.35785,1.000449,0.00042
9,1566.3648,0.999857,0.00042
9,1566.37174,0.999965,0.000419
9,1566.37869,1.000776,0.000419
9,1566.38563,1.000078,0.000419
9,1566.39258,0.999336,0.000419
9,1566.39952,1.000063,0.00042
9,1566.40646,1.000076,0.000419
9,1566.41341,1.00026,0.000419
9,1566.42035,0.999203,0.000419
9,1566.4273,0.999484,0.000419
9,1566.43424,1.000389,0.000419
9,1566.44153,0.999713,0.000469
9,1566.44813,0.999931,0.000419
9,1566.45507,0.999188,0.000419
9,1566.46202,0.999982,0.000419
9,1566.46896,0.999347,0.000419
9,1566.47625,1.000301,0.000469
9,1566.48285,0.999696,0.000419
9,1566.4898,1.000803,0.00042
9,1566.49674,1.00035,0.000419
9,1566.50369,1.000091,0.000419
9,1566.51063,1.000433,0.000419
9,1566.51757,1.000115,0.000419
9,1566.52452,0.999576,0.000419
9,1566.53146,0.999826,0.000419
9,1566.53841,0.999333,0.000419
9,1566.54535,0.999759,0.000419
9,1566.5523,0.999772,0.000419
9,1566.55924,0.999304,0.000419
9,1566.56618,0.999689,0.000419
9,1566.57313,0.999024,0.000419
9,1566.58007,0.999451,0.000419
9,1566.58702,0.99973,0.000419
9,1566.59396,0.998589,0.000419
9,1566.60091,0.999649,0.00042
9,1566.60785,0.999158,0.000419
9,1566.61479,0.999431,0.000419
9,1566.62174,1.000358,0.000419
9,1566.62868,0.999746,0.000419
9,1566.63563,1.000513,0.000419
9,1566.64257,1.000828,0.000419
9,1566.64952,1.000084,0.000419
9,1566.65646,1.00001,0.000419
9,1566.66341,1.000711,0.00042
9,1566.67035,1.00058,0.000419
9,1566.67729,0.999974,0.00042
9,1566.68424,1.000414,0.000419
9,1566.69118,1.000515,0.00042
9,1566.69813,1.000138,0.000419
9,1566.70507,1.000173,0.000419
9,1566.71202,0.999865,0.000419
9,1566.71896,1.000121,0.00042
9,1566.7259,1.000428,0.00042
9,1566.73285,1.000109,0.000419
9,1566.73979,1.000091,0.000419
9,1566.74674,1.000127,0.000419
9,1566.75368,1.000152,0.00042
9,1566.76063,1.000073,0.00042
9,1566.76757,0.999703,0.000419
9,1566.77451,1.000197,0.000419
9,1566.78146,0.999605,0.000419
9,1566.7884,1.000204,0.000419
9,1566.79535,1.000606,0.000419
9,1566.80229,1.000054,0.00042
9,1566.80924,1.000429,0.000419
9,1566.81618,0.999979,0.00042
9,1566.82312,0.999943,0.00042
9,1566.83007,1.000284,0.00042
9,1566.83701,1.000191,0.000419
9,1566.84396,1.00096,0.000419
9,1566.8509,1.000055,0.00042
9,1566.85785,1.000311,0.000419
9,1566.86479,1.000413,0.000419
9,1566.87174,1.000267,0.00042
9,1566.87868,0.999553,0.000419
9,1566.88562,0.999521,0.000419
9,1566.89257,1.000108,0.000419
9,1566.89951,1.000072,0.000419
9,1566.90646,0.99906,0.000419
9,1566.9134,0.999848,0.000419
9,1566.92035,0.998908,0.000419
9,1566.92729,1.000197,0.000419
9,1566.93423,1.000123,0.00042
9,1566.94118,0.999572,0.000419
9,1566.94812,0.999846,0.000419
9,1566.95507,0.999614,0.000419
9,1566.96201,0.999887,0.000419
9,1566.96896,1.000339,0.000419
9,1566.9759,0.999979,0.000419
9,1566.98284,0.999599,0.000419
9,1566.98979,1.000102,0.000419
9,1566.99673,0.999996,0.00042
9,1567.00368,1.00021,0.00042
9,1567.01062,0.999896,0.000419
9,1567.01757,1.000338,0.00042
9,1567.02451,1.000374,0.00042
9,1567.03146,0.999495,0.000419
9,1567.0384,1.000376,0.000469
9,1567.04534,0.999867,0.00042
9,1567.05229,1.000045,0.00042
9,1567.05923,1.000181,0.000419
9,1567.06618,0.99936,0.000419
9,1567.07312,0.999037,0.000419
9,1567.08007,0.999945,0.000419
9,1567.08701,0.999703,0.000419
9,1567.09395,1.000206,0.00042
9,1567.1009,0.999818,0.000419
9,1567.10784,1.000163,0.00042
9,1567.11479,0.999831,0.000419
9,1567.12173,1.000862,0.00042
9,1567.12868,1.000402,0.00042
9,1567.13562,1.000102,0.000419
9,1567.14256,0.999735,0.000419
9,1567.14916,1.000371,0.000469
9,1567.15645,0.999442,0.000419
9,1567.1634,0.999305,0.00042
9,1567.17034,0.999961,0.00042
9,1567.17729,0.999922,0.000419
9,1567.18423,0.999903,0.000419
9,1567.19117,0.999652,0.000419
9,1567.19812,0.999292,0.000419
9,1567.20506,1.000043,0.00042
9,1567.21201,0.999712,0.000419
9,1567.21895,1.000048,0.000419
9,1567.2259,1.000384,0.000419
9,1567.23284,1.000319,0.000419
9,1567.23979,1.000782,0.00042
9,1567.24673,0.999807,0.000419
9,1567.25437,1.000067,0.000383
9,1567.26201,0.999748,0.000419
9,1567.26895,0.99962,0.000419
9,1567.2759,1.000236,0.00042
9,1567.28284,1.000283,0.00042
9,1567.28978,0.999455,0.000419
9,1567.29673,1.000082,0.000419
9,1567.30367,1.000227,0.000419
9,1567.31062,1.00135,0.00042
9,1567.31756,1.000248,0.00042
9,1567.32451,1.000087,0.00042
9,1567.33145,1.000164,0.00042
9,1567.33839,0.999594,0.000419
9,1567.34534,1.000413,0.00042
9,1567.35228,1.000502,0.00042
9,1567.35923,0.999599,0.00042
9,1567.36617,0.999721,0.000419
9,1567.37312,0.999646,0.00042
9,1567.38006,1.000352,0.00042
9,1567.387,1.00028,0.00042
9,1567.39395,0.999967,0.000419
9,1567.40089,0.999389,0.000419
9,1567.40784,1.000444,0.00042
9,1567.41478,0.999862,0.00042
9,1567.42173,1.000192,0.000419
9,1567.42867,1.000703,0.00042
9,1567.43562,0.999642,0.000419
9,1567.44256,0.999336,0.000419
9,1567.4495,0.999995,0.00042
9,1567.45645,0.999611,0.000419
9,1567.46339,0.999868,0.00042
9,1567.47034,1.000269,0.00042
9,1567.47728,1.00023,0.000419
9,1567.48423,0.999712,0.000419
9,1567.49117,1.001081,0.00042
9,1567.49811,0.999787,0.00042
9,1567.50506,1.000308,0.000419
9,1567.512,1.00024,0.00042
9,1567.51895,1.000144,0.00042
9,1567.52589,0.999678,0.000419
9,1567.53284,0.999916,0.00042
9,1567.53978,0.999764,0.000419
9,1567.54672,0.999516,0.00042
9,1567.55367,1.000557,0.00042
9,1567.56061,1.000025,0.00042
9,1567.56756,0.999721,0.000419
9,1567.5745,0.999509,0.00042
9,1567.58145,1.000659,0.00042
9,1567.58839,1.000922,0.00042
9,1567.59533,1.000687,0.00042
9,1567.60228,0.999952,0.00042
9,1567.60922,1.00012,0.00042
9,1567.61617,1.000287,0.00042
9,1567.62311,1.000492,0.00042
9,1567.63006,1.000951,0.00042
9,1567.637,1.000135,0.000419
9,1567.64394,0.999313,0.000419
9,1567.65089,1.000445,0.00042
9,1567.65783,0.999909,0.000419
9,1567.66478,0.999607,0.00042
9,1567.67172,0.999743,0.00042
9,1567.67867,0.99939,0.000419
9,1567.68561,1.000323,0.00042
9,1567.69256,1.000214,0.00042
9,1567.6995,0.999298,0.000419
9,1567.70644,0.999636,0.000419
9,1567.71339,1.000171,0.00042
9,1567.72033,1.000407,0.00042
9,1567.72728,1.000153,0.000419
9,1567.73422,1.00074,0.00042
9,1567.74117,0.999552,0.000419
9,1567.74811,1.000271,0.00042
9,1567.75505,1.000002,0.00042
9,1567.762,1.000273,0.00042
9,1567.76894,0.99937,0.00042
9,1567.77589,1.000369,0.00042
9,1567.78283,1.00017,0.00042
9,1567.78978,0.999959,0.00042
9,1567.79672,0.999855,0.00042
9,1567.80366,0.999499,0.00042
9,1567.81061,1.000058,0.00042
9,1567.81755,0.999892,0.00042
9,1567.8245,1.000337,0.00042
9,1567.83144,0.999672,0.00042
9,1567.83839,0.999132,0.00042
9,1567.84533,0.999401,0.00042
9,1567.85227,1.000106,0.00042
9,1567.85922,1.000381,0.00042
9,1567.86616,0.999546,0.00042
9,1567.87311,0.999851,0.00042
9,1567.88005,0.999386,0.00042
9,1567.887,0.999717,0.00042
9,1567.89394,1.000327,0.00042
9,1567.90088,0.999886,0.00042
9,1567.90783,0.999655,0.00042
9,1567.91477,0.999591,0.00042
9,1567.92172,0.999628,0.00042
9,1567.92866,1.0,0.00042
9,1567.93561,0.999824,0.000419
9,1567.94255,0.999516,0.00042
9,1567.94949,0.999593,0.000419
9,1567.95644,1.00059,0.00042
9,1567.96338,1.000233,0.00042
9,1567.97033,1.00056,0.00042
9,1567.97727,0.999807,0.00042
9,1567.98422,1.000813,0.00042
9,1567.99116,0.999971,0.00042
9,1567.9981,1.00021,0.00042
9,1568.00505,1.00032,0.00042
9,1568.01199,0.999408,0.000419
9,1568.01894,0.999635,0.00042
9,1568.02588,0.999715,0.00042
9,1568.03317,1.000432,0.000469
9,1568.03977,1.000603,0.00042
9,1568.04671,1.000096,0.00042
9,1568.05366,1.000406,0.00042
9,1568.0606,1.000429,0.00042
9,1568.06755,1.000433,0.00042
9,1568.07449,1.000035,0.00042
9,1568.08144,0.999104,0.000419
9,1568.08838,0.999745,0.00042
9,1568.09533,0.999606,0.00042
9,1568.10227,1.000057,0.00042
9,1568.10921,0.999374,0.000419
9,1568.11616,0.999382,0.00042
9,1568.1231,0.999825,0.00042
9,1568.13005,1.000571,0.00042
9,1568.13699,1.000074,0.00042
9,1568.14428,1.000506,0.000469
9,1568.15088,1.000136,0.00042
9,1568.15782,0.999998,0.00042
9,1568.16477,0.999762,0.00042
9,1568.17171,1.000297,0.00042
9,1568.17866,1.000137,0.00042
9,1568.1856,1.000269,0.00042
9,1568.19255,0.999867,0.00042
9,1568.19949,0.999596,0.00042
9,1568.20643,0.999322,0.00042
9,1568.21338,0.999908,0.00042
9,1568.22032,0.999588,0.00042
9,1568.22727,1.00003,0.00042
9,1568.23421,0.999905,0.00042
9,1568.24116,1.000464,0.00042
9,1568.2481,1.00007,0.00042
9,1568.25504,1.000112,0.00042
9,1568.26199,1.000288,0.00042
9,1568.26893,1.000307,0.00042
9,1568.27588,1.000026,0.00042
9,1568.28282,0.999851,0.00042
9,1568.28977,0.999849,0.00042
9,1568.29671,0.999657,0.00042
9,1568.30365,1.000293,0.00042
9,1568.3106,1.000066,0.00042
9,1568.31754,1.000133,0.00042
9,1568.32449,1.000465,0.00042
9,1568.33143,0.999669,0.00042
9,1568.33838,1.000094,0.00042
9,1568.34532,0.999867,0.00042
9,1568.35226,0.999965,0.00042
9,1568.35921,1.00015,0.00042
9,1568.36615,1.000158,0.00042
9,1568.3731,1.00031,0.00042
9,1568.37726,1.000345,0.000939
62,2989.7902,1.000054,0.000449
62,2989.79715,0.999282,0.000448
62,2989.80409,0.99988,0.000448
62,2989.81104,1.000289,0.000447
62,2989.81798,0.999622,0.000446
62,2989.82493,1.000344,0.000446
62,2989.83187,0.999816,0.000445
62,2989.83882,1.000126,0.000444
62,2989.84576,0.999751,0.000444
62,2989.85271,0.999509,0.000443
62,2989.85965,0.999589,0.000442
62,2989.8666,0.999946,0.000442
62,2989.87354,1.000043,0.000441
62,2989.88048,0.999187,0.00044
62,2989.88743,0.999923,0.00044
62,2989.89437,1.000063,0.000439
62,2989.90132,1.000074,0.000438
62,2989.90826,1.000275,0.000438
62,2989.91521,1.000737,0.000437
62,2989.92215,1.000406,0.000437
62,2989.9291,1.00033,0.000436
62,2989.93604,1.00004,0.000435
62,2989.94299,1.000567,0.000435
62,2989.94993,0.999679,0.000434
62,2989.95688,1.000076,0.000433
62,2989.96382,1.00032,0.000433
62,2989.97077,0.999774,0.000432
62,2989.97771,1.000781,0.000432
62,2989.98465,0.999969,0.000431
62,2989.9916,0.999535,0.000431
62,2989.99854,1.000194,0.00043
62,2990.00549,1.000082,0.00043
62,2990.01243,0.99969,0.00043
62,2990.01938,0.999876,0.000429
62,2990.02632,1.000287,0.000429
62,2990.03327,1.000471,0.000428
62,2990.04021,1.000311,0.000428
62,2990.04716,1.000174,0.000428
62,2990.0541,1.000309,0.000427
62,2990.06105,0.999651,0.000427
62,2990.06799,1.000087,0.000427
62,2990.07494,1.000337,0.000427
62,2990.08188,0.999665,0.000426
62,2990.08882,1.000343,0.000426
62,2990.09577,0.999861,0.000426
62,2990.10271,0.999632,0.000426
62,2990.10966,1.000453,0.000425
62,2990.1166,1.000004,0.000425
62,2990.12355,1.000042,0.000425
62,2990.13049,0.999463,0.000425
62,2990.13744,1.000065,0.000425
62,2990.14438,0.999814,0.000425
62,2990.15133,1.00026,0.000425
62,2990.15827,0.999541,0.000425
62,2990.16522,0.999725,0.000425
62,2990.17216,0.999614,0.000424
62,2990.17911,0.999223,0.000425
62,2990.18605,0.999992,0.000425
62,2990.19299,0.999935,0.000425
62,2990.19994,0.999854,0.000425
62,2990.20688,0.999149,0.000424
62,2990.21383,1.000136,0.000425
62,2990.22077,1.000398,0.000425
62,2990.22772,1.000209,0.000425
62,2990.23466,0.999612,0.000425
62,2990.24161,1.000032,0.000425
62,2990.24855,0.999699,0.000425
62,2990.2555,0.999951,0.000425
62,2990.26244,1.000175,0.000425
62,2990.26939,1.000286,0.000425
62,2990.27633,0.999895,0.000425
62,2990.28328,1.000092,0.000425
62,2990.29022,0.999661,0.000425
62,2990.29716,0.99925,0.000425
62,2990.30411,0.999272,0.000425
62,2990.31105,1.000124,0.000425
62,2990.318,1.000384,0.000425
62,2990.32494,0.999368,0.000424
62,2990.33189,1.000542,0.000425
62,2990.33883,0.999555,0.000425
62,2990.34578,0.999201,0.000424
62,2990.35272,1.00019,0.000425
62,2990.35967,0.998836,0.000425
62,2990.36661,0.999994,0.000425
62,2990.37356,1.000113,0.000425
62,2990.3805,1.000401,0.000425
62,2990.38745,1.000053,0.000425
62,2990.39439,0.99893,0.000424
62,2990.40133,1.000129,0.000425
62,2990.40828,1.000316,0.000425
62,2990.41522,1.000383,0.000425
62,2990.42217,1.000214,0.000425
62,2990.42911,1.000366,0.000425
62,2990.43606,0.999799,0.000425
62,2990.443,0.999108,0.000425
62,2990.44995,0.999287,0.000425
62,2990.45689,0.999119,0.000425
62,2990.46384,1.000203,0.000425
62,2990.47078,1.000003,0.000425
62,2990.47773,0.999734,0.000425
62,2990.48467,1.000072,0.000425
62,2990.49161,1.00052,0.000425
62,2990.49856,1.000807,0.000425
62,2990.5055,0.999719,0.000425
62,2990.51245,1.000292,0.000425
62,2990.51939,0.99992,0.000425
62,2990.52634,0.999501,0.000425
62,2990.53328,1.000431,0.000425
62,2990.54023,0.999886,0.000424
62,2990.54717,0.99972,0.000424
62,2990.55412,1.000926,0.000425
62,2990.56106,0.999661,0.000425
62,2990.56801,0.99973,0.000424
62,2990.57495,1.001073,0.000425
62,2990.5819,0.999893,0.000425
62,2990.58884,1.000456,0.000425
62,2990.59578,1.000135,0.000425
62,2990.60273,0.999849,0.000425
62,2990.60967,1.000624,0.000425
62,2990.61662,0.999687,0.000425
62,2990.62426,0.999811,0.000475
62,2990.63051,1.000048,0.000425
62,2990.63745,0.999894,0.000425
62,2990.6444,0.99985,0.000424
62,2990.65134,0.999858,0.000425
62,2990.65829,1.000462,0.000425
62,2990.66523,1.000847,0.000425
62,2990.67218,1.000516,0.000425
62,2990.67912,1.000245,0.000425
62,2990.68607,1.000395,0.000425
62,2990.69301,1.000607,0.000425
62,2990.69995,0.999236,0.000425
62,2990.7069,0.999794,0.000425
62,2990.71384,0.999817,0.000425
62,2990.72079,0.999843,0.000425
62,2990.72773,0.99956,0.000425
62,2990.73468,0.999832,0.000425
62,2990.74162,0.999991,0.000425
62,2990.74857,1.000076,0.000425
62,2990.75551,1.000147,0.000425
62,2990.76246,0.999817,0.000425
62,2990.7694,0.999984,0.000425
62,2990.77635,0.99916,0.000425
62,2990.78329,0.999918,0.000425
62,2990.79024,1.000044,0.000425
62,2990.79718,1.000349,0.000425
62,2990.80412,1.000067,0.000425
62,2990.81107,1.000926,0.000425
62,2990.81801,1.000311,0.000425
62,2990.82496,0.999715,0.000425
62,2990.8319,1.000121,0.000425
62,2990.83885,1.000157,0.000425
62,2990.84579,1.000004,0.000425
62,2990.85274,1.000126,0.000425
62,2990.85968,1.000224,0.000425
62,2990.86663,1.000092,0.000425
62,2990.87357,0.999531,0.000425
62,2990.88052,1.000471,0.000425
62,2990.88746,0.999814,0.000425
62,2990.89441,0.999984,0.000425
62,2990.90135,1.000428,0.000425
62,2990.90829,0.9997,0.000425
62,2990.91524,1.00007,0.000425
62,2990.92218,1.000336,0.000425
62,2990.92913,0.999157,0.000425
62,2990.93607,0.999819,0.000425
62,2990.94302,0.999749,0.000425
62,2990.94996,0.999916,0.000425
62,2990.95691,0.999553,0.000425
62,2990.96385,0.999664,0.000425
62,2990.9708,0.999987,0.000425
62,2990.97774,0.99962,0.000425
62,2990.98469,0.999965,0.000425
62,2990.99163,0.999928,0.000425
62,2990.99857,0.999938,0.000425
62,2991.00552,0.999571,0.000425
62,2991.01246,0.999087,0.000425
62,2991.01941,0.999531,0.000425
62,2991.02635,0.999347,0.000425
62,2991.0333,1.000412,0.000425
62,2991.04024,1.000076,0.000425
62,2991.04719,0.999452,0.000425
62,2991.05413,0.999312,0.000425
62,2991.06108,1.000068,0.000425
62,2991.06802,1.000208,0.000425
62,2991.07497,1.000059,0.000425
62,2991.08191,1.000014,0.000425
62,2991.08886,0.999692,0.000425
62,2991.0958,1.00007,0.000425
62,2991.10274,0.999891,0.000425
62,2991.10969,1.00051,0.000425
62,2991.11663,0.999758,0.000425
62,2991.12358,1.000344,0.000425
62,2991.13052,1.000294,0.000425
62,2991.13747,1.000304,0.000425
62,2991.14441,0.999934,0.000425
62,2991.15136,1.000293,0.000425
62,2991.1583,1.00017,0.000425
62,2991.16525,1.000415,0.000425
62,2991.17219,1.00034,0.000425
62,2991.17914,1.000197,0.000425
62,2991.18608,1.000031,0.000425
62,2991.19303,0.999768,0.000425
62,2991.19997,1.000135,0.000425
62,2991.20691,1.000146,0.000425
62,2991.21386,1.000274,0.000425
62,2991.2208,1.000669,0.000425
62,2991.22775,1.000239,0.000425
62,2991.23469,0.999175,0.000425
62,2991.24164,1.000127,0.000425
62,2991.24858,0.999896,0.000425
62,2991.25553,1.000409,0.000425
62,2991.26247,1.000485,0.000425
62,2991.26942,1.000157,0.000425
62,2991.27636,0.999791,0.000425
62,2991.28331,1.000078,0.000425
62,2991.29025,0.999831,0.000425
62,2991.2972,0.999753,0.000425
62,2991.30414,1.000177,0.000425
62,2991.31108,0.999588,0.000425
62,2991.31803,1.000381,0.000425
62,2991.32497,0.999505,0.000425
62,2991.33192,1.000151,0.000425
62,2991.33886,1.000193,0.000425
62,2991.34581,1.000305,0.000425
62,2991.35275,1.000378,0.000425
62,2991.3597,0.999894,0.000425
62,2991.36664,0.998668,0.000425
62,2991.37359,0.999535,0.000425
62,2991.38053,1.000644,0.000425
62,2991.38748,1.000321,0.000425
62,2991.39442,1.000371,0.000425
62,2991.40136,1.000798,0.000425
62,2991.40831,1.000466,0.000425
62,2991.41525,0.99953,0.000425
62,2991.4222,0.999811,0.000425
62,2991.42914,0.999856,0.000425
62,2991.43609,1.000326,0.000425
62,2991.44303,1.000004,0.000425
62,2991.44998,1.000062,0.000425
62,2991.45692,1.000088,0.000425
62,2991.46387,1.000144,0.000425
62,2991.47081,1.000472,0.000425
62,2991.47776,0.999787,0.000425
62,2991.4847,0.999972,0.000425
62,2991.49165,0.999558,0.000425
62,2991.49859,1.000116,0.000425
62,2991.50553,0.999921,0.000425
62,2991.51248,0.99974,0.000425
62,2991.51942,0.999897,0.000425
62,2991.52637,0.999423,0.000425
62,2991.53331,0.999537,0.000425
62,2991.54026,1.000286,0.000425
62,2991.5472,1.000321,0.000425
62,2991.55415,0.999561,0.000425
62,2991.56109,0.999487,0.000425
62,2991.56804,1.000062,0.000425
62,2991.57498,0.999117,0.000425
62,2991.58193,0.999881,0.000425
62,2991.58887,1.000306,0.000425
62,2991.59582,0.999817,0.000425
62,2991.60276,1.000301,0.000425
62,2991.6097,1.000507,0.000425
62,2991.61665,0.999909,0.000425
62,2991.62359,0.999276,0.000425
62,2991.63054,1.000162,0.000425
62,2991.63748,1.000468,0.000425
62,2991.64443,0.999446,0.000425
62,2991.65137,0.999975,0.000425
62,2991.65832,0.999506,0.000425
62,2991.66526,1.000561,0.000425
62,2991.67221,0.999534,0.000425
62,2991.67915,0.999594,0.000425
62,2991.6861,1.00022,0.000425
62,2991.69304,0.999484,0.000425
62,2991.69998,0.99968,0.000425
62,2991.70693,0.999415,0.000425
62,2991.71387,0.999761,0.000425
62,2991.72082,1.000214,0.000425
62,2991.72776,1.000773,0.000425
62,2991.73471,1.000243,0.000425
62,2991.74165,0.999795,0.000425
62,2991.7486,1.00004,0.000425
62,2991.75554,1.000723,0.000425
62,2991.76249,0.999985,0.000425
62,2991.76943,0.999659,0.000425
62,2991.77638,1.000803,0.000425
62,2991.78332,0.999828,0.000425
62,2991.79027,0.999738,0.000425
62,2991.79721,1.000533,0.000425
62,2991.80415,0.999661,0.000425
62,2991.8111,1.000202,0.000425
62,2991.81804,1.000651,0.000425
62,2991.82499,0.999986,0.000425
62,2991.83193,1.000207,0.000425
62,2991.83888,0.999977,0.000425
62,2991.84582,0.999756,0.000425
62,2991.85277,0.999501,0.000425
62,2991.85971,0.999167,0.000425
62,2991.86666,1.000074,0.000425
62,2991.8736,0.999385,0.000425
62,2991.88055,0.999265,0.000425
62,2991.88749,1.000224,0.000425
62,2991.89444,0.999907,0.000425
62,2991.90138,0.999684,0.000425
62,2991.90832,0.999725,0.000425
62,2991.91527,0.99923,0.000425
62,2991.92221,1.00048,0.000425
62,2991.92916,0.999645,0.000425
62,2991.9361,0.999321,0.000425
62,2991.94305,1.00028,0.000425
62,2991.94999,1.000728,0.000425
62,2991.95694,0.999419,0.000425
62,2991.96388,0.99973,0.000425
62,2991.97083,1.000242,0.000425
62,2991.97777,0.999416,0.000425
62,2991.98472,0.999678,0.000425
62,2991.99166,1.000573,0.000425
62,2991.9986,0.999401,0.000425
62,2992.00555,1.000344,0.000425
62,2992.01249,1.000169,0.000425
62,2992.01944,0.999953,0.000425
62,2992.02638,1.000364,0.000425
62,2992.03333,1.00052,0.000425
62,2992.04027,0.999932,0.000425
62,2992.04722,1.000433,0.000425
62,2992.05416,1.000191,0.000425
62,2992.06111,0.9994,0.000425
62,2992.06805,0.999496,0.000425
62,2992.075,1.000466,0.000425
62,2992.08194,0.999284,0.000424
62,2992.08889,1.000434,0.000425
62,2992.09583,0.999757,0.000425
62,2992.10277,1.000394,0.000425
62,2992.10972,0.999324,0.000425
62,2992.11666,0.999649,0.000425
62,2992.12361,1.000625,0.000425
62,2992.13055,1.000146,0.000425
62,2992.1375,1.000357,0.000425
62,2992.14444,1.000405,0.000425
62,2992.15139,1.000372,0.000425
62,2992.15833,1.00037,0.000425
62,2992.16528,1.000563,0.000425
62,2992.17222,0.999774,0.000425
62,2992.17917,0.999149,0.000425
62,2992.18611,1.000967,0.000425
62,2992.19306,0.999991,0.000425
62,2992.2,1.000074,0.000425
62,2992.20694,1.001475,0.000425
62,2992.21389,1.000178,0.000425
62,2992.22083,1.000632,0.000425
62,2992.22778,1.000762,0.000425
62,2992.23472,1.000517,0.000425
62,2992.24167,1.000197,0.000425
62,2992.24861,1.000832,0.000425
62,2992.25556,1.000407,0.000425
62,2992.2625,1.000197,0.000425
62,2992.26945,1.000216,0.000425
62,2992.27639,1.000146,0.000425
62,2992.28334,1.000295,0.000425
62,2992.29028,1.00006,0.000425
62,2992.29722,0.999902,0.000425
62,2992.30417,0.999595,0.000425
62,2992.31111,0.999269,0.000425
62,2992.31806,0.999495,0.000425
62,2992.325,0.99958,0.000425
62,2992.33195,0.999293,0.000425
62,2992.33889,0.99946,0.000425
62,2992.34584,0.999401,0.000425
62,2992.35278,0.999595,0.000425
62,2992.35973,0.99938,0.000424
62,2992.36667,0.999795,0.000425
62,2992.37362,1.000265,0.000425
62,2992.38056,0.999531,0.000425
62,2992.38751,0.999453,0.000425
62,2992.39445,1.000268,0.000425
62,2992.40139,0.999689,0.000425
62,2992.40834,1.000148,0.000425
62,2992.41528,0.999458,0.000425
62,2992.42223,0.999424,0.000425
62,2992.42917,1.00011,0.000425
62,2992.43612,0.999951,0.000425
62,2992.44306,0.999715,0.000425
62,2992.45001,0.998623,0.000425
62,2992.45695,1.000054,0.000425
62,2992.4639,0.99905,0.000424
62,2992.47084,0.999696,0.000425
62,2992.47779,0.999728,0.000425
62,2992.48473,1.000095,0.000425
62,2992.49167,0.99968,0.000425
62,2992.49862,1.000035,0.000425
62,2992.50556,0.999518,0.000425
62,2992.51251,1.00063,0.000425
62,2992.51945,0.999791,0.000425
62,2992.5264,1.00055,0.000425
62,2992.53334,1.000615,0.000425
62,2992.54029,1.000123,0.000425
62,2992.54723,1.000014,0.000425
62,2992.55418,0.999698,0.000425
62,2992.56112,1.000593,0.000425
62,2992.56807,1.00011,0.000425
62,2992.57501,0.999773,0.000425
62,2992.58196,1.000091,0.000425
62,2992.5889,1.000436,0.000425
62,2992.59584,1.000689,0.000425
62,2992.60279,1.000233,0.000425
62,2992.60973,1.000708,0.000425
62,2992.61668,1.000207,0.000425
62,2992.62362,1.000162,0.000425
62,2992.63057,1.000206,0.000425
62,2992.63751,1.000518,0.000425
62,2992.64446,0.999286,0.000425
62,2992.6514,0.999976,0.000425
62,2992.65835,1.000016,0.000425
62,2992.66529,1.000628,0.000425
62,2992.67224,0.999993,0.000424
62,2992.67918,0.999438,0.000425
62,2992.68612,1.000225,0.000425
62,2992.69307,0.999684,0.000425
62,2992.70001,1.000096,0.000425
62,2992.70696,0.999636,0.000425
62,2992.7139,0.99975,0.000425
62,2992.72085,0.999732,0.000425
62,2992.72779,1.000288,0.000425
62,2992.73474,0.999484,0.000425
62,2992.74168,0.999646,0.000425
62,2992.74863,0.999378,0.000425
62,2992.75557,0.999508,0.000425
62,2992.76252,1.000141,0.000425
62,2992.76946,0.99973,0.000425
62,2992.77641,1.000057,0.000425
62,2992.78335,0.999102,0.000424
62,2992.79029,1.000188,0.000424
62,2992.79724,1.00005,0.000425
62,2992.80418,1.000734,0.000425
62,2992.81113,0.999786,0.000424
62,2992.81807,1.000746,0.000425
62,2992.82502,0.999834,0.000425
62,2992.83196,0.999633,0.000424
62,2992.83891,1.000258,0.000425
62,2992.84585,1.000607,0.000425
62,2992.8528,1.000101,0.000424
62,2992.85974,0.999666,0.000425
62,2992.86669,0.999881,0.000424
62,2992.87363,0.999932,0.000425
62,2992.88057,1.000091,0.000425
62,2992.88752,0.99987,0.000424
62,2992.89446,1.000218,0.000425
62,2992.90141,1.000523,0.000424
62,2992.90835,1.00018,0.000425
62,2992.9153,0.999639,0.000424
62,2992.92224,0.999821,0.000424
62,2992.92919,1.00002,0.000424
62,2992.93613,1.000141,0.000424
62,2992.94308,0.999796,0.000424
62,2992.95002,0.999639,0.000424
62,2992.95697,1.00075,0.000424
62,2992.96391,1.000145,0.000425
62,2992.97086,1.000342,0.000424
62,2992.9778,1.000558,0.000424
62,2992.98474,0.999779,0.000424
62,2992.99169,1.000702,0.000425
62,2992.99863,0.999577,0.000424
62,2993.00558,1.000827,0.000425
62,2993.01252,1.00029,0.000425
62,2993.01947,0.999892,0.000425
62,2993.02641,0.999417,0.000425
62,2993.03336,1.00047,0.000425
62,2993.0403,0.999849,0.000425
62,2993.04725,1.000327,0.000425
62,2993.05419,0.999458,0.000424
62,2993.06114,1.00032,0.000425
62,2993.06808,0.999475,0.000425
62,2993.07502,0.999955,0.000425
62,2993.08197,0.999869,0.000425
62,2993.08891,0.999564,0.000424
62,2993.09586,0.999464,0.000424
62,2993.1028,1.000243,0.000425
62,2993.10975,1.000055,0.000425
62,2993.11669,0.999353,0.000424
62,2993.12364,1.000281,0.000425
62,2993.13058,0.999275,0.000424
62,2993.13753,1.000317,0.000425
62,2993.14447,1.000087,0.000424
62,2993.15142,1.000286,0.000425
62,2993.15836,0.999959,0.000425
62,2993.16531,0.999814,0.000425
62,2993.17225,0.999752,0.000424
62,2993.17919,1.000125,0.000425
62,2993.18614,0.999403,0.000425
62,2993.19308,0.999156,0.000424
62,2993.20003,1.000139,0.000425
62,2993.20697,0.999363,0.000424
62,2993.21392,1.000327,0.000425
62,2993.22086,1.000121,0.000425
62,2993.22781,0.999141,0.000424
62,2993.23475,1.000952,0.000425
62,2993.2417,0.999554,0.000424
62,2993.24864,0.999365,0.000424
62,2993.25559,1.000151,0.000425
62,2993.26322,0.999918,0.000475
62,2993.26947,1.000205,0.000425
62,2993.27642,0.999819,0.000424
62,2993.28336,0.999936,0.000424
62,2993.29031,0.999433,0.000424
62,2993.29725,0.999815,0.000424
62,2993.3042,1.000322,0.000425
62,2993.31114,1.000198,0.000425
62,2993.31809,0.999785,0.000424
62,2993.32503,0.998754,0.000424
62,2993.33198,0.999659,0.000425
62,2993.33892,0.999836,0.000424
62,2993.34587,0.999977,0.000425
62,2993.35281,0.99974,0.000424
62,2993.35975,1.000103,0.000425
62,2993.3667,1.00031,0.000425
62,2993.37364,1.000392,0.000425
62,2993.38059,1.000143,0.000425
62,2993.38753,1.000511,0.000425
62,2993.39448,1.000365,0.000425
62,2993.40142,0.999884,0.000424
62,2993.40837,1.000356,0.000425
62,2993.41531,0.999612,0.000424
62,2993.42226,1.000343,0.000425
62,2993.4292,1.000603,0.000425
62,2993.43615,1.000014,0.000425
62,2993.44309,0.999601,0.000424
62,2993.45004,1.000034,0.000425
62,2993.45698,0.999905,0.000424
62,2993.46392,1.000209,0.000425
62,2993.47087,0.999622,0.000425
62,2993.47781,0.999712,0.000425
62,2993.48476,1.000009,0.000425
62,2993.4917,1.000327,0.000425
62,2993.49865,1.000361,0.000424
62,2993.50559,1.00094,0.000425
62,2993.51254,0.999559,0.000424
62,2993.51948,1.000275,0.000425
62,2993.52712,1.000108,0.000475
62,2993.53337,1.000262,0.000425
62,2993.54032,1.00044,0.000425
62,2993.54726,1.000376,0.000425
62,2993.5542,0.999636,0.000424
62,2993.56115,0.999546,0.000424
62,2993.56809,0.999531,0.000425
62,2993.57504,0.999919,0.000425
62,2993.58198,1.000465,0.000425
62,2993.58893,1.000583,0.000425
62,2993.59587,0.999725,0.000425
62,2993.60282,1.000357,0.000425
62,2993.60976,1.000516,0.000425
62,2993.61671,1.00012,0.000425
62,2993.62365,1.000204,0.000425
62,2993.6306,0.999648,0.000425
62,2993.63754,0.999618,0.000425
62,2993.64448,0.999548,0.000424
62,2993.65143,1.00052,0.000425
62,2993.65837,0.999569,0.000424
62,2993.66532,0.999696,0.000424
62,2993.67226,1.000589,0.000425
62,2993.67921,0.999493,0.000424
62,2993.68615,0.999592,0.000425
62,2993.6931,1.00008,0.000424
62,2993.70004,0.999497,0.000424
62,2993.70699,1.00047,0.000425
62,2993.71393,0.999932,0.000424
62,2993.72088,1.000119,0.000425
62,2993.72782,0.999717,0.000425
62,2993.73477,1.001073,0.000425
62,2993.74171,1.000107,0.000425
62,2993.74865,0.999092,0.000424
62,2993.7556,0.999824,0.000425
62,2993.76254,0.999822,0.000424
62,2993.76949,1.000118,0.000425
62,2993.77643,0.999674,0.000424
62,2993.78338,1.000083,0.000425
62,2993.79032,0.999953,0.000425
62,2993.79727,0.999675,0.000425
62,2993.80421,1.000374,0.000425
62,2993.81116,1.000854,0.000425
62,2993.8181,0.999837,0.000424
62,2993.82505,1.000656,0.000425
62,2993.83199,1.000207,0.000425
62,2993.83893,0.999604,0.000424
62,2993.84588,0.999796,0.000424
62,2993.85282,1.000295,0.000425
62,2993.85977,0.999569,0.000424
62,2993.86671,0.999463,0.000424
62,2993.87366,1.000693,0.000425
62,2993.8806,0.999871,0.000425
62,2993.88755,0.999552,0.000424
62,2993.89449,1.000681,0.000425
62,2993.90144,0.999939,0.000425
62,2993.90838,1.000871,0.000425
62,2993.91533,1.00041,0.000425
62,2993.92227,1.000488,0.000425
62,2993.92921,0.999951,0.000425
62,2993.93616,1.000854,0.000425
62,2993.9431,0.999312,0.000424
62,2993.95005,1.000378,0.000425
62,2993.95699,0.999106,0.000424
62,2993.96394,0.999916,0.000424
62,2993.97088,1.000154,0.000425
62,2993.97783,0.99957,0.000424
62,2993.98477,1.000808,0.000425
62,2993.99172,0.999887,0.000425
62,2993.99866,0.99968,0.000424
62,2994.00561,0.999554,0.000424
62,2994.01255,0.999866,0.000425
62,2994.0195,1.000175,0.000425
62,2994.02644,0.999828,0.000425
62,2994.03338,1.0005,0.000425
62,2994.04033,1.000398,0.000425
62,2994.04727,1.000485,0.000425
62,2994.05422,1.000252,0.000424
62,2994.06116,0.999813,0.000425
62,2994.06811,1.000206,0.000425
62,2994.07505,1.000306,0.000425
62,2994.082,0.999593,0.000425
62,2994.08894,1.000442,0.000425
62,2994.09589,1.000303,0.000425
62,2994.10283,0.999611,0.000425
62,2994.10978,1.000306,0.000425
62,2994.11672,0.999738,0.000424
62,2994.12366,1.000207,0.000424
62,2994.13061,0.999965,0.000425
62,2994.13755,1.000419,0.000425
62,2994.1445,0.999789,0.000424
62,2994.15144,1.000875,0.000425
62,2994.15839,0.999987,0.000425
62,2994.16533,1.00008,0.000425
62,2994.17228,0.999856,0.000425
62,2994.17922,0.999975,0.000425
62,2994.18617,1.000128,0.000425
62,2994.19311,0.999236,0.000424
62,2994.20006,0.999959,0.000425
62,2994.207,1.000145,0.000425
62,2994.21394,1.000232,0.000425
62,2994.22089,0.999805,0.000425
62,2994.22783,1.000405,0.000425
62,2994.23478,1.000186,0.000425
62,2994.24172,1.000757,0.000425
62,2994.24867,1.000483,0.000425
62,2994.25561,1.000288,0.000425
62,2994.26256,0.999392,0.000425
62,2994.2695,0.999754,0.000425
62,2994.27645,1.000314,0.000425
62,2994.28339,0.999401,0.000424
62,2994.29034,1.000254,0.000425
62,2994.29728,0.999112,0.000425
62,2994.30422,0.999324,0.000424
62,2994.31117,1.000266,0.000425
62,2994.31811,0.999189,0.000425
62,2994.32506,0.999184,0.000425
62,2994.332,0.999987,0.000425
62,2994.33895,0.999239,0.000424
62,2994.34589,0.999901,0.000425
62,2994.35284,0.999431,0.000424
62,2994.35978,0.999596,0.000425
62,2994.36673,0.999794,0.000425
62,2994.37367,1.000145,0.000425
62,2994.38062,0.999676,0.000424
62,2994.38756,1.000118,0.000425
62,2994.39451,1.000034,0.000425
62,2994.40145,1.000248,0.000425
62,2994.40839,0.999949,0.000425
62,2994.41534,1.000325,0.000425
62,2994.42228,0.999642,0.000425
62,2994.42923,1.000104,0.000425
62,2994.43617,0.999986,0.000425
62,2994.44312,1.000349,0.000425
62,2994.45006,1.000588,0.000425
62,2994.45701,1.000149,0.000425
62,2994.46395,0.999665,0.000425
62,2994.4709,0.999899,0.000425
62,2994.47784,0.999482,0.000425
62,2994.48479,0.99899,0.000425
62,2994.49173,1.00035,0.000425
62,2994.49867,0.999659,0.000425
62,2994.50562,1.00009,0.000425
62,2994.51256,0.999361,0.000424
62,2994.51951,1.000133,0.000425
62,2994.52645,1.000901,0.000425
62,2994.5334,1.000698,0.000425
62,2994.54034,0.999943,0.000425
62,2994.54729,1.000262,0.000425
62,2994.55423,1.000373,0.000425
62,2994.56118,1.00025,0.000425
62,2994.56812,0.999771,0.000425
62,2994.57507,0.999907,0.000425
62,2994.58201,0.999883,0.000424
62,2994.58895,1.000625,0.000425
62,2994.5959,1.000091,0.000424
62,2994.60284,1.00002,0.000425
62,2994.60979,0.999805,0.000425
62,2994.61673,1.00005,0.000424
62,2994.62368,1.000271,0.000425
62,2994.63062,0.999953,0.000425
62,2994.63757,1.000083,0.000425
62,2994.64451,1.000056,0.000425
62,2994.65146,1.0004,0.000424
62,2994.6584,1.000196,0.000425
62,2994.66535,0.999655,0.000425
62,2994.67229,1.000044,0.000425
62,2994.67923,1.000495,0.000425
62,2994.68618,1.000004,0.000425
62,2994.69312,0.999893,0.000425
62,2994.70007,1.000703,0.000425
62,2994.70701,1.000384,0.000425
62,2994.71396,0.999704,0.000424
62,2994.7209,0.99982,0.000424
62,2994.72785,1.000157,0.000425
62,2994.73479,1.000378,0.000425
62,2994.74174,1.000143,0.000425
62,2994.74868,1.000095,0.000425
62,2994.75563,0.999179,0.000424
62,2994.76257,1.000014,0.000425
62,2994.76951,0.999711,0.000424
62,2994.77646,0.999951,0.000425
62,2994.7834,0.999844,0.000425
62,2994.79035,0.99948,0.000424
62,2994.79729,0.999385,0.000424
62,2994.80424,0.999178,0.000424
62,2994.81118,0.999772,0.000425
62,2994.81813,1.000534,0.000424
62,2994.82507,0.999884,0.000424
62,2994.83202,0.999991,0.000425
62,2994.83896,0.999948,0.000425
62,2994.84591,1.000608,0.000425
62,2994.85285,1.000481,0.000425
62,2994.8598,1.000312,0.000425
62,2994.86674,1.000288,0.000425
62,2994.87368,0.999869,0.000425
62,2994.88063,1.000277,0.000425
62,2994.8848,1.000008,0.00095
62,2995.10355,0.998716,0.000475
62,2995.1098,0.999546,0.000425
62,2995.11675,0.999183,0.000425
62,2995.12369,0.999374,0.000425
62,2995.13064,0.999591,0.000424
62,2995.13758,0.999333,0.000425
62,2995.14452,0.99989,0.000425
62,2995.15147,0.999771,0.000425
62,2995.15841,0.999428,0.000425
62,2995.16536,0.999812,0.000425
62,2995.1723,0.999066,0.000425
62,2995.17925,0.999694,0.000425
62,2995.18619,1.000701,0.000425
62,2995.19314,0.999989,0.000425
62,2995.20008,1.000111,0.000425
62,2995.20703,0.999526,0.000425
62,2995.21397,0.999415,0.000424
62,2995.22092,0.999375,0.000424
62,2995.22786,0.999522,0.000425
62,2995.2348,1.000211,0.000425
62,2995.24175,1.000331,0.000425
62,2995.24869,0.999976,0.000425
62,2995.25564,1.000309,0.000425
62,2995.26258,1.000203,0.000425
62,2995.26953,1.000092,0.000424
62,2995.27647,0.999867,0.000424
62,2995.28342,0.999728,0.000425
62,2995.29036,1.000919,0.000425
62,2995.29731,0.999574,0.000424
62,2995.30425,1.000821,0.000425
62,2995.3112,1.00112,0.000425
62,2995.31814,1.000115,0.000425
62,2995.32508,1.00162,0.000425
62,2995.33203,1.000193,0.000425
62,2995.33897,0.999476,0.000424
62,2995.34592,1.000749,0.000425
62,2995.35286,0.999337,0.000424
62,2995.35981,1.000334,0.000425
62,2995.36675,0.999963,0.000424
62,2995.3737,0.999117,0.000424
62,2995.38064,0.999331,0.000424
62,2995.38759,1.000427,0.000425
62,2995.39453,1.000375,0.000424
62,2995.40148,0.999687,0.000424
62,2995.40842,1.000076,0.000425
62,2995.41536,1.000506,0.000425
62,2995.42231,1.00034,0.000424
62,2995.42925,0.999942,0.000424
62,2995.4362,1.000144,0.000425
62,2995.44314,1.000523,0.000425
62,2995.45009,0.999167,0.000424
62,2995.45703,1.000217,0.000425
62,2995.46398,0.999598,0.000424
62,2995.47092,0.999366,0.000424
62,2995.47787,1.000247,0.000425
62,2995.48481,1.000065,0.000425
62,2995.49176,1.000139,0.000425
62,2995.4987,1.000114,0.000424
62,2995.50564,1.000566,0.000425
62,2995.51259,0.999496,0.000424
62,2995.51953,0.999992,0.000424
62,2995.52648,0.999716,0.000424
62,2995.53342,1.000156,0.000425
62,2995.54037,0.999509,0.000424
62,2995.54731,1.000541,0.000425
62,2995.55426,0.99992,0.000424
62,2995.5612,1.000219,0.000424
62,2995.56815,1.000299,0.000424
62,2995.57509,1.000257,0.000424
62,2995.58204,1.000152,0.000425
62,2995.58898,1.000202,0.000424
62,2995.59592,1.000111,0.000424
62,2995.60287,0.99986,0.000425
62,2995.60981,1.000557,0.000425
62,2995.61676,0.999801,0.000425
62,2995.6237,0.999553,0.000425
62,2995.63065,1.000234,0.000425
62,2995.63759,1.000162,0.000424
62,2995.64454,1.000174,0.000425
62,2995.65148,1.000934,0.000425
62,2995.65843,0.999707,0.000425
62,2995.66537,1.000551,0.000425
62,2995.67232,0.999709,0.000425
62,2995.67926,0.999568,0.000424
62,2995.6862,0.999782,0.000425
62,2995.69315,0.999892,0.000425
62,2995.70009,0.999881,0.000424
62,2995.70704,0.999931,0.000425
62,2995.71398,1.000281,0.000425
62,2995.72093,1.000041,0.000425
62,2995.72787,1.00002,0.000425
62,2995.73482,0.999204,0.000424
62,2995.74176,0.999872,0.000425
62,2995.74871,1.000451,0.000425
62,2995.75565,1.000231,0.000425
62,2995.7626,0.999722,0.000425
62,2995.76954,1.000607,0.000425
62,2995.77648,0.999532,0.000424
62,2995.78343,1.00053,0.000425
62,2995.79037,0.999546,0.000425
62,2995.79732,0.999374,0.000425
62,2995.80426,0.999892,0.000425
62,2995.81121,1.000124,0.000425
62,2995.81815,0.999446,0.000425
62,2995.8251,1.000048,0.000425
62,2995.83204,1.000121,0.000425
62,2995.83899,0.999276,0.000424
62,2995.84593,0.999566,0.000425
62,2995.85288,0.999978,0.000425
62,2995.85982,0.999484,0.000424
62,2995.86746,1.00037,0.000475
62,2995.87371,1.000066,0.000425
62,2995.88065,0.99923,0.000425
62,2995.8876,1.000457,0.000425
62,2995.89454,1.000021,0.000425
62,2995.90149,0.999801,0.000425
62,2995.90843,0.999919,0.000425
62,2995.91538,1.000267,0.000425
62,2995.92232,1.000381,0.000425
62,2995.92927,0.999243,0.000425
62,2995.93621,0.999639,0.000424
62,2995.94316,0.999857,0.000425
62,2995.9501,1.000052,0.000425
62,2995.95704,1.000902,0.000425
62,2995.96399,0.999781,0.000425
62,2995.97093,1.000625,0.000425
62,2995.97788,1.000335,0.000425
62,2995.98482,1.000215,0.000425
62,2995.99177,1.000162,0.000425
62,2995.99871,1.000154,0.000425
62,2996.00566,1.000901,0.000425
62,2996.0126,0.999933,0.000425
62,2996.01955,0.999901,0.000425
62,2996.02649,0.999693,0.000425
62,2996.03344,0.999796,0.000425
62,2996.04038,0.999912,0.000425
62,2996.04732,1.000379,0.000425
62,2996.05427,0.999892,0.000425
62,2996.06121,0.998959,0.000424
62,2996.06816,1.000302,0.000425
62,2996.0751,0.99952,0.000425
62,2996.08205,0.999893,0.000425
62,2996.08899,0.999872,0.000425
62,2996.09594,1.000713,0.000425
62,2996.10288,1.000505,0.000425
62,2996.10983,0.999534,0.000425
62,2996.11677,1.000121,0.000425
62,2996.12372,1.000342,0.000425
62,2996.13066,1.000322,0.000425
62,2996.1376,1.000339,0.000425
62,2996.14455,0.999646,0.000425
62,2996.15149,0.999558,0.000425
62,2996.15844,1.000356,0.000425
62,2996.16538,1.000197,0.000425
62,2996.17233,0.999448,0.000425
62,2996.17927,1.000305,0.000425
62,2996.18622,1.000684,0.000425
62,2996.19316,1.000156,0.000425
62,2996.20011,0.99957,0.000425
62,2996.20705,0.999876,0.000425
62,2996.214,0.999788,0.000425
62,2996.22094,1.00018,0.000425
62,2996.22788,0.999508,0.000425
62,2996.23483,0.999493,0.000425
62,2996.24177,0.999911,0.000425
62,2996.24872,1.000044,0.000425
62,2996.25566,0.999824,0.000425
62,2996.26261,1.00061,0.000425
62,2996.26955,0.99971,0.000425
62,2996.2765,1.000198,0.000425
62,2996.28344,0.999324,0.000425
62,2996.29039,0.998834,0.000424
62,2996.29733,0.99937,0.000425
62,2996.30428,0.999314,0.000425
62,2996.31122,0.999977,0.000425
62,2996.31816,0.998806,0.000425
62,2996.32511,1.000035,0.000425
62,2996.33205,1.00038,0.000425
62,2996.339,0.999776,0.000425
62,2996.34594,0.999617,0.000425
62,2996.35289,0.999181,0.000425
62,2996.35983,1.000319,0.000425
62,2996.36678,1.000825,0.000425
62,2996.37372,0.999721,0.000425
62,2996.38067,1.000017,0.000425
62,2996.38761,1.000513,0.000425
62,2996.39456,0.999675,0.000425
62,2996.4015,0.999544,0.000425
62,2996.40844,0.999104,0.000425
62,2996.41539,1.000882,0.000425
62,2996.42233,0.99955,0.000425
62,2996.42928,1.000791,0.000425
62,2996.43622,0.99981,0.000425
62,2996.44317,0.999608,0.000425
62,2996.45011,1.000746,0.000425
62,2996.45706,1.000314,0.000425
62,2996.464,1.000673,0.000425
62,2996.47095,1.000149,0.000425
62,2996.47789,0.999852,0.000425
62,2996.48484,0.999663,0.000425
62,2996.49178,0.999572,0.000425
62,2996.49872,1.000391,0.000425
62,2996.50567,0.999985,0.000425
62,2996.51261,1.000072,0.000425
62,2996.51956,1.001257,0.000425
62,2996.5265,1.000066,0.000425
62,2996.53345,1.000088,0.000425
62,2996.54039,0.999871,0.000425
62,2996.54734,1.000079,0.000425
62,2996.55428,1.000103,0.000425
62,2996.56123,0.999716,0.000425
62,2996.56817,1.000358,0.000425
62,2996.57511,1.000512,0.000425
62,2996.58206,0.999809,0.000425
62,2996.589,1.000077,0.000425
62,2996.59595,1.000343,0.000425
62,2996.60289,1.000161,0.000425
62,2996.60984,1.000214,0.000425
62,2996.61678,0.999967,0.000425
62,2996.62373,1.000294,0.000425
62,2996.63067,0.999795,0.000425
62,2996.63762,1.00027,0.000425
62,2996.64456,1.000175,0.000425
62,2996.65151,0.999501,0.000425
62,2996.65845,1.000104,0.000425
62,2996.66539,0.999641,0.000425
62,2996.67234,0.999873,0.000425
62,2996.67928,0.999668,0.000425
62,2996.68623,1.000223,0.000425
62,2996.69317,0.999975,0.000425
62,2996.70012,1.000159,0.000425
62,2996.70706,0.999448,0.000425
62,2996.71401,0.999516,0.000425
62,2996.72095,0.999435,0.000425
62,2996.7279,1.000687,0.000425
62,2996.73484,1.000014,0.000425
62,2996.74179,1.000128,0.000425
62,2996.74873,0.999749,0.000425
62,2996.75567,1.00006,0.000425
62,2996.76262,1.000274,0.000425
62,2996.76956,0.999748,0.000425
62,2996.77651,0.999655,0.000425
62,2996.78345,1.00013,0.000425
62,2996.7904,1.000299,0.000425
62,2996.79734,1.000592,0.000425
62,2996.80429,1.00005,0.000425
62,2996.81123,0.999561,0.000425
62,2996.81818,1.000234,0.000425
62,2996.82512,1.000506,0.000425
62,2996.83207,0.999655,0.000425
62,2996.83901,1.000208,0.000425
62,2996.84595,1.000594,0.000425
62,2996.8529,1.000248,0.000425
62,2996.85984,0.999842,0.000425
62,2996.86679,1.00014,0.000425
62,2996.87373,1.000587,0.000425
62,2996.88068,0.999538,0.000425
62,2996.88762,1.000378,0.000425
62,2996.89457,1.000154,0.000425
62,2996.90151,0.999934,0.000425
62,2996.90846,0.999642,0.000425
62,2996.9154,1.000681,0.000425
62,2996.92235,0.999611,0.000425
62,2996.92929,1.000698,0.000425
62,2996.93623,0.999646,0.000425
62,2996.94248,1.000274,0.000475
62,2996.95012,0.999971,0.000425
62,2996.95707,0.99989,0.000425
62,2996.96401,1.000078,0.000425
62,2996.97096,1.000309,0.000425
62,2996.9779,0.999569,0.000425
62,2996.98485,1.000434,0.000425
62,2996.99179,1.00017,0.000425
62,2996.99874,0.999442,0.000425
62,2997.00568,1.000488,0.000425
62,2997.01263,0.99962,0.000425
62,2997.01957,0.999739,0.000425
62,2997.02651,1.000263,0.000425
62,2997.03346,0.999632,0.000425
62,2997.0404,0.999316,0.000425
62,2997.04735,1.000367,0.000425
62,2997.05429,1.000533,0.000425
62,2997.06124,0.999823,0.000425
62,2997.06818,0.999592,0.000425
62,2997.07513,0.999016,0.000425
62,2997.08207,0.999621,0.000425
62,2997.08902,0.999668,0.000425
62,2997.09596,0.999768,0.000425
62,2997.1029,0.999861,0.000425
62,2997.10985,0.999696,0.000425
62,2997.11679,1.000759,0.000425
62,2997.12374,1.000161,0.000425
62,2997.13068,1.000529,0.000425
62,2997.13763,0.999803,0.000425
62,2997.14457,1.000034,0.000425
62,2997.15152,1.000904,0.000425
62,2997.15846,0.999886,0.000425
62,2997.16541,0.99951,0.000425
62,2997.17235,0.999361,0.000425
62,2997.1793,1.000124,0.000425
62,2997.18624,1.00012,0.000425
62,2997.19318,1.000388,0.000425
62,2997.20013,0.999822,0.000425
62,2997.20707,0.999692,0.000425
62,2997.21402,1.000194,0.000425
62,2997.22096,1.000742,0.000425
62,2997.22791,0.999917,0.000425
62,2997.23485,1.00013,0.000425
62,2997.2418,1.000094,0.000425
62,2997.24874,0.999764,0.000425
62,2997.25569,0.999854,0.000425
62,2997.26263,1.000474,0.000425
62,2997.26958,0.999525,0.000425
62,2997.27652,0.99937,0.000425
62,2997.28346,1.000566,0.000425
62,2997.29041,0.999609,0.000425
62,2997.29735,1.000266,0.000425
62,2997.3043,0.999831,0.000425
62,2997.31124,1.000185,0.000425
62,2997.31819,0.999582,0.000425
62,2997.32513,1.000118,0.000425
62,2997.33208,1.000253,0.000425
62,2997.33902,0.999966,0.000425
62,2997.34597,0.999835,0.000425
62,2997.35291,1.000418,0.000425
62,2997.35986,0.999488,0.000425
62,2997.3668,1.00002,0.000425
62,2997.37374,0.999825,0.000425
62,2997.38069,1.000878,0.000425
62,2997.38763,1.000532,0.000425
62,2997.39458,0.999456,0.000425
62,2997.40152,0.999865,0.000425
62,2997.40847,1.00034,0.000425
62,2997.41541,1.00088,0.000425
62,2997.42236,0.99983,0.000425
62,2997.4293,0.999416,0.000425
62,2997.43625,0.999812,0.000425
62,2997.44319,0.999525,0.000425
62,2997.45013,1.000059,0.000425
62,2997.45708,1.000109,0.000425
62,2997.46402,1.000334,0.000425
62,2997.47097,1.000056,0.000425
62,2997.47791,0.999901,0.000425
62,2997.48486,0.999505,0.000425
62,2997.4918,0.999892,0.000425
62,2997.49875,1.000514,0.000425
62,2997.50569,1.000727,0.000425
62,2997.51264,0.999792,0.000425
62,2997.51958,1.000434,0.000425
62,2997.52653,1.000389,0.000425
62,2997.53347,1.000618,0.000425
62,2997.54041,0.999967,0.000425
62,2997.54736,0.999767,0.000425
62,2997.5543,1.000353,0.000425
62,2997.56125,0.999647,0.000425
62,2997.56819,0.999962,0.000425
62,2997.57514,0.999276,0.000425
62,2997.58208,1.000446,0.000425
62,2997.58903,1.00015,0.000425
62,2997.59597,1.000119,0.000425
62,2997.60292,1.000443,0.000425
62,2997.60986,1.000265,0.000425
62,2997.61681,1.000074,0.000425
62,2997.62375,1.000197,0.000425
62,2997.63069,0.999956,0.000425
62,2997.63764,1.000093,0.000425
62,2997.64458,0.999885,0.000425
62,2997.65153,0.999216,0.000425
62,2997.65847,1.000044,0.000425
62,2997.66542,1.000278,0.000425
62,2997.67236,1.000237,0.000425
62,2997.67931,1.000753,0.000425
62,2997.68625,0.999171,0.000425
62,2997.6932,1.000327,0.000425
62,2997.70014,0.999773,0.000425
62,2997.70708,0.999723,0.000425
62,2997.71403,1.00039,0.000425
62,2997.72097,0.999754,0.000425
62,2997.72792,1.000217,0.000425
62,2997.73486,1.000067,0.000425
62,2997.74181,1.0006,0.000425
62,2997.74875,1.000347,0.000425
62,2997.7557,0.999582,0.000425
62,2997.76264,1.000136,0.000425
62,2997.76959,1.000171,0.000425
62,2997.77653,0.999727,0.000425
62,2997.78348,1.000218,0.000425
62,2997.79042,1.000269,0.000425
62,2997.79736,0.999592,0.000425
62,2997.80431,0.99972,0.000425
62,2997.81125,1.000017,0.000425
62,2997.8182,1.000052,0.000425
62,2997.82514,0.999575,0.000425
62,2997.83209,0.999977,0.000425
62,2997.83903,0.999549,0.000425
62,2997.84598,1.000411,0.000425
62,2997.85292,0.999216,0.000425
62,2997.85987,1.000375,0.000425
62,2997.86681,0.999961,0.000425
62,2997.87376,0.999971,0.000425
62,2997.8807,0.99931,0.000424
62,2997.88764,0.999173,0.000425
62,2997.89459,1.000101,0.000425
62,2997.90153,0.999618,0.000425
62,2997.90848,0.999417,0.000425
62,2997.91542,0.998995,0.000425
62,2997.92237,0.999698,0.000425
62,2997.92931,1.000374,0.000425
62,2997.93626,0.999442,0.000425
62,2997.9432,0.99939,0.000425
62,2997.95015,0.999129,0.000425
62,2997.95709,1.000045,0.000425
62,2997.96403,1.000724,0.000425
62,2997.97098,0.999919,0.000425
62,2997.97792,1.000277,0.000425
62,2997.98487,0.999788,0.000425
62,2997.99181,1.000782,0.000425
62,2997.99876,1.000506,0.000425
62,2998.0057,0.999418,0.000425
62,2998.01265,0.999689,0.000425
62,2998.01959,1.000178,0.000425
62,2998.02654,1.000201,0.000425
62,2998.03348,0.999953,0.000425
62,2998.04043,1.000453,0.000425
62,2998.04737,1.000858,0.000425
62,2998.05431,1.000069,0.000425
62,2998.06126,0.999815,0.000425
62,2998.0682,1.001032,0.000425
62,2998.07515,0.999851,0.000425
62,2998.08209,1.000475,0.000425
62,2998.08904,0.999724,0.000425
62,2998.09598,1.000333,0.000425
62,2998.10293,1.00013,0.000425
62,2998.10987,1.000162,0.000425
62,2998.11682,1.000541,0.000425
62,2998.12376,0.999441,0.000425
62,2998.1314,0.999648,0.000475
62,2998.13834,1.000186,0.000475
62,2998.14459,0.999812,0.000425
62,2998.15154,1.000304,0.000425
62,2998.15848,0.999932,0.000425
62,2998.16543,0.999989,0.000425
62,2998.17237,0.999394,0.000425
62,2998.17932,0.999695,0.000425
62,2998.18626,1.000254,0.000425
62,2998.19321,1.000355,0.000425
62,2998.20015,0.999793,0.000425
62,2998.2071,1.000364,0.000425
62,2998.21404,0.999298,0.000425
62,2998.22098,0.999889,0.000425
62,2998.22793,1.00035,0.000425
62,2998.23487,0.999987,0.000425
62,2998.24182,0.999082,0.000425
62,2998.24876,1.000555,0.000425
62,2998.25571,0.999608,0.000425
62,2998.26265,0.999282,0.000425
62,2998.2696,1.000138,0.000425
62,2998.27654,0.999796,0.000425
62,2998.28349,1.000029,0.000425
62,2998.29043,0.999657,0.000425
62,2998.29738,1.000023,0.000425
62,2998.30432,1.000125,0.000425
62,2998.31126,1.000038,0.000425
62,2998.31821,1.00011,0.000425
62,2998.32515,1.000017,0.000425
62,2998.3321,1.001084,0.000425
62,2998.33904,1.00084,0.000425
62,2998.34599,1.000517,0.000425
62,2998.35293,1.000182,0.000425
62,2998.35988,1.000191,0.000425
62,2998.36682,0.999646,0.000425
62,2998.37377,1.000114,0.000425
62,2998.38071,0.99958,0.000425
62,2998.38765,1.000153,0.000425
62,2998.3946,0.999997,0.000425
62,2998.40154,0.999854,0.000425
62,2998.40849,1.000713,0.000425
62,2998.41543,1.000866,0.000425
62,2998.42238,0.999399,0.000425
62,2998.42932,1.000916,0.000425
62,2998.43627,0.99903,0.000425
62,2998.44321,1.000921,0.000425
62,2998.45016,1.000308,0.000425
62,2998.4571,0.999655,0.000425
62,2998.46405,1.000061,0.000425
62,2998.47099,1.000336,0.000425
62,2998.47793,0.999943,0.000425
62,2998.48488,0.999652,0.000425
62,2998.49182,0.999629,0.000425
62,2998.49877,0.99967,0.000425
62,2998.50571,0.99942,0.000425
62,2998.51266,0.999509,0.000425
62,2998.5196,1.000698,0.000425
62,2998.52655,0.999983,0.000425
62,2998.53349,0.9991,0.000425
62,2998.54044,1.000054,0.000425
62,2998.54738,0.999853,0.000425
62,2998.55433,0.999535,0.000425
62,2998.56127,0.999893,0.000425
62,2998.56821,0.999755,0.000425
62,2998.57516,0.999646,0.000425
62,2998.5821,1.000503,0.000425
62,2998.58905,0.999668,0.000425
62,2998.59599,1.000205,0.000425
62,2998.60294,1.00012,0.000425
62,2998.60988,0.999284,0.000425
62,2998.61683,0.999954,0.000425
62,2998.62377,0.999647,0.000424
62,2998.63072,0.99982,0.000425
62,2998.63766,0.999633,0.000425
62,2998.6446,0.999765,0.000425
62,2998.65155,1.000631,0.000425
62,2998.65849,1.000113,0.000425
62,2998.66544,1.00048,0.000425
62,2998.67238,1.000494,0.000425
62,2998.67933,0.99982,0.000425
62,2998.68627,1.000911,0.000425
62,2998.69322,0.999748,0.000425
62,2998.70016,0.999748,0.000425
62,2998.70711,0.999874,0.000425
62,2998.71405,1.000136,0.000425
62,2998.721,1.000096,0.000425
62,2998.72794,0.999452,0.000424
62,2998.73488,1.000462,0.000425
62,2998.74183,1.000776,0.000425
62,2998.74877,0.999802,0.000425
62,2998.75572,0.999826,0.000425
62,2998.76266,0.999652,0.000425
62,2998.76961,1.000278,0.000425
62,2998.77655,1.001044,0.000425
62,2998.7835,1.001227,0.000425
62,2998.79044,0.999722,0.000425
62,2998.79739,1.00038,0.000425
62,2998.80433,0.999545,0.000425
62,2998.81127,1.000082,0.000425
62,2998.81822,0.99996,0.000425
62,2998.82516,0.998865,0.000425
62,2998.83211,0.999457,0.000425
62,2998.83905,1.001107,0.000425
62,2998.846,1.000908,0.000425
62,2998.85294,0.999085,0.000424
62,2998.85989,0.999798,0.000425
62,2998.86683,1.000521,0.000425
62,2998.87378,0.999466,0.000425
62,2998.88072,0.999977,0.000425
62,2998.88767,0.999838,0.000425
62,2998.89461,0.999807,0.000425
62,2998.90155,0.999298,0.000425
62,2998.9085,0.99971,0.000425
62,2998.91544,0.999948,0.000425
62,2998.92239,0.999866,0.000425
62,2998.92933,1.000127,0.000425
62,2998.93628,0.999674,0.000425
62,2998.94322,1.00076,0.000425
62,2998.95017,1.000388,0.000425
62,2998.95711,1.000234,0.000425
62,2998.96406,1.000687,0.000425
62,2998.971,0.999844,0.000425
62,2998.97794,1.000471,0.000425
62,2998.98489,0.999387,0.000425
62,2998.99183,1.000031,0.000425
62,2998.99878,0.99973,0.000425
62,2999.00572,0.999341,0.000425
62,2999.01267,1.000354,0.000425
62,2999.01961,0.999839,0.000425
62,2999.02656,0.999852,0.000425
62,2999.0335,0.999466,0.000425
62,2999.04045,1.000066,0.000425
62,2999.04739,0.999773,0.000425
62,2999.05433,0.999312,0.000424
62,2999.06128,1.000226,0.000425
62,2999.06822,0.99942,0.000425
62,2999.07517,0.999852,0.000425
62,2999.08211,1.000298,0.000425
62,2999.08906,1.000257,0.000425
62,2999.096,0.999682,0.000425
62,2999.10295,0.999835,0.000425
62,2999.10989,1.000064,0.000425
62,2999.11684,1.00002,0.000425
62,2999.12378,0.999194,0.000425
62,2999.13073,0.999879,0.000425
62,2999.13767,1.000648,0.000425
62,2999.14461,1.000666,0.000425
62,2999.15156,1.000008,0.000425
62,2999.1585,1.000101,0.000425
62,2999.16545,1.000604,0.000425
62,2999.17239,1.000145,0.000425
62,2999.17934,0.999925,0.000425
62,2999.18628,1.00038,0.000425
62,2999.19323,1.000055,0.000425
62,2999.20017,0.998749,0.000424
62,2999.20712,0.999738,0.000425
62,2999.21406,0.99989,0.000425
62,2999.221,1.000202,0.000424
62,2999.22795,0.999757,0.000425
62,2999.23489,0.999786,0.000425
62,2999.24184,1.000717,0.000425
62,2999.24878,0.999375,0.000424
62,2999.25573,0.999615,0.000425
62,2999.26267,1.000221,0.000425
62,2999.26962,0.99977,0.000424
62,2999.27656,1.000008,0.000424
62,2999.28351,0.999048,0.000424
62,2999.29045,1.000125,0.000425
62,2999.2974,0.999825,0.000425
62,2999.30434,1.000673,0.000425
62,2999.31128,1.000143,0.000425
62,2999.31823,1.000542,0.000425
62,2999.32517,0.999615,0.000425
62,2999.33212,0.99948,0.000425
62,2999.33906,1.000621,0.000425
62,2999.34601,0.999943,0.000425
62,2999.35295,0.999996,0.000425
62,2999.3599,1.000031,0.000425
62,2999.36684,1.000061,0.000425
62,2999.37379,1.000039,0.000425
62,2999.38073,1.000137,0.000425
62,2999.38767,1.000273,0.000425
62,2999.39462,1.000268,0.000425
62,2999.40156,0.999227,0.000425
62,2999.40851,0.999795,0.000425
62,2999.41545,0.999761,0.000425
62,2999.4224,0.998966,0.000424
62,2999.42934,1.000256,0.000425
62,2999.43629,1.00075,0.000425
62,2999.44323,1.000829,0.000425
62,2999.45018,0.999654,0.000425
62,2999.45712,1.000995,0.000425
62,2999.46407,1.000752,0.000425
62,2999.47101,1.00046,0.000425
62,2999.47795,0.999793,0.000425
62,2999.4849,1.000227,0.000425
62,2999.49184,1.000371,0.000425
62,2999.49879,0.999623,0.000425
62,2999.50573,1.000015,0.000425
62,2999.51268,1.000285,0.000425
62,2999.51962,1.00042,0.000425
62,2999.52657,1.000987,0.000425
62,2999.53351,1.000036,0.000425
62,2999.54046,0.999573,0.000425
62,2999.5474,1.000181,0.000425
62,2999.55434,0.999843,0.000425
62,2999.56129,0.999631,0.000424
62,2999.56823,0.999819,0.000425
62,2999.57518,0.999838,0.000425
62,2999.58212,1.000468,0.000425
62,2999.58907,0.999144,0.000424
62,2999.59601,1.00137,0.000425
62,2999.60296,0.999445,0.000424
62,2999.6099,0.999409,0.000424
62,2999.61685,0.999344,0.000425
62,2999.62379,1.000376,0.000425
62,2999.63073,0.999938,0.000425
62,2999.63768,0.999472,0.000425
62,2999.64462,1.000254,0.000425
62,2999.65157,0.999855,0.000425
62,2999.65851,1.000019,0.000425
62,2999.66546,0.999759,0.000424
62,2999.6724,1.000277,0.000425
62,2999.67935,0.999372,0.000424
62,2999.68629,0.99965,0.000425
62,2999.69324,0.999708,0.000425
62,2999.70018,0.999658,0.000425
62,2999.70713,0.999892,0.000425
62,2999.71407,0.999667,0.000425
62,2999.72101,0.999821,0.000425
62,2999.72796,0.999607,0.000425
62,2999.7349,0.999454,0.000425
62,2999.74185,0.999299,0.000425
62,2999.74879,0.999475,0.000425
62,2999.75574,1.000194,0.000425
62,2999.76268,1.000899,0.000425
62,2999.76963,1.000574,0.000425
62,2999.77657,0.99996,0.000425
62,2999.78352,0.999452,0.000424
62,2999.79046,0.999596,0.000425
62,2999.7974,1.00029,0.000425
62,2999.80435,0.999728,0.000425
62,2999.81129,0.999798,0.000425
62,2999.81824,1.000199,0.000425
62,2999.82518,1.000055,0.000425
62,2999.83213,1.000251,0.000425
62,2999.83907,1.000136,0.000425
62,2999.84602,1.000102,0.000425
62,2999.85296,1.000157,0.000425
62,2999.85991,0.999819,0.000425
62,2999.86685,1.000932,0.000425
62,2999.87379,0.999468,0.000425
62,2999.88074,1.000408,0.000425
62,2999.88768,1.000276,0.000425
62,2999.89463,0.999264,0.000424
62,2999.90157,0.999875,0.000425
62,2999.90852,1.000118,0.000425
62,2999.91546,1.000005,0.000425
62,2999.92241,1.000044,0.000425
62,2999.92935,1.000457,0.000425
62,2999.9363,1.000014,0.000425
62,2999.94324,1.000588,0.000425
62,2999.95018,1.000047,0.000425
62,2999.95713,1.000911,0.000425
62,2999.96407,0.999812,0.000425
62,2999.97102,1.000763,0.000425
62,2999.97796,1.000089,0.000425
62,2999.98491,0.999912,0.000425
62,2999.99185,1.000607,0.000425
62,2999.9988,1.000188,0.000425
62,3000.00574,0.999666,0.000425
62,3000.01269,0.999076,0.000425
62,3000.01963,0.999154,0.000425
62,3000.02658,1.000454,0.000424
62,3000.03352,1.000086,0.000425
62,3000.04046,1.000691,0.000425
62,3000.04741,0.999564,0.000425
62,3000.05435,1.000085,0.000425
62,3000.0613,1.000377,0.000425
62,3000.06824,0.999937,0.000425
62,3000.07519,1.000352,0.000424
62,3000.08213,1.000202,0.000425
62,3000.08908,0.999705,0.000425
62,3000.09602,0.999501,0.000425
62,3000.10297,0.999741,0.000425
62,3000.10991,0.999489,0.000425
62,3000.11685,1.000354,0.000425
62,3000.1238,0.99999,0.000424
62,3000.13074,1.00057,0.000425
62,3000.13769,0.999766,0.000424
62,3000.14463,0.999321,0.000424
62,3000.15158,1.000008,0.000424
62,3000.15852,1.000153,0.000425
62,3000.16547,0.999629,0.000424
62,3000.17241,1.000114,0.000425
62,3000.17936,1.000007,0.000425
62,3000.1863,0.999619,0.000424
62,3000.19324,0.99963,0.000424
62,3000.20019,0.999163,0.000424
62,3000.20713,0.999954,0.000424
62,3000.21408,1.000406,0.000425
62,3000.22102,0.999209,0.000424
62,3000.22797,0.999545,0.000424
62,3000.23491,0.999895,0.000424
62,3000.24186,1.000674,0.000425
62,3000.2488,0.999784,0.000424
62,3000.25575,1.000019,0.000425
62,3000.26269,0.999845,0.000424
62,3000.26963,1.000489,0.000425
62,3000.27658,0.999984,0.000425
62,3000.28352,0.999874,0.000424
62,3000.29047,1.000503,0.000424
62,3000.29741,0.999142,0.000424
62,3000.30471,0.999821,0.000475
62,3000.3113,0.99934,0.000424
62,3000.31825,1.000166,0.000424
62,3000.32519,1.000051,0.000424
62,3000.33214,1.000316,0.000425
62,3000.33908,1.000418,0.000424
62,3000.34603,1.000743,0.000425
62,3000.35297,0.999822,0.000424
62,3000.35991,1.000381,0.000424
62,3000.36686,0.999756,0.000424
62,3000.3738,0.999919,0.000424
62,3000.38075,0.99931,0.000424
62,3000.38769,0.99892,0.000424
62,3000.39464,1.000221,0.000424
62,3000.40158,1.000043,0.000424
62,3000.40853,1.000318,0.000424
62,3000.41547,1.000392,0.000424
62,3000.42242,0.999603,0.000424
62,3000.42936,0.999978,0.000424
62,3000.4363,0.999652,0.000424
62,3000.44325,1.000237,0.000424
62,3000.45019,1.000645,0.000424
62,3000.45714,0.999645,0.000424
62,3000.46408,0.999849,0.000425
62,3000.47103,0.999729,0.000424
62,3000.47797,0.999843,0.000424
62,3000.48492,1.000245,0.000424
62,3000.49186,1.000198,0.000424
62,3000.49881,0.999659,0.000424
62,3000.50575,1.000424,0.000424
62,3000.51269,0.999505,0.000424
62,3000.51964,0.999841,0.000424
62,3000.52658,0.999859,0.000425
62,3000.53353,1.000133,0.000424
62,3000.54047,0.999821,0.000424
62,3000.54742,0.999422,0.000424
62,3000.55436,0.999877,0.000424
62,3000.56131,1.000843,0.000425
62,3000.56825,0.999705,0.000424
62,3000.5752,1.000219,0.000425
62,3000.58214,1.000232,0.000425
62,3000.58908,1.000423,0.000425
62,3000.59603,0.999048,0.000424
62,3000.60297,1.000083,0.000425
62,3000.60992,0.999912,0.000425
62,3000.61686,0.999646,0.000425
62,3000.62381,1.000179,0.000425
62,3000.63075,0.999993,0.000426
62,3000.6377,1.000231,0.000426
62,3000.64464,0.999913,0.000426
62,3000.65159,1.000451,0.000427
62,3000.65853,0.999932,0.000428
62,3000.66547,1.000017,0.000428
62,3000.67242,1.000332,0.000429
62,3000.67936,0.999463,0.000429
62,3000.68631,1.000657,0.000429
62,3000.69325,1.000333,0.00043
62,3000.7002,1.000211,0.00043
62,3000.70714,0.999867,0.00043
62,3000.71409,1.000204,0.000431
62,3000.72103,0.999436,0.000431
62,3000.72798,0.999387,0.000431
62,3000.73492,0.999528,0.000432
62,3000.74187,0.99887,0.000432
62,3000.74881,0.999575,0.000433
62,3000.75575,1.000506,0.000434
62,3000.7627,1.000134,0.000435
62,3000.76964,0.999952,0.000436
62,3000.77659,0.999942,0.000436
62,3000.78353,1.000609,0.000436
62,3000.79048,0.999944,0.000436
62,3000.79742,0.999377,0.000436
62,3000.80437,1.0,0.000436
62,3000.81131,1.000567,0.000436
62,3000.81826,1.00005,0.000436
62,3000.82451,1.000046,0.000488
62,3002.89746,0.998953,0.001007
62,3002.90162,0.999685,0.00045
62,3002.90857,1.000109,0.000449
62,3002.91551,1.000038,0.000449
62,3002.92246,0.999913,0.000448
62,3002.9294,1.000285,0.000448
62,3002.93635,0.999734,0.000447
62,3002.94329,1.000576,0.000446
62,3002.95023,1.000584,0.000446
62,3002.95718,0.999725,0.000445
62,3002.96412,0.999676,0.000445
62,3002.97107,0.999084,0.000444
62,3002.97801,1.00008,0.000444
62,3002.98496,0.999445,0.000443
62,3002.9919,0.99959,0.000443
62,3002.99885,1.000386,0.000443
62,3003.00579,1.000339,0.000442
62,3003.01274,0.999869,0.000442
62,3003.01968,0.999222,0.000441
62,3003.02662,1.000107,0.000441
62,3003.03357,0.999557,0.00044
62,3003.04051,0.999802,0.00044
62,3003.04746,0.999641,0.00044
62,3003.0544,0.999411,0.000439
62,3003.06135,0.999957,0.000439
62,3003.06829,1.000586,0.000438
62,3003.07524,1.000295,0.000438
62,3003.08218,0.999977,0.000438
62,3003.08913,1.000317,0.000437
62,3003.09607,1.000022,0.000437
62,3003.10301,1.000236,0.000436
62,3003.10996,1.00027,0.000436
62,3003.1169,1.000537,0.000435
62,3003.12385,0.999554,0.000434
62,3003.13079,1.000273,0.000434
62,3003.13774,0.999894,0.000433
62,3003.14468,1.000234,0.000433
62,3003.15163,0.999904,0.000432
62,3003.15857,1.000665,0.000432
62,3003.16552,1.000279,0.000432
62,3003.17246,1.000275,0.000431
62,3003.1794,0.999914,0.000431
62,3003.18635,1.000405,0.00043
62,3003.19329,1.000302,0.00043
62,3003.20024,1.000141,0.000429
62,3003.20718,1.000101,0.000429
62,3003.21413,1.001219,0.000429
62,3003.22107,1.000471,0.000428
62,3003.22802,0.999611,0.000428
62,3003.23496,0.999376,0.000428
62,3003.24191,0.999818,0.000427
62,3003.24885,0.999701,0.000427
62,3003.25579,1.00016,0.000427
62,3003.26274,0.999665,0.000427
62,3003.26968,0.999921,0.000426
62,3003.27663,0.99881,0.000426
62,3003.28357,0.999814,0.000426
62,3003.29052,1.000126,0.000426
62,3003.29746,0.999555,0.000426
62,3003.30441,1.000355,0.000425
62,3003.31135,0.999547,0.000425
62,3003.3183,0.998945,0.000425
62,3003.32524,0.999979,0.000425
62,3003.33218,1.000005,0.000425
62,3003.33913,1.000544,0.000425
62,3003.34607,0.999748,0.000425
62,3003.35302,0.999955,0.000425
62,3003.35996,1.000167,0.000425
62,3003.36691,0.999296,0.000425
62,3003.37385,1.000034,0.000425
62,3003.3808,0.999431,0.000424
62,3003.38774,0.999834,0.000424
62,3003.39469,1.000361,0.000425
62,3003.40163,1.000027,0.000424
62,3003.40858,0.999566,0.000424
62,3003.41483,1.000168,0.000475
62,3003.42246,1.00031,0.000425
62,3003.42941,0.99997,0.000425
62,3003.43635,1.000193,0.000424
62,3003.4433,0.999432,0.000424
62,3003.45024,0.999867,0.000425
62,3003.45719,1.000826,0.000425
62,3003.46413,1.000301,0.000425
62,3003.47108,0.999235,0.000425
62,3003.47802,1.000586,0.000425
62,3003.48497,0.99985,0.000425
62,3003.49191,1.000155,0.000425
62,3003.49885,0.999732,0.000424
62,3003.5058,0.999904,0.000425
62,3003.51274,1.000335,0.000425
62,3003.51969,0.999824,0.000425
62,3003.52663,1.000268,0.000425
62,3003.53358,0.999876,0.000425
62,3003.54052,0.999589,0.000425
62,3003.54747,0.999826,0.000425
62,3003.55441,0.999839,0.000425
62,3003.56136,1.000107,0.000424
62,3003.5683,0.999356,0.000424
62,3003.57524,1.00011,0.000425
62,3003.58219,1.00034,0.000425
62,3003.58913,0.999996,0.000425
62,3003.59608,1.000156,0.000425
62,3003.60302,1.000109,0.000425
62,3003.60997,1.000059,0.000424
62,3003.61691,1.00012,0.000425
62,3003.62386,0.999923,0.000425
62,3003.6308,0.999608,0.000425
62,3003.63775,0.99994,0.000425
62,3003.64469,0.999314,0.000424
62,3003.65163,1.000011,0.000425
62,3003.65858,1.000342,0.000425
62,3003.66552,1.000279,0.000425
62,3003.67247,1.00071,0.000425
62,3003.67941,0.999706,0.000424
62,3003.68636,0.999878,0.000424
62,3003.6933,0.999879,0.000424
62,3003.70025,0.999768,0.000424
62,3003.70719,0.999993,0.000425
62,3003.71414,0.999982,0.000425
62,3003.72108,1.000813,0.000425
62,3003.72802,1.00019,0.000424
62,3003.73497,0.999811,0.000425
62,3003.74191,1.000651,0.000425
62,3003.74886,1.000134,0.000424
62,3003.7558,1.000127,0.000425
62,3003.76275,1.000263,0.000425
62,3003.76969,1.000235,0.000425
62,3003.77664,1.000467,0.000424
62,3003.78358,1.000158,0.000425
62,3003.79053,0.999824,0.000425
62,3003.79747,0.999722,0.000424
62,3003.80441,0.99966,0.000424
62,3003.81136,0.999019,0.000424
62,3003.8183,0.999623,0.000425
62,3003.82525,0.999046,0.000425
62,3003.83219,1.0001,0.000424
62,3003.83914,0.999979,0.000425
62,3003.84608,1.000296,0.000425
62,3003.85303,1.000041,0.000425
62,3003.85997,0.999906,0.000425
62,3003.86692,0.999121,0.000424
62,3003.87386,0.99962,0.000425
62,3003.8808,1.000566,0.000425
62,3003.88775,1.000172,0.000425
62,3003.89469,1.000149,0.000425
62,3003.90164,0.999927,0.000425
62,3003.90858,1.000465,0.000425
62,3003.91553,1.000676,0.000425
62,3003.92247,1.000029,0.000425
62,3003.92942,0.99975,0.000424
62,3003.93636,0.999787,0.000424
62,3003.94331,0.999092,0.000424
62,3003.95025,0.999991,0.000424
62,3003.95719,1.000438,0.000425
62,3003.96414,0.999902,0.000425
62,3003.97108,1.000522,0.000425
62,3003.97803,1.000412,0.000425
62,3003.98497,0.999661,0.000424
62,3003.99192,0.99987,0.000424
62,3003.99886,0.999543,0.000425
62,3004.00581,0.999818,0.000424
62,3004.01275,1.000256,0.000425
62,3004.0197,1.000071,0.000424
62,3004.02664,0.999866,0.000424
62,3004.03359,0.998952,0.000424
62,3004.04053,1.000133,0.000425
62,3004.04747,1.000536,0.000425
62,3004.05442,1.001017,0.000425
62,3004.06136,1.000931,0.000425
62,3004.06831,0.999792,0.000424
62,3004.07525,0.999975,0.000425
62,3004.0822,1.000131,0.000425
62,3004.08914,0.99995,0.000425
62,3004.09609,1.000245,0.000425
62,3004.10303,0.999982,0.000425
62,3004.10998,1.000082,0.000424
62,3004.11692,1.000173,0.000425
62,3004.12386,1.000439,0.000425
62,3004.13081,0.999543,0.000424
62,3004.13775,1.000692,0.000425
62,3004.1447,0.999986,0.000424
62,3004.15164,1.000141,0.000425
62,3004.15859,0.999824,0.000425
62,3004.16553,1.000162,0.000425
62,3004.17248,1.000326,0.000425
62,3004.17942,1.000323,0.000425
62,3004.18637,0.999992,0.000424
62,3004.19331,1.000436,0.000425
62,3004.20025,0.999421,0.000424
62,3004.2072,0.999994,0.000424
62,3004.21414,0.998866,0.000424
62,3004.22109,0.999884,0.000425
62,3004.22803,0.999888,0.000425
62,3004.23498,1.000105,0.000425
62,3004.24192,0.999773,0.000424
62,3004.24887,1.000328,0.000425
62,3004.25581,0.999504,0.000424
62,3004.26276,1.000065,0.000424
62,3004.2697,0.999892,0.000425
62,3004.27664,1.000174,0.000424
62,3004.28359,1.000033,0.000425
62,3004.29053,0.99989,0.000424
62,3004.29748,0.999903,0.000424
62,3004.30442,1.000324,0.000425
62,3004.31137,1.000002,0.000424
62,3004.31831,0.99994,0.000424
62,3004.32526,0.999595,0.000424
62,3004.3322,1.00127,0.000425
62,3004.33915,0.999542,0.000424
62,3004.34609,0.999701,0.000425
62,3004.35303,0.99939,0.000424
62,3004.35998,0.999978,0.000425
62,3004.36692,0.999441,0.000424
62,3004.37387,0.999861,0.000425
62,3004.38081,1.00012,0.000425
62,3004.38776,0.999864,0.000425
62,3004.3947,0.99902,0.000424
62,3004.40165,1.000078,0.000425
62,3004.40859,1.000158,0.000425
62,3004.41554,0.999273,0.000424
62,3004.42248,1.000183,0.000424
62,3004.42942,1.000326,0.000424
62,3004.43637,1.000499,0.000425
62,3004.44331,0.999832,0.000424
62,3004.45026,0.999889,0.000424
62,3004.4572,1.000371,0.000424
62,3004.46415,1.000434,0.000424
62,3004.47109,1.000045,0.000425
62,3004.47804,1.000095,0.000425
62,3004.48498,1.000376,0.000424
62,3004.49193,1.000944,0.000425
62,3004.49887,1.000038,0.000424
62,3004.50581,0.9998,0.000425
62,3004.51276,1.000529,0.000425
62,3004.5197,1.000337,0.000425
62,3004.52665,1.000143,0.000425
62,3004.53359,0.999745,0.000425
62,3004.54054,1.000168,0.000425
62,3004.54748,1.000555,0.000425
62,3004.55443,1.00009,0.000424
62,3004.56137,0.999883,0.000424
62,3004.56832,1.001116,0.000425
62,3004.57526,1.000517,0.000424
62,3004.5822,1.000331,0.000425
62,3004.58915,1.000041,0.000425
62,3004.59609,0.999536,0.000425
62,3004.60304,0.999908,0.000425
62,3004.60998,0.999738,0.000425
62,3004.61693,0.999847,0.000424
62,3004.62387,1.00012,0.000425
62,3004.63082,0.999336,0.000425
62,3004.63776,0.999391,0.000424
62,3004.64471,0.999482,0.000424
62,3004.65165,1.000032,0.000425
62,3004.65859,0.999696,0.000424
62,3004.66554,0.999581,0.000425
62,3004.67248,1.000077,0.000424
62,3004.67943,1.00078,0.000425
62,3004.68637,0.999682,0.000424
62,3004.69332,1.000431,0.000425
62,3004.70026,1.00068,0.000425
62,3004.70721,1.000147,0.000424
62,3004.71415,0.999727,0.000425
62,3004.7211,0.998939,0.000424
62,3004.72804,0.999562,0.000424
62,3004.73498,0.999973,0.000424
62,3004.74193,0.999907,0.000424
62,3004.74887,1.000765,0.000425
62,3004.75582,1.000099,0.000425
62,3004.76276,1.000187,0.000425
62,3004.76971,0.999537,0.000424
62,3004.77665,0.999959,0.000425
62,3004.7836,0.999905,0.000424
62,3004.79054,0.999296,0.000424
62,3004.79749,0.999284,0.000424
62,3004.80443,0.999791,0.000424
62,3004.81137,0.999431,0.000424
62,3004.81832,1.000633,0.000425
62,3004.82526,0.999228,0.000424
62,3004.83221,1.000077,0.000424
62,3004.83915,1.000303,0.000424
62,3004.8461,0.999561,0.000424
62,3004.85304,0.999917,0.000424
62,3004.85999,0.999217,0.000424
62,3004.86693,0.999955,0.000424
62,3004.87388,0.999991,0.000424
62,3004.88082,1.00014,0.000424
62,3004.88776,1.000279,0.000424
62,3004.89471,0.999891,0.000424
62,3004.90165,1.000539,0.000425
62,3004.9086,1.000725,0.000425
62,3004.91554,1.000165,0.000424
62,3004.92249,0.999695,0.000424
62,3004.92943,1.000354,0.000425
62,3004.93638,1.000769,0.000424
62,3004.94332,1.000012,0.000424
62,3004.95027,1.000153,0.000425
62,3004.95756,1.000016,0.000474
62,3004.96415,1.00018,0.000425
62,3004.9711,1.000909,0.000424
62,3004.97804,1.000482,0.000424
62,3004.98499,0.999886,0.000424
62,3004.99193,0.999935,0.000424
62,3004.99888,1.000017,0.000424
62,3005.00582,1.000571,0.000425
62,3005.01277,0.99998,0.000424
62,3005.01971,1.00018,0.000424
62,3005.02666,0.999789,0.000424
62,3005.0336,0.999522,0.000424
62,3005.04054,1.000057,0.000424
62,3005.04749,1.000084,0.000425
62,3005.05443,1.000194,0.000424
62,3005.06138,0.999819,0.000424
62,3005.06832,1.000307,0.000424
62,3005.07527,1.0,0.000424
62,3005.08221,0.999663,0.000424
62,3005.08916,1.000448,0.000425
62,3005.0961,0.999951,0.000424
62,3005.10305,0.999733,0.000424
62,3005.10999,1.000066,0.000425
62,3005.11693,1.000212,0.000425
62,3005.12388,0.999288,0.000424
62,3005.13082,0.99921,0.000424
62,3005.13777,0.998961,0.000424
62,3005.14471,0.999484,0.000424
62,3005.15166,0.999269,0.000424
62,3005.1586,0.999278,0.000424
62,3005.16555,0.999398,0.000424
62,3005.17249,1.000066,0.000424
62,3005.17944,1.000595,0.000425
62,3005.18638,1.000037,0.000424
62,3005.19332,0.999877,0.000424
62,3005.20027,0.999465,0.000424
62,3005.20721,1.00002,0.000425
62,3005.21416,0.999917,0.000424
62,3005.2211,1.000484,0.000424
62,3005.22805,1.000328,0.000424
62,3005.23499,0.999607,0.000424
62,3005.24194,0.99969,0.000424
62,3005.24888,1.00048,0.000425
62,3005.25583,0.999845,0.000424
62,3005.26277,1.000783,0.000425
62,3005.26971,1.000621,0.000424
62,3005.27666,1.000521,0.000425
62,3005.2836,1.000029,0.000424
62,3005.29055,1.000201,0.000424
62,3005.29749,0.999526,0.000424
62,3005.30444,1.000663,0.000425
62,3005.31138,1.000256,0.000424
62,3005.31833,0.999948,0.000424
62,3005.32527,1.000243,0.000424
62,3005.33222,1.000167,0.000424
62,3005.33916,0.999648,0.000424
62,3005.3461,0.999357,0.000424
62,3005.35305,1.000044,0.000424
62,3005.35999,1.000047,0.000424
62,3005.36694,1.000435,0.000425
62,3005.37388,0.99994,0.000424
62,3005.38083,0.999645,0.000424
62,3005.38777,1.000127,0.000424
62,3005.39472,1.000118,0.000424
62,3005.40166,0.999915,0.000424
62,3005.40861,0.999431,0.000424
62,3005.41555,0.999928,0.000424
62,3005.42249,1.000447,0.000424
62,3005.42944,1.000395,0.000424
62,3005.43638,1.000581,0.000425
62,3005.44333,0.999805,0.000424
62,3005.45027,1.000837,0.000424
62,3005.45722,1.000029,0.000424
62,3005.46416,0.999758,0.000424
62,3005.47111,1.000091,0.000424
62,3005.47805,0.999071,0.000424
62,3005.485,1.000737,0.000425
62,3005.49125,1.000124,0.000475
62,3005.49888,0.999728,0.000424
62,3005.50583,0.999608,0.000424
62,3005.51277,0.99996,0.000424
62,3005.51972,1.000113,0.000424
62,3005.52666,0.999901,0.000424
62,3005.53361,0.999357,0.000424
62,3005.54055,0.999537,0.000424
62,3005.5475,0.999714,0.000424
62,3005.55444,1.000869,0.000425
62,3005.56139,1.000068,0.000425
62,3005.56833,0.999738,0.000424
62,3005.57527,1.000468,0.000424
62,3005.58222,0.999957,0.000425
62,3005.58916,0.99993,0.000424
62,3005.59611,1.000438,0.000424
62,3005.60305,0.999871,0.000424
62,3005.61,1.000228,0.000424
62,3005.61694,1.000013,0.000424
62,3005.62389,0.999753,0.000424
62,3005.63083,0.999604,0.000424
62,3005.63778,0.999922,0.000424
62,3005.64472,0.999904,0.000424
62,3005.65166,1.000127,0.000424
62,3005.65861,0.999347,0.000424
62,3005.66555,0.999781,0.000424
62,3005.6725,1.000112,0.000424
62,3005.67944,1.00072,0.000424
62,3005.68639,0.999433,0.000424
62,3005.69333,1.000496,0.000424
62,3005.70028,0.999881,0.000424
62,3005.70722,0.999172,0.000424
62,3005.71417,1.00015,0.000424
62,3005.72111,0.999809,0.000424
62,3005.72805,0.999086,0.000424
62,3005.735,0.999074,0.000424
62,3005.74194,1.000167,0.000424
62,3005.74889,1.000534,0.000424
62,3005.75583,0.999673,0.000424
62,3005.76278,0.999955,0.000424
62,3005.76972,0.999476,0.000424
62,3005.77667,1.000002,0.000424
62,3005.78361,1.000398,0.000424
62,3005.79056,0.999938,0.000424
62,3005.7975,0.999824,0.000424
62,3005.80444,0.999249,0.000424
62,3005.81139,1.001275,0.000425
62,3005.81833,0.999959,0.000424
62,3005.82528,0.999918,0.000424
62,3005.83222,0.999975,0.000425
62,3005.83917,0.999943,0.000424
62,3005.84611,1.00027,0.000424
62,3005.85306,0.999422,0.000424
62,3005.86,1.000775,0.000425
62,3005.86695,0.999596,0.000424
62,3005.87389,1.000398,0.000424
62,3005.88083,1.000749,0.000424
62,3005.88778,1.000285,0.000424
62,3005.89472,1.000323,0.000424
62,3005.90167,0.999614,0.000424
62,3005.90861,0.999755,0.000424
62,3005.91556,1.000134,0.000424
62,3005.9225,1.000217,0.000425
62,3005.92945,0.999918,0.000424
62,3005.93639,1.00061,0.000425
62,3005.94333,1.000132,0.000424
62,3005.95028,1.000434,0.000424
62,3005.95722,1.000458,0.000424
62,3005.96417,0.999891,0.000424
62,3005.97111,0.999272,0.000424
62,3005.97806,0.999608,0.000424
62,3005.985,0.999467,0.000424
62,3005.99195,0.999277,0.000424
62,3005.99889,0.999787,0.000424
62,3006.00584,0.999834,0.000424
62,3006.01278,1.000354,0.000424
62,3006.01972,1.000473,0.000424
62,3006.02667,0.999698,0.000424
62,3006.03361,1.000124,0.000424
62,3006.04021,0.999758,0.000474
62,3006.0475,0.999477,0.000424
62,3006.05445,1.000068,0.000424
62,3006.06139,0.999356,0.000424
62,3006.06834,0.999921,0.000424
62,3006.07528,1.000059,0.000424
62,3006.08223,1.000015,0.000424
62,3006.08917,0.999976,0.000424
62,3006.09611,1.00023,0.000424
62,3006.10306,0.999655,0.000424
62,3006.11,0.999645,0.000424
62,3006.11695,1.000616,0.000424
62,3006.12389,0.999607,0.000424
62,3006.13084,0.999894,0.000424
62,3006.13778,1.00014,0.000424
62,3006.14473,1.000471,0.000424
62,3006.15167,1.000012,0.000424
62,3006.15862,1.0004,0.000425
62,3006.16556,0.999954,0.000424
62,3006.1725,0.999322,0.000424
62,3006.17945,1.000198,0.000424
62,3006.18639,1.000136,0.000424
62,3006.19334,0.999058,0.000424
62,3006.20028,0.999714,0.000424
62,3006.20723,1.000231,0.000424
62,3006.21417,1.000251,0.000425
62,3006.22112,1.000678,0.000424
62,3006.22806,1.000275,0.000475
62,3006.23501,0.999938,0.000424
62,3006.24195,1.00056,0.000425
62,3006.24889,0.998976,0.000424
62,3006.25584,1.00068,0.000424
62,3006.26278,0.999791,0.000424
62,3006.26973,1.000291,0.000424
62,3006.27667,1.000986,0.000424
62,3006.28362,1.000264,0.000424
62,3006.29056,1.00041,0.000424
62,3006.29751,1.000288,0.000425
62,3006.30445,1.000241,0.000424
62,3006.3114,1.000819,0.000424
62,3006.31834,0.99983,0.000424
62,3006.32528,0.999916,0.000424
62,3006.33223,0.99901,0.000424
62,3006.33848,0.999799,0.000475
62,3006.34612,1.000147,0.000425
62,3006.35306,1.000006,0.000424
62,3006.36001,1.000441,0.000424
62,3006.36695,1.000581,0.000424
62,3006.3739,1.00005,0.000424
62,3006.38084,1.000234,0.000424
62,3006.38779,0.999921,0.000424
62,3006.39473,0.999842,0.000424
62,3006.40167,0.999278,0.000424
62,3006.40862,0.999148,0.000424
62,3006.41556,0.999333,0.000424
62,3006.42251,1.000545,0.000424
62,3006.42945,1.000205,0.000424
62,3006.4364,0.998853,0.000424
62,3006.44334,0.999557,0.000424
62,3006.45029,1.001227,0.000424
62,3006.45723,0.99986,0.000424
62,3006.46383,0.999565,0.000474
62,3006.47112,1.000185,0.000424
62,3006.47806,0.999915,0.000425
62,3006.48501,0.999749,0.000424
62,3006.49195,0.999505,0.000424
62,3006.4989,1.000369,0.000424
62,3006.50584,1.000177,0.000425
62,3006.51279,0.999986,0.000424
62,3006.51973,0.999334,0.000424
62,3006.52668,1.000206,0.000424
62,3006.53362,1.000003,0.000424
62,3006.54056,1.000443,0.000424
62,3006.54751,1.000562,0.000424
62,3006.55445,1.000392,0.000424
62,3006.5614,1.000075,0.000424
62,3006.56834,0.999884,0.000424
62,3006.57459,0.999667,0.000474
62,3006.58223,1.000047,0.000424
62,3006.58918,0.999601,0.000424
62,3006.59612,1.000126,0.000424
62,3006.60307,1.000445,0.000425
62,3006.61001,0.99964,0.000424
62,3006.61695,0.999448,0.000424
62,3006.6239,0.99973,0.000424
62,3006.63084,0.999206,0.000424
62,3006.63779,0.999478,0.000424
62,3006.64473,1.000072,0.000424
62,3006.65168,0.999843,0.000424
62,3006.65862,0.999064,0.000424
62,3006.66557,1.000621,0.000424
62,3006.67286,0.999915,0.000474
62,3006.67946,0.999834,0.000424
62,3006.6864,1.001383,0.000424
62,3006.69334,1.000107,0.000424
62,3006.70029,1.000306,0.000424
62,3006.70723,0.999908,0.000424
62,3006.71418,1.000443,0.000424
62,3006.72112,1.00004,0.000424
62,3006.72807,0.999869,0.000424
62,3006.73501,0.999326,0.000424
62,3006.74196,0.999742,0.000424
62,3006.7489,1.000314,0.000424
62,3006.75585,1.000151,0.000424
62,3006.76279,0.999907,0.000424
62,3006.76973,1.000417,0.000424
62,3006.77668,1.00014,0.000424
62,3006.78362,1.000103,0.000424
62,3006.79057,1.00071,0.000424
62,3006.79751,0.999319,0.000424
62,3006.80515,0.999287,0.000474
62,3006.8114,1.000078,0.000424
62,3006.81835,1.000441,0.000424
62,3006.82529,0.999982,0.000424
62,3006.83224,1.00016,0.000424
62,3006.83918,1.001148,0.000424
62,3006.84612,1.000294,0.000424
62,3006.85307,1.000286,0.000424
62,3006.86001,0.999481,0.000424
62,3006.86731,1.000179,0.000474
62,3006.8739,1.000476,0.000424
62,3006.88085,1.000439,0.000424
62,3006.88779,0.999938,0.000424
62,3006.89474,1.000814,0.000424
62,3006.90168,0.999939,0.000424
62,3006.90863,0.99979,0.000424
62,3006.91557,1.000433,0.000424
62,3006.92286,1.000434,0.000474
62,3006.92946,1.000369,0.000424
62,3006.9364,0.999796,0.000424
62,3006.94335,0.999516,0.000424
62,3006.95029,0.999577,0.000424
62,3006.95724,1.000751,0.000424
62,3006.96418,1.000405,0.000425
62,3006.97113,0.999755,0.000424
62,3006.97807,0.999356,0.000424
62,3006.98501,0.999878,0.000424
62,3006.99196,1.000123,0.000424
62,3006.9989,0.999539,0.000424
62,3007.00585,0.999685,0.000424
62,3007.01279,0.998792,0.000424
62,3007.01974,0.999934,0.000424
62,3007.02668,0.999793,0.000424
62,3007.03363,0.999655,0.000424
62,3007.04057,0.999221,0.000424
62,3007.04752,0.999562,0.000424
62,3007.05446,0.999607,0.000424
62,3007.0614,1.000484,0.000424
62,3007.06835,1.000647,0.000424
62,3007.07529,0.999868,0.000424
62,3007.08224,1.000072,0.000424
62,3007.08918,0.999779,0.000424
62,3007.09613,0.999982,0.000424
62,3007.10307,1.00004,0.000424
62,3007.11002,1.000503,0.000424
62,3007.11696,0.999389,0.000424
62,3007.12356,1.00011,0.000474
62,3007.13085,1.000101,0.000424
62,3007.13779,1.000574,0.000424
62,3007.14474,1.000058,0.000424
62,3007.15168,1.000317,0.000424
62,3007.15863,1.00017,0.000424
62,3007.16557,1.000742,0.000425
62,3007.17252,1.000157,0.000424
62,3007.17946,1.000265,0.000424
62,3007.18675,1.000648,0.000475
62,3007.19335,1.000814,0.000424
62,3007.2003,1.000848,0.000424
62,3007.20724,0.999776,0.000424
62,3007.21418,0.999972,0.000424
62,3007.22113,1.000155,0.000424
62,3007.22877,0.999786,0.000474
62,3007.23502,1.000473,0.000424
62,3007.24196,0.999927,0.000474
62,3007.2496,0.999794,0.000474
62,3007.25585,0.999836,0.000424
62,3007.2628,0.999328,0.000424
62,3007.26974,1.00022,0.000424
62,3007.27668,0.999817,0.000424
62,3007.28432,1.000293,0.000474
62,3007.29057,0.999975,0.000424
62,3007.29752,1.000069,0.000424
62,3007.30481,1.000406,0.000475
62,3007.31106,0.999861,0.000474
62,3007.31835,1.000153,0.000424
62,3007.32495,1.001046,0.000474
62,3007.33317,0.999823,0.000548
62,3007.33919,0.999558,0.000424
62,3007.34578,0.999955,0.000474
62,3007.35307,1.00031,0.000424
62,3007.36002,0.999807,0.000424
62,3007.36696,1.000143,0.000425
62,3007.37391,1.000118,0.000424
62,3007.38085,0.999812,0.000424
62,3007.3878,0.99988,0.000424
62,3007.39474,0.999994,0.000425
62,3007.40169,0.999101,0.000424
62,3007.40863,0.999687,0.000424
62,3007.41558,0.999421,0.000424
62,3007.42252,1.000574,0.000425
62,3007.42946,0.999673,0.000424
62,3007.43641,1.000098,0.000424
62,3007.44335,0.999192,0.000424
62,3007.4503,1.000272,0.000425
62,3007.45724,0.999459,0.000424
62,3007.46419,0.999779,0.000424
62,3007.47113,0.999977,0.000425
62,3007.47808,1.000309,0.000425
62,3007.48502,1.000428,0.000424
62,3007.49197,1.000333,0.000425
62,3007.49891,0.999711,0.000425
62,3007.50585,1.000831,0.000425
62,3007.5128,0.999845,0.000425
62,3007.51974,1.000485,0.000425
62,3007.52669,0.999876,0.000425
62,3007.53363,0.999998,0.000424
62,3007.5378,1.000989,0.000949
62,3007.75655,0.998867,0.000475
62,3007.7628,0.999009,0.000425
62,3007.76975,0.999603,0.000425
62,3007.77669,0.999092,0.000424
62,3007.78364,1.000033,0.000425
62,3007.79058,0.999089,0.000424
62,3007.79752,0.999787,0.000425
62,3007.80447,1.000332,0.000425
62,3007.81141,0.999318,0.000425
62,3007.81836,0.999192,0.000424
62,3007.8253,1.000061,0.000425
62,3007.83225,1.0002,0.000424
62,3007.83919,0.999218,0.000424
62,3007.84614,0.999778,0.000424
62,3007.85308,1.000002,0.000425
62,3007.86002,0.999869,0.000424
62,3007.86697,0.999976,0.000425
62,3007.87391,1.000383,0.000424
62,3007.88086,1.000205,0.000424
62,3007.8878,1.000033,0.000424
62,3007.89475,0.999957,0.000425
62,3007.90169,0.999964,0.000425
62,3007.90864,1.000029,0.000425
62,3007.91558,1.000326,0.000424
62,3007.92253,1.000514,0.000425
62,3007.92947,1.000146,0.000424
62,3007.93641,1.000115,0.000425
62,3007.94336,0.999667,0.000425
62,3007.9503,1.000376,0.000425
62,3007.95725,1.000016,0.000424
62,3007.96419,1.000199,0.000425
62,3007.97114,1.000272,0.000424
62,3007.97808,1.000185,0.000425
62,3007.98503,0.999904,0.000424
62,3007.99197,1.000095,0.000425
62,3007.99892,1.000647,0.000425
62,3008.00586,0.999806,0.000424
62,3008.0128,0.99998,0.000424
62,3008.01975,1.000408,0.000425
62,3008.02669,1.000878,0.000425
62,3008.03364,1.000166,0.000425
62,3008.04058,0.999941,0.000425
62,3008.04753,0.999777,0.000424
62,3008.05447,0.999897,0.000424
62,3008.06142,1.000281,0.000425
62,3008.06836,1.000514,0.000425
62,3008.0753,1.000316,0.000425
62,3008.08225,0.999627,0.000424
62,3008.08919,1.000827,0.000425
62,3008.09614,1.000205,0.000425
62,3008.10308,1.000297,0.000425
62,3008.11003,1.000171,0.000425
62,3008.11697,0.999863,0.000425
62,3008.12392,0.999876,0.000424
62,3008.13086,0.999142,0.000424
62,3008.13781,1.000593,0.000425
62,3008.14475,0.999285,0.000424
62,3008.15169,1.000517,0.000425
62,3008.15864,1.000026,0.000425
62,3008.16558,1.000138,0.000425
62,3008.17253,1.000648,0.000425
62,3008.17947,0.999616,0.000424
62,3008.18642,0.999864,0.000425
62,3008.19336,1.000132,0.000425
62,3008.20031,1.000009,0.000424
62,3008.20725,0.998854,0.000424
62,3008.2142,0.99909,0.000424
62,3008.22114,1.000199,0.000425
62,3008.22808,1.000178,0.000425
62,3008.23503,0.999757,0.000425
62,3008.24197,0.999459,0.000424
62,3008.24892,1.000384,0.000425
62,3008.25586,0.999263,0.000424
62,3008.26281,0.999341,0.000424
62,3008.26975,0.999335,0.000424
62,3008.2767,1.000309,0.000425
62,3008.28364,0.999357,0.000424
62,3008.29058,0.999832,0.000425
62,3008.29753,0.999309,0.000424
62,3008.30447,1.000251,0.000425
62,3008.31142,1.000249,0.000425
62,3008.31836,1.000269,0.000424
62,3008.32531,0.999878,0.000425
62,3008.33225,0.999933,0.000424
62,3008.3392,1.000408,0.000425
62,3008.34614,0.999952,0.000425
62,3008.35309,0.99981,0.000425
62,3008.36003,1.000321,0.000424
62,3008.36697,0.99986,0.000425
62,3008.37392,0.999872,0.000425
62,3008.38086,1.000266,0.000425
62,3008.38781,1.000055,0.000425
62,3008.39475,1.000003,0.000425
62,3008.4017,1.000273,0.000425
62,3008.40864,1.000427,0.000425
62,3008.41559,0.999933,0.000425
62,3008.42253,1.000282,0.000425
62,3008.42948,1.000023,0.000425
62,3008.43642,1.000211,0.000424
62,3008.44336,1.000059,0.000425
62,3008.45031,0.999625,0.000425
62,3008.45725,0.999834,0.000425
62,3008.4642,0.999321,0.000425
62,3008.47114,1.000453,0.000425
62,3008.47809,0.999853,0.000425
62,3008.48503,1.000105,0.000425
62,3008.49198,1.000382,0.000425
62,3008.49892,0.99956,0.000425
62,3008.50621,0.999358,0.000475
62,3008.51281,1.000514,0.000425
62,3008.51975,0.999385,0.000425
62,3008.5267,1.000128,0.000425
62,3008.53364,1.000549,0.000425
62,3008.54059,1.000344,0.000425
62,3008.54753,1.000024,0.000425
62,3008.55448,1.000215,0.000425
62,3008.56212,1.000176,0.000475
62,3008.56837,0.99981,0.000425
62,3008.57531,0.999532,0.000424
62,3008.58225,0.999903,0.000425
62,3008.5892,1.000565,0.000425
62,3008.59614,1.000353,0.000425
62,3008.60309,1.000684,0.000425
62,3008.61003,0.999377,0.000425
62,3008.61698,1.000082,0.000425
62,3008.62392,0.999372,0.000424
62,3008.63087,0.999456,0.000425
62,3008.63781,0.999448,0.000425
62,3008.64476,1.000433,0.000425
62,3008.6517,0.999886,0.000425
62,3008.65864,1.000039,0.000425
62,3008.66559,0.99994,0.000425
62,3008.67253,1.000267,0.000425
62,3008.67948,0.999687,0.000425
62,3008.68642,0.999204,0.000425
62,3008.69337,0.999229,0.000425
62,3008.70031,0.999567,0.000425
62,3008.70726,0.999579,0.000425
62,3008.7142,0.99948,0.000424
62,3008.72114,1.000243,0.000425
62,3008.72809,1.000065,0.000425
62,3008.73503,1.000199,0.000425
62,3008.74198,0.999796,0.000425
62,3008.74892,1.000477,0.000425
62,3008.75587,1.000147,0.000425
62,3008.76281,0.999981,0.000425
62,3008.76976,1.000544,0.000425
62,3008.7767,1.000345,0.000425
62,3008.78365,0.999477,0.000425
62,3008.79059,1.000381,0.000425
62,3008.79753,1.000062,0.000425
62,3008.80448,1.000394,0.000425
62,3008.81142,0.999379,0.000424
62,3008.81837,1.000322,0.000425
62,3008.82531,0.999558,0.000425
62,3008.83226,0.999659,0.000425
62,3008.8392,1.00005,0.000425
62,3008.84615,1.000503,0.000425
62,3008.85309,1.000553,0.000425
62,3008.86038,1.000422,0.000475
62,3008.86698,1.000096,0.000425
62,3008.87392,0.999674,0.000424
62,3008.88087,0.999727,0.000425
62,3008.88781,1.000369,0.000425
62,3008.89476,0.999722,0.000425
62,3008.9017,1.000062,0.000425
62,3008.90865,0.999702,0.000425
62,3008.91559,0.99989,0.000425
62,3008.92254,1.000073,0.000425
62,3008.92948,1.000077,0.000425
62,3008.93642,0.999749,0.000425
62,3008.94337,0.999704,0.000425
62,3008.95031,1.000203,0.000425
62,3008.95726,0.999011,0.000425
62,3008.9642,1.000802,0.000425
62,3008.97115,0.999719,0.000425
62,3008.97809,1.000606,0.000425
62,3008.98504,0.999213,0.000425
62,3008.99198,1.000288,0.000425
62,3008.99893,1.000266,0.000425
62,3009.00587,1.00037,0.000425
62,3009.01281,1.000335,0.000425
62,3009.01976,1.00071,0.000425
62,3009.0267,0.999522,0.000425
62,3009.03365,0.999842,0.000425
62,3009.04059,0.999387,0.000424
62,3009.04754,0.99988,0.000425
62,3009.05448,0.999951,0.000425
62,3009.06143,0.999803,0.000425
62,3009.06837,1.00054,0.000425
62,3009.07531,0.999719,0.000424
62,3009.08226,1.000325,0.000425
62,3009.0892,1.000095,0.000425
62,3009.09615,1.000609,0.000425
62,3009.10309,1.000359,0.000425
62,3009.11004,1.000492,0.000425
62,3009.11698,0.999363,0.000425
62,3009.12393,1.000215,0.000425
62,3009.13087,1.000736,0.000425
62,3009.13782,0.99986,0.000425
62,3009.14476,0.999405,0.000425
62,3009.1517,1.000167,0.000425
62,3009.15865,0.999898,0.000425
62,3009.16559,0.999825,0.000425
62,3009.17254,0.999986,0.000425
62,3009.17948,1.000085,0.000425
62,3009.18643,0.999438,0.000425
62,3009.19337,1.000337,0.000425
62,3009.20032,0.999998,0.000425
62,3009.20726,1.00037,0.000425
62,3009.2142,1.000486,0.000425
62,3009.22115,0.999759,0.000424
62,3009.22809,0.999308,0.000425
62,3009.23504,0.999421,0.000424
62,3009.24198,0.999469,0.000425
62,3009.24893,0.999834,0.000425
62,3009.25587,0.999311,0.000425
62,3009.26282,0.999909,0.000425
62,3009.26976,0.99972,0.000425
62,3009.27671,1.000135,0.000425
62,3009.28365,0.999914,0.000425
62,3009.29059,0.999313,0.000425
62,3009.29754,1.000123,0.000425
62,3009.30448,0.999448,0.000424
62,3009.31143,0.999813,0.000425
62,3009.31837,0.999804,0.000424
62,3009.32532,1.000294,0.000425
62,3009.33226,1.000515,0.000425
62,3009.33921,0.999766,0.000425
62,3009.34615,1.001004,0.000425
62,3009.35309,0.999634,0.000425
62,3009.36004,1.000986,0.000425
62,3009.36698,1.000456,0.000425
62,3009.37393,1.000081,0.000425
62,3009.38087,0.999525,0.000425
62,3009.38782,1.000511,0.000425
62,3009.39476,0.999877,0.000425
62,3009.40171,1.00034,0.000425
62,3009.40865,0.999767,0.000425
62,3009.4156,1.000294,0.000425
62,3009.42254,1.000197,0.000425
62,3009.42948,1.000212,0.000425
62,3009.43643,0.999688,0.000425
62,3009.44337,1.000962,0.000425
62,3009.45032,0.99998,0.000425
62,3009.45726,0.999672,0.000425
62,3009.46421,1.000693,0.000425
62,3009.47115,0.999599,0.000425
62,3009.4781,1.000754,0.000425
62,3009.48504,1.000266,0.000425
62,3009.49199,1.000104,0.000425
62,3009.49893,1.000326,0.000425
62,3009.50587,0.999842,0.000425
62,3009.51282,1.000466,0.000425
62,3009.51976,1.000506,0.000425
62,3009.52671,1.000419,0.000425
62,3009.53365,1.000294,0.000425
62,3009.5406,0.999779,0.000425
62,3009.54754,0.999834,0.000425
62,3009.55449,1.00021,0.000425
62,3009.56143,0.999804,0.000425
62,3009.56837,1.000341,0.000425
62,3009.57532,1.000108,0.000425
62,3009.58226,0.999737,0.000425
62,3009.58921,0.999391,0.000425
62,3009.59615,1.000299,0.000425
62,3009.6031,1.000195,0.000425
62,3009.61004,1.000163,0.000425
62,3009.61699,1.000124,0.000425
62,3009.62393,0.999864,0.000425
62,3009.63088,0.999722,0.000425
62,3009.63782,0.999638,0.000425
62,3009.64476,1.000147,0.000425
62,3009.65171,0.999898,0.000425
62,3009.65865,1.0001,0.000425
62,3009.6656,1.000073,0.000425
62,3009.67254,0.999889,0.000425
62,3009.67949,0.999151,0.000424
62,3009.68643,1.000168,0.000425
62,3009.69338,0.999845,0.000425
62,3009.70032,1.000988,0.000425
62,3009.70726,0.999723,0.000425
62,3009.71421,0.999641,0.000425
62,3009.72115,0.99954,0.000425
62,3009.7281,0.999725,0.000425
62,3009.73504,0.999731,0.000425
62,3009.74199,1.000267,0.000425
62,3009.74893,0.999881,0.000425
62,3009.75588,0.999323,0.000425
62,3009.76282,0.999657,0.000425
62,3009.76977,0.99918,0.000425
62,3009.77671,0.99968,0.000425
62,3009.78365,1.000299,0.000425
62,3009.7906,1.000374,0.000425
62,3009.79754,0.99874,0.000425
62,3009.80449,1.000547,0.000425
62,3009.81143,0.999943,0.000425
62,3009.81907,1.000218,0.000475
62,3009.82532,1.00045,0.000425
62,3009.83227,1.000111,0.000425
62,3009.83956,0.999739,0.000475
62,3009.84615,1.000272,0.000425
62,3009.8531,0.999636,0.000425
62,3009.86004,1.000191,0.000425
62,3009.86699,1.000108,0.000425
62,3009.87393,1.000517,0.000425
62,3009.88088,1.000373,0.000425
62,3009.88782,1.000172,0.000425
62,3009.89477,0.999623,0.000425
62,3009.90171,1.000297,0.000425
62,3009.90866,1.000198,0.000425
62,3009.9156,1.000511,0.000425
62,3009.92254,1.000139,0.000425
62,3009.92949,1.000516,0.000425
62,3009.93643,1.000498,0.000425
62,3009.94338,1.000109,0.000425
62,3009.95032,1.000104,0.000425
62,3009.95727,1.000305,0.000425
62,3009.96421,1.000547,0.000425
62,3009.97116,0.999027,0.000425
62,3009.9781,0.999368,0.000425
62,3009.98504,0.999697,0.000425
62,3009.99199,0.999472,0.000425
62,3009.99893,0.999803,0.000425
62,3010.00588,1.000222,0.000425
62,3010.01282,0.999088,0.000425
62,3010.01977,1.000845,0.000425
62,3010.02671,1.000061,0.000425
62,3010.03366,0.99961,0.000425
62,3010.0406,0.999808,0.000425
62,3010.04755,0.99992,0.000425
62,3010.05449,0.999788,0.000425
62,3010.06143,0.999505,0.000425
62,3010.06838,1.000532,0.000425
62,3010.07532,0.999284,0.000425
62,3010.08227,1.000063,0.000425
62,3010.08921,0.99972,0.000425
62,3010.09616,0.999446,0.000425
62,3010.1031,0.999345,0.000425
62,3010.11005,1.00035,0.000425
62,3010.11699,0.999246,0.000425
62,3010.12393,0.999882,0.000425
62,3010.13088,1.000258,0.000425
62,3010.13782,1.000033,0.000425
62,3010.14477,1.000421,0.000425
62,3010.15171,1.000337,0.000425
62,3010.15866,1.000211,0.000425
62,3010.1656,1.001061,0.000425
62,3010.17255,1.00033,0.000425
62,3010.17949,1.000175,0.000425
62,3010.18644,0.999994,0.000425
62,3010.19338,0.999241,0.000425
62,3010.20032,0.999914,0.000425
62,3010.20727,0.99975,0.000425
62,3010.21421,0.99965,0.000425
62,3010.22116,0.999565,0.000425
62,3010.2281,1.000492,0.000425
62,3010.23505,1.00011,0.000425
62,3010.24199,0.999837,0.000425
62,3010.24894,1.00076,0.000425
62,3010.25588,1.000161,0.000425
62,3010.26282,0.999326,0.000425
62,3010.26977,0.999544,0.000425
62,3010.27671,1.00049,0.000425
62,3010.28366,0.999476,0.000425
62,3010.2906,1.000218,0.000425
62,3010.29755,0.999995,0.000425
62,3010.30449,1.000013,0.000425
62,3010.31144,1.000217,0.000425
62,3010.31838,1.000221,0.000425
62,3010.32532,0.999241,0.000425
62,3010.33227,1.000905,0.000425
62,3010.33921,0.999804,0.000425
62,3010.34616,0.999575,0.000425
62,3010.3531,1.000991,0.000425
62,3010.36005,0.999941,0.000425
62,3010.36699,0.999848,0.000425
62,3010.37394,0.99984,0.000425
62,3010.38088,1.000352,0.000425
62,3010.38783,1.000807,0.000425
62,3010.39477,0.999765,0.000425
62,3010.40171,0.999389,0.000425
62,3010.40866,0.999906,0.000425
62,3010.4156,1.0001,0.000425
62,3010.42255,1.000559,0.000425
62,3010.42949,0.999335,0.000425
62,3010.43644,0.999808,0.000425
62,3010.44338,1.000481,0.000425
62,3010.45033,0.999633,0.000425
62,3010.45727,0.999939,0.000425
62,3010.46421,1.000069,0.000425
62,3010.47116,1.000049,0.000425
62,3010.4781,1.000372,0.000425
62,3010.48505,1.000123,0.000425
62,3010.49199,1.000595,0.000425
62,3010.49894,0.999951,0.000425
62,3010.50588,1.000107,0.000425
62,3010.51283,1.000121,0.000425
62,3010.51977,1.000148,0.000425
62,3010.52672,0.999747,0.000425
62,3010.53366,0.999556,0.000425
62,3010.5406,1.000263,0.000425
62,3010.54755,0.999365,0.000425
62,3010.55449,1.000028,0.000425
62,3010.56144,1.000175,0.000425
62,3010.56838,0.99976,0.000425
62,3010.57533,0.999781,0.000425
62,3010.58227,0.999821,0.000425
62,3010.58922,1.000158,0.000425
62,3010.59616,1.000072,0.000425
62,3010.6031,1.000475,0.000425
62,3010.61005,1.000211,0.000425
62,3010.61699,1.000499,0.000425
62,3010.62394,1.000716,0.000425
62,3010.63088,1.000528,0.000425
62,3010.63783,1.000268,0.000425
62,3010.64477,1.000342,0.000425
62,3010.65172,1.000649,0.000425
62,3010.65866,0.999691,0.000425
62,3010.66561,1.000216,0.000425
62,3010.67255,0.999846,0.000425
62,3010.67949,1.000509,0.000425
62,3010.68644,1.000356,0.000425
62,3010.69338,1.000397,0.000425
62,3010.70033,0.999737,0.000425
62,3010.70727,1.000236,0.000425
62,3010.71422,0.999522,0.000425
62,3010.72116,1.000002,0.000425
62,3010.72811,1.000063,0.000425
62,3010.73505,0.999456,0.000425
62,3010.74199,0.999805,0.000425
62,3010.74894,1.000449,0.000425
62,3010.75588,0.999883,0.000425
62,3010.76283,0.999598,0.000425
62,3010.76977,0.999572,0.000425
62,3010.77672,1.000043,0.000425
62,3010.78366,1.000502,0.000425
62,3010.79061,0.999828,0.000425
62,3010.79755,0.999973,0.000425
62,3010.80449,1.000433,0.000425
62,3010.81144,0.999797,0.000425
62,3010.81838,1.000595,0.000425
62,3010.82533,1.000101,0.000425
62,3010.83227,0.999494,0.000425
62,3010.83922,0.999308,0.000425
62,3010.84616,1.000527,0.000425
62,3010.85311,1.000758,0.000425
62,3010.86005,0.999602,0.000425
62,3010.867,1.000548,0.000425
62,3010.87394,0.999973,0.000425
62,3010.88088,0.999589,0.000425
62,3010.88783,0.999524,0.000425
62,3010.89477,0.999948,0.000425
62,3010.90172,0.999536,0.000425
62,3010.90866,0.999126,0.000425
62,3010.91561,0.999308,0.000425
62,3010.92255,0.99981,0.000425
62,3010.9295,0.999723,0.000425
62,3010.93644,0.999663,0.000425
62,3010.94338,0.999328,0.000425
62,3010.95033,1.000316,0.000425
62,3010.95727,0.999579,0.000425
62,3010.96422,0.99956,0.000425
62,3010.97116,0.999774,0.000425
62,3010.97811,0.99977,0.000425
62,3010.98505,1.000682,0.000425
62,3010.992,0.999505,0.000425
62,3010.99894,0.999695,0.000425
62,3011.00589,0.998319,0.000425
62,3011.01283,1.000009,0.000425
62,3011.01977,0.999873,0.000425
62,3011.02672,1.00031,0.000425
62,3011.03366,1.00035,0.000425
62,3011.04061,1.00072,0.000425
62,3011.04755,0.999853,0.000425
62,3011.0545,0.999984,0.000425
62,3011.06144,0.999807,0.000425
62,3011.06839,0.999713,0.000425
62,3011.07533,0.999818,0.000425
62,3011.08227,0.999881,0.000425
62,3011.08922,0.999516,0.000425
62,3011.09616,1.000447,0.000425
62,3011.10311,1.000787,0.000425
62,3011.11005,0.999999,0.000425
62,3011.117,0.999859,0.000425
62,3011.12394,1.000303,0.000425
62,3011.13089,1.000224,0.000425
62,3011.13783,1.000266,0.000425
62,3011.14477,1.000433,0.000425
62,3011.15172,0.999775,0.000425
62,3011.15866,0.999991,0.000425
62,3011.16561,1.00019,0.000425
62,3011.17221,1.000539,0.000475
62,3011.1795,1.00012,0.000425
62,3011.18644,1.000099,0.000425
62,3011.19339,1.000095,0.000425
62,3011.20033,1.0004,0.000425
62,3011.20658,1.000849,0.000475
62,3011.21422,1.000117,0.000425
62,3011.22116,0.999497,0.000425
62,3011.22811,0.999837,0.000425
62,3011.23505,1.00004,0.000425
62,3011.242,1.000316,0.000425
62,3011.24894,1.000072,0.000425
62,3011.25589,1.000256,0.000425
62,3011.26318,0.998963,0.000475
62,3011.26978,1.000541,0.000425
62,3011.27672,0.999454,0.000425
62,3011.28366,1.000196,0.000425
62,3011.29061,0.999959,0.000425
62,3011.29755,1.000949,0.000425
62,3011.3045,0.999627,0.000425
62,3011.31144,1.000093,0.000425
62,3011.31839,0.999764,0.000425
62,3011.32533,0.999768,0.000425
62,3011.33228,0.999509,0.000425
62,3011.33922,1.000023,0.000425
62,3011.34616,1.0,0.000425
62,3011.35311,1.000426,0.000425
62,3011.36005,0.999835,0.000425
62,3011.367,0.999995,0.000425
62,3011.37394,0.999157,0.000425
62,3011.38089,0.999362,0.000425
62,3011.38783,1.000125,0.000425
62,3011.39478,1.000109,0.000425
62,3011.40172,0.999869,0.000425
62,3011.40867,1.000607,0.000425
62,3011.41561,0.998996,0.000425
62,3011.42255,0.999758,0.000425
62,3011.4295,0.999421,0.000425
62,3011.43644,1.000081,0.000425
62,3011.44339,0.999834,0.000425
62,3011.45033,1.000055,0.000425
62,3011.45728,1.000916,0.000425
62,3011.46422,1.000494,0.000425
62,3011.47117,0.999792,0.000425
62,3011.47811,0.999859,0.000425
62,3011.48505,1.00026,0.000425
62,3011.492,1.00036,0.000425
62,3011.49894,0.999966,0.000425
62,3011.50589,1.000439,0.000425
62,3011.51283,0.999808,0.000425
62,3011.51978,0.99998,0.000425
62,3011.52672,1.000219,0.000425
62,3011.53367,1.000391,0.000425
62,3011.54061,0.999957,0.000425
62,3011.54755,0.999675,0.000425
62,3011.5545,0.999751,0.000425
62,3011.56144,0.999807,0.000425
62,3011.56839,1.000312,0.000425
62,3011.57533,1.000185,0.000425
62,3011.58228,1.000013,0.000425
62,3011.58922,0.99997,0.000425
62,3011.59617,1.000482,0.000425
62,3011.60311,1.000572,0.000425
62,3011.61006,1.000214,0.000425
62,3011.617,0.999794,0.000425
62,3011.62394,1.000368,0.000425
62,3011.63089,0.999938,0.000425
62,3011.63783,1.000043,0.000425
62,3011.64478,0.999869,0.000425
62,3011.65172,1.00008,0.000425
62,3011.65867,1.000014,0.000425
62,3011.66526,1.00091,0.000475
62,3011.67256,1.000133,0.000425
62,3011.6795,1.000046,0.000425
62,3011.68644,1.000003,0.000425
62,3011.69339,1.000612,0.000425
62,3011.70033,0.999711,0.000425
62,3011.70728,0.99914,0.000425
62,3011.71422,0.999382,0.000425
62,3011.72117,1.000159,0.000425
62,3011.72811,0.999214,0.000425
62,3011.73506,0.999997,0.000425
62,3011.742,0.999678,0.000425
62,3011.74894,0.999723,0.000425
62,3011.75589,1.000335,0.000425
62,3011.76283,0.999643,0.000425
62,3011.76978,0.999587,0.000425
62,3011.77672,1.000301,0.000425
62,3011.78367,0.999335,0.000425
62,3011.79061,1.000299,0.000425
62,3011.79756,0.999792,0.000425
62,3011.8045,0.999825,0.000425
62,3011.81145,0.999436,0.000425
62,3011.81839,0.999873,0.000425
62,3011.82533,0.999633,0.000425
62,3011.83228,0.998991,0.000425
62,3011.83922,0.999859,0.000425
62,3011.84617,0.999816,0.000425
62,3011.85311,1.000071,0.000425
62,3011.86006,0.999712,0.000425
62,3011.867,0.999548,0.000425
62,3011.87395,0.999637,0.000425
62,3011.88089,1.000362,0.000425
62,3011.88783,1.000034,0.000425
62,3011.89478,0.999152,0.000425
62,3011.90172,1.000162,0.000425
62,3011.90867,0.999758,0.000425
62,3011.91561,1.000657,0.000425
62,3011.92256,0.999833,0.000425
62,3011.9295,1.000094,0.000425
62,3011.93645,1.000531,0.000425
62,3011.94339,1.000178,0.000425
62,3011.95033,1.000126,0.000425
62,3011.95728,0.999828,0.000425
62,3011.96422,0.999736,0.000425
62,3011.97117,1.000188,0.000425
62,3011.97811,1.000419,0.000425
62,3011.98506,0.999839,0.000425
62,3011.992,1.000332,0.000425
62,3011.99895,0.999509,0.000425
62,3012.00589,1.000327,0.000425
62,3012.01283,1.000158,0.000425
62,3012.01978,1.000219,0.000425
62,3012.02672,1.000337,0.000425
62,3012.03367,1.001038,0.000425
62,3012.04061,0.999951,0.000425
62,3012.04756,1.000217,0.000425
62,3012.0545,0.999409,0.000425
62,3012.06145,1.00092,0.000425
62,3012.06839,1.00045,0.000425
62,3012.07534,0.999658,0.000425
62,3012.08228,1.000285,0.000425
62,3012.08922,0.99936,0.000425
62,3012.09617,1.000412,0.000425
62,3012.10311,0.999556,0.000425
62,3012.11006,1.000741,0.000425
62,3012.117,1.000015,0.000425
62,3012.12395,1.000313,0.000425
62,3012.13089,0.999723,0.000425
62,3012.13784,0.999495,0.000425
62,3012.14478,1.000016,0.000425
62,3012.15172,0.999434,0.000426
62,3012.15867,0.999956,0.000425
62,3012.16561,0.999735,0.000425
62,3012.17256,0.999546,0.000425
62,3012.1795,0.999768,0.000425
62,3012.18645,0.999626,0.000425
62,3012.19339,1.000588,0.000425
62,3012.20034,1.000436,0.000425
62,3012.20728,0.999634,0.000425
62,3012.21422,0.999845,0.000425
62,3012.22117,0.999754,0.000425
62,3012.22811,0.999613,0.000425
62,3012.23506,1.00007,0.000425
62,3012.242,0.999904,0.000425
62,3012.24895,1.000185,0.000425
62,3012.25589,0.999915,0.000425
62,3012.26284,1.00053,0.000425
62,3012.26978,1.000506,0.000426
62,3012.27672,1.000338,0.000425
62,3012.28367,1.000176,0.000425
62,3012.29061,1.000319,0.000426
62,3012.29756,0.999474,0.000425
62,3012.3045,1.000023,0.000425
62,3012.31145,1.000246,0.000425
62,3012.31839,1.000536,0.000426
62,3012.32534,0.999978,0.000426
62,3012.33228,0.999555,0.000425
62,3012.33923,1.000707,0.000426
62,3012.34617,1.000862,0.000426
62,3012.35311,0.999601,0.000425
62,3012.36006,0.99915,0.000425
62,3012.367,0.999981,0.000426
62,3012.37395,0.999633,0.000426
62,3012.38089,0.999854,0.000426
62,3012.38784,0.999488,0.000425
62,3012.39478,1.000405,0.000426
62,3012.40173,0.999781,0.000426
62,3012.40867,1.000099,0.000426
62,3012.41561,1.00016,0.000426
62,3012.42256,1.000377,0.000426
62,3012.4295,1.0001,0.000426
62,3012.43645,0.999794,0.000426
62,3012.44339,0.999624,0.000425
62,3012.45034,1.000686,0.000426
62,3012.45728,0.999672,0.000426
62,3012.46423,1.000517,0.000426
62,3012.47117,0.999167,0.000425
62,3012.47811,1.00003,0.000426
62,3012.48506,0.999522,0.000426
62,3012.492,1.000059,0.000426
62,3012.49895,1.000122,0.000426
62,3012.50589,1.000295,0.000426
62,3012.51284,1.000355,0.000426
62,3012.51978,0.999074,0.000425
62,3012.52673,0.999937,0.000426
62,3012.53367,0.999712,0.000426
62,3012.54061,0.999862,0.000426
62,3012.54756,0.999524,0.000426
62,3012.5545,1.000052,0.000426
62,3012.56145,0.999536,0.000426
62,3012.56839,1.000336,0.000426
62,3012.57534,0.999688,0.000426
62,3012.58228,0.999855,0.000426
62,3012.58923,1.00015,0.000426
62,3012.59617,1.00016,0.000426
62,3012.60311,1.000653,0.000426
62,3012.61006,0.999802,0.000426
62,3012.617,1.00037,0.000426
62,3012.62395,0.99984,0.000426
62,3012.63089,1.000332,0.000426
62,3012.63784,1.000641,0.000426
62,3012.64478,1.00036,0.000426
62,3012.65173,0.999682,0.000426
62,3012.65867,0.999954,0.000426
62,3012.66562,1.000463,0.000426
62,3012.67256,0.999258,0.000426
62,3012.6795,1.000945,0.000426
62,3012.68645,0.999871,0.000426
62,3012.69339,1.000325,0.000426
62,3012.70034,1.00049,0.000426
62,3012.70728,1.000041,0.000426
62,3012.71423,1.000208,0.000426
62,3012.72117,0.999533,0.000426
62,3012.72812,1.000071,0.000426
62,3012.73506,1.000313,0.000426
62,3012.742,0.999811,0.000426
62,3012.74895,1.000586,0.000426
62,3012.75589,0.999668,0.000426
62,3012.76284,1.000009,0.000426
62,3012.76978,1.000529,0.000426
62,3012.77673,1.000203,0.000426
62,3012.78367,1.000217,0.000426
62,3012.79062,1.000241,0.000426
62,3012.79756,0.99998,0.000426
62,3012.8045,0.999715,0.000426
62,3012.81145,0.999771,0.000426
62,3012.81839,0.999869,0.000426
62,3012.82534,1.000149,0.000426
62,3012.83228,0.999629,0.000426
62,3012.83923,1.000121,0.000426
62,3012.84617,0.99964,0.000426
62,3012.85312,0.9995,0.000426
62,3012.86006,1.000605,0.000426
62,3012.867,0.999978,0.000426
62,3012.87395,1.000248,0.000426
62,3012.88089,1.000252,0.000426
62,3012.88784,0.999895,0.000426
62,3012.89478,0.999623,0.000426
62,3012.90173,1.000065,0.000426
62,3012.90867,0.999866,0.000426
62,3012.91562,0.999033,0.000426
62,3012.92256,1.000312,0.000426
62,3012.9295,0.999117,0.000426
62,3012.93645,0.999701,0.000426
62,3012.94339,1.000107,0.000426
62,3012.95034,1.000094,0.000426
62,3012.95728,0.999915,0.000426
62,3012.96423,0.999669,0.000426
62,3012.97117,1.00012,0.000426
62,3012.97812,0.999649,0.000426
62,3012.98506,0.999694,0.000426
62,3012.992,0.999567,0.000426
62,3012.99964,0.999682,0.000476
62,3013.00589,0.999533,0.000426
62,3013.01284,0.999632,0.000426
62,3013.01978,0.999924,0.000426
62,3013.02673,0.999999,0.000426
62,3013.03367,1.000162,0.000426
62,3013.04062,1.000653,0.000426
62,3013.04756,0.999903,0.000426
62,3013.05451,0.999272,0.000426
62,3013.06145,0.999758,0.000426
62,3013.06839,1.000547,0.000426
62,3013.07534,1.000292,0.000426
62,3013.08228,1.000329,0.000426
62,3013.08923,1.000248,0.000426
62,3013.09617,1.000072,0.000426
62,3013.10312,0.999899,0.000426
62,3013.11006,1.00031,0.000426
62,3013.11701,1.000134,0.000426
62,3013.12395,1.000444,0.000426
62,3013.13089,1.000609,0.000426
62,3013.13784,0.99951,0.000426
62,3013.14478,0.999476,0.000426
62,3013.15173,1.00088,0.000426
62,3013.15867,1.000941,0.000426
62,3013.16562,1.000427,0.000426
62,3013.17256,1.000356,0.000427
62,3013.17951,0.999479,0.000426
62,3013.18645,1.000366,0.000426
62,3013.19339,1.000514,0.000426
62,3013.20034,1.000107,0.000426
62,3013.20728,0.999948,0.000426
62,3013.21423,0.999498,0.000426
62,3013.22117,1.00031,0.000426
62,3013.22812,0.999732,0.000426
62,3013.23506,1.000075,0.000426
62,3013.24201,1.0003,0.000426
62,3013.24895,1.000106,0.000426
62,3013.25589,0.99968,0.000426
62,3013.26284,0.999793,0.000426
62,3013.26978,1.001005,0.000426
62,3013.27673,0.999673,0.000426
62,3013.28367,0.999946,0.000426
62,3013.29062,0.999265,0.000426
62,3013.29756,1.000275,0.000427
62,3013.30451,0.999922,0.000427
62,3013.31145,0.999153,0.000426
62,3013.31839,0.999836,0.000427
62,3013.32534,0.99969,0.000426
62,3013.33228,0.999416,0.000426
62,3013.33923,1.000278,0.000427
62,3013.34617,0.999734,0.000426
62,3013.35312,0.999666,0.000426
62,3013.36006,0.999375,0.000426
62,3013.36701,0.99991,0.000426
62,3013.37395,1.00095,0.000427
62,3013.38089,0.999429,0.000426
62,3013.38784,0.999115,0.000426
62,3013.39478,1.000082,0.000427
62,3013.40173,0.998772,0.000426
62,3013.40867,0.999743,0.000427
62,3013.41527,1.000277,0.000477
62,3013.42256,1.000236,0.000427
62,3013.42951,0.999644,0.000427
62,3013.43576,0.999632,0.000477
62,3013.44339,0.999495,0.000427
62,3013.45034,1.00006,0.000427
62,3013.45728,1.000349,0.000427
62,3013.46423,0.999948,0.000427
62,3013.47117,0.999985,0.000427
62,3013.47812,1.000429,0.000427
62,3013.48506,0.999937,0.000427
62,3013.49201,1.000498,0.000427
62,3013.49895,0.999562,0.000427
62,3013.50589,1.000478,0.000427
62,3013.51284,0.999597,0.000427
62,3013.51978,1.000139,0.000427
62,3013.52673,0.999853,0.000427
62,3013.53367,1.00081,0.000427
62,3013.54062,0.999815,0.000427
62,3013.54756,1.000319,0.000427
62,3013.55451,1.000202,0.000427
62,3013.56145,1.000103,0.000427
62,3013.56839,0.99956,0.000427
62,3013.57534,0.999762,0.000427
62,3013.58228,1.000083,0.000427
62,3013.58923,0.999601,0.000427
62,3013.59617,0.999573,0.000427
62,3013.60312,1.000012,0.000427
62,3013.61006,1.000774,0.000427
62,3013.61701,1.000585,0.000427
62,3013.62395,0.999362,0.000427
62,3013.63089,0.999954,0.000427
62,3013.63784,1.00026,0.000427
62,3013.64478,0.999486,0.000427
62,3013.65173,1.000387,0.000427
62,3013.65867,1.000438,0.000428
62,3013.66562,1.000717,0.000428
62,3013.67221,1.000614,0.000479
62,3013.67951,1.000755,0.000429
62,3013.68645,0.99967,0.000429
62,3013.69339,0.999655,0.000429
62,3013.70034,1.00041,0.00043
62,3013.70728,0.999899,0.000431
62,3013.71423,1.000864,0.000431
62,3013.72117,1.000282,0.000431
62,3013.72742,1.000386,0.000483
62,3013.73506,0.999421,0.000432
62,3013.74201,0.999666,0.000432
62,3013.74895,0.999818,0.000433
62,3013.7559,0.999628,0.000433
62,3013.76284,1.000022,0.000434
62,3013.76978,1.000106,0.000434
62,3013.77673,0.999835,0.000435
62,3013.78333,1.000201,0.000487
62,3013.79062,0.999805,0.000436
62,3013.79756,0.999555,0.000437
62,3013.80451,1.000003,0.000438
62,3013.81145,1.000417,0.000438
62,3013.8184,1.000142,0.000437
62,3013.82534,0.999016,0.000437
62,3013.83263,1.000107,0.000488
62,3013.83923,0.99961,0.000437
62,3013.84617,1.000154,0.000437
62,3013.85277,1.000396,0.000488
62,3013.86006,0.999111,0.000437
62,3013.86666,0.999752,0.000489
62,3013.87395,0.999641,0.000437
62,3013.8809,0.999527,0.000438
62,3013.88784,0.999265,0.000438
62,3013.89478,1.000348,0.000439
62,3013.90173,0.999782,0.000439
62,3013.90902,1.000199,0.000492
62,3013.91562,1.000688,0.000441
62,3013.92256,0.999358,0.000441
62,3013.92916,0.999916,0.000494
62,3013.93715,0.999379,0.000495
62,3013.9434,0.999673,0.000443
62,3013.95034,1.000099,0.000444
62,3013.95728,1.000736,0.000445
62,3013.96423,0.999893,0.000445
62,3013.97117,0.999563,0.000446
62,3013.97812,1.000588,0.000447
62,3013.98506,0.999983,0.000447
62,3013.99201,1.000801,0.000448
62,3013.99826,1.000186,0.000502
63,3014.47534,0.999096,0.00043
63,3014.48228,0.999342,0.00043
63,3014.48923,0.999915,0.00043
63,3014.49617,0.999994,0.000431
63,3014.50312,1.000294,0.000431
63,3014.51006,0.999939,0.000431
63,3014.51701,1.000194,0.000431
63,3014.52395,0.999854,0.000431
63,3014.5309,0.999484,0.000431
63,3014.53784,1.000053,0.000432
63,3014.54478,1.000188,0.000432
63,3014.55173,0.99947,0.000432
63,3014.55867,1.000008,0.000432
63,3014.56562,0.999619,0.000433
63,3014.57256,1.000299,0.000433
63,3014.57951,0.999468,0.000433
63,3014.58645,0.999795,0.000433
63,3014.5934,1.000543,0.000433
63,3014.60034,0.999843,0.000433
63,3014.60728,0.999736,0.000434
63,3014.61423,1.000068,0.000434
63,3014.62117,1.000154,0.000434
63,3014.62812,1.000578,0.000435
63,3014.63506,1.000025,0.000435
63,3014.64201,0.999773,0.000435
63,3014.64895,1.000079,0.000435
63,3014.6559,1.000072,0.000435
63,3014.66284,1.000022,0.000436
63,3014.66978,0.999267,0.000436
63,3014.67673,1.001014,0.000436
63,3014.68367,0.99976,0.000436
63,3014.69062,0.999793,0.000437
63,3014.69756,1.000493,0.000438
63,3014.70451,0.999615,0.000438
63,3014.71145,1.000072,0.000438
63,3014.7184,0.999752,0.000439
63,3014.72534,1.000544,0.00044
63,3014.73228,0.999774,0.00044
63,3014.73923,1.000533,0.000441
63,3014.74617,1.0002,0.000441
63,3014.75312,1.000152,0.000442
63,3014.76006,1.000311,0.000442
63,3014.76701,1.000364,0.000443
63,3014.77395,0.99927,0.000443
63,3014.7809,0.999428,0.000444
63,3014.78784,0.999928,0.000444
63,3014.79478,0.999878,0.000445
63,3014.80173,0.999987,0.000445
63,3014.80867,1.000251,0.000445
63,3014.81562,0.999942,0.000445
63,3014.82256,1.000075,0.000446
63,3014.82951,1.00067,0.000446
63,3014.83645,1.000205,0.000446
63,3014.8434,0.999944,0.000446
63,3014.85034,0.9999,0.000445
63,3014.85728,1.000888,0.000445
63,3014.86423,1.000257,0.000445
63,3014.87117,0.999759,0.000445
63,3014.87812,0.999766,0.000445
63,3014.88506,0.999515,0.000444
63,3014.89201,1.000223,0.000444
63,3014.89895,1.000265,0.000444
63,3014.9059,1.000789,0.000443
63,3014.91284,1.000473,0.000443
63,3014.91978,1.000523,0.000443
63,3014.92673,1.000655,0.000442
63,3014.93367,1.000759,0.000442
63,3014.94062,1.001034,0.000441
63,3014.94756,1.000197,0.000441
63,3014.95451,0.999467,0.00044
63,3014.96145,0.999798,0.00044
63,3014.9684,1.00006,0.00044
63,3014.97534,1.000499,0.000439
63,3014.98228,1.000232,0.000439
63,3014.98923,1.000398,0.000439
63,3014.99617,1.000616,0.000439
63,3015.00312,0.999851,0.000438
63,3015.01006,1.000916,0.000438
63,3015.01701,1.000381,0.000438
63,3015.02395,0.999769,0.000437
63,3015.0309,0.999821,0.000437
63,3015.03784,1.000134,0.000437
63,3015.04478,1.000539,0.000437
63,3015.05173,1.00021,0.000437
63,3015.05867,0.999853,0.000436
63,3015.06562,0.999467,0.000436
63,3015.07256,1.00009,0.000436
63,3015.07951,1.000552,0.000436
63,3015.08645,1.000293,0.000435
63,3015.0934,1.000112,0.000435
63,3015.10034,1.000106,0.000435
63,3015.10728,0.999709,0.000434
63,3015.11423,0.999886,0.000434
63,3015.12117,0.999854,0.000434
63,3015.12812,0.999702,0.000434
63,3015.13506,0.999641,0.000433
63,3015.14201,1.000535,0.000433
63,3015.14895,1.00052,0.000433
63,3015.1559,1.00019,0.000433
63,3015.16284,1.000408,0.000432
63,3015.16978,0.999978,0.000432
63,3015.17673,0.999982,0.000431
63,3015.18367,0.999243,0.000431
63,3015.19062,1.00002,0.000431
63,3015.19756,0.999759,0.00043
63,3015.20451,0.999569,0.00043
63,3015.21145,0.999982,0.00043
63,3015.2184,0.999402,0.000429
63,3015.22534,0.99992,0.000429
63,3015.23228,0.999626,0.000428
63,3015.23923,1.000402,0.000428
63,3015.24617,1.00003,0.000427
63,3015.25312,0.999312,0.000427
63,3015.26006,1.000201,0.000427
63,3015.26701,0.999846,0.000426
63,3015.27395,0.999933,0.000426
63,3015.2809,0.999845,0.000426
63,3015.28784,0.999644,0.000425
63,3015.29478,0.999597,0.000425
63,3015.30173,0.999419,0.000424
63,3015.30867,1.000207,0.000424
63,3015.31562,0.999886,0.000424
63,3015.32256,0.999658,0.000424
63,3015.32951,1.000106,0.000423
63,3015.33645,0.999485,0.000423
63,3015.3434,0.999134,0.000423
63,3015.35034,0.999799,0.000423
63,3015.35728,0.99913,0.000422
63,3015.36423,0.999711,0.000422
63,3015.37117,1.000367,0.000422
63,3015.37812,0.999891,0.000422
63,3015.38506,0.999905,0.000422
63,3015.39201,1.000642,0.000422
63,3015.39895,0.999844,0.000422
63,3015.4059,1.000919,0.000422
63,3015.41284,0.999279,0.000421
63,3015.41978,1.000204,0.000421
63,3015.42673,0.999406,0.000421
63,3015.43367,1.000042,0.000421
63,3015.44062,1.000024,0.000421
63,3015.44756,0.999765,0.000421
63,3015.45451,1.000168,0.000421
63,3015.46145,0.999965,0.000421
63,3015.4684,0.999947,0.00042
63,3015.47534,1.000266,0.000421
63,3015.48228,1.000686,0.000421
63,3015.48923,1.000091,0.00042
63,3015.49617,1.000097,0.00042
63,3015.50312,1.000133,0.00042
63,3015.51006,1.000408,0.00042
63,3015.51701,1.000525,0.00042
63,3015.52395,1.000793,0.00042
63,3015.5309,1.000143,0.00042
63,3015.53784,0.999933,0.00042
63,3015.54479,1.000623,0.00042
63,3015.55173,0.999564,0.000419
63,3015.55867,1.000064,0.000419
63,3015.56562,1.000105,0.000419
63,3015.57256,1.000111,0.000419
63,3015.57951,0.999215,0.000419
63,3015.58645,1.000744,0.000419
63,3015.5934,0.999675,0.000419
63,3015.60034,1.000033,0.000419
63,3015.60729,1.000079,0.000418
63,3015.61423,1.000148,0.000418
63,3015.62117,0.999628,0.000418
63,3015.62812,0.998826,0.000418
63,3015.63506,0.999622,0.000418
63,3015.64201,1.000212,0.000418
63,3015.64895,0.999864,0.000418
63,3015.6559,0.999357,0.000417
63,3015.66284,0.999719,0.000417
63,3015.66979,0.999469,0.000417
63,3015.67673,0.999304,0.000417
63,3015.68367,0.99937,0.000417
63,3015.69062,0.998858,0.000417
63,3015.69756,1.00017,0.000417
63,3015.70451,1.000902,0.000417
63,3015.71145,1.000428,0.000417
63,3015.7184,1.00008,0.000416
63,3015.72534,1.000079,0.000416
63,3015.73229,0.999399,0.000416
63,3015.73923,0.999625,0.000416
63,3015.74617,1.000234,0.000416
63,3015.75312,0.999924,0.000416
63,3015.76006,1.000875,0.000416
63,3015.76701,0.999751,0.000415
63,3015.77395,0.999501,0.000415
63,3015.7809,1.000623,0.000415
63,3015.78784,1.000092,0.000415
63,3015.79479,1.000317,0.000415
63,3015.80173,1.000329,0.000415
63,3015.80867,0.999492,0.000415
63,3015.81562,0.999766,0.000414
63,3015.82256,0.999716,0.000414
63,3015.82951,0.999646,0.000414
63,3015.83645,1.000889,0.000414
63,3015.8434,1.000595,0.000414
63,3015.85034,1.000186,0.000414
63,3015.85729,1.000507,0.000414
63,3015.86423,0.999725,0.000414
63,3015.87117,1.000154,0.000413
63,3015.87812,1.000732,0.000413
63,3015.88506,0.999895,0.000413
63,3015.89201,1.00025,0.000413
63,3015.89895,1.000659,0.000413
63,3015.9059,0.999872,0.000413
63,3015.91284,0.999717,0.000413
63,3015.91979,1.000207,0.000413
63,3015.92673,0.999904,0.000412
63,3015.93367,0.999496,0.000412
63,3015.94062,0.999683,0.000412
63,3015.94756,0.999795,0.000412
63,3015.95451,1.000114,0.000412
63,3015.96145,1.00008,0.000412
63,3015.9684,0.999482,0.000412
63,3015.97534,0.999673,0.000412
63,3015.98229,1.000324,0.000412
63,3015.98923,1.000299,0.000412
63,3015.99617,0.999722,0.000411
63,3016.00312,0.999741,0.000411
63,3016.01006,1.000275,0.000411
63,3016.01701,0.999546,0.000411
63,3016.02395,0.999812,0.000411
63,3016.0309,1.000795,0.000411
63,3016.03784,0.999411,0.000411
63,3016.04479,1.000108,0.000411
63,3016.05173,1.000409,0.000411
63,3016.05867,0.999622,0.000411
63,3016.06562,0.999931,0.000411
63,3016.07256,1.000604,0.000411
63,3016.07951,1.000142,0.000411
63,3016.08645,0.999706,0.00041
63,3016.0934,0.999673,0.00041
63,3016.10034,0.999989,0.00041
63,3016.10729,0.999487,0.00041
63,3016.11423,1.000175,0.00041
63,3016.12117,0.999852,0.00041
63,3016.12812,0.999822,0.00041
63,3016.13506,1.000596,0.00041
63,3016.14201,1.000403,0.00041
63,3016.14895,0.999892,0.00041
63,3016.1559,1.000166,0.00041
63,3016.16284,1.000319,0.00041
63,3016.16979,1.000097,0.00041
63,3016.17673,0.999573,0.00041
63,3016.18367,1.000979,0.00041
63,3016.19062,0.999685,0.00041
63,3016.19756,1.000546,0.00041
63,3016.20451,1.000054,0.00041
63,3016.21145,1.000279,0.00041
63,3016.2184,1.00012,0.00041
63,3016.22534,1.000363,0.00041
63,3016.23229,1.000111,0.00041
63,3016.23923,1.000213,0.00041
63,3016.24617,0.999581,0.00041
63,3016.25312,0.999809,0.00041
63,3016.26006,0.999657,0.00041
63,3016.26701,0.99958,0.00041
63,3016.27395,0.999956,0.00041
63,3016.28124,0.999275,0.000458
63,3016.28784,1.000016,0.00041
63,3016.29479,0.999543,0.000409
63,3016.30173,0.999557,0.00041
63,3016.30867,1.00014,0.00041
63,3016.31562,1.000752,0.00041
63,3016.32222,0.999634,0.000458
63,3016.32951,1.000576,0.00041
63,3016.33645,1.000033,0.00041
63,3016.3434,1.000247,0.00041
63,3016.35034,0.999779,0.00041
63,3016.35729,1.000463,0.00041
63,3016.36423,1.000452,0.00041
63,3016.37117,1.000518,0.00041
63,3016.37812,1.000317,0.00041
63,3016.38506,1.000037,0.00041
63,3016.39201,1.000465,0.00041
63,3016.39895,1.000168,0.00041
63,3016.4059,0.999493,0.000409
63,3016.41284,1.000063,0.00041
63,3016.41979,0.999609,0.00041
63,3016.42673,0.999738,0.000409
63,3016.43367,1.000269,0.00041
63,3016.44062,0.999875,0.00041
63,3016.44756,0.999788,0.000409
63,3016.45451,1.000415,0.00041
63,3016.46145,0.999701,0.000409
63,3016.4684,1.000337,0.00041
63,3016.47534,1.000275,0.00041
63,3016.48229,0.999664,0.000409
63,3016.48923,1.000323,0.00041
63,3016.49617,0.999778,0.000409
63,3016.50312,0.999982,0.000409
63,3016.51006,1.000127,0.000409
63,3016.51701,0.999482,0.000409
63,3016.52395,0.99943,0.000409
63,3016.5309,0.999836,0.000409
63,3016.53784,0.999765,0.000409
63,3016.54479,0.999586,0.000409
63,3016.55173,0.999286,0.000409
63,3016.55867,0.999922,0.000409
63,3016.56562,0.999772,0.000409
63,3016.57256,1.00039,0.00041
63,3016.57951,0.999073,0.000409
63,3016.58645,0.999696,0.000409
63,3016.5934,1.000306,0.00041
63,3016.60034,0.999843,0.000409
63,3016.60729,1.000234,0.000409
63,3016.61423,1.000452,0.00041
63,3016.62117,1.000254,0.000409
63,3016.62812,1.000032,0.000409
63,3016.63506,1.000807,0.00041
63,3016.64201,0.99976,0.000409
63,3016.64895,1.000117,0.00041
63,3016.6559,0.999763,0.000409
63,3016.66284,0.999901,0.000409
63,3016.66979,1.000061,0.000409
63,3016.67673,0.999936,0.000409
63,3016.68368,0.99987,0.000409
63,3016.69062,1.000799,0.00041
63,3016.69756,1.000154,0.000409
63,3016.70451,1.000164,0.00041
63,3016.71145,1.000447,0.000409
63,3016.7184,0.999662,0.000409
63,3016.72534,0.999882,0.000409
63,3016.73229,1.00025,0.000409
63,3016.73923,0.999989,0.000409
63,3016.74618,0.999601,0.000409
63,3016.75312,1.000306,0.00041
63,3016.76006,0.999937,0.000409
63,3016.76701,1.00001,0.000409
63,3016.77395,0.99936,0.000409
63,3016.7809,1.000945,0.00041
63,3016.78784,1.000303,0.00041
63,3016.79479,0.999499,0.000409
63,3016.80173,1.000485,0.00041
63,3016.80868,0.999799,0.000409
63,3016.81562,0.99987,0.000409
63,3016.82256,0.999958,0.000409
63,3016.82951,1.000399,0.00041
63,3016.83645,1.000401,0.00041
63,3016.8434,1.000357,0.00041
63,3016.85034,0.999608,0.000409
63,3016.85729,1.000122,0.000409
63,3016.86423,1.00039,0.000409
63,3016.87118,1.000208,0.000409
63,3016.87812,1.000182,0.00041
63,3016.88506,1.000103,0.000409
63,3016.89201,0.999325,0.000409
63,3016.89895,1.000176,0.000409
63,3016.9059,1.000036,0.000409
63,3016.91284,1.000213,0.000409
63,3016.91979,1.000196,0.000409
63,3016.92673,0.999265,0.000409
63,3016.93368,1.000128,0.000409
63,3016.94062,1.000557,0.000409
63,3016.94756,1.000372,0.000409
63,3016.95451,0.999844,0.000409
63,3016.96145,1.001294,0.00041
63,3016.9684,1.000548,0.000409
63,3016.97534,1.000308,0.000409
63,3016.98229,0.99956,0.000409
63,3016.98923,1.000132,0.000409
63,3016.99618,1.000096,0.000409
63,3017.00312,0.999917,0.000409
63,3017.01006,1.000617,0.000409
63,3017.01666,0.999374,0.000458
63,3017.02395,1.000141,0.000409
63,3017.0309,0.999776,0.000409
63,3017.03784,1.000048,0.000409
63,3017.04479,0.999716,0.000409
63,3017.05173,1.000295,0.000409
63,3017.05868,0.99986,0.000409
63,3017.06562,0.999031,0.000409
63,3017.07256,0.999863,0.000409
63,3017.07951,1.000371,0.000409
63,3017.08645,1.000341,0.000409
63,3017.0934,0.999364,0.000409
63,3017.10034,1.00025,0.000409
63,3017.10729,1.00018,0.000409
63,3017.11423,1.000086,0.000409
63,3017.12118,1.000468,0.000409
63,3017.12812,0.999717,0.000409
63,3017.13506,0.999174,0.000409
63,3017.14201,0.999774,0.000409
63,3017.14895,1.000155,0.000409
63,3017.1559,0.99963,0.000409
63,3017.16284,1.000299,0.000409
63,3017.16979,0.999829,0.000409
63,3017.17673,0.999815,0.000409
63,3017.18368,0.99989,0.000409
63,3017.19062,1.000309,0.000409
63,3017.19756,1.000504,0.000409
63,3017.20451,0.999817,0.000409
63,3017.21145,1.000151,0.000409
63,3017.2184,1.001123,0.000409
63,3017.22534,1.000944,0.000409
63,3017.23229,1.000209,0.000409
63,3017.23923,1.000303,0.000409
63,3017.24618,0.999475,0.000409
63,3017.25312,0.999542,0.000409
63,3017.26006,1.000132,0.000409
63,3017.26701,0.999471,0.000409
63,3017.27395,0.999618,0.000409
63,3017.2809,0.999692,0.000409
63,3017.28784,1.000195,0.000409
63,3017.29479,0.999307,0.000409
63,3017.30173,1.000597,0.000409
63,3017.30868,0.999719,0.000409
63,3017.31562,0.999906,0.000409
63,3017.32256,0.999132,0.000409
63,3017.32951,0.999696,0.000409
63,3017.33645,0.999348,0.000409
63,3017.3434,0.999735,0.000409
63,3017.35034,0.999596,0.000409
63,3017.35729,0.999592,0.000409
63,3017.36423,0.999737,0.000409
63,3017.37118,0.999506,0.000409
63,3017.37812,1.000131,0.000409
63,3017.38506,0.999749,0.000409
63,3017.39201,1.000052,0.000409
63,3017.39895,0.99987,0.000409
63,3017.4059,0.999225,0.000409
63,3017.41284,1.000358,0.000409
63,3017.41979,0.999807,0.000409
63,3017.42673,1.000353,0.000409
63,3017.43368,0.999931,0.000409
63,3017.44062,0.999677,0.000409
63,3017.44756,1.000751,0.000409
63,3017.45451,1.000002,0.000409
63,3017.46145,1.000852,0.000409
63,3017.4684,1.000113,0.000409
63,3017.47534,1.000134,0.000409
63,3017.48229,1.000837,0.000409
63,3017.48923,0.999251,0.000457
63,3017.49618,0.999459,0.000409
63,3017.50312,1.000588,0.000409
63,3017.51006,0.99947,0.000409
63,3017.51701,1.000069,0.000409
63,3017.52395,1.000472,0.000409
63,3017.5309,1.000613,0.000409
63,3017.53784,0.999766,0.000409
63,3017.54479,0.999688,0.000409
63,3017.55173,1.00031,0.000409
63,3017.55868,0.999591,0.000409
63,3017.56562,0.999424,0.000409
63,3017.57256,1.000556,0.000409
63,3017.57951,0.999826,0.000409
63,3017.58645,0.9995,0.000409
63,3017.5934,1.000157,0.000409
63,3017.60034,1.000547,0.000409
63,3017.60729,1.000172,0.000409
63,3017.61423,0.999598,0.000409
63,3017.62118,1.00027,0.000409
63,3017.62812,0.999859,0.000409
63,3017.63506,1.000117,0.000409
63,3017.64201,0.999945,0.000409
63,3017.64895,0.999268,0.000409
63,3017.6559,0.999099,0.000409
63,3017.66284,0.999895,0.000409
63,3017.66979,0.999735,0.000409
63,3017.67673,1.000129,0.000409
63,3017.68368,1.000075,0.000409
63,3017.69062,1.000457,0.000409
63,3017.69756,0.99984,0.000409
63,3017.70451,1.000316,0.000409
63,3017.71145,1.000425,0.000409
63,3017.7184,1.000512,0.000409
63,3017.72534,0.99914,0.000409
63,3017.73229,1.00067,0.000409
63,3017.73923,0.999715,0.000409
63,3017.74618,0.999866,0.000409
63,3017.75312,0.999666,0.000409
63,3017.76006,1.000696,0.000409
63,3017.76701,1.000489,0.000409
63,3017.77395,0.999944,0.000409
63,3017.7809,1.000187,0.000409
63,3017.78784,1.000625,0.000409
63,3017.79479,1.000239,0.000409
63,3017.80173,0.999445,0.000409
63,3017.80868,1.000292,0.000409
63,3017.81562,1.000135,0.000409
63,3017.82256,0.999819,0.000409
63,3017.82951,1.000898,0.000409
63,3017.83645,0.999774,0.000409
63,3017.8434,1.000561,0.000409
63,3017.85034,1.000365,0.000409
63,3017.85729,0.999491,0.000409
63,3017.86423,0.999814,0.000409
63,3017.87117,1.000408,0.000409
63,3017.87812,1.000303,0.000409
63,3017.88506,1.000685,0.000409
63,3017.89201,1.000213,0.000409
63,3017.89895,1.000038,0.000409
63,3017.9059,0.999308,0.000409
63,3017.91284,0.999809,0.000409
63,3017.91979,0.999606,0.000409
63,3017.92673,0.99992,0.000409
63,3017.93367,0.999904,0.000409
63,3017.94062,0.999138,0.000409
63,3017.94756,1.000056,0.000409
63,3017.95451,1.000003,0.000409
63,3017.96145,1.000204,0.000409
63,3017.9684,1.000387,0.000409
63,3017.97534,1.000135,0.000409
63,3017.98229,1.000053,0.000409
63,3017.98923,0.999795,0.000409
63,3017.99617,0.999308,0.000409
63,3018.00312,0.999561,0.000409
63,3018.01006,0.999616,0.000409
63,3018.01701,1.000005,0.000409
63,3018.02395,0.999765,0.000409
63,3018.0309,0.999392,0.000409
63,3018.03784,0.999894,0.000409
63,3018.04479,0.999951,0.000409
63,3018.05173,1.000122,0.000409
63,3018.05867,1.000394,0.000409
63,3018.06562,1.000211,0.000409
63,3018.07256,1.000111,0.000409
63,3018.07951,0.999733,0.000409
63,3018.08645,1.000179,0.000409
63,3018.0934,1.000332,0.000409
63,3018.10034,1.000508,0.000409
63,3018.10729,0.999829,0.000409
63,3018.11423,1.000631,0.000409
63,3018.12117,0.999844,0.000409
63,3018.12812,1.000339,0.000457
63,3018.13506,1.000935,0.000409
63,3018.14201,1.000345,0.000409
63,3018.14895,0.999821,0.000409
63,3018.1559,1.000003,0.000409
63,3018.16284,1.000468,0.000409
63,3018.16979,0.999872,0.000409
63,3018.17673,0.999989,0.000409
63,3018.18367,1.000301,0.000409
63,3018.19062,1.000414,0.000409
63,3018.19756,1.000318,0.000409
63,3018.20451,1.00017,0.000409
63,3018.21145,0.999676,0.000409
63,3018.2184,0.999531,0.000409
63,3018.22534,1.000203,0.000409
63,3018.23229,1.00056,0.000409
63,3018.23923,1.000194,0.000409
63,3018.24617,1.000011,0.000409
63,3018.25312,0.999474,0.000409
63,3018.26006,1.000287,0.000409
63,3018.26701,1.00037,0.000409
63,3018.27395,0.99977,0.000409
63,3018.2809,0.999491,0.000409
63,3018.28784,1.000149,0.000409
63,3018.29479,1.000087,0.000409
63,3018.30173,0.999404,0.000409
63,3018.30867,0.999673,0.000409
63,3018.31562,0.999832,0.000409
63,3018.32256,0.99969,0.000409
63,3018.32951,0.999487,0.000409
63,3018.33645,0.999873,0.000409
63,3018.3434,1.000205,0.000409
63,3018.35034,0.999882,0.000409
63,3018.35729,0.999532,0.000409
63,3018.36423,1.000486,0.000409
63,3018.37117,1.000361,0.000409
63,3018.37812,1.000348,0.000409
63,3018.38506,0.999716,0.000409
63,3018.39201,0.999722,0.000409
63,3018.39895,1.000063,0.000409
63,3018.4059,0.999671,0.000409
63,3018.41284,1.00069,0.000409
63,3018.41979,1.000915,0.000409
63,3018.42673,0.999925,0.000409
63,3018.43367,0.999853,0.000409
63,3018.44062,0.999865,0.000409
63,3018.44756,1.000096,0.000409
63,3018.45451,0.999924,0.000409
63,3018.46145,0.999233,0.000409
63,3018.4684,0.999984,0.000409
63,3018.47534,1.0,0.000409
63,3018.48229,1.000222,0.000409
63,3018.48923,1.000158,0.000409
63,3018.49617,0.999834,0.000409
63,3018.50312,0.999039,0.000409
63,3018.51006,0.99994,0.000409
63,3018.51701,0.999654,0.000409
63,3018.52395,0.999281,0.000409
63,3018.5309,1.000658,0.000409
63,3018.53784,1.00018,0.000409
63,3018.54479,0.999504,0.000409
63,3018.55173,0.999763,0.000409
63,3018.55867,1.000378,0.000409
63,3018.56562,1.000509,0.000409
63,3018.57256,0.999861,0.000409
63,3018.57951,0.999125,0.000409
63,3018.58645,0.999883,0.000409
63,3018.5934,0.99998,0.000409
63,3018.60034,1.000043,0.000409
63,3018.60729,0.999951,0.000409
63,3018.61423,0.999934,0.000409
63,3018.62117,0.999906,0.000409
63,3018.62812,0.999859,0.000409
63,3018.63506,0.999691,0.000409
63,3018.64201,1.000145,0.000409
63,3018.64895,1.000334,0.000409
63,3018.6559,1.000531,0.000409
63,3018.66284,1.001387,0.000409
63,3018.66979,1.00008,0.000409
63,3018.67673,0.999875,0.000409
63,3018.68367,1.000591,0.000409
63,3018.69062,1.000212,0.000409
63,3018.69756,1.000144,0.000409
63,3018.70451,0.999738,0.000409
63,3018.71145,0.999869,0.000409
63,3018.7184,1.000006,0.000409
63,3018.72534,0.999496,0.000409
63,3018.73229,1.000638,0.000409
63,3018.73923,0.999104,0.000409
63,3018.74617,0.999901,0.000409
63,3018.75312,1.000046,0.000409
63,3018.76006,0.999734,0.000409
63,3018.76701,0.999964,0.000409
63,3018.77395,1.000484,0.000409
63,3018.7809,1.000034,0.000409
63,3018.78784,1.000693,0.000409
63,3018.79478,1.000492,0.000409
63,3018.80173,0.999919,0.000409
63,3018.80867,0.99945,0.000409
63,3018.81562,1.000737,0.000409
63,3018.82256,0.999451,0.000409
63,3018.82951,1.000212,0.000409
63,3018.83645,1.000483,0.000409
63,3018.8434,0.99947,0.000409
63,3018.85034,0.999864,0.000409
63,3018.85728,0.999702,0.000409
63,3018.86423,1.000749,0.000409
63,3018.87117,0.99933,0.000409
63,3018.87812,0.999892,0.000409
63,3018.88506,0.999678,0.000409
63,3018.89201,1.000347,0.000409
63,3018.89895,0.999658,0.000409
63,3018.9059,1.000269,0.000409
63,3018.91284,0.999202,0.000409
63,3018.91978,0.99906,0.000409
63,3018.92673,1.000235,0.000409
63,3018.93367,1.000112,0.000409
63,3018.94062,1.000199,0.000409
63,3018.94756,1.00018,0.000409
63,3018.95451,1.000059,0.000409
63,3018.96145,0.999717,0.000409
63,3018.9684,1.000897,0.000409
63,3018.97534,1.00007,0.000409
63,3018.98228,0.999822,0.000409
63,3018.98923,1.000008,0.000409
63,3018.99617,0.999886,0.000409
63,3019.00312,1.000002,0.000409
63,3019.01006,1.000064,0.000409
63,3019.01701,1.000334,0.000409
63,3019.02395,1.000592,0.000409
63,3019.0309,0.999971,0.000409
63,3019.03784,1.00018,0.000409
63,3019.04478,1.000383,0.000409
63,3019.05173,1.000257,0.000409
63,3019.05867,0.999263,0.000409
63,3019.06562,1.000037,0.000409
63,3019.07256,1.000106,0.000409
63,3019.07951,0.999627,0.000409
63,3019.08645,0.999754,0.000409
63,3019.0934,0.999574,0.000409
63,3019.10034,1.000173,0.000409
63,3019.10728,0.999789,0.000409
63,3019.11423,0.99949,0.000409
63,3019.12117,1.000706,0.000409
63,3019.12812,1.000125,0.000409
63,3019.13506,0.9992,0.000409
63,3019.14201,0.999533,0.000409
63,3019.14895,0.999437,0.000409
63,3019.1559,1.000099,0.000409
63,3019.16284,1.000263,0.000409
63,3019.16978,0.999824,0.000409
63,3019.17673,1.000229,0.000409
63,3019.18367,0.999668,0.000409
63,3019.19062,1.000219,0.000409
63,3019.19756,0.999666,0.000409
63,3019.20451,1.000217,0.000409
63,3019.21145,1.000382,0.000409
63,3019.2184,0.99974,0.000409
63,3019.22534,0.99971,0.000409
63,3019.23228,0.999952,0.000409
63,3019.23923,1.00049,0.000409
63,3019.24617,1.000637,0.000409
63,3019.25312,1.000127,0.000409
63,3019.26076,0.999556,0.000373
63,3019.2684,1.000122,0.000409
63,3019.27534,1.000218,0.000409
63,3019.28228,1.000843,0.000409
63,3019.28923,1.001004,0.000409
63,3019.29617,0.999517,0.000409
63,3019.30312,1.000462,0.000409
63,3019.31006,0.999353,0.000409
63,3019.31701,0.99965,0.000409
63,3019.32395,1.000395,0.000409
63,3019.33089,1.000457,0.000409
63,3019.33784,1.000694,0.000409
63,3019.34478,0.999522,0.000409
63,3019.35173,0.999562,0.000409
63,3019.35867,0.999414,0.000409
63,3019.36492,0.999474,0.000457
63,3019.37256,1.000397,0.000409
63,3019.37951,0.999737,0.000409
63,3019.38645,1.000717,0.000409
63,3019.39339,1.00106,0.000409
63,3019.40034,1.00011,0.000409
63,3019.40728,0.999877,0.000409
63,3019.41423,1.000097,0.000409
63,3019.42117,0.999771,0.000409
63,3019.42812,0.999257,0.000409
63,3019.43506,1.000246,0.000409
63,3019.44201,0.999179,0.000409
63,3019.44895,0.999661,0.000409
63,3019.45589,1.000087,0.000409
63,3019.46284,0.999854,0.000409
63,3019.46978,0.999787,0.000409
63,3019.47673,0.999101,0.000409
63,3019.48367,0.999976,0.000409
63,3019.49062,0.999856,0.000409
63,3019.49756,0.999354,0.000409
63,3019.50451,1.00023,0.000409
63,3019.51145,1.00059,0.000409
63,3019.51839,0.99956,0.000409
63,3019.52534,1.000942,0.000409
63,3019.53228,0.999288,0.000409
63,3019.53923,1.000803,0.000409
63,3019.54617,0.999996,0.000409
63,3019.55312,1.000046,0.000409
63,3019.56006,0.999643,0.000409
63,3019.56701,1.000296,0.000409
63,3019.57395,1.000184,0.000409
63,3019.58089,1.00031,0.000409
63,3019.58784,1.000046,0.000409
63,3019.59478,1.000501,0.000409
63,3019.60173,1.000226,0.000409
63,3019.60867,0.998993,0.000409
63,3019.61562,0.999716,0.000409
63,3019.62256,1.000757,0.000409
63,3019.62951,0.999741,0.000409
63,3019.63645,0.999029,0.000409
63,3019.64339,0.999454,0.000409
63,3019.65034,0.999882,0.000409
63,3019.65728,0.999119,0.000409
63,3019.66423,1.00006,0.000409
63,3019.67117,0.999956,0.000409
63,3019.67777,0.999723,0.000457
63,3019.68506,1.000061,0.000409
63,3019.692,1.00005,0.000409
63,3019.69895,0.999607,0.000409
63,3019.70589,1.000265,0.000409
63,3019.71284,0.998936,0.000409
63,3019.71978,1.000597,0.000409
63,3019.72673,1.000109,0.000409
63,3019.73367,0.999684,0.000409
63,3019.74062,0.999588,0.000409
63,3019.74756,1.000647,0.000409
63,3019.7545,1.000359,0.000409
63,3019.76145,1.000231,0.000409
63,3019.76839,0.999857,0.000409
63,3019.77534,0.999446,0.000409
63,3019.78228,1.000171,0.000409
63,3019.78923,1.000032,0.000409
63,3019.79617,1.000132,0.000409
63,3019.80312,1.000501,0.000409
63,3019.81006,0.999325,0.000409
63,3019.817,1.000081,0.000409
63,3019.82395,0.999588,0.000409
63,3019.83089,0.999896,0.000409
63,3019.83784,1.000295,0.000409
63,3019.84478,0.99955,0.000409
63,3019.85173,1.000501,0.000409
63,3019.85867,1.000338,0.000409
63,3019.86562,1.000066,0.000409
63,3019.87256,1.00086,0.000409
63,3019.8795,0.99926,0.000409
63,3019.88645,0.999585,0.000409
63,3019.89339,0.999681,0.000409
63,3019.90034,0.99996,0.000409
63,3019.90728,0.999369,0.000409
63,3019.91423,1.000437,0.000409
63,3019.92117,0.999573,0.000409
63,3019.92812,0.999735,0.000409
63,3019.93506,0.999549,0.000409
63,3019.942,1.000666,0.000409
63,3019.94895,1.000564,0.000409
63,3019.95589,1.000702,0.000409
63,3019.96284,1.00053,0.000409
63,3019.96978,0.999818,0.000409
63,3019.97673,0.999802,0.000409
63,3019.98367,0.999681,0.000409
63,3019.99062,1.000062,0.000409
63,3019.99756,0.999871,0.000409
63,3020.0045,0.999738,0.000409
63,3020.01145,1.000654,0.000409
63,3020.01839,1.000148,0.000409
63,3020.02534,0.999704,0.000409
63,3020.03228,0.999576,0.000409
63,3020.03923,0.999738,0.000409
63,3020.04617,0.999754,0.000409
63,3020.05311,0.99976,0.000409
63,3020.06006,0.999232,0.000409
63,3020.067,1.000301,0.000409
63,3020.07395,1.000123,0.000409
63,3020.08089,0.999207,0.000409
63,3020.08784,1.000026,0.000409
63,3020.09478,0.999831,0.000409
63,3020.10173,0.999796,0.000409
63,3020.10867,0.999781,0.000409
63,3020.11561,1.000602,0.000409
63,3020.12256,1.000107,0.000409
63,3020.1295,1.000056,0.000409
63,3020.13645,1.000411,0.000409
63,3020.14339,0.999974,0.000409
63,3020.15034,0.999913,0.000409
63,3020.15728,0.999795,0.000409
63,3020.16423,1.000304,0.000409
63,3020.17117,1.000437,0.000409
63,3020.17811,1.00037,0.000409
63,3020.18506,1.000516,0.000409
63,3020.192,1.000214,0.000409
63,3020.19895,1.000494,0.000409
63,3020.20589,1.000379,0.000409
63,3020.21284,1.000139,0.000409
63,3020.21978,1.000491,0.000409
63,3020.22673,0.999361,0.000408
63,3020.23367,0.999564,0.000409
63,3020.24061,1.000591,0.000409
63,3020.24756,1.000441,0.000409
63,3020.2545,0.999887,0.000409
63,3020.26145,1.00005,0.000409
63,3020.26839,1.000018,0.000409
63,3020.27534,0.999667,0.000409
63,3020.28228,1.000007,0.000409
63,3020.28923,1.000164,0.000409
63,3020.29617,1.000071,0.000409
63,3020.30311,0.999506,0.000409
63,3020.31006,0.999377,0.000409
63,3020.317,1.000079,0.000409
63,3020.32395,1.000357,0.000409
63,3020.33089,1.000218,0.000409
63,3020.33784,1.000102,0.000409
63,3020.34478,1.000275,0.000409
63,3020.35172,0.999531,0.000409
63,3020.35867,1.000283,0.000409
63,3020.36561,1.000691,0.000409
63,3020.37256,0.999281,0.000408
63,3020.3795,1.000048,0.000409
63,3020.38645,1.000597,0.000409
63,3020.39339,0.999359,0.000408
63,3020.40034,0.999562,0.000409
63,3020.40728,0.999625,0.000409
63,3020.41422,1.000528,0.000409
63,3020.42117,0.999962,0.000409
63,3020.42811,0.999927,0.000409
63,3020.43506,1.000488,0.000409
63,3020.442,1.001376,0.000409
63,3020.44895,1.00025,0.000409
63,3020.45589,0.999716,0.000409
63,3020.46284,1.000361,0.000409
63,3020.46978,0.999413,0.000409
63,3020.47672,0.999523,0.000409
63,3020.48367,0.999949,0.000409
63,3020.49061,1.000294,0.000409
63,3020.49756,1.000204,0.000409
63,3020.5045,1.000376,0.000409
63,3020.51145,1.000492,0.000409
63,3020.51839,1.0001,0.000409
63,3020.52534,0.999955,0.000409
63,3020.53228,0.999633,0.000409
63,3020.53922,0.999645,0.000409
63,3020.54617,0.999275,0.000408
63,3020.55311,0.999442,0.000409
63,3020.56006,1.000185,0.000409
63,3020.567,1.000027,0.000409
63,3020.57395,1.000116,0.000409
63,3020.58089,0.999728,0.000409
63,3020.58784,0.999739,0.000409
63,3020.59478,0.999747,0.000409
63,3020.60172,0.999255,0.000409
63,3020.60867,0.999853,0.000409
63,3020.61561,1.000121,0.000409
63,3020.62256,1.000764,0.000409
63,3020.6295,1.000089,0.000409
63,3020.63645,0.999475,0.000409
63,3020.64339,1.000687,0.000409
63,3020.65033,0.999776,0.000409
63,3020.65728,0.999896,0.000409
63,3020.66422,0.999921,0.000409
63,3020.67117,1.000189,0.000409
63,3020.67811,1.00016,0.000409
63,3020.68506,1.000248,0.000409
63,3020.692,0.99933,0.000409
63,3020.69895,1.000031,0.000409
63,3020.70589,1.000008,0.000409
63,3020.71283,0.99942,0.000408
63,3020.71978,0.999751,0.000409
63,3020.72672,0.999873,0.000409
63,3020.73367,0.999425,0.000409
63,3020.74061,0.99984,0.000409
63,3020.74756,0.999641,0.000409
63,3020.7545,0.999911,0.000409
63,3020.76145,0.999528,0.000409
63,3020.76839,0.9993,0.000409
63,3020.77533,1.000257,0.000409
63,3020.78228,1.000269,0.000409
63,3020.78922,1.000187,0.000409
63,3020.79617,1.000111,0.000409
63,3020.80311,1.000278,0.000409
63,3020.81006,0.999452,0.000409
63,3020.817,0.999846,0.000409
63,3020.82395,1.000202,0.000409
63,3020.83089,1.000581,0.000409
63,3020.83783,0.99979,0.000409
63,3020.84478,1.000574,0.000409
63,3020.85172,0.999746,0.000408
63,3020.85867,0.999737,0.000409
63,3020.86561,0.999169,0.000408
63,3020.87256,0.999464,0.000408
63,3020.8795,0.999773,0.000409
63,3020.88644,0.999402,0.000409
63,3020.89339,1.000336,0.000409
63,3020.90033,1.000626,0.000409
63,3020.90728,1.000146,0.000409
63,3020.91422,1.00003,0.000409
63,3020.92117,0.999016,0.000408
63,3020.92811,0.999811,0.000409
63,3020.93506,1.000253,0.000409
63,3020.942,1.000019,0.000408
63,3020.94894,1.000296,0.000409
63,3020.95589,1.000059,0.000408
63,3020.96283,1.000622,0.000409
63,3020.96978,1.000753,0.000409
63,3020.97672,1.000034,0.000409
63,3020.98367,1.000141,0.000409
63,3020.99061,0.999801,0.000409
63,3020.99686,1.000733,0.000457
63,3021.0045,0.999883,0.000408
63,3021.01144,1.000787,0.000409
63,3021.01839,1.00028,0.000409
63,3021.02533,1.000245,0.000408
63,3021.03228,0.99953,0.000408
63,3021.03922,0.999191,0.000408
63,3021.04617,1.000475,0.000409
63,3021.05311,0.999989,0.000408
63,3021.06006,1.000372,0.000408
63,3021.067,1.000301,0.000408
63,3021.07394,0.999559,0.000408
63,3021.08089,1.000471,0.000409
63,3021.08783,0.999824,0.000408
63,3021.09478,0.999579,0.000408
63,3021.10172,0.999194,0.000408
63,3021.10867,0.99927,0.000408
63,3021.11561,1.000883,0.000409
63,3021.12255,1.000453,0.000409
63,3021.1295,0.999409,0.000408
63,3021.13644,1.000157,0.000409
63,3021.14339,1.000334,0.000409
63,3021.15033,0.999595,0.000408
63,3021.15728,1.000566,0.000408
63,3021.16422,1.000283,0.000408
63,3021.17117,1.000457,0.000408
63,3021.17811,1.000269,0.000408
63,3021.18505,1.000704,0.000408
63,3021.18992,1.001194,0.000646
63,3021.40866,1.000879,0.000528
63,3021.41422,1.000646,0.000409
63,3021.42116,1.000937,0.000409
63,3021.42811,1.000577,0.000409
63,3021.4354,1.000649,0.000457
63,3021.442,1.000529,0.000409
63,3021.44894,0.999704,0.000409
63,3021.45589,0.999989,0.000409
63,3021.46283,1.000144,0.000409
63,3021.46978,0.99984,0.000409
63,3021.47672,1.000088,0.000409
63,3021.48366,0.999359,0.000409
63,3021.49061,0.999933,0.000409
63,3021.49755,0.999494,0.000409
63,3021.5045,1.000028,0.000409
63,3021.51144,0.999654,0.000409
63,3021.51839,1.000384,0.000409
63,3021.52533,0.999176,0.000409
63,3021.53228,0.99939,0.000409
63,3021.53922,1.000039,0.000409
63,3021.54616,0.999922,0.000409
63,3021.55311,0.999903,0.000409
63,3021.56005,0.999585,0.000409
63,3021.567,0.999111,0.000409
63,3021.57394,1.000037,0.000409
63,3021.58089,1.000351,0.000409
63,3021.58783,1.000458,0.000409
63,3021.59477,0.99988,0.000409
63,3021.60172,0.999744,0.000409
63,3021.60866,0.999836,0.000409
63,3021.61561,0.999653,0.000409
63,3021.62255,0.999566,0.000409
63,3021.6295,0.999815,0.000409
63,3021.63644,0.999928,0.000409
63,3021.64339,1.000006,0.000409
63,3021.65033,0.99906,0.000409
63,3021.65727,0.999762,0.000409
63,3021.66422,1.000044,0.000409
63,3021.67116,0.999416,0.000409
63,3021.67811,0.99987,0.000409
63,3021.68505,0.999579,0.000409
63,3021.692,0.999748,0.000409
63,3021.69894,0.999663,0.000409
63,3021.70589,0.999854,0.000409
63,3021.71283,0.999565,0.000409
63,3021.71977,0.999142,0.000409
63,3021.72672,0.999799,0.000409
63,3021.73366,0.999076,0.000409
63,3021.74061,0.999529,0.000409
63,3021.74755,0.999921,0.000409
63,3021.7545,0.999943,0.000409
63,3021.76144,0.999809,0.000409
63,3021.76838,0.999335,0.000409
63,3021.77533,1.000905,0.000409
63,3021.78227,1.000445,0.000409
63,3021.78922,1.000541,0.000409
63,3021.79616,1.000191,0.000409
63,3021.80311,1.000251,0.000409
63,3021.81005,1.000042,0.000409
63,3021.817,0.999949,0.000409
63,3021.82394,1.000338,0.000409
63,3021.83088,1.00013,0.000409
63,3021.83783,1.000316,0.000409
63,3021.84477,1.000121,0.000409
63,3021.85172,1.000168,0.000409
63,3021.85866,1.000586,0.000409
63,3021.86561,1.000455,0.000409
63,3021.87255,0.999606,0.000409
63,3021.8795,1.000386,0.000409
63,3021.88644,1.000134,0.000409
63,3021.89338,1.000335,0.000409
63,3021.90033,1.000633,0.000409
63,3021.90727,0.99975,0.000409
63,3021.91422,0.999864,0.000409
63,3021.92116,0.99975,0.000409
63,3021.92811,1.000599,0.000409
63,3021.93505,1.000506,0.000409
63,3021.94199,1.000889,0.000409
63,3021.94894,1.00009,0.000409
63,3021.95588,1.000078,0.000409
63,3021.96283,1.000414,0.000409
63,3021.96977,1.00037,0.000409
63,3021.97672,1.000324,0.000409
63,3021.98366,0.999636,0.000409
63,3021.99061,1.000291,0.000409
63,3021.99755,1.00063,0.000409
63,3022.00449,0.999666,0.000409
63,3022.01144,0.999995,0.000409
63,3022.01838,0.999811,0.000409
63,3022.02533,0.99956,0.000409
63,3022.03227,0.999923,0.000409
63,3022.03922,0.999389,0.000409
63,3022.04616,1.000088,0.000409
63,3022.05311,0.999426,0.000409
63,3022.06005,1.000008,0.000409
63,3022.06699,0.999433,0.000409
63,3022.07394,0.999572,0.000409
63,3022.08088,1.000352,0.000409
63,3022.08783,1.000141,0.000409
63,3022.09477,1.000199,0.000409
63,3022.10172,1.000233,0.000409
63,3022.10866,0.999612,0.000409
63,3022.1156,0.999959,0.000409
63,3022.12255,0.999364,0.000409
63,3022.12949,0.999484,0.000409
63,3022.13644,1.00018,0.000409
63,3022.14338,1.000398,0.000409
63,3022.15033,0.999752,0.000409
63,3022.15727,0.999241,0.000409
63,3022.16422,0.999915,0.000409
63,3022.17116,1.000504,0.000409
63,3022.1781,0.999509,0.000409
63,3022.18505,0.999982,0.000409
63,3022.19199,0.999365,0.000409
63,3022.19894,0.99987,0.000409
63,3022.20588,1.000013,0.000409
63,3022.21283,1.000573,0.000409
63,3022.21977,0.999889,0.000409
63,3022.22672,1.00042,0.000409
63,3022.23366,1.000803,0.000409
63,3022.2406,1.000108,0.000409
63,3022.24755,0.999923,0.000409
63,3022.25449,1.000071,0.000409
63,3022.26144,0.999729,0.000408
63,3022.26838,1.000407,0.000409
63,3022.27533,0.999958,0.000409
63,3022.28227,0.999908,0.000409
63,3022.28921,1.000128,0.000409
63,3022.29616,1.0014,0.000409
63,3022.3031,0.999937,0.000409
63,3022.31005,1.000062,0.000409
63,3022.31699,1.00084,0.000409
63,3022.32394,0.999979,0.000409
63,3022.33088,0.999849,0.000409
63,3022.33783,1.000173,0.000409
63,3022.34477,1.000154,0.000409
63,3022.35171,0.999712,0.000409
63,3022.35866,0.999834,0.000409
63,3022.3656,1.000023,0.000409
63,3022.37255,1.00014,0.000408
63,3022.37949,0.999583,0.000408
63,3022.38644,1.000044,0.000409
63,3022.39338,1.000228,0.000409
63,3022.40033,0.999912,0.000409
63,3022.40658,0.999287,0.000457
63,3022.41421,1.000387,0.000409
63,3022.42116,0.999641,0.000408
63,3022.4281,0.999662,0.000408
63,3022.43505,1.000991,0.000409
63,3022.44199,1.000194,0.000409
63,3022.44894,1.000534,0.000408
63,3022.45588,1.000148,0.000408
63,3022.46282,0.999973,0.000408
63,3022.46977,1.000314,0.000408
63,3022.47671,1.000165,0.000409
63,3022.48366,0.999429,0.000408
63,3022.4906,1.000428,0.000408
63,3022.49755,1.000156,0.000408
63,3022.50449,0.999639,0.000408
63,3022.51144,0.999572,0.000408
63,3022.51838,0.999116,0.000408
63,3022.52532,0.999775,0.000408
63,3022.53227,0.999477,0.000408
63,3022.53921,0.999841,0.000408
63,3022.54616,1.000123,0.000409
63,3022.5531,0.999912,0.000408
63,3022.56005,0.99986,0.000408
63,3022.56699,0.999759,0.000408
63,3022.57394,1.000273,0.000409
63,3022.58088,0.999232,0.000408
63,3022.58782,0.999697,0.000408
63,3022.59477,0.99947,0.000408
63,3022.60171,1.000054,0.000409
63,3022.60866,0.999402,0.000408
63,3022.6156,1.000063,0.000408
63,3022.62255,0.999734,0.000408
63,3022.62949,1.000006,0.000408
63,3022.63643,1.000202,0.000408
63,3022.64338,1.000242,0.000408
63,3022.65032,1.000799,0.000408
63,3022.65727,1.000491,0.000409
63,3022.66421,1.000148,0.000408
63,3022.67116,1.000823,0.000408
63,3022.6781,1.000226,0.000408
63,3022.68505,1.000266,0.000408
63,3022.69199,0.999601,0.000408
63,3022.69893,0.999884,0.000408
63,3022.70588,1.000201,0.000408
63,3022.71282,0.999881,0.000408
63,3022.71977,0.999644,0.000408
63,3022.72671,1.000285,0.000408
63,3022.73366,0.999711,0.000408
63,3022.7406,0.999993,0.000408
63,3022.74755,0.999368,0.000408
63,3022.75449,0.999297,0.000408
63,3022.76143,0.999716,0.000408
63,3022.76838,1.001108,0.000409
63,3022.77532,1.000058,0.000408
63,3022.78227,0.999256,0.000408
63,3022.78921,1.000176,0.000408
63,3022.79616,1.000316,0.000408
63,3022.8031,1.000612,0.000408
63,3022.81004,1.000239,0.000408
63,3022.81699,0.999873,0.000408
63,3022.82393,1.000374,0.000408
63,3022.83088,1.000512,0.000408
63,3022.83782,0.999465,0.000408
63,3022.84477,1.000029,0.000408
63,3022.85171,0.999298,0.000408
63,3022.85866,1.00031,0.000408
63,3022.8656,1.000365,0.000408
63,3022.87254,0.999922,0.000408
63,3022.87949,1.000055,0.000408
63,3022.88643,1.000863,0.000408
63,3022.89338,1.000233,0.000408
63,3022.90032,1.000034,0.000408
63,3022.90727,0.999868,0.000408
63,3022.91421,1.000629,0.000408
63,3022.92116,1.000042,0.000408
63,3022.9281,0.999739,0.000408
63,3022.93504,0.999513,0.000408
63,3022.94199,1.000274,0.000408
63,3022.94893,1.000116,0.000408
63,3022.95588,0.999298,0.000408
63,3022.96282,0.999026,0.000408
63,3022.96977,1.000196,0.000408
63,3022.97671,0.999908,0.000408
63,3022.98365,1.000182,0.000408
63,3022.9906,1.000028,0.000408
63,3022.99754,1.000431,0.000408
63,3023.00449,0.999522,0.000408
63,3023.01143,0.999773,0.000408
63,3023.01838,1.000209,0.000408
63,3023.02532,0.999856,0.000408
63,3023.03227,1.000524,0.000408
63,3023.03921,0.999839,0.000408
63,3023.04615,0.999564,0.000408
63,3023.0531,0.999228,0.000408
63,3023.06004,1.000366,0.000408
63,3023.06699,1.000447,0.000408
63,3023.07393,0.999684,0.000408
63,3023.08088,1.000349,0.000408
63,3023.08782,0.999753,0.000408
63,3023.09476,0.999689,0.000408
63,3023.10171,1.000065,0.000408
63,3023.10865,0.999999,0.000408
63,3023.1156,0.999721,0.000408
63,3023.12254,1.000657,0.000408
63,3023.12949,1.000305,0.000408
63,3023.13643,1.000475,0.000408
63,3023.14338,1.000226,0.000408
63,3023.15032,0.99899,0.000408
63,3023.15726,0.999999,0.000408
63,3023.16421,1.000913,0.000408
63,3023.17115,0.999961,0.000408
63,3023.1781,0.999389,0.000408
63,3023.18504,1.000704,0.000408
63,3023.19199,1.000003,0.000408
63,3023.19893,0.999954,0.000408
63,3023.20588,1.00019,0.000408
63,3023.21282,1.000044,0.000408
63,3023.21976,0.99953,0.000408
63,3023.22671,0.999867,0.000408
63,3023.23365,0.999891,0.000408
63,3023.2406,1.000123,0.000408
63,3023.24754,1.000674,0.000408
63,3023.25449,1.0002,0.000408
63,3023.26143,1.000151,0.000408
63,3023.26837,1.000005,0.000408
63,3023.27532,1.000507,0.000408
63,3023.28226,1.00057,0.000408
63,3023.28921,1.000388,0.000408
63,3023.29615,0.999956,0.000408
63,3023.3031,1.000535,0.000408
63,3023.31004,1.000256,0.000408
63,3023.31699,1.00038,0.000408
63,3023.32393,0.999692,0.000408
63,3023.33087,0.999714,0.000408
63,3023.33782,1.000471,0.000408
63,3023.34476,0.999111,0.000408
63,3023.35171,1.000068,0.000408
63,3023.35865,0.999471,0.000408
63,3023.3656,0.999863,0.000408
63,3023.37254,1.000169,0.000408
63,3023.37948,0.999655,0.000408
63,3023.38643,0.999735,0.000408
63,3023.39337,1.000057,0.000408
63,3023.40032,1.00002,0.000408
63,3023.40726,0.999839,0.000408
63,3023.41421,1.00053,0.000408
63,3023.42115,0.999321,0.000408
63,3023.4281,0.999617,0.000408
63,3023.43504,0.999817,0.000408
63,3023.44198,1.000217,0.000408
63,3023.44893,0.999515,0.000408
63,3023.45587,0.99966,0.000408
63,3023.46282,0.999399,0.000408
63,3023.46976,0.999992,0.000408
63,3023.47671,0.999792,0.000408
63,3023.48365,0.999478,0.000408
63,3023.4906,1.000309,0.000408
63,3023.49754,1.000638,0.000408
63,3023.50448,0.999602,0.000408
63,3023.51143,1.000409,0.000408
63,3023.51837,0.999839,0.000408
63,3023.52532,1.00006,0.000408
63,3023.53226,1.000173,0.000408
63,3023.53921,0.999827,0.000408
63,3023.54615,0.999807,0.000408
63,3023.55309,1.000343,0.000408
63,3023.56004,0.999734,0.000408
63,3023.56698,0.999601,0.000408
63,3023.57393,0.99957,0.000408
63,3023.58087,0.999444,0.000408
63,3023.58747,1.00009,0.000456
63,3023.59476,0.999638,0.000408
63,3023.60171,0.999968,0.000408
63,3023.60865,0.999954,0.000408
63,3023.61559,1.000707,0.000408
63,3023.62254,1.000081,0.000408
63,3023.62948,1.00062,0.000408
63,3023.63643,1.000781,0.000408
63,3023.64337,0.999949,0.000408
63,3023.65032,0.999699,0.000408
63,3023.65726,1.000103,0.000408
63,3023.6642,1.000447,0.000408
63,3023.67115,1.000508,0.000408
63,3023.67809,1.000341,0.000408
63,3023.68504,1.000341,0.000408
63,3023.69198,0.999723,0.000408
63,3023.69893,1.000262,0.000408
63,3023.70587,1.000438,0.000408
63,3023.71282,1.000339,0.000408
63,3023.71976,1.000235,0.000408
63,3023.7267,1.000022,0.000408
63,3023.73365,1.000318,0.000408
63,3023.74059,0.99945,0.000408
63,3023.74754,0.99995,0.000408
63,3023.75448,1.000394,0.000408
63,3023.76143,0.999895,0.000408
63,3023.76837,1.000287,0.000408
63,3023.77531,1.000275,0.000408
63,3023.78226,0.999471,0.000408
63,3023.7892,0.999884,0.000408
63,3023.79615,0.999957,0.000408
63,3023.80309,1.00033,0.000408
63,3023.81004,1.000228,0.000408
63,3023.81698,0.999138,0.000408
63,3023.82393,0.99983,0.000408
63,3023.83087,1.00034,0.000408
63,3023.83781,0.999648,0.000408
63,3023.84476,0.999556,0.000408
63,3023.8517,1.000376,0.000408
63,3023.85865,1.000168,0.000408
63,3023.86559,1.000482,0.000408
63,3023.87219,1.000262,0.000456
63,3023.87948,0.999452,0.000408
63,3023.88642,0.999792,0.000408
63,3023.89337,0.999747,0.000408
63,3023.90031,0.999978,0.000408
63,3023.90726,0.999693,0.000408
63,3023.9142,0.999633,0.000408
63,3023.92115,1.000377,0.000408
63,3023.92809,1.000167,0.000408
63,3023.93504,0.999613,0.000408
63,3023.94198,1.000652,0.000408
63,3023.94892,0.99951,0.000408
63,3023.95587,0.999927,0.000408
63,3023.96281,0.999626,0.000408
63,3023.96976,1.000357,0.000408
63,3023.9767,0.999943,0.000408
63,3023.98365,0.999025,0.000408
63,3023.99059,1.000687,0.000408
63,3023.99754,0.999649,0.000408
63,3024.00448,1.000029,0.000408
63,3024.01142,1.00016,0.000408
63,3024.01837,0.999973,0.000408
63,3024.02531,1.00075,0.000408
63,3024.03226,1.000503,0.000408
63,3024.0392,1.000027,0.000408
63,3024.04615,1.000666,0.000408
63,3024.05309,1.000252,0.000408
63,3024.06003,1.00048,0.000408
63,3024.06698,0.999442,0.000408
63,3024.07392,1.000575,0.000408
63,3024.08087,0.999106,0.000408
63,3024.08781,0.999329,0.000408
63,3024.09476,0.999981,0.000408
63,3024.1017,1.000046,0.000408
63,3024.10865,0.999951,0.000408
63,3024.11559,1.000956,0.000408
63,3024.12253,0.999663,0.000408
63,3024.12948,0.999546,0.000408
63,3024.13642,1.000251,0.000408
63,3024.14337,0.999767,0.000408
63,3024.15031,1.000192,0.000408
63,3024.15726,1.00028,0.000408
63,3024.1642,0.999422,0.000408
63,3024.17114,0.999235,0.000408
63,3024.17809,0.99993,0.000408
63,3024.18503,1.000302,0.000408
63,3024.19198,1.000042,0.000408
63,3024.19892,0.999572,0.000408
63,3024.20587,0.999846,0.000408
63,3024.21281,1.000721,0.000408
63,3024.21976,1.000063,0.000408
63,3024.2267,0.999617,0.000408
63,3024.23364,0.999939,0.000408
63,3024.24024,1.000811,0.000456
63,3024.24753,1.000362,0.000408
63,3024.25448,1.000021,0.000408
63,3024.26142,0.999816,0.000408
63,3024.26837,1.000156,0.000408
63,3024.27531,0.999636,0.000408
63,3024.28225,1.000879,0.000408
63,3024.2892,0.999962,0.000408
63,3024.29614,1.000295,0.000408
63,3024.30309,1.000344,0.000408
63,3024.31003,0.999957,0.000408
63,3024.31698,1.000392,0.000408
63,3024.32392,1.000145,0.000408
63,3024.33087,0.999679,0.000408
63,3024.33781,0.999748,0.000408
63,3024.34475,0.999582,0.000408
63,3024.3517,0.999346,0.000408
63,3024.35864,1.000234,0.000408
63,3024.36559,1.000015,0.000408
63,3024.37253,0.999577,0.000408
63,3024.37948,0.999828,0.000408
63,3024.38642,0.999389,0.000408
63,3024.39336,0.999782,0.000408
63,3024.40031,0.999587,0.000408
63,3024.40725,0.999469,0.000408
63,3024.4142,1.000277,0.000408
63,3024.42114,0.999787,0.000408
63,3024.42809,0.999998,0.000408
63,3024.43503,1.000299,0.000408
63,3024.44198,1.000124,0.000408
63,3024.44892,1.000121,0.000408
63,3024.45586,1.000453,0.000408
63,3024.46281,0.999665,0.000408
63,3024.46975,1.000666,0.000408
63,3024.4767,1.000483,0.000408
63,3024.48364,0.999265,0.000408
63,3024.49059,0.999393,0.000408
63,3024.49753,1.000706,0.000408
63,3024.50447,0.999614,0.000408
63,3024.51142,1.000237,0.000408
63,3024.51836,1.000144,0.000408
63,3024.52531,0.99996,0.000408
63,3024.53225,1.000714,0.000408
63,3024.5392,0.999906,0.000408
63,3024.54614,0.999933,0.000408
63,3024.55309,0.999593,0.000408
63,3024.56003,0.999684,0.000408
63,3024.56697,1.000064,0.000408
63,3024.57392,0.999703,0.000408
63,3024.58086,0.999292,0.000408
63,3024.58781,1.000263,0.000408
63,3024.59475,1.000192,0.000408
63,3024.6017,0.999386,0.000408
63,3024.60864,0.999941,0.000408
63,3024.61558,0.999769,0.000408
63,3024.62253,1.000592,0.000408
63,3024.62947,0.999989,0.000408
63,3024.63642,1.000073,0.000408
63,3024.64336,1.000896,0.000408
63,3024.65031,0.999944,0.000408
63,3024.65725,1.000123,0.000408
63,3024.6642,1.000605,0.000408
63,3024.67114,1.000183,0.000408
63,3024.67808,0.999463,0.000408
63,3024.68503,0.999793,0.000408
63,3024.69197,1.00029,0.000408
63,3024.69892,1.000138,0.000408
63,3024.70586,1.000711,0.000408
63,3024.71281,1.000469,0.000408
63,3024.7201,0.999216,0.000456
63,3024.72669,1.000385,0.000408
63,3024.73364,0.999845,0.000408
63,3024.74058,1.000016,0.000408
63,3024.74753,0.999937,0.000408
63,3024.75447,0.999711,0.000408
63,3024.76142,0.999886,0.000408
63,3024.76836,0.999582,0.000408
63,3024.77531,1.000431,0.000408
63,3024.78225,0.999812,0.000408
63,3024.78919,1.000204,0.000408
63,3024.79614,0.999654,0.000408
63,3024.80308,1.00001,0.000408
63,3024.81003,0.999613,0.000408
63,3024.81697,1.00034,0.000408
63,3024.82392,1.00017,0.000408
63,3024.83086,0.999626,0.000408
63,3024.8378,0.999597,0.000408
63,3024.84475,1.000316,0.000408
63,3024.85169,0.999902,0.000408
63,3024.85864,1.000101,0.000408
63,3024.86558,0.999662,0.000408
63,3024.87253,1.00074,0.000408
63,3024.87947,0.999785,0.000408
63,3024.88642,0.999445,0.000408
63,3024.89336,1.00013,0.000408
63,3024.9003,1.000422,0.000408
63,3024.90725,0.999567,0.000408
63,3024.91419,0.999441,0.000408
63,3024.92114,0.999903,0.000408
63,3024.92808,1.000297,0.000408
63,3024.93503,0.999896,0.000408
63,3024.94197,1.000501,0.000408
63,3024.94891,0.99964,0.000408
63,3024.95586,1.000182,0.000408
63,3024.9628,0.99938,0.000408
63,3024.96975,1.000096,0.000408
63,3024.97669,1.000393,0.000408
63,3024.98364,0.999425,0.000408
63,3024.99058,0.999694,0.000408
63,3024.99753,1.000137,0.000408
63,3025.00447,0.999966,0.000408
63,3025.01141,0.999363,0.000408
63,3025.01836,1.00026,0.000408
63,3025.0253,0.999366,0.000408
63,3025.03225,1.000056,0.000408
63,3025.03919,1.000261,0.000408
63,3025.04614,0.999437,0.000408
63,3025.05308,1.000599,0.000408
63,3025.06002,1.000276,0.000408
63,3025.06697,1.000069,0.000408
63,3025.07391,0.999435,0.000408
63,3025.08086,0.999712,0.000408
63,3025.0878,1.000181,0.000408
63,3025.09475,0.999451,0.000408
63,3025.10169,1.000333,0.000408
63,3025.10864,0.999699,0.000408
63,3025.11558,1.000405,0.000408
63,3025.12252,1.000011,0.000408
63,3025.12947,0.999423,0.000408
63,3025.13641,0.999706,0.000408
63,3025.14336,1.000148,0.000408
63,3025.1503,1.000419,0.000408
63,3025.15725,1.000383,0.000408
63,3025.16419,1.000568,0.000408
63,3025.17113,0.999408,0.000408
63,3025.17808,0.999971,0.000408
63,3025.18502,0.999849,0.000408
63,3025.19197,1.000143,0.000408
63,3025.19891,1.000021,0.000408
63,3025.20586,0.999718,0.000408
63,3025.2128,0.999831,0.000408
63,3025.21975,0.999696,0.000408
63,3025.22669,1.000181,0.000408
63,3025.23363,0.999952,0.000408
63,3025.24058,1.000321,0.000408
63,3025.24752,1.000308,0.000408
63,3025.25447,1.000019,0.000408
63,3025.26141,0.999936,0.000408
63,3025.26836,0.999735,0.000408
63,3025.2753,0.999674,0.000408
63,3025.28224,1.000235,0.000408
63,3025.28919,1.000754,0.000408
63,3025.29613,1.000959,0.000408
63,3025.30308,1.000528,0.000408
63,3025.31002,0.999995,0.000408
63,3025.31697,1.00032,0.000408
63,3025.32391,0.999466,0.000408
63,3025.33085,0.999541,0.000408
63,3025.3378,1.000363,0.000408
63,3025.34474,1.000147,0.000408
63,3025.35169,1.000146,0.000408
63,3025.35863,1.000516,0.000408
63,3025.36558,0.999995,0.000408
63,3025.37252,1.00051,0.000408
63,3025.37947,1.000489,0.000408
63,3025.38641,0.999947,0.000408
63,3025.39335,1.000508,0.000408
63,3025.4003,1.000031,0.000408
63,3025.40724,0.999833,0.000408
63,3025.41419,1.000323,0.000408
63,3025.42113,1.00019,0.000408
63,3025.42808,1.000221,0.000408
63,3025.43502,1.000118,0.000408
63,3025.44196,0.999381,0.000408
63,3025.44891,0.999965,0.000408
63,3025.45585,0.999564,0.000408
63,3025.4628,1.000051,0.000408
63,3025.46974,0.998904,0.000408
63,3025.47669,0.998614,0.000408
63,3025.48363,0.999795,0.000408
63,3025.49058,0.999824,0.000408
63,3025.49752,0.99954,0.000408
63,3025.50446,0.999451,0.000408
63,3025.51141,1.000094,0.000408
63,3025.51835,0.99929,0.000408
63,3025.5253,0.999852,0.000408
63,3025.53224,0.999589,0.000408
63,3025.53884,0.999824,0.000456
63,3025.54613,0.999629,0.000408
63,3025.55307,0.999791,0.000408
63,3025.56002,0.999206,0.000408
63,3025.56696,1.000229,0.000408
63,3025.57391,0.999759,0.000408
63,3025.58085,0.99971,0.000408
63,3025.5878,0.999969,0.000408
63,3025.59474,1.000336,0.000408
63,3025.60169,1.000019,0.000408
63,3025.60863,0.999931,0.000408
63,3025.61557,1.000242,0.000408
63,3025.62252,1.000403,0.000408
63,3025.62946,1.000473,0.000408
63,3025.63641,0.999724,0.000408
63,3025.64335,0.999813,0.000408
63,3025.6503,0.999839,0.000408
63,3025.65724,1.000996,0.000408
63,3025.66418,0.999751,0.000408
63,3025.67113,1.000155,0.000408
63,3025.67807,1.000194,0.000408
63,3025.68502,1.000108,0.000408
63,3025.69196,1.000742,0.000408
63,3025.69891,0.99987,0.000408
63,3025.70585,0.99978,0.000408
63,3025.71279,1.000299,0.000408
63,3025.71974,1.000459,0.000408
63,3025.72668,1.000383,0.000408
63,3025.73363,1.000309,0.000408
63,3025.74057,0.999863,0.000408
63,3025.74752,0.999753,0.000408
63,3025.75446,1.000141,0.000408
63,3025.76141,1.000175,0.000408
63,3025.76835,0.999616,0.000408
63,3025.77529,1.000597,0.000408
63,3025.78224,0.99978,0.000408
63,3025.78918,0.999917,0.000408
63,3025.79613,0.999979,0.000408
63,3025.80307,0.9995,0.000408
63,3025.81002,0.999967,0.000408
63,3025.81696,0.99938,0.000408
63,3025.8239,0.999358,0.000408
63,3025.83085,1.000718,0.000408
63,3025.83779,1.000035,0.000408
63,3025.84474,0.999422,0.000408
63,3025.85168,1.000354,0.000408
63,3025.85863,0.999852,0.000408
63,3025.86557,0.999201,0.000408
63,3025.87252,1.000208,0.000408
63,3025.87946,1.000181,0.000408
63,3025.8871,1.000686,0.000456
63,3025.89335,1.000926,0.000408
63,3025.90029,1.000272,0.000408
63,3025.90724,0.999883,0.000408
63,3025.91418,1.000039,0.000408
63,3025.92113,0.999485,0.000408
63,3025.92807,0.998657,0.000408
63,3025.93501,0.999792,0.000408
63,3025.94196,0.9995,0.000408
63,3025.9489,0.999275,0.000408
63,3025.95585,1.000114,0.000408
63,3025.96279,1.000263,0.000408
63,3025.96974,1.000774,0.000408
63,3025.97668,0.999963,0.000408
63,3025.98362,1.000293,0.000408
63,3025.99057,1.000478,0.000408
63,3025.99751,1.000112,0.000408
63,3026.00446,1.000385,0.000408
63,3026.0114,0.999737,0.000408
63,3026.01835,1.000565,0.000408
63,3026.02599,0.999675,0.000456
63,3026.03224,0.999972,0.000408
63,3026.03918,0.999824,0.000408
63,3026.04612,1.00029,0.000408
63,3026.05307,0.999915,0.000408
63,3026.06001,0.999895,0.000408
63,3026.06696,1.000054,0.000408
63,3026.0739,1.000928,0.000408
63,3026.08085,1.000136,0.000408
63,3026.08779,1.00028,0.000408
63,3026.09473,0.999844,0.000408
63,3026.10168,0.999891,0.000408
63,3026.10862,1.00056,0.000408
63,3026.11557,0.999829,0.000408
63,3026.12251,0.999713,0.000408
63,3026.12946,1.000084,0.000408
63,3026.1364,0.999856,0.000408
63,3026.14335,1.000524,0.000408
63,3026.15029,0.999807,0.000408
63,3026.15723,1.000575,0.000408
63,3026.16418,1.000046,0.000408
63,3026.17112,0.999955,0.000408
63,3026.17807,0.99984,0.000408
63,3026.18501,0.99934,0.000408
63,3026.19196,0.999856,0.000408
63,3026.1989,0.999671,0.000408
63,3026.20584,1.000186,0.000408
63,3026.21279,0.999761,0.000408
63,3026.21973,1.000008,0.000408
63,3026.22668,0.999395,0.000408
63,3026.23362,0.999818,0.000408
63,3026.24057,1.000011,0.000408
63,3026.24751,0.999633,0.000408
63,3026.25445,0.999739,0.000408
63,3026.2614,0.999942,0.000408
63,3026.26834,0.999799,0.000408
63,3026.27529,0.999863,0.000408
63,3026.28223,1.000033,0.000408
63,3026.28918,0.999967,0.000408
63,3026.29612,1.000541,0.000408
63,3026.30307,1.000083,0.000408
63,3026.31001,1.000447,0.000408
63,3026.31695,1.000039,0.000408
63,3026.3239,0.998982,0.000408
63,3026.33084,0.999809,0.000408
63,3026.33779,0.999433,0.000408
63,3026.34473,1.000415,0.000408
63,3026.35168,1.000199,0.000408
63,3026.35862,1.000206,0.000408
63,3026.36556,0.999984,0.000408
63,3026.37251,1.000275,0.000408
63,3026.37945,0.999926,0.000408
63,3026.3864,0.999831,0.000408
63,3026.39334,1.000659,0.000408
63,3026.40029,1.000287,0.000408
63,3026.40723,1.00015,0.000408
63,3026.41417,1.000039,0.000408
63,3026.42112,1.000616,0.000408
63,3026.42806,1.000139,0.000408
63,3026.43501,1.000194,0.000408
63,3026.44195,0.999784,0.000408
63,3026.4489,0.999686,0.000408
63,3026.45584,1.000124,0.000408
63,3026.46279,1.000205,0.000408
63,3026.46973,1.000111,0.000408
63,3026.47667,0.99966,0.000408
63,3026.48362,0.99932,0.000408
63,3026.49056,1.000199,0.000408
63,3026.49751,0.999531,0.000408
63,3026.50445,0.999687,0.000408
63,3026.5114,1.000766,0.000408
63,3026.51834,0.999695,0.000408
63,3026.52528,0.99961,0.000408
63,3026.53223,1.000314,0.000408
63,3026.53917,0.999235,0.000408
63,3026.54612,1.000179,0.000408
63,3026.55306,0.999913,0.000408
63,3026.56001,0.99996,0.000408
63,3026.56695,1.000464,0.000408
63,3026.5739,1.000451,0.000408
63,3026.58084,0.999881,0.000408
63,3026.58778,0.999984,0.000408
63,3026.59473,1.000478,0.000408
63,3026.60167,1.000465,0.000408
63,3026.60862,0.999274,0.000408
63,3026.61556,0.999793,0.000408
63,3026.62251,1.000001,0.000408
63,3026.62945,0.99905,0.000408
63,3026.63639,0.999703,0.000408
63,3026.64334,0.999713,0.000408
63,3026.65028,1.000592,0.000408
63,3026.65723,0.999917,0.000408
63,3026.66417,1.000257,0.000408
63,3026.67112,0.99961,0.000408
63,3026.67806,0.999144,0.000408
63,3026.685,0.999706,0.000408
63,3026.69195,0.999539,0.000408
63,3026.69889,0.999231,0.000408
63,3026.70584,0.999565,0.000408
63,3026.71278,0.999922,0.000408
63,3026.71973,1.000585,0.000408
63,3026.72667,0.999985,0.000408
63,3026.73362,1.000502,0.000408
63,3026.74056,0.999896,0.000408
63,3026.7475,0.999943,0.000408
63,3026.75445,0.999967,0.000408
63,3026.76139,1.000104,0.000408
63,3026.76834,1.000495,0.000408
63,3026.77528,1.000054,0.000408
63,3026.78223,1.000919,0.000408
63,3026.78917,1.000276,0.000408
63,3026.79611,0.999783,0.000408
63,3026.80306,1.000389,0.000408
63,3026.81,0.99957,0.000408
63,3026.81695,1.000242,0.000408
63,3026.82389,0.999895,0.000408
63,3026.83084,0.999878,0.000408
63,3026.83778,1.000079,0.000408
63,3026.84472,0.999926,0.000408
63,3026.85167,1.000409,0.000408
63,3026.85861,1.000288,0.000408
63,3026.86556,1.0,0.000408
63,3026.8725,0.999948,0.000408
63,3026.87945,1.000006,0.000408
63,3026.88639,1.000209,0.000408
63,3026.89334,1.000326,0.000408
63,3026.90028,1.000239,0.000408
63,3026.90722,0.999404,0.000408
63,3026.91417,1.000068,0.000408
63,3026.92111,0.99984,0.000408
63,3026.92806,1.000019,0.000408
63,3026.935,0.999568,0.000408
63,3026.94195,1.000622,0.000408
63,3026.94889,1.000358,0.000408
63,3026.95583,1.000393,0.000408
63,3026.96278,0.99969,0.000408
63,3026.96972,0.999199,0.000408
63,3026.97667,1.000883,0.000408
63,3026.98361,1.000081,0.000408
63,3026.99056,0.999887,0.000408
63,3026.9975,1.00019,0.000408
63,3027.00444,1.000433,0.000408
63,3027.01139,1.001141,0.000408
63,3027.01833,0.999964,0.000408
63,3027.02528,0.999943,0.000408
63,3027.03222,0.999953,0.000408
63,3027.03917,0.999669,0.000408
63,3027.04611,1.000416,0.000408
63,3027.05305,0.999924,0.000408
63,3027.06,1.000244,0.000408
63,3027.06694,1.000026,0.000408
63,3027.07389,1.000479,0.000408
63,3027.08083,0.999846,0.000408
63,3027.08778,1.000403,0.000408
63,3027.09472,1.000017,0.000408
63,3027.10167,1.000179,0.000408
63,3027.10861,0.999577,0.000408
63,3027.11555,0.999884,0.000408
63,3027.1225,0.999761,0.000408
63,3027.12944,1.000668,0.000408
63,3027.13639,0.999967,0.000408
63,3027.14333,1.000376,0.000408
63,3027.15028,1.000091,0.000408
63,3027.15722,0.9999,0.000408
63,3027.16416,0.999602,0.000408
63,3027.17111,0.999322,0.000408
63,3027.17805,0.999597,0.000408
63,3027.185,1.000077,0.000408
63,3027.19194,0.99972,0.000408
63,3027.19889,1.000118,0.000408
63,3027.20583,0.999792,0.000408
63,3027.21277,0.999934,0.000408
63,3027.21972,0.99967,0.000408
63,3027.22666,1.000939,0.000408
63,3027.23361,0.999518,0.000408
63,3027.24055,1.000629,0.000408
63,3027.2475,1.000386,0.000408
63,3027.25444,1.000285,0.000408
63,3027.26139,0.999389,0.000408
63,3027.26833,1.000697,0.000408
63,3027.27527,1.000072,0.000408
63,3027.28222,1.000093,0.000408
63,3027.28916,1.000464,0.000408
63,3027.29611,1.00024,0.000408
63,3027.30305,0.99995,0.000408
63,3027.31,0.999975,0.000409
63,3027.31694,1.000728,0.000409
63,3027.32388,0.999572,0.000409
63,3027.33083,1.000342,0.000409
63,3027.33777,1.000421,0.000409
63,3027.34472,1.000458,0.000409
63,3027.35166,1.000392,0.000409
63,3027.35861,0.999748,0.000409
63,3027.36555,1.000333,0.00041
63,3027.37249,0.999898,0.00041
63,3027.37944,0.999512,0.00041
63,3027.38638,0.99932,0.00041
63,3027.39333,0.999069,0.00041
63,3027.61138,1.001206,0.000923
63,3027.61555,0.999292,0.000412
63,3027.62249,1.000302,0.000413
63,3027.62944,0.999717,0.000461
63,3027.63638,0.999932,0.000413
63,3027.64332,0.999447,0.000413
63,3027.65027,0.999872,0.000413
63,3027.65721,0.999493,0.000413
63,3027.66416,0.999037,0.000413
63,3027.6711,0.999524,0.000413
63,3027.67805,0.999085,0.000413
63,3027.68499,1.000139,0.000413
63,3027.69193,1.000631,0.000414
63,3027.69888,1.000098,0.000414
63,3027.70582,1.000146,0.000414
63,3027.71277,0.999258,0.000414
63,3027.71971,0.999256,0.000414
63,3027.72666,1.000598,0.000414
63,3027.7336,0.999854,0.000414
63,3027.74054,0.999799,0.000415
63,3027.74749,0.999558,0.000415
63,3027.75443,1.00024,0.000415
63,3027.76138,1.000343,0.000415
63,3027.76832,0.999727,0.000416
63,3027.77527,0.999637,0.000416
63,3027.78221,0.999937,0.000416
63,3027.78916,1.000221,0.000416
63,3027.7961,0.999993,0.000416
63,3027.80304,1.000034,0.000416
63,3027.80999,0.999967,0.000417
63,3027.81693,1.001426,0.000417
63,3027.82388,1.000424,0.000417
63,3027.83082,1.000223,0.000417
63,3027.83777,0.999076,0.000417
63,3027.84471,0.999569,0.000417
63,3027.85165,0.99939,0.000417
63,3027.8586,0.999948,0.000417
63,3027.86554,1.00073,0.000417
63,3027.87249,1.000095,0.000417
63,3027.87943,1.000435,0.000417
63,3027.88638,0.99992,0.000417
63,3027.89332,0.999788,0.000417
63,3027.90026,1.00003,0.000417
63,3027.90721,1.000598,0.000417
63,3027.91415,1.00004,0.000417
63,3027.9211,0.999707,0.000418
63,3027.92804,0.999563,0.000418
63,3027.93499,1.000468,0.000418
63,3027.94193,1.000202,0.000418
63,3027.94887,0.999676,0.000418
63,3027.95582,0.9996,0.000419
63,3027.96276,0.999748,0.000419
63,3027.96971,0.999805,0.000419
63,3027.97665,1.000555,0.000419
63,3027.9836,1.000551,0.00042
63,3027.99054,0.999762,0.00042
63,3027.99749,1.000753,0.00042
63,3028.00443,1.000152,0.00042
63,3028.01137,1.000133,0.00042
63,3028.01832,0.999587,0.000421
63,3028.02526,1.000371,0.000421
63,3028.03221,1.000472,0.000421
63,3028.03915,1.000171,0.000421
63,3028.0461,1.000147,0.000421
63,3028.05304,1.000122,0.000421
63,3028.05998,0.999768,0.000421
63,3028.06693,1.000231,0.000421
63,3028.07387,0.99951,0.000421
63,3028.08082,1.00052,0.000422
63,3028.08776,1.0002,0.000422
63,3028.09471,0.999898,0.000422
63,3028.10165,1.001404,0.000422
63,3028.10859,1.000729,0.000422
63,3028.11554,1.0,0.000423
63,3028.12248,1.000005,0.000423
63,3028.12943,0.999828,0.000423
63,3028.13637,1.000239,0.000423
63,3028.14332,1.000743,0.000423
63,3028.15026,0.99954,0.000423
63,3028.1572,1.000289,0.000423
63,3028.16415,0.999991,0.000423
63,3028.17109,0.999591,0.000423
63,3028.17804,0.999542,0.000423
63,3028.18498,0.999247,0.000423
63,3028.19193,0.999208,0.000423
63,3028.19887,1.000031,0.000424
63,3028.20582,0.999815,0.000424
63,3028.21276,1.000447,0.000424
63,3028.2197,0.999875,0.000424
63,3028.22665,1.000072,0.000424
63,3028.23359,0.999686,0.000424
63,3028.24054,0.999557,0.000424
63,3028.24748,0.999323,0.000424
63,3028.25443,0.999719,0.000425
63,3028.26137,0.99966,0.000425
63,3028.26831,0.999118,0.000425
63,3028.27526,1.000145,0.000425
63,3028.2822,1.000022,0.000425
63,3028.28915,0.999902,0.000425
63,3028.29609,0.999032,0.000424
63,3028.30304,1.000298,0.000425
63,3028.30998,0.999755,0.000424
63,3028.31692,0.999635,0.000424
63,3028.32387,1.000122,0.000424
63,3028.33081,1.000358,0.000424
63,3028.33776,1.000043,0.000424
63,3028.3447,0.999462,0.000424
63,3028.35165,0.999621,0.000424
63,3028.35859,0.9999,0.000424
63,3028.36554,0.999896,0.000424
63,3028.37248,1.000299,0.000424
63,3028.37942,1.000364,0.000424
63,3028.38637,1.000379,0.000424
63,3028.39331,1.000341,0.000424
63,3028.40026,1.000026,0.000423
63,3028.4072,1.00027,0.000424
63,3028.41415,1.000109,0.000423
63,3028.42109,0.99947,0.000423
63,3028.42803,1.000447,0.000424
63,3028.43498,0.999754,0.000423
63,3028.44192,1.000017,0.000423
63,3028.44887,1.00009,0.000424
63,3028.45581,1.000514,0.000424
63,3028.46276,1.000877,0.000424
63,3028.4697,1.000273,0.000424
63,3028.47664,1.00008,0.000424
63,3028.48359,1.000168,0.000424
63,3028.49053,1.000113,0.000424
63,3028.49748,1.000671,0.000424
63,3028.50442,1.000033,0.000424
63,3028.51137,0.999493,0.000424
63,3028.51831,0.999964,0.000424
63,3028.52526,1.000278,0.000424
63,3028.5322,0.999264,0.000424
63,3028.53914,0.999341,0.000423
63,3028.54609,1.000528,0.000424
63,3028.55303,1.000878,0.000424
63,3028.55998,1.000114,0.000423
63,3028.56692,0.999694,0.000423
63,3028.57387,0.999962,0.000423
63,3028.58081,0.999714,0.000423
63,3028.58775,1.000163,0.000423
63,3028.5947,0.999084,0.000423
63,3028.60164,1.000701,0.000423
63,3028.60859,0.99936,0.000422
63,3028.61553,1.000435,0.000422
63,3028.62248,1.000186,0.000422
63,3028.62942,1.000024,0.000422
63,3028.63636,0.999812,0.000422
63,3028.64331,0.999769,0.000421
63,3028.65025,0.999031,0.000421
63,3028.6572,1.000328,0.000421
63,3028.66414,1.000736,0.000421
63,3028.67109,0.999657,0.000421
63,3028.67803,0.999764,0.000421
63,3028.68497,1.000343,0.000421
63,3028.69192,1.000726,0.00042
63,3028.69886,1.000911,0.00042
63,3028.70581,1.000036,0.00042
63,3028.71275,1.000458,0.00042
63,3028.7197,0.999767,0.00042
63,3028.72664,1.000385,0.00042
63,3028.73359,1.000159,0.00042
63,3028.74053,1.000078,0.00042
63,3028.74747,1.000109,0.00042
63,3028.75442,0.999976,0.00042
63,3028.76136,0.999948,0.00042
63,3028.76831,1.000475,0.00042
63,3028.77525,1.000255,0.00042
63,3028.7822,1.000675,0.00042
63,3028.78914,0.999817,0.000419
63,3028.79608,0.999814,0.000419
63,3028.80303,0.999656,0.000419
63,3028.80997,1.000394,0.000419
63,3028.81692,1.000531,0.000419
63,3028.82386,1.000325,0.000419
63,3028.83081,1.000299,0.000419
63,3028.83775,1.000221,0.000419
63,3028.84469,0.999763,0.000419
63,3028.85164,0.999756,0.000419
63,3028.85858,1.00053,0.000419
63,3028.86483,0.999778,0.000468
63,3028.87247,0.999969,0.000418
63,3028.87942,1.00017,0.000418
63,3028.88636,1.000223,0.000418
63,3028.89331,0.999306,0.000418
63,3028.90025,0.999732,0.000417
63,3028.90719,0.99996,0.000417
63,3028.91414,0.999771,0.000417
63,3028.92108,0.999426,0.000417
63,3028.92803,0.999474,0.000417
63,3028.93497,0.999367,0.000417
63,3028.94192,0.999278,0.000417
63,3028.94886,0.999135,0.000416
63,3028.9558,0.999694,0.000416
63,3028.96275,1.000299,0.000416
63,3028.96969,1.000019,0.000416
63,3028.97664,0.999843,0.000416
63,3028.98358,1.000057,0.000416
63,3028.99053,0.999644,0.000416
63,3028.99747,1.000355,0.000416
63,3029.00441,0.999708,0.000415
63,3029.01136,0.999646,0.000415
63,3029.0183,1.000393,0.000415
63,3029.02525,0.999131,0.000415
63,3029.03219,0.99994,0.000415
63,3029.03914,0.999837,0.000415
63,3029.04608,0.999682,0.000414
63,3029.05303,0.999514,0.000414
63,3029.05997,1.000235,0.000414
63,3029.06691,0.99879,0.000414
63,3029.07386,0.999498,0.000414
63,3029.0808,0.999608,0.000414
63,3029.08775,0.999579,0.000413
63,3029.09469,0.999656,0.000414
63,3029.10164,0.999455,0.000413
63,3029.10858,1.000011,0.000413
63,3029.11552,1.000107,0.000413
63,3029.12247,1.001257,0.000413
63,3029.12941,0.99991,0.000413
63,3029.13636,0.999865,0.000413
63,3029.1433,1.000002,0.000413
63,3029.15025,1.000839,0.000413
63,3029.15719,0.999898,0.000413
63,3029.16413,1.000092,0.000413
63,3029.17108,1.000548,0.000413
63,3029.17802,1.001039,0.000412
63,3029.18497,1.000388,0.000412
63,3029.19191,0.999855,0.000412
63,3029.19886,1.000736,0.000412
63,3029.2058,1.000062,0.000412
63,3029.21274,1.000749,0.000412
63,3029.21969,1.00011,0.000412
63,3029.22663,1.000612,0.000412
63,3029.23358,1.000745,0.000412
63,3029.24052,1.000269,0.000412
63,3029.24747,0.999877,0.000411
63,3029.25441,0.999629,0.000411
63,3029.26136,1.000179,0.000411
63,3029.2683,0.999734,0.000411
63,3029.27524,1.001132,0.000411
63,3029.28219,1.000308,0.000411
63,3029.28913,1.000719,0.000411
63,3029.29608,1.000549,0.000411
63,3029.30302,1.000686,0.000411
63,3029.30997,1.000166,0.000411
63,3029.31691,0.999878,0.00041
63,3029.32385,0.999884,0.00041
63,3029.3308,0.999452,0.00041
63,3029.33774,1.000527,0.00041
63,3029.34469,0.999134,0.00041
63,3029.35163,0.999394,0.00041
63,3029.35858,1.000155,0.00041
63,3029.36552,1.000063,0.00041
63,3029.37246,0.999549,0.00041
63,3029.37941,1.000627,0.00041
63,3029.38635,1.000018,0.00041
63,3029.3933,0.999681,0.00041
63,3029.40024,0.999721,0.00041
63,3029.40719,0.999923,0.00041
63,3029.41413,1.000181,0.00041
63,3029.42108,0.999215,0.000409
63,3029.42802,0.999894,0.00041
63,3029.43496,0.999256,0.000409
63,3029.44191,1.000172,0.00041
63,3029.44885,1.000206,0.000409
63,3029.4558,0.999604,0.000409
63,3029.46274,0.999834,0.000409
63,3029.46969,0.999608,0.000409
63,3029.47663,0.999952,0.000409
63,3029.48357,0.999942,0.000409
63,3029.49052,0.999747,0.000409
63,3029.49746,1.000049,0.000409
63,3029.50441,1.000088,0.000409
63,3029.51135,0.999662,0.000409
63,3029.5183,0.999786,0.000409
63,3029.52524,1.000104,0.000409
63,3029.53218,1.000523,0.000409
63,3029.53913,0.999368,0.000409
63,3029.54607,0.999884,0.000409
63,3029.55302,1.000138,0.000409
63,3029.55996,1.000196,0.000409
63,3029.56691,0.999259,0.000408
63,3029.57385,1.000014,0.000408
63,3029.5808,0.999801,0.000408
63,3029.58774,0.999703,0.000408
63,3029.59468,1.000584,0.000408
63,3029.60163,0.99978,0.000408
63,3029.60857,0.999263,0.000408
63,3029.61552,1.000423,0.000408
63,3029.62246,1.000194,0.000408
63,3029.62941,0.999723,0.000408
63,3029.63635,1.000783,0.000408
63,3029.64329,1.00016,0.000408
63,3029.65024,1.000099,0.000408
63,3029.65718,1.000353,0.000408
63,3029.66413,0.999907,0.000408
63,3029.67107,1.000083,0.000408
63,3029.67802,1.000155,0.000408
63,3029.68496,0.999885,0.000408
63,3029.6919,1.000008,0.000408
63,3029.69885,0.999744,0.000408
63,3029.70579,1.000117,0.000408
63,3029.71274,0.999833,0.000408
63,3029.71968,0.999774,0.000408
63,3029.72663,0.99968,0.000408
63,3029.73357,1.000545,0.000408
63,3029.74051,1.000681,0.000408
63,3029.74746,0.999962,0.000408
63,3029.7544,1.00042,0.000408
63,3029.7617,1.000005,0.000456
63,3029.76829,0.999771,0.000408
63,3029.77524,0.999226,0.000408
63,3029.78218,0.999978,0.000408
63,3029.78913,0.999836,0.000408
63,3029.79607,1.000123,0.000408
63,3029.80301,0.999633,0.000408
63,3029.80996,1.000442,0.000408
63,3029.8169,1.000336,0.000408
63,3029.82385,1.000018,0.000408
63,3029.83079,1.00016,0.000408
63,3029.83774,0.999502,0.000408
63,3029.84468,1.000197,0.000408
63,3029.85162,0.99948,0.000408
63,3029.85857,1.000283,0.000408
63,3029.86551,0.999237,0.000408
63,3029.87246,0.999231,0.000407
63,3029.8794,0.999786,0.000407
63,3029.88635,0.999859,0.000408
63,3029.89329,0.999487,0.000408
63,3029.90023,1.000289,0.000408
63,3029.90718,1.000156,0.000408
63,3029.91412,0.999607,0.000408
63,3029.92107,1.000129,0.000408
63,3029.92801,0.999786,0.000408
63,3029.93496,1.000571,0.000408
63,3029.9419,1.000657,0.000408
63,3029.94885,0.999356,0.000408
63,3029.95579,0.999859,0.000408
63,3029.96273,0.999763,0.000408
63,3029.96968,1.000106,0.000408
63,3029.97662,1.000052,0.000408
63,3029.98357,1.000508,0.000408
63,3029.99051,1.000048,0.000408
63,3029.99746,1.000634,0.000408
63,3030.0044,1.000677,0.000408
63,3030.01134,0.999859,0.000408
63,3030.01829,1.000504,0.000408
63,3030.02523,0.999526,0.000408
63,3030.03218,1.000534,0.000408
63,3030.03912,0.999966,0.000408
63,3030.04537,1.000472,0.000456
63,3030.05301,1.000045,0.000408
63,3030.05995,0.999781,0.000408
63,3030.0669,0.99998,0.000408
63,3030.07384,1.000274,0.000408
63,3030.08079,0.999648,0.000408
63,3030.08773,0.999815,0.000408
63,3030.09468,1.000143,0.000408
63,3030.10162,0.999747,0.000408
63,3030.10856,0.999716,0.000408
63,3030.11551,1.000477,0.000408
63,3030.12245,1.000646,0.000408
63,3030.1294,1.000481,0.000408
63,3030.136,0.99984,0.000456
63,3030.14329,1.000146,0.000408
63,3030.15023,1.000214,0.000408
63,3030.15718,1.000549,0.000408
63,3030.16412,1.000307,0.000408
63,3030.17106,0.999562,0.000408
63,3030.17801,0.999517,0.000408
63,3030.18495,0.999547,0.000408
63,3030.1919,1.000206,0.000408
63,3030.19884,1.000063,0.000408
63,3030.20579,0.999636,0.000408
63,3030.21273,0.999861,0.000408
63,3030.21967,0.999559,0.000408
63,3030.22662,0.999756,0.000408
63,3030.23356,1.000134,0.000408
63,3030.24051,0.999982,0.000408
63,3030.24745,0.99993,0.000408
63,3030.2544,0.999595,0.000408
63,3030.26134,1.000079,0.000408
63,3030.26828,0.999393,0.000408
63,3030.27523,1.00042,0.000408
63,3030.28217,0.999488,0.000408
63,3030.28912,0.999613,0.000408
63,3030.29606,1.000175,0.000408
63,3030.30301,1.00005,0.000408
63,3030.30995,1.000119,0.000408
63,3030.3169,0.999866,0.000408
63,3030.32384,1.000999,0.000408
63,3030.33078,1.000036,0.000408
63,3030.33773,1.000198,0.000408
63,3030.34467,1.000376,0.000408
63,3030.35162,0.999893,0.000408
63,3030.35856,0.999862,0.000408
63,3030.36551,0.999628,0.000408
63,3030.37245,1.000667,0.000408
63,3030.37939,0.999095,0.000407
63,3030.38634,0.999893,0.000408
63,3030.39328,1.000228,0.000408
63,3030.40023,1.000111,0.000408
63,3030.40717,0.999785,0.000408
63,3030.41412,1.00005,0.000408
63,3030.42106,0.999901,0.000408
63,3030.428,1.000117,0.000408
63,3030.43495,0.999642,0.000408
63,3030.44189,1.000316,0.000408
63,3030.44884,0.999456,0.000408
63,3030.45578,0.999875,0.000408
63,3030.46273,1.000016,0.000408
63,3030.46967,0.999486,0.000408
63,3030.47661,0.999939,0.000408
63,3030.48356,1.000188,0.000408
63,3030.4905,1.000172,0.000408
63,3030.49814,0.999849,0.000456
63,3030.50439,0.999965,0.000408
63,3030.51134,1.000368,0.000408
63,3030.51828,1.000439,0.000408
63,3030.52523,0.999471,0.000408
63,3030.53217,1.00015,0.000408
63,3030.53911,1.000211,0.000408
63,3030.54606,1.000536,0.000408
63,3030.553,0.999945,0.000408
63,3030.55995,0.998875,0.000407
63,3030.56689,0.9998,0.000408
63,3030.57384,1.000216,0.000408
63,3030.58078,1.000192,0.000408
63,3030.58772,0.99972,0.000408
63,3030.59467,0.999562,0.000408
63,3030.60161,1.000428,0.000408
63,3030.60856,0.999748,0.000408
63,3030.6155,0.999618,0.000408
63,3030.62245,1.000332,0.000408
63,3030.62939,0.999817,0.000408
63,3030.63633,0.999922,0.000408
63,3030.64328,1.000011,0.000408
63,3030.65022,0.999198,0.000408
63,3030.65717,0.999866,0.000408
63,3030.66411,1.000076,0.000408
63,3030.67106,1.000717,0.000408
63,3030.678,0.999635,0.000408
63,3030.68494,1.000405,0.000408
63,3030.69189,1.00044,0.000408
63,3030.69883,0.999793,0.000408
63,3030.70578,1.000721,0.000408
63,3030.71272,0.999933,0.000408
63,3030.71967,0.999787,0.000408
63,3030.72661,0.999114,0.000407
63,3030.73356,1.000334,0.000408
63,3030.7405,0.999434,0.000408
63,3030.74744,1.000246,0.000408
63,3030.75439,1.000472,0.000408
63,3030.76133,0.999709,0.000408
63,3030.76828,0.999254,0.000408
63,3030.77522,0.999829,0.000408
63,3030.78217,0.999409,0.000408
63,3030.78911,0.99984,0.000408
63,3030.79605,0.99987,0.000408
63,3030.803,0.998713,0.000407
63,3030.80994,1.000037,0.000408
63,3030.81689,1.000289,0.000408
63,3030.82383,1.000665,0.000408
63,3030.83078,1.000263,0.000408
63,3030.83772,1.000088,0.000408
63,3030.84466,1.000165,0.000408
63,3030.85161,1.000164,0.000408
63,3030.85855,1.000564,0.000408
63,3030.8655,0.999547,0.000408
63,3030.87244,1.000892,0.000408
63,3030.87939,1.000443,0.000408
63,3030.88633,1.00055,0.000408
63,3030.89327,0.999991,0.000408
63,3030.90022,1.000092,0.000408
63,3030.90716,0.999673,0.000408
63,3030.91411,0.999193,0.000408
63,3030.92105,1.000088,0.000408
63,3030.928,0.999821,0.000456
63,3030.93494,0.999533,0.000408
63,3030.94189,0.999992,0.000408
63,3030.94883,1.000383,0.000408
63,3030.95577,1.000064,0.000408
63,3030.96272,0.999564,0.000408
63,3030.96966,1.000489,0.000408
63,3030.97661,0.999935,0.000408
63,3030.98355,1.000603,0.000408
63,3030.9905,0.999719,0.000408
63,3030.99744,0.999812,0.000408
63,3031.00438,0.999017,0.000407
63,3031.01133,1.000036,0.000408
63,3031.01827,1.000638,0.000408
63,3031.02522,1.000387,0.000408
63,3031.03216,0.999367,0.000408
63,3031.03911,0.999562,0.000408
63,3031.04605,1.000479,0.000408
63,3031.05299,0.999777,0.000408
63,3031.05994,0.999362,0.000408
63,3031.06688,0.999348,0.000408
63,3031.07383,1.000393,0.000408
63,3031.08077,1.000491,0.000408
63,3031.08772,0.999538,0.000408
63,3031.09466,0.99948,0.000408
63,3031.1016,0.999911,0.000408
63,3031.10855,1.000339,0.000408
63,3031.11549,0.99955,0.000408
63,3031.12244,0.999777,0.000408
63,3031.12938,1.000518,0.000408
63,3031.13633,1.00014,0.000408
63,3031.14327,0.999869,0.000408
63,3031.15022,1.000174,0.000408
63,3031.15716,1.00049,0.000408
63,3031.1641,1.000633,0.000408
63,3031.17105,0.99997,0.000408
63,3031.17799,0.999818,0.000408
63,3031.18494,1.000614,0.000408
63,3031.19188,1.000072,0.000408
63,3031.19883,1.000375,0.000408
63,3031.20577,1.000046,0.000408
63,3031.21271,1.00055,0.000408
63,3031.21966,1.000665,0.000408
63,3031.2266,0.999778,0.000408
63,3031.23355,0.999733,0.000408
63,3031.24049,1.000106,0.000408
63,3031.24744,1.000468,0.000408
63,3031.25438,0.999976,0.000408
63,3031.26132,0.999524,0.000408
63,3031.26792,0.999867,0.000456
63,3031.27521,1.00078,0.000408
63,3031.28216,0.999846,0.000408
63,3031.2891,1.000064,0.000408
63,3031.29605,1.000153,0.000408
63,3031.30299,1.000519,0.000408
63,3031.30993,1.00058,0.000408
63,3031.31688,0.999814,0.000408
63,3031.32382,1.00074,0.000408
63,3031.33077,1.000334,0.000408
63,3031.33771,1.000392,0.000408
63,3031.34466,0.998988,0.000408
63,3031.3516,0.999435,0.000408
63,3031.35855,0.999903,0.000408
63,3031.36549,0.99975,0.000408
63,3031.37243,0.999747,0.000408
63,3031.37938,0.999344,0.000408
63,3031.38632,0.999888,0.000408
63,3031.39327,1.000172,0.000408
63,3031.40021,0.999677,0.000408
63,3031.40716,1.000154,0.000408
63,3031.4141,1.000062,0.000408
63,3031.42104,0.999899,0.000408
63,3031.42799,0.999263,0.000408
63,3031.43493,1.000006,0.000408
63,3031.44188,1.000363,0.000408
63,3031.44882,0.99905,0.000408
63,3031.45577,1.000265,0.000408
63,3031.46271,0.999486,0.000408
63,3031.46965,1.001066,0.000408
63,3031.4766,0.999746,0.000408
63,3031.48354,0.999307,0.000408
63,3031.49049,0.999769,0.000408
63,3031.49743,1.000359,0.000408
63,3031.50438,0.999838,0.000408
63,3031.51132,0.999941,0.000408
63,3031.51826,1.000653,0.000408
63,3031.52521,1.00006,0.000408
63,3031.53215,1.000067,0.000408
63,3031.5391,0.99973,0.000408
63,3031.54604,1.000027,0.000408
63,3031.55299,0.999319,0.000408
63,3031.55993,1.000095,0.000408
63,3031.56688,1.000455,0.000408
63,3031.57382,0.99938,0.000408
63,3031.58076,0.999945,0.000408
63,3031.58771,1.001625,0.000408
63,3031.59465,1.000018,0.000408
63,3031.6016,1.000224,0.000408
63,3031.60854,1.000554,0.000408
63,3031.61549,1.000152,0.000408
63,3031.62243,0.999899,0.000408
63,3031.62937,1.000108,0.000408
63,3031.63632,1.000421,0.000408
63,3031.64326,0.999899,0.000408
63,3031.65021,0.999838,0.000408
63,3031.65715,1.000439,0.000408
63,3031.6641,1.00068,0.000408
63,3031.67104,1.000626,0.000408
63,3031.67798,1.001089,0.000408
63,3031.68493,0.999836,0.000408
63,3031.69187,0.999528,0.000408
63,3031.69882,1.000169,0.000408
63,3031.70576,1.000193,0.000408
63,3031.71271,1.000081,0.000408
63,3031.71965,0.999167,0.000408
63,3031.72659,0.999835,0.000408
63,3031.73354,0.999498,0.000456
63,3031.74048,0.999948,0.000408
63,3031.74743,0.99996,0.000408
63,3031.75437,0.999436,0.000408
63,3031.76132,1.000334,0.000408
63,3031.76826,1.000435,0.000408
63,3031.7752,0.999904,0.000408
63,3031.78215,1.000114,0.000408
63,3031.78909,1.000634,0.000408
63,3031.79604,1.000133,0.000408
63,3031.80298,0.999482,0.000408
63,3031.80993,0.999294,0.000408
63,3031.81687,0.999523,0.000408
63,3031.82382,1.000095,0.000408
63,3031.83076,0.999108,0.000407
63,3031.8377,1.000298,0.000408
63,3031.84465,0.999876,0.000408
63,3031.85159,1.000378,0.000408
63,3031.85854,1.000071,0.000408
63,3031.86548,0.99945,0.000408
63,3031.87243,0.999745,0.000408
63,3031.87937,1.000029,0.000408
63,3031.88631,0.999752,0.000408
63,3031.89326,1.000085,0.000408
63,3031.9002,0.999505,0.000408
63,3031.90715,0.999881,0.000408
63,3031.91409,0.999562,0.000408
63,3031.92104,1.000641,0.000408
63,3031.92798,1.000364,0.000408
63,3031.93492,1.00011,0.000408
63,3031.94187,1.000616,0.000408
63,3031.94881,1.000161,0.000408
63,3031.95576,1.001039,0.000408
63,3031.9627,1.000259,0.000408
63,3031.96965,1.000295,0.000408
63,3031.97659,0.999599,0.000408
63,3031.98353,1.000924,0.000408
63,3031.99048,1.000171,0.000408
63,3031.99742,0.999751,0.000408
63,3032.00437,1.000484,0.000408
63,3032.01131,0.999614,0.000408
63,3032.01826,1.000425,0.000408
63,3032.0252,0.999442,0.000408
63,3032.03214,0.999867,0.000408
63,3032.03909,0.999824,0.000408
63,3032.04603,0.999934,0.000408
63,3032.05228,0.99987,0.000456
63,3032.05992,0.999225,0.000408
63,3032.06687,0.999277,0.000408
63,3032.07381,0.999738,0.000408
63,3032.08076,0.999438,0.000408
63,3032.0877,1.000445,0.000408
63,3032.09464,0.999761,0.000408
63,3032.10159,1.000394,0.000408
63,3032.10853,1.000112,0.000408
63,3032.11548,0.999756,0.000408
63,3032.12242,0.999364,0.000407
63,3032.12937,0.999944,0.000408
63,3032.13631,0.999995,0.000408
63,3032.14325,1.000205,0.000408
63,3032.1502,1.000533,0.000408
63,3032.15714,1.000756,0.000408
63,3032.16409,0.998902,0.000408
63,3032.17103,0.999521,0.000408
63,3032.17798,1.000219,0.000408
63,3032.18492,1.000142,0.000408
63,3032.19186,1.000055,0.000408
63,3032.19881,0.999232,0.000408
63,3032.20575,0.999322,0.000408
63,3032.2127,1.00026,0.000408
63,3032.21964,0.999159,0.000408
63,3032.22659,1.000961,0.000408
63,3032.23353,1.000096,0.000408
63,3032.24047,1.000148,0.000408
63,3032.24742,1.000336,0.000408
63,3032.25436,1.00022,0.000408
63,3032.26131,0.999864,0.000408
63,3032.26825,0.999689,0.000408
63,3032.2752,1.000568,0.000408
63,3032.28214,1.000373,0.000408
63,3032.28908,1.000058,0.000408
63,3032.29603,1.000305,0.000408
63,3032.30297,1.000385,0.000408
63,3032.30992,0.999895,0.000408
63,3032.31686,0.999524,0.000408
63,3032.32381,1.000662,0.000408
63,3032.33075,0.999862,0.000408
63,3032.3377,1.000218,0.000408
63,3032.34464,1.000138,0.000408
63,3032.35158,0.999931,0.000408
63,3032.35853,1.000496,0.000408
63,3032.36547,0.999445,0.000408
63,3032.37242,0.998847,0.000407
63,3032.37936,1.00007,0.000408
63,3032.38631,0.999963,0.000408
63,3032.39325,0.999416,0.000408
63,3032.40019,0.999265,0.000408
63,3032.40714,0.99975,0.000408
63,3032.41408,1.000319,0.000408
63,3032.42103,0.998993,0.000408
63,3032.42797,0.999492,0.000408
63,3032.43492,1.000565,0.000408
63,3032.44186,1.000913,0.000408
63,3032.4488,1.000177,0.000408
63,3032.45575,0.999987,0.000408
63,3032.46269,1.00002,0.000408
63,3032.46964,1.000216,0.000408
63,3032.47658,0.999193,0.000407
63,3032.48353,1.000175,0.000408
63,3032.49047,0.999651,0.000408
63,3032.49741,0.999925,0.000408
63,3032.50436,1.000004,0.000408
63,3032.5113,1.000038,0.000408
63,3032.51825,1.00033,0.000408
63,3032.52519,0.999657,0.000408
63,3032.53214,1.0003,0.000408
63,3032.53908,0.999356,0.000407
63,3032.54602,1.000114,0.000408
63,3032.55297,1.000591,0.000408
63,3032.55991,1.000323,0.000408
63,3032.56686,1.000506,0.000408
63,3032.5738,1.000589,0.000408
63,3032.58109,0.999747,0.000456
63,3032.58769,1.000245,0.000408
63,3032.59463,1.000451,0.000408
63,3032.60158,0.999915,0.000408
63,3032.60852,0.999627,0.000408
63,3032.61547,1.000802,0.000408
63,3032.62241,1.000647,0.000408
63,3032.62936,1.000199,0.000408
63,3032.6363,1.000428,0.000408
63,3032.64325,0.9997,0.000408
63,3032.65019,1.000339,0.000408
63,3032.65713,0.99989,0.000408
63,3032.66408,0.999934,0.000408
63,3032.67102,1.000388,0.000408
63,3032.67797,1.000106,0.000408
63,3032.68491,0.999547,0.000408
63,3032.69186,1.000466,0.000408
63,3032.6988,1.000692,0.000408
63,3032.70574,0.999499,0.000408
63,3032.71269,1.000775,0.000408
63,3032.71963,0.999979,0.000408
63,3032.72658,0.999825,0.000408
63,3032.73352,1.000338,0.000408
63,3032.74047,1.000326,0.000408
63,3032.74741,0.999478,0.000407
63,3032.75435,0.999908,0.000408
63,3032.7613,1.000345,0.000408
63,3032.76824,0.999612,0.000408
63,3032.77519,0.999842,0.000407
63,3032.78213,0.999604,0.000408
63,3032.78908,0.999631,0.000408
63,3032.79602,1.000198,0.000408
63,3032.80296,1.00021,0.000408
63,3032.80991,1.000656,0.000408
63,3032.81685,1.000986,0.000408
63,3032.8238,0.99977,0.000407
63,3032.83074,1.000358,0.000408
63,3032.83769,1.000045,0.000408
63,3032.84463,0.99952,0.000408
63,3032.85157,0.999513,0.000407
63,3032.85852,0.999993,0.000407
63,3032.86546,0.999485,0.000407
63,3032.87241,1.000749,0.000408
63,3032.87935,0.999778,0.000407
63,3032.8863,1.000319,0.000407
63,3032.89324,0.999609,0.000407
63,3032.90018,0.999274,0.000407
63,3032.90713,0.998932,0.000407
63,3032.91407,0.999222,0.000407
63,3032.92102,0.99946,0.000407
63,3032.92796,0.999685,0.000407
63,3032.93491,1.000445,0.000408
63,3032.94185,0.99999,0.000407
63,3032.9488,1.000108,0.000407
63,3032.95574,1.000076,0.000407
63,3032.96268,0.998993,0.000407
63,3032.96963,0.999716,0.000407
63,3032.97657,1.000079,0.000408
63,3032.98421,1.000034,0.000456
63,3032.99046,1.000222,0.000408
63,3032.99741,0.999663,0.000408
63,3033.00435,0.999965,0.000407
63,3033.01129,1.000189,0.000408
63,3033.01824,1.000531,0.000408
63,3033.02518,0.999925,0.000407
63,3033.03213,0.999958,0.000408
63,3033.03907,0.999729,0.000407
63,3033.04602,0.999919,0.000407
63,3033.05296,1.001095,0.000408
63,3033.0599,1.000458,0.000408
63,3033.06685,0.999935,0.000408
63,3033.07379,0.999814,0.000407
63,3033.08074,1.000098,0.000407
63,3033.08768,1.000146,0.000407
63,3033.09463,1.000636,0.000408
63,3033.10157,0.999907,0.000407
63,3033.10851,1.000624,0.000408
63,3033.11546,0.999991,0.000407
63,3033.1224,0.999723,0.000407
63,3033.12935,1.000041,0.000407
63,3033.13629,1.000126,0.000408
63,3033.14254,1.00063,0.000456
63,3033.15018,1.000101,0.000407
63,3033.15712,0.99979,0.000407
63,3033.16407,1.000049,0.000408
63,3033.17101,1.000498,0.000407
63,3033.17796,1.000625,0.000408
63,3033.1849,0.999514,0.000407
63,3033.19185,1.000021,0.000408
63,3033.19879,0.999984,0.000408
63,3033.20573,1.000078,0.000407
63,3033.21268,0.999033,0.000407
63,3033.21962,1.000427,0.000407
63,3033.22657,0.998736,0.000407
63,3033.23351,0.999303,0.000407
63,3033.24046,0.999573,0.000407
63,3033.2474,0.999907,0.000407
63,3033.25435,1.000351,0.000407
63,3033.26129,0.999925,0.000408
63,3033.26823,1.000018,0.000407
63,3033.27518,1.000247,0.000407
63,3033.28212,1.000227,0.000408
63,3033.28907,1.000129,0.000407
63,3033.29601,1.000511,0.000408
63,3033.30296,0.99974,0.000407
63,3033.3099,0.999618,0.000407
63,3033.31684,1.000967,0.000408
63,3033.32379,1.000697,0.000408
63,3033.33073,0.999932,0.000407
63,3033.33768,0.999834,0.000407
63,3033.34462,1.00037,0.000455
63,3033.35157,1.000154,0.000407
63,3033.35851,1.000035,0.000407
63,3033.36545,1.000377,0.000407
63,3033.3724,1.000386,0.000407
63,3033.37934,1.000003,0.000407
63,3033.38629,1.000009,0.000407
63,3033.39358,0.99975,0.000455
63,3033.40018,1.00088,0.000407
63,3033.40712,0.99997,0.000407
63,3033.41406,1.00023,0.000407
63,3033.42101,0.999397,0.000407
63,3033.42795,1.000246,0.000407
63,3033.4349,0.999767,0.000407
63,3033.44184,1.000022,0.000407
63,3033.44879,1.000426,0.000407
63,3033.45573,0.999607,0.000455
63,3033.46198,0.999687,0.000455
63,3033.46962,0.999965,0.000407
63,3033.47517,0.999924,0.000526
63,3033.48351,0.999614,0.000407
63,3033.49045,1.000581,0.000408
63,3033.4974,1.000578,0.000407
63,3033.50399,0.999317,0.000455
63,3033.51128,0.999486,0.000407
63,3033.51753,1.000033,0.000455
63,3033.52517,1.000041,0.000407
63,3033.53212,0.99923,0.000407
63,3033.53906,0.999809,0.000407
63,3033.54601,0.999314,0.000407
63,3033.55295,1.00006,0.000407
63,3033.55989,0.999504,0.000407
63,3033.56684,1.000261,0.000407
63,3033.57378,1.000145,0.000407
63,3033.58073,0.999013,0.000407
63,3033.58767,1.000383,0.000407
63,3033.59462,0.99993,0.000407
63,3033.60156,0.999566,0.000407
63,3033.60851,0.999442,0.000407
63,3033.61545,1.000481,0.000407
63,3033.62239,0.999541,0.000407
63,3033.62934,0.999704,0.000407
63,3033.63628,1.000078,0.000407
63,3033.64323,0.999147,0.000455
63,3033.65017,0.999591,0.000455
63,3033.65712,0.999824,0.000407
63,3033.66406,0.999741,0.000407
63,3033.671,0.999984,0.000407
63,3033.67795,1.00008,0.000408
63,3033.6842,1.000511,0.000456
63,3033.69184,1.000539,0.000407
63,3033.69739,0.999793,0.000526
63,3033.70573,1.000099,0.000407
63,3033.71267,0.999947,0.000407
63,3033.71961,0.9999,0.000407
63,3033.72656,1.000537,0.000408
63,3033.7335,0.999785,0.000407
63,3033.73998,1.000958,0.000526
63,3033.74739,1.00029,0.000407
63,3033.75434,0.999218,0.000407
63,3033.76197,1.000395,0.000456
63,3033.76753,1.000001,0.000456
63,3033.77517,0.999928,0.000407
63,3033.78211,0.999864,0.000407
63,3033.78906,1.000634,0.000407
63,3033.7967,0.998975,0.000455
63,3033.80225,1.001046,0.000456
63,3033.80989,1.001625,0.000408
63,3033.81649,1.001101,0.000456
63,3033.82378,1.000025,0.000407
63,3033.83072,1.000603,0.000407
63,3033.83732,1.000155,0.000455
63,3033.84461,1.000356,0.000407
63,3033.85156,0.999962,0.000408
63,3033.85885,1.000543,0.000456
63,3033.86544,0.999987,0.000407
63,3033.87193,1.000702,0.000526
63,3033.87933,1.000308,0.000408
63,3033.88558,0.999896,0.000456
63,3033.89322,1.000504,0.000407
63,3033.90017,1.000374,0.000408
63,3033.90711,0.999648,0.000407
63,3033.91405,0.999922,0.000408
63,3033.921,1.001456,0.000408
63,3033.92794,1.0007,0.000408
63,3033.93489,1.000131,0.000408
63,3033.94183,1.000303,0.000408
63,3033.94878,1.000106,0.000408
63,3033.95572,0.99925,0.000408
63,3033.96266,0.999037,0.000408
63,3033.96961,1.000623,0.000408
63,3033.97655,0.999752,0.000408
63,3033.9835,1.000337,0.000408
63,3033.99044,1.000002,0.000408
63,3033.99739,0.999115,0.000408
63,3034.00433,0.999138,0.000408
63,3034.01128,0.99916,0.000408
63,3034.01822,0.999558,0.000408
63,3034.02516,1.000014,0.000408
63,3034.03211,0.999535,0.000408
63,3034.03905,0.999396,0.000408
63,3034.046,0.999781,0.000408
63,3034.05294,0.998435,0.000408
63,3034.05989,0.999239,0.000408
63,3034.06683,0.998906,0.000408
63,3034.07377,0.999355,0.000408
63,3034.08072,0.999604,0.000408
63,3034.08766,0.999881,0.000408
63,3034.09252,0.999041,0.000645
63,3034.31127,1.000585,0.000527
63,3034.31682,1.000842,0.000408
63,3034.32377,0.999953,0.000408
63,3034.33071,0.999622,0.000408
63,3034.33766,1.000622,0.000409
63,3034.3446,1.000004,0.000408
63,3034.35155,1.0006,0.000408
63,3034.35849,1.000072,0.000408
63,3034.36543,0.999456,0.000408
63,3034.37238,0.999969,0.000408
63,3034.37932,0.999728,0.000408
63,3034.38627,0.999741,0.000408
63,3034.39321,0.999444,0.000408
63,3034.40016,1.000007,0.000408
63,3034.4071,0.999779,0.000408
63,3034.41404,0.999589,0.000408
63,3034.42099,0.999555,0.000408
63,3034.42793,0.999585,0.000408
63,3034.43488,0.999711,0.000408
63,3034.44182,0.999601,0.000408
63,3034.44877,0.999812,0.000409
63,3034.45571,0.99953,0.000408
63,3034.46265,0.999022,0.000408
63,3034.4696,0.99963,0.000408
63,3034.47654,0.999757,0.000408
63,3034.48349,0.999884,0.000408
63,3034.49043,0.999898,0.000408
63,3034.49738,0.999929,0.000408
63,3034.50432,1.000093,0.000408
63,3034.51127,0.999869,0.000408
63,3034.51821,0.99938,0.000408
63,3034.52515,1.00023,0.000408
63,3034.5321,0.999459,0.000408
63,3034.53904,1.000276,0.000408
63,3034.54599,0.999685,0.000408
63,3034.55293,1.000088,0.000408
63,3034.55988,0.999938,0.000408
63,3034.56682,0.999546,0.000408
63,3034.57376,1.000633,0.000408
63,3034.58071,1.000387,0.000408
63,3034.58765,0.99959,0.000408
63,3034.5946,1.000375,0.000408
63,3034.60154,0.999355,0.000408
63,3034.60849,0.999978,0.000408
63,3034.61543,0.999802,0.000408
63,3034.62237,1.000034,0.000408
63,3034.62932,1.000688,0.000408
63,3034.63626,0.999665,0.000408
63,3034.64321,1.000279,0.000408
63,3034.65015,0.999739,0.000408
63,3034.6571,1.000119,0.000408
63,3034.66404,1.000259,0.000408
63,3034.67098,0.999892,0.000408
63,3034.67793,0.999892,0.000408
63,3034.68487,0.999748,0.000408
63,3034.69182,0.99978,0.000408
63,3034.69876,1.000441,0.000408
63,3034.70571,0.999934,0.000408
63,3034.71265,1.000576,0.000408
63,3034.71959,1.000174,0.000408
63,3034.72654,0.99964,0.000408
63,3034.73348,1.000068,0.000408
63,3034.74043,1.000189,0.000408
63,3034.74737,0.999785,0.000408
63,3034.75432,0.999786,0.000408
63,3034.76126,1.00009,0.000408
63,3034.7682,0.999789,0.000408
63,3034.77515,1.000302,0.000408
63,3034.78209,0.999643,0.000408
63,3034.78904,0.999911,0.000408
63,3034.79598,0.999743,0.000408
63,3034.80293,1.00042,0.000408
63,3034.80987,1.000111,0.000408
63,3034.81681,0.999655,0.000408
63,3034.82376,1.000011,0.000408
63,3034.8307,1.000211,0.000408
63,3034.83765,0.999876,0.000408
63,3034.84459,1.000276,0.000408
63,3034.85154,0.999613,0.000408
63,3034.85848,1.000714,0.000408
63,3034.86542,0.999904,0.000408
63,3034.87237,1.000366,0.000408
63,3034.87931,1.000655,0.000408
63,3034.88626,1.000024,0.000408
63,3034.8932,0.999785,0.000408
63,3034.90015,1.000434,0.000408
63,3034.90709,1.000204,0.000408
63,3034.91403,1.000365,0.000408
63,3034.92098,1.000177,0.000408
63,3034.92792,1.000109,0.000408
63,3034.93487,0.999891,0.000408
63,3034.94181,0.999958,0.000408
63,3034.94876,0.999473,0.000408
63,3034.9557,1.000314,0.000408
63,3034.96264,0.99963,0.000408
63,3034.96959,0.99999,0.000408
63,3034.97653,1.000792,0.000408
63,3034.98348,1.000017,0.000408
63,3034.99042,1.000201,0.000408
63,3034.99737,0.999642,0.000408
63,3035.00431,0.999981,0.000408
63,3035.01125,0.999946,0.000408
63,3035.0182,1.000332,0.000408
63,3035.02514,0.99939,0.000408
63,3035.03209,0.999718,0.000408
63,3035.03903,1.000031,0.000408
63,3035.04598,0.999897,0.000408
63,3035.05292,0.99972,0.000408
63,3035.05986,1.000031,0.000408
63,3035.06681,1.000654,0.000408
63,3035.07375,1.000134,0.000408
63,3035.0807,0.999959,0.000408
63,3035.08764,1.000691,0.000408
63,3035.09459,1.00071,0.000408
63,3035.10153,0.999726,0.000408
63,3035.10847,1.000138,0.000408
63,3035.11542,1.000551,0.000408
63,3035.12236,1.000744,0.000408
63,3035.12931,1.000529,0.000408
63,3035.13625,0.999662,0.000408
63,3035.1432,0.999725,0.000408
63,3035.15014,0.999481,0.000408
63,3035.15708,0.999912,0.000408
63,3035.16403,1.000048,0.000408
63,3035.17097,1.000322,0.000408
63,3035.17792,0.999536,0.000408
63,3035.18486,0.99985,0.000408
63,3035.19181,1.00042,0.000408
63,3035.19875,1.000623,0.000408
63,3035.2057,1.00018,0.000408
63,3035.21264,1.000097,0.000408
63,3035.21958,0.999688,0.000408
63,3035.22653,1.000273,0.000408
63,3035.23347,1.000454,0.000408
63,3035.24042,0.999929,0.000408
63,3035.24736,0.999321,0.000408
63,3035.25431,1.000532,0.000408
63,3035.26125,1.00072,0.000408
63,3035.26819,1.000375,0.000408
63,3035.27514,0.999772,0.000408
63,3035.28208,1.000248,0.000408
63,3035.28903,1.000274,0.000408
63,3035.29597,1.000283,0.000408
63,3035.30292,0.999876,0.000408
63,3035.30986,0.999859,0.000408
63,3035.3168,0.999811,0.000408
63,3035.32375,0.999954,0.000408
63,3035.33069,1.000527,0.000408
63,3035.33764,1.00006,0.000408
63,3035.34458,1.000749,0.000408
63,3035.35153,0.999948,0.000408
63,3035.35847,0.999762,0.000408
63,3035.36541,1.000113,0.000408
63,3035.37236,0.999717,0.000408
63,3035.3793,0.999763,0.000408
63,3035.38625,0.999991,0.000408
63,3035.39319,0.999938,0.000408
63,3035.40014,0.999881,0.000408
63,3035.40708,1.000355,0.000408
63,3035.41402,1.000535,0.000408
63,3035.42097,0.999813,0.000408
63,3035.42791,0.99985,0.000408
63,3035.43486,0.999989,0.000408
63,3035.4418,1.000145,0.000408
63,3035.44875,1.00014,0.000408
63,3035.45569,0.999445,0.000408
63,3035.46263,1.000966,0.000408
63,3035.46958,1.000439,0.000408
63,3035.47652,1.001035,0.000408
63,3035.48347,0.999912,0.000408
63,3035.49041,0.999379,0.000408
63,3035.49736,1.000344,0.000408
63,3035.5043,0.999227,0.000408
63,3035.51124,1.000121,0.000408
63,3035.51819,0.99993,0.000408
63,3035.52513,1.000123,0.000408
63,3035.53208,0.999739,0.000408
63,3035.53902,0.999052,0.000408
63,3035.54597,0.999651,0.000408
63,3035.55291,1.000376,0.000408
63,3035.55985,0.999826,0.000408
63,3035.5668,1.000499,0.000408
63,3035.57374,1.000036,0.000408
63,3035.58069,1.000181,0.000408
63,3035.58763,1.000739,0.000408
63,3035.59458,1.000588,0.000408
63,3035.60152,0.999926,0.000408
63,3035.60846,0.999965,0.000408
63,3035.61541,0.999895,0.000408
63,3035.62235,1.00017,0.000408
63,3035.6293,1.000686,0.000408
63,3035.63624,1.000207,0.000408
63,3035.64319,0.999971,0.000408
63,3035.65013,0.999711,0.000408
63,3035.65707,0.999867,0.000408
63,3035.66402,1.000111,0.000408
63,3035.67096,0.999795,0.000408
63,3035.67791,1.000052,0.000408
63,3035.68485,1.000471,0.000409
63,3035.6918,1.000583,0.000408
63,3035.69874,1.000424,0.000408
63,3035.70568,0.999899,0.000408
63,3035.71298,1.000752,0.000457
63,3035.71957,0.999378,0.000408
63,3035.72652,0.999415,0.000408
63,3035.73346,0.999907,0.000408
63,3035.74041,1.000321,0.000408
63,3035.74735,0.999421,0.000408
63,3035.75429,0.999707,0.000408
63,3035.76124,1.000392,0.000408
63,3035.76818,0.999593,0.000408
63,3035.77513,0.999821,0.000408
63,3035.78207,1.000068,0.000408
63,3035.78902,0.999266,0.000408
63,3035.79631,1.000695,0.000457
63,3035.8029,0.999762,0.000408
63,3035.80985,1.00005,0.000408
63,3035.81679,0.999408,0.000408
63,3035.82374,1.000272,0.000408
63,3035.83068,0.999842,0.000408
63,3035.83763,0.999814,0.000408
63,3035.84457,1.000049,0.000409
63,3035.85151,1.000067,0.000408
63,3035.85846,0.999627,0.000408
63,3035.8654,0.998578,0.000408
63,3035.87235,1.000624,0.000409
63,3035.87929,1.000518,0.000409
63,3035.88624,0.99992,0.000409
63,3035.89318,0.999984,0.000409
63,3035.90012,0.999109,0.000408
63,3035.90707,0.999436,0.000408
63,3035.91401,1.000684,0.000409
63,3035.92096,0.999759,0.000408
63,3035.9279,0.99989,0.000408
63,3035.93485,1.000399,0.000409
63,3035.94179,0.999975,0.000408
63,3035.94873,0.99991,0.000409
63,3035.95568,0.999991,0.000409
63,3035.96262,1.000115,0.000409
63,3035.96957,1.000097,0.000409
63,3035.97651,1.000251,0.000409
63,3035.98346,1.000239,0.000409
63,3035.9904,1.000591,0.000409
63,3035.99734,1.000071,0.000409
63,3036.00429,1.000299,0.000409
63,3036.01123,0.999861,0.000408
63,3036.01818,0.999917,0.000409
63,3036.02512,0.999829,0.000408
63,3036.03207,0.999626,0.000409
63,3036.03901,1.000086,0.000409
63,3036.04595,1.000241,0.000409
63,3036.0529,0.999978,0.000409
63,3036.05984,0.999904,0.000409
63,3036.06679,0.999512,0.000409
63,3036.07373,1.000425,0.000409
63,3036.08068,0.999257,0.000409
63,3036.08762,0.999589,0.000409
63,3036.09456,1.000295,0.000409
63,3036.10151,1.000047,0.000409
63,3036.10845,1.000393,0.000409
63,3036.1154,0.999983,0.000409
63,3036.12234,1.000731,0.000409
63,3036.12929,1.000014,0.000409
63,3036.13623,0.999423,0.000409
63,3036.14317,0.999996,0.000409
63,3036.15012,1.000038,0.000409
63,3036.15706,1.00028,0.000409
63,3036.16401,0.99989,0.000409
63,3036.17095,1.000593,0.000409
63,3036.1779,1.000329,0.000409
63,3036.18484,1.000606,0.000409
63,3036.19178,1.000645,0.000409
63,3036.19873,1.000195,0.000409
63,3036.20567,1.000325,0.000409
63,3036.21262,1.00032,0.000409
63,3036.21956,1.000762,0.000409
63,3036.22651,1.000146,0.000409
63,3036.23345,1.000842,0.000409
63,3036.24039,1.000057,0.000409
63,3036.24734,1.000208,0.000409
63,3036.25428,1.000712,0.000409
63,3036.26123,1.000612,0.000409
63,3036.26817,0.999878,0.000409
63,3036.27512,0.999594,0.000409
63,3036.28206,0.999495,0.000409
63,3036.289,0.998969,0.000409
63,3036.29595,0.999852,0.000409
63,3036.30289,0.999716,0.000409
63,3036.30984,1.000116,0.000409
63,3036.31678,0.999491,0.000409
63,3036.32373,0.99961,0.000409
63,3036.33067,1.000355,0.000409
63,3036.33761,0.999223,0.000409
63,3036.34456,0.999859,0.000409
63,3036.3515,0.999748,0.000409
63,3036.35845,0.999503,0.000409
63,3036.36539,1.000142,0.000409
63,3036.37234,0.999929,0.000409
63,3036.37928,1.000421,0.000409
63,3036.38622,1.000348,0.000409
63,3036.39317,0.999882,0.000409
63,3036.40011,0.999755,0.000409
63,3036.40706,1.000016,0.000409
63,3036.414,0.999639,0.000409
63,3036.42095,0.99971,0.000409
63,3036.42789,0.999543,0.000409
63,3036.43483,0.999278,0.000409
63,3036.44178,0.999385,0.000409
63,3036.44872,0.99937,0.000409
63,3036.45567,0.999372,0.000409
63,3036.46261,1.000036,0.000409
63,3036.46956,0.999819,0.000409
63,3036.4765,1.000067,0.000409
63,3036.48344,0.999661,0.000409
63,3036.49039,1.000013,0.000409
63,3036.49768,1.000867,0.000457
63,3036.50428,0.999698,0.000409
63,3036.51122,0.999785,0.000409
63,3036.51817,1.00012,0.000409
63,3036.52511,1.000244,0.000409
63,3036.53205,0.999957,0.000409
63,3036.539,1.000396,0.000409
63,3036.54594,1.000043,0.000409
63,3036.55289,1.000439,0.000409
63,3036.55983,0.999761,0.000409
63,3036.56678,1.000379,0.000409
63,3036.57372,0.999963,0.000409
63,3036.58066,1.000304,0.000409
63,3036.58761,0.999545,0.000409
63,3036.59455,1.000207,0.000409
63,3036.6015,0.999631,0.000409
63,3036.60844,1.000452,0.000409
63,3036.61539,1.000762,0.000409
63,3036.62233,1.000094,0.000409
63,3036.62927,1.000453,0.000409
63,3036.63622,0.999944,0.000409
63,3036.64316,0.999823,0.000409
63,3036.65011,0.999912,0.000409
63,3036.65705,1.000703,0.000409
63,3036.664,1.000499,0.000409
63,3036.67094,1.000871,0.000409
63,3036.67788,1.000281,0.000409
63,3036.68483,0.99983,0.000409
63,3036.69177,1.000068,0.000409
63,3036.69872,1.000302,0.000409
63,3036.70566,1.000071,0.000409
63,3036.71261,0.999857,0.000409
63,3036.71955,1.000942,0.000409
63,3036.72649,0.999972,0.000409
63,3036.73344,1.000374,0.000409
63,3036.74038,1.000282,0.000409
63,3036.74733,1.000093,0.000409
63,3036.75427,1.000371,0.000409
63,3036.76122,0.999763,0.000409
63,3036.76816,0.999633,0.000409
63,3036.7751,0.999934,0.000409
63,3036.78205,0.999792,0.000409
63,3036.78899,1.00088,0.000409
63,3036.79594,1.000506,0.000409
63,3036.80288,1.000086,0.000409
63,3036.80983,0.9999,0.000409
63,3036.81677,1.000422,0.000409
63,3036.82371,1.000222,0.000409
63,3036.83066,1.00037,0.000409
63,3036.8376,0.999751,0.000409
63,3036.84455,1.000394,0.000409
63,3036.85149,1.000074,0.000409
63,3036.85844,1.000089,0.000409
63,3036.86538,1.000487,0.000409
63,3036.87232,1.000132,0.000409
63,3036.87927,0.999618,0.000409
63,3036.88621,0.999569,0.000409
63,3036.89316,0.999472,0.000409
63,3036.9001,0.999308,0.000409
63,3036.90705,0.999736,0.000409
63,3036.91399,0.999166,0.000409
63,3036.92093,0.999206,0.000409
63,3036.92788,0.999933,0.000409
63,3036.93482,1.000043,0.000409
63,3036.94177,0.999482,0.000409
63,3036.94871,1.000028,0.00041
63,3036.95566,0.999803,0.000409
63,3036.9626,1.00059,0.00041
63,3036.96954,1.000058,0.00041
63,3036.97649,0.999734,0.000409
63,3036.98343,1.000451,0.00041
63,3036.99038,0.999721,0.00041
63,3036.99732,0.999809,0.000409
63,3037.00427,1.000533,0.00041
63,3037.01121,1.0003,0.00041
63,3037.01815,0.999597,0.00041
63,3037.0251,0.999719,0.00041
63,3037.03204,0.999833,0.00041
63,3037.03899,1.000766,0.00041
63,3037.04593,0.999682,0.00041
63,3037.05288,0.999708,0.00041
63,3037.05982,1.000266,0.00041
63,3037.06676,0.999919,0.00041
63,3037.07371,0.999228,0.00041
63,3037.08065,1.000164,0.00041
63,3037.0876,0.999033,0.00041
63,3037.09454,0.999916,0.00041
63,3037.10149,0.999453,0.00041
63,3037.10843,1.000296,0.00041
63,3037.11537,1.000685,0.00041
63,3037.12232,0.999363,0.00041
63,3037.12926,1.00011,0.00041
63,3037.13621,0.999864,0.00041
63,3037.14315,0.999753,0.00041
63,3037.1501,0.999492,0.00041
63,3037.15704,1.000469,0.00041
63,3037.16398,0.999662,0.00041
63,3037.17093,0.999469,0.00041
63,3037.17787,0.999617,0.00041
63,3037.18482,1.000681,0.00041
63,3037.19176,1.00031,0.00041
63,3037.19871,0.999514,0.00041
63,3037.20565,1.000734,0.00041
63,3037.21259,1.00004,0.00041
63,3037.21954,0.999725,0.00041
63,3037.22648,1.000319,0.00041
63,3037.23343,0.9996,0.00041
63,3037.24037,1.001063,0.00041
63,3037.24732,1.000184,0.00041
63,3037.25426,1.000091,0.00041
63,3037.2612,1.000139,0.00041
63,3037.26815,1.00052,0.00041
63,3037.27509,1.000384,0.00041
63,3037.28204,1.000317,0.00041
63,3037.28898,1.000496,0.00041
63,3037.29593,0.999988,0.00041
63,3037.30287,0.99972,0.00041
63,3037.30981,0.999902,0.00041
63,3037.31676,0.999749,0.00041
63,3037.3237,0.999802,0.00041
63,3037.33065,1.000171,0.00041
63,3037.33759,1.000534,0.00041
63,3037.34454,1.00029,0.00041
63,3037.35148,1.000423,0.00041
63,3037.35842,0.999805,0.00041
63,3037.36537,0.999621,0.00041
63,3037.37231,1.000169,0.00041
63,3037.37926,1.000236,0.00041
63,3037.3862,0.999644,0.00041
63,3037.39315,1.000111,0.00041
63,3037.40009,0.999873,0.00041
63,3037.40703,0.99958,0.00041
63,3037.41398,1.000037,0.00041
63,3037.42092,0.999565,0.00041
63,3037.42787,0.99991,0.00041
63,3037.43481,0.999661,0.00041
63,3037.44176,0.99988,0.00041
63,3037.4487,0.999882,0.00041
63,3037.45564,1.000185,0.00041
63,3037.46259,0.999921,0.00041
63,3037.46953,1.000721,0.000411
63,3037.47648,1.000724,0.000411
63,3037.48342,1.000365,0.00041
63,3037.49037,0.999536,0.00041
63,3037.49731,0.999568,0.00041
63,3037.50425,1.000462,0.00041
63,3037.5112,0.999773,0.00041
63,3037.51814,0.999581,0.00041
63,3037.52509,0.999678,0.00041
63,3037.53203,1.00054,0.000411
63,3037.53898,0.999904,0.000411
63,3037.54592,1.000231,0.000411
63,3037.55286,0.999404,0.000411
63,3037.55981,1.000329,0.000411
63,3037.56675,0.99978,0.000411
63,3037.5737,1.000049,0.000411
63,3037.58064,0.999473,0.00041
63,3037.58759,0.9995,0.000411
63,3037.59453,0.999662,0.000411
63,3037.60147,1.000214,0.000411
63,3037.60842,0.999628,0.000411
63,3037.61536,0.999977,0.000411
63,3037.62231,0.99977,0.000411
63,3037.62925,1.000581,0.000411
63,3037.6362,1.000058,0.000411
63,3037.64314,0.999808,0.000411
63,3037.65008,1.000106,0.000411
63,3037.65703,1.000618,0.000411
63,3037.66397,1.000367,0.000411
63,3037.67092,1.000312,0.000411
63,3037.67786,1.000166,0.000411
63,3037.68481,1.000514,0.000411
63,3037.69175,1.00071,0.000411
63,3037.69869,1.000546,0.000411
63,3037.70564,0.999789,0.000411
63,3037.71258,1.000079,0.000411
63,3037.71953,1.000213,0.000411
63,3037.72647,1.000414,0.000411
63,3037.73341,0.999469,0.000411
63,3037.74036,0.99939,0.000411
63,3037.7473,1.000041,0.000411
63,3037.75425,1.000476,0.000411
63,3037.76119,1.000326,0.000411
63,3037.76814,0.999859,0.000411
63,3037.77508,0.999776,0.000411
63,3037.78202,0.999577,0.000411
63,3037.78897,0.999604,0.000411
63,3037.79591,0.999383,0.000411
63,3037.80286,0.999679,0.000411
63,3037.8098,0.999357,0.000411
63,3037.81675,1.000057,0.000411
63,3037.82369,1.000412,0.000411
63,3037.83063,0.999859,0.000411
63,3037.83758,0.999714,0.000411
63,3037.84452,0.999371,0.000411
63,3037.85147,0.999932,0.000411
63,3037.85841,0.999974,0.000411
63,3037.86536,0.999991,0.000411
63,3037.8723,1.000088,0.000411
63,3037.87924,0.999328,0.000411
63,3037.88619,1.000514,0.000411
63,3037.89313,1.000322,0.000411
63,3037.90008,0.999389,0.000411
63,3037.90702,1.000329,0.000411
63,3037.91397,0.999682,0.000411
63,3037.92091,0.999493,0.000411
63,3037.92785,1.000188,0.000411
63,3037.9348,1.00027,0.000411
63,3037.94174,1.000177,0.000412
63,3037.94869,1.000684,0.000412
63,3037.95563,1.000363,0.000412
63,3037.96258,0.999455,0.000411
63,3037.96952,1.000595,0.000412
63,3037.97646,1.000188,0.000412
63,3037.98341,0.999681,0.000412
63,3037.99035,0.99994,0.000412
63,3037.9973,0.99985,0.000412
63,3038.00424,0.999183,0.000412
63,3038.01119,1.000621,0.000412
63,3038.01813,1.000554,0.000412
63,3038.02577,0.999504,0.00046
63,3038.03202,1.000352,0.000412
63,3038.03896,1.000284,0.000412
63,3038.04591,1.000029,0.000412
63,3038.05285,0.999906,0.000412
63,3038.0598,1.000512,0.000412
63,3038.06674,0.999671,0.000412
63,3038.07368,0.999664,0.000412
63,3038.08063,1.000305,0.000412
63,3038.08757,1.000305,0.000412
63,3038.09452,1.000705,0.000412
63,3038.10146,0.999734,0.000412
63,3038.10841,0.999956,0.000412
63,3038.11535,0.999763,0.000412
63,3038.12229,0.999791,0.000412
63,3038.12924,1.000247,0.000412
63,3038.13618,1.000234,0.000412
63,3038.14313,0.999471,0.000412
63,3038.15007,0.999713,0.000412
63,3038.15702,0.999893,0.000412
63,3038.16396,1.0,0.000412
63,3038.1709,1.000519,0.000412
63,3038.17785,1.000337,0.000412
63,3038.18479,1.00108,0.000412
63,3038.19174,0.999496,0.000412
63,3038.19868,0.999781,0.000412
63,3038.20563,1.000218,0.000412
63,3038.21257,0.999735,0.000412
63,3038.21951,1.000688,0.000413
63,3038.22646,1.000103,0.000413
63,3038.2334,1.00041,0.000413
63,3038.24035,0.99907,0.000412
63,3038.24729,0.998935,0.000412
63,3038.25424,1.000556,0.000413
63,3038.26118,0.999858,0.000413
63,3038.26812,0.999778,0.000413
63,3038.27507,1.000169,0.000413
63,3038.28201,1.000356,0.000413
63,3038.28896,1.00001,0.000413
63,3038.2959,0.999923,0.000413
63,3038.30285,1.000067,0.000413
63,3038.30979,0.9998,0.000413
63,3038.31673,0.999796,0.000413
63,3038.32368,1.000437,0.000413
63,3038.33062,0.99984,0.000413
63,3038.33757,1.00011,0.000413
63,3038.34451,0.999688,0.000413
63,3038.35145,0.99954,0.000413
63,3038.3584,1.000217,0.000413
63,3038.36534,0.999873,0.000413
63,3038.37229,1.000408,0.000413
63,3038.37923,0.999695,0.000413
63,3038.38618,0.999863,0.000413
63,3038.39312,1.000387,0.000413
63,3038.40006,1.000014,0.000413
63,3038.40701,1.00023,0.000413
63,3038.41395,1.000094,0.000413
63,3038.4209,1.000753,0.000413
63,3038.42784,0.99943,0.000413
63,3038.43479,1.000182,0.000413
63,3038.44173,0.999603,0.000413
63,3038.44867,1.000369,0.000413
63,3038.45562,1.000252,0.000413
63,3038.46256,0.999388,0.000413
63,3038.46951,0.99978,0.000414
63,3038.47645,0.999725,0.000414
63,3038.4834,1.000041,0.000414
63,3038.49034,0.999593,0.000414
63,3038.49728,1.000328,0.000414
63,3038.50423,0.999471,0.000414
63,3038.51117,0.999986,0.000414
63,3038.51812,0.999278,0.000414
63,3038.52506,1.000297,0.000414
63,3038.53201,1.000413,0.000414
63,3038.53895,0.999261,0.000414
63,3038.54589,0.999662,0.000414
63,3038.55284,1.000192,0.000414
63,3038.55978,1.000048,0.000414
63,3038.56638,0.999685,0.000463
63,3038.57367,1.000584,0.000414
63,3038.58062,0.999726,0.000414
63,3038.58756,0.999801,0.000414
63,3038.5945,0.999986,0.000414
63,3038.60145,0.999948,0.000414
63,3038.60839,1.000383,0.000414
63,3038.61534,0.999466,0.000414
63,3038.62228,0.999653,0.000414
63,3038.62923,1.000568,0.000414
63,3038.63617,0.999439,0.000414
63,3038.64311,1.000664,0.000414
63,3038.65006,1.000002,0.000414
63,3038.657,0.99994,0.000414
63,3038.66395,1.000519,0.000414
63,3038.67089,1.000318,0.000414
63,3038.67784,0.999499,0.000414
63,3038.68478,1.000543,0.000415
63,3038.69172,0.999408,0.000414
63,3038.69867,0.999347,0.000414
63,3038.70561,0.99945,0.000415
63,3038.71256,0.999687,0.000415
63,3038.7195,0.999716,0.000414
63,3038.72645,0.999782,0.000415
63,3038.73339,0.999859,0.000415
63,3038.74033,0.999748,0.000415
63,3038.74728,0.999822,0.000415
63,3038.75422,0.999968,0.000415
63,3038.76117,1.00012,0.000415
63,3038.76742,0.999911,0.000464
63,3038.77506,1.000332,0.000415
63,3038.782,1.000916,0.000415
63,3038.78894,1.000728,0.000415
63,3038.79589,0.999867,0.000415
63,3038.80283,0.999994,0.000415
63,3038.80978,1.000887,0.000415
63,3038.81672,1.00009,0.000415
63,3038.82366,0.999238,0.000415
63,3038.83061,0.999961,0.000415
63,3038.83755,1.000605,0.000415
63,3038.8445,0.999321,0.000415
63,3038.85144,0.99981,0.000415
63,3038.85839,0.999674,0.000415
63,3038.86533,1.000921,0.000416
63,3038.87227,1.000684,0.000416
63,3038.87922,1.00003,0.000416
63,3038.88616,1.00006,0.000416
63,3038.89311,1.000318,0.000416
63,3038.90005,1.000028,0.000416
63,3038.907,0.999913,0.000416
63,3038.91394,0.999577,0.000416
63,3038.92088,0.998967,0.000416
63,3038.92783,0.999405,0.000416
63,3038.93477,0.999547,0.000416
63,3038.94172,0.999586,0.000416
63,3038.94866,0.999819,0.000416
63,3038.95561,0.99967,0.000416
63,3038.96255,0.999961,0.000416
63,3038.96949,1.00007,0.000416
63,3038.97644,1.000131,0.000416
63,3038.98338,1.001221,0.000416
63,3038.99033,1.000445,0.000416
63,3038.99727,0.99921,0.000416
63,3039.00422,1.000419,0.000416
63,3039.01116,1.000464,0.000416
63,3039.0181,1.000623,0.000417
63,3039.02505,1.00027,0.000417
63,3039.03199,0.999436,0.000416
63,3039.03894,1.000056,0.000416
63,3039.04623,0.999634,0.000466
63,3039.05283,1.000102,0.000417
63,3039.05977,0.999853,0.000417
63,3039.06671,0.999392,0.000417
63,3039.07366,0.999403,0.000417
63,3039.0806,0.999977,0.000417
63,3039.08755,1.000452,0.000417
63,3039.09449,0.999533,0.000417
63,3039.10144,0.999818,0.000417
63,3039.10838,0.999726,0.000417
63,3039.11532,1.000141,0.000417
63,3039.12227,1.000003,0.000417
63,3039.12921,0.999395,0.000417
63,3039.13616,0.999379,0.000417
63,3039.1431,1.000958,0.000417
63,3039.15005,1.000083,0.000417
63,3039.15699,1.000148,0.000417
63,3039.16393,1.000299,0.000417
63,3039.17088,1.000564,0.000418
63,3039.17713,1.000612,0.000467
63,3039.18477,1.000451,0.000418
63,3039.19171,1.000262,0.000418
63,3039.19865,0.999657,0.000418
63,3039.2056,1.000415,0.000418
63,3039.21254,0.999781,0.000418
63,3039.21949,1.000341,0.000418
63,3039.22643,0.999924,0.000418
63,3039.23338,1.000296,0.000418
63,3039.23997,1.000716,0.000467
63,3039.24726,1.000303,0.000418
63,3039.25421,0.999979,0.000418
63,3039.26115,1.000101,0.000418
63,3039.2681,0.999985,0.000418
63,3039.27504,0.99972,0.000418
63,3039.28199,0.999877,0.000418
63,3039.28893,1.001217,0.000419
63,3039.29587,0.999609,0.000418
63,3039.30282,0.999346,0.000418
63,3039.30976,0.998768,0.000418
63,3039.31671,0.999608,0.000419
63,3039.32365,1.000076,0.000419
63,3039.33129,0.999616,0.000468
63,3039.33754,0.99979,0.000419
63,3039.34448,0.999667,0.000419
63,3039.35143,1.000349,0.000419
63,3039.35837,0.9999,0.000419
63,3039.36532,0.999974,0.000419
63,3039.37296,1.000007,0.000469
63,3039.37886,1.000077,0.000469
63,3039.38615,0.999177,0.000419
63,3039.39309,0.999853,0.000469
63,3039.40004,0.999753,0.000419
63,3039.40698,0.999824,0.000419
63,3039.41393,0.999368,0.000419
63,3039.42087,0.999721,0.000419
63,3039.42782,0.999853,0.00042
63,3039.43476,0.999357,0.00042
63,3039.4417,1.000161,0.00042
63,3039.449,0.999842,0.000469
63,3039.45559,1.000076,0.00042
63,3039.46254,1.000372,0.00042
63,3039.46948,0.999535,0.00042
63,3039.47643,0.999735,0.00042
63,3039.48337,0.999689,0.00042
63,3039.49031,0.998988,0.00042
63,3039.49656,0.999909,0.00047
63,3039.5042,1.000088,0.00042
63,3039.51115,1.000354,0.00042
63,3039.51809,1.000272,0.00042
63,3039.52503,0.999786,0.000421
63,3039.53198,0.999948,0.000421
63,3039.53892,1.000014,0.000421
63,3039.54552,0.999902,0.00047
63,3039.55281,1.000312,0.000421
63,3039.55976,1.000132,0.000421
63,3039.5667,0.999587,0.000421
63,3039.57364,1.000804,0.000421
63,3039.58059,0.99987,0.000421
63,3039.58753,1.000473,0.000421
63,3039.59517,1.000787,0.000471
63,3039.60142,1.000563,0.000421
63,3039.60837,1.000295,0.000421
63,3039.61462,1.000823,0.000471
63,3039.62225,0.999915,0.000471
63,3039.6292,0.999811,0.000422
63,3039.63614,0.999944,0.000422
63,3039.64378,1.000615,0.000472
63,3039.65003,1.000775,0.000422
63,3039.65698,1.000355,0.000472
63,3039.66392,0.999761,0.000472
63,3039.67086,1.000224,0.000422
63,3039.67781,0.999503,0.000422
63,3039.6851,1.00005,0.000472
63,3039.6917,1.000149,0.000422
63,3039.69899,0.999988,0.000472
63,3039.70524,0.999364,0.000472
63,3039.71253,0.999557,0.000422
63,3039.72017,1.00046,0.000473
63,3039.72642,0.999942,0.000423
63,3039.73336,1.000128,0.000423
63,3039.74031,0.999391,0.000423
63,3039.74725,0.999724,0.000473
63,3039.7542,1.000146,0.000423
63,3039.76114,1.000522,0.000423
63,3039.76808,1.000977,0.000423
63,3039.77503,0.999913,0.000423
63,3039.78232,0.999976,0.000473
63,3039.78892,0.999767,0.000423
63,3039.79517,0.999545,0.000473
63,3039.8028,0.999552,0.000423
63,3039.80975,1.000066,0.000424
63,3039.816,0.999929,0.000474
63,3039.82364,1.000604,0.000424
63,3039.83058,0.99929,0.000424
63,3039.83753,0.999627,0.000424
63,3039.84447,0.999348,0.000424
63,3039.85141,0.999712,0.000424
63,3039.85871,0.9988,0.000474
63,3039.86496,1.000274,0.000474
63,3039.87271,0.999098,0.000548
63,3039.87954,0.999753,0.000474
63,3039.88648,0.999195,0.000474
63,3039.89308,0.999853,0.000424
63,3039.90002,0.998918,0.000424
63,3039.90627,1.000127,0.000475
63,3039.91345,0.999729,0.000548
63,3039.9212,1.000181,0.000475
63,3039.9278,1.000283,0.000475
63,3039.93475,0.999845,0.000425
63,3039.94204,0.998902,0.000475
63,3039.95002,1.000544,0.000672
63,3039.95558,1.000146,0.000425
63,3039.96252,1.00067,0.000425
63,3039.96947,1.00045,0.000549
63,3039.97711,1.000291,0.000475
63,3039.98405,0.99953,0.000475
63,3039.9903,1.000547,0.000425
63,3039.99759,0.999969,0.000476
63,3040.00419,1.000199,0.000426
63,3040.01079,1.000276,0.000476
63,3040.01808,0.999503,0.000476
63,3040.02502,0.999889,0.000426
63,3040.0315,0.999347,0.00055
63,3040.03683,1.000019,0.000673
63,3040.04551,0.999958,0.000476
63,3040.05326,1.000524,0.00055
63,3040.0602,1.000066,0.00055
63,3040.06669,1.00085,0.00055
63,3040.0727,1.000676,0.00055
63,3040.08057,1.000192,0.000426
63,3040.08752,1.000297,0.00055
63,3040.09412,0.999397,0.000476
63,3040.10141,1.000842,0.000427
63,3040.10835,0.999849,0.000426
63,3040.11391,1.001133,0.000551
63,3040.12224,1.000654,0.000477
63,3040.12918,1.000799,0.000427
63,3040.13648,0.998974,0.000477
63,3040.14261,0.999408,0.000551
63,3040.15002,0.99954,0.000551
63,3040.15696,1.000104,0.000477
63,3040.16529,1.000451,0.000551
63,3040.17085,1.00096,0.000551
63,3040.1771,1.00052,0.000478
63,3040.18509,0.99938,0.000477
63,3040.19168,1.00079,0.000551
63,3040.19955,0.999575,0.000551
63,3040.20557,1.000848,0.000477
63,3040.21321,1.000272,0.000478
63,3040.21853,0.99959,0.000551
63,3040.22501,0.999739,0.000955
63,3040.23404,1.000539,0.000676
63,3040.24029,0.998565,0.000552
63,3040.24793,1.000454,0.000478
63,3040.25279,1.000117,0.000552
63,3040.26182,0.999296,0.000676
63,3040.26853,1.000086,0.000552
63,3040.27455,1.0006,0.000552
63,3040.28126,0.99985,0.000478
63,3040.28936,0.999989,0.000552
63,3040.2955,0.999492,0.000478
63,3040.3021,0.999538,0.000677
63,3040.31112,1.000108,0.000677
63,3040.31529,0.999159,0.000552
63,3040.32362,0.999529,0.000677
63,3040.33057,0.999886,0.000479
63,3040.33751,0.99959,0.000479
63,3040.34654,0.999486,0.000677
63,3040.35001,0.998032,0.000677
63,3040.35869,0.999626,0.000479
63,3040.36529,0.998568,0.000957
63,3040.37362,0.99809,0.000958
63,3040.37987,1.000045,0.000678
63,3040.38612,0.999816,0.000428
63,3040.39353,0.999018,0.000553
63,3040.40047,0.999019,0.000553
63,3040.40557,0.99949,0.000553
63,3040.41598,1.000677,0.000678
63,3040.42223,1.000075,0.000678
63,3040.42918,1.000401,0.000958
63,3040.43404,0.999796,0.000677
63,3040.44445,1.001222,0.000959
63,3040.4507,1.000458,0.000677
63,3040.45834,1.002028,0.000959
63,3040.46042,1.000264,0.000677
63,3040.46806,1.000736,0.000553
63,3040.47779,0.999913,0.000677
63,3040.48126,0.999036,0.000677
63,3040.49237,1.000272,0.000678
63,3040.49653,0.999997,0.000479
63,3040.50383,0.999469,0.000479
63,3040.50973,0.999603,0.000677
63,3040.52084,1.000234,0.000958
63,3040.5264,0.999304,0.000957
63,3040.53126,0.999423,0.000677
63,3040.54028,0.998948,0.000956
63,3040.54584,1.001559,0.000677
63,3040.55209,1.001107,0.000677
63,3040.56737,0.999269,0.000676
63,3040.57223,0.999382,0.000552
63,3040.58056,1.000622,0.000428
63,3040.58473,1.001989,0.000956
63,3040.59514,1.000454,0.000676
63,3040.60105,1.001435,0.000478
63,3040.60556,0.998858,0.000955
63,3040.61528,1.000555,0.000675
63,3040.62361,1.000289,0.000676
63,3040.63056,0.999468,0.000675
63,3040.64341,1.000132,0.000477
63,3040.65,0.999797,0.000551
63,3040.65695,1.00031,0.000477
63,3040.6632,1.000109,0.000674
63,3040.67153,1.000601,0.000477
63,3040.67847,1.00057,0.000674
63,3040.68426,0.999666,0.00055
63,3040.69097,1.000617,0.000477
63,3040.69815,0.999663,0.00055
63,3040.70278,0.999827,0.000952
63,3040.71389,1.000054,0.000952
63,3040.71944,1.000101,0.000426
63,3040.72674,0.99941,0.000476
63,3040.73056,1.001659,0.000952
63,3040.74028,0.999681,0.000426
63,3040.74722,1.000444,0.000426
63,3040.75417,0.999943,0.000426
63,3040.76111,0.999662,0.000426
63,3040.76805,0.998888,0.000426
63,3040.7743,0.999263,0.000476
63,3040.78125,0.999325,0.000476
63,3040.78889,0.999852,0.000426
63,3040.79583,1.000422,0.000426
63,3040.80069,0.999084,0.000673
89,3718.24489,0.999778,0.000473
89,3718.25183,1.000659,0.000473
89,3718.25877,0.99931,0.000473
89,3718.26572,0.999812,0.000473
89,3718.27266,0.99971,0.000473
89,3718.27961,1.000144,0.000473
89,3718.28655,1.000192,0.000473
89,3718.2935,1.000212,0.000473
89,3718.30044,1.000679,0.000473
89,3718.30739,1.000195,0.000473
89,3718.31433,0.999921,0.000473
89,3718.32128,0.999792,0.000472
89,3718.32822,1.000524,0.000472
89,3718.33517,1.00031,0.000472
89,3718.34211,1.00027,0.000472
89,3718.34906,1.000391,0.000472
89,3718.356,0.999976,0.000473
89,3718.36294,0.999276,0.000472
89,3718.36989,1.000009,0.000472
89,3718.37683,0.999717,0.000472
89,3718.38378,0.999994,0.000472
89,3718.39072,0.999281,0.000472
89,3718.39767,0.999855,0.000472
89,3718.40461,0.999947,0.000472
89,3718.41156,0.999916,0.000472
89,3718.4185,0.999556,0.000472
89,3718.42545,0.999539,0.000472
89,3718.43239,0.999645,0.000472
89,3718.43934,0.999831,0.000472
89,3718.44628,0.999055,0.000472
89,3718.45323,1.000128,0.000472
89,3718.46017,0.999898,0.000472
89,3718.46712,0.999488,0.000472
89,3718.47406,0.999972,0.000472
89,3718.481,0.99883,0.000472
89,3718.48795,0.999668,0.000472
89,3718.49489,1.000636,0.000472
89,3718.50184,1.000434,0.000471
89,3718.50878,1.000083,0.000471
89,3718.51573,1.000643,0.000471
89,3718.52267,1.000406,0.00047
89,3718.52962,1.000104,0.00047
89,3718.53656,0.999887,0.00047
89,3718.54351,1.000159,0.000469
89,3718.55045,1.000073,0.000469
89,3718.5574,1.000331,0.000469
89,3718.56434,0.999458,0.000468
89,3718.57129,0.999094,0.000468
89,3718.57823,0.999527,0.000468
89,3718.58517,1.000388,0.000467
89,3718.59212,0.999758,0.000467
89,3718.59906,1.000496,0.000466
89,3718.60601,1.000963,0.000466
89,3718.61295,0.999828,0.000466
89,3718.6199,0.999918,0.000465
89,3718.62684,0.999404,0.000465
89,3718.63379,0.999588,0.000465
89,3718.64073,1.000201,0.000465
89,3718.64768,1.000364,0.000465
89,3718.65462,1.00009,0.000465
89,3718.66157,1.000503,0.000465
89,3718.66851,0.999722,0.000464
89,3718.67546,1.00027,0.000464
89,3718.6824,0.99965,0.000464
89,3718.68934,1.00013,0.000464
89,3718.69629,0.998795,0.000464
89,3718.70323,1.000379,0.000464
89,3718.71018,0.999954,0.000464
89,3718.71712,0.999259,0.000464
89,3718.72407,0.999791,0.000464
89,3718.73101,1.000308,0.000464
89,3718.73796,0.999823,0.000464
89,3718.7449,1.0,0.000464
89,3718.75185,1.000785,0.000464
89,3718.75879,0.999503,0.000463
89,3718.76574,1.000581,0.000463
89,3718.77268,1.000348,0.000463
89,3718.77963,0.999672,0.000463
89,3718.78657,1.000495,0.000463
89,3718.79351,0.999388,0.000463
89,3718.80046,0.999727,0.000463
89,3718.8074,0.999693,0.000462
89,3718.81435,0.999939,0.000462
89,3718.82129,1.000497,0.000462
89,3718.82824,1.000429,0.000462
89,3718.83518,1.00041,0.000462
89,3718.84213,0.999085,0.000462
89,3718.84907,0.999425,0.000461
89,3718.85602,1.000058,0.000461
89,3718.86296,0.999811,0.000461
89,3718.86991,0.999462,0.000461
89,3718.87685,1.000109,0.000461
89,3718.8838,0.999696,0.000461
89,3718.89074,0.99988,0.000461
89,3718.89768,1.000252,0.000461
89,3718.90463,1.000329,0.000462
89,3718.91157,1.000332,0.000462
89,3718.91852,1.00069,0.000462
89,3718.92546,1.000856,0.000462
89,3718.93241,1.00039,0.000462
89,3718.93935,0.999763,0.000462
89,3718.9463,0.999431,0.000462
89,3718.95324,1.000158,0.000462
89,3718.96019,0.999784,0.000461
89,3718.96713,1.000467,0.000461
89,3718.97408,0.999152,0.000461
89,3718.98102,0.99987,0.000461
89,3718.98797,1.000716,0.000461
89,3718.99491,1.00049,0.000461
89,3719.00185,0.999884,0.000461
89,3719.0088,0.99956,0.000461
89,3719.01574,1.000112,0.000461
89,3719.02269,1.000031,0.00046
89,3719.02963,0.999307,0.00046
89,3719.03658,1.000741,0.00046
89,3719.04352,1.000303,0.00046
89,3719.05047,0.999806,0.000459
89,3719.05741,0.99995,0.000459
89,3719.06436,1.000573,0.000459
89,3719.0713,1.000244,0.000459
89,3719.07825,0.999922,0.000459
89,3719.08519,1.000313,0.000459
89,3719.09214,0.999477,0.000459
89,3719.09908,1.000658,0.000459
89,3719.10602,1.000183,0.000458
89,3719.11297,1.000732,0.000458
89,3719.11991,1.000384,0.000458
89,3719.12755,1.000468,0.000512
89,3719.1338,0.999759,0.000458
89,3719.14075,0.999836,0.000457
89,3719.14769,1.00007,0.000457
89,3719.15464,0.999319,0.000457
89,3719.16158,1.000291,0.000457
89,3719.16853,1.00033,0.000457
89,3719.17547,0.999399,0.000457
89,3719.18242,0.999403,0.000456
89,3719.18936,0.999568,0.000456
89,3719.19631,1.000013,0.000456
89,3719.20325,0.999862,0.000456
89,3719.2102,0.999902,0.000456
89,3719.21714,0.999886,0.000456
89,3719.22408,1.000369,0.000456
89,3719.23103,0.999864,0.000456
89,3719.23797,0.999426,0.000455
89,3719.24492,1.000306,0.000455
89,3719.25186,0.999234,0.000455
89,3719.25881,0.999968,0.000455
89,3719.26575,1.000218,0.000455
89,3719.2727,0.999953,0.000455
89,3719.27964,0.999939,0.000454
89,3719.28659,0.999985,0.000454
89,3719.29353,1.000179,0.000454
89,3719.30048,1.000893,0.000454
89,3719.30742,0.999422,0.000454
89,3719.31437,1.000565,0.000454
89,3719.32131,1.000319,0.000454
89,3719.32825,1.000278,0.000454
89,3719.3352,0.999383,0.000454
89,3719.34214,1.000141,0.000454
89,3719.34909,0.999224,0.000453
89,3719.35603,1.000533,0.000453
89,3719.36298,1.000003,0.000453
89,3719.36992,1.000124,0.000453
89,3719.37687,1.000515,0.000453
89,3719.38381,0.999595,0.000453
89,3719.39076,0.999973,0.000453
89,3719.3977,0.99976,0.000453
89,3719.40465,1.000599,0.000453
89,3719.41159,0.999945,0.000453
89,3719.41854,0.999477,0.000453
89,3719.42548,1.00007,0.000453
89,3719.43242,1.000543,0.000453
89,3719.43937,1.000199,0.000453
89,3719.44631,1.000049,0.000453
89,3719.45326,0.999839,0.000453
89,3719.4602,0.999601,0.000453
89,3719.46715,0.999909,0.000453
89,3719.47409,1.000588,0.000454
89,3719.48104,1.000243,0.000454
89,3719.48798,1.000055,0.000454
89,3719.49493,1.000346,0.000454
89,3719.50187,0.999669,0.000454
89,3719.50882,1.000218,0.000454
89,3719.51576,1.0007,0.000454
89,3719.52271,0.999749,0.000454
89,3719.52965,0.999457,0.000454
89,3719.53659,1.000719,0.000454
89,3719.54354,1.000538,0.000454
89,3719.55048,0.9995,0.000454
89,3719.55743,1.000391,0.000454
89,3719.56437,1.000568,0.000454
89,3719.57132,1.000066,0.000453
89,3719.57826,0.999534,0.000453
89,3719.58521,0.999996,0.000453
89,3719.59215,1.00002,0.000453
89,3719.5991,1.000331,0.000453
89,3719.60604,0.999845,0.000453
89,3719.61299,0.999026,0.000453
89,3719.61993,1.000217,0.000452
89,3719.62688,0.999978,0.000452
89,3719.63382,1.000001,0.000452
89,3719.64076,1.000278,0.000452
89,3719.64771,1.000242,0.000452
89,3719.65465,0.999445,0.000452
89,3719.6616,0.999651,0.000452
89,3719.66854,0.999576,0.000452
89,3719.67549,1.000753,0.000451
89,3719.68243,0.999895,0.000452
89,3719.68938,1.000225,0.000452
89,3719.69632,0.999335,0.000451
89,3719.70327,0.999156,0.000452
89,3719.71021,1.000253,0.000452
89,3719.71716,1.001143,0.000452
89,3719.7241,0.999975,0.000452
89,3719.73104,0.999853,0.000452
89,3719.73799,1.000227,0.000453
89,3719.74493,1.000335,0.000453
89,3719.75188,0.999955,0.000453
89,3719.75882,1.0009,0.000453
89,3719.76577,0.999539,0.000453
89,3719.77271,0.999898,0.000453
89,3719.77966,0.999718,0.000453
89,3719.7866,1.000763,0.000454
89,3719.79355,1.000041,0.000454
89,3719.80049,1.000222,0.000454
89,3719.80744,1.000817,0.000454
89,3719.81438,0.999732,0.000454
89,3719.82133,1.000254,0.000454
89,3719.82827,0.999915,0.000454
89,3719.83521,0.999948,0.000454
89,3719.84216,0.999837,0.000454
89,3719.8491,0.99994,0.000454
89,3719.85605,0.999321,0.000454
89,3719.86299,1.001118,0.000454
89,3719.86994,0.999182,0.000454
89,3719.87688,0.9996,0.000454
89,3719.88383,0.998911,0.000453
89,3719.89077,0.998874,0.000453
89,3719.89772,0.999403,0.000453
89,3719.90466,0.999989,0.000453
89,3719.91161,0.999741,0.000453
89,3719.91855,0.99974,0.000453
89,3719.9255,0.999578,0.000453
89,3719.93244,0.999455,0.000453
89,3719.93938,0.999855,0.000453
89,3719.94633,1.00006,0.000453
89,3719.95327,1.00091,0.000453
89,3719.96022,1.000742,0.000453
89,3719.96716,1.000785,0.000453
89,3719.97411,0.999868,0.000453
89,3719.98105,1.00012,0.000453
89,3719.988,0.999328,0.000453
89,3719.99494,0.999843,0.000453
89,3720.00189,0.999918,0.000453
89,3720.00883,1.000592,0.000453
89,3720.01578,1.00013,0.000453
89,3720.02272,1.000864,0.000453
89,3720.02967,0.999606,0.000453
89,3720.03626,0.999715,0.000507
89,3720.04355,1.00017,0.000453
89,3720.0505,0.999976,0.000453
89,3720.05744,1.00091,0.000453
89,3720.06439,1.000239,0.000453
89,3720.07133,1.000538,0.000453
89,3720.07828,0.99936,0.000453
89,3720.08522,1.000284,0.000453
89,3720.09217,0.999196,0.000452
89,3720.09911,0.998794,0.000452
89,3720.10606,1.000094,0.000452
89,3720.113,1.000134,0.000452
89,3720.11995,0.999617,0.000452
89,3720.12689,0.999372,0.000452
89,3720.13384,1.000504,0.000452
89,3720.14078,1.000437,0.000451
89,3720.14772,0.999554,0.000451
89,3720.15467,1.000102,0.000451
89,3720.16161,0.999673,0.000451
89,3720.16856,0.999579,0.000451
89,3720.1755,1.000544,0.000451
89,3720.18245,1.000602,0.000451
89,3720.18939,0.999544,0.00045
89,3720.19634,0.999209,0.00045
89,3720.20328,1.000162,0.00045
89,3720.21023,1.000116,0.00045
89,3720.21717,1.000477,0.00045
89,3720.22412,0.999615,0.000449
89,3720.23106,1.000158,0.000449
89,3720.23801,0.99944,0.000449
89,3720.24495,1.000395,0.000449
89,3720.25189,1.000208,0.000449
89,3720.25884,1.000058,0.000449
89,3720.26578,0.998939,0.000448
89,3720.27273,1.000338,0.000448
89,3720.27967,1.000814,0.000448
89,3720.28662,0.999771,0.000448
89,3720.29356,1.000333,0.000448
89,3720.30051,0.999351,0.000447
89,3720.30745,0.999975,0.000447
89,3720.3144,1.000238,0.000447
89,3720.32134,0.998669,0.000446
89,3720.32829,0.999122,0.000446
89,3720.33523,1.000118,0.000446
89,3720.34218,1.000096,0.000446
89,3720.34912,0.999893,0.000445
89,3720.35606,1.000079,0.000445
89,3720.36301,0.999819,0.000445
89,3720.36995,0.99992,0.000444
89,3720.3769,1.000222,0.000444
89,3720.38384,0.999936,0.000444
89,3720.39079,1.000289,0.000444
89,3720.39773,1.000285,0.000444
89,3720.40468,1.000467,0.000443
89,3720.41162,0.999587,0.000443
89,3720.41857,0.99975,0.000443
89,3720.42551,1.000397,0.000443
89,3720.43246,0.999733,0.000443
89,3720.4394,1.000035,0.000443
89,3720.44635,1.000048,0.000442
89,3720.45329,0.999863,0.000442
89,3720.46023,1.001012,0.000442
89,3720.46718,1.000282,0.000442
89,3720.47412,0.999097,0.000442
89,3720.48142,1.00007,0.000494
89,3720.48801,0.999785,0.000442
89,3720.49496,0.999424,0.000442
89,3720.5019,1.000271,0.000442
89,3720.50885,0.999933,0.000441
89,3720.51579,1.000234,0.000441
89,3720.52274,1.000754,0.000441
89,3720.52968,0.999354,0.000441
89,3720.53663,0.999992,0.000441
89,3720.54357,1.000322,0.000441
89,3720.55051,0.999562,0.000441
89,3720.55746,0.999911,0.000441
89,3720.5644,0.999491,0.000441
89,3720.57135,0.999787,0.000441
89,3720.57829,1.000281,0.00044
89,3720.58524,0.99986,0.00044
89,3720.59218,0.998967,0.00044
89,3720.59913,1.000722,0.00044
89,3720.60607,1.00043,0.00044
89,3720.61302,1.000754,0.00044
89,3720.61996,1.00039,0.00044
89,3720.62691,0.999374,0.000439
89,3720.63385,1.000479,0.000439
89,3720.6408,1.000319,0.000439
89,3720.64774,1.000106,0.000439
89,3720.65468,1.000648,0.000439
89,3720.66163,1.000316,0.000439
89,3720.66857,0.999752,0.000439
89,3720.67552,1.00023,0.000439
89,3720.68246,0.999962,0.000439
89,3720.68941,1.000372,0.000438
89,3720.69635,1.000679,0.000439
89,3720.7033,1.000074,0.000439
89,3720.71024,1.000521,0.000438
89,3720.71719,0.999175,0.000438
89,3720.72413,1.000397,0.000438
89,3720.73038,0.999787,0.00049
89,3720.73802,0.999811,0.000438
89,3720.74497,0.999962,0.000438
89,3720.75191,0.999595,0.000438
89,3720.75885,0.999518,0.000438
89,3720.7658,1.000077,0.000438
89,3720.77274,0.999784,0.000438
89,3720.77969,0.999544,0.000438
89,3720.78663,0.999755,0.000438
89,3720.79358,1.000311,0.000438
89,3720.80052,1.000129,0.000438
89,3720.80747,0.999237,0.000438
89,3720.81441,1.000535,0.000438
89,3720.82136,0.999669,0.000438
89,3720.8283,0.999762,0.000438
89,3720.83525,0.999492,0.000438
89,3720.84219,1.000669,0.000438
89,3720.84914,1.000051,0.000438
89,3720.85608,1.000031,0.000438
89,3720.86302,0.999559,0.000438
89,3720.86997,0.999765,0.000438
89,3720.87691,0.999845,0.000438
89,3720.88386,0.999785,0.000438
89,3720.8908,1.000057,0.000437
89,3720.89775,1.000496,0.000438
89,3720.90469,0.999867,0.000437
89,3720.91164,1.000256,0.000437
89,3720.91858,1.00024,0.000438
89,3720.92553,1.000357,0.000437
89,3720.93247,0.999433,0.000437
89,3720.93942,1.000067,0.000437
89,3720.94636,0.999928,0.000437
89,3720.9533,0.999947,0.000437
89,3720.96025,0.999683,0.000437
89,3720.96719,0.999521,0.000437
89,3720.97414,1.001115,0.000437
89,3720.98108,1.0008,0.000437
89,3720.98803,1.000081,0.000437
89,3720.99497,1.000081,0.000437
89,3721.00192,0.999949,0.000437
89,3721.00886,0.999733,0.000437
89,3721.01581,1.000035,0.000437
89,3721.02275,1.000584,0.000437
89,3721.0297,1.000374,0.000437
89,3721.03664,1.000053,0.000437
89,3721.04359,0.999991,0.000437
89,3721.05053,0.999643,0.000437
89,3721.05747,0.999936,0.000437
89,3721.06442,1.000006,0.000437
89,3721.07136,1.000133,0.000437
89,3721.07831,0.999542,0.000437
89,3721.08525,1.000556,0.000437
89,3721.0922,0.999761,0.000437
89,3721.09914,0.999531,0.000437
89,3721.10609,1.000217,0.000437
89,3721.11303,1.000452,0.000437
89,3721.11998,1.000311,0.000437
89,3721.12692,0.99955,0.000437
89,3721.13387,0.999961,0.000437
89,3721.14081,1.000514,0.000437
89,3721.14776,0.999917,0.000437
89,3721.1547,0.999796,0.000437
89,3721.16164,0.999648,0.000437
89,3721.16859,0.999819,0.000437
89,3721.17553,0.999639,0.000437
89,3721.18248,0.999788,0.000437
89,3721.18942,0.99975,0.000437
89,3721.19637,1.00029,0.000437
89,3721.20331,1.000405,0.000437
89,3721.21026,1.000037,0.000437
89,3721.2172,1.000449,0.000437
89,3721.22415,0.999874,0.000437
89,3721.23109,1.00023,0.000437
89,3721.23804,0.999743,0.000437
89,3721.24498,0.999951,0.000437
89,3721.25192,0.999778,0.000436
89,3721.25887,0.999812,0.000436
89,3721.26581,1.000319,0.000436
89,3721.27276,1.0005,0.000437
89,3721.2797,1.000655,0.000436
89,3721.28665,1.000426,0.000436
89,3721.29359,1.000248,0.000436
89,3721.30054,0.999518,0.000436
89,3721.30748,1.000341,0.000436
89,3721.31443,0.999332,0.000436
89,3721.32137,1.000077,0.000436
89,3721.32832,1.000221,0.000436
89,3721.33526,1.000375,0.000436
89,3721.34221,0.999892,0.000436
89,3721.34915,1.000481,0.000436
89,3721.35679,1.000151,0.000488
89,3721.36304,1.000104,0.000436
89,3721.36998,1.000004,0.000436
89,3721.37693,1.000597,0.000436
89,3721.38387,0.999803,0.000436
89,3721.39082,0.999521,0.000436
89,3721.39776,0.999481,0.000436
89,3721.40471,1.001147,0.000436
89,3721.41165,0.99976,0.000436
89,3721.4186,1.000081,0.000436
89,3721.42554,0.999716,0.000436
89,3721.43249,0.999819,0.000436
89,3721.43943,0.999548,0.000436
89,3721.44638,0.99933,0.000436
89,3721.45332,0.999916,0.000436
89,3721.46026,1.001005,0.000436
89,3721.46721,0.999764,0.000436
89,3721.47415,1.000331,0.000436
89,3721.4811,0.998911,0.000436
89,3721.48804,0.999722,0.000436
89,3721.49499,1.000155,0.000436
89,3721.50193,1.000738,0.000436
89,3721.50888,0.999559,0.000436
89,3721.51582,0.999699,0.000436
89,3721.52277,1.000161,0.000436
89,3721.52971,1.000454,0.000436
89,3721.53666,1.000086,0.000436
89,3721.5436,1.000532,0.000436
89,3721.55054,0.999719,0.000436
89,3721.55749,1.000678,0.000436
89,3721.56443,0.999014,0.000436
89,3721.57138,1.000634,0.000436
89,3721.57832,0.999743,0.000436
89,3721.58527,1.00009,0.000436
89,3721.59221,0.999574,0.000436
89,3721.59916,1.00027,0.000436
89,3721.6061,1.00023,0.000436
89,3721.61305,1.000666,0.000436
89,3721.61999,0.999232,0.000436
89,3721.62694,1.000336,0.000436
89,3721.63388,1.000109,0.000436
89,3721.64083,0.999641,0.000436
89,3721.64777,1.000383,0.000436
89,3721.65471,0.9995,0.000436
89,3721.66166,0.999643,0.000435
89,3721.6686,0.99945,0.000435
89,3721.67555,1.000524,0.000436
89,3721.68249,1.000199,0.000436
89,3721.68944,0.999855,0.000435
89,3721.69638,1.000271,0.000435
89,3721.70333,1.000414,0.000435
89,3721.71027,0.999715,0.000435
89,3721.71722,1.00019,0.000435
89,3721.72416,0.999566,0.000435
89,3721.73111,1.000049,0.000435
89,3721.73805,0.999906,0.000435
89,3721.74499,0.999976,0.000435
89,3721.75194,0.999955,0.000435
89,3721.75888,1.001221,0.000435
89,3721.76583,0.99958,0.000435
89,3721.77277,0.999337,0.000435
89,3721.77972,0.999383,0.000435
89,3721.78666,0.999567,0.000435
89,3721.79361,1.000516,0.000435
89,3721.80055,0.999637,0.000435
89,3721.8075,0.9999,0.000435
89,3721.81444,1.000097,0.000435
89,3721.82139,1.000665,0.000435
89,3721.82833,1.000341,0.000435
89,3721.83528,0.999756,0.000435
89,3721.84222,0.999961,0.000435
89,3721.84986,0.999678,0.000486
89,3721.85611,0.999939,0.000435
89,3721.86305,1.000191,0.000435
89,3721.87,1.000407,0.000435
89,3721.87694,0.999878,0.000435
89,3721.88389,1.000008,0.000435
89,3721.89083,0.999856,0.000435
89,3721.89778,0.999575,0.000435
89,3721.90472,1.000607,0.000435
89,3721.91167,1.000553,0.000435
89,3721.91861,0.999839,0.000435
89,3721.92556,0.999244,0.000435
89,3721.9325,1.000068,0.000435
89,3721.93944,0.999826,0.000435
89,3721.94639,0.999596,0.000435
89,3721.95333,1.000061,0.000435
89,3721.96028,0.999717,0.000435
89,3721.96722,1.000595,0.000435
89,3721.97417,1.00016,0.000435
89,3721.98111,1.000358,0.000435
89,3721.98806,1.001127,0.000435
89,3721.995,0.999373,0.000435
89,3722.00195,0.999519,0.000435
89,3722.00889,0.999531,0.000435
89,3722.01584,0.999927,0.000435
89,3722.02278,1.000234,0.000435
89,3722.02973,0.999354,0.000435
89,3722.03667,0.999668,0.000435
89,3722.04361,0.999284,0.000435
89,3722.05056,1.000361,0.000435
89,3722.0575,0.999508,0.000435
89,3722.06445,1.000002,0.000435
89,3722.07139,1.000366,0.000435
89,3722.07834,0.999069,0.000435
89,3722.08528,0.999937,0.000435
89,3722.09223,1.000094,0.000435
89,3722.09917,1.000237,0.000435
89,3722.10612,0.999555,0.000435
89,3722.11306,1.000198,0.000435
89,3722.12001,1.000388,0.000435
89,3722.12695,1.001065,0.000435
89,3722.13389,1.000825,0.000435
89,3722.14084,1.000011,0.000435
89,3722.14778,1.000503,0.000435
89,3722.15473,1.000014,0.000435
89,3722.16167,1.000126,0.000435
89,3722.16862,1.000199,0.000434
89,3722.17556,0.999472,0.000434
89,3722.18251,0.999783,0.000434
89,3722.18945,0.999787,0.000435
89,3722.1964,1.000044,0.000435
89,3722.20334,1.0003,0.000435
89,3722.21029,0.999971,0.000434
89,3722.21723,1.000014,0.000434
89,3722.22418,0.999538,0.000434
89,3722.23112,0.999941,0.000434
89,3722.23806,1.000002,0.000434
89,3722.24501,0.999993,0.000434
89,3722.25195,1.000473,0.000434
89,3722.2589,1.000243,0.000435
89,3722.26584,0.999931,0.000435
89,3722.27279,1.000592,0.000434
89,3722.27973,1.000067,0.000434
89,3722.28668,1.000922,0.000435
89,3722.29362,1.00005,0.000434
89,3722.30057,1.00013,0.000434
89,3722.30751,0.999634,0.000434
89,3722.31446,0.999887,0.000434
89,3722.3214,0.999897,0.000434
89,3722.32834,0.9996,0.000434
89,3722.33529,0.999603,0.000434
89,3722.34223,0.999706,0.000434
89,3722.34918,0.999828,0.000434
89,3722.35612,0.999335,0.000434
89,3722.36307,0.999903,0.000434
89,3722.37001,0.999244,0.000434
89,3722.37696,0.999907,0.000434
89,3722.3839,1.000511,0.000434
89,3722.39085,0.99949,0.000434
89,3722.39779,0.999894,0.000434
89,3722.40474,0.999435,0.000434
89,3722.41168,0.999672,0.000434
89,3722.41863,0.999945,0.000434
89,3722.42557,1.000034,0.000434
89,3722.43251,0.999977,0.000434
89,3722.43946,1.000438,0.000434
89,3722.4464,1.000101,0.000434
89,3722.45335,0.999959,0.000434
89,3722.46029,1.000039,0.000434
89,3722.46724,1.000057,0.000434
89,3722.47418,0.99998,0.000434
89,3722.48113,0.999642,0.000434
89,3722.48807,1.000082,0.000434
89,3722.49502,0.999992,0.000434
89,3722.50196,0.999792,0.000434
89,3722.50891,1.000599,0.000434
89,3722.51585,1.000831,0.000434
89,3722.52279,0.999721,0.000434
89,3722.52974,1.00045,0.000434
89,3722.53668,1.000022,0.000434
89,3722.54363,1.000405,0.000434
89,3722.55057,0.999364,0.000434
89,3722.55752,0.999556,0.000434
89,3722.56446,1.001186,0.000434
89,3722.57141,0.99998,0.000434
89,3722.57835,1.000034,0.000434
89,3722.5853,1.000135,0.000434
89,3722.59224,1.000306,0.000434
89,3722.59919,1.00033,0.000434
89,3722.60613,0.999638,0.000434
89,3722.61308,1.000232,0.000434
89,3722.62002,0.999834,0.000434
89,3722.62696,1.000355,0.000434
89,3722.63391,1.00049,0.000434
89,3722.64085,1.000273,0.000434
89,3722.6478,1.00026,0.000434
89,3722.65474,0.999721,0.000434
89,3722.66169,0.999362,0.000434
89,3722.66863,1.000249,0.000434
89,3722.67558,1.000225,0.000434
89,3722.68252,1.00003,0.000434
89,3722.68947,0.999446,0.000434
89,3722.69641,0.999945,0.000434
89,3722.70336,1.000002,0.000434
89,3722.7103,1.000217,0.000434
89,3722.71724,1.000194,0.000434
89,3722.72419,1.000301,0.000434
89,3722.73113,1.000036,0.000434
89,3722.73808,0.999833,0.000434
89,3722.74502,0.999545,0.000434
89,3722.75197,1.000229,0.000434
89,3722.75891,0.999363,0.000434
89,3722.76586,0.999331,0.000434
89,3722.7728,1.000106,0.000434
89,3722.77975,0.998945,0.000434
89,3722.78669,0.999813,0.000434
89,3722.79364,0.99976,0.000434
89,3722.80058,1.000389,0.000434
89,3722.80753,0.999905,0.000434
89,3722.81447,1.000118,0.000434
89,3722.82141,0.999279,0.000434
89,3722.82836,1.000462,0.000434
89,3722.8353,0.999458,0.000434
89,3722.84225,0.999943,0.000434
89,3722.84919,1.000114,0.000434
89,3722.85614,0.999574,0.000434
89,3722.86308,1.00036,0.000434
89,3722.87003,0.99985,0.000434
89,3722.87697,0.999407,0.000434
89,3722.88392,1.000272,0.000434
89,3722.89086,0.999533,0.000434
89,3722.89781,1.000134,0.000434
89,3722.90475,0.999822,0.000434
89,3722.91169,1.000073,0.000434
89,3722.91864,1.0003,0.000434
89,3722.92558,1.000208,0.000434
89,3722.93253,1.000007,0.000434
89,3722.93947,1.000166,0.000434
89,3722.94642,1.000748,0.000434
89,3722.95336,1.000261,0.000434
89,3722.96031,1.000137,0.000434
89,3722.96725,0.999861,0.000434
89,3722.9742,0.999721,0.000434
89,3722.98114,0.999244,0.000434
89,3722.98809,1.000858,0.000434
89,3722.99503,0.999422,0.000434
89,3723.00197,1.000118,0.000434
89,3723.00892,1.000732,0.000434
89,3723.01586,1.000512,0.000434
89,3723.02281,0.999581,0.000434
89,3723.02975,1.000474,0.000434
89,3723.0367,0.999784,0.000434
89,3723.04364,0.999384,0.000434
89,3723.05059,1.000482,0.000434
89,3723.05753,0.999553,0.000434
89,3723.06448,1.000168,0.000434
89,3723.07142,0.999245,0.000434
89,3723.07837,0.999507,0.000434
89,3723.08531,1.00015,0.000434
89,3723.09226,1.000263,0.000434
89,3723.0992,0.999596,0.000434
89,3723.10614,0.999335,0.000434
89,3723.11309,0.999753,0.000433
89,3723.12003,1.000433,0.000434
89,3723.12698,1.000193,0.000434
89,3723.13392,0.999859,0.000434
89,3723.14087,1.000006,0.000434
89,3723.14781,1.000698,0.000434
89,3723.15476,0.999736,0.000434
89,3723.1617,1.000427,0.000434
89,3723.16865,0.999306,0.000434
89,3723.17559,1.00054,0.000434
89,3723.18254,0.999881,0.000434
89,3723.18948,1.000064,0.000434
89,3723.19642,1.000332,0.000434
89,3723.20337,0.999732,0.000434
89,3723.21031,0.999652,0.000434
89,3723.21726,1.000637,0.000434
89,3723.2242,1.000173,0.000434
89,3723.23115,1.00027,0.000434
89,3723.23809,0.999876,0.000434
89,3723.24504,0.999846,0.000433
89,3723.25198,1.000399,0.000434
89,3723.25893,0.999209,0.000433
89,3723.26587,1.000153,0.000434
89,3723.27282,0.999497,0.000433
89,3723.27976,1.000176,0.000434
89,3723.2867,1.000284,0.000434
89,3723.29365,1.000237,0.000434
89,3723.30059,0.999845,0.000433
89,3723.30754,0.999635,0.000433
89,3723.31448,0.999675,0.000434
89,3723.32143,1.000086,0.000433
89,3723.32837,0.998717,0.000433
89,3723.33532,0.999617,0.000433
89,3723.34226,0.999704,0.000433
89,3723.34921,0.999344,0.000433
89,3723.35615,0.99976,0.000433
89,3723.3631,1.000392,0.000433
89,3723.37004,0.999678,0.000433
89,3723.37699,0.9995,0.000434
89,3723.38393,0.999484,0.000433
89,3723.39087,1.000546,0.000433
89,3723.39712,0.999508,0.000485
89,3723.40476,0.99958,0.000433
89,3723.41171,0.999743,0.000433
89,3723.41865,0.9997,0.000433
89,3723.4256,1.000728,0.000434
89,3723.43254,1.000032,0.000433
89,3723.43949,0.999576,0.000434
89,3723.44643,1.000624,0.000434
89,3723.45338,1.000011,0.000433
89,3723.46032,1.000083,0.000434
89,3723.46727,1.000075,0.000433
89,3723.47421,0.999583,0.000433
89,3723.48115,0.999555,0.000433
89,3723.4881,1.000995,0.000434
89,3723.49504,1.000099,0.000433
89,3723.50199,0.999901,0.000433
89,3723.50893,1.000255,0.000434
89,3723.51588,1.000119,0.000433
89,3723.52282,1.000262,0.000433
89,3723.52977,1.000251,0.000433
89,3723.53671,1.000251,0.000433
89,3723.54366,0.999475,0.000433
89,3723.5506,1.000201,0.000433
89,3723.55755,1.000576,0.000433
89,3723.56449,1.000248,0.000433
89,3723.57143,1.000495,0.000433
89,3723.57838,1.000046,0.000433
89,3723.58532,1.000053,0.000433
89,3723.59227,1.000603,0.000433
89,3723.59852,0.999435,0.000485
89,3723.60616,0.999553,0.000433
89,3723.6131,0.999769,0.000433
89,3723.62005,0.999641,0.000433
89,3723.62699,1.000087,0.000433
89,3723.63394,0.999983,0.000433
89,3723.64088,0.999348,0.000433
89,3723.64783,0.999694,0.000433
89,3723.65477,1.000099,0.000433
89,3723.66171,0.999518,0.000433
89,3723.66866,0.999896,0.000433
89,3723.6756,0.999833,0.000433
89,3723.68255,1.000212,0.000433
89,3723.68949,0.999676,0.000433
89,3723.69644,1.00007,0.000433
89,3723.70338,0.999687,0.000433
89,3723.71033,0.999915,0.000433
89,3723.71727,1.000415,0.000433
89,3723.72422,1.000381,0.000433
89,3723.73116,1.000426,0.000433
89,3723.73811,0.999985,0.000433
89,3723.74505,1.000329,0.000433
89,3723.752,1.000072,0.000433
89,3723.75894,1.000236,0.000433
89,3723.76588,1.000359,0.000433
89,3723.77283,1.000345,0.000433
89,3723.77977,1.00075,0.000433
89,3723.78672,1.00036,0.000433
89,3723.79366,0.999694,0.000433
89,3723.80061,1.000095,0.000433
89,3723.80755,1.000298,0.000433
89,3723.8145,0.999894,0.000433
89,3723.82144,1.000143,0.000433
89,3723.82839,1.00071,0.000433
89,3723.83533,1.00032,0.000433
89,3723.84228,1.000214,0.000433
89,3723.84922,1.000418,0.000433
89,3723.85616,0.99946,0.000433
89,3723.86311,0.999151,0.000433
89,3723.87005,1.000031,0.000433
89,3723.877,1.000152,0.000433
89,3723.88394,1.000542,0.000433
89,3723.89089,1.000233,0.000433
89,3723.89783,0.99997,0.000433
89,3723.90478,1.000463,0.000433
89,3723.91172,1.000124,0.000433
89,3723.91867,1.000235,0.000433
89,3723.92561,1.000048,0.000433
89,3723.93256,0.999895,0.000433
89,3723.9395,0.999913,0.000433
89,3723.94644,1.000654,0.000433
89,3723.95339,1.000091,0.000433
89,3723.96033,0.999474,0.000433
89,3723.96728,1.0002,0.000433
89,3723.97422,0.999145,0.000433
89,3723.98117,1.000067,0.000433
89,3723.98811,0.999455,0.000433
89,3723.99506,0.999838,0.000433
89,3724.002,0.999777,0.000433
89,3724.00895,0.999277,0.000433
89,3724.01589,0.999942,0.000433
89,3724.02284,0.99991,0.000433
89,3724.02978,0.999595,0.000433
89,3724.03672,1.000219,0.000433
89,3724.04367,0.999595,0.000433
89,3724.05061,0.999093,0.000433
89,3724.05756,0.999666,0.000433
89,3724.0645,0.999718,0.000433
89,3724.07145,0.999314,0.000433
89,3724.07839,0.999744,0.000433
89,3724.08534,1.000294,0.000433
89,3724.09228,1.000214,0.000433
89,3724.09923,1.000491,0.000433
89,3724.10617,0.999685,0.000433
89,3724.11312,1.000109,0.000433
89,3724.12006,0.999707,0.000433
89,3724.12701,0.99995,0.000433
89,3724.13395,0.999575,0.000433
89,3724.14089,1.000623,0.000433
89,3724.14784,1.000031,0.000433
89,3724.15478,1.00004,0.000433
89,3724.16173,0.999889,0.000433
89,3724.16867,0.999607,0.000433
89,3724.17562,1.000611,0.000433
89,3724.18256,0.999778,0.000433
89,3724.18951,1.000328,0.000433
89,3724.19645,0.999627,0.000433
89,3724.2034,0.998982,0.000433
89,3724.21034,0.999968,0.000433
89,3724.21729,1.000077,0.000433
89,3724.22423,0.999975,0.000433
89,3724.23117,0.999979,0.000433
89,3724.23812,0.99974,0.000433
89,3724.24506,1.000018,0.000433
89,3724.25201,0.999559,0.000433
89,3724.25895,0.999955,0.000433
89,3724.2659,1.000479,0.000433
89,3724.27284,0.999682,0.000433
89,3724.27979,1.000314,0.000433
89,3724.28673,0.999724,0.000433
89,3724.29368,0.999773,0.000433
89,3724.30062,1.00027,0.000433
89,3724.30757,1.000986,0.000433
89,3724.31451,0.999366,0.000433
89,3724.32145,1.000071,0.000433
89,3724.3284,0.999796,0.000433
89,3724.33534,1.000202,0.000433
89,3724.34229,0.999471,0.000433
89,3724.34923,1.000351,0.000433
89,3724.35618,1.000669,0.000433
89,3724.36312,1.000151,0.000433
89,3724.37007,1.000634,0.000433
89,3724.37701,1.000249,0.000433
89,3724.38396,1.000601,0.000433
89,3724.3909,1.001007,0.000433
89,3724.39785,0.999121,0.000433
89,3724.40479,1.00028,0.000433
89,3724.41173,1.000709,0.000433
89,3724.41903,0.999944,0.000484
89,3724.42562,1.000165,0.000433
89,3724.43257,1.000063,0.000433
89,3724.43951,1.000087,0.000433
89,3724.44646,1.000816,0.000433
89,3724.4534,1.000377,0.000433
89,3724.46035,0.999834,0.000433
89,3724.46729,1.000886,0.000433
89,3724.47424,1.00002,0.000433
89,3724.48118,1.000292,0.000433
89,3724.48813,1.000339,0.000433
89,3724.49507,0.999153,0.000433
89,3724.50201,0.999413,0.000433
89,3724.50896,1.000349,0.000433
89,3724.5159,0.999729,0.000433
89,3724.52285,0.999336,0.000433
89,3724.52979,0.999622,0.000433
89,3724.53674,1.000266,0.000433
89,3724.54368,0.999688,0.000433
89,3724.55063,0.999826,0.000433
89,3724.55757,0.999302,0.000433
89,3724.56452,0.998957,0.000433
89,3724.57146,1.000038,0.000433
89,3724.57841,1.000139,0.000433
89,3724.58535,1.000172,0.000433
89,3724.59229,0.999752,0.000433
89,3724.59924,1.000421,0.000433
89,3724.60618,0.999471,0.000433
89,3724.61313,1.000279,0.000433
89,3724.62007,0.999858,0.000433
89,3724.62702,1.000235,0.000433
89,3724.63396,1.000466,0.000433
89,3724.64091,0.999626,0.000433
89,3724.64785,0.999167,0.000433
89,3724.6548,0.99967,0.000433
89,3724.66174,1.00014,0.000433
89,3724.66869,1.000176,0.000433
89,3724.67563,1.000821,0.000433
89,3724.68258,1.000158,0.000433
89,3724.68952,1.000102,0.000433
89,3724.69646,1.000022,0.000433
89,3724.70341,1.000053,0.000433
89,3724.71035,0.99996,0.000433
89,3724.7173,0.999985,0.000433
89,3724.72424,0.999829,0.000433
89,3724.73119,0.999727,0.000433
89,3724.73813,0.999718,0.000433
89,3724.74508,1.000296,0.000433
89,3724.75202,1.000097,0.000433
89,3724.75897,0.999604,0.000433
89,3724.76591,1.000087,0.000433
89,3724.77286,1.000485,0.000433
89,3724.7798,0.999931,0.000433
89,3724.78674,1.000041,0.000433
89,3724.79369,0.999892,0.000433
89,3724.80063,1.000806,0.000433
89,3724.80758,1.000871,0.000433
89,3724.81452,0.999948,0.000433
89,3724.82147,1.000583,0.000433
89,3724.82841,0.99908,0.000433
89,3724.83536,1.000004,0.000433
89,3724.8423,0.99945,0.000433
89,3724.84925,0.999599,0.000433
89,3724.85619,1.000472,0.000433
89,3724.86314,1.000469,0.000433
89,3724.87008,0.999536,0.000433
89,3724.87702,0.999665,0.000433
89,3724.88397,0.998899,0.000433
89,3724.89091,0.999648,0.000433
89,3724.89786,1.00027,0.000433
89,3724.9048,0.999149,0.000433
89,3724.91175,0.999715,0.000433
89,3724.91869,1.000816,0.000433
89,3724.92564,1.000136,0.000433
89,3724.93258,0.999758,0.000433
89,3724.93953,1.000462,0.000433
89,3724.94647,1.000995,0.000433
89,3724.95342,0.999876,0.000433
89,3724.96036,0.999767,0.000433
89,3724.9673,0.999711,0.000433
89,3724.97425,1.000329,0.000433
89,3724.98119,1.000107,0.000433
89,3724.98814,0.999735,0.000433
89,3724.99508,1.000163,0.000433
89,3725.00203,0.999827,0.000433
89,3725.00897,0.999951,0.000433
89,3725.01592,0.999488,0.000433
89,3725.02286,0.999618,0.000433
89,3725.02981,1.000268,0.000433
89,3725.03675,0.999585,0.000433
89,3725.0437,0.999919,0.000433
89,3725.05064,0.999728,0.000433
89,3725.05758,0.999327,0.000433
89,3725.06453,0.999588,0.000433
89,3725.07147,0.999828,0.000433
89,3725.07842,0.999635,0.000433
89,3725.08536,1.000458,0.000433
89,3725.09231,1.000434,0.000433
89,3725.09925,0.999702,0.000433
89,3725.1062,1.000511,0.000433
89,3725.11314,0.999135,0.000433
89,3725.12009,0.999892,0.000433
89,3725.12703,1.000036,0.000433
89,3725.13398,0.99911,0.000433
89,3725.14092,1.00049,0.000433
89,3725.14786,0.999835,0.000433
89,3725.15481,1.000545,0.000433
89,3725.16175,0.999559,0.000433
89,3725.1687,0.999971,0.000433
89,3725.17564,0.999944,0.000433
89,3725.18259,1.000361,0.000433
89,3725.18953,0.999931,0.000433
89,3725.19648,1.000682,0.000433
89,3725.20342,1.00083,0.000433
89,3725.21037,0.99986,0.000433
89,3725.21731,0.999744,0.000433
89,3725.22426,0.999757,0.000433
89,3725.2312,1.00007,0.000433
89,3725.23814,0.999952,0.000433
89,3725.24509,1.000039,0.000433
89,3725.25203,1.000221,0.000433
89,3725.25898,1.000698,0.000433
89,3725.26592,0.999743,0.000433
89,3725.27287,0.999825,0.000433
89,3725.27981,1.000211,0.000433
89,3725.28676,0.99984,0.000433
89,3725.2937,0.99992,0.000433
89,3725.30065,1.000764,0.000433
89,3725.30759,1.00057,0.000433
89,3725.31454,1.000128,0.000433
89,3725.32148,1.000335,0.000433
89,3725.32842,0.999837,0.000433
89,3725.33537,1.000246,0.000433
89,3725.34231,0.999606,0.000433
89,3725.34926,0.999873,0.000433
89,3725.3562,1.000461,0.000433
89,3725.36315,0.999985,0.000433
89,3725.37009,1.000051,0.000433
89,3725.37704,0.999842,0.000433
89,3725.38398,0.999431,0.000433
89,3725.39093,1.000555,0.000433
89,3725.39787,0.999918,0.000433
89,3725.40482,1.000081,0.000433
89,3725.41176,1.000177,0.000433
89,3725.4187,1.00014,0.000433
89,3725.42565,0.999814,0.000433
89,3725.43259,1.000762,0.000433
89,3725.43954,0.999565,0.000433
89,3725.44648,1.000538,0.000433
89,3725.45343,0.999744,0.000433
89,3725.46037,0.999838,0.000433
89,3725.46732,1.000506,0.000433
89,3725.47426,0.999802,0.000433
89,3725.4819,0.999727,0.000484
89,3725.48815,1.000137,0.000433
89,3725.4951,1.00048,0.000433
89,3725.50204,0.999866,0.000433
89,3725.50898,0.999333,0.000433
89,3725.51593,1.00041,0.000433
89,3725.52287,1.000334,0.000433
89,3725.52982,1.00032,0.000433
89,3725.53676,0.999831,0.000433
89,3725.54371,1.000015,0.000433
89,3725.54787,1.001136,0.000968
89,3725.76663,1.000882,0.000484
89,3725.77288,0.999355,0.000433
89,3725.77982,0.998973,0.000433
89,3725.78677,0.999905,0.000433
89,3725.79371,1.00027,0.000433
89,3725.80066,0.99945,0.000433
89,3725.8076,1.00072,0.000433
89,3725.81455,0.99956,0.000433
89,3725.82149,1.000265,0.000433
89,3725.82844,1.000298,0.000433
89,3725.83538,1.000146,0.000433
89,3725.84233,1.00049,0.000433
89,3725.84927,1.00065,0.000433
89,3725.85622,1.000442,0.000433
89,3725.86316,1.000117,0.000433
89,3725.8701,1.000673,0.000433
89,3725.87705,1.000071,0.000433
89,3725.88399,0.999626,0.000433
89,3725.89094,1.00029,0.000433
89,3725.89788,1.000321,0.000433
89,3725.90483,1.000238,0.000433
89,3725.91177,1.000049,0.000433
89,3725.91872,0.999666,0.000433
89,3725.92566,1.0001,0.000433
89,3725.93261,1.000034,0.000433
89,3725.93955,0.999785,0.000433
89,3725.9465,1.000097,0.000433
89,3725.95344,0.99967,0.000433
89,3725.96038,0.999867,0.000433
89,3725.96733,0.999848,0.000433
89,3725.97427,0.999788,0.000433
89,3725.98122,0.99922,0.000433
89,3725.98816,0.999663,0.000433
89,3725.99511,0.99989,0.000433
89,3726.00205,1.000205,0.000433
89,3726.009,0.999422,0.000433
89,3726.01594,0.999669,0.000433
89,3726.02289,0.999295,0.000433
89,3726.02983,0.999334,0.000433
89,3726.03678,0.999941,0.000433
89,3726.04372,0.999654,0.000433
89,3726.05066,0.999893,0.000433
89,3726.05761,1.000261,0.000433
89,3726.06455,0.999961,0.000433
89,3726.0715,1.0002,0.000433
89,3726.07844,1.000303,0.000433
89,3726.08539,1.000676,0.000433
89,3726.09233,0.999977,0.000433
89,3726.09928,1.000256,0.000433
89,3726.10622,1.000565,0.000433
89,3726.11317,0.999804,0.000433
89,3726.12011,0.999912,0.000433
89,3726.12706,1.000109,0.000433
89,3726.134,0.999558,0.000433
89,3726.14094,1.000416,0.000433
89,3726.14789,0.999779,0.000433
89,3726.15483,0.99993,0.000433
89,3726.16178,0.99983,0.000433
89,3726.16872,1.000847,0.000433
89,3726.17567,0.999709,0.000433
89,3726.18261,0.999722,0.000433
89,3726.18956,0.999633,0.000433
89,3726.1965,1.00032,0.000433
89,3726.20345,0.999437,0.000433
89,3726.21039,0.99997,0.000433
89,3726.21734,0.999335,0.000433
89,3726.22428,1.000672,0.000433
89,3726.23122,0.999495,0.000433
89,3726.23817,1.000104,0.000433
89,3726.24511,0.999922,0.000433
89,3726.25206,0.999056,0.000433
89,3726.259,1.000191,0.000433
89,3726.26595,1.000809,0.000433
89,3726.27289,1.000491,0.000433
89,3726.27984,0.999924,0.000433
89,3726.28678,0.999669,0.000433
89,3726.29373,1.000069,0.000433
89,3726.30067,0.999694,0.000433
89,3726.30762,1.000103,0.000433
89,3726.31456,0.999393,0.000433
89,3726.3215,1.00029,0.000433
89,3726.32845,0.999246,0.000433
89,3726.33539,1.00049,0.000433
89,3726.34234,1.000073,0.000433
89,3726.34928,1.000223,0.000433
89,3726.35623,1.000674,0.000433
89,3726.36317,1.000565,0.000433
89,3726.37012,0.999727,0.000433
89,3726.37706,0.999616,0.000433
89,3726.38401,0.999051,0.000433
89,3726.39095,1.000601,0.000433
89,3726.3979,1.000102,0.000433
89,3726.40484,1.000326,0.000433
89,3726.41178,1.000524,0.000433
89,3726.41873,0.999971,0.000433
89,3726.42567,1.000105,0.000433
89,3726.43262,0.999478,0.000433
89,3726.43956,0.99969,0.000433
89,3726.44651,0.99997,0.000433
89,3726.45345,0.999625,0.000433
89,3726.4604,0.999986,0.000433
89,3726.46734,1.000044,0.000433
89,3726.47429,1.000284,0.000433
89,3726.48123,0.999368,0.000433
89,3726.48818,1.000196,0.000433
89,3726.49512,1.000062,0.000433
89,3726.50206,1.000116,0.000433
89,3726.50901,1.000439,0.000433
89,3726.51595,0.999904,0.000433
89,3726.5229,0.999833,0.000433
89,3726.52984,0.999274,0.000433
89,3726.53679,0.999614,0.000433
89,3726.54373,0.999501,0.000433
89,3726.55068,1.000183,0.000433
89,3726.55762,1.000099,0.000433
89,3726.56457,1.000544,0.000433
89,3726.57151,1.000263,0.000433
89,3726.57845,1.000009,0.000433
89,3726.5854,1.000089,0.000433
89,3726.59234,0.999518,0.000433
89,3726.59929,0.999859,0.000433
89,3726.60623,1.000348,0.000433
89,3726.61318,0.999124,0.000433
89,3726.62012,0.999723,0.000433
89,3726.62707,0.999263,0.000433
89,3726.63401,0.999638,0.000433
89,3726.64096,0.999819,0.000433
89,3726.6479,1.000286,0.000433
89,3726.65485,1.000226,0.000433
89,3726.66179,1.000121,0.000433
89,3726.66873,0.999349,0.000433
89,3726.67568,0.99992,0.000433
89,3726.68262,0.999458,0.000433
89,3726.68957,0.99957,0.000433
89,3726.69651,0.999138,0.000433
89,3726.70346,0.999952,0.000433
89,3726.7104,0.999775,0.000433
89,3726.71735,1.000427,0.000433
89,3726.72429,0.999932,0.000433
89,3726.73124,1.001082,0.000433
89,3726.73818,0.999688,0.000433
89,3726.74513,1.000028,0.000433
89,3726.75207,1.000676,0.000433
89,3726.75901,0.999374,0.000433
89,3726.76596,1.000086,0.000433
89,3726.7729,0.999483,0.000433
89,3726.77985,1.000824,0.000433
89,3726.78679,0.999995,0.000433
89,3726.79374,1.00057,0.000433
89,3726.80068,1.000621,0.000433
89,3726.80763,1.000449,0.000433
89,3726.81457,1.000095,0.000433
89,3726.82152,0.999803,0.000433
89,3726.82846,1.000536,0.000433
89,3726.83541,0.999129,0.000433
89,3726.84235,1.000631,0.000433
89,3726.84929,1.0007,0.000433
89,3726.85624,1.000318,0.000433
89,3726.86318,1.000442,0.000433
89,3726.87013,0.999893,0.000433
89,3726.87707,0.999267,0.000433
89,3726.88402,1.000157,0.000433
89,3726.89096,1.000656,0.000433
89,3726.89791,1.000255,0.000433
89,3726.90485,1.000205,0.000433
89,3726.9118,1.000149,0.000433
89,3726.91874,1.000228,0.000433
89,3726.92569,0.999656,0.000433
89,3726.93263,1.000873,0.000433
89,3726.93957,0.999904,0.000433
89,3726.94652,0.999876,0.000433
89,3726.95346,1.000312,0.000433
89,3726.96041,0.999819,0.000433
89,3726.96735,1.0005,0.000433
89,3726.9743,1.000503,0.000433
89,3726.98124,1.000521,0.000433
89,3726.98819,1.000101,0.000433
89,3726.99513,0.999872,0.000433
89,3727.00208,0.99977,0.000433
89,3727.00902,0.999898,0.000433
89,3727.01597,0.999975,0.000433
89,3727.02291,0.999931,0.000433
89,3727.02985,1.000388,0.000433
89,3727.0368,0.999659,0.000433
89,3727.04374,0.999409,0.000433
89,3727.05069,1.000107,0.000433
89,3727.05763,1.000326,0.000433
89,3727.06458,0.999849,0.000433
89,3727.07152,1.000233,0.000433
89,3727.07847,1.000958,0.000433
89,3727.08541,1.000035,0.000433
89,3727.09236,1.000145,0.000433
89,3727.0993,0.999583,0.000433
89,3727.10624,0.999558,0.000433
89,3727.11319,1.000035,0.000433
89,3727.12013,1.001203,0.000433
89,3727.12708,1.000102,0.000433
89,3727.13402,1.000107,0.000433
89,3727.14097,0.999694,0.000433
89,3727.14791,1.000032,0.000433
89,3727.15486,0.999686,0.000433
89,3727.1618,1.0006,0.000433
89,3727.16875,0.998739,0.000433
89,3727.17569,0.999984,0.000433
89,3727.18264,0.999982,0.000433
89,3727.18958,1.000338,0.000433
89,3727.19652,1.000096,0.000433
89,3727.20347,0.999767,0.000433
89,3727.21041,0.999271,0.000433
89,3727.21736,1.000096,0.000433
89,3727.2243,0.999539,0.000433
89,3727.23125,0.999893,0.000433
89,3727.23819,0.999449,0.000433
89,3727.24514,0.99962,0.000433
89,3727.25208,0.999167,0.000433
89,3727.25903,1.00028,0.000433
89,3727.26597,0.998551,0.000432
89,3727.27292,0.999384,0.000433
89,3727.27986,0.999566,0.000433
89,3727.2868,0.999736,0.000433
89,3727.29375,0.999348,0.000433
89,3727.30069,1.000342,0.000433
89,3727.30764,0.999518,0.000433
89,3727.31458,0.999612,0.000433
89,3727.32153,0.999679,0.000433
89,3727.32847,0.999615,0.000433
89,3727.33542,0.999409,0.000433
89,3727.34236,0.999464,0.000433
89,3727.34931,0.999694,0.000433
89,3727.35625,0.999771,0.000433
89,3727.3632,0.999874,0.000433
89,3727.37014,1.000202,0.000433
89,3727.37708,0.99966,0.000433
89,3727.38403,1.000856,0.000433
89,3727.39097,1.000324,0.000433
89,3727.39792,0.998766,0.000433
89,3727.40486,1.000064,0.000433
89,3727.41181,1.000589,0.000433
89,3727.41875,1.000902,0.000433
89,3727.4257,1.000416,0.000433
89,3727.43264,1.000749,0.000433
89,3727.43959,1.000226,0.000433
89,3727.44653,1.000715,0.000433
89,3727.45348,1.000402,0.000433
89,3727.46042,0.999491,0.000433
89,3727.46736,0.999875,0.000433
89,3727.47431,1.000395,0.000433
89,3727.48125,1.000174,0.000433
89,3727.4882,1.001213,0.000433
89,3727.49514,0.999996,0.000433
89,3727.50209,0.999635,0.000433
89,3727.50903,0.999604,0.000433
89,3727.51598,0.999924,0.000433
89,3727.52292,1.000348,0.000433
89,3727.52987,1.000106,0.000433
89,3727.53681,1.000609,0.000433
89,3727.54306,0.99986,0.000484
89,3727.5507,0.999753,0.000433
89,3727.55764,1.000043,0.000433
89,3727.56459,1.000235,0.000433
89,3727.57153,1.000311,0.000433
89,3727.57848,0.999491,0.000433
89,3727.58542,1.000478,0.000433
89,3727.59237,1.000445,0.000433
89,3727.59931,0.99977,0.000433
89,3727.60626,0.999556,0.000433
89,3727.6132,0.99988,0.000433
89,3727.62015,1.000329,0.000433
89,3727.62709,0.999188,0.000433
89,3727.63403,1.000074,0.000433
89,3727.64098,1.000797,0.000433
89,3727.64792,1.000436,0.000433
89,3727.65487,0.99962,0.000433
89,3727.66181,1.000122,0.000433
89,3727.66876,0.999679,0.000432
89,3727.6757,1.000488,0.000433
89,3727.68265,0.999846,0.000433
89,3727.68959,1.000228,0.000433
89,3727.69654,1.000239,0.000433
89,3727.70348,1.000042,0.000433
89,3727.71043,0.999577,0.000432
89,3727.71737,1.00023,0.000433
89,3727.72431,1.000381,0.000433
89,3727.73126,0.99988,0.000433
89,3727.7382,0.999683,0.000433
89,3727.74515,1.000661,0.000433
89,3727.75209,0.999611,0.000432
89,3727.75904,1.000258,0.000433
89,3727.76598,1.000705,0.000433
89,3727.77293,0.9998,0.000432
89,3727.77987,1.000221,0.000433
89,3727.78682,1.000159,0.000433
89,3727.79376,1.000395,0.000433
89,3727.80071,0.99943,0.000433
89,3727.80765,0.999962,0.000433
89,3727.8139,1.000786,0.000484
89,3727.82154,0.999918,0.000433
89,3727.82848,0.99995,0.000433
89,3727.83543,0.999938,0.000432
89,3727.84237,0.999467,0.000432
89,3727.84932,0.999512,0.000433
89,3727.85626,0.99938,0.000432
89,3727.86321,1.000182,0.000433
89,3727.87015,0.99971,0.000433
89,3727.8771,1.000939,0.000433
89,3727.88404,1.000058,0.000433
89,3727.89098,1.000099,0.000432
89,3727.89793,1.000003,0.000432
89,3727.90487,1.000623,0.000432
89,3727.91182,1.000499,0.000433
89,3727.91876,1.000356,0.000433
89,3727.92571,1.000566,0.000432
89,3727.93265,0.999796,0.000432
89,3727.9396,0.999773,0.000433
89,3727.94654,1.000015,0.000433
89,3727.95349,1.000311,0.000433
89,3727.96043,1.000748,0.000433
89,3727.96738,0.999874,0.000433
89,3727.97432,0.999926,0.000432
89,3727.98126,0.999996,0.000433
89,3727.98821,1.001267,0.000433
89,3727.99515,0.999841,0.000433
89,3728.0021,1.000329,0.000433
89,3728.00904,1.000604,0.000433
89,3728.01599,0.999077,0.000432
89,3728.02293,1.000342,0.000433
89,3728.02988,0.99965,0.000433
89,3728.03682,0.999804,0.000432
89,3728.04377,0.999964,0.000433
89,3728.05071,1.000218,0.000433
89,3728.05766,0.999671,0.000432
89,3728.0646,0.999724,0.000432
89,3728.07154,1.00042,0.000433
89,3728.07849,0.999599,0.000432
89,3728.08543,0.999753,0.000432
89,3728.09238,0.999669,0.000432
89,3728.09932,1.000246,0.000433
89,3728.10627,1.000103,0.000433
89,3728.11321,1.000515,0.000432
89,3728.12016,0.999803,0.000433
89,3728.1271,1.000145,0.000433
89,3728.13405,1.000491,0.000433
89,3728.14099,0.999559,0.000432
89,3728.14793,0.999193,0.000433
89,3728.15488,0.999505,0.000432
89,3728.16182,0.999412,0.000432
89,3728.16877,0.999409,0.000432
89,3728.17571,0.999917,0.000432
89,3728.18266,0.999726,0.000432
89,3728.1896,0.999772,0.000432
89,3728.19655,0.99989,0.000432
89,3728.20349,0.999783,0.000432
89,3728.21044,0.999366,0.000433
89,3728.21738,1.000329,0.000432
89,3728.22433,1.000284,0.000433
89,3728.23127,1.000469,0.000432
89,3728.23821,0.999958,0.000432
89,3728.24516,1.000022,0.000432
89,3728.2521,0.99926,0.000432
89,3728.25905,0.999778,0.000432
89,3728.26599,0.999833,0.000432
89,3728.27294,1.000175,0.000432
89,3728.27988,1.000733,0.000433
89,3728.28683,1.000107,0.000433
89,3728.29377,1.000772,0.000432
89,3728.30072,0.999309,0.000432
89,3728.30766,1.001307,0.000433
89,3728.31461,1.000083,0.000433
89,3728.32155,0.999491,0.000432
89,3728.32849,1.000215,0.000433
89,3728.33544,0.99985,0.000432
89,3728.34238,0.999544,0.000432
89,3728.34933,1.000165,0.000432
89,3728.35627,1.000556,0.000432
89,3728.36322,1.00008,0.000432
89,3728.37016,1.00008,0.000432
89,3728.37711,1.000465,0.000432
89,3728.38405,1.000534,0.000433
89,3728.391,0.999374,0.000432
89,3728.39794,1.000194,0.000432
89,3728.40488,1.00103,0.000433
89,3728.41183,0.999902,0.000432
89,3728.41877,0.99946,0.000432
89,3728.42572,1.000214,0.000432
89,3728.43266,1.000357,0.000432
89,3728.43961,0.999757,0.000432
89,3728.44655,1.000311,0.000433
89,3728.4535,1.000478,0.000432
89,3728.46044,1.000339,0.000432
89,3728.46739,1.000546,0.000432
89,3728.47433,1.000192,0.000432
89,3728.48128,1.000186,0.000432
89,3728.48822,1.000135,0.000432
89,3728.49516,0.999783,0.000432
89,3728.50211,0.999944,0.000432
89,3728.50905,1.000458,0.000433
89,3728.516,1.000601,0.000432
89,3728.52294,0.999374,0.000432
89,3728.52989,1.00001,0.000432
89,3728.53683,0.999191,0.000432
89,3728.54378,0.999591,0.000432
89,3728.55072,0.999676,0.000432
89,3728.55767,0.999383,0.000432
89,3728.56461,1.000544,0.000432
89,3728.57156,0.999458,0.000432
89,3728.5785,0.99937,0.000432
89,3728.58544,0.999836,0.000432
89,3728.59239,0.999931,0.000432
89,3728.59933,1.000011,0.000432
89,3728.60628,0.9994,0.000432
89,3728.61322,0.999679,0.000432
89,3728.62017,0.99999,0.000432
89,3728.62711,0.999962,0.000432
89,3728.63406,1.000278,0.000432
89,3728.641,0.99969,0.000432
89,3728.64795,1.000421,0.000432
89,3728.65489,1.000826,0.000432
89,3728.66183,0.99923,0.000432
89,3728.66878,1.000842,0.000432
89,3728.67572,0.999393,0.000432
89,3728.68267,0.999606,0.000432
89,3728.68961,0.99972,0.000432
89,3728.69656,0.999837,0.000432
89,3728.7035,0.999998,0.000432
89,3728.71045,1.000072,0.000432
89,3728.71739,0.999374,0.000432
89,3728.72434,0.999342,0.000432
89,3728.73128,0.999703,0.000432
89,3728.73823,1.000465,0.000432
89,3728.74517,1.000531,0.000432
89,3728.75177,1.000589,0.000483
89,3728.75906,1.000525,0.000432
89,3728.766,1.000139,0.000432
89,3728.77295,1.000805,0.000432
89,3728.77989,0.999301,0.000432
89,3728.78684,0.999491,0.000432
89,3728.79378,0.999358,0.000432
89,3728.80073,1.000245,0.000432
89,3728.80767,0.999981,0.000432
89,3728.81462,1.0,0.000432
89,3728.82156,1.000335,0.000432
89,3728.8285,0.999609,0.000432
89,3728.83545,0.998655,0.000432
89,3728.84239,0.999865,0.000432
89,3728.84934,1.000812,0.000432
89,3728.85628,0.999358,0.000432
89,3728.86323,0.999792,0.000432
89,3728.87017,0.998866,0.000432
89,3728.87712,0.999632,0.000432
89,3728.88406,1.000476,0.000432
89,3728.89101,1.001166,0.000432
89,3728.89795,0.999353,0.000432
89,3728.9049,1.000331,0.000432
89,3728.91184,0.999489,0.000432
89,3728.91878,0.99965,0.000432
89,3728.92573,1.000394,0.000432
89,3728.93267,1.000147,0.000432
89,3728.93962,1.000008,0.000432
89,3728.94656,1.000484,0.000432
89,3728.95351,1.000113,0.000432
89,3728.96045,1.001116,0.000432
89,3728.9674,1.000088,0.000432
89,3728.97434,1.000205,0.000432
89,3728.98129,1.000309,0.000432
89,3728.98823,1.000336,0.000432
89,3728.99518,1.000207,0.000432
89,3729.00212,0.999413,0.000432
89,3729.00906,1.000328,0.000432
89,3729.01601,1.000115,0.000432
89,3729.02295,0.999848,0.000432
89,3729.0299,1.000253,0.000432
89,3729.03684,0.999716,0.000432
89,3729.04379,1.000404,0.000432
89,3729.05073,0.999975,0.000432
89,3729.05768,1.001092,0.000432
89,3729.06462,0.999542,0.000432
89,3729.07157,1.000312,0.000432
89,3729.07851,1.000477,0.000432
89,3729.08545,1.000786,0.000432
89,3729.0924,0.999278,0.000432
89,3729.09934,1.0003,0.000432
89,3729.10629,1.000024,0.000432
89,3729.11323,0.999932,0.000432
89,3729.12018,0.999998,0.000432
89,3729.12712,0.999891,0.000432
89,3729.13407,0.999588,0.000432
89,3729.14101,1.000293,0.000432
89,3729.14796,1.000469,0.000432
89,3729.1549,0.99953,0.000432
89,3729.16185,0.999769,0.000432
89,3729.16879,0.999619,0.000432
89,3729.17573,0.999541,0.000432
89,3729.18268,1.000112,0.000432
89,3729.18997,0.999348,0.000483
89,3729.19657,0.999671,0.000432
89,3729.20351,0.998747,0.000432
89,3729.21046,0.999795,0.000432
89,3729.2174,0.999986,0.000432
89,3729.22435,1.000152,0.000432
89,3729.23129,0.999812,0.000432
89,3729.23824,0.999597,0.000432
89,3729.24518,1.000022,0.000432
89,3729.25212,0.999328,0.000432
89,3729.25907,0.999556,0.000432
89,3729.26601,1.000882,0.000432
89,3729.27296,1.001277,0.000432
89,3729.2799,0.999338,0.000432
89,3729.28685,1.00046,0.000432
89,3729.29379,1.000367,0.000432
89,3729.30074,0.999689,0.000432
89,3729.30768,1.000381,0.000432
89,3729.31463,0.999911,0.000432
89,3729.32157,0.999543,0.000432
89,3729.32852,1.000426,0.000432
89,3729.33546,0.999292,0.000432
89,3729.3424,0.999543,0.000432
89,3729.34935,0.999896,0.000432
89,3729.35629,1.000174,0.000432
89,3729.36324,1.000084,0.000432
89,3729.37018,1.000169,0.000432
89,3729.37713,1.00046,0.000432
89,3729.38407,0.999795,0.000432
89,3729.39102,1.000043,0.000432
89,3729.39796,1.00026,0.000432
89,3729.40491,1.000067,0.000432
89,3729.41185,1.000149,0.000432
89,3729.4188,1.0004,0.000432
89,3729.42574,0.999973,0.000432
89,3729.43268,0.999409,0.000432
89,3729.43963,1.000213,0.000432
89,3729.44657,1.000959,0.000432
89,3729.45352,0.999836,0.000432
89,3729.46046,1.000314,0.000432
89,3729.46741,0.999675,0.000432
89,3729.47435,1.000454,0.000432
89,3729.4813,0.999999,0.000432
89,3729.48824,0.999974,0.000432
89,3729.49519,1.000177,0.000432
89,3729.50213,0.999851,0.000432
89,3729.50907,0.999706,0.000432
89,3729.51602,0.999716,0.000432
89,3729.52296,0.999451,0.000432
89,3729.52991,1.000192,0.000432
89,3729.53685,0.999728,0.000432
89,3729.5438,1.00005,0.000432
89,3729.55074,1.000241,0.000432
89,3729.55769,1.000172,0.000432
89,3729.56463,0.999169,0.000432
89,3729.57158,0.999374,0.000432
89,3729.57852,0.999792,0.000432
89,3729.58547,0.999365,0.000432
89,3729.59241,0.999901,0.000432
89,3729.59935,0.999465,0.000432
89,3729.6063,0.999891,0.000432
89,3729.61324,0.999411,0.000432
89,3729.62019,0.999911,0.000432
89,3729.62713,1.000306,0.000432
89,3729.63408,0.999929,0.000432
89,3729.64102,1.000048,0.000432
89,3729.64797,0.999744,0.000432
89,3729.65491,1.000312,0.000432
89,3729.66186,0.999403,0.000432
89,3729.6688,0.999369,0.000432
89,3729.67574,0.999549,0.000432
89,3729.68269,0.999824,0.000432
89,3729.68963,1.000443,0.000432
89,3729.69658,0.999651,0.000432
89,3729.70352,1.000775,0.000432
89,3729.71047,0.999974,0.000432
89,3729.71741,0.999824,0.000432
89,3729.72436,1.00075,0.000432
89,3729.7313,1.000094,0.000432
89,3729.73825,1.000303,0.000432
89,3729.74519,0.999911,0.000432
89,3729.75214,1.000015,0.000432
89,3729.75908,0.999969,0.000432
89,3729.76602,1.000769,0.000432
89,3729.77297,1.000276,0.000432
89,3729.77991,0.999911,0.000432
89,3729.78686,1.000031,0.000432
89,3729.7938,1.000353,0.000432
89,3729.80075,0.999897,0.000432
89,3729.80769,0.99985,0.000432
89,3729.81464,1.000923,0.000432
89,3729.82158,1.000413,0.000432
89,3729.82853,1.000514,0.000432
89,3729.83547,1.000432,0.000432
89,3729.84241,1.000545,0.000432
89,3729.84936,1.000229,0.000432
89,3729.8563,0.999346,0.000432
89,3729.86325,0.999901,0.000432
89,3729.87019,1.000746,0.000432
89,3729.87714,1.000262,0.000432
89,3729.88408,1.00063,0.000432
89,3729.89103,0.999346,0.000432
89,3729.89797,1.000271,0.000432
89,3729.90492,0.999892,0.000432
89,3729.91186,0.999853,0.000432
89,3729.91881,0.999557,0.000432
89,3729.92575,1.000314,0.000432
89,3729.93269,0.999969,0.000432
89,3729.93964,1.000345,0.000432
89,3729.94658,1.000322,0.000432
89,3729.95353,0.999278,0.000432
89,3729.96047,0.999628,0.000432
89,3729.96742,1.000556,0.000432
89,3729.97436,1.000353,0.000432
89,3729.98131,0.999608,0.000432
89,3729.98825,1.000142,0.000432
89,3729.9952,0.999994,0.000432
89,3730.00214,1.000754,0.000432
89,3730.00908,1.000649,0.000432
89,3730.01603,0.99995,0.000432
89,3730.02297,0.999552,0.000432
89,3730.02992,0.999647,0.000432
89,3730.03686,0.999803,0.000432
89,3730.04381,1.000504,0.000432
89,3730.05075,1.00027,0.000432
89,3730.0577,1.00069,0.000432
89,3730.06464,0.999439,0.000432
89,3730.07159,0.999426,0.000432
89,3730.07853,1.000857,0.000432
89,3730.08548,0.999728,0.000432
89,3730.09242,0.99883,0.000432
89,3730.09936,1.000153,0.000483
89,3730.10631,1.00061,0.000432
89,3730.11325,0.999817,0.000432
89,3730.1202,0.999972,0.000432
89,3730.12714,0.999415,0.000432
89,3730.13409,0.999662,0.000432
89,3730.14103,0.999959,0.000432
89,3730.14798,0.999925,0.000432
89,3730.15492,0.999986,0.000432
89,3730.16187,0.999487,0.000432
89,3730.16881,1.000291,0.000432
89,3730.17575,0.999363,0.000432
89,3730.1827,1.000651,0.000432
89,3730.18964,1.000318,0.000432
89,3730.19659,0.999274,0.000432
89,3730.20353,1.000213,0.000432
89,3730.21048,0.999858,0.000432
89,3730.21742,0.999409,0.000432
89,3730.22437,1.000471,0.000432
89,3730.23131,1.00008,0.000432
89,3730.23826,1.000008,0.000432
89,3730.2452,0.999966,0.000432
89,3730.25215,0.999205,0.000432
89,3730.25909,0.999563,0.000432
89,3730.26603,0.999823,0.000432
89,3730.27298,0.9997,0.000432
89,3730.27992,0.999678,0.000432
89,3730.28687,1.000238,0.000432
89,3730.29381,1.000623,0.000432
89,3730.30076,1.000626,0.000432
89,3730.3077,0.999521,0.000432
89,3730.31465,0.999947,0.000432
89,3730.32159,1.000215,0.000432
89,3730.32854,1.000521,0.000432
89,3730.33548,0.999735,0.000432
89,3730.34242,1.000442,0.000432
89,3730.34937,1.00017,0.000432
89,3730.35631,1.000605,0.000432
89,3730.36326,0.999773,0.000432
89,3730.3702,0.999944,0.000432
89,3730.37715,1.000053,0.000432
89,3730.38409,0.999993,0.000432
89,3730.39104,1.000375,0.000432
89,3730.39798,0.999859,0.000432
89,3730.40493,1.000473,0.000432
89,3730.41187,1.000333,0.000432
89,3730.41881,0.999608,0.000432
89,3730.42576,0.999341,0.000432
89,3730.4327,0.999828,0.000432
89,3730.43965,1.000068,0.000432
89,3730.44659,1.000755,0.000432
89,3730.45354,1.00019,0.000432
89,3730.46048,0.999709,0.000432
89,3730.46743,0.999889,0.000432
89,3730.47437,1.000483,0.000432
89,3730.48132,1.000392,0.000432
89,3730.48826,0.999682,0.000432
89,3730.4959,1.00005,0.000483
89,3730.50215,0.999676,0.000432
89,3730.50909,0.999685,0.000432
89,3730.51604,1.000195,0.000432
89,3730.52298,1.000325,0.000432
89,3730.52993,0.999991,0.000432
89,3730.53687,1.000376,0.000432
89,3730.54382,0.999892,0.000432
89,3730.55076,0.999534,0.000432
89,3730.55771,0.9999,0.000432
89,3730.56465,0.999334,0.000432
89,3730.5716,0.999559,0.000432
89,3730.57854,1.000057,0.000432
89,3730.58548,0.999922,0.000432
89,3730.59243,1.000793,0.000432
89,3730.59937,1.000084,0.000432
89,3730.60632,0.999817,0.000432
89,3730.61326,1.000187,0.000432
89,3730.62021,0.999756,0.000432
89,3730.62715,1.000039,0.000432
89,3730.6341,0.999266,0.000432
89,3730.64104,0.999205,0.000432
89,3730.64799,0.999685,0.000432
89,3730.65493,1.000016,0.000432
89,3730.66188,1.000136,0.000432
89,3730.66882,0.999666,0.000432
89,3730.67576,1.000089,0.000432
89,3730.68271,0.999953,0.000432
89,3730.68965,0.999481,0.000432
89,3730.6966,0.999929,0.000432
89,3730.70354,0.999967,0.000432
89,3730.71049,1.00035,0.000432
89,3730.71743,1.000199,0.000432
89,3730.72438,0.999498,0.000432
89,3730.73132,0.998767,0.000432
89,3730.73827,1.000841,0.000432
89,3730.74521,1.000389,0.000432
89,3730.75215,0.99995,0.000432
89,3730.7591,1.000311,0.000432
89,3730.76604,0.99977,0.000432
89,3730.77299,0.999973,0.000432
89,3730.77993,0.999796,0.000432
89,3730.78688,1.000446,0.000432
89,3730.79382,1.000329,0.000432
89,3730.80077,1.000013,0.000432
89,3730.80771,1.000782,0.000432
89,3730.81466,1.00025,0.000432
89,3730.8216,1.000132,0.000432
89,3730.82855,1.000126,0.000432
89,3730.83549,1.000687,0.000432
89,3730.84243,0.999466,0.000432
89,3730.84938,0.999589,0.000432
89,3730.85632,1.000104,0.000432
89,3730.86327,1.000371,0.000432
89,3730.87021,1.000293,0.000432
89,3730.87716,0.998955,0.000432
89,3730.8841,1.000088,0.000432
89,3730.89105,0.999995,0.000432
89,3730.89799,0.999994,0.000432
89,3730.90494,1.000062,0.000432
89,3730.91188,0.99977,0.000432
89,3730.91882,0.999807,0.000432
89,3730.92577,1.00066,0.000432
89,3730.93271,0.999821,0.000432
89,3730.93966,0.999716,0.000432
89,3730.9466,1.00063,0.000432
89,3730.95355,0.999212,0.000432
89,3730.96049,1.000063,0.000432
89,3730.96744,0.999888,0.000432
89,3730.97438,1.000129,0.000432
89,3730.98133,0.999758,0.000432
89,3730.98827,1.000133,0.000432
89,3730.99521,0.999677,0.000432
89,3731.00216,0.999824,0.000432
89,3731.0091,0.999942,0.000432
89,3731.01605,0.999734,0.000432
89,3731.02299,1.000554,0.000432
89,3731.02994,0.999985,0.000432
89,3731.03688,1.000014,0.000432
89,3731.04383,1.000208,0.000432
89,3731.05077,1.000246,0.000432
89,3731.05772,0.99985,0.000432
89,3731.06466,1.000358,0.000432
89,3731.07161,0.99924,0.000432
89,3731.07855,1.000429,0.000432
89,3731.08549,1.000105,0.000432
89,3731.09244,0.999392,0.000432
89,3731.09938,1.000025,0.000432
89,3731.10633,0.999683,0.000432
89,3731.11327,0.999936,0.000432
89,3731.12022,1.000048,0.000432
89,3731.12716,0.999526,0.000432
89,3731.13411,0.999706,0.000432
89,3731.14105,0.999269,0.000432
89,3731.148,0.999639,0.000432
89,3731.15494,1.000559,0.000432
89,3731.16188,1.000032,0.000432
89,3731.16883,0.999406,0.000432
89,3731.17577,1.000615,0.000432
89,3731.18272,1.00019,0.000432
89,3731.18966,0.999749,0.000432
89,3731.19661,1.000174,0.000432
89,3731.20355,1.000399,0.000432
89,3731.2105,0.998926,0.000432
89,3731.21744,0.999594,0.000432
89,3731.22439,0.999835,0.000432
89,3731.23202,1.000271,0.000483
89,3731.23828,0.999726,0.000432
89,3731.24522,0.999859,0.000432
89,3731.25216,0.999562,0.000432
89,3731.25911,1.000448,0.000432
89,3731.26605,1.000091,0.000432
89,3731.273,1.000111,0.000432
89,3731.27994,0.99968,0.000432
89,3731.28689,1.000817,0.000432
89,3731.29383,1.000687,0.000432
89,3731.30078,1.000061,0.000432
89,3731.30772,0.999879,0.000432
89,3731.31467,0.999422,0.000432
89,3731.32161,0.999131,0.000432
89,3731.32855,0.999755,0.000432
89,3731.3355,1.000192,0.000432
89,3731.34244,1.000616,0.000432
89,3731.34939,0.999766,0.000432
89,3731.35633,1.000268,0.000432
89,3731.36328,1.000837,0.000432
89,3731.37022,0.999878,0.000432
89,3731.37717,0.99987,0.000432
89,3731.38411,0.999492,0.000432
89,3731.39106,1.000182,0.000432
89,3731.398,1.000323,0.000432
89,3731.40494,1.000041,0.000432
89,3731.41189,0.999989,0.000432
89,3731.41883,0.999558,0.000432
89,3731.42578,1.000696,0.000432
89,3731.43272,1.000723,0.000432
89,3731.43967,1.000172,0.000432
89,3731.44661,0.999455,0.000432
89,3731.45356,1.00025,0.000432
89,3731.4605,1.000326,0.000432
89,3731.46745,1.000927,0.000432
89,3731.47439,0.99982,0.000432
89,3731.48134,0.9991,0.000432
89,3731.48828,0.99979,0.000432
89,3731.49522,0.999783,0.000432
89,3731.50217,0.999611,0.000432
89,3731.50911,1.000892,0.000432
89,3731.51606,0.999758,0.000432
89,3731.523,1.000358,0.000432
89,3731.52995,1.00019,0.000432
89,3731.53689,1.000176,0.000432
89,3731.54384,0.999171,0.000432
89,3731.55078,0.999304,0.000432
89,3731.55773,0.99997,0.000432
89,3731.56467,0.999684,0.000432
89,3731.57161,0.99967,0.000432
89,3731.57856,0.999705,0.000432
89,3731.5855,1.000518,0.000432
89,3731.59245,1.000216,0.000432
89,3731.59939,1.000142,0.000432
89,3731.60634,0.99957,0.000432
89,3731.61328,0.999794,0.000432
89,3731.62023,1.000011,0.000432
89,3731.62717,1.00062,0.000432
89,3731.63412,1.000055,0.000432
89,3731.64106,0.99973,0.000432
89,3731.64835,1.00023,0.000483
89,3731.65495,0.999341,0.000432
89,3731.66189,0.999795,0.000432
89,3731.66884,0.999674,0.000432
89,3731.67578,0.998777,0.000432
89,3731.68273,1.000277,0.000432
89,3731.68967,0.999254,0.000432
89,3731.69662,0.999942,0.000432
89,3731.70356,1.000064,0.000432
89,3731.71051,0.999895,0.000432
89,3731.71745,1.000524,0.000432
89,3731.7244,0.999796,0.000432
89,3731.73134,1.000301,0.000432
89,3731.73828,0.99973,0.000432
89,3731.74523,0.999972,0.000432
89,3731.75217,1.000502,0.000433
89,3731.75912,0.99984,0.000432
89,3731.76606,1.00011,0.000433
89,3731.77301,0.999892,0.000432
89,3731.77995,0.999657,0.000433
89,3731.7869,1.001125,0.000433
89,3731.79384,1.00023,0.000432
89,3731.80079,1.000074,0.000433
89,3731.80773,1.000139,0.000432
89,3731.81467,0.999935,0.000432
89,3731.82162,0.999867,0.000433
89,3731.82856,1.000862,0.000433
89,3731.83551,1.000492,0.000433
89,3731.84245,0.999941,0.000433
89,3731.8494,1.000188,0.000433
89,3731.85634,1.000096,0.000433
89,3731.86329,1.000701,0.000433
89,3731.87023,1.000538,0.000433
89,3731.87718,0.999783,0.000433
89,3731.88412,0.99992,0.000433
89,3731.89106,1.000516,0.000433
89,3731.89836,0.998865,0.000484
89,3731.90495,0.999452,0.000433
89,3731.9119,0.99978,0.000433
89,3731.91884,1.000175,0.000433
89,3731.92579,1.000731,0.000433
89,3731.93273,1.000081,0.000433
89,3731.94037,1.000205,0.000484
89,3731.94662,0.999659,0.000433
89,3731.95357,0.999825,0.000433
89,3731.96051,1.000101,0.000433
89,3731.96746,0.999441,0.000433
89,3731.9744,0.999822,0.000433
89,3731.98134,0.999812,0.000433
89,3731.98829,1.000155,0.000433
89,3731.99523,0.999275,0.000433
89,3732.00218,0.9998,0.000433
89,3732.00912,1.000731,0.000433
89,3732.01607,1.000037,0.000433
89,3732.02301,0.999557,0.000433
89,3732.02996,0.999934,0.000433
89,3732.0369,1.000304,0.000433
89,3732.04385,0.999754,0.000433
89,3732.05079,1.00004,0.000434
89,3732.05773,1.000706,0.000434
89,3732.06468,1.000233,0.000434
89,3732.07162,1.000202,0.000434
89,3732.07926,1.000014,0.000485
89,3732.08551,1.000457,0.000434
89,3732.09246,0.999744,0.000434
89,3732.0994,1.000349,0.000434
89,3732.10635,1.000156,0.000434
89,3732.11329,1.000123,0.000434
89,3732.12024,1.000438,0.000434
89,3732.12718,0.999335,0.000434
89,3732.13412,1.000235,0.000434
89,3732.14107,0.999543,0.000434
89,3732.14801,1.000673,0.000435
89,3732.15496,0.999938,0.000435
89,3732.1619,0.999357,0.000435
89,3732.16885,1.000398,0.000435
89,3732.17579,0.999793,0.000435
89,3732.18274,0.99972,0.000435
89,3732.18968,0.999504,0.000435
89,3732.19663,0.999632,0.000435
89,3732.20357,0.999304,0.000435
89,3732.21052,0.999702,0.000435
89,3732.21746,0.999148,0.000435
89,3732.2244,1.000131,0.000435
89,3732.23135,0.999764,0.000435
89,3732.23829,0.999847,0.000435
89,3732.24524,1.000238,0.000435
89,3732.25218,1.000044,0.000435
89,3732.25913,0.999747,0.000435
89,3732.26607,0.99939,0.000435
89,3732.27302,0.999232,0.000435
89,3732.27996,0.999784,0.000435
89,3732.28691,0.999253,0.000435
89,3732.29385,1.000495,0.000436
89,3732.30079,1.00039,0.000436
89,3732.30774,1.000067,0.000435
89,3732.31468,0.99985,0.000436
89,3732.32163,1.000763,0.000436
89,3732.32857,0.999744,0.000436
89,3732.33552,0.999779,0.000436
89,3732.34246,1.000079,0.000436
89,3732.34941,1.000823,0.000436
89,3732.35635,0.999701,0.000436
89,3732.3633,1.000537,0.000436
89,3732.37024,0.999848,0.000436
89,3732.37718,1.000631,0.000436
89,3732.38413,1.000643,0.000436
89,3732.39107,1.000232,0.000436
89,3732.39802,0.999647,0.000436
89,3732.40496,0.999901,0.000436
89,3732.41191,0.999943,0.000436
89,3732.41851,1.000867,0.000488
89,3732.4258,0.999903,0.000436
89,3732.43274,1.000357,0.000436
89,3732.43969,0.999714,0.000436
89,3732.44663,1.000005,0.000436
89,3732.45358,0.999941,0.000436
89,3732.46052,0.999981,0.000436
89,3732.46746,1.000031,0.000436
89,3732.47441,0.999457,0.000436
89,3732.48135,1.000301,0.000437
89,3732.4883,0.999599,0.000437
89,3732.49524,1.000353,0.000437
89,3732.50219,0.99991,0.000437
89,3732.50913,1.000085,0.000437
89,3732.51608,1.000148,0.000437
89,3732.52302,1.001132,0.000437
89,3732.52997,0.999933,0.000437
89,3732.53691,1.00002,0.000437
89,3732.54385,1.000055,0.000437
89,3732.5508,1.000188,0.000437
89,3732.55774,0.999363,0.000437
89,3732.56469,1.000532,0.000437
89,3732.57163,1.000194,0.000437
89,3732.57858,0.999159,0.000437
89,3732.58552,0.999822,0.000437
89,3732.59247,0.99966,0.000437
89,3732.59941,0.999565,0.000437
89,3732.60636,0.999662,0.000438
89,3732.6133,0.999443,0.000438
89,3732.62024,1.000244,0.000438
89,3732.62719,0.999362,0.000438
89,3732.63413,0.999417,0.000438
89,3732.64108,0.999231,0.000438
89,3732.64802,1.000648,0.000438
89,3732.65497,0.99997,0.000438
89,3732.66191,0.999354,0.000438
89,3732.66886,0.999665,0.000438
89,3732.6758,0.999797,0.000438
89,3732.68275,1.000558,0.000438
89,3732.68969,1.000037,0.000438
89,3732.69663,1.000336,0.000439
89,3732.70358,0.999477,0.000438
89,3732.71052,1.000353,0.000439
89,3732.71747,1.000432,0.000439
89,3732.72441,1.000502,0.000439
89,3732.73136,0.999969,0.000439
89,3732.7383,0.999778,0.000439
89,3732.74525,0.998484,0.000439
89,3732.75219,1.000351,0.000439
89,3732.75914,0.999661,0.000439
89,3732.76608,1.000328,0.000439
89,3732.77303,0.999734,0.000439
89,3732.77962,1.000876,0.000491
89,3732.78691,0.999682,0.000439
89,3732.79386,0.999955,0.000439
89,3732.8008,0.999934,0.000439
89,3732.80775,1.000064,0.000439
89,3732.81469,1.000792,0.00044
89,3732.82164,0.999962,0.00044
89,3732.82893,1.000601,0.000491
89,3732.83553,0.999771,0.00044
89,3732.84247,1.000063,0.00044
89,3732.84942,1.00007,0.00044
89,3732.85636,1.000906,0.00044
89,3732.8633,1.000151,0.00044
89,3732.87025,0.999946,0.00044
89,3732.87719,1.000488,0.00044
89,3732.88414,0.999636,0.00044
89,3732.89108,0.999957,0.00044
89,3732.89803,0.999972,0.00044
89,3732.90497,0.999858,0.00044
89,3732.91192,1.000121,0.00044
89,3732.91886,1.000314,0.00044
89,3732.92581,0.99945,0.00044
89,3732.93275,0.999833,0.00044
89,3732.93969,0.999532,0.00044
89,3732.94664,0.999481,0.000569
89,3733.164,1.000051,0.000693
89,3733.16887,0.999983,0.000438
89,3733.17581,1.000448,0.000438
89,3733.18275,0.999648,0.000439
89,3733.1897,1.000228,0.000439
89,3733.19664,1.000525,0.000439
89,3733.20359,1.000478,0.000439
89,3733.21053,1.000349,0.000439
89,3733.21748,0.999739,0.000439
89,3733.22442,1.000421,0.000439
89,3733.23137,1.000187,0.000439
89,3733.23831,0.999545,0.000439
89,3733.24526,0.999718,0.000439
89,3733.2522,0.999719,0.000439
89,3733.25914,0.999999,0.000439
89,3733.26609,0.999805,0.000439
89,3733.27303,1.000253,0.000439
89,3733.27998,0.999833,0.000439
89,3733.28692,0.999749,0.000439
89,3733.29387,1.000325,0.000439
89,3733.30081,0.999475,0.000439
89,3733.30776,0.999743,0.000439
89,3733.3147,1.000168,0.000439
89,3733.32165,1.000069,0.000439
89,3733.32859,1.000004,0.000439
89,3733.33553,0.999548,0.000439
89,3733.34248,1.00021,0.000439
89,3733.34942,0.999976,0.000439
89,3733.35637,1.000037,0.000439
89,3733.36331,0.999688,0.000439
89,3733.37026,0.999308,0.000439
89,3733.3772,1.000469,0.00044
89,3733.38415,1.000132,0.00044
89,3733.39109,0.999598,0.00044
89,3733.39804,1.000387,0.00044
89,3733.40498,0.999858,0.00044
89,3733.41192,1.000156,0.00044
89,3733.41887,0.999728,0.00044
89,3733.42581,0.999581,0.00044
89,3733.43276,1.000517,0.00044
89,3733.4397,1.000075,0.00044
89,3733.44665,1.000523,0.00044
89,3733.45359,1.000657,0.00044
89,3733.46054,1.000243,0.00044
89,3733.46748,1.000459,0.00044
89,3733.47443,0.999731,0.00044
89,3733.48137,1.000472,0.00044
89,3733.48832,1.000928,0.00044
89,3733.49526,0.999714,0.00044
89,3733.5022,0.999949,0.00044
89,3733.50915,1.0002,0.00044
89,3733.51609,0.999288,0.00044
89,3733.52304,1.000107,0.00044
89,3733.52998,0.999822,0.00044
89,3733.53693,1.000752,0.00044
89,3733.54387,1.000592,0.00044
89,3733.55082,0.999624,0.00044
89,3733.55776,0.999981,0.00044
89,3733.56471,0.999623,0.00044
89,3733.57165,0.999442,0.00044
89,3733.57859,0.999937,0.00044
89,3733.58554,1.00024,0.000439
89,3733.59248,0.999401,0.000439
89,3733.59943,1.000303,0.000439
89,3733.60637,1.000275,0.000439
89,3733.61332,0.99924,0.000439
89,3733.62026,0.999957,0.000439
89,3733.62721,1.000039,0.000439
89,3733.63415,1.000453,0.000439
89,3733.6411,0.999454,0.000439
89,3733.64804,1.000873,0.000439
89,3733.65498,0.999153,0.000439
89,3733.66193,0.999437,0.000439
89,3733.66887,0.999518,0.000439
89,3733.67582,1.000527,0.000439
89,3733.68276,0.999559,0.000439
89,3733.68971,1.000122,0.000439
89,3733.69665,0.999886,0.000439
89,3733.7036,0.999409,0.000439
89,3733.71054,1.000333,0.000439
89,3733.71749,1.000444,0.000439
89,3733.72443,0.999195,0.000439
89,3733.73137,1.000086,0.000439
89,3733.73832,0.999704,0.000439
89,3733.74526,1.000543,0.000439
89,3733.75221,0.999847,0.000439
89,3733.75915,1.000501,0.000438
89,3733.7661,1.00071,0.000438
89,3733.77304,1.000086,0.000438
89,3733.77999,1.000161,0.000438
89,3733.78693,1.001033,0.000438
89,3733.79388,1.000052,0.000438
89,3733.80082,0.999518,0.000438
89,3733.80776,1.000534,0.000438
89,3733.81471,0.999431,0.000438
89,3733.82165,0.999907,0.000438
89,3733.8286,0.999904,0.000438
89,3733.83554,0.999924,0.000438
89,3733.84249,1.000194,0.000438
89,3733.84943,1.000258,0.000438
89,3733.85638,1.000229,0.000438
89,3733.86332,1.000607,0.000438
89,3733.87027,0.999382,0.000437
89,3733.87721,1.000078,0.000437
89,3733.88415,1.000208,0.000437
89,3733.8911,1.000662,0.000437
89,3733.89804,1.000651,0.000437
89,3733.90499,0.999266,0.000437
89,3733.91193,1.000567,0.000437
89,3733.91888,0.999526,0.000437
89,3733.92582,0.9995,0.000437
89,3733.93277,1.000589,0.000437
89,3733.93971,0.998871,0.000437
89,3733.94666,0.999961,0.000437
89,3733.9536,0.999384,0.000437
89,3733.96054,1.000304,0.000437
89,3733.96749,1.000076,0.000437
89,3733.97443,1.00023,0.000437
89,3733.98138,0.999599,0.000437
89,3733.98832,1.000307,0.000437
89,3733.99527,0.999799,0.000437
89,3734.00221,0.999946,0.000437
89,3734.00916,0.999868,0.000437
89,3734.0161,1.000031,0.000437
89,3734.02305,1.000562,0.000437
89,3734.02999,0.999581,0.000437
89,3734.03694,1.000048,0.000437
89,3734.04388,1.000278,0.000437
89,3734.05082,0.999715,0.000437
89,3734.05777,1.0001,0.000437
89,3734.06471,0.999869,0.000437
89,3734.07166,1.000063,0.000437
89,3734.0786,0.999275,0.000437
89,3734.08555,1.00055,0.000437
89,3734.09249,0.999349,0.000437
89,3734.09944,0.999743,0.000437
89,3734.10638,1.000117,0.000437
89,3734.11333,0.99977,0.000437
89,3734.12027,0.999861,0.000436
89,3734.12721,0.99981,0.000436
89,3734.13416,0.999775,0.000436
89,3734.1411,0.999938,0.000436
89,3734.14805,1.000581,0.000436
89,3734.15499,1.000165,0.000436
89,3734.16194,0.999825,0.000436
89,3734.16888,1.000273,0.000436
89,3734.17583,1.000202,0.000436
89,3734.18277,1.000556,0.000436
89,3734.18972,0.999263,0.000436
89,3734.19666,0.99955,0.000436
89,3734.2036,0.999913,0.000436
89,3734.21055,1.000085,0.000436
89,3734.21749,1.000093,0.000436
89,3734.22444,1.000679,0.000436
89,3734.23138,0.999396,0.000436
89,3734.23833,1.000137,0.000436
89,3734.24527,1.000131,0.000436
89,3734.25222,1.000172,0.000436
89,3734.25916,1.000725,0.000436
89,3734.26611,0.999962,0.000436
89,3734.27305,1.000359,0.000436
89,3734.27999,1.000075,0.000436
89,3734.28694,0.999938,0.000436
89,3734.29388,0.999645,0.000436
89,3734.30083,0.999683,0.000436
89,3734.30777,1.000273,0.000436
89,3734.31472,0.999719,0.000436
89,3734.32166,0.999982,0.000436
89,3734.32861,1.000157,0.000436
89,3734.33555,1.000212,0.000436
89,3734.3425,0.999573,0.000436
89,3734.34944,1.000061,0.000436
89,3734.35638,0.999771,0.000436
89,3734.36333,1.000038,0.000436
89,3734.37027,0.99875,0.000436
89,3734.37722,0.999725,0.000435
89,3734.38416,0.999831,0.000435
89,3734.39111,0.999949,0.000435
89,3734.39805,1.00044,0.000435
89,3734.405,1.000383,0.000435
89,3734.41194,1.000043,0.000435
89,3734.41889,1.000378,0.000435
89,3734.42583,1.000301,0.000435
89,3734.43277,0.99886,0.000435
89,3734.43972,1.000353,0.000435
89,3734.44666,1.000084,0.000435
89,3734.45361,1.000473,0.000435
89,3734.46055,1.000685,0.000435
89,3734.4675,0.999918,0.000435
89,3734.47444,0.999655,0.000435
89,3734.48139,1.000296,0.000435
89,3734.48833,0.999609,0.000435
89,3734.49528,1.000063,0.000435
89,3734.50222,0.999939,0.000435
89,3734.50916,1.000089,0.000435
89,3734.51611,1.000257,0.000435
89,3734.52305,0.999823,0.000434
89,3734.53,1.000672,0.000435
89,3734.53694,1.000718,0.000435
89,3734.54389,0.999959,0.000434
89,3734.55083,1.000364,0.000434
89,3734.55778,0.999884,0.000434
89,3734.56472,0.999608,0.000434
89,3734.57167,1.000111,0.000434
89,3734.57861,0.999489,0.000434
89,3734.58555,0.999857,0.000434
89,3734.5925,1.000219,0.000434
89,3734.59944,0.998888,0.000434
89,3734.60639,0.999769,0.000434
89,3734.61333,0.999287,0.000434
89,3734.62028,0.999655,0.000434
89,3734.62722,0.999238,0.000434
89,3734.63417,0.999815,0.000434
89,3734.64111,1.000062,0.000434
89,3734.64806,1.000537,0.000434
89,3734.655,1.000024,0.000434
89,3734.66194,1.000003,0.000434
89,3734.66889,0.999533,0.000434
89,3734.67583,1.000528,0.000434
89,3734.68278,0.999932,0.000434
89,3734.68972,1.000231,0.000434
89,3734.69667,1.000421,0.000434
89,3734.70361,0.99946,0.000433
89,3734.71056,0.999902,0.000433
89,3734.7175,1.000594,0.000433
89,3734.72445,0.999543,0.000433
89,3734.73139,0.999928,0.000433
89,3734.73833,0.999306,0.000433
89,3734.74528,1.000341,0.000433
89,3734.75222,1.000383,0.000433
89,3734.75917,0.999928,0.000433
89,3734.76611,1.000241,0.000433
89,3734.77306,1.00039,0.000433
89,3734.78,1.00037,0.000433
89,3734.78695,1.000019,0.000433
89,3734.79389,0.999918,0.000433
89,3734.80084,1.000091,0.000433
89,3734.80778,0.999793,0.000433
89,3734.81472,0.999827,0.000432
89,3734.82167,0.999886,0.000432
89,3734.82861,1.000533,0.000432
89,3734.83556,0.999776,0.000432
89,3734.8425,0.999934,0.000433
89,3734.84945,0.999476,0.000432
89,3734.85639,1.000255,0.000432
89,3734.86334,1.000076,0.000432
89,3734.87028,0.99962,0.000432
89,3734.87723,1.000419,0.000432
89,3734.88417,0.999975,0.000432
89,3734.89111,1.000375,0.000432
89,3734.89806,1.000677,0.000432
89,3734.905,1.000405,0.000432
89,3734.91195,0.99993,0.000432
89,3734.91889,1.000141,0.000432
89,3734.92584,0.999732,0.000432
89,3734.93278,0.999594,0.000432
89,3734.93973,1.00028,0.000432
89,3734.94667,1.00071,0.000432
89,3734.95362,1.000531,0.000432
89,3734.96056,1.00012,0.000432
89,3734.9675,1.000779,0.000432
89,3734.97445,0.999614,0.000432
89,3734.98139,1.000302,0.000432
89,3734.98834,1.00066,0.000432
89,3734.99528,1.000152,0.000432
89,3735.00223,1.00019,0.000432
89,3735.00917,0.999554,0.000432
89,3735.01612,1.000266,0.000432
89,3735.02306,0.999719,0.000432
89,3735.03001,0.99975,0.000432
89,3735.03695,0.999483,0.000432
89,3735.04389,1.00009,0.000432
89,3735.05084,0.999487,0.000432
89,3735.05778,1.000249,0.000432
89,3735.06473,0.999393,0.000432
89,3735.07167,1.000573,0.000432
89,3735.07862,0.999642,0.000432
89,3735.08556,0.999557,0.000432
89,3735.09251,0.999686,0.000432
89,3735.09945,1.000342,0.000432
89,3735.1064,1.000221,0.000432
89,3735.11334,0.999366,0.000432
89,3735.12028,1.000735,0.000432
89,3735.12723,0.999606,0.000432
89,3735.13487,1.000241,0.000483
89,3735.14112,0.999842,0.000432
89,3735.14806,1.000124,0.000432
89,3735.15501,1.000252,0.000432
89,3735.16195,1.000099,0.000432
89,3735.1689,0.99977,0.000432
89,3735.17584,0.999592,0.000483
89,3735.18279,0.999545,0.000432
89,3735.18973,0.999706,0.000432
89,3735.19667,0.999753,0.000432
89,3735.20362,0.998981,0.000432
89,3735.21056,1.000586,0.000432
89,3735.21751,1.000214,0.000432
89,3735.22445,0.999887,0.000432
89,3735.2314,0.999599,0.000432
89,3735.23834,1.00121,0.000432
89,3735.24529,1.000334,0.000432
89,3735.25223,0.999914,0.000432
89,3735.25918,1.000014,0.000432
89,3735.26612,0.99985,0.000432
89,3735.27306,0.999689,0.000432
89,3735.28001,0.999317,0.000432
89,3735.28695,1.000056,0.000432
89,3735.2939,1.000401,0.000432
89,3735.30084,0.999398,0.000432
89,3735.30779,1.000497,0.000432
89,3735.31473,1.00018,0.000432
89,3735.32168,1.000183,0.000432
89,3735.32862,1.00098,0.000432
89,3735.33557,1.000613,0.000432
89,3735.34251,1.000482,0.000432
89,3735.34945,1.000155,0.000432
89,3735.3564,1.00021,0.000432
89,3735.36334,1.000796,0.000432
89,3735.37029,1.000443,0.000432
89,3735.37723,0.999331,0.000432
89,3735.38418,1.000387,0.000432
89,3735.39112,0.999869,0.000432
89,3735.39807,0.999405,0.000432
89,3735.40501,0.999912,0.000432
89,3735.41196,0.999826,0.000432
89,3735.4189,0.999974,0.000432
89,3735.42584,1.000045,0.000432
89,3735.43279,1.000233,0.000432
89,3735.43973,0.999735,0.000432
89,3735.44668,0.999967,0.000432
89,3735.45362,0.999732,0.000432
89,3735.46057,1.000491,0.000432
89,3735.46751,0.999821,0.000432
89,3735.47446,1.000535,0.000432
89,3735.4814,1.000307,0.000432
89,3735.48835,0.99959,0.000432
89,3735.49529,1.000407,0.000432
89,3735.50223,0.999857,0.000432
89,3735.50918,0.999967,0.000432
89,3735.51612,0.999422,0.000432
89,3735.52307,1.000792,0.000432
89,3735.53001,0.999768,0.000432
89,3735.53696,0.999751,0.000432
89,3735.5439,0.999912,0.000432
89,3735.55085,1.000067,0.000432
89,3735.55779,1.000284,0.000432
89,3735.56473,0.999854,0.000432
89,3735.57168,1.000174,0.000432
89,3735.57862,1.000289,0.000432
89,3735.58557,1.000001,0.000432
89,3735.59251,0.99994,0.000432
89,3735.59946,1.000099,0.000432
89,3735.6064,1.00024,0.000432
89,3735.61335,1.000173,0.000432
89,3735.62029,0.999528,0.000432
89,3735.62724,1.00037,0.000432
89,3735.63418,1.000706,0.000432
89,3735.64112,0.999822,0.000432
89,3735.64807,1.000203,0.000432
89,3735.65501,1.000548,0.000432
89,3735.66196,0.999804,0.000432
89,3735.6689,0.999486,0.000432
89,3735.67585,0.999558,0.000432
89,3735.68279,1.000289,0.000432
89,3735.68974,0.999799,0.000432
89,3735.69668,0.999848,0.000432
89,3735.70363,0.999194,0.000432
89,3735.71057,1.000027,0.000432
89,3735.71751,1.000546,0.000432
89,3735.72446,0.99918,0.000432
89,3735.7314,1.000207,0.000432
89,3735.73835,0.999632,0.000432
89,3735.74529,0.999572,0.000432
89,3735.75224,0.999647,0.000432
89,3735.75918,0.999336,0.000432
89,3735.76613,1.000751,0.000432
89,3735.77307,1.00042,0.000432
89,3735.78002,1.000495,0.000432
89,3735.78696,1.000238,0.000432
89,3735.7939,1.000297,0.000432
89,3735.80085,1.000241,0.000432
89,3735.80779,1.000069,0.000432
89,3735.81474,1.000238,0.000432
89,3735.82168,0.999361,0.000432
89,3735.82863,0.999696,0.000432
89,3735.83557,1.001056,0.000432
89,3735.84252,0.999896,0.000432
89,3735.84946,0.999908,0.000432
89,3735.85641,0.999238,0.000432
89,3735.86335,0.999726,0.000432
89,3735.87029,1.000024,0.000432
89,3735.87724,1.000146,0.000432
89,3735.88418,0.999826,0.000432
89,3735.89113,0.9999,0.000432
89,3735.89807,1.000894,0.000432
89,3735.90502,0.999731,0.000432
89,3735.91196,1.000674,0.000432
89,3735.91891,0.999359,0.000432
89,3735.92585,1.00015,0.000432
89,3735.9328,1.000077,0.000432
89,3735.93974,1.000372,0.000432
89,3735.94668,0.999931,0.000432
89,3735.95363,1.000889,0.000432
89,3735.96057,0.999487,0.000432
89,3735.96752,0.99999,0.000432
89,3735.97446,1.000412,0.000432
89,3735.98141,1.000252,0.000432
89,3735.98835,0.999225,0.000432
89,3735.9953,1.000027,0.000432
89,3736.00224,0.999737,0.000432
89,3736.00919,1.000202,0.000432
89,3736.01613,0.999493,0.000432
89,3736.02307,1.000155,0.000432
89,3736.03002,0.999781,0.000432
89,3736.03696,1.000016,0.000432
89,3736.04391,0.999944,0.000432
89,3736.05085,0.99985,0.000432
89,3736.0578,0.999993,0.000432
89,3736.06474,0.999403,0.000432
89,3736.07169,0.99971,0.000432
89,3736.07863,0.999746,0.000432
89,3736.08558,0.999577,0.000432
89,3736.09252,1.00082,0.000432
89,3736.09946,0.999505,0.000432
89,3736.10641,0.999796,0.000432
89,3736.11335,1.000699,0.000432
89,3736.1203,0.999762,0.000432
89,3736.12724,1.00104,0.000432
89,3736.13419,1.000145,0.000432
89,3736.14113,1.000665,0.000432
89,3736.14808,1.000038,0.000432
89,3736.15502,1.000528,0.000432
89,3736.16196,1.000046,0.000432
89,3736.16891,0.999783,0.000432
89,3736.17585,0.999128,0.000432
89,3736.1828,0.99974,0.000432
89,3736.18974,0.999448,0.000432
89,3736.19669,1.00043,0.000432
89,3736.20363,1.000182,0.000432
89,3736.21058,1.000737,0.000432
89,3736.21752,0.999807,0.000432
89,3736.22447,1.000241,0.000432
89,3736.23141,1.000698,0.000432
89,3736.23835,0.999524,0.000432
89,3736.2453,1.000084,0.000432
89,3736.25224,1.000037,0.000432
89,3736.25919,0.999834,0.000432
89,3736.26613,0.999972,0.000432
89,3736.27308,1.000729,0.000432
89,3736.28002,1.000267,0.000432
89,3736.28697,0.999716,0.000432
89,3736.29391,0.999855,0.000432
89,3736.30086,1.000701,0.000432
89,3736.3078,0.999975,0.000432
89,3736.31474,1.000305,0.000432
89,3736.32169,1.000578,0.000432
89,3736.32863,0.999838,0.000432
89,3736.33558,0.999632,0.000432
89,3736.34252,0.999602,0.000432
89,3736.34947,0.999657,0.000432
89,3736.35641,1.000034,0.000432
89,3736.36336,1.000232,0.000432
89,3736.3703,0.999826,0.000432
89,3736.37725,0.999673,0.000432
89,3736.38419,0.999886,0.000432
89,3736.39113,1.000196,0.000432
89,3736.39808,1.000263,0.000432
89,3736.40502,0.999516,0.000432
89,3736.41197,1.00023,0.000432
89,3736.41891,0.999973,0.000432
89,3736.42586,0.999335,0.000432
89,3736.4328,1.000857,0.000432
89,3736.43975,0.999095,0.000432
89,3736.44669,1.000052,0.000432
89,3736.45364,1.000613,0.000432
89,3736.46058,1.000138,0.000432
89,3736.46752,0.999401,0.000432
89,3736.47447,0.999326,0.000432
89,3736.48141,1.000052,0.000432
89,3736.48836,0.999914,0.000432
89,3736.4953,1.000112,0.000432
89,3736.50225,1.000786,0.000432
89,3736.50919,0.999877,0.000432
89,3736.51614,0.999492,0.000432
89,3736.52308,1.000672,0.000432
89,3736.53003,0.999944,0.000432
89,3736.53697,1.000169,0.000432
89,3736.54391,0.999306,0.000432
89,3736.55086,0.999964,0.000432
89,3736.5578,1.00017,0.000432
89,3736.56475,1.000482,0.000432
89,3736.57169,0.999659,0.000432
89,3736.57864,0.999827,0.000432
89,3736.58558,1.000683,0.000432
89,3736.59253,1.000509,0.000432
89,3736.59947,1.000224,0.000432
89,3736.60641,1.000351,0.000432
89,3736.61336,0.999811,0.000432
89,3736.6203,0.999531,0.000432
89,3736.62725,1.000541,0.000432
89,3736.63419,0.999342,0.000432
89,3736.64114,1.00001,0.000432
89,3736.64808,1.000888,0.000432
89,3736.65503,1.000012,0.000432
89,3736.66197,0.999181,0.000432
89,3736.66892,1.000013,0.000432
89,3736.67586,1.000077,0.000432
89,3736.6828,1.000039,0.000432
89,3736.68975,0.999498,0.000432
89,3736.69669,0.99929,0.000432
89,3736.70364,0.999603,0.000432
89,3736.71058,0.999976,0.000432
89,3736.71753,1.000326,0.000432
89,3736.72447,1.000572,0.000432
89,3736.73142,1.000521,0.000432
89,3736.73836,1.000303,0.000432
89,3736.74531,1.000038,0.000432
89,3736.75225,1.000359,0.000432
89,3736.75919,1.00006,0.000432
89,3736.76614,1.000395,0.000432
89,3736.77308,1.000208,0.000432
89,3736.78003,1.000169,0.000432
89,3736.78697,0.999885,0.000432
89,3736.79392,1.000122,0.000432
89,3736.80086,0.999311,0.000432
89,3736.80781,0.999788,0.000432
89,3736.81475,1.000526,0.000432
89,3736.8217,1.000028,0.000432
89,3736.82864,0.999945,0.000432
89,3736.83558,0.999898,0.000432
89,3736.84253,1.000792,0.000432
89,3736.84947,1.000747,0.000432
89,3736.85642,0.99934,0.000432
89,3736.86336,0.999713,0.000432
89,3736.87031,0.999478,0.000432
89,3736.87725,1.000063,0.000432
89,3736.8842,0.999687,0.000432
89,3736.89114,0.999526,0.000432
89,3736.89809,0.999602,0.000432
89,3736.90503,0.999428,0.000432
89,3736.91197,1.00021,0.000432
89,3736.91892,0.999718,0.000432
89,3736.92586,0.999876,0.000432
89,3736.93281,0.999611,0.000432
89,3736.93975,0.999955,0.000432
89,3736.9467,0.999678,0.000432
89,3736.95364,1.000087,0.000432
89,3736.96059,0.999874,0.000432
89,3736.96753,1.000433,0.000432
89,3736.97447,0.999792,0.000432
89,3736.98142,1.000821,0.000432
89,3736.98836,0.999708,0.000432
89,3736.99531,1.000077,0.000432
89,3737.00225,0.99981,0.000432
89,3737.0092,1.000101,0.000432
89,3737.01614,0.999368,0.000432
89,3737.02309,0.999665,0.000432
89,3737.03003,1.000321,0.000432
89,3737.03698,0.999919,0.000432
89,3737.04392,0.99957,0.000432
89,3737.05086,0.999458,0.000432
89,3737.05781,0.999794,0.000432
89,3737.06475,0.999987,0.000432
89,3737.0717,0.999843,0.000432
89,3737.07864,1.000075,0.000432
89,3737.08559,0.999709,0.000432
89,3737.09253,0.999581,0.000432
89,3737.09948,0.999769,0.000432
89,3737.10642,1.000743,0.000432
89,3737.11337,1.001004,0.000432
89,3737.12031,0.999866,0.000432
89,3737.12725,0.999325,0.000432
89,3737.1342,1.000192,0.000432
89,3737.14114,1.000624,0.000432
89,3737.14809,0.999908,0.000432
89,3737.15503,0.999676,0.000432
89,3737.16198,0.999763,0.000432
89,3737.16892,0.99956,0.000432
89,3737.17587,0.999792,0.000432
89,3737.18281,1.0002,0.000432
89,3737.18976,0.999996,0.000432
89,3737.1967,0.999957,0.000432
89,3737.20364,0.999479,0.000432
89,3737.21059,0.999913,0.000432
89,3737.21753,0.999817,0.000432
89,3737.22448,1.000586,0.000432
89,3737.23142,1.000042,0.000432
89,3737.23837,0.999861,0.000432
89,3737.24531,1.001075,0.000432
89,3737.25226,0.999541,0.000432
89,3737.2592,1.000623,0.000432
89,3737.26614,1.000116,0.000432
89,3737.27309,1.000886,0.000432
89,3737.28003,1.000021,0.000432
89,3737.28698,0.999818,0.000432
89,3737.29392,1.000103,0.000432
89,3737.30087,1.000589,0.000432
89,3737.30781,0.999707,0.000432
89,3737.31476,0.999746,0.000432
89,3737.3217,0.999752,0.000432
89,3737.32865,1.000821,0.000432
89,3737.33559,1.000075,0.000432
89,3737.34253,1.000462,0.000432
89,3737.34948,1.000408,0.000432
89,3737.35642,1.000693,0.000432
89,3737.36337,0.999968,0.000432
89,3737.37031,1.000072,0.000432
89,3737.37726,1.000723,0.000432
89,3737.3842,1.000745,0.000432
89,3737.39115,0.999934,0.000432
89,3737.39809,0.999334,0.000432
89,3737.40504,1.000274,0.000432
89,3737.41198,1.00076,0.000432
89,3737.41892,1.000753,0.000432
89,3737.42587,1.000099,0.000432
89,3737.43281,1.000144,0.000432
89,3737.43976,1.000471,0.000432
89,3737.4467,0.999605,0.000432
89,3737.45365,1.000112,0.000432
89,3737.46059,0.999391,0.000432
89,3737.46754,0.999807,0.000432
89,3737.47448,0.999723,0.000432
89,3737.48142,0.999894,0.000432
89,3737.48837,1.000242,0.000432
89,3737.49531,1.000222,0.000432
89,3737.50226,1.000058,0.000432
89,3737.5092,0.999584,0.000432
89,3737.51615,1.000471,0.000432
89,3737.52309,1.000289,0.000432
89,3737.53004,0.999334,0.000432
89,3737.53698,0.999904,0.000432
89,3737.54393,1.000166,0.000432
89,3737.55087,1.00018,0.000432
89,3737.55781,1.000012,0.000432
89,3737.56476,0.99978,0.000432
89,3737.5717,0.999673,0.000432
89,3737.57865,0.999586,0.000432
89,3737.58559,1.000084,0.000432
89,3737.59254,0.999972,0.000432
89,3737.59948,0.999584,0.000432
89,3737.60643,1.000529,0.000432
89,3737.61337,0.99986,0.000432
89,3737.62032,1.00054,0.000432
89,3737.62726,0.99994,0.000432
89,3737.6342,1.000013,0.000432
89,3737.64115,0.999179,0.000432
89,3737.64809,1.000068,0.000432
89,3737.65504,0.999768,0.000432
89,3737.66198,1.000546,0.000432
89,3737.66893,0.99974,0.000432
89,3737.67587,1.000184,0.000432
89,3737.68282,0.999859,0.000432
89,3737.68976,0.999604,0.000432
89,3737.69671,1.000126,0.000432
89,3737.70365,1.000146,0.000432
89,3737.71059,0.999759,0.000432
89,3737.71754,1.00006,0.000432
89,3737.72448,0.999358,0.000432
89,3737.73143,1.000021,0.000432
89,3737.73837,0.999893,0.000432
89,3737.74532,1.000578,0.000432
89,3737.75226,1.000182,0.000432
89,3737.75921,1.000249,0.000432
89,3737.76615,1.000581,0.000432
89,3737.77309,0.999762,0.000432
89,3737.78004,0.99946,0.000432
89,3737.78698,0.999797,0.000432
89,3737.79393,1.000285,0.000432
89,3737.80087,1.000682,0.000432
89,3737.80782,1.0002,0.000432
89,3737.81476,0.999496,0.000432
89,3737.82171,1.000005,0.000432
89,3737.82865,1.000132,0.000432
89,3737.8356,1.000186,0.000432
89,3737.84254,0.999773,0.000432
89,3737.84948,0.999885,0.000432
89,3737.85643,0.999708,0.000432
89,3737.86337,0.999883,0.000432
89,3737.87032,0.999789,0.000432
89,3737.87726,0.999947,0.000432
89,3737.88421,1.000043,0.000432
89,3737.89115,1.000114,0.000432
89,3737.8981,1.000391,0.000432
89,3737.90504,0.999836,0.000432
89,3737.91199,1.000022,0.000432
89,3737.91893,0.999933,0.000432
89,3737.92587,1.00029,0.000432
89,3737.93282,1.000441,0.000432
89,3737.93976,0.999863,0.000432
89,3737.94671,1.000131,0.000432
89,3737.95365,1.000327,0.000432
89,3737.9606,1.000582,0.000432
89,3737.96754,0.999422,0.000432
89,3737.97449,1.0006,0.000432
89,3737.98143,1.00065,0.000432
89,3737.98837,1.000084,0.000432
89,3737.99532,1.000213,0.000432
89,3738.00226,1.000139,0.000432
89,3738.00921,0.99937,0.000432
89,3738.01615,1.000347,0.000432
89,3738.0231,0.99967,0.000432
89,3738.03004,0.999692,0.000432
89,3738.03699,0.999617,0.000432
89,3738.04393,0.999781,0.000432
89,3738.05088,1.000201,0.000432
89,3738.05747,0.998811,0.000483
89,3738.06476,1.000794,0.000432
89,3738.07171,0.999984,0.000432
89,3738.07865,1.000252,0.000432
89,3738.0856,0.999748,0.000432
89,3738.09254,1.000321,0.000432
89,3738.09949,0.999495,0.000432
89,3738.10643,0.999879,0.000432
89,3738.11338,0.999921,0.000432
89,3738.12032,0.999633,0.000432
89,3738.12727,0.999722,0.000432
89,3738.13421,1.000469,0.000432
89,3738.14115,1.000638,0.000432
89,3738.1481,0.999311,0.000432
89,3738.15504,1.000114,0.000432
89,3738.16199,0.999327,0.000432
89,3738.16893,0.999248,0.000432
89,3738.17588,1.000019,0.000432
89,3738.18282,1.000458,0.000432
89,3738.18977,0.999296,0.000432
89,3738.19671,1.00004,0.000432
89,3738.20365,0.999942,0.000432
89,3738.2106,1.000045,0.000432
89,3738.21754,1.000435,0.000432
89,3738.22449,0.99997,0.000432
89,3738.23143,0.999437,0.000432
89,3738.23838,0.999228,0.000432
89,3738.24532,0.999584,0.000432
89,3738.25227,0.999574,0.000432
89,3738.25921,0.999803,0.000432
89,3738.26616,1.00011,0.000432
89,3738.2731,1.00037,0.000432
89,3738.28004,1.000858,0.000432
89,3738.28699,1.000345,0.000432
89,3738.29393,1.000451,0.000432
89,3738.30088,1.00006,0.000432
89,3738.30782,1.000557,0.000432
89,3738.31477,0.999316,0.000432
89,3738.32171,0.999647,0.000432
89,3738.32866,0.999267,0.000432
89,3738.3356,1.000432,0.000432
89,3738.34255,0.999716,0.000432
89,3738.34949,0.999578,0.000432
89,3738.35643,1.000073,0.000432
89,3738.36338,0.999658,0.000432
89,3738.37032,1.000163,0.000432
89,3738.37727,1.000436,0.000432
89,3738.38421,1.000248,0.000432
89,3738.39116,1.000984,0.000432
89,3738.3981,1.000616,0.000432
89,3738.40505,1.000935,0.000432
89,3738.41268,1.000793,0.000483
89,3738.41893,1.000898,0.000432
89,3738.42588,1.000318,0.000432
89,3738.43282,1.001015,0.000432
89,3738.43977,0.999715,0.000432
89,3738.44671,1.000185,0.000432
89,3738.45366,0.999618,0.000432
89,3738.4606,0.999852,0.000432
89,3738.46755,1.000049,0.000432
89,3738.47449,0.999915,0.000432
89,3738.48144,0.999743,0.000432
89,3738.48838,1.000754,0.000432
89,3738.49532,1.000254,0.000432
89,3738.50227,0.999826,0.000432
89,3738.50921,0.999664,0.000432
89,3738.51616,1.000047,0.000432
89,3738.5231,0.999498,0.000432
89,3738.53005,0.999745,0.000432
89,3738.53699,0.999269,0.000432
89,3738.54394,0.999233,0.000432
89,3738.55088,0.999873,0.000432
89,3738.55782,0.999381,0.000432
89,3738.56477,0.999422,0.000432
89,3738.57171,1.000284,0.000432
89,3738.57866,0.99909,0.000432
89,3738.5856,1.000529,0.000432
89,3738.59255,1.000716,0.000432
89,3738.59949,0.999297,0.000432
89,3738.60644,0.999712,0.000432
89,3738.61338,0.999451,0.000432
89,3738.62033,0.999287,0.000432
89,3738.62727,1.000064,0.000432
89,3738.63421,1.000676,0.000432
89,3738.64116,1.000522,0.000432
89,3738.6481,0.999597,0.000432
89,3738.65505,1.000641,0.000432
89,3738.66199,0.999715,0.000432
89,3738.66894,1.000145,0.000432
89,3738.67588,0.999599,0.000432
89,3738.68283,1.001299,0.000432
89,3738.68977,0.999742,0.000432
89,3738.69672,1.000161,0.000432
89,3738.70366,1.000223,0.000432
89,3738.7106,1.000046,0.000432
89,3738.71755,0.999921,0.000432
89,3738.72449,1.000697,0.000432
89,3738.73144,0.99976,0.000432
89,3738.73838,1.000443,0.000432
89,3738.74533,1.000123,0.000432
89,3738.75227,1.000224,0.000432
89,3738.75922,0.999263,0.000432
89,3738.76616,1.000051,0.000432
89,3738.7731,0.999714,0.000432
89,3738.78005,1.000225,0.000432
89,3738.78699,1.000216,0.000432
89,3738.79394,1.000061,0.000432
89,3738.80088,1.000455,0.000432
89,3738.80783,1.000607,0.000432
89,3738.81477,0.999984,0.000432
89,3738.82172,1.000565,0.000432
89,3738.82866,1.000094,0.000432
89,3738.83561,0.999246,0.000432
89,3738.84255,0.999512,0.000432
89,3738.84949,0.999987,0.000432
89,3738.85644,0.999954,0.000432
89,3738.86338,1.000183,0.000432
89,3738.87033,1.000177,0.000432
89,3738.87727,0.999368,0.000432
89,3738.88422,0.999841,0.000432
89,3738.89116,1.000834,0.000432
89,3738.89811,0.99983,0.000432
89,3738.90505,1.000302,0.000432
89,3738.91199,1.000182,0.000432
89,3738.91894,1.000568,0.000432
89,3738.92588,1.000155,0.000432
89,3738.93283,1.000253,0.000432
89,3738.93977,0.999559,0.000432
89,3738.94672,1.000675,0.000432
89,3738.95366,0.999933,0.000432
89,3738.96061,1.000077,0.000432
89,3738.96755,1.000845,0.000432
89,3738.9745,0.999946,0.000432
89,3738.98144,0.999332,0.000432
89,3738.98838,1.000024,0.000432
89,3738.99533,1.000096,0.000432
89,3739.00227,0.999732,0.000432
89,3739.00922,0.99986,0.000432
89,3739.01616,1.000024,0.000432
89,3739.02311,1.000093,0.000432
89,3739.03005,1.000239,0.000432
89,3739.037,0.999685,0.000432
89,3739.04394,0.999558,0.000432
89,3739.05089,0.999002,0.000432
89,3739.05783,0.999558,0.000432
89,3739.06477,0.999751,0.000432
89,3739.07172,1.00028,0.000432
89,3739.07866,0.999361,0.000432
89,3739.08561,0.999999,0.000432
89,3739.09255,1.000116,0.000432
89,3739.0995,1.000125,0.000432
89,3739.10644,1.000097,0.000432
89,3739.11339,1.000431,0.000432
89,3739.12033,0.999904,0.000432
89,3739.12727,0.99976,0.000432
89,3739.13422,0.999395,0.000432
89,3739.14116,0.999714,0.000432
89,3739.14811,0.999293,0.000432
89,3739.15505,0.999556,0.000432
89,3739.162,0.998935,0.000432
89,3739.16894,1.000269,0.000432
89,3739.17589,0.999858,0.000432
89,3739.18283,1.000363,0.000432
89,3739.18978,0.999578,0.000432
89,3739.19672,1.000584,0.000432
89,3739.20366,0.999757,0.000432
89,3739.21061,0.999997,0.000432
89,3739.21755,0.999528,0.000432
89,3739.2245,0.999375,0.000432
89,3739.23144,1.000059,0.000432
89,3739.23839,1.001086,0.000432
89,3739.24533,0.999907,0.000432
89,3739.25228,1.000725,0.000432
89,3739.25922,1.000457,0.000432
89,3739.26616,1.000368,0.000432
89,3739.27311,1.000371,0.000432
89,3739.28005,1.000574,0.000432
89,3739.287,1.000431,0.000432
89,3739.29394,1.000675,0.000432
89,3739.30089,1.000304,0.000432
89,3739.30783,0.999976,0.000432
89,3739.31478,1.000047,0.000432
89,3739.32172,1.000448,0.000483
89,3739.32867,1.000445,0.000432
89,3739.33561,1.000228,0.000432
89,3739.34255,0.999962,0.000432
89,3739.3495,0.999424,0.000432
89,3739.35644,0.999951,0.000432
89,3739.36339,1.000061,0.000432
89,3739.37033,1.000467,0.000432
89,3739.37728,0.999914,0.000432
89,3739.38422,0.999389,0.000432
89,3739.39117,0.999955,0.000432
89,3739.39811,0.999537,0.000432
89,3739.40505,1.000063,0.000432
89,3739.412,0.998517,0.000432
89,3739.41894,1.000592,0.000432
89,3739.42589,1.000122,0.000432
89,3739.43283,0.999993,0.000432
89,3739.43978,1.000247,0.000432
89,3739.44672,0.999556,0.000432
89,3739.45367,0.999264,0.000432
89,3739.46061,0.99862,0.000432
89,3739.46756,0.999174,0.000432
89,3739.4745,1.000093,0.000432
89,3739.48144,0.999167,0.000432
89,3739.48839,0.999126,0.000432
89,3739.49533,0.999286,0.000432
89,3739.50228,0.999772,0.000432
89,3739.50922,1.000198,0.000432
89,3739.51617,0.999532,0.000432
89,3739.52311,0.999821,0.000432
89,3739.53006,1.000053,0.000432
89,3739.537,0.999316,0.000432
89,3739.54394,0.999289,0.000432
89,3739.55089,0.999408,0.000432
89,3739.55783,0.999878,0.000432
89,3739.56478,1.000144,0.000432
89,3739.57172,1.00094,0.000432
89,3739.57867,1.000097,0.000432
89,3739.58561,1.000461,0.000432
89,3739.59186,1.000436,0.000483
89,3739.5995,1.000283,0.000432
89,3739.60645,1.000145,0.000432
89,3739.61339,1.000178,0.000432
89,3739.62033,1.000441,0.000432
89,3739.62728,0.999989,0.000432
89,3739.63457,1.000214,0.000483
89,3739.64117,0.999868,0.000432
89,3739.64811,1.000945,0.000432
89,3739.65506,1.000719,0.000432
89,3739.662,0.99994,0.000432
89,3739.66895,0.999874,0.000432
89,3739.67589,0.999993,0.000432
89,3739.68283,1.000133,0.000432
89,3739.68978,0.999918,0.000432
89,3739.69672,1.001448,0.000432
89,3739.70297,0.999657,0.000483
89,3739.92103,1.000293,0.000683
89,3739.92589,1.000256,0.000432
89,3739.93075,1.000046,0.000682
89,3739.93978,0.99958,0.000431
89,3739.94673,0.999433,0.000482
89,3739.95367,0.999305,0.000431
89,3739.96061,0.999872,0.000432
89,3739.96756,1.000087,0.000432
89,3739.9745,0.999162,0.000432
89,3739.9811,0.999466,0.000483
89,3739.98839,0.998993,0.000432
89,3739.99534,0.999362,0.000432
89,3740.00228,0.99992,0.000432
89,3740.00923,0.999831,0.000432
89,3740.01617,0.999728,0.000432
89,3740.02312,1.000041,0.000432
89,3740.03006,0.99938,0.000432
89,3740.037,0.999061,0.000432
89,3740.04395,1.000074,0.000432
89,3740.05089,1.00053,0.000432
89,3740.05784,1.000275,0.000432
89,3740.06478,1.000185,0.000432
89,3740.07173,1.000579,0.000432
89,3740.07867,0.999426,0.000432
89,3740.08562,0.999701,0.000432
89,3740.09256,1.000123,0.000432
89,3740.0995,0.999876,0.000432
89,3740.10645,0.999818,0.000432
89,3740.11339,0.999793,0.000432
89,3740.12034,0.999759,0.000432
89,3740.12728,0.99985,0.000432
89,3740.13423,1.000406,0.000432
89,3740.14117,0.99991,0.000432
89,3740.14812,0.999725,0.000432
89,3740.15506,0.999995,0.000432
89,3740.16201,0.999197,0.000432
89,3740.16895,1.000921,0.000432
89,3740.17589,1.000284,0.000432
89,3740.18284,1.000722,0.000432
89,3740.18978,1.000085,0.000432
89,3740.19673,0.9998,0.000432
89,3740.20367,1.000811,0.000432
89,3740.21062,1.000226,0.000432
89,3740.21756,1.001044,0.000432
89,3740.22451,1.000369,0.000432
89,3740.23145,1.000949,0.000432
89,3740.23839,1.000188,0.000432
89,3740.24534,1.0002,0.000432
89,3740.25228,0.999606,0.000432
89,3740.25923,1.000339,0.000432
89,3740.26617,1.000165,0.000432
89,3740.27312,0.999443,0.000432
89,3740.28006,0.999598,0.000432
89,3740.28701,1.000432,0.000432
89,3740.29395,0.999447,0.000432
89,3740.3009,1.000455,0.000432
89,3740.30784,1.000062,0.000432
89,3740.31478,0.999996,0.000432
89,3740.32173,1.000084,0.000432
89,3740.32867,0.999703,0.000432
89,3740.33562,0.999296,0.000432
89,3740.34256,0.99892,0.000432
89,3740.34951,0.999189,0.000432
89,3740.35645,0.999871,0.000432
89,3740.3634,0.999787,0.000432
89,3740.37034,1.000251,0.000432
89,3740.37728,1.000228,0.000432
89,3740.38423,1.000244,0.000432
89,3740.39117,1.000129,0.000432
89,3740.39812,1.000213,0.000432
89,3740.40506,1.000375,0.000432
89,3740.41201,1.000184,0.000432
89,3740.41895,1.000415,0.000432
89,3740.4259,0.999883,0.000432
89,3740.43284,1.000456,0.000432
89,3740.43979,1.000054,0.000432
89,3740.44673,0.99988,0.000432
89,3740.45367,1.000213,0.000432
89,3740.46062,0.999904,0.000432
89,3740.46756,1.000858,0.000432
89,3740.47451,1.000454,0.000432
89,3740.48145,1.000525,0.000432
89,3740.4884,0.99964,0.000432
89,3740.49534,0.999286,0.000432
89,3740.50229,0.999459,0.000432
89,3740.50923,1.000214,0.000432
89,3740.51617,1.000631,0.000432
89,3740.52312,0.999805,0.000432
89,3740.53006,0.999432,0.000432
89,3740.53701,1.000166,0.000432
89,3740.54395,0.999747,0.000432
89,3740.5509,0.999801,0.000432
89,3740.55784,1.000391,0.000432
89,3740.56479,0.999873,0.000432
89,3740.57173,1.000466,0.000432
89,3740.57868,1.000603,0.000432
89,3740.58562,0.999618,0.000432
89,3740.59256,1.000045,0.000432
89,3740.59951,1.000346,0.000432
89,3740.60645,1.000039,0.000432
89,3740.6134,0.999794,0.000432
89,3740.62034,0.999176,0.000432
89,3740.62729,1.000635,0.000432
89,3740.63423,0.99955,0.000432
89,3740.64118,0.999582,0.000432
89,3740.64812,0.999724,0.000432
89,3740.65506,1.000187,0.000432
89,3740.66201,0.999399,0.000432
89,3740.66895,1.000195,0.000432
89,3740.6759,0.999976,0.000432
89,3740.68284,1.000178,0.000432
89,3740.68979,0.999582,0.000432
89,3740.69673,1.000086,0.000432
89,3740.70368,0.999976,0.000432
89,3740.71062,1.00005,0.000432
89,3740.71756,0.999876,0.000432
89,3740.72451,0.999563,0.000432
89,3740.73145,1.000282,0.000432
89,3740.7384,1.000894,0.000432
89,3740.74534,0.999806,0.000432
89,3740.75229,1.000272,0.000432
89,3740.75923,1.000083,0.000432
89,3740.76618,1.000314,0.000432
89,3740.77312,1.000737,0.000432
89,3740.78007,1.000518,0.000432
89,3740.78701,0.999681,0.000432
89,3740.79395,1.000117,0.000432
89,3740.8009,1.000462,0.000432
89,3740.80784,1.000032,0.000432
89,3740.81479,0.99919,0.000432
89,3740.82173,0.999712,0.000432
89,3740.82868,1.000658,0.000432
89,3740.83562,0.999613,0.000432
89,3740.84257,1.000425,0.000432
89,3740.84951,1.000953,0.000432
89,3740.85645,0.999458,0.000432
89,3740.8634,0.999804,0.000432
89,3740.87034,0.999736,0.000432
89,3740.87729,0.999661,0.000432
89,3740.88423,1.000166,0.000432
89,3740.89118,1.000338,0.000432
89,3740.89812,1.000017,0.000432
89,3740.90507,0.999678,0.000432
89,3740.91201,0.999278,0.000432
89,3740.91896,0.999675,0.000432
89,3740.9259,0.999504,0.000432
89,3740.93284,1.000228,0.000432
89,3740.93979,1.000646,0.000432
89,3740.94673,1.000427,0.000432
89,3740.95368,1.000263,0.000432
89,3740.96062,1.000265,0.000432
89,3740.96757,1.000967,0.000432
89,3740.97451,0.999518,0.000432
89,3740.98146,0.999342,0.000432
89,3740.9884,0.999613,0.000432
89,3740.99534,0.999141,0.000432
89,3741.00229,0.999949,0.000432
89,3741.00923,1.000142,0.000432
89,3741.01618,1.000532,0.000432
89,3741.02312,1.000072,0.000432
89,3741.03007,1.000146,0.000432
89,3741.03701,0.999695,0.000432
89,3741.04396,0.999779,0.000432
89,3741.0509,0.999664,0.000432
89,3741.05785,1.000226,0.000432
89,3741.06479,0.999019,0.000483
89,3741.07173,0.999777,0.000432
89,3741.07868,0.999409,0.000432
89,3741.08562,1.001188,0.000432
89,3741.09257,0.999908,0.000432
89,3741.09951,1.000399,0.000432
89,3741.10646,0.999933,0.000432
89,3741.1134,0.999956,0.000432
89,3741.12035,1.000128,0.000432
89,3741.12729,1.000354,0.000432
89,3741.13423,1.000296,0.000432
89,3741.14118,0.999704,0.000432
89,3741.14812,0.999641,0.000432
89,3741.15507,1.000501,0.000432
89,3741.16201,0.999498,0.000432
89,3741.16896,1.00021,0.000432
89,3741.1759,1.000593,0.000432
89,3741.18285,0.999997,0.000432
89,3741.18979,0.99996,0.000432
89,3741.19673,0.99997,0.000432
89,3741.20368,0.99995,0.000432
89,3741.21062,1.000307,0.000432
89,3741.21757,0.9997,0.000432
89,3741.22451,1.000301,0.000432
89,3741.23146,1.000163,0.000432
89,3741.2384,0.999337,0.000432
89,3741.24535,0.999646,0.000432
89,3741.25229,0.999791,0.000432
89,3741.25924,1.000391,0.000432
89,3741.26618,1.000314,0.000432
89,3741.27312,1.000228,0.000432
89,3741.28007,1.00005,0.000432
89,3741.28701,0.999979,0.000432
89,3741.29396,0.999063,0.000432
89,3741.3009,0.999839,0.000432
89,3741.30785,0.999873,0.000432
89,3741.31479,1.000204,0.000432
89,3741.32174,1.00009,0.000432
89,3741.32868,1.000138,0.000432
89,3741.33562,1.000196,0.000432
89,3741.34257,1.00006,0.000432
89,3741.34951,0.999251,0.000432
89,3741.35646,0.999434,0.000432
89,3741.3634,1.000234,0.000432
89,3741.37035,1.000004,0.000432
89,3741.37729,0.998614,0.000432
89,3741.38424,0.999916,0.000432
89,3741.39118,0.999955,0.000432
89,3741.39813,1.000461,0.000432
89,3741.40507,1.000442,0.000432
89,3741.41201,0.999632,0.000432
89,3741.41896,0.999904,0.000432
89,3741.4259,0.999431,0.000432
89,3741.43285,1.0007,0.000432
89,3741.43979,0.999604,0.000432
89,3741.44674,1.00077,0.000432
89,3741.45368,1.000057,0.000432
89,3741.46063,1.000372,0.000432
89,3741.46757,1.000485,0.000432
89,3741.47451,1.000273,0.000432
89,3741.48146,1.000499,0.000432
89,3741.4884,1.000736,0.000432
89,3741.49535,1.000153,0.000432
89,3741.50229,1.000176,0.000432
89,3741.50924,0.999708,0.000432
89,3741.51618,1.000213,0.000432
89,3741.52313,1.000056,0.000432
89,3741.53007,1.000313,0.000432
89,3741.53701,1.000288,0.000432
89,3741.54396,0.999233,0.000432
89,3741.5509,0.999957,0.000432
89,3741.55785,0.999795,0.000432
89,3741.56479,0.999679,0.000432
89,3741.57174,0.999932,0.000432
89,3741.57868,1.000624,0.000432
89,3741.58563,0.999581,0.000432
89,3741.59257,0.999726,0.000432
89,3741.59952,0.999923,0.000432
89,3741.60646,1.000479,0.000432
89,3741.6134,0.999528,0.000432
89,3741.62035,1.000018,0.000432
89,3741.62729,0.999998,0.000432
89,3741.63424,0.999434,0.000432
89,3741.64118,1.00043,0.000432
89,3741.64813,1.000397,0.000432
89,3741.65507,1.000111,0.000432
89,3741.66202,0.999183,0.000432
89,3741.66896,1.000117,0.000432
89,3741.6759,0.99931,0.000432
89,3741.68285,0.99999,0.000432
89,3741.68979,0.999512,0.000432
89,3741.69674,0.999622,0.000432
89,3741.70368,0.999571,0.000432
89,3741.71063,1.000576,0.000432
89,3741.71757,1.000278,0.000432
89,3741.72452,0.999584,0.000432
89,3741.73146,0.999603,0.000432
89,3741.7384,1.000282,0.000432
89,3741.74535,0.999601,0.000432
89,3741.75229,1.000107,0.000432
89,3741.75924,0.999177,0.000432
89,3741.76618,1.000501,0.000432
89,3741.77313,1.00104,0.000432
89,3741.78007,1.001031,0.000432
89,3741.78702,0.999652,0.000432
89,3741.79396,0.999753,0.000432
89,3741.80091,0.999827,0.000432
89,3741.80785,0.999919,0.000432
89,3741.81479,1.000233,0.000432
89,3741.82174,0.999914,0.000432
89,3741.82868,1.000336,0.000432
89,3741.83563,1.000263,0.000432
89,3741.84257,0.999988,0.000432
89,3741.84952,0.999429,0.000432
89,3741.85646,1.00084,0.000432
89,3741.86341,1.00012,0.000432
89,3741.87035,1.000033,0.000432
89,3741.87729,1.000279,0.000432
89,3741.88424,1.000437,0.000432
89,3741.89118,0.999928,0.000432
89,3741.89813,1.000551,0.000432
89,3741.90507,1.000504,0.000432
89,3741.91202,1.000678,0.000432
89,3741.91896,1.000125,0.000432
89,3741.92591,1.000088,0.000432
89,3741.93285,0.999299,0.000432
89,3741.93979,1.00013,0.000432
89,3741.94674,0.999789,0.000432
89,3741.95368,0.999983,0.000432
89,3741.96063,0.998587,0.000432
89,3741.96757,0.999558,0.000432
89,3741.97452,0.999119,0.000432
89,3741.98146,0.999578,0.000432
89,3741.98841,0.999763,0.000432
89,3741.99535,1.000128,0.000432
89,3742.0023,1.000133,0.000432
89,3742.00924,0.999621,0.000432
89,3742.01618,0.999981,0.000432
89,3742.02313,1.000485,0.000432
89,3742.03007,1.000803,0.000432
89,3742.03702,0.999605,0.000432
89,3742.04396,0.999397,0.000432
89,3742.05091,1.00005,0.000432
89,3742.05785,0.999977,0.000432
89,3742.0648,0.999962,0.000432
89,3742.07174,1.000296,0.000432
89,3742.07868,1.00023,0.000432
89,3742.08563,0.999696,0.000432
89,3742.09257,1.000698,0.000432
89,3742.09952,0.999503,0.000432
89,3742.10646,0.999647,0.000432
89,3742.11341,0.999844,0.000432
89,3742.12035,0.999871,0.000432
89,3742.1273,0.999796,0.000432
89,3742.13424,1.000119,0.000432
89,3742.14118,0.998991,0.000432
89,3742.14813,0.999481,0.000432
89,3742.15507,1.000035,0.000432
89,3742.16202,0.999722,0.000432
89,3742.16896,1.000191,0.000432
89,3742.17591,1.000217,0.000432
89,3742.18285,0.999624,0.000432
89,3742.1898,1.001313,0.000432
89,3742.19674,1.000137,0.000432
89,3742.20369,1.000578,0.000432
89,3742.21063,1.000428,0.000432
89,3742.21757,1.000217,0.000432
89,3742.22452,0.999856,0.000432
89,3742.23146,1.000284,0.000432
89,3742.23841,1.000345,0.000432
89,3742.24535,0.999702,0.000432
89,3742.2523,0.999841,0.000432
89,3742.25924,0.999867,0.000432
89,3742.26619,0.999406,0.000432
89,3742.27313,1.00016,0.000432
89,3742.28007,1.000556,0.000432
89,3742.28702,1.000357,0.000432
89,3742.29396,1.000047,0.000432
89,3742.30091,1.000083,0.000432
89,3742.30785,1.000516,0.000432
89,3742.3148,0.999038,0.000432
89,3742.32174,1.0008,0.000432
89,3742.32869,1.000055,0.000432
89,3742.33563,1.000466,0.000432
89,3742.34257,1.000136,0.000432
89,3742.34952,0.999876,0.000432
89,3742.35646,1.000136,0.000432
89,3742.36341,0.999869,0.000432
89,3742.37035,0.999863,0.000432
89,3742.3773,0.999965,0.000432
89,3742.38424,1.000127,0.000432
89,3742.39119,1.000157,0.000432
89,3742.39813,1.000005,0.000432
89,3742.40508,1.000069,0.000432
89,3742.41202,1.000176,0.000432
89,3742.41896,0.99943,0.000432
89,3742.42591,0.999457,0.000432
89,3742.43285,1.00016,0.000432
89,3742.4398,0.999605,0.000432
89,3742.44674,1.000274,0.000432
89,3742.45369,1.000007,0.000432
89,3742.46063,1.000268,0.000432
89,3742.46758,1.000359,0.000432
89,3742.47452,1.00051,0.000432
89,3742.48146,0.999754,0.000432
89,3742.48841,0.99993,0.000432
89,3742.49535,1.000137,0.000432
89,3742.5023,0.999409,0.000432
89,3742.50924,1.000179,0.000432
89,3742.51619,0.999783,0.000432
89,3742.52313,1.000696,0.000432
89,3742.53008,1.00037,0.000432
89,3742.53702,1.000231,0.000432
89,3742.54396,0.999584,0.000432
89,3742.55091,1.000388,0.000432
89,3742.55785,1.000095,0.000432
89,3742.5648,1.00016,0.000432
89,3742.57174,0.999619,0.000432
89,3742.57869,0.999177,0.000432
89,3742.58563,1.0,0.000432
89,3742.59258,0.999879,0.000432
89,3742.59952,1.000034,0.000432
89,3742.60647,0.99956,0.000432
89,3742.61341,0.999688,0.000432
89,3742.62035,1.000285,0.000432
89,3742.6273,1.000031,0.000432
89,3742.63424,1.000304,0.000432
89,3742.64119,1.000381,0.000432
89,3742.64813,1.000989,0.000432
89,3742.65508,0.999599,0.000432
89,3742.66202,1.000115,0.000432
89,3742.66897,0.99982,0.000432
89,3742.67591,0.999916,0.000432
89,3742.68285,0.999907,0.000432
89,3742.6898,1.000057,0.000432
89,3742.69674,0.999397,0.000432
89,3742.70369,0.999717,0.000432
89,3742.71063,1.000418,0.000432
89,3742.71758,0.99986,0.000432
89,3742.72452,0.999914,0.000432
89,3742.73147,0.999863,0.000432
89,3742.73841,0.999235,0.000432
89,3742.74535,0.999819,0.000432
89,3742.7523,0.999917,0.000432
89,3742.75924,0.999316,0.000432
89,3742.76619,1.000038,0.000432
89,3742.77313,1.000102,0.000432
89,3742.78008,1.000279,0.000432
89,3742.78702,1.000098,0.000432
89,3742.79397,0.999845,0.000432
89,3742.80091,0.99883,0.000432
89,3742.80785,0.999825,0.000432
89,3742.8148,1.000673,0.000432
89,3742.82174,0.999884,0.000432
89,3742.82869,1.000266,0.000432
89,3742.83563,0.999688,0.000432
89,3742.84258,1.000074,0.000432
89,3742.84952,0.999966,0.000432
89,3742.85647,1.000079,0.000432
89,3742.86341,1.000012,0.000432
89,3742.87036,1.000272,0.000432
89,3742.8773,0.999908,0.000432
89,3742.88424,1.000691,0.000432
89,3742.89119,0.999976,0.000432
89,3742.89813,1.000186,0.000432
89,3742.90508,1.000577,0.000432
89,3742.91202,1.000662,0.000432
89,3742.91897,1.000369,0.000432
89,3742.92591,0.999987,0.000432
89,3742.93286,0.99996,0.000432
89,3742.9398,0.999445,0.000432
89,3742.94674,0.999982,0.000432
89,3742.95369,0.99953,0.000432
89,3742.96063,0.999734,0.000432
89,3742.96758,0.999958,0.000432
89,3742.97452,0.999296,0.000432
89,3742.98147,1.000838,0.000433
89,3742.98841,1.000847,0.000433
89,3742.99536,1.000223,0.000432
89,3743.0023,1.000044,0.000432
89,3743.00924,1.000247,0.000432
89,3743.01619,0.999283,0.000432
89,3743.02313,0.999455,0.000432
89,3743.03008,1.000344,0.000433
89,3743.03702,1.000639,0.000432
89,3743.04397,1.000578,0.000432
89,3743.05091,1.000648,0.000432
89,3743.05786,1.000613,0.000433
89,3743.0648,0.999491,0.000432
89,3743.07174,0.999968,0.000432
89,3743.07869,1.000438,0.000433
89,3743.08563,0.999607,0.000432
89,3743.09258,1.000475,0.000432
89,3743.09952,0.999844,0.000432
89,3743.10647,1.000096,0.000432
89,3743.11341,1.000142,0.000432
89,3743.12036,0.999722,0.000433
89,3743.1273,0.999965,0.000433
89,3743.13425,0.999422,0.000432
89,3743.14119,0.999635,0.000432
89,3743.14813,1.00028,0.000433
89,3743.15508,1.000328,0.000432
89,3743.16202,0.999469,0.000432
89,3743.16897,0.99936,0.000433
89,3743.17591,1.000371,0.000432
89,3743.18286,1.000231,0.000433
89,3743.1898,0.999761,0.000433
89,3743.19675,0.999504,0.000432
89,3743.20369,1.000253,0.000433
89,3743.21063,1.000167,0.000432
89,3743.21758,0.999672,0.000433
89,3743.22452,0.999518,0.000432
89,3743.23147,0.999914,0.000433
89,3743.23841,1.000346,0.000433
89,3743.24536,0.999833,0.000432
89,3743.2523,1.00004,0.000433
89,3743.25925,1.000048,0.000433
89,3743.26619,0.999871,0.000433
89,3743.27313,0.999753,0.000433
89,3743.28008,0.99954,0.000433
89,3743.28702,1.000254,0.000433
89,3743.29397,1.000239,0.000433
89,3743.30091,1.000267,0.000433
89,3743.30786,0.998938,0.000432
89,3743.3148,0.999678,0.000433
89,3743.32175,1.000338,0.000433
89,3743.32869,1.000066,0.000433
89,3743.33563,1.000431,0.000433
89,3743.34258,0.999959,0.000433
89,3743.34952,1.000938,0.000433
89,3743.35647,1.000396,0.000433
89,3743.36341,1.000142,0.000433
89,3743.37036,1.000187,0.000433
89,3743.3773,1.000304,0.000433
89,3743.38425,1.000686,0.000433
89,3743.39119,0.999937,0.000433
89,3743.39814,1.000178,0.000433
89,3743.40508,1.000538,0.000433
89,3743.41202,0.999606,0.000433
89,3743.41897,0.999029,0.000433
89,3743.42591,1.00045,0.000433
89,3743.43286,1.00037,0.000433
89,3743.4398,1.000437,0.000433
89,3743.44675,0.999874,0.000433
89,3743.45369,1.000748,0.000433
89,3743.46064,0.999811,0.000433
89,3743.46758,0.999712,0.000433
89,3743.47452,1.00001,0.000433
89,3743.48147,1.000017,0.000433
89,3743.48841,0.999639,0.000433
89,3743.49536,0.999337,0.000433
89,3743.5023,0.999985,0.000433
89,3743.50925,0.99989,0.000433
89,3743.51619,0.998957,0.000433
89,3743.52314,0.999742,0.000433
89,3743.53008,1.000571,0.000433
89,3743.53702,1.000241,0.000433
89,3743.54397,1.000193,0.000433
89,3743.55091,0.999515,0.000433
89,3743.55786,0.99943,0.000433
89,3743.5648,0.999445,0.000433
89,3743.57175,0.999602,0.000433
89,3743.57869,1.000655,0.000433
89,3743.58564,0.999418,0.000433
89,3743.59258,0.999927,0.000433
89,3743.59952,1.00043,0.000433
89,3743.60647,1.000491,0.000433
89,3743.61341,0.999989,0.000433
89,3743.62036,0.99958,0.000433
89,3743.6273,0.99945,0.000433
89,3743.63425,0.999851,0.000433
89,3743.64119,1.000123,0.000433
89,3743.64814,0.999541,0.000433
89,3743.65508,0.999121,0.000433
89,3743.66203,0.999644,0.000433
89,3743.66897,0.999934,0.000433
89,3743.67591,0.999883,0.000433
89,3743.68286,0.999873,0.000433
89,3743.6898,1.000086,0.000433
89,3743.69675,1.000649,0.000433
89,3743.70369,0.999878,0.000433
89,3743.71064,0.999146,0.000433
89,3743.71758,0.99959,0.000433
89,3743.72453,1.000939,0.000433
89,3743.73147,1.001079,0.000433
89,3743.73841,1.000826,0.000433
89,3743.74536,0.999788,0.000484
89,3743.7523,0.99992,0.000433
89,3743.75925,1.000255,0.000433
89,3743.76619,1.000803,0.000433
89,3743.77314,1.000515,0.000433
89,3743.78008,1.00049,0.000433
89,3743.78703,0.999991,0.000433
89,3743.79397,1.000445,0.000433
89,3743.80091,1.000608,0.000433
89,3743.80786,1.000078,0.000433
89,3743.8148,1.000514,0.000433
89,3743.82175,0.999825,0.000433
89,3743.82869,1.000152,0.000433
89,3743.83564,1.000003,0.000433
89,3743.84258,1.000838,0.000433
89,3743.84953,0.999754,0.000433
89,3743.85647,1.000545,0.000433
89,3743.86341,1.000289,0.000433
89,3743.87036,1.00001,0.000433
89,3743.8773,0.99981,0.000433
89,3743.88425,1.000172,0.000433
89,3743.89119,0.999787,0.000433
89,3743.89814,0.999491,0.000433
89,3743.90508,1.00047,0.000433
89,3743.91203,0.999401,0.000433
89,3743.91897,0.999343,0.000433
89,3743.92591,1.00007,0.000433
89,3743.93286,1.00026,0.000433
89,3743.9398,1.000411,0.000433
89,3743.94675,1.000812,0.000433
89,3743.95369,0.999233,0.000433
89,3743.96064,0.999935,0.000433
89,3743.96758,0.999811,0.000433
89,3743.97453,0.999699,0.000433
89,3743.98147,0.999673,0.000433
89,3743.98842,0.999894,0.000433
89,3743.99536,1.000413,0.000433
89,3744.0023,1.000036,0.000433
89,3744.00925,0.999644,0.000433
89,3744.01619,0.999925,0.000433
89,3744.02314,1.00001,0.000433
89,3744.03008,0.999927,0.000433
89,3744.03703,0.99976,0.000433
89,3744.04397,1.000246,0.000433
89,3744.05092,0.999563,0.000433
89,3744.05786,1.000132,0.000433
89,3744.0648,0.999461,0.000433
89,3744.07175,0.999623,0.000433
89,3744.07869,1.000037,0.000433
89,3744.08564,1.000064,0.000433
89,3744.09258,0.999986,0.000433
89,3744.09953,0.999903,0.000433
89,3744.10647,1.000115,0.000433
89,3744.11342,0.999686,0.000433
89,3744.12036,0.999463,0.000433
89,3744.1273,1.000423,0.000433
89,3744.13425,0.999695,0.000433
89,3744.14119,1.000134,0.000433
89,3744.14814,0.999971,0.000433
89,3744.15508,0.999926,0.000433
89,3744.16203,1.000213,0.000433
89,3744.16897,0.999803,0.000433
89,3744.17592,0.999253,0.000433
89,3744.18286,1.000285,0.000433
89,3744.1898,1.000315,0.000433
89,3744.19675,1.00051,0.000433
89,3744.20369,1.000336,0.000433
89,3744.21064,0.999504,0.000433
89,3744.21758,1.000462,0.000433
89,3744.22453,0.999465,0.000433
89,3744.23147,0.999351,0.000433
89,3744.23842,0.999795,0.000433
89,3744.24536,0.999918,0.000433
89,3744.2523,1.000457,0.000433
89,3744.25925,1.000259,0.000434
89,3744.26619,1.00009,0.000433
89,3744.27314,1.000098,0.000433
89,3744.28008,1.000498,0.000434
89,3744.28703,0.999145,0.000433
89,3744.29397,0.998967,0.000433
89,3744.30092,0.999692,0.000433
89,3744.30786,0.9995,0.000433
89,3744.31481,0.999339,0.000433
89,3744.32175,0.998712,0.000433
89,3744.32869,1.000279,0.000434
89,3744.33564,0.999709,0.000433
89,3744.34258,0.999742,0.000434
89,3744.34953,0.999809,0.000434
89,3744.35647,1.000387,0.000434
89,3744.36342,1.000889,0.000434
89,3744.37036,0.999626,0.000434
89,3744.37731,1.000361,0.000434
89,3744.38425,1.000006,0.000434
89,3744.39119,1.000084,0.000434
89,3744.39814,0.999603,0.000433
89,3744.40508,1.000755,0.000434
89,3744.41203,0.999844,0.000434
89,3744.41897,0.999587,0.000434
89,3744.42592,0.999833,0.000433
89,3744.43286,0.99988,0.000433
89,3744.43981,1.000111,0.000434
89,3744.44675,0.999317,0.000434
89,3744.45369,0.99963,0.000434
89,3744.46064,0.999609,0.000434
89,3744.46758,0.999491,0.000434
89,3744.47453,0.99945,0.000434
89,3744.48147,1.00027,0.000434
89,3744.48842,1.000015,0.000434
89,3744.49536,1.000891,0.000434
89,3744.50231,1.000564,0.000434
89,3744.50925,1.000387,0.000434
89,3744.51619,1.00018,0.000434
89,3744.52314,1.001023,0.000434
89,3744.53008,1.000506,0.000434
89,3744.53703,1.000467,0.000434
89,3744.54397,1.000721,0.000434
89,3744.55092,1.000182,0.000434
89,3744.55786,1.000495,0.000434
89,3744.56481,1.000961,0.000434
89,3744.57175,1.000099,0.000434
89,3744.57869,0.999568,0.000434
89,3744.58564,0.999985,0.000434
89,3744.59258,1.000479,0.000434
89,3744.59953,1.000386,0.000434
89,3744.60647,1.000238,0.000434
89,3744.61342,1.001012,0.000434
89,3744.62036,0.999988,0.000434
89,3744.62731,0.999627,0.000434
89,3744.63425,0.99967,0.000434
89,3744.64119,0.99958,0.000434
89,3744.64814,0.999982,0.000434
89,3744.65508,0.999542,0.000434
89,3744.66203,1.000691,0.000434
89,3744.66897,1.000163,0.000434
89,3744.67592,1.000075,0.000434
89,3744.68286,0.999195,0.000434
89,3744.68981,1.000354,0.000434
89,3744.69675,1.000105,0.000434
89,3744.7037,0.99951,0.000434
89,3744.71064,1.000435,0.000434
89,3744.71758,1.000052,0.000434
89,3744.72453,0.999101,0.000434
89,3744.73147,1.000184,0.000434
89,3744.73842,0.999077,0.000434
89,3744.74536,0.999846,0.000434
89,3744.75231,0.999497,0.000434
89,3744.75925,0.999689,0.000434
89,3744.7662,0.99872,0.000434
89,3744.77314,0.99949,0.000434
89,3744.78008,0.999683,0.000434
89,3744.78703,0.999935,0.000434
89,3744.79397,1.000069,0.000435
89,3744.80092,1.000138,0.000435
89,3744.80786,0.999528,0.000434
89,3744.81481,0.998472,0.000434
89,3744.82175,0.999474,0.000434
89,3744.8287,0.99972,0.000435
89,3744.83564,1.000864,0.000435
89,3744.84258,1.000232,0.000435
89,3744.84953,1.000253,0.000435
89,3744.85647,0.999919,0.000435
89,3744.86342,1.000033,0.000435
89,3744.87071,1.000154,0.000486
89,3744.87731,0.998794,0.000435
89,3744.88425,1.000448,0.000435
89,3744.8912,1.000705,0.000435
89,3744.89814,1.000121,0.000435
89,3744.90508,1.000236,0.000435
89,3744.91203,0.998799,0.000435
89,3744.91897,1.000188,0.000435
89,3744.92592,1.000106,0.000435
89,3744.93286,1.000157,0.000435
89,3744.93981,1.000562,0.000435
89,3744.94675,1.001304,0.000435
89,3744.9537,1.000238,0.000435
89,3744.96064,1.000899,0.000435
89,3744.96758,1.000565,0.000435
89,3744.97453,1.000428,0.000435
89,3744.98147,1.000445,0.000435
89,3744.98842,1.000101,0.000435
89,3744.99536,1.000029,0.000435
89,3745.00231,1.000372,0.000435
89,3745.00925,0.99991,0.000435
89,3745.0162,0.999485,0.000435
89,3745.02314,0.999778,0.000435
89,3745.03008,1.000455,0.000435
89,3745.03703,0.999911,0.000435
89,3745.04397,1.000368,0.000435
89,3745.05092,0.999062,0.000436
89,3745.05786,1.000477,0.000436
89,3745.06481,0.999429,0.000436
89,3745.07175,0.999986,0.000435
89,3745.0787,0.999806,0.000436
89,3745.08564,0.999821,0.000436
89,3745.09258,0.999764,0.000436
89,3745.09953,1.000257,0.000436
89,3745.10647,1.000288,0.000436
89,3745.11342,1.000102,0.000436
89,3745.12036,0.999388,0.000436
89,3745.12731,0.999839,0.000436
89,3745.13425,1.000528,0.000436
89,3745.1412,0.999179,0.000436
89,3745.14814,0.999356,0.000436
89,3745.15509,1.000766,0.000436
89,3745.16203,0.999577,0.000436
89,3745.16897,0.999716,0.000436
89,3745.17592,0.999846,0.000436
89,3745.18286,1.000017,0.000436
89,3745.18981,0.999956,0.000436
89,3745.19675,0.999894,0.000436
89,3745.2037,0.999813,0.000436
89,3745.21064,0.999656,0.000436
89,3745.21759,0.999684,0.000436
89,3745.22453,0.998767,0.000436
89,3745.23147,1.000552,0.000437
89,3745.23842,1.00094,0.000437
89,3745.24536,1.001322,0.000437
89,3745.25231,1.000082,0.000437
89,3745.25925,1.000933,0.000437
89,3745.26654,0.999816,0.000488
89,3745.27314,1.000076,0.000437
89,3745.28009,1.000293,0.000437
89,3745.28703,0.999972,0.000437
89,3745.29397,0.999623,0.000437
89,3745.30092,1.000254,0.000437
89,3745.30786,0.99971,0.000437
89,3745.31481,1.000447,0.000437
89,3745.32175,1.000796,0.000437
89,3745.3287,1.000247,0.000437
89,3745.33564,0.999277,0.000437
89,3745.34293,0.999654,0.000489
89,3745.34953,0.999358,0.000437
89,3745.35647,1.000164,0.000438
89,3745.36342,0.999781,0.000438
89,3745.37036,1.000437,0.000438
89,3745.37731,1.000191,0.000438
89,3745.38425,0.999852,0.000438
89,3745.3905,0.999615,0.000489
89,3745.39849,1.000032,0.00049
89,3745.40509,1.000382,0.000489
89,3745.41203,1.000312,0.000438
89,3745.41897,1.00066,0.000438
89,3745.42592,0.999168,0.000438
89,3745.43286,1.000141,0.000438
89,3745.43981,1.000148,0.000438
89,3745.44675,0.999841,0.000438
89,3745.4537,1.000727,0.000439
89,3745.46064,0.99999,0.000438
89,3745.46759,1.000196,0.000439
89,3745.47453,0.999999,0.00049
89,3745.48147,0.999998,0.000439
89,3745.48842,1.000005,0.000439
89,3745.49536,1.000592,0.000439
89,3745.50231,0.999993,0.000439
89,3745.50925,0.999573,0.000439
89,3745.5162,1.000769,0.000439
89,3745.52314,0.999687,0.000439
89,3745.53009,0.999668,0.000439
89,3745.53703,0.999657,0.000439
89,3745.54397,0.999925,0.000439
89,3745.55092,0.99936,0.000439
89,3745.55786,1.000148,0.00044
89,3745.56481,1.000296,0.000439
89,3745.57175,1.000783,0.00044
89,3745.5787,0.999782,0.000439
89,3745.58564,0.999865,0.00044
89,3745.59259,0.999642,0.00044
89,3745.59953,1.000158,0.00044
89,3745.60647,1.000419,0.00044
89,3745.61342,0.999893,0.000492
89,3745.62036,1.00015,0.00044
89,3745.62731,1.000128,0.00044
89,3745.63425,1.000004,0.00044
89,3745.6412,1.000038,0.00044
89,3745.64814,0.999921,0.00044
89,3745.65509,1.000758,0.000441
89,3745.66203,1.000222,0.00044
89,3745.66897,1.00055,0.000441
89,3745.67592,1.00045,0.000441
89,3745.68286,1.000097,0.000441
89,3745.68981,0.99929,0.000441
89,3745.69675,1.000333,0.000441
89,3745.7037,0.999684,0.000441
89,3745.71064,1.000149,0.000441
89,3745.71759,1.000373,0.000441
89,3745.72453,0.999621,0.000441
89,3745.73148,0.99983,0.000441
89,3745.73842,0.999801,0.000442
89,3745.74536,0.99965,0.000442
89,3745.75231,0.999973,0.000442
89,3745.75925,0.999521,0.000442
89,3745.7662,1.000421,0.000442
89,3745.77314,1.00014,0.000442
89,3745.78009,0.999761,0.000442
89,3745.78703,0.999825,0.000442
89,3745.79398,1.000396,0.000442
89,3745.80092,1.000284,0.000442
89,3745.80786,0.999437,0.000442
89,3745.81481,0.999618,0.000443
89,3745.82175,0.9999,0.000443
89,3745.8287,0.999844,0.000443
89,3745.83564,0.999379,0.000443
89,3745.84259,1.000109,0.000443
89,3745.84953,0.999752,0.000443
89,3745.85648,0.999628,0.000443
89,3745.86342,0.999991,0.000443
89,3745.87036,1.000085,0.000443
89,3745.87731,1.000172,0.000444
89,3745.88425,0.999708,0.000444
89,3745.8912,1.000635,0.000444
89,3745.89814,0.999528,0.000444
89,3745.90509,0.999689,0.000444
89,3745.91203,1.000249,0.000444
89,3745.91898,0.999697,0.000444
89,3745.92592,1.00022,0.000444
89,3745.93286,1.000002,0.000444
89,3745.93981,1.000733,0.000444
89,3745.94675,1.000747,0.000444
89,3745.9537,1.00055,0.000445
89,3745.96064,0.999578,0.000444
89,3745.96759,0.999613,0.000444
89,3745.97523,1.000479,0.000497
89,3745.98148,1.00019,0.000445
89,3745.98842,1.000568,0.000445
89,3745.99536,1.000037,0.000445
89,3746.00231,1.000202,0.000445
89,3746.00925,1.000147,0.000445
89,3746.0162,1.000331,0.000445
89,3746.02314,1.000285,0.000445
89,3746.03009,0.999507,0.000446
89,3746.03703,1.000171,0.000446
89,3746.04398,1.000509,0.000446
89,3746.05092,0.999453,0.000498
89,3746.05786,0.999697,0.000446
89,3746.06481,1.000225,0.000446
89,3746.07175,0.999457,0.000446
89,3746.0787,0.999549,0.000447
89,3746.08564,1.000117,0.000447
89,3746.09259,1.000348,0.000447
89,3746.09953,0.999939,0.000447
89,3746.10648,0.999501,0.000447
89,3746.11342,1.000183,0.000447
89,3746.12036,0.999823,0.000448
89,3746.12731,1.000128,0.000448
89,3746.1346,1.000686,0.000501
89,3746.1412,0.999566,0.000448
89,3746.14814,0.999985,0.000448
89,3746.15509,1.000165,0.000448
89,3746.16203,0.999964,0.000449
89,3746.16898,0.999381,0.000449
89,3746.17592,0.999671,0.000449
89,3746.18286,0.999656,0.000449
89,3746.18981,0.999519,0.000449
89,3746.19606,0.999126,0.000502
89,3746.203,1.000237,0.000503
89,3746.21064,0.999785,0.00045
89,3746.21759,1.000642,0.00045
89,3746.22453,0.999924,0.00045
89,3746.23148,0.999588,0.00045
89,3746.23842,0.999836,0.00045
89,3746.24536,0.999635,0.000451
89,3746.25231,0.99964,0.000451
89,3746.25925,0.998952,0.000451
89,3746.2662,0.999964,0.000451
89,3746.27314,0.999507,0.000451
89,3746.28009,0.999545,0.000451
89,3746.28703,0.999838,0.000452
89,3746.29398,1.000058,0.000452
89,3746.30092,0.999417,0.000452
89,3746.30786,0.999939,0.000452
89,3746.31481,1.000282,0.000452
89,3746.32175,1.000384,0.000453
89,3746.3287,1.000753,0.000453
89,3746.33564,1.000497,0.000453
89,3746.34259,0.99992,0.000453
89,3746.34953,1.000604,0.000453
89,3746.35648,0.999961,0.000453
89,3746.36342,1.00058,0.000454
89,3746.37036,1.000045,0.000454
89,3746.37696,0.999927,0.000508
89,3746.38425,1.000371,0.000454
89,3746.3912,1.001409,0.000454
89,3746.39814,0.999394,0.000454
89,3746.40509,1.000047,0.000454
89,3746.41203,0.9997,0.000455
89,3746.41898,0.999778,0.000455
89,3746.42592,0.999135,0.000455
89,3746.43287,0.999453,0.000455
89,3746.43981,1.000061,0.000455
89,3746.44675,1.000032,0.000455
89,3746.4537,1.000963,0.000455
89,3746.46064,1.00004,0.000455
89,3746.46759,1.000062,0.000456
89,3746.47453,1.000039,0.000456
89,3746.48148,1.001237,0.00051
89,3746.48842,0.999345,0.000456
89,3746.49537,0.999627,0.000457
89,3746.50231,1.000227,0.000457
89,3746.50925,0.999922,0.000457
89,3746.5162,1.000093,0.000457
89,3746.52314,1.000111,0.000458
89,3746.53009,0.999624,0.000457
89,3746.53703,0.999434,0.000458
89,3746.54398,0.998509,0.000458
89,3746.55092,0.999773,0.000458
89,3746.55787,0.99983,0.000459
89,3746.56481,1.000408,0.000459
89,3746.57175,0.999865,0.000459
89,3746.5787,0.999297,0.000459
89,3746.58564,0.999592,0.000459
89,3746.59259,0.999581,0.000459
89,3746.59953,1.000158,0.00046
89,3746.60648,1.000304,0.00046
89,3746.61342,0.999731,0.00046
89,3746.62037,0.999263,0.00046
89,3746.62731,1.000178,0.000461
89,3746.63425,1.000363,0.000461
89,3746.6412,0.999721,0.000461
89,3746.64814,0.999521,0.000461
89,3746.65509,0.99926,0.000462
89,3746.66203,0.999853,0.000462
89,3746.66898,1.000345,0.000462
89,3746.67592,1.000149,0.000462
89,3746.68287,0.999645,0.000462
89,3746.68842,1.000219,0.000597
90,3747.2662,0.999916,0.000421
90,3747.27314,1.000263,0.000421
90,3747.28009,0.99981,0.000421
90,3747.28703,0.999204,0.00042
90,3747.29398,1.000057,0.00042
90,3747.30092,1.000523,0.00042
90,3747.30787,1.000145,0.00042
90,3747.31481,0.999994,0.00042
90,3747.32175,0.999597,0.00042
90,3747.3287,0.999461,0.00042
90,3747.33564,0.999652,0.000419
90,3747.34259,0.99997,0.000419
90,3747.34953,0.999469,0.000419
90,3747.35648,1.000407,0.000419
90,3747.36342,0.999636,0.000419
90,3747.37037,1.000106,0.000419
90,3747.37731,1.0001,0.000419
90,3747.38425,1.000105,0.000418
90,3747.3912,1.000306,0.000418
90,3747.39814,1.000437,0.000418
90,3747.40509,0.999422,0.000418
90,3747.41203,1.000377,0.000418
90,3747.41898,1.000075,0.000417
90,3747.42592,0.99973,0.000417
90,3747.43287,0.999757,0.000417
90,3747.43981,0.999746,0.000417
90,3747.44675,1.000761,0.000417
90,3747.4537,1.00011,0.000416
90,3747.46064,1.000819,0.000416
90,3747.46759,1.000471,0.000416
90,3747.47453,1.000764,0.000416
90,3747.48148,0.999907,0.000416
90,3747.48842,0.999571,0.000416
90,3747.49537,0.999682,0.000416
90,3747.50231,1.000101,0.000416
90,3747.50925,0.999702,0.000416
90,3747.5162,0.999861,0.000416
90,3747.52314,1.000029,0.000416
90,3747.53009,1.000326,0.000416
90,3747.53703,0.99979,0.000416
90,3747.54398,0.999911,0.000416
90,3747.55092,0.999527,0.000416
90,3747.55787,0.999733,0.000416
90,3747.56481,1.000203,0.000416
90,3747.57175,0.998935,0.000416
90,3747.5787,0.999377,0.000416
90,3747.58564,0.99981,0.000416
90,3747.59259,0.99975,0.000416
90,3747.59953,1.000771,0.000416
90,3747.60648,1.000158,0.000416
90,3747.61342,1.000453,0.000416
90,3747.62037,0.999966,0.000416
90,3747.62731,1.000614,0.000416
90,3747.63425,0.999697,0.000415
90,3747.6412,0.999679,0.000415
90,3747.64814,0.999951,0.000415
90,3747.65509,0.999441,0.000415
90,3747.66203,0.999399,0.000416
90,3747.66898,1.000126,0.000415
90,3747.67592,0.999263,0.000415
90,3747.68287,1.000217,0.000415
90,3747.68981,0.999999,0.000415
90,3747.69675,1.000179,0.000415
90,3747.7037,1.001315,0.000416
90,3747.71064,0.999005,0.000415
90,3747.71759,1.000534,0.000415
90,3747.72453,1.00005,0.000415
90,3747.73148,1.000059,0.000415
90,3747.73842,0.999857,0.000415
90,3747.74537,0.999932,0.000415
90,3747.75231,1.000509,0.000415
90,3747.75925,0.999829,0.000415
90,3747.7662,1.000059,0.000415
90,3747.77314,1.000749,0.000415
90,3747.78009,0.999755,0.000415
90,3747.78703,1.000045,0.000415
90,3747.79398,1.000299,0.000415
90,3747.80092,1.000106,0.000415
90,3747.80856,0.999265,0.000379
90,3747.8162,0.999446,0.000415
90,3747.82314,0.999329,0.000415
90,3747.83009,1.000422,0.000415
90,3747.83703,1.00012,0.000415
90,3747.84398,1.000661,0.000415
90,3747.85092,0.99965,0.000415
90,3747.85787,0.999952,0.000415
90,3747.86481,1.00012,0.000415
90,3747.87175,1.000166,0.000415
90,3747.8787,0.999924,0.000415
90,3747.88564,0.999263,0.000415
90,3747.89259,0.999713,0.000415
90,3747.89953,0.999782,0.000415
90,3747.90648,1.000662,0.000415
90,3747.91342,1.000353,0.000415
90,3747.92037,1.000264,0.000415
90,3747.92731,0.999581,0.000415
90,3747.93425,0.999629,0.000415
90,3747.9412,1.000201,0.000415
90,3747.94814,1.000097,0.000415
90,3747.95509,0.999769,0.000415
90,3747.96203,0.999301,0.000415
90,3747.96898,0.999831,0.000415
90,3747.97592,0.9998,0.000415
90,3747.98287,1.000082,0.000415
90,3747.98981,1.000693,0.000415
90,3747.99675,1.000392,0.000415
90,3748.0037,1.000736,0.000415
90,3748.01064,0.999602,0.000415
90,3748.01759,1.000579,0.000415
90,3748.02453,0.999941,0.000415
90,3748.03148,0.999933,0.000415
90,3748.03842,1.000123,0.000415
90,3748.04537,0.99916,0.000415
90,3748.05231,1.000655,0.000415
90,3748.05925,1.000122,0.000415
90,3748.0662,1.000203,0.000415
90,3748.07314,0.999733,0.000415
90,3748.08009,0.999799,0.000415
90,3748.08703,0.999559,0.000415
90,3748.09398,0.999929,0.000415
90,3748.10092,1.000305,0.000415
90,3748.10787,0.999592,0.000415
90,3748.11481,0.999647,0.000415
90,3748.12175,0.999907,0.000415
90,3748.1287,0.999148,0.000415
90,3748.13564,0.998648,0.000414
90,3748.14259,1.000189,0.000415
90,3748.14953,0.99956,0.000415
90,3748.15648,1.000494,0.000415
90,3748.16342,1.000152,0.000415
90,3748.17037,1.000261,0.000415
90,3748.17731,0.9993,0.000415
90,3748.18425,1.000177,0.000415
90,3748.1912,1.000078,0.000415
90,3748.19814,1.000708,0.000415
90,3748.20509,1.000749,0.000415
90,3748.21203,0.999002,0.000414
90,3748.21898,1.000206,0.000415
90,3748.22592,1.000198,0.000415
90,3748.23287,0.999858,0.000415
90,3748.23981,1.000288,0.000415
90,3748.24675,1.000547,0.000415
90,3748.2537,1.000742,0.000415
90,3748.26064,1.000027,0.000414
90,3748.26759,1.00013,0.000415
90,3748.27453,1.000327,0.000415
90,3748.28148,0.999651,0.000414
90,3748.28842,1.000164,0.000415
90,3748.29537,0.999974,0.000414
90,3748.30231,1.000346,0.000414
90,3748.30925,1.000655,0.000415
90,3748.3162,0.999603,0.000414
90,3748.32314,1.000461,0.000415
90,3748.33009,1.000192,0.000414
90,3748.33703,1.00026,0.000415
90,3748.34398,0.999894,0.000414
90,3748.35092,1.00039,0.000414
90,3748.35787,1.000305,0.000414
90,3748.36481,1.000049,0.000415
90,3748.37175,0.999282,0.000414
90,3748.3787,1.000764,0.000414
90,3748.38564,0.999945,0.000414
90,3748.39259,0.999429,0.000414
90,3748.39953,1.000715,0.000414
90,3748.40648,0.999761,0.000414
90,3748.41342,0.999617,0.000414
90,3748.42036,0.999505,0.000414
90,3748.42731,0.999869,0.000414
90,3748.43425,0.999899,0.000414
90,3748.4412,0.999525,0.000414
90,3748.44814,1.000414,0.000414
90,3748.45509,0.999609,0.000414
90,3748.46203,1.000637,0.000414
90,3748.46898,0.999965,0.000414
90,3748.47592,0.998731,0.000414
90,3748.48286,0.999852,0.000414
90,3748.48981,1.000278,0.000414
90,3748.49675,0.999946,0.000414
90,3748.5037,0.998865,0.000414
90,3748.51064,0.99964,0.000414
90,3748.51759,1.000053,0.000414
90,3748.52453,0.999875,0.000414
90,3748.53148,1.000677,0.000414
90,3748.53842,1.000042,0.000414
90,3748.54536,0.999442,0.000414
90,3748.55231,1.000258,0.000414
90,3748.55925,1.000236,0.000414
90,3748.5662,1.000274,0.000414
90,3748.57314,0.999741,0.000414
90,3748.58009,1.000213,0.000414
90,3748.58703,1.000572,0.000414
90,3748.59398,0.999956,0.000414
90,3748.60092,0.999066,0.000414
90,3748.60786,1.000806,0.000414
90,3748.61481,1.000384,0.000414
90,3748.62175,0.999527,0.000414
90,3748.6287,0.999987,0.000414
90,3748.63564,0.999798,0.000414
90,3748.64259,0.999858,0.000414
90,3748.64953,1.000196,0.000414
90,3748.65648,1.000687,0.000414
90,3748.66342,1.000484,0.000414
90,3748.67036,1.000161,0.000414
90,3748.67731,0.999653,0.000414
90,3748.68425,1.000052,0.000414
90,3748.6912,1.000004,0.000414
90,3748.69814,0.999893,0.000414
90,3748.70509,1.000947,0.000414
90,3748.71203,1.000021,0.000414
90,3748.71898,0.999392,0.000414
90,3748.72592,0.999718,0.000414
90,3748.73286,0.99992,0.000414
90,3748.73981,1.00005,0.000414
90,3748.74675,0.999473,0.000413
90,3748.7537,1.000759,0.000414
90,3748.76064,1.000054,0.000413
90,3748.76759,1.000045,0.000413
90,3748.77453,0.999357,0.000413
90,3748.78148,1.000085,0.000414
90,3748.78842,0.999703,0.000414
90,3748.79536,0.99999,0.000413
90,3748.80231,1.000006,0.000414
90,3748.80925,1.000004,0.000414
90,3748.8162,1.000391,0.000413
90,3748.82314,1.000372,0.000414
90,3748.83009,0.999913,0.000414
90,3748.83703,0.999544,0.000414
90,3748.84398,0.999611,0.000414
90,3748.85092,1.00055,0.000414
90,3748.85786,0.999622,0.000414
90,3748.86481,0.999684,0.000414
90,3748.87175,0.999708,0.000414
90,3748.8787,0.999517,0.000414
90,3748.88564,0.999572,0.000414
90,3748.89259,1.000153,0.000414
90,3748.89953,1.000375,0.000414
90,3748.90648,0.999521,0.000414
90,3748.91342,0.999609,0.000414
90,3748.92036,0.999399,0.000414
90,3748.92731,0.999342,0.000414
90,3748.93425,0.999277,0.000414
90,3748.9412,1.000105,0.000414
90,3748.94814,0.999946,0.000414
90,3748.95509,1.000122,0.000414
90,3748.96203,0.999583,0.000414
90,3748.96898,0.999717,0.000414
90,3748.97592,1.000023,0.000414
90,3748.98286,0.99966,0.000414
90,3748.98981,1.000212,0.000414
90,3748.99675,0.999902,0.000414
90,3749.0037,0.999949,0.000414
90,3749.01064,0.999937,0.000414
90,3749.01759,1.000001,0.000414
90,3749.02453,0.999604,0.000414
90,3749.03147,0.999867,0.000414
90,3749.03842,1.000268,0.000414
90,3749.04536,0.999886,0.000414
90,3749.05231,1.0002,0.000414
90,3749.05925,1.000718,0.000414
90,3749.0662,1.0001,0.000414
90,3749.07314,0.999192,0.000414
90,3749.08009,0.99914,0.000414
90,3749.08703,1.000362,0.000414
90,3749.09397,0.999918,0.000414
90,3749.10092,0.999707,0.000414
90,3749.10786,0.999788,0.000414
90,3749.11481,0.999801,0.000414
90,3749.12175,0.999896,0.000414
90,3749.1287,1.000432,0.000414
90,3749.13564,0.999859,0.000414
90,3749.14259,1.000265,0.000414
90,3749.14953,1.000343,0.000414
90,3749.15647,1.00041,0.000414
90,3749.16342,0.999643,0.000414
90,3749.17036,1.000236,0.000414
90,3749.17731,1.000582,0.000414
90,3749.18425,0.999811,0.000414
90,3749.1912,1.000115,0.000414
90,3749.19814,1.000603,0.000414
90,3749.20509,1.000094,0.000414
90,3749.21203,0.99963,0.000414
90,3749.21897,0.99958,0.000414
90,3749.22592,1.000118,0.000414
90,3749.23286,1.000081,0.000414
90,3749.23981,0.999556,0.000414
90,3749.24675,1.000094,0.000414
90,3749.2537,0.999872,0.000414
90,3749.26064,1.000885,0.000414
90,3749.26759,0.999926,0.000414
90,3749.27453,1.000213,0.000414
90,3749.28147,0.999747,0.000414
90,3749.28842,0.999634,0.000414
90,3749.29536,0.999924,0.000414
90,3749.30231,0.999929,0.000414
90,3749.30925,0.999608,0.000414
90,3749.3162,0.999135,0.000414
90,3749.32314,0.999896,0.000414
90,3749.33009,0.999854,0.000414
90,3749.33703,0.999441,0.000414
90,3749.34397,1.000405,0.000414
90,3749.35092,0.999683,0.000414
90,3749.35786,1.000685,0.000414
90,3749.36481,1.000493,0.000414
90,3749.37175,1.000299,0.000414
90,3749.3787,1.000074,0.000414
90,3749.38564,1.000166,0.000414
90,3749.39259,1.000512,0.000414
90,3749.39953,1.000641,0.000414
90,3749.40647,0.999481,0.000414
90,3749.41342,1.000323,0.000414
90,3749.42036,0.999727,0.000414
90,3749.42731,1.000224,0.000414
90,3749.4346,0.999808,0.000463
90,3749.4412,1.000873,0.000414
90,3749.44814,1.000187,0.000414
90,3749.45508,1.000466,0.000414
90,3749.46203,0.999874,0.000414
90,3749.46897,1.000074,0.000414
90,3749.47592,0.999698,0.000414
90,3749.48286,1.000063,0.000414
90,3749.48981,0.999621,0.000414
90,3749.49675,0.999629,0.000414
90,3749.5037,0.999991,0.000414
90,3749.51064,0.999802,0.000414
90,3749.51758,0.999677,0.000414
90,3749.52453,0.999411,0.000414
90,3749.53147,1.000201,0.000414
90,3749.53842,1.000375,0.000414
90,3749.54536,1.000066,0.000414
90,3749.55231,0.999662,0.000414
90,3749.55925,0.999447,0.000414
90,3749.5662,0.999735,0.000414
90,3749.57314,1.000271,0.000414
90,3749.58008,0.999965,0.000414
90,3749.58703,1.000427,0.000414
90,3749.59397,0.999823,0.000414
90,3749.60092,1.000016,0.000414
90,3749.60786,1.00037,0.000414
90,3749.61481,1.000461,0.000414
90,3749.62175,0.999661,0.000414
90,3749.6287,1.000096,0.000414
90,3749.63564,1.000324,0.000414
90,3749.64258,1.000705,0.000414
90,3749.64953,1.000482,0.000414
90,3749.65647,0.999423,0.000414
90,3749.66342,0.999454,0.000414
90,3749.67036,1.000534,0.000414
90,3749.67731,0.99982,0.000414
90,3749.68425,0.999145,0.000414
90,3749.6912,0.998832,0.000414
90,3749.69814,0.999995,0.000414
90,3749.70508,1.000398,0.000414
90,3749.71203,0.999067,0.000414
90,3749.71897,0.99981,0.000414
90,3749.72592,0.999381,0.000414
90,3749.73321,1.000566,0.000463
90,3749.73981,1.000218,0.000414
90,3749.74675,1.000196,0.000414
90,3749.7537,1.0,0.000414
90,3749.76064,0.999428,0.000414
90,3749.76758,1.000175,0.000414
90,3749.77453,1.000227,0.000414
90,3749.78147,0.999667,0.000414
90,3749.78842,1.000144,0.000414
90,3749.79536,0.999673,0.000414
90,3749.80231,0.999977,0.000414
90,3749.80925,0.999813,0.000414
90,3749.81619,0.999614,0.000414
90,3749.82314,1.001075,0.000414
90,3749.83008,1.000028,0.000414
90,3749.83703,1.000319,0.000414
90,3749.84397,0.999798,0.000414
90,3749.85092,1.000381,0.000414
90,3749.85786,1.000258,0.000414
90,3749.86481,0.9997,0.000414
90,3749.87175,1.00017,0.000414
90,3749.87869,1.000123,0.000414
90,3749.88564,1.000673,0.000414
90,3749.89258,1.000563,0.000414
90,3749.89953,0.99974,0.000414
90,3749.90647,1.000574,0.000414
90,3749.91342,1.000013,0.000414
90,3749.92036,1.00077,0.000414
90,3749.92731,0.99987,0.000414
90,3749.93425,1.000635,0.000414
90,3749.94119,0.999394,0.000414
90,3749.94814,0.999726,0.000414
90,3749.95508,1.000164,0.000414
90,3749.96203,1.000615,0.000414
90,3749.96897,0.999583,0.000414
90,3749.97592,1.000119,0.000414
90,3749.98286,0.999984,0.000414
90,3749.98981,1.000441,0.000414
90,3749.99675,0.99998,0.000414
90,3750.00369,1.000567,0.000414
90,3750.01064,0.99975,0.000414
90,3750.01758,0.999283,0.000414
90,3750.02453,1.000053,0.000414
90,3750.03147,1.000055,0.000414
90,3750.03842,0.999424,0.000414
90,3750.04536,1.000217,0.000414
90,3750.05231,1.000446,0.000414
90,3750.05925,0.999266,0.000414
90,3750.06619,1.000154,0.000414
90,3750.07314,1.000056,0.000414
90,3750.08008,0.99984,0.000414
90,3750.08703,1.00064,0.000414
90,3750.09397,0.999623,0.000414
90,3750.10092,1.000031,0.000414
90,3750.10786,1.000528,0.000414
90,3750.1148,0.999996,0.000414
90,3750.12175,1.000037,0.000414
90,3750.12869,0.999598,0.000414
90,3750.13564,1.00058,0.000414
90,3750.14258,1.000056,0.000414
90,3750.14953,0.999657,0.000414
90,3750.15647,1.000045,0.000414
90,3750.16342,0.999628,0.000414
90,3750.17036,0.99986,0.000414
90,3750.1773,0.999332,0.000414
90,3750.18425,0.999865,0.000414
90,3750.19119,1.000073,0.000414
90,3750.19814,0.999818,0.000414
90,3750.20508,1.000142,0.000414
90,3750.21203,1.000082,0.000414
90,3750.21897,0.99972,0.000414
90,3750.22592,0.999934,0.000414
90,3750.23286,1.000584,0.000414
90,3750.2398,1.000442,0.000414
90,3750.24675,1.00036,0.000414
90,3750.25369,0.999917,0.000414
90,3750.26064,0.999878,0.000414
90,3750.26758,1.000353,0.000414
90,3750.27453,1.000718,0.000414
90,3750.28147,0.999916,0.000414
90,3750.28842,1.000396,0.000414
90,3750.29536,0.999673,0.000414
90,3750.3023,0.999466,0.000414
90,3750.30925,1.000364,0.000414
90,3750.31619,0.999446,0.000414
90,3750.32314,0.999874,0.000414
90,3750.33008,0.999975,0.000414
90,3750.33703,0.999422,0.000414
90,3750.34397,1.000109,0.000414
90,3750.35092,1.000129,0.000414
90,3750.35786,1.000589,0.000414
90,3750.3648,1.000037,0.000414
90,3750.37175,1.000311,0.000414
90,3750.37869,1.000067,0.000414
90,3750.38564,1.000445,0.000414
90,3750.39258,1.000413,0.000414
90,3750.39953,0.999952,0.000414
90,3750.40647,0.999557,0.000414
90,3750.41341,0.999623,0.000414
90,3750.42036,1.000132,0.000414
90,3750.4273,0.999503,0.000414
90,3750.43425,0.999769,0.000414
90,3750.44119,1.000312,0.000414
90,3750.44814,0.999309,0.000414
90,3750.45508,1.000782,0.000414
90,3750.46203,0.999261,0.000414
90,3750.46897,0.999927,0.000414
90,3750.47591,0.999669,0.000414
90,3750.48286,1.000684,0.000414
90,3750.4898,1.000378,0.000414
90,3750.49675,0.999378,0.000414
90,3750.50369,0.999644,0.000414
90,3750.51064,1.00021,0.000414
90,3750.51758,1.000124,0.000414
90,3750.52453,0.999339,0.000414
90,3750.53147,1.0,0.000414
90,3750.53841,1.000387,0.000414
90,3750.54536,0.999719,0.000414
90,3750.5523,1.000339,0.000414
90,3750.55925,0.999542,0.000414
90,3750.56619,1.000706,0.000414
90,3750.57314,0.999478,0.000414
90,3750.58008,0.999896,0.000414
90,3750.58668,0.999972,0.000463
90,3750.59397,1.000047,0.000414
90,3750.60091,0.999552,0.000414
90,3750.60786,1.000081,0.000414
90,3750.6148,1.000195,0.000414
90,3750.62175,1.000117,0.000414
90,3750.62869,0.999707,0.000414
90,3750.63564,0.999655,0.000414
90,3750.64258,0.999801,0.000414
90,3750.64952,0.99998,0.000414
90,3750.65647,1.000646,0.000414
90,3750.66341,0.999334,0.000414
90,3750.67036,1.000196,0.000414
90,3750.6773,0.999437,0.000414
90,3750.68425,0.999279,0.000414
90,3750.69119,0.999497,0.000414
90,3750.69814,1.000248,0.000414
90,3750.70508,0.999653,0.000414
90,3750.71202,1.000155,0.000414
90,3750.71897,1.000564,0.000414
90,3750.72591,1.000796,0.000414
90,3750.73286,1.000293,0.000414
90,3750.7398,1.000673,0.000414
90,3750.74675,1.000319,0.000414
90,3750.75369,0.999743,0.000414
90,3750.76064,1.000696,0.000414
90,3750.76758,0.999715,0.000414
90,3750.77452,0.999971,0.000414
90,3750.78147,1.000208,0.000414
90,3750.78841,1.000685,0.000414
90,3750.79536,1.000071,0.000414
90,3750.8023,0.999941,0.000414
90,3750.80925,0.999862,0.000414
90,3750.81619,1.000152,0.000414
90,3750.82314,0.999843,0.000414
90,3750.83008,0.999583,0.000414
90,3750.83702,0.999437,0.000414
90,3750.84397,1.00069,0.000414
90,3750.85091,0.999591,0.000414
90,3750.85786,1.000436,0.000414
90,3750.8648,1.000012,0.000414
90,3750.87175,0.999991,0.000414
90,3750.87869,1.000307,0.000414
90,3750.88563,1.000207,0.000414
90,3750.89258,0.999933,0.000414
90,3750.89952,0.999563,0.000414
90,3750.90647,1.0002,0.000414
90,3750.91341,0.99983,0.000414
90,3750.92036,1.00006,0.000414
90,3750.9273,1.000044,0.000414
90,3750.93425,1.000119,0.000414
90,3750.94119,0.999902,0.000414
90,3750.94813,1.000137,0.000414
90,3750.95508,1.000153,0.000414
90,3750.96202,0.999273,0.000414
90,3750.96897,0.999579,0.000414
90,3750.97591,0.999846,0.000414
90,3750.98286,0.999462,0.000414
90,3750.9898,0.999876,0.000414
90,3750.99675,0.999409,0.000414
90,3751.00369,1.000006,0.000414
90,3751.01063,1.000757,0.000414
90,3751.01758,0.999883,0.000414
90,3751.02452,0.99967,0.000414
90,3751.03147,0.999768,0.000414
90,3751.03841,1.000073,0.000414
90,3751.04536,1.00079,0.000414
90,3751.0523,0.999578,0.000414
90,3751.05925,0.99982,0.000414
90,3751.06619,1.000953,0.000414
90,3751.07313,0.999514,0.000414
90,3751.08008,0.999504,0.000414
90,3751.08702,0.999682,0.000414
90,3751.09397,0.999615,0.000414
90,3751.10091,0.999471,0.000414
90,3751.10786,1.000237,0.000414
90,3751.1148,0.999075,0.000414
90,3751.12174,1.000718,0.000414
90,3751.12869,1.000066,0.000414
90,3751.13563,1.000039,0.000414
90,3751.14258,1.000633,0.000414
90,3751.14952,1.001228,0.000414
90,3751.15647,1.000398,0.000414
90,3751.16341,1.000108,0.000414
90,3751.17036,0.99959,0.000414
90,3751.1773,1.000301,0.000414
90,3751.18424,1.000687,0.000414
90,3751.19119,1.000271,0.000414
90,3751.19813,1.000521,0.000414
90,3751.20508,1.000154,0.000414
90,3751.21202,0.999889,0.000414
90,3751.21897,1.000301,0.000414
90,3751.22591,1.000449,0.000414
90,3751.23286,0.999834,0.000414
90,3751.2398,0.999878,0.000414
90,3751.24674,1.000226,0.000414
90,3751.25369,0.999605,0.000414
90,3751.26063,0.999505,0.000414
90,3751.26758,0.999624,0.000414
90,3751.27452,1.000002,0.000414
90,3751.28147,0.99961,0.000414
90,3751.28841,0.999566,0.000414
90,3751.29536,1.000575,0.000414
90,3751.3023,0.999767,0.000414
90,3751.30924,1.000207,0.000414
90,3751.31619,0.99972,0.000414
90,3751.32313,0.999547,0.000414
90,3751.33008,1.000989,0.000414
90,3751.33702,0.999963,0.000414
90,3751.34397,0.999804,0.000414
90,3751.35091,1.000277,0.000414
90,3751.35785,0.999276,0.000414
90,3751.3648,0.999944,0.000414
90,3751.37174,0.99997,0.000414
90,3751.37869,0.999608,0.000414
90,3751.38563,1.000342,0.000414
90,3751.39258,1.000341,0.000414
90,3751.39952,0.999293,0.000414
90,3751.40647,1.00052,0.000414
90,3751.41341,0.999506,0.000414
90,3751.42035,0.999596,0.000414
90,3751.4273,0.99954,0.000414
90,3751.43424,1.000312,0.000414
90,3751.44119,1.00058,0.000414
90,3751.44813,1.000309,0.000414
90,3751.45508,1.000383,0.000414
90,3751.46202,0.999602,0.000414
90,3751.46897,1.000028,0.000414
90,3751.47591,1.00042,0.000414
90,3751.48285,1.000248,0.000414
90,3751.4898,1.000183,0.000414
90,3751.49674,0.999898,0.000414
90,3751.50369,0.999915,0.000414
90,3751.51063,1.000179,0.000414
90,3751.51758,1.000382,0.000414
90,3751.52452,1.000309,0.000414
90,3751.53146,0.999886,0.000414
90,3751.53841,1.000063,0.000414
90,3751.54535,1.000226,0.000414
90,3751.5523,1.00095,0.000414
90,3751.55924,0.999832,0.000414
90,3751.56619,0.999813,0.000414
90,3751.57313,0.999869,0.000414
90,3751.58008,0.999779,0.000414
90,3751.58702,1.000258,0.000414
90,3751.59396,0.999955,0.000414
90,3751.60091,0.999982,0.000414
90,3751.60785,0.999604,0.000414
90,3751.6148,1.000016,0.000414
90,3751.62174,0.999616,0.000414
90,3751.62869,0.999899,0.000414
90,3751.63563,1.000349,0.000414
90,3751.64258,1.000111,0.000414
90,3751.64952,1.000234,0.000414
90,3751.65646,1.001053,0.000414
90,3751.66341,1.000343,0.000414
90,3751.67035,1.000005,0.000414
90,3751.6773,0.999947,0.000414
90,3751.68424,0.999612,0.000414
90,3751.69119,0.999941,0.000414
90,3751.69813,0.999398,0.000414
90,3751.70507,0.999502,0.000414
90,3751.71202,0.999586,0.000414
90,3751.71896,0.999749,0.000414
90,3751.72591,1.000425,0.000414
90,3751.73285,0.999892,0.000414
90,3751.7398,0.999875,0.000414
90,3751.74674,0.999366,0.000414
90,3751.75369,1.000189,0.000414
90,3751.76063,0.999792,0.000414
90,3751.76757,1.000096,0.000414
90,3751.77452,0.999298,0.000414
90,3751.78146,1.000347,0.000414
90,3751.78841,0.999641,0.000414
90,3751.79535,0.99988,0.000414
90,3751.8023,0.99975,0.000414
90,3751.80924,1.000156,0.000414
90,3751.81619,0.999757,0.000414
90,3751.82313,1.000576,0.000414
90,3751.83007,1.000989,0.000414
90,3751.83702,1.000121,0.000414
90,3751.84396,1.000109,0.000414
90,3751.85091,1.000623,0.000414
90,3751.85785,0.999572,0.000414
90,3751.8648,1.000532,0.000414
90,3751.87174,1.00044,0.000414
90,3751.87869,1.000119,0.000414
90,3751.88563,1.000764,0.000414
90,3751.89257,0.999432,0.000414
90,3751.89952,0.999784,0.000414
90,3751.90646,1.000113,0.000414
90,3751.91341,0.999251,0.000414
90,3751.92035,0.999905,0.000414
90,3751.9273,0.999909,0.000414
90,3751.93424,0.999901,0.000414
90,3751.94118,1.00053,0.000414
90,3751.94813,1.000235,0.000414
90,3751.95507,0.999939,0.000414
90,3751.96202,1.000336,0.000414
90,3751.96896,0.999846,0.000414
90,3751.97591,1.000128,0.000414
90,3751.98285,1.000309,0.000414
90,3751.9898,1.000067,0.000414
90,3751.99674,0.999923,0.000414
90,3752.00368,1.00052,0.000414
90,3752.01063,0.999446,0.000414
90,3752.01757,1.000416,0.000414
90,3752.02452,1.000147,0.000414
90,3752.03146,1.000729,0.000414
90,3752.03841,0.999831,0.000414
90,3752.04535,0.998893,0.000414
90,3752.0523,0.999789,0.000414
90,3752.05924,1.000178,0.000414
90,3752.06618,1.000038,0.000414
90,3752.07313,1.000469,0.000414
90,3752.08007,1.000026,0.000414
90,3752.08702,1.000558,0.000414
90,3752.09396,1.000051,0.000414
90,3752.10091,0.999689,0.000414
90,3752.10785,0.999645,0.000414
90,3752.11479,0.999745,0.000414
90,3752.12174,0.999431,0.000414
90,3752.12868,0.999228,0.000414
90,3752.13563,1.000168,0.000414
90,3752.14257,1.000178,0.000414
90,3752.14952,0.999377,0.000414
90,3752.15646,1.000229,0.000414
90,3752.16341,0.999426,0.000414
90,3752.17035,1.000625,0.000414
90,3752.17729,0.999641,0.000414
90,3752.18424,0.999751,0.000414
90,3752.19118,0.998887,0.000414
90,3752.19813,0.999955,0.000414
90,3752.20507,1.00015,0.000414
90,3752.21202,1.000134,0.000414
90,3752.21896,1.000624,0.000414
90,3752.22591,1.000055,0.000414
90,3752.23285,0.99938,0.000414
90,3752.23979,0.999409,0.000414
90,3752.24674,1.000262,0.000414
90,3752.25368,1.000773,0.000414
90,3752.26063,1.000463,0.000414
90,3752.26757,0.999452,0.000414
90,3752.27452,1.000189,0.000414
90,3752.28146,0.999494,0.000414
90,3752.2884,0.99984,0.000414
90,3752.29535,0.999927,0.000414
90,3752.30229,0.999674,0.000414
90,3752.30924,0.999601,0.000414
90,3752.31618,0.999602,0.000414
90,3752.32313,0.999043,0.000414
90,3752.33007,0.999939,0.000414
90,3752.33702,0.999518,0.000414
90,3752.34396,0.999941,0.000414
90,3752.3509,1.000212,0.000414
90,3752.35785,1.000828,0.000414
90,3752.36479,1.000371,0.000414
90,3752.37174,1.000472,0.000414
90,3752.37868,1.000849,0.000414
90,3752.38563,0.999897,0.000414
90,3752.39257,1.000381,0.000414
90,3752.39952,1.000068,0.000414
90,3752.40646,1.000544,0.000414
90,3752.4134,1.0008,0.000414
90,3752.42035,1.00048,0.000414
90,3752.42729,1.000075,0.000414
90,3752.43424,1.000537,0.000414
90,3752.44118,0.999819,0.000414
90,3752.44813,1.000294,0.000414
90,3752.45507,1.000402,0.000414
90,3752.46201,0.999932,0.000414
90,3752.46896,0.999744,0.000414
90,3752.4759,1.000086,0.000414
90,3752.48285,1.000301,0.000414
90,3752.48979,0.999764,0.000414
90,3752.49674,1.000033,0.000414
90,3752.50368,1.000126,0.000414
90,3752.51063,0.999831,0.000414
90,3752.51757,0.999901,0.000414
90,3752.52451,1.000316,0.000414
90,3752.53146,0.999815,0.000414
90,3752.5384,0.999052,0.000414
90,3752.54535,1.000346,0.000414
90,3752.55229,0.999809,0.000414
90,3752.55924,0.999842,0.000414
90,3752.56618,1.000348,0.000414
90,3752.57312,0.999886,0.000414
90,3752.58007,0.999879,0.000414
90,3752.58701,0.99961,0.000414
90,3752.59396,0.999367,0.000414
90,3752.6009,1.00012,0.000414
90,3752.60785,1.000268,0.000414
90,3752.61479,0.999666,0.000414
90,3752.62174,1.00003,0.000414
90,3752.62868,0.999894,0.000414
90,3752.63562,0.999607,0.000414
90,3752.64257,0.999863,0.000414
90,3752.64951,0.999806,0.000414
90,3752.65646,0.999973,0.000414
90,3752.6634,0.999913,0.000414
90,3752.67035,1.000012,0.000414
90,3752.67729,1.000005,0.000414
90,3752.68424,0.999176,0.000414
90,3752.69118,1.000034,0.000414
90,3752.69812,0.999687,0.000414
90,3752.70507,1.000391,0.000414
90,3752.71201,0.999848,0.000414
90,3752.71896,1.000395,0.000414
90,3752.7259,0.999941,0.000414
90,3752.73285,1.000611,0.000414
90,3752.73979,0.999964,0.000414
90,3752.74673,0.999799,0.000414
90,3752.75368,1.00029,0.000414
90,3752.76062,0.999735,0.000414
90,3752.76757,1.000097,0.000414
90,3752.77451,0.999585,0.000414
90,3752.78146,0.99969,0.000414
90,3752.7884,1.001031,0.000414
90,3752.79535,0.999968,0.000414
90,3752.80229,1.000432,0.000414
90,3752.80923,1.000036,0.000414
90,3752.81618,1.000169,0.000414
90,3752.82312,1.000689,0.000414
90,3752.83007,0.999371,0.000414
90,3752.83701,1.000518,0.000414
90,3752.84396,1.000363,0.000414
90,3752.8509,0.999973,0.000414
90,3752.85785,1.000009,0.000414
90,3752.86479,1.000384,0.000414
90,3752.87173,1.000655,0.000414
90,3752.87868,0.999704,0.000414
90,3752.88528,0.999689,0.000463
90,3752.89257,0.99961,0.000414
90,3752.89951,0.999807,0.000414
90,3752.90646,0.999852,0.000414
90,3752.9134,1.000483,0.000414
90,3752.92034,1.000114,0.000414
90,3752.92729,0.999612,0.000414
90,3752.93423,1.000507,0.000414
90,3752.94118,0.999719,0.000414
90,3752.94812,0.999682,0.000414
90,3752.95507,0.999113,0.000414
90,3752.96201,0.999834,0.000414
90,3752.96896,0.999548,0.000414
90,3752.9759,0.999626,0.000414
90,3752.98284,0.999758,0.000414
90,3752.98979,0.999735,0.000414
90,3752.99673,0.999873,0.000414
90,3753.00368,1.000567,0.000414
90,3753.01062,1.000461,0.000414
90,3753.01757,1.000093,0.000414
90,3753.02451,1.00036,0.000414
90,3753.03145,1.00056,0.000414
90,3753.0384,0.999489,0.000414
90,3753.04534,0.99999,0.000414
90,3753.05229,1.000158,0.000414
90,3753.05923,0.999989,0.000414
90,3753.06618,0.999149,0.000414
90,3753.07312,0.999953,0.000414
90,3753.08007,1.000486,0.000414
90,3753.08701,0.999866,0.000414
90,3753.09395,0.999578,0.000414
90,3753.1009,0.999823,0.000414
90,3753.10784,1.000212,0.000414
90,3753.11479,1.000296,0.000414
90,3753.12173,1.000085,0.000414
90,3753.12868,0.999599,0.000414
90,3753.13562,0.999983,0.000414
90,3753.14257,0.999831,0.000414
90,3753.14951,1.000042,0.000414
90,3753.15645,0.999391,0.000414
90,3753.1634,0.999842,0.000414
90,3753.17034,1.000418,0.000414
90,3753.17729,1.000341,0.000414
90,3753.18423,1.000185,0.000414
90,3753.19118,0.999975,0.000414
90,3753.19812,0.999707,0.000414
90,3753.20506,1.000157,0.000414
90,3753.21201,0.999779,0.000414
90,3753.21895,0.999773,0.000414
90,3753.2259,0.999568,0.000414
90,3753.23284,1.000536,0.000414
90,3753.23979,1.000039,0.000414
90,3753.24673,1.000165,0.000414
90,3753.25368,1.000165,0.000414
90,3753.26062,1.000006,0.000414
90,3753.26756,1.00051,0.000414
90,3753.27451,1.000735,0.000414
90,3753.28145,1.00013,0.000414
90,3753.2884,1.00024,0.000414
90,3753.29534,1.000345,0.000414
90,3753.30229,1.000505,0.000414
90,3753.30923,1.000231,0.000414
90,3753.31617,0.999937,0.000414
90,3753.32312,1.0009,0.000414
90,3753.33006,0.999339,0.000414
90,3753.33701,1.000401,0.000414
90,3753.34395,0.999581,0.000414
90,3753.3509,0.999845,0.000414
90,3753.35784,0.999594,0.000414
90,3753.36479,1.000988,0.000414
90,3753.37173,1.000014,0.000414
90,3753.37867,1.000506,0.000414
90,3753.38562,0.999968,0.000414
90,3753.39256,0.999667,0.000414
90,3753.39951,0.999846,0.000414
90,3753.40645,0.999872,0.000414
90,3753.4134,0.999707,0.000414
90,3753.42034,0.999963,0.000414
90,3753.42729,1.000167,0.000414
90,3753.43423,0.999867,0.000414
90,3753.44117,1.000157,0.000414
90,3753.44812,1.000359,0.000414
90,3753.45506,0.999863,0.000414
90,3753.46201,0.999227,0.000414
90,3753.46895,0.999902,0.000414
90,3753.4759,1.000197,0.000414
90,3753.48284,0.999642,0.000414
90,3753.48978,0.999671,0.000414
90,3753.49673,0.999606,0.000414
90,3753.50367,0.999569,0.000414
90,3753.51062,0.999371,0.000414
90,3753.51756,1.000309,0.000414
90,3753.52451,0.999923,0.000414
90,3753.53145,0.999723,0.000414
90,3753.5384,0.999597,0.000414
90,3753.54534,0.999991,0.000414
90,3753.55228,0.999908,0.000414
90,3753.55923,0.999971,0.000414
90,3753.56617,1.000254,0.000414
90,3753.57312,0.999311,0.000414
90,3753.58006,0.999562,0.000414
90,3753.58701,1.000099,0.000414
90,3753.59395,0.999906,0.000414
90,3753.60089,0.999897,0.000414
90,3753.60784,0.999952,0.000414
90,3753.61478,0.999758,0.000414
90,3753.62173,1.00009,0.000414
90,3753.62867,0.999839,0.000414
90,3753.63562,1.000155,0.000414
90,3753.64256,1.000386,0.000414
90,3753.64951,0.999815,0.000414
90,3753.65645,1.000577,0.000414
90,3753.66339,1.000484,0.000414
90,3753.67034,1.000796,0.000414
90,3753.67728,1.000796,0.000414
90,3753.89881,0.999301,0.000462
90,3753.90645,1.001045,0.000414
90,3753.91339,1.000501,0.000414
90,3753.92034,0.99986,0.000414
90,3753.92728,1.000522,0.000414
90,3753.93423,1.000721,0.000414
90,3753.94117,0.999518,0.000414
90,3753.94811,1.00009,0.000414
90,3753.95506,1.000129,0.000414
90,3753.962,0.999996,0.000414
90,3753.96895,1.000189,0.000414
90,3753.97589,0.99943,0.000414
90,3753.98284,0.999965,0.000414
90,3753.98978,0.999076,0.000414
90,3753.99672,0.999695,0.000414
90,3754.00367,1.000152,0.000414
90,3754.01061,1.000003,0.000414
90,3754.01756,0.999298,0.000414
90,3754.0245,0.99987,0.000414
90,3754.03145,0.999978,0.000414
90,3754.03839,0.999338,0.000414
90,3754.04534,0.999727,0.000414
90,3754.05228,0.999563,0.000414
90,3754.05922,1.000496,0.000414
90,3754.06617,1.000362,0.000414
90,3754.07311,1.000019,0.000414
90,3754.07971,0.999716,0.000463
90,3754.087,0.99982,0.000414
90,3754.09395,0.999924,0.000414
90,3754.10089,1.000811,0.000414
90,3754.10783,0.999816,0.000414
90,3754.11478,0.999609,0.000414
90,3754.12172,1.000316,0.000414
90,3754.12867,1.000172,0.000414
90,3754.13561,1.000152,0.000414
90,3754.14256,0.999886,0.000414
90,3754.1495,1.000776,0.000414
90,3754.15645,0.999901,0.000414
90,3754.16339,1.00008,0.000414
90,3754.17033,1.000075,0.000414
90,3754.17728,1.000246,0.000414
90,3754.18422,1.000225,0.000414
90,3754.19117,0.999971,0.000414
90,3754.19811,0.999951,0.000414
90,3754.20506,0.999538,0.000414
90,3754.212,1.000898,0.000414
90,3754.21895,1.00039,0.000414
90,3754.22589,0.999761,0.000414
90,3754.23283,0.999766,0.000414
90,3754.23978,0.99934,0.000414
90,3754.24672,0.99989,0.000414
90,3754.25367,1.000854,0.000414
90,3754.26061,0.999521,0.000414
90,3754.26756,1.000348,0.000414
90,3754.2745,1.000404,0.000414
90,3754.28144,1.000678,0.000414
90,3754.28839,0.999489,0.000414
90,3754.29533,0.999769,0.000414
90,3754.30228,0.999899,0.000414
90,3754.30922,1.000267,0.000414
90,3754.31617,0.999533,0.000414
90,3754.32311,0.999755,0.000414
90,3754.33006,1.000047,0.000414
90,3754.337,0.999104,0.000414
90,3754.34394,1.000728,0.000414
90,3754.35089,0.999742,0.000414
90,3754.35783,0.999726,0.000414
90,3754.36478,0.999909,0.000414
90,3754.37172,1.000006,0.000414
90,3754.37867,1.000502,0.000414
90,3754.38561,1.000002,0.000414
90,3754.39255,1.000621,0.000414
90,3754.3995,1.000197,0.000414
90,3754.40644,1.00003,0.000414
90,3754.41339,0.999822,0.000414
90,3754.42033,0.999319,0.000414
90,3754.42728,1.000046,0.000414
90,3754.43422,0.999832,0.000414
90,3754.44117,1.000288,0.000414
90,3754.44811,1.000288,0.000414
90,3754.45505,1.000088,0.000414
90,3754.462,0.999614,0.000414
90,3754.46894,1.000251,0.000414
90,3754.47589,0.99939,0.000414
90,3754.48283,1.000246,0.000414
90,3754.48978,1.000313,0.000414
90,3754.49672,0.999635,0.000414
90,3754.50366,0.999626,0.000414
90,3754.51061,0.99989,0.000414
90,3754.51755,0.999604,0.000414
90,3754.5245,0.999883,0.000414
90,3754.53144,0.999971,0.000414
90,3754.53839,0.998999,0.000414
90,3754.54533,1.000082,0.000414
90,3754.55297,1.000601,0.000463
90,3754.55922,0.999633,0.000414
90,3754.56616,0.999671,0.000414
90,3754.57311,1.000265,0.000414
90,3754.58005,0.999499,0.000414
90,3754.587,0.999843,0.000414
90,3754.59394,1.00035,0.000414
90,3754.60089,1.000256,0.000414
90,3754.60783,1.000189,0.000414
90,3754.61477,0.999749,0.000414
90,3754.62172,0.999824,0.000414
90,3754.62866,1.000409,0.000414
90,3754.63561,1.000146,0.000414
90,3754.64255,0.999968,0.000414
90,3754.6495,1.000319,0.000414
90,3754.65644,0.999052,0.000414
90,3754.66339,1.000743,0.000414
90,3754.67033,0.999398,0.000414
90,3754.67727,1.000025,0.000414
90,3754.68422,0.999796,0.000414
90,3754.69116,0.999821,0.000414
90,3754.69811,0.999942,0.000414
90,3754.70505,1.000381,0.000414
90,3754.712,0.999602,0.000414
90,3754.71894,0.999929,0.000414
90,3754.72588,1.000507,0.000414
90,3754.73283,1.000301,0.000414
90,3754.73977,0.999885,0.000414
90,3754.74672,1.000518,0.000414
90,3754.75366,0.999232,0.000414
90,3754.76061,1.000441,0.000414
90,3754.76825,1.000208,0.000463
90,3754.7745,0.999656,0.000414
90,3754.78144,0.999643,0.000414
90,3754.78838,0.999954,0.000414
90,3754.79533,0.999587,0.000414
90,3754.80227,0.999351,0.000414
90,3754.80922,1.000235,0.000414
90,3754.81616,0.999135,0.000413
90,3754.82311,0.999965,0.000414
90,3754.83005,0.999608,0.000414
90,3754.83699,0.999707,0.000414
90,3754.84394,1.00039,0.000414
90,3754.85088,1.000186,0.000414
90,3754.85783,1.000073,0.000414
90,3754.86477,0.999989,0.000414
90,3754.87172,1.000074,0.000414
90,3754.87866,0.999262,0.000414
90,3754.88561,1.000245,0.000414
90,3754.89255,1.000447,0.000414
90,3754.89949,1.000313,0.000414
90,3754.90644,0.999661,0.000414
90,3754.91338,0.999764,0.000414
90,3754.92033,1.000336,0.000414
90,3754.92727,1.000815,0.000414
90,3754.93422,0.999741,0.000414
90,3754.94116,0.99936,0.000414
90,3754.9481,1.000828,0.000414
90,3754.95505,0.99989,0.000414
90,3754.96199,0.999365,0.000414
90,3754.96894,1.000078,0.000414
90,3754.97588,1.000068,0.000414
90,3754.98283,0.999493,0.000414
90,3754.98977,1.000192,0.000414
90,3754.99672,1.000327,0.000414
90,3755.00366,0.999944,0.000414
90,3755.0106,1.000004,0.000414
90,3755.01755,1.001107,0.000414
90,3755.02449,1.000409,0.000414
90,3755.03144,0.999549,0.000414
90,3755.03838,1.000145,0.000414
90,3755.04533,0.999796,0.000414
90,3755.05227,1.000092,0.000414
90,3755.05921,0.999523,0.000414
90,3755.06616,0.999813,0.000414
90,3755.0731,0.99926,0.000413
90,3755.08005,1.000531,0.000414
90,3755.08699,1.000498,0.000414
90,3755.09394,1.00047,0.000414
90,3755.10088,1.000562,0.000414
90,3755.10783,1.000441,0.000414
90,3755.11477,0.999158,0.000414
90,3755.12171,0.999792,0.000414
90,3755.12866,0.999727,0.000414
90,3755.1356,0.999671,0.000414
90,3755.14255,0.99961,0.000414
90,3755.14949,1.000394,0.000414
90,3755.15644,0.999721,0.000414
90,3755.16338,1.000028,0.000414
90,3755.17032,1.000515,0.000414
90,3755.17727,1.000059,0.000414
90,3755.18421,1.000585,0.000414
90,3755.19116,1.000575,0.000414
90,3755.1981,1.000015,0.000414
90,3755.20505,0.999846,0.000414
90,3755.21199,1.000535,0.000414
90,3755.21894,0.999779,0.000414
90,3755.22588,1.000616,0.000414
90,3755.23282,0.99994,0.000414
90,3755.23977,0.999702,0.000414
90,3755.24671,0.999796,0.000414
90,3755.25366,0.999938,0.000414
90,3755.2606,1.000612,0.000414
90,3755.26755,0.999949,0.000414
90,3755.27449,0.99983,0.000414
90,3755.28143,0.999901,0.000414
90,3755.28838,1.000074,0.000414
90,3755.29532,1.000182,0.000414
90,3755.30227,1.000344,0.000414
90,3755.30921,1.000272,0.000414
90,3755.31616,0.999965,0.000414
90,3755.3231,1.000128,0.000414
90,3755.33005,0.999413,0.000414
90,3755.33699,1.000098,0.000414
90,3755.34393,0.999424,0.000414
90,3755.35088,1.000415,0.000414
90,3755.35782,0.999782,0.000414
90,3755.36477,1.000327,0.000414
90,3755.37171,1.000571,0.000414
90,3755.37866,1.000335,0.000414
90,3755.3856,1.000588,0.000414
90,3755.39254,0.999834,0.000414
90,3755.39949,1.000089,0.000414
90,3755.40643,1.000194,0.000414
90,3755.41338,0.999867,0.000414
90,3755.42032,0.999962,0.000414
90,3755.42727,0.999648,0.000414
90,3755.43421,1.000391,0.000414
90,3755.44116,0.999888,0.000414
90,3755.4481,1.000074,0.000414
90,3755.45504,1.000487,0.000414
90,3755.46199,1.000044,0.000414
90,3755.46893,1.000898,0.000414
90,3755.47588,1.000466,0.000414
90,3755.48282,0.9998,0.000414
90,3755.48977,0.999896,0.000414
90,3755.49671,1.000639,0.000414
90,3755.50365,0.999336,0.000414
90,3755.5106,1.000142,0.000414
90,3755.51754,1.000228,0.000414
90,3755.52449,1.000281,0.000414
90,3755.53143,1.000454,0.000414
90,3755.53838,0.999663,0.000414
90,3755.54532,1.000438,0.000414
90,3755.55227,0.999425,0.000413
90,3755.55921,0.999599,0.000413
90,3755.56615,0.999365,0.000413
90,3755.5731,0.999982,0.000414
90,3755.58004,1.000431,0.000414
90,3755.58699,0.999502,0.000413
90,3755.59393,0.999504,0.000414
90,3755.60088,1.000021,0.000414
90,3755.60782,1.000258,0.000414
90,3755.61476,1.000159,0.000414
90,3755.62171,0.999802,0.000414
90,3755.62865,0.999989,0.000414
90,3755.6356,0.999852,0.000414
90,3755.64254,1.000285,0.000414
90,3755.64949,1.000225,0.000414
90,3755.65643,0.999774,0.000413
90,3755.66338,0.999816,0.000414
90,3755.67032,1.000084,0.000414
90,3755.67726,1.000371,0.000414
90,3755.68421,1.000171,0.000414
90,3755.69115,0.999687,0.000414
90,3755.6981,1.000037,0.000414
90,3755.70504,0.999801,0.000414
90,3755.71199,1.000194,0.000414
90,3755.71893,0.999821,0.000414
90,3755.72587,0.999723,0.000414
90,3755.73282,0.999925,0.000414
90,3755.73976,1.000239,0.000414
90,3755.74671,0.99988,0.000414
90,3755.75365,1.000022,0.000414
90,3755.7606,0.999424,0.000414
90,3755.76754,1.000484,0.000414
90,3755.77449,1.000548,0.000414
90,3755.78143,1.00033,0.000414
90,3755.78837,0.999767,0.000414
90,3755.79532,0.999819,0.000414
90,3755.80226,0.999234,0.000414
90,3755.80921,1.000044,0.000414
90,3755.81615,1.000008,0.000414
90,3755.8231,1.000041,0.000414
90,3755.83004,1.000108,0.000414
90,3755.83698,0.999442,0.000414
90,3755.84393,1.000333,0.000414
90,3755.85087,0.999911,0.000414
90,3755.85782,1.000284,0.000414
90,3755.86476,0.999734,0.000414
90,3755.87171,1.000326,0.000414
90,3755.87865,1.000071,0.000414
90,3755.8856,0.999976,0.000414
90,3755.89254,1.000077,0.000414
90,3755.89948,1.000264,0.000414
90,3755.90643,1.000158,0.000414
90,3755.91337,0.999586,0.000414
90,3755.92032,0.999526,0.000414
90,3755.92726,1.0005,0.000414
90,3755.93421,1.000088,0.000414
90,3755.94115,1.000068,0.000414
90,3755.94809,0.999573,0.000414
90,3755.95504,0.999906,0.000414
90,3755.96198,1.000242,0.000414
90,3755.96893,0.99988,0.000414
90,3755.97587,1.000385,0.000414
90,3755.98282,0.999897,0.000414
90,3755.98976,0.999762,0.000414
90,3755.99671,1.000379,0.000414
90,3756.00365,1.000485,0.000414
90,3756.01059,0.999743,0.000414
90,3756.01754,0.999829,0.000414
90,3756.02448,0.999642,0.000414
90,3756.03143,1.000287,0.000414
90,3756.03837,0.999647,0.000414
90,3756.04532,0.999982,0.000414
90,3756.05226,1.000931,0.000414
90,3756.0592,1.000117,0.000414
90,3756.06615,1.000472,0.000414
90,3756.07309,0.999753,0.000414
90,3756.08004,0.999869,0.000414
90,3756.08698,1.00008,0.000414
90,3756.09393,0.999984,0.000414
90,3756.10087,1.000672,0.000414
90,3756.10781,0.999907,0.000414
90,3756.11476,1.000274,0.000414
90,3756.1217,0.999872,0.000414
90,3756.12865,1.000337,0.000414
90,3756.13559,0.99982,0.000414
90,3756.14254,1.000602,0.000414
90,3756.14948,0.999625,0.000414
90,3756.15643,0.999872,0.000414
90,3756.16337,0.999589,0.000414
90,3756.17031,1.000324,0.000414
90,3756.17726,0.99969,0.000414
90,3756.1842,0.999804,0.000414
90,3756.19115,0.999967,0.000414
90,3756.19809,0.99975,0.000414
90,3756.20504,1.000051,0.000414
90,3756.21198,0.999541,0.000414
90,3756.21892,0.999783,0.000414
90,3756.22587,1.000228,0.000414
90,3756.23281,0.999814,0.000414
90,3756.23976,1.000558,0.000414
90,3756.2467,1.000459,0.000414
90,3756.25365,1.000985,0.000414
90,3756.26059,0.999549,0.000414
90,3756.26754,1.000741,0.000414
90,3756.27448,1.000123,0.000414
90,3756.28142,0.999586,0.000414
90,3756.28837,1.000037,0.000414
90,3756.29531,0.999471,0.000414
90,3756.30226,0.999959,0.000414
90,3756.3092,0.999875,0.000414
90,3756.31615,0.999816,0.000414
90,3756.32309,1.00057,0.000414
90,3756.33003,0.999919,0.000414
90,3756.33767,1.000317,0.000463
90,3756.34392,1.000526,0.000414
90,3756.35087,0.999719,0.000414
90,3756.35781,1.000106,0.000414
90,3756.36476,0.999754,0.000414
90,3756.3717,0.999589,0.000414
90,3756.37865,0.999255,0.000414
90,3756.38559,0.999956,0.000414
90,3756.39253,0.999781,0.000414
90,3756.39948,0.999723,0.000414
90,3756.40642,0.99975,0.000414
90,3756.41337,0.999967,0.000414
90,3756.42031,0.999905,0.000414
90,3756.42726,1.000372,0.000414
90,3756.4342,0.999975,0.000414
90,3756.44114,0.999681,0.000414
90,3756.44809,0.999687,0.000414
90,3756.45503,0.99942,0.000414
90,3756.46198,1.000056,0.000414
90,3756.46892,1.000229,0.000414
90,3756.47587,1.000046,0.000414
90,3756.48281,1.000661,0.000414
90,3756.48976,0.999938,0.000414
90,3756.4967,0.999918,0.000414
90,3756.50364,0.999616,0.000414
90,3756.51059,1.000433,0.000414
90,3756.51753,0.999687,0.000414
90,3756.52448,0.999909,0.000414
90,3756.53142,1.00004,0.000414
90,3756.53837,1.001074,0.000414
90,3756.54531,0.999917,0.000414
90,3756.55225,1.00105,0.000414
90,3756.5592,0.999935,0.000414
90,3756.56614,1.00065,0.000414
90,3756.57309,0.999917,0.000414
90,3756.58003,0.999891,0.000414
90,3756.58698,1.000763,0.000414
90,3756.59392,0.99992,0.000414
90,3756.60086,1.000429,0.000414
90,3756.60781,1.000244,0.000414
90,3756.61475,0.999295,0.000414
90,3756.6217,1.000644,0.000414
90,3756.62864,0.998803,0.000414
90,3756.63559,1.000053,0.000414
90,3756.64253,0.999335,0.000414
90,3756.64948,0.999108,0.000414
90,3756.65642,0.999786,0.000414
90,3756.66336,0.999443,0.000414
90,3756.67031,0.999115,0.000413
90,3756.67725,0.999974,0.000414
90,3756.6842,0.999208,0.000414
90,3756.69114,0.999473,0.000413
90,3756.69809,1.000107,0.000414
90,3756.70503,1.000306,0.000414
90,3756.71197,1.000253,0.000414
90,3756.71892,0.999946,0.000414
90,3756.72586,0.999412,0.000414
90,3756.73281,1.000015,0.000414
90,3756.73975,1.000641,0.000414
90,3756.7467,1.00028,0.000414
90,3756.75364,1.000117,0.000414
90,3756.76059,1.000071,0.000414
90,3756.76753,0.999399,0.000414
90,3756.77447,1.000341,0.000414
90,3756.78142,1.000509,0.000414
90,3756.78836,1.0001,0.000414
90,3756.79531,0.99999,0.000414
90,3756.80225,1.000195,0.000414
90,3756.8092,1.000373,0.000414
90,3756.81614,0.999982,0.000414
90,3756.82308,0.999898,0.000414
90,3756.83003,0.999655,0.000414
90,3756.83697,0.999461,0.000414
90,3756.84392,1.000224,0.000414
90,3756.85086,1.000329,0.000414
90,3756.85781,1.000054,0.000414
90,3756.86475,1.000028,0.000414
90,3756.8717,1.000045,0.000414
90,3756.87864,0.99981,0.000414
90,3756.88558,1.000287,0.000414
90,3756.89253,0.999861,0.000414
90,3756.89947,1.000137,0.000414
90,3756.90642,0.999973,0.000414
90,3756.91336,1.00065,0.000414
90,3756.92031,0.999824,0.000414
90,3756.92725,1.000586,0.000414
90,3756.93419,1.000081,0.000414
90,3756.94114,0.999855,0.000414
90,3756.94808,0.999634,0.000414
90,3756.95503,1.000357,0.000414
90,3756.96197,1.00003,0.000414
90,3756.96892,1.000391,0.000414
90,3756.97586,1.000102,0.000414
90,3756.9828,1.000067,0.000414
90,3756.98975,1.000662,0.000414
90,3756.99669,1.000072,0.000414
90,3757.00364,0.999506,0.000414
90,3757.01058,1.000043,0.000414
90,3757.01753,1.000035,0.000414
90,3757.02447,1.000272,0.000414
90,3757.03142,0.999799,0.000414
90,3757.03836,0.999885,0.000414
90,3757.0453,1.00026,0.000414
90,3757.05225,0.999979,0.000414
90,3757.05919,1.000669,0.000414
90,3757.06614,1.00002,0.000414
90,3757.07308,1.000363,0.000414
90,3757.08003,1.000063,0.000414
90,3757.08697,0.999558,0.000414
90,3757.09391,0.999844,0.000414
90,3757.10086,0.999788,0.000414
90,3757.1078,1.000245,0.000414
90,3757.11475,0.999919,0.000414
90,3757.12169,0.99995,0.000414
90,3757.12864,0.999658,0.000414
90,3757.13558,0.999897,0.000414
90,3757.14253,0.999966,0.000414
90,3757.14947,0.999464,0.000414
90,3757.15641,1.000006,0.000414
90,3757.16336,1.000206,0.000414
90,3757.1703,1.000614,0.000414
90,3757.17725,0.999797,0.000414
90,3757.18419,1.000627,0.000414
90,3757.19114,1.000367,0.000414
90,3757.19808,0.999705,0.000414
90,3757.20502,1.000105,0.000414
90,3757.21197,0.999857,0.000414
90,3757.21891,1.000268,0.000414
90,3757.22586,0.999871,0.000414
90,3757.2328,0.999917,0.000414
90,3757.23975,1.000028,0.000414
90,3757.24669,0.999542,0.000414
90,3757.25363,0.99965,0.000414
90,3757.26058,1.000378,0.000414
90,3757.26752,0.999562,0.000414
90,3757.27447,1.000134,0.000414
90,3757.28141,0.999528,0.000414
90,3757.28836,0.999737,0.000414
90,3757.2953,0.999882,0.000414
90,3757.30225,0.999627,0.000414
90,3757.30919,0.99985,0.000414
90,3757.31613,0.999752,0.000414
90,3757.32308,0.999755,0.000414
90,3757.33002,1.000403,0.000414
90,3757.33697,0.999971,0.000414
90,3757.34391,0.999189,0.000414
90,3757.35086,1.000389,0.000414
90,3757.3578,0.999876,0.000414
90,3757.36474,1.000416,0.000414
90,3757.37169,1.000142,0.000414
90,3757.37863,0.999961,0.000414
90,3757.38558,1.000481,0.000414
90,3757.39252,0.999523,0.000414
90,3757.39947,1.000261,0.000414
90,3757.40641,1.000529,0.000414
90,3757.41336,0.999716,0.000414
90,3757.4203,1.000523,0.000414
90,3757.42724,0.999912,0.000414
90,3757.43419,0.999807,0.000414
90,3757.44113,0.999824,0.000414
90,3757.44808,0.999917,0.000414
90,3757.45502,1.000248,0.000414
90,3757.46197,1.000762,0.000414
90,3757.46891,0.999955,0.000414
90,3757.47516,1.00036,0.000463
90,3757.4828,0.999588,0.000414
90,3757.48974,0.999633,0.000415
90,3757.49669,1.000119,0.000415
90,3757.50363,1.000747,0.000415
90,3757.51058,1.000195,0.000415
90,3757.51752,0.999383,0.000415
90,3757.52446,1.000074,0.000415
90,3757.53141,0.999522,0.000415
90,3757.53835,1.000055,0.000415
90,3757.5453,0.999763,0.000415
90,3757.55224,1.000301,0.000415
90,3757.55919,0.9999,0.000415
90,3757.56613,1.000265,0.000415
90,3757.57308,1.000632,0.000415
90,3757.58002,0.998903,0.000415
90,3757.58696,0.999449,0.000415
90,3757.59391,1.00006,0.000415
90,3757.60085,1.000223,0.000415
90,3757.6078,0.99991,0.000416
90,3757.61474,1.000217,0.000416
90,3757.62169,0.999181,0.000415
90,3757.62863,0.999344,0.000416
90,3757.63557,1.000306,0.000416
90,3757.64252,0.999721,0.000416
90,3757.64946,1.000212,0.000416
90,3757.65641,1.000409,0.000416
90,3757.66335,0.999752,0.000416
90,3757.6703,1.000061,0.000416
90,3757.67724,0.999436,0.000416
90,3757.68418,1.000122,0.000416
90,3757.69113,1.000116,0.000416
90,3757.69807,0.999532,0.000416
90,3757.70502,0.999997,0.000416
90,3757.71196,0.999965,0.000416
90,3757.71891,1.000582,0.000416
90,3757.72585,0.999762,0.000416
90,3757.7328,0.999384,0.000416
90,3757.73974,0.999545,0.000416
90,3757.74668,0.999836,0.000417
90,3757.75363,0.999875,0.000417
90,3757.76057,0.999532,0.000416
90,3757.76752,1.000388,0.000417
90,3757.77446,0.999483,0.000417
90,3757.78141,0.999529,0.000417
90,3757.78835,0.999875,0.000417
90,3757.79529,1.000301,0.000417
90,3757.80224,0.999836,0.000417
90,3757.80918,1.000077,0.000417
90,3757.81613,1.000394,0.000417
90,3757.82307,1.000761,0.000417
90,3757.83002,0.999993,0.000417
90,3757.83696,0.999853,0.000417
90,3757.84391,1.000293,0.000417
90,3757.85085,1.000229,0.000417
90,3757.85779,1.000195,0.000417
90,3757.86474,0.999418,0.000417
90,3757.87168,0.999632,0.000417
90,3757.87863,0.999982,0.000417
90,3757.88557,0.999895,0.000417
90,3757.89252,1.000486,0.000417
90,3757.89946,0.999661,0.000418
90,3757.9064,1.00084,0.000418
90,3757.91335,1.000046,0.000418
90,3757.92029,0.999844,0.000418
90,3757.92724,1.000305,0.000418
90,3757.93418,0.99968,0.000418
90,3757.94113,0.999417,0.000418
90,3757.94807,1.00063,0.000418
90,3757.95501,1.00031,0.000418
90,3757.96196,0.999754,0.000418
90,3757.9689,1.000206,0.000418
90,3757.97585,1.000385,0.000418
90,3757.98279,1.000149,0.000419
90,3757.98974,0.999802,0.000419
90,3757.99668,1.000861,0.000419
90,3758.00363,0.998857,0.000419
90,3758.01057,1.00022,0.000419
90,3758.01751,1.000419,0.000419
90,3758.02446,1.000711,0.000419
90,3758.0314,0.999936,0.000419
90,3758.03835,1.000065,0.000419
90,3758.04529,0.999809,0.000419
90,3758.05224,1.000136,0.000419
90,3758.05918,0.999376,0.000419
90,3758.06612,1.000253,0.00042
90,3758.07307,1.000544,0.00042
90,3758.08001,1.000501,0.00042
90,3758.08696,0.999824,0.00042
90,3758.0939,1.000206,0.00042
90,3758.10085,0.999941,0.00042
90,3758.10779,1.000091,0.00042
90,3758.11473,0.999391,0.00042
90,3758.12168,0.999537,0.00042
90,3758.12862,0.999795,0.00042
90,3758.13557,0.999427,0.00042
90,3758.14251,1.000377,0.00042
90,3758.14946,0.999688,0.00042
90,3758.1564,0.999763,0.00042
90,3758.16335,1.000343,0.00042
90,3758.17029,1.000122,0.00042
90,3758.17723,0.999191,0.00042
90,3758.18418,1.000182,0.00042
90,3758.19112,1.000239,0.00042
90,3758.19807,1.000491,0.00042
90,3758.20501,0.999822,0.00042
90,3758.21196,0.999998,0.00042
90,3758.2189,0.999537,0.00042
90,3758.22584,1.00046,0.00042
90,3758.23279,0.999634,0.00042
90,3758.23973,0.999814,0.000421
90,3758.24668,0.999494,0.000421
90,3758.25362,0.998965,0.000421
90,3758.26057,1.000231,0.000421
90,3758.26751,1.00017,0.000421
90,3758.27446,0.999887,0.000421
90,3758.2814,1.000365,0.000421
90,3758.28834,0.999389,0.000421
90,3758.29529,0.999845,0.000421
90,3758.30223,1.00078,0.000422
90,3758.30918,0.99984,0.000422
90,3758.31612,1.000113,0.000422
90,3758.32307,0.999492,0.000422
90,3758.33001,0.999469,0.000422
90,3758.33695,0.999652,0.000422
90,3758.3439,0.99999,0.000422
90,3758.35084,0.999865,0.000422
90,3758.35779,1.000161,0.000422
90,3758.36473,0.999409,0.000422
90,3758.37168,1.000349,0.000422
90,3758.37862,1.000112,0.000422
90,3758.38556,1.000293,0.000422
90,3758.39251,1.000506,0.000422
90,3758.39945,0.999668,0.000422
90,3758.4064,1.000515,0.000422
90,3758.41334,1.000126,0.000422
90,3758.42029,1.000017,0.000423
90,3758.42723,0.99993,0.000422
90,3758.43418,1.000134,0.000423
90,3758.44112,1.000076,0.000423
90,3758.44806,1.000326,0.000423
90,3758.45501,1.000553,0.000423
90,3758.46195,1.000245,0.000423
90,3758.4689,0.999626,0.000423
90,3758.47584,1.000023,0.000423
90,3758.48279,0.999372,0.000423
90,3758.48973,0.999353,0.000423
90,3758.49667,0.999906,0.000423
90,3758.50362,1.000098,0.000423
90,3758.51056,1.000776,0.000423
90,3758.51751,0.99969,0.000423
90,3758.52445,1.000488,0.000424
90,3758.5314,0.999859,0.000424
90,3758.53834,0.999408,0.000424
90,3758.54528,1.000493,0.000424
90,3758.55223,0.999906,0.000424
90,3758.55917,1.000597,0.000424
90,3758.56612,1.000445,0.000424
90,3758.57306,0.999745,0.000424
90,3758.58001,1.000669,0.000425
90,3758.58695,1.00001,0.000425
90,3758.5939,0.999827,0.000425
90,3758.60084,0.999379,0.000425
90,3758.60778,1.000197,0.000426
90,3758.61473,0.999838,0.000426
90,3758.62167,1.000039,0.000426
90,3758.62862,1.000414,0.000427
90,3758.63556,0.999645,0.000427
90,3758.64251,1.000633,0.000427
90,3758.64945,0.99937,0.000427
90,3758.65639,0.999935,0.000428
90,3758.66334,0.999817,0.000428
90,3758.67028,0.999766,0.000428
90,3758.67723,0.999565,0.000428
90,3758.68417,0.999694,0.000428
90,3758.69112,1.000105,0.000429
90,3758.69806,1.000057,0.000429
90,3758.705,0.999357,0.000429
90,3758.71195,1.000268,0.000429
90,3758.71889,0.998724,0.000429
90,3758.72584,1.000285,0.00043
90,3758.73278,1.000051,0.00043
90,3758.73973,0.99961,0.00043
90,3758.74667,0.999908,0.00043
90,3758.75362,0.999926,0.00043
90,3758.76056,0.999382,0.00043
90,3758.7675,0.999739,0.00043
90,3758.77445,1.000448,0.000431
90,3758.78139,0.999665,0.00043
90,3758.78834,1.000189,0.000431
90,3758.79528,1.00027,0.000431
90,3758.80223,0.999837,0.000431
90,3758.80917,0.999418,0.000431
90,3758.81611,0.999236,0.000431
90,3758.82306,0.99999,0.000431
90,3758.83,1.000033,0.000431
90,3758.83695,1.000736,0.000431
90,3758.84389,0.99937,0.000431
90,3758.85084,0.999407,0.000431
90,3758.85778,1.000331,0.000432
90,3758.86472,1.0004,0.000432
90,3758.87167,1.000006,0.000432
90,3758.87861,0.999603,0.000432
90,3758.88556,1.000683,0.000433
90,3758.8925,0.9997,0.000433
90,3758.89945,0.999994,0.000433
90,3758.90639,1.000551,0.000433
90,3758.91334,1.000111,0.000434
90,3758.92028,1.000529,0.000485
90,3758.92722,1.000513,0.000435
90,3758.93417,1.0003,0.000435
90,3758.94111,1.000611,0.000435
90,3758.94806,1.000247,0.000436
90,3758.955,1.000869,0.000436
90,3758.96195,1.001186,0.000436
90,3758.96889,1.000035,0.000437
90,3758.97583,0.998889,0.000437
90,3758.98278,1.000057,0.000438
90,3758.98972,0.999967,0.000438
90,3758.99667,0.99965,0.000438
90,3759.00361,1.000151,0.000439
90,3759.01056,0.999947,0.000439
90,3759.0175,1.000529,0.000439
90,3759.02444,1.000384,0.00044
90,3759.03139,0.999705,0.00044
90,3759.03833,1.000019,0.00044
90,3759.04528,0.99996,0.00044
90,3759.05222,1.000142,0.00044
90,3759.05917,0.999536,0.00044
90,3759.06611,1.000211,0.00044
90,3759.07306,1.000062,0.000441
90,3759.08,0.999595,0.00044
90,3759.08694,0.999981,0.00044
90,3759.09389,1.000462,0.000441
90,3759.10083,0.999939,0.00044
90,3759.10778,0.999274,0.00044
90,3759.11472,1.000663,0.00044
90,3759.12167,1.000101,0.00044
90,3759.12861,1.000126,0.00044
90,3759.13555,0.998962,0.00044
90,3759.1425,1.000107,0.00044
90,3759.14944,1.000101,0.00044
90,3759.15639,1.000581,0.00044
90,3759.16333,1.000584,0.00044
90,3759.17028,1.000337,0.00044
90,3759.17722,1.001045,0.000441
90,3759.18416,0.999582,0.00044
90,3759.19111,0.999935,0.000441
90,3759.19805,1.000654,0.000441
90,3759.205,1.000154,0.000441
90,3759.21194,0.999451,0.000441
90,3759.21889,0.999902,0.000441
90,3759.22583,1.000316,0.000442
90,3759.23278,1.000563,0.000442
90,3759.23972,1.000176,0.000442
90,3759.24666,1.000017,0.000443
90,3759.25361,1.000148,0.000443
90,3759.26055,0.99958,0.000443
90,3759.2675,0.999995,0.000444
90,3759.27444,1.000335,0.000444
90,3759.28139,0.999615,0.000444
90,3759.28833,1.000768,0.000445
90,3759.29527,0.99988,0.000445
90,3759.30222,1.000127,0.000445
90,3759.30916,1.000479,0.000445
90,3759.31611,0.99983,0.000445
90,3759.32305,0.999731,0.000445
90,3759.33,0.999488,0.000446
90,3759.33694,1.000468,0.000446
90,3759.34388,0.999915,0.000446
90,3759.35083,0.999941,0.000446
90,3759.35777,0.998569,0.000446
90,3759.36472,1.000238,0.000446
90,3759.37131,1.000456,0.000498
90,3759.37861,1.000136,0.000445
90,3759.38555,1.000046,0.000445
90,3759.3925,1.000724,0.000445
90,3759.39944,0.999656,0.000445
90,3759.40638,0.999387,0.000444
90,3759.41333,0.999443,0.000444
90,3759.42027,0.999611,0.000444
90,3759.42722,1.000463,0.000444
90,3759.43416,0.999576,0.000444
90,3759.44111,1.000575,0.000443
90,3759.44805,1.00005,0.000443
90,3759.45499,1.000251,0.000443
90,3759.46194,0.999768,0.000443
90,3759.46888,0.999589,0.000443
90,3759.47583,0.99878,0.000443
90,3759.48277,1.000015,0.000443
90,3759.48972,0.999693,0.000443
90,3759.49666,0.999059,0.000443
90,3759.5036,0.999851,0.000443
90,3759.51055,1.000212,0.000444
90,3759.51749,0.999493,0.000444
90,3759.52444,1.000015,0.000444
90,3759.53138,0.999251,0.000444
90,3759.53833,0.999345,0.000444
90,3759.54527,0.999078,0.000444
90,3759.55221,0.999512,0.000444
90,3759.55916,0.999603,0.000444
90,3759.5661,0.999573,0.000444
90,3759.57305,1.00018,0.000445
90,3759.57999,0.999697,0.000445
90,3759.58694,1.000086,0.000445
90,3759.59388,0.999589,0.000446
90,3759.60083,1.00001,0.000446
90,3759.60777,1.00008,0.000447
90,3759.61471,1.000066,0.000447
90,3759.62166,0.999979,0.000448
90,3759.6286,0.999649,0.000448
90,3759.63555,1.000033,0.000449
90,3759.64249,0.999534,0.000449
90,3759.64944,1.000256,0.00045
90,3759.65638,0.998878,0.00045
90,3759.66332,1.000115,0.000451
90,3759.67027,0.999569,0.000451
90,3759.67721,1.000072,0.000452
90,3759.68416,0.99952,0.000453
90,3759.6911,1.000817,0.000453
90,3759.69805,1.000226,0.000453
90,3759.70499,1.000229,0.000454
90,3759.71124,1.000474,0.000508
90,3759.71888,1.000375,0.000455
90,3759.72582,0.999594,0.000455
90,3759.73242,1.000169,0.000509
90,3759.73971,1.000649,0.000456
90,3759.74666,0.999453,0.000456
90,3759.7536,0.999878,0.000456
90,3759.76055,1.001498,0.000457
90,3759.76749,1.000677,0.000457
90,3759.77409,1.000455,0.000511
90,3759.78138,0.999491,0.000457
90,3759.78832,0.999964,0.000457
90,3759.79527,1.000187,0.000457
90,3759.80152,1.00115,0.00051
90,3759.80881,0.999832,0.00051
90,3759.8161,1.000896,0.000456
90,3759.82304,1.000806,0.000455
90,3759.82999,1.000161,0.000455
90,3759.83693,0.999694,0.000455
90,3759.84388,0.999588,0.000454
90,3759.85082,0.999573,0.000454
90,3759.85777,0.999438,0.000454
90,3759.86471,1.000601,0.000454
90,3759.87165,1.000452,0.000454
90,3759.8786,1.000744,0.000454
90,3759.88554,1.000311,0.000454
90,3759.89249,1.000297,0.000454
90,3759.89943,1.000094,0.000454
90,3759.90638,1.000521,0.000454
90,3759.91332,1.000092,0.000454
90,3759.92027,0.999228,0.000454
90,3759.92721,0.99995,0.000454
90,3759.93415,0.999843,0.000455
90,3759.9411,1.000244,0.000455
90,3759.94804,1.000177,0.000455
90,3759.95499,1.000579,0.000455
90,3759.96193,0.999563,0.000455
90,3759.96888,0.999479,0.000456
90,3759.97582,0.999381,0.000456
90,3759.98276,0.999478,0.000456
90,3759.98971,1.000031,0.000457
90,3759.99665,1.000032,0.000457
90,3760.0036,0.998948,0.000457
90,3760.01054,1.000024,0.000458
90,3760.01749,0.999996,0.000458
90,3760.02443,0.998504,0.000458
90,3760.03137,0.999949,0.000458
90,3760.03832,0.999771,0.000458
90,3760.04526,0.999351,0.000458
90,3760.05221,1.000048,0.000458
90,3760.05915,0.999535,0.000458
90,3760.0661,0.999547,0.000458
90,3760.07304,0.999612,0.000458
90,3760.07999,0.999553,0.000458
90,3760.08693,0.999081,0.000457
90,3760.09387,0.999769,0.000457
90,3760.10082,0.999067,0.000457
90,3760.10776,1.000331,0.000456
90,3760.11471,0.999972,0.000456
90,3760.12165,1.000342,0.000455
90,3760.12825,1.0001,0.000508
90,3760.13346,1.000296,0.000718
90,3761.05428,0.999522,0.000669
90,3761.05914,0.999898,0.000423
90,3761.06608,1.000111,0.000423
90,3761.07303,1.000271,0.000423
90,3761.07997,0.999868,0.000423
90,3761.08691,0.999487,0.000422
90,3761.09386,0.999531,0.000422
90,3761.1008,0.999383,0.000422
90,3761.10775,0.999994,0.000422
90,3761.11469,1.000291,0.000422
90,3761.12164,1.000531,0.000422
90,3761.12858,1.000286,0.000422
90,3761.13552,1.00029,0.000421
90,3761.14247,0.99979,0.000421
90,3761.14941,0.999044,0.000421
90,3761.15636,1.000055,0.000421
90,3761.1633,1.000665,0.000421
90,3761.17025,0.999838,0.000421
90,3761.17719,1.00012,0.000421
90,3761.18413,1.000905,0.000421
90,3761.19108,1.000097,0.00042
90,3761.19802,0.999943,0.00042
90,3761.20497,0.999872,0.00042
90,3761.21191,0.999694,0.00042
90,3761.21886,1.000082,0.00042
90,3761.2258,1.00019,0.00042
90,3761.23275,0.999986,0.00042
90,3761.23969,0.999964,0.00042
90,3761.24663,0.999868,0.00042
90,3761.25358,0.999879,0.00042
90,3761.26052,0.999788,0.00042
90,3761.26747,0.999878,0.00042
90,3761.27441,1.00002,0.00042
90,3761.28136,0.999802,0.00042
90,3761.2883,0.9998,0.00042
90,3761.29524,0.999756,0.00042
90,3761.30219,1.000726,0.00042
90,3761.30913,0.999527,0.000419
90,3761.31608,0.999789,0.000419
90,3761.32302,0.999893,0.000419
90,3761.32997,1.000331,0.000419
90,3761.33691,1.00011,0.000419
90,3761.34385,1.000536,0.000419
90,3761.3508,0.999922,0.000419
90,3761.35774,0.999897,0.000419
90,3761.36469,0.999862,0.000419
90,3761.37163,1.000278,0.000419
90,3761.37858,1.00009,0.000419
90,3761.38552,1.000229,0.000419
90,3761.39246,1.000632,0.000419
90,3761.39941,0.999722,0.000418
90,3761.40635,1.000594,0.000418
90,3761.4133,0.999013,0.000418
90,3761.42024,0.999232,0.000418
90,3761.42719,0.99972,0.000418
90,3761.43413,0.999933,0.000418
90,3761.44108,1.000022,0.000418
90,3761.44802,0.999408,0.000418
90,3761.45496,1.000491,0.000418
90,3761.46191,1.000292,0.000418
90,3761.46885,0.999586,0.000417
90,3761.4758,1.000445,0.000418
90,3761.48274,1.000397,0.000417
90,3761.48969,1.000063,0.000417
90,3761.49663,0.999875,0.000417
90,3761.50357,0.99999,0.000417
90,3761.51087,1.000358,0.000466
90,3761.51746,0.999141,0.000417
90,3761.52441,0.99943,0.000417
90,3761.53135,1.000522,0.000417
90,3761.5383,0.999748,0.000417
90,3761.54524,0.999909,0.000416
90,3761.55218,0.999478,0.000416
90,3761.55913,1.00027,0.000416
90,3761.56607,1.00029,0.000416
90,3761.57302,0.999143,0.000416
90,3761.57996,0.999882,0.000416
90,3761.58691,0.999508,0.000416
90,3761.59385,1.000209,0.000416
90,3761.60079,1.000059,0.000416
90,3761.60774,1.000559,0.000416
90,3761.61468,1.000108,0.000415
90,3761.62163,0.999559,0.000415
90,3761.62857,0.999925,0.000415
90,3761.63552,0.999784,0.000415
90,3761.64246,1.00081,0.000415
90,3761.64941,1.000584,0.000415
90,3761.65635,1.000274,0.000415
90,3761.66329,1.000751,0.000415
90,3761.67024,1.000114,0.000414
90,3761.67718,1.000702,0.000414
90,3761.68413,1.001292,0.000414
90,3761.69107,0.999868,0.000414
90,3761.69802,0.999522,0.000414
90,3761.70496,1.000218,0.000414
90,3761.7119,0.999978,0.000414
90,3761.71885,1.000139,0.000414
90,3761.72579,0.999481,0.000414
90,3761.73274,1.000541,0.000414
90,3761.73968,1.000226,0.000414
90,3761.74663,1.000388,0.000414
90,3761.75357,1.000606,0.000414
90,3761.76051,1.000028,0.000414
90,3761.76746,0.999793,0.000414
90,3761.7744,1.000073,0.000414
90,3761.78135,0.999589,0.000414
90,3761.78829,0.99994,0.000414
90,3761.79524,0.999625,0.000413
90,3761.80218,1.000386,0.000414
90,3761.80912,1.000033,0.000414
90,3761.81607,1.00006,0.000414
90,3761.82301,1.000032,0.000414
90,3761.82996,0.999743,0.000414
90,3761.8369,1.000075,0.000414
90,3761.84385,0.999476,0.000414
90,3761.85079,0.999887,0.000414
90,3761.85774,0.999934,0.000414
90,3761.86468,1.000717,0.000414
90,3761.87162,0.999588,0.000414
90,3761.87857,0.999804,0.000414
90,3761.88551,1.000027,0.000414
90,3761.89246,1.000044,0.000414
90,3761.8994,1.000022,0.000414
90,3761.90635,0.999707,0.000414
90,3761.91329,0.99976,0.000414
90,3761.92023,0.999703,0.000414
90,3761.92718,0.999948,0.000414
90,3761.93412,0.999879,0.000414
90,3761.94107,1.000612,0.000414
90,3761.94801,0.999932,0.000414
90,3761.95496,1.000171,0.000414
90,3761.9619,0.999968,0.000414
90,3761.96884,1.000173,0.000414
90,3761.97579,0.999916,0.000414
90,3761.98273,1.000059,0.000414
90,3761.98968,0.999483,0.000414
90,3761.99662,0.999988,0.000414
90,3762.00357,0.999813,0.000414
90,3762.01051,1.000691,0.000414
90,3762.01745,0.999449,0.000414
90,3762.0244,1.000263,0.000414
90,3762.03134,1.00046,0.000414
90,3762.03829,0.999933,0.000414
90,3762.04523,1.000529,0.000414
90,3762.05218,0.999438,0.000414
90,3762.05912,0.999399,0.000414
90,3762.06606,0.999969,0.000414
90,3762.07301,1.000387,0.000414
90,3762.07995,1.00014,0.000414
90,3762.0869,1.000262,0.000414
90,3762.09384,1.000217,0.000414
90,3762.10079,0.999736,0.000414
90,3762.10773,1.000221,0.000414
90,3762.11468,0.999483,0.000414
90,3762.12162,1.000556,0.000414
90,3762.12856,1.000163,0.000414
90,3762.13551,0.999525,0.000413
90,3762.14245,1.000085,0.000414
90,3762.1494,1.000146,0.000414
90,3762.15634,0.999727,0.000414
90,3762.16329,0.999746,0.000414
90,3762.17023,0.999457,0.000414
90,3762.17717,1.00019,0.000414
90,3762.18412,0.999463,0.000414
90,3762.19106,1.000158,0.000414
90,3762.19801,0.99939,0.000414
90,3762.20495,0.999671,0.000414
90,3762.2119,1.000087,0.000414
90,3762.21884,0.999653,0.000413
90,3762.22578,1.000555,0.000414
90,3762.23273,0.999941,0.000414
90,3762.23967,1.000324,0.000414
90,3762.24662,1.00047,0.000414
90,3762.25356,0.999877,0.000414
90,3762.26051,0.999924,0.000414
90,3762.26745,1.000912,0.000414
90,3762.27439,1.00005,0.000414
90,3762.28134,1.00045,0.000414
90,3762.28828,0.999235,0.000414
90,3762.29523,0.999612,0.000414
90,3762.30217,1.00003,0.000414
90,3762.30912,0.999401,0.000413
90,3762.31606,0.999816,0.000414
90,3762.323,0.998567,0.000413
90,3762.32995,0.998907,0.000413
90,3762.33689,1.000379,0.000414
90,3762.34384,1.000082,0.000413
90,3762.35078,1.000594,0.000414
90,3762.35773,1.000479,0.000414
90,3762.36467,1.000138,0.000414
90,3762.37162,1.000054,0.000414
90,3762.37856,0.999979,0.000414
90,3762.3855,0.99987,0.000414
90,3762.39245,1.000255,0.000414
90,3762.39939,0.99974,0.000413
90,3762.40634,0.999879,0.000414
90,3762.41328,0.999279,0.000413
90,3762.42023,0.99978,0.000413
90,3762.42717,1.000177,0.000414
90,3762.43411,1.000472,0.000414
90,3762.44106,1.000066,0.000414
90,3762.448,1.000289,0.000414
90,3762.45495,1.000334,0.000414
90,3762.46189,1.000426,0.000414
90,3762.46884,1.000147,0.000414
90,3762.47578,1.000235,0.000414
90,3762.48272,1.000084,0.000414
90,3762.48967,0.999128,0.000413
90,3762.49661,1.000593,0.000414
90,3762.50356,1.000443,0.000414
90,3762.5105,0.999455,0.000413
90,3762.51745,1.000412,0.000413
90,3762.52439,1.000448,0.000414
90,3762.53133,0.999751,0.000413
90,3762.53828,1.000007,0.000413
90,3762.54522,0.999386,0.000413
90,3762.55217,1.000287,0.000413
90,3762.55911,0.999566,0.000413
90,3762.56606,0.999857,0.000413
90,3762.573,1.000505,0.000414
90,3762.57994,0.999977,0.000413
90,3762.58689,1.000395,0.000413
90,3762.59383,0.999884,0.000413
90,3762.60078,0.999847,0.000413
90,3762.60772,1.000173,0.000414
90,3762.61467,0.999887,0.000413
90,3762.62161,1.000091,0.000414
90,3762.62856,0.999629,0.000413
90,3762.6355,0.999662,0.000413
90,3762.64244,0.999763,0.000413
90,3762.64939,0.999514,0.000413
90,3762.65633,0.999368,0.000413
90,3762.66328,0.999877,0.000413
90,3762.67022,0.999879,0.000413
90,3762.67717,1.000113,0.000413
90,3762.68411,0.999542,0.000413
90,3762.69105,1.000601,0.000413
90,3762.698,1.000152,0.000414
90,3762.70494,1.000388,0.000413
90,3762.71189,0.999757,0.000413
90,3762.71883,1.000774,0.000414
90,3762.72578,1.000056,0.000413
90,3762.73272,1.000403,0.000413
90,3762.73966,1.000142,0.000413
90,3762.74661,1.000555,0.000413
90,3762.75355,0.999889,0.000413
90,3762.7605,1.000285,0.000413
90,3762.76744,0.999762,0.000413
90,3762.77439,0.999906,0.000413
90,3762.78133,0.999674,0.000413
90,3762.78827,0.999566,0.000413
90,3762.79522,1.0,0.000413
90,3762.80216,1.000242,0.000413
90,3762.80911,0.999388,0.000413
90,3762.81605,0.999787,0.000413
90,3762.823,1.000244,0.000413
90,3762.82994,0.999317,0.000413
90,3762.83688,1.000157,0.000413
90,3762.84383,1.000246,0.000413
90,3762.85077,0.999746,0.000413
90,3762.85772,1.000545,0.000413
90,3762.86466,0.999577,0.000413
90,3762.87161,1.000146,0.000413
90,3762.87855,0.999804,0.000413
90,3762.88549,0.999324,0.000413
90,3762.89244,0.99977,0.000413
90,3762.89938,0.999699,0.000413
90,3762.90633,0.999779,0.000413
90,3762.91327,1.000198,0.000413
90,3762.92022,1.000593,0.000413
90,3762.92716,1.00043,0.000413
90,3762.93411,0.999512,0.000413
90,3762.94105,0.99961,0.000413
90,3762.94799,1.000864,0.000413
90,3762.95494,0.999364,0.000413
90,3762.96188,1.000001,0.000413
90,3762.96883,1.000244,0.000413
90,3762.97577,1.0,0.000413
90,3762.98272,0.999922,0.000413
90,3762.98966,0.998992,0.000413
90,3762.9966,1.000467,0.000413
90,3763.00355,1.000347,0.000413
90,3763.01049,1.000661,0.000413
90,3763.01744,1.000278,0.000413
90,3763.02438,1.00008,0.000413
90,3763.03133,1.00068,0.000413
90,3763.03827,1.000136,0.000413
90,3763.04521,0.999852,0.000413
90,3763.05216,0.999603,0.000413
90,3763.0591,1.00015,0.000413
90,3763.06605,1.000417,0.000413
90,3763.07299,1.000242,0.000413
90,3763.07994,1.000377,0.000413
90,3763.08688,0.999693,0.000413
90,3763.09382,0.999579,0.000413
90,3763.10077,0.999829,0.000413
90,3763.10771,0.999825,0.000413
90,3763.11466,1.000275,0.000413
90,3763.1216,1.000247,0.000413
90,3763.12855,1.001248,0.000413
90,3763.13549,1.00059,0.000413
90,3763.14243,1.000845,0.000413
90,3763.14938,0.999487,0.000413
90,3763.15632,0.999843,0.000413
90,3763.16327,1.000102,0.000413
90,3763.17021,1.000256,0.000413
90,3763.17716,1.000279,0.000413
90,3763.1841,0.999239,0.000413
90,3763.19104,1.00086,0.000414
90,3763.19799,1.000365,0.000413
90,3763.20493,1.000311,0.000413
90,3763.21188,1.000516,0.000413
90,3763.21882,0.99965,0.000413
90,3763.22577,1.000388,0.000413
90,3763.23271,0.999876,0.000413
90,3763.23966,0.999779,0.000413
90,3763.2466,0.999556,0.000413
90,3763.25354,0.999262,0.000413
90,3763.26049,0.999405,0.000413
90,3763.26743,0.999904,0.000413
90,3763.27438,0.999919,0.000413
90,3763.28132,0.99979,0.000413
90,3763.28827,1.000173,0.000413
90,3763.29521,1.000141,0.000413
90,3763.30215,0.999098,0.000413
90,3763.3091,0.999773,0.000413
90,3763.31604,0.999996,0.000413
90,3763.32299,0.999272,0.000413
90,3763.32993,1.000827,0.000413
90,3763.33688,0.999911,0.000413
90,3763.34382,1.000705,0.000413
90,3763.35076,0.999801,0.000413
90,3763.35771,0.999177,0.000413
90,3763.36465,1.000377,0.000413
90,3763.3716,1.000559,0.000413
90,3763.37854,1.000061,0.000413
90,3763.38549,1.000079,0.000413
90,3763.39243,1.000177,0.000413
90,3763.39937,0.999596,0.000413
90,3763.40632,1.000064,0.000413
90,3763.41326,0.999851,0.000413
90,3763.42021,1.000056,0.000413
90,3763.42715,0.999609,0.000413
90,3763.4341,1.000442,0.000413
90,3763.44104,1.000376,0.000413
90,3763.44798,1.000196,0.000413
90,3763.45493,0.999707,0.000413
90,3763.46187,1.000614,0.000413
90,3763.46882,1.000179,0.000413
90,3763.47576,0.999786,0.000413
90,3763.48271,0.999687,0.000413
90,3763.48965,1.000698,0.000413
90,3763.49659,0.999925,0.000413
90,3763.50354,0.99977,0.000413
90,3763.51048,1.000152,0.000413
90,3763.51743,0.99976,0.000413
90,3763.52437,1.000176,0.000413
90,3763.53132,0.999766,0.000413
90,3763.53826,1.000063,0.000413
90,3763.5452,1.000162,0.000413
90,3763.55215,1.000145,0.000413
90,3763.55909,0.999294,0.000413
90,3763.56604,0.999578,0.000413
90,3763.57298,0.999659,0.000413
90,3763.57993,1.00033,0.000413
90,3763.58687,0.999757,0.000413
90,3763.59382,0.999821,0.000413
90,3763.60076,1.000926,0.000413
90,3763.6077,0.999053,0.000413
90,3763.61465,0.999731,0.000413
90,3763.62159,1.000013,0.000413
90,3763.62854,1.000003,0.000413
90,3763.63548,0.99987,0.000413
90,3763.64243,1.000268,0.000413
90,3763.64937,1.001692,0.000414
90,3763.65631,0.999599,0.000413
90,3763.66326,1.000347,0.000413
90,3763.6702,1.000262,0.000413
90,3763.67715,0.999621,0.000413
90,3763.68409,0.999947,0.000413
90,3763.69104,1.00031,0.000413
90,3763.69798,0.999878,0.000413
90,3763.70492,1.000098,0.000413
90,3763.71187,1.000076,0.000413
90,3763.71881,1.000803,0.000413
90,3763.72576,0.999621,0.000413
90,3763.7327,0.999616,0.000413
90,3763.73965,0.999394,0.000413
90,3763.74659,1.000419,0.000413
90,3763.75353,1.000025,0.000413
90,3763.76048,0.999893,0.000413
90,3763.76742,1.000306,0.000413
90,3763.77437,0.999667,0.000413
90,3763.78131,0.99993,0.000413
90,3763.78826,0.999733,0.000413
90,3763.7952,0.999566,0.000413
90,3763.80214,0.999746,0.000413
90,3763.80909,1.000653,0.000413
90,3763.81603,1.000984,0.000413
90,3763.82298,1.000436,0.000413
90,3763.82992,0.999611,0.000413
90,3763.83687,1.000087,0.000413
90,3763.84381,1.00085,0.000413
90,3763.85075,0.999976,0.000413
90,3763.8577,0.999764,0.000413
90,3763.86464,0.999804,0.000413
90,3763.87159,0.999944,0.000413
90,3763.87853,1.000469,0.000413
90,3763.88548,0.999662,0.000413
90,3763.89242,1.000713,0.000413
90,3763.89936,1.000302,0.000413
90,3763.90631,0.999953,0.000413
90,3763.91325,1.000255,0.000413
90,3763.9202,0.999917,0.000413
90,3763.92714,0.999572,0.000413
90,3763.93409,0.999704,0.000413
90,3763.94103,1.000313,0.000413
90,3763.94797,0.999773,0.000413
90,3763.95492,1.000412,0.000413
90,3763.96186,1.000246,0.000413
90,3763.96881,0.999588,0.000413
90,3763.97575,0.999024,0.000413
90,3763.9827,1.000386,0.000413
90,3763.98964,0.999196,0.000413
90,3763.99658,0.999765,0.000413
90,3764.00353,0.999891,0.000413
90,3764.01047,1.00054,0.000413
90,3764.01742,1.000346,0.000413
90,3764.02436,0.999392,0.000413
90,3764.03131,0.99964,0.000413
90,3764.03825,0.999402,0.000413
90,3764.0452,1.00057,0.000413
90,3764.05214,0.999114,0.000413
90,3764.05908,1.000063,0.000413
90,3764.06603,1.000128,0.000413
90,3764.07297,1.0001,0.000413
90,3764.07992,0.998895,0.000413
90,3764.08686,0.999872,0.000413
90,3764.09381,0.999689,0.000413
90,3764.10075,0.999999,0.000413
90,3764.10769,1.000792,0.000413
90,3764.11464,1.000434,0.000413
90,3764.12158,0.999441,0.000413
90,3764.12853,1.000098,0.000413
90,3764.13547,0.999458,0.000413
90,3764.14242,0.999425,0.000413
90,3764.14936,1.000126,0.000413
90,3764.1563,0.999973,0.000413
90,3764.16325,1.000321,0.000413
90,3764.17019,1.000222,0.000413
90,3764.17714,1.00006,0.000413
90,3764.18408,1.00016,0.000413
90,3764.19103,1.000556,0.000413
90,3764.19797,1.000199,0.000413
90,3764.20491,0.999773,0.000413
90,3764.21186,1.000565,0.000413
90,3764.2188,0.999794,0.000413
90,3764.22575,1.000083,0.000413
90,3764.23269,1.000551,0.000413
90,3764.23964,0.999363,0.000413
90,3764.24658,0.999254,0.000413
90,3764.25352,1.000056,0.000413
90,3764.26047,0.999618,0.000413
90,3764.26741,0.999933,0.000413
90,3764.27436,1.000041,0.000413
90,3764.2813,0.999832,0.000413
90,3764.28825,0.999605,0.000413
90,3764.29519,1.000028,0.000413
90,3764.30213,1.00071,0.000413
90,3764.30908,1.000253,0.000413
90,3764.31602,1.000182,0.000413
90,3764.32297,1.000264,0.000413
90,3764.32991,1.000129,0.000413
90,3764.33686,0.999695,0.000413
90,3764.3438,0.999814,0.000413
90,3764.35074,1.000588,0.000413
90,3764.35769,0.999792,0.000413
90,3764.36463,1.000187,0.000413
90,3764.37158,1.000101,0.000413
90,3764.37852,1.000648,0.000413
90,3764.38547,0.99979,0.000413
90,3764.39241,1.000581,0.000413
90,3764.39935,0.999766,0.000413
90,3764.4063,1.000329,0.000413
90,3764.41324,0.999621,0.000413
90,3764.42019,1.00017,0.000413
90,3764.42713,0.999514,0.000413
90,3764.43408,0.999559,0.000413
90,3764.44102,1.000126,0.000413
90,3764.44796,0.999186,0.000413
90,3764.45491,0.999983,0.000413
90,3764.46185,1.000618,0.000413
90,3764.4688,0.999901,0.000413
90,3764.47574,1.000403,0.000413
90,3764.48269,1.000627,0.000413
90,3764.48963,1.000776,0.000413
90,3764.49657,1.000149,0.000413
90,3764.50352,0.999909,0.000413
90,3764.51046,1.000461,0.000413
90,3764.51741,1.000403,0.000413
90,3764.52435,0.999914,0.000413
90,3764.5313,1.000227,0.000413
90,3764.53824,0.999874,0.000413
90,3764.54519,1.00043,0.000413
90,3764.55213,1.000219,0.000413
90,3764.55907,1.000432,0.000413
90,3764.56602,0.999549,0.000413
90,3764.57296,1.000739,0.000413
90,3764.57991,1.000137,0.000413
90,3764.58685,0.999939,0.000413
90,3764.5938,1.000094,0.000413
90,3764.60074,0.999568,0.000413
90,3764.60768,1.00006,0.000413
90,3764.61463,0.999973,0.000413
90,3764.62157,1.000054,0.000413
90,3764.62852,0.999394,0.000413
90,3764.63546,0.999996,0.000413
90,3764.64241,1.000536,0.000462
90,3764.64935,0.999902,0.000413
90,3764.65629,0.999465,0.000413
90,3764.66324,1.000151,0.000413
90,3764.67018,1.00047,0.000462
90,3764.67713,0.999708,0.000462
90,3764.68407,0.999652,0.000413
90,3764.69102,0.999649,0.000413
90,3764.69796,0.999583,0.000413
90,3764.7049,1.000223,0.000413
90,3764.71185,1.000526,0.000413
90,3764.71879,1.000201,0.000413
90,3764.72574,0.999673,0.000413
90,3764.73268,0.999923,0.000413
90,3764.73963,1.000557,0.000413
90,3764.74657,0.99977,0.000413
90,3764.75351,1.000243,0.000413
90,3764.76046,1.000047,0.000413
90,3764.7674,1.000344,0.000413
90,3764.77435,1.000027,0.000413
90,3764.78129,1.000035,0.000413
90,3764.78789,0.999573,0.000462
90,3764.79518,1.000181,0.000413
90,3764.80212,0.999762,0.000413
90,3764.80907,0.999967,0.000413
90,3764.81601,0.999518,0.000413
90,3764.82296,0.99999,0.000413
90,3764.8299,0.999655,0.000413
90,3764.83685,0.999865,0.000413
90,3764.84379,0.999463,0.000413
90,3764.85073,0.999786,0.000413
90,3764.85768,1.000165,0.000413
90,3764.86462,1.000337,0.000413
90,3764.87157,0.999772,0.000413
90,3764.87851,0.999231,0.000413
90,3764.88546,1.000208,0.000413
90,3764.8924,0.999915,0.000413
90,3764.89934,0.99989,0.000413
90,3764.90629,0.999987,0.000413
90,3764.91323,0.999767,0.000413
90,3764.92018,1.000269,0.000413
90,3764.92712,0.999532,0.000413
90,3764.93407,1.000683,0.000413
90,3764.94101,1.000222,0.000413
90,3764.94795,0.999657,0.000413
90,3764.9549,0.999689,0.000413
90,3764.96184,0.999827,0.000413
90,3764.96879,0.99952,0.000413
90,3764.97573,0.999925,0.000413
90,3764.98268,0.999725,0.000413
90,3764.98962,0.999567,0.000413
90,3764.99656,0.999893,0.000413
90,3765.00351,0.999493,0.000413
90,3765.01045,1.000254,0.000413
90,3765.0174,1.000984,0.000413
90,3765.02434,1.000001,0.000413
90,3765.03129,0.999798,0.000413
90,3765.03823,0.999777,0.000413
90,3765.04517,1.00011,0.000413
90,3765.05212,1.00073,0.000413
90,3765.05906,0.999855,0.000413
90,3765.06601,1.000501,0.000413
90,3765.07295,0.999487,0.000413
90,3765.0799,0.999799,0.000413
90,3765.08684,1.000313,0.000413
90,3765.09378,1.000871,0.000413
90,3765.10073,1.000223,0.000413
90,3765.10767,0.999868,0.000413
90,3765.11462,1.000537,0.000413
90,3765.12156,0.999154,0.000413
90,3765.12851,0.99993,0.000413
90,3765.13545,0.999516,0.000413
90,3765.14239,0.99958,0.000413
90,3765.14934,1.00022,0.000413
90,3765.15628,1.000304,0.000413
90,3765.16323,0.999576,0.000413
90,3765.17017,1.000072,0.000413
90,3765.17712,1.000308,0.000413
90,3765.18406,0.999995,0.000413
90,3765.191,1.000214,0.000413
90,3765.19795,0.999835,0.000413
90,3765.20489,1.000058,0.000413
90,3765.21184,0.999888,0.000413
90,3765.21878,1.000113,0.000413
90,3765.22573,1.000564,0.000413
90,3765.23267,1.000426,0.000413
90,3765.23961,1.000239,0.000413
90,3765.24656,1.00001,0.000413
90,3765.2535,1.0002,0.000413
90,3765.26045,0.999665,0.000413
90,3765.26739,1.000182,0.000413
90,3765.27434,0.999402,0.000413
90,3765.28128,0.999353,0.000413
90,3765.28822,0.999494,0.000413
90,3765.29517,1.000537,0.000413
90,3765.30211,0.999601,0.000413
90,3765.30906,0.999683,0.000413
90,3765.316,1.000093,0.000413
90,3765.32295,0.999673,0.000413
90,3765.32989,0.999327,0.000413
90,3765.33684,0.99922,0.000413
90,3765.34378,1.000037,0.000413
90,3765.35072,0.999984,0.000413
90,3765.35767,1.000241,0.000413
90,3765.36461,0.999949,0.000413
90,3765.37156,1.00012,0.000413
90,3765.3785,1.000327,0.000413
90,3765.38545,0.999906,0.000413
90,3765.39239,0.999928,0.000413
90,3765.39933,0.999503,0.000413
90,3765.40628,0.999943,0.000413
90,3765.41322,1.000114,0.000413
90,3765.42017,0.999779,0.000413
90,3765.42711,1.000588,0.000413
90,3765.43406,0.999034,0.000413
90,3765.441,0.999679,0.000413
90,3765.44794,0.999641,0.000413
90,3765.45489,1.000166,0.000413
90,3765.46183,1.000126,0.000413
90,3765.46878,1.00005,0.000413
90,3765.47572,1.000526,0.000413
90,3765.48267,1.000088,0.000413
90,3765.48961,0.999477,0.000413
90,3765.49655,1.00046,0.000413
90,3765.5035,1.000257,0.000413
90,3765.51044,1.00023,0.000413
90,3765.51739,1.000836,0.000413
90,3765.52433,0.999788,0.000413
90,3765.53128,1.000765,0.000413
90,3765.53822,1.000031,0.000413
90,3765.54516,1.000472,0.000413
90,3765.55211,0.999577,0.000413
90,3765.55905,0.999514,0.000413
90,3765.566,1.000214,0.000413
90,3765.57294,1.000523,0.000413
90,3765.57989,1.000195,0.000413
90,3765.58683,1.000296,0.000413
90,3765.59377,1.000333,0.000413
90,3765.60072,0.999271,0.000413
90,3765.60766,1.000375,0.000413
90,3765.61461,0.999547,0.000462
90,3765.62155,1.00014,0.000413
90,3765.6285,0.999907,0.000413
90,3765.63544,0.99978,0.000413
90,3765.64238,0.999897,0.000413
90,3765.64933,1.000455,0.000413
90,3765.65627,0.999319,0.000413
90,3765.66322,0.99903,0.000413
90,3765.67016,0.999807,0.000413
90,3765.67711,1.000012,0.000413
90,3765.68405,0.999898,0.000413
90,3765.69099,1.000608,0.000413
90,3765.69794,0.999794,0.000413
90,3765.70488,0.999709,0.000413
90,3765.71183,0.999824,0.000413
90,3765.71877,0.999829,0.000413
90,3765.72572,0.999879,0.000413
90,3765.73266,0.999498,0.000413
90,3765.7396,0.999897,0.000413
90,3765.74655,1.000247,0.000413
90,3765.75349,0.999938,0.000413
90,3765.76044,0.999742,0.000413
90,3765.76738,0.999407,0.000413
90,3765.77433,0.99974,0.000413
90,3765.78127,1.000755,0.000413
90,3765.78821,1.000264,0.000413
90,3765.79516,1.000455,0.000413
90,3765.8021,0.999435,0.000413
90,3765.80905,0.999424,0.000413
90,3765.81599,1.000337,0.000413
90,3765.82294,1.000479,0.000413
90,3765.82988,1.000222,0.000413
90,3765.83682,1.000066,0.000413
90,3765.84377,1.000063,0.000413
90,3765.85071,0.999981,0.000413
90,3765.85766,1.000231,0.000413
90,3765.8646,1.000694,0.000413
90,3765.87155,0.999316,0.000413
90,3765.87849,0.999015,0.000413
90,3765.88543,1.000016,0.000413
90,3765.89238,1.001116,0.000413
90,3765.89932,1.000751,0.000413
90,3765.90627,1.000277,0.000413
90,3765.91321,1.000366,0.000413
90,3765.92016,0.999551,0.000413
90,3765.9271,0.999339,0.000413
90,3765.93404,0.999443,0.000413
90,3765.94099,0.99959,0.000413
90,3765.94793,0.9994,0.000413
90,3765.95488,1.000195,0.000413
90,3765.96182,1.000625,0.000413
90,3765.96877,1.000519,0.000413
90,3765.97571,1.000151,0.000413
90,3765.98265,1.000082,0.000413
90,3765.99029,0.999871,0.000462
90,3765.99654,1.000535,0.000413
90,3766.00349,0.999745,0.000413
90,3766.01043,1.000124,0.000413
90,3766.01738,1.000078,0.000413
90,3766.02432,1.000359,0.000413
90,3766.03126,1.000147,0.000413
90,3766.03821,0.999854,0.000413
90,3766.04515,1.000463,0.000413
90,3766.0521,0.999589,0.000413
90,3766.05904,1.000142,0.000413
90,3766.06599,0.998952,0.000413
90,3766.07293,0.999466,0.000413
90,3766.07987,1.000033,0.000413
90,3766.08682,0.999664,0.000413
90,3766.09376,1.000122,0.000413
90,3766.10071,1.000101,0.000413
90,3766.10765,0.999871,0.000413
90,3766.1146,0.999903,0.000413
90,3766.12154,0.999509,0.000413
90,3766.12848,0.999925,0.000413
90,3766.13543,1.000128,0.000413
90,3766.14237,0.999991,0.000413
90,3766.14932,1.000754,0.000413
90,3766.15626,0.999646,0.000413
90,3766.16321,1.000083,0.000413
90,3766.17015,1.000718,0.000413
90,3766.17709,0.999733,0.000413
90,3766.18404,1.000278,0.000413
90,3766.19098,1.000287,0.000413
90,3766.19793,0.999951,0.000413
90,3766.20487,1.000364,0.000413
90,3766.21182,0.999735,0.000413
90,3766.21876,0.999368,0.000413
90,3766.2257,0.999951,0.000413
90,3766.23265,1.000331,0.000413
90,3766.23959,0.999918,0.000413
90,3766.24654,0.999912,0.000413
90,3766.25348,1.000251,0.000413
90,3766.26043,1.000061,0.000413
90,3766.26737,0.999672,0.000413
90,3766.27431,0.999616,0.000413
90,3766.28126,0.999732,0.000413
90,3766.2882,1.000033,0.000413
90,3766.29515,1.000137,0.000413
90,3766.30209,0.999994,0.000413
90,3766.30904,0.999831,0.000413
90,3766.31598,0.999647,0.000413
90,3766.32292,0.99969,0.000413
90,3766.32987,1.000448,0.000413
90,3766.33681,0.999343,0.000413
90,3766.34376,1.000147,0.000413
90,3766.3507,1.000259,0.000413
90,3766.35765,1.000121,0.000413
90,3766.36459,0.999932,0.000413
90,3766.37153,1.000159,0.000413
90,3766.37848,0.999058,0.000413
90,3766.38542,0.999685,0.000413
90,3766.39237,1.000191,0.000413
90,3766.39931,1.000267,0.000413
90,3766.40626,1.000293,0.000413
90,3766.4132,1.000319,0.000413
90,3766.42014,0.999898,0.000413
90,3766.42709,0.999765,0.000413
90,3766.43403,0.999342,0.000413
90,3766.44098,1.001014,0.000413
90,3766.44792,0.998926,0.000413
90,3766.45487,1.000188,0.000413
90,3766.46181,1.000268,0.000413
90,3766.46875,1.000073,0.000413
90,3766.4757,1.000881,0.000413
90,3766.48195,1.001158,0.000462
90,3766.48959,0.999765,0.000413
90,3766.49653,1.000336,0.000413
90,3766.50348,1.00032,0.000413
90,3766.51042,0.99995,0.000413
90,3766.51736,1.000244,0.000413
90,3766.52431,0.999754,0.000413
90,3766.53125,0.999814,0.000413
90,3766.5382,1.000529,0.000413
90,3766.54514,1.000496,0.000413
90,3766.55209,0.999891,0.000413
90,3766.55903,0.999223,0.000413
90,3766.56597,1.000151,0.000413
90,3766.57292,0.999264,0.000413
90,3766.57986,1.000509,0.000413
90,3766.58681,1.000648,0.000413
90,3766.59375,1.000905,0.000413
90,3766.6007,1.000481,0.000413
90,3766.60764,0.999695,0.000413
90,3766.61458,0.999762,0.000413
90,3766.62153,0.999616,0.000413
90,3766.62847,0.999587,0.000413
90,3766.63542,0.999938,0.000413
90,3766.64306,0.999167,0.000462
90,3766.64931,1.000626,0.000413
90,3766.65625,0.999834,0.000413
90,3766.66319,0.999203,0.000413
90,3766.67014,0.999747,0.000413
90,3766.67708,1.000123,0.000413
90,3766.68403,1.000568,0.000413
90,3766.69097,1.000301,0.000413
90,3766.69792,0.999656,0.000413
90,3766.70486,0.999581,0.000413
90,3766.7118,0.9992,0.000413
90,3766.71875,0.999829,0.000413
90,3766.72569,0.999412,0.000413
90,3766.73264,1.000516,0.000413
90,3766.73958,0.99983,0.000413
90,3766.74653,0.999804,0.000413
90,3766.75347,0.999732,0.000413
90,3766.76041,1.000283,0.000413
90,3766.76736,0.999987,0.000413
90,3766.7743,0.999877,0.000413
90,3766.78125,1.000007,0.000413
90,3766.78819,1.000282,0.000413
90,3766.79514,0.999779,0.000413
90,3766.80208,1.000203,0.000413
90,3766.80902,1.000507,0.000413
90,3766.81597,1.000746,0.000413
90,3766.82291,1.000427,0.000413
90,3766.82986,0.999872,0.000413
90,3766.8368,0.999658,0.000413
90,3766.84375,1.000502,0.000413
90,3766.85069,1.000183,0.000413
90,3766.85763,1.000737,0.000413
90,3766.86458,0.999761,0.000413
90,3766.87152,1.000591,0.000413
90,3766.87847,1.000129,0.000413
90,3766.88541,0.999782,0.000413
90,3766.89236,0.99948,0.000413
90,3766.8993,1.000288,0.000413
90,3766.90624,0.999929,0.000413
90,3766.91319,1.000354,0.000413
90,3766.92013,1.000688,0.000413
90,3766.92708,0.999672,0.000413
90,3766.93402,1.000239,0.000413
90,3766.94097,1.000707,0.000413
90,3766.94791,0.999511,0.000413
90,3766.95485,1.000048,0.000413
90,3766.9618,1.000172,0.000413
90,3766.96874,0.999818,0.000413
90,3766.97569,0.998963,0.000413
90,3766.98263,1.00042,0.000413
90,3766.98958,0.999845,0.000413
90,3766.99652,0.999876,0.000413
90,3767.00346,0.99922,0.000413
90,3767.01041,1.000306,0.000413
90,3767.01735,1.001042,0.000413
90,3767.0243,1.00046,0.000413
90,3767.03124,1.000448,0.000413
90,3767.03819,0.999749,0.000413
90,3767.04513,1.000066,0.000413
90,3767.05207,1.000128,0.000413
90,3767.05902,0.999857,0.000413
90,3767.06596,0.999914,0.000413
90,3767.07291,1.000414,0.000413
90,3767.07985,0.999178,0.000413
90,3767.0868,1.000124,0.000413
90,3767.09374,1.000256,0.000413
90,3767.10068,0.999561,0.000413
90,3767.10763,1.000767,0.000413
90,3767.11457,0.9993,0.000413
90,3767.12152,1.000455,0.000413
90,3767.12846,0.999425,0.000413
90,3767.13541,1.000399,0.000413
90,3767.14235,1.000063,0.000413
90,3767.14929,1.000496,0.000413
90,3767.15624,1.000367,0.000413
90,3767.16318,0.999399,0.000413
90,3767.17013,0.999467,0.000413
90,3767.17707,1.000472,0.000413
90,3767.18402,0.999675,0.000413
90,3767.19096,0.999585,0.000413
90,3767.1979,0.999631,0.000413
90,3767.20485,0.999631,0.000413
90,3767.21179,1.000152,0.000413
90,3767.21874,1.000059,0.000413
90,3767.22568,0.999668,0.000413
90,3767.23263,0.999422,0.000413
90,3767.23957,1.000122,0.000413
90,3767.24651,1.000055,0.000413
90,3767.25346,1.0001,0.000413
90,3767.2604,0.999761,0.000413
90,3767.26735,0.999588,0.000413
90,3767.27429,0.999835,0.000413
90,3767.28124,1.00032,0.000413
90,3767.28818,1.000359,0.000413
90,3767.29512,1.00099,0.000413
90,3767.30207,1.000227,0.000413
90,3767.30901,1.001196,0.000413
90,3767.31596,0.999152,0.000413
90,3767.3229,0.999669,0.000413
90,3767.32985,0.999245,0.000413
90,3767.33679,0.999797,0.000413
90,3767.34373,1.000022,0.000413
90,3767.35068,0.999849,0.000413
90,3767.35762,0.999996,0.000413
90,3767.36457,0.999313,0.000413
90,3767.37151,1.000393,0.000413
90,3767.37846,0.999053,0.000413
90,3767.3854,1.000758,0.000413
90,3767.39234,1.00062,0.000413
90,3767.39929,1.000078,0.000413
90,3767.40623,1.000616,0.000413
90,3767.41318,1.000372,0.000413
90,3767.42012,1.000136,0.000413
90,3767.42707,1.000265,0.000413
90,3767.43401,0.999302,0.000413
90,3767.44095,1.000088,0.000413
90,3767.4479,1.000183,0.000413
90,3767.45484,0.999891,0.000413
90,3767.46179,0.999891,0.000413
90,3767.46873,1.000094,0.000413
90,3767.47568,0.999781,0.000413
90,3767.48262,0.999362,0.000413
90,3767.48956,1.000026,0.000413
90,3767.49651,0.999679,0.000413
90,3767.50345,1.000369,0.000413
90,3767.5104,1.000515,0.000462
90,3767.51734,0.99989,0.000413
90,3767.52429,1.000379,0.000413
90,3767.53123,1.00014,0.000413
90,3767.53817,0.99987,0.000413
90,3767.54512,0.999972,0.000413
90,3767.55206,1.000315,0.000413
90,3767.55901,0.999968,0.000413
90,3767.56595,0.999894,0.000413
90,3767.57289,1.000011,0.000413
90,3767.57984,1.000316,0.000413
90,3767.58678,0.999522,0.000413
90,3767.59338,1.000267,0.000461
90,3767.60067,1.000112,0.000413
90,3767.60762,1.000113,0.000413
90,3767.61456,1.00065,0.000413
90,3767.6215,1.000083,0.000413
90,3767.62845,1.000499,0.000413
90,3767.63539,0.999796,0.000413
90,3767.64234,1.000262,0.000413
90,3767.64928,1.00037,0.000413
90,3767.65623,1.000292,0.000413
90,3767.66317,0.999065,0.000413
90,3767.67011,1.000165,0.000413
90,3767.67706,1.000584,0.000413
90,3767.684,1.000096,0.000413
90,3767.69095,0.999894,0.000413
90,3767.69789,0.999907,0.000413
90,3767.70484,0.999485,0.000413
90,3767.71178,1.000126,0.000413
90,3767.71872,0.99975,0.000413
90,3767.72567,0.999669,0.000413
90,3767.73261,0.999475,0.000413
90,3767.73956,1.000618,0.000413
90,3767.7465,0.999833,0.000413
90,3767.75345,1.000539,0.000413
90,3767.76039,0.999667,0.000413
90,3767.76733,1.000081,0.000413
90,3767.77428,1.000568,0.000413
90,3767.78122,0.999956,0.000413
90,3767.78817,0.999931,0.000413
90,3767.79511,0.999809,0.000413
90,3767.80206,0.999713,0.000413
90,3767.809,1.000087,0.000413
90,3767.81594,0.999818,0.000413
90,3767.82289,1.000405,0.000413
90,3767.82983,0.999534,0.000413
90,3767.83678,1.000235,0.000413
90,3767.84303,0.999891,0.000461
90,3767.85067,0.999808,0.000413
90,3767.85761,1.000309,0.000413
90,3767.86455,1.000883,0.000413
90,3767.8715,1.000087,0.000413
90,3767.87844,0.999924,0.000413
90,3767.88539,1.000172,0.000413
90,3767.89233,0.999428,0.000413
90,3767.89928,1.000437,0.000413
90,3767.90622,0.999914,0.000413
90,3767.91316,0.999711,0.000413
90,3767.92011,0.999909,0.000413
90,3767.92705,0.998764,0.000413
90,3767.934,1.000594,0.000413
90,3767.94094,0.999581,0.000413
90,3767.94789,1.00058,0.000413
90,3767.95448,1.000347,0.000461
90,3767.96177,0.999872,0.000413
90,3767.96872,0.999788,0.000413
90,3767.97566,1.000525,0.000413
90,3767.98261,1.000131,0.000413
90,3767.98955,1.000552,0.000413
90,3767.9965,1.000083,0.000413
90,3768.00344,1.000771,0.000413
90,3768.01038,1.000277,0.000413
90,3768.01733,0.999511,0.000413
90,3768.02427,1.000388,0.000413
90,3768.03122,1.000481,0.000413
90,3768.03816,0.999126,0.000412
90,3768.04511,0.998949,0.000412
90,3768.05205,0.999731,0.000413
90,3768.05899,0.999371,0.000412
90,3768.06594,0.999687,0.000412
90,3768.07288,0.999765,0.000412
90,3768.07983,1.00019,0.000413
90,3768.08677,1.000523,0.000413
90,3768.09372,0.999624,0.000412
90,3768.10031,0.999741,0.000461
90,3768.1076,0.999921,0.000461
90,3768.11455,1.000622,0.000413
90,3768.12149,0.999833,0.000412
90,3768.12844,0.998616,0.000412
90,3768.13538,0.999859,0.000413
90,3768.14233,0.999659,0.000412
90,3768.14927,1.000005,0.000412
90,3768.15621,0.999705,0.000413
90,3768.16316,0.999432,0.000412
90,3768.1701,1.000102,0.000412
90,3768.17705,1.000672,0.000413
90,3768.18399,1.000456,0.000413
90,3768.19094,1.000211,0.000413
90,3768.41315,1.000027,0.000413
90,3768.4201,1.000686,0.000413
90,3768.42704,0.999687,0.000413
90,3768.43398,0.999992,0.000413
90,3768.44093,1.000047,0.000413
90,3768.44787,0.999574,0.000413
90,3768.45482,0.999464,0.000413
90,3768.46176,0.99994,0.000413
90,3768.46871,0.999479,0.000413
90,3768.47565,0.999986,0.000413
90,3768.48259,0.99905,0.000413
90,3768.48954,0.999328,0.000413
90,3768.49648,0.999373,0.000413
90,3768.50343,1.00014,0.000413
90,3768.51037,1.000455,0.000413
90,3768.51732,1.000534,0.000413
90,3768.52426,0.99992,0.000413
90,3768.5312,1.000496,0.000413
90,3768.53815,0.999772,0.000413
90,3768.54509,1.000054,0.000413
90,3768.55204,1.000316,0.000413
90,3768.55898,0.999667,0.000413
90,3768.56593,0.999843,0.000413
90,3768.57287,0.999725,0.000413
90,3768.57981,0.999418,0.000413
90,3768.58676,1.000853,0.000413
90,3768.5937,1.00038,0.000413
90,3768.60065,1.000464,0.000413
90,3768.60759,0.999612,0.000413
90,3768.61454,0.999641,0.000413
90,3768.62148,0.99968,0.000413
90,3768.62912,0.999752,0.000462
90,3768.63537,1.000262,0.000413
90,3768.64231,0.999391,0.000413
90,3768.64926,0.999567,0.000413
90,3768.6562,1.000247,0.000413
90,3768.66315,1.000489,0.000413
90,3768.67009,0.999573,0.000413
90,3768.67703,0.999523,0.000413
90,3768.68398,1.000063,0.000413
90,3768.69092,1.000107,0.000413
90,3768.69787,1.000623,0.000413
90,3768.70481,1.000304,0.000413
90,3768.71176,0.999849,0.000413
90,3768.7187,1.000156,0.000413
90,3768.72564,1.000073,0.000413
90,3768.73259,1.000012,0.000413
90,3768.73953,0.999847,0.000413
90,3768.74648,1.000686,0.000413
90,3768.75342,0.999171,0.000413
90,3768.76037,0.99969,0.000413
90,3768.76731,1.000497,0.000413
90,3768.77425,0.999492,0.000413
90,3768.7812,0.999689,0.000413
90,3768.78814,0.999609,0.000413
90,3768.79509,0.999604,0.000413
90,3768.80203,0.999758,0.000413
90,3768.80898,1.000432,0.000413
90,3768.81592,1.000197,0.000413
90,3768.82286,1.000511,0.000413
90,3768.82981,0.999567,0.000413
90,3768.83675,1.000317,0.000413
90,3768.8437,1.000438,0.000413
90,3768.85064,0.999794,0.000413
90,3768.85759,1.000094,0.000413
90,3768.86453,1.000079,0.000413
90,3768.87147,0.999703,0.000413
90,3768.87842,0.999878,0.000413
90,3768.88536,1.000335,0.000413
90,3768.89231,0.999902,0.000413
90,3768.89925,1.000201,0.000413
90,3768.9062,0.999483,0.000413
90,3768.91314,1.000549,0.000413
90,3768.92008,0.999658,0.000413
90,3768.92703,1.000194,0.000413
90,3768.93397,1.000576,0.000413
90,3768.94092,1.000422,0.000413
90,3768.94786,1.000086,0.000413
90,3768.9548,1.000089,0.000413
90,3768.96175,1.000061,0.000413
90,3768.96869,1.000185,0.000413
90,3768.97564,0.999634,0.000413
90,3768.98258,0.999688,0.000413
90,3768.98953,1.000107,0.000413
90,3768.99647,1.000047,0.000413
90,3769.00341,0.999838,0.000413
90,3769.01036,0.999636,0.000413
90,3769.0173,1.000421,0.000413
90,3769.02425,1.001101,0.000413
90,3769.03119,0.999718,0.000413
90,3769.03814,0.999371,0.000413
90,3769.04508,1.000931,0.000413
90,3769.05202,1.000086,0.000413
90,3769.05897,0.999681,0.000413
90,3769.06591,1.000616,0.000413
90,3769.07216,0.99955,0.000461
90,3769.0798,1.00004,0.000413
90,3769.08675,1.000039,0.000413
90,3769.09369,0.999914,0.000413
90,3769.10063,0.999956,0.000413
90,3769.10758,1.000314,0.000413
90,3769.11452,1.000247,0.000413
90,3769.12147,1.000031,0.000413
90,3769.12841,0.999809,0.000413
90,3769.13536,0.999678,0.000413
90,3769.1423,0.999794,0.000413
90,3769.14924,0.99966,0.000413
90,3769.15619,0.999919,0.000413
90,3769.16313,1.000256,0.000413
90,3769.17008,0.999274,0.000413
90,3769.17702,0.999419,0.000413
90,3769.18397,1.000204,0.000413
90,3769.19091,1.000454,0.000413
90,3769.19785,1.000339,0.000413
90,3769.2048,1.000242,0.000413
90,3769.21174,0.9998,0.000413
90,3769.21869,1.000028,0.000413
90,3769.22563,1.000384,0.000413
90,3769.23258,1.000442,0.000413
90,3769.23952,0.999619,0.000413
90,3769.24646,0.999806,0.000413
90,3769.25341,0.999712,0.000413
90,3769.26035,0.999648,0.000413
90,3769.2673,1.000308,0.000413
90,3769.27424,1.000008,0.000412
90,3769.28119,1.000309,0.000413
90,3769.28813,1.000467,0.000413
90,3769.29507,1.000526,0.000413
90,3769.30202,0.999772,0.000413
90,3769.30896,1.000299,0.000413
90,3769.31591,1.000187,0.000413
90,3769.32285,1.000029,0.000413
90,3769.3298,1.000471,0.000413
90,3769.33674,1.000148,0.000413
90,3769.34368,1.000301,0.000413
90,3769.35063,0.99954,0.000413
90,3769.35757,0.999877,0.000413
90,3769.36452,0.999864,0.000413
90,3769.37146,0.999915,0.000413
90,3769.37841,0.999068,0.000412
90,3769.38535,0.999763,0.000413
90,3769.39229,0.999503,0.000412
90,3769.39924,1.000063,0.000413
90,3769.40618,0.999722,0.000413
90,3769.41313,1.000738,0.000413
90,3769.42007,1.000955,0.000413
90,3769.42701,1.000408,0.000413
90,3769.43396,1.000385,0.000413
90,3769.4409,1.000118,0.000413
90,3769.44785,1.000186,0.000413
90,3769.45479,1.000195,0.000413
90,3769.46174,0.999977,0.000413
90,3769.46868,1.00004,0.000413
90,3769.47562,1.000693,0.000413
90,3769.48257,1.0001,0.000413
90,3769.48951,1.0,0.000413
90,3769.49646,0.999922,0.000413
90,3769.5034,1.000374,0.000413
90,3769.51035,0.999784,0.000413
90,3769.51729,0.999458,0.000413
90,3769.52423,0.999333,0.000412
90,3769.53118,1.000386,0.000413
90,3769.53812,1.000021,0.000413
90,3769.54507,0.999757,0.000413
90,3769.55201,0.999403,0.000413
90,3769.55896,0.999828,0.000413
90,3769.5659,1.00023,0.000413
90,3769.57284,1.000408,0.000413
90,3769.57979,0.999916,0.000413
90,3769.58673,1.000009,0.000413
90,3769.59368,0.999931,0.000413
90,3769.60062,1.000182,0.000412
90,3769.60757,0.999696,0.000413
90,3769.61451,0.999942,0.000413
90,3769.62145,0.999185,0.000412
90,3769.6284,1.000097,0.000412
90,3769.63534,0.999668,0.000412
90,3769.64229,0.999999,0.000412
90,3769.64923,0.999507,0.000412
90,3769.65618,1.000092,0.000413
90,3769.66312,1.000249,0.000413
90,3769.67006,1.000074,0.000413
90,3769.67701,0.999855,0.000413
90,3769.68395,0.999865,0.000413
90,3769.6909,1.000055,0.000412
90,3769.69784,1.000138,0.000412
90,3769.70479,0.999441,0.000412
90,3769.71173,1.000048,0.000413
90,3769.71867,0.999984,0.000413
90,3769.72562,0.999914,0.000412
90,3769.73256,0.999987,0.000412
90,3769.73951,1.000037,0.000413
90,3769.74715,0.999508,0.000461
90,3769.7534,1.000063,0.000412
90,3769.76034,0.999662,0.000412
90,3769.76728,1.000205,0.000412
90,3769.77423,1.000413,0.000412
90,3769.78117,1.000077,0.000412
90,3769.78812,0.999249,0.000412
90,3769.79506,1.000455,0.000413
90,3769.802,1.000091,0.000413
90,3769.80895,0.999489,0.000412
90,3769.81589,0.999815,0.000412
90,3769.82284,1.001156,0.000413
90,3769.82978,1.00062,0.000413
90,3769.83673,1.001042,0.000413
90,3769.84367,1.00039,0.000413
90,3769.85061,0.999771,0.000412
90,3769.85756,0.999752,0.000412
90,3769.8645,1.000219,0.000413
90,3769.87145,0.999396,0.000412
90,3769.87839,0.999992,0.000412
90,3769.88534,1.000804,0.000413
90,3769.89228,1.00006,0.000413
90,3769.89922,1.000273,0.000413
90,3769.90617,1.000609,0.000413
90,3769.91311,1.000179,0.000413
90,3769.92006,1.000431,0.000412
90,3769.927,0.999856,0.000412
90,3769.93395,1.000337,0.000412
90,3769.94089,1.000052,0.000412
90,3769.94783,1.00029,0.000412
90,3769.95478,1.000039,0.000412
90,3769.96172,0.999717,0.000412
90,3769.96867,0.999658,0.000412
90,3769.97561,1.000683,0.000412
90,3769.98256,0.999543,0.000412
90,3769.9895,1.000238,0.000412
90,3769.99644,1.000885,0.000412
90,3770.00339,0.999434,0.000412
90,3770.01033,1.00073,0.000412
90,3770.01728,0.999706,0.000412
90,3770.02422,0.999547,0.000412
90,3770.03117,0.999939,0.000412
90,3770.03811,0.999666,0.000412
90,3770.04505,1.001067,0.000413
90,3770.052,1.000274,0.000412
90,3770.05894,0.999955,0.000412
90,3770.06589,0.999627,0.000412
90,3770.07283,1.00016,0.000413
90,3770.07978,1.000258,0.000412
90,3770.08672,0.99991,0.000412
90,3770.09366,0.999535,0.000412
90,3770.10061,1.000078,0.000412
90,3770.10755,0.999891,0.000412
90,3770.1145,0.999579,0.000412
90,3770.12144,1.000309,0.000413
90,3770.12839,0.999768,0.000412
90,3770.13533,1.000032,0.000412
90,3770.14227,0.999275,0.000412
90,3770.14922,0.999989,0.000412
90,3770.15616,0.999911,0.000412
90,3770.16311,0.999241,0.000412
90,3770.17005,0.999177,0.000412
90,3770.17699,0.999928,0.000412
90,3770.18394,0.999522,0.000412
90,3770.19088,0.999775,0.000412
90,3770.19783,0.999537,0.000412
90,3770.20477,0.998636,0.000412
90,3770.21172,0.998657,0.000412
90,3770.21866,1.000227,0.000412
90,3770.2256,0.999956,0.000412
90,3770.23255,1.000236,0.000412
90,3770.23949,1.001,0.000413
90,3770.24644,0.999969,0.000412
90,3770.25338,0.999808,0.000412
90,3770.26033,1.000029,0.000412
90,3770.26727,1.000279,0.000412
90,3770.27421,1.000403,0.000412
90,3770.28116,1.000111,0.000412
90,3770.2881,1.000465,0.000412
90,3770.29505,1.000338,0.000412
90,3770.30199,0.999872,0.000412
90,3770.30894,1.000096,0.000412
90,3770.31588,1.000332,0.000412
90,3770.32282,1.000254,0.000412
90,3770.32977,1.000321,0.000412
90,3770.33671,0.999994,0.000412
90,3770.34366,1.000038,0.000412
90,3770.3506,1.000431,0.000412
90,3770.35755,1.000179,0.000412
90,3770.36449,0.999942,0.000412
90,3770.37143,0.999622,0.000412
90,3770.37838,1.00023,0.000412
90,3770.38532,1.000306,0.000412
90,3770.39227,1.000138,0.000412
90,3770.39921,0.999462,0.000412
90,3770.40616,1.000078,0.000412
90,3770.4131,0.999991,0.000412
90,3770.42004,1.000556,0.000412
90,3770.42699,1.000409,0.000412
90,3770.43393,0.999586,0.000412
90,3770.44088,1.000383,0.000412
90,3770.44782,1.000038,0.000412
90,3770.45477,0.999675,0.000412
90,3770.46171,1.00036,0.000412
90,3770.46865,0.999913,0.000412
90,3770.47629,1.000315,0.000461
90,3770.48254,1.000087,0.000412
90,3770.48949,0.999868,0.000412
90,3770.49643,0.998994,0.000412
90,3770.50337,1.00035,0.000412
90,3770.51032,1.000269,0.000412
90,3770.51726,0.999268,0.000412
90,3770.52421,0.999153,0.000412
90,3770.53115,0.999121,0.000412
90,3770.5381,0.999538,0.000412
90,3770.54504,1.000547,0.000412
90,3770.55198,0.999346,0.000412
90,3770.55893,0.999895,0.000412
90,3770.56587,0.999963,0.000412
90,3770.57282,0.99972,0.000412
90,3770.57976,0.999389,0.000412
90,3770.58671,0.999715,0.000412
90,3770.59365,0.99913,0.000412
90,3770.60059,0.99916,0.000412
90,3770.60754,1.000301,0.000412
90,3770.61448,0.999222,0.000412
90,3770.62143,1.000433,0.000412
90,3770.62837,1.000341,0.000412
90,3770.63532,0.999703,0.000412
90,3770.64226,0.999991,0.000412
90,3770.6492,1.000333,0.000412
90,3770.65615,0.999472,0.000412
90,3770.66309,1.000531,0.000412
90,3770.67004,1.000419,0.000412
90,3770.67698,0.99981,0.000412
90,3770.68393,0.999984,0.000412
90,3770.69087,1.000562,0.000412
90,3770.69851,0.999917,0.000461
90,3770.70476,1.000276,0.000412
90,3770.7117,1.000133,0.000412
90,3770.71865,0.999147,0.000412
90,3770.72559,1.000123,0.000412
90,3770.73254,0.999735,0.000412
90,3770.73948,1.000282,0.000412
90,3770.74642,0.999863,0.000412
90,3770.75337,1.000127,0.000412
90,3770.76031,1.000853,0.000412
90,3770.76726,0.999993,0.000412
90,3770.7742,1.000025,0.000412
90,3770.78115,1.000311,0.000412
90,3770.78809,1.000062,0.000412
90,3770.79503,1.000631,0.000413
90,3770.80198,1.000404,0.000412
90,3770.80892,0.999051,0.000412
90,3770.81587,0.999476,0.000412
90,3770.82281,1.000089,0.000412
90,3770.82975,1.000075,0.000412
90,3770.8367,1.000502,0.000412
90,3770.84364,0.999629,0.000412
90,3770.85059,0.999606,0.000412
90,3770.85753,0.999548,0.000412
90,3770.86448,0.999801,0.000412
90,3770.87142,1.000328,0.000412
90,3770.87836,1.000115,0.000412
90,3770.88531,1.000195,0.000412
90,3770.89225,1.00026,0.000412
90,3770.8992,1.000052,0.000412
90,3770.90614,0.999895,0.000412
90,3770.91309,1.000636,0.000412
90,3770.92003,0.999325,0.000412
90,3770.92697,0.999248,0.000412
90,3770.93392,0.999957,0.000412
90,3770.94086,0.999611,0.000412
90,3770.94781,1.000023,0.000412
90,3770.95475,1.000686,0.000412
90,3770.9617,0.999941,0.000412
90,3770.96864,1.000265,0.000412
90,3770.97558,1.000382,0.000412
90,3770.98253,0.999652,0.000412
90,3770.98947,0.999905,0.000412
90,3770.99642,0.999909,0.000412
90,3771.00336,0.999563,0.000412
90,3771.01031,0.999869,0.000412
90,3771.01725,0.999681,0.000412
90,3771.02419,1.000251,0.000412
90,3771.03114,1.000003,0.000412
90,3771.03808,0.999587,0.000412
90,3771.04503,0.999809,0.000412
90,3771.05197,1.000506,0.000412
90,3771.05892,1.000621,0.000412
90,3771.06586,0.999646,0.000412
90,3771.0728,1.000226,0.000412
90,3771.07975,0.999678,0.000412
90,3771.08669,0.999768,0.000412
90,3771.09364,1.000114,0.000412
90,3771.10058,0.999883,0.000412
90,3771.10752,0.999227,0.000412
90,3771.11447,0.999808,0.000412
90,3771.12141,1.000123,0.000412
90,3771.12836,0.999752,0.000412
90,3771.1353,0.999914,0.000412
90,3771.14225,0.99996,0.000412
90,3771.14919,1.00014,0.000412
90,3771.15613,1.0003,0.000412
90,3771.16308,1.000269,0.000412
90,3771.17002,1.000423,0.000412
90,3771.17697,1.000056,0.000412
90,3771.18391,1.000574,0.000412
90,3771.19086,1.000085,0.000412
90,3771.19711,0.99988,0.000461
90,3771.20474,1.000265,0.000412
90,3771.21169,0.999676,0.000412
90,3771.21863,1.000145,0.000412
90,3771.22558,1.000097,0.000412
90,3771.23252,0.999863,0.000412
90,3771.23947,1.000082,0.000412
90,3771.24641,0.999851,0.000412
90,3771.25335,1.000738,0.000412
90,3771.2603,1.000234,0.000412
90,3771.26724,1.000064,0.000412
90,3771.27419,0.999828,0.000412
90,3771.28113,1.000671,0.000412
90,3771.28808,0.999159,0.000412
90,3771.29502,0.999259,0.000412
90,3771.30196,1.000588,0.000412
90,3771.30891,1.000134,0.000412
90,3771.31585,1.000008,0.000412
90,3771.3228,0.999597,0.000412
90,3771.32974,0.998849,0.000412
90,3771.33669,1.0001,0.000412
90,3771.34363,0.999095,0.000412
90,3771.35057,0.999196,0.000412
90,3771.35752,0.999343,0.000412
90,3771.36446,0.999814,0.000412
90,3771.37141,0.999279,0.000412
90,3771.37835,0.99961,0.000412
90,3771.38529,0.999832,0.000412
90,3771.39224,0.999849,0.000412
90,3771.39918,0.999978,0.000412
90,3771.40613,0.999729,0.000412
90,3771.41307,0.999971,0.000412
90,3771.42002,1.00018,0.000412
90,3771.42696,0.99951,0.000412
90,3771.4339,1.000142,0.000412
90,3771.44085,1.000961,0.000412
90,3771.44779,0.999739,0.000412
90,3771.45474,1.000553,0.000412
90,3771.46168,1.000536,0.000412
90,3771.46863,1.000189,0.000412
90,3771.47557,0.999552,0.000412
90,3771.48251,0.999658,0.000412
90,3771.48946,0.999457,0.000412
90,3771.4964,1.000388,0.000412
90,3771.50335,1.000566,0.000412
90,3771.51029,1.000258,0.000412
90,3771.51724,1.000363,0.000412
90,3771.52418,1.00021,0.000412
90,3771.53112,1.000258,0.000412
90,3771.53807,0.999912,0.000412
90,3771.54501,0.999457,0.000412
90,3771.55196,1.000421,0.000412
90,3771.5589,0.999828,0.000412
90,3771.56585,1.000144,0.000412
90,3771.57279,0.999661,0.000412
90,3771.57973,1.000187,0.000412
90,3771.58668,1.000456,0.000412
90,3771.59362,0.99993,0.000412
90,3771.60057,0.999596,0.000412
90,3771.60751,1.00057,0.000412
90,3771.61446,0.999863,0.000412
90,3771.6214,1.000553,0.000412
90,3771.62834,0.999884,0.000412
90,3771.63529,1.000176,0.000412
90,3771.64223,0.999585,0.000412
90,3771.64918,1.000237,0.000412
90,3771.65612,0.99979,0.000412
90,3771.66306,0.999957,0.000412
90,3771.67001,0.999343,0.000412
90,3771.67695,1.000788,0.000412
90,3771.6839,0.999435,0.000412
90,3771.69084,1.000077,0.000412
90,3771.69779,1.000172,0.000412
90,3771.70473,0.99964,0.000412
90,3771.71167,1.000262,0.000413
90,3771.71862,1.000244,0.000412
90,3771.72556,1.000093,0.000412
90,3771.73251,0.998844,0.000412
90,3771.73945,0.999777,0.000412
90,3771.7464,0.999601,0.000413
90,3771.75334,0.999846,0.000413
90,3771.76028,1.000443,0.000413
90,3771.76723,1.000528,0.000413
90,3771.77417,0.999772,0.000413
90,3771.78112,1.000614,0.000413
90,3771.78806,0.999504,0.000413
90,3771.79501,1.000272,0.000413
90,3771.80195,1.000513,0.000413
90,3771.80889,0.999915,0.000413
90,3771.81584,0.99984,0.000413
90,3771.82278,1.000552,0.000413
90,3771.82973,1.000908,0.000413
90,3771.83667,1.000176,0.000413
90,3771.84362,0.99963,0.000413
90,3771.85056,0.999401,0.000413
90,3771.8575,1.000105,0.000413
90,3771.86445,1.000376,0.000413
90,3771.87139,0.999529,0.000413
90,3771.87834,1.000477,0.000414
90,3771.88528,0.999958,0.000414
90,3771.89222,1.000156,0.000414
90,3771.89917,1.000613,0.000414
90,3771.90611,0.999458,0.000414
90,3771.91306,0.999643,0.000414
90,3771.92,1.000195,0.000414
90,3771.92695,1.000132,0.000414
90,3771.93389,1.00076,0.000414
90,3771.94083,0.999764,0.000414
90,3771.94778,0.999931,0.000414
90,3771.95472,1.000215,0.000414
90,3771.96167,0.999564,0.000414
90,3771.96861,0.999463,0.000415
90,3771.97556,1.000115,0.000415
90,3771.9825,0.999982,0.000415
90,3771.98944,1.000272,0.000415
90,3771.99639,1.000604,0.000415
90,3772.00333,0.99957,0.000415
90,3772.01028,0.99978,0.000415
90,3772.01722,1.000532,0.000415
90,3772.02417,0.999343,0.000415
90,3772.03111,1.000186,0.000415
90,3772.03805,1.000442,0.000415
90,3772.045,0.999876,0.000415
90,3772.05194,0.999854,0.000415
90,3772.05889,0.999587,0.000415
90,3772.06583,0.999763,0.000416
90,3772.07278,0.999528,0.000416
90,3772.07972,0.999185,0.000416
90,3772.08666,0.999647,0.000416
90,3772.09361,0.999949,0.000416
90,3772.10055,0.999493,0.000416
90,3772.1075,0.99989,0.000416
90,3772.11444,1.000627,0.000416
90,3772.12138,1.00049,0.000416
90,3772.12833,1.000117,0.000416
90,3772.13527,0.999609,0.000416
90,3772.14222,0.999815,0.000416
90,3772.14916,0.999976,0.000416
90,3772.15611,0.9993,0.000416
90,3772.16305,0.99977,0.000416
90,3772.16999,0.999962,0.000417
90,3772.17694,1.0001,0.000417
90,3772.18388,0.999006,0.000416
90,3772.19083,1.001436,0.000417
90,3772.19777,1.000326,0.000417
90,3772.20472,1.000169,0.000466
90,3772.21166,0.999952,0.000417
90,3772.2186,1.000149,0.000417
90,3772.22555,1.000121,0.000417
90,3772.23249,1.000135,0.000417
90,3772.23944,0.999898,0.000417
90,3772.24638,1.000403,0.000418
90,3772.25333,0.999759,0.000417
90,3772.26027,0.999174,0.000417
90,3772.26721,1.000047,0.000418
90,3772.27416,1.000168,0.000418
90,3772.2811,0.999589,0.000418
90,3772.28805,1.00025,0.000418
90,3772.29499,1.000914,0.000418
90,3772.30194,1.000258,0.000418
90,3772.30888,1.000326,0.000418
90,3772.31582,0.99994,0.000418
90,3772.32277,0.999447,0.000418
90,3772.32971,0.999767,0.000418
90,3772.33666,1.000214,0.000418
90,3772.3436,0.999937,0.000418
90,3772.35054,0.999556,0.000418
90,3772.35749,1.000545,0.000418
90,3772.36443,0.999487,0.000418
90,3772.37138,0.999151,0.000418
90,3772.37832,0.999602,0.000418
90,3772.38527,1.000512,0.000418
90,3772.39221,0.99958,0.000418
90,3772.39915,1.00019,0.000418
90,3772.4061,0.99994,0.000418
90,3772.41304,0.999516,0.000418
90,3772.41999,0.999464,0.000418
90,3772.42693,1.000207,0.000419
90,3772.43388,0.999485,0.000419
90,3772.44082,0.999487,0.000419
90,3772.44776,1.000529,0.000419
90,3772.45471,0.999799,0.000419
90,3772.46165,0.999997,0.000419
90,3772.4686,0.99956,0.000419
90,3772.47554,1.000158,0.000419
90,3772.48249,0.999854,0.000419
90,3772.48943,1.000062,0.000419
90,3772.49637,0.999912,0.000419
90,3772.50332,0.999968,0.000419
90,3772.51026,1.000617,0.000419
90,3772.51721,0.999973,0.00042
90,3772.52415,1.000816,0.00042
90,3772.5311,1.000047,0.00042
90,3772.53804,0.999734,0.00042
90,3772.54498,0.999771,0.00042
90,3772.55193,1.000444,0.00042
90,3772.55887,1.000171,0.00042
90,3772.56582,0.999976,0.00042
90,3772.57276,0.999861,0.00042
90,3772.5797,1.000269,0.000421
90,3772.58665,1.000159,0.000421
90,3772.59359,1.000315,0.000421
90,3772.60054,1.000538,0.000421
90,3772.60748,1.000125,0.000421
90,3772.61443,0.999945,0.000421
90,3772.62137,0.999983,0.000422
90,3772.62831,1.000187,0.000422
90,3772.63526,1.00025,0.000422
90,3772.6422,0.999522,0.000422
90,3772.64915,0.999965,0.000422
90,3772.65609,1.00053,0.000423
90,3772.66304,0.999646,0.000423
90,3772.66998,0.999929,0.000423
90,3772.67692,0.999515,0.000423
90,3772.68387,1.000813,0.000424
90,3772.69081,0.999806,0.000424
90,3772.69776,1.000421,0.000424
90,3772.7047,1.000288,0.000424
90,3772.71165,0.999799,0.000424
90,3772.71859,0.999977,0.000425
90,3772.72553,1.000368,0.000425
90,3772.73248,1.000262,0.000425
90,3772.73942,1.000486,0.000425
90,3772.74637,0.999558,0.000425
90,3772.75331,1.000521,0.000426
90,3772.76026,1.000566,0.000426
90,3772.7672,1.000133,0.000426
90,3772.77414,1.000495,0.000426
90,3772.78109,0.999959,0.000426
90,3772.78803,1.000423,0.000426
90,3772.79498,0.999756,0.000426
90,3772.80192,0.999635,0.000427
90,3772.80886,1.000212,0.000427
90,3772.81581,0.999622,0.000427
90,3772.82275,0.999964,0.000428
90,3772.8297,1.000179,0.000428
90,3772.83664,1.000303,0.000428
90,3772.84359,0.999885,0.000429
90,3772.85053,0.999509,0.000429
90,3772.85747,1.000893,0.000429
90,3772.86442,0.999947,0.000429
90,3772.87136,1.000365,0.00043
90,3772.87831,1.000009,0.00043
90,3772.88525,1.000153,0.000431
90,3772.8922,0.999636,0.000431
90,3772.89914,0.999894,0.000431
90,3772.90608,0.999852,0.000432
90,3772.91303,1.000158,0.000432
90,3772.91997,0.999691,0.000432
90,3772.92692,0.99983,0.000433
90,3772.93386,0.999537,0.000433
90,3772.94081,0.999573,0.000433
90,3772.94775,0.999361,0.000433
90,3772.95469,1.00022,0.000434
90,3772.96164,0.999483,0.000434
90,3772.96858,1.000245,0.000434
90,3772.97553,0.999673,0.000435
90,3772.98247,0.999269,0.000435
90,3772.98942,1.0,0.000435
90,3772.99636,0.999777,0.000435
90,3773.0033,0.999912,0.000436
90,3773.01025,0.999669,0.000436
90,3773.01719,0.999357,0.000436
90,3773.02414,1.000876,0.000437
90,3773.03108,0.999864,0.000437
90,3773.03802,1.000149,0.000437
90,3773.04497,0.999417,0.000437
90,3773.05122,0.999745,0.000489
90,3773.05886,0.999273,0.000438
90,3773.0658,1.000049,0.000438
90,3773.07275,1.000015,0.000438
90,3773.07969,1.000001,0.000438
90,3773.08663,1.000546,0.000438
90,3773.09358,1.000507,0.000439
90,3773.10052,1.000256,0.000439
90,3773.10747,1.000179,0.000439
90,3773.11441,0.999907,0.000439
90,3773.12136,1.000279,0.000439
90,3773.1283,1.001015,0.00044
90,3773.13524,1.000557,0.00044
90,3773.14219,1.000211,0.00044
90,3773.14913,1.000182,0.00044
90,3773.15608,1.000048,0.00044
90,3773.16302,0.999567,0.000441
90,3773.16997,0.999818,0.000441
90,3773.17691,1.000558,0.000441
90,3773.18385,1.000075,0.000441
90,3773.1908,0.999742,0.000442
90,3773.19774,0.999405,0.000442
90,3773.20469,0.99924,0.000443
90,3773.21163,1.000041,0.000443
90,3773.21857,1.001569,0.000443
90,3773.22552,0.999644,0.000444
90,3773.23246,1.000064,0.000444
90,3773.23941,1.000165,0.000444
90,3773.24635,0.99977,0.000445
90,3773.2533,1.000327,0.000445
90,3773.26024,1.000474,0.000446
90,3773.26718,0.999261,0.000446
90,3773.27413,1.000081,0.000446
90,3773.28107,0.99987,0.000447
90,3773.28802,1.000504,0.000447
90,3773.29496,1.000392,0.000447
90,3773.30191,1.000129,0.000448
90,3773.30885,1.000151,0.000448
90,3773.31579,0.999227,0.000448
90,3773.32274,0.999776,0.000448
90,3773.32968,0.999461,0.000448
90,3773.33663,1.000443,0.000448
90,3773.34357,1.000943,0.000448
90,3773.35052,1.000326,0.000448
90,3773.35746,0.999697,0.000448
90,3773.3644,0.999856,0.000447
90,3773.37135,1.000173,0.000448
90,3773.37829,0.999654,0.000447
90,3773.38524,0.999838,0.000447
90,3773.39218,0.999581,0.000447
90,3773.39913,1.000068,0.000447
90,3773.40607,1.000814,0.000447
90,3773.41371,0.999796,0.000499
90,3773.41996,0.999686,0.000499
90,3773.4269,1.000236,0.000447
90,3773.43385,0.999917,0.000447
90,3773.44079,1.000007,0.000447
90,3773.44773,0.999828,0.000447
90,3773.45468,1.000297,0.000447
90,3773.46162,0.999894,0.000447
90,3773.46857,0.99999,0.000447
90,3773.47551,0.999535,0.000447
90,3773.48246,1.000103,0.000448
90,3773.4894,1.000769,0.000448
90,3773.49634,1.000184,0.000448
90,3773.50329,1.000111,0.000448
90,3773.50954,1.000405,0.000501
90,3774.62964,1.00146,0.000586
90,3774.6352,0.999891,0.000453
90,3774.64214,1.000599,0.000453
90,3774.64909,0.999951,0.000452
90,3774.65603,0.9996,0.000452
90,3774.66298,1.000218,0.000452
90,3774.66992,0.999649,0.000451
90,3774.67686,0.999934,0.000451
90,3774.68381,1.000823,0.000451
90,3774.69075,0.999765,0.00045
90,3774.6977,0.999724,0.00045
90,3774.70464,0.999499,0.00045
90,3774.71159,1.000624,0.00045
90,3774.71853,1.000532,0.000449
90,3774.72547,0.999942,0.000449
90,3774.73242,1.000253,0.000448
90,3774.73936,1.000033,0.000448
90,3774.74631,0.999548,0.000448
90,3774.75325,0.998563,0.000447
90,3774.76019,1.000049,0.000447
90,3774.76714,1.000101,0.000447
90,3774.77408,1.000087,0.000446
90,3774.78103,0.999316,0.000446
90,3774.78797,0.999409,0.000446
90,3774.79526,0.999688,0.000498
90,3774.80186,0.999511,0.000445
90,3774.8088,1.000396,0.000445
90,3774.81575,1.000587,0.000445
90,3774.82269,0.99972,0.000444
90,3774.82964,1.00043,0.000444
90,3774.83658,0.999431,0.000444
90,3774.84353,1.000707,0.000444
90,3774.85047,1.00004,0.000443
90,3774.85741,1.000172,0.000443
90,3774.86436,0.999946,0.000443
90,3774.8713,1.000078,0.000442
90,3774.87825,0.999957,0.000442
90,3774.88519,0.999216,0.000441
90,3774.89214,0.999166,0.000441
90,3774.89908,0.999428,0.000441
90,3774.90602,0.999459,0.00044
90,3774.91297,0.999605,0.00044
90,3774.91991,0.999861,0.00044
90,3774.92686,1.000482,0.000439
90,3774.9338,0.999592,0.000439
90,3774.94074,1.000847,0.000439
90,3774.94769,0.999678,0.000438
90,3774.95463,0.999686,0.000438
90,3774.96158,0.999676,0.000438
90,3774.96852,0.999502,0.000437
90,3774.97477,0.999621,0.000489
99,4046.21924,1.000083,0.000472
99,4046.22619,1.0007,0.000472
99,4046.23313,0.999339,0.000472
99,4046.24008,0.999936,0.000472
99,4046.24702,1.000501,0.000472
99,4046.25397,0.999895,0.000472
99,4046.26091,1.000577,0.000472
99,4046.26786,1.00006,0.000472
99,4046.2748,0.998606,0.000471
99,4046.28175,1.000578,0.000471
99,4046.28869,0.999925,0.000471
99,4046.29564,0.99928,0.000471
99,4046.30258,0.999991,0.000471
99,4046.30953,1.000334,0.000471
99,4046.31647,1.000044,0.00047
99,4046.32342,1.000031,0.00047
99,4046.33105,1.000235,0.000525
99,4046.33731,0.999939,0.00047
99,4046.34425,0.999786,0.000469
99,4046.35119,0.999791,0.000469
99,4046.35814,0.999847,0.000469
99,4046.36508,0.999982,0.000469
99,4046.37203,0.999844,0.000468
99,4046.37897,0.999637,0.000468
99,4046.38592,1.000312,0.000468
99,4046.39286,1.000665,0.000468
99,4046.39981,0.999891,0.000467
99,4046.40675,1.000644,0.000467
99,4046.4137,1.000199,0.000467
99,4046.4203,0.999934,0.000522
99,4046.42759,1.000823,0.000522
99,4046.43453,0.999748,0.000466
99,4046.44148,1.001061,0.000466
99,4046.44842,1.000511,0.000466
99,4046.45537,1.000345,0.000466
99,4046.46231,0.999986,0.000465
99,4046.46926,1.00098,0.000465
99,4046.4762,1.000652,0.000465
99,4046.48315,1.000197,0.000465
99,4046.49009,1.000378,0.000465
99,4046.49704,0.999993,0.000465
99,4046.50398,0.999416,0.000465
99,4046.51093,1.000212,0.000465
99,4046.51787,0.999406,0.000464
99,4046.52482,0.999516,0.000464
99,4046.53176,0.999324,0.000464
99,4046.53871,0.999698,0.000464
99,4046.54565,1.000378,0.000464
99,4046.5526,0.998793,0.000464
99,4046.55954,0.999643,0.000464
99,4046.56649,0.999558,0.000464
99,4046.57343,1.000277,0.000464
99,4046.58038,0.99952,0.000464
99,4046.58732,1.000196,0.000464
99,4046.59427,0.999659,0.000464
99,4046.60121,1.000303,0.000464
99,4046.60816,1.000122,0.000464
99,4046.6151,0.999673,0.000463
99,4046.62205,1.000574,0.000464
99,4046.62899,1.000722,0.000464
99,4046.63594,1.000583,0.000463
99,4046.64288,0.999663,0.000463
99,4046.64983,0.999595,0.000463
99,4046.65677,0.998917,0.000463
99,4046.66371,1.000193,0.000463
99,4046.67066,1.000835,0.000463
99,4046.6776,0.999963,0.000463
99,4046.68455,1.000188,0.000463
99,4046.69149,1.000171,0.000463
99,4046.69844,1.000236,0.000463
99,4046.70538,0.999476,0.000463
99,4046.71233,1.000677,0.000463
99,4046.71927,0.999634,0.000463
99,4046.72622,1.000278,0.000463
99,4046.73316,1.00017,0.000462
99,4046.74011,1.000547,0.000462
99,4046.74705,1.000913,0.000462
99,4046.754,1.000738,0.000462
99,4046.76094,0.999663,0.000462
99,4046.76789,0.999791,0.000462
99,4046.77483,0.999652,0.000462
99,4046.78178,0.99958,0.000462
99,4046.78872,0.998916,0.000462
99,4046.79567,0.999876,0.000462
99,4046.80261,0.999818,0.000462
99,4046.80956,1.000132,0.000461
99,4046.8165,1.0001,0.000461
99,4046.82345,1.000434,0.000461
99,4046.83039,0.999697,0.000461
99,4046.83734,0.999988,0.000461
99,4046.84428,0.999712,0.000461
99,4046.85123,1.000385,0.000461
99,4046.85817,0.999553,0.000461
99,4046.86512,1.000677,0.000461
99,4046.87206,0.999541,0.000461
99,4046.87901,1.000087,0.000461
99,4046.88595,1.000491,0.000461
99,4046.8929,1.00041,0.000461
99,4046.89984,0.999429,0.00046
99,4046.90679,1.00047,0.00046
99,4046.91373,0.999792,0.00046
99,4046.92068,0.999209,0.00046
99,4046.92762,0.999704,0.00046
99,4046.93457,1.000659,0.00046
99,4046.94151,0.999769,0.00046
99,4046.94846,1.000749,0.00046
99,4046.9554,1.000178,0.00046
99,4046.96235,0.999482,0.00046
99,4046.96929,0.999635,0.000459
99,4046.97623,0.999499,0.000459
99,4046.98318,1.000144,0.000459
99,4046.99012,1.000078,0.000459
99,4046.99707,1.000544,0.000459
99,4047.00401,0.999764,0.000459
99,4047.01096,0.99981,0.000459
99,4047.0179,1.000234,0.000459
99,4047.02485,1.000135,0.000459
99,4047.03179,0.999589,0.000459
99,4047.03874,1.000669,0.000459
99,4047.04568,0.999847,0.000459
99,4047.05263,0.999762,0.000459
99,4047.05957,1.000083,0.000459
99,4047.06652,0.999256,0.000458
99,4047.07346,0.999767,0.000458
99,4047.08041,0.999985,0.000458
99,4047.08735,1.000059,0.000458
99,4047.0943,0.999571,0.000458
99,4047.10124,0.998593,0.000458
99,4047.10819,1.000161,0.000458
99,4047.11513,1.000526,0.000458
99,4047.12208,1.000265,0.000458
99,4047.12902,0.999882,0.000458
99,4047.13597,1.000037,0.000458
99,4047.14291,0.999669,0.000458
99,4047.14986,0.999344,0.000458
99,4047.1568,0.999335,0.000458
99,4047.16375,0.999998,0.000458
99,4047.17069,1.000064,0.000458
99,4047.17764,1.000226,0.000458
99,4047.18458,0.999959,0.000457
99,4047.19153,0.999722,0.000457
99,4047.19847,0.998956,0.000457
99,4047.20542,0.999373,0.000457
99,4047.21236,1.000649,0.000457
99,4047.21931,1.000808,0.000457
99,4047.22625,1.000416,0.000457
99,4047.2332,1.000143,0.000457
99,4047.24014,1.000066,0.000457
99,4047.24709,0.999934,0.000457
99,4047.25403,1.000531,0.000457
99,4047.26098,0.999806,0.000457
99,4047.26792,0.99948,0.000457
99,4047.27487,1.000712,0.000457
99,4047.28181,0.999503,0.000457
99,4047.28875,1.000513,0.000457
99,4047.2957,1.000487,0.000457
99,4047.30264,1.00029,0.000457
99,4047.30959,0.999631,0.000457
99,4047.31653,1.000422,0.000457
99,4047.32348,1.000651,0.000457
99,4047.33042,0.999937,0.000457
99,4047.33737,1.00019,0.000457
99,4047.34431,0.999881,0.000457
99,4047.35126,0.999941,0.000456
99,4047.3582,0.999496,0.000456
99,4047.36515,1.000458,0.000457
99,4047.37209,1.000521,0.000456
99,4047.37904,0.999543,0.000456
99,4047.38598,1.000902,0.000456
99,4047.39293,0.999527,0.000456
99,4047.39987,1.000472,0.000456
99,4047.40682,0.999524,0.000456
99,4047.41376,1.000253,0.000456
99,4047.42071,1.000426,0.000456
99,4047.42765,1.000079,0.000456
99,4047.43425,0.999942,0.00051
99,4047.44154,1.000075,0.000456
99,4047.44849,1.000372,0.000456
99,4047.45543,0.999653,0.000456
99,4047.46238,1.000696,0.000456
99,4047.46932,0.999685,0.000456
99,4047.47627,0.999842,0.000456
99,4047.48321,1.000192,0.000456
99,4047.49016,0.999571,0.000456
99,4047.4971,1.000855,0.000456
99,4047.50405,1.000399,0.000456
99,4047.51099,0.999858,0.000456
99,4047.51794,1.000479,0.000456
99,4047.52488,1.000415,0.000456
99,4047.53183,1.000375,0.000455
99,4047.53877,0.999611,0.000455
99,4047.54572,1.000112,0.000455
99,4047.55266,0.999919,0.000455
99,4047.55961,1.000142,0.000455
99,4047.56655,0.999728,0.000455
99,4047.5735,0.999969,0.000455
99,4047.58044,1.000362,0.000455
99,4047.58739,0.999734,0.000455
99,4047.59433,0.999105,0.000455
99,4047.60127,0.99983,0.000455
99,4047.60822,0.9999,0.000455
99,4047.61516,0.999601,0.000455
99,4047.62211,0.999371,0.000455
99,4047.62905,0.999683,0.000455
99,4047.636,1.00025,0.000455
99,4047.64294,0.999399,0.000455
99,4047.64989,1.000124,0.000455
99,4047.65683,0.999188,0.000455
99,4047.66378,0.999944,0.000455
99,4047.67072,1.000041,0.000455
99,4047.67767,0.999755,0.000455
99,4047.68461,1.00029,0.000455
99,4047.69156,1.000397,0.000455
99,4047.6985,0.99974,0.000455
99,4047.70545,0.99928,0.000455
99,4047.71239,0.999923,0.000455
99,4047.71934,1.000089,0.000455
99,4047.72628,1.000056,0.000454
99,4047.73323,1.000365,0.000454
99,4047.74017,1.000162,0.000454
99,4047.74712,0.999776,0.000454
99,4047.75406,0.999855,0.000455
99,4047.76101,1.000695,0.000454
99,4047.76795,0.999866,0.000454
99,4047.7749,1.000402,0.000454
99,4047.78184,0.999603,0.000454
99,4047.78879,0.999618,0.000454
99,4047.79573,1.000094,0.000454
99,4047.80268,0.99992,0.000454
99,4047.80962,1.000532,0.000454
99,4047.81657,0.99998,0.000454
99,4047.82351,1.00022,0.000454
99,4047.83046,1.000028,0.000454
99,4047.8374,0.999585,0.000454
99,4047.84435,0.999803,0.000454
99,4047.85129,1.000098,0.000454
99,4047.85824,1.000692,0.000454
99,4047.86518,1.000215,0.000454
99,4047.87213,0.999748,0.000454
99,4047.87907,0.999953,0.000454
99,4047.88602,1.000459,0.000454
99,4047.89296,1.000025,0.000454
99,4047.8999,0.999847,0.000454
99,4047.90685,0.999519,0.000454
99,4047.91379,1.000882,0.000454
99,4047.92074,0.999871,0.000454
99,4047.92768,0.999666,0.000454
99,4047.93463,0.999684,0.000454
99,4047.94157,0.999725,0.000454
99,4047.94852,1.000374,0.000454
99,4047.95546,0.999087,0.000453
99,4047.96241,1.000236,0.000454
99,4047.96935,1.000086,0.000453
99,4047.9763,1.000194,0.000453
99,4047.98324,1.000064,0.000453
99,4047.99019,1.000345,0.000453
99,4047.99713,0.999737,0.000453
99,4048.00408,0.999908,0.000453
99,4048.01102,1.000005,0.000453
99,4048.01797,0.999291,0.000453
99,4048.02491,1.000153,0.000453
99,4048.03186,1.000221,0.000453
99,4048.0388,1.000019,0.000453
99,4048.04575,1.000277,0.000453
99,4048.05269,1.000196,0.000453
99,4048.05964,1.000088,0.000453
99,4048.06658,0.999751,0.000453
99,4048.07353,0.999879,0.000453
99,4048.08047,1.000143,0.000453
99,4048.08742,0.999032,0.000453
99,4048.09436,1.000785,0.000453
99,4048.10131,0.999432,0.000453
99,4048.10825,0.999401,0.000453
99,4048.1152,1.000021,0.000453
99,4048.12214,0.998701,0.000453
99,4048.12909,0.999793,0.000453
99,4048.13603,1.000187,0.000453
99,4048.14298,0.99967,0.000453
99,4048.14992,0.999375,0.000453
99,4048.15687,1.000014,0.000453
99,4048.16381,1.000041,0.000453
99,4048.17076,0.999642,0.000453
99,4048.1777,0.99993,0.000453
99,4048.18464,1.000081,0.000453
99,4048.19159,0.999978,0.000453
99,4048.19853,0.999698,0.000453
99,4048.20548,1.000246,0.000452
99,4048.21242,0.999912,0.000453
99,4048.21937,0.999336,0.000453
99,4048.22631,0.999786,0.000453
99,4048.23326,1.000682,0.000453
99,4048.2402,1.001246,0.000453
99,4048.24715,1.00039,0.000453
99,4048.25409,1.000398,0.000452
99,4048.26104,1.000235,0.000452
99,4048.26798,1.000386,0.000453
99,4048.27493,0.99956,0.000452
99,4048.28187,0.999645,0.000452
99,4048.28882,1.000046,0.000452
99,4048.29576,0.999816,0.000452
99,4048.30271,1.000457,0.000452
99,4048.30965,1.00067,0.000452
99,4048.3166,1.000643,0.000452
99,4048.32354,1.000119,0.000452
99,4048.33049,0.999973,0.000452
99,4048.33743,1.0003,0.000452
99,4048.34438,1.00021,0.000452
99,4048.35132,0.999789,0.000452
99,4048.35827,1.000081,0.000452
99,4048.36521,0.999928,0.000452
99,4048.37216,0.999394,0.000452
99,4048.3791,0.999616,0.000452
99,4048.38605,0.99957,0.000452
99,4048.39299,0.999889,0.000452
99,4048.39994,1.000339,0.000452
99,4048.40688,0.999252,0.000452
99,4048.41383,1.000317,0.000452
99,4048.42077,0.999797,0.000452
99,4048.42772,0.999648,0.000452
99,4048.43466,1.0001,0.000452
99,4048.44161,0.999686,0.000452
99,4048.44855,1.000053,0.000452
99,4048.4555,1.000302,0.000452
99,4048.46244,1.000055,0.000452
99,4048.46938,1.000139,0.000452
99,4048.47633,1.000267,0.000452
99,4048.48327,0.999904,0.000452
99,4048.49022,0.999501,0.000452
99,4048.49716,0.999597,0.000452
99,4048.50411,0.999665,0.000451
99,4048.51105,0.999924,0.000451
99,4048.518,1.000247,0.000452
99,4048.52494,0.999182,0.000452
99,4048.53189,1.00023,0.000451
99,4048.53883,1.000233,0.000452
99,4048.54578,1.000241,0.000452
99,4048.55272,1.000128,0.000451
99,4048.55967,1.000454,0.000451
99,4048.56661,0.999555,0.000451
99,4048.57356,1.000178,0.000451
99,4048.5805,0.999863,0.000451
99,4048.58745,1.000204,0.000451
99,4048.59439,1.000833,0.000451
99,4048.60134,0.999343,0.000451
99,4048.60828,0.999564,0.000451
99,4048.61523,0.999291,0.000451
99,4048.62217,1.000276,0.000451
99,4048.62912,1.0009,0.000451
99,4048.63606,0.998951,0.000451
99,4048.64301,0.999996,0.000451
99,4048.64995,1.000203,0.000451
99,4048.6569,1.0006,0.000451
99,4048.66384,1.000256,0.000451
99,4048.67079,1.000044,0.000451
99,4048.67773,1.000338,0.000451
99,4048.68468,1.000321,0.000451
99,4048.69162,0.999689,0.000451
99,4048.69857,1.000131,0.000451
99,4048.70551,0.999808,0.000451
99,4048.71246,0.99992,0.000451
99,4048.7194,1.000509,0.000451
99,4048.72635,1.000679,0.000451
99,4048.73329,0.999511,0.000451
99,4048.74024,1.000861,0.000451
99,4048.74718,0.999751,0.000451
99,4048.75412,0.999928,0.000451
99,4048.76107,1.000461,0.000451
99,4048.76801,0.999939,0.000451
99,4048.77496,1.000168,0.000451
99,4048.7819,0.999531,0.000451
99,4048.78885,1.000306,0.000451
99,4048.79579,0.999699,0.000451
99,4048.80274,1.000717,0.000451
99,4048.80968,0.999384,0.00045
99,4048.81663,1.000354,0.000451
99,4048.82357,1.000483,0.000451
99,4048.83052,1.000016,0.00045
99,4048.83746,0.999365,0.00045
99,4048.84441,1.000594,0.000451
99,4048.85135,0.999835,0.00045
99,4048.8583,0.999673,0.00045
99,4048.86524,0.999925,0.00045
99,4048.87219,1.000003,0.000451
99,4048.87913,0.999779,0.00045
99,4048.88608,0.999935,0.000451
99,4048.89302,0.999975,0.00045
99,4048.89997,1.000237,0.00045
99,4048.90691,0.999239,0.00045
99,4048.91386,1.000131,0.00045
99,4048.9208,0.999861,0.00045
99,4048.92775,1.001085,0.00045
99,4048.93469,0.999787,0.00045
99,4048.94164,0.999351,0.00045
99,4048.94858,1.000569,0.00045
99,4048.95553,1.000563,0.00045
99,4048.96247,0.999908,0.00045
99,4048.96942,0.999637,0.00045
99,4048.97636,1.000669,0.00045
99,4048.98331,0.999516,0.00045
99,4048.99025,1.000403,0.00045
99,4048.9972,1.000068,0.00045
99,4049.00414,0.999669,0.00045
99,4049.01109,0.999892,0.00045
99,4049.01803,0.999719,0.00045
99,4049.02498,0.999793,0.00045
99,4049.03192,1.000157,0.000503
99,4049.03886,0.999908,0.00045
99,4049.04581,1.000041,0.00045
99,4049.05275,0.999359,0.00045
99,4049.0597,0.999786,0.00045
99,4049.06664,1.000148,0.00045
99,4049.07359,1.000167,0.00045
99,4049.08053,0.999598,0.00045
99,4049.08748,1.000062,0.00045
99,4049.09442,1.000402,0.00045
99,4049.10137,0.999331,0.00045
99,4049.10831,1.000593,0.00045
99,4049.11526,1.000516,0.00045
99,4049.1222,0.999738,0.00045
99,4049.12915,1.000036,0.00045
99,4049.13609,1.000159,0.00045
99,4049.14304,1.00009,0.00045
99,4049.14998,1.000759,0.00045
99,4049.15693,0.999537,0.00045
99,4049.16387,1.00037,0.00045
99,4049.17082,1.000111,0.000449
99,4049.17776,1.00066,0.000449
99,4049.18471,1.00011,0.000449
99,4049.19165,1.000601,0.000449
99,4049.1986,0.999457,0.000449
99,4049.20554,0.999553,0.000449
99,4049.21249,1.00017,0.000449
99,4049.21943,0.999344,0.000449
99,4049.22638,1.000052,0.000449
99,4049.23332,1.000001,0.000449
99,4049.24027,0.999014,0.000449
99,4049.24721,1.00071,0.000449
99,4049.25416,0.999782,0.000449
99,4049.26145,1.000025,0.000502
99,4049.26805,1.000782,0.000449
99,4049.27499,1.000594,0.000449
99,4049.28194,1.000231,0.000449
99,4049.28888,1.000485,0.000449
99,4049.29583,0.999826,0.000449
99,4049.30277,1.000298,0.000449
99,4049.30971,0.999579,0.000449
99,4049.31666,1.001018,0.000449
99,4049.3236,0.999823,0.000449
99,4049.33055,1.000484,0.000449
99,4049.33749,1.000179,0.000449
99,4049.34444,1.000929,0.000449
99,4049.35138,0.999507,0.000449
99,4049.35833,0.999432,0.000449
99,4049.36527,1.000573,0.000449
99,4049.37222,1.000648,0.000449
99,4049.37916,0.999948,0.000449
99,4049.38611,0.999861,0.000449
99,4049.39305,0.998868,0.000449
99,4049.4,0.999763,0.000449
99,4049.40694,0.999204,0.000449
99,4049.41389,0.999488,0.000449
99,4049.42083,0.998973,0.000449
99,4049.42778,0.999897,0.000449
99,4049.43472,0.999722,0.000449
99,4049.44167,0.999667,0.000449
99,4049.44861,0.999375,0.000449
99,4049.45556,0.999607,0.000449
99,4049.4625,0.999529,0.000449
99,4049.46945,1.000677,0.000449
99,4049.47639,0.999384,0.000449
99,4049.48334,0.999937,0.000449
99,4049.49028,1.000148,0.000449
99,4049.49723,0.999837,0.000449
99,4049.50417,0.999414,0.000448
99,4049.51112,0.999728,0.000501
99,4049.51806,1.00095,0.000449
99,4049.52501,0.999707,0.000448
99,4049.53195,1.000373,0.000448
99,4049.5389,1.000114,0.000448
99,4049.54584,1.000104,0.000448
99,4049.55279,1.000293,0.000448
99,4049.55973,1.000065,0.000448
99,4049.56668,1.000602,0.000448
99,4049.57362,0.999674,0.000448
99,4049.58056,1.000018,0.000448
99,4049.58751,0.99931,0.000448
99,4049.59445,0.999945,0.000448
99,4049.6014,1.000602,0.000448
99,4049.60834,1.000513,0.000448
99,4049.61529,1.000051,0.000448
99,4049.62223,1.000152,0.000448
99,4049.62918,1.000034,0.000448
99,4049.63612,1.000259,0.000448
99,4049.64307,0.999633,0.000448
99,4049.65001,0.999416,0.000448
99,4049.65696,1.000357,0.000448
99,4049.6639,1.00026,0.000448
99,4049.67085,0.999635,0.000448
99,4049.67779,1.000639,0.000448
99,4049.68474,1.000544,0.000448
99,4049.69168,1.000112,0.000448
99,4049.69863,1.000535,0.000448
99,4049.70557,1.00038,0.000448
99,4049.71252,1.000654,0.000448
99,4049.71946,1.000419,0.000448
99,4049.72641,0.999741,0.000448
99,4049.73335,1.000717,0.000448
99,4049.7403,1.000606,0.000448
99,4049.74724,1.000207,0.000448
99,4049.75419,0.999543,0.000448
99,4049.76113,0.999307,0.000448
99,4049.76808,1.000286,0.000448
99,4049.77433,1.000201,0.000501
99,4049.78197,0.999637,0.000448
99,4049.78891,0.999789,0.000448
99,4049.79586,1.000323,0.000448
99,4049.8028,0.999874,0.000448
99,4049.80975,0.999545,0.000448
99,4049.81669,0.999931,0.000448
99,4049.82364,0.998838,0.000448
99,4049.83058,0.999131,0.000447
99,4049.83752,0.999747,0.000448
99,4049.84447,1.000233,0.000448
99,4049.85141,1.000312,0.000448
99,4049.85836,1.000038,0.000448
99,4049.8653,0.999799,0.000448
99,4049.87225,1.000862,0.000448
99,4049.87919,0.999796,0.000447
99,4049.88614,0.999343,0.000447
99,4049.89308,1.000934,0.000448
99,4049.90003,0.999355,0.000447
99,4049.90697,0.999908,0.000447
99,4049.91392,0.99996,0.000447
99,4049.92086,1.000035,0.000447
99,4049.92781,0.999768,0.000447
99,4049.93475,1.000514,0.000447
99,4049.9417,0.999895,0.000447
99,4049.94864,1.000378,0.000447
99,4049.95559,1.000265,0.000447
99,4049.96253,0.999639,0.000447
99,4049.96948,0.999296,0.000447
99,4049.97642,1.000119,0.000447
99,4049.98337,0.99998,0.000447
99,4049.99031,1.000313,0.000447
99,4049.99726,1.000456,0.000447
99,4050.0042,1.000391,0.000447
99,4050.01115,0.999718,0.000447
99,4050.01809,0.999567,0.000447
99,4050.02504,0.999118,0.000447
99,4050.03198,0.999878,0.000447
99,4050.03893,1.000525,0.000447
99,4050.04587,1.000348,0.000447
99,4050.05282,0.999558,0.000447
99,4050.05976,0.999993,0.000447
99,4050.06671,1.000331,0.000447
99,4050.07365,1.000234,0.000447
99,4050.0806,1.00049,0.000447
99,4050.08754,1.00007,0.000447
99,4050.09449,1.000341,0.000447
99,4050.10143,1.000269,0.000447
99,4050.10837,0.999293,0.000447
99,4050.11532,1.000365,0.000447
99,4050.12226,0.999384,0.000447
99,4050.12921,0.999528,0.000447
99,4050.13615,1.000726,0.000447
99,4050.1431,0.999591,0.000447
99,4050.15004,0.999969,0.000447
99,4050.15699,0.999808,0.000447
99,4050.16393,0.999792,0.000447
99,4050.17088,1.000409,0.000447
99,4050.17782,0.999856,0.000447
99,4050.18477,1.000026,0.000447
99,4050.19171,1.00023,0.000447
99,4050.19866,1.000496,0.000447
99,4050.2056,1.000306,0.000447
99,4050.21255,0.999973,0.000447
99,4050.21949,1.00021,0.000447
99,4050.22644,0.999204,0.000446
99,4050.23338,0.999677,0.000446
99,4050.24033,1.000591,0.000447
99,4050.24727,1.000529,0.000446
99,4050.25422,1.000209,0.000446
99,4050.26116,1.000189,0.000446
99,4050.26811,1.000506,0.000447
99,4050.27505,0.999472,0.000446
99,4050.282,0.999665,0.000446
99,4050.28894,1.000869,0.000447
99,4050.29589,0.999643,0.000446
99,4050.30283,0.999951,0.000446
99,4050.30978,1.000074,0.000446
99,4050.31672,1.000467,0.000446
99,4050.32367,1.000022,0.000446
99,4050.33061,0.999979,0.000446
99,4050.33756,1.000125,0.000446
99,4050.3445,0.998811,0.000446
99,4050.35145,1.000111,0.000446
99,4050.35839,0.999543,0.000446
99,4050.36533,0.998971,0.000446
99,4050.37228,1.000253,0.000446
99,4050.37922,0.999641,0.000446
99,4050.38617,1.000668,0.000446
99,4050.39311,0.999557,0.000446
99,4050.40006,1.000111,0.000446
99,4050.407,0.999563,0.000446
99,4050.41395,1.000064,0.000446
99,4050.42089,0.999865,0.000446
99,4050.42784,1.000678,0.000446
99,4050.43478,0.999844,0.000446
99,4050.44173,1.000573,0.000446
99,4050.44867,0.999577,0.000446
99,4050.45562,0.999653,0.000446
99,4050.46256,0.99998,0.000446
99,4050.46951,0.999414,0.000446
99,4050.47645,1.000279,0.000446
99,4050.4834,1.000155,0.000446
99,4050.49034,1.00015,0.000446
99,4050.49729,1.000492,0.000446
99,4050.50423,1.000395,0.000446
99,4050.51118,0.99984,0.000446
99,4050.51812,0.999617,0.000446
99,4050.52507,1.000324,0.000446
99,4050.53201,0.999806,0.000446
99,4050.53896,1.000079,0.000446
99,4050.5459,0.999589,0.000446
99,4050.55285,1.000224,0.000446
99,4050.55979,0.999635,0.000446
99,4050.56674,1.00019,0.000446
99,4050.57368,1.000096,0.000446
99,4050.58063,1.000353,0.000446
99,4050.58757,0.999426,0.000446
99,4050.59452,0.999475,0.000445
99,4050.60146,0.999022,0.000445
99,4050.60841,0.999987,0.000445
99,4050.61535,0.99977,0.000445
99,4050.62229,0.999144,0.000445
99,4050.62924,0.99926,0.000445
99,4050.63618,1.000309,0.000445
99,4050.64313,0.999622,0.000445
99,4050.65007,0.999303,0.000445
99,4050.65702,0.999852,0.000445
99,4050.66396,1.000081,0.000445
99,4050.67091,1.000073,0.000445
99,4050.67785,0.999619,0.000445
99,4050.6848,0.999837,0.000445
99,4050.69174,1.000878,0.000445
99,4050.69869,1.000343,0.000445
99,4050.70563,1.000539,0.000445
99,4050.71258,0.999958,0.000445
99,4050.71952,1.000233,0.000445
99,4050.72647,1.000106,0.000445
99,4050.73341,1.000547,0.000445
99,4050.74036,0.999943,0.000445
99,4050.7473,1.000317,0.000445
99,4050.75425,0.999966,0.000445
99,4050.76119,1.000632,0.000445
99,4050.76814,0.999944,0.000445
99,4050.77508,1.000053,0.000445
99,4050.78203,1.000733,0.000445
99,4050.78897,1.000888,0.000445
99,4050.79592,1.000743,0.000445
99,4050.80286,0.999783,0.000445
99,4050.80981,0.999549,0.000445
99,4050.81675,0.999843,0.000445
99,4050.8237,1.001069,0.000445
99,4050.83064,0.999953,0.000445
99,4050.83759,1.000273,0.000445
99,4050.84453,1.000286,0.000445
99,4050.85148,0.999531,0.000445
99,4050.85842,0.999859,0.000445
99,4050.86537,0.999803,0.000445
99,4050.87231,0.999519,0.000445
99,4050.87925,0.999748,0.000445
99,4050.8862,1.000578,0.000445
99,4050.89314,0.999928,0.000445
99,4050.90009,0.999833,0.000445
99,4050.90703,0.999665,0.000444
99,4050.91398,0.999924,0.000445
99,4050.92092,0.999751,0.000445
99,4050.92787,1.000845,0.000445
99,4050.93481,0.999969,0.000445
99,4050.94176,1.00009,0.000444
99,4050.9487,1.000481,0.000444
99,4050.95565,1.000139,0.000445
99,4050.96259,0.999965,0.000444
99,4050.96954,1.000602,0.000444
99,4050.97648,1.000449,0.000445
99,4050.98343,0.99878,0.000444
99,4050.99037,0.999404,0.000444
99,4050.99732,0.999649,0.000444
99,4051.00426,0.999787,0.000444
99,4051.01121,0.999769,0.000444
99,4051.01815,1.000231,0.000444
99,4051.0251,0.999796,0.000444
99,4051.03204,0.999438,0.000444
99,4051.03899,0.99996,0.000444
99,4051.04593,1.000033,0.000444
99,4051.05288,1.000437,0.000444
99,4051.05982,0.999498,0.000444
99,4051.06677,1.000161,0.000444
99,4051.07371,1.000647,0.000444
99,4051.08066,0.999481,0.000444
99,4051.0876,1.000412,0.000444
99,4051.09455,1.000263,0.000444
99,4051.10149,1.000147,0.000444
99,4051.10844,1.000559,0.000444
99,4051.11538,0.999664,0.000444
99,4051.12232,1.000056,0.000444
99,4051.12927,0.999764,0.000444
99,4051.13621,0.999869,0.000444
99,4051.14316,0.999936,0.000444
99,4051.1501,1.000381,0.000444
99,4051.15705,1.000176,0.000444
99,4051.16399,0.999465,0.000444
99,4051.17094,1.000059,0.000444
99,4051.17788,0.999557,0.000444
99,4051.18483,1.000081,0.000444
99,4051.19177,0.999689,0.000444
99,4051.19872,1.000463,0.000444
99,4051.20566,0.999784,0.000444
99,4051.21261,1.0001,0.000444
99,4051.21955,0.999636,0.000444
99,4051.2265,0.999338,0.000444
99,4051.23344,1.000201,0.000444
99,4051.24039,1.000379,0.000444
99,4051.24733,0.999041,0.000444
99,4051.25428,1.000032,0.000444
99,4051.26122,1.000244,0.000444
99,4051.26817,1.000156,0.000444
99,4051.27511,1.000262,0.000444
99,4051.28206,0.999772,0.000444
99,4051.289,1.000245,0.000444
99,4051.29595,0.999096,0.000444
99,4051.30289,1.000158,0.000444
99,4051.30984,0.999121,0.000444
99,4051.31678,1.000232,0.000444
99,4051.32373,1.000255,0.000444
99,4051.33067,1.000432,0.000444
99,4051.33762,1.000082,0.000444
99,4051.34456,0.999983,0.000444
99,4051.35151,1.000779,0.000444
99,4051.35845,1.000251,0.000444
99,4051.3654,1.000076,0.000444
99,4051.37234,1.000001,0.000444
99,4051.37928,0.999338,0.000443
99,4051.38623,0.999335,0.000443
99,4051.39317,1.000918,0.000444
99,4051.40012,0.999271,0.000443
99,4051.40706,0.999599,0.000443
99,4051.41401,1.000001,0.000444
99,4051.42095,1.000036,0.000443
99,4051.4279,1.000166,0.000443
99,4051.43484,0.999781,0.000444
99,4051.44179,0.999811,0.000443
99,4051.44873,0.999493,0.000443
99,4051.45568,0.99984,0.000443
99,4051.46262,1.000648,0.000443
99,4051.46957,1.000598,0.000444
99,4051.47651,0.999866,0.000443
99,4051.48346,0.9993,0.000443
99,4051.4904,1.000363,0.000443
99,4051.49735,1.00012,0.000443
99,4051.50429,0.999896,0.000443
99,4051.51124,1.000094,0.000443
99,4051.51818,1.000008,0.000443
99,4051.52513,0.999183,0.000443
99,4051.53207,1.000079,0.000443
99,4051.53902,1.000191,0.000443
99,4051.54596,1.000251,0.000443
99,4051.55291,0.999838,0.000443
99,4051.55985,1.000532,0.000443
99,4051.56645,0.999457,0.000495
99,4051.57374,0.999763,0.000443
99,4051.58069,1.001496,0.000443
99,4051.58763,0.999623,0.000443
99,4051.59458,1.000161,0.000443
99,4051.60152,0.999974,0.000443
99,4051.60847,1.000243,0.000443
99,4051.61541,0.998873,0.000443
99,4051.62235,1.000208,0.000443
99,4051.6293,1.000232,0.000443
99,4051.63624,0.999166,0.000443
99,4051.64319,1.000351,0.000443
99,4051.65013,0.999519,0.000443
99,4051.65708,1.000188,0.000443
99,4051.66402,1.0,0.000443
99,4051.67097,0.999939,0.000443
99,4051.67791,1.00009,0.000443
99,4051.68486,1.00055,0.000443
99,4051.6918,1.000228,0.000443
99,4051.69875,0.999823,0.000443
99,4051.70569,1.000312,0.000443
99,4051.71264,1.00079,0.000443
99,4051.71958,0.999473,0.000443
99,4051.72653,0.999609,0.000443
99,4051.73347,0.99971,0.000443
99,4051.74042,1.000199,0.000443
99,4051.74736,1.00028,0.000443
99,4051.75431,1.000322,0.000443
99,4051.76125,0.999523,0.000443
99,4051.7682,1.000045,0.000443
99,4051.77514,0.999626,0.000443
99,4051.78209,1.000835,0.000443
99,4051.78903,1.000412,0.000443
99,4051.79598,0.999564,0.000443
99,4051.80292,1.000751,0.000443
99,4051.80987,0.999945,0.000443
99,4051.81681,0.99999,0.000443
99,4051.82376,0.99985,0.000443
99,4051.8307,0.999635,0.000443
99,4051.83765,1.000255,0.000443
99,4051.84459,0.999896,0.000443
99,4051.85154,0.999684,0.000443
99,4051.85848,1.000028,0.000443
99,4051.86542,1.0002,0.000443
99,4051.87237,0.999874,0.000443
99,4051.87931,1.00035,0.000443
99,4051.88626,1.000479,0.000443
99,4051.8932,0.99913,0.000443
99,4051.90015,0.999729,0.000443
99,4051.90709,0.999605,0.000442
99,4051.91404,0.999625,0.000442
99,4051.92098,0.998896,0.000443
99,4051.92793,1.000406,0.000443
99,4051.93487,1.000493,0.000443
99,4051.94182,0.999953,0.000442
99,4051.94876,1.000076,0.000443
99,4051.95571,1.00029,0.000443
99,4051.96265,1.000248,0.000443
99,4051.9696,0.999256,0.000442
99,4051.97654,0.999565,0.000442
99,4051.98349,1.000296,0.000442
99,4051.99043,0.999252,0.000442
99,4051.99738,0.999828,0.000442
99,4052.00432,0.999373,0.000442
99,4052.01127,1.000377,0.000442
99,4052.01821,1.000738,0.000442
99,4052.02516,1.000993,0.000442
99,4052.0321,0.999693,0.000442
99,4052.03905,0.99991,0.000442
99,4052.04599,0.999935,0.000442
99,4052.05294,1.000271,0.000442
99,4052.05988,0.999611,0.000442
99,4052.06683,0.999862,0.000442
99,4052.07377,0.999034,0.000442
99,4052.08072,0.999981,0.000442
99,4052.08766,1.000302,0.000442
99,4052.09461,1.000713,0.000442
99,4052.10155,0.99987,0.000442
99,4052.10849,1.000773,0.000442
99,4052.11544,1.000479,0.000442
99,4052.12238,0.999864,0.000442
99,4052.12933,1.000327,0.000442
99,4052.13627,1.000287,0.000442
99,4052.14322,1.000227,0.000442
99,4052.15016,1.000093,0.000442
99,4052.15711,0.99989,0.000442
99,4052.16405,1.000224,0.000442
99,4052.171,1.000655,0.000442
99,4052.17794,0.998946,0.000442
99,4052.18489,1.000098,0.000442
99,4052.19183,0.999558,0.000442
99,4052.19878,0.99997,0.000442
99,4052.20572,0.999475,0.000442
99,4052.21267,1.000795,0.000442
99,4052.21961,0.999912,0.000442
99,4052.22656,1.000063,0.000442
99,4052.2335,0.999988,0.000442
99,4052.24045,0.999878,0.000442
99,4052.24739,0.999966,0.000442
99,4052.25434,0.999769,0.000442
99,4052.26128,1.000516,0.000442
99,4052.26823,0.99943,0.000442
99,4052.27517,1.00033,0.000442
99,4052.28212,1.000358,0.000442
99,4052.28906,0.999259,0.000442
99,4052.29601,1.000061,0.000442
99,4052.30295,1.000434,0.000442
99,4052.3099,0.999427,0.000442
99,4052.31684,0.999647,0.000442
99,4052.32379,0.999051,0.000442
99,4052.33073,1.000286,0.000442
99,4052.33768,1.0004,0.000442
99,4052.34462,0.999187,0.000442
99,4052.35156,1.000238,0.000442
99,4052.35851,1.001175,0.000442
99,4052.36545,1.000318,0.000442
99,4052.3724,1.000606,0.000442
99,4052.37969,0.999983,0.000494
99,4052.38629,1.000609,0.000442
99,4052.39323,1.00019,0.000442
99,4052.40018,1.000088,0.000442
99,4052.40712,1.000274,0.000442
99,4052.41407,0.999133,0.000442
99,4052.42101,0.999668,0.000442
99,4052.42796,1.000664,0.000442
99,4052.4349,0.999802,0.000442
99,4052.44185,1.000568,0.000442
99,4052.44879,0.998984,0.000442
99,4052.45574,1.001117,0.000442
99,4052.46268,0.999536,0.000442
99,4052.46963,0.999929,0.000442
99,4052.47657,1.000553,0.000442
99,4052.48352,1.0,0.000442
99,4052.49046,0.999275,0.000442
99,4052.49741,1.000823,0.000442
99,4052.50505,1.001591,0.000494
99,4052.5113,0.999939,0.000442
99,4052.51824,1.000132,0.000442
99,4052.52519,1.000394,0.000442
99,4052.53213,1.000736,0.000442
99,4052.53908,1.000094,0.000442
99,4052.54602,0.999183,0.000442
99,4052.55297,0.999294,0.000441
99,4052.55991,0.99927,0.000442
99,4052.56686,1.000145,0.000442
99,4052.5738,1.000519,0.000441
99,4052.58074,1.000466,0.000442
99,4052.58769,1.000165,0.000442
99,4052.59463,1.000173,0.000442
99,4052.60158,1.000285,0.000442
99,4052.60852,0.999767,0.000442
99,4052.61547,0.999824,0.000442
99,4052.62241,0.999886,0.000442
99,4052.62936,0.999513,0.000442
99,4052.6363,1.000254,0.000442
99,4052.64047,1.000329,0.000987
99,4052.85923,1.001304,0.000494
99,4052.86548,0.999938,0.000442
99,4052.87243,1.000867,0.000442
99,4052.87937,0.999282,0.000442
99,4052.88632,1.000399,0.000442
99,4052.89326,0.998909,0.000442
99,4052.90021,1.000289,0.000442
99,4052.90715,0.999445,0.000442
99,4052.9141,0.999877,0.000442
99,4052.92104,0.999559,0.000442
99,4052.92799,0.999066,0.000442
99,4052.93493,1.000482,0.000442
99,4052.94188,1.00007,0.000442
99,4052.94882,1.000561,0.000442
99,4052.95577,1.000247,0.000442
99,4052.96271,1.000821,0.000442
99,4052.96966,0.999719,0.000442
99,4052.9766,1.00035,0.000442
99,4052.98355,0.999532,0.000442
99,4052.99049,0.999632,0.000442
99,4052.99744,0.999603,0.000442
99,4053.00438,1.000623,0.000442
99,4053.01133,1.000174,0.000442
99,4053.01827,1.000302,0.000442
99,4053.02522,0.999555,0.000442
99,4053.03216,0.998814,0.000442
99,4053.03911,0.999734,0.000442
99,4053.04605,0.999609,0.000442
99,4053.05299,0.999124,0.000441
99,4053.05994,0.999614,0.000442
99,4053.06688,0.999689,0.000441
99,4053.07383,1.000117,0.000442
99,4053.08077,0.999937,0.000442
99,4053.08772,1.000738,0.000442
99,4053.09466,1.000495,0.000442
99,4053.10161,0.999681,0.000441
99,4053.10855,0.999421,0.000441
99,4053.1155,1.00009,0.000442
99,4053.12244,0.999709,0.000442
99,4053.12939,1.000222,0.000442
99,4053.13633,0.999628,0.000442
99,4053.14328,1.000433,0.000442
99,4053.15022,1.000147,0.000441
99,4053.15717,0.999576,0.000441
99,4053.16411,1.000439,0.000442
99,4053.17106,1.000668,0.000442
99,4053.178,1.000197,0.000442
99,4053.18495,1.00024,0.000442
99,4053.19189,1.00076,0.000442
99,4053.19884,1.000282,0.000441
99,4053.20578,0.9991,0.000441
99,4053.21273,1.00099,0.000442
99,4053.21967,1.00042,0.000441
99,4053.22662,0.999551,0.000441
99,4053.23356,0.999935,0.000441
99,4053.24051,0.999745,0.000441
99,4053.24745,1.000454,0.000441
99,4053.2544,0.999702,0.000441
99,4053.26134,0.999992,0.000441
99,4053.26829,0.999623,0.000441
99,4053.27523,1.000328,0.000441
99,4053.28217,1.000341,0.000441
99,4053.28912,1.000314,0.000441
99,4053.29606,1.000152,0.000441
99,4053.30301,1.000474,0.000441
99,4053.30995,1.000158,0.000441
99,4053.3169,0.999608,0.000441
99,4053.32384,0.999782,0.000441
99,4053.33079,0.999469,0.000441
99,4053.33773,1.00032,0.000441
99,4053.34468,0.999985,0.000441
99,4053.35162,1.00011,0.000441
99,4053.35857,0.999825,0.000441
99,4053.36551,1.000172,0.000441
99,4053.37246,1.000208,0.000441
99,4053.3794,0.99991,0.000441
99,4053.38635,1.000407,0.000441
99,4053.39329,0.999253,0.000441
99,4053.40024,0.999275,0.000441
99,4053.40718,1.00051,0.000441
99,4053.41413,1.000348,0.000441
99,4053.42107,1.000477,0.000441
99,4053.42802,1.000929,0.000441
99,4053.43496,0.999734,0.000441
99,4053.44191,0.99996,0.000441
99,4053.44885,0.999642,0.000441
99,4053.4558,0.999956,0.000441
99,4053.46274,1.00025,0.000441
99,4053.46969,1.000419,0.000441
99,4053.47663,0.999484,0.000441
99,4053.48358,0.99999,0.000441
99,4053.49052,1.00036,0.000441
99,4053.49747,1.000414,0.000441
99,4053.50441,0.999906,0.000441
99,4053.51135,0.999902,0.000441
99,4053.5183,0.999473,0.000441
99,4053.52524,1.000252,0.000441
99,4053.53219,0.999829,0.000441
99,4053.53913,0.999733,0.000441
99,4053.54608,1.000477,0.000441
99,4053.55302,1.000222,0.000441
99,4053.55997,1.000052,0.000441
99,4053.56691,0.999913,0.000441
99,4053.57386,0.999248,0.000441
99,4053.5808,0.999953,0.000441
99,4053.58775,1.000654,0.000441
99,4053.59469,1.000126,0.000441
99,4053.60164,0.999695,0.000441
99,4053.60858,0.999692,0.000441
99,4053.61553,0.999633,0.000441
99,4053.62247,0.999965,0.000441
99,4053.62942,1.00014,0.000441
99,4053.63636,1.000338,0.000441
99,4053.64331,0.999953,0.000441
99,4053.65025,0.999618,0.000441
99,4053.6572,1.000652,0.000441
99,4053.66414,0.999521,0.000441
99,4053.67109,1.000289,0.000441
99,4053.67803,0.999223,0.000441
99,4053.68498,0.999689,0.000441
99,4053.69192,1.000339,0.000441
99,4053.69887,1.000472,0.000441
99,4053.70581,1.000046,0.000441
99,4053.71276,0.999322,0.000441
99,4053.7197,0.999432,0.000441
99,4053.72665,0.999909,0.000441
99,4053.73359,0.999291,0.000441
99,4053.74053,1.000239,0.000441
99,4053.74748,0.999785,0.000441
99,4053.75442,0.998646,0.000441
99,4053.76137,1.000166,0.000441
99,4053.76831,0.999511,0.000441
99,4053.77526,1.000191,0.000441
99,4053.7822,0.999955,0.000441
99,4053.78915,1.000246,0.000441
99,4053.79609,1.000333,0.000441
99,4053.80304,1.000142,0.000441
99,4053.80998,1.000466,0.000441
99,4053.81693,0.999959,0.000441
99,4053.82387,0.999562,0.000441
99,4053.83082,1.000483,0.000441
99,4053.83776,1.000019,0.000441
99,4053.84471,1.000519,0.000441
99,4053.85165,0.999867,0.000441
99,4053.8586,1.000166,0.000441
99,4053.86554,1.000751,0.000441
99,4053.87249,0.999985,0.000441
99,4053.87943,1.000524,0.000441
99,4053.88638,1.000942,0.000441
99,4053.89332,1.000161,0.000441
99,4053.90027,0.999476,0.000441
99,4053.90721,0.999545,0.000441
99,4053.91416,0.99962,0.000441
99,4053.9211,1.000121,0.000441
99,4053.92805,0.999565,0.000441
99,4053.93499,1.00039,0.000441
99,4053.94194,1.000427,0.000441
99,4053.94888,0.999954,0.000441
99,4053.95583,0.999476,0.000441
99,4053.96277,0.999589,0.000441
99,4053.96971,0.999817,0.000441
99,4053.97666,1.000313,0.000441
99,4053.9836,1.000418,0.000441
99,4053.99055,1.000277,0.000441
99,4053.99749,1.000414,0.000441
99,4054.00444,0.999844,0.000441
99,4054.01138,0.999846,0.000441
99,4054.01833,1.000004,0.000441
99,4054.02527,1.000253,0.000441
99,4054.03222,0.999682,0.000441
99,4054.03916,1.000303,0.000441
99,4054.04611,0.999422,0.000441
99,4054.05305,1.000438,0.000441
99,4054.06,1.000377,0.000441
99,4054.06694,1.001038,0.000441
99,4054.07389,0.999517,0.000441
99,4054.08083,0.999556,0.000441
99,4054.08778,1.000164,0.000441
99,4054.09472,1.000465,0.000441
99,4054.10167,1.000638,0.000441
99,4054.10861,1.000295,0.000441
99,4054.11556,1.00021,0.000441
99,4054.1225,1.000067,0.000441
99,4054.12945,1.000142,0.000441
99,4054.13639,0.999158,0.000441
99,4054.14334,0.999476,0.000441
99,4054.15028,0.999467,0.000441
99,4054.15723,0.999815,0.000441
99,4054.16417,1.000501,0.000441
99,4054.17112,0.999823,0.000441
99,4054.17806,1.000284,0.000441
99,4054.185,0.999777,0.000441
99,4054.19195,1.000113,0.000441
99,4054.19889,0.999712,0.000441
99,4054.20584,1.000519,0.000441
99,4054.21278,1.000164,0.000441
99,4054.21973,0.999802,0.000441
99,4054.22667,0.999823,0.000441
99,4054.23362,0.999772,0.000441
99,4054.24056,0.999928,0.000441
99,4054.24751,0.999442,0.000441
99,4054.25445,0.999825,0.000441
99,4054.2614,1.000492,0.000441
99,4054.26834,0.999442,0.000441
99,4054.27529,0.999737,0.000441
99,4054.28223,1.000124,0.000441
99,4054.28918,1.000416,0.000441
99,4054.29612,0.999992,0.000441
99,4054.30307,1.000312,0.000441
99,4054.31001,1.000206,0.000441
99,4054.31696,1.000645,0.000441
99,4054.3239,1.00022,0.000441
99,4054.33085,1.001091,0.000441
99,4054.33779,1.000519,0.000441
99,4054.34474,0.999543,0.000441
99,4054.35168,1.000527,0.000441
99,4054.35863,0.999761,0.000441
99,4054.36557,0.999581,0.000441
99,4054.37252,1.000104,0.000441
99,4054.37946,0.999725,0.000441
99,4054.38641,0.99997,0.000441
99,4054.39335,0.999593,0.000441
99,4054.4003,0.999263,0.000441
99,4054.40724,1.000445,0.000441
99,4054.41418,0.999947,0.000441
99,4054.42113,0.99965,0.000441
99,4054.42807,1.000673,0.000441
99,4054.43502,0.99965,0.000441
99,4054.44196,1.000085,0.000441
99,4054.44891,1.000401,0.000441
99,4054.45585,1.000491,0.000441
99,4054.4628,1.000178,0.000441
99,4054.46974,1.000107,0.000441
99,4054.47669,1.000566,0.000441
99,4054.48363,1.000119,0.000441
99,4054.49058,1.000744,0.000441
99,4054.49752,0.99966,0.000441
99,4054.50447,1.000551,0.000441
99,4054.51141,0.9996,0.000441
99,4054.51836,1.000142,0.000441
99,4054.5253,1.000512,0.000441
99,4054.53225,0.999462,0.000441
99,4054.53919,1.00012,0.000441
99,4054.54614,1.000318,0.000441
99,4054.55308,0.999778,0.000441
99,4054.56003,0.999997,0.000441
99,4054.56697,1.000429,0.000441
99,4054.57392,0.999344,0.000441
99,4054.58086,0.999926,0.000441
99,4054.58781,0.999704,0.000441
99,4054.59475,0.99995,0.000441
99,4054.6017,0.99981,0.000441
99,4054.60864,1.000023,0.000441
99,4054.61559,0.99929,0.00044
99,4054.62253,1.000432,0.000441
99,4054.62947,1.000101,0.000441
99,4054.63642,0.999791,0.000441
99,4054.64336,0.999322,0.00044
99,4054.65031,1.000135,0.000441
99,4054.65725,1.000536,0.000441
99,4054.6642,1.000157,0.000441
99,4054.67114,1.000145,0.000441
99,4054.67809,0.999596,0.000441
99,4054.68503,0.999893,0.000441
99,4054.69198,0.99975,0.000441
99,4054.69892,1.000551,0.000441
99,4054.70587,0.999722,0.000441
99,4054.71281,1.000012,0.000441
99,4054.71976,1.000021,0.000441
99,4054.7267,0.999647,0.000441
99,4054.73365,1.000238,0.000441
99,4054.74059,0.99994,0.000441
99,4054.74754,0.999353,0.000441
99,4054.75448,1.00021,0.000441
99,4054.76143,1.000379,0.000441
99,4054.76837,0.999827,0.000441
99,4054.77532,0.999421,0.000441
99,4054.78226,1.000043,0.000441
99,4054.78921,1.000318,0.000441
99,4054.79615,0.999708,0.000441
99,4054.8031,1.00067,0.000441
99,4054.81004,1.000011,0.000441
99,4054.81699,0.999314,0.000441
99,4054.82393,0.999872,0.000441
99,4054.83088,1.000256,0.000441
99,4054.83782,1.000999,0.000441
99,4054.84477,1.000605,0.000441
99,4054.85171,0.999803,0.000441
99,4054.85865,0.999964,0.000441
99,4054.8656,0.99997,0.000441
99,4054.87254,0.999945,0.000441
99,4054.87949,0.999781,0.000441
99,4054.88643,1.000247,0.00044
99,4054.89338,1.00021,0.000441
99,4054.90032,1.000779,0.000441
99,4054.90727,1.000119,0.000441
99,4054.91421,0.999768,0.000441
99,4054.92116,1.001359,0.000441
99,4054.9281,1.000228,0.000441
99,4054.93505,1.00011,0.000441
99,4054.94199,1.000179,0.000441
99,4054.94894,0.999528,0.000441
99,4054.95588,0.999264,0.000441
99,4054.96283,1.000702,0.000441
99,4054.96977,0.999485,0.000441
99,4054.97672,1.000242,0.000441
99,4054.98366,1.000193,0.000441
99,4054.99061,1.000074,0.000441
99,4054.99755,1.000764,0.000441
99,4055.0045,1.000055,0.000441
99,4055.01144,1.00046,0.000441
99,4055.01839,0.999611,0.00044
99,4055.02533,0.999108,0.000441
99,4055.03228,1.000177,0.000441
99,4055.03922,0.999825,0.000441
99,4055.04617,1.000493,0.000441
99,4055.05311,0.99985,0.000441
99,4055.06006,1.000289,0.000441
99,4055.067,0.999881,0.000441
99,4055.07394,0.999511,0.00044
99,4055.08089,0.999299,0.00044
99,4055.08783,0.999144,0.00044
99,4055.09478,1.000093,0.000441
99,4055.10172,0.999931,0.000441
99,4055.10867,1.000393,0.00044
99,4055.11561,1.000121,0.00044
99,4055.12256,0.99909,0.000441
99,4055.1295,0.999986,0.00044
99,4055.13645,0.9998,0.00044
99,4055.14339,1.000005,0.000441
99,4055.15034,1.000838,0.000441
99,4055.15728,0.999658,0.000441
99,4055.16423,0.999774,0.000441
99,4055.17117,1.000345,0.000441
99,4055.17812,0.999972,0.00044
99,4055.18506,1.000481,0.000441
99,4055.19201,1.000233,0.000441
99,4055.19895,1.000047,0.00044
99,4055.2059,0.999752,0.000441
99,4055.21284,0.999296,0.00044
99,4055.21979,0.999359,0.000441
99,4055.22673,1.000229,0.000441
99,4055.23368,0.999951,0.00044
99,4055.24062,0.999645,0.000441
99,4055.24757,0.999504,0.000441
99,4055.25451,1.000372,0.000441
99,4055.26146,0.999965,0.00044
99,4055.2684,0.999951,0.00044
99,4055.27535,0.999903,0.000441
99,4055.28229,0.999824,0.000441
99,4055.28923,0.999315,0.00044
99,4055.29618,1.00029,0.000441
99,4055.30312,1.000525,0.000441
99,4055.31007,1.000026,0.000441
99,4055.31701,0.999986,0.000441
99,4055.32396,0.999926,0.00044
99,4055.3309,1.000372,0.000441
99,4055.33785,1.000458,0.000441
99,4055.34479,1.000287,0.000441
99,4055.35174,0.99966,0.00044
99,4055.35868,1.000285,0.000441
99,4055.36563,1.00039,0.000441
99,4055.37257,1.001009,0.000441
99,4055.37952,1.000374,0.000441
99,4055.38646,1.000104,0.00044
99,4055.39341,0.999868,0.000441
99,4055.40035,1.000102,0.000441
99,4055.4073,1.000735,0.000441
99,4055.41424,0.99933,0.00044
99,4055.42119,0.999743,0.000441
99,4055.42813,0.999745,0.00044
99,4055.43508,0.999225,0.00044
99,4055.44202,1.000097,0.000441
99,4055.44897,0.999857,0.00044
99,4055.45591,1.000841,0.000441
99,4055.46286,1.000014,0.000441
99,4055.4698,0.999836,0.00044
99,4055.47675,0.999925,0.000441
99,4055.48369,1.001018,0.000441
99,4055.49064,1.000307,0.000441
99,4055.49758,1.000884,0.000441
99,4055.50452,0.999978,0.000441
99,4055.51147,0.999121,0.00044
99,4055.51841,1.000212,0.000441
99,4055.52536,0.99963,0.00044
99,4055.5323,1.000313,0.000441
99,4055.53925,1.000514,0.00044
99,4055.54619,1.000602,0.000441
99,4055.55314,0.99945,0.000441
99,4055.56008,1.00031,0.000441
99,4055.56703,0.999553,0.00044
99,4055.57397,0.999241,0.00044
99,4055.58092,1.00008,0.00044
99,4055.58786,0.999921,0.00044
99,4055.59481,1.00019,0.000441
99,4055.60175,1.000143,0.00044
99,4055.6087,0.999387,0.00044
99,4055.61564,0.999676,0.000441
99,4055.6205,0.999709,0.000696
99,4063.11744,0.999108,0.000569
99,4063.123,1.001031,0.000441
99,4063.12995,1.00055,0.000441
99,4063.13689,0.999453,0.000441
99,4063.14384,1.000458,0.000441
99,4063.15078,0.999066,0.000441
99,4063.15772,1.000181,0.000441
99,4063.16467,0.999871,0.000441
99,4063.17161,0.999727,0.000441
99,4063.17856,0.999966,0.000441
99,4063.1855,0.999998,0.000441
99,4063.19245,1.000099,0.000441
99,4063.19939,0.999919,0.000441
99,4063.20634,0.999618,0.000441
99,4063.21328,1.000167,0.000441
99,4063.22023,0.999939,0.000441
99,4063.22717,0.999648,0.000441
99,4063.23412,0.999119,0.000441
99,4063.24106,0.999169,0.000441
99,4063.24801,1.000298,0.000441
99,4063.25495,1.00056,0.000441
99,4063.2619,0.999177,0.00044
99,4063.26884,1.000438,0.000441
99,4063.27579,0.99954,0.000441
99,4063.28273,0.999083,0.000441
99,4063.28968,0.999572,0.000441
99,4063.29662,1.000781,0.000441
99,4063.30357,1.000276,0.000441
99,4063.31051,1.0007,0.000441
99,4063.31746,1.000257,0.000441
99,4063.3244,0.999541,0.000441
99,4063.33134,0.999783,0.000441
99,4063.33829,1.00007,0.000441
99,4063.34523,1.000121,0.000493
99,4063.35218,1.000254,0.000441
99,4063.35912,1.000016,0.000441
99,4063.36607,1.000415,0.000441
99,4063.37301,1.000538,0.000441
99,4063.37996,1.001034,0.000441
99,4063.3869,0.999966,0.000441
99,4063.39385,0.999361,0.000441
99,4063.40079,0.999691,0.000441
99,4063.40774,1.000556,0.000441
99,4063.41468,0.998749,0.00044
99,4063.42163,0.999961,0.000441
99,4063.42857,0.999804,0.000441
99,4063.43552,1.000764,0.000441
99,4063.44246,0.999896,0.000441
99,4063.44941,1.000035,0.000441
99,4063.45635,0.999649,0.000441
99,4063.4633,0.999574,0.00044
99,4063.47024,0.9992,0.000441
99,4063.47719,1.00087,0.000441
99,4063.48413,1.000068,0.000441
99,4063.49108,0.999915,0.000441
99,4063.49802,0.999194,0.000441
99,4063.50497,0.9997,0.000441
99,4063.51191,1.000421,0.000441
99,4063.51885,1.000125,0.00044
99,4063.5258,1.000236,0.000441
99,4063.53274,0.999309,0.000441
99,4063.53969,0.999967,0.000441
99,4063.54663,0.999672,0.00044
99,4063.55358,1.00057,0.000441
99,4063.56052,1.000084,0.000441
99,4063.56747,0.999708,0.000441
99,4063.57441,0.999532,0.000441
99,4063.58136,1.000091,0.000441
99,4063.5883,0.999333,0.000441
99,4063.59525,0.999487,0.000441
99,4063.60219,0.999689,0.000441
99,4063.60914,0.999734,0.000441
99,4063.61608,0.999842,0.000441
99,4063.62303,0.999839,0.000441
99,4063.62997,1.000949,0.000441
99,4063.63692,0.999654,0.000441
99,4063.64386,1.000548,0.000441
99,4063.65081,1.000169,0.000441
99,4063.65775,1.000036,0.000441
99,4063.6647,0.999884,0.000441
99,4063.67164,1.000408,0.000441
99,4063.67859,1.000205,0.000441
99,4063.68553,0.999864,0.000441
99,4063.69247,0.99913,0.000441
99,4063.69942,1.000364,0.00044
99,4063.70636,1.000375,0.00044
99,4063.71331,1.00095,0.000441
99,4063.72025,0.999691,0.00044
99,4063.7272,1.000229,0.000441
99,4063.73414,1.000612,0.000441
99,4063.74109,0.99995,0.00044
99,4063.74803,1.000473,0.000441
99,4063.75498,1.0003,0.000441
99,4063.76192,1.000963,0.000441
99,4063.76887,1.000269,0.000441
99,4063.77581,1.000488,0.00044
99,4063.78276,1.000063,0.000441
99,4063.7897,1.000781,0.00044
99,4063.79665,1.00005,0.00044
99,4063.80359,1.000153,0.00044
99,4063.81054,0.999738,0.00044
99,4063.81748,1.00054,0.000441
99,4063.82443,1.000555,0.000441
99,4063.83137,0.999857,0.00044
99,4063.83832,0.999534,0.00044
99,4063.84526,0.999447,0.00044
99,4063.85221,1.000242,0.00044
99,4063.85915,0.999661,0.00044
99,4063.86609,0.99929,0.00044
99,4063.87304,0.999708,0.000441
99,4063.87998,0.99996,0.00044
99,4063.88693,0.999279,0.00044
99,4063.89387,0.999602,0.00044
99,4063.90082,0.999652,0.000441
99,4063.90776,1.00011,0.00044
99,4063.91471,1.000083,0.00044
99,4063.92165,1.000058,0.00044
99,4063.9286,0.999702,0.00044
99,4063.93554,1.000651,0.00044
99,4063.94249,0.999773,0.00044
99,4063.94943,1.000131,0.00044
99,4063.95638,0.99965,0.00044
99,4063.96332,0.999805,0.00044
99,4063.97027,1.000196,0.00044
99,4063.97721,0.999832,0.00044
99,4063.98416,0.999317,0.00044
99,4063.9911,0.999586,0.00044
99,4063.99805,0.999644,0.00044
99,4064.00499,0.99941,0.00044
99,4064.01194,1.000543,0.00044
99,4064.01888,1.000512,0.00044
99,4064.02583,0.999965,0.000441
99,4064.03277,0.999739,0.00044
99,4064.03971,1.000204,0.00044
99,4064.04666,1.000336,0.000441
99,4064.0536,1.000278,0.00044
99,4064.06055,1.00077,0.00044
99,4064.06749,1.000042,0.00044
99,4064.07444,0.999921,0.00044
99,4064.08138,1.000137,0.00044
99,4064.08833,1.000404,0.00044
99,4064.09527,0.999331,0.00044
99,4064.10222,1.000202,0.00044
99,4064.10916,1.00001,0.00044
99,4064.11611,0.999744,0.00044
99,4064.12305,0.999825,0.00044
99,4064.13,0.999892,0.00044
99,4064.13694,1.000307,0.00044
99,4064.14389,0.99991,0.00044
99,4064.15083,0.999233,0.00044
99,4064.15778,0.999866,0.00044
99,4064.16472,1.000269,0.00044
99,4064.17167,1.000118,0.00044
99,4064.17861,1.000313,0.00044
99,4064.18556,1.00013,0.00044
99,4064.1925,1.000087,0.00044
99,4064.19945,0.999946,0.00044
99,4064.20639,0.999919,0.00044
99,4064.21333,0.999482,0.00044
99,4064.22028,0.999925,0.00044
99,4064.22722,0.999374,0.00044
99,4064.23417,0.999994,0.00044
99,4064.24111,0.999806,0.00044
99,4064.24806,1.000015,0.00044
99,4064.255,0.999805,0.00044
99,4064.26195,0.999461,0.00044
99,4064.26889,1.000057,0.00044
99,4064.27584,1.000207,0.00044
99,4064.28278,0.999988,0.00044
99,4064.28938,1.000483,0.000492
99,4064.29667,0.999754,0.00044
99,4064.30362,1.000041,0.00044
99,4064.31056,0.99996,0.00044
99,4064.31751,0.999333,0.00044
99,4064.32445,1.000063,0.00044
99,4064.3314,0.999668,0.00044
99,4064.33834,0.999753,0.00044
99,4064.34529,1.000159,0.00044
99,4064.35223,1.000225,0.00044
99,4064.35918,1.000502,0.00044
99,4064.36612,0.999908,0.00044
99,4064.37307,0.999944,0.00044
99,4064.38001,1.000782,0.00044
99,4064.38695,1.00005,0.00044
99,4064.3939,0.999441,0.00044
99,4064.40084,1.000675,0.00044
99,4064.40779,1.000252,0.00044
99,4064.41473,0.999877,0.00044
99,4064.42168,0.999983,0.00044
99,4064.42862,1.000777,0.00044
99,4064.43557,1.000279,0.00044
99,4064.44251,1.000391,0.00044
99,4064.44946,0.999518,0.00044
99,4064.4564,1.000188,0.00044
99,4064.46335,0.999678,0.00044
99,4064.47029,1.000022,0.00044
99,4064.47724,0.999745,0.00044
99,4064.48418,1.000793,0.00044
99,4064.49113,1.000525,0.00044
99,4064.49807,1.000574,0.00044
99,4064.50502,1.000229,0.00044
99,4064.51196,1.00061,0.00044
99,4064.51891,1.000644,0.00044
99,4064.52585,0.999333,0.00044
99,4064.5328,0.998238,0.00044
99,4064.53974,1.000249,0.00044
99,4064.54669,1.000109,0.00044
99,4064.55363,1.000145,0.00044
99,4064.56057,0.999288,0.00044
99,4064.56752,0.999631,0.00044
99,4064.57446,1.000293,0.00044
99,4064.58141,0.999966,0.00044
99,4064.58835,0.999235,0.00044
99,4064.5953,0.999712,0.00044
99,4064.60224,1.000195,0.00044
99,4064.60919,1.000363,0.00044
99,4064.61613,0.999909,0.00044
99,4064.62308,1.000312,0.00044
99,4064.63002,1.000657,0.00044
99,4064.63697,0.999976,0.00044
99,4064.64391,0.99953,0.00044
99,4064.65086,1.000336,0.00044
99,4064.6578,0.999626,0.00044
99,4064.66475,0.99942,0.00044
99,4064.67169,0.999976,0.00044
99,4064.67864,0.99976,0.00044
99,4064.68558,1.000291,0.00044
99,4064.69253,0.999544,0.00044
99,4064.69947,1.000162,0.00044
99,4064.70642,0.999145,0.00044
99,4064.71336,1.000298,0.00044
99,4064.72031,0.999966,0.00044
99,4064.72725,1.000082,0.00044
99,4064.73419,1.000159,0.00044
99,4064.74114,0.99984,0.00044
99,4064.74808,1.000394,0.00044
99,4064.75503,1.000021,0.00044
99,4064.76197,0.999329,0.00044
99,4064.76892,1.000367,0.00044
99,4064.77586,0.999755,0.00044
99,4064.78281,1.000172,0.00044
99,4064.78975,1.000073,0.00044
99,4064.7967,1.000099,0.00044
99,4064.80364,0.999873,0.00044
99,4064.81059,0.999976,0.00044
99,4064.81753,0.999726,0.00044
99,4064.82448,0.999711,0.00044
99,4064.83142,0.99989,0.00044
99,4064.83837,1.000707,0.00044
99,4064.84531,1.000378,0.00044
99,4064.85226,1.000022,0.00044
99,4064.8592,0.999947,0.00044
99,4064.86615,0.99952,0.00044
99,4064.87309,1.000004,0.00044
99,4064.88004,1.000267,0.00044
99,4064.88698,1.000855,0.00044
99,4064.89392,0.999896,0.00044
99,4064.90087,1.000579,0.00044
99,4064.90781,1.000088,0.00044
99,4064.91476,0.999918,0.00044
99,4064.9217,0.999447,0.00044
99,4064.92865,1.000233,0.00044
99,4064.93559,0.999896,0.00044
99,4064.94254,1.000235,0.00044
99,4064.94948,1.000304,0.00044
99,4064.95643,1.000015,0.00044
99,4064.96337,1.000172,0.00044
99,4064.97032,1.000306,0.00044
99,4064.97726,0.999439,0.00044
99,4064.98421,1.000575,0.00044
99,4064.99115,0.999184,0.00044
99,4064.9981,1.000324,0.00044
99,4065.00504,0.999794,0.00044
99,4065.01199,0.999738,0.00044
99,4065.01893,0.999984,0.00044
99,4065.02588,0.999464,0.00044
99,4065.03282,1.000213,0.00044
99,4065.03977,1.000176,0.00044
99,4065.04671,1.000833,0.00044
99,4065.05366,1.000077,0.00044
99,4065.0606,0.999765,0.00044
99,4065.06754,1.000497,0.00044
99,4065.07449,0.999621,0.00044
99,4065.08143,1.000249,0.00044
99,4065.08838,1.000153,0.00044
99,4065.09532,1.000076,0.00044
99,4065.10227,1.000597,0.00044
99,4065.10921,1.000858,0.00044
99,4065.11616,1.000303,0.00044
99,4065.1231,0.999964,0.00044
99,4065.13005,0.999511,0.00044
99,4065.13699,0.999659,0.00044
99,4065.14394,0.999334,0.00044
99,4065.15088,0.999519,0.00044
99,4065.15783,1.001411,0.00044
99,4065.16477,1.000579,0.00044
99,4065.17172,0.99989,0.00044
99,4065.17866,0.999883,0.00044
99,4065.18561,0.999696,0.00044
99,4065.19255,1.000399,0.00044
99,4065.1995,0.9992,0.00044
99,4065.20644,0.999934,0.00044
99,4065.21339,0.999939,0.00044
99,4065.22033,1.000737,0.00044
99,4065.22727,1.000033,0.00044
99,4065.23422,0.999953,0.00044
99,4065.24116,1.001256,0.00044
99,4065.24811,1.000003,0.00044
99,4065.25505,0.999489,0.00044
99,4065.2613,0.999452,0.000492
99,4065.26894,1.000333,0.00044
99,4065.27589,0.99982,0.00044
99,4065.28283,0.999633,0.00044
99,4065.28978,0.999565,0.00044
99,4065.29672,1.000082,0.00044
99,4065.30367,0.999889,0.00044
99,4065.31061,0.999446,0.00044
99,4065.31756,0.999076,0.00044
99,4065.3245,0.999391,0.00044
99,4065.33145,0.99926,0.00044
99,4065.33839,0.99909,0.00044
99,4065.34534,0.999263,0.00044
99,4065.35228,0.999848,0.00044
99,4065.35923,0.999469,0.00044
99,4065.36617,0.999573,0.00044
99,4065.37312,0.99994,0.00044
99,4065.38006,0.999334,0.00044
99,4065.38701,0.999859,0.00044
99,4065.39395,1.000544,0.00044
99,4065.40089,0.999373,0.00044
99,4065.40784,0.999985,0.00044
99,4065.41478,1.000005,0.00044
99,4065.42173,0.999221,0.00044
99,4065.42867,1.000786,0.00044
99,4065.43562,1.000429,0.00044
99,4065.44256,1.000012,0.00044
99,4065.44951,0.999789,0.00044
99,4065.45645,0.999627,0.00044
99,4065.4634,1.000313,0.00044
99,4065.47034,1.000991,0.00044
99,4065.47729,1.000041,0.00044
99,4065.48423,1.000549,0.00044
99,4065.49118,0.999409,0.00044
99,4065.49812,0.999814,0.00044
99,4065.50507,1.000143,0.00044
99,4065.51201,1.000773,0.00044
99,4065.51896,1.000591,0.00044
99,4065.5259,0.999133,0.00044
99,4065.53285,1.000651,0.00044
99,4065.53979,1.000293,0.00044
99,4065.54674,1.000185,0.00044
99,4065.55368,1.000129,0.00044
99,4065.56062,0.999659,0.00044
99,4065.56757,1.001077,0.00044
99,4065.57451,1.000321,0.00044
99,4065.58146,1.000362,0.00044
99,4065.5884,1.000105,0.00044
99,4065.59535,1.000499,0.00044
99,4065.60229,1.000219,0.00044
99,4065.60924,1.000252,0.00044
99,4065.61618,1.000268,0.00044
99,4065.62313,1.000081,0.00044
99,4065.63007,1.000417,0.00044
99,4065.63702,1.00027,0.00044
99,4065.64396,0.999921,0.00044
99,4065.65091,0.999938,0.00044
99,4065.65785,1.000759,0.00044
99,4065.6648,1.000271,0.00044
99,4065.67174,0.999097,0.00044
99,4065.67869,1.000328,0.00044
99,4065.68563,1.000025,0.00044
99,4065.69258,0.999969,0.00044
99,4065.69952,1.000401,0.00044
99,4065.70647,0.999487,0.00044
99,4065.71341,0.999402,0.00044
99,4065.72035,0.999174,0.00044
99,4065.7273,1.000078,0.00044
99,4065.73424,0.999856,0.00044
99,4065.74119,0.999995,0.00044
99,4065.74813,1.000089,0.00044
99,4065.75508,0.999923,0.00044
99,4065.76202,1.001047,0.00044
99,4065.76897,0.999695,0.00044
99,4065.77591,1.000416,0.00044
99,4065.78286,0.999463,0.00044
99,4065.7898,0.999817,0.00044
99,4065.79675,0.999959,0.00044
99,4065.80369,0.999663,0.00044
99,4065.81064,0.99983,0.00044
99,4065.81758,0.999562,0.00044
99,4065.82453,0.999921,0.00044
99,4065.83147,0.999533,0.00044
99,4065.83842,0.999737,0.00044
99,4065.84536,0.999861,0.00044
99,4065.85231,0.999633,0.00044
99,4065.85925,0.999479,0.00044
99,4065.8662,0.999881,0.00044
99,4065.87314,0.999533,0.00044
99,4065.88009,0.999567,0.00044
99,4065.88703,1.000061,0.00044
99,4065.89397,1.000127,0.00044
99,4065.90092,1.000005,0.00044
99,4065.90786,0.999794,0.00044
99,4065.91481,1.000307,0.00044
99,4065.92175,1.000352,0.00044
99,4065.9287,1.00003,0.00044
99,4065.93564,0.998818,0.00044
99,4065.94259,0.999904,0.00044
99,4065.94953,1.000049,0.00044
99,4065.95648,0.999375,0.00044
99,4065.96342,0.999697,0.00044
99,4065.97037,1.000002,0.00044
99,4065.97731,1.000352,0.00044
99,4065.98426,0.999653,0.00044
99,4065.9912,1.000739,0.00044
99,4065.99815,0.999634,0.00044
99,4066.00509,1.000769,0.00044
99,4066.01204,1.000618,0.00044
99,4066.01898,1.00004,0.00044
99,4066.02593,1.000665,0.00044
99,4066.03287,1.000261,0.00044
99,4066.03982,1.000162,0.00044
99,4066.04676,0.999931,0.00044
99,4066.0537,1.000362,0.00044
99,4066.06065,0.999318,0.00044
99,4066.06759,1.000354,0.00044
99,4066.07454,1.000285,0.00044
99,4066.08148,1.000089,0.00044
99,4066.08843,0.999888,0.00044
99,4066.09537,1.000176,0.00044
99,4066.10232,1.00028,0.00044
99,4066.10926,0.999361,0.00044
99,4066.11621,1.000184,0.00044
99,4066.12315,0.999658,0.00044
99,4066.1301,1.000603,0.00044
99,4066.13635,1.000165,0.000492
99,4066.14399,0.999846,0.00044
99,4066.15093,0.999971,0.00044
99,4066.15788,0.999963,0.00044
99,4066.16482,0.999644,0.00044
99,4066.17177,1.000552,0.00044
99,4066.17871,1.000286,0.00044
99,4066.18566,0.999725,0.00044
99,4066.1926,1.000235,0.00044
99,4066.19955,0.999704,0.00044
99,4066.20649,1.000502,0.00044
99,4066.21343,0.999478,0.00044
99,4066.22038,0.998811,0.00044
99,4066.22732,1.000054,0.00044
99,4066.23427,1.000211,0.00044
99,4066.24121,1.000306,0.00044
99,4066.24816,0.999491,0.00044
99,4066.2551,0.999799,0.00044
99,4066.26205,1.000175,0.00044
99,4066.26899,0.999918,0.00044
99,4066.27594,1.000014,0.00044
99,4066.28288,0.999462,0.00044
99,4066.28983,1.000782,0.00044
99,4066.29677,1.000084,0.00044
99,4066.30372,0.9989,0.00044
99,4066.31066,1.000015,0.00044
99,4066.31761,1.000926,0.00044
99,4066.32455,1.000216,0.00044
99,4066.3315,1.000179,0.00044
99,4066.33844,1.000318,0.00044
99,4066.34539,1.000182,0.00044
99,4066.35233,0.999487,0.00044
99,4066.35928,0.998996,0.00044
99,4066.36622,0.99934,0.00044
99,4066.37316,0.99991,0.00044
99,4066.38011,0.999818,0.00044
99,4066.38705,0.999838,0.00044
99,4066.394,1.000104,0.00044
99,4066.40094,0.999841,0.00044
99,4066.40789,0.998869,0.00044
99,4066.41483,0.999466,0.00044
99,4066.42178,0.999843,0.00044
99,4066.42872,1.00035,0.00044
99,4066.43567,0.999459,0.00044
99,4066.44261,0.999829,0.00044
99,4066.44956,0.999746,0.00044
99,4066.4565,0.999759,0.00044
99,4066.46345,1.000094,0.00044
99,4066.47039,0.99942,0.00044
99,4066.47734,0.999715,0.00044
99,4066.48428,0.999829,0.00044
99,4066.49123,0.999927,0.00044
99,4066.49817,1.000452,0.00044
99,4066.50512,0.99974,0.00044
99,4066.51206,1.000036,0.00044
99,4066.51901,1.001351,0.00044
99,4066.52595,1.000815,0.00044
99,4066.53289,0.999875,0.00044
99,4066.53984,1.000466,0.00044
99,4066.54678,1.000328,0.00044
99,4066.55373,1.000509,0.00044
99,4066.56067,1.000857,0.00044
99,4066.56762,1.000869,0.00044
99,4066.57456,1.000972,0.00044
99,4066.58151,1.000518,0.00044
99,4066.58845,1.000681,0.00044
99,4066.5954,1.000469,0.00044
99,4066.60234,0.999937,0.00044
99,4066.60929,0.999875,0.00044
99,4066.61623,0.999931,0.00044
99,4066.62318,1.000286,0.00044
99,4066.63012,1.000005,0.00044
99,4066.63707,0.999637,0.00044
99,4066.64401,1.000415,0.00044
99,4066.65096,0.999825,0.00044
99,4066.6579,0.999671,0.00044
99,4066.66485,0.999785,0.00044
99,4066.67179,1.000328,0.00044
99,4066.67874,0.999902,0.00044
99,4066.68568,0.999982,0.00044
99,4066.69262,0.999946,0.00044
99,4066.69957,0.999712,0.00044
99,4066.70651,0.999962,0.00044
99,4066.71346,1.000241,0.00044
99,4066.7204,0.999647,0.00044
99,4066.72735,1.000028,0.00044
99,4066.73429,0.999513,0.00044
99,4066.74124,0.99997,0.00044
99,4066.74818,0.999268,0.00044
99,4066.75513,1.000684,0.00044
99,4066.76207,0.999576,0.00044
99,4066.76902,0.999955,0.00044
99,4066.77596,1.000139,0.00044
99,4066.78291,1.000578,0.00044
99,4066.78985,0.999674,0.00044
99,4066.7968,0.999639,0.00044
99,4066.80374,0.999591,0.00044
99,4066.81069,1.00065,0.00044
99,4066.81763,1.000527,0.00044
99,4066.82458,1.00038,0.00044
99,4066.83152,1.000445,0.00044
99,4066.83847,0.999806,0.00044
99,4066.84541,1.000133,0.00044
99,4066.85235,0.99974,0.00044
99,4066.8593,1.000537,0.00044
99,4066.86624,0.999351,0.00044
99,4066.87319,0.999384,0.00044
99,4066.88013,1.000553,0.00044
99,4066.88708,0.99993,0.00044
99,4066.89402,0.999773,0.00044
99,4066.90097,0.999848,0.00044
99,4066.90791,1.000023,0.00044
99,4066.91486,1.000029,0.00044
99,4066.9218,0.999938,0.00044
99,4066.92875,0.999825,0.00044
99,4066.93569,0.999611,0.00044
99,4066.94264,0.999465,0.00044
99,4066.94958,1.001133,0.00044
99,4066.95653,1.000178,0.00044
99,4066.96347,1.000206,0.00044
99,4066.97042,1.000186,0.00044
99,4066.97736,1.000387,0.00044
99,4066.98431,0.999823,0.00044
99,4066.99125,0.999318,0.00044
99,4066.9982,0.999345,0.00044
99,4067.00514,1.000437,0.00044
99,4067.01208,0.999417,0.00044
99,4067.01903,1.000523,0.00044
99,4067.02597,1.000203,0.00044
99,4067.03292,1.000248,0.00044
99,4067.03986,0.999606,0.00044
99,4067.04681,0.998534,0.00044
99,4067.05375,0.999582,0.00044
99,4067.0607,0.999643,0.00044
99,4067.06764,0.999928,0.00044
99,4067.07459,1.000208,0.00044
99,4067.08153,0.999794,0.00044
99,4067.08848,0.999684,0.00044
99,4067.09542,0.999917,0.00044
99,4067.10237,1.000028,0.00044
99,4067.10931,0.999393,0.00044
99,4067.11695,0.999915,0.000492
99,4067.1232,0.999606,0.00044
99,4067.13015,1.000721,0.00044
99,4067.13709,1.000251,0.00044
99,4067.14404,0.99975,0.00044
99,4067.15098,0.999686,0.00044
99,4067.15793,0.99931,0.00044
99,4067.16487,1.000893,0.00044
99,4067.17181,1.000996,0.00044
99,4067.17876,1.000248,0.00044
99,4067.1857,1.000454,0.00044
99,4067.19126,1.00056,0.000568
99,4067.41002,0.999181,0.000695
99,4067.41488,0.999205,0.00044
99,4067.42183,0.999476,0.00044
99,4067.42877,0.999374,0.00044
99,4067.43572,0.999798,0.00044
99,4067.44266,0.999576,0.00044
99,4067.44891,0.999235,0.000491
99,4067.45655,0.99947,0.00044
99,4067.4635,1.000206,0.00044
99,4067.47044,0.999493,0.00044
99,4067.47738,0.999916,0.00044
99,4067.48433,1.000022,0.00044
99,4067.49127,1.000782,0.00044
99,4067.49822,1.000097,0.00044
99,4067.50516,1.001174,0.00044
99,4067.51211,1.000494,0.00044
99,4067.51905,1.000843,0.00044
99,4067.526,0.99996,0.00044
99,4067.53294,1.000327,0.00044
99,4067.53989,0.999678,0.00044
99,4067.54683,0.999574,0.00044
99,4067.55378,0.999972,0.00044
99,4067.56072,1.000196,0.00044
99,4067.56767,0.9998,0.00044
99,4067.57461,0.99982,0.00044
99,4067.58156,1.00017,0.00044
99,4067.5885,1.000051,0.00044
99,4067.59545,1.000497,0.00044
99,4067.60239,0.99985,0.00044
99,4067.60934,1.000516,0.00044
99,4067.61628,1.000226,0.00044
99,4067.62323,1.000335,0.00044
99,4067.63017,0.999098,0.00044
99,4067.63711,0.999636,0.00044
99,4067.64406,1.000023,0.00044
99,4067.651,1.000945,0.00044
99,4067.65795,1.000473,0.00044
99,4067.66489,0.999574,0.00044
99,4067.67184,0.999933,0.00044
99,4067.67878,1.000148,0.00044
99,4067.68573,0.999711,0.00044
99,4067.69267,1.000653,0.00044
99,4067.69962,0.99965,0.00044
99,4067.70656,1.000324,0.00044
99,4067.71351,1.000372,0.00044
99,4067.72045,1.000172,0.00044
99,4067.7274,1.000274,0.00044
99,4067.73434,1.000221,0.00044
99,4067.74129,0.999016,0.00044
99,4067.74823,0.99924,0.00044
99,4067.75518,1.000076,0.00044
99,4067.76212,1.000319,0.00044
99,4067.76907,0.999515,0.00044
99,4067.77601,0.999533,0.00044
99,4067.78295,0.999989,0.00044
99,4067.7899,1.000574,0.00044
99,4067.79684,1.000722,0.00044
99,4067.80379,1.000347,0.00044
99,4067.81073,1.000006,0.00044
99,4067.81768,0.999926,0.00044
99,4067.82462,0.999755,0.00044
99,4067.83157,1.00003,0.00044
99,4067.83851,1.000421,0.00044
99,4067.84546,0.99997,0.00044
99,4067.8524,1.000418,0.00044
99,4067.85935,1.000436,0.00044
99,4067.86629,1.000198,0.00044
99,4067.87324,1.000154,0.00044
99,4067.88018,0.999431,0.000492
99,4067.88713,1.000187,0.00044
99,4067.89407,0.999715,0.00044
99,4067.90102,0.999864,0.00044
99,4067.90796,0.999414,0.000439
99,4067.91491,1.000153,0.00044
99,4067.92185,0.999278,0.000439
99,4067.9288,0.999573,0.00044
99,4067.93574,1.00002,0.00044
99,4067.94268,0.999827,0.00044
99,4067.94963,0.998781,0.000439
99,4067.95657,1.000074,0.00044
99,4067.96352,1.000148,0.00044
99,4067.97046,1.00065,0.00044
99,4067.97741,1.000042,0.00044
99,4067.98435,1.000447,0.00044
99,4067.9913,0.999492,0.00044
99,4067.99824,0.999914,0.00044
99,4068.00519,1.000287,0.00044
99,4068.01213,0.999877,0.00044
99,4068.01908,0.999681,0.00044
99,4068.02602,0.99914,0.00044
99,4068.03297,1.000073,0.00044
99,4068.03991,1.000052,0.00044
99,4068.04686,0.99949,0.000439
99,4068.0538,0.999743,0.00044
99,4068.06075,0.99965,0.00044
99,4068.06769,0.999775,0.00044
99,4068.07464,1.000185,0.00044
99,4068.08158,0.999306,0.00044
99,4068.08852,1.000272,0.00044
99,4068.09547,1.000759,0.00044
99,4068.10241,1.00034,0.00044
99,4068.10936,0.999278,0.00044
99,4068.1163,0.999875,0.00044
99,4068.12325,1.000148,0.00044
99,4068.13019,1.000299,0.00044
99,4068.13714,1.000201,0.00044
99,4068.14408,0.998912,0.000439
99,4068.15103,0.999833,0.00044
99,4068.15797,0.999396,0.000439
99,4068.16492,1.000234,0.00044
99,4068.17186,1.000327,0.00044
99,4068.17881,1.000276,0.00044
99,4068.18575,1.00049,0.00044
99,4068.1927,0.999474,0.000439
99,4068.19964,0.999414,0.00044
99,4068.20659,1.000128,0.00044
99,4068.21353,1.000836,0.00044
99,4068.22048,1.000065,0.00044
99,4068.22742,1.000183,0.000439
99,4068.23436,0.99969,0.000439
99,4068.24131,1.000095,0.00044
99,4068.24825,1.000334,0.000439
99,4068.2552,1.000461,0.00044
99,4068.26214,1.000248,0.00044
99,4068.26909,0.999896,0.000439
99,4068.27603,1.000268,0.000439
99,4068.28298,1.00029,0.00044
99,4068.28992,1.000039,0.00044
99,4068.29687,1.000231,0.00044
99,4068.30381,0.999784,0.00044
99,4068.31076,1.000314,0.00044
99,4068.3177,0.99992,0.00044
99,4068.32465,1.00071,0.00044
99,4068.33159,1.000247,0.000439
99,4068.33854,1.000027,0.000439
99,4068.34548,1.000194,0.00044
99,4068.35243,0.999471,0.000439
99,4068.35937,1.000102,0.000439
99,4068.36632,1.000655,0.00044
99,4068.37326,0.999015,0.000439
99,4068.38021,0.999829,0.00044
99,4068.38715,1.000343,0.00044
99,4068.39409,0.99979,0.00044
99,4068.40104,1.000239,0.00044
99,4068.40798,0.999833,0.000439
99,4068.41493,1.000068,0.000439
99,4068.42187,1.000427,0.00044
99,4068.42882,1.00009,0.000439
99,4068.43576,0.999923,0.00044
99,4068.44271,0.99908,0.000439
99,4068.44965,1.000221,0.00044
99,4068.4566,1.000455,0.00044
99,4068.46354,1.00067,0.00044
99,4068.47014,1.000319,0.000491
99,4068.47743,1.000226,0.00044
99,4068.48438,1.000364,0.00044
99,4068.49132,0.999922,0.000439
99,4068.49827,1.000137,0.00044
99,4068.50521,0.999438,0.000439
99,4068.51216,0.999522,0.000439
99,4068.5191,0.999557,0.00044
99,4068.52605,0.999612,0.00044
99,4068.53299,0.999871,0.00044
99,4068.53993,1.000246,0.000439
99,4068.54688,0.999266,0.000439
99,4068.55382,0.999889,0.000439
99,4068.56077,0.999915,0.000439
99,4068.56771,1.000356,0.00044
99,4068.57466,0.999643,0.000439
99,4068.5816,0.999613,0.000439
99,4068.58855,0.999916,0.000439
99,4068.59549,1.00062,0.00044
99,4068.60244,1.000297,0.00044
99,4068.60938,0.999226,0.000439
99,4068.61633,1.000338,0.000439
99,4068.62327,1.000415,0.00044
99,4068.63022,0.999499,0.00044
99,4068.63716,1.000676,0.00044
99,4068.64411,0.999732,0.000439
99,4068.65105,0.999906,0.000439
99,4068.658,1.000173,0.000439
99,4068.66494,0.999957,0.00044
99,4068.67189,0.99914,0.000439
99,4068.67883,0.999598,0.000439
99,4068.68577,1.000444,0.000491
99,4068.69272,1.000088,0.000439
99,4068.69966,0.998849,0.000439
99,4068.70661,1.000229,0.000439
99,4068.71355,0.999465,0.000439
99,4068.7205,1.001028,0.00044
99,4068.72744,0.999744,0.000439
99,4068.73439,0.999875,0.000439
99,4068.74133,0.999777,0.00044
99,4068.74828,0.999786,0.00044
99,4068.75522,1.000635,0.00044
99,4068.76217,1.000502,0.00044
99,4068.76911,0.999724,0.000439
99,4068.77606,0.999783,0.00044
99,4068.783,0.999964,0.00044
99,4068.78995,1.000255,0.00044
99,4068.79689,1.000471,0.00044
99,4068.80384,0.999996,0.00044
99,4068.81078,0.999902,0.00044
99,4068.81773,1.000448,0.00044
99,4068.82467,1.000661,0.00044
99,4068.83162,0.999965,0.000439
99,4068.83856,1.000146,0.00044
99,4068.8455,1.001009,0.00044
99,4068.85245,1.000233,0.000439
99,4068.85939,1.000527,0.00044
99,4068.86634,1.000318,0.00044
99,4068.87328,0.999416,0.00044
99,4068.88023,1.000348,0.000439
99,4068.88717,0.999034,0.000439
99,4068.89412,1.000322,0.00044
99,4068.90106,0.999876,0.000439
99,4068.90801,0.999586,0.000439
99,4068.91495,1.000131,0.00044
99,4068.9219,0.99922,0.000439
99,4068.92884,0.999569,0.000439
99,4068.93509,0.999944,0.000491
99,4068.94273,0.999603,0.00044
99,4068.94968,0.999971,0.000439
99,4068.95662,0.999971,0.00044
99,4068.96357,0.999998,0.000439
99,4068.97051,1.000315,0.00044
99,4068.97746,0.99928,0.000439
99,4068.9844,1.000482,0.00044
99,4068.99134,0.999489,0.00044
99,4068.99829,0.999923,0.000439
99,4069.00523,0.999965,0.00044
99,4069.01218,1.000839,0.00044
99,4069.01912,1.000147,0.00044
99,4069.02607,0.99962,0.00044
99,4069.03301,0.999583,0.000439
99,4069.03996,0.999516,0.000439
99,4069.0469,1.00027,0.00044
99,4069.05385,1.000692,0.00044
99,4069.06079,0.999777,0.000439
99,4069.06774,0.999395,0.00044
99,4069.07468,0.999742,0.000439
99,4069.08163,1.000352,0.000439
99,4069.08857,1.000502,0.00044
99,4069.09552,1.000609,0.00044
99,4069.10246,1.000598,0.00044
99,4069.10941,1.000124,0.000439
99,4069.11635,0.999813,0.000439
99,4069.1233,0.99991,0.00044
99,4069.13024,1.000002,0.00044
99,4069.13718,1.000214,0.00044
99,4069.14413,0.999363,0.000439
99,4069.15107,1.000258,0.00044
99,4069.15802,1.000588,0.00044
99,4069.16496,0.999606,0.000439
99,4069.17191,0.999883,0.00044
99,4069.17885,0.999453,0.00044
99,4069.1858,1.000572,0.00044
99,4069.19274,1.000043,0.000439
99,4069.19969,1.000202,0.000439
99,4069.20663,1.000397,0.000439
99,4069.21358,0.999304,0.000439
99,4069.22052,0.999331,0.00044
99,4069.22747,0.999219,0.000439
99,4069.23441,1.000447,0.00044
99,4069.24136,1.000264,0.00044
99,4069.2483,0.999585,0.000439
99,4069.25525,1.000471,0.00044
99,4069.26219,1.000274,0.000439
99,4069.26914,1.000267,0.00044
99,4069.27608,1.000602,0.00044
99,4069.28302,1.000038,0.00044
99,4069.28997,0.999548,0.00044
99,4069.29691,1.000159,0.000439
99,4069.30386,1.000179,0.00044
99,4069.3108,1.000873,0.00044
99,4069.31775,0.99972,0.00044
99,4069.32469,1.00088,0.00044
99,4069.33164,0.999698,0.00044
99,4069.33858,0.999724,0.000439
99,4069.34553,1.000653,0.00044
99,4069.35247,1.000157,0.000439
99,4069.35942,0.998659,0.000439
99,4069.36636,1.000451,0.000439
99,4069.37331,1.000121,0.000439
99,4069.38025,0.999209,0.000439
99,4069.3872,0.999664,0.00044
99,4069.39414,0.999841,0.00044
99,4069.40109,1.000275,0.000439
99,4069.40803,1.000102,0.000439
99,4069.41498,0.999776,0.000439
99,4069.42192,1.00084,0.00044
99,4069.42886,1.000706,0.00044
99,4069.43581,0.999467,0.000439
99,4069.44275,0.999651,0.000439
99,4069.4497,0.999905,0.000439
99,4069.45664,0.999565,0.000439
99,4069.46359,0.999757,0.000439
99,4069.47053,0.999832,0.00044
99,4069.47748,0.999816,0.000439
99,4069.48442,1.000147,0.000439
99,4069.49137,0.998775,0.000439
99,4069.49831,0.999662,0.000439
99,4069.50526,0.999993,0.000439
99,4069.5122,1.000201,0.000439
99,4069.51915,1.000486,0.00044
99,4069.52609,1.000054,0.000439
99,4069.53304,1.0003,0.000439
99,4069.53998,0.999873,0.000439
99,4069.54693,0.999312,0.000439
99,4069.55387,1.000062,0.000439
99,4069.56082,1.000293,0.00044
99,4069.56776,0.999516,0.000439
99,4069.5747,0.999849,0.00044
99,4069.58165,1.000094,0.00044
99,4069.58859,0.999633,0.000439
99,4069.59554,0.999782,0.000439
99,4069.60248,0.999505,0.000439
99,4069.60943,0.999607,0.000439
99,4069.61637,0.999876,0.00044
99,4069.62332,1.000412,0.00044
99,4069.63026,1.00084,0.00044
99,4069.63721,0.999901,0.000439
99,4069.64415,0.99981,0.000439
99,4069.6511,0.99919,0.000439
99,4069.65804,1.000094,0.00044
99,4069.66499,0.999629,0.000439
99,4069.67193,1.00014,0.000439
99,4069.67888,0.999044,0.000439
99,4069.68582,1.000728,0.000439
99,4069.69277,0.99946,0.000439
99,4069.69971,1.000719,0.00044
99,4069.70666,1.000434,0.000439
99,4069.7136,1.000116,0.000439
99,4069.72054,1.000398,0.000439
99,4069.72749,0.999633,0.000439
99,4069.73443,0.999766,0.000439
99,4069.74138,1.000754,0.00044
99,4069.74832,0.999816,0.00044
99,4069.75527,1.000818,0.00044
99,4069.76221,1.000363,0.00044
99,4069.76916,1.000305,0.000439
99,4069.7761,1.000438,0.000439
99,4069.78305,1.000093,0.00044
99,4069.78999,1.000135,0.000439
99,4069.79694,0.999377,0.000439
99,4069.80388,1.000034,0.00044
99,4069.81083,0.999515,0.000439
99,4069.81777,1.001476,0.00044
99,4069.82472,1.000399,0.000439
99,4069.83166,1.000713,0.00044
99,4069.83861,1.000082,0.000439
99,4069.84555,0.999326,0.000439
99,4069.8525,0.999995,0.000439
99,4069.85944,1.000497,0.00044
99,4069.86638,0.999626,0.000439
99,4069.87333,0.999981,0.000439
99,4069.88027,1.000004,0.000439
99,4069.88722,1.00066,0.00044
99,4069.89416,1.000109,0.000439
99,4069.90111,0.999804,0.000439
99,4069.90805,0.999973,0.000439
99,4069.915,1.000081,0.00044
99,4069.92194,1.000414,0.000439
99,4069.92889,0.999202,0.000439
99,4069.93583,0.999851,0.000439
99,4069.94278,0.999833,0.000439
99,4069.94972,0.999534,0.000439
99,4069.95667,1.000232,0.000439
99,4069.96361,1.00073,0.000439
99,4069.97056,0.999908,0.000439
99,4069.9775,1.000108,0.000439
99,4069.98445,1.000203,0.000439
99,4069.99139,1.000015,0.000439
99,4069.99834,0.999722,0.000439
99,4070.00528,1.000327,0.00044
99,4070.01222,0.999812,0.000439
99,4070.01917,1.001242,0.00044
99,4070.02611,0.999463,0.000439
99,4070.03306,1.000199,0.00044
99,4070.04,1.000319,0.000439
99,4070.04695,1.000737,0.00044
99,4070.05389,1.000008,0.000439
99,4070.06084,1.00036,0.00044
99,4070.06778,0.999921,0.000439
99,4070.07473,1.000242,0.000439
99,4070.08167,1.000818,0.00044
99,4070.08931,0.999272,0.000491
99,4070.09556,0.998912,0.000439
99,4070.10251,0.999173,0.000439
99,4070.10945,0.998636,0.000439
99,4070.1164,0.999852,0.000439
99,4070.12334,1.000214,0.000439
99,4070.13029,1.000951,0.000439
99,4070.13723,0.999745,0.000439
99,4070.14417,1.00011,0.00044
99,4070.15112,0.99998,0.000439
99,4070.15806,1.000008,0.000439
99,4070.16501,1.000257,0.00044
99,4070.17195,0.999753,0.000439
99,4070.1789,0.999887,0.000439
99,4070.18584,0.998634,0.000439
99,4070.19279,0.999461,0.000439
99,4070.19973,1.000122,0.000439
99,4070.20668,0.999995,0.000439
99,4070.21362,0.999763,0.000439
99,4070.22057,1.000333,0.00044
99,4070.22751,0.999497,0.000439
99,4070.23446,0.999665,0.000439
99,4070.2414,0.999654,0.000439
99,4070.24835,0.99974,0.000439
99,4070.25529,1.000109,0.000439
99,4070.26224,1.000705,0.00044
99,4070.26918,1.000202,0.000439
99,4070.27613,0.99968,0.000439
99,4070.28307,0.999367,0.000439
99,4070.29001,1.000162,0.00044
99,4070.29696,1.000024,0.000439
99,4070.3039,0.999418,0.000439
99,4070.31085,1.0004,0.00044
99,4070.31779,0.999694,0.00044
99,4070.32474,0.999722,0.000439
99,4070.33168,0.99948,0.00044
99,4070.33863,1.000631,0.00044
99,4070.34557,1.000644,0.00044
99,4070.35252,1.000522,0.00044
99,4070.35946,0.999332,0.00044
99,4070.36641,0.9996,0.00044
99,4070.37335,0.999662,0.00044
99,4070.3803,0.999601,0.00044
99,4070.38724,0.999398,0.00044
99,4070.39419,0.999796,0.00044
99,4070.40113,1.000276,0.00044
99,4070.40808,1.000437,0.00044
99,4070.41502,0.999539,0.00044
99,4070.42197,1.0006,0.00044
99,4070.42891,0.999964,0.00044
99,4070.43585,1.00117,0.00044
99,4070.4428,0.99984,0.00044
99,4070.44974,0.999943,0.00044
99,4070.45669,1.000324,0.000441
99,4070.46363,1.000106,0.000441
99,4070.47058,1.00018,0.000441
99,4070.47752,0.999597,0.000441
99,4070.48447,0.999725,0.000441
99,4070.49141,0.999555,0.000441
99,4070.49836,1.000459,0.000441
99,4070.5053,1.000142,0.000441
99,4070.51225,1.000343,0.000441
99,4070.51919,1.000174,0.000441
99,4070.52614,1.000151,0.000441
99,4070.53308,0.999465,0.000442
99,4070.54003,0.999696,0.000442
99,4070.54697,0.999697,0.000442
99,4070.55392,1.000114,0.000442
99,4070.56086,1.000139,0.000442
99,4070.56781,0.999961,0.000442
99,4070.57475,0.999458,0.000442
99,4070.58169,0.999308,0.000442
99,4070.58864,1.000652,0.000443
99,4070.59558,1.000245,0.000443
99,4070.60253,1.000006,0.000443
99,4070.60947,1.000108,0.000443
99,4070.61677,1.000152,0.000495
99,4070.62336,0.999629,0.000443
99,4070.63031,1.000245,0.000443
99,4070.63725,1.000739,0.000444
99,4070.6442,1.000119,0.000444
99,4070.65114,0.999586,0.000444
99,4070.65809,0.999891,0.000444
99,4070.66503,1.000471,0.000444
99,4070.67198,1.000087,0.000444
99,4070.67892,1.00002,0.000444
99,4070.68587,0.999951,0.000444
99,4070.69281,1.000302,0.000444
99,4070.69976,0.999765,0.000445
99,4070.7067,1.00008,0.000445
99,4070.71364,0.999966,0.000445
99,4070.72059,1.000229,0.000445
99,4070.72753,0.9994,0.000445
99,4070.73448,1.00028,0.000445
99,4070.74142,0.999099,0.000445
99,4070.74837,0.999944,0.000446
99,4070.75531,0.999205,0.000445
99,4070.76226,1.000267,0.000446
99,4070.7692,0.999932,0.000446
99,4070.77615,0.999791,0.000446
99,4070.78309,0.999735,0.000446
99,4070.79004,1.000291,0.000446
99,4070.79698,0.999842,0.000446
99,4070.80393,0.999384,0.000446
99,4070.81087,1.000399,0.000447
99,4070.81782,0.999909,0.000447
99,4070.82476,0.999665,0.000447
99,4070.83171,0.999441,0.000447
99,4070.83865,1.000511,0.000447
99,4070.84525,1.000386,0.0005
99,4070.85254,0.999656,0.000447
99,4070.85948,0.999588,0.000447
99,4070.86643,1.000362,0.000448
99,4070.87337,1.000177,0.000448
99,4070.88032,1.000292,0.000448
99,4070.88726,1.000097,0.000448
99,4070.89421,1.000471,0.000448
99,4070.90115,1.000562,0.000448
99,4070.9081,0.999459,0.000448
99,4070.91504,1.000282,0.000449
99,4070.92199,1.000292,0.000449
99,4070.92893,1.000735,0.000449
99,4070.93588,1.000528,0.000449
99,4070.94282,0.999796,0.000449
99,4070.94977,1.000017,0.00045
99,4070.95671,0.999189,0.00045
99,4070.96366,0.99978,0.00045
99,4070.9706,1.000187,0.00045
99,4070.97755,1.000318,0.00045
99,4070.98449,0.999949,0.000451
99,4070.99144,1.000101,0.000451
99,4070.99838,1.000716,0.000451
99,4071.00532,0.999787,0.000451
99,4071.01227,0.999446,0.000451
99,4071.01921,1.000098,0.000451
99,4071.02616,1.001073,0.000451
99,4071.0331,1.000109,0.000451
99,4071.04005,0.999527,0.000452
99,4071.04699,1.000192,0.000452
99,4071.05394,1.000844,0.000452
99,4071.06088,0.999847,0.000452
99,4071.06783,1.000176,0.000452
99,4071.07477,0.999986,0.000452
99,4071.08172,0.99918,0.000452
99,4071.08866,1.000104,0.000453
99,4071.09561,0.999919,0.000453
99,4071.10255,1.000885,0.000453
99,4071.1095,0.998913,0.000453
99,4071.11644,1.000154,0.000453
99,4071.12269,0.999975,0.000507
99,4071.13033,1.000536,0.000453
99,4071.13727,0.999583,0.000453
99,4071.14422,0.999532,0.000453
99,4071.15116,0.999401,0.000453
99,4071.15811,1.000168,0.000453
99,4071.16505,0.99951,0.000453
99,4071.172,0.999365,0.000453
99,4071.17894,0.999956,0.000453
99,4071.18589,1.000143,0.000454
99,4071.19283,1.000615,0.000454
99,4071.19978,0.999791,0.000454
99,4071.20672,1.000363,0.000454
99,4071.21367,0.999819,0.000454
99,4071.22061,1.000112,0.000454
99,4071.22756,0.999917,0.000454
99,4071.2345,1.000312,0.000454
99,4071.24145,0.999663,0.000454
99,4071.24839,1.000451,0.000455
99,4071.25534,1.00037,0.000455
99,4071.26228,1.000078,0.000455
99,4071.26923,0.999848,0.000455
99,4071.27617,1.000598,0.000455
99,4071.28311,1.000243,0.000455
99,4071.29006,0.999376,0.000455
99,4071.297,1.000206,0.000455
99,4071.30395,1.000159,0.000456
99,4071.31089,0.999579,0.000456
99,4071.31784,0.999286,0.000456
99,4071.32478,1.00127,0.000456
99,4071.33173,1.000562,0.000456
99,4071.33867,1.000366,0.000456
99,4071.34562,1.000756,0.000456
99,4071.35256,1.000197,0.000456
99,4071.35951,1.000378,0.000456
99,4071.36645,1.000175,0.000456
99,4071.3734,1.000241,0.000456
99,4071.38034,1.000656,0.000456
99,4071.38729,1.000525,0.000456
99,4071.39423,0.999183,0.000456
99,4071.40118,1.000549,0.000456
99,4071.40812,1.000019,0.000456
99,4071.41506,0.999664,0.000456
99,4071.42201,1.000451,0.000456
99,4071.42895,0.999551,0.000456
99,4071.4359,0.999685,0.000456
99,4071.44284,0.999945,0.000456
99,4071.44979,0.999283,0.000456
99,4071.45673,0.999092,0.000456
99,4071.46368,0.999753,0.000456
99,4071.47062,1.000561,0.000456
99,4071.47757,0.999571,0.000456
99,4071.48451,0.999507,0.000456
99,4071.49146,0.999277,0.000456
99,4071.4984,0.999534,0.000457
99,4071.50535,1.000409,0.000457
99,4071.51229,1.000336,0.000457
99,4071.51924,0.999943,0.000457
99,4071.52618,1.000442,0.000457
99,4071.53313,0.999647,0.000457
99,4071.54007,0.999951,0.000458
99,4071.54702,0.999322,0.000458
99,4071.55396,0.999868,0.000458
99,4071.5609,1.000338,0.000458
99,4071.56785,0.999427,0.000458
99,4071.57479,0.999558,0.000459
99,4071.58174,1.00024,0.000459
99,4071.58868,1.000313,0.000459
99,4071.59563,0.99931,0.000459
99,4071.60257,1.000577,0.00046
99,4071.60952,1.000948,0.00046
99,4071.61646,0.999303,0.00046
99,4071.62341,0.999896,0.000461
99,4071.63035,0.998953,0.000461
99,4071.6373,0.999522,0.000461
99,4071.64355,1.000804,0.000516
99,4071.6498,1.0001,0.000462
99,4071.65674,1.000057,0.000462
99,4071.66369,0.999925,0.000462
99,4071.67063,1.00029,0.000462
99,4071.67758,0.999851,0.000463
99,4071.68452,1.000328,0.000463
99,4071.69147,0.999955,0.000463
99,4071.69841,1.000541,0.000463
99,4071.70536,1.000098,0.000463
99,4071.7123,1.000248,0.000464
99,4071.71924,1.000048,0.000464
99,4071.72619,1.000772,0.000464
99,4071.73313,1.000821,0.000464
99,4071.74008,0.999629,0.000464
99,4071.74702,0.999925,0.000464
99,4071.75397,1.00036,0.000465
99,4071.76091,0.999946,0.000465
99,4071.76786,0.999983,0.000465
99,4071.7748,1.000201,0.000465
99,4071.78175,1.000209,0.000465
99,4071.78869,0.999905,0.000465
99,4071.79564,0.999298,0.000465
99,4071.80258,1.000312,0.000465
99,4071.80953,0.999974,0.000465
99,4071.81647,0.999346,0.000465
99,4071.82342,0.9997,0.000465
99,4071.83036,0.999244,0.000465
99,4071.83731,0.998979,0.000465
99,4071.84425,0.999837,0.000465
99,4071.8512,0.999644,0.000465
99,4071.85814,0.999573,0.000465
99,4071.86439,1.000302,0.00052
99,4071.87342,1.002193,0.000736
99,4071.87967,1.002524,0.000736
99,4071.88638,1.002182,0.000601
99,4071.89286,1.00185,0.000466
99,4071.89981,1.001267,0.000466
99,4071.90675,1.001296,0.000466
99,4071.9137,1.000658,0.000466
99,4071.92064,0.99973,0.000466
99,4071.92759,1.000704,0.000466
99,4071.93453,1.000321,0.000467
99,4071.94148,0.99919,0.000467
99,4071.94842,1.000174,0.000467
99,4071.95537,0.999746,0.000467
99,4071.96231,1.00068,0.000468
99,4071.96926,0.99927,0.000468
99,4071.9762,0.999692,0.000469
99,4071.98315,1.000907,0.000469
99,4071.99009,0.99981,0.000469
99,4071.99703,0.999559,0.000469
99,4072.00398,0.99986,0.00047
99,4072.01092,0.999795,0.00047
99,4072.01787,1.000326,0.00047
99,4072.02481,0.999982,0.00047
99,4072.03176,1.000565,0.000471
99,4072.0387,1.000129,0.000471
99,4072.04565,1.000461,0.000471
99,4072.05259,0.99966,0.000471
99,4072.05954,1.000294,0.000471
99,4072.06648,1.000172,0.000471
99,4072.07343,0.999333,0.000471
99,4072.08037,0.999617,0.000471
99,4072.08732,0.999742,0.000471
99,4072.09426,1.000574,0.000471
99,4072.10121,0.999214,0.000471
99,4072.10815,0.999841,0.000471
99,4072.1151,1.00012,0.000471
99,4072.12204,0.999535,0.000471
99,4072.12899,1.00033,0.000471
99,4072.13593,0.999712,0.000471
99,4072.14287,0.999895,0.00047
99,4072.14982,1.000181,0.00047
99,4072.15676,0.999489,0.00047
99,4072.16371,1.000101,0.00047
99,4072.17065,1.000016,0.00047
99,4072.1776,0.999609,0.00047
99,4072.18454,0.999773,0.000469
99,4072.19149,1.000017,0.000469
99,4072.19843,1.00094,0.000469
99,4072.20538,0.999704,0.000469
99,4072.21232,1.000648,0.00047
99,4072.21927,0.999654,0.00047
99,4072.22621,1.000262,0.00047
99,4072.23316,0.999666,0.00047
99,4072.2401,0.999993,0.00047
99,4072.24705,0.999712,0.000471
99,4072.25399,1.000975,0.000471
99,4072.26094,1.000138,0.000472
99,4072.26788,1.000363,0.000472
99,4072.27482,1.001459,0.000472
99,4072.28177,1.000247,0.000472
99,4072.28871,1.000666,0.000473
99,4072.29566,0.999832,0.000473
99,4072.3026,1.00116,0.000473
99,4072.30955,1.001344,0.000473
99,4072.31649,1.000609,0.000473
99,4072.32344,0.999752,0.000473
99,4072.33038,1.000997,0.000473
99,4072.33698,1.000514,0.000529
99,4072.34427,1.00108,0.000473
99,4072.35122,1.000009,0.000473
99,4072.35816,1.000384,0.000473
99,4072.36511,1.000298,0.000472
99,4072.37205,0.999765,0.000472
99,4072.379,1.000119,0.000471
99,4072.38594,1.000319,0.000471
99,4072.39289,1.000545,0.00047
99,4072.39983,1.000082,0.00047
99,4072.40678,1.000286,0.000469
99,4072.41372,1.000603,0.000469
99,4072.42066,1.000749,0.000468
99,4072.42761,1.000761,0.000468
99,4072.43455,0.999381,0.000468
99,4072.4415,1.000277,0.000467
99,4072.44844,0.999252,0.000467
99,4072.45539,0.99991,0.000467
99,4072.46233,1.000165,0.000467
99,4072.46928,1.000093,0.000467
99,4072.47622,0.99938,0.000467
99,4072.48317,0.999942,0.000467
99,4072.49011,0.999321,0.000467
99,4072.49706,0.999839,0.000467
99,4072.504,0.999451,0.000467
99,4072.51095,1.000511,0.000467
99,4072.51789,1.00057,0.000468
99,4072.52484,0.998957,0.000468
99,4072.53178,0.999151,0.000468
99,4072.53873,0.998844,0.000468
99,4072.54567,0.998507,0.000468
99,4072.55261,1.000529,0.000468
99,4072.55956,1.000432,0.000469
99,4072.5665,1.000036,0.000469
99,4072.57345,0.99857,0.000469
99,4072.58039,0.999921,0.000469
99,4072.58734,0.999919,0.000469
99,4072.59428,1.000615,0.00047
99,4072.60123,0.999801,0.00047
99,4072.60817,1.000074,0.00047
99,4072.61512,0.999396,0.000471
99,4072.62206,0.999625,0.000471
99,4072.62935,0.999101,0.000527
99,4072.63456,1.000057,0.00061
99,4072.6429,1.000098,0.000473
99,4072.64984,1.000334,0.000473
99,4072.65679,0.999774,0.000474
99,4072.66338,0.999094,0.000531
99,4072.67068,0.999749,0.000475
99,4072.67716,0.999198,0.000614
99,4072.68456,0.999866,0.000476
99,4072.69116,0.999437,0.000533
99,4072.69845,0.999915,0.000477
99,4072.7054,0.999298,0.000477
99,4072.71234,0.998794,0.000477
99,4072.71929,1.000612,0.000478
99,4072.72623,0.99922,0.000478
99,4072.73318,0.998583,0.000478
99,4072.74012,0.999679,0.000479
99,4072.74707,1.00143,0.000479
99,4072.75401,1.000224,0.000479
99,4072.76096,1.000831,0.00048
99,4072.7679,0.999782,0.000536
99,4072.77485,0.999672,0.000479
99,4072.78179,0.999974,0.000479
99,4072.78874,1.000546,0.00048
99,4072.79568,1.001191,0.000479
99,4072.80263,0.999773,0.000535
99,4072.80922,1.000035,0.000535
99,4072.81652,1.000305,0.000479
99,4072.82415,1.001365,0.000535
99,4072.8304,1.000023,0.000478
99,4072.83804,1.000797,0.000534
99,4072.84429,0.99951,0.000477
99,4072.85124,0.999323,0.000533
99,4072.85818,1.000145,0.000477
99,4072.86513,0.999823,0.000476
99,4072.87207,0.999414,0.000476
99,4072.87902,0.999756,0.000476
99,4072.88596,0.999952,0.000476
99,4072.89325,0.998984,0.000531
99,4072.89985,0.999149,0.000475
99,4072.90645,0.999277,0.000531
99,4072.91235,0.999441,0.000613
